avg_rating_genre,user_activity,avg_members_by_type,Action/Adventure,Fantasy/Supernatural,Comedy,Drama/Romance,Science Fiction,Psychological/Thriller,Other/Uncategorized,log_members,log_avg_members_genre,log_episodes,log_len_of_title,episode_density,log_episode_density,log_anime_count_by_type,log_avg_rating_by_type,type_Movie,type_Music,type_ONA,type_OVA,type_Special,type_TV
6.788310729601363,74.48559670781893,7640.563613231552,0,0,0,0,0,0,0,9.364776725280601,9.914078482087426,1.0986122886681098,2.9444389791664403,0.0001713942925700574,0.00017137960624638527,7.360739903058278,2.0186487050933315,False,False,False,False,True,False
6.237741819619238,70.58823529411765,6112.369742419302,0,0,0,0,0,0,0,6.947937068614969,9.122506680312782,1.0986122886681098,2.70805020110221,0.0019230769230769232,0.0019212301778938723,8.028781162487148,1.9991152142115904,False,False,False,True,False,False
6.744524531479761,84.21052631578947,6112.369742419302,0,0,0,0,0,0,0,8.261009786023827,10.225216783767557,1.0986122886681098,1.0986122886681098,0.0005169294391315585,0.0005167958771352018,8.028781162487148,1.9991152142115904,False,False,False,True,False,False
6.548792989998894,0.0,6112.369742419302,0,0,0,0,0,0,0,3.6375861597263857,9.223228522439266,0.6931471805599453,2.9444389791664403,0.02702702702702703,0.026668247082161273,8.028781162487148,1.9991152142115904,False,False,False,True,False,False
6.624551706647431,85.71428571428571,10412.863802559415,0,0,0,0,0,0,0,5.8998973535824915,9.714919592288245,0.6931471805599453,2.995732273553991,0.0027472527472527475,0.002743485945750834,7.691200097522863,1.9906184714459416,True,False,False,False,False,False
6.729026514431993,76.17328519855594,6112.369742419302,0,0,0,0,0,0,0,8.814924599721019,10.01305370445239,1.9459101490553132,3.091042453358316,0.0008911332244170504,0.0008907364009360924,8.028781162487148,1.9991152142115904,False,False,False,True,False,False
6.58558055977916,50.0,10412.863802559415,0,0,0,0,0,0,0,4.68213122712422,9.56895283095515,0.6931471805599453,3.7376696182833684,0.009345794392523364,0.00930239266231341,7.691200097522863,1.9906184714459416,True,False,False,False,False,False
6.548792989998894,0.0,6112.369742419302,0,0,0,0,0,0,0,3.713572066704308,9.223228522439266,0.6931471805599453,3.332204510175204,0.025,0.024692612590371414,8.028781162487148,1.9991152142115904,False,False,False,True,False,False
6.9160083847587,67.32283464566929,6112.369742419302,0,0,0,0,0,0,0,9.307104040408491,10.258307605633988,0.6931471805599453,3.2188758248682006,9.078529278256922e-05,9.078117204720933e-05,8.028781162487148,1.9991152142115904,False,False,False,True,False,False
6.490336269696487,66.66666666666666,6112.369742419302,0,0,0,0,0,0,0,5.730099782973574,8.81811505604364,1.0986122886681098,3.912023005428146,0.006514657980456026,0.0064935293105483115,8.028781162487148,1.9991152142115904,False,False,False,True,False,False
6.6934802647434,85.85858585858585,41763.20315581854,0,0,0,0,0,0,0,9.13227071655426,9.704945179459122,2.5649493574615367,4.060443010546419,0.0012975778546712802,0.0012967367280664074,8.174702882469461,2.0644946046636603,False,False,False,False,False,True
6.830019888854456,78.18627450980392,6112.369742419302,0,0,0,0,0,0,0,9.02304647355567,10.535699056276355,1.3862943611198906,2.9444389791664403,0.00036183813773971776,0.00036177269010790713,8.028781162487148,1.9991152142115904,False,False,False,True,False,False
6.80877291919659,57.14285714285714,10412.863802559415,0,0,0,0,0,0,0,5.968707559985366,10.291715260784832,0.6931471805599453,3.044522437723423,0.002564102564102564,0.0025608208616736505,7.691200097522863,1.9906184714459416,True,False,False,False,False,False
6.87869123882592,72.75242047026279,10412.863802559415,0,0,0,0,0,0,0,9.426982836948033,10.102764232722187,0.6931471805599453,3.9512437185814275,8.052826542116283e-05,8.052502319455823e-05,7.691200097522863,1.9906184714459416,True,False,False,False,False,False
6.662948251583755,75.0,7640.563613231552,0,0,0,0,0,0,0,7.986164860332727,10.093243666143405,1.0986122886681098,3.6375861597263857,0.0006805035726437564,0.000680272135077738,7.360739903058278,2.0186487050933315,False,False,False,False,True,False
6.195191110040243,0.0,6112.369742419302,0,0,0,0,0,0,0,5.308267697401205,7.8686083776014435,1.0986122886681098,3.258096538021482,0.009950248756218905,0.009901070982711537,8.028781162487148,1.9991152142115904,False,False,False,True,False,False
6.5004185244497705,57.446808510638306,7640.563613231552,0,0,0,0,0,0,0,8.8023721336499,9.91128039696677,3.258096538021482,2.9444389791664403,0.003759963904346518,0.0037529129088642588,7.360739903058278,2.0186487050933315,False,False,False,False,True,False
6.26522859704693,0.0,41763.20315581854,0,0,0,0,0,0,0,4.276666119016055,8.33775665141873,1.9459101490553132,3.8501476017100584,0.08450704225352113,0.08112554481236832,8.174702882469461,2.0644946046636603,False,False,False,False,False,True
6.698349863309581,77.87610619469027,7640.563613231552,0,0,0,0,0,0,0,7.980707820869669,9.975061436184497,0.6931471805599453,2.302585092994046,0.00034211426616489907,0.00034205575842310184,7.360739903058278,2.0186487050933315,False,False,False,False,True,False
5.879225467208256,74.46808510638297,1266.400447427293,0,0,0,0,0,0,0,8.800113946766308,8.024343613012375,0.6931471805599453,3.784189633918261,0.00015073861923424781,0.0001507272593102216,6.104793232414985,1.8852953146630171,False,True,False,False,False,False
6.640698109965129,0.0,41763.20315581854,0,0,0,0,0,0,0,5.0238805208462765,10.314177554377048,3.6635616461296463,3.4657359027997265,0.25165562913907286,0.224467178244718,8.174702882469461,2.0644946046636603,False,False,False,False,False,True
6.195191110040243,37.5,6112.369742419302,0,0,0,0,0,0,0,5.720311776607412,7.8686083776014435,0.6931471805599453,2.3978952727983707,0.003289473684210526,0.0032840752011900187,8.028781162487148,1.9991152142115904,False,False,False,True,False,False
6.22747829422649,100.0,4092.5737704918033,0,0,0,0,0,0,0,5.3706380281276624,8.715280860702519,0.6931471805599453,1.9459101490553132,0.004672897196261682,0.004662013105811371,6.415096959171596,1.8969222823803258,False,False,True,False,False,False
6.809281649391791,50.0,41763.20315581854,0,0,0,0,0,0,0,6.052089168924417,10.332892429531798,4.477336814478207,3.091042453358316,0.20518867924528303,0.1866361349717467,8.174702882469461,2.0644946046636603,False,False,False,False,False,True
6.7842301997157435,0.0,10412.863802559415,0,0,0,0,0,0,0,3.6375861597263857,10.055566237327685,0.6931471805599453,3.1780538303479458,0.02702702702702703,0.026668247082161273,7.691200097522863,1.9906184714459416,True,False,False,False,False,False
5.60043986026233,100.0,10412.863802559415,0,0,0,0,0,0,0,4.31748811353631,6.344274272082252,0.6931471805599453,3.1780538303479458,0.013513513513513514,0.01342302033214077,7.691200097522863,1.9906184714459416,True,False,False,False,False,False
6.914189728525724,74.73363774733637,7640.563613231552,0,0,0,0,0,0,0,10.684508238346313,10.238096336442686,0.6931471805599453,4.477336814478207,2.289744235568887e-05,2.2897180213297696e-05,7.360739903058278,2.0186487050933315,False,False,False,False,True,False
6.817377299046317,77.23214285714286,41763.20315581854,0,0,0,0,0,0,0,9.089640586738398,10.43228327261178,3.295836866004329,3.1780538303479458,0.002933874971789664,0.0029295795600312205,8.174702882469461,2.0644946046636603,False,False,False,False,False,True
6.5004185244497705,0.0,10412.863802559415,0,0,0,0,0,0,0,5.081404364984463,9.91128039696677,0.6931471805599453,2.4849066497880004,0.00625,0.006230549750636163,7.691200097522863,1.9906184714459416,True,False,False,False,False,False
6.195191110040243,70.0,6112.369742419302,0,0,0,0,0,0,0,7.891330757661889,7.8686083776014435,1.0986122886681098,3.8066624897703196,0.0007482229704451926,0.0007479431911879181,8.028781162487148,1.9991152142115904,False,False,False,True,False,False
6.5004185244497705,0.0,41763.20315581854,0,0,0,0,0,0,0,5.247024072160486,9.91128039696677,3.1354942159291497,2.9444389791664403,0.1164021164021164,0.11011111841642401,8.174702882469461,2.0644946046636603,False,False,False,False,False,True
6.510263751421897,77.23684210526316,41763.20315581854,0,0,0,0,0,0,0,11.01844879902557,9.93043086016947,3.258096538021482,2.5649493574615367,0.00040991670492555914,0.00040983271202575075,8.174702882469461,2.0644946046636603,False,False,False,False,False,True
6.903140376493692,79.89778534923339,10412.863802559415,0,0,0,0,0,0,0,9.601030194502194,9.973846857942952,0.6931471805599453,3.5263605246161616,6.766357669666418e-05,6.766128762019329e-05,7.691200097522863,1.9906184714459416,True,False,False,False,False,False
6.6819426705842195,0.0,41763.20315581854,0,0,0,0,0,0,0,5.14166355650266,9.837538159759628,4.356708826689592,3.1354942159291497,0.45294117647058824,0.3735898995777154,8.174702882469461,2.0644946046636603,False,False,False,False,False,True
6.821981200903762,86.43393725143615,41763.20315581854,0,0,0,0,0,0,0,11.897480132383482,10.283027299270545,3.2188758248682006,2.302585092994046,0.00016338200755641784,0.00016336866216977065,8.174702882469461,2.0644946046636603,False,False,False,False,False,True
6.683116002174912,75.0,41763.20315581854,0,0,0,0,0,0,0,8.643120748014027,10.1490267362171,2.5649493574615367,3.091042453358316,0.0021164021164021165,0.0021141656923355564,8.174702882469461,2.0644946046636603,False,False,False,False,False,True
6.703006296580537,60.78431372549019,6112.369742419302,0,0,0,0,0,0,0,7.414572881350589,10.172048866669856,1.3862943611198906,2.995732273553991,0.0018083182640144665,0.0018066852249490513,8.028781162487148,1.9991152142115904,False,False,False,True,False,False
6.604842707205482,79.71014492753623,7640.563613231552,0,0,0,0,0,0,0,7.272398392570047,9.94521695986674,0.6931471805599453,2.833213344056216,0.0006949270326615705,0.0006946856826784135,7.360739903058278,2.0186487050933315,False,False,False,False,True,False
6.555621413678604,0.0,10412.863802559415,0,0,0,0,0,0,0,4.882801922586371,9.490725716753616,0.6931471805599453,2.995732273553991,0.007633587786259542,0.0076045993852192125,7.691200097522863,1.9906184714459416,True,False,False,False,False,False
6.195191110040243,69.38775510204081,6112.369742419302,0,0,0,0,0,0,0,7.134890851565884,7.8686083776014435,1.0986122886681098,3.1354942159291497,0.001594896331738437,0.001593625835278026,8.028781162487148,1.9991152142115904,False,False,False,True,False,False
6.604842707205482,0.0,41763.20315581854,0,0,0,0,0,0,0,4.969813299576001,9.94521695986674,3.295836866004329,3.8501476017100584,0.18181818181818182,0.16705408466316624,8.174702882469461,2.0644946046636603,False,False,False,False,False,True
6.907144180005776,83.51839000693963,41763.20315581854,0,0,0,0,0,0,0,11.936963686662335,10.331065238200525,3.258096538021482,2.8903717578961645,0.00016360078790139454,0.00016358740675186478,8.174702882469461,2.0644946046636603,False,False,False,False,False,True
6.904400748459212,83.21108394458028,41763.20315581854,0,0,0,0,0,0,0,12.097055452368803,10.321174430583802,3.258096538021482,3.1780538303479458,0.00013939846773204268,0.0001393887526684624,8.174702882469461,2.0644946046636603,False,False,False,False,False,True
6.5264888547538815,0.0,7640.563613231552,0,0,0,0,0,0,0,4.356708826689592,9.75745455496221,1.3862943611198906,3.1354942159291497,0.03896103896103896,0.03822121282019767,7.360739903058278,2.0186487050933315,False,False,False,False,True,False
6.735691132363756,67.64705882352942,6112.369742419302,0,0,0,0,0,0,0,6.53813982376767,10.477972889916076,0.6931471805599453,2.70805020110221,0.0014492753623188406,0.001448226176364748,8.028781162487148,1.9991152142115904,False,False,False,True,False,False
5.558589488847307,0.0,6112.369742419302,0,0,0,0,0,0,0,4.007333185232471,5.858417164315927,0.6931471805599453,3.4339872044851463,0.018518518518518517,0.018349138668196617,8.028781162487148,1.9991152142115904,False,False,False,True,False,False
6.7108808707015255,77.77777777777779,10412.863802559415,0,0,0,0,0,0,0,5.720311776607412,9.975240141996258,0.6931471805599453,3.4339872044851463,0.003289473684210526,0.0032840752011900187,7.691200097522863,1.9906184714459416,True,False,False,False,False,False
6.7922584990548955,80.65268065268066,6112.369742419302,0,0,0,0,0,0,0,9.665547571979161,10.687016079005732,1.0986122886681098,3.4965075614664802,0.0001268713524486171,0.00012686330495933037,8.028781162487148,1.9991152142115904,False,False,False,True,False,False
6.780364255718127,0.0,6112.369742419302,0,0,0,0,0,0,0,5.365976015021851,10.213935953077263,1.0986122886681098,3.6109179126442243,0.009389671361502348,0.009345862418237599,8.028781162487148,1.9991152142115904,False,False,False,True,False,False
6.548792989998894,0.0,6112.369742419302,0,0,0,0,0,0,0,4.02535169073515,9.223228522439266,0.6931471805599453,2.995732273553991,0.01818181818181818,0.018018505502678212,8.028781162487148,1.9991152142115904,False,False,False,True,False,False
6.510263751421897,78.76447876447877,7640.563613231552,0,0,0,0,0,0,0,9.866719828343914,9.93043086016947,0.6931471805599453,3.367295829986474,5.187529179851637e-05,5.187394632220135e-05,7.360739903058278,2.0186487050933315,False,False,False,False,True,False
6.464641336937508,0.0,6112.369742419302,0,0,0,0,0,0,0,3.871201010907891,9.053611460451888,0.6931471805599453,3.5553480614894135,0.02127659574468085,0.021053409197832263,8.028781162487148,1.9991152142115904,False,False,False,True,False,False
6.604842707205482,76.68231611893583,41763.20315581854,0,0,0,0,0,0,0,9.775767810933758,9.94521695986674,3.2188758248682006,2.5649493574615367,0.0013635588886995057,0.001362630086499863,8.174702882469461,2.0644946046636603,False,False,False,False,False,True
6.829036948424544,84.33734939759037,10412.863802559415,0,0,0,0,0,0,0,9.371268036082466,9.778151955140352,0.6931471805599453,2.772588722239781,8.514261387824607e-05,8.513898945153134e-05,7.691200097522863,1.9906184714459416,True,False,False,False,False,False
6.677693639525605,87.5,6112.369742419302,0,0,0,0,0,0,0,5.66988092298052,9.328032216867232,0.6931471805599453,3.2188758248682006,0.0034602076124567475,0.0034542348680876036,8.028781162487148,1.9991152142115904,False,False,False,True,False,False
6.8182528559243245,72.8862973760933,6112.369742419302,0,0,0,0,0,0,0,9.64296658814672,10.251555716390616,0.6931471805599453,3.044522437723423,6.488450558006747e-05,6.488240067169406e-05,8.028781162487148,1.9991152142115904,False,False,False,True,False,False
6.93905064652767,77.96610169491525,6112.369742419302,0,0,0,0,0,0,0,9.623442907213558,10.616553325655277,0.6931471805599453,2.3978952727983707,6.616382162233691e-05,6.616163289328596e-05,8.028781162487148,1.9991152142115904,False,False,False,True,False,False
6.827850625188941,85.43689320388349,10412.863802559415,0,0,0,0,0,0,0,8.190908881182514,9.960021534452826,0.6931471805599453,3.367295829986474,0.0002772387025228722,0.00027720027897535233,7.691200097522863,1.9906184714459416,True,False,False,False,False,False
6.815635129003481,82.90043290043289,6112.369742419302,0,0,0,0,0,0,0,10.026147565272016,9.999524160892188,1.9459101490553132,3.7612001156935624,0.0002653810429474988,0.0002653458356273868,8.028781162487148,1.9991152142115904,False,False,False,True,False,False
6.195191110040243,25.0,6112.369742419302,0,0,0,0,0,0,0,6.175867270105761,7.8686083776014435,1.0986122886681098,2.833213344056216,0.004166666666666667,0.004158010148663677,8.028781162487148,1.9991152142115904,False,False,False,True,False,False
6.192033733782523,66.66666666666666,7640.563613231552,0,0,0,0,0,0,0,5.942799375126701,9.566331310956217,1.3862943611198906,3.1780538303479458,0.007894736842105263,0.007863736460214451,7.360739903058278,2.0186487050933315,False,False,False,False,True,False
6.891816304527772,79.34347477982386,41763.20315581854,0,0,0,0,0,0,0,10.128389556865201,10.488023255417007,2.6390573296152584,3.2188758248682006,0.0005191071357265503,0.0005189724462274385,8.174702882469461,2.0644946046636603,False,False,False,False,False,True
6.728603824708156,71.91358024691358,7640.563613231552,0,0,0,0,0,0,0,9.345570321236286,10.236184560116717,1.3862943611198906,2.4849066497880004,0.0002620774001921901,0.00026204306390943894,7.360739903058278,2.0186487050933315,False,False,False,False,True,False
6.602205255211668,69.23076923076923,6112.369742419302,0,0,0,0,0,0,0,6.666956792429207,10.266174232963616,1.791759469228055,2.5649493574615367,0.006369426751592357,0.0063492276786587445,8.028781162487148,1.9991152142115904,False,False,False,True,False,False
6.5262666432363226,75.0,6112.369742419302,0,0,0,0,0,0,0,6.54965074223381,10.040954349321755,1.6094379124341003,2.302585092994046,0.0057306590257879654,0.005714301263438635,8.028781162487148,1.9991152142115904,False,False,False,True,False,False
7.025210187186107,75.0,7640.563613231552,0,0,0,0,0,0,0,6.434546518787453,10.958649359769531,0.6931471805599453,2.9444389791664403,0.001607717041800643,0.0016064260482737947,7.360739903058278,2.0186487050933315,False,False,False,False,True,False
6.045175999634896,0.0,41763.20315581854,0,0,0,0,0,0,0,5.111987788356544,7.952065901555757,3.970291913552122,3.044522437723423,0.3151515151515151,0.27395187963987894,8.174702882469461,2.0644946046636603,False,False,False,False,False,True
6.841160948174395,68.35443037974683,7640.563613231552,0,0,0,0,0,0,0,7.322510433997394,10.017600168889373,0.6931471805599453,3.5263605246161616,0.0006609385327164573,0.0006607202090382471,7.360739903058278,2.0186487050933315,False,False,False,False,True,False
6.5004185244497705,64.34782608695652,7640.563613231552,0,0,0,0,0,0,0,8.550241045462437,9.91128039696677,2.0794415416798357,3.258096538021482,0.0013547513063673312,0.0013538344587899177,7.360739903058278,2.0186487050933315,False,False,False,False,True,False
6.752542161239349,80.46242774566474,6112.369742419302,0,0,0,0,0,0,0,10.372678351524836,10.418120676184797,1.0986122886681098,3.044522437723423,6.255277890720296e-05,6.255082256360721e-05,8.028781162487148,1.9991152142115904,False,False,False,True,False,False
6.589899276583323,73.92265193370166,7640.563613231552,0,0,0,0,0,0,0,9.886849911383104,10.384374562400534,0.6931471805599453,3.58351893845611,5.0841425593573645e-05,5.084013321205452e-05,7.360739903058278,2.0186487050933315,False,False,False,False,True,False
7.0051398861146525,83.34862385321101,10412.863802559415,0,0,0,0,0,0,0,11.04236167886593,10.532869131878108,0.6931471805599453,2.0794415416798357,1.600922131147541e-05,1.600909316529235e-05,7.691200097522863,1.9906184714459416,True,False,False,False,False,False
6.900464730786089,0.0,7640.563613231552,0,0,0,0,0,0,0,4.248495242049359,10.288253234287566,0.6931471805599453,2.995732273553991,0.014492753623188406,0.01438873745209967,7.360739903058278,2.0186487050933315,False,False,False,False,True,False
6.548792989998894,0.0,6112.369742419302,0,0,0,0,0,0,0,3.9889840465642745,9.223228522439266,0.6931471805599453,3.4657359027997265,0.018867924528301886,0.018692133012152546,8.028781162487148,1.9991152142115904,False,False,False,True,False,False
6.513833199933685,72.41379310344827,41763.20315581854,0,0,0,0,0,0,0,7.5740450053721995,9.14594022971754,3.9512437185814275,2.302585092994046,0.026207605344295993,0.025870070669864745,8.174702882469461,2.0644946046636603,False,False,False,False,False,True
5.60043986026233,60.0,10412.863802559415,0,0,0,0,0,0,0,5.66988092298052,6.344274272082252,0.6931471805599453,2.302585092994046,0.0034602076124567475,0.0034542348680876036,7.691200097522863,1.9906184714459416,True,False,False,False,False,False
6.604842707205482,80.0,6112.369742419302,0,0,0,0,0,0,0,6.580639137284949,9.94521695986674,1.9459101490553132,3.6375861597263857,0.008333333333333333,0.008298802814695064,8.028781162487148,1.9991152142115904,False,False,False,True,False,False
6.915455099061244,76.31578947368422,10412.863802559415,0,0,0,0,0,0,0,8.197263371414335,10.403532842692423,0.6931471805599453,3.871201010907891,0.0002754820936639118,0.00027544415543931324,7.691200097522863,1.9906184714459416,True,False,False,False,False,False
6.971057475358263,64.86486486486487,41763.20315581854,0,0,0,0,0,0,0,7.53955882930103,10.356587115052747,2.6390573296152584,3.1780538303479458,0.006914893617021276,0.0068910953853280376,8.174702882469461,2.0644946046636603,False,False,False,False,False,True
6.991318746851372,84.95575221238938,10412.863802559415,0,0,0,0,0,0,0,7.709756864454165,10.841725769230989,0.6931471805599453,3.7376696182833684,0.00044863167339614175,0.00044853106829548294,7.691200097522863,1.9906184714459416,True,False,False,False,False,False
6.799447922681467,83.33333333333334,10412.863802559415,0,0,0,0,0,0,0,10.46478763553565,10.401419368506971,0.6931471805599453,3.970291913552122,2.8524159963489076e-05,2.8523753157457195e-05,7.691200097522863,1.9906184714459416,True,False,False,False,False,False
6.600169481894902,75.4054054054054,1266.400447427293,0,0,0,0,0,0,0,8.9939241414114,10.138384407426036,0.6931471805599453,2.995732273553991,0.00012417732522041475,0.00012416961585468315,6.104793232414985,1.8852953146630171,False,True,False,False,False,False
6.896685115474326,0.0,41763.20315581854,0,0,0,0,0,0,0,10.514013704407736,10.831133076718302,2.5649493574615367,2.4849066497880004,0.00032584788334645776,0.0003257948064546943,8.174702882469461,2.0644946046636603,False,False,False,False,False,True
6.195191110040243,66.20689655172414,6112.369742419302,0,0,0,0,0,0,0,8.246433786160365,7.8686083776014435,1.0986122886681098,2.1972245773362196,0.0005245213742460005,0.000524383860993606,8.028781162487148,1.9991152142115904,False,False,False,True,False,False
6.195191110040243,66.66666666666666,6112.369742419302,0,0,0,0,0,0,0,6.543911845564792,7.8686083776014435,1.3862943611198906,3.4965075614664802,0.004322766570605188,0.0043134502537193475,8.028781162487148,1.9991152142115904,False,False,False,True,False,False
5.879225467208256,85.41666666666666,1266.400447427293,0,0,0,0,0,0,0,6.655440350367647,8.024343613012375,0.6931471805599453,2.70805020110221,0.001288659793814433,0.0012878301844286859,6.104793232414985,1.8852953146630171,False,True,False,False,False,False
6.195191110040243,68.90243902439023,6112.369742419302,0,0,0,0,0,0,0,8.533656917446903,7.8686083776014435,1.0986122886681098,2.772588722239781,0.0003935458480913026,0.000393468429235231,8.028781162487148,1.9991152142115904,False,False,False,True,False,False
5.879225467208256,100.0,1266.400447427293,0,0,0,0,0,0,0,4.07753744390572,8.024343613012375,0.6931471805599453,3.912023005428146,0.017241379310344827,0.01709443335930004,6.104793232414985,1.8852953146630171,False,True,False,False,False,False
6.490336269696487,50.0,10412.863802559415,0,0,0,0,0,0,0,6.255750041753367,8.81811505604364,0.6931471805599453,3.2188758248682006,0.0019230769230769232,0.0019212301778938723,7.691200097522863,1.9906184714459416,True,False,False,False,False,False
6.5264781364721145,65.625,41763.20315581854,0,0,0,0,0,0,0,6.380122536899765,9.749668000859836,3.8066624897703196,3.7376696182833684,0.07470288624787776,0.07204423849258952,8.174702882469461,2.0644946046636603,False,False,False,False,False,True
6.56187974819794,77.3851590106007,41763.20315581854,0,0,0,0,0,0,0,9.163353580751846,9.57868430625752,2.6390573296152584,3.4339872044851463,0.0013626834381551363,0.001361755827676066,8.174702882469461,2.0644946046636603,False,False,False,False,False,True
6.693995382256044,81.31868131868131,7640.563613231552,0,0,0,0,0,0,0,8.691314551644853,10.119584371094923,0.6931471805599453,3.4339872044851463,0.0001680672268907563,0.00016805310517653226,7.360739903058278,2.0186487050933315,False,False,False,False,True,False
6.726881389735055,0.0,6112.369742419302,0,0,0,0,0,0,0,4.189654742026425,9.920300326844044,0.6931471805599453,3.295836866004329,0.015384615384615385,0.01526747213078838,8.028781162487148,1.9991152142115904,False,False,False,True,False,False
6.48976219033308,69.49152542372882,7640.563613231552,0,0,0,0,0,0,0,8.03398273468322,9.485106768895054,1.6094379124341003,3.828641396489095,0.0012974375608173856,0.0012965966160090145,7.360739903058278,2.0186487050933315,False,False,False,False,True,False
6.952284532351359,64.04494382022472,6112.369742419302,0,0,0,0,0,0,0,8.433159195806228,10.243275224497767,0.6931471805599453,3.828641396489095,0.0002175805047867711,0.00021755683758173952,8.028781162487148,1.9991152142115904,False,False,False,True,False,False
6.751585809121671,66.66666666666666,7640.563613231552,0,0,0,0,0,0,0,4.927253685157205,9.88965981250502,1.0986122886681098,3.4657359027997265,0.014598540145985401,0.014493007302566824,7.360739903058278,2.0186487050933315,False,False,False,False,True,False
5.7918085106382975,0.0,10412.863802559415,0,0,0,0,0,0,0,4.2626798770413155,7.751630876729169,0.6931471805599453,3.5553480614894135,0.014285714285714285,0.014184634991956381,7.691200097522863,1.9906184714459416,True,False,False,False,False,False
6.662210655278485,33.33333333333333,10412.863802559415,0,0,0,0,0,0,0,5.648974238161206,10.107421031942684,0.6931471805599453,3.2188758248682006,0.0035335689045936395,0.0035273405179684406,7.691200097522863,1.9906184714459416,True,False,False,False,False,False
6.713574543648345,0.0,7640.563613231552,0,0,0,0,0,0,0,8.226038429485484,10.745438624546255,1.9459101490553132,3.258096538021482,0.0016059957173447537,0.0016047074853015866,7.360739903058278,2.0186487050933315,False,False,False,False,True,False
6.22747829422649,87.5,4092.5737704918033,0,0,0,0,0,0,0,5.902633333401366,8.715280860702519,0.6931471805599453,4.110873864173311,0.0027397260273972603,0.0027359798188748455,6.415096959171596,1.8969222823803258,False,False,True,False,False,False
6.756379223895332,70.93023255813954,10412.863802559415,0,0,0,0,0,0,0,7.796057974316123,10.120073395422493,0.6931471805599453,3.9512437185814275,0.00041152263374485596,0.0004114379815292508,7.691200097522863,1.9906184714459416,True,False,False,False,False,False
6.541468868858304,74.17308563661078,6112.369742419302,0,0,0,0,0,0,0,10.959679347542483,10.593575590573387,0.6931471805599453,3.4011973816621555,1.7389187403272644e-05,1.7389036213182822e-05,8.028781162487148,1.9991152142115904,False,False,False,True,False,False
6.5264888547538815,33.33333333333333,10412.863802559415,0,0,0,0,0,0,0,4.553876891600541,9.75745455496221,0.6931471805599453,3.295836866004329,0.010638297872340425,0.010582109330537008,7.691200097522863,1.9906184714459416,True,False,False,False,False,False
6.699663961399586,83.23057953144266,41763.20315581854,0,0,0,0,0,0,0,10.122221395361638,10.499972616669565,2.6390573296152584,3.1354942159291497,0.0005223190967897465,0.0005221827356509744,8.174702882469461,2.0644946046636603,False,False,False,False,False,True
6.838324248387183,84.5626975763962,41763.20315581854,0,0,0,0,0,0,0,12.041899407241397,10.341702695738249,2.5649493574615367,3.044522437723423,7.070552327979354e-05,7.070302376212058e-05,8.174702882469461,2.0644946046636603,False,False,False,False,False,True
5.879225467208256,100.0,1266.400447427293,0,0,0,0,0,0,0,4.700480365792417,8.024343613012375,0.6931471805599453,2.3978952727983707,0.009174311926605505,0.009132483563272474,6.104793232414985,1.8852953146630171,False,True,False,False,False,False
6.891177866809663,83.98681207202637,41763.20315581854,0,0,0,0,0,0,0,13.277354846526327,10.561342722751471,3.258096538021482,2.70805020110221,4.282119752048138e-05,4.282028071921987e-05,8.174702882469461,2.0644946046636603,False,False,False,False,False,True
6.885625457752329,83.82899628252788,41763.20315581854,0,0,0,0,0,0,0,11.141165889327235,10.465425245378393,2.302585092994046,1.3862943611198906,0.0001305274760337051,0.00013051895806391532,8.174702882469461,2.0644946046636603,False,False,False,False,False,True
6.651400643424755,0.0,10412.863802559415,0,0,0,0,0,0,0,5.332718793265369,10.091938442844839,0.6931471805599453,3.912023005428146,0.0048543689320388345,0.004842624475787991,7.691200097522863,1.9906184714459416,True,False,False,False,False,False
6.230078157949449,0.0,10412.863802559415,0,0,0,0,0,0,0,4.77912349311153,10.121201552091403,0.6931471805599453,3.7612001156935624,0.00847457627118644,0.008438868645864604,7.691200097522863,1.9906184714459416,True,False,False,False,False,False
6.896685115474326,81.39004149377594,41763.20315581854,0,0,0,0,0,0,0,11.703595410126354,10.831133076718302,2.5649493574615367,3.258096538021482,9.916945580761126e-05,9.916453884226935e-05,8.174702882469461,2.0644946046636603,False,False,False,False,False,True
6.7558403505266265,77.32426303854876,6112.369742419302,0,0,0,0,0,0,0,9.633645398212678,10.180913678684755,1.0986122886681098,2.8903717578961645,0.00013098434737048923,0.00013097576966985985,8.028781162487148,1.9991152142115904,False,False,False,True,False,False
6.617297955430384,73.74005305039788,7640.563613231552,0,0,0,0,0,0,0,10.89129862581914,10.232990981747701,0.6931471805599453,3.044522437723423,1.8619893494209212e-05,1.8619720146099985e-05,7.360739903058278,2.0186487050933315,False,False,False,False,True,False
6.700879135513685,79.47214076246334,1266.400447427293,0,0,0,0,0,0,0,8.802522498284421,10.007500075515823,1.6094379124341003,2.6390573296152584,0.0006015037593984962,0.0006013229285222075,6.104793232414985,1.8852953146630171,False,True,False,False,False,False
6.817531173385809,79.41176470588235,7640.563613231552,0,0,0,0,0,0,0,7.920446505142607,10.447580971721933,0.6931471805599453,3.5263605246161616,0.0003633720930232558,0.00036330608937295146,7.360739903058278,2.0186487050933315,False,False,False,False,True,False
6.638243832197137,0.0,41763.20315581854,0,0,0,0,0,0,0,4.709530201312334,10.118310337677755,4.290459441148391,2.772588722239781,0.6545454545454545,0.5035263212843791,8.174702882469461,2.0644946046636603,False,False,False,False,False,True
6.195191110040243,73.17073170731707,6112.369742419302,0,0,0,0,0,0,0,8.106816038947052,7.8686083776014435,1.6094379124341003,3.58351893845611,0.0012062726176115801,0.0012055456553486893,8.028781162487148,1.9991152142115904,False,False,False,True,False,False
6.821165935114889,69.6078431372549,10412.863802559415,0,0,0,0,0,0,0,7.952615111651,10.264410740747657,0.6931471805599453,4.3694478524670215,0.0003518648838845883,0.00035180299395374837,7.691200097522863,1.9906184714459416,True,False,False,False,False,False
6.954841079766507,85.51919393787992,41763.20315581854,0,0,0,0,0,0,0,12.792455547840676,11.042270683409228,3.295836866004329,3.258096538021482,7.232387744997134e-05,7.232126220451332e-05,8.174702882469461,2.0644946046636603,False,False,False,False,False,True
6.721357126733849,82.96703296703298,6112.369742419302,0,0,0,0,0,0,0,8.253748343328501,10.18364621482724,0.6931471805599453,3.6888794541139363,0.0002603488674824265,0.0002603149825971188,8.028781162487148,1.9991152142115904,False,False,False,True,False,False
6.548792989998894,0.0,6112.369742419302,0,0,0,0,0,0,0,3.828641396489095,9.223228522439266,0.6931471805599453,2.70805020110221,0.022222222222222223,0.021978906718775167,8.028781162487148,1.9991152142115904,False,False,False,True,False,False
6.836389593533809,82.50203307129304,41763.20315581854,0,0,0,0,0,0,0,12.166395828377276,10.700608520237367,2.6390573296152584,2.4849066497880004,6.763119150552234e-05,6.762890461962316e-05,8.174702882469461,2.0644946046636603,False,False,False,False,False,True
6.857628367942673,78.63247863247864,41763.20315581854,0,0,0,0,0,0,0,9.137124309644923,10.10315166167071,3.295836866004329,2.6390573296152584,0.0027978047993113095,0.0027938982283162174,8.174702882469461,2.0644946046636603,False,False,False,False,False,True
6.490336269696487,0.0,6112.369742419302,0,0,0,0,0,0,0,4.2626798770413155,8.81811505604364,0.6931471805599453,2.4849066497880004,0.014285714285714285,0.014184634991956381,8.028781162487148,1.9991152142115904,False,False,False,True,False,False
6.755039400968009,76.60550458715596,41763.20315581854,0,0,0,0,0,0,0,9.381600981410713,10.247191551804496,2.5649493574615367,2.302585092994046,0.0010112075503497092,0.0010106966244005026,8.174702882469461,2.0644946046636603,False,False,False,False,False,True
6.756227895933027,0.0,6112.369742419302,0,0,0,0,0,0,0,5.54907608489522,10.349408405040002,1.3862943611198906,3.5553480614894135,0.01171875,0.011650617219975274,8.028781162487148,1.9991152142115904,False,False,False,True,False,False
6.604842707205482,66.66666666666666,4092.5737704918033,0,0,0,0,0,0,0,6.0473721790462776,9.94521695986674,2.4849066497880004,3.367295829986474,0.026066350710900472,0.025732413966478032,6.415096959171596,1.8969222823803258,False,False,True,False,False,False
6.877545578079942,0.0,7640.563613231552,0,0,0,0,0,0,0,4.897839799950911,10.075857295501327,1.0986122886681098,3.4011973816621555,0.015037593984962405,0.014925650216675792,7.360739903058278,2.0186487050933315,False,False,False,False,True,False
6.694849741824683,80.0,41763.20315581854,0,0,0,0,0,0,0,7.170888478512505,9.72387854305561,3.295836866004329,2.3978952727983707,0.02,0.01980262729617973,8.174702882469461,2.0644946046636603,False,False,False,False,False,True
6.195191110040243,68.75,6112.369742419302,0,0,0,0,0,0,0,8.716371865276615,7.8686083776014435,1.6094379124341003,3.8066624897703196,0.0006556302245533519,0.0006554153929525411,8.028781162487148,1.9991152142115904,False,False,False,True,False,False
6.72258613857229,71.7948717948718,4092.5737704918033,0,0,0,0,0,0,0,8.604471199523298,9.951689839019014,0.6931471805599453,3.784189633918261,0.00018331805682859762,0.0001833012561269332,6.415096959171596,1.8969222823803258,False,False,True,False,False,False
6.698341270674539,61.53846153846154,10412.863802559415,0,0,0,0,0,0,0,6.208590026096629,9.91018054248344,0.6931471805599453,3.5263605246161616,0.0020161290322580645,0.0020140993717011856,7.691200097522863,1.9906184714459416,True,False,False,False,False,False
6.819139379998141,79.99504214179474,6112.369742419302,0,0,0,0,0,0,0,11.253014189463805,10.531569242877005,0.6931471805599453,3.784189633918261,1.2968318398153312e-05,1.2968234310340243e-05,8.028781162487148,1.9991152142115904,False,False,False,True,False,False
6.865487846325214,82.71129472726,41763.20315581854,0,0,0,0,0,0,0,12.756587142076393,10.583928086616385,2.6390573296152584,2.833213344056216,3.748255619500156e-05,3.748185374161123e-05,8.174702882469461,2.0644946046636603,False,False,False,False,False,True
6.911323279215214,75.86206896551724,6112.369742419302,0,0,0,0,0,0,0,7.409741954080923,10.374308589191697,1.0986122886681098,2.3978952727983707,0.0012113870381586917,0.0012106539008961844,8.028781162487148,1.9991152142115904,False,False,False,True,False,False
6.265461606140655,51.11111111111111,7640.563613231552,0,0,0,0,0,0,0,7.266128779556451,9.321531227117486,2.1972245773362196,3.6109179126442243,0.005594405594405594,0.005578815027038934,7.360739903058278,2.0186487050933315,False,False,False,False,True,False
6.677693639525605,57.14285714285714,10412.863802559415,0,0,0,0,0,0,0,6.558197802812269,9.328032216867232,0.6931471805599453,3.367295829986474,0.0014204545454545455,0.0014194466542262925,7.691200097522863,1.9906184714459416,True,False,False,False,False,False
6.841823567202082,0.0,7640.563613231552,0,0,0,0,0,0,0,5.214935757608986,10.046351784066408,0.6931471805599453,3.332204510175204,0.00546448087431694,0.005449604767564685,7.360739903058278,2.0186487050933315,False,False,False,False,True,False
5.7918085106382975,0.0,41763.20315581854,0,0,0,0,0,0,0,4.51085950651685,7.751630876729169,3.2188758248682006,3.4965075614664802,0.26666666666666666,0.23638877806423034,8.174702882469461,2.0644946046636603,False,False,False,False,False,True
6.872724838781157,74.53443048938935,10412.863802559415,0,0,0,0,0,0,0,10.595308854507401,10.448627319059822,0.6931471805599453,3.6375861597263857,2.5033795624092524e-05,2.5033482283786464e-05,7.691200097522863,1.9906184714459416,True,False,False,False,False,False
6.844614966234576,69.91485335856197,7640.563613231552,0,0,0,0,0,0,0,10.083222433433315,10.253585385671725,0.6931471805599453,3.58351893845611,4.1776329531687346e-05,4.177545692517682e-05,7.360739903058278,2.0186487050933315,False,False,False,False,True,False
6.892501368430791,73.49554638279383,10412.863802559415,0,0,0,0,0,0,0,11.332793509249266,10.447361224082172,0.6931471805599453,3.9889840465642745,1.197389690474765e-05,1.1973825218128811e-05,7.691200097522863,1.9906184714459416,True,False,False,False,False,False
6.195191110040243,57.14285714285714,6112.369742419302,0,0,0,0,0,0,0,6.75110146893676,7.8686083776014435,0.6931471805599453,3.2188758248682006,0.00117096018735363,0.0011702751481902445,8.028781162487148,1.9991152142115904,False,False,False,True,False,False
6.693326586706275,63.95348837209303,7640.563613231552,0,0,0,0,0,0,0,9.34145634983372,10.111824298263715,1.6094379124341003,4.290459441148391,0.0003508771929824561,0.0003508156499758725,7.360739903058278,2.0186487050933315,False,False,False,False,True,False
6.799794973458771,78.54166666666667,41763.20315581854,0,0,0,0,0,0,0,11.194000372778516,10.332780099165094,2.6390573296152584,2.833213344056216,0.00017883673581687117,0.00017882074643412623,8.174702882469461,2.0644946046636603,False,False,False,False,False,True
6.899387799034847,84.99249624812406,10412.863802559415,0,0,0,0,0,0,0,10.976662367940685,10.40425740176229,0.6931471805599453,2.5649493574615367,1.7096355057101826e-05,1.7096208916187613e-05,7.691200097522863,1.9906184714459416,True,False,False,False,False,False
5.558589488847307,61.53846153846154,6112.369742419302,0,0,0,0,0,0,0,6.620073206530356,5.858417164315927,0.6931471805599453,4.605170185988092,0.0013351134846461949,0.0013342230131366622,8.028781162487148,1.9991152142115904,False,False,False,True,False,False
6.106210567052468,86.36363636363636,6112.369742419302,0,0,0,0,0,0,0,7.767263996757308,10.427792075670013,0.6931471805599453,3.044522437723423,0.00042354934349851756,0.0004234596717947088,8.028781162487148,1.9991152142115904,False,False,False,True,False,False
6.66391737475365,70.49180327868852,6112.369742419302,0,0,0,0,0,0,0,8.384804003370492,9.799753131264394,1.0986122886681098,3.6375861597263857,0.00045672527974423386,0.00045662101250014517,8.028781162487148,1.9991152142115904,False,False,False,True,False,False
6.490336269696487,0.0,10412.863802559415,0,0,0,0,0,0,0,3.9889840465642745,8.81811505604364,0.6931471805599453,3.295836866004329,0.018867924528301886,0.018692133012152546,7.691200097522863,1.9906184714459416,True,False,False,False,False,False
6.83367590781581,72.22222222222221,7640.563613231552,0,0,0,0,0,0,0,7.639642287858013,9.992053608710764,0.6931471805599453,4.143134726391533,0.00048123195380173246,0.0004811161988401639,7.360739903058278,2.0186487050933315,False,False,False,False,True,False
5.558589488847307,100.0,10412.863802559415,0,0,0,0,0,0,0,4.74493212836325,5.858417164315927,0.6931471805599453,2.5649493574615367,0.008771929824561403,0.008733679968754631,7.691200097522863,1.9906184714459416,True,False,False,False,False,False
6.815755293870396,73.07692307692307,41763.20315581854,0,0,0,0,0,0,0,9.995838813600315,10.27114132063292,2.5649493574615367,2.4849066497880004,0.0005470958329534056,0.0005469462305902744,8.174702882469461,2.0644946046636603,False,False,False,False,False,True
6.873241177866149,85.71428571428571,41763.20315581854,0,0,0,0,0,0,0,6.546785410760524,10.285723103275016,3.9318256327243257,2.70805020110221,0.07183908045977011,0.06937593986934125,8.174702882469461,2.0644946046636603,False,False,False,False,False,True
6.8734559789429275,81.27100519401161,41763.20315581854,0,0,0,0,0,0,0,11.52551587210952,10.6830431964099,2.6390573296152584,3.4339872044851463,0.00012837477534414314,0.00012836653600788867,8.174702882469461,2.0644946046636603,False,False,False,False,False,True
6.2680555955337915,100.0,1266.400447427293,0,0,0,0,0,0,0,4.110873864173311,9.017138872834964,0.6931471805599453,1.9459101490553132,0.016666666666666666,0.016529301951210506,6.104793232414985,1.8852953146630171,False,True,False,False,False,False
6.796919367664303,0.0,7640.563613231552,0,0,0,0,0,0,0,5.501258210544727,10.284288198320679,0.6931471805599453,3.295836866004329,0.004098360655737705,0.004089985251525066,7.360739903058278,2.0186487050933315,False,False,False,False,True,False
6.5004185244497705,73.15436241610739,4092.5737704918033,0,0,0,0,0,0,0,9.044639916198465,9.91128039696677,2.70805020110221,3.871201010907891,0.0016525023607176581,0.0016511384810277967,6.415096959171596,1.8969222823803258,False,False,True,False,False,False
6.763733621280342,76.47058823529412,6112.369742419302,0,0,0,0,0,0,0,6.4692503167957724,10.243537074503857,0.6931471805599453,3.58351893845611,0.0015527950310559005,0.00155159069141885,8.028781162487148,1.9991152142115904,False,False,False,True,False,False
6.289007148338809,0.0,10412.863802559415,0,0,0,0,0,0,0,4.454347296253507,7.921587131345857,0.6931471805599453,3.9889840465642745,0.011764705882352941,0.011696039763191236,7.691200097522863,1.9906184714459416,True,False,False,False,False,False
6.84562728399871,87.10304349516072,41763.20315581854,0,0,0,0,0,0,0,13.48025038649523,10.404709837285878,3.258096538021482,3.4657359027997265,3.495765230000378e-05,3.4957041295506244e-05,8.174702882469461,2.0644946046636603,False,False,False,False,False,True
6.865349700381785,81.25211505922167,41763.20315581854,0,0,0,0,0,0,0,11.287491793331135,10.885824135729202,3.295836866004329,3.2188758248682006,0.0003257492232133908,0.00032569617845437985,8.174702882469461,2.0644946046636603,False,False,False,False,False,True
6.830019888854456,81.29139072847681,6112.369742419302,0,0,0,0,0,0,0,10.466554521147781,10.535699056276355,0.6931471805599453,4.110873864173311,2.8473804100227792e-05,2.8473398729250172e-05,8.028781162487148,1.9991152142115904,False,False,False,True,False,False
6.814882238275165,81.94166999600479,41763.20315581854,0,0,0,0,0,0,0,12.052064455550754,10.506362816413247,2.5649493574615367,2.8903717578961645,6.999043464059912e-05,6.998798542443093e-05,8.174702882469461,2.0644946046636603,False,False,False,False,False,True
4.9263479368027125,66.66666666666666,10412.863802559415,0,0,0,0,0,0,0,4.59511985013459,8.362349991150289,0.6931471805599453,1.791759469228055,0.01020408163265306,0.010152371464017908,7.691200097522863,1.9906184714459416,True,False,False,False,False,False
6.888691304282265,0.0,10412.863802559415,0,0,0,0,0,0,0,4.51085950651685,10.342819497535155,0.6931471805599453,4.02535169073515,0.011111111111111112,0.011049836186584935,7.691200097522863,1.9906184714459416,True,False,False,False,False,False
6.855149010949878,79.12474849094568,41763.20315581854,0,0,0,0,0,0,0,10.776515814350669,10.567472368976981,3.295836866004329,2.1972245773362196,0.000543001545465937,0.0005428541734731483,8.174702882469461,2.0644946046636603,False,False,False,False,False,True
6.195191110040243,50.0,6112.369742419302,0,0,0,0,0,0,0,5.3230099791384085,7.8686083776014435,0.6931471805599453,3.4657359027997265,0.004901960784313725,0.00488998529419177,8.028781162487148,1.9991152142115904,False,False,False,True,False,False
5.60043986026233,100.0,4092.5737704918033,0,0,0,0,0,0,0,3.9512437185814275,6.344274272082252,0.6931471805599453,3.091042453358316,0.0196078431372549,0.019418085857101516,6.415096959171596,1.8969222823803258,False,False,True,False,False,False
6.763243699567829,58.47457627118644,7640.563613231552,0,0,0,0,0,0,0,8.518392471991719,10.406479989168322,0.6931471805599453,4.394449154672439,0.0001998001998001998,0.00019978024239862384,7.360739903058278,2.0186487050933315,False,False,False,False,True,False
6.7921340428944,81.86582809224319,6112.369742419302,0,0,0,0,0,0,0,10.580962563701778,10.36953170501716,1.9459101490553132,2.772588722239781,0.00015237321278919165,0.0001523616051703936,8.028781162487148,1.9991152142115904,False,False,False,True,False,False
6.404558063366416,0.0,41763.20315581854,0,0,0,0,0,0,0,6.418364935936212,9.379748010333367,2.5933276030091386,2.9444389791664403,0.020219283779596812,0.020017588288054153,8.174702882469461,2.0644946046636603,False,False,False,False,False,True
6.882950006587168,0.0,41763.20315581854,0,0,0,0,0,0,0,6.222576268071369,10.64959869561522,2.5933276030091386,2.70805020110221,0.024600798554897118,0.024303071904758597,8.174702882469461,2.0644946046636603,False,False,False,False,False,True
6.728879252982257,80.80000000000001,7640.563613231552,0,0,0,0,0,0,0,9.55810574328497,10.092995148114731,1.0986122886681098,4.04305126783455,0.00014126289023873428,0.00014125291357610037,7.360739903058278,2.0186487050933315,False,False,False,False,True,False
6.821827589491823,0.0,10412.863802559415,0,0,0,0,0,0,0,8.90571557879409,10.31838916491048,0.6931471805599453,3.6109179126442243,0.0001356300013563,0.00013562080443913255,7.691200097522863,1.9906184714459416,True,False,False,False,False,False
6.494012152354782,83.33333333333334,1266.400447427293,0,0,0,0,0,0,0,6.964135612418245,10.003184523854106,0.6931471805599453,2.3978952727983707,0.000946073793755913,0.0009456265480070302,6.104793232414985,1.8852953146630171,False,True,False,False,False,False
6.77343606745359,81.78010471204189,41763.20315581854,0,0,0,0,0,0,0,10.273670846499652,9.908836359785393,3.9318256327243257,3.1780538303479458,0.0017265789564556786,0.0017250901324777658,8.174702882469461,2.0644946046636603,False,False,False,False,False,True
6.624551706647431,0.0,6112.369742419302,0,0,0,0,0,0,0,3.6635616461296463,9.714919592288245,0.6931471805599453,3.1780538303479458,0.02631578947368421,0.025975486403260736,8.028781162487148,1.9991152142115904,False,False,False,True,False,False
6.661310512963811,82.93010752688173,4092.5737704918033,0,0,0,0,0,0,0,9.629313830109139,9.769621419046755,1.3862943611198906,3.7376696182833684,0.00019732947444583307,0.0001973100075458729,6.415096959171596,1.8969222823803258,False,False,True,False,False,False
6.210994540743939,74.79338842975206,7640.563613231552,0,0,0,0,0,0,0,8.644178203170727,9.75771043532434,0.6931471805599453,3.8501476017100584,0.00017618040873854828,0.00017616489079296904,7.360739903058278,2.0186487050933315,False,False,False,False,True,False
6.844966920920479,42.857142857142854,10412.863802559415,0,0,0,0,0,0,0,6.003887067106539,10.391377213232943,0.6931471805599453,3.5553480614894135,0.0024752475247524753,0.002472189145389073,7.691200097522863,1.9906184714459416,True,False,False,False,False,False
6.921729320968481,77.5,41763.20315581854,0,0,0,0,0,0,0,7.117205503164344,10.269809928149861,3.6888794541139363,2.5649493574615367,0.03165584415584415,0.031165127095988912,8.174702882469461,2.0644946046636603,False,False,False,False,False,True
6.87428735470253,0.0,41763.20315581854,0,0,0,0,0,0,0,4.74493212836325,10.502045906032773,3.9318256327243257,2.5649493574615367,0.43859649122807015,0.36366797942970297,8.174702882469461,2.0644946046636603,False,False,False,False,False,True
6.195191110040243,0.0,6112.369742419302,0,0,0,0,0,0,0,7.564238475170491,7.8686083776014435,2.5933276030091386,2.9444389791664403,0.006421485040536196,0.00640095514687261,8.028781162487148,1.9991152142115904,False,False,False,True,False,False
6.7344953614002465,60.0,10412.863802559415,0,0,0,0,0,0,0,6.7580945044277305,10.169792383868204,1.0986122886681098,3.828641396489095,0.002325581395348837,0.0023228814161397287,7.691200097522863,1.9906184714459416,True,False,False,False,False,False
6.677693639525605,50.0,6112.369742419302,0,0,0,0,0,0,0,6.35088571671474,9.328032216867232,0.6931471805599453,2.833213344056216,0.0017482517482517483,0.0017467253349415786,8.028781162487148,1.9991152142115904,False,False,False,True,False,False
6.938913483987658,73.0,6112.369742419302,0,0,0,0,0,0,0,7.75190533307861,10.593717784496889,1.0986122886681098,2.70805020110221,0.0008602150537634409,0.0008598452808351514,8.028781162487148,1.9991152142115904,False,False,False,True,False,False
6.806214276498884,80.51341890315052,41763.20315581854,0,0,0,0,0,0,0,10.884066774292645,10.5645752952158,2.6390573296152584,2.302585092994046,0.0002438155254224573,0.00024378580724770434,8.174702882469461,2.0644946046636603,False,False,False,False,False,True
6.195191110040243,61.19402985074627,6112.369742419302,0,0,0,0,0,0,0,7.802618063442671,7.8686083776014435,1.0986122886681098,2.4849066497880004,0.0008176614881439084,0.0008173273850990113,8.028781162487148,1.9991152142115904,False,False,False,True,False,False
6.5970797128209036,75.60975609756098,41763.20315581854,0,0,0,0,0,0,0,8.235625719964311,10.305502616439773,2.1972245773362196,2.6390573296152584,0.0021208907741251328,0.002118644860285155,8.174702882469461,2.0644946046636603,False,False,False,False,False,True
6.20715799971213,76.47058823529412,4092.5737704918033,0,0,0,0,0,0,0,7.252053951852814,9.847465822742766,0.6931471805599453,2.4849066497880004,0.0007092198581560284,0.000708968480599987,6.415096959171596,1.8969222823803258,False,False,True,False,False,False
6.783619360794246,50.0,41763.20315581854,0,0,0,0,0,0,0,7.323170717943469,10.170421020106753,3.2188758248682006,2.4849066497880004,0.015852047556142668,0.015727716068195306,8.174702882469461,2.0644946046636603,False,False,False,False,False,True
6.788310729601363,66.66666666666666,10412.863802559415,0,0,0,0,0,0,0,7.480992162869525,9.914078482087426,0.6931471805599453,3.6375861597263857,0.0005640157924421884,0.0005638567953169736,7.691200097522863,1.9906184714459416,True,False,False,False,False,False
6.911084028706297,0.0,41763.20315581854,0,0,0,0,0,0,0,4.59511985013459,10.465199592964037,3.5553480614894135,3.295836866004329,0.3469387755102041,0.2978344439157989,8.174702882469461,2.0644946046636603,False,False,False,False,False,True
6.815470928920611,74.24242424242425,10412.863802559415,0,0,0,0,0,0,0,9.237760967552175,9.992753584719262,0.6931471805599453,3.2188758248682006,9.730466089325679e-05,9.72999271017555e-05,7.691200097522863,1.9906184714459416,True,False,False,False,False,False
6.5004185244497705,0.0,4092.5737704918033,0,0,0,0,0,0,0,3.4657359027997265,9.91128039696677,3.258096538021482,4.394449154672439,0.8064516129032258,0.5913644862500029,6.415096959171596,1.8969222823803258,False,False,True,False,False,False
6.823146793508421,85.0,10412.863802559415,0,0,0,0,0,0,0,8.404696160189092,10.27120685262779,0.6931471805599453,3.8066624897703196,0.00022386389075442132,0.00022383883697257978,7.691200097522863,1.9906184714459416,True,False,False,False,False,False
6.879084084752576,84.38825725436959,41763.20315581854,0,0,0,0,0,0,0,12.178146310089332,10.231171624929045,3.295836866004329,3.6888794541139363,0.0001336822783573533,0.00013367334367779546,8.174702882469461,2.0644946046636603,False,False,False,False,False,True
6.542958467678293,50.0,41763.20315581854,0,0,0,0,0,0,0,5.855071922202427,9.733494725610756,3.970291913552122,3.4965075614664802,0.14942528735632185,0.1392620673335076,8.174702882469461,2.0644946046636603,False,False,False,False,False,True
6.638243832197137,82.75862068965517,6112.369742419302,0,0,0,0,0,0,0,6.852242569051878,10.118310337677755,1.3862943611198906,2.8903717578961645,0.0031746031746031746,0.0031695747612790395,8.028781162487148,1.9991152142115904,False,False,False,True,False,False
6.5970797128209036,74.95219885277247,7640.563613231552,0,0,0,0,0,0,0,9.352620879232953,10.305502616439773,1.9459101490553132,3.367295829986474,0.000520471894517696,0.0005203364959999802,7.360739903058278,2.0186487050933315,False,False,False,False,True,False
7.0048709212950975,78.89125799573561,7640.563613231552,0,0,0,0,0,0,0,9.608579434992608,10.651416659559613,0.6931471805599453,3.8066624897703196,6.715465717547512e-05,6.715240240250484e-05,7.360739903058278,2.0186487050933315,False,False,False,False,True,False
6.289007148338809,66.66666666666666,10412.863802559415,0,0,0,0,0,0,0,5.37989735354046,7.921587131345857,0.6931471805599453,2.995732273553991,0.004629629629629629,0.004618945856294458,7.691200097522863,1.9906184714459416,True,False,False,False,False,False
6.800166494369348,0.0,6112.369742419302,0,0,0,0,0,0,0,4.343805421853684,10.407158941641097,0.6931471805599453,3.8066624897703196,0.013157894736842105,0.0130720815673527,8.028781162487148,1.9991152142115904,False,False,False,True,False,False
6.743076983988833,0.0,41763.20315581854,0,0,0,0,0,0,0,6.210600077024653,10.083961340239952,3.970291913552122,3.8066624897703196,0.10462776659959759,0.09950841541290192,8.174702882469461,2.0644946046636603,False,False,False,False,False,True
6.195191110040243,62.5,6112.369742419302,0,0,0,0,0,0,0,5.902633333401366,7.8686083776014435,1.0986122886681098,3.2188758248682006,0.005479452054794521,0.005464494472078745,8.028781162487148,1.9991152142115904,False,False,False,True,False,False
6.819139379998141,78.10361681329422,6112.369742419302,0,0,0,0,0,0,0,9.841399360222706,10.531569242877005,0.6931471805599453,4.07753744390572,5.320563979781857e-05,5.3204224427865825e-05,8.028781162487148,1.9991152142115904,False,False,False,True,False,False
6.289007148338809,80.85106382978722,10412.863802559415,0,0,0,0,0,0,0,7.289610521451167,7.921587131345857,0.6931471805599453,2.70805020110221,0.0006830601092896175,0.0006828269299107297,7.691200097522863,1.9906184714459416,True,False,False,False,False,False
6.769866626233298,0.0,41763.20315581854,0,0,0,0,0,0,0,5.455321115357702,10.283514579558773,3.8918202981106265,3.044522437723423,0.20600858369098712,0.18731621576804516,8.174702882469461,2.0644946046636603,False,False,False,False,False,True
6.754818962416433,78.54889589905363,7640.563613231552,0,0,0,0,0,0,0,9.60871372627059,10.53249559764114,0.6931471805599453,3.6109179126442243,6.714563889075404e-05,6.714338472325773e-05,7.360739903058278,2.0186487050933315,False,False,False,False,True,False
6.195191110040243,0.0,6112.369742419302,0,0,0,0,0,0,0,7.129297548929373,7.8686083776014435,2.5933276030091386,3.6109179126442243,0.009923176963202286,0.009874265547605007,8.028781162487148,1.9991152142115904,False,False,False,True,False,False
6.883127654709747,80.7753164556962,41763.20315581854,0,0,0,0,0,0,0,10.303538027942794,10.183411710770256,2.5649493574615367,2.995732273553991,0.0004021852062874954,0.0004021043514956937,8.174702882469461,2.0644946046636603,False,False,False,False,False,True
6.90376052578994,74.4186046511628,6112.369742419302,0,0,0,0,0,0,0,7.538494999413465,10.38555842312506,0.6931471805599453,3.091042453358316,0.0005324813631522897,0.0005323396452570122,8.028781162487148,1.9991152142115904,False,False,False,True,False,False
6.95777145434074,83.02961275626424,41763.20315581854,0,0,0,0,0,0,0,10.082971754509922,10.399231612434287,3.2188758248682006,2.833213344056216,0.0010028832894571893,0.0010023807379831943,8.174702882469461,2.0644946046636603,False,False,False,False,False,True
6.677693639525605,60.0,41763.20315581854,0,0,0,0,0,0,0,5.993961427306569,9.328032216867232,3.6888794541139363,2.5649493574615367,0.0975,0.0930348659671893,8.174702882469461,2.0644946046636603,False,False,False,False,False,True
6.439627965757445,76.19047619047619,41763.20315581854,0,0,0,0,0,0,0,9.398063978059133,9.894579744052168,2.6390573296152584,3.4965075614664802,0.0010775862068965517,0.001077006027637966,8.174702882469461,2.0644946046636603,False,False,False,False,False,True
6.720957829416256,75.0,6112.369742419302,0,0,0,0,0,0,0,5.652489180268651,10.466581729973147,0.6931471805599453,1.9459101490553132,0.0035211267605633804,0.003514942107444592,8.028781162487148,1.9991152142115904,False,False,False,True,False,False
6.541380536432849,80.0,10412.863802559415,0,0,0,0,0,0,0,5.8522024797744745,9.795191746103242,0.6931471805599453,2.6390573296152584,0.002881844380403458,0.0028776998276151956,7.691200097522863,1.9906184714459416,True,False,False,False,False,False
6.635431799966208,76.26339969372128,6112.369742419302,0,0,0,0,0,0,0,9.39182824802156,9.854010578723463,0.6931471805599453,3.6888794541139363,8.340979230961715e-05,8.34063139063906e-05,8.028781162487148,1.9991152142115904,False,False,False,True,False,False
6.7619521463177374,73.33333333333333,41763.20315581854,0,0,0,0,0,0,0,7.325807502595773,10.014021699933847,3.9318256327243257,3.091042453358316,0.03293807641633729,0.03240724295477802,8.174702882469461,2.0644946046636603,False,False,False,False,False,True
6.726881389735055,0.0,41763.20315581854,0,0,0,0,0,0,0,4.672828834461906,9.920300326844044,2.5933276030091386,3.4011973816621555,0.11673775163314387,0.11041171332170424,8.174702882469461,2.0644946046636603,False,False,False,False,False,True
6.468372592093842,80.0,6112.369742419302,0,0,0,0,0,0,0,5.988961416889864,9.533994132566862,0.6931471805599453,3.4339872044851463,0.002512562814070352,0.002509411605425707,8.028781162487148,1.9991152142115904,False,False,False,True,False,False
6.756379223895332,0.0,7640.563613231552,0,0,0,0,0,0,0,5.030437921392435,10.120073395422493,0.6931471805599453,3.9889840465642745,0.006578947368421052,0.0065574005461590396,7.360739903058278,2.0186487050933315,False,False,False,False,True,False
6.775096449530265,0.0,6112.369742419302,0,0,0,0,0,0,0,4.820281565605037,10.412744500808936,1.9459101490553132,2.8903717578961645,0.04878048780487805,0.047628048989254664,8.028781162487148,1.9991152142115904,False,False,False,True,False,False
6.842363769490099,82.29371316306484,41763.20315581854,0,0,0,0,0,0,0,12.765222610701302,10.39769104255604,2.6390573296152584,3.1354942159291497,3.716026938336821e-05,3.7159578957678905e-05,8.174702882469461,2.0644946046636603,False,False,False,False,False,True
6.9991527367920785,75.79787234042553,10412.863802559415,0,0,0,0,0,0,0,9.750685962278165,10.282811046385305,0.6931471805599453,3.8066624897703196,5.825808330905913e-05,5.825638637283066e-05,7.691200097522863,1.9906184714459416,True,False,False,False,False,False
6.802131924594253,77.27272727272727,6112.369742419302,0,0,0,0,0,0,0,7.6638772587034705,10.282919733757934,0.6931471805599453,1.791759469228055,0.0004697040864255519,0.0004695938099914337,8.028781162487148,1.9991152142115904,False,False,False,True,False,False
6.72025323131698,77.77777777777779,6112.369742419302,0,0,0,0,0,0,0,7.1204443723924875,9.779006435238738,1.6094379124341003,4.02535169073515,0.003236245954692557,0.00323102058144654,8.028781162487148,1.9991152142115904,False,False,False,True,False,False
6.818864580922905,69.23076923076923,7640.563613231552,0,0,0,0,0,0,0,6.52795791762255,10.184549850955804,0.6931471805599453,3.970291913552122,0.0014641288433382138,0.0014630580517603152,7.360739903058278,2.0186487050933315,False,False,False,False,True,False
6.241442385702294,80.0,41763.20315581854,0,0,0,0,0,0,0,8.13593277200489,9.194091527769046,2.5649493574615367,3.258096538021482,0.0035149384885764497,0.0035087755296792705,8.174702882469461,2.0644946046636603,False,False,False,False,False,True
6.26522859704693,50.0,6112.369742419302,0,0,0,0,0,0,0,4.762173934797756,8.33775665141873,0.6931471805599453,3.4657359027997265,0.008620689655172414,0.008583743691391435,8.028781162487148,1.9991152142115904,False,False,False,True,False,False
6.6713729887351505,73.66071428571429,7640.563613231552,0,0,0,0,0,0,0,9.305286849285137,9.890268636636637,2.5649493574615367,3.332204510175204,0.001091405184174625,0.0010908100345301648,7.360739903058278,2.0186487050933315,False,False,False,False,True,False
6.970515217845076,84.488107549121,41763.20315581854,0,0,0,0,0,0,0,11.36986308212839,10.731600621056144,2.6390573296152584,2.4849066497880004,0.00014999596164718643,0.00014998471337763654,8.174702882469461,2.0644946046636603,False,False,False,False,False,True
6.7547019732313895,76.98412698412699,6112.369742419302,0,0,0,0,0,0,0,8.282230063296685,9.894931129828896,2.833213344056216,3.6375861597263857,0.004048582995951417,0.004040409537004906,8.028781162487148,1.9991152142115904,False,False,False,True,False,False
6.195191110040243,63.63636363636363,6112.369742419302,0,0,0,0,0,0,0,7.4949862339505335,7.8686083776014435,1.0986122886681098,3.295836866004329,0.0011123470522803114,0.0011117288526904154,8.028781162487148,1.9991152142115904,False,False,False,True,False,False
6.5264888547538815,0.0,10412.863802559415,0,0,0,0,0,0,0,4.584967478670572,9.75745455496221,0.6931471805599453,4.02535169073515,0.010309278350515464,0.010256500167189061,7.691200097522863,1.9906184714459416,True,False,False,False,False,False
6.5004185244497705,81.65137614678899,4092.5737704918033,0,0,0,0,0,0,0,8.412721169819527,9.91128039696677,2.0794415416798357,3.6375861597263857,0.001554519209415945,0.0015533121951524023,6.415096959171596,1.8969222823803258,False,False,True,False,False,False
6.824008707790104,79.27461139896373,41763.20315581854,0,0,0,0,0,0,0,9.747067633264827,10.52146049629613,2.5649493574615367,3.8066624897703196,0.0007016312927556569,0.0007013852645941804,8.174702882469461,2.0644946046636603,False,False,False,False,False,True
6.677693639525605,60.0,10412.863802559415,0,0,0,0,0,0,0,6.705639094860003,9.328032216867232,0.6931471805599453,2.6390573296152584,0.0012254901960784314,0.0012247398958958697,7.691200097522863,1.9906184714459416,True,False,False,False,False,False
6.659338475834066,60.0,10412.863802559415,0,0,0,0,0,0,0,6.26530121273771,9.685050171713797,0.6931471805599453,3.367295829986474,0.0019047619047619048,0.0019029501460860636,7.691200097522863,1.9906184714459416,True,False,False,False,False,False
6.962424008119456,75.0,41763.20315581854,0,0,0,0,0,0,0,8.591929537530255,10.27410002589116,3.295836866004329,3.4657359027997265,0.004826434007796547,0.004814824116444179,8.174702882469461,2.0644946046636603,False,False,False,False,False,True
6.545649931970783,74.92163009404389,6112.369742419302,0,0,0,0,0,0,0,9.199683791787654,10.051536587524138,1.3862943611198906,3.295836866004329,0.0003032447184878197,0.0003031987491012962,8.028781162487148,1.9991152142115904,False,False,False,True,False,False
6.856498589080436,60.0,4092.5737704918033,0,0,0,0,0,0,0,8.691146498539675,10.341821059943488,1.3862943611198906,4.23410650459726,0.0005042864346949068,0.0005041593250221301,6.415096959171596,1.8969222823803258,False,False,True,False,False,False
6.439627965757445,74.54545454545455,7640.563613231552,0,0,0,0,0,0,0,7.734121303328305,9.894579744052168,1.9459101490553132,4.418840607796598,0.002626970227670753,0.0026235257723844106,7.360739903058278,2.0186487050933315,False,False,False,False,True,False
6.22747829422649,81.08108108108108,7640.563613231552,0,0,0,0,0,0,0,7.738923757439457,8.715280860702519,0.6931471805599453,3.295836866004329,0.00043572984749455336,0.0004356349448115806,7.360739903058278,2.0186487050933315,False,False,False,False,True,False
6.8507073353320695,78.57142857142857,4092.5737704918033,0,0,0,0,0,0,0,6.546785410760524,10.349142489935662,1.0986122886681098,3.1780538303479458,0.0028735632183908046,0.002869442427952739,6.415096959171596,1.8969222823803258,False,False,True,False,False,False
6.8949039144001265,74.74747474747475,41763.20315581854,0,0,0,0,0,0,0,8.991935575009146,10.507716568891503,3.295836866004329,2.302585092994046,0.003235037949483638,0.003229816472303623,8.174702882469461,2.0644946046636603,False,False,False,False,False,True
6.7626322424374266,77.0,41763.20315581854,0,0,0,0,0,0,0,8.40737832540903,9.87623379517477,3.9512437185814275,2.3978952727983707,0.011386470194239785,0.011322132269779725,8.174702882469461,2.0644946046636603,False,False,False,False,False,True
6.769866626233298,78.39080459770115,41763.20315581854,0,0,0,0,0,0,0,9.16858043772795,10.283514579558773,3.6888794541139363,2.833213344056216,0.004066736183524505,0.004058489362800026,8.174702882469461,2.0644946046636603,False,False,False,False,False,True
6.882238498533699,50.0,7640.563613231552,0,0,0,0,0,0,0,4.9344739331306915,10.162753433877903,1.0986122886681098,3.5553480614894135,0.014492753623188406,0.01438873745209967,7.360739903058278,2.0186487050933315,False,False,False,False,True,False
6.794834847205189,0.0,6112.369742419302,0,0,0,0,0,0,0,4.532599493153256,10.363411087812501,0.6931471805599453,2.995732273553991,0.010869565217391304,0.010810916104215676,8.028781162487148,1.9991152142115904,False,False,False,True,False,False
6.715661769645538,75.75351640991292,41763.20315581854,0,0,0,0,0,0,0,11.1182073999587,10.142973788660102,5.262690188904886,3.332204510175204,0.0028492565221262577,0.0028452050846604657,8.174702882469461,2.0644946046636603,False,False,False,False,False,True
6.823791663267731,0.0,6112.369742419302,0,0,0,0,0,0,0,5.1298987149230735,10.228716855313321,0.6931471805599453,3.7612001156935624,0.005952380952380952,0.0059347355198145265,8.028781162487148,1.9991152142115904,False,False,False,True,False,False
6.83262700342976,0.0,6112.369742419302,0,0,0,0,0,0,0,6.023447592961033,10.256496763473399,1.9459101490553132,2.1972245773362196,0.014563106796116505,0.014458083175229917,8.028781162487148,1.9991152142115904,False,False,False,True,False,False
6.510263751421897,50.0,6112.369742419302,0,0,0,0,0,0,0,4.912654885736052,9.93043086016947,2.3978952727983707,3.9512437185814275,0.07407407407407407,0.07145896398214485,8.028781162487148,1.9991152142115904,False,False,False,True,False,False
6.548792989998894,0.0,6112.369742419302,0,0,0,0,0,0,0,3.784189633918261,9.223228522439266,0.6931471805599453,3.1354942159291497,0.023255813953488372,0.02298951822469878,8.028781162487148,1.9991152142115904,False,False,False,True,False,False
6.745869261287794,53.84615384615385,41763.20315581854,0,0,0,0,0,0,0,5.929589143389895,9.89485951039786,3.4657359027997265,3.044522437723423,0.08266666666666667,0.07942713363132183,8.174702882469461,2.0644946046636603,False,False,False,False,False,True
6.76858166664705,70.4225352112676,41763.20315581854,0,0,0,0,0,0,0,8.277411998949004,10.22881632093725,3.6888794541139363,3.828641396489095,0.009916094584286803,0.009867252733253756,8.174702882469461,2.0644946046636603,False,False,False,False,False,True
6.886595082004575,0.0,10412.863802559415,0,0,0,0,0,0,0,4.343805421853684,10.404229587558916,0.6931471805599453,3.4011973816621555,0.013157894736842105,0.0130720815673527,7.691200097522863,1.9906184714459416,True,False,False,False,False,False
6.7332413701454055,86.41114982578398,10412.863802559415,0,0,0,0,0,0,0,9.166283985779263,10.326815225191366,1.3862943611198906,3.4657359027997265,0.00031354515050167225,0.0003134960054934534,7.691200097522863,1.9906184714459416,True,False,False,False,False,False
6.2467029592772985,0.0,7640.563613231552,0,0,0,0,0,0,0,4.23410650459726,9.657145167764883,0.6931471805599453,3.367295829986474,0.014705882352941176,0.014598799421152631,7.360739903058278,2.0186487050933315,False,False,False,False,True,False
6.846308519003239,82.98775510204082,41763.20315581854,0,0,0,0,0,0,0,12.406213655279068,10.356478924089185,2.5649493574615367,3.7612001156935624,4.911711977209656e-05,4.911591356583797e-05,8.174702882469461,2.0644946046636603,False,False,False,False,False,True
6.696096492373584,65.625,10412.863802559415,0,0,0,0,0,0,0,6.8966943316227125,10.159800798662227,0.6931471805599453,3.7612001156935624,0.0010121457489878543,0.0010116338748442258,7.691200097522863,1.9906184714459416,True,False,False,False,False,False
6.548792989998894,0.0,6112.369742419302,0,0,0,0,0,0,0,4.2626798770413155,9.223228522439266,0.6931471805599453,2.833213344056216,0.014285714285714285,0.014184634991956381,8.028781162487148,1.9991152142115904,False,False,False,True,False,False
6.929882793689622,82.21863002626793,41763.20315581854,0,0,0,0,0,0,0,11.982303898822046,10.431790827819041,2.6390573296152584,3.091042453358316,8.13013214591711e-05,8.129801668580009e-05,8.174702882469461,2.0644946046636603,False,False,False,False,False,True
6.22747829422649,63.63636363636363,10412.863802559415,0,0,0,0,0,0,0,7.590852123688581,8.715280860702519,0.6931471805599453,2.3978952727983707,0.0005053057099545225,0.0005051780860151107,7.691200097522863,1.9906184714459416,True,False,False,False,False,False
6.845532650796314,28.57142857142857,41763.20315581854,0,0,0,0,0,0,0,5.958424693029782,10.403572955571182,3.2188758248682006,3.091042453358316,0.06217616580310881,0.06031979023352262,8.174702882469461,2.0644946046636603,False,False,False,False,False,True
6.80483062736573,80.23255813953489,41763.20315581854,0,0,0,0,0,0,0,10.841833275191114,10.334859017113411,2.5649493574615367,2.833213344056216,0.00023476933912431035,0.00023474178511542908,8.174702882469461,2.0644946046636603,False,False,False,False,False,True
6.22747829422649,0.0,6112.369742419302,0,0,0,0,0,0,0,4.23410650459726,8.715280860702519,0.6931471805599453,2.995732273553991,0.014705882352941176,0.014598799421152631,8.028781162487148,1.9991152142115904,False,False,False,True,False,False
6.40169871215857,0.0,6112.369742419302,0,0,0,0,0,0,0,4.394449154672439,9.324495915651033,0.6931471805599453,3.367295829986474,0.0125,0.01242251999855711,8.028781162487148,1.9991152142115904,False,False,False,True,False,False
6.40169871215857,73.68421052631578,41763.20315581854,0,0,0,0,0,0,0,6.473890696352274,9.324495915651033,3.295836866004329,3.4011973816621555,0.0401854714064915,0.039399035143827275,8.174702882469461,2.0644946046636603,False,False,False,False,False,True
6.40169871215857,0.0,6112.369742419302,0,0,0,0,0,0,0,4.04305126783455,9.324495915651033,0.6931471805599453,4.0943445622221,0.017857142857142856,0.017699577099400857,8.028781162487148,1.9991152142115904,False,False,False,True,False,False
6.677693639525605,50.0,41763.20315581854,0,0,0,0,0,0,0,4.948759890378168,9.328032216867232,3.6888794541139363,2.9444389791664403,0.2785714285714286,0.24574338323145062,8.174702882469461,2.0644946046636603,False,False,False,False,False,True
6.946209864633353,0.0,10412.863802559415,0,0,0,0,0,0,0,4.812184355372417,10.718521044820479,1.9459101490553132,2.833213344056216,0.04918032786885246,0.04800921918636066,7.691200097522863,1.9906184714459416,True,False,False,False,False,False
6.770580228122137,50.0,41763.20315581854,0,0,0,0,0,0,0,5.521460917862246,9.565902027006107,3.784189633918261,3.6375861597263857,0.17269076305220885,0.15930090580357406,8.174702882469461,2.0644946046636603,False,False,False,False,False,True
6.195191110040243,71.42857142857143,6112.369742419302,0,0,0,0,0,0,0,7.954021087278037,7.8686083776014435,1.0986122886681098,2.0794415416798357,0.0007027406886858749,0.000702493882068753,8.028781162487148,1.9991152142115904,False,False,False,True,False,False
6.195191110040243,62.5,6112.369742419302,0,0,0,0,0,0,0,6.3818160174060985,7.8686083776014435,0.6931471805599453,3.2188758248682006,0.001694915254237288,0.0016934805063331477,8.028781162487148,1.9991152142115904,False,False,False,True,False,False
6.845444141149905,80.05115089514067,41763.20315581854,0,0,0,0,0,0,0,9.74326011321524,9.923505903169401,3.9512437185814275,3.091042453358316,0.0029933090738349572,0.002988838044123104,8.174702882469461,2.0644946046636603,False,False,False,False,False,True
6.796871963337037,80.64516129032258,10412.863802559415,0,0,0,0,0,0,0,7.1316985104669115,10.458899626851938,0.6931471805599453,2.6390573296152584,0.0008,0.0007996801705642441,7.691200097522863,1.9906184714459416,True,False,False,False,False,False
6.754818962416433,84.04907975460122,10412.863802559415,0,0,0,0,0,0,0,8.19229373114764,10.53249559764114,0.6931471805599453,3.1354942159291497,0.0002768549280177187,0.0002768166107641224,7.691200097522863,1.9906184714459416,True,False,False,False,False,False
6.195191110040243,70.09803921568627,6112.369742419302,0,0,0,0,0,0,0,8.635153989049803,7.8686083776014435,1.0986122886681098,3.091042453358316,0.00035555555555555557,0.00035549236065820865,8.028781162487148,1.9991152142115904,False,False,False,True,False,False
6.810042529424079,88.42105263157895,10412.863802559415,0,0,0,0,0,0,0,7.958227192322312,10.047568209938474,0.6931471805599453,2.8903717578961645,0.0003498950314905528,0.00034983383249916734,7.691200097522863,1.9906184714459416,True,False,False,False,False,False
6.84658521718319,79.35943060498221,41763.20315581854,0,0,0,0,0,0,0,10.525111878184058,10.432036332690954,2.5649493574615367,2.833213344056216,0.0003222514635587303,0.00032219955170806233,8.174702882469461,2.0644946046636603,False,False,False,False,False,True
4.9263479368027125,87.5,10412.863802559415,0,0,0,0,0,0,0,6.154858094016418,8.362349991150289,0.6931471805599453,2.4849066497880004,0.002127659574468085,0.0021253993123135366,7.691200097522863,1.9906184714459416,True,False,False,False,False,False
6.893698780940906,67.76859504132231,6112.369742419302,0,0,0,0,0,0,0,7.746732907753622,10.204116640108973,0.6931471805599453,3.871201010907891,0.00043233895373973193,0.0004322455221827011,8.028781162487148,1.9991152142115904,False,False,False,True,False,False
6.833536141119613,73.41772151898735,7640.563613231552,0,0,0,0,0,0,0,7.7039102096163115,10.2792640907417,0.6931471805599453,3.1780538303479458,0.0004512635379061372,0.0004511617491370439,7.360739903058278,2.0186487050933315,False,False,False,False,True,False
6.861381761393733,81.35838150289018,41763.20315581854,0,0,0,0,0,0,0,10.399280753468156,10.353270823415645,2.5649493574615367,2.1972245773362196,0.0003654636820465966,0.00036539691646169536,8.174702882469461,2.0644946046636603,False,False,False,False,False,True
6.794607080130419,0.0,10412.863802559415,0,0,0,0,0,0,0,4.844187086458591,9.797980786126336,0.6931471805599453,2.70805020110221,0.007936507936507936,0.007905179507113247,7.691200097522863,1.9906184714459416,True,False,False,False,False,False
6.725546669549467,76.15894039735099,6112.369742419302,0,0,0,0,0,0,0,8.12415060330663,10.52438400926217,0.6931471805599453,1.9459101490553132,0.0002963841138114997,0.00029634020071658693,8.028781162487148,1.9991152142115904,False,False,False,True,False,False
6.788310729601363,62.5,41763.20315581854,0,0,0,0,0,0,0,6.665683717782408,9.914078482087426,3.970291913552122,2.6390573296152584,0.0663265306122449,0.0642195927342938,8.174702882469461,2.0644946046636603,False,False,False,False,False,True
6.827581385513087,83.94518866959811,41763.20315581854,0,0,0,0,0,0,0,12.402662753982776,10.426587559827558,2.70805020110221,3.5263605246161616,5.750714731688081e-05,5.7505493844176516e-05,8.174702882469461,2.0644946046636603,False,False,False,False,False,True
5.775788441476067,100.0,1266.400447427293,0,0,0,0,0,0,0,4.343805421853684,8.653460843742746,0.6931471805599453,3.091042453358316,0.013157894736842105,0.0130720815673527,6.104793232414985,1.8852953146630171,False,True,False,False,False,False
6.247142857142856,78.94736842105263,7640.563613231552,0,0,0,0,0,0,0,7.149131598557407,7.834759840834592,0.6931471805599453,1.6094379124341003,0.0007861635220125787,0.000785854657339038,7.360739903058278,2.0186487050933315,False,False,False,False,True,False
6.195191110040243,65.57377049180327,6112.369742419302,0,0,0,0,0,0,0,7.369600720526409,7.8686083776014435,1.3862943611198906,4.060443010546419,0.0018915510718789407,0.0018897643419226284,8.028781162487148,1.9991152142115904,False,False,False,True,False,False
5.60043986026233,100.0,10412.863802559415,0,0,0,0,0,0,0,5.583496308781699,6.344274272082252,0.6931471805599453,2.5649493574615367,0.0037735849056603774,0.0037664827954768648,7.691200097522863,1.9906184714459416,True,False,False,False,False,False
6.035384615384615,63.03142329020333,7640.563613231552,0,0,0,0,0,0,0,9.253591413970497,8.859680269588564,0.6931471805599453,3.9889840465642745,9.577626664112633e-05,9.577168038735345e-05,7.360739903058278,2.0186487050933315,False,False,False,False,True,False
6.26522859704693,66.66666666666666,41763.20315581854,0,0,0,0,0,0,0,5.631211781821365,8.33775665141873,3.1780538303479458,2.995732273553991,0.08273381294964029,0.0794891510582386,8.174702882469461,2.0644946046636603,False,False,False,False,False,True
6.788691683537152,81.94444444444444,6112.369742419302,0,0,0,0,0,0,0,7.321849713788356,10.114887988891986,0.6931471805599453,3.5553480614894135,0.0006613756613756613,0.0006611570488775347,8.028781162487148,1.9991152142115904,False,False,False,True,False,False
6.705092165314741,53.333333333333336,10412.863802559415,0,0,0,0,0,0,0,6.3835066348840055,9.876050320034798,0.6931471805599453,3.8501476017100584,0.001692047377326565,0.001690617477907452,7.691200097522863,1.9906184714459416,True,False,False,False,False,False
6.60684577219806,71.42857142857143,6112.369742419302,0,0,0,0,0,0,0,7.166265974133638,9.9032277656614,1.3862943611198906,3.295836866004329,0.00231839258114374,0.0023157092555979035,8.028781162487148,1.9991152142115904,False,False,False,True,False,False
6.767541224610549,80.70652173913044,7640.563613231552,0,0,0,0,0,0,0,9.075093222568157,10.355922751208103,1.0986122886681098,3.4339872044851463,0.0002289901534234028,0.00022896393917997988,7.360739903058278,2.0186487050933315,False,False,False,False,True,False
6.153171904926564,71.42857142857143,6112.369742419302,0,0,0,0,0,0,0,6.784457062637643,8.19139039754028,0.6931471805599453,3.58351893845611,0.0011325028312570782,0.0011318620336833308,8.028781162487148,1.9991152142115904,False,False,False,True,False,False
6.90376052578994,58.333333333333336,7640.563613231552,0,0,0,0,0,0,0,6.300785794663244,10.38555842312506,2.5649493574615367,3.7376696182833684,0.022058823529411766,0.021819047394639673,7.360739903058278,2.0186487050933315,False,False,False,False,True,False
6.5376908176509945,70.2127659574468,41763.20315581854,0,0,0,0,0,0,0,8.00836557031292,9.857597299179305,2.6390573296152584,3.1780538303479458,0.004326123128119801,0.004316792358486205,8.174702882469461,2.0644946046636603,False,False,False,False,False,True
6.195191110040243,63.63636363636363,6112.369742419302,0,0,0,0,0,0,0,6.6039438246004725,7.8686083776014435,0.6931471805599453,2.70805020110221,0.0013568521031207597,0.001355932411135997,8.028781162487148,1.9991152142115904,False,False,False,True,False,False
6.877545578079942,73.4375,41763.20315581854,0,0,0,0,0,0,0,7.492760300922379,10.075857295501327,3.9318256327243257,3.9889840465642745,0.027870680044593088,0.027489361497797765,8.174702882469461,2.0644946046636603,False,False,False,False,False,True
5.879225467208256,0.0,1266.400447427293,0,0,0,0,0,0,0,4.290459441148391,8.024343613012375,0.6931471805599453,3.4965075614664802,0.013888888888888888,0.01379332213233577,6.104793232414985,1.8852953146630171,False,True,False,False,False,False
6.861817802177495,75.0,10412.863802559415,0,0,0,0,0,0,0,6.26530121273771,10.06682583716269,0.6931471805599453,2.8903717578961645,0.0019047619047619048,0.0019029501460860636,7.691200097522863,1.9906184714459416,True,False,False,False,False,False
6.626533453023366,68.18181818181817,10412.863802559415,0,0,0,0,0,0,0,6.870053411798126,9.563059716451976,0.6931471805599453,4.1588830833596715,0.0010395010395010396,0.0010389611324190385,7.691200097522863,1.9906184714459416,True,False,False,False,False,False
6.335061635687324,0.0,7640.563613231552,0,0,0,0,0,0,0,3.713572066704308,9.241125252631356,1.0986122886681098,2.772588722239781,0.05,0.04879016416943204,7.360739903058278,2.0186487050933315,False,False,False,False,True,False
6.195191110040243,0.0,6112.369742419302,0,0,0,0,0,0,0,6.028278520230698,7.8686083776014435,2.5933276030091386,3.6635616461296463,0.029889376022012682,0.029451394553169127,8.028781162487148,1.9991152142115904,False,False,False,True,False,False
6.828884411320277,85.90725895743833,41763.20315581854,0,0,0,0,0,0,0,13.359517125961904,10.470984869648605,3.258096538021482,2.302585092994046,3.9443561785184055e-05,3.9442783908373414e-05,8.174702882469461,2.0644946046636603,False,False,False,False,False,True
6.5004185244497705,80.1762114537445,7640.563613231552,0,0,0,0,0,0,0,8.53168763756669,9.91128039696677,1.791759469228055,3.5263605246161616,0.0009858044164037854,0.0009853188303324163,7.360739903058278,2.0186487050933315,False,False,False,False,True,False
6.572705399610349,50.0,7640.563613231552,0,0,0,0,0,0,0,5.407171771460119,9.876992861008846,0.6931471805599453,4.382026634673881,0.0045045045045045045,0.004494389587839267,7.360739903058278,2.0186487050933315,False,False,False,False,True,False
6.195191110040243,73.33333333333333,6112.369742419302,0,0,0,0,0,0,0,7.079184394609668,7.8686083776014435,0.6931471805599453,3.9512437185814275,0.0008431703204047217,0.0008428150519973713,8.028781162487148,1.9991152142115904,False,False,False,True,False,False
6.40169871215857,50.0,41763.20315581854,0,0,0,0,0,0,0,4.418840607796598,9.324495915651033,5.484796933490655,3.295836866004329,2.926829268292683,1.3678322982801552,8.174702882469461,2.0644946046636603,False,False,False,False,False,True
6.6819426705842195,0.0,41763.20315581854,0,0,0,0,0,0,0,8.882946799288174,9.837538159759628,2.5933276030091386,2.995732273553991,0.0017169698450275079,0.0017154975373341146,8.174702882469461,2.0644946046636603,False,False,False,False,False,True
5.879225467208256,90.0,7640.563613231552,0,0,0,0,0,0,0,6.637258031284457,8.024343613012375,0.6931471805599453,2.5649493574615367,0.0013123359580052493,0.0013114755978106555,7.360739903058278,2.0186487050933315,False,False,False,False,True,False
7.01238591944557,72.67904509283821,7640.563613231552,0,0,0,0,0,0,0,10.03341872212816,10.758818794495392,0.6931471805599453,3.9318256327243257,4.390972161236498e-05,4.3908757608671856e-05,7.360739903058278,2.0186487050933315,False,False,False,False,True,False
6.794607080130419,40.0,10412.863802559415,0,0,0,0,0,0,0,6.444131256700441,9.797980786126336,0.6931471805599453,3.1354942159291497,0.0015923566878980893,0.0015910902322419035,7.691200097522863,1.9906184714459416,True,False,False,False,False,False
6.729787773295392,66.66666666666666,4092.5737704918033,0,0,0,0,0,0,0,5.8916442118257715,9.99346311077853,3.713572066704308,3.332204510175204,0.11080332409972299,0.10508346897368831,6.415096959171596,1.8969222823803258,False,False,True,False,False,False
6.836758763437189,74.6938775510204,6112.369742419302,0,0,0,0,0,0,0,9.155356063643422,10.62114172152206,0.6931471805599453,2.772588722239781,0.00010566356720202873,0.00010565798520058575,8.028781162487148,1.9991152142115904,False,False,False,True,False,False
6.700655214370671,78.0241935483871,41763.20315581854,0,0,0,0,0,0,0,9.612867836097005,10.163122590791794,3.2188758248682006,3.295836866004329,0.0016048144433299899,0.0016035281046706375,8.174702882469461,2.0644946046636603,False,False,False,False,False,True
6.5004185244497705,54.54545454545454,7640.563613231552,0,0,0,0,0,0,0,6.871091294610546,9.91128039696677,1.0986122886681098,3.332204510175204,0.0020768431983385254,0.002074689540860297,7.360739903058278,2.0186487050933315,False,False,False,False,True,False
6.801279969075106,0.0,41763.20315581854,0,0,0,0,0,0,0,4.6443908991413725,10.323930083446934,2.6390573296152584,3.367295829986474,0.1262135922330097,0.11886120287672883,8.174702882469461,2.0644946046636603,False,False,False,False,False,True
6.8393549963377245,100.0,10412.863802559415,0,0,0,0,0,0,0,4.762173934797756,10.354711811512182,0.6931471805599453,2.5649493574615367,0.008620689655172414,0.008583743691391435,7.691200097522863,1.9906184714459416,True,False,False,False,False,False
6.846428983406856,78.2435129740519,41763.20315581854,0,0,0,0,0,0,0,10.02042578700401,10.437001171494915,4.30406509320417,2.772588722239781,0.0032473309608540926,0.0032420697684810832,8.174702882469461,2.0644946046636603,False,False,False,False,False,True
6.22747829422649,76.19047619047619,6112.369742419302,0,0,0,0,0,0,0,6.519147287940395,8.715280860702519,0.6931471805599453,2.6390573296152584,0.0014771048744460858,0.0014760150281206794,8.028781162487148,1.9991152142115904,False,False,False,True,False,False
5.879225467208256,50.0,1266.400447427293,0,0,0,0,0,0,0,5.225746673713202,8.024343613012375,0.6931471805599453,2.4849066497880004,0.005405405405405406,0.005390848634876373,6.104793232414985,1.8852953146630171,False,True,False,False,False,False
6.903751145884469,81.15942028985508,41763.20315581854,0,0,0,0,0,0,0,12.249117767071311,10.622727172310324,2.5649493574615367,2.6390573296152584,5.747236537098412e-05,5.747071389789915e-05,8.174702882469461,2.0644946046636603,False,False,False,False,False,True
6.626533453023366,72.09302325581395,10412.863802559415,0,0,0,0,0,0,0,7.29505641646263,9.563059716451976,0.6931471805599453,3.8918202981106265,0.0006793478260869565,0.0006791171738086843,7.691200097522863,1.9906184714459416,True,False,False,False,False,False
6.790816964622494,88.88888888888889,6112.369742419302,0,0,0,0,0,0,0,6.573680166960646,10.438481002726643,0.6931471805599453,3.367295829986474,0.0013986013986013986,0.0013976242666379351,8.028781162487148,1.9991152142115904,False,False,False,True,False,False
6.195191110040243,73.05389221556887,6112.369742419302,0,0,0,0,0,0,0,8.950792138768174,7.8686083776014435,2.5649493574615367,3.7376696182833684,0.0015558148580318942,0.001554605831947057,8.028781162487148,1.9991152142115904,False,False,False,True,False,False
6.630766456365194,68.42105263157895,6112.369742419302,0,0,0,0,0,0,0,7.274479558773871,10.17281749641962,1.6094379124341003,2.833213344056216,0.0027739251040221915,0.0027700848738156096,8.028781162487148,1.9991152142115904,False,False,False,True,False,False
6.26522859704693,0.0,6112.369742419302,0,0,0,0,0,0,0,4.634728988229636,8.33775665141873,0.6931471805599453,3.4339872044851463,0.00980392156862745,0.009756174945364656,8.028781162487148,1.9991152142115904,False,False,False,True,False,False
6.106210567052468,91.66666666666666,4092.5737704918033,0,0,0,0,0,0,0,6.705639094860003,10.427792075670013,0.6931471805599453,2.1972245773362196,0.0012254901960784314,0.0012247398958958697,6.415096959171596,1.8969222823803258,False,False,True,False,False,False
6.672161246825706,81.13404755683304,10412.863802559415,0,0,0,0,0,0,0,11.124007691437571,10.832142703008877,0.6931471805599453,3.1780538303479458,1.4754049986721356e-05,1.4753941146706704e-05,7.691200097522863,1.9906184714459416,True,False,False,False,False,False
6.751797143671785,82.35294117647058,6112.369742419302,0,0,0,0,0,0,0,6.826545223556594,10.176166295747496,1.0986122886681098,2.4849066497880004,0.002171552660152009,0.0021691982475453135,8.028781162487148,1.9991152142115904,False,False,False,True,False,False
6.195191110040243,72.22222222222221,6112.369742419302,0,0,0,0,0,0,0,7.395721608602045,7.8686083776014435,1.0986122886681098,2.5649493574615367,0.0012285012285012285,0.0012277472383223377,8.028781162487148,1.9991152142115904,False,False,False,True,False,False
6.195191110040243,59.84251968503938,6112.369742419302,0,0,0,0,0,0,0,7.957527402230773,7.8686083776014435,1.0986122886681098,3.1354942159291497,0.0007002801120448179,0.0007000350303377084,8.028781162487148,1.9991152142115904,False,False,False,True,False,False
6.40169871215857,50.0,7640.563613231552,0,0,0,0,0,0,0,4.804021044733257,9.324495915651033,0.6931471805599453,2.3978952727983707,0.008264462809917356,0.008230499136515444,7.360739903058278,2.0186487050933315,False,False,False,False,True,False
6.22747829422649,100.0,7640.563613231552,0,0,0,0,0,0,0,4.859812404361672,8.715280860702519,0.6931471805599453,4.174387269895637,0.0078125,0.007782140442054949,7.360739903058278,2.0186487050933315,False,False,False,False,True,False
6.432021861785729,57.14285714285714,6112.369742419302,0,0,0,0,0,0,0,5.883322388488279,9.690983240865329,0.6931471805599453,3.4011973816621555,0.002793296089385475,0.0027894020875785922,8.028781162487148,1.9991152142115904,False,False,False,True,False,False
6.630792347570889,80.92485549132948,4092.5737704918033,0,0,0,0,0,0,0,9.737610048158107,10.256178352463131,3.58351893845611,3.2188758248682006,0.002065871797898713,0.0020637408191373154,6.415096959171596,1.8969222823803258,False,False,True,False,False,False
6.886595082004575,80.29556650246306,6112.369742419302,0,0,0,0,0,0,0,8.411610428841172,10.404229587558916,0.6931471805599453,3.1780538303479458,0.00022232103156958648,0.00022229632191120548,8.028781162487148,1.9991152142115904,False,False,False,True,False,False
6.58558055977916,65.51724137931035,41763.20315581854,0,0,0,0,0,0,0,6.470799503782602,9.56895283095515,3.295836866004329,2.995732273553991,0.040310077519379844,0.03951882017590933,8.174702882469461,2.0644946046636603,False,False,False,False,False,True
5.775788441476067,100.0,1266.400447427293,0,0,0,0,0,0,0,4.356708826689592,8.653460843742746,0.6931471805599453,2.6390573296152584,0.012987012987012988,0.012903404835907782,6.104793232414985,1.8852953146630171,False,True,False,False,False,False
6.840251681496053,81.17647058823529,10412.863802559415,0,0,0,0,0,0,0,8.222016437202196,10.159417568499274,0.6931471805599453,3.6888794541139363,0.0002687449610319806,0.00026870885557349664,7.691200097522863,1.9906184714459416,True,False,False,False,False,False
6.7880059546231815,78.57142857142857,41763.20315581854,0,0,0,0,0,0,0,6.450470422144176,10.137914385399199,3.295836866004329,2.995732273553991,0.04113924050632911,0.04031553717845977,8.174702882469461,2.0644946046636603,False,False,False,False,False,True
6.909654882850925,84.49848024316108,10412.863802559415,0,0,0,0,0,0,0,10.38180031512171,10.43067650511707,0.6931471805599453,3.58351893845611,3.099237587553462e-05,3.0991895621690914e-05,7.691200097522863,1.9906184714459416,True,False,False,False,False,False
6.153171904926564,68.42105263157895,6112.369742419302,0,0,0,0,0,0,0,6.792344427470809,8.19139039754028,1.3862943611198906,2.6390573296152584,0.0033707865168539327,0.003365118150313555,8.028781162487148,1.9991152142115904,False,False,False,True,False,False
6.350998971226217,78.04878048780488,4092.5737704918033,0,0,0,0,0,0,0,6.946975992135418,9.640048031376105,0.6931471805599453,2.833213344056216,0.0009624639076034649,0.0009620010361910629,6.415096959171596,1.8969222823803258,False,False,True,False,False,False
6.195191110040243,60.0,6112.369742419302,0,0,0,0,0,0,0,5.976350909297934,7.8686083776014435,1.0986122886681098,2.833213344056216,0.005089058524173028,0.005076153031860568,8.028781162487148,1.9991152142115904,False,False,False,True,False,False
6.653144694641815,33.33333333333333,41763.20315581854,0,0,0,0,0,0,0,5.365976015021851,10.02128736809093,4.189654742026425,3.091042453358316,0.3051643192488263,0.2663289479812119,8.174702882469461,2.0644946046636603,False,False,False,False,False,True
6.662948251583755,100.0,7640.563613231552,0,0,0,0,0,0,0,4.330733340286331,10.093243666143405,1.0986122886681098,3.8066624897703196,0.02666666666666667,0.026317308317373358,7.360739903058278,2.0186487050933315,False,False,False,False,True,False
6.200225700698335,0.0,10412.863802559415,0,0,0,0,0,0,0,4.1588830833596715,8.919650812943356,0.6931471805599453,3.2188758248682006,0.015873015873015872,0.015748356968139112,7.691200097522863,1.9906184714459416,True,False,False,False,False,False
6.641021319571842,80.0,10412.863802559415,0,0,0,0,0,0,0,7.213031659834869,9.689905519345,0.6931471805599453,3.6109179126442243,0.0007374631268436578,0.0007371913345283562,7.691200097522863,1.9906184714459416,True,False,False,False,False,False
6.878017135367632,79.06403940886699,41763.20315581854,0,0,0,0,0,0,0,9.625953811136162,10.202698798890816,2.5649493574615367,3.4657359027997265,0.0007919746568109821,0.0007916612103660171,8.174702882469461,2.0644946046636603,False,False,False,False,False,True
6.885145721113196,0.0,41763.20315581854,0,0,0,0,0,0,0,10.063478288845069,10.498464106008882,2.5649493574615367,2.70805020110221,0.00051131279560271,0.0005111821197574644,8.174702882469461,2.0644946046636603,False,False,False,False,False,True
6.78725442597025,60.0,41763.20315581854,0,0,0,0,0,0,0,6.966024187106113,10.135362518902104,3.295836866004329,3.1780538303479458,0.024551463644948063,0.024254920373153382,8.174702882469461,2.0644946046636603,False,False,False,False,False,True
6.779782172998328,81.81818181818183,6112.369742419302,0,0,0,0,0,0,0,6.53813982376767,10.42324578946821,1.9459101490553132,3.58351893845611,0.008695652173913044,0.008658062743114531,8.028781162487148,1.9991152142115904,False,False,False,True,False,False
6.823146793508421,80.0,7640.563613231552,0,0,0,0,0,0,0,6.1224928095143865,10.27120685262779,0.6931471805599453,3.6109179126442243,0.002197802197802198,0.002195390563435656,7.360739903058278,2.0186487050933315,False,False,False,False,True,False
6.912720749983493,75.0,6112.369742419302,0,0,0,0,0,0,0,6.049733455231958,10.369468764676839,2.5649493574615367,2.995732273553991,0.028368794326241134,0.027973852042406162,8.028781162487148,1.9991152142115904,False,False,False,True,False,False
6.778581429435354,80.20833333333334,41763.20315581854,0,0,0,0,0,0,0,8.618485442898109,10.636059323854772,3.6888794541139363,2.1972245773362196,0.0070498915401301515,0.007025157236166753,8.174702882469461,2.0644946046636603,False,False,False,False,False,True
6.26522859704693,20.0,6112.369742419302,0,0,0,0,0,0,0,4.762173934797756,8.33775665141873,0.6931471805599453,3.5263605246161616,0.008620689655172414,0.008583743691391435,8.028781162487148,1.9991152142115904,False,False,False,True,False,False
6.40169871215857,66.66666666666666,41763.20315581854,0,0,0,0,0,0,0,5.752572638825633,9.324495915651033,3.2188758248682006,3.367295829986474,0.07643312101910828,0.0736529095747654,8.174702882469461,2.0644946046636603,False,False,False,False,False,True
6.96946932765783,0.0,41763.20315581854,0,0,0,0,0,0,0,10.736940006101278,10.899405114880006,2.5649493574615367,3.332204510175204,0.00026073353033200067,0.0002606995452522765,8.174702882469461,2.0644946046636603,False,False,False,False,False,True
6.541380536432849,33.33333333333333,41763.20315581854,0,0,0,0,0,0,0,5.25227342804663,9.795191746103242,3.9318256327243257,3.2188758248682006,0.2631578947368421,0.2336148511815051,8.174702882469461,2.0644946046636603,False,False,False,False,False,True
6.903793792576419,80.51779935275081,41763.20315581854,0,0,0,0,0,0,0,10.554170766276814,10.568668747671985,3.2188758248682006,2.772588722239781,0.0006260434056761269,0.000625847522253371,8.174702882469461,2.0644946046636603,False,False,False,False,False,True
6.677693639525605,50.0,10412.863802559415,0,0,0,0,0,0,0,6.0844994130751715,9.328032216867232,0.6931471805599453,3.5263605246161616,0.00228310502283105,0.002280502698725303,7.691200097522863,1.9906184714459416,True,False,False,False,False,False
6.530234432518193,61.76470588235294,6112.369742419302,0,0,0,0,0,0,0,6.977281341630747,9.867788312912435,1.0986122886681098,1.0986122886681098,0.0018674136321195146,0.0018656721829496967,8.028781162487148,1.9991152142115904,False,False,False,True,False,False
6.8189263510556275,74.63768115942028,6112.369742419302,0,0,0,0,0,0,0,8.153061946801051,10.438657619934231,2.5649493574615367,3.4339872044851463,0.0034552260293694214,0.0034492704505502472,8.028781162487148,1.9991152142115904,False,False,False,True,False,False
6.838929313847025,78.25396825396825,6112.369742419302,0,0,0,0,0,0,0,9.412464556066316,10.267262337522036,1.0986122886681098,3.6888794541139363,0.00016341204346760355,0.00016339869317410756,8.028781162487148,1.9991152142115904,False,False,False,True,False,False
6.490336269696487,63.41463414634146,41763.20315581854,0,0,0,0,0,0,0,7.388327859577107,8.81811505604364,4.356708826689592,3.091042453358316,0.04764851485148515,0.046548143052094614,8.174702882469461,2.0644946046636603,False,False,False,False,False,True
6.87689765372928,83.99932176567005,41763.20315581854,0,0,0,0,0,0,0,12.953404935148198,10.621760522163289,3.295836866004329,3.1354942159291497,6.157183420125938e-05,6.156993873361171e-05,8.174702882469461,2.0644946046636603,False,False,False,False,False,True
6.864963746442797,79.25211097708083,41763.20315581854,0,0,0,0,0,0,0,10.64354217367223,10.361148041195138,2.6390573296152584,2.1972245773362196,0.0003101145038167939,0.0003100664282529739,8.174702882469461,2.0644946046636603,False,False,False,False,False,True
6.530234432518193,71.42857142857143,6112.369742419302,0,0,0,0,0,0,0,6.184148890937483,9.867788312912435,0.6931471805599453,2.4849066497880004,0.002066115702479339,0.0020639842208514275,8.028781162487148,1.9991152142115904,False,False,False,True,False,False
6.737398107708471,75.22658610271903,41763.20315581854,0,0,0,0,0,0,0,9.563388747859216,9.956004804270933,7.488852955733459,2.772588722239781,0.12555329164617438,0.11827472955172486,8.174702882469461,2.0644946046636603,False,False,False,False,False,True
6.866956441127071,76.40791476407914,41763.20315581854,0,0,0,0,0,0,0,10.031176913677017,10.358395591857708,3.4339872044851463,2.8903717578961645,0.0013202482066628526,0.0013193774453289658,8.174702882469461,2.0644946046636603,False,False,False,False,False,True
6.700655214370671,65.21739130434783,41763.20315581854,0,0,0,0,0,0,0,6.680854678790215,10.163122590791794,1.9459101490553132,2.8903717578961645,0.007537688442211055,0.007509422022131568,8.174702882469461,2.0644946046636603,False,False,False,False,False,True
4.9263479368027125,0.0,10412.863802559415,0,0,0,0,0,0,0,4.189654742026425,8.362349991150289,0.6931471805599453,2.5649493574615367,0.015384615384615385,0.01526747213078838,7.691200097522863,1.9906184714459416,True,False,False,False,False,False
6.644427954689881,0.0,10412.863802559415,0,0,0,0,0,0,0,6.192362489474872,10.127006476019027,0.6931471805599453,3.7612001156935624,0.0020491803278688526,0.002047083621724823,7.691200097522863,1.9906184714459416,True,False,False,False,False,False
6.811381012264531,50.0,10412.863802559415,0,0,0,0,0,0,0,5.181783550292085,9.979170826601703,0.6931471805599453,2.5649493574615367,0.005649717514124294,0.005633817718256064,7.691200097522863,1.9906184714459416,True,False,False,False,False,False
6.5004185244497705,50.0,41763.20315581854,0,0,0,0,0,0,0,5.247024072160486,9.91128039696677,3.784189633918261,2.995732273553991,0.2275132275132275,0.20499035660666753,8.174702882469461,2.0644946046636603,False,False,False,False,False,True
6.5264888547538815,0.0,10412.863802559415,0,0,0,0,0,0,0,4.330733340286331,9.75745455496221,0.6931471805599453,3.8918202981106265,0.013333333333333334,0.013245226750020723,7.691200097522863,1.9906184714459416,True,False,False,False,False,False
6.938714337195415,74.7301411569333,10412.863802559415,0,0,0,0,0,0,0,11.234018115123202,10.546534027410285,0.6931471805599453,3.7376696182833684,1.3217023526301877e-05,1.3216936182216002e-05,7.691200097522863,1.9906184714459416,True,False,False,False,False,False
6.700655214370671,80.98290598290599,41763.20315581854,0,0,0,0,0,0,0,10.148979507514099,10.163122590791794,2.6390573296152584,3.295836866004329,0.000508527616961352,0.000508398360611227,8.174702882469461,2.0644946046636603,False,False,False,False,False,True
5.879225467208256,0.0,41763.20315581854,0,0,0,0,0,0,0,4.997212273764115,8.024343613012375,3.970291913552122,2.1972245773362196,0.35374149659863946,0.3028722379457561,8.174702882469461,2.0644946046636603,False,False,False,False,False,True
6.6659439170014165,79.33884297520662,41763.20315581854,0,0,0,0,0,0,0,8.555451903533328,10.128617602714659,3.044522437723423,2.5649493574615367,0.003850596842510589,0.003843202270753352,8.174702882469461,2.0644946046636603,False,False,False,False,False,True
5.879225467208256,68.56240126382306,7640.563613231552,0,0,0,0,0,0,0,9.52850315168155,8.024343613012375,0.6931471805599453,3.5553480614894135,7.275372862859222e-05,7.275108220453658e-05,7.360739903058278,2.0186487050933315,False,False,False,False,True,False
6.8000853157978725,78.57142857142857,10412.863802559415,0,0,0,0,0,0,0,8.881558488638976,10.196526867901827,0.6931471805599453,3.2188758248682006,0.00013894678338196472,0.0001389371311716673,7.691200097522863,1.9906184714459416,True,False,False,False,False,False
6.490336269696487,0.0,10412.863802559415,0,0,0,0,0,0,0,4.406719247264253,8.81811505604364,0.6931471805599453,4.127134385045092,0.012345679012345678,0.012270092591814401,7.691200097522863,1.9906184714459416,True,False,False,False,False,False
6.885625457752329,77.43467933491686,41763.20315581854,0,0,0,0,0,0,0,9.976598599353451,10.465425245378393,2.6390573296152584,2.995732273553991,0.0006042015244469232,0.0006040190681957489,8.174702882469461,2.0644946046636603,False,False,False,False,False,True
6.585959140352191,62.5,6112.369742419302,0,0,0,0,0,0,0,7.506042178518122,10.097900223963292,1.0986122886681098,2.8903717578961645,0.0011001100110011,0.0010995053334168679,8.028781162487148,1.9991152142115904,False,False,False,True,False,False
6.767541224610549,77.99511002444987,41763.20315581854,0,0,0,0,0,0,0,9.081256218564645,10.355922751208103,2.6390573296152584,3.2188758248682006,0.0014792899408284023,0.0014781968693109652,8.174702882469461,2.0644946046636603,False,False,False,False,False,True
6.5264888547538815,50.0,6112.369742419302,0,0,0,0,0,0,0,4.290459441148391,9.75745455496221,1.0986122886681098,3.7376696182833684,0.027777777777777776,0.027398974188114347,8.028781162487148,1.9991152142115904,False,False,False,True,False,False
6.788310729601363,80.0,10412.863802559415,0,0,0,0,0,0,0,4.919980925828125,9.914078482087426,0.6931471805599453,2.772588722239781,0.007352941176470588,0.007326040092072881,7.691200097522863,1.9906184714459416,True,False,False,False,False,False
6.533460182210016,73.5576923076923,6112.369742419302,0,0,0,0,0,0,0,8.911799556189527,9.853260725370149,1.0986122886681098,3.6375861597263857,0.00026961445133459155,0.0002695781118899831,8.028781162487148,1.9991152142115904,False,False,False,True,False,False
6.825447937838175,85.31157270029674,41763.20315581854,0,0,0,0,0,0,0,10.406895734974256,10.660611579549197,2.6390573296152584,2.3978952727983707,0.0003929154325092184,0.00039283826145455165,8.174702882469461,2.0644946046636603,False,False,False,False,False,True
6.6895706804849455,78.82352941176471,7640.563613231552,0,0,0,0,0,0,0,8.452121194672523,10.450657432904706,1.3862943611198906,3.713572066704308,0.0006404782237403928,0.0006402732050981298,7.360739903058278,2.0186487050933315,False,False,False,False,True,False
6.638243832197137,80.0,10412.863802559415,0,0,0,0,0,0,0,7.113956109566034,10.118310337677755,0.6931471805599453,3.4965075614664802,0.0008143322475570033,0.000814000858946938,7.691200097522863,1.9906184714459416,True,False,False,False,False,False
6.7728198451635695,33.33333333333333,10412.863802559415,0,0,0,0,0,0,0,5.6131281063880705,9.293585506586053,0.6931471805599453,3.871201010907891,0.003663003663003663,0.003656311203110479,7.691200097522863,1.9906184714459416,True,False,False,False,False,False
6.724853159353965,73.75,7640.563613231552,0,0,0,0,0,0,0,7.695757990554761,10.218477105581716,2.0794415416798357,3.6888794541139363,0.0031847133757961785,0.0031796529173798056,7.360739903058278,2.0186487050933315,False,False,False,False,True,False
6.66391737475365,70.0,10412.863802559415,0,0,0,0,0,0,0,6.942156705699469,9.799753131264394,0.6931471805599453,3.9318256327243257,0.0009671179883945841,0.000966650631094974,7.691200097522863,1.9906184714459416,True,False,False,False,False,False
6.195191110040243,54.54545454545454,6112.369742419302,0,0,0,0,0,0,0,6.925595197110468,7.8686083776014435,1.9459101490553132,2.5649493574615367,0.0058997050147492625,0.005882369903066613,8.028781162487148,1.9991152142115904,False,False,False,True,False,False
6.548792989998894,0.0,6112.369742419302,0,0,0,0,0,0,0,3.8066624897703196,9.223228522439266,0.6931471805599453,2.9444389791664403,0.022727272727272728,0.022472855852058576,8.028781162487148,1.9991152142115904,False,False,False,True,False,False
6.818850027557036,76.10619469026548,7640.563613231552,0,0,0,0,0,0,0,8.002694162283937,10.401186759828693,0.6931471805599453,2.70805020110221,0.00033467202141900936,0.000334616031229938,7.360739903058278,2.0186487050933315,False,False,False,False,True,False
6.8059761534885554,0.0,7640.563613231552,0,0,0,0,0,0,0,4.6913478822291435,9.914218989491387,0.6931471805599453,4.48863636973214,0.009259259259259259,0.009216655104924048,7.360739903058278,2.0186487050933315,False,False,False,False,True,False
6.87795926287492,50.0,10412.863802559415,0,0,0,0,0,0,0,10.307952160310709,10.342428794119181,0.6931471805599453,2.6390573296152584,3.3367813407187425e-05,3.336725671413475e-05,7.691200097522863,1.9906184714459416,True,False,False,False,False,False
6.638243832197137,70.37037037037037,6112.369742419302,0,0,0,0,0,0,0,7.107425474110705,10.118310337677755,1.3862943611198906,2.8903717578961645,0.002459016393442623,0.0024559979598700824,8.028781162487148,1.9991152142115904,False,False,False,True,False,False
6.890338018266329,81.2394366197183,10412.863802559415,0,0,0,0,0,0,0,10.705264897621522,10.521209139977445,0.6931471805599453,3.6109179126442243,2.2427056000358834e-05,2.2426804517646616e-05,7.691200097522863,1.9906184714459416,True,False,False,False,False,False
6.821390774229094,0.0,6112.369742419302,0,0,0,0,0,0,0,4.997212273764115,10.314250112380222,0.6931471805599453,4.110873864173311,0.006802721088435374,0.006779686985378769,8.028781162487148,1.9991152142115904,False,False,False,True,False,False
6.724256288854555,68.29268292682927,6112.369742419302,0,0,0,0,0,0,0,8.442038517815478,10.091309545296372,0.6931471805599453,3.8501476017100584,0.00021565667457407807,0.00021563342401618172,8.028781162487148,1.9991152142115904,False,False,False,True,False,False
6.797217703082447,77.73654916512059,10412.863802559415,0,0,0,0,0,0,0,9.881548645017373,10.300351210911103,0.6931471805599453,4.02535169073515,5.111167901865576e-05,5.1110372861363065e-05,7.691200097522863,1.9906184714459416,True,False,False,False,False,False
6.8697529348725315,81.57894736842105,41763.20315581854,0,0,0,0,0,0,0,10.872143004616145,10.665471687833465,2.5649493574615367,3.9512437185814275,0.00022776016854252472,0.00022773423513300437,8.174702882469461,2.0644946046636603,False,False,False,False,False,True
6.794607080130419,82.35294117647058,10412.863802559415,0,0,0,0,0,0,0,7.415776975415394,9.797980786126336,0.6931471805599453,2.70805020110221,0.0006020469596628537,0.0006018658020985906,7.691200097522863,1.9906184714459416,True,False,False,False,False,False
6.7407259017789665,66.66666666666666,7640.563613231552,0,0,0,0,0,0,0,7.119635638017636,10.074209079303039,0.6931471805599453,2.833213344056216,0.0008097165991902834,0.0008093889555584958,7.360739903058278,2.0186487050933315,False,False,False,False,True,False
6.759224938434093,0.0,6112.369742419302,0,0,0,0,0,0,0,5.19295685089021,9.967730591475465,1.0986122886681098,2.8903717578961645,0.0111731843575419,0.011111225425070849,8.028781162487148,1.9991152142115904,False,False,False,True,False,False
6.872724838781157,75.58275058275058,6112.369742419302,0,0,0,0,0,0,0,10.4300782518805,10.448627319059822,0.6931471805599453,3.6635616461296463,2.9531628373988543e-05,2.953119232409416e-05,8.028781162487148,1.9991152142115904,False,False,False,True,False,False
6.836335151609738,76.30979498861048,6112.369742419302,0,0,0,0,0,0,0,8.895355616996392,10.073010932873734,1.0986122886681098,2.9444389791664403,0.0002740852405097985,0.0002740476860122689,8.028781162487148,1.9991152142115904,False,False,False,True,False,False
6.5004185244497705,84.61538461538461,41763.20315581854,0,0,0,0,0,0,0,7.024649030453636,9.91128039696677,2.5649493574615367,3.7376696182833684,0.01068566340160285,0.010628975177059838,8.174702882469461,2.0644946046636603,False,False,False,False,False,True
6.698349863309581,78.26086956521739,7640.563613231552,0,0,0,0,0,0,0,7.107425474110705,9.975061436184497,3.9512437185814275,3.871201010907891,0.04180327868852459,0.040953133462151736,7.360739903058278,2.0186487050933315,False,False,False,False,True,False
6.5004185244497705,0.0,4092.5737704918033,0,0,0,0,0,0,0,3.9512437185814275,9.91128039696677,2.5933276030091386,3.332204510175204,0.24263140535516176,0.21723123223372748,6.415096959171596,1.8969222823803258,False,False,True,False,False,False
6.5004185244497705,63.73626373626373,6112.369742419302,0,0,0,0,0,0,0,7.71333788887187,9.91128039696677,1.6094379124341003,3.295836866004329,0.001788109074653554,0.00178651231079749,8.028781162487148,1.9991152142115904,False,False,False,True,False,False
6.865589542548404,72.96093214530501,10412.863802559415,0,0,0,0,0,0,0,10.8187777840767,10.41825505771094,0.6931471805599453,4.174387269895637,2.002042082924583e-05,2.0020220423208496e-05,7.691200097522863,1.9906184714459416,True,False,False,False,False,False
6.810822042773845,0.0,41763.20315581854,0,0,0,0,0,0,0,4.465908118654584,10.090738750324451,5.056245805348308,3.1354942159291497,1.813953488372093,1.0345904299031785,8.174702882469461,2.0644946046636603,False,False,False,False,False,True
6.656742855195437,77.4798927613941,41763.20315581854,0,0,0,0,0,0,0,9.865110483415124,10.300277092579776,2.5649493574615367,2.772588722239781,0.0006235061831029824,0.0006233118838831597,8.174702882469461,2.0644946046636603,False,False,False,False,False,True
4.9263479368027125,100.0,10412.863802559415,0,0,0,0,0,0,0,4.890349128221754,8.362349991150289,0.6931471805599453,3.871201010907891,0.007575757575757576,0.007547205635382904,7.691200097522863,1.9906184714459416,True,False,False,False,False,False
6.818850027557036,80.24213075060533,41763.20315581854,0,0,0,0,0,0,0,11.242323362496316,10.401186759828693,2.6390573296152584,2.302585092994046,0.00017040017826480187,0.0001703856618034233,8.174702882469461,2.0644946046636603,False,False,False,False,False,True
6.794607080130419,75.0,10412.863802559415,0,0,0,0,0,0,0,5.902633333401366,9.797980786126336,0.6931471805599453,3.784189633918261,0.0027397260273972603,0.0027359798188748455,7.691200097522863,1.9906184714459416,True,False,False,False,False,False
6.842297549793959,77.29729729729729,7640.563613231552,0,0,0,0,0,0,0,9.123038043573386,10.316283777434755,1.6094379124341003,3.784189633918261,0.00043653825166430207,0.0004364429965623038,7.360739903058278,2.0186487050933315,False,False,False,False,True,False
5.775788441476067,100.0,1266.400447427293,0,0,0,0,0,0,0,4.060443010546419,8.653460843742746,0.6931471805599453,3.091042453358316,0.017543859649122806,0.01739174271186924,6.104793232414985,1.8852953146630171,False,True,False,False,False,False
6.9628532979221385,82.57153474544779,41763.20315581854,0,0,0,0,0,0,0,12.91989951963162,10.763749346307385,2.5649493574615367,2.70805020110221,2.93860519104607e-05,2.9385620148931082e-05,8.174702882469461,2.0644946046636603,False,False,False,False,False,True
6.876922260876517,82.62692128551467,41763.20315581854,0,0,0,0,0,0,0,12.224005879540199,10.561400037668186,2.5649493574615367,3.258096538021482,5.8933886002219846e-05,5.893214946896639e-05,8.174702882469461,2.0644946046636603,False,False,False,False,False,True
6.677693639525605,72.72727272727273,10412.863802559415,0,0,0,0,0,0,0,6.150602768446279,9.328032216867232,0.6931471805599453,3.258096538021482,0.002136752136752137,0.0021344725286326196,7.691200097522863,1.9906184714459416,True,False,False,False,False,False
6.779782172998328,69.56521739130434,10412.863802559415,0,0,0,0,0,0,0,6.4967749901858625,10.42324578946821,0.6931471805599453,2.9444389791664403,0.0015105740181268882,0.0015094342488543404,7.691200097522863,1.9906184714459416,True,False,False,False,False,False
6.195191110040243,70.47619047619048,6112.369742419302,0,0,0,0,0,0,0,7.81923445385907,7.8686083776014435,1.0986122886681098,2.1972245773362196,0.0008041817450743868,0.0008038585641873019,8.028781162487148,1.9991152142115904,False,False,False,True,False,False
5.879225467208256,0.0,1266.400447427293,0,0,0,0,0,0,0,4.532599493153256,8.024343613012375,0.6931471805599453,2.5649493574615367,0.010869565217391304,0.010810916104215676,6.104793232414985,1.8852953146630171,False,True,False,False,False,False
6.795992294212215,83.58778625954199,6112.369742419302,0,0,0,0,0,0,0,9.468464892185638,10.244205077077597,0.6931471805599453,3.5263605246161616,7.725587144622991e-05,7.725288736499019e-05,8.028781162487148,1.9991152142115904,False,False,False,True,False,False
6.8536771222611135,73.6024844720497,7640.563613231552,0,0,0,0,0,0,0,9.3729692954244,10.356631814037343,0.6931471805599453,3.784189633918261,8.499787505312367e-05,8.499426293852579e-05,7.360739903058278,2.0186487050933315,False,False,False,False,True,False
6.816209798699278,81.67053364269141,41763.20315581854,0,0,0,0,0,0,0,9.426257878198653,10.266904415077516,2.5649493574615367,3.044522437723423,0.0009670400515754694,0.0009665727695742187,8.174702882469461,2.0644946046636603,False,False,False,False,False,True
6.836119669363083,73.93364928909952,7640.563613231552,0,0,0,0,0,0,0,8.977651407818442,10.184762378297059,0.6931471805599453,3.4965075614664802,0.00012621481761958855,0.00012620685319959246,7.360739903058278,2.0186487050933315,False,False,False,False,True,False
6.748850518355393,82.4643384161338,41763.20315581854,0,0,0,0,0,0,0,11.612508322056724,10.574093118844061,2.5649493574615367,2.995732273553991,0.00010862677650040735,0.00010862087703941157,8.174702882469461,2.0644946046636603,False,False,False,False,False,True
6.901913240256757,80.15873015873017,41763.20315581854,0,0,0,0,0,0,0,9.735660441892627,10.503296957042991,2.5649493574615367,2.8903717578961645,0.0007096812348453487,0.0007094295301973962,8.174702882469461,2.0644946046636603,False,False,False,False,False,True
6.911746264844299,0.0,41763.20315581854,0,0,0,0,0,0,0,8.19671240721307,10.599554633331612,2.5933276030091386,3.4965075614664802,0.003410750185532869,0.0034049467693768234,8.174702882469461,2.0644946046636603,False,False,False,False,False,True
5.558589488847307,100.0,7640.563613231552,0,0,0,0,0,0,0,4.499809670330265,5.858417164315927,0.6931471805599453,3.091042453358316,0.011235955056179775,0.011173300598125255,7.360739903058278,2.0186487050933315,False,False,False,False,True,False
6.635415443929664,64.66666666666666,7640.563613231552,0,0,0,0,0,0,0,8.565983355585669,10.320263636488697,1.3862943611198906,3.9889840465642745,0.0005715374357020385,0.0005713741703870342,7.360739903058278,2.0186487050933315,False,False,False,False,True,False
5.7918085106382975,75.0,4092.5737704918033,0,0,0,0,0,0,0,7.959625305098115,7.751630876729169,0.6931471805599453,3.4011973816621555,0.00034940600978336826,0.0003493449817187467,6.415096959171596,1.8969222823803258,False,False,True,False,False,False
6.733959772080677,79.49790794979079,4092.5737704918033,0,0,0,0,0,0,0,9.971940278170571,10.36835227835118,3.044522437723423,3.4011973816621555,0.0009338812103100486,0.0009334454145525178,6.415096959171596,1.8969222823803258,False,False,True,False,False,False
6.5004185244497705,100.0,7640.563613231552,0,0,0,0,0,0,0,4.820281565605037,9.91128039696677,0.6931471805599453,4.143134726391533,0.008130081300813009,0.008097210232619303,7.360739903058278,2.0186487050933315,False,False,False,False,True,False
6.66391737475365,64.0,10412.863802559415,0,0,0,0,0,0,0,8.659733878198347,9.799753131264394,0.6931471805599453,3.6109179126442243,0.00017346053772766696,0.000173445495188135,7.691200097522863,1.9906184714459416,True,False,False,False,False,False
6.510263751421897,66.66666666666666,4092.5737704918033,0,0,0,0,0,0,0,5.638354669333745,9.93043086016947,1.6094379124341003,3.1354942159291497,0.014285714285714285,0.014184634991956381,6.415096959171596,1.8969222823803258,False,False,True,False,False,False
5.879225467208256,69.44444444444444,1266.400447427293,0,0,0,0,0,0,0,8.653470809708786,8.024343613012375,0.6931471805599453,2.8903717578961645,0.00017455053237912376,0.00017453530020745606,6.104793232414985,1.8852953146630171,False,True,False,False,False,False
5.879225467208256,74.64788732394366,1266.400447427293,0,0,0,0,0,0,0,7.551186867296149,8.024343613012375,0.6931471805599453,2.995732273553991,0.0005257623554153522,0.0005256241908138728,6.104793232414985,1.8852953146630171,False,True,False,False,False,False
6.799447922681467,71.42857142857143,41763.20315581854,0,0,0,0,0,0,0,7.261225091971921,10.401419368506971,3.6375861597263857,1.9459101490553132,0.02600140548137737,0.02566911661252969,8.174702882469461,2.0644946046636603,False,False,False,False,False,True
6.801305199251226,78.69565217391305,7640.563613231552,0,0,0,0,0,0,0,8.277920258172143,10.691628402533764,1.6094379124341003,2.995732273553991,0.0010165184243964421,0.001016002119402263,7.360739903058278,2.0186487050933315,False,False,False,False,True,False
6.925007357097154,82.6086956521739,6112.369742419302,0,0,0,0,0,0,0,7.180069874302796,10.493978613557319,0.6931471805599453,2.3978952727983707,0.0007621951219512195,0.000761904798761809,8.028781162487148,1.9991152142115904,False,False,False,True,False,False
6.911270384486426,81.86738836265224,41763.20315581854,0,0,0,0,0,0,0,11.044248954712396,10.487910845375799,2.6390573296152584,3.332204510175204,0.0002077274615704196,0.00020770588920863492,8.174702882469461,2.0644946046636603,False,False,False,False,False,True
6.662948251583755,60.86956521739131,7640.563613231552,0,0,0,0,0,0,0,7.998335395952982,10.093243666143405,1.0986122886681098,3.58351893845611,0.0006722689075630252,0.0006720430360463363,7.360739903058278,2.0186487050933315,False,False,False,False,True,False
5.775788441476067,100.0,1266.400447427293,0,0,0,0,0,0,0,4.762173934797756,8.653460843742746,0.6931471805599453,2.3978952727983707,0.008620689655172414,0.008583743691391435,6.104793232414985,1.8852953146630171,False,True,False,False,False,False
6.898186709756097,72.64150943396226,6112.369742419302,0,0,0,0,0,0,0,9.656115343487846,10.640116391293107,1.3862943611198906,3.828641396489095,0.00019211065573770491,0.00019209220484866707,8.028781162487148,1.9991152142115904,False,False,False,True,False,False
6.726465955361014,64.70588235294117,10412.863802559415,0,0,0,0,0,0,0,7.046647277848756,10.24608621969221,0.6931471805599453,4.143134726391533,0.0008710801393728223,0.000870700969243891,7.691200097522863,1.9906184714459416,True,False,False,False,False,False
6.886595082004575,77.03703703703704,6112.369742419302,0,0,0,0,0,0,0,7.9603236291488395,10.404229587558916,2.70805020110221,2.70805020110221,0.004888268156424581,0.0048763593667769355,8.028781162487148,1.9991152142115904,False,False,False,True,False,False
6.869882264560972,69.44444444444444,41763.20315581854,0,0,0,0,0,0,0,7.2909747781429814,10.481633026049646,3.9512437185814275,2.3978952727983707,0.034788540245566164,0.034197096901935384,8.174702882469461,2.0644946046636603,False,False,False,False,False,True
6.808518958862161,81.71806167400881,6112.369742419302,0,0,0,0,0,0,0,9.012742727629712,10.427076252758635,1.0986122886681098,2.995732273553991,0.00024372410431391665,0.00024369440841929649,8.028781162487148,1.9991152142115904,False,False,False,True,False,False
5.7918085106382975,100.0,4092.5737704918033,0,0,0,0,0,0,0,4.477336814478207,7.751630876729169,2.0794415416798357,3.295836866004329,0.08045977011494253,0.0773866636154202,6.415096959171596,1.8969222823803258,False,False,True,False,False,False
6.824542885368528,80.71065989847716,6112.369742419302,0,0,0,0,0,0,0,8.72534492491121,10.051846796367416,1.3862943611198906,2.70805020110221,0.0004873294346978557,0.00048721072827343214,8.028781162487148,1.9991152142115904,False,False,False,True,False,False
7.014811230547079,85.95482546201232,41763.20315581854,0,0,0,0,0,0,0,11.550500594123315,10.802361970062986,3.2188758248682006,2.3978952727983707,0.00023115151982124282,0.00023112480842484275,8.174702882469461,2.0644946046636603,False,False,False,False,False,True
5.879225467208256,90.0,1266.400447427293,0,0,0,0,0,0,0,5.62040086571715,8.024343613012375,0.6931471805599453,2.1972245773362196,0.0036363636363636364,0.003629768050578731,6.104793232414985,1.8852953146630171,False,True,False,False,False,False
6.195191110040243,55.172413793103445,6112.369742419302,0,0,0,0,0,0,0,6.9650803456014065,7.8686083776014435,1.0986122886681098,3.2188758248682006,0.001890359168241966,0.0018885746878681546,8.028781162487148,1.9991152142115904,False,False,False,True,False,False
6.9287223551536545,81.56445097319134,41763.20315581854,0,0,0,0,0,0,0,12.080940168772623,10.47435829700985,3.258096538021482,3.5553480614894135,0.00014166312508853945,0.0001416530918156118,8.174702882469461,2.0644946046636603,False,False,False,False,False,True
6.6934802647434,88.88888888888889,41763.20315581854,0,0,0,0,0,0,0,7.23561914106675,9.704945179459122,3.295836866004329,2.833213344056216,0.018745493871665464,0.01857196236969574,8.174702882469461,2.0644946046636603,False,False,False,False,False,True
5.879225467208256,76.42276422764228,1266.400447427293,0,0,0,0,0,0,0,7.650168700845001,8.024343613012375,0.6931471805599453,2.0794415416798357,0.0004761904761904762,0.00047607713348609505,6.104793232414985,1.8852953146630171,False,True,False,False,False,False
6.195191110040243,74.11764705882354,6112.369742419302,0,0,0,0,0,0,0,7.907651594711089,7.8686083776014435,0.6931471805599453,3.5553480614894135,0.000368052999631947,0.00036798528474127427,8.028781162487148,1.9991152142115904,False,False,False,True,False,False
6.911270384486426,82.2872340425532,41763.20315581854,0,0,0,0,0,0,0,10.637920620001616,10.487910845375799,2.6390573296152584,3.6109179126442243,0.0003118627803766343,0.0003118141612878163,8.174702882469461,2.0644946046636603,False,False,False,False,False,True
6.802670926078823,74.83443708609272,6112.369742419302,0,0,0,0,0,0,0,10.563052096078946,10.431729956458748,1.0986122886681098,3.295836866004329,5.170898185014737e-05,5.170764498682343e-05,8.028781162487148,1.9991152142115904,False,False,False,True,False,False
6.84893481635392,67.85714285714286,41763.20315581854,0,0,0,0,0,0,0,7.3938782901077555,10.17777720847506,3.6635616461296463,3.6375861597263857,0.023384615384615386,0.02311538442908977,8.174702882469461,2.0644946046636603,False,False,False,False,False,True
6.195191110040243,71.42857142857143,6112.369742419302,0,0,0,0,0,0,0,8.630700432209832,7.8686083776014435,1.0986122886681098,2.9444389791664403,0.00035714285714285714,0.00035707909681331973,8.028781162487148,1.9991152142115904,False,False,False,True,False,False
6.6658924439485645,100.0,4092.5737704918033,0,0,0,0,0,0,0,5.0369526024136295,10.349466423357162,1.3862943611198906,2.1972245773362196,0.0196078431372549,0.019418085857101516,6.415096959171596,1.8969222823803258,False,False,True,False,False,False
6.195191110040243,66.15384615384615,6112.369742419302,0,0,0,0,0,0,0,8.087332926473351,7.8686083776014435,0.6931471805599453,2.4849066497880004,0.0003075030750307503,0.0003074558056502966,8.028781162487148,1.9991152142115904,False,False,False,True,False,False
6.653684265572153,66.66666666666666,6112.369742419302,0,0,0,0,0,0,0,4.290459441148391,9.434818900558579,0.6931471805599453,3.828641396489095,0.013888888888888888,0.01379332213233577,8.028781162487148,1.9991152142115904,False,False,False,True,False,False
6.894307060164043,68.0,10412.863802559415,0,0,0,0,0,0,0,6.55250788703459,10.371185843449265,0.6931471805599453,3.258096538021482,0.0014285714285714286,0.0014275519911853237,7.691200097522863,1.9906184714459416,True,False,False,False,False,False
6.5004185244497705,0.0,7640.563613231552,0,0,0,0,0,0,0,3.295836866004329,9.91128039696677,1.6094379124341003,4.499809670330265,0.15384615384615385,0.14310084364067324,7.360739903058278,2.0186487050933315,False,False,False,False,True,False
6.548792989998894,0.0,6112.369742419302,0,0,0,0,0,0,0,3.828641396489095,9.223228522439266,0.6931471805599453,3.091042453358316,0.022222222222222223,0.021978906718775167,8.028781162487148,1.9991152142115904,False,False,False,True,False,False
6.195191110040243,66.15384615384615,6112.369742419302,0,0,0,0,0,0,0,7.4133673356952405,7.8686083776014435,1.0986122886681098,3.1354942159291497,0.0012070006035003018,0.001206272763881596,8.028781162487148,1.9991152142115904,False,False,False,True,False,False
6.726881389735055,86.66666666666667,10412.863802559415,0,0,0,0,0,0,0,6.0063531596017325,9.920300326844044,0.6931471805599453,3.2188758248682006,0.0024691358024691358,0.0024660924951934683,7.691200097522863,1.9906184714459416,True,False,False,False,False,False
5.558589488847307,100.0,10412.863802559415,0,0,0,0,0,0,0,4.532599493153256,5.858417164315927,0.6931471805599453,3.4339872044851463,0.010869565217391304,0.010810916104215676,7.691200097522863,1.9906184714459416,True,False,False,False,False,False
6.838929313847025,80.5,6112.369742419302,0,0,0,0,0,0,0,9.812194294089737,10.267262337522036,1.9459101490553132,3.332204510175204,0.0003286950805302947,0.00032864107213690573,8.028781162487148,1.9991152142115904,False,False,False,True,False,False
6.5264888547538815,0.0,41763.20315581854,0,0,0,0,0,0,0,6.846943139585379,9.75745455496221,2.5933276030091386,2.9444389791664403,0.013164044333099202,0.01307815128030261,8.174702882469461,2.0644946046636603,False,False,False,False,False,True
6.899798396766862,55.172413793103445,7640.563613231552,0,0,0,0,0,0,0,7.889084407035514,10.427916688803025,1.0986122886681098,3.044522437723423,0.0007499062617172854,0.0007496252225099196,7.360739903058278,2.0186487050933315,False,False,False,False,True,False
6.715834560220714,84.84848484848484,6112.369742419302,0,0,0,0,0,0,0,6.859614903654202,10.195100444742415,1.0986122886681098,2.70805020110221,0.0021008403361344537,0.0020986366569212054,8.028781162487148,1.9991152142115904,False,False,False,True,False,False
6.754818962416433,0.0,41763.20315581854,0,0,0,0,0,0,0,4.867534450455582,10.53249559764114,2.5933276030091386,4.110873864173311,0.0959240439776221,0.09159788318413827,8.174702882469461,2.0644946046636603,False,False,False,False,False,True
6.622168674698795,50.0,6112.369742419302,0,0,0,0,0,0,0,5.986452005284438,9.89558775645304,0.6931471805599453,2.772588722239781,0.0025188916876574307,0.0025157245972473705,8.028781162487148,1.9991152142115904,False,False,False,True,False,False
6.772442409641736,74.40381558028616,7640.563613231552,0,0,0,0,0,0,0,10.166851317336702,10.315113955906533,1.9459101490553132,3.5553480614894135,0.00023054755043227666,0.00023052097842977048,7.360739903058278,2.0186487050933315,False,False,False,False,True,False
6.832649884582268,77.88184438040345,6112.369742419302,0,0,0,0,0,0,0,10.257168017494532,10.156056370887983,1.3862943611198906,3.6635616461296463,0.00010531858873091101,0.00010531304311777499,8.028781162487148,1.9991152142115904,False,False,False,True,False,False
6.86228723736527,81.37931034482759,10412.863802559415,0,0,0,0,0,0,0,9.926227039505617,10.657676003296745,0.6931471805599453,3.58351893845611,4.8878244293464976e-05,4.887704979110049e-05,7.691200097522863,1.9906184714459416,True,False,False,False,False,False
6.6755635503297155,82.06896551724138,6112.369742419302,0,0,0,0,0,0,0,8.177796683277778,10.294318737965854,1.6094379124341003,3.8066624897703196,0.0011235955056179776,0.0011229647446237235,8.028781162487148,1.9991152142115904,False,False,False,True,False,False
5.558589488847307,0.0,41763.20315581854,0,0,0,0,0,0,0,3.6888794541139363,5.858417164315927,3.044522437723423,2.6390573296152584,0.5128205128205128,0.413975797776073,8.174702882469461,2.0644946046636603,False,False,False,False,False,True
6.962751484464189,79.48717948717949,41763.20315581854,0,0,0,0,0,0,0,9.031572493381526,10.71613586485885,3.2188758248682006,1.791759469228055,0.0028701267639320736,0.0028660158141977352,8.174702882469461,2.0644946046636603,False,False,False,False,False,True
6.800166494369348,25.0,41763.20315581854,0,0,0,0,0,0,0,5.3612921657094255,10.407158941641097,3.295836866004329,3.4965075614664802,0.12264150943396226,0.11568439899946231,8.174702882469461,2.0644946046636603,False,False,False,False,False,True
5.558589488847307,50.0,6112.369742419302,0,0,0,0,0,0,0,4.718498871295094,5.858417164315927,0.6931471805599453,3.6888794541139363,0.009009009009009009,0.008968669982760316,8.028781162487148,1.9991152142115904,False,False,False,True,False,False
5.7918085106382975,0.0,6112.369742419302,0,0,0,0,0,0,0,4.465908118654584,7.751630876729169,3.044522437723423,2.70805020110221,0.23255813953488372,0.2090917978585594,8.028781162487148,1.9991152142115904,False,False,False,True,False,False
6.614435089331892,84.73205257836199,41763.20315581854,0,0,0,0,0,0,0,10.048712804688908,10.034009404199399,2.5649493574615367,2.995732273553991,0.0005189189189189189,0.0005187843270562661,8.174702882469461,2.0644946046636603,False,False,False,False,False,True
6.195191110040243,66.66666666666666,6112.369742419302,0,0,0,0,0,0,0,7.8328075165248645,7.8686083776014435,1.0986122886681098,3.5553480614894135,0.0007933359777865926,0.0007930214531378529,8.028781162487148,1.9991152142115904,False,False,False,True,False,False
6.5004185244497705,0.0,41763.20315581854,0,0,0,0,0,0,0,4.564348191467836,9.91128039696677,2.3978952727983707,3.4339872044851463,0.10526315789473684,0.10008345855698243,8.174702882469461,2.0644946046636603,False,False,False,False,False,True
6.5004185244497705,60.0,10412.863802559415,0,0,0,0,0,0,0,5.313205979041787,9.91128039696677,0.6931471805599453,2.1972245773362196,0.0049504950495049506,0.004938281640582577,7.691200097522863,1.9906184714459416,True,False,False,False,False,False
6.106210567052468,71.42857142857143,41763.20315581854,0,0,0,0,0,0,0,6.45833828334479,10.427792075670013,3.58351893845611,3.784189633918261,0.054945054945054944,0.05348868495098622,8.174702882469461,2.0644946046636603,False,False,False,False,False,True
6.911270384486426,80.15320334261838,41763.20315581854,0,0,0,0,0,0,0,10.475681051249266,10.487910845375799,3.295836866004329,3.6109179126442243,0.0007335929123638621,0.0007333239646075061,8.174702882469461,2.0644946046636603,False,False,False,False,False,True
6.289007148338809,84.05797101449275,10412.863802559415,0,0,0,0,0,0,0,7.7752758464868625,7.921587131345857,0.6931471805599453,2.3978952727983707,0.0004201680672268908,0.0004200798213424005,7.691200097522863,1.9906184714459416,True,False,False,False,False,False
6.827850625188941,75.43859649122807,41763.20315581854,0,0,0,0,0,0,0,7.447751280047908,9.960021534452826,3.8918202981106265,3.58351893845611,0.027988338192419825,0.02760382279782986,8.174702882469461,2.0644946046636603,False,False,False,False,False,True
6.764465840959698,82.34385061171925,41763.20315581854,0,0,0,0,0,0,0,12.179687601585462,10.329557543516108,2.6390573296152584,3.8066624897703196,6.673819632323875e-05,6.673596942895606e-05,8.174702882469461,2.0644946046636603,False,False,False,False,False,True
6.178204441924253,69.36936936936937,6112.369742419302,0,0,0,0,0,0,0,8.495765244002618,8.556962269919833,1.9459101490553132,3.258096538021482,0.001226241569589209,0.001225490349451203,8.028781162487148,1.9991152142115904,False,False,False,True,False,False
6.507792820003855,83.61581920903954,10412.863802559415,0,0,0,0,0,0,0,9.213435576883485,10.40618599201978,0.6931471805599453,2.3978952727983707,9.970089730807577e-05,9.969592750390608e-05,7.691200097522863,1.9906184714459416,True,False,False,False,False,False
6.802233338507634,80.18501939719486,41763.20315581854,0,0,0,0,0,0,0,11.49078210028454,10.345925855493027,2.6390573296152584,2.1972245773362196,0.00013291210420308968,0.00013290327217193435,8.174702882469461,2.0644946046636603,False,False,False,False,False,True
6.5792227772955725,86.008719778042,41763.20315581854,0,0,0,0,0,0,0,11.32728239806388,10.089198830976853,3.258096538021482,2.1972245773362196,0.0003010017337699865,0.0003009564418364406,8.174702882469461,2.0644946046636603,False,False,False,False,False,True
6.677693639525605,25.0,6112.369742419302,0,0,0,0,0,0,0,5.831882477283517,9.328032216867232,0.6931471805599453,2.8903717578961645,0.0029411764705882353,0.0029368596733097057,8.028781162487148,1.9991152142115904,False,False,False,True,False,False
6.778371967850202,85.49222797927462,10412.863802559415,0,0,0,0,0,0,0,8.301273485191347,10.44611879933651,0.6931471805599453,2.70805020110221,0.00024826216484607745,0.0002482313528943557,7.691200097522863,1.9906184714459416,True,False,False,False,False,False
6.843630550882726,84.14351851851852,41763.20315581854,0,0,0,0,0,0,0,11.107165313341005,10.487898073775016,3.828641396489095,2.5649493574615367,0.0006752093148876152,0.0006749814636372592,8.174702882469461,2.0644946046636603,False,False,False,False,False,True
6.859597488328051,81.5028901734104,41763.20315581854,0,0,0,0,0,0,0,8.971194463184467,10.412979349009845,3.295836866004329,3.4011973816621555,0.0033028455284552847,0.0032974031145054793,8.174702882469461,2.0644946046636603,False,False,False,False,False,True
6.873717572593431,77.78422273781904,41763.20315581854,0,0,0,0,0,0,0,10.8693871609623,10.608746269449368,2.5649493574615367,3.4011973816621555,0.00022838871759735068,0.0002283626408645213,8.174702882469461,2.0644946046636603,False,False,False,False,False,True
6.608354723274798,76.81159420289855,41763.20315581854,0,0,0,0,0,0,0,7.360739903058278,9.69242205478945,3.9512437185814275,3.6888794541139363,0.03244274809160305,0.03192759452543928,8.174702882469461,2.0644946046636603,False,False,False,False,False,True
6.542958467678293,74.26900584795322,6112.369742419302,0,0,0,0,0,0,0,8.487352349405215,9.733494725610756,0.6931471805599453,3.258096538021482,0.00020610057708161583,0.00020607934127552373,8.028781162487148,1.9991152142115904,False,False,False,True,False,False
6.9044782673925535,89.74358974358975,10412.863802559415,0,0,0,0,0,0,0,7.355641102974253,10.296631558316447,0.6931471805599453,3.044522437723423,0.0006393861892583121,0.0006391818689972956,7.691200097522863,1.9906184714459416,True,False,False,False,False,False
6.76597389490865,0.0,6112.369742419302,0,0,0,0,0,0,0,4.736198448394496,10.234351594016104,1.3862943611198906,3.912023005428146,0.02654867256637168,0.026202372394024117,8.028781162487148,1.9991152142115904,False,False,False,True,False,False
6.936845412583394,76.75675675675676,6112.369742419302,0,0,0,0,0,0,0,8.361240889642351,10.535345046808676,0.6931471805599453,4.02535169073515,0.00023380874444704232,0.00023378141544238431,8.028781162487148,1.9991152142115904,False,False,False,True,False,False
6.7108808707015255,54.54545454545454,41763.20315581854,0,0,0,0,0,0,0,6.822197390620491,9.975240141996258,4.174387269895637,3.1780538303479458,0.0697928026172301,0.06746498730889823,8.174702882469461,2.0644946046636603,False,False,False,False,False,True
6.22747829422649,100.0,10412.863802559415,0,0,0,0,0,0,0,4.6443908991413725,8.715280860702519,0.6931471805599453,2.70805020110221,0.009708737864077669,0.00966191091173689,7.691200097522863,1.9906184714459416,True,False,False,False,False,False
6.22747829422649,100.0,7640.563613231552,0,0,0,0,0,0,0,4.700480365792417,8.715280860702519,2.5649493574615367,3.2188758248682006,0.11009174311926606,0.10444266336759739,7.360739903058278,2.0186487050933315,False,False,False,False,True,False
6.759224938434093,72.62443438914026,6112.369742419302,0,0,0,0,0,0,0,9.448648359810164,9.967730591475465,0.6931471805599453,3.9318256327243257,7.880220646178094e-05,7.879910173095927e-05,8.028781162487148,1.9991152142115904,False,False,False,True,False,False
6.6934802647434,83.72093023255815,10412.863802559415,0,0,0,0,0,0,0,7.301822342137932,9.704945179459122,1.3862943611198906,1.791759469228055,0.0020242914979757085,0.0020222453807678706,7.691200097522863,1.9906184714459416,True,False,False,False,False,False
6.429001687383052,40.0,7640.563613231552,0,0,0,0,0,0,0,5.921578419643816,10.06323526293831,0.6931471805599453,3.871201010907891,0.002688172043010753,0.002684565370668983,7.360739903058278,2.0186487050933315,False,False,False,False,True,False
6.77774989605884,82.14285714285714,41763.20315581854,0,0,0,0,0,0,0,7.228388451573604,10.011383729520993,2.6390573296152584,2.9444389791664403,0.00944081336238199,0.009396527396082611,8.174702882469461,2.0644946046636603,False,False,False,False,False,True
6.638243832197137,69.64285714285714,41763.20315581854,0,0,0,0,0,0,0,7.234177179749849,10.118310337677755,3.828641396489095,2.302585092994046,0.032490974729241874,0.031974304632514106,8.174702882469461,2.0644946046636603,False,False,False,False,False,True
4.9263479368027125,0.0,10412.863802559415,0,0,0,0,0,0,0,4.499809670330265,8.362349991150289,0.6931471805599453,2.6390573296152584,0.011235955056179775,0.011173300598125255,7.691200097522863,1.9906184714459416,True,False,False,False,False,False
6.764914539452821,0.0,41763.20315581854,0,0,0,0,0,0,0,8.060224240440958,10.70405663687312,2.5933276030091386,2.70805020110221,0.003909700370651896,0.0039020773548361603,8.174702882469461,2.0644946046636603,False,False,False,False,False,True
6.715661769645538,78.41053482730737,41763.20315581854,0,0,0,0,0,0,0,12.34216700095781,10.142973788660102,5.6240175061873385,2.0794415416798357,0.001204414440754592,0.0012036897155366815,8.174702882469461,2.0644946046636603,False,False,False,False,False,True
6.195191110040243,73.91304347826086,7640.563613231552,0,0,0,0,0,0,0,6.8658910748834385,7.8686083776014435,1.0986122886681098,3.7612001156935624,0.0020876826722338203,0.002085506491021361,7.360739903058278,2.0186487050933315,False,False,False,False,True,False
6.679564955650962,76.92307692307693,7640.563613231552,0,0,0,0,0,0,0,6.811244378601294,9.467993016721636,1.0986122886681098,3.4657359027997265,0.002205071664829107,0.002202644062342318,7.360739903058278,2.0186487050933315,False,False,False,False,True,False
6.662948251583755,80.0,4092.5737704918033,0,0,0,0,0,0,0,6.709304340258298,10.093243666143405,0.6931471805599453,2.3978952727983707,0.001221001221001221,0.001220256405229369,6.415096959171596,1.8969222823803258,False,False,True,False,False,False
6.164566264410774,50.0,7640.563613231552,0,0,0,0,0,0,0,6.030685260261263,8.390577965008806,0.6931471805599453,4.060443010546419,0.0024096385542168677,0.0024067400305650593,7.360739903058278,2.0186487050933315,False,False,False,False,True,False
6.9991527367920785,64.8936170212766,4092.5737704918033,0,0,0,0,0,0,0,7.858640655620791,10.282811046385305,1.0986122886681098,3.2188758248682006,0.0007730962504831851,0.000772797565508594,6.415096959171596,1.8969222823803258,False,False,True,False,False,False
6.5264888547538815,71.99055861526357,10412.863802559415,0,0,0,0,0,0,0,9.901535648810883,9.75745455496221,0.6931471805599453,3.4657359027997265,5.01002004008016e-05,5.0098945427624914e-05,7.691200097522863,1.9906184714459416,True,False,False,False,False,False
6.923011299398077,0.0,10412.863802559415,0,0,0,0,0,0,0,4.276666119016055,10.36007137615299,0.6931471805599453,3.367295829986474,0.014084507042253521,0.01398624197473987,7.691200097522863,1.9906184714459416,True,False,False,False,False,False
6.931808670495821,84.05723045477772,41763.20315581854,0,0,0,0,0,0,0,11.643901094412595,10.351616819456357,3.295836866004329,3.871201010907891,0.00022808418060758117,0.0002280581733652542,8.174702882469461,2.0644946046636603,False,False,False,False,False,True
6.195191110040243,54.54545454545454,6112.369742419302,0,0,0,0,0,0,0,6.732210706467206,7.8686083776014435,0.6931471805599453,1.9459101490553132,0.0011933174224343676,0.0011926059851231061,8.028781162487148,1.9991152142115904,False,False,False,True,False,False
6.5004185244497705,100.0,7640.563613231552,0,0,0,0,0,0,0,4.867534450455582,9.91128039696677,1.9459101490553132,2.302585092994046,0.046511627906976744,0.04546237407675741,7.360739903058278,2.0186487050933315,False,False,False,False,True,False
6.66391737475365,84.61538461538461,10412.863802559415,0,0,0,0,0,0,0,6.626717749249025,9.799753131264394,0.6931471805599453,4.290459441148391,0.001326259946949602,0.0013253812410687102,7.691200097522863,1.9906184714459416,True,False,False,False,False,False
6.811522504055452,70.58823529411765,6112.369742419302,0,0,0,0,0,0,0,7.796880342783522,10.178507420484628,0.6931471805599453,3.828641396489095,0.00041118421052631577,0.00041109969746499836,8.028781162487148,1.9991152142115904,False,False,False,True,False,False
6.491652989018659,100.0,41763.20315581854,0,0,0,0,0,0,0,6.436150368369428,9.757023413148131,2.5649493574615367,3.258096538021482,0.019261637239165328,0.01907848010523858,8.174702882469461,2.0644946046636603,False,False,False,False,False,True
6.823242496414123,87.17948717948718,41763.20315581854,0,0,0,0,0,0,0,8.57715877258367,10.133120443588199,3.970291913552122,3.332204510175204,0.009796533534287867,0.009748858612749454,8.174702882469461,2.0644946046636603,False,False,False,False,False,True
6.815470928920611,90.0,7640.563613231552,0,0,0,0,0,0,0,6.280395838960195,9.992753584719262,0.6931471805599453,3.6109179126442243,0.001876172607879925,0.001874414794350352,7.360739903058278,2.0186487050933315,False,False,False,False,True,False
6.773466911535102,72.72727272727273,41763.20315581854,0,0,0,0,0,0,0,7.3453648404168685,10.218785578603578,3.6635616461296463,2.995732273553991,0.02454780361757106,0.02425134804512084,8.174702882469461,2.0644946046636603,False,False,False,False,False,True
6.905395770559648,42.857142857142854,6112.369742419302,0,0,0,0,0,0,0,5.662960480135946,10.474192763210338,1.0986122886681098,2.4849066497880004,0.006968641114982578,0.006944472352810995,8.028781162487148,1.9991152142115904,False,False,False,True,False,False
4.9263479368027125,0.0,7640.563613231552,0,0,0,0,0,0,0,4.700480365792417,8.362349991150289,0.6931471805599453,2.9444389791664403,0.009174311926605505,0.009132483563272474,7.360739903058278,2.0186487050933315,False,False,False,False,True,False
6.604842707205482,69.68503937007874,7640.563613231552,0,0,0,0,0,0,0,8.608860379942062,9.94521695986674,1.9459101490553132,3.295836866004329,0.0010950903449534588,0.0010944911709148,7.360739903058278,2.0186487050933315,False,False,False,False,True,False
6.785034446876445,80.56755089450957,41763.20315581854,0,0,0,0,0,0,0,10.509359684984632,10.363069581712965,2.5649493574615367,3.4011973816621555,0.00032736796158882583,0.00032731438838936347,8.174702882469461,2.0644946046636603,False,False,False,False,False,True
6.920302378165081,76.94566813509545,41763.20315581854,0,0,0,0,0,0,0,9.658481754364784,10.236240720792987,3.2188758248682006,3.1354942159291497,0.0015332524116782726,0.0015320781803080934,8.174702882469461,2.0644946046636603,False,False,False,False,False,True
6.829036948424544,0.0,7640.563613231552,0,0,0,0,0,0,0,4.110873864173311,9.778151955140352,1.0986122886681098,3.6635616461296463,0.03333333333333333,0.03278982282299097,7.360739903058278,2.0186487050933315,False,False,False,False,True,False
6.2680555955337915,100.0,1266.400447427293,0,0,0,0,0,0,0,4.31748811353631,9.017138872834964,0.6931471805599453,3.367295829986474,0.013513513513513514,0.01342302033214077,6.104793232414985,1.8852953146630171,False,True,False,False,False,False
6.949709288799546,83.28103989242493,41763.20315581854,0,0,0,0,0,0,0,12.601686051254555,10.633419491113735,3.2188758248682006,2.8903717578961645,8.07923031865831e-05,8.078903966412218e-05,8.174702882469461,2.0644946046636603,False,False,False,False,False,True
6.791142299094434,78.6472889882616,41763.20315581854,0,0,0,0,0,0,0,10.565634141976286,10.297081042629015,2.5649493574615367,2.8903717578961645,0.00030945381401825775,0.00030940594306239685,8.174702882469461,2.0644946046636603,False,False,False,False,False,True
6.5004185244497705,50.0,7640.563613231552,0,0,0,0,0,0,0,6.8501261661455,9.91128039696677,1.0986122886681098,3.8918202981106265,0.0021208907741251328,0.002118644860285155,7.360739903058278,2.0186487050933315,False,False,False,False,True,False
6.801701699806683,61.53846153846154,41763.20315581854,0,0,0,0,0,0,0,7.9017475185201445,10.199791871945884,3.2188758248682006,2.833213344056216,0.008885597926693817,0.008846353304728804,8.174702882469461,2.0644946046636603,False,False,False,False,False,True
5.558589488847307,100.0,10412.863802559415,0,0,0,0,0,0,0,5.267858159063328,5.858417164315927,0.6931471805599453,2.772588722239781,0.0051813471502590676,0.005167970158442598,7.691200097522863,1.9906184714459416,True,False,False,False,False,False
6.648877665074084,77.77777777777779,4092.5737704918033,0,0,0,0,0,0,0,7.074963197966044,10.142246656037226,1.3862943611198906,2.70805020110221,0.002540220152413209,0.0025369992465886526,6.415096959171596,1.8969222823803258,False,False,True,False,False,False
6.58558055977916,54.54545454545454,41763.20315581854,0,0,0,0,0,0,0,6.230481447578482,9.56895283095515,3.970291913552122,3.1780538303479458,0.10256410256410256,0.09763846956391607,8.174702882469461,2.0644946046636603,False,False,False,False,False,True
6.195191110040243,50.0,6112.369742419302,0,0,0,0,0,0,0,6.975413927455952,7.8686083776014435,1.0986122886681098,3.1780538303479458,0.0018709073900841909,0.0018691594227035718,8.028781162487148,1.9991152142115904,False,False,False,True,False,False
6.779782172998328,0.0,6112.369742419302,0,0,0,0,0,0,0,4.330733340286331,10.42324578946821,1.9459101490553132,2.8903717578961645,0.08,0.0769610411361284,8.028781162487148,1.9991152142115904,False,False,False,True,False,False
6.726881389735055,74.69879518072288,41763.20315581854,0,0,0,0,0,0,0,10.807604483478574,9.920300326844044,2.6390573296152584,3.6635616461296463,0.0002631898611167348,0.0002631552327409915,8.174702882469461,2.0644946046636603,False,False,False,False,False,True
5.459667665453769,50.0,10412.863802559415,0,0,0,0,0,0,0,5.241747015059643,8.948486118878149,0.6931471805599453,2.772588722239781,0.005319148936170213,0.005305052229693098,7.691200097522863,1.9906184714459416,True,False,False,False,False,False
6.741621400639805,80.46875,10412.863802559415,0,0,0,0,0,0,0,8.185071477532283,10.138276512874846,0.6931471805599453,3.091042453358316,0.0002788622420524261,0.00027882336720438684,7.691200097522863,1.9906184714459416,True,False,False,False,False,False
5.775788441476067,0.0,1266.400447427293,0,0,0,0,0,0,0,3.2188758248682006,8.653460843742746,0.6931471805599453,2.5649493574615367,0.041666666666666664,0.0408219945202552,6.104793232414985,1.8852953146630171,False,True,False,False,False,False
6.195191110040243,36.36363636363637,6112.369742419302,0,0,0,0,0,0,0,6.0867747269123065,7.8686083776014435,0.6931471805599453,2.5649493574615367,0.002277904328018223,0.0022753138371356054,8.028781162487148,1.9991152142115904,False,False,False,True,False,False
6.662948251583755,82.12180746561886,41763.20315581854,0,0,0,0,0,0,0,9.92842403782616,10.093243666143405,2.5649493574615367,2.4849066497880004,0.0005852516582130316,0.0005850804652519921,8.174702882469461,2.0644946046636603,False,False,False,False,False,True
6.741621400639805,0.0,10412.863802559415,0,0,0,0,0,0,0,5.220355825078324,10.138276512874846,0.6931471805599453,2.0794415416798357,0.005434782608695652,0.005420067469339113,7.691200097522863,1.9906184714459416,True,False,False,False,False,False
6.7436598536310965,100.0,41763.20315581854,0,0,0,0,0,0,0,4.6443908991413725,10.08583411358424,1.6094379124341003,3.295836866004329,0.038834951456310676,0.03809984623227038,8.174702882469461,2.0644946046636603,False,False,False,False,False,True
6.22747829422649,0.0,10412.863802559415,0,0,0,0,0,0,0,4.04305126783455,8.715280860702519,0.6931471805599453,3.4011973816621555,0.017857142857142856,0.017699577099400857,7.691200097522863,1.9906184714459416,True,False,False,False,False,False
6.241442385702294,0.0,7640.563613231552,0,0,0,0,0,0,0,5.0238805208462765,9.194091527769046,0.6931471805599453,3.367295829986474,0.006622516556291391,0.006600684031352093,7.360739903058278,2.0186487050933315,False,False,False,False,True,False
6.8393549963377245,0.0,6112.369742419302,0,0,0,0,0,0,0,4.110873864173311,10.354711811512182,0.6931471805599453,3.4965075614664802,0.016666666666666666,0.016529301951210506,8.028781162487148,1.9991152142115904,False,False,False,True,False,False
6.195191110040243,60.97560975609756,6112.369742419302,0,0,0,0,0,0,0,7.603897968521881,7.8686083776014435,1.3862943611198906,3.5553480614894135,0.0014962593516209476,0.0014951410709503161,8.028781162487148,1.9991152142115904,False,False,False,True,False,False
6.84893481635392,74.86033519553072,10412.863802559415,0,0,0,0,0,0,0,9.465757483840688,10.17777720847506,0.6931471805599453,2.70805020110221,7.746533426291734e-05,7.746233397894305e-05,7.691200097522863,1.9906184714459416,True,False,False,False,False,False
6.665895077203468,61.76470588235294,41763.20315581854,0,0,0,0,0,0,0,6.980075940561763,9.702337248378054,3.295836866004329,2.995732273553991,0.024208566108007448,0.023920183717651835,8.174702882469461,2.0644946046636603,False,False,False,False,False,True
6.8275881883992025,0.0,7640.563613231552,0,0,0,0,0,0,0,4.844187086458591,10.166047520825343,0.6931471805599453,3.828641396489095,0.007936507936507936,0.007905179507113247,7.360739903058278,2.0186487050933315,False,False,False,False,True,False
6.868572948400319,86.53846153846155,41763.20315581854,0,0,0,0,0,0,0,7.793586803371584,10.00003020977695,4.02535169073515,1.791759469228055,0.02268976897689769,0.02243618484598542,8.174702882469461,2.0644946046636603,False,False,False,False,False,True
5.879225467208256,76.92307692307693,1266.400447427293,0,0,0,0,0,0,0,6.582025138892826,8.024343613012375,0.6931471805599453,3.4965075614664802,0.0013869625520110957,0.001386001607877153,6.104793232414985,1.8852953146630171,False,True,False,False,False,False
6.821727038440741,0.0,6112.369742419302,0,0,0,0,0,0,0,10.10467175249591,10.436461638918756,1.3862943611198906,3.1354942159291497,0.0001226692836113837,0.00012266176035004785,8.028781162487148,1.9991152142115904,False,False,False,True,False,False
6.7897746032852675,78.33333333333333,6112.369742419302,0,0,0,0,0,0,0,7.466799475018602,10.210692521461953,1.0986122886681098,3.8918202981106265,0.0011441647597254005,0.0011435107020790205,8.028781162487148,1.9991152142115904,False,False,False,True,False,False
6.769866626233298,57.14285714285714,41763.20315581854,0,0,0,0,0,0,0,6.1903154058531475,10.283514579558773,3.258096538021482,3.1780538303479458,0.0513347022587269,0.05006050195691803,8.174702882469461,2.0644946046636603,False,False,False,False,False,True
6.2467029592772985,0.0,4092.5737704918033,0,0,0,0,0,0,0,4.430816798843313,9.657145167764883,0.6931471805599453,2.995732273553991,0.012048192771084338,0.01197619104671562,6.415096959171596,1.8969222823803258,False,False,True,False,False,False
6.195191110040243,50.0,6112.369742419302,0,0,0,0,0,0,0,6.206575926724928,7.8686083776014435,0.6931471805599453,2.833213344056216,0.00202020202020202,0.0020181641562371953,8.028781162487148,1.9991152142115904,False,False,False,True,False,False
6.882238498533699,75.0,7640.563613231552,0,0,0,0,0,0,0,5.749392985908253,10.162753433877903,1.0986122886681098,3.4657359027997265,0.006389776357827476,0.0063694482854799285,7.360739903058278,2.0186487050933315,False,False,False,False,True,False
6.67965887931373,50.0,41763.20315581854,0,0,0,0,0,0,0,5.765191102784844,9.888877199082298,3.2188758248682006,3.258096538021482,0.07547169811320754,0.0727593542824283,8.174702882469461,2.0644946046636603,False,False,False,False,False,True
4.83,0.0,4092.5737704918033,0,0,0,0,0,0,0,4.189654742026425,4.189654742026425,1.6094379124341003,2.1972245773362196,0.06153846153846154,0.05971923470162228,6.415096959171596,1.8969222823803258,False,False,True,False,False,False
6.953545537796405,83.43057176196032,41763.20315581854,0,0,0,0,0,0,0,11.305052226691863,10.793281239017002,2.4849066497880004,3.713572066704308,0.00013541794903360827,0.00013540878085082194,8.174702882469461,2.0644946046636603,False,False,False,False,False,True
6.662948251583755,83.1140350877193,6112.369742419302,0,0,0,0,0,0,0,9.087946723762116,10.093243666143405,1.9459101490553132,3.6635616461296463,0.0006781959986436081,0.0006779661276632754,8.028781162487148,1.9991152142115904,False,False,False,True,False,False
6.192033733782523,0.0,41763.20315581854,0,0,0,0,0,0,0,4.90527477843843,9.566331310956217,3.295836866004329,2.9444389791664403,0.19402985074626866,0.17733401528291545,8.174702882469461,2.0644946046636603,False,False,False,False,False,True
6.883380512152217,79.01234567901234,41763.20315581854,0,0,0,0,0,0,0,9.387816877106937,10.614465174325586,2.5649493574615367,3.6109179126442243,0.0010049409597186166,0.0010044363445963055,8.174702882469461,2.0644946046636603,False,False,False,False,False,True
6.195191110040243,75.55555555555556,6112.369742419302,0,0,0,0,0,0,0,8.150179269682326,7.8686083776014435,1.0986122886681098,3.4657359027997265,0.0005775339301183945,0.0005773672215816406,8.028781162487148,1.9991152142115904,False,False,False,True,False,False
6.9095318647504085,0.0,41763.20315581854,0,0,0,0,0,0,0,9.941601884644786,10.669339850621183,2.5933276030091386,3.1780538303479458,0.0005956007736384892,0.0005954234738941535,8.174702882469461,2.0644946046636603,False,False,False,False,False,True
6.818032823249103,71.42857142857143,7640.563613231552,0,0,0,0,0,0,0,7.739359202689098,10.342475232675952,1.6094379124341003,3.912023005428146,0.0017421602787456446,0.0017406444777841182,7.360739903058278,2.0186487050933315,False,False,False,False,True,False
6.195191110040243,71.875,6112.369742419302,0,0,0,0,0,0,0,8.28374674710613,7.8686083776014435,1.3862943611198906,2.8903717578961645,0.0007579585649317837,0.0007576714594055963,8.028781162487148,1.9991152142115904,False,False,False,True,False,False
6.722785796607942,80.98591549295774,41763.20315581854,0,0,0,0,0,0,0,9.069813136839207,10.278217165539722,2.6390573296152584,3.258096538021482,0.001496316758747698,0.0014951983923076617,8.174702882469461,2.0644946046636603,False,False,False,False,False,True
6.903578112062995,74.45008460236888,41763.20315581854,0,0,0,0,0,0,0,9.802174390835638,10.283782289811343,2.70805020110221,3.1354942159291497,0.0007746790615316512,0.0007743791525863286,8.174702882469461,2.0644946046636603,False,False,False,False,False,True
6.845303805487532,75.0,10412.863802559415,0,0,0,0,0,0,0,4.6913478822291435,10.275543892771708,0.6931471805599453,3.6109179126442243,0.009259259259259259,0.009216655104924048,7.691200097522863,1.9906184714459416,True,False,False,False,False,False
6.490336269696487,0.0,7640.563613231552,0,0,0,0,0,0,0,4.343805421853684,8.81811505604364,0.6931471805599453,4.110873864173311,0.013157894736842105,0.0130720815673527,7.360739903058278,2.0186487050933315,False,False,False,False,True,False
6.7386854344927904,0.0,4092.5737704918033,0,0,0,0,0,0,0,4.634728988229636,10.145869480287827,0.6931471805599453,2.0794415416798357,0.00980392156862745,0.009756174945364656,6.415096959171596,1.8969222823803258,False,False,True,False,False,False
6.5004185244497705,0.0,41763.20315581854,0,0,0,0,0,0,0,4.836281906951478,9.91128039696677,2.5933276030091386,2.772588722239781,0.098993613384906,0.09439486410787991,8.174702882469461,2.0644946046636603,False,False,False,False,False,True
6.762569823783621,75.28089887640449,41763.20315581854,0,0,0,0,0,0,0,8.481773246184977,9.989595531829869,3.970291913552122,2.772588722239781,0.01077720207253886,0.010719541936966398,8.174702882469461,2.0644946046636603,False,False,False,False,False,True
6.490787726957663,72.72727272727273,6112.369742419302,0,0,0,0,0,0,0,6.4457198193855785,10.039846610064723,0.6931471805599453,2.4849066497880004,0.001589825119236884,0.00158856268513774,8.028781162487148,1.9991152142115904,False,False,False,True,False,False
6.742832950850793,0.0,7640.563613231552,0,0,0,0,0,0,0,4.143134726391533,10.061444475712602,0.6931471805599453,4.0943445622221,0.016129032258064516,0.01600034134644112,7.360739903058278,2.0186487050933315,False,False,False,False,True,False
6.852165520065444,0.0,41763.20315581854,0,0,0,0,0,0,0,6.0330862217988015,10.332975724480017,2.5933276030091386,3.5263605246161616,0.02974567709882993,0.029311856314879686,8.174702882469461,2.0644946046636603,False,False,False,False,False,True
6.764465840959698,84.77272727272728,41763.20315581854,0,0,0,0,0,0,0,10.738438068670435,10.329557543516108,2.5649493574615367,2.833213344056216,0.0002603432191439047,0.000260309335728795,8.174702882469461,2.0644946046636603,False,False,False,False,False,True
6.921780430330742,83.9171974522293,41763.20315581854,0,0,0,0,0,0,0,10.562224431339358,10.508009319631055,2.5649493574615367,2.8903717578961645,0.0003105107902499612,0.00031046259175165404,8.174702882469461,2.0644946046636603,False,False,False,False,False,True
6.604842707205482,70.28571428571428,7640.563613231552,0,0,0,0,0,0,0,9.040144994980068,9.94521695986674,0.6931471805599453,4.060443010546419,0.00011856770215793219,0.00011856067356358546,7.360739903058278,2.0186487050933315,False,False,False,False,True,False
6.195191110040243,33.33333333333333,6112.369742419302,0,0,0,0,0,0,0,5.170483995038151,7.8686083776014435,0.6931471805599453,3.9318256327243257,0.005714285714285714,0.005698021114637796,8.028781162487148,1.9991152142115904,False,False,False,True,False,False
6.195191110040243,72.6027397260274,6112.369742419302,0,0,0,0,0,0,0,7.351799869057777,7.8686083776014435,1.0986122886681098,2.833213344056216,0.0012836970474967907,0.0012828738128891231,8.028781162487148,1.9991152142115904,False,False,False,True,False,False
6.662948251583755,50.0,6112.369742419302,0,0,0,0,0,0,0,5.356586274672012,10.093243666143405,2.3978952727983707,3.58351893845611,0.04739336492890995,0.04630456804168637,8.028781162487148,1.9991152142115904,False,False,False,True,False,False
6.725728811374182,76.11336032388664,7640.563613231552,0,0,0,0,0,0,0,10.455186369511699,10.254378912392909,0.6931471805599453,3.58351893845611,2.8799354894450365e-05,2.879894020095618e-05,7.360739903058278,2.0186487050933315,False,False,False,False,True,False
6.195191110040243,61.44578313253012,6112.369742419302,0,0,0,0,0,0,0,7.687997166393016,7.8686083776014435,0.6931471805599453,3.7612001156935624,0.0004585052728106373,0.0004584001913869832,8.028781162487148,1.9991152142115904,False,False,False,True,False,False
6.884066576025969,80.97229482488238,41763.20315581854,0,0,0,0,0,0,0,11.00983650257596,10.554227794157232,2.6390573296152584,3.295836866004329,0.0002150004134623336,0.00021497730418561185,8.174702882469461,2.0644946046636603,False,False,False,False,False,True
6.638243832197137,66.99029126213593,7640.563613231552,0,0,0,0,0,0,0,8.11969625295725,10.118310337677755,1.3862943611198906,3.4657359027997265,0.0008931229532598987,0.0008927243562681015,7.360739903058278,2.0186487050933315,False,False,False,False,True,False
5.879225467208256,85.71428571428571,1266.400447427293,0,0,0,0,0,0,0,5.713732805509369,8.024343613012375,0.6931471805599453,2.4849066497880004,0.0033112582781456954,0.0033057881344994103,6.104793232414985,1.8852953146630171,False,True,False,False,False,False
6.800166494369348,68.0,41763.20315581854,0,0,0,0,0,0,0,7.718240951959316,10.407158941641097,3.970291913552122,3.091042453358316,0.023131672597864767,0.022868190903659345,8.174702882469461,2.0644946046636603,False,False,False,False,False,True
6.830019888854456,74.39024390243902,7640.563613231552,0,0,0,0,0,0,0,10.87185826927572,10.535699056276355,1.9459101490553132,3.5263605246161616,0.00011391251518833536,0.0001139060276504418,7.360739903058278,2.0186487050933315,False,False,False,False,True,False
6.195191110040243,0.0,6112.369742419302,0,0,0,0,0,0,0,5.153291594497779,7.8686083776014435,0.6931471805599453,2.302585092994046,0.005813953488372093,0.005797117684325915,8.028781162487148,1.9991152142115904,False,False,False,True,False,False
6.772409865396259,0.0,41763.20315581854,0,0,0,0,0,0,0,5.4638318050256105,9.86904896085482,3.295836866004329,3.1780538303479458,0.11063829787234042,0.1049348931785344,8.174702882469461,2.0644946046636603,False,False,False,False,False,True
6.802233338507634,0.0,10412.863802559415,0,0,0,0,0,0,0,7.2909747781429814,10.345925855493027,0.6931471805599453,3.367295829986474,0.0006821282401091405,0.0006818956963848225,7.691200097522863,1.9906184714459416,True,False,False,False,False,False
5.879225467208256,66.15384615384615,1266.400447427293,0,0,0,0,0,0,0,7.4067107301776405,8.024343613012375,0.6931471805599453,2.4849066497880004,0.0006075334143377885,0.0006073489406252482,6.104793232414985,1.8852953146630171,False,True,False,False,False,False
6.849355532922814,80.35714285714286,10412.863802559415,0,0,0,0,0,0,0,8.07961802938984,9.931212376483444,0.6931471805599453,3.091042453358316,0.0003098853424233034,0.0003098373378775558,7.691200097522863,1.9906184714459416,True,False,False,False,False,False
6.8589635964895574,75.96153846153845,10412.863802559415,0,0,0,0,0,0,0,8.032035314398824,10.37681323611707,0.6931471805599453,3.7376696182833684,0.00032499187520311994,0.0003249390767826614,7.691200097522863,1.9906184714459416,True,False,False,False,False,False
5.775788441476067,0.0,6112.369742419302,0,0,0,0,0,0,0,3.8066624897703196,8.653460843742746,0.6931471805599453,3.58351893845611,0.022727272727272728,0.022472855852058576,8.028781162487148,1.9991152142115904,False,False,False,True,False,False
6.827960768553686,80.88578088578089,41763.20315581854,0,0,0,0,0,0,0,9.455793210210228,10.526759688868506,2.772588722239781,2.0794415416798357,0.0011736170878647993,0.0011729289376943414,8.174702882469461,2.0644946046636603,False,False,False,False,False,True
6.826392539291025,83.64779874213836,41763.20315581854,0,0,0,0,0,0,0,8.297792626380861,10.359502264011116,2.6390573296152584,2.772588722239781,0.0032386646736422523,0.0032334314951706637,8.174702882469461,2.0644946046636603,False,False,False,False,False,True
6.705092165314741,69.04761904761905,10412.863802559415,0,0,0,0,0,0,0,7.081708586105575,9.876050320034798,0.6931471805599453,3.8501476017100584,0.0008410428931875525,0.0008406894147932238,7.691200097522863,1.9906184714459416,True,False,False,False,False,False
6.794607080130419,0.0,10412.863802559415,0,0,0,0,0,0,0,3.4011973816621555,9.797980786126336,0.6931471805599453,3.713572066704308,0.034482758620689655,0.033901551675681416,7.691200097522863,1.9906184714459416,True,False,False,False,False,False
6.5004185244497705,71.42857142857143,4092.5737704918033,0,0,0,0,0,0,0,5.356586274672012,9.91128039696677,0.6931471805599453,3.044522437723423,0.004739336492890996,0.004728141195945896,6.415096959171596,1.8969222823803258,False,False,True,False,False,False
6.58558055977916,74.0506329113924,7640.563613231552,0,0,0,0,0,0,0,8.330140460246382,9.56895283095515,0.6931471805599453,3.6888794541139363,0.000241196333815726,0.00024116725065649125,7.360739903058278,2.0186487050933315,False,False,False,False,True,False
6.195191110040243,75.0,6112.369742419302,0,0,0,0,0,0,0,5.831882477283517,7.8686083776014435,0.6931471805599453,1.791759469228055,0.0029411764705882353,0.0029368596733097057,8.028781162487148,1.9991152142115904,False,False,False,True,False,False
6.617686242730376,75.49019607843137,7640.563613231552,0,0,0,0,0,0,0,8.130942302231878,10.057517730059283,0.6931471805599453,3.7376696182833684,0.00029437739181630853,0.00029433407129336535,7.360739903058278,2.0186487050933315,False,False,False,False,True,False
6.786000370687271,75.44378698224851,41763.20315581854,0,0,0,0,0,0,0,8.63994165667529,9.939591632397473,4.59511985013459,3.7612001156935624,0.017338995046001414,0.017190389986978097,8.174702882469461,2.0644946046636603,False,False,False,False,False,True
5.879225467208256,100.0,1266.400447427293,0,0,0,0,0,0,0,4.02535169073515,8.024343613012375,0.6931471805599453,2.9444389791664403,0.01818181818181818,0.018018505502678212,6.104793232414985,1.8852953146630171,False,True,False,False,False,False
6.807743957566365,81.0126582278481,6112.369742419302,0,0,0,0,0,0,0,7.840312983320164,10.319489561715828,1.0986122886681098,3.4011973816621555,0.0007874015748031496,0.0007870917368170026,8.028781162487148,1.9991152142115904,False,False,False,True,False,False
6.894164257864038,71.42857142857143,10412.863802559415,0,0,0,0,0,0,0,7.845416036592485,10.424283202600682,0.6931471805599453,3.8066624897703196,0.0003916960438699569,0.0003916193510007217,7.691200097522863,1.9906184714459416,True,False,False,False,False,False
6.875968526993651,83.1306990881459,41763.20315581854,0,0,0,0,0,0,0,9.516721521860449,10.206509026585813,3.2188758248682006,3.6109179126442243,0.0017667844522968198,0.0017652255245691492,8.174702882469461,2.0644946046636603,False,False,False,False,False,True
6.918705046679889,78.94736842105263,6112.369742419302,0,0,0,0,0,0,0,6.71901315438526,10.485406259884702,0.6931471805599453,2.4849066497880004,0.0012091898428053204,0.001208459361568327,8.028781162487148,1.9991152142115904,False,False,False,True,False,False
6.686289081133667,74.8051948051948,41763.20315581854,0,0,0,0,0,0,0,9.835262243540562,10.034701326295298,2.5649493574615367,2.70805020110221,0.0006423982869379015,0.00064219203748318,8.174702882469461,2.0644946046636603,False,False,False,False,False,True
6.195191110040243,0.0,6112.369742419302,0,0,0,0,0,0,0,8.397057390176256,7.8686083776014435,2.5933276030091386,3.044522437723423,0.0027913831881599934,0.0027874945129494223,8.028781162487148,1.9991152142115904,False,False,False,True,False,False
6.871767856739287,50.0,6112.369742419302,0,0,0,0,0,0,0,5.713732805509369,10.372104087377068,0.6931471805599453,4.0943445622221,0.0033112582781456954,0.0033057881344994103,8.028781162487148,1.9991152142115904,False,False,False,True,False,False
6.872724838781157,74.35325602140945,10412.863802559415,0,0,0,0,0,0,0,10.506682672896412,10.448627319059822,0.6931471805599453,3.912023005428146,2.735379397122381e-05,2.7353419863029693e-05,7.691200097522863,1.9906184714459416,True,False,False,False,False,False
6.813140691774841,75.32467532467533,7640.563613231552,0,0,0,0,0,0,0,8.435983135990694,10.281862975042925,2.302585092994046,2.9444389791664403,0.0019527012367107832,0.0019507971939324823,7.360739903058278,2.0186487050933315,False,False,False,False,True,False
6.617079692115778,66.66666666666666,7640.563613231552,0,0,0,0,0,0,0,7.589841512182657,9.959492167102487,1.0986122886681098,2.833213344056216,0.0010116337885685382,0.0010111224319488893,7.360739903058278,2.0186487050933315,False,False,False,False,True,False
6.838650313271204,73.40425531914893,6112.369742419302,0,0,0,0,0,0,0,8.339261982923576,10.26999943091111,0.6931471805599453,2.1972245773362196,0.0002390057361376673,0.00023897717881686352,8.028781162487148,1.9991152142115904,False,False,False,True,False,False
6.715661769645538,75.0,7640.563613231552,0,0,0,0,0,0,0,7.282761179605593,10.142973788660102,1.0986122886681098,3.258096538021482,0.001375515818431912,0.0013745706631665632,7.360739903058278,2.0186487050933315,False,False,False,False,True,False
5.558589488847307,100.0,10412.863802559415,0,0,0,0,0,0,0,4.3694478524670215,5.858417164315927,0.6931471805599453,3.1780538303479458,0.01282051282051282,0.012739025777429712,7.691200097522863,1.9906184714459416,True,False,False,False,False,False
6.626533453023366,40.0,41763.20315581854,0,0,0,0,0,0,0,5.3230099791384085,9.563059716451976,3.295836866004329,3.258096538021482,0.12745098039215685,0.11995931507897897,8.174702882469461,2.0644946046636603,False,False,False,False,False,True
6.662948251583755,100.0,6112.369742419302,0,0,0,0,0,0,0,4.543294782270004,10.093243666143405,1.9459101490553132,3.6635616461296463,0.06451612903225806,0.06252035698133393,8.028781162487148,1.9991152142115904,False,False,False,True,False,False
6.942829757135268,25.0,41763.20315581854,0,0,0,0,0,0,0,5.8289456176102075,10.302865934717351,2.6390573296152584,3.367295829986474,0.038348082595870206,0.037631068217646814,8.174702882469461,2.0644946046636603,False,False,False,False,False,True
6.5004185244497705,0.0,41763.20315581854,0,0,0,0,0,0,0,4.990432586778736,9.91128039696677,4.204692619390966,3.295836866004329,0.4520547945205479,0.372979652963676,8.174702882469461,2.0644946046636603,False,False,False,False,False,True
6.633842341262067,78.50678733031674,1266.400447427293,0,0,0,0,0,0,0,9.050758302151717,9.93203387903092,0.6931471805599453,1.9459101490553132,0.00011731581417175035,0.00011730893320987889,6.104793232414985,1.8852953146630171,False,True,False,False,False,False
6.90376052578994,86.95652173913044,6112.369742419302,0,0,0,0,0,0,0,7.246368080102461,10.38555842312506,0.6931471805599453,2.4849066497880004,0.0007132667617689016,0.0007130125079254985,8.028781162487148,1.9991152142115904,False,False,False,True,False,False
6.728879252982257,81.11753371868978,41763.20315581854,0,0,0,0,0,0,0,9.795178249029277,10.092995148114731,3.258096538021482,3.258096538021482,0.0013930680931683941,0.0013920986740191313,8.174702882469461,2.0644946046636603,False,False,False,False,False,True
6.462533495106872,50.0,4092.5737704918033,0,0,0,0,0,0,0,6.517671272912275,9.368802744935918,0.6931471805599453,3.044522437723423,0.0014792899408284023,0.0014781968693109652,6.415096959171596,1.8969222823803258,False,False,True,False,False,False
5.459667665453769,100.0,1266.400447427293,0,0,0,0,0,0,0,5.111987788356544,8.948486118878149,0.6931471805599453,2.70805020110221,0.006060606060606061,0.006042314455962662,6.104793232414985,1.8852953146630171,False,True,False,False,False,False
6.90255515706933,84.2279365871926,10412.863802559415,0,0,0,0,0,0,0,12.716459172907454,10.355882473987586,0.6931471805599453,2.995732273553991,3.001326586351167e-06,3.001322082399906e-06,7.691200097522863,1.9906184714459416,True,False,False,False,False,False
6.4522290000007185,33.33333333333333,6112.369742419302,0,0,0,0,0,0,0,5.3706380281276624,9.3993872794146,0.6931471805599453,3.9512437185814275,0.004672897196261682,0.004662013105811371,8.028781162487148,1.9991152142115904,False,False,False,True,False,False
6.802670926078823,75.96439169139467,6112.369742419302,0,0,0,0,0,0,0,10.416999564727426,10.431729956458748,1.6094379124341003,3.4965075614664802,0.00011968164681946024,0.00011967448554249783,8.028781162487148,1.9991152142115904,False,False,False,True,False,False
6.195191110040243,40.0,6112.369742419302,0,0,0,0,0,0,0,5.537334267018537,7.8686083776014435,0.6931471805599453,2.5649493574615367,0.003952569169960474,0.003944778291016325,8.028781162487148,1.9991152142115904,False,False,False,True,False,False
6.754818962416433,82.01767753733617,41763.20315581854,0,0,0,0,0,0,0,11.526108189767042,10.53249559764114,2.4849066497880004,3.5553480614894135,0.00010856048793004757,0.00010855459566673599,8.174702882469461,2.0644946046636603,False,False,False,False,False,True
6.7445023943540185,0.0,4092.5737704918033,0,0,0,0,0,0,0,4.2626798770413155,9.795490042452142,1.6094379124341003,3.4011973816621555,0.05714285714285714,0.055569851154810786,6.415096959171596,1.8969222823803258,False,False,True,False,False,False
6.3931134895916175,66.66666666666666,1266.400447427293,0,0,0,0,0,0,0,5.0106352940962555,9.66392029973617,0.6931471805599453,3.044522437723423,0.006711409395973154,0.00668898815079671,6.104793232414985,1.8852953146630171,False,True,False,False,False,False
6.82178103165986,42.857142857142854,41763.20315581854,0,0,0,0,0,0,0,5.948034989180646,10.171071949349887,3.091042453358316,3.258096538021482,0.0549738219895288,0.05351595334010783,8.174702882469461,2.0644946046636603,False,False,False,False,False,True
6.824818828803789,78.0824581874757,10412.863802559415,0,0,0,0,0,0,0,11.533649236510204,10.383262744120527,0.6931471805599453,3.8066624897703196,9.794990841683563e-06,9.794942871139849e-06,7.691200097522863,1.9906184714459416,True,False,False,False,False,False
6.756787453464921,85.37680593518157,6112.369742419302,0,0,0,0,0,0,0,11.635505863745324,10.191954026598742,1.9459101490553132,2.3978952727983707,5.307855626326964e-05,5.307714764663007e-05,8.028781162487148,1.9991152142115904,False,False,False,True,False,False
5.775788441476067,100.0,1266.400447427293,0,0,0,0,0,0,0,4.189654742026425,8.653460843742746,0.6931471805599453,3.1354942159291497,0.015384615384615385,0.01526747213078838,6.104793232414985,1.8852953146630171,False,True,False,False,False,False
6.779782172998328,60.0,4092.5737704918033,0,0,0,0,0,0,0,6.706862336602747,10.42324578946821,0.6931471805599453,2.5649493574615367,0.0012239902080783353,0.0012232417427442321,6.415096959171596,1.8969222823803258,False,False,True,False,False,False
6.8536771222611135,82.00472394449365,41763.20315581854,0,0,0,0,0,0,0,12.409123687536473,10.356631814037343,3.258096538021482,3.295836866004329,0.00010202998865426526,0.00010202478394900165,8.174702882469461,2.0644946046636603,False,False,False,False,False,True
6.289007148338809,0.0,10412.863802559415,0,0,0,0,0,0,0,6.230481447578482,7.921587131345857,0.6931471805599453,3.828641396489095,0.0019723865877712033,0.0019704439872987385,7.691200097522863,1.9906184714459416,True,False,False,False,False,False
6.66391737475365,66.42857142857143,7640.563613231552,0,0,0,0,0,0,0,8.18088094199639,9.799753131264394,0.6931471805599453,3.367295829986474,0.0002800336040324839,0.000279994401941241,7.360739903058278,2.0186487050933315,False,False,False,False,True,False
6.821946310481903,79.16666666666666,41763.20315581854,0,0,0,0,0,0,0,8.213652703029998,10.085802519161646,3.258096538021482,3.258096538021482,0.006775067750677507,0.006752220117286651,8.174702882469461,2.0644946046636603,False,False,False,False,False,True
6.195191110040243,69.40298507462687,6112.369742419302,0,0,0,0,0,0,0,8.459564078579602,7.8686083776014435,1.6094379124341003,2.70805020110221,0.000847637211273575,0.0008472781697295889,8.028781162487148,1.9991152142115904,False,False,False,True,False,False
4.9263479368027125,0.0,10412.863802559415,0,0,0,0,0,0,0,4.836281906951478,8.362349991150289,0.6931471805599453,2.1972245773362196,0.008,0.007968169649176881,7.691200097522863,1.9906184714459416,True,False,False,False,False,False
6.810042529424079,0.0,10412.863802559415,0,0,0,0,0,0,0,6.018593214496234,10.047568209938474,0.6931471805599453,3.044522437723423,0.0024390243902439024,0.002436054797881121,7.691200097522863,1.9906184714459416,True,False,False,False,False,False
6.807779199481157,0.0,41763.20315581854,0,0,0,0,0,0,0,5.7745515455444085,10.061237716544246,2.5933276030091386,3.1354942159291497,0.03854891486951168,0.03782446468797018,8.174702882469461,2.0644946046636603,False,False,False,False,False,True
6.876420153967979,86.66666666666667,41763.20315581854,0,0,0,0,0,0,0,9.073145132798338,10.471478329736586,2.6390573296152584,2.8903717578961645,0.00149133876333601,0.001490227822071799,8.174702882469461,2.0644946046636603,False,False,False,False,False,True
6.324553311165933,0.0,41763.20315581854,0,0,0,0,0,0,0,4.007333185232471,9.012732737340823,3.9318256327243257,2.772588722239781,0.9259259259259259,0.6554068525770983,8.174702882469461,2.0644946046636603,False,False,False,False,False,True
6.312502512749229,66.25,7640.563613231552,0,0,0,0,0,0,0,7.682021510826875,10.063531187562024,2.6390573296152584,2.772588722239781,0.005996309963099631,0.005978403642092121,7.360739903058278,2.0186487050933315,False,False,False,False,True,False
6.743076983988833,50.0,6112.369742419302,0,0,0,0,0,0,0,4.68213122712422,10.083961340239952,0.6931471805599453,3.7612001156935624,0.009345794392523364,0.00930239266231341,8.028781162487148,1.9991152142115904,False,False,False,True,False,False
6.829036948424544,64.51612903225806,10412.863802559415,0,0,0,0,0,0,0,7.172424577124845,9.778151955140352,0.6931471805599453,3.7612001156935624,0.0007680491551459293,0.0007677543563304702,7.691200097522863,1.9906184714459416,True,False,False,False,False,False
6.722398837401743,87.02290076335878,41763.20315581854,0,0,0,0,0,0,0,8.430545384690566,10.419203392959814,3.295836866004329,3.4657359027997265,0.005671902268760907,0.005655877596118601,8.174702882469461,2.0644946046636603,False,False,False,False,False,True
4.9263479368027125,100.0,10412.863802559415,0,0,0,0,0,0,0,4.9344739331306915,8.362349991150289,0.6931471805599453,3.091042453358316,0.007246376811594203,0.007220247973487097,7.691200097522863,1.9906184714459416,True,False,False,False,False,False
6.868906944743126,81.88585607940446,41763.20315581854,0,0,0,0,0,0,0,10.755239763272712,10.544478228920784,2.5649493574615367,3.258096538021482,0.0002560054614498443,0.00025597269764331446,8.174702882469461,2.0644946046636603,False,False,False,False,False,True
5.7918085106382975,0.0,7640.563613231552,0,0,0,0,0,0,0,3.828641396489095,7.751630876729169,0.6931471805599453,3.1354942159291497,0.022222222222222223,0.021978906718775167,7.360739903058278,2.0186487050933315,False,False,False,False,True,False
6.600169481894902,76.66666666666667,10412.863802559415,0,0,0,0,0,0,0,7.45298232946546,10.138384407426036,0.6931471805599453,3.367295829986474,0.000580046403712297,0.0005798782418216589,7.691200097522863,1.9906184714459416,True,False,False,False,False,False
6.295993024103089,0.0,6112.369742419302,0,0,0,0,0,0,0,4.290459441148391,7.827680491919387,1.9459101490553132,3.1780538303479458,0.08333333333333333,0.08004270767353636,8.028781162487148,1.9991152142115904,False,False,False,True,False,False
5.558589488847307,0.0,6112.369742419302,0,0,0,0,0,0,0,4.127134385045092,5.858417164315927,0.6931471805599453,3.367295829986474,0.01639344262295082,0.016260520871780326,8.028781162487148,1.9991152142115904,False,False,False,True,False,False
6.908285555266453,61.06194690265486,7640.563613231552,0,0,0,0,0,0,0,8.10892415597534,10.31519594090607,0.6931471805599453,3.4657359027997265,0.0003009328919650918,0.0003008876207446385,7.360739903058278,2.0186487050933315,False,False,False,False,True,False
6.996579608726442,75.9825327510917,41763.20315581854,0,0,0,0,0,0,0,8.754318540250866,10.520279410882022,2.6390573296152584,3.044522437723423,0.002051443900899479,0.00204934256322028,8.174702882469461,2.0644946046636603,False,False,False,False,False,True
6.744524531479761,79.72350230414746,41763.20315581854,0,0,0,0,0,0,0,10.770335907596417,10.225216783767557,2.5649493574615367,3.5263605246161616,0.00025216971021497467,0.00025213792077764607,8.174702882469461,2.0644946046636603,False,False,False,False,False,True
6.5004185244497705,0.0,41763.20315581854,0,0,0,0,0,0,0,4.330733340286331,9.91128039696677,3.2188758248682006,2.8903717578961645,0.32,0.27763173659827955,8.174702882469461,2.0644946046636603,False,False,False,False,False,True
6.767541224610549,78.44827586206897,7640.563613231552,0,0,0,0,0,0,0,9.27995971385624,10.355922751208103,1.3862943611198906,3.4339872044851463,0.00027985074626865673,0.0002798115953526954,7.360739903058278,2.0186487050933315,False,False,False,False,True,False
6.575058393343825,0.0,41763.20315581854,0,0,0,0,0,0,0,4.7535901911063645,10.01373579348497,3.6888794541139363,2.9444389791664403,0.3391304347826087,0.2920204740503791,8.174702882469461,2.0644946046636603,False,False,False,False,False,True
5.879225467208256,100.0,1266.400447427293,0,0,0,0,0,0,0,4.418840607796598,8.024343613012375,0.6931471805599453,2.6390573296152584,0.012195121951219513,0.01212136053234482,6.104793232414985,1.8852953146630171,False,True,False,False,False,False
6.925912530740846,77.44140625,7640.563613231552,0,0,0,0,0,0,0,9.96236948027235,10.591548324815232,0.6931471805599453,3.6888794541139363,4.714312653215161e-05,4.7142015329823806e-05,7.360739903058278,2.0186487050933315,False,False,False,False,True,False
6.821250155249807,79.11392405063292,10412.863802559415,0,0,0,0,0,0,0,8.583729715216482,10.241790137738425,0.6931471805599453,2.8903717578961645,0.00018716077110237696,0.00018714325871030282,7.691200097522863,1.9906184714459416,True,False,False,False,False,False
6.195191110040243,67.53246753246754,6112.369742419302,0,0,0,0,0,0,0,8.008698182988528,7.8686083776014435,1.3862943611198906,3.091042453358316,0.000998003992015968,0.0009975063171253381,8.028781162487148,1.9991152142115904,False,False,False,True,False,False
6.893035894557727,79.94526974198592,41763.20315581854,0,0,0,0,0,0,0,11.463409537498313,10.516035632002781,2.5649493574615367,2.302585092994046,0.00012609280430396773,0.00012608485527442246,8.174702882469461,2.0644946046636603,False,False,False,False,False,True
6.671140218499566,88.0,4092.5737704918033,0,0,0,0,0,0,0,6.659293919683638,9.763111410243045,0.6931471805599453,1.791759469228055,0.0012836970474967907,0.0012828738128891231,6.415096959171596,1.8969222823803258,False,False,True,False,False,False
6.195191110040243,42.857142857142854,6112.369742419302,0,0,0,0,0,0,0,5.780743515792329,7.8686083776014435,1.0986122886681098,3.091042453358316,0.006191950464396285,0.006172859107081016,8.028781162487148,1.9991152142115904,False,False,False,True,False,False
6.75984267527447,71.95121951219512,10412.863802559415,0,0,0,0,0,0,0,9.640693195592126,10.002655528791855,0.6931471805599453,4.02535169073515,6.503219093451258e-05,6.503007643331075e-05,7.691200097522863,1.9906184714459416,True,False,False,False,False,False
6.873599835391157,82.1319018404908,41763.20315581854,0,0,0,0,0,0,0,10.492911764814268,10.395084431794904,2.6390573296152584,3.091042453358316,0.0003605302568084752,0.0003604652813919407,8.174702882469461,2.0644946046636603,False,False,False,False,False,True
6.794607080130419,78.46153846153847,10412.863802559415,0,0,0,0,0,0,0,7.273786317844895,9.797980786126336,0.6931471805599453,3.2188758248682006,0.0006939625260235947,0.0006937218453723083,7.691200097522863,1.9906184714459416,True,False,False,False,False,False
6.904255601987694,79.4350485786254,41763.20315581854,0,0,0,0,0,0,0,11.67768538157962,10.372982108510897,2.5649493574615367,2.833213344056216,0.00010177253837672802,0.00010176735990329617,8.174702882469461,2.0644946046636603,False,False,False,False,False,True
6.22747829422649,0.0,6112.369742419302,0,0,0,0,0,0,0,8.407824654360873,8.715280860702519,2.5933276030091386,2.70805020110221,0.0027614821854749496,0.0027576762985272066,8.028781162487148,1.9991152142115904,False,False,False,True,False,False
6.195191110040243,67.20430107526882,6112.369742419302,0,0,0,0,0,0,0,8.727940222393896,7.8686083776014435,2.0794415416798357,2.772588722239781,0.001134154244977317,0.0011335115779282018,8.028781162487148,1.9991152142115904,False,False,False,True,False,False
6.241442385702294,77.67857142857143,41763.20315581854,0,0,0,0,0,0,0,8.448914350662942,9.194091527769046,2.5649493574615367,4.02535169073515,0.002570143499678732,0.002566846329133587,8.174702882469461,2.0644946046636603,False,False,False,False,False,True
6.192033733782523,66.66666666666666,6112.369742419302,0,0,0,0,0,0,0,5.645446897643238,9.566331310956217,0.6931471805599453,2.772588722239781,0.0035460992907801418,0.003539826705123987,8.028781162487148,1.9991152142115904,False,False,False,True,False,False
6.510263751421897,57.14285714285714,7640.563613231552,0,0,0,0,0,0,0,8.023552392404348,9.93043086016947,2.1972245773362196,3.4339872044851463,0.002622091117666339,0.0026186594342338994,7.360739903058278,2.0186487050933315,False,False,False,False,True,False
6.662948251583755,80.76923076923077,4092.5737704918033,0,0,0,0,0,0,0,8.165363632473982,10.093243666143405,3.258096538021482,2.4849066497880004,0.007110352673492605,0.007085193306836093,6.415096959171596,1.8969222823803258,False,False,True,False,False,False
6.5004185244497705,0.0,7640.563613231552,0,0,0,0,0,0,0,4.477336814478207,9.91128039696677,1.0986122886681098,2.833213344056216,0.022988505747126436,0.02272825107755609,7.360739903058278,2.0186487050933315,False,False,False,False,True,False
6.941592548052673,82.14285714285714,41763.20315581854,0,0,0,0,0,0,0,8.29054350077274,10.34227112216827,3.295836866004329,2.833213344056216,0.006524466750313676,0.0065032745457374854,8.174702882469461,2.0644946046636603,False,False,False,False,False,True
6.624551706647431,0.0,6112.369742419302,0,0,0,0,0,0,0,3.58351893845611,9.714919592288245,0.6931471805599453,4.1588830833596715,0.02857142857142857,0.028170876966696224,8.028781162487148,1.9991152142115904,False,False,False,True,False,False
5.879225467208256,100.0,1266.400447427293,0,0,0,0,0,0,0,4.532599493153256,8.024343613012375,0.6931471805599453,2.772588722239781,0.010869565217391304,0.010810916104215676,6.104793232414985,1.8852953146630171,False,True,False,False,False,False
6.777925656471416,0.0,4092.5737704918033,0,0,0,0,0,0,0,4.127134385045092,10.358720806111029,2.6390573296152584,2.9444389791664403,0.21311475409836064,0.19319122903085853,6.415096959171596,1.8969222823803258,False,False,True,False,False,False
6.65022514614833,66.66666666666666,10412.863802559415,0,0,0,0,0,0,0,5.814130531825066,9.973390102763855,0.6931471805599453,2.995732273553991,0.0029940119760479044,0.002989538848365986,7.691200097522863,1.9906184714459416,True,False,False,False,False,False
5.879225467208256,71.42857142857143,1266.400447427293,0,0,0,0,0,0,0,6.137727054086234,8.024343613012375,0.6931471805599453,3.091042453358316,0.0021645021645021645,0.0021621630044953172,6.104793232414985,1.8852953146630171,False,True,False,False,False,False
6.850095302129325,79.98460354118552,6112.369742419302,0,0,0,0,0,0,0,10.953732087806813,10.583215051780966,1.9459101490553132,3.1780538303479458,0.00010495749221565265,0.00010495198456340835,8.028781162487148,1.9991152142115904,False,False,False,True,False,False
6.106210567052468,75.0,4092.5737704918033,0,0,0,0,0,0,0,7.007600613951853,10.427792075670013,0.6931471805599453,2.1972245773362196,0.0009057971014492754,0.0009053871148125196,6.415096959171596,1.8969222823803258,False,False,True,False,False,False
6.195191110040243,57.49999999999999,6112.369742419302,0,0,0,0,0,0,0,7.21890970761906,7.8686083776014435,1.0986122886681098,1.3862943611198906,0.001466275659824047,0.0014652017273279626,8.028781162487148,1.9991152142115904,False,False,False,True,False,False
6.576598130934997,72.83737024221453,6112.369742419302,0,0,0,0,0,0,0,9.590350910611878,9.946553577092503,0.6931471805599453,3.9512437185814275,6.83900971139379e-05,6.83877586178295e-05,8.028781162487148,1.9991152142115904,False,False,False,True,False,False
6.195191110040243,71.42857142857143,6112.369742419302,0,0,0,0,0,0,0,6.716594773520978,7.8686083776014435,1.0986122886681098,2.4849066497880004,0.0024242424242424242,0.0024213086890103454,8.028781162487148,1.9991152142115904,False,False,False,True,False,False
6.77042944595717,79.73568281938326,41763.20315581854,0,0,0,0,0,0,0,9.17014318222477,10.34169611521055,2.5649493574615367,3.1354942159291497,0.0012493492972410203,0.0012485695098247058,8.174702882469461,2.0644946046636603,False,False,False,False,False,True
6.818879505190731,83.89117427075541,41763.20315581854,0,0,0,0,0,0,0,12.454205350827863,10.180485603094775,3.2188758248682006,2.8903717578961645,9.363113235150688e-05,9.362674923073544e-05,8.174702882469461,2.0644946046636603,False,False,False,False,False,True
6.195191110040243,60.56338028169014,6112.369742419302,0,0,0,0,0,0,0,8.27715777243181,7.8686083776014435,1.0986122886681098,3.6635616461296463,0.000508646998982706,0.0005085176819472895,8.028781162487148,1.9991152142115904,False,False,False,True,False,False
6.707475151734849,0.0,41763.20315581854,0,0,0,0,0,0,0,9.308464769969381,10.328677677337987,2.5933276030091386,3.1354942159291497,0.0011218677854137125,0.00112123896201024,8.174702882469461,2.0644946046636603,False,False,False,False,False,True
6.7108808707015255,63.63636363636363,6112.369742419302,0,0,0,0,0,0,0,6.013715156042802,9.975240141996258,0.6931471805599453,3.871201010907891,0.0024509803921568627,0.0024479816386400372,8.028781162487148,1.9991152142115904,False,False,False,True,False,False
6.865310731679631,85.8642147301941,41763.20315581854,0,0,0,0,0,0,0,12.960921514720614,10.617173877613528,3.2188758248682006,3.295836866004329,5.640993096834698e-05,5.640833998801265e-05,8.174702882469461,2.0644946046636603,False,False,False,False,False,True
6.6042056082334115,0.0,6112.369742419302,0,0,0,0,0,0,0,3.7612001156935624,10.156733750959264,0.6931471805599453,2.5649493574615367,0.023809523809523808,0.023530497410194036,8.028781162487148,1.9991152142115904,False,False,False,True,False,False
6.58558055977916,67.10526315789474,41763.20315581854,0,0,0,0,0,0,0,7.374629015218945,9.56895283095515,3.970291913552122,3.2188758248682006,0.03262233375156838,0.0321015218868547,8.174702882469461,2.0644946046636603,False,False,False,False,False,True
6.5004185244497705,0.0,10412.863802559415,0,0,0,0,0,0,0,4.204692619390966,9.91128039696677,0.6931471805599453,3.258096538021482,0.015151515151515152,0.015037877364540502,7.691200097522863,1.9906184714459416,True,False,False,False,False,False
6.195191110040243,73.95833333333334,7640.563613231552,0,0,0,0,0,0,0,7.7057128238944275,7.8686083776014435,1.0986122886681098,3.5553480614894135,0.0009009009009009009,0.0009004953332501659,7.360739903058278,2.0186487050933315,False,False,False,False,True,False
5.558589488847307,0.0,6112.369742419302,0,0,0,0,0,0,0,4.07753744390572,5.858417164315927,1.6094379124341003,2.772588722239781,0.06896551724137931,0.06669137449867214,8.028781162487148,1.9991152142115904,False,False,False,True,False,False
6.796305456123642,55.55555555555556,6112.369742419302,0,0,0,0,0,0,0,6.142037405587356,10.114095798483907,1.6094379124341003,3.9512437185814275,0.008620689655172414,0.008583743691391435,8.028781162487148,1.9991152142115904,False,False,False,True,False,False
6.22747829422649,100.0,10412.863802559415,0,0,0,0,0,0,0,4.9344739331306915,8.715280860702519,0.6931471805599453,2.772588722239781,0.007246376811594203,0.007220247973487097,7.691200097522863,1.9906184714459416,True,False,False,False,False,False
6.916696326823704,81.51774785801713,41763.20315581854,0,0,0,0,0,0,0,11.557975309523938,10.53603205918505,3.295836866004329,2.5649493574615367,0.00024854933226265926,0.0002485184489945468,8.174702882469461,2.0644946046636603,False,False,False,False,False,True
6.4461173097348805,59.210526315789465,6112.369742419302,0,0,0,0,0,0,0,7.697575346802343,9.96307980421076,0.6931471805599453,2.6390573296152584,0.00045413260672116256,0.0004540295197178023,8.028781162487148,1.9991152142115904,False,False,False,True,False,False
5.7918085106382975,50.0,6112.369742419302,0,0,0,0,0,0,0,5.3471075307174685,7.751630876729169,0.6931471805599453,3.7612001156935624,0.004784688995215311,0.0047732787526575905,8.028781162487148,1.9991152142115904,False,False,False,True,False,False
6.810523973703345,50.0,41763.20315581854,0,0,0,0,0,0,0,5.6131281063880705,10.200116618626788,3.6375861597263857,3.6375861597263857,0.13553113553113552,0.12710050229423217,8.174702882469461,2.0644946046636603,False,False,False,False,False,True
6.829036948424544,86.23188405797102,10412.863802559415,0,0,0,0,0,0,0,9.04852707581358,9.778151955140352,0.6931471805599453,3.1780538303479458,0.00011757789535567314,0.00011757098361674887,7.691200097522863,1.9906184714459416,True,False,False,False,False,False
6.89685613347767,77.45535714285714,41763.20315581854,0,0,0,0,0,0,0,10.50078440743924,10.735563021739752,2.5649493574615367,3.367295829986474,0.00033018738133890985,0.0003301328814818801,8.174702882469461,2.0644946046636603,False,False,False,False,False,True
6.195560357097322,48.0,6112.369742419302,0,0,0,0,0,0,0,6.684611727667927,9.590465530701902,1.3862943611198906,2.9444389791664403,0.0037546933667083854,0.003747662100239749,8.028781162487148,1.9991152142115904,False,False,False,True,False,False
6.744524531479761,71.1864406779661,41763.20315581854,0,0,0,0,0,0,0,8.23880116587155,10.225216783767557,2.5649493574615367,3.091042453358316,0.003171247357293869,0.0031662295580495133,8.174702882469461,2.0644946046636603,False,False,False,False,False,True
6.780279228568084,71.42857142857143,41763.20315581854,0,0,0,0,0,0,0,7.77863014732581,10.03249469767455,3.9512437185814275,3.7612001156935624,0.02135678391959799,0.02113192370342764,8.174702882469461,2.0644946046636603,False,False,False,False,False,True
6.849950437165936,81.53013910355486,41763.20315581854,0,0,0,0,0,0,0,11.053964638919313,10.388549096553398,3.295836866004329,2.772588722239781,0.0004114379757251594,0.0004113533583303249,8.174702882469461,2.0644946046636603,False,False,False,False,False,True
6.48976219033308,79.18781725888326,7640.563613231552,0,0,0,0,0,0,0,8.31581113188354,9.485106768895054,0.6931471805599453,2.70805020110221,0.00024467824810374357,0.0002446483192631239,7.360739903058278,2.0186487050933315,False,False,False,False,True,False
6.22747829422649,77.94117647058823,4092.5737704918033,0,0,0,0,0,0,0,7.957177323459475,8.715280860702519,0.6931471805599453,2.6390573296152584,0.0003502626970227671,0.0003502013693645205,6.415096959171596,1.8969222823803258,False,False,True,False,False,False
6.811522504055452,100.0,6112.369742419302,0,0,0,0,0,0,0,5.214935757608986,10.178507420484628,1.0986122886681098,1.6094379124341003,0.01092896174863388,0.010869672236903891,8.028781162487148,1.9991152142115904,False,False,False,True,False,False
6.195191110040243,60.0,6112.369742419302,0,0,0,0,0,0,0,5.5909869805108565,7.8686083776014435,0.6931471805599453,3.5553480614894135,0.003745318352059925,0.003738322110607158,8.028781162487148,1.9991152142115904,False,False,False,True,False,False
6.859124511608936,82.42811501597444,41763.20315581854,0,0,0,0,0,0,0,9.216223035134337,10.168582708665518,3.295836866004329,2.772588722239781,0.002585006959634122,0.002581671575900292,8.174702882469461,2.0644946046636603,False,False,False,False,False,True
6.916353681129999,76.53992395437263,7640.563613231552,0,0,0,0,0,0,0,11.126718718425458,10.257138048573674,1.6094379124341003,3.7376696182833684,5.885641976398576e-05,5.8854687792770704e-05,7.360739903058278,2.0186487050933315,False,False,False,False,True,False
6.195191110040243,63.63636363636363,6112.369742419302,0,0,0,0,0,0,0,7.258412150595307,7.8686083776014435,1.0986122886681098,2.0794415416798357,0.0014094432699083862,0.0014084509370579205,8.028781162487148,1.9991152142115904,False,False,False,True,False,False
6.58558055977916,64.81481481481481,10412.863802559415,0,0,0,0,0,0,0,7.0909098220799835,9.56895283095515,0.6931471805599453,3.1780538303479458,0.0008333333333333334,0.000832986303891771,7.691200097522863,1.9906184714459416,True,False,False,False,False,False
6.5004185244497705,65.89595375722543,7640.563613231552,0,0,0,0,0,0,0,8.826587830773668,9.91128039696677,0.6931471805599453,3.332204510175204,0.0001467997651203758,0.00014678899108921546,7.360739903058278,2.0186487050933315,False,False,False,False,True,False
5.60043986026233,0.0,10412.863802559415,0,0,0,0,0,0,0,3.4965075614664802,6.344274272082252,0.6931471805599453,2.8903717578961645,0.03125,0.030771658666753687,7.691200097522863,1.9906184714459416,True,False,False,False,False,False
6.548792989998894,0.0,6112.369742419302,0,0,0,0,0,0,0,4.634728988229636,9.223228522439266,0.6931471805599453,2.833213344056216,0.00980392156862745,0.009756174945364656,8.028781162487148,1.9991152142115904,False,False,False,True,False,False
6.195191110040243,62.35294117647059,6112.369742419302,0,0,0,0,0,0,0,7.978996370854115,7.8686083776014435,1.0986122886681098,2.1972245773362196,0.0006854009595613434,0.0006851661795965106,8.028781162487148,1.9991152142115904,False,False,False,True,False,False
5.879225467208256,60.0,1266.400447427293,0,0,0,0,0,0,0,5.298317366548036,8.024343613012375,0.6931471805599453,2.5649493574615367,0.005025125628140704,0.0050125418235441935,6.104793232414985,1.8852953146630171,False,True,False,False,False,False
5.558589488847307,0.0,6112.369742419302,0,0,0,0,0,0,0,3.912023005428146,5.858417164315927,0.6931471805599453,3.6635616461296463,0.02040816326530612,0.02020270731751947,8.028781162487148,1.9991152142115904,False,False,False,True,False,False
6.62219037942343,50.0,7640.563613231552,0,0,0,0,0,0,0,5.739792912179234,9.818952998441794,0.6931471805599453,3.5263605246161616,0.0032258064516129032,0.003220614700042157,7.360739903058278,2.0186487050933315,False,False,False,False,True,False
6.556985758710217,75.0,41763.20315581854,0,0,0,0,0,0,0,6.466144724237619,9.461522763307553,3.970291913552122,2.0794415416798357,0.08099688473520249,0.07788365681684334,8.174702882469461,2.0644946046636603,False,False,False,False,False,True
6.566559542162177,0.0,7640.563613231552,0,0,0,0,0,0,0,4.31748811353631,9.620902779409052,0.6931471805599453,2.4849066497880004,0.013513513513513514,0.01342302033214077,7.360739903058278,2.0186487050933315,False,False,False,False,True,False
6.195191110040243,75.0,6112.369742419302,0,0,0,0,0,0,0,6.582025138892826,7.8686083776014435,0.6931471805599453,3.4339872044851463,0.0013869625520110957,0.001386001607877153,8.028781162487148,1.9991152142115904,False,False,False,True,False,False
6.928082740748006,79.00874635568513,7640.563613231552,0,0,0,0,0,0,0,9.644133752071205,10.516390885915971,0.6931471805599453,3.5553480614894135,6.480881399870383e-05,6.480671399827498e-05,7.360739903058278,2.0186487050933315,False,False,False,False,True,False
6.22747829422649,50.0,41763.20315581854,0,0,0,0,0,0,0,5.429345628954441,8.715280860702519,3.295836866004329,3.7376696182833684,0.1145374449339207,0.10843947124611757,8.174702882469461,2.0644946046636603,False,False,False,False,False,True
6.9143932158748465,78.94156560088203,6112.369742419302,0,0,0,0,0,0,0,9.796347676978224,10.635751397530338,0.6931471805599453,3.6888794541139363,5.565759447876663e-05,5.565604565234372e-05,8.028781162487148,1.9991152142115904,False,False,False,True,False,False
6.7728198451635695,81.31147540983606,41763.20315581854,0,0,0,0,0,0,0,9.384965722135666,9.293585506586053,3.6888794541139363,2.8903717578961645,0.00327538422776518,0.0032700318410761216,8.174702882469461,2.0644946046636603,False,False,False,False,False,True
7.010092498128803,0.0,6112.369742419302,0,0,0,0,0,0,0,9.03013657115323,10.823411061717849,0.6931471805599453,3.091042453358316,0.00011976047904191617,0.00011975330832827771,8.028781162487148,1.9991152142115904,False,False,False,True,False,False
6.788123767941879,84.81012658227847,6112.369742419302,0,0,0,0,0,0,0,7.794823152179389,10.252934592808874,1.0986122886681098,2.5649493574615367,0.0008240626287597857,0.0008237232755712226,8.028781162487148,1.9991152142115904,False,False,False,True,False,False
6.876825967643439,69.92777413000657,10412.863802559415,0,0,0,0,0,0,0,10.321506859215644,10.46680382527731,0.6931471805599453,4.04305126783455,3.2918559483836984e-05,3.2918017679952024e-05,7.691200097522863,1.9906184714459416,True,False,False,False,False,False
6.769184142033499,81.04575163398692,6112.369742419302,0,0,0,0,0,0,0,10.252029513244672,10.247026975001653,0.6931471805599453,3.1780538303479458,3.528706023501182e-05,3.5286437661258926e-05,8.028781162487148,1.9991152142115904,False,False,False,True,False,False
6.195191110040243,71.6931216931217,6112.369742419302,0,0,0,0,0,0,0,8.867286523989415,7.8686083776014435,1.791759469228055,2.833213344056216,0.0007047216349541931,0.0007044734352638377,8.028781162487148,1.9991152142115904,False,False,False,True,False,False
6.886454338193009,82.80254777070064,41763.20315581854,0,0,0,0,0,0,0,8.533656917446903,10.55714790872707,3.1354942159291497,3.367295829986474,0.004329004329004329,0.00431966114451638,8.174702882469461,2.0644946046636603,False,False,False,False,False,True
6.545472555472579,71.42857142857143,41763.20315581854,0,0,0,0,0,0,0,6.008813185442595,9.366746086695365,7.294377299288821,3.5553480614894135,3.623152709359606,1.5310768769847762,8.174702882469461,2.0644946046636603,False,False,False,False,False,True
6.8066025351311765,79.62382445141067,6112.369742419302,0,0,0,0,0,0,0,8.93247660846174,10.409059428951814,1.3862943611198906,2.302585092994046,0.0003961441964875215,0.0003960657520914525,8.028781162487148,1.9991152142115904,False,False,False,True,False,False
6.5004185244497705,0.0,10412.863802559415,0,0,0,0,0,0,0,4.290459441148391,9.91128039696677,0.6931471805599453,3.9318256327243257,0.013888888888888888,0.01379332213233577,7.691200097522863,1.9906184714459416,True,False,False,False,False,False
6.7909057628327325,60.0,10412.863802559415,0,0,0,0,0,0,0,5.214935757608986,10.023746586570448,0.6931471805599453,3.1354942159291497,0.00546448087431694,0.005449604767564685,7.691200097522863,1.9906184714459416,True,False,False,False,False,False
6.808585860485242,75.84745762711864,41763.20315581854,0,0,0,0,0,0,0,8.667163717992533,10.01786938038073,2.5649493574615367,3.2188758248682006,0.002066115702479339,0.0020639842208514275,8.174702882469461,2.0644946046636603,False,False,False,False,False,True
6.634437296202022,73.68421052631578,41763.20315581854,0,0,0,0,0,0,0,6.025865973825314,10.035297428465553,3.9512437185814275,3.295836866004329,0.1234866828087167,0.11643695926522248,8.174702882469461,2.0644946046636603,False,False,False,False,False,True
6.843501468948183,75.38461538461539,7640.563613231552,0,0,0,0,0,0,0,7.596392304064196,10.073300708025029,1.3862943611198906,3.2188758248682006,0.001507537688442211,0.0015064024942565682,7.360739903058278,2.0186487050933315,False,False,False,False,True,False
6.857325393700843,0.0,41763.20315581854,0,0,0,0,0,0,0,11.541104675235536,10.312473226016106,2.5649493574615367,2.1972245773362196,0.00011666682870392876,0.00011666002365885428,8.174702882469461,2.0644946046636603,False,False,False,False,False,True
6.22747829422649,0.0,6112.369742419302,0,0,0,0,0,0,0,4.343805421853684,8.715280860702519,2.5649493574615367,3.367295829986474,0.15789473684210525,0.14660347419187544,8.028781162487148,1.9991152142115904,False,False,False,True,False,False
6.831945692708443,86.00352112676056,41763.20315581854,0,0,0,0,0,0,0,13.702454955366793,10.507400714581248,3.258096538021482,2.833213344056216,2.799238607098869e-05,2.7991994291568455e-05,8.174702882469461,2.0644946046636603,False,False,False,False,False,True
6.948366905656778,89.62450592885376,10412.863802559415,0,0,0,0,0,0,0,12.209222678961282,10.631159624996315,0.6931471805599453,2.70805020110221,4.984299456711359e-06,4.984287035143589e-06,7.691200097522863,1.9906184714459416,True,False,False,False,False,False
6.195191110040243,66.0,6112.369742419302,0,0,0,0,0,0,0,7.961370201719511,7.8686083776014435,1.0986122886681098,3.091042453358316,0.0006975933031042902,0.0006973500979950343,8.028781162487148,1.9991152142115904,False,False,False,True,False,False
6.5264781364721145,66.66666666666666,10412.863802559415,0,0,0,0,0,0,0,5.225746673713202,9.749668000859836,0.6931471805599453,4.276666119016055,0.005405405405405406,0.005390848634876373,7.691200097522863,1.9906184714459416,True,False,False,False,False,False
6.548792989998894,0.0,6112.369742419302,0,0,0,0,0,0,0,3.871201010907891,9.223228522439266,0.6931471805599453,2.772588722239781,0.02127659574468085,0.021053409197832263,8.028781162487148,1.9991152142115904,False,False,False,True,False,False
6.604842707205482,77.29468599033817,6112.369742419302,0,0,0,0,0,0,0,8.507950610049305,9.94521695986674,0.6931471805599453,3.1780538303479458,0.0002018978396931153,0.00020187746106720595,8.028781162487148,1.9991152142115904,False,False,False,True,False,False
6.770471086027172,71.98581560283688,7640.563613231552,0,0,0,0,0,0,0,8.870522545103873,10.0533837694186,1.3862943611198906,3.6888794541139363,0.0004214667041303737,0.0004213779119868577,7.360739903058278,2.0186487050933315,False,False,False,False,True,False
6.662948251583755,50.0,6112.369742419302,0,0,0,0,0,0,0,4.852030263919617,10.093243666143405,0.6931471805599453,3.58351893845611,0.007874015748031496,0.007843177461025879,8.028781162487148,1.9991152142115904,False,False,False,True,False,False
6.5004185244497705,60.0,4092.5737704918033,0,0,0,0,0,0,0,5.529429087511423,9.91128039696677,0.6931471805599453,2.772588722239781,0.00398406374501992,0.003976148379639417,6.415096959171596,1.8969222823803258,False,False,True,False,False,False
6.567092475492856,0.0,6112.369742419302,0,0,0,0,0,0,0,3.8918202981106265,9.685754160232085,0.6931471805599453,2.995732273553991,0.020833333333333332,0.02061928720273561,8.028781162487148,1.9991152142115904,False,False,False,True,False,False
6.773653912600934,77.27272727272727,41763.20315581854,0,0,0,0,0,0,0,8.581294116822761,10.15338504207544,5.497168225293202,3.091042453358316,0.045590994371482174,0.044582270409646234,8.174702882469461,2.0644946046636603,False,False,False,False,False,True
6.932395497086653,79.59183673469387,41763.20315581854,0,0,0,0,0,0,0,10.790349473719472,10.61938355619807,2.5649493574615367,2.833213344056216,0.00024717295927825496,0.0002471424170751428,8.174702882469461,2.0644946046636603,False,False,False,False,False,True
6.961663025178041,78.13953488372093,6112.369742419302,0,0,0,0,0,0,0,8.365672383774996,10.490446431885436,1.0986122886681098,2.70805020110221,0.0004655493482309125,0.00046544101375508245,8.028781162487148,1.9991152142115904,False,False,False,True,False,False
6.48976219033308,78.02197802197803,4092.5737704918033,0,0,0,0,0,0,0,8.877800393882575,9.485106768895054,2.6390573296152584,2.9444389791664403,0.0018131101813110182,0.0018114684811355733,6.415096959171596,1.8969222823803258,False,False,True,False,False,False
6.22747829422649,0.0,41763.20315581854,0,0,0,0,0,0,0,9.197052477649247,8.715280860702519,2.5933276030091386,3.4339872044851463,0.0012540996932313012,0.001253313967061724,8.174702882469461,2.0644946046636603,False,False,False,False,False,True
6.8584341309199734,60.0,6112.369742419302,0,0,0,0,0,0,0,7.750614732770409,10.184868214484148,0.6931471805599453,3.5553480614894135,0.0004306632213608958,0.00043057051257231073,8.028781162487148,1.9991152142115904,False,False,False,True,False,False
6.843501468948183,50.0,4092.5737704918033,0,0,0,0,0,0,0,5.937536205082426,10.073300708025029,1.791759469228055,3.912023005428146,0.013227513227513227,0.013140793561058328,6.415096959171596,1.8969222823803258,False,False,True,False,False,False
6.195191110040243,71.7948717948718,6112.369742419302,0,0,0,0,0,0,0,7.587817219993427,7.8686083776014435,1.0986122886681098,3.2188758248682006,0.0010136847440446021,0.0010131713126068026,8.028781162487148,1.9991152142115904,False,False,False,True,False,False
5.7918085106382975,50.0,7640.563613231552,0,0,0,0,0,0,0,5.117993812416755,7.751630876729169,1.3862943611198906,3.6375861597263857,0.018072289156626505,0.017910926566530243,7.360739903058278,2.0186487050933315,False,False,False,False,True,False
6.90183592070378,65.21739130434783,41763.20315581854,0,0,0,0,0,0,0,7.107425474110705,10.323759880366056,3.6888794541139363,2.995732273553991,0.031967213114754096,0.03146689631704497,8.174702882469461,2.0644946046636603,False,False,False,False,False,True
6.66391737475365,0.0,41763.20315581854,0,0,0,0,0,0,0,4.68213122712422,9.799753131264394,2.5933276030091386,3.044522437723423,0.11564674460853505,0.10943427676155403,8.174702882469461,2.0644946046636603,False,False,False,False,False,True
6.869352523048465,0.0,7640.563613231552,0,0,0,0,0,0,0,7.717796211013582,10.334899955727437,0.6931471805599453,2.5649493574615367,0.0004450378282153983,0.00044493882825260287,7.360739903058278,2.0186487050933315,False,False,False,False,True,False
6.8536771222611135,75.25773195876289,6112.369742419302,0,0,0,0,0,0,0,8.589141690728821,10.356631814037343,1.0986122886681098,2.4849066497880004,0.00037230081906180194,0.00037223153230823904,8.028781162487148,1.9991152142115904,False,False,False,True,False,False
6.58558055977916,0.0,10412.863802559415,0,0,0,0,0,0,0,4.406719247264253,9.56895283095515,0.6931471805599453,3.1354942159291497,0.012345679012345678,0.012270092591814401,7.691200097522863,1.9906184714459416,True,False,False,False,False,False
6.7921340428944,100.0,10412.863802559415,0,0,0,0,0,0,0,3.828641396489095,10.36953170501716,0.6931471805599453,2.6390573296152584,0.022222222222222223,0.021978906718775167,7.691200097522863,1.9906184714459416,True,False,False,False,False,False
6.847385010032312,80.0557880055788,41763.20315581854,0,0,0,0,0,0,0,9.888830663192495,10.074613521940718,2.5649493574615367,2.70805020110221,0.0006088897909478384,0.0006087044927726222,8.174702882469461,2.0644946046636603,False,False,False,False,False,True
6.779782172998328,33.33333333333333,6112.369742419302,0,0,0,0,0,0,0,5.056245805348308,10.42324578946821,1.0986122886681098,2.8903717578961645,0.01282051282051282,0.012739025777429712,8.028781162487148,1.9991152142115904,False,False,False,True,False,False
5.558589488847307,0.0,10412.863802559415,0,0,0,0,0,0,0,5.659482215759621,5.858417164315927,0.6931471805599453,2.772588722239781,0.0034965034965034965,0.0034904049397685676,7.691200097522863,1.9906184714459416,True,False,False,False,False,False
5.558589488847307,0.0,41763.20315581854,0,0,0,0,0,0,0,4.30406509320417,5.858417164315927,3.044522437723423,2.302585092994046,0.273972602739726,0.2421400520048648,8.174702882469461,2.0644946046636603,False,False,False,False,False,True
6.968193155372553,72.04968944099379,6112.369742419302,0,0,0,0,0,0,0,9.036701015565063,10.60511361621307,0.6931471805599453,1.791759469228055,0.0001189767995240928,0.00011896972234592403,8.028781162487148,1.9991152142115904,False,False,False,True,False,False
6.885395254408697,85.71428571428571,7640.563613231552,0,0,0,0,0,0,0,6.752270376141742,10.25880978684457,0.6931471805599453,3.784189633918261,0.0011695906432748538,0.0011689072049819618,7.360739903058278,2.0186487050933315,False,False,False,False,True,False
6.743327140348654,85.10258697591436,41763.20315581854,0,0,0,0,0,0,0,11.167939085683692,10.279539430081238,2.4849066497880004,3.332204510175204,0.00015531896868204795,0.00015530690793984784,8.174702882469461,2.0644946046636603,False,False,False,False,False,True
6.7386854344927904,91.66666666666666,41763.20315581854,0,0,0,0,0,0,0,6.021023349349527,10.145869480287827,3.6888794541139363,3.367295829986474,0.0948905109489051,0.09065436826813084,8.174702882469461,2.0644946046636603,False,False,False,False,False,True
6.726881389735055,100.0,7640.563613231552,0,0,0,0,0,0,0,3.7612001156935624,9.920300326844044,0.6931471805599453,3.295836866004329,0.023809523809523808,0.023530497410194036,7.360739903058278,2.0186487050933315,False,False,False,False,True,False
6.9084008859802815,79.06976744186046,4092.5737704918033,0,0,0,0,0,0,0,9.116359308505288,10.540157328238578,1.6094379124341003,3.2188758248682006,0.00043946385409800046,0.00043936731814024334,6.415096959171596,1.8969222823803258,False,False,True,False,False,False
6.5970797128209036,66.82027649769586,7640.563613231552,0,0,0,0,0,0,0,8.754318540250866,10.305502616439773,1.9459101490553132,3.6635616461296463,0.0009468202619536059,0.0009463723103801475,7.360739903058278,2.0186487050933315,False,False,False,False,True,False
6.5004185244497705,0.0,41763.20315581854,0,0,0,0,0,0,0,4.941642422609304,9.91128039696677,3.295836866004329,1.791759469228055,0.18705035971223022,0.1714715407698888,8.174702882469461,2.0644946046636603,False,False,False,False,False,True
6.726881389735055,66.66666666666666,41763.20315581854,0,0,0,0,0,0,0,6.97166860472579,9.920300326844044,3.295836866004329,2.4849066497880004,0.024413145539906103,0.02411990768954537,8.174702882469461,2.0644946046636603,False,False,False,False,False,True
6.844614966234576,73.64341085271317,6112.369742419302,0,0,0,0,0,0,0,8.906122330884303,10.253585385671725,1.3862943611198906,2.9444389791664403,0.00040672451193058567,0.000406641821936881,8.028781162487148,1.9991152142115904,False,False,False,True,False,False
6.744524531479761,50.0,41763.20315581854,0,0,0,0,0,0,0,6.508769136971682,10.225216783767557,3.295836866004329,3.4965075614664802,0.03880597014925373,0.03807194794940797,8.174702882469461,2.0644946046636603,False,False,False,False,False,True
6.7216736474977665,57.14285714285714,6112.369742419302,0,0,0,0,0,0,0,6.095824562432225,10.226244979935121,1.0986122886681098,3.332204510175204,0.004514672686230248,0.004504512121104508,8.028781162487148,1.9991152142115904,False,False,False,True,False,False
6.195191110040243,80.0,6112.369742419302,0,0,0,0,0,0,0,5.648974238161206,7.8686083776014435,0.6931471805599453,3.2188758248682006,0.0035335689045936395,0.0035273405179684406,8.028781162487148,1.9991152142115904,False,False,False,True,False,False
6.6520969072477385,78.67494824016563,41763.20315581854,0,0,0,0,0,0,0,9.710206155505832,9.866234944575568,3.9512437185814275,2.833213344056216,0.003093909245328804,0.003089132957185203,8.174702882469461,2.0644946046636603,False,False,False,False,False,True
5.879225467208256,0.0,1266.400447427293,0,0,0,0,0,0,0,4.060443010546419,8.024343613012375,0.6931471805599453,2.6390573296152584,0.017543859649122806,0.01739174271186924,6.104793232414985,1.8852953146630171,False,True,False,False,False,False
6.886454338193009,0.0,41763.20315581854,0,0,0,0,0,0,0,8.32845106681936,10.55714790872707,2.5933276030091386,2.772588722239781,0.0029896597422356245,0.002985199596881938,8.174702882469461,2.0644946046636603,False,False,False,False,False,True
6.8873779809596005,83.64704110826683,41763.20315581854,0,0,0,0,0,0,0,12.09264635545998,10.503088454418865,3.295836866004329,2.6390573296152584,0.000145615027470835,0.0001456044266317604,8.174702882469461,2.0644946046636603,False,False,False,False,False,True
5.7918085106382975,66.66666666666666,41763.20315581854,0,0,0,0,0,0,0,5.683579767338681,7.751630876729169,3.1354942159291497,3.6375861597263857,0.07508532423208192,0.07240002980856576,8.174702882469461,2.0644946046636603,False,False,False,False,False,True
6.728879252982257,71.60493827160494,4092.5737704918033,0,0,0,0,0,0,0,7.631916513071252,10.092995148114731,0.6931471805599453,4.07753744390572,0.00048496605237633366,0.0004848484943465003,6.415096959171596,1.8969222823803258,False,False,True,False,False,False
6.510263751421897,66.66666666666666,6112.369742419302,0,0,0,0,0,0,0,6.368187186350492,9.93043086016947,2.3978952727983707,2.70805020110221,0.01718213058419244,0.0170361871525678,8.028781162487148,1.9991152142115904,False,False,False,True,False,False
6.779782172998328,0.0,10412.863802559415,0,0,0,0,0,0,0,4.852030263919617,10.42324578946821,0.6931471805599453,3.295836866004329,0.007874015748031496,0.007843177461025879,7.691200097522863,1.9906184714459416,True,False,False,False,False,False
6.797549575220548,78.90995260663507,41763.20315581854,0,0,0,0,0,0,0,9.406729185981574,10.375753011143713,3.2188758248682006,3.044522437723423,0.0019722245048894734,0.001970282223464663,8.174702882469461,2.0644946046636603,False,False,False,False,False,True
6.917343385015634,71.875,41763.20315581854,0,0,0,0,0,0,0,7.498869733976931,10.332763394372934,3.7612001156935624,3.6888794541139363,0.02326869806094183,0.023002109432258624,8.174702882469461,2.0644946046636603,False,False,False,False,False,True
4.9263479368027125,100.0,10412.863802559415,0,0,0,0,0,0,0,4.875197323201151,8.362349991150289,0.6931471805599453,2.4849066497880004,0.007692307692307693,0.007662872745569097,7.691200097522863,1.9906184714459416,True,False,False,False,False,False
6.8949014445340095,78.57142857142857,41763.20315581854,0,0,0,0,0,0,0,6.618738983517219,10.011559008035396,3.295836866004329,3.091042453358316,0.034759358288770054,0.03416889561524979,8.174702882469461,2.0644946046636603,False,False,False,False,False,True
6.728879252982257,50.0,41763.20315581854,0,0,0,0,0,0,0,5.739792912179234,10.092995148114731,4.30406509320417,2.70805020110221,0.23548387096774193,0.21146269170145396,8.174702882469461,2.0644946046636603,False,False,False,False,False,True
6.916164140930671,79.27590511860176,7640.563613231552,0,0,0,0,0,0,0,11.842329926465428,10.619208030339765,1.0986122886681098,3.091042453358316,1.4387143648435758e-05,1.438704015447255e-05,7.360739903058278,2.0186487050933315,False,False,False,False,True,False
6.929999946205236,80.82901554404145,10412.863802559415,0,0,0,0,0,0,0,10.810818263038772,10.230362145757894,0.6931471805599453,2.8903717578961645,2.0180412891247756e-05,2.0180209269409195e-05,7.691200097522863,1.9906184714459416,True,False,False,False,False,False
6.5004185244497705,67.0391061452514,7640.563613231552,0,0,0,0,0,0,0,8.53070154144103,9.91128039696677,1.6094379124341003,4.143134726391533,0.0007894217485691731,0.0007891103191092326,7.360739903058278,2.0186487050933315,False,False,False,False,True,False
6.714263331890276,71.03448275862068,41763.20315581854,0,0,0,0,0,0,0,7.7226775164680035,9.872787541615118,3.295836866004329,3.4339872044851463,0.011514614703277236,0.011448826066293466,8.174702882469461,2.0644946046636603,False,False,False,False,False,True
6.662948251583755,0.0,41763.20315581854,0,0,0,0,0,0,0,4.897839799950911,10.093243666143405,2.6390573296152584,2.4849066497880004,0.09774436090225563,0.09325749348658272,8.174702882469461,2.0644946046636603,False,False,False,False,False,True
6.7842301997157435,78.39506172839506,7640.563613231552,0,0,0,0,0,0,0,9.568783751310876,10.055566237327685,2.70805020110221,3.6635616461296463,0.0009783368273934311,0.0009778585678267518,7.360739903058278,2.0186487050933315,False,False,False,False,True,False
6.195191110040243,52.0,6112.369742419302,0,0,0,0,0,0,0,7.107425474110705,7.8686083776014435,1.3862943611198906,3.4011973816621555,0.002459016393442623,0.0024559979598700824,8.028781162487148,1.9991152142115904,False,False,False,True,False,False
6.794607080130419,71.23287671232876,7640.563613231552,0,0,0,0,0,0,0,7.553286605600419,9.797980786126336,0.6931471805599453,3.6888794541139363,0.0005246589716684155,0.0005245213862715416,7.360739903058278,2.0186487050933315,False,False,False,False,True,False
5.879225467208256,71.49758454106279,1266.400447427293,0,0,0,0,0,0,0,9.074749717669835,8.024343613012375,0.6931471805599453,2.6390573296152584,0.00011453441759248655,0.00011452785902694735,6.104793232414985,1.8852953146630171,False,True,False,False,False,False
6.9163355475353585,71.76470588235294,7640.563613231552,0,0,0,0,0,0,0,10.035567892893337,10.552250995629967,2.302585092994046,3.4965075614664802,0.00039433904394689566,0.00039426131274042755,7.360739903058278,2.0186487050933315,False,False,False,False,True,False
6.756379223895332,83.33333333333334,10412.863802559415,0,0,0,0,0,0,0,6.3561076606958915,10.120073395422493,0.6931471805599453,4.23410650459726,0.0017391304347826088,0.001737619898540878,7.691200097522863,1.9906184714459416,True,False,False,False,False,False
6.796871963337037,82.59574468085107,41763.20315581854,0,0,0,0,0,0,0,11.077485568110127,10.458899626851938,3.2188758248682006,2.3978952727983707,0.0003709600136018672,0.00037089122494745057,8.174702882469461,2.0644946046636603,False,False,False,False,False,True
6.726162369696763,74.19354838709677,41763.20315581854,0,0,0,0,0,0,0,6.840546529288687,10.679600344309243,2.1972245773362196,3.332204510175204,0.008565310492505354,0.008528836347520502,8.174702882469461,2.0644946046636603,False,False,False,False,False,True
6.195191110040243,56.09756097560976,6112.369742419302,0,0,0,0,0,0,0,7.180069874302796,7.8686083776014435,1.3862943611198906,2.5649493574615367,0.0022865853658536584,0.002283975107830494,8.028781162487148,1.9991152142115904,False,False,False,True,False,False
6.735691132363756,75.72254335260115,6112.369742419302,0,0,0,0,0,0,0,8.392310009269547,10.477972889916076,1.0986122886681098,2.6390573296152584,0.00045330915684496827,0.0004532064432887015,8.028781162487148,1.9991152142115904,False,False,False,True,False,False
4.9263479368027125,100.0,10412.863802559415,0,0,0,0,0,0,0,4.867534450455582,8.362349991150289,0.6931471805599453,2.3978952727983707,0.007751937984496124,0.0077220460939103185,7.691200097522863,1.9906184714459416,True,False,False,False,False,False
6.609341826856482,73.33333333333333,41763.20315581854,0,0,0,0,0,0,0,6.519147287940395,9.068882161802035,4.875197323201151,2.4849066497880004,0.19202363367799113,0.1756523953576739,8.174702882469461,2.0644946046636603,False,False,False,False,False,True
6.542958467678293,0.0,41763.20315581854,0,0,0,0,0,0,0,4.394449154672439,9.733494725610756,4.51085950651685,2.772588722239781,1.125,0.7537718023763802,8.174702882469461,2.0644946046636603,False,False,False,False,False,True
6.80517077564317,82.59803921568627,41763.20315581854,0,0,0,0,0,0,0,9.374158457205578,10.111758201379091,2.6390573296152584,3.2188758248682006,0.0011036590542490873,0.0011030504703332896,8.174702882469461,2.0644946046636603,False,False,False,False,False,True
6.929082157633005,85.11278195488721,41763.20315581854,0,0,0,0,0,0,0,11.802762713361059,10.449072303985556,3.258096538021482,2.995732273553991,0.0001870977398593025,0.00018708023925997184,8.174702882469461,2.0644946046636603,False,False,False,False,False,True
6.756666247949616,67.67676767676768,10412.863802559415,0,0,0,0,0,0,0,7.498315870766981,10.418346234180893,0.6931471805599453,3.8918202981106265,0.0005543237250554324,0.0005541701444122678,7.691200097522863,1.9906184714459416,True,False,False,False,False,False
6.662948251583755,79.23076923076923,4092.5737704918033,0,0,0,0,0,0,0,8.431417414394833,10.093243666143405,2.0794415416798357,2.6390573296152584,0.0015257192676547515,0.0015245565405261317,6.415096959171596,1.8969222823803258,False,False,True,False,False,False
6.8462550832714255,79.6934865900383,41763.20315581854,0,0,0,0,0,0,0,9.6071010394542,10.3254537616196,3.7612001156935624,3.4011973816621555,0.002824668773959244,0.002820686893684183,8.174702882469461,2.0644946046636603,False,False,False,False,False,True
6.754818962416433,0.0,4092.5737704918033,0,0,0,0,0,0,0,3.9889840465642745,10.53249559764114,2.5933276030091386,2.0794415416798357,0.23347550326628774,0.2098357972572683,6.415096959171596,1.8969222823803258,False,False,True,False,False,False
6.924404576262872,72.6027397260274,41763.20315581854,0,0,0,0,0,0,0,7.6511201757027,10.25438432087725,3.970291913552122,2.772588722239781,0.024738344433872503,0.0244373062794374,8.174702882469461,2.0644946046636603,False,False,False,False,False,True
6.910701171443393,80.43478260869566,10412.863802559415,0,0,0,0,0,0,0,10.331529214823197,10.41688240220924,0.6931471805599453,3.4965075614664802,3.259027506192152e-05,3.258974401049594e-05,7.691200097522863,1.9906184714459416,True,False,False,False,False,False
6.741621400639805,79.54545454545455,10412.863802559415,0,0,0,0,0,0,0,7.2485040723706105,10.138276512874846,0.6931471805599453,3.044522437723423,0.0007117437722419929,0.0007114906027640052,7.691200097522863,1.9906184714459416,True,False,False,False,False,False
6.851297034979002,37.5,6112.369742419302,0,0,0,0,0,0,0,6.976348070447749,9.986857054132571,1.791759469228055,3.367295829986474,0.004672897196261682,0.004662013105811371,8.028781162487148,1.9991152142115904,False,False,False,True,False,False
6.359366963355418,72.5,6112.369742419302,0,0,0,0,0,0,0,7.465082736399547,9.387122915483614,1.0986122886681098,3.4339872044851463,0.001146131805157593,0.0011454754975289804,8.028781162487148,1.9991152142115904,False,False,False,True,False,False
6.6520969072477385,68.08510638297872,41763.20315581854,0,0,0,0,0,0,0,8.342363500380579,9.866234944575568,3.970291913552122,2.1972245773362196,0.012389802239695021,0.012313676781220782,8.174702882469461,2.0644946046636603,False,False,False,False,False,True
6.810042529424079,75.0,6112.369742419302,0,0,0,0,0,0,0,5.093750200806762,10.047568209938474,0.6931471805599453,3.5553480614894135,0.006172839506172839,0.006153865574378286,8.028781162487148,1.9991152142115904,False,False,False,True,False,False
6.195191110040243,67.6056338028169,6112.369742419302,0,0,0,0,0,0,0,8.08271113423758,7.8686083776014435,1.0986122886681098,2.8903717578961645,0.0006178560395427865,0.0006176652450850572,8.028781162487148,1.9991152142115904,False,False,False,True,False,False
6.597401542559267,80.57692307692308,6112.369742419302,0,0,0,0,0,0,0,9.643809676493944,10.427265624906049,1.6094379124341003,2.0794415416798357,0.0002593192868719611,0.00025928566943743034,8.028781162487148,1.9991152142115904,False,False,False,True,False,False
6.20715799971213,0.0,7640.563613231552,0,0,0,0,0,0,0,4.6913478822291435,9.847465822742766,0.6931471805599453,2.0794415416798357,0.009259259259259259,0.009216655104924048,7.360739903058278,2.0186487050933315,False,False,False,False,True,False
6.885625457752329,70.0,10412.863802559415,0,0,0,0,0,0,0,6.807934943699926,10.465425245378393,0.6931471805599453,3.091042453358316,0.0011061946902654867,0.0011055833077496541,7.691200097522863,1.9906184714459416,True,False,False,False,False,False
6.195191110040243,61.53846153846154,6112.369742419302,0,0,0,0,0,0,0,7.242082359256962,7.8686083776014435,1.3862943611198906,2.6390573296152584,0.002148997134670487,0.0021466913431633337,8.028781162487148,1.9991152142115904,False,False,False,True,False,False
6.841176013325196,74.72527472527473,41763.20315581854,0,0,0,0,0,0,0,7.865955413933502,10.391510150603619,2.6390573296152584,2.4849066497880004,0.0049884881043745204,0.004976086822921415,8.174702882469461,2.0644946046636603,False,False,False,False,False,True
6.854123792605303,76.47058823529412,10412.863802559415,0,0,0,0,0,0,0,7.79934339821592,10.433667606671134,0.6931471805599453,3.295836866004329,0.00041017227235438887,0.0004100881747034629,7.691200097522863,1.9906184714459416,True,False,False,False,False,False
6.701988872193451,78.0952380952381,41763.20315581854,0,0,0,0,0,0,0,9.447307929883463,9.976055121239256,4.3694478524670215,2.70805020110221,0.006154817328178016,0.006135953801477763,8.174702882469461,2.0644946046636603,False,False,False,False,False,True
6.514457055181107,50.0,10412.863802559415,0,0,0,0,0,0,0,7.1372784372603855,9.818964426502069,0.6931471805599453,2.772588722239781,0.0007955449482895784,0.0007952286701383172,7.691200097522863,1.9906184714459416,True,False,False,False,False,False
6.7991940742801775,81.59126365054603,41763.20315581854,0,0,0,0,0,0,0,9.891516180754907,10.38425041947118,2.5649493574615367,2.302585092994046,0.0006072567177774404,0.0006070724120270238,8.174702882469461,2.0644946046636603,False,False,False,False,False,True
6.58558055977916,0.0,6112.369742419302,0,0,0,0,0,0,0,5.087596335232384,9.56895283095515,2.3978952727983707,3.258096538021482,0.062111801242236024,0.060259191518196746,8.028781162487148,1.9991152142115904,False,False,False,True,False,False
6.289007148338809,0.0,10412.863802559415,0,0,0,0,0,0,0,3.8066624897703196,7.921587131345857,0.6931471805599453,2.5649493574615367,0.022727272727272728,0.022472855852058576,7.691200097522863,1.9906184714459416,True,False,False,False,False,False
6.738764959228531,75.0,10412.863802559415,0,0,0,0,0,0,0,5.187385805840755,9.945173441974129,0.6931471805599453,2.833213344056216,0.0056179775280898875,0.0056022555486697516,7.691200097522863,1.9906184714459416,True,False,False,False,False,False
5.977416434118999,100.0,1266.400447427293,0,0,0,0,0,0,0,5.823045895483019,9.939048983609874,0.6931471805599453,2.1972245773362196,0.002967359050445104,0.0029629651306570487,6.104793232414985,1.8852953146630171,False,True,False,False,False,False
5.558589488847307,0.0,41763.20315581854,0,0,0,0,0,0,0,4.59511985013459,5.858417164315927,4.61512051684126,3.2188758248682006,1.0204081632653061,0.7032995520239632,8.174702882469461,2.0644946046636603,False,False,False,False,False,True
6.845793660424124,77.77777777777779,7640.563613231552,0,0,0,0,0,0,0,6.836259277277067,10.540903144926743,0.6931471805599453,3.367295829986474,0.001075268817204301,0.0010746911297653593,7.360739903058278,2.0186487050933315,False,False,False,False,True,False
5.775788441476067,0.0,41763.20315581854,0,0,0,0,0,0,0,3.9889840465642745,8.653460843742746,2.3978952727983707,3.295836866004329,0.18867924528301888,0.17284281283941083,8.174702882469461,2.0644946046636603,False,False,False,False,False,True
6.464641336937508,0.0,4092.5737704918033,0,0,0,0,0,0,0,4.653960350157523,9.053611460451888,1.3862943611198906,3.258096538021482,0.028846153846153848,0.02843793532053341,6.415096959171596,1.8969222823803258,False,False,True,False,False,False
6.883380512152217,74.75247524752476,7640.563613231552,0,0,0,0,0,0,0,8.527341522468053,10.614465174325586,0.6931471805599453,3.7376696182833684,0.00019801980198019803,0.00019800019864706612,7.360739903058278,2.0186487050933315,False,False,False,False,True,False
6.814886874855113,71.08433734939759,41763.20315581854,0,0,0,0,0,0,0,8.53954159508,10.335241757482251,3.970291913552122,3.332204510175204,0.010172143974960876,0.010120755909162421,8.174702882469461,2.0644946046636603,False,False,False,False,False,True
6.195191110040243,62.5,6112.369742419302,0,0,0,0,0,0,0,6.834108738813838,7.8686083776014435,1.3862943611198906,2.1972245773362196,0.003232758620689655,0.0032275444908665646,8.028781162487148,1.9991152142115904,False,False,False,True,False,False
6.890329289432849,73.17073170731707,6112.369742419302,0,0,0,0,0,0,0,7.02197642307216,10.216686847467455,0.6931471805599453,2.0794415416798357,0.0008928571428571428,0.0008924587830197916,8.028781162487148,1.9991152142115904,False,False,False,True,False,False
6.771173556088591,0.0,10412.863802559415,0,0,0,0,0,0,0,5.488937726156687,10.375566187065845,0.6931471805599453,3.9889840465642745,0.004149377593360996,0.004140792666031387,7.691200097522863,1.9906184714459416,True,False,False,False,False,False
6.604052540744851,33.33333333333333,6112.369742419302,0,0,0,0,0,0,0,5.365976015021851,10.114427741028656,0.6931471805599453,4.189654742026425,0.004694835680751174,0.0046838493124264375,8.028781162487148,1.9991152142115904,False,False,False,True,False,False
5.775788441476067,0.0,1266.400447427293,0,0,0,0,0,0,0,3.713572066704308,8.653460843742746,0.6931471805599453,2.6390573296152584,0.025,0.024692612590371414,6.104793232414985,1.8852953146630171,False,True,False,False,False,False
6.602205255211668,72.72727272727273,6112.369742419302,0,0,0,0,0,0,0,8.816260208734581,10.266174232963616,1.0986122886681098,2.1972245773362196,0.0002966478789676654,0.0002966038876853437,8.028781162487148,1.9991152142115904,False,False,False,True,False,False
6.694849741824683,68.42105263157895,6112.369742419302,0,0,0,0,0,0,0,6.880384082186005,9.72387854305561,1.3862943611198906,3.2188758248682006,0.0030864197530864196,0.0030816665374081144,8.028781162487148,1.9991152142115904,False,False,False,True,False,False
6.664146117371874,50.0,10412.863802559415,0,0,0,0,0,0,0,7.7437032581737535,10.101027137410094,0.6931471805599453,3.258096538021482,0.0004336513443191674,0.00043355734474943776,7.691200097522863,1.9906184714459416,True,False,False,False,False,False
6.192033733782523,0.0,41763.20315581854,0,0,0,0,0,0,0,3.4965075614664802,9.566331310956217,2.6390573296152584,3.1354942159291497,0.40625,0.3409265869705932,8.174702882469461,2.0644946046636603,False,False,False,False,False,True
6.9045239284490165,68.68884540117418,7640.563613231552,0,0,0,0,0,0,0,9.61146273065021,10.689390609309195,0.6931471805599453,3.912023005428146,6.696129637069774e-05,6.69590545630966e-05,7.360739903058278,2.0186487050933315,False,False,False,False,True,False
6.195191110040243,63.63636363636363,6112.369742419302,0,0,0,0,0,0,0,6.406879986069314,7.8686083776014435,1.0986122886681098,3.4965075614664802,0.003305785123966942,0.0033003330286566998,8.028781162487148,1.9991152142115904,False,False,False,True,False,False
6.359366963355418,69.35483870967742,6112.369742419302,0,0,0,0,0,0,0,8.263074835802596,9.387122915483614,1.0986122886681098,2.70805020110221,0.0005158627805003869,0.0005157297690380766,8.028781162487148,1.9991152142115904,False,False,False,True,False,False
6.891282696180802,80.98568098568099,41763.20315581854,0,0,0,0,0,0,0,11.419164085155755,10.435988846034078,2.3978952727983707,3.5553480614894135,0.00010983097013695922,0.00010982493915764678,8.174702882469461,2.0644946046636603,False,False,False,False,False,True
6.110232844165658,50.0,1266.400447427293,0,0,0,0,0,0,0,5.932245187448011,9.059811780007355,0.6931471805599453,2.995732273553991,0.0026595744680851063,0.0026560440581162104,6.104793232414985,1.8852953146630171,False,True,False,False,False,False
6.798461798496186,81.16883116883116,41763.20315581854,0,0,0,0,0,0,0,8.48446336679332,9.994542630009551,3.295836866004329,3.4339872044851463,0.005374121537825548,0.005359732476030395,8.174702882469461,2.0644946046636603,False,False,False,False,False,True
6.8329470467732,33.33333333333333,6112.369742419302,0,0,0,0,0,0,0,5.6937321388027,10.236583184966491,0.6931471805599453,2.4849066497880004,0.0033783783783783786,0.003372684478639156,8.028781162487148,1.9991152142115904,False,False,False,True,False,False
6.797217703082447,75.77464788732394,41763.20315581854,0,0,0,0,0,0,0,9.989940440266327,10.300351210911103,2.3978952727983707,3.970291913552122,0.00045861041045631735,0.00045850528084308967,8.174702882469461,2.0644946046636603,False,False,False,False,False,True
6.649945575696176,72.22222222222221,6112.369742419302,0,0,0,0,0,0,0,6.3561076606958915,10.214061915538965,0.6931471805599453,3.5263605246161616,0.0017391304347826088,0.001737619898540878,8.028781162487148,1.9991152142115904,False,False,False,True,False,False
6.289007148338809,60.0,7640.563613231552,0,0,0,0,0,0,0,5.762051382780177,7.921587131345857,0.6931471805599453,2.0794415416798357,0.0031545741324921135,0.0031496089028962013,7.360739903058278,2.0186487050933315,False,False,False,False,True,False
6.490336269696487,75.0,10412.863802559415,0,0,0,0,0,0,0,6.182084906716632,8.81811505604364,0.6931471805599453,3.828641396489095,0.002070393374741201,0.0020682530640590605,7.691200097522863,1.9906184714459416,True,False,False,False,False,False
6.722439214207467,77.64227642276423,6112.369742419302,0,0,0,0,0,0,0,8.761863373274727,10.427991829921707,1.9459101490553132,2.995732273553991,0.0009397024275646045,0.000939261183642084,8.028781162487148,1.9991152142115904,False,False,False,True,False,False
6.915879652663198,78.85558583106267,10412.863802559415,0,0,0,0,0,0,0,10.423292739082695,10.41471669415263,0.6931471805599453,3.8918202981106265,2.9732703000029733e-05,2.9732260992054638e-05,7.691200097522863,1.9906184714459416,True,False,False,False,False,False
6.77960349153899,82.36472945891784,7640.563613231552,0,0,0,0,0,0,0,10.369012417071955,10.364469387895442,0.6931471805599453,3.5263605246161616,3.139126067302863e-05,3.1390767977773486e-05,7.360739903058278,2.0186487050933315,False,False,False,False,True,False
6.26522859704693,0.0,6112.369742419302,0,0,0,0,0,0,0,4.6443908991413725,8.33775665141873,0.6931471805599453,3.8501476017100584,0.009708737864077669,0.00966191091173689,8.028781162487148,1.9991152142115904,False,False,False,True,False,False
6.84051898277667,84.18977526613222,41763.20315581854,0,0,0,0,0,0,0,12.464255101488899,10.366698222421915,2.5649493574615367,3.367295829986474,4.634743582811281e-05,4.6346361818878975e-05,8.174702882469461,2.0644946046636603,False,False,False,False,False,True
6.557242563528273,50.0,10412.863802559415,0,0,0,0,0,0,0,6.180016653652572,9.647235176608925,0.6931471805599453,2.995732273553991,0.002074688796680498,0.002072539601972375,7.691200097522863,1.9906184714459416,True,False,False,False,False,False
6.852570160823355,75.64935064935064,41763.20315581854,0,0,0,0,0,0,0,9.519661619531444,10.38752799327483,3.970291913552122,3.367295829986474,0.003816793893129771,0.0038095284166676487,8.174702882469461,2.0644946046636603,False,False,False,False,False,True
6.5004185244497705,0.0,41763.20315581854,0,0,0,0,0,0,0,3.7612001156935624,9.91128039696677,3.258096538021482,3.295836866004329,0.5952380952380952,0.4670230011075978,8.174702882469461,2.0644946046636603,False,False,False,False,False,True
6.792676124684396,66.66666666666666,41763.20315581854,0,0,0,0,0,0,0,6.0867747269123065,10.340845868868293,3.9318256327243257,2.8903717578961645,0.11389521640091116,0.10786307639970077,8.174702882469461,2.0644946046636603,False,False,False,False,False,True
6.83262700342976,84.31232091690545,4092.5737704918033,0,0,0,0,0,0,0,11.27754484521026,10.256496763473399,3.295836866004329,2.833213344056216,0.000329005643712196,0.00032895153322350286,6.415096959171596,1.8969222823803258,False,False,True,False,False,False
6.830647722977677,79.59183673469387,6112.369742419302,0,0,0,0,0,0,0,8.289037098278483,10.47591544201715,0.6931471805599453,2.833213344056216,0.00025131942699170643,0.000251287851554792,8.028781162487148,1.9991152142115904,False,False,False,True,False,False
6.174481529399562,91.66666666666666,1266.400447427293,0,0,0,0,0,0,0,6.19644412779452,8.77787019736625,0.6931471805599453,2.4849066497880004,0.0020408163265306124,0.002038736689848309,6.104793232414985,1.8852953146630171,False,True,False,False,False,False
6.8555166639998815,63.1578947368421,10412.863802559415,0,0,0,0,0,0,0,7.363913501405819,10.275953165430591,0.6931471805599453,3.367295829986474,0.0006341154090044388,0.0006339144427811062,7.691200097522863,1.9906184714459416,True,False,False,False,False,False
6.9991527367920785,74.86865148861646,10412.863802559415,0,0,0,0,0,0,0,10.0489289881863,10.282811046385305,0.6931471805599453,3.970291913552122,4.32338953739732e-05,4.3232960816054725e-05,7.691200097522863,1.9906184714459416,True,False,False,False,False,False
6.5004185244497705,100.0,10412.863802559415,0,0,0,0,0,0,0,5.337538079701318,9.91128039696677,0.6931471805599453,2.1972245773362196,0.004830917874396135,0.004819286435948922,7.691200097522863,1.9906184714459416,True,False,False,False,False,False
6.439627965757445,77.54491017964071,41763.20315581854,0,0,0,0,0,0,0,10.322329457685932,9.894579744052168,2.6390573296152584,3.4339872044851463,0.00042758938262671447,0.00042749799233734125,8.174702882469461,2.0644946046636603,False,False,False,False,False,True
6.7728198451635695,73.07692307692307,6112.369742419302,0,0,0,0,0,0,0,10.311083721653247,9.293585506586053,1.0986122886681098,2.6390573296152584,6.652696005056049e-05,6.65247472305399e-05,8.028781162487148,1.9991152142115904,False,False,False,True,False,False
6.195191110040243,60.0,6112.369742419302,0,0,0,0,0,0,0,7.329093736246592,7.8686083776014435,0.6931471805599453,3.2188758248682006,0.0006565988181221273,0.0006563833514298344,8.028781162487148,1.9991152142115904,False,False,False,True,False,False
6.40169871215857,0.0,10412.863802559415,0,0,0,0,0,0,0,4.31748811353631,9.324495915651033,0.6931471805599453,3.091042453358316,0.013513513513513514,0.01342302033214077,7.691200097522863,1.9906184714459416,True,False,False,False,False,False
6.913054347165519,78.38541666666666,7640.563613231552,0,0,0,0,0,0,0,9.766751028962657,10.393655506016797,0.6931471805599453,3.2188758248682006,5.732958780026372e-05,5.732794452234545e-05,7.360739903058278,2.0186487050933315,False,False,False,False,True,False
7.004459215829773,83.49328214971209,41763.20315581854,0,0,0,0,0,0,0,10.009198006958242,10.4071635901326,2.4849066497880004,2.995732273553991,0.0004948490710333348,0.0004947266736088728,8.174702882469461,2.0644946046636603,False,False,False,False,False,True
6.195191110040243,77.55102040816327,6112.369742419302,0,0,0,0,0,0,0,7.687080155783135,7.8686083776014435,0.6931471805599453,3.4339872044851463,0.0004589261128958238,0.00045882083851476915,8.028781162487148,1.9991152142115904,False,False,False,True,False,False
6.662948251583755,0.0,7640.563613231552,0,0,0,0,0,0,0,4.143134726391533,10.093243666143405,0.6931471805599453,3.912023005428146,0.016129032258064516,0.01600034134644112,7.360739903058278,2.0186487050933315,False,False,False,False,True,False
6.661002281290718,83.37888514587173,41763.20315581854,0,0,0,0,0,0,0,13.024651315388965,10.31762812804148,2.5649493574615367,2.9444389791664403,2.6463544262483075e-05,2.6463194108979562e-05,8.174702882469461,2.0644946046636603,False,False,False,False,False,True
6.831770986618008,84.30583501006036,41763.20315581854,0,0,0,0,0,0,0,11.818268166394521,10.323604062733633,1.791759469228055,2.5649493574615367,3.684381171338462e-05,3.684313299675647e-05,8.174702882469461,2.0644946046636603,False,False,False,False,False,True
6.8059761534885554,0.0,7640.563613231552,0,0,0,0,0,0,0,4.770684624465665,9.914218989491387,0.6931471805599453,4.290459441148391,0.008547008547008548,0.00851068966790861,7.360739903058278,2.0186487050933315,False,False,False,False,True,False
5.7918085106382975,68.51851851851852,10412.863802559415,0,0,0,0,0,0,0,7.611842399580417,7.751630876729169,0.6931471805599453,1.3862943611198906,0.0004948045522018803,0.0004946821767958009,7.691200097522863,1.9906184714459416,True,False,False,False,False,False
6.93138279993449,81.01589103291714,41763.20315581854,0,0,0,0,0,0,0,12.201019901893522,10.505835175144629,2.1972245773362196,3.1780538303479458,4.0202823243262255e-05,4.0202015131512036e-05,8.174702882469461,2.0644946046636603,False,False,False,False,False,True
6.869850796373931,75.0,41763.20315581854,0,0,0,0,0,0,0,7.122059881629142,10.605469870450406,3.295836866004329,3.044522437723423,0.0210016155088853,0.020784121462261263,8.174702882469461,2.0644946046636603,False,False,False,False,False,True
6.195191110040243,56.41025641025641,6112.369742419302,0,0,0,0,0,0,0,7.055312843339752,7.8686083776014435,1.0986122886681098,3.58351893845611,0.0017271157167530224,0.0017256259674698574,8.028781162487148,1.9991152142115904,False,False,False,True,False,False
6.439627965757445,69.56521739130434,6112.369742419302,0,0,0,0,0,0,0,7.1284959456800365,9.894579744052168,0.6931471805599453,4.007333185232471,0.0008025682182985554,0.0008022463326380473,8.028781162487148,1.9991152142115904,False,False,False,True,False,False
6.803734917294818,50.0,7640.563613231552,0,0,0,0,0,0,0,5.003946305945459,10.6327179054734,0.6931471805599453,3.6635616461296463,0.006756756756756757,0.0067340321813441194,7.360739903058278,2.0186487050933315,False,False,False,False,True,False
6.852934610855987,80.56388722255548,41763.20315581854,0,0,0,0,0,0,0,11.117078949527887,10.639452772330097,2.5649493574615367,2.4849066497880004,0.00017827960184222256,0.00017826371192245625,8.174702882469461,2.0644946046636603,False,False,False,False,False,True
6.2467029592772985,81.2133072407045,41763.20315581854,0,0,0,0,0,0,0,10.250758416399567,9.657145167764883,2.5649493574615367,2.4849066497880004,0.000423983323322616,0.00042389346779064726,8.174702882469461,2.0644946046636603,False,False,False,False,False,True
6.9105546076701785,81.89860496767608,41763.20315581854,0,0,0,0,0,0,0,11.172868811997306,10.517674037217661,2.6390573296152584,1.6094379124341003,0.00018265610071376383,0.00018263942111915448,8.174702882469461,2.0644946046636603,False,False,False,False,False,True
6.852392690373802,76.78571428571429,41763.20315581854,0,0,0,0,0,0,0,7.475339236566737,10.159532674078116,3.784189633918261,3.332204510175204,0.024390243902439025,0.024097551579060524,8.174702882469461,2.0644946046636603,False,False,False,False,False,True
6.88733739847508,0.0,6112.369742419302,0,0,0,0,0,0,0,7.278628942320682,10.349355336076178,2.5933276030091386,1.6094379124341003,0.00854571938750915,0.008509411432672798,8.028781162487148,1.9991152142115904,False,False,False,True,False,False
5.60043986026233,75.0,10412.863802559415,0,0,0,0,0,0,0,5.10594547390058,6.344274272082252,0.6931471805599453,2.1972245773362196,0.006097560975609756,0.0060790460763821925,7.691200097522863,1.9906184714459416,True,False,False,False,False,False
6.730576075545395,76.47058823529412,6112.369742419302,0,0,0,0,0,0,0,6.794586580876499,10.16425006871806,1.3862943611198906,3.4011973816621555,0.0033632286995515697,0.0033575856948459474,8.028781162487148,1.9991152142115904,False,False,False,True,False,False
6.516317989214934,75.75757575757575,41763.20315581854,0,0,0,0,0,0,0,8.833608482690892,10.067137852155211,2.6390573296152584,3.4657359027997265,0.0018950437317784257,0.001893250401674279,8.174702882469461,2.0644946046636603,False,False,False,False,False,True
4.9263479368027125,0.0,10412.863802559415,0,0,0,0,0,0,0,4.787491742782046,8.362349991150289,0.6931471805599453,2.302585092994046,0.008403361344537815,0.00836824967051658,7.691200097522863,1.9906184714459416,True,False,False,False,False,False
6.5004185244497705,66.66666666666666,10412.863802559415,0,0,0,0,0,0,0,4.859812404361672,9.91128039696677,0.6931471805599453,3.4339872044851463,0.0078125,0.007782140442054949,7.691200097522863,1.9906184714459416,True,False,False,False,False,False
6.22747829422649,62.857142857142854,10412.863802559415,0,0,0,0,0,0,0,6.891625897052253,8.715280860702519,0.6931471805599453,3.9318256327243257,0.001017293997965412,0.001016776905086811,7.691200097522863,1.9906184714459416,True,False,False,False,False,False
6.5004185244497705,71.42857142857143,10412.863802559415,0,0,0,0,0,0,0,6.302618975744905,9.91128039696677,0.6931471805599453,2.4849066497880004,0.001834862385321101,0.0018331810816609117,7.691200097522863,1.9906184714459416,True,False,False,False,False,False
6.195191110040243,69.6078431372549,6112.369742419302,0,0,0,0,0,0,0,8.272570608424903,7.8686083776014435,1.0986122886681098,3.091042453358316,0.000510986203372509,0.0005108556943794842,8.028781162487148,1.9991152142115904,False,False,False,True,False,False
6.7970571647969535,83.30967925063865,41763.20315581854,0,0,0,0,0,0,0,11.595822556549699,10.601034537222677,2.5649493574615367,3.828641396489095,0.00011045452035124538,0.00011044842069980753,8.174702882469461,2.0644946046636603,False,False,False,False,False,True
6.732814859709293,79.82456140350878,6112.369742419302,0,0,0,0,0,0,0,7.952966790923131,10.073316048918048,1.6094379124341003,3.58351893845611,0.0014069644741470278,0.001405975627037756,8.028781162487148,1.9991152142115904,False,False,False,True,False,False
6.270257490704965,50.0,4092.5737704918033,0,0,0,0,0,0,0,4.890349128221754,8.471450016819338,0.6931471805599453,1.791759469228055,0.007575757575757576,0.007547205635382904,6.415096959171596,1.8969222823803258,False,False,True,False,False,False
6.664633806081871,70.11494252873564,1266.400447427293,0,0,0,0,0,0,0,7.988203597022576,10.101821702212225,0.6931471805599453,2.70805020110221,0.00033955857385398983,0.0003395009368884356,6.104793232414985,1.8852953146630171,False,True,False,False,False,False
6.846535962302059,83.6734693877551,41763.20315581854,0,0,0,0,0,0,0,11.510813235783955,10.594941864660107,2.6390573296152584,2.833213344056216,0.00013027618551328816,0.0001302677003079945,8.174702882469461,2.0644946046636603,False,False,False,False,False,True
6.195191110040243,65.11627906976744,6112.369742419302,0,0,0,0,0,0,0,7.744136627627991,7.8686083776014435,0.6931471805599453,3.258096538021482,0.00043346337234503684,0.000433369454236544,8.028781162487148,1.9991152142115904,False,False,False,True,False,False
6.552230578439165,71.7948717948718,6112.369742419302,0,0,0,0,0,0,0,7.45298232946546,10.310697991541323,1.6094379124341003,2.6390573296152584,0.002320185614849188,0.0023174981403624824,8.028781162487148,1.9991152142115904,False,False,False,True,False,False
6.744524531479761,0.0,6112.369742419302,0,0,0,0,0,0,0,4.762173934797756,10.225216783767557,1.9459101490553132,3.871201010907891,0.05172413793103448,0.050430853626891904,8.028781162487148,1.9991152142115904,False,False,False,True,False,False
6.548792989998894,0.0,6112.369742419302,0,0,0,0,0,0,0,3.8918202981106265,9.223228522439266,0.6931471805599453,2.4849066497880004,0.020833333333333332,0.02061928720273561,8.028781162487148,1.9991152142115904,False,False,False,True,False,False
6.84051898277667,100.0,6112.369742419302,0,0,0,0,0,0,0,10.17967885827241,10.366698222421915,1.9459101490553132,3.2188758248682006,0.00022760896779333106,0.00022758306880199083,8.028781162487148,1.9991152142115904,False,False,False,True,False,False
6.740761307066956,60.0,6112.369742419302,0,0,0,0,0,0,0,6.159095388491933,10.288814483408974,2.5649493574615367,3.5263605246161616,0.025423728813559324,0.02510592113107626,8.028781162487148,1.9991152142115904,False,False,False,True,False,False
6.810042529424079,0.0,4092.5737704918033,0,0,0,0,0,0,0,3.6635616461296463,10.047568209938474,1.3862943611198906,2.772588722239781,0.07894736842105263,0.07598590697792205,6.415096959171596,1.8969222823803258,False,False,True,False,False,False
6.846006740869494,78.83295194508008,41763.20315581854,0,0,0,0,0,0,0,10.396444477759635,10.274383382910356,3.295836866004329,2.4849066497880004,0.0007940871052470833,0.000793771984892589,8.174702882469461,2.0644946046636603,False,False,False,False,False,True
6.794607080130419,80.0,10412.863802559415,0,0,0,0,0,0,0,5.817111159963204,9.797980786126336,0.6931471805599453,3.5553480614894135,0.0029850746268656717,0.00298062813813772,7.691200097522863,1.9906184714459416,True,False,False,False,False,False
7.0320225358806745,87.09866416686197,41763.20315581854,0,0,0,0,0,0,0,12.90515716515684,10.928267570836029,2.5649493574615367,3.1780538303479458,2.982248167781282e-05,2.982203699634467e-05,8.174702882469461,2.0644946046636603,False,False,False,False,False,True
6.700655214370671,69.74789915966386,7640.563613231552,0,0,0,0,0,0,0,8.346642090221199,10.163122590791794,0.6931471805599453,3.713572066704308,0.00023724792408066428,0.00023721978524240037,7.360739903058278,2.0186487050933315,False,False,False,False,True,False
6.82306916382694,79.78056426332289,41763.20315581854,0,0,0,0,0,0,0,9.516500665673737,10.258807654018822,2.5649493574615367,3.1354942159291497,0.0008835873647006848,0.0008831972311795457,8.174702882469461,2.0644946046636603,False,False,False,False,False,True
6.5004185244497705,79.0,6112.369742419302,0,0,0,0,0,0,0,7.671360923190644,9.91128039696677,0.6931471805599453,3.6375861597263857,0.0004662004662004662,0.00046609182852635247,8.028781162487148,1.9991152142115904,False,False,False,True,False,False
6.48976219033308,0.0,7640.563613231552,0,0,0,0,0,0,0,4.976733742420574,9.485106768895054,0.6931471805599453,2.772588722239781,0.006944444444444444,0.006920442844573757,7.360739903058278,2.0186487050933315,False,False,False,False,True,False
6.849410809478435,74.42396313364056,7640.563613231552,0,0,0,0,0,0,0,9.165238398063762,10.571197215020307,0.6931471805599453,3.367295829986474,0.00010462439840970915,0.00010461892565909478,7.360739903058278,2.0186487050933315,False,False,False,False,True,False
6.865487846325214,82.10450966356478,41763.20315581854,0,0,0,0,0,0,0,12.370251446678479,10.583928086616385,2.5649493574615367,3.6109179126442243,5.091563279645627e-05,5.09143366395203e-05,8.174702882469461,2.0644946046636603,False,False,False,False,False,True
6.045175999634896,0.0,41763.20315581854,0,0,0,0,0,0,0,9.579556347409227,7.952065901555757,2.5649493574615367,3.367295829986474,0.0008295886622882821,0.0008292447438080222,8.174702882469461,2.0644946046636603,False,False,False,False,False,True
6.912720749983493,73.75690607734806,7640.563613231552,0,0,0,0,0,0,0,9.546383945305841,10.369468764676839,0.6931471805599453,3.8918202981106265,7.14643035803616e-05,7.146175012871404e-05,7.360739903058278,2.0186487050933315,False,False,False,False,True,False
6.987153097408068,71.5,7640.563613231552,0,0,0,0,0,0,0,8.718663567048953,10.18905036191773,1.9459101490553132,3.6109179126442243,0.0009811937857726902,0.0009807127297970807,7.360739903058278,2.0186487050933315,False,False,False,False,True,False
5.775788441476067,0.0,1266.400447427293,0,0,0,0,0,0,0,3.7612001156935624,8.653460843742746,0.6931471805599453,1.6094379124341003,0.023809523809523808,0.023530497410194036,6.104793232414985,1.8852953146630171,False,True,False,False,False,False
6.622168674698795,77.24137931034483,6112.369742419302,0,0,0,0,0,0,0,8.235625719964311,9.89558775645304,1.0986122886681098,2.9444389791664403,0.0005302226935312832,0.0005300821751474413,8.028781162487148,1.9991152142115904,False,False,False,True,False,False
6.5004185244497705,0.0,6112.369742419302,0,0,0,0,0,0,0,4.844187086458591,9.91128039696677,0.6931471805599453,2.833213344056216,0.007936507936507936,0.007905179507113247,8.028781162487148,1.9991152142115904,False,False,False,True,False,False
6.20715799971213,76.14678899082568,4092.5737704918033,0,0,0,0,0,0,0,8.791941988456118,9.847465822742766,1.3862943611198906,3.2188758248682006,0.0004559270516717325,0.0004558231485138294,6.415096959171596,1.8969222823803258,False,False,True,False,False,False
6.9991527367920785,65.18518518518519,7640.563613231552,0,0,0,0,0,0,0,8.311398278436641,10.282811046385305,0.6931471805599453,3.6888794541139363,0.0002457606291472106,0.0002457304349507827,7.360739903058278,2.0186487050933315,False,False,False,False,True,False
6.745869261287794,63.1578947368421,10412.863802559415,0,0,0,0,0,0,0,7.242082359256962,9.89485951039786,0.6931471805599453,3.8501476017100584,0.0007163323782234957,0.0007160759346440892,7.691200097522863,1.9906184714459416,True,False,False,False,False,False
6.881411982126464,74.13793103448276,41763.20315581854,0,0,0,0,0,0,0,8.766082459148864,10.5146780909202,3.258096538021482,3.1780538303479458,0.003898939488459139,0.003891358323172357,8.174702882469461,2.0644946046636603,False,False,False,False,False,True
6.195191110040243,66.16541353383458,6112.369742419302,0,0,0,0,0,0,0,8.531490496117062,7.8686083776014435,0.6931471805599453,3.367295829986474,0.00019719976336028398,0.0001971803220428061,8.028781162487148,1.9991152142115904,False,False,False,True,False,False
6.883380512152217,73.50427350427351,7640.563613231552,0,0,0,0,0,0,0,8.231109840328154,10.614465174325586,1.0986122886681098,3.6635616461296463,0.0005326231691078562,0.0005324813757337702,7.360739903058278,2.0186487050933315,False,False,False,False,True,False
6.510263751421897,75.0,4092.5737704918033,0,0,0,0,0,0,0,7.751045117971802,9.93043086016947,1.9459101490553132,3.044522437723423,0.002582866982350409,0.002579537113931885,6.415096959171596,1.8969222823803258,False,False,True,False,False,False
6.606416241425137,79.68561064087062,41763.20315581854,0,0,0,0,0,0,0,11.334432569489755,10.54597082884777,2.5649493574615367,1.6094379124341003,0.00014345144168698896,0.00014344115351275542,8.174702882469461,2.0644946046636603,False,False,False,False,False,True
6.762098001605815,82.78278278278279,10412.863802559415,0,0,0,0,0,0,0,10.989419788046863,10.051582491944181,0.6931471805599453,2.3978952727983707,1.687963134885134e-05,1.6879488889513127e-05,7.691200097522863,1.9906184714459416,True,False,False,False,False,False
6.5004185244497705,74.0,4092.5737704918033,0,0,0,0,0,0,0,8.104401307921613,9.91128039696677,2.3978952727983707,2.9444389791664403,0.003022974607013301,0.003018414606807961,6.415096959171596,1.8969222823803258,False,False,True,False,False,False
6.867928897374089,76.19047619047619,4092.5737704918033,0,0,0,0,0,0,0,8.542080906924017,10.526370576467615,2.3978952727983707,3.8918202981106265,0.001951219512195122,0.001949318356049679,6.415096959171596,1.8969222823803258,False,False,True,False,False,False
5.775788441476067,25.0,1266.400447427293,0,0,0,0,0,0,0,5.087596335232384,8.653460843742746,0.6931471805599453,3.091042453358316,0.006211180124223602,0.00619197024792098,6.104793232414985,1.8852953146630171,False,True,False,False,False,False
6.8945007866907115,80.21978021978022,41763.20315581854,0,0,0,0,0,0,0,10.681710905451192,10.69767748536516,2.6390573296152584,2.302585092994046,0.0002985006084820096,0.00029845606603902256,8.174702882469461,2.0644946046636603,False,False,False,False,False,True
6.677693639525605,33.33333333333333,10412.863802559415,0,0,0,0,0,0,0,5.003946305945459,9.328032216867232,0.6931471805599453,3.8066624897703196,0.006756756756756757,0.0067340321813441194,7.691200097522863,1.9906184714459416,True,False,False,False,False,False
6.5004185244497705,57.14285714285714,7640.563613231552,0,0,0,0,0,0,0,8.392989587956931,9.91128039696677,2.4849066497880004,2.8903717578961645,0.002491506228765572,0.002488407572934602,7.360739903058278,2.0186487050933315,False,False,False,False,True,False
6.8059761534885554,0.0,7640.563613231552,0,0,0,0,0,0,0,4.912654885736052,9.914218989491387,1.0986122886681098,4.61512051684126,0.014814814814814815,0.014706147389695487,7.360739903058278,2.0186487050933315,False,False,False,False,True,False
6.510263751421897,0.0,41763.20315581854,0,0,0,0,0,0,0,5.627621113690637,9.93043086016947,2.5933276030091386,3.4965075614664802,0.04467220820618502,0.04370315985233767,8.174702882469461,2.0644946046636603,False,False,False,False,False,True
6.8459252495750516,83.49570200573065,10412.863802559415,0,0,0,0,0,0,0,10.614425534104623,10.421883955112964,0.6931471805599453,2.4849066497880004,2.455976619102586e-05,2.455946460485934e-05,7.691200097522863,1.9906184714459416,True,False,False,False,False,False
6.774246980085466,89.47368421052632,6112.369742419302,0,0,0,0,0,0,0,6.371611847231857,9.964555449296922,0.6931471805599453,1.9459101490553132,0.0017123287671232876,0.0017108644036293876,8.028781162487148,1.9991152142115904,False,False,False,True,False,False
6.842297549793959,45.45454545454545,7640.563613231552,0,0,0,0,0,0,0,6.948897222313312,10.316283777434755,0.6931471805599453,3.9889840465642745,0.0009606147934678194,0.0009601536983432867,7.360739903058278,2.0186487050933315,False,False,False,False,True,False
5.879225467208256,67.85714285714286,1266.400447427293,0,0,0,0,0,0,0,7.294377299288821,8.024343613012375,0.6931471805599453,2.0794415416798357,0.0006798096532970768,0.0006795786873841222,6.104793232414985,1.8852953146630171,False,True,False,False,False,False
6.542958467678293,0.0,41763.20315581854,0,0,0,0,0,0,0,4.795790545596741,9.733494725610756,2.5933276030091386,3.332204510175204,0.10311834727594375,0.09814103032332794,8.174702882469461,2.0644946046636603,False,False,False,False,False,True
5.7918085106382975,0.0,6112.369742419302,0,0,0,0,0,0,0,4.23410650459726,7.751630876729169,0.6931471805599453,2.9444389791664403,0.014705882352941176,0.014598799421152631,8.028781162487148,1.9991152142115904,False,False,False,True,False,False
6.849565682973,78.1305114638448,41763.20315581854,0,0,0,0,0,0,0,9.617603862025726,10.37304648296034,2.6390573296152584,2.3978952727983707,0.0008651670437907627,0.00086479300250711,8.174702882469461,2.0644946046636603,False,False,False,False,False,True
6.542958467678293,0.0,7640.563613231552,0,0,0,0,0,0,0,4.290459441148391,9.733494725610756,1.0986122886681098,1.9459101490553132,0.027777777777777776,0.027398974188114347,7.360739903058278,2.0186487050933315,False,False,False,False,True,False
6.615682243836758,80.95238095238095,6112.369742419302,0,0,0,0,0,0,0,7.151485463904735,9.934863025854376,0.6931471805599453,1.6094379124341003,0.000784313725490196,0.0007840063122086221,8.028781162487148,1.9991152142115904,False,False,False,True,False,False
6.91438909153364,69.9579831932773,7640.563613231552,0,0,0,0,0,0,0,9.62231756369957,10.795631141934663,0.6931471805599453,3.332204510175204,6.623832549513148e-05,6.6236131834225e-05,7.360739903058278,2.0186487050933315,False,False,False,False,True,False
6.886319142907979,61.111111111111114,10412.863802559415,0,0,0,0,0,0,0,8.296546520300614,10.183715756641568,0.6931471805599453,3.332204510175204,0.0002494387627837366,0.00024940765810800434,7.691200097522863,1.9906184714459416,True,False,False,False,False,False
6.840850632094109,83.33333333333334,41763.20315581854,0,0,0,0,0,0,0,9.400051227201992,10.611601948919969,2.6390573296152584,3.332204510175204,0.0010754467240238254,0.0010748688454771081,8.174702882469461,2.0644946046636603,False,False,False,False,False,True
6.751325022977751,70.64220183486239,10412.863802559415,0,0,0,0,0,0,0,8.037543185118697,10.139510857462417,0.6931471805599453,3.6109179126442243,0.0003232062055591467,0.00032315398568504483,7.691200097522863,1.9906184714459416,True,False,False,False,False,False
6.841139835882383,65.67164179104478,41763.20315581854,0,0,0,0,0,0,0,7.640603826393634,10.053457869500832,3.9318256327243257,2.8903717578961645,0.02403846153846154,0.023754086008107057,8.174702882469461,2.0644946046636603,False,False,False,False,False,True
6.890338018266329,82.31928285332825,41763.20315581854,0,0,0,0,0,0,0,12.021284048092427,10.521209139977445,4.143134726391533,2.772588722239781,0.00037292111515443147,0.00037285159735791384,8.174702882469461,2.0644946046636603,False,False,False,False,False,True
6.829036948424544,80.0,7640.563613231552,0,0,0,0,0,0,0,5.82600010738045,9.778151955140352,0.6931471805599453,2.6390573296152584,0.0029585798816568047,0.0029542118974313827,7.360739903058278,2.0186487050933315,False,False,False,False,True,False
6.26522859704693,50.0,6112.369742419302,0,0,0,0,0,0,0,5.075173815233827,8.33775665141873,0.6931471805599453,3.6109179126442243,0.006289308176100629,0.006269613013595395,8.028781162487148,1.9991152142115904,False,False,False,True,False,False
6.759224938434093,80.23850085178876,6112.369742419302,0,0,0,0,0,0,0,9.428511581663834,9.967730591475465,0.6931471805599453,2.833213344056216,8.04052424218059e-05,8.040201009345792e-05,8.028781162487148,1.9991152142115904,False,False,False,True,False,False
6.828461306251338,83.63970588235294,10412.863802559415,0,0,0,0,0,0,0,9.509036565691064,10.561898890124676,0.6931471805599453,2.5649493574615367,7.41839762611276e-05,7.418122476593202e-05,7.691200097522863,1.9906184714459416,True,False,False,False,False,False
6.751585809121671,0.0,7640.563613231552,0,0,0,0,0,0,0,4.248495242049359,9.88965981250502,1.0986122886681098,3.1354942159291497,0.028985507246376812,0.028573372444055948,7.360739903058278,2.0186487050933315,False,False,False,False,True,False
6.638507824900212,67.3469387755102,10412.863802559415,0,0,0,0,0,0,0,7.782807262839695,10.168989880148086,0.6931471805599453,3.4965075614664802,0.0004170141784820684,0.00041692725223500696,7.691200097522863,1.9906184714459416,True,False,False,False,False,False
6.490336269696487,60.0,7640.563613231552,0,0,0,0,0,0,0,5.365976015021851,8.81811505604364,0.6931471805599453,2.995732273553991,0.004694835680751174,0.0046838493124264375,7.360739903058278,2.0186487050933315,False,False,False,False,True,False
6.195191110040243,50.0,6112.369742419302,0,0,0,0,0,0,0,6.018593214496234,7.8686083776014435,0.6931471805599453,3.044522437723423,0.0024390243902439024,0.002436054797881121,8.028781162487148,1.9991152142115904,False,False,False,True,False,False
5.879225467208256,74.30167597765363,1266.400447427293,0,0,0,0,0,0,0,8.954673628956414,8.024343613012375,0.6931471805599453,2.4849066497880004,0.00012914890869172155,0.00012914056968931149,6.104793232414985,1.8852953146630171,False,True,False,False,False,False
6.855095698526012,75.0,6112.369742419302,0,0,0,0,0,0,0,9.013960457931187,10.612579078461035,0.6931471805599453,4.04305126783455,0.00012171372930866602,0.0001217063227936071,8.028781162487148,1.9991152142115904,False,False,False,True,False,False
6.635160238369523,67.85714285714286,6112.369742419302,0,0,0,0,0,0,0,7.738923757439457,10.134417269138533,1.0986122886681098,2.6390573296152584,0.0008714596949891067,0.0008710801944526447,8.028781162487148,1.9991152142115904,False,False,False,True,False,False
5.558589488847307,0.0,10412.863802559415,0,0,0,0,0,0,0,4.23410650459726,5.858417164315927,0.6931471805599453,2.833213344056216,0.014705882352941176,0.014598799421152631,7.691200097522863,1.9906184714459416,True,False,False,False,False,False
6.802131924594253,72.0,41763.20315581854,0,0,0,0,0,0,0,6.812345094177479,10.282919733757934,3.295836866004329,2.1972245773362196,0.028634361233480177,0.028232059627549436,8.174702882469461,2.0644946046636603,False,False,False,False,False,True
4.9263479368027125,0.0,10412.863802559415,0,0,0,0,0,0,0,4.919980925828125,8.362349991150289,0.6931471805599453,1.791759469228055,0.007352941176470588,0.007326040092072881,7.691200097522863,1.9906184714459416,True,False,False,False,False,False
6.911383487170326,84.52904929577466,7640.563613231552,0,0,0,0,0,0,0,11.580490651132653,10.572552363136483,1.6094379124341003,3.367295829986474,3.7387021095626656e-05,3.738632221842663e-05,7.360739903058278,2.0186487050933315,False,False,False,False,True,False
6.7788006680453305,80.0,6112.369742419302,0,0,0,0,0,0,0,7.739794458408701,10.024408677838311,0.6931471805599453,3.6375861597263857,0.00043535045711797995,0.00043525571960271564,8.028781162487148,1.9991152142115904,False,False,False,True,False,False
6.270257490704965,0.0,10412.863802559415,0,0,0,0,0,0,0,4.5217885770490405,8.471450016819338,0.6931471805599453,3.58351893845611,0.01098901098901099,0.01092907053219023,7.691200097522863,1.9906184714459416,True,False,False,False,False,False
6.510263751421897,0.0,6112.369742419302,0,0,0,0,0,0,0,4.110873864173311,9.93043086016947,0.6931471805599453,3.044522437723423,0.016666666666666666,0.016529301951210506,8.028781162487148,1.9991152142115904,False,False,False,True,False,False
6.5264888547538815,0.0,7640.563613231552,0,0,0,0,0,0,0,4.48863636973214,9.75745455496221,0.6931471805599453,3.784189633918261,0.011363636363636364,0.011299555253933466,7.360739903058278,2.0186487050933315,False,False,False,False,True,False
6.96333557503649,81.05263157894737,6112.369742419302,0,0,0,0,0,0,0,7.732807530422021,10.664792259070344,0.6931471805599453,2.833213344056216,0.00043840420868040335,0.00043830813763297955,8.028781162487148,1.9991152142115904,False,False,False,True,False,False
6.885667125397279,73.84615384615385,6112.369742419302,0,0,0,0,0,0,0,7.1459844677143876,10.372980716955137,1.0986122886681098,3.5553480614894135,0.0015772870662460567,0.0015760444554657142,8.028781162487148,1.9991152142115904,False,False,False,True,False,False
6.7921340428944,77.02702702702703,6112.369742419302,0,0,0,0,0,0,0,8.122074375362217,10.36953170501716,0.6931471805599453,3.8918202981106265,0.000297000297000297,0.00029695620114275726,8.028781162487148,1.9991152142115904,False,False,False,True,False,False
6.26522859704693,0.0,41763.20315581854,0,0,0,0,0,0,0,3.6109179126442243,8.33775665141873,3.970291913552122,2.302585092994046,1.4444444444444444,0.8938178760220965,8.174702882469461,2.0644946046636603,False,False,False,False,False,True
6.241442385702294,80.06833712984054,41763.20315581854,0,0,0,0,0,0,0,10.420166014977355,9.194091527769046,2.6390573296152584,3.1354942159291497,0.00038773562395609637,0.0003876604739240024,8.174702882469461,2.0644946046636603,False,False,False,False,False,True
6.944499111272639,80.78628436299142,41763.20315581854,0,0,0,0,0,0,0,11.584175786498395,10.50152402168326,3.295836866004329,2.5649493574615367,0.0002421217313566267,0.00024209242462066473,8.174702882469461,2.0644946046636603,False,False,False,False,False,True
6.856607732998538,82.55933952528379,41763.20315581854,0,0,0,0,0,0,0,11.759582397269078,10.516634692996599,2.5649493574615367,2.8903717578961645,9.376977956287655e-05,9.376538345191313e-05,8.174702882469461,2.0644946046636603,False,False,False,False,False,True
6.195191110040243,69.0909090909091,6112.369742419302,0,0,0,0,0,0,0,8.345455428161928,7.8686083776014435,0.6931471805599453,3.8066624897703196,0.00023752969121140142,0.00023750148550065063,8.028781162487148,1.9991152142115904,False,False,False,True,False,False
6.81823449633989,78.64693446088795,7640.563613231552,0,0,0,0,0,0,0,9.045347797304004,9.698986449188135,0.6931471805599453,3.295836866004329,0.00011795234725171031,0.00011794539142050321,7.360739903058278,2.0186487050933315,False,False,False,False,True,False
6.7921340428944,77.77777777777779,10412.863802559415,0,0,0,0,0,0,0,5.8522024797744745,10.36953170501716,0.6931471805599453,2.833213344056216,0.002881844380403458,0.0028776998276151956,7.691200097522863,1.9906184714459416,True,False,False,False,False,False
6.752542161239349,65.45454545454545,7640.563613231552,0,0,0,0,0,0,0,8.448914350662942,10.418120676184797,0.6931471805599453,3.258096538021482,0.00021417862497322766,0.00021415569200593842,7.360739903058278,2.0186487050933315,False,False,False,False,True,False
6.662948251583755,0.0,4092.5737704918033,0,0,0,0,0,0,0,4.1588830833596715,10.093243666143405,1.791759469228055,2.8903717578961645,0.07936507936507936,0.07637297878457396,6.415096959171596,1.8969222823803258,False,False,True,False,False,False
6.195191110040243,77.27272727272727,6112.369742419302,0,0,0,0,0,0,0,7.700747794511798,7.8686083776014435,1.0986122886681098,2.833213344056216,0.0009053870529651426,0.0009049774373291464,8.028781162487148,1.9991152142115904,False,False,False,True,False,False
6.110232844165658,100.0,1266.400447427293,0,0,0,0,0,0,0,4.189654742026425,9.059811780007355,0.6931471805599453,3.332204510175204,0.015384615384615385,0.01526747213078838,6.104793232414985,1.8852953146630171,False,True,False,False,False,False
6.669845257137642,74.21875,4092.5737704918033,0,0,0,0,0,0,0,8.31115254800169,10.105230794896064,0.6931471805599453,4.1588830833596715,0.0002458210422812193,0.00024579083323948773,6.415096959171596,1.8969222823803258,False,False,True,False,False,False
6.856607732998538,78.94736842105263,6112.369742419302,0,0,0,0,0,0,0,7.8709295967551425,10.516634692996599,1.0986122886681098,2.772588722239781,0.0007636502481863307,0.0007633588156943684,8.028781162487148,1.9991152142115904,False,False,False,True,False,False
6.738572847556955,44.44444444444444,41763.20315581854,0,0,0,0,0,0,0,7.071573364211532,10.406176714829902,3.258096538021482,3.044522437723423,0.021240441801189464,0.021018007834876264,8.174702882469461,2.0644946046636603,False,False,False,False,False,True
6.110232844165658,100.0,1266.400447427293,0,0,0,0,0,0,0,5.187385805840755,9.059811780007355,0.6931471805599453,2.302585092994046,0.0056179775280898875,0.0056022555486697516,6.104793232414985,1.8852953146630171,False,True,False,False,False,False
6.74472764911023,78.70239774330042,41763.20315581854,0,0,0,0,0,0,0,10.609131324425356,10.336080606389867,2.5649493574615367,2.8903717578961645,0.00029628166510295786,0.0002962377823578875,8.174702882469461,2.0644946046636603,False,False,False,False,False,True
6.901267417916423,81.66160081053698,41763.20315581854,0,0,0,0,0,0,0,10.520077610373917,10.28179175137282,3.6888794541139363,3.091042453358316,0.0010526031686054356,0.0010520495703355297,8.174702882469461,2.0644946046636603,False,False,False,False,False,True
6.192033733782523,0.0,41763.20315581854,0,0,0,0,0,0,0,3.713572066704308,9.566331310956217,3.295836866004329,3.044522437723423,0.65,0.5007752879124892,8.174702882469461,2.0644946046636603,False,False,False,False,False,True
6.789420307394056,82.5531914893617,6112.369742419302,0,0,0,0,0,0,0,8.492285555710053,10.383758236691929,1.9459101490553132,3.295836866004329,0.0012305168170631665,0.0012297603517432778,8.028781162487148,1.9991152142115904,False,False,False,True,False,False
5.879225467208256,71.42857142857143,1266.400447427293,0,0,0,0,0,0,0,6.144185634125646,8.024343613012375,0.6931471805599453,2.833213344056216,0.002150537634408602,0.002148228538289605,6.104793232414985,1.8852953146630171,False,True,False,False,False,False
6.241442385702294,68.59903381642512,7640.563613231552,0,0,0,0,0,0,0,8.731497794063243,9.194091527769046,1.3862943611198906,2.833213344056216,0.00048433968356474005,0.00048422242895940074,7.360739903058278,2.0186487050933315,False,False,False,False,True,False
6.671140218499566,83.01886792452831,41763.20315581854,0,0,0,0,0,0,0,7.703007682479236,9.763111410243045,3.871201010907891,3.4965075614664802,0.02122854561878952,0.021006359009387646,8.174702882469461,2.0644946046636603,False,False,False,False,False,True
6.89119251784515,83.33333333333334,41763.20315581854,0,0,0,0,0,0,0,11.257581500430392,10.481579530675262,3.6888794541139363,3.044522437723423,0.0005034596715893834,0.0005033329782904482,8.174702882469461,2.0644946046636603,False,False,False,False,False,True
6.756088305354059,76.33587786259542,10412.863802559415,0,0,0,0,0,0,0,8.379768515504566,9.979914501911413,0.6931471805599453,3.6109179126442243,0.00022951572182694515,0.0002294893871231818,7.691200097522863,1.9906184714459416,True,False,False,False,False,False
6.806194056192318,0.0,4092.5737704918033,0,0,0,0,0,0,0,5.945420608606575,9.881294333397236,2.5933276030091386,2.70805020110221,0.03247821961447047,0.03196195082616523,6.415096959171596,1.8969222823803258,False,False,True,False,False,False
6.7040484841531285,70.37037037037037,10412.863802559415,0,0,0,0,0,0,0,6.799055862058796,9.848840588225862,0.6931471805599453,3.9512437185814275,0.0011160714285714285,0.0011154490838656155,7.691200097522863,1.9906184714459416,True,False,False,False,False,False
6.670570389868318,80.0,7640.563613231552,0,0,0,0,0,0,0,6.739336627357174,10.522903874514393,1.0986122886681098,3.1780538303479458,0.002369668246445498,0.002366865010266244,7.360739903058278,2.0186487050933315,False,False,False,False,True,False
6.8597275096250865,65.8119658119658,41763.20315581854,0,0,0,0,0,0,0,9.372204086867741,10.338109218973214,3.295836866004329,2.70805020110221,0.0022116366110922084,0.0022091945428247173,8.174702882469461,2.0644946046636603,False,False,False,False,False,True
6.889678266422713,69.51219512195121,7640.563613231552,0,0,0,0,0,0,0,10.004779804018,10.37484668725167,0.6931471805599453,3.1780538303479458,4.518548642176133e-05,4.518446558850991e-05,7.360739903058278,2.0186487050933315,False,False,False,False,True,False
6.5004185244497705,0.0,41763.20315581854,0,0,0,0,0,0,0,4.532599493153256,9.91128039696677,3.5553480614894135,2.833213344056216,0.3695652173913043,0.3144933299024376,8.174702882469461,2.0644946046636603,False,False,False,False,False,True
6.901751986715905,81.13207547169812,41763.20315581854,0,0,0,0,0,0,0,10.560515206289688,10.277773845765244,3.295836866004329,2.995732273553991,0.000673924313115604,0.0006736973281003768,8.174702882469461,2.0644946046636603,False,False,False,False,False,True
6.884678058902466,77.47875354107649,6112.369742419302,0,0,0,0,0,0,0,9.51111140896968,10.225265105323505,1.9459101490553132,2.995732273553991,0.0004441812259401836,0.00044408260666154527,8.028781162487148,1.9991152142115904,False,False,False,True,False,False
6.195191110040243,65.625,6112.369742419302,0,0,0,0,0,0,0,8.945462952177666,7.8686083776014435,0.6931471805599453,3.828641396489095,0.00013034410844629823,0.00013033561439115615,8.028781162487148,1.9991152142115904,False,False,False,True,False,False
6.587329509711857,86.32645111024543,10412.863802559415,0,0,0,0,0,0,0,11.404783306350526,10.348587708504871,0.6931471805599453,2.9444389791664403,1.1142185428249897e-05,1.1142123354616395e-05,7.691200097522863,1.9906184714459416,True,False,False,False,False,False
6.7481234172756,57.14285714285714,6112.369742419302,0,0,0,0,0,0,0,6.091309882077698,10.19759241808323,0.6931471805599453,3.8918202981106265,0.0022675736961451248,0.0022650066308520615,8.028781162487148,1.9991152142115904,False,False,False,True,False,False
6.778371967850202,0.0,41763.20315581854,0,0,0,0,0,0,0,4.653960350157523,10.44611879933651,4.7535901911063645,2.3978952727983707,1.1057692307692308,0.7446808306751281,8.174702882469461,2.0644946046636603,False,False,False,False,False,True
6.844614966234576,67.34177215189874,6112.369742419302,0,0,0,0,0,0,0,9.157783121237507,10.253585385671725,1.6094379124341003,4.1588830833596715,0.0004216295983978075,0.0004215407376154231,8.028781162487148,1.9991152142115904,False,False,False,True,False,False
6.195191110040243,62.06896551724138,6112.369742419302,0,0,0,0,0,0,0,7.355001921105257,7.8686083776014435,1.9459101490553132,1.9459101490553132,0.003838771593090211,0.0038314223115560888,8.028781162487148,1.9991152142115904,False,False,False,True,False,False
6.744196985385269,77.088948787062,6112.369742419302,0,0,0,0,0,0,0,9.950609659604863,10.133921903918713,1.0986122886681098,2.5649493574615367,9.540164090822362e-05,9.539709046113298e-05,8.028781162487148,1.9991152142115904,False,False,False,True,False,False
6.8356337303493975,75.67567567567568,6112.369742419302,0,0,0,0,0,0,0,8.41316512099219,10.291175312072053,1.9459101490553132,2.833213344056216,0.0013318534961154272,0.0013309673659577434,8.028781162487148,1.9991152142115904,False,False,False,True,False,False
6.829036948424544,0.0,7640.563613231552,0,0,0,0,0,0,0,4.127134385045092,9.778151955140352,0.6931471805599453,2.9444389791664403,0.01639344262295082,0.016260520871780326,7.360739903058278,2.0186487050933315,False,False,False,False,True,False
6.628254084025196,0.0,41763.20315581854,0,0,0,0,0,0,0,7.448333860897476,10.049137128369047,2.6390573296152584,1.9459101490553132,0.007575757575757576,0.007547205635382904,8.174702882469461,2.0644946046636603,False,False,False,False,False,True
6.5004185244497705,50.0,6112.369742419302,0,0,0,0,0,0,0,4.795790545596741,9.91128039696677,0.6931471805599453,2.9444389791664403,0.008333333333333333,0.008298802814695064,8.028781162487148,1.9991152142115904,False,False,False,True,False,False
6.872724838781157,74.01656314699792,7640.563613231552,0,0,0,0,0,0,0,9.975342989636555,10.448627319059822,0.6931471805599453,3.9512437185814275,4.653543673507376e-05,4.6534353995316565e-05,7.360739903058278,2.0186487050933315,False,False,False,False,True,False
6.510263751421897,66.66666666666666,4092.5737704918033,0,0,0,0,0,0,0,5.564520407322694,9.93043086016947,2.1972245773362196,2.9444389791664403,0.03076923076923077,0.030305349495328843,6.415096959171596,1.8969222823803258,False,False,True,False,False,False
6.468372592093842,0.0,10412.863802559415,0,0,0,0,0,0,0,6.403574197934815,9.533994132566862,0.6931471805599453,2.4849066497880004,0.001658374792703151,0.0016570012076296086,7.691200097522863,1.9906184714459416,True,False,False,False,False,False
6.8244710864849685,70.87378640776699,6112.369742419302,0,0,0,0,0,0,0,9.634365505605258,10.261648987154905,0.6931471805599453,3.871201010907891,6.544502617801048e-05,6.544288474581703e-05,8.028781162487148,1.9991152142115904,False,False,False,True,False,False
6.195191110040243,20.0,6112.369742419302,0,0,0,0,0,0,0,5.521460917862246,7.8686083776014435,1.3862943611198906,2.0794415416798357,0.012048192771084338,0.01197619104671562,8.028781162487148,1.9991152142115904,False,False,False,True,False,False
6.798867426569133,80.56580565805658,10412.863802559415,0,0,0,0,0,0,0,10.252946523854552,10.153657241525975,0.6931471805599453,3.258096538021482,3.5254715318173806e-05,3.525409388530764e-05,7.691200097522863,1.9906184714459416,True,False,False,False,False,False
6.740866461953476,68.96551724137932,7640.563613231552,0,0,0,0,0,0,0,6.606650186198215,10.291965944804542,0.6931471805599453,3.367295829986474,0.0013531799729364006,0.0013522652500137541,7.360739903058278,2.0186487050933315,False,False,False,False,True,False
6.359366963355418,66.3157894736842,6112.369742419302,0,0,0,0,0,0,0,8.16223106548118,9.387122915483614,1.0986122886681098,3.6635616461296463,0.0005706134094151213,0.0005704506714877389,8.028781162487148,1.9991152142115904,False,False,False,True,False,False
5.558589488847307,100.0,4092.5737704918033,0,0,0,0,0,0,0,4.969813299576001,5.858417164315927,0.6931471805599453,3.1354942159291497,0.006993006993006993,0.0069686693160934355,6.415096959171596,1.8969222823803258,False,False,True,False,False,False
6.862799804631824,78.89871382636656,41763.20315581854,0,0,0,0,0,0,0,11.205802299860744,10.666855366071617,2.5649493574615367,3.295836866004329,0.00016314322615729727,0.00016312991974838528,8.174702882469461,2.0644946046636603,False,False,False,False,False,True
6.728879252982257,0.0,6112.369742419302,0,0,0,0,0,0,0,7.223295679562314,10.092995148114731,0.6931471805599453,3.258096538021482,0.00072992700729927,0.000729660740143868,8.028781162487148,1.9991152142115904,False,False,False,True,False,False
6.703006296580537,66.66666666666666,41763.20315581854,0,0,0,0,0,0,0,7.5822291942764615,10.172048866669856,3.970291913552122,3.6109179126442243,0.026503567787971458,0.026158433153199226,8.174702882469461,2.0644946046636603,False,False,False,False,False,True
6.863811183522898,81.08504398826979,10412.863802559415,0,0,0,0,0,0,0,9.49228099379885,10.083958405413677,0.6931471805599453,2.1972245773362196,7.543753771876886e-05,7.543469245081383e-05,7.691200097522863,1.9906184714459416,True,False,False,False,False,False
6.7108808707015255,83.97720075997466,41763.20315581854,0,0,0,0,0,0,0,11.91414825382026,9.975240141996258,2.5649493574615367,3.1780538303479458,8.034064433196755e-05,8.033741719521305e-05,8.174702882469461,2.0644946046636603,False,False,False,False,False,True
6.6430291428883415,50.0,7640.563613231552,0,0,0,0,0,0,0,6.309918278226516,9.86229888291955,0.6931471805599453,3.367295829986474,0.0018214936247723133,0.0018198367169858993,7.360739903058278,2.0186487050933315,False,False,False,False,True,False
6.801279969075106,100.0,6112.369742419302,0,0,0,0,0,0,0,4.7535901911063645,10.323930083446934,0.6931471805599453,2.70805020110221,0.008695652173913044,0.008658062743114531,8.028781162487148,1.9991152142115904,False,False,False,True,False,False
6.7728198451635695,0.0,6112.369742419302,0,0,0,0,0,0,0,4.394449154672439,9.293585506586053,0.6931471805599453,3.044522437723423,0.0125,0.01242251999855711,8.028781162487148,1.9991152142115904,False,False,False,True,False,False
6.756666247949616,0.0,4092.5737704918033,0,0,0,0,0,0,0,4.955827057601261,10.418346234180893,2.5649493574615367,2.995732273553991,0.0851063829787234,0.0816780310142671,6.415096959171596,1.8969222823803258,False,False,True,False,False,False
6.7728198451635695,68.18181818181817,41763.20315581854,0,0,0,0,0,0,0,6.879355804460439,9.293585506586053,4.290459441148391,2.70805020110221,0.07415036045314109,0.07152998670944749,8.174702882469461,2.0644946046636603,False,False,False,False,False,True
6.890959249716985,81.64220035489595,41763.20315581854,0,0,0,0,0,0,0,11.978381268515756,10.596837100681503,2.5649493574615367,2.1972245773362196,7.534233674257408e-05,7.5339498651255e-05,8.174702882469461,2.0644946046636603,False,False,False,False,False,True
6.195191110040243,68.29268292682927,6112.369742419302,0,0,0,0,0,0,0,7.1785454837637,7.8686083776014435,1.0986122886681098,1.6094379124341003,0.0015267175572519084,0.0015255533088371917,8.028781162487148,1.9991152142115904,False,False,False,True,False,False
6.6135862084355725,59.375,6112.369742419302,0,0,0,0,0,0,0,7.009408932708637,9.806019288643075,1.6094379124341003,2.1972245773362196,0.003616636528028933,0.0036101122240997934,8.028781162487148,1.9991152142115904,False,False,False,True,False,False
6.662948251583755,84.83563096500531,41763.20315581854,0,0,0,0,0,0,0,10.370580700437113,10.093243666143405,2.5649493574615367,3.367295829986474,0.0003761048078731273,0.00037603409818889427,8.174702882469461,2.0644946046636603,False,False,False,False,False,True
6.638243832197137,0.0,7640.563613231552,0,0,0,0,0,0,0,4.875197323201151,10.118310337677755,1.3862943611198906,3.5553480614894135,0.023076923076923078,0.022814677766171264,7.360739903058278,2.0186487050933315,False,False,False,False,True,False
6.602535413663778,0.0,41763.20315581854,0,0,0,0,0,0,0,8.411165786770708,10.182888913729943,2.5933276030091386,3.1354942159291497,0.002752269055407751,0.0027484884980831154,8.174702882469461,2.0644946046636603,False,False,False,False,False,True
6.778805303766696,78.94736842105263,7640.563613231552,0,0,0,0,0,0,0,6.683360945766275,10.211007166783636,2.0794415416798357,3.5553480614894135,0.008771929824561403,0.008733679968754631,7.360739903058278,2.0186487050933315,False,False,False,False,True,False
6.86401229618087,69.62025316455697,6112.369742419302,0,0,0,0,0,0,0,7.6236419465115715,10.219694866047371,0.6931471805599453,3.713572066704308,0.0004889975550122249,0.0004888780346696394,8.028781162487148,1.9991152142115904,False,False,False,True,False,False
6.5004185244497705,87.5,6112.369742419302,0,0,0,0,0,0,0,7.069874128458572,9.91128039696677,0.6931471805599453,2.70805020110221,0.000851063829787234,0.0008507018803128285,8.028781162487148,1.9991152142115904,False,False,False,True,False,False
6.58558055977916,0.0,7640.563613231552,0,0,0,0,0,0,0,4.248495242049359,9.56895283095515,0.6931471805599453,3.6109179126442243,0.014492753623188406,0.01438873745209967,7.360739903058278,2.0186487050933315,False,False,False,False,True,False
6.5004185244497705,82.85714285714286,41763.20315581854,0,0,0,0,0,0,0,7.725771441587952,9.91128039696677,2.5649493574615367,2.995732273553991,0.005298013245033113,0.005284028146605206,8.174702882469461,2.0644946046636603,False,False,False,False,False,True
6.915536808566012,86.66666666666667,10412.863802559415,0,0,0,0,0,0,0,7.515344571180436,10.542127462070514,0.6931471805599453,2.9444389791664403,0.0005449591280653951,0.0005448106917650241,7.691200097522863,1.9906184714459416,True,False,False,False,False,False
6.289007148338809,100.0,10412.863802559415,0,0,0,0,0,0,0,4.454347296253507,7.921587131345857,0.6931471805599453,3.044522437723423,0.011764705882352941,0.011696039763191236,7.691200097522863,1.9906184714459416,True,False,False,False,False,False
6.651400643424755,0.0,41763.20315581854,0,0,0,0,0,0,0,3.9889840465642745,10.091938442844839,2.6390573296152584,2.302585092994046,0.24528301886792453,0.21936282847430366,8.174702882469461,2.0644946046636603,False,False,False,False,False,True
6.848358505499612,82.21684153887544,41763.20315581854,0,0,0,0,0,0,0,11.96162884604526,10.583850504001472,3.2188758248682006,2.302585092994046,0.00015323028596602118,0.00015321854740477328,8.174702882469461,2.0644946046636603,False,False,False,False,False,True
7.0314955564501656,82.52252252252252,41763.20315581854,0,0,0,0,0,0,0,9.930810848185018,10.867559094637576,3.1354942159291497,2.4849066497880004,0.0010704033474431957,0.0010698308742617393,8.174702882469461,2.0644946046636603,False,False,False,False,False,True
6.822005895983393,79.06976744186046,41763.20315581854,0,0,0,0,0,0,0,7.636752112435779,10.236233937114172,3.2188758248682006,3.828641396489095,0.011583011583011582,0.01151644206155908,8.174702882469461,2.0644946046636603,False,False,False,False,False,True
6.810042529424079,71.42857142857143,6112.369742419302,0,0,0,0,0,0,0,9.001222992395064,10.047568209938474,0.6931471805599453,2.9444389791664403,0.0001232741617357002,0.00012326656410054394,8.028781162487148,1.9991152142115904,False,False,False,True,False,False
6.957767398843721,78.87323943661971,41763.20315581854,0,0,0,0,0,0,0,10.347532142611767,10.41278805844042,3.9318256327243257,3.044522437723423,0.001603643477981975,0.0016023590148104303,8.174702882469461,2.0644946046636603,False,False,False,False,False,True
6.192033733782523,0.0,6112.369742419302,0,0,0,0,0,0,0,4.060443010546419,9.566331310956217,0.6931471805599453,2.995732273553991,0.017543859649122806,0.01739174271186924,8.028781162487148,1.9991152142115904,False,False,False,True,False,False
6.910821247761948,83.02599099753158,41763.20315581854,0,0,0,0,0,0,0,12.214715190911516,10.753162470603892,2.5649493574615367,3.4339872044851463,5.948397650382928e-05,5.948220740221832e-05,8.174702882469461,2.0644946046636603,False,False,False,False,False,True
6.844958269434055,72.72727272727273,41763.20315581854,0,0,0,0,0,0,0,7.4645098346365275,9.979304294970351,3.9889840465642745,2.9444389791664403,0.030389908256880736,0.029937282314634182,8.174702882469461,2.0644946046636603,False,False,False,False,False,True
6.788310729601363,0.0,6112.369742419302,0,0,0,0,0,0,0,5.552959584921617,9.914078482087426,0.6931471805599453,2.70805020110221,0.0038910505836575876,0.003883500026397612,8.028781162487148,1.9991152142115904,False,False,False,True,False,False
6.974456778732399,70.67669172932331,6112.369742419302,0,0,0,0,0,0,0,8.190077049719049,10.736923625679788,0.6931471805599453,3.091042453358316,0.0002774694783573807,0.00027743099082092043,8.028781162487148,1.9991152142115904,False,False,False,True,False,False
6.662948251583755,74.78260869565217,7640.563613231552,0,0,0,0,0,0,0,7.979681302387741,10.093243666143405,1.3862943611198906,3.6635616461296463,0.0010273972602739725,0.001026869848918433,7.360739903058278,2.0186487050933315,False,False,False,False,True,False
6.393797237117623,37.5,7640.563613231552,0,0,0,0,0,0,0,7.2991214627108,9.585589680262684,0.6931471805599453,1.9459101490553132,0.0006765899864682003,0.0006763612026527606,7.360739903058278,2.0186487050933315,False,False,False,False,True,False
6.728879252982257,66.66666666666666,10412.863802559415,0,0,0,0,0,0,0,5.476463551931511,10.092995148114731,0.6931471805599453,3.4339872044851463,0.004201680672268907,0.004192878260035958,7.691200097522863,1.9906184714459416,True,False,False,False,False,False
6.780101951285577,88.23529411764706,41763.20315581854,0,0,0,0,0,0,0,6.616065185132817,10.41159261413117,2.5649493574615367,3.6888794541139363,0.0160857908847185,0.015957785438610816,8.174702882469461,2.0644946046636603,False,False,False,False,False,True
6.726881389735055,0.0,4092.5737704918033,0,0,0,0,0,0,0,4.3694478524670215,9.920300326844044,3.295836866004329,3.044522437723423,0.3333333333333333,0.28768207245178085,6.415096959171596,1.8969222823803258,False,False,True,False,False,False
6.775780679245273,77.45098039215686,7640.563613231552,0,0,0,0,0,0,0,7.793174347189205,10.404379257576117,0.6931471805599453,3.091042453358316,0.0004127115146512588,0.00041262637267935583,7.360739903058278,2.0186487050933315,False,False,False,False,True,False
6.723628865435316,77.8836987607245,6112.369742419302,0,0,0,0,0,0,0,9.916255691813806,10.470346804375117,1.3862943611198906,3.258096538021482,0.0001481042654028436,0.00014809329904884034,8.028781162487148,1.9991152142115904,False,False,False,True,False,False
6.9084008859802815,82.87521284359036,41763.20315581854,0,0,0,0,0,0,0,11.72554988369423,10.540157328238578,2.5649493574615367,2.4849066497880004,9.701595103928337e-05,9.701124529636624e-05,8.174702882469461,2.0644946046636603,False,False,False,False,False,True
6.911137346756003,76.95573074590662,41763.20315581854,0,0,0,0,0,0,0,10.62186378714185,10.246853132242512,3.8918202981106265,2.70805020110221,0.0011701323712244947,0.0011694482999254257,8.174702882469461,2.0644946046636603,False,False,False,False,False,True
6.5004185244497705,0.0,41763.20315581854,0,0,0,0,0,0,0,4.543294782270004,9.91128039696677,3.295836866004329,2.772588722239781,0.27956989247311825,0.24652399995827343,8.174702882469461,2.0644946046636603,False,False,False,False,False,True
6.380775682048159,50.0,41763.20315581854,0,0,0,0,0,0,0,6.35088571671474,9.641302361946234,3.713572066704308,2.302585092994046,0.06993006993006994,0.06759329113252825,8.174702882469461,2.0644946046636603,False,False,False,False,False,True
6.79113600497033,80.23032629558541,6112.369742419302,0,0,0,0,0,0,0,9.538636417313219,10.082617584627217,1.0986122886681098,2.70805020110221,0.00014404033129276198,0.0001440299584802094,8.028781162487148,1.9991152142115904,False,False,False,True,False,False
6.510263751421897,74.12280701754386,7640.563613231552,0,0,0,0,0,0,0,8.614138397472717,9.93043086016947,1.6094379124341003,4.0943445622221,0.0007262164124909223,0.0007259528449489326,7.360739903058278,2.0186487050933315,False,False,False,False,True,False
7.057946468800966,75.67567567567568,6112.369742419302,0,0,0,0,0,0,0,7.68662133494462,10.66047508157477,1.0986122886681098,3.4965075614664802,0.0009182736455463728,0.0009178522902289597,8.028781162487148,1.9991152142115904,False,False,False,True,False,False
6.794607080130419,70.0,10412.863802559415,0,0,0,0,0,0,0,5.811140992976701,9.797980786126336,0.6931471805599453,2.70805020110221,0.003003003003003003,0.002998502996256633,7.691200097522863,1.9906184714459416,True,False,False,False,False,False
5.558589488847307,66.66666666666666,41763.20315581854,0,0,0,0,0,0,0,5.91350300563827,5.858417164315927,3.258096538021482,3.4657359027997265,0.06775067750677506,0.06555426525740667,8.174702882469461,2.0644946046636603,False,False,False,False,False,True
5.710152858857673,66.66666666666666,10412.863802559415,0,0,0,0,0,0,0,5.802118375377063,9.900645724473474,0.6931471805599453,1.9459101490553132,0.0030303030303030303,0.00302572091653689,7.691200097522863,1.9906184714459416,True,False,False,False,False,False
6.694849741824683,82.38993710691824,6112.369742419302,0,0,0,0,0,0,0,8.411388132519262,9.72387854305561,1.6094379124341003,3.1354942159291497,0.00088948187680676,0.000889086522225356,8.028781162487148,1.9991152142115904,False,False,False,True,False,False
6.743024351257927,68.08510638297872,10412.863802559415,0,0,0,0,0,0,0,7.083387847625295,9.951538989878745,0.6931471805599453,3.828641396489095,0.0008396305625524769,0.0008392782699949171,7.691200097522863,1.9906184714459416,True,False,False,False,False,False
6.868572948400319,25.0,10412.863802559415,0,0,0,0,0,0,0,5.605802066295998,10.00003020977695,0.6931471805599453,2.995732273553991,0.0036900369003690036,0.003683245416296368,7.691200097522863,1.9906184714459416,True,False,False,False,False,False
6.661002281290718,84.21052631578947,6112.369742419302,0,0,0,0,0,0,0,7.962763930168115,10.31762812804148,1.0986122886681098,3.6375861597263857,0.0006966213862765587,0.0006963788582255034,8.028781162487148,1.9991152142115904,False,False,False,True,False,False
7.00943938797986,83.35343787696019,10412.863802559415,0,0,0,0,0,0,0,11.818467101722776,10.905546162871463,0.6931471805599453,4.07753744390572,7.367296570523447e-06,7.367269432185683e-06,7.691200097522863,1.9906184714459416,True,False,False,False,False,False
6.723850230514225,0.0,41763.20315581854,0,0,0,0,0,0,0,7.807916628926408,10.269453600914668,2.5933276030091386,1.9459101490553132,0.005032208895125356,0.0050195896493580175,8.174702882469461,2.0644946046636603,False,False,False,False,False,True
6.796692621190359,84.99656672007325,41763.20315581854,0,0,0,0,0,0,0,12.96820936423818,10.360043831534716,2.70805020110221,3.295836866004329,3.266685177882675e-05,3.2666318228734646e-05,8.174702882469461,2.0644946046636603,False,False,False,False,False,True
6.806868073657801,80.32432432432432,41763.20315581854,0,0,0,0,0,0,0,10.947573255182869,10.281785363871197,2.6390573296152584,2.0794415416798357,0.00022881281351755698,0.00022878663985818635,8.174702882469461,2.0644946046636603,False,False,False,False,False,True
6.850800953794325,72.22222222222221,41763.20315581854,0,0,0,0,0,0,0,6.326149473155099,10.062755273540018,3.6888794541139363,2.6390573296152584,0.06989247311827956,0.06755815101129109,8.174702882469461,2.0644946046636603,False,False,False,False,False,True
6.852278182224739,62.68656716417911,41763.20315581854,0,0,0,0,0,0,0,8.194229304819817,10.378119402390256,3.8918202981106265,3.044522437723423,0.013263332412268583,0.013176144507583618,8.174702882469461,2.0644946046636603,False,False,False,False,False,True
6.6934802647434,85.71428571428571,6112.369742419302,0,0,0,0,0,0,0,6.393590753950631,9.704945179459122,1.3862943611198906,2.3978952727983707,0.005025125628140704,0.0050125418235441935,8.028781162487148,1.9991152142115904,False,False,False,True,False,False
6.301036379522414,71.05263157894737,6112.369742419302,0,0,0,0,0,0,0,7.5310163320779155,9.344514804630203,1.3862943611198906,2.995732273553991,0.001609442060085837,0.0016081482961861253,8.028781162487148,1.9991152142115904,False,False,False,True,False,False
6.58558055977916,42.857142857142854,41763.20315581854,0,0,0,0,0,0,0,5.932245187448011,9.56895283095515,3.295836866004329,2.9444389791664403,0.06914893617021277,0.06686294522912646,8.174702882469461,2.0644946046636603,False,False,False,False,False,True
6.823146793508421,84.26763110307414,41763.20315581854,0,0,0,0,0,0,0,10.156616999340594,10.27120685262779,2.5649493574615367,2.9444389791664403,0.0004658385093167702,0.00046573004024316625,8.174702882469461,2.0644946046636603,False,False,False,False,False,True
5.60043986026233,0.0,41763.20315581854,0,0,0,0,0,0,0,7.494430215031565,6.344274272082252,2.5933276030091386,2.772588722239781,0.006886033207074708,0.006862432760771566,8.174702882469461,2.0644946046636603,False,False,False,False,False,True
6.898645569019732,81.03921568627452,41763.20315581854,0,0,0,0,0,0,0,11.810849904836271,10.518589101140517,3.295836866004329,2.8903717578961645,0.00019301436472291304,0.00019299573984690022,8.174702882469461,2.0644946046636603,False,False,False,False,False,True
6.195191110040243,66.66666666666666,6112.369742419302,0,0,0,0,0,0,0,6.0867747269123065,7.8686083776014435,0.6931471805599453,3.7612001156935624,0.002277904328018223,0.0022753138371356054,8.028781162487148,1.9991152142115904,False,False,False,True,False,False
6.80667718058401,76.75675675675676,7640.563613231552,0,0,0,0,0,0,0,8.699848026000312,10.285271017084886,2.1972245773362196,3.367295829986474,0.0013331111481419764,0.0013322233444151728,7.360739903058278,2.0186487050933315,False,False,False,False,True,False
4.9263479368027125,0.0,10412.863802559415,0,0,0,0,0,0,0,4.3694478524670215,8.362349991150289,0.6931471805599453,3.5553480614894135,0.01282051282051282,0.012739025777429712,7.691200097522863,1.9906184714459416,True,False,False,False,False,False
6.856016090074632,78.0701754385965,6112.369742419302,0,0,0,0,0,0,0,7.784473235736469,10.585593926553782,1.6094379124341003,3.258096538021482,0.0016652789342214821,0.00166389389469538,8.028781162487148,1.9991152142115904,False,False,False,True,False,False
6.827594775273217,80.35019455252919,41763.20315581854,0,0,0,0,0,0,0,9.47554674766278,10.234351590639392,2.5649493574615367,2.995732273553991,0.0009205277692543725,0.0009201043433975964,8.174702882469461,2.0644946046636603,False,False,False,False,False,True
6.935517682295393,53.84615384615385,7640.563613231552,0,0,0,0,0,0,0,7.202661196523238,10.328135530596398,1.0986122886681098,2.9444389791664403,0.0014903129657228018,0.0014892035514678331,7.360739903058278,2.0186487050933315,False,False,False,False,True,False
5.558589488847307,66.66666666666666,7640.563613231552,0,0,0,0,0,0,0,4.836281906951478,5.858417164315927,2.0794415416798357,3.332204510175204,0.056,0.054488185284069776,7.360739903058278,2.0186487050933315,False,False,False,False,True,False
6.97343843699924,81.44843872999212,41763.20315581854,0,0,0,0,0,0,0,11.36652302320156,10.45074475006427,2.5649493574615367,2.6390573296152584,0.0001389210465385506,0.00013891139790356781,8.174702882469461,2.0644946046636603,False,False,False,False,False,True
6.195191110040243,69.6969696969697,6112.369742419302,0,0,0,0,0,0,0,6.942156705699469,7.8686083776014435,0.6931471805599453,2.833213344056216,0.0009671179883945841,0.000966650631094974,8.028781162487148,1.9991152142115904,False,False,False,True,False,False
6.81823449633989,72.22222222222221,7640.563613231552,0,0,0,0,0,0,0,6.860663671448287,9.698986449188135,1.0986122886681098,3.044522437723423,0.002098635886673662,0.0020964368265281672,7.360739903058278,2.0186487050933315,False,False,False,False,True,False
6.5004185244497705,87.5,10412.863802559415,0,0,0,0,0,0,0,6.306275286948016,9.91128039696677,0.6931471805599453,2.9444389791664403,0.0018281535648994515,0.0018264845260342812,7.691200097522863,1.9906184714459416,True,False,False,False,False,False
6.798867426569133,70.54263565891473,7640.563613231552,0,0,0,0,0,0,0,8.608495349823023,10.153657241525975,0.6931471805599453,4.204692619390966,0.00018258170531312764,0.00018256503930217361,7.360739903058278,2.0186487050933315,False,False,False,False,True,False
6.759982298508762,88.84857956131049,41763.20315581854,0,0,0,0,0,0,0,13.420351657971512,10.98148729951909,3.2188758248682006,2.4849066497880004,3.563093477757389e-05,3.563030001086348e-05,8.174702882469461,2.0644946046636603,False,False,False,False,False,True
6.756379223895332,62.5,10412.863802559415,0,0,0,0,0,0,0,6.532334292222349,10.120073395422493,0.6931471805599453,4.110873864173311,0.0014577259475218659,0.0014566644964641641,7.691200097522863,1.9906184714459416,True,False,False,False,False,False
6.670482763580525,67.3469387755102,6112.369742419302,0,0,0,0,0,0,0,7.149916836132109,10.265556207358582,0.6931471805599453,3.044522437723423,0.0007855459544383347,0.0007852375747021617,8.028781162487148,1.9991152142115904,False,False,False,True,False,False
4.9263479368027125,100.0,10412.863802559415,0,0,0,0,0,0,0,4.897839799950911,8.362349991150289,0.6931471805599453,3.367295829986474,0.007518796992481203,0.007490671729157659,7.691200097522863,1.9906184714459416,True,False,False,False,False,False
6.810523973703345,0.0,4092.5737704918033,0,0,0,0,0,0,0,5.272999558563747,10.200116618626788,1.3862943611198906,3.6375861597263857,0.015463917525773196,0.01534556967466032,6.415096959171596,1.8969222823803258,False,False,True,False,False,False
6.535424356044026,69.01408450704226,6112.369742419302,0,0,0,0,0,0,0,7.917900586327916,10.072263834319271,1.3862943611198906,3.1354942159291497,0.001092896174863388,0.001092299398608865,8.028781162487148,1.9991152142115904,False,False,False,True,False,False
6.842263033993731,74.28571428571429,41763.20315581854,0,0,0,0,0,0,0,8.476996001664824,10.313481846366074,4.663439094112067,3.295836866004329,0.021865889212827987,0.021630259308704936,8.174702882469461,2.0644946046636603,False,False,False,False,False,True
6.40169871215857,0.0,41763.20315581854,0,0,0,0,0,0,0,3.9512437185814275,9.324495915651033,3.4657359027997265,2.772588722239781,0.6078431372549019,0.4748936145399274,8.174702882469461,2.0644946046636603,False,False,False,False,False,True
6.40169871215857,0.0,10412.863802559415,0,0,0,0,0,0,0,5.0689042022202315,9.324495915651033,0.6931471805599453,3.4657359027997265,0.006329113924050633,0.006309169193264756,7.691200097522863,1.9906184714459416,True,False,False,False,False,False
6.885924552531688,82.06521739130434,7640.563613231552,0,0,0,0,0,0,0,10.919587419629774,10.26904777946777,0.6931471805599453,4.127134385045092,1.8100530345539125e-05,1.8100366532832446e-05,7.360739903058278,2.0186487050933315,False,False,False,False,True,False
6.990005739055331,85.8974358974359,41763.20315581854,0,0,0,0,0,0,0,7.77863014732581,10.456580763993502,2.5649493574615367,3.1354942159291497,0.005025125628140704,0.0050125418235441935,8.174702882469461,2.0644946046636603,False,False,False,False,False,True
6.855944669483427,84.04220243982856,41763.20315581854,0,0,0,0,0,0,0,11.313888988999253,10.506955325331703,2.5649493574615367,3.258096538021482,0.00014642896364900978,0.00014641824397476245,8.174702882469461,2.0644946046636603,False,False,False,False,False,True
6.267658329755723,0.0,6112.369742419302,0,0,0,0,0,0,0,4.02535169073515,10.0501849617673,0.6931471805599453,3.367295829986474,0.01818181818181818,0.018018505502678212,8.028781162487148,1.9991152142115904,False,False,False,True,False,False
6.677693639525605,33.33333333333333,7640.563613231552,0,0,0,0,0,0,0,4.941642422609304,9.328032216867232,0.6931471805599453,3.091042453358316,0.007194244604316547,0.007168489478612497,7.360739903058278,2.0186487050933315,False,False,False,False,True,False
6.756379223895332,81.81818181818183,10412.863802559415,0,0,0,0,0,0,0,6.391917113392602,10.120073395422493,0.6931471805599453,4.02535169073515,0.0016778523489932886,0.0016764463272523522,7.691200097522863,1.9906184714459416,True,False,False,False,False,False
6.825101111844631,61.111111111111114,6112.369742419302,0,0,0,0,0,0,0,7.138073034044347,10.3556993786267,1.3862943611198906,2.1972245773362196,0.0023847376788553257,0.002381898704533674,8.028781162487148,1.9991152142115904,False,False,False,True,False,False
6.764465840959698,81.8782098312546,41763.20315581854,0,0,0,0,0,0,0,11.465204728758817,10.329557543516108,2.5649493574615367,2.8903717578961645,0.00012586664429037434,0.0001258587237490262,8.174702882469461,2.0644946046636603,False,False,False,False,False,True
6.572705399610349,80.20833333333334,41763.20315581854,0,0,0,0,0,0,0,8.188411308079031,9.876992861008846,2.6390573296152584,3.1354942159291497,0.003613118399110617,0.0036066067669793225,8.174702882469461,2.0644946046636603,False,False,False,False,False,True
6.759130807899901,33.33333333333333,41763.20315581854,0,0,0,0,0,0,0,6.68586094706836,10.366710353190577,3.970291913552122,3.9512437185814275,0.065,0.06297479916138839,8.174702882469461,2.0644946046636603,False,False,False,False,False,True
6.82110543242383,66.66666666666666,7640.563613231552,0,0,0,0,0,0,0,6.532334292222349,10.008910081676413,0.6931471805599453,3.6375861597263857,0.0014577259475218659,0.0014566644964641641,7.360739903058278,2.0186487050933315,False,False,False,False,True,False
6.92343943356571,85.38812785388129,41763.20315581854,0,0,0,0,0,0,0,11.362974288206724,10.245193725116032,3.258096538021482,2.6390573296152584,0.0002904477542579641,0.00029040558247464185,8.174702882469461,2.0644946046636603,False,False,False,False,False,True
6.548792989998894,0.0,6112.369742419302,0,0,0,0,0,0,0,3.970291913552122,9.223228522439266,0.6931471805599453,2.5649493574615367,0.019230769230769232,0.01904819497069441,8.028781162487148,1.9991152142115904,False,False,False,True,False,False
6.720685666396093,75.0,7640.563613231552,0,0,0,0,0,0,0,6.077642243349034,10.375663890867532,0.6931471805599453,3.044522437723423,0.0022988505747126436,0.002296212260350157,7.360739903058278,2.0186487050933315,False,False,False,False,True,False
6.831725682510775,66.6015625,7640.563613231552,0,0,0,0,0,0,0,9.780472101639582,10.293546054911756,2.3978952727983707,3.6635616461296463,0.000565482922415743,0.0005653230971974382,7.360739903058278,2.0186487050933315,False,False,False,False,True,False
6.902187231079999,81.75257731958763,41763.20315581854,0,0,0,0,0,0,0,10.433821642690162,10.32238008998903,2.6390573296152584,3.044522437723423,0.00038247668363294005,0.0003824035580714189,8.174702882469461,2.0644946046636603,False,False,False,False,False,True
6.834918967411594,77.07437000614628,41763.20315581854,0,0,0,0,0,0,0,10.530414799175965,10.575877569042746,2.5649493574615367,3.332204510175204,0.000320547066994337,0.00032049570275931197,8.174702882469461,2.0644946046636603,False,False,False,False,False,True
6.705418855045114,73.45132743362832,7640.563613231552,0,0,0,0,0,0,0,9.15915233520675,10.006161286060424,1.3862943611198906,2.8903717578961645,0.00031578947368421053,0.00031573962268309583,7.360739903058278,2.0186487050933315,False,False,False,False,True,False
5.60043986026233,0.0,41763.20315581854,0,0,0,0,0,0,0,5.393627546352362,6.344274272082252,2.5933276030091386,3.295836866004329,0.05650320398681849,0.05496459071189223,8.174702882469461,2.0644946046636603,False,False,False,False,False,True
5.879225467208256,62.5,1266.400447427293,0,0,0,0,0,0,0,7.065613363597717,8.024343613012375,0.6931471805599453,2.6390573296152584,0.0008547008547008547,0.0008543358059155359,6.104793232414985,1.8852953146630171,False,True,False,False,False,False
6.5004185244497705,81.81818181818183,41763.20315581854,0,0,0,0,0,0,0,7.02108396428914,9.91128039696677,2.5649493574615367,2.995732273553991,0.010723860589812333,0.010666767804195228,8.174702882469461,2.0644946046636603,False,False,False,False,False,True
6.664854873989999,71.42857142857143,41763.20315581854,0,0,0,0,0,0,0,5.908082938168931,9.84112598416779,3.871201010907891,3.295836866004329,0.12806539509536785,0.12050412577074411,8.174702882469461,2.0644946046636603,False,False,False,False,False,True
6.4989453288180234,0.0,4092.5737704918033,0,0,0,0,0,0,0,7.7437032581737535,10.056667585185474,2.5649493574615367,3.2188758248682006,0.005203816131830009,0.005190323070692638,6.415096959171596,1.8969222823803258,False,False,True,False,False,False
6.803204566022874,67.54890678941312,7640.563613231552,0,0,0,0,0,0,0,10.064713146035349,10.30614332804386,1.3862943611198906,3.5553480614894135,0.00012767044003745,0.00012766229086044403,7.360739903058278,2.0186487050933315,False,False,False,False,True,False
6.26522859704693,33.33333333333333,6112.369742419302,0,0,0,0,0,0,0,4.700480365792417,8.33775665141873,0.6931471805599453,3.6109179126442243,0.009174311926605505,0.009132483563272474,8.028781162487148,1.9991152142115904,False,False,False,True,False,False
6.907533437153302,85.71428571428571,10412.863802559415,0,0,0,0,0,0,0,6.966967138613983,10.42737301798751,0.6931471805599453,3.295836866004329,0.0009433962264150943,0.0009429515078703628,7.691200097522863,1.9906184714459416,True,False,False,False,False,False
6.779782172998328,80.46511627906978,41763.20315581854,0,0,0,0,0,0,0,9.93066488054092,10.42324578946821,1.3862943611198906,2.302585092994046,0.00014598540145985403,0.00014597474662805926,8.174702882469461,2.0644946046636603,False,False,False,False,False,True
6.857325393700843,78.41409691629956,6112.369742419302,0,0,0,0,0,0,0,9.190953658175992,10.312473226016106,0.6931471805599453,3.258096538021482,0.00010196798205363516,0.00010196278367222413,8.028781162487148,1.9991152142115904,False,False,False,True,False,False
6.585959140352191,66.90647482014388,6112.369742419302,0,0,0,0,0,0,0,8.382518288089635,10.097900223963292,1.0986122886681098,3.1354942159291497,0.00045777065690089265,0.00045766591187864394,8.028781162487148,1.9991152142115904,False,False,False,True,False,False
6.045175999634896,0.0,41763.20315581854,0,0,0,0,0,0,0,4.912654885736052,7.952065901555757,3.295836866004329,2.6390573296152584,0.1925925925925926,0.17612958654603358,8.174702882469461,2.0644946046636603,False,False,False,False,False,True
5.558589488847307,100.0,4092.5737704918033,0,0,0,0,0,0,0,5.25227342804663,5.858417164315927,0.6931471805599453,3.258096538021482,0.005263157894736842,0.005249355886143745,6.415096959171596,1.8969222823803258,False,False,True,False,False,False
6.195191110040243,80.89887640449437,6112.369742419302,0,0,0,0,0,0,0,9.919213252997611,7.8686083776014435,1.9459101490553132,3.58351893845611,0.00029533372711163615,0.0002952901246911049,8.028781162487148,1.9991152142115904,False,False,False,True,False,False
6.716224756106464,64.15094339622641,6112.369742419302,0,0,0,0,0,0,0,7.456454555176209,10.13501157497399,0.6931471805599453,3.367295829986474,0.0005780346820809249,0.0005778676843846494,8.028781162487148,1.9991152142115904,False,False,False,True,False,False
6.195191110040243,67.17557251908397,6112.369742419302,0,0,0,0,0,0,0,8.098034756176071,7.8686083776014435,1.0986122886681098,3.5553480614894135,0.000608457560085184,0.0006082725248374761,8.028781162487148,1.9991152142115904,False,False,False,True,False,False
6.889014757268265,75.05353319057816,6112.369742419302,0,0,0,0,0,0,0,10.533188948038239,10.50943838008882,1.0986122886681098,3.091042453358316,5.327650506126798e-05,5.327508591878124e-05,8.028781162487148,1.9991152142115904,False,False,False,True,False,False
6.653163955082155,60.0,41763.20315581854,0,0,0,0,0,0,0,5.8805329864007,10.099133312431498,3.295836866004329,2.772588722239781,0.07282913165266107,0.07029920740100688,8.174702882469461,2.0644946046636603,False,False,False,False,False,True
6.883245441642069,75.0,6112.369742419302,0,0,0,0,0,0,0,8.7879833961978,10.352906256701308,1.3862943611198906,3.1780538303479458,0.00045773573390296,0.0004576310048596165,8.028781162487148,1.9991152142115904,False,False,False,True,False,False
6.779782172998328,0.0,7640.563613231552,0,0,0,0,0,0,0,4.248495242049359,10.42324578946821,0.6931471805599453,2.302585092994046,0.014492753623188406,0.01438873745209967,7.360739903058278,2.0186487050933315,False,False,False,False,True,False
6.977385999228614,60.0,6112.369742419302,0,0,0,0,0,0,0,5.393627546352362,10.43568938301681,1.0986122886681098,2.8903717578961645,0.0091324200913242,0.009090971701251884,8.028781162487148,1.9991152142115904,False,False,False,True,False,False
5.710152858857673,88.88888888888889,10412.863802559415,0,0,0,0,0,0,0,6.126869184114185,9.900645724473474,0.6931471805599453,2.70805020110221,0.002188183807439825,0.0021857932199802256,7.691200097522863,1.9906184714459416,True,False,False,False,False,False
7.0565046657833825,58.333333333333336,7640.563613231552,0,0,0,0,0,0,0,6.439350371100098,10.656814710913281,0.6931471805599453,4.290459441148391,0.0016,0.0015987213636970735,7.360739903058278,2.0186487050933315,False,False,False,False,True,False
6.756379223895332,83.6890243902439,41763.20315581854,0,0,0,0,0,0,0,10.919677916548416,10.120073395422493,2.6390573296152584,2.0794415416798357,0.0002352856005212481,0.0002352579252052953,8.174702882469461,2.0644946046636603,False,False,False,False,False,True
6.639612406195241,0.0,10412.863802559415,0,0,0,0,0,0,0,4.820281565605037,10.126390787170681,0.6931471805599453,3.4011973816621555,0.008130081300813009,0.008097210232619303,7.691200097522863,1.9906184714459416,True,False,False,False,False,False
6.72025323131698,81.15942028985508,6112.369742419302,0,0,0,0,0,0,0,7.5883236773352225,9.779006435238738,1.0986122886681098,2.6390573296152584,0.0010131712259371835,0.0010126583143861855,8.028781162487148,1.9991152142115904,False,False,False,True,False,False
6.195191110040243,64.86486486486487,6112.369742419302,0,0,0,0,0,0,0,7.028201432058005,7.8686083776014435,1.0986122886681098,2.6390573296152584,0.001774622892635315,0.0017730501098858146,8.028781162487148,1.9991152142115904,False,False,False,True,False,False
6.58558055977916,84.61538461538461,41763.20315581854,0,0,0,0,0,0,0,6.946975992135418,9.56895283095515,3.970291913552122,3.2188758248682006,0.05004812319538017,0.048835994733843466,8.174702882469461,2.0644946046636603,False,False,False,False,False,True
6.818720708784225,73.79310344827587,6112.369742419302,0,0,0,0,0,0,0,10.074537489292018,10.408018140944815,1.0986122886681098,3.2188758248682006,8.428150021070375e-05,8.427794872457948e-05,8.028781162487148,1.9991152142115904,False,False,False,True,False,False
6.760177441321682,74.07407407407408,41763.20315581854,0,0,0,0,0,0,0,7.581719640125308,9.866543458155952,3.8918202981106265,3.044522437723423,0.02447730749617542,0.024182538618588205,8.174702882469461,2.0644946046636603,False,False,False,False,False,True
6.26522859704693,0.0,6112.369742419302,0,0,0,0,0,0,0,4.3694478524670215,8.33775665141873,0.6931471805599453,3.4339872044851463,0.01282051282051282,0.012739025777429712,8.028781162487148,1.9991152142115904,False,False,False,True,False,False
6.836389593533809,81.74019607843137,41763.20315581854,0,0,0,0,0,0,0,11.261575321765838,10.700608520237367,2.5649493574615367,4.330733340286331,0.00015429320852727133,0.0001542813065543709,8.174702882469461,2.0644946046636603,False,False,False,False,False,True
6.719475909504948,50.0,7640.563613231552,0,0,0,0,0,0,0,6.09807428216624,10.156285325366484,0.6931471805599453,3.4339872044851463,0.0022522522522522522,0.002249719734015546,7.360739903058278,2.0186487050933315,False,False,False,False,True,False
6.5004185244497705,50.0,4092.5737704918033,0,0,0,0,0,0,0,5.220355825078324,9.91128039696677,1.0986122886681098,2.70805020110221,0.010869565217391304,0.010810916104215676,6.415096959171596,1.8969222823803258,False,False,True,False,False,False
6.868572948400319,0.0,41763.20315581854,0,0,0,0,0,0,0,4.59511985013459,10.00003020977695,3.4657359027997265,2.5649493574615367,0.3163265306122449,0.2748449256911002,8.174702882469461,2.0644946046636603,False,False,False,False,False,True
6.85900618133501,79.7752808988764,10412.863802559415,0,0,0,0,0,0,0,8.437067146936952,10.464844837028117,0.6931471805599453,3.6635616461296463,0.00021673168617251842,0.00021670820325357147,7.691200097522863,1.9906184714459416,True,False,False,False,False,False
6.889097765744061,89.31297709923665,10412.863802559415,0,0,0,0,0,0,0,8.858652969548489,10.31074578203701,0.6931471805599453,3.2188758248682006,0.00014216661927779356,0.00014215651456166728,7.691200097522863,1.9906184714459416,True,False,False,False,False,False
6.270257490704965,0.0,10412.863802559415,0,0,0,0,0,0,0,3.8066624897703196,8.471450016819338,0.6931471805599453,2.70805020110221,0.022727272727272728,0.022472855852058576,7.691200097522863,1.9906184714459416,True,False,False,False,False,False
6.66391737475365,67.2566371681416,7640.563613231552,0,0,0,0,0,0,0,8.84043543926657,9.799753131264394,0.6931471805599453,4.143134726391533,0.00014478065730418415,0.00014477017759640664,7.360739903058278,2.0186487050933315,False,False,False,False,True,False
6.887434274427518,80.60635226179018,41763.20315581854,0,0,0,0,0,0,0,11.098697071191907,10.393264197464271,3.258096538021482,3.4657359027997265,0.0003783063979178016,0.00037823485809442085,8.174702882469461,2.0644946046636603,False,False,False,False,False,True
6.66391737475365,0.0,41763.20315581854,0,0,0,0,0,0,0,3.9889840465642745,9.799753131264394,4.61512051684126,3.4965075614664802,1.8867924528301887,1.0601460078403135,8.174702882469461,2.0644946046636603,False,False,False,False,False,True
6.724256288854555,73.92183288409704,41763.20315581854,0,0,0,0,0,0,0,10.761258944930994,10.091309545296372,2.6390573296152584,3.091042453358316,0.0002756748732955871,0.0002756368819596225,8.174702882469461,2.0644946046636603,False,False,False,False,False,True
6.827850625188941,71.42857142857143,41763.20315581854,0,0,0,0,0,0,0,7.788211557847076,9.960021534452826,3.970291913552122,2.772588722239781,0.021567814184985483,0.021338519939366925,8.174702882469461,2.0644946046636603,False,False,False,False,False,True
6.851640311366901,77.74829416224412,41763.20315581854,0,0,0,0,0,0,0,10.809081274861947,10.217850718461207,3.9512437185814275,3.1354942159291497,0.0010309903572078354,0.0010304592516613416,8.174702882469461,2.0644946046636603,False,False,False,False,False,True
6.914189728525724,75.5813953488372,6112.369742419302,0,0,0,0,0,0,0,8.074337694089515,10.238096336442686,1.3862943611198906,2.995732273553991,0.0009345794392523365,0.000934142991796922,8.028781162487148,1.9991152142115904,False,False,False,True,False,False
6.6584943969123715,73.67436057392389,7640.563613231552,0,0,0,0,0,0,0,10.985258824008211,10.346243782087225,1.9459101490553132,3.2188758248682006,0.00010170008644507348,0.00010169491534197335,7.360739903058278,2.0186487050933315,False,False,False,False,True,False
6.891201462918067,81.67184086466598,41763.20315581854,0,0,0,0,0,0,0,12.548360083900105,10.511075055018024,5.123963979403259,2.1972245773362196,0.000592972389501193,0.0005927966508426171,8.174702882469461,2.0644946046636603,False,False,False,False,False,True
6.888968614726282,0.0,10412.863802559415,0,0,0,0,0,0,0,5.849324779946859,9.991318909679917,0.6931471805599453,3.4339872044851463,0.002890173410404624,0.0028860048891348514,7.691200097522863,1.9906184714459416,True,False,False,False,False,False
6.834239468632652,67.37160120845923,7640.563613231552,0,0,0,0,0,0,0,8.851663425366777,10.624427033835108,0.6931471805599453,3.258096538021482,0.00014316392269148176,0.00014315367571503132,7.360739903058278,2.0186487050933315,False,False,False,False,True,False
6.866260232244281,69.51219512195121,7640.563613231552,0,0,0,0,0,0,0,7.980707820869669,10.385588112554064,0.6931471805599453,2.9444389791664403,0.00034211426616489907,0.00034205575842310184,7.360739903058278,2.0186487050933315,False,False,False,False,True,False
6.195191110040243,60.78431372549019,6112.369742419302,0,0,0,0,0,0,0,7.65728279297819,7.8686083776014435,0.6931471805599453,3.2188758248682006,0.00047281323877068556,0.00047270149781154596,8.028781162487148,1.9991152142115904,False,False,False,True,False,False
5.879225467208256,50.0,1266.400447427293,0,0,0,0,0,0,0,4.6443908991413725,8.024343613012375,0.6931471805599453,2.3978952727983707,0.009708737864077669,0.00966191091173689,6.104793232414985,1.8852953146630171,False,True,False,False,False,False
7.118348930279128,84.52604411074613,41763.20315581854,0,0,0,0,0,0,0,12.292718122253131,11.149242259545206,3.2188758248682006,3.4011973816621555,0.00011004076093186184,0.00011003470689138567,8.174702882469461,2.0644946046636603,False,False,False,False,False,True
6.880390107072792,75.75757575757575,41763.20315581854,0,0,0,0,0,0,0,8.631592731724734,10.311151481008455,2.6390573296152584,3.7376696182833684,0.0023193577163247102,0.0023166721579287257,8.174702882469461,2.0644946046636603,False,False,False,False,False,True
6.8393549963377245,0.0,6112.369742419302,0,0,0,0,0,0,0,4.110873864173311,10.354711811512182,0.6931471805599453,4.007333185232471,0.016666666666666666,0.016529301951210506,8.028781162487148,1.9991152142115904,False,False,False,True,False,False
6.66391737475365,75.0,41763.20315581854,0,0,0,0,0,0,0,4.948759890378168,9.799753131264394,3.5263605246161616,2.4849066497880004,0.2357142857142857,0.21164917188847468,8.174702882469461,2.0644946046636603,False,False,False,False,False,True
6.195191110040243,75.4863813229572,6112.369742419302,0,0,0,0,0,0,0,8.88447171813916,7.8686083776014435,1.0986122886681098,4.174387269895637,0.0002770850651149903,0.0002770466841380798,8.028781162487148,1.9991152142115904,False,False,False,True,False,False
6.77343606745359,82.40963855421687,10412.863802559415,0,0,0,0,0,0,0,9.865733762924211,9.908836359785393,0.6931471805599453,3.828641396489095,5.1926472115484474e-05,5.192512398290908e-05,7.691200097522863,1.9906184714459416,True,False,False,False,False,False
6.585959140352191,50.0,6112.369742419302,0,0,0,0,0,0,0,6.297109319933935,10.097900223963292,0.6931471805599453,3.6109179126442243,0.0018450184501845018,0.0018433184942893146,8.028781162487148,1.9991152142115904,False,False,False,True,False,False
6.99104964385922,84.61538461538461,41763.20315581854,0,0,0,0,0,0,0,12.468056068255885,10.62504895241191,3.2188758248682006,2.9444389791664403,9.23432089265102e-05,9.23389455549358e-05,8.174702882469461,2.0644946046636603,False,False,False,False,False,True
6.767541224610549,75.0,41763.20315581854,0,0,0,0,0,0,0,9.412055975876772,10.355922751208103,3.295836866004329,2.833213344056216,0.002125224783390551,0.0021229696876921655,8.174702882469461,2.0644946046636603,False,False,False,False,False,True
6.839734897713103,80.86824835941444,41763.20315581854,0,0,0,0,0,0,0,10.63962238089551,10.346192523086538,2.5649493574615367,3.5263605246161616,0.00028738384902768463,0.0002873425621991818,8.174702882469461,2.0644946046636603,False,False,False,False,False,True
6.697640144872388,50.0,41763.20315581854,0,0,0,0,0,0,0,4.795790545596741,9.913599820423633,4.624972813284271,3.5263605246161616,0.8416666666666667,0.6106709587357069,8.174702882469461,2.0644946046636603,False,False,False,False,False,True
6.907533437153302,79.37806873977087,6112.369742419302,0,0,0,0,0,0,0,10.092784723066508,10.42737301798751,2.4849066497880004,3.58351893845611,0.0004551661356395084,0.00045506257895651733,8.028781162487148,1.9991152142115904,False,False,False,True,False,False
6.7921340428944,74.63617463617463,6112.369742419302,0,0,0,0,0,0,0,9.173468897200278,10.36953170501716,1.3862943611198906,2.1972245773362196,0.0003113001971567915,0.00031125175330394566,8.028781162487148,1.9991152142115904,False,False,False,True,False,False
6.779935390862401,50.0,10412.863802559415,0,0,0,0,0,0,0,5.697093486505405,10.184178129625463,0.6931471805599453,4.1588830833596715,0.003367003367003367,0.0033613477027049274,7.691200097522863,1.9906184714459416,True,False,False,False,False,False
6.638243832197137,74.60317460317461,6112.369742419302,0,0,0,0,0,0,0,7.620705086838262,10.118310337677755,0.6931471805599453,3.713572066704308,0.0004904364884747426,0.0004903162638069552,8.028781162487148,1.9991152142115904,False,False,False,True,False,False
6.195191110040243,66.21621621621621,6112.369742419302,0,0,0,0,0,0,0,7.9211727215870145,7.8686083776014435,1.0986122886681098,3.091042453358316,0.0007262164124909223,0.0007259528449489326,8.028781162487148,1.9991152142115904,False,False,False,True,False,False
6.728879252982257,50.0,41763.20315581854,0,0,0,0,0,0,0,4.976733742420574,10.092995148114731,3.091042453358316,3.1780538303479458,0.14583333333333334,0.1361321743245799,8.174702882469461,2.0644946046636603,False,False,False,False,False,True
6.854753012738375,82.68962897302772,41763.20315581854,0,0,0,0,0,0,0,12.178763111786587,10.30799418708388,3.258096538021482,2.1972245773362196,0.00012846139221318426,0.00012845314175515514,8.174702882469461,2.0644946046636603,False,False,False,False,False,True
6.8873779809596005,80.12132524498367,6112.369742419302,0,0,0,0,0,0,0,10.643017239276974,10.503088454418865,1.0986122886681098,3.1780538303479458,4.773497541648766e-05,4.7733836138752235e-05,8.028781162487148,1.9991152142115904,False,False,False,True,False,False
6.791157354696293,71.37404580152672,6112.369742419302,0,0,0,0,0,0,0,9.845169643211612,9.964897711287001,1.0986122886681098,2.3978952727983707,0.0001060108131029365,0.00010600519435386696,8.028781162487148,1.9991152142115904,False,False,False,True,False,False
6.5004185244497705,0.0,4092.5737704918033,0,0,0,0,0,0,0,3.6375861597263857,9.91128039696677,2.772588722239781,2.70805020110221,0.40540540540540543,0.34032580593720296,6.415096959171596,1.8969222823803258,False,False,True,False,False,False
6.723139968065377,79.24528301886792,6112.369742419302,0,0,0,0,0,0,0,7.138073034044347,10.336747287874191,0.6931471805599453,4.204692619390966,0.000794912559618442,0.0007945967839613896,8.028781162487148,1.9991152142115904,False,False,False,True,False,False
6.89685613347767,78.24504650222403,10412.863802559415,0,0,0,0,0,0,0,11.498319312580866,10.735563021739752,0.6931471805599453,2.833213344056216,1.0147236400166415e-05,1.0147184917393607e-05,7.691200097522863,1.9906184714459416,True,False,False,False,False,False
6.510263751421897,70.27027027027027,7640.563613231552,0,0,0,0,0,0,0,7.8343923029104365,9.93043086016947,0.6931471805599453,3.4657359027997265,0.00039603960396039607,0.00039596120097621864,7.360739903058278,2.0186487050933315,False,False,False,False,True,False
6.769866626233298,45.45454545454545,10412.863802559415,0,0,0,0,0,0,0,6.693323668269949,10.283514579558773,0.6931471805599453,3.258096538021482,0.0012406947890818859,0.0012399257633205734,7.691200097522863,1.9906184714459416,True,False,False,False,False,False
6.728879252982257,40.0,41763.20315581854,0,0,0,0,0,0,0,6.251903883165888,10.092995148114731,3.9889840465642745,3.1780538303479458,0.10231660231660232,0.09741396739652708,8.174702882469461,2.0644946046636603,False,False,False,False,False,True
6.812269569012642,78.37837837837837,7640.563613231552,0,0,0,0,0,0,0,6.85751406254539,10.29649009916797,1.0986122886681098,3.5263605246161616,0.002105263157894737,0.00210305019677889,7.360739903058278,2.0186487050933315,False,False,False,False,True,False
6.758537183302698,50.0,10412.863802559415,0,0,0,0,0,0,0,5.69035945432406,10.255011310043548,0.6931471805599453,4.30406509320417,0.003389830508474576,0.003384097984240494,7.691200097522863,1.9906184714459416,True,False,False,False,False,False
6.772409865396259,0.0,41763.20315581854,0,0,0,0,0,0,0,3.9318256327243257,9.86904896085482,2.3978952727983707,3.4339872044851463,0.2,0.1823215567939546,8.174702882469461,2.0644946046636603,False,False,False,False,False,True
6.816742595707507,80.62109296229079,41763.20315581854,0,0,0,0,0,0,0,11.898051802082863,10.440375624130201,2.5649493574615367,3.1354942159291497,8.16443165350152e-05,8.164098381919798e-05,8.174702882469461,2.0644946046636603,False,False,False,False,False,True
6.626533453023366,72.20216606498195,41763.20315581854,0,0,0,0,0,0,0,8.395477432732141,9.563059716451976,3.970291913552122,3.258096538021482,0.01174875734297334,0.011680276547705145,8.174702882469461,2.0644946046636603,False,False,False,False,False,True
6.6694229319267135,50.0,41763.20315581854,0,0,0,0,0,0,0,5.25227342804663,9.877622896727862,2.6390573296152584,2.772588722239781,0.06842105263157895,0.06618190688130118,8.174702882469461,2.0644946046636603,False,False,False,False,False,True
6.9611755690740145,87.80724764402993,41763.20315581854,0,0,0,0,0,0,0,12.802752977602413,10.558899416269464,2.6390573296152584,2.1972245773362196,3.5791473369767216e-05,3.5790832870239445e-05,8.174702882469461,2.0644946046636603,False,False,False,False,False,True
6.8059761534885554,0.0,7640.563613231552,0,0,0,0,0,0,0,4.663439094112067,9.914218989491387,1.0986122886681098,4.61512051684126,0.01904761904761905,0.018868484304382736,7.360739903058278,2.0186487050933315,False,False,False,False,True,False
6.195191110040243,62.18487394957983,6112.369742419302,0,0,0,0,0,0,0,8.022240916806537,7.8686083776014435,1.0986122886681098,2.5649493574615367,0.0006563833278634722,0.0006561680025457063,8.028781162487148,1.9991152142115904,False,False,False,True,False,False
6.671140218499566,61.95652173913043,7640.563613231552,0,0,0,0,0,0,0,8.410943391573527,9.763111410243045,1.0986122886681098,4.30406509320417,0.0004449388209121246,0.00044483986498685595,7.360739903058278,2.0186487050933315,False,False,False,False,True,False
6.818270128696822,0.0,10412.863802559415,0,0,0,0,0,0,0,6.792344427470809,10.194646499475702,0.6931471805599453,3.295836866004329,0.0011235955056179776,0.0011229647446237235,7.691200097522863,1.9906184714459416,True,False,False,False,False,False
6.5004185244497705,100.0,10412.863802559415,0,0,0,0,0,0,0,5.337538079701318,9.91128039696677,0.6931471805599453,1.6094379124341003,0.004830917874396135,0.004819286435948922,7.691200097522863,1.9906184714459416,True,False,False,False,False,False
6.741621400639805,72.72727272727273,7640.563613231552,0,0,0,0,0,0,0,6.773080375655535,10.138276512874846,0.6931471805599453,2.8903717578961645,0.001145475372279496,0.0011448198159332513,7.360739903058278,2.0186487050933315,False,False,False,False,True,False
6.836389593533809,78.96090534979425,41763.20315581854,0,0,0,0,0,0,0,10.8896401115792,10.700608520237367,2.5649493574615367,1.6094379124341003,0.00022380961262286216,0.00022378457098775665,8.174702882469461,2.0644946046636603,False,False,False,False,False,True
5.879225467208256,50.0,1266.400447427293,0,0,0,0,0,0,0,4.68213122712422,8.024343613012375,0.6931471805599453,2.9444389791664403,0.009345794392523364,0.00930239266231341,6.104793232414985,1.8852953146630171,False,True,False,False,False,False
6.767541224610549,33.33333333333333,4092.5737704918033,0,0,0,0,0,0,0,5.921578419643816,10.355922751208103,2.1972245773362196,2.1972245773362196,0.021505376344086023,0.02127739844728488,6.415096959171596,1.8969222823803258,False,False,True,False,False,False
6.7246875,77.77777777777779,41763.20315581854,0,0,0,0,0,0,0,7.398174092970465,9.71054163152955,3.9512437185814275,2.5649493574615367,0.03125,0.030771658666753687,8.174702882469461,2.0644946046636603,False,False,False,False,False,True
6.919955048525953,80.60504201680672,41763.20315581854,0,0,0,0,0,0,0,11.233383505056556,10.619102165127284,3.2188758248682006,3.5263605246161616,0.0003174099349309633,0.0003173595710546637,8.174702882469461,2.0644946046636603,False,False,False,False,False,True
6.616502142324668,72.72089761570828,10412.863802559415,0,0,0,0,0,0,0,10.186559012430227,9.687944522842663,1.0986122886681098,3.332204510175204,7.53494329955167e-05,7.534659436954045e-05,7.691200097522863,1.9906184714459416,True,False,False,False,False,False
6.510263751421897,0.0,7640.563613231552,0,0,0,0,0,0,0,5.147494476813453,9.93043086016947,0.6931471805599453,3.044522437723423,0.005847953216374269,0.005830920310793144,7.360739903058278,2.0186487050933315,False,False,False,False,True,False
6.978610296211153,80.76104310803619,41763.20315581854,0,0,0,0,0,0,0,12.662329088732065,10.704709537581452,2.5649493574615367,2.772588722239781,3.80191996958464e-05,3.8018476984360816e-05,8.174702882469461,2.0644946046636603,False,False,False,False,False,True
6.859235350059212,85.02484031227822,41763.20315581854,0,0,0,0,0,0,0,11.921013796085084,10.390391929437808,3.295836866004329,2.70805020110221,0.0001728803867201266,0.00017286544462807998,8.174702882469461,2.0644946046636603,False,False,False,False,False,True
6.728879252982257,74.84662576687117,41763.20315581854,0,0,0,0,0,0,0,8.562740006372207,10.092995148114731,3.258096538021482,3.5553480614894135,0.0047782874617737,0.004766907682413387,8.174702882469461,2.0644946046636603,False,False,False,False,False,True
5.879225467208256,0.0,1266.400447427293,0,0,0,0,0,0,0,4.430816798843313,8.024343613012375,0.6931471805599453,3.091042453358316,0.012048192771084338,0.01197619104671562,6.104793232414985,1.8852953146630171,False,True,False,False,False,False
6.767535757468809,77.82571182053495,41763.20315581854,0,0,0,0,0,0,0,10.349998630080293,10.428641508896238,2.5649493574615367,3.7376696182833684,0.0003839262861530586,0.0003838526053146065,8.174702882469461,2.0644946046636603,False,False,False,False,False,True
6.9018360057669135,80.7209805335256,41763.20315581854,0,0,0,0,0,0,0,12.107632572716922,10.36021324954712,4.2626798770413155,2.8903717578961645,0.00038620902736015097,0.0003861344678500972,8.174702882469461,2.0644946046636603,False,False,False,False,False,True
6.865337978873829,79.22307239552678,41763.20315581854,0,0,0,0,0,0,0,11.01892418159454,10.468421828616771,2.6390573296152584,3.4011973816621555,0.00021305537800940722,0.00021303268493545578,8.174702882469461,2.0644946046636603,False,False,False,False,False,True
6.913579950455417,74.01812688821752,6112.369742419302,0,0,0,0,0,0,0,9.531771484474337,10.548697158417665,1.3862943611198906,3.4657359027997265,0.00021754894851341551,0.00021752528817240598,8.028781162487148,1.9991152142115904,False,False,False,True,False,False
6.769866626233298,72.22222222222221,6112.369742419302,0,0,0,0,0,0,0,7.003065458786462,10.283514579558773,1.3862943611198906,3.713572066704308,0.00272975432211101,0.0027260353092384017,8.028781162487148,1.9991152142115904,False,False,False,True,False,False
6.289007148338809,0.0,41763.20315581854,0,0,0,0,0,0,0,4.990432586778736,7.921587131345857,5.746203190540153,3.044522437723423,2.136986301369863,1.1432625624058486,8.174702882469461,2.0644946046636603,False,False,False,False,False,True
6.6755635503297155,69.79166666666666,7640.563613231552,0,0,0,0,0,0,0,9.205327830152639,10.294318737965854,1.791759469228055,3.9318256327243257,0.000502563071665494,0.0005024368291398007,7.360739903058278,2.0186487050933315,False,False,False,False,True,False
6.818032823249103,69.23076923076923,7640.563613231552,0,0,0,0,0,0,0,8.677269139262872,10.342475232675952,1.9459101490553132,4.060443010546419,0.0010226691665246293,0.0010221465966596802,7.360739903058278,2.0186487050933315,False,False,False,False,True,False
6.801305199251226,76.31284916201118,41763.20315581854,0,0,0,0,0,0,0,9.855032332266724,10.691628402533764,2.5649493574615367,2.9444389791664403,0.000629822075263738,0.0006296238205794696,8.174702882469461,2.0644946046636603,False,False,False,False,False,True
6.759224938434093,73.16804407713498,7640.563613231552,0,0,0,0,0,0,0,10.470050580986621,9.967730591475465,0.6931471805599453,3.58351893845611,2.8374428964617086e-05,2.8374026418144395e-05,7.360739903058278,2.0186487050933315,False,False,False,False,True,False
6.548792989998894,50.0,6112.369742419302,0,0,0,0,0,0,0,4.624972813284271,9.223228522439266,0.6931471805599453,2.833213344056216,0.009900990099009901,0.00985229644301164,8.028781162487148,1.9991152142115904,False,False,False,True,False,False
6.490336269696487,0.0,41763.20315581854,0,0,0,0,0,0,0,4.30406509320417,8.81811505604364,2.5933276030091386,3.8501476017100584,0.16950961196045547,0.1565845258714734,8.174702882469461,2.0644946046636603,False,False,False,False,False,True
5.879225467208256,66.66666666666666,1266.400447427293,0,0,0,0,0,0,0,5.10594547390058,8.024343613012375,0.6931471805599453,3.2188758248682006,0.006097560975609756,0.0060790460763821925,6.104793232414985,1.8852953146630171,False,True,False,False,False,False
6.8301637565625155,74.0320427236315,6112.369742419302,0,0,0,0,0,0,0,10.755026407180587,10.282144469155165,1.0986122886681098,2.833213344056216,4.2676681461249574e-05,4.2675770837522434e-05,8.028781162487148,1.9991152142115904,False,False,False,True,False,False
6.604842707205482,0.0,4092.5737704918033,0,0,0,0,0,0,0,4.02535169073515,9.94521695986674,0.6931471805599453,2.8903717578961645,0.01818181818181818,0.018018505502678212,6.415096959171596,1.8969222823803258,False,False,True,False,False,False
6.7921340428944,82.08955223880598,6112.369742419302,0,0,0,0,0,0,0,9.18307194482199,10.36953170501716,1.0986122886681098,3.8066624897703196,0.00020554984583761563,0.00020552872336240772,8.028781162487148,1.9991152142115904,False,False,False,True,False,False
6.490336269696487,71.42857142857143,41763.20315581854,0,0,0,0,0,0,0,5.968707559985366,8.81811505604364,4.584967478670572,3.5553480614894135,0.24871794871794872,0.22211738395889769,8.174702882469461,2.0644946046636603,False,False,False,False,False,True
5.879225467208256,66.66666666666666,1266.400447427293,0,0,0,0,0,0,0,4.919980925828125,8.024343613012375,0.6931471805599453,2.6390573296152584,0.007352941176470588,0.007326040092072881,6.104793232414985,1.8852953146630171,False,True,False,False,False,False
6.648919547834284,0.0,6112.369742419302,0,0,0,0,0,0,0,3.6375861597263857,9.710398714598298,0.6931471805599453,2.9444389791664403,0.02702702702702703,0.026668247082161273,8.028781162487148,1.9991152142115904,False,False,False,True,False,False
6.643465275750761,67.94871794871796,7640.563613231552,0,0,0,0,0,0,0,8.136810863675537,9.875618662760171,1.3862943611198906,3.044522437723423,0.000877963125548727,0.0008775779413589422,7.360739903058278,2.0186487050933315,False,False,False,False,True,False
6.635179612672527,0.0,41763.20315581854,0,0,0,0,0,0,0,3.828641396489095,9.954932480517035,2.70805020110221,2.3978952727983707,0.3111111111111111,0.2708749541353997,8.174702882469461,2.0644946046636603,False,False,False,False,False,True
6.794607080130419,50.0,10412.863802559415,0,0,0,0,0,0,0,5.236441962829949,9.797980786126336,1.6094379124341003,1.791759469228055,0.0213903743315508,0.02116481119204333,7.691200097522863,1.9906184714459416,True,False,False,False,False,False
6.510263751421897,78.7398921832884,4092.5737704918033,0,0,0,0,0,0,0,11.162189990267917,9.93043086016947,3.258096538021482,3.4657359027997265,0.00035503294705748693,0.00035496993777380166,6.415096959171596,1.8969222823803258,False,False,True,False,False,False
6.490336269696487,0.0,6112.369742419302,0,0,0,0,0,0,0,3.8918202981106265,8.81811505604364,1.6094379124341003,3.4965075614664802,0.08333333333333333,0.08004270767353636,8.028781162487148,1.9991152142115904,False,False,False,True,False,False
6.828608104785629,81.25,6112.369742419302,0,0,0,0,0,0,0,6.692083742506628,10.100550679644261,0.6931471805599453,2.833213344056216,0.0012422360248447205,0.0012414650880649455,8.028781162487148,1.9991152142115904,False,False,False,True,False,False
6.195191110040243,66.66666666666666,6112.369742419302,0,0,0,0,0,0,0,5.003946305945459,7.8686083776014435,1.0986122886681098,2.995732273553991,0.013513513513513514,0.01342302033214077,8.028781162487148,1.9991152142115904,False,False,False,True,False,False
6.788310729601363,0.0,41763.20315581854,0,0,0,0,0,0,0,4.394449154672439,9.914078482087426,3.295836866004329,2.833213344056216,0.325,0.2814124594381855,8.174702882469461,2.0644946046636603,False,False,False,False,False,True
6.728879252982257,66.66666666666666,41763.20315581854,0,0,0,0,0,0,0,6.450470422144176,10.092995148114731,3.871201010907891,3.4965075614664802,0.07436708860759493,0.07173173341183867,8.174702882469461,2.0644946046636603,False,False,False,False,False,True
6.8993218075568965,80.8011049723757,41763.20315581854,0,0,0,0,0,0,0,10.466639936479886,10.225876809916953,3.2188758248682006,3.044522437723423,0.0006833129288500413,0.0006830795768661336,8.174702882469461,2.0644946046636603,False,False,False,False,False,True
5.7918085106382975,72.22222222222221,7640.563613231552,0,0,0,0,0,0,0,6.590301048196686,7.751630876729169,0.6931471805599453,3.713572066704308,0.001375515818431912,0.0013745706631665632,7.360739903058278,2.0186487050933315,False,False,False,False,True,False
6.795992294212215,0.0,41763.20315581854,0,0,0,0,0,0,0,3.4965075614664802,10.244205077077597,2.3978952727983707,2.772588722239781,0.3125,0.27193371548364176,8.174702882469461,2.0644946046636603,False,False,False,False,False,True
6.829036948424544,84.93150684931507,10412.863802559415,0,0,0,0,0,0,0,8.245909264774093,9.778151955140352,0.6931471805599453,3.1780538303479458,0.0002623983206507478,0.00026236390023243785,7.691200097522863,1.9906184714459416,True,False,False,False,False,False
6.8301637565625155,82.63617772820227,41763.20315581854,0,0,0,0,0,0,0,12.64219627459213,10.282144469155165,3.258096538021482,2.70805020110221,8.081748502452003e-05,8.081421946741904e-05,8.174702882469461,2.0644946046636603,False,False,False,False,False,True
6.744524531479761,50.0,6112.369742419302,0,0,0,0,0,0,0,6.173786103901937,10.225216783767557,2.5649493574615367,2.6390573296152584,0.025052192066805846,0.024743530383605366,8.028781162487148,1.9991152142115904,False,False,False,True,False,False
6.6979479475372585,66.66666666666666,4092.5737704918033,0,0,0,0,0,0,0,5.765191102784844,10.433693689681208,1.0986122886681098,2.70805020110221,0.006289308176100629,0.006269613013595395,6.415096959171596,1.8969222823803258,False,False,True,False,False,False
6.837047845388285,74.55197132616487,41763.20315581854,0,0,0,0,0,0,0,9.470856776355195,10.410764127682228,2.6390573296152584,3.4657359027997265,0.001001926782273603,0.0010014251886472025,8.174702882469461,2.0644946046636603,False,False,False,False,False,True
6.784596904004383,75.74468085106383,7640.563613231552,0,0,0,0,0,0,0,8.439015410352214,10.527276703284976,0.6931471805599453,3.6375861597263857,0.00021630975556997622,0.00021628636398805665,7.360739903058278,2.0186487050933315,False,False,False,False,True,False
6.807857833297545,72.92418772563177,41763.20315581854,0,0,0,0,0,0,0,8.776475789346321,10.29809656587271,2.6390573296152584,2.6390573296152584,0.0020064824818644853,0.00200447218452451,8.174702882469461,2.0644946046636603,False,False,False,False,False,True
6.5004185244497705,0.0,6112.369742419302,0,0,0,0,0,0,0,3.9318256327243257,9.91128039696677,0.6931471805599453,3.044522437723423,0.02,0.01980262729617973,8.028781162487148,1.9991152142115904,False,False,False,True,False,False
6.542958467678293,100.0,7640.563613231552,0,0,0,0,0,0,0,3.970291913552122,9.733494725610756,0.6931471805599453,3.367295829986474,0.019230769230769232,0.01904819497069441,7.360739903058278,2.0186487050933315,False,False,False,False,True,False
6.815470928920611,78.87323943661971,10412.863802559415,0,0,0,0,0,0,0,9.367856809851165,9.992753584719262,0.6931471805599453,3.713572066704308,8.543357539513029e-05,8.542992615497426e-05,7.691200097522863,1.9906184714459416,True,False,False,False,False,False
6.5004185244497705,85.07462686567165,41763.20315581854,0,0,0,0,0,0,0,8.39773375137891,9.91128039696677,2.3978952727983707,2.0794415416798357,0.002254283137962128,0.002251746053884272,8.174702882469461,2.0644946046636603,False,False,False,False,False,True
6.797223933790411,62.06896551724138,41763.20315581854,0,0,0,0,0,0,0,7.1049654482698426,10.081180915320214,2.5649493574615367,2.8903717578961645,0.009860312243221035,0.00981201657850765,8.174702882469461,2.0644946046636603,False,False,False,False,False,True
6.894927655223125,76.76767676767676,41763.20315581854,0,0,0,0,0,0,0,8.620110725422924,10.291194319721113,3.6888794541139363,3.1780538303479458,0.007038440714672442,0.00701378650800694,8.174702882469461,2.0644946046636603,False,False,False,False,False,True
4.9263479368027125,70.0,10412.863802559415,0,0,0,0,0,0,0,6.309918278226516,8.362349991150289,0.6931471805599453,2.1972245773362196,0.0018214936247723133,0.0018198367169858993,7.691200097522863,1.9906184714459416,True,False,False,False,False,False
6.110232844165658,0.0,6112.369742419302,0,0,0,0,0,0,0,4.060443010546419,9.059811780007355,0.6931471805599453,3.6635616461296463,0.017543859649122806,0.01739174271186924,8.028781162487148,1.9991152142115904,False,False,False,True,False,False
6.8059761534885554,50.0,4092.5737704918033,0,0,0,0,0,0,0,4.997212273764115,9.914218989491387,1.9459101490553132,2.9444389791664403,0.04081632653061224,0.040005334613699206,6.415096959171596,1.8969222823803258,False,False,True,False,False,False
6.751797143671785,78.16091954022988,6112.369742419302,0,0,0,0,0,0,0,9.911058818032446,10.176166295747496,1.0986122886681098,3.7376696182833684,9.925065753560618e-05,9.924573251504877e-05,8.028781162487148,1.9991152142115904,False,False,False,True,False,False
6.666474874898554,65.0,7640.563613231552,0,0,0,0,0,0,0,9.150484204822817,10.107563439479907,0.6931471805599453,4.060443010546419,0.00010617965597791463,0.00010617401931713546,7.360739903058278,2.0186487050933315,False,False,False,False,True,False
6.5004185244497705,0.0,41763.20315581854,0,0,0,0,0,0,0,4.543294782270004,9.91128039696677,3.2188758248682006,2.4849066497880004,0.25806451612903225,0.22957444164450017,8.174702882469461,2.0644946046636603,False,False,False,False,False,True
6.904255601987694,71.12366603892028,6112.369742419302,0,0,0,0,0,0,0,10.469539725292242,10.372982108510897,1.0986122886681098,3.1354942159291497,5.6777856635911995e-05,5.677624483433307e-05,8.028781162487148,1.9991152142115904,False,False,False,True,False,False
6.744173990661228,72.0,7640.563613231552,0,0,0,0,0,0,0,7.739359202689098,10.26872521065149,1.0986122886681098,3.332204510175204,0.0008710801393728223,0.000870700969243891,7.360739903058278,2.0186487050933315,False,False,False,False,True,False
6.885145721113196,81.66449934980494,6112.369742419302,0,0,0,0,0,0,0,9.916502489613622,10.498464106008882,1.791759469228055,2.9444389791664403,0.00024677952717042594,0.00024674908211153095,8.028781162487148,1.9991152142115904,False,False,False,True,False,False
6.637763368716651,81.35593220338984,6112.369742419302,0,0,0,0,0,0,0,7.6676260915849905,10.658876747759166,0.6931471805599453,3.367295829986474,0.0004679457182966776,0.00046783626584301797,8.028781162487148,1.9991152142115904,False,False,False,True,False,False
6.849400484668315,0.0,10412.863802559415,0,0,0,0,0,0,0,9.217117356255207,10.510765794468096,0.6931471805599453,3.784189633918261,9.933445912387007e-05,9.932952578311408e-05,7.691200097522863,1.9906184714459416,True,False,False,False,False,False
6.883380512152217,78.34645669291339,41763.20315581854,0,0,0,0,0,0,0,11.210522232670387,10.614465174325586,2.5649493574615367,2.5649493574615367,0.0001623750050742189,0.00016236182368005247,8.174702882469461,2.0644946046636603,False,False,False,False,False,True
6.851297034979002,53.84615384615385,6112.369742419302,0,0,0,0,0,0,0,7.01571242048723,9.986857054132571,2.1972245773362196,3.4011973816621555,0.0071877807726864335,0.007162071796614984,8.028781162487148,1.9991152142115904,False,False,False,True,False,False
6.851384615162088,78.87323943661971,41763.20315581854,0,0,0,0,0,0,0,8.122371243406553,10.522362003151665,3.295836866004329,3.4011973816621555,0.007719714964370546,0.00769007043195436,8.174702882469461,2.0644946046636603,False,False,False,False,False,True
6.836335151609738,69.04761904761905,41763.20315581854,0,0,0,0,0,0,0,6.78897174299217,10.073010932873734,3.9318256327243257,3.2188758248682006,0.05636978579481398,0.05483829992884272,8.174702882469461,2.0644946046636603,False,False,False,False,False,True
6.662948251583755,80.0,41763.20315581854,0,0,0,0,0,0,0,7.834788107388194,10.093243666143405,3.9318256327243257,2.1972245773362196,0.01979414093428345,0.019600784313807806,8.174702882469461,2.0644946046636603,False,False,False,False,False,True
6.81009474623803,76.5281173594132,6112.369742419302,0,0,0,0,0,0,0,9.288504392945537,10.49868398546992,0.6931471805599453,2.8903717578961645,9.24898261191269e-05,9.248554919894657e-05,8.028781162487148,1.9991152142115904,False,False,False,True,False,False
6.26522859704693,0.0,4092.5737704918033,0,0,0,0,0,0,0,4.290459441148391,8.33775665141873,2.0794415416798357,3.332204510175204,0.09722222222222222,0.09278173345096627,6.415096959171596,1.8969222823803258,False,False,True,False,False,False
6.8393549963377245,83.33333333333334,41763.20315581854,0,0,0,0,0,0,0,6.669498089857879,10.354711811512182,2.3978952727983707,3.970291913552122,0.012706480304955527,0.012626430372811755,8.174702882469461,2.0644946046636603,False,False,False,False,False,True
6.679564955650962,0.0,10412.863802559415,0,0,0,0,0,0,0,4.343805421853684,9.467993016721636,0.6931471805599453,3.6375861597263857,0.013157894736842105,0.0130720815673527,7.691200097522863,1.9906184714459416,True,False,False,False,False,False
5.558589488847307,0.0,41763.20315581854,0,0,0,0,0,0,0,4.941642422609304,5.858417164315927,2.0794415416798357,3.295836866004329,0.050359712230215826,0.04913268857764459,8.174702882469461,2.0644946046636603,False,False,False,False,False,True
6.5004185244497705,62.96296296296296,7640.563613231552,0,0,0,0,0,0,0,7.69484807238461,9.91128039696677,1.791759469228055,3.8501476017100584,0.002276867030965392,0.002274278897040438,7.360739903058278,2.0186487050933315,False,False,False,False,True,False
6.817531173385809,78.71536523929471,6112.369742419302,0,0,0,0,0,0,0,10.133408088129361,10.447580971721933,0.6931471805599453,3.7612001156935624,3.973141563033891e-05,3.973062635861813e-05,8.028781162487148,1.9991152142115904,False,False,False,True,False,False
6.837738345581713,0.0,41763.20315581854,0,0,0,0,0,0,0,4.74493212836325,10.106203670125442,3.2188758248682006,3.332204510175204,0.21052631578947367,0.19105523676270922,8.174702882469461,2.0644946046636603,False,False,False,False,False,True
6.585959140352191,68.18181818181817,6112.369742419302,0,0,0,0,0,0,0,7.691656822810547,10.097900223963292,1.0986122886681098,3.044522437723423,0.0009136592051164915,0.0009132420726035257,8.028781162487148,1.9991152142115904,False,False,False,True,False,False
6.761709714305822,66.66666666666666,10412.863802559415,0,0,0,0,0,0,0,5.700443573390687,10.228013343497748,0.6931471805599453,2.3978952727983707,0.003355704697986577,0.003350086885282027,7.691200097522863,1.9906184714459416,True,False,False,False,False,False
6.880588822412662,78.93258426966293,41763.20315581854,0,0,0,0,0,0,0,9.793728488543389,10.494525583182014,3.295836866004329,2.8903717578961645,0.0014508928571428572,0.001449841329081539,8.174702882469461,2.0644946046636603,False,False,False,False,False,True
6.829036948424544,0.0,10412.863802559415,0,0,0,0,0,0,0,4.836281906951478,9.778151955140352,0.6931471805599453,2.772588722239781,0.008,0.007968169649176881,7.691200097522863,1.9906184714459416,True,False,False,False,False,False
6.662948251583755,75.0,10412.863802559415,0,0,0,0,0,0,0,5.996452088619021,10.093243666143405,0.6931471805599453,3.7376696182833684,0.0024937655860349127,0.0024906613124518304,7.691200097522863,1.9906184714459416,True,False,False,False,False,False
6.164566264410774,73.68421052631578,6112.369742419302,0,0,0,0,0,0,0,7.215975002651466,8.390577965008806,1.0986122886681098,3.5263605246161616,0.0014705882352941176,0.001469507979359978,8.028781162487148,1.9991152142115904,False,False,False,True,False,False
6.195191110040243,66.66666666666666,6112.369742419302,0,0,0,0,0,0,0,7.99699040583765,7.8686083776014435,1.0986122886681098,3.4965075614664802,0.0006731740154830024,0.0006729475354900949,8.028781162487148,1.9991152142115904,False,False,False,True,False,False
6.26522859704693,0.0,6112.369742419302,0,0,0,0,0,0,0,5.176149732573829,8.33775665141873,0.6931471805599453,3.295836866004329,0.005681818181818182,0.0056657375356773,8.028781162487148,1.9991152142115904,False,False,False,True,False,False
6.490336269696487,0.0,41763.20315581854,0,0,0,0,0,0,0,4.406719247264253,8.81811505604364,3.295836866004329,2.9444389791664403,0.32098765432098764,0.2783796797894675,8.174702882469461,2.0644946046636603,False,False,False,False,False,True
6.830921446176283,82.06521739130434,10412.863802559415,0,0,0,0,0,0,0,9.463275708098129,10.193158907472815,0.6931471805599453,3.044522437723423,7.765783955890347e-05,7.765482434501097e-05,7.691200097522863,1.9906184714459416,True,False,False,False,False,False
6.58558055977916,0.0,6112.369742419302,0,0,0,0,0,0,0,4.442651256490317,9.56895283095515,0.6931471805599453,3.1354942159291497,0.011904761904761904,0.011834457647002798,8.028781162487148,1.9991152142115904,False,False,False,True,False,False
6.490336269696487,0.0,6112.369742419302,0,0,0,0,0,0,0,3.828641396489095,8.81811505604364,0.6931471805599453,2.772588722239781,0.022222222222222223,0.021978906718775167,8.028781162487148,1.9991152142115904,False,False,False,True,False,False
6.853035714105566,72.82229965156795,41763.20315581854,0,0,0,0,0,0,0,8.808369153122275,10.152887359584396,2.6390573296152584,3.5553480614894135,0.0019434893108087904,0.0019416031788476648,8.174702882469461,2.0644946046636603,False,False,False,False,False,True
6.910191281038786,83.92603129445236,41763.20315581854,0,0,0,0,0,0,0,11.293624521373468,10.588704046681432,3.2188758248682006,2.6390573296152584,0.0002988531510329112,0.0002988085033250835,8.174702882469461,2.0644946046636603,False,False,False,False,False,True
6.195191110040243,71.42857142857143,6112.369742419302,0,0,0,0,0,0,0,7.282073658093465,7.8686083776014435,0.6931471805599453,2.6390573296152584,0.0006882312456985547,0.0006879945231818285,8.028781162487148,1.9991152142115904,False,False,False,True,False,False
6.6153351605205115,82.36130867709815,6112.369742419302,0,0,0,0,0,0,0,10.47711894709451,10.047502831282792,1.3862943611198906,2.6390573296152584,8.452370890034655e-05,8.452013697303183e-05,8.028781162487148,1.9991152142115904,False,False,False,True,False,False
6.195191110040243,80.0,6112.369742419302,0,0,0,0,0,0,0,6.075346031088684,7.8686083776014435,1.0986122886681098,2.6390573296152584,0.004608294930875576,0.004597709248629549,8.028781162487148,1.9991152142115904,False,False,False,True,False,False
6.813328166392435,0.0,10412.863802559415,0,0,0,0,0,0,0,5.934894195619588,10.224726821152451,0.6931471805599453,3.4011973816621555,0.002652519893899204,0.0026490081715768625,7.691200097522863,1.9906184714459416,True,False,False,False,False,False
6.822225583639856,84.44180522565321,10412.863802559415,0,0,0,0,0,0,0,11.242257822677576,10.280299502025807,0.6931471805599453,2.9444389791664403,1.3108565136460163e-05,1.3108479219987927e-05,7.691200097522863,1.9906184714459416,True,False,False,False,False,False
6.726465955361014,50.0,10412.863802559415,0,0,0,0,0,0,0,6.90975328164481,10.24608621969221,0.6931471805599453,4.276666119016055,0.000999000999000999,0.0009985023295896,7.691200097522863,1.9906184714459416,True,False,False,False,False,False
6.301036379522414,33.33333333333333,6112.369742419302,0,0,0,0,0,0,0,5.176149732573829,9.344514804630203,1.0986122886681098,3.4965075614664802,0.011363636363636364,0.011299555253933466,8.028781162487148,1.9991152142115904,False,False,False,True,False,False
6.868572948400319,78.62318840579711,10412.863802559415,0,0,0,0,0,0,0,9.09459276343187,10.00003020977695,0.6931471805599453,3.5263605246161616,0.00011228385358185493,0.00011227755022181435,7.691200097522863,1.9906184714459416,True,False,False,False,False,False
6.827850625188941,72.8,41763.20315581854,0,0,0,0,0,0,0,8.112227958349724,9.960021534452826,3.8918202981106265,3.258096538021482,0.014397120575884824,0.0142944661477863,8.174702882469461,2.0644946046636603,False,False,False,False,False,True
6.643862920571972,72.24669603524228,6112.369742419302,0,0,0,0,0,0,0,8.533263371593732,10.039913778624975,1.791759469228055,2.4849066497880004,0.000984251968503937,0.0009837679101327482,8.028781162487148,1.9991152142115904,False,False,False,True,False,False
6.195191110040243,73.44827586206897,6112.369742419302,0,0,0,0,0,0,0,8.940498217652733,7.8686083776014435,1.3862943611198906,3.6375861597263857,0.0003929787791459261,0.0003929015832090544,8.028781162487148,1.9991152142115904,False,False,False,True,False,False
6.834918967411594,73.92638036809815,6112.369742419302,0,0,0,0,0,0,0,9.104312967330653,10.575877569042746,0.6931471805599453,3.6635616461296463,0.00011119759813188036,0.00011119141613719175,8.028781162487148,1.9991152142115904,False,False,False,True,False,False
6.807171356035,0.0,41763.20315581854,0,0,0,0,0,0,0,7.860956364876389,10.170911068937047,1.9459101490553132,3.912023005428146,0.0023139220979560356,0.0023112491028258395,8.174702882469461,2.0644946046636603,False,False,False,False,False,True
6.911383487170326,82.67477203647417,7640.563613231552,0,0,0,0,0,0,0,10.192793306104006,10.572552363136483,2.1972245773362196,2.995732273553991,0.0002995245048485529,0.00029947965633925097,7.360739903058278,2.0186487050933315,False,False,False,False,True,False
6.5004185244497705,100.0,10412.863802559415,0,0,0,0,0,0,0,4.653960350157523,9.91128039696677,0.6931471805599453,2.8903717578961645,0.009615384615384616,0.009569451016150672,7.691200097522863,1.9906184714459416,True,False,False,False,False,False
6.195191110040243,60.0,6112.369742419302,0,0,0,0,0,0,0,5.846438775057725,7.8686083776014435,0.6931471805599453,3.1780538303479458,0.002898550724637681,0.0028943580263645565,8.028781162487148,1.9991152142115904,False,False,False,True,False,False
6.26522859704693,100.0,41763.20315581854,0,0,0,0,0,0,0,4.653960350157523,8.33775665141873,3.295836866004329,2.9444389791664403,0.25,0.22314355131420976,8.174702882469461,2.0644946046636603,False,False,False,False,False,True
6.821835129236781,72.72727272727273,6112.369742419302,0,0,0,0,0,0,0,7.368339686311381,10.294261775374144,1.9459101490553132,2.1972245773362196,0.003787878787878788,0.0037807228399061523,8.028781162487148,1.9991152142115904,False,False,False,True,False,False
6.58558055977916,0.0,10412.863802559415,0,0,0,0,0,0,0,3.8066624897703196,9.56895283095515,0.6931471805599453,3.784189633918261,0.022727272727272728,0.022472855852058576,7.691200097522863,1.9906184714459416,True,False,False,False,False,False
6.805786778839613,83.14969604863222,41763.20315581854,0,0,0,0,0,0,0,12.654325814183553,10.415253130181402,3.2188758248682006,3.1354942159291497,7.66493992603333e-05,7.66464618452275e-05,8.174702882469461,2.0644946046636603,False,False,False,False,False,True
4.9263479368027125,60.0,10412.863802559415,0,0,0,0,0,0,0,5.5909869805108565,8.362349991150289,2.302585092994046,4.2626798770413155,0.033707865168539325,0.03315220731690055,7.691200097522863,1.9906184714459416,True,False,False,False,False,False
6.6819426705842195,50.0,10412.863802559415,0,0,0,0,0,0,0,5.198497031265826,9.837538159759628,0.6931471805599453,2.0794415416798357,0.005555555555555556,0.005540180375615351,7.691200097522863,1.9906184714459416,True,False,False,False,False,False
6.756666247949616,74.24242424242425,6112.369742419302,0,0,0,0,0,0,0,7.528331766707247,10.418346234180893,1.3862943611198906,3.044522437723423,0.0016137708445400753,0.0016124701155683515,8.028781162487148,1.9991152142115904,False,False,False,True,False,False
5.7918085106382975,0.0,6112.369742419302,0,0,0,0,0,0,0,4.04305126783455,7.751630876729169,0.6931471805599453,2.833213344056216,0.017857142857142856,0.017699577099400857,8.028781162487148,1.9991152142115904,False,False,False,True,False,False
6.895006040624961,69.23076923076923,41763.20315581854,0,0,0,0,0,0,0,6.517671272912275,10.223933929526916,3.8501476017100584,3.6888794541139363,0.06804733727810651,0.06583206284986215,8.174702882469461,2.0644946046636603,False,False,False,False,False,True
4.9263479368027125,100.0,10412.863802559415,0,0,0,0,0,0,0,4.31748811353631,8.362349991150289,0.6931471805599453,3.4965075614664802,0.013513513513513514,0.01342302033214077,7.691200097522863,1.9906184714459416,True,False,False,False,False,False
6.22747829422649,65.21739130434783,4092.5737704918033,0,0,0,0,0,0,0,6.638567789166521,8.715280860702519,0.6931471805599453,3.367295829986474,0.001310615989515072,0.00130975788206351,6.415096959171596,1.8969222823803258,False,False,True,False,False,False
5.879225467208256,80.55555555555556,1266.400447427293,0,0,0,0,0,0,0,7.069023426578259,8.024343613012375,0.6931471805599453,2.70805020110221,0.0008517887563884157,0.0008514261902175236,6.104793232414985,1.8852953146630171,False,True,False,False,False,False
6.864375546316985,80.28846153846155,41763.20315581854,0,0,0,0,0,0,0,9.318656515459642,10.665429998761658,2.5649493574615367,3.4965075614664802,0.0010769092703939694,0.001076329819578938,8.174702882469461,2.0644946046636603,False,False,False,False,False,True
6.620949893864058,0.0,10412.863802559415,0,0,0,0,0,0,0,5.0238805208462765,9.820537328349257,0.6931471805599453,4.143134726391533,0.006622516556291391,0.006600684031352093,7.691200097522863,1.9906184714459416,True,False,False,False,False,False
6.5004185244497705,50.0,41763.20315581854,0,0,0,0,0,0,0,4.574710978503383,9.91128039696677,2.6390573296152584,3.1780538303479458,0.13541666666666666,0.12699969076130752,8.174702882469461,2.0644946046636603,False,False,False,False,False,True
6.6626454716813885,83.33333333333334,10412.863802559415,0,0,0,0,0,0,0,6.326149473155099,10.577299406946517,0.6931471805599453,1.6094379124341003,0.0017921146953405018,0.0017905107737882938,7.691200097522863,1.9906184714459416,True,False,False,False,False,False
6.2680555955337915,100.0,1266.400447427293,0,0,0,0,0,0,0,5.926926025970411,9.017138872834964,0.6931471805599453,1.6094379124341003,0.00267379679144385,0.002670228555878892,6.104793232414985,1.8852953146630171,False,True,False,False,False,False
6.429001687383052,71.14427860696517,7640.563613231552,0,0,0,0,0,0,0,9.720105433544852,10.06323526293831,0.6931471805599453,3.295836866004329,6.00672753483902e-05,6.006547138180753e-05,7.360739903058278,2.0186487050933315,False,False,False,False,True,False
6.688211333662519,100.0,10412.863802559415,0,0,0,0,0,0,0,4.804021044733257,10.22834896004197,0.6931471805599453,1.6094379124341003,0.008264462809917356,0.008230499136515444,7.691200097522863,1.9906184714459416,True,False,False,False,False,False
6.7812232788728535,75.53956834532374,6112.369742419302,0,0,0,0,0,0,0,9.753245889205585,10.198059619772755,0.6931471805599453,4.060443010546419,5.8109128944157125e-05,5.8107440674186e-05,8.028781162487148,1.9991152142115904,False,False,False,True,False,False
6.957108251170583,76.03305785123968,10412.863802559415,0,0,0,0,0,0,0,9.526391218478407,10.626264599655654,0.6931471805599453,3.713572066704308,7.290755322251386e-05,7.290489559593806e-05,7.691200097522863,1.9906184714459416,True,False,False,False,False,False
6.819600539348966,72.22222222222221,7640.563613231552,0,0,0,0,0,0,0,8.862625169408922,10.437678023458783,0.6931471805599453,3.58351893845611,0.0001416029453412631,0.00014159292059043747,7.360739903058278,2.0186487050933315,False,False,False,False,True,False
6.6934802647434,60.0,10412.863802559415,0,0,0,0,0,0,0,5.720311776607412,9.704945179459122,0.6931471805599453,2.5649493574615367,0.003289473684210526,0.0032840752011900187,7.691200097522863,1.9906184714459416,True,False,False,False,False,False
6.820555367180653,75.57077625570776,41763.20315581854,0,0,0,0,0,0,0,9.340227632810604,9.945533878754409,2.6390573296152584,3.4965075614664802,0.0011417530300368874,0.0011411017257513178,8.174702882469461,2.0644946046636603,False,False,False,False,False,True
6.432021861785729,0.0,10412.863802559415,0,0,0,0,0,0,0,4.2626798770413155,9.690983240865329,0.6931471805599453,3.044522437723423,0.014285714285714285,0.014184634991956381,7.691200097522863,1.9906184714459416,True,False,False,False,False,False
6.26522859704693,0.0,6112.369742419302,0,0,0,0,0,0,0,4.543294782270004,8.33775665141873,0.6931471805599453,3.4339872044851463,0.010752688172043012,0.01069528911674795,8.028781162487148,1.9991152142115904,False,False,False,True,False,False
6.5004185244497705,85.71428571428571,10412.863802559415,0,0,0,0,0,0,0,5.823045895483019,9.91128039696677,0.6931471805599453,2.8903717578961645,0.002967359050445104,0.0029629651306570487,7.691200097522863,1.9906184714459416,True,False,False,False,False,False
6.786975454264241,72.72108843537414,10412.863802559415,0,0,0,0,0,0,0,10.297858008638679,10.224166822188002,0.6931471805599453,4.02535169073515,3.370635027639207e-05,3.370578223018119e-05,7.691200097522863,1.9906184714459416,True,False,False,False,False,False
6.54547003484183,69.86301369863014,7640.563613231552,0,0,0,0,0,0,0,7.788211557847076,9.49191293713116,0.6931471805599453,2.70805020110221,0.00041476565740356696,0.0004146796659050597,7.360739903058278,2.0186487050933315,False,False,False,False,True,False
6.909654882850925,83.85933273219116,7640.563613231552,0,0,0,0,0,0,0,10.434468682505683,10.43067650511707,0.6931471805599453,3.5553480614894135,2.940225221251948e-05,2.940181997473973e-05,7.360739903058278,2.0186487050933315,False,False,False,False,True,False
6.759981036678705,89.47368421052632,6112.369742419302,0,0,0,0,0,0,0,7.055312843339752,10.04288155251178,0.6931471805599453,3.091042453358316,0.0008635578583765112,0.0008631852068110852,8.028781162487148,1.9991152142115904,False,False,False,True,False,False
5.879225467208256,77.41935483870968,1266.400447427293,0,0,0,0,0,0,0,6.678342114654332,8.024343613012375,0.6931471805599453,3.8918202981106265,0.0012594458438287153,0.0012586534071961062,6.104793232414985,1.8852953146630171,False,True,False,False,False,False
4.9263479368027125,60.0,7640.563613231552,0,0,0,0,0,0,0,4.927253685157205,8.362349991150289,0.6931471805599453,2.772588722239781,0.0072992700729927005,0.007272759329079878,7.360739903058278,2.0186487050933315,False,False,False,False,True,False
6.844614966234576,76.65024630541872,6112.369742419302,0,0,0,0,0,0,0,9.953277217038643,10.253585385671725,2.0794415416798357,3.8918202981106265,0.0003330161750713606,0.0003329607374923904,8.028781162487148,1.9991152142115904,False,False,False,True,False,False
6.5004185244497705,75.1578947368421,7640.563613231552,0,0,0,0,0,0,0,9.128153700988236,9.91128039696677,3.332204510175204,2.8903717578961645,0.0029315960912052116,0.0029273073432576255,7.360739903058278,2.0186487050933315,False,False,False,False,True,False
6.5004185244497705,0.0,6112.369742419302,0,0,0,0,0,0,0,3.970291913552122,9.91128039696677,1.9459101490553132,2.70805020110221,0.11538461538461539,0.109199291964992,8.028781162487148,1.9991152142115904,False,False,False,True,False,False
6.697640144872388,0.0,41763.20315581854,0,0,0,0,0,0,0,4.634728988229636,9.913599820423633,3.970291913552122,2.5649493574615367,0.5098039215686274,0.41197978912935806,8.174702882469461,2.0644946046636603,False,False,False,False,False,True
6.22747829422649,80.0,6112.369742419302,0,0,0,0,0,0,0,6.075346031088684,8.715280860702519,0.6931471805599453,2.8903717578961645,0.002304147465437788,0.0023014969882791674,8.028781162487148,1.9991152142115904,False,False,False,True,False,False
5.7918085106382975,0.0,41763.20315581854,0,0,0,0,0,0,0,4.6443908991413725,7.751630876729169,3.9318256327243257,2.70805020110221,0.4854368932038835,0.3957089331627997,8.174702882469461,2.0644946046636603,False,False,False,False,False,True
6.871679492982944,75.82417582417582,7640.563613231552,0,0,0,0,0,0,0,9.823848929875911,10.612949365748726,0.6931471805599453,2.3978952727983707,5.4147714966428416e-05,5.414624903187902e-05,7.360739903058278,2.0186487050933315,False,False,False,False,True,False
6.241442385702294,65.45454545454545,7640.563613231552,0,0,0,0,0,0,0,7.829232537543592,9.194091527769046,0.6931471805599453,3.1354942159291497,0.0003980891719745223,0.0003980099555029523,7.360739903058278,2.0186487050933315,False,False,False,False,True,False
5.879225467208256,100.0,1266.400447427293,0,0,0,0,0,0,0,4.31748811353631,8.024343613012375,0.6931471805599453,2.995732273553991,0.013513513513513514,0.01342302033214077,6.104793232414985,1.8852953146630171,False,True,False,False,False,False
6.5004185244497705,66.66666666666666,41763.20315581854,0,0,0,0,0,0,0,5.0369526024136295,9.91128039696677,6.914730892718563,3.091042453358316,6.57516339869281,2.0248749219473163,8.174702882469461,2.0644946046636603,False,False,False,False,False,True
6.662948251583755,0.0,4092.5737704918033,0,0,0,0,0,0,0,3.912023005428146,10.093243666143405,2.5933276030091386,3.044522437723423,0.25253472802271937,0.22516928055674457,6.415096959171596,1.8969222823803258,False,False,True,False,False,False
6.728879252982257,90.0,6112.369742419302,0,0,0,0,0,0,0,7.83241092718792,10.092995148114731,1.6094379124341003,1.9459101490553132,0.0015873015873015873,0.0015860431556347797,8.028781162487148,1.9991152142115904,False,False,False,True,False,False
6.764465840959698,50.0,10412.863802559415,0,0,0,0,0,0,0,5.170483995038151,10.329557543516108,0.6931471805599453,4.04305126783455,0.005714285714285714,0.005698021114637796,7.691200097522863,1.9906184714459416,True,False,False,False,False,False
6.894164257864038,74.0,10412.863802559415,0,0,0,0,0,0,0,8.247743887225516,10.424283202600682,0.6931471805599453,3.4965075614664802,0.00026191723415400735,0.00026188293982330995,7.691200097522863,1.9906184714459416,True,False,False,False,False,False
5.928305399625769,0.0,1266.400447427293,0,0,0,0,0,0,0,3.295836866004329,9.555644917242555,0.6931471805599453,2.1972245773362196,0.038461538461538464,0.03774032798284711,6.104793232414985,1.8852953146630171,False,True,False,False,False,False
6.723823326708267,80.13468013468014,6112.369742419302,0,0,0,0,0,0,0,10.787936678554125,10.08673262684853,0.6931471805599453,3.1780538303479458,2.0647505781301617e-05,2.06472926245326e-05,8.028781162487148,1.9991152142115904,False,False,False,True,False,False
7.000843749434601,85.3071948261924,41763.20315581854,0,0,0,0,0,0,0,11.885199114054824,10.987520938924284,2.5649493574615367,2.5649493574615367,8.270044520406334e-05,8.269702571068522e-05,8.174702882469461,2.0644946046636603,False,False,False,False,False,True
6.805620481676584,73.96449704142012,7640.563613231552,0,0,0,0,0,0,0,8.302017809751204,10.075669453457795,0.6931471805599453,3.1780538303479458,0.00024807740014884643,0.0002480466340386743,7.360739903058278,2.0186487050933315,False,False,False,False,True,False
6.662948251583755,0.0,41763.20315581854,0,0,0,0,0,0,0,4.727387818712341,10.093243666143405,3.784189633918261,2.5649493574615367,0.38392857142857145,0.32492624562415207,8.174702882469461,2.0644946046636603,False,False,False,False,False,True
6.7842301997157435,56.666666666666664,7640.563613231552,0,0,0,0,0,0,0,6.900730664045173,10.055566237327685,0.6931471805599453,3.1780538303479458,0.0010080645161290322,0.0010075567602997706,7.360739903058278,2.0186487050933315,False,False,False,False,True,False
6.548792989998894,0.0,6112.369742419302,0,0,0,0,0,0,0,3.6109179126442243,9.223228522439266,0.6931471805599453,2.8903717578961645,0.027777777777777776,0.027398974188114347,8.028781162487148,1.9991152142115904,False,False,False,True,False,False
6.510263751421897,77.48387096774194,7640.563613231552,0,0,0,0,0,0,0,10.213249070130788,9.93043086016947,1.6094379124341003,3.295836866004329,0.00014672976046366603,0.0001467189967051865,7.360739903058278,2.0186487050933315,False,False,False,False,True,False
6.195191110040243,57.534246575342465,6112.369742419302,0,0,0,0,0,0,0,7.904334842085095,7.8686083776014435,1.3862943611198906,2.5649493574615367,0.0011078286558345643,0.0011072154664999356,8.028781162487148,1.9991152142115904,False,False,False,True,False,False
6.84582189119633,0.0,6112.369742419302,0,0,0,0,0,0,0,5.056245805348308,10.239989615561218,0.6931471805599453,3.9512437185814275,0.00641025641025641,0.006389798098770988,8.028781162487148,1.9991152142115904,False,False,False,True,False,False
6.22747829422649,77.77777777777779,10412.863802559415,0,0,0,0,0,0,0,5.247024072160486,8.715280860702519,0.6931471805599453,1.791759469228055,0.005291005291005291,0.005277057100843819,7.691200097522863,1.9906184714459416,True,False,False,False,False,False
6.815973161881278,80.12618296529969,41763.20315581854,0,0,0,0,0,0,0,10.239138023028598,10.215329984805344,3.295836866004329,3.091042453358316,0.0009293680297397769,0.0009289364346588147,8.174702882469461,2.0644946046636603,False,False,False,False,False,True
6.860330960269029,0.0,41763.20315581854,0,0,0,0,0,0,0,10.567875111424648,10.330800524775379,2.6390573296152584,3.091042453358316,0.0003344911874437154,0.00033443525773807346,8.174702882469461,2.0644946046636603,False,False,False,False,False,True
6.790816964622494,73.63636363636363,7640.563613231552,0,0,0,0,0,0,0,7.690743163541872,10.438481002726643,1.0986122886681098,3.5263605246161616,0.0009144947416552355,0.0009140768460951449,7.360739903058278,2.0186487050933315,False,False,False,False,True,False
6.195191110040243,65.78947368421053,6112.369742419302,0,0,0,0,0,0,0,7.603897968521881,7.8686083776014435,0.6931471805599453,2.9444389791664403,0.0004987531172069825,0.0004986287812112266,8.028781162487148,1.9991152142115904,False,False,False,True,False,False
6.801279969075106,74.60317460317461,7640.563613231552,0,0,0,0,0,0,0,7.553286605600419,10.323930083446934,0.6931471805599453,3.4657359027997265,0.0005246589716684155,0.0005245213862715416,7.360739903058278,2.0186487050933315,False,False,False,False,True,False
6.788310729601363,68.75,41763.20315581854,0,0,0,0,0,0,0,7.160069207596127,9.914078482087426,3.970291913552122,3.4339872044851463,0.04043545878693624,0.03963933589060904,8.174702882469461,2.0644946046636603,False,False,False,False,False,True
6.895976464352848,80.0,6112.369742419302,0,0,0,0,0,0,0,6.111467339502679,10.577136109628901,0.6931471805599453,2.70805020110221,0.0022222222222222222,0.00221975673831281,8.028781162487148,1.9991152142115904,False,False,False,True,False,False
6.5004185244497705,100.0,4092.5737704918033,0,0,0,0,0,0,0,4.442651256490317,9.91128039696677,1.791759469228055,2.6390573296152584,0.05952380952380952,0.057819570888826236,6.415096959171596,1.8969222823803258,False,False,True,False,False,False
6.265461606140655,80.0,1266.400447427293,0,0,0,0,0,0,0,5.087596335232384,9.321531227117486,0.6931471805599453,2.833213344056216,0.006211180124223602,0.00619197024792098,6.104793232414985,1.8852953146630171,False,True,False,False,False,False
5.558589488847307,100.0,10412.863802559415,0,0,0,0,0,0,0,4.762173934797756,5.858417164315927,0.6931471805599453,2.70805020110221,0.008620689655172414,0.008583743691391435,7.691200097522863,1.9906184714459416,True,False,False,False,False,False
6.82373534428293,80.3486529318542,41763.20315581854,0,0,0,0,0,0,0,10.313840694717069,10.394897993142768,2.5649493574615367,2.995732273553991,0.00039806276122868704,0.00039798355526643946,8.174702882469461,2.0644946046636603,False,False,False,False,False,True
6.677693639525605,77.5,41763.20315581854,0,0,0,0,0,0,0,6.687108607866515,9.328032216867232,3.295836866004329,3.4339872044851463,0.03245942571785269,0.03194374795533217,8.174702882469461,2.0644946046636603,False,False,False,False,False,True
6.737086385783746,68.42105263157895,4092.5737704918033,0,0,0,0,0,0,0,6.814542897259958,10.860135486237004,0.6931471805599453,2.8903717578961645,0.001098901098901099,0.001098297749062592,6.415096959171596,1.8969222823803258,False,False,True,False,False,False
6.5004185244497705,0.0,10412.863802559415,0,0,0,0,0,0,0,3.58351893845611,9.91128039696677,0.6931471805599453,2.1972245773362196,0.02857142857142857,0.028170876966696224,7.691200097522863,1.9906184714459416,True,False,False,False,False,False
6.671140218499566,0.0,41763.20315581854,0,0,0,0,0,0,0,4.663439094112067,9.763111410243045,3.9512437185814275,2.302585092994046,0.4857142857142857,0.3958956570920137,8.174702882469461,2.0644946046636603,False,False,False,False,False,True
6.9160083847587,72.16642754662841,6112.369742419302,0,0,0,0,0,0,0,9.52032195192273,10.258307605633988,0.6931471805599453,3.1354942159291497,7.335142668524903e-05,7.334873660094597e-05,8.028781162487148,1.9991152142115904,False,False,False,True,False,False
6.513833199933685,0.0,4092.5737704918033,0,0,0,0,0,0,0,4.0943445622221,9.14594022971754,0.6931471805599453,3.295836866004329,0.01694915254237288,0.01680711831638119,6.415096959171596,1.8969222823803258,False,False,True,False,False,False
6.893698780940906,71.66666666666667,10412.863802559415,0,0,0,0,0,0,0,7.764296006450518,10.204116640108973,0.6931471805599453,3.6888794541139363,0.0004248088360237893,0.00042471863029600087,7.691200097522863,1.9906184714459416,True,False,False,False,False,False
6.87510785201077,77.77777777777779,41763.20315581854,0,0,0,0,0,0,0,10.692172159805137,10.583734086810797,3.295836866004329,2.1972245773362196,0.0005907882478583926,0.0005906138011854867,8.174702882469461,2.0644946046636603,False,False,False,False,False,True
6.613267444356878,81.11011638316921,41763.20315581854,0,0,0,0,0,0,0,10.932714035385844,9.70567747365114,2.6390573296152584,2.833213344056216,0.00023223824070600426,0.00023221127758033726,8.174702882469461,2.0644946046636603,False,False,False,False,False,True
6.999830127256439,82.07934336525308,41763.20315581854,0,0,0,0,0,0,0,11.924193702305343,10.771990152842433,3.2188758248682006,2.1972245773362196,0.00015907524258974495,0.00015906259146496816,8.174702882469461,2.0644946046636603,False,False,False,False,False,True
6.829036948424544,0.0,10412.863802559415,0,0,0,0,0,0,0,4.867534450455582,9.778151955140352,0.6931471805599453,2.8903717578961645,0.007751937984496124,0.0077220460939103185,7.691200097522863,1.9906184714459416,True,False,False,False,False,False
5.7918085106382975,33.33333333333333,41763.20315581854,0,0,0,0,0,0,0,5.37989735354046,7.751630876729169,3.970291913552122,3.091042453358316,0.24074074074074073,0.21570857282669165,8.174702882469461,2.0644946046636603,False,False,False,False,False,True
5.558589488847307,60.0,10412.863802559415,0,0,0,0,0,0,0,5.545177444479562,5.858417164315927,0.6931471805599453,2.6390573296152584,0.00392156862745098,0.003913899321136315,7.691200097522863,1.9906184714459416,True,False,False,False,False,False
6.5004185244497705,0.0,6112.369742419302,0,0,0,0,0,0,0,4.653960350157523,9.91128039696677,1.0986122886681098,3.044522437723423,0.019230769230769232,0.01904819497069441,8.028781162487148,1.9991152142115904,False,False,False,True,False,False
6.666474874898554,52.83018867924528,7640.563613231552,0,0,0,0,0,0,0,8.043020885298283,10.107563439479907,0.6931471805599453,4.060443010546419,0.0003214400514304082,0.00032138840064521414,7.360739903058278,2.0186487050933315,False,False,False,False,True,False
6.873641596354956,81.81818181818183,6112.369742419302,0,0,0,0,0,0,0,10.71056591543671,10.56033257357882,1.6094379124341003,3.332204510175204,8.923392673894615e-05,8.92299456288652e-05,8.028781162487148,1.9991152142115904,False,False,False,True,False,False
6.804073199368591,75.45787545787546,7640.563613231552,0,0,0,0,0,0,0,9.156412029950626,10.6056345042043,0.6931471805599453,3.7612001156935624,0.00010555203715431708,0.00010554646692992143,7.360739903058278,2.0186487050933315,False,False,False,False,True,False
6.6713729887351505,57.14285714285714,4092.5737704918033,0,0,0,0,0,0,0,5.407171771460119,9.890268636636637,0.6931471805599453,2.833213344056216,0.0045045045045045045,0.004494389587839267,6.415096959171596,1.8969222823803258,False,False,True,False,False,False
6.8569287506609085,66.66666666666666,41763.20315581854,0,0,0,0,0,0,0,5.241747015059643,10.407710774519117,3.970291913552122,3.4011973816621555,0.2765957446808511,0.24419696051204215,8.174702882469461,2.0644946046636603,False,False,False,False,False,True
6.795116253480846,83.22316650928549,41763.20315581854,0,0,0,0,0,0,0,11.464186799474717,10.205608343832958,2.5649493574615367,3.091042453358316,0.0001259948342117973,0.00012598689752935186,8.174702882469461,2.0644946046636603,False,False,False,False,False,True
6.77960349153899,0.0,10412.863802559415,0,0,0,0,0,0,0,4.584967478670572,10.364469387895442,0.6931471805599453,3.044522437723423,0.010309278350515464,0.010256500167189061,7.691200097522863,1.9906184714459416,True,False,False,False,False,False
6.22747829422649,40.0,41763.20315581854,0,0,0,0,0,0,0,5.53338948872752,8.715280860702519,2.6390573296152584,2.3978952727983707,0.051587301587301584,0.05030073847479894,8.174702882469461,2.0644946046636603,False,False,False,False,False,True
4.9263479368027125,54.385964912280706,10412.863802559415,0,0,0,0,0,0,0,8.141481041457421,8.362349991150289,0.6931471805599453,2.5649493574615367,0.00029129041654529564,0.0002912479997287871,7.691200097522863,1.9906184714459416,True,False,False,False,False,False
6.789630233288598,72.72727272727273,41763.20315581854,0,0,0,0,0,0,0,5.545177444479562,10.319365966602142,3.9512437185814275,2.302585092994046,0.2,0.1823215567939546,8.174702882469461,2.0644946046636603,False,False,False,False,False,True
6.671140218499566,100.0,7640.563613231552,0,0,0,0,0,0,0,3.7376696182833684,9.763111410243045,1.3862943611198906,3.2188758248682006,0.07317073170731707,0.07061756721395342,7.360739903058278,2.0186487050933315,False,False,False,False,True,False
6.195191110040243,72.22222222222221,6112.369742419302,0,0,0,0,0,0,0,6.790097235513905,7.8686083776014435,1.0986122886681098,3.258096538021482,0.0022522522522522522,0.002249719734015546,8.028781162487148,1.9991152142115904,False,False,False,True,False,False
6.726881389735055,82.77027027027027,7640.563613231552,0,0,0,0,0,0,0,8.607764889600624,9.920300326844044,1.3862943611198906,3.4339872044851463,0.0005481454412570802,0.0005479952644213045,7.360739903058278,2.0186487050933315,False,False,False,False,True,False
6.6657177823299945,46.666666666666664,7640.563613231552,0,0,0,0,0,0,0,6.403574197934815,9.937663191583683,1.3862943611198906,3.1780538303479458,0.004975124378109453,0.004962789342129097,7.360739903058278,2.0186487050933315,False,False,False,False,True,False
5.659166666666667,100.0,10412.863802559415,0,0,0,0,0,0,0,6.752270376141742,6.188948351641614,0.6931471805599453,2.5649493574615367,0.0011695906432748538,0.0011689072049819618,7.691200097522863,1.9906184714459416,True,False,False,False,False,False
6.792397910320175,75.0,41763.20315581854,0,0,0,0,0,0,0,5.75890177387728,9.94267825774093,3.295836866004329,2.772588722239781,0.08227848101265822,0.07906852347569303,8.174702882469461,2.0644946046636603,False,False,False,False,False,True
5.879225467208256,100.0,1266.400447427293,0,0,0,0,0,0,0,4.442651256490317,8.024343613012375,0.6931471805599453,2.8903717578961645,0.011904761904761904,0.011834457647002798,6.104793232414985,1.8852953146630171,False,True,False,False,False,False
6.685766793947192,80.0,41763.20315581854,0,0,0,0,0,0,0,5.438079308923196,9.615449014518639,3.295836866004329,3.258096538021482,0.11353711790393013,0.10754154160418654,8.174702882469461,2.0644946046636603,False,False,False,False,False,True
6.535424356044026,72.3404255319149,6112.369742419302,0,0,0,0,0,0,0,7.969011781106478,10.072263834319271,1.0986122886681098,3.9512437185814275,0.0006922810661128419,0.0006920415501107148,8.028781162487148,1.9991152142115904,False,False,False,True,False,False
6.816742595707507,76.51775486827033,6112.369742419302,0,0,0,0,0,0,0,10.26210560741145,10.440375624130201,0.6931471805599453,3.713572066704308,3.493327744008943e-05,3.493266728735904e-05,8.028781162487148,1.9991152142115904,False,False,False,True,False,False
6.864516828268249,75.14450867052022,6112.369742419302,0,0,0,0,0,0,0,9.462887373659635,10.567330761350604,1.3862943611198906,3.1780538303479458,0.00023306401491609695,0.00023303685971784446,8.028781162487148,1.9991152142115904,False,False,False,True,False,False
6.721357126733849,82.64150943396227,6112.369742419302,0,0,0,0,0,0,0,8.664750755773852,10.18364621482724,0.6931471805599453,3.6375861597263857,0.00017259233690024162,0.0001725774445563902,8.028781162487148,1.9991152142115904,False,False,False,True,False,False
6.882238498533699,63.1578947368421,41763.20315581854,0,0,0,0,0,0,0,6.610696044717759,10.162753433877903,3.9318256327243257,3.1354942159291497,0.0673854447439353,0.06521214864704536,8.174702882469461,2.0644946046636603,False,False,False,False,False,True
6.856081241437622,82.9418472063854,41763.20315581854,0,0,0,0,0,0,0,12.663823388826183,10.305125765654724,5.0369526024136295,2.4849066497880004,0.000484020980569563,0.00048390388019933946,8.174702882469461,2.0644946046636603,False,False,False,False,False,True
6.688025313988094,0.0,41763.20315581854,0,0,0,0,0,0,0,5.093750200806762,10.181095086660706,3.4965075614664802,4.060443010546419,0.19753086419753085,0.18026182383094405,8.174702882469461,2.0644946046636603,False,False,False,False,False,True
5.775788441476067,66.66666666666666,1266.400447427293,0,0,0,0,0,0,0,4.634728988229636,8.653460843742746,0.6931471805599453,2.6390573296152584,0.00980392156862745,0.009756174945364656,6.104793232414985,1.8852953146630171,False,True,False,False,False,False
6.7531871272138275,76.06837606837607,7640.563613231552,0,0,0,0,0,0,0,7.97349996402463,10.3120155564934,1.9459101490553132,2.8903717578961645,0.002067539627842867,0.0020654052092768578,7.360739903058278,2.0186487050933315,False,False,False,False,True,False
6.548792989998894,100.0,6112.369742419302,0,0,0,0,0,0,0,4.007333185232471,9.223228522439266,0.6931471805599453,2.8903717578961645,0.018518518518518517,0.018349138668196617,8.028781162487148,1.9991152142115904,False,False,False,True,False,False
6.827850625188941,62.5,10412.863802559415,0,0,0,0,0,0,0,6.16541785423142,9.960021534452826,0.6931471805599453,2.995732273553991,0.002105263157894737,0.00210305019677889,7.691200097522863,1.9906184714459416,True,False,False,False,False,False
5.775788441476067,0.0,1266.400447427293,0,0,0,0,0,0,0,4.23410650459726,8.653460843742746,0.6931471805599453,2.9444389791664403,0.014705882352941176,0.014598799421152631,6.104793232414985,1.8852953146630171,False,True,False,False,False,False
6.877926778715913,75.6578947368421,41763.20315581854,0,0,0,0,0,0,0,8.656433258507741,10.265575666830216,4.532599493153256,2.3978952727983707,0.016011138183083886,0.01588431187482518,8.174702882469461,2.0644946046636603,False,False,False,False,False,True
5.7918085106382975,66.66666666666666,10412.863802559415,0,0,0,0,0,0,0,6.150602768446279,7.751630876729169,0.6931471805599453,1.9459101490553132,0.002136752136752137,0.0021344725286326196,7.691200097522863,1.9906184714459416,True,False,False,False,False,False
6.12808909241728,100.0,7640.563613231552,0,0,0,0,0,0,0,4.219507705176107,9.087549935855485,0.6931471805599453,2.4849066497880004,0.014925373134328358,0.014815085785140682,7.360739903058278,2.0186487050933315,False,False,False,False,True,False
6.786000370687271,73.91304347826086,41763.20315581854,0,0,0,0,0,0,0,7.202661196523238,9.939591632397473,3.295836866004329,3.091042453358316,0.019374068554396422,0.01918878065086863,8.174702882469461,2.0644946046636603,False,False,False,False,False,True
6.759777776037483,78.37837837837837,41763.20315581854,0,0,0,0,0,0,0,7.409136443920128,9.467064150185598,4.700480365792417,2.8903717578961645,0.06606060606060606,0.06397017784293196,8.174702882469461,2.0644946046636603,False,False,False,False,False,True
6.631987024818271,66.66666666666666,6112.369742419302,0,0,0,0,0,0,0,6.505784060128229,10.350795235482899,0.6931471805599453,3.1780538303479458,0.0014970059880239522,0.001495886591582708,8.028781162487148,1.9991152142115904,False,False,False,True,False,False
6.5004185244497705,62.5,41763.20315581854,0,0,0,0,0,0,0,7.080026499922591,9.91128039696677,2.6390573296152584,3.8501476017100584,0.010951979780960405,0.010892441166423536,8.174702882469461,2.0644946046636603,False,False,False,False,False,True
6.744173990661228,0.0,6112.369742419302,0,0,0,0,0,0,0,5.170483995038151,10.26872521065149,1.6094379124341003,3.912023005428146,0.022857142857142857,0.022599831917240992,8.028781162487148,1.9991152142115904,False,False,False,True,False,False
5.7918085106382975,82.92682926829268,6112.369742419302,0,0,0,0,0,0,0,7.9355873855892,7.751630876729169,0.6931471805599453,2.302585092994046,0.00035790980672870435,0.0003578457722924877,8.028781162487148,1.9991152142115904,False,False,False,True,False,False
6.9991527367920785,53.2258064516129,7640.563613231552,0,0,0,0,0,0,0,7.908019444632471,10.282811046385305,0.6931471805599453,3.4965075614664802,0.0003679175864606328,0.0003678499213816571,7.360739903058278,2.0186487050933315,False,False,False,False,True,False
6.289007148338809,0.0,6112.369742419302,0,0,0,0,0,0,0,3.044522437723423,7.921587131345857,0.6931471805599453,3.6109179126442243,0.05,0.04879016416943204,8.028781162487148,1.9991152142115904,False,False,False,True,False,False
5.879225467208256,0.0,6112.369742419302,0,0,0,0,0,0,0,6.966967138613983,8.024343613012375,1.791759469228055,2.3978952727983707,0.0047169811320754715,0.004705891037412714,8.028781162487148,1.9991152142115904,False,False,False,True,False,False
6.446087560798237,0.0,41763.20315581854,0,0,0,0,0,0,0,3.828641396489095,8.975054833104538,3.295836866004329,2.70805020110221,0.5777777777777777,0.4560173872709956,8.174702882469461,2.0644946046636603,False,False,False,False,False,True
6.755039400968009,85.29411764705883,10412.863802559415,0,0,0,0,0,0,0,6.959398512133975,10.247191551804496,0.6931471805599453,3.044522437723423,0.0009505703422053232,0.0009501188363202567,7.691200097522863,1.9906184714459416,True,False,False,False,False,False
6.751585809121671,44.44444444444444,41763.20315581854,0,0,0,0,0,0,0,5.652489180268651,9.88965981250502,3.6888794541139363,2.70805020110221,0.13732394366197184,0.12867808506145043,8.174702882469461,2.0644946046636603,False,False,False,False,False,True
6.689439508121831,0.0,10412.863802559415,0,0,0,0,0,0,0,4.07753744390572,10.070067321875522,0.6931471805599453,3.295836866004329,0.017241379310344827,0.01709443335930004,7.691200097522863,1.9906184714459416,True,False,False,False,False,False
6.703006296580537,84.0,7640.563613231552,0,0,0,0,0,0,0,7.093404625868766,10.172048866669856,2.6390573296152584,3.784189633918261,0.010806317539484621,0.010748346551433396,7.360739903058278,2.0186487050933315,False,False,False,False,True,False
6.786000370687271,75.0,41763.20315581854,0,0,0,0,0,0,0,7.045776576879511,9.939591632397473,3.6635616461296463,2.70805020110221,0.03312990409764603,0.03259293643986088,8.174702882469461,2.0644946046636603,False,False,False,False,False,True
6.8596621223012715,85.71428571428571,41763.20315581854,0,0,0,0,0,0,0,10.517104394139265,10.219323750347366,3.2188758248682006,2.772588722239781,0.000649684632251428,0.0006494736785547368,8.174702882469461,2.0644946046636603,False,False,False,False,False,True
6.045175999634896,100.0,41763.20315581854,0,0,0,0,0,0,0,5.0106352940962555,7.952065901555757,1.3862943611198906,2.772588722239781,0.020134228187919462,0.01993421490081733,8.174702882469461,2.0644946046636603,False,False,False,False,False,True
6.26522859704693,0.0,6112.369742419302,0,0,0,0,0,0,0,3.7612001156935624,8.33775665141873,0.6931471805599453,3.1780538303479458,0.023809523809523808,0.023530497410194036,8.028781162487148,1.9991152142115904,False,False,False,True,False,False
6.775097268203942,0.0,41763.20315581854,0,0,0,0,0,0,0,5.4116460518550396,10.52081233969628,3.1780538303479458,2.995732273553991,0.1031390134529148,0.09815976447224412,8.174702882469461,2.0644946046636603,False,False,False,False,False,True
6.40169871215857,0.0,41763.20315581854,0,0,0,0,0,0,0,3.8501476017100584,9.324495915651033,2.5649493574615367,3.044522437723423,0.2608695652173913,0.23180161405732438,8.174702882469461,2.0644946046636603,False,False,False,False,False,True
6.195191110040243,54.761904761904766,6112.369742419302,0,0,0,0,0,0,0,7.1770187659099,7.8686083776014435,1.0986122886681098,3.367295829986474,0.0015290519877675841,0.0015278841780531714,8.028781162487148,1.9991152142115904,False,False,False,True,False,False
5.558589488847307,0.0,10412.863802559415,0,0,0,0,0,0,0,3.6375861597263857,5.858417164315927,0.6931471805599453,2.772588722239781,0.02702702702702703,0.026668247082161273,7.691200097522863,1.9906184714459416,True,False,False,False,False,False
6.999107567057773,79.49070887818307,41763.20315581854,0,0,0,0,0,0,0,10.82017820443161,10.612071991227866,2.5649493574615367,3.044522437723423,0.00023990883464283572,0.00023988006112020773,8.174702882469461,2.0644946046636603,False,False,False,False,False,True
6.5004185244497705,66.66666666666666,10412.863802559415,0,0,0,0,0,0,0,5.564520407322694,9.91128039696677,0.6931471805599453,3.1354942159291497,0.0038461538461538464,0.003838776307165667,7.691200097522863,1.9906184714459416,True,False,False,False,False,False
6.224347117248813,76.92307692307693,7640.563613231552,0,0,0,0,0,0,0,6.401917196727186,8.971909507274898,0.6931471805599453,2.8903717578961645,0.0016611295681063123,0.0016597514183644708,7.360739903058278,2.0186487050933315,False,False,False,False,True,False
6.494012152354782,77.77777777777779,1266.400447427293,0,0,0,0,0,0,0,6.342121418721152,10.003184523854106,0.6931471805599453,2.833213344056216,0.001763668430335097,0.0017621149933992233,6.104793232414985,1.8852953146630171,False,True,False,False,False,False
6.8873779809596005,80.41280539174389,6112.369742419302,0,0,0,0,0,0,0,10.618127108434171,10.503088454418865,1.0986122886681098,3.4657359027997265,4.893804443574435e-05,4.893684700870098e-05,8.028781162487148,1.9991152142115904,False,False,False,True,False,False
6.662948251583755,69.04761904761905,7640.563613231552,0,0,0,0,0,0,0,7.418180822726788,10.093243666143405,0.6931471805599453,4.31748811353631,0.0006006006006006006,0.000600420312243718,7.360739903058278,2.0186487050933315,False,False,False,False,True,False
6.782229399472426,81.17647058823529,41763.20315581854,0,0,0,0,0,0,0,9.366061246972958,10.277602276154056,3.970291913552122,3.091042453358316,0.004450530640191715,0.0044406563151859774,8.174702882469461,2.0644946046636603,False,False,False,False,False,True
6.677693639525605,60.0,10412.863802559415,0,0,0,0,0,0,0,6.354370040797351,9.328032216867232,0.6931471805599453,3.4339872044851463,0.0017421602787456446,0.0017406444777841182,7.691200097522863,1.9906184714459416,True,False,False,False,False,False
6.864516828268249,75.65502183406113,7640.563613231552,0,0,0,0,0,0,0,9.74020362461931,10.567330761350604,1.0986122886681098,3.8501476017100584,0.0001177440244907571,0.00011773709320725016,7.360739903058278,2.0186487050933315,False,False,False,False,True,False
6.195191110040243,75.0,6112.369742419302,0,0,0,0,0,0,0,5.703782474656201,7.8686083776014435,0.6931471805599453,3.258096538021482,0.0033444816053511705,0.0033389012655146303,8.028781162487148,1.9991152142115904,False,False,False,True,False,False
6.48976219033308,80.0,10412.863802559415,0,0,0,0,0,0,0,5.3981627015177525,9.485106768895054,0.6931471805599453,3.7612001156935624,0.004545454545454545,0.004535155165391363,7.691200097522863,1.9906184714459416,True,False,False,False,False,False
6.875576816660936,81.48148148148148,41763.20315581854,0,0,0,0,0,0,0,7.510430556378006,10.314039317026975,3.4657359027997265,2.995732273553991,0.016976998904709748,0.016834500197791986,8.174702882469461,2.0644946046636603,False,False,False,False,False,True
6.195191110040243,54.54545454545454,6112.369742419302,0,0,0,0,0,0,0,7.500529485395295,7.8686083776014435,0.6931471805599453,2.9444389791664403,0.0005530973451327434,0.0005529444431732314,8.028781162487148,1.9991152142115904,False,False,False,True,False,False
6.26522859704693,0.0,6112.369742419302,0,0,0,0,0,0,0,4.634728988229636,8.33775665141873,0.6931471805599453,3.6635616461296463,0.00980392156862745,0.009756174945364656,8.028781162487148,1.9991152142115904,False,False,False,True,False,False
6.427976318936198,66.66666666666666,1266.400447427293,0,0,0,0,0,0,0,5.955837369464831,10.106925959869699,0.6931471805599453,3.8918202981106265,0.0025974025974025974,0.002594035177046528,6.104793232414985,1.8852953146630171,False,True,False,False,False,False
6.8472683934994345,82.35637779941577,41763.20315581854,0,0,0,0,0,0,0,12.331056360623258,10.37905824623929,4.174387269895637,2.70805020110221,0.0002824048538334253,0.000282364985088636,8.174702882469461,2.0644946046636603,False,False,False,False,False,True
6.2467029592772985,0.0,4092.5737704918033,0,0,0,0,0,0,0,6.558197802812269,9.657145167764883,2.5933276030091386,3.258096538021482,0.017576991012944958,0.01742430231521087,6.415096959171596,1.8969222823803258,False,False,True,False,False,False
6.855023571108642,77.66159695817491,10412.863802559415,0,0,0,0,0,0,0,10.652660561358601,10.579277778179469,0.6931471805599453,3.9889840465642745,2.3638426626323752e-05,2.3638147243133955e-05,7.691200097522863,1.9906184714459416,True,False,False,False,False,False
6.87869123882592,71.875,7640.563613231552,0,0,0,0,0,0,0,7.288244401020124,10.102764232722187,0.6931471805599453,3.4339872044851463,0.0006839945280437756,0.0006837607104004059,7.360739903058278,2.0186487050933315,False,False,False,False,True,False
6.831725682510775,50.0,6112.369742419302,0,0,0,0,0,0,0,7.232733136177615,10.293546054911756,1.6094379124341003,2.9444389791664403,0.0028922631959508315,0.0028880886500734755,8.028781162487148,1.9991152142115904,False,False,False,True,False,False
6.8504907933765775,81.55002891844997,41763.20315581854,0,0,0,0,0,0,0,10.543233956368958,10.421152796371134,2.5649493574615367,3.367295829986474,0.0003164640417732535,0.0003164139775904085,8.174702882469461,2.0644946046636603,False,False,False,False,False,True
6.749295062077874,53.333333333333336,6112.369742419302,0,0,0,0,0,0,0,6.137727054086234,10.142783532190418,0.6931471805599453,2.8903717578961645,0.0021645021645021645,0.0021621630044953172,8.028781162487148,1.9991152142115904,False,False,False,True,False,False
6.8631784768840625,77.94221282593375,7640.563613231552,0,0,0,0,0,0,0,10.617882394259105,10.277410425108217,0.6931471805599453,3.9318256327243257,2.4475011013754957e-05,2.4474711505463142e-05,7.360739903058278,2.0186487050933315,False,False,False,False,True,False
6.740938861826055,87.36842105263159,6112.369742419302,0,0,0,0,0,0,0,7.862112211662748,9.930926248251016,1.9459101490553132,2.772588722239781,0.0023112480739599386,0.002308581248470025,8.028781162487148,1.9991152142115904,False,False,False,True,False,False
6.831591285719375,78.94736842105263,41763.20315581854,0,0,0,0,0,0,0,10.71163612579058,10.611955766810059,3.258096538021482,3.091042453358316,0.0005571154788964656,0.0005569603476826105,8.174702882469461,2.0644946046636603,False,False,False,False,False,True
6.806439376553833,0.0,10412.863802559415,0,0,0,0,0,0,0,4.663439094112067,10.195563791795378,0.6931471805599453,1.9459101490553132,0.009523809523809525,0.009478743954543739,7.691200097522863,1.9906184714459416,True,False,False,False,False,False
6.799447922681467,0.0,6112.369742419302,0,0,0,0,0,0,0,5.384495062789089,10.401419368506971,1.0986122886681098,2.9444389791664403,0.009216589861751152,0.00917437627604123,8.028781162487148,1.9991152142115904,False,False,False,True,False,False
5.775788441476067,50.0,1266.400447427293,0,0,0,0,0,0,0,4.5217885770490405,8.653460843742746,0.6931471805599453,2.70805020110221,0.01098901098901099,0.01092907053219023,6.104793232414985,1.8852953146630171,False,True,False,False,False,False
6.5004185244497705,16.666666666666664,41763.20315581854,0,0,0,0,0,0,0,7.037905963447182,9.91128039696677,3.9512437185814275,3.258096538021482,0.04481546572934974,0.04384028200450566,8.174702882469461,2.0644946046636603,False,False,False,False,False,True
6.26522859704693,81.69014084507043,10412.863802559415,0,0,0,0,0,0,0,7.70210434005105,8.33775665141873,0.6931471805599453,2.302585092994046,0.0004520795660036166,0.000451977408824306,7.691200097522863,1.9906184714459416,True,False,False,False,False,False
6.294246178584725,75.0,1266.400447427293,0,0,0,0,0,0,0,5.262690188904886,9.41745383320021,0.6931471805599453,1.6094379124341003,0.005208333333333333,0.00519481687710393,6.104793232414985,1.8852953146630171,False,True,False,False,False,False
6.797413472032771,83.15602836879432,41763.20315581854,0,0,0,0,0,0,0,11.010828303768077,10.120686773991647,3.258096538021482,3.713572066704308,0.0004130524576621231,0.0004129671749791601,8.174702882469461,2.0644946046636603,False,False,False,False,False,True
6.5970797128209036,50.0,6112.369742419302,0,0,0,0,0,0,0,4.418840607796598,10.305502616439773,1.0986122886681098,3.6109179126442243,0.024390243902439025,0.024097551579060524,8.028781162487148,1.9991152142115904,False,False,False,True,False,False
6.7320152936240785,77.77777777777779,6112.369742419302,0,0,0,0,0,0,0,6.322565239927284,9.75404198514312,1.3862943611198906,2.70805020110221,0.00539568345323741,0.00538117890451675,8.028781162487148,1.9991152142115904,False,False,False,True,False,False
6.706774600460976,50.0,4092.5737704918033,0,0,0,0,0,0,0,6.304448802421981,9.743448920514988,1.6094379124341003,3.828641396489095,0.007326007326007326,0.007299302481611535,6.415096959171596,1.8969222823803258,False,False,True,False,False,False
6.694310329049049,81.35593220338984,6112.369742419302,0,0,0,0,0,0,0,7.305860032684009,10.693267173515931,0.6931471805599453,3.1354942159291497,0.0006720430107526882,0.0006718172909718648,8.028781162487148,1.9991152142115904,False,False,False,True,False,False
6.904336421330635,66.20689655172414,7640.563613231552,0,0,0,0,0,0,0,8.313116702819253,10.481449793947066,0.6931471805599453,3.912023005428146,0.0002453385672227674,0.00024530847663795585,7.360739903058278,2.0186487050933315,False,False,False,False,True,False
5.775788441476067,0.0,1266.400447427293,0,0,0,0,0,0,0,3.713572066704308,8.653460843742746,0.6931471805599453,2.833213344056216,0.025,0.024692612590371414,6.104793232414985,1.8852953146630171,False,True,False,False,False,False
6.677693639525605,70.96774193548387,41763.20315581854,0,0,0,0,0,0,0,7.561121589530238,9.328032216867232,3.970291913552122,2.995732273553991,0.02706923477355544,0.02670934325405875,8.174702882469461,2.0644946046636603,False,False,False,False,False,True
6.195191110040243,68.88888888888889,6112.369742419302,0,0,0,0,0,0,0,7.091742115095153,7.8686083776014435,1.0986122886681098,2.4849066497880004,0.0016652789342214821,0.00166389389469538,8.028781162487148,1.9991152142115904,False,False,False,True,False,False
6.759224938434093,80.0,6112.369742419302,0,0,0,0,0,0,0,7.52131798019924,9.967730591475465,2.70805020110221,2.833213344056216,0.007583965330444204,0.007555351644449403,8.028781162487148,1.9991152142115904,False,False,False,True,False,False
6.22747829422649,86.14718614718615,10412.863802559415,0,0,0,0,0,0,0,8.782322859397507,8.715280860702519,0.6931471805599453,3.828641396489095,0.00015344483658124905,0.00015343306512642296,7.691200097522863,1.9906184714459416,True,False,False,False,False,False
7.00943938797986,60.24096385542169,10412.863802559415,0,0,0,0,0,0,0,8.60392119492606,10.905546162871463,0.6931471805599453,3.7376696182833684,0.00018341892883345562,0.0001834021096383259,7.691200097522863,1.9906184714459416,True,False,False,False,False,False
6.728879252982257,69.44444444444444,41763.20315581854,0,0,0,0,0,0,0,7.878912912297133,10.092995148114731,3.6888794541139363,3.4339872044851463,0.014772727272727272,0.014664673404246998,8.174702882469461,2.0644946046636603,False,False,False,False,False,True
6.7921340428944,0.0,41763.20315581854,0,0,0,0,0,0,0,9.29182818882245,10.36953170501716,2.5649493574615367,3.4339872044851463,0.0011061946902654867,0.0011055833077496541,8.174702882469461,2.0644946046636603,False,False,False,False,False,True
5.879225467208256,66.66666666666666,1266.400447427293,0,0,0,0,0,0,0,6.154858094016418,8.024343613012375,0.6931471805599453,2.0794415416798357,0.002127659574468085,0.0021253993123135366,6.104793232414985,1.8852953146630171,False,True,False,False,False,False
6.986566619948185,79.47912818618397,6112.369742419302,0,0,0,0,0,0,0,11.817501526964977,10.787688311047619,0.6931471805599453,2.9444389791664403,7.374413734108138e-06,7.374386543251682e-06,8.028781162487148,1.9991152142115904,False,False,False,True,False,False
6.898640416651605,0.0,7640.563613231552,0,0,0,0,0,0,0,4.983606621708336,9.989779034252113,0.6931471805599453,3.828641396489095,0.006896551724137931,0.0068728792877620504,7.360739903058278,2.0186487050933315,False,False,False,False,True,False
6.778371967850202,70.88607594936708,4092.5737704918033,0,0,0,0,0,0,0,8.820256365906321,10.44611879933651,2.302585092994046,2.9444389791664403,0.0013295907815039148,0.0013287076583889533,6.415096959171596,1.8969222823803258,False,False,True,False,False,False
6.772442409641736,77.0879294043492,6112.369742419302,0,0,0,0,0,0,0,11.331667342529471,10.315113955906533,1.791759469228055,2.70805020110221,5.9936946332458254e-05,5.9935150185552716e-05,8.028781162487148,1.9991152142115904,False,False,False,True,False,False
6.26522859704693,0.0,6112.369742419302,0,0,0,0,0,0,0,4.219507705176107,8.33775665141873,0.6931471805599453,3.784189633918261,0.014925373134328358,0.014815085785140682,8.028781162487148,1.9991152142115904,False,False,False,True,False,False
6.920438352090152,77.7190332326284,7640.563613231552,0,0,0,0,0,0,0,10.184975480824582,10.57831309011288,0.6931471805599453,3.713572066704308,3.773442511603336e-05,3.773371319061038e-05,7.360739903058278,2.0186487050933315,False,False,False,False,True,False
6.679139291693264,74.19354838709677,6112.369742419302,0,0,0,0,0,0,0,8.236950048061455,10.342450683620672,0.6931471805599453,2.772588722239781,0.00026476039184537993,0.0002647253489979328,8.028781162487148,1.9991152142115904,False,False,False,True,False,False
5.879225467208256,100.0,1266.400447427293,0,0,0,0,0,0,0,4.6913478822291435,8.024343613012375,0.6931471805599453,3.4339872044851463,0.009259259259259259,0.009216655104924048,6.104793232414985,1.8852953146630171,False,True,False,False,False,False
6.725111232966893,75.0,1266.400447427293,0,0,0,0,0,0,0,6.2166061010848646,10.62771458954711,0.6931471805599453,2.9444389791664403,0.002,0.001998002662673058,6.104793232414985,1.8852953146630171,False,True,False,False,False,False
5.558589488847307,0.0,6112.369742419302,0,0,0,0,0,0,0,4.927253685157205,5.858417164315927,0.6931471805599453,3.6635616461296463,0.0072992700729927005,0.007272759329079878,8.028781162487148,1.9991152142115904,False,False,False,True,False,False
6.195191110040243,69.23076923076923,6112.369742419302,0,0,0,0,0,0,0,8.46779284112111,7.8686083776014435,1.0986122886681098,3.6635616461296463,0.0004203446826397646,0.0004202563625627884,8.028781162487148,1.9991152142115904,False,False,False,True,False,False
5.558589488847307,0.0,41763.20315581854,0,0,0,0,0,0,0,3.4339872044851463,5.858417164315927,3.295836866004329,2.995732273553991,0.8666666666666667,0.6241543090729939,8.174702882469461,2.0644946046636603,False,False,False,False,False,True
6.841277427238577,0.0,41763.20315581854,0,0,0,0,0,0,0,8.336869637284956,10.448213004744183,2.5933276030091386,3.828641396489095,0.002964590721876677,0.002960204988600687,8.174702882469461,2.0644946046636603,False,False,False,False,False,True
6.510263751421897,60.86956521739131,7640.563613231552,0,0,0,0,0,0,0,7.97728198675515,9.93043086016947,2.6390573296152584,3.828641396489095,0.004462753175420529,0.00445282462063493,7.360739903058278,2.0186487050933315,False,False,False,False,True,False
6.827534084814002,74.04580152671755,41763.20315581854,0,0,0,0,0,0,0,8.966228514225776,10.044942704927879,2.6390573296152584,2.70805020110221,0.00165964509128048,0.0016582694022593257,8.174702882469461,2.0644946046636603,False,False,False,False,False,True
6.5004185244497705,0.0,41763.20315581854,0,0,0,0,0,0,0,4.51085950651685,9.91128039696677,4.836281906951478,3.4657359027997265,1.3888888888888888,0.8708283577973978,8.174702882469461,2.0644946046636603,False,False,False,False,False,True
6.635758036799406,81.48148148148148,7640.563613231552,0,0,0,0,0,0,0,7.488293515159428,9.887414115563827,0.6931471805599453,3.295836866004329,0.0005599104143337066,0.0005597537229836532,7.360739903058278,2.0186487050933315,False,False,False,False,True,False
6.26522859704693,0.0,41763.20315581854,0,0,0,0,0,0,0,4.605170185988092,8.33775665141873,3.295836866004329,2.4849066497880004,0.26262626262626265,0.23319388716771114,8.174702882469461,2.0644946046636603,False,False,False,False,False,True
5.928305399625769,84.56375838926175,10412.863802559415,0,0,0,0,0,0,0,9.414994033976548,9.555644917242555,0.6931471805599453,3.1780538303479458,8.149959250203749e-05,8.149627159067738e-05,7.691200097522863,1.9906184714459416,True,False,False,False,False,False
6.62799810652082,77.62896825396825,4092.5737704918033,0,0,0,0,0,0,0,11.073132852412414,9.876168534673917,3.8918202981106265,3.044522437723423,0.0007451564828614009,0.0007448789916104024,6.415096959171596,1.8969222823803258,False,False,True,False,False,False
6.7842301997157435,74.40758293838863,6112.369742419302,0,0,0,0,0,0,0,9.605485747677493,10.055566237327685,1.791759469228055,2.8903717578961645,0.0003368137420006736,0.0003367570329853897,8.028781162487148,1.9991152142115904,False,False,False,True,False,False
6.779782172998328,100.0,6112.369742419302,0,0,0,0,0,0,0,6.202535517187923,10.42324578946821,0.6931471805599453,1.9459101490553132,0.002028397565922921,0.0020263431452324674,8.028781162487148,1.9991152142115904,False,False,False,True,False,False
6.726881389735055,56.00000000000001,41763.20315581854,0,0,0,0,0,0,0,8.308691916838898,9.920300326844044,3.6375861597263857,2.70805020110221,0.009117792015771316,0.009076475901409663,8.174702882469461,2.0644946046636603,False,False,False,False,False,True
6.8784369279498785,83.08152987613992,41763.20315581854,0,0,0,0,0,0,0,12.296502755320919,10.334054544193862,4.553876891600541,3.6888794541139363,0.00042936490535701235,0.0004292727546226626,8.174702882469461,2.0644946046636603,False,False,False,False,False,True
6.756379223895332,85.71428571428571,10412.863802559415,0,0,0,0,0,0,0,6.821107472256465,10.120073395422493,0.6931471805599453,3.9512437185814275,0.001091703056768559,0.001091107582334557,7.691200097522863,1.9906184714459416,True,False,False,False,False,False
6.7547019732313895,80.55555555555556,6112.369742419302,0,0,0,0,0,0,0,9.04981944514108,9.894931129828896,2.0794415416798357,3.1354942159291497,0.0008219821512447158,0.0008216445089275592,8.028781162487148,1.9991152142115904,False,False,False,True,False,False
6.829036948424544,20.0,7640.563613231552,0,0,0,0,0,0,0,5.8522024797744745,9.778151955140352,0.6931471805599453,3.258096538021482,0.002881844380403458,0.0028776998276151956,7.360739903058278,2.0186487050933315,False,False,False,False,True,False
6.756666247949616,73.71794871794873,6112.369742419302,0,0,0,0,0,0,0,8.21851757748959,10.418346234180893,0.6931471805599453,2.302585092994046,0.00026968716289104636,0.00026965080384509224,8.028781162487148,1.9991152142115904,False,False,False,True,False,False
6.045175999634896,0.0,41763.20315581854,0,0,0,0,0,0,0,4.430816798843313,7.952065901555757,2.833213344056216,3.5553480614894135,0.1927710843373494,0.17627924233799197,8.174702882469461,2.0644946046636603,False,False,False,False,False,True
6.853143571207788,74.6268656716418,41763.20315581854,0,0,0,0,0,0,0,7.851271997109883,10.25002538090338,3.258096538021482,3.1780538303479458,0.009735202492211837,0.009688120728812689,8.174702882469461,2.0644946046636603,False,False,False,False,False,True
6.8355523885194005,75.88761963569003,7640.563613231552,0,0,0,0,0,0,0,11.23109291730734,10.692848090619558,1.9459101490553132,3.2188758248682006,7.953445830406023e-05,7.953129560666372e-05,7.360739903058278,2.0186487050933315,False,False,False,False,True,False
7.06303348998008,86.66666666666667,6112.369742419302,0,0,0,0,0,0,0,7.323170717943469,10.755228912947196,0.6931471805599453,2.302585092994046,0.0006605019815059445,0.0006602839460755097,8.028781162487148,1.9991152142115904,False,False,False,True,False,False
6.125684953889958,42.857142857142854,1266.400447427293,0,0,0,0,0,0,0,5.805134968916488,9.489526672366129,0.6931471805599453,3.4339872044851463,0.0030211480362537764,0.0030165935394257273,6.104793232414985,1.8852953146630171,False,True,False,False,False,False
6.787997345234373,81.29198966408269,41763.20315581854,0,0,0,0,0,0,0,11.231371245484562,10.234882798878875,2.5649493574615367,2.8903717578961645,0.0001590246488205672,0.00015901200574145057,8.174702882469461,2.0644946046636603,False,False,False,False,False,True
6.814882238275165,0.0,6112.369742419302,0,0,0,0,0,0,0,4.48863636973214,10.506362816413247,1.0986122886681098,2.3978952727983707,0.022727272727272728,0.022472855852058576,8.028781162487148,1.9991152142115904,False,False,False,True,False,False
6.66391737475365,68.14814814814815,7640.563613231552,0,0,0,0,0,0,0,8.145549631783584,9.799753131264394,0.6931471805599453,3.58351893845611,0.0002901073397156948,0.0002900652667183323,7.360739903058278,2.0186487050933315,False,False,False,False,True,False
6.815735505792911,76.14035087719299,41763.20315581854,0,0,0,0,0,0,0,9.387649386946594,10.073444825078106,3.9512437185814275,3.4657359027997265,0.004271714548957199,0.004262616676171689,8.174702882469461,2.0644946046636603,False,False,False,False,False,True
6.677813824764418,77.27272727272727,41763.20315581854,0,0,0,0,0,0,0,8.395251520610994,10.285024163740255,3.295836866004329,2.5649493574615367,0.005875706214689265,0.005858511573824413,8.174702882469461,2.0644946046636603,False,False,False,False,False,True
6.779935390862401,66.66666666666666,41763.20315581854,0,0,0,0,0,0,0,7.511524648390866,10.184178129625463,4.605170185988092,2.6390573296152584,0.05415754923413567,0.05274191640027114,8.174702882469461,2.0644946046636603,False,False,False,False,False,True
6.821624494858498,100.0,10412.863802559415,0,0,0,0,0,0,0,4.30406509320417,10.144924451566315,0.6931471805599453,2.8903717578961645,0.0136986301369863,0.013605652055778678,7.691200097522863,1.9906184714459416,True,False,False,False,False,False
6.195191110040243,63.26530612244898,6112.369742419302,0,0,0,0,0,0,0,6.956545443151569,7.8686083776014435,1.0986122886681098,2.5649493574615367,0.0019065776930409914,0.001904762480653882,8.028781162487148,1.9991152142115904,False,False,False,True,False,False
6.818400726616806,62.22222222222222,6112.369742419302,0,0,0,0,0,0,0,7.96102146588337,10.419778093245858,1.9459101490553132,4.219507705176107,0.00209351011863224,0.0020913217799977484,8.028781162487148,1.9991152142115904,False,False,False,True,False,False
6.8703620642673275,76.58491439148543,41763.20315581854,0,0,0,0,0,0,0,11.069275507017089,10.696649194221154,2.5649493574615367,2.995732273553991,0.00018700910110958733,0.00018699161708737888,8.174702882469461,2.0644946046636603,False,False,False,False,False,True
6.548792989998894,0.0,6112.369742419302,0,0,0,0,0,0,0,3.9318256327243257,9.223228522439266,0.6931471805599453,3.1354942159291497,0.02,0.01980262729617973,8.028781162487148,1.9991152142115904,False,False,False,True,False,False
5.879225467208256,74.35897435897436,1266.400447427293,0,0,0,0,0,0,0,6.815639990074331,8.024343613012375,0.6931471805599453,2.772588722239781,0.0010976948408342481,0.001097092814373149,6.104793232414985,1.8852953146630171,False,True,False,False,False,False
7.0565046657833825,77.77777777777779,6112.369742419302,0,0,0,0,0,0,0,6.663132695990803,10.656814710913281,1.0986122886681098,4.110873864173311,0.0025575447570332483,0.0025542798050967007,8.028781162487148,1.9991152142115904,False,False,False,True,False,False
6.58558055977916,77.5,10412.863802559415,0,0,0,0,0,0,0,6.551080335043404,9.56895283095515,0.6931471805599453,3.6888794541139363,0.001430615164520744,0.0014295928095943715,7.691200097522863,1.9906184714459416,True,False,False,False,False,False
6.876825967643439,79.15774446823698,41763.20315581854,0,0,0,0,0,0,0,10.470476094800963,10.46680382527731,3.7612001156935624,2.70805020110221,0.001191219014124454,0.0011905100756995186,8.174702882469461,2.0644946046636603,False,False,False,False,False,True
6.195191110040243,73.77049180327869,6112.369742419302,0,0,0,0,0,0,0,8.266421472984554,7.8686083776014435,1.0986122886681098,3.258096538021482,0.0005141388174807198,0.0005140066934037316,8.028781162487148,1.9991152142115904,False,False,False,True,False,False
6.84051898277667,84.88636363636364,41763.20315581854,0,0,0,0,0,0,0,11.663601543928637,10.366698222421915,2.4849066497880004,2.4849066497880004,9.461470312486561e-05,9.461022743616923e-05,8.174702882469461,2.0644946046636603,False,False,False,False,False,True
6.733360508210215,77.51633986928105,41763.20315581854,0,0,0,0,0,0,0,10.118155285369294,10.153781849542582,2.5649493574615367,2.6390573296152584,0.00048410521219945134,0.0004839880710755365,8.174702882469461,2.0644946046636603,False,False,False,False,False,True
6.726881389735055,0.0,4092.5737704918033,0,0,0,0,0,0,0,3.871201010907891,9.920300326844044,3.295836866004329,3.4657359027997265,0.5531914893617021,0.44031183943833263,6.415096959171596,1.8969222823803258,False,False,True,False,False,False
6.195191110040243,69.375,6112.369742419302,0,0,0,0,0,0,0,8.591372589590488,7.8686083776014435,1.0986122886681098,3.4339872044851463,0.0003714710252600297,0.00037140204698048396,8.028781162487148,1.9991152142115904,False,False,False,True,False,False
6.870640752791402,50.0,10412.863802559415,0,0,0,0,0,0,0,5.1298987149230735,10.359880980764,0.6931471805599453,3.295836866004329,0.005952380952380952,0.0059347355198145265,7.691200097522863,1.9906184714459416,True,False,False,False,False,False
6.195191110040243,71.42857142857143,6112.369742419302,0,0,0,0,0,0,0,7.75190533307861,7.8686083776014435,1.0986122886681098,2.5649493574615367,0.0008602150537634409,0.0008598452808351514,8.028781162487148,1.9991152142115904,False,False,False,True,False,False
6.910618758441679,0.0,6112.369742419302,0,0,0,0,0,0,0,5.225746673713202,10.117731162979387,0.6931471805599453,2.772588722239781,0.005405405405405406,0.005390848634876373,8.028781162487148,1.9991152142115904,False,False,False,True,False,False
6.944520199325325,76.08695652173914,7640.563613231552,0,0,0,0,0,0,0,9.972827030614742,10.527536588287306,0.6931471805599453,4.07753744390572,4.665267086540704e-05,4.665158266333909e-05,7.360739903058278,2.0186487050933315,False,False,False,False,True,False
6.800577564758055,82.18643240605174,6112.369742419302,0,0,0,0,0,0,0,10.612114303944459,10.022255881415592,0.6931471805599453,3.5553480614894135,2.4616596509366614e-05,2.4616293525990683e-05,8.028781162487148,1.9991152142115904,False,False,False,True,False,False
6.195191110040243,65.21739130434783,6112.369742419302,0,0,0,0,0,0,0,8.116417072794205,7.8686083776014435,1.0986122886681098,3.4011973816621555,0.0005973715651135006,0.0005971932097462035,8.028781162487148,1.9991152142115904,False,False,False,True,False,False
6.687372496799458,78.57142857142857,1266.400447427293,0,0,0,0,0,0,0,7.23561914106675,10.485222047468794,0.6931471805599453,2.6390573296152584,0.0007209805335255948,0.0007207207519181666,6.104793232414985,1.8852953146630171,False,True,False,False,False,False
6.926108029437993,81.76691729323309,41763.20315581854,0,0,0,0,0,0,0,10.113140513667839,10.374327894143486,3.295836866004329,1.9459101490553132,0.0010541680181641259,0.0010536127732389336,8.174702882469461,2.0644946046636603,False,False,False,False,False,True
6.510263751421897,0.0,41763.20315581854,0,0,0,0,0,0,0,4.356708826689592,9.93043086016947,2.5649493574615367,3.1780538303479458,0.15584415584415584,0.14483094787845605,8.174702882469461,2.0644946046636603,False,False,False,False,False,True
6.548792989998894,0.0,6112.369742419302,0,0,0,0,0,0,0,4.02535169073515,9.223228522439266,0.6931471805599453,3.8918202981106265,0.01818181818181818,0.018018505502678212,8.028781162487148,1.9991152142115904,False,False,False,True,False,False
6.195191110040243,61.111111111111114,6112.369742419302,0,0,0,0,0,0,0,6.606650186198215,7.8686083776014435,1.6094379124341003,3.332204510175204,0.005412719891745603,0.00539812376955731,8.028781162487148,1.9991152142115904,False,False,False,True,False,False
6.195191110040243,33.33333333333333,6112.369742419302,0,0,0,0,0,0,0,5.476463551931511,7.8686083776014435,0.6931471805599453,2.4849066497880004,0.004201680672268907,0.004192878260035958,8.028781162487148,1.9991152142115904,False,False,False,True,False,False
6.576598130934997,76.02836879432624,6112.369742419302,0,0,0,0,0,0,0,9.819399172153842,9.946553577092503,2.302585092994046,2.8903717578961645,0.0004895028826280866,0.0004893831151748657,8.028781162487148,1.9991152142115904,False,False,False,True,False,False
6.662948251583755,100.0,4092.5737704918033,0,0,0,0,0,0,0,4.820281565605037,10.093243666143405,1.0986122886681098,3.784189633918261,0.016260162601626018,0.016129381929883717,6.415096959171596,1.8969222823803258,False,False,True,False,False,False
6.803266358620549,76.33928571428571,6112.369742419302,0,0,0,0,0,0,0,8.596004371840527,10.499254083507191,1.9459101490553132,2.772588722239781,0.0011092623405435386,0.001108647563664023,8.028781162487148,1.9991152142115904,False,False,False,True,False,False
6.71066095125867,77.47093023255815,41763.20315581854,0,0,0,0,0,0,0,10.011579334886969,10.31748873324831,2.5649493574615367,3.367295829986474,0.0005385512970110403,0.0005384063303069936,8.174702882469461,2.0644946046636603,False,False,False,False,False,True
6.5004185244497705,79.48717948717949,41763.20315581854,0,0,0,0,0,0,0,6.893656354602635,9.91128039696677,2.6390573296152584,2.302585092994046,0.013197969543147208,0.01311163513937511,8.174702882469461,2.0644946046636603,False,False,False,False,False,True
5.879225467208256,100.0,1266.400447427293,0,0,0,0,0,0,0,4.204692619390966,8.024343613012375,0.6931471805599453,3.2188758248682006,0.015151515151515152,0.015037877364540502,6.104793232414985,1.8852953146630171,False,True,False,False,False,False
6.752542161239349,83.16903979554581,41763.20315581854,0,0,0,0,0,0,0,12.013755296849714,10.418120676184797,3.295836866004329,2.833213344056216,0.0001575681179094347,0.00015755570535731954,8.174702882469461,2.0644946046636603,False,False,False,False,False,True
6.885647175379283,100.0,41763.20315581854,0,0,0,0,0,0,0,5.424950017481403,10.419530611456398,3.295836866004329,3.044522437723423,0.11504424778761062,0.10889408823913739,8.174702882469461,2.0644946046636603,False,False,False,False,False,True
5.7918085106382975,75.0,10412.863802559415,0,0,0,0,0,0,0,4.718498871295094,7.751630876729169,0.6931471805599453,2.833213344056216,0.009009009009009009,0.008968669982760316,7.691200097522863,1.9906184714459416,True,False,False,False,False,False
6.848890629581536,71.5311004784689,6112.369742419302,0,0,0,0,0,0,0,9.729431740159207,10.365761039265031,1.9459101490553132,2.4849066497880004,0.00035705784337062603,0.0003569941133886863,8.028781162487148,1.9991152142115904,False,False,False,True,False,False
6.195191110040243,71.55172413793103,6112.369742419302,0,0,0,0,0,0,0,8.69165057315339,7.8686083776014435,1.0986122886681098,2.4849066497880004,0.0003360215053763441,0.00033596506279381656,8.028781162487148,1.9991152142115904,False,False,False,True,False,False
6.5004185244497705,0.0,10412.863802559415,0,0,0,0,0,0,0,4.3694478524670215,9.91128039696677,0.6931471805599453,3.8501476017100584,0.01282051282051282,0.012739025777429712,7.691200097522863,1.9906184714459416,True,False,False,False,False,False
6.715661769645538,72.28915662650603,7640.563613231552,0,0,0,0,0,0,0,7.984803389734406,10.142973788660102,0.6931471805599453,4.553876891600541,0.00034071550255536625,0.0003406574722094438,7.360739903058278,2.0186487050933315,False,False,False,False,True,False
6.800166494369348,50.0,7640.563613231552,0,0,0,0,0,0,0,4.955827057601261,10.407158941641097,0.6931471805599453,3.6109179126442243,0.0070921985815602835,0.007067167223092353,7.360739903058278,2.0186487050933315,False,False,False,False,True,False
6.26522859704693,0.0,41763.20315581854,0,0,0,0,0,0,0,3.6635616461296463,8.33775665141873,3.295836866004329,2.4849066497880004,0.6842105263157895,0.5212969236332861,8.174702882469461,2.0644946046636603,False,False,False,False,False,True
6.756379223895332,0.0,7640.563613231552,0,0,0,0,0,0,0,5.075173815233827,10.120073395422493,0.6931471805599453,3.6635616461296463,0.006289308176100629,0.006269613013595395,7.360739903058278,2.0186487050933315,False,False,False,False,True,False
6.393797237117623,66.66666666666666,7640.563613231552,0,0,0,0,0,0,0,7.051855622955894,9.585589680262684,0.6931471805599453,2.4849066497880004,0.0008665511265164644,0.000866175887849037,7.360739903058278,2.0186487050933315,False,False,False,False,True,False
6.204594733459919,0.0,7640.563613231552,0,0,0,0,0,0,0,3.912023005428146,9.799452135638647,0.6931471805599453,2.8903717578961645,0.02040816326530612,0.02020270731751947,7.360739903058278,2.0186487050933315,False,False,False,False,True,False
6.9027737927487625,70.9090909090909,6112.369742419302,0,0,0,0,0,0,0,9.787796078039936,10.615996316083153,1.3862943611198906,2.833213344056216,0.0001684068710003368,0.00016839269215514698,8.028781162487148,1.9991152142115904,False,False,False,True,False,False
6.844614966234576,79.27107061503416,41763.20315581854,0,0,0,0,0,0,0,9.490091074101683,10.253585385671725,2.5649493574615367,2.302585092994046,0.0009072352007257881,0.0009068239116095692,8.174702882469461,2.0644946046636603,False,False,False,False,False,True
6.801305199251226,79.03930131004367,41763.20315581854,0,0,0,0,0,0,0,9.551800150108434,10.691628402533764,2.5649493574615367,3.4011973816621555,0.0008529390859336129,0.0008525755400983267,8.174702882469461,2.0644946046636603,False,False,False,False,False,True
6.614916036256099,100.0,1266.400447427293,0,0,0,0,0,0,0,4.90527477843843,10.112202783197885,0.6931471805599453,1.6094379124341003,0.007462686567164179,0.0074349784875179905,6.104793232414985,1.8852953146630171,False,True,False,False,False,False
6.195191110040243,0.0,6112.369742419302,0,0,0,0,0,0,0,7.941651252930556,7.8686083776014435,1.0986122886681098,2.6390573296152584,0.000711490572749911,0.0007112375833249435,8.028781162487148,1.9991152142115904,False,False,False,True,False,False
6.811522504055452,88.88888888888889,41763.20315581854,0,0,0,0,0,0,0,6.47543271670409,10.178507420484628,3.8918202981106265,2.772588722239781,0.07407407407407407,0.07145896398214485,8.174702882469461,2.0644946046636603,False,False,False,False,False,True
6.427690326839088,77.19298245614034,6112.369742419302,0,0,0,0,0,0,0,8.10892415597534,9.783002990437407,0.6931471805599453,3.332204510175204,0.0003009328919650918,0.0003008876207446385,8.028781162487148,1.9991152142115904,False,False,False,True,False,False
5.879225467208256,100.0,1266.400447427293,0,0,0,0,0,0,0,4.532599493153256,8.024343613012375,0.6931471805599453,2.302585092994046,0.010869565217391304,0.010810916104215676,6.104793232414985,1.8852953146630171,False,True,False,False,False,False
5.775788441476067,100.0,1266.400447427293,0,0,0,0,0,0,0,4.624972813284271,8.653460843742746,0.6931471805599453,2.70805020110221,0.009900990099009901,0.00985229644301164,6.104793232414985,1.8852953146630171,False,True,False,False,False,False
6.843501468948183,50.0,10412.863802559415,0,0,0,0,0,0,0,6.61472560020376,10.073300708025029,0.6931471805599453,3.8066624897703196,0.0013422818791946308,0.0013413818242013111,7.691200097522863,1.9906184714459416,True,False,False,False,False,False
6.5264888547538815,0.0,10412.863802559415,0,0,0,0,0,0,0,4.30406509320417,9.75745455496221,0.6931471805599453,3.6888794541139363,0.0136986301369863,0.013605652055778678,7.691200097522863,1.9906184714459416,True,False,False,False,False,False
6.615339912235646,0.0,41763.20315581854,0,0,0,0,0,0,0,4.290459441148391,10.050152764681643,3.1354942159291497,2.302585092994046,0.3055555555555556,0.26662866325394863,8.174702882469461,2.0644946046636603,False,False,False,False,False,True
6.862528692853247,83.75378405650858,41763.20315581854,0,0,0,0,0,0,0,10.700882129466427,10.305776271670846,2.4849066497880004,2.302585092994046,0.0002477812316979772,0.00024775053899843993,8.174702882469461,2.0644946046636603,False,False,False,False,False,True
6.26522859704693,100.0,10412.863802559415,0,0,0,0,0,0,0,3.871201010907891,8.33775665141873,0.6931471805599453,2.8903717578961645,0.02127659574468085,0.021053409197832263,7.691200097522863,1.9906184714459416,True,False,False,False,False,False
6.818032823249103,78.26086956521739,7640.563613231552,0,0,0,0,0,0,0,7.284820912568604,10.342475232675952,1.0986122886681098,4.343805421853684,0.0013726835964310226,0.0013717423275807366,7.360739903058278,2.0186487050933315,False,False,False,False,True,False
6.20715799971213,0.0,4092.5737704918033,0,0,0,0,0,0,0,4.0943445622221,9.847465822742766,0.6931471805599453,2.3978952727983707,0.01694915254237288,0.01680711831638119,6.415096959171596,1.8969222823803258,False,False,True,False,False,False
6.206096308749436,85.0,6112.369742419302,0,0,0,0,0,0,0,6.447305862541213,9.188654414879425,0.6931471805599453,3.258096538021482,0.0015873015873015873,0.0015860431556347797,8.028781162487148,1.9991152142115904,False,False,False,True,False,False
6.700689947733412,74.25149700598801,6112.369742419302,0,0,0,0,0,0,0,9.571644584298577,10.293176866045338,0.6931471805599453,3.713572066704308,6.968155529231412e-05,6.967912764550042e-05,8.028781162487148,1.9991152142115904,False,False,False,True,False,False
6.195191110040243,67.79661016949152,6112.369742419302,0,0,0,0,0,0,0,8.410053315858335,7.8686083776014435,1.0986122886681098,2.5649493574615367,0.00044533511467379205,0.00044523598242192624,8.028781162487148,1.9991152142115904,False,False,False,True,False,False
6.644427954689881,0.0,41763.20315581854,0,0,0,0,0,0,0,8.946505025998682,10.127006476019027,2.5933276030091386,2.0794415416798357,0.0016112241761866211,0.0016099275471001438,8.174702882469461,2.0644946046636603,False,False,False,False,False,True
6.106210567052468,0.0,6112.369742419302,0,0,0,0,0,0,0,5.365976015021851,10.427792075670013,0.6931471805599453,3.6375861597263857,0.004694835680751174,0.0046838493124264375,8.028781162487148,1.9991152142115904,False,False,False,True,False,False
6.792379410518049,67.24137931034483,10412.863802559415,0,0,0,0,0,0,0,7.393263094763838,10.295975378059795,0.6931471805599453,2.772588722239781,0.0006157635467980296,0.0006155740422146125,7.691200097522863,1.9906184714459416,True,False,False,False,False,False
6.5004185244497705,100.0,4092.5737704918033,0,0,0,0,0,0,0,4.465908118654584,9.91128039696677,0.6931471805599453,2.4849066497880004,0.011627906976744186,0.011560822401076006,6.415096959171596,1.8969222823803258,False,False,True,False,False,False
6.745869261287794,80.79877112135176,41763.20315581854,0,0,0,0,0,0,0,10.790390667515691,9.89485951039786,3.2188758248682006,2.833213344056216,0.0004943255545714815,0.0004942034159437386,8.174702882469461,2.0644946046636603,False,False,False,False,False,True
6.800577564758055,0.0,41763.20315581854,0,0,0,0,0,0,0,8.284504227258497,10.022255881415592,2.5649493574615367,2.302585092994046,0.003029537995455693,0.0030249581926822928,8.174702882469461,2.0644946046636603,False,False,False,False,False,True
6.794607080130419,100.0,4092.5737704918033,0,0,0,0,0,0,0,3.7376696182833684,9.797980786126336,0.6931471805599453,2.5649493574615367,0.024390243902439025,0.024097551579060524,6.415096959171596,1.8969222823803258,False,False,True,False,False,False
6.2467029592772985,67.27272727272727,1266.400447427293,0,0,0,0,0,0,0,7.929846429742503,9.657145167764883,0.6931471805599453,3.6635616461296463,0.0003599712023038157,0.00035990642821473787,6.104793232414985,1.8852953146630171,False,True,False,False,False,False
6.7407259017789665,75.49857549857549,41763.20315581854,0,0,0,0,0,0,0,9.246672301223573,10.074209079303039,3.970291913552122,3.2188758248682006,0.005014948403896229,0.005002415434149251,8.174702882469461,2.0644946046636603,False,False,False,False,False,True
6.490336269696487,70.0,10412.863802559415,0,0,0,0,0,0,0,6.618738983517219,8.81811505604364,0.6931471805599453,3.871201010907891,0.001336898395721925,0.0013360055427421298,7.691200097522863,1.9906184714459416,True,False,False,False,False,False
6.195191110040243,66.12903225806451,6112.369742419302,0,0,0,0,0,0,0,7.748460023899697,7.8686083776014435,1.0986122886681098,2.3978952727983707,0.0008631851532153647,0.0008628128231553449,8.028781162487148,1.9991152142115904,False,False,False,True,False,False
7.018559078845056,64.28571428571429,7640.563613231552,0,0,0,0,0,0,0,9.118882761487347,10.574732197109203,0.6931471805599453,3.6888794541139363,0.00010958904109589041,0.00010958303665552688,7.360739903058278,2.0186487050933315,False,False,False,False,True,False
6.715661769645538,72.84768211920529,41763.20315581854,0,0,0,0,0,0,0,9.52134826973146,10.142973788660102,2.70805020110221,3.713572066704308,0.0010258664908038397,0.0010253406493733591,8.174702882469461,2.0644946046636603,False,False,False,False,False,True
6.860017231934231,80.48780487804879,41763.20315581854,0,0,0,0,0,0,0,11.522875795823397,10.370814784310465,2.5649493574615367,3.332204510175204,0.0001188130575550253,0.00011880599984282664,8.174702882469461,2.0644946046636603,False,False,False,False,False,True
6.677693639525605,83.33333333333334,10412.863802559415,0,0,0,0,0,0,0,5.356586274672012,9.328032216867232,0.6931471805599453,2.995732273553991,0.004739336492890996,0.004728141195945896,7.691200097522863,1.9906184714459416,True,False,False,False,False,False
5.879225467208256,100.0,1266.400447427293,0,0,0,0,0,0,0,4.30406509320417,8.024343613012375,0.6931471805599453,2.8903717578961645,0.0136986301369863,0.013605652055778678,6.104793232414985,1.8852953146630171,False,True,False,False,False,False
6.423158352833034,50.0,1266.400447427293,0,0,0,0,0,0,0,5.117993812416755,9.91501097094118,0.6931471805599453,2.4849066497880004,0.006024096385542169,0.006006024060211949,6.104793232414985,1.8852953146630171,False,True,False,False,False,False
6.5004185244497705,0.0,41763.20315581854,0,0,0,0,0,0,0,6.519147287940395,9.91128039696677,3.6635616461296463,3.1354942159291497,0.056129985228951254,0.05461126978173259,8.174702882469461,2.0644946046636603,False,False,False,False,False,True
6.794607080130419,0.0,10412.863802559415,0,0,0,0,0,0,0,4.143134726391533,9.797980786126336,0.6931471805599453,2.4849066497880004,0.016129032258064516,0.01600034134644112,7.691200097522863,1.9906184714459416,True,False,False,False,False,False
6.677693639525605,33.33333333333333,10412.863802559415,0,0,0,0,0,0,0,4.812184355372417,9.328032216867232,0.6931471805599453,3.5553480614894135,0.00819672131147541,0.008163310639160835,7.691200097522863,1.9906184714459416,True,False,False,False,False,False
6.195191110040243,74.48979591836735,6112.369742419302,0,0,0,0,0,0,0,8.726318950962243,7.8686083776014435,1.0986122886681098,2.70805020110221,0.0003245699448231094,0.0003245172833931343,8.028781162487148,1.9991152142115904,False,False,False,True,False,False
6.830029354983103,75.87131367292224,4092.5737704918033,0,0,0,0,0,0,0,10.522880544507412,10.308213020219416,3.295836866004329,2.3978952727983707,0.0006997712286367919,0.0006995265029118814,6.415096959171596,1.8969222823803258,False,False,True,False,False,False
6.8031785089586005,81.81818181818183,6112.369742419302,0,0,0,0,0,0,0,7.30854279753919,10.672729738815272,0.6931471805599453,2.1972245773362196,0.0006702412868632708,0.0006700167754842812,8.028781162487148,1.9991152142115904,False,False,False,True,False,False
6.40169871215857,0.0,6112.369742419302,0,0,0,0,0,0,0,4.844187086458591,9.324495915651033,1.0986122886681098,2.995732273553991,0.015873015873015872,0.015748356968139112,8.028781162487148,1.9991152142115904,False,False,False,True,False,False
6.662948251583755,0.0,10412.863802559415,0,0,0,0,0,0,0,4.927253685157205,10.093243666143405,2.70805020110221,2.70805020110221,0.10218978102189781,0.0972989109867995,7.691200097522863,1.9906184714459416,True,False,False,False,False,False
6.85172299297182,79.70149253731343,6112.369742419302,0,0,0,0,0,0,0,8.94793610670867,10.525637422848265,1.0986122886681098,3.1354942159291497,0.0002600442075152776,0.00026001040188093454,8.028781162487148,1.9991152142115904,False,False,False,True,False,False
6.886010110211231,79.88826815642457,41763.20315581854,0,0,0,0,0,0,0,9.30383071506352,10.619485877729373,2.5649493574615367,1.791759469228055,0.0010929957191001002,0.001092398834168027,8.174702882469461,2.0644946046636603,False,False,False,False,False,True
6.836335151609738,79.78036175710595,41763.20315581854,0,0,0,0,0,0,0,10.313907034109423,10.073010932873734,3.970291913552122,2.0794415416798357,0.0017248242006103224,0.0017233383996004391,8.174702882469461,2.0644946046636603,False,False,False,False,False,True
5.7918085106382975,66.66666666666666,4092.5737704918033,0,0,0,0,0,0,0,4.5217885770490405,7.751630876729169,1.0986122886681098,2.3978952727983707,0.02197802197802198,0.02173998663640582,6.415096959171596,1.8969222823803258,False,False,True,False,False,False
6.5004185244497705,63.57142857142857,7640.563613231552,0,0,0,0,0,0,0,8.819665349340653,9.91128039696677,1.0986122886681098,3.367295829986474,0.00029563932002956393,0.0002955956273370498,7.360739903058278,2.0186487050933315,False,False,False,False,True,False
5.879225467208256,100.0,1266.400447427293,0,0,0,0,0,0,0,4.248495242049359,8.024343613012375,0.6931471805599453,3.1780538303479458,0.014492753623188406,0.01438873745209967,6.104793232414985,1.8852953146630171,False,True,False,False,False,False
6.915367938502655,86.08247422680412,41763.20315581854,0,0,0,0,0,0,0,8.803874763534434,10.406416196634192,2.6390573296152584,3.6635616461296463,0.0019522450818441207,0.0019503419279603051,8.174702882469461,2.0644946046636603,False,False,False,False,False,True
6.81823449633989,0.0,10412.863802559415,0,0,0,0,0,0,0,4.700480365792417,9.698986449188135,0.6931471805599453,3.1780538303479458,0.009174311926605505,0.009132483563272474,7.691200097522863,1.9906184714459416,True,False,False,False,False,False
6.960229924719464,0.0,6112.369742419302,0,0,0,0,0,0,0,4.709530201312334,10.220270380677725,1.9459101490553132,2.8903717578961645,0.05454545454545454,0.05310982531394833,8.028781162487148,1.9991152142115904,False,False,False,True,False,False
6.694036685098593,84.35867672663959,41763.20315581854,0,0,0,0,0,0,0,11.467425880898862,10.121249205782965,3.258096538021482,2.302585092994046,0.0002616403805297694,0.0002616061586545061,8.174702882469461,2.0644946046636603,False,False,False,False,False,True
6.823146793508421,75.0,41763.20315581854,0,0,0,0,0,0,0,5.780743515792329,10.27120685262779,4.174387269895637,2.8903717578961645,0.19814241486068113,0.18077236980712533,8.174702882469461,2.0644946046636603,False,False,False,False,False,True
6.195191110040243,50.0,6112.369742419302,0,0,0,0,0,0,0,6.542471960506805,7.8686083776014435,1.0986122886681098,2.0794415416798357,0.002886002886002886,0.00288184637488895,8.028781162487148,1.9991152142115904,False,False,False,True,False,False
6.829036948424544,75.0,10412.863802559415,0,0,0,0,0,0,0,5.056245805348308,9.778151955140352,0.6931471805599453,3.091042453358316,0.00641025641025641,0.006389798098770988,7.691200097522863,1.9906184714459416,True,False,False,False,False,False
6.40169871215857,0.0,41763.20315581854,0,0,0,0,0,0,0,4.634728988229636,9.324495915651033,3.4965075614664802,2.0794415416798357,0.3137254901960784,0.2728669866666403,8.174702882469461,2.0644946046636603,False,False,False,False,False,True
6.26522859704693,50.0,6112.369742419302,0,0,0,0,0,0,0,4.844187086458591,8.33775665141873,0.6931471805599453,3.5553480614894135,0.007936507936507936,0.007905179507113247,8.028781162487148,1.9991152142115904,False,False,False,True,False,False
6.818032823249103,58.333333333333336,7640.563613231552,0,0,0,0,0,0,0,7.016609683894219,10.342475232675952,0.6931471805599453,4.543294782270004,0.0008976660682226212,0.000897263406989905,7.360739903058278,2.0186487050933315,False,False,False,False,True,False
6.861946953195274,82.75920440118495,10412.863802559415,0,0,0,0,0,0,0,12.511662168211082,10.366166322818216,0.6931471805599453,2.833213344056216,3.683458325352507e-06,3.683451541327236e-06,7.691200097522863,1.9906184714459416,True,False,False,False,False,False
6.5004185244497705,85.22727272727273,6112.369742419302,0,0,0,0,0,0,0,7.589335823170617,9.91128039696677,0.6931471805599453,2.833213344056216,0.0005060728744939271,0.0005059448628037495,8.028781162487148,1.9991152142115904,False,False,False,True,False,False
6.195191110040243,63.63636363636363,6112.369742419302,0,0,0,0,0,0,0,6.244166900663736,7.8686083776014435,0.6931471805599453,2.4849066497880004,0.0019455252918287938,0.0019436352085710307,8.028781162487148,1.9991152142115904,False,False,False,True,False,False
6.91289484682624,83.24786324786325,41763.20315581854,0,0,0,0,0,0,0,12.054458745354886,10.454014349888732,3.295836866004329,2.833213344056216,0.0001512832895969464,0.00015127184743403925,8.174702882469461,2.0644946046636603,False,False,False,False,False,True
6.844614966234576,77.94117647058823,7640.563613231552,0,0,0,0,0,0,0,8.503702601233739,10.253585385671725,1.0986122886681098,2.9444389791664403,0.00040551500405515005,0.000405432805067109,7.360739903058278,2.0186487050933315,False,False,False,False,True,False
6.821624494858498,0.0,41763.20315581854,0,0,0,0,0,0,0,6.9440872082295275,10.144924451566315,2.5933276030091386,3.1780538303479458,0.011944210109182674,0.011873440995040426,8.174702882469461,2.0644946046636603,False,False,False,False,False,True
6.6029994474022455,69.23076923076923,41763.20315581854,0,0,0,0,0,0,0,5.752572638825633,9.912780913172137,5.14166355650266,2.302585092994046,0.5414012738853503,0.4326919208083784,8.174702882469461,2.0644946046636603,False,False,False,False,False,True
6.851753414184124,71.42857142857143,7640.563613231552,0,0,0,0,0,0,0,9.37982994995476,10.456967803458426,1.9459101490553132,2.8903717578961645,0.0005065000844166807,0.0005063718565453621,7.360739903058278,2.0186487050933315,False,False,False,False,True,False
5.7918085106382975,80.0,10412.863802559415,0,0,0,0,0,0,0,5.389071729816501,7.751630876729169,0.6931471805599453,2.8903717578961645,0.0045871559633027525,0.0045766670274118935,7.691200097522863,1.9906184714459416,True,False,False,False,False,False
6.4918106502153226,71.83544303797468,6112.369742419302,0,0,0,0,0,0,0,8.791029857045965,9.920010544708559,1.3862943611198906,3.2188758248682006,0.00045634317006388805,0.0004562390771863463,8.028781162487148,1.9991152142115904,False,False,False,True,False,False
6.831725682510775,58.333333333333336,7640.563613231552,0,0,0,0,0,0,0,7.252762418053187,10.293546054911756,1.3862943611198906,3.2188758248682006,0.002126151665485471,0.0021238946037041664,7.360739903058278,2.0186487050933315,False,False,False,False,True,False
6.195191110040243,72.97297297297297,6112.369742419302,0,0,0,0,0,0,0,8.128880142125638,7.8686083776014435,1.0986122886681098,3.1780538303479458,0.0005899705014749262,0.0005897965372977327,8.028781162487148,1.9991152142115904,False,False,False,True,False,False
6.9135864932147895,67.07818930041152,6112.369742419302,0,0,0,0,0,0,0,8.726967774991493,10.508060953473002,1.6094379124341003,3.5263605246161616,0.0006487187804086928,0.0006485084533378676,8.028781162487148,1.9991152142115904,False,False,False,True,False,False
7.11436361408709,84.8652384243262,6112.369742419302,0,0,0,0,0,0,0,11.355218468940192,11.091170077032846,1.0986122886681098,3.044522437723423,2.341673594117716e-05,2.3416461773714194e-05,8.028781162487148,1.9991152142115904,False,False,False,True,False,False
5.775788441476067,0.0,1266.400447427293,0,0,0,0,0,0,0,3.713572066704308,8.653460843742746,0.6931471805599453,2.9444389791664403,0.025,0.024692612590371414,6.104793232414985,1.8852953146630171,False,True,False,False,False,False
6.642082746378657,56.25,6112.369742419302,0,0,0,0,0,0,0,6.371611847231857,10.023193077005615,1.3862943611198906,2.833213344056216,0.005136986301369863,0.005123836999869466,8.028781162487148,1.9991152142115904,False,False,False,True,False,False
6.684783413525796,80.64516129032258,10412.863802559415,0,0,0,0,0,0,0,6.368187186350492,10.139272634656646,0.6931471805599453,2.4849066497880004,0.001718213058419244,0.0017167386190545491,7.691200097522863,1.9906184714459416,True,False,False,False,False,False
5.879225467208256,72.22222222222221,1266.400447427293,0,0,0,0,0,0,0,6.78105762593618,8.024343613012375,0.6931471805599453,2.302585092994046,0.0011363636363636363,0.0011357184639274286,6.104793232414985,1.8852953146630171,False,True,False,False,False,False
6.904255601987694,76.04562737642586,6112.369742419302,0,0,0,0,0,0,0,8.479906606630221,10.372982108510897,0.6931471805599453,2.9444389791664403,0.00020764119601328904,0.00020761964156377707,8.028781162487148,1.9991152142115904,False,False,False,True,False,False
6.195191110040243,73.94366197183099,6112.369742419302,0,0,0,0,0,0,0,8.538758969330798,7.8686083776014435,1.0986122886681098,3.6635616461296463,0.00039154267815191856,0.0003914660453202912,8.028781162487148,1.9991152142115904,False,False,False,True,False,False
6.40169871215857,50.0,10412.863802559415,0,0,0,0,0,0,0,6.1070228877422545,9.324495915651033,0.6931471805599453,4.465908118654584,0.002232142857142857,0.0022296553272690683,7.691200097522863,1.9906184714459416,True,False,False,False,False,False
6.801489530657659,73.88157894736842,41763.20315581854,0,0,0,0,0,0,0,10.632725553240427,10.290763692860624,3.258096538021482,2.995732273553991,0.0006028599676867057,0.0006026783206177867,8.174702882469461,2.0644946046636603,False,False,False,False,False,True
5.879225467208256,69.23076923076923,7640.563613231552,0,0,0,0,0,0,0,7.163946684342547,8.024343613012375,0.6931471805599453,3.4965075614664802,0.000774593338497289,0.0007742934959046463,7.360739903058278,2.0186487050933315,False,False,False,False,True,False
6.66391737475365,61.78343949044586,7640.563613231552,0,0,0,0,0,0,0,8.239329427901795,9.799753131264394,0.6931471805599453,3.713572066704308,0.0002641310089804543,0.0002640961325265871,7.360739903058278,2.0186487050933315,False,False,False,False,True,False
6.799697159680153,0.0,4092.5737704918033,0,0,0,0,0,0,0,6.025865973825314,9.935594233165896,1.9459101490553132,2.9444389791664403,0.014527845036319613,0.014423326961104906,6.415096959171596,1.8969222823803258,False,False,True,False,False,False
6.678912230079322,75.67567567567568,41763.20315581854,0,0,0,0,0,0,0,7.731053144007127,10.20315377924252,2.6390573296152584,3.332204510175204,0.005709266578831796,0.00569303048454578,8.174702882469461,2.0644946046636603,False,False,False,False,False,True
6.40169871215857,0.0,41763.20315581854,0,0,0,0,0,0,0,3.58351893845611,9.324495915651033,3.970291913552122,3.5553480614894135,1.4857142857142858,0.9105600571651701,8.174702882469461,2.0644946046636603,False,False,False,False,False,True
6.829036948424544,50.0,7640.563613231552,0,0,0,0,0,0,0,4.51085950651685,9.778151955140352,0.6931471805599453,2.9444389791664403,0.011111111111111112,0.011049836186584935,7.360739903058278,2.0186487050933315,False,False,False,False,True,False
6.881906796368094,65.21739130434783,41763.20315581854,0,0,0,0,0,0,0,7.749753406274437,10.661714538288223,3.295836866004329,2.995732273553991,0.011206896551724138,0.011144564553065237,8.174702882469461,2.0644946046636603,False,False,False,False,False,True
6.661002281290718,83.345507669832,10412.863802559415,0,0,0,0,0,0,0,9.912100355634351,10.31762812804148,0.6931471805599453,3.1780538303479458,4.9573666468372e-05,4.957243773469925e-05,7.691200097522863,1.9906184714459416,True,False,False,False,False,False
6.7547019732313895,74.89795918367346,41763.20315581854,0,0,0,0,0,0,0,10.545183531504994,9.894931129828896,2.5649493574615367,3.9318256327243257,0.000315847656147185,0.0003157977867766429,8.174702882469461,2.0644946046636603,False,False,False,False,False,True
6.794607080130419,0.0,7640.563613231552,0,0,0,0,0,0,0,3.828641396489095,9.797980786126336,0.6931471805599453,2.5649493574615367,0.022222222222222223,0.021978906718775167,7.360739903058278,2.0186487050933315,False,False,False,False,True,False
6.845303805487532,82.63157894736842,6112.369742419302,0,0,0,0,0,0,0,8.421562960400987,10.275543892771708,1.6094379124341003,3.58351893845611,0.0008804754567466431,0.0008800880656072492,8.028781162487148,1.9991152142115904,False,False,False,True,False,False
6.195191110040243,72.72727272727273,6112.369742419302,0,0,0,0,0,0,0,7.238496840894365,7.8686083776014435,0.6931471805599453,2.6390573296152584,0.0007189072609633358,0.0007186489709219531,8.028781162487148,1.9991152142115904,False,False,False,True,False,False
6.615339912235646,0.0,6112.369742419302,0,0,0,0,0,0,0,4.143134726391533,10.050152764681643,1.3862943611198906,2.772588722239781,0.04838709677419355,0.04725288485054551,8.028781162487148,1.9991152142115904,False,False,False,True,False,False
6.724256288854555,70.0,7640.563613231552,0,0,0,0,0,0,0,6.918695219020472,10.091309545296372,0.6931471805599453,4.007333185232471,0.0009900990099009901,0.0009896091851662818,7.360739903058278,2.0186487050933315,False,False,False,False,True,False
7.029912167410302,78.94736842105263,10412.863802559415,0,0,0,0,0,0,0,7.403670290012373,10.683822504440949,0.6931471805599453,3.367295829986474,0.0006093845216331506,0.0006091989222825442,7.691200097522863,1.9906184714459416,True,False,False,False,False,False
6.7812232788728535,87.67016291006472,41763.20315581854,0,0,0,0,0,0,0,13.240969185601648,10.198059619772755,3.332204510175204,3.295836866004329,4.796060835367218e-05,4.795945828045395e-05,8.174702882469461,2.0644946046636603,False,False,False,False,False,True
6.8393549963377245,80.18018018018019,10412.863802559415,0,0,0,0,0,0,0,8.624611588183507,10.354711811512182,0.6931471805599453,2.772588722239781,0.00017966223499820338,0.00017964609767157566,7.691200097522863,1.9906184714459416,True,False,False,False,False,False
6.195191110040243,52.38095238095239,6112.369742419302,0,0,0,0,0,0,0,6.466144724237619,7.8686083776014435,1.3862943611198906,2.1972245773362196,0.004672897196261682,0.004662013105811371,8.028781162487148,1.9991152142115904,False,False,False,True,False,False
6.794607080130419,60.0,7640.563613231552,0,0,0,0,0,0,0,6.284134161070802,9.797980786126336,0.6931471805599453,3.8501476017100584,0.001869158878504673,0.0018674141747954624,7.360739903058278,2.0186487050933315,False,False,False,False,True,False
6.548792989998894,0.0,6112.369742419302,0,0,0,0,0,0,0,3.784189633918261,9.223228522439266,0.6931471805599453,3.044522437723423,0.023255813953488372,0.02298951822469878,8.028781162487148,1.9991152142115904,False,False,False,True,False,False
5.8512085383736085,80.58252427184466,6112.369742419302,0,0,0,0,0,0,0,7.763021309018518,9.732461047626883,0.6931471805599453,3.1354942159291497,0.0004253509145044662,0.00042526047844802567,8.028781162487148,1.9991152142115904,False,False,False,True,False,False
7.012638345265775,76.81159420289855,10412.863802559415,0,0,0,0,0,0,0,9.158309963881798,10.45663602377762,0.6931471805599453,3.4965075614664802,0.00010535187526337969,0.00010534632614431895,7.691200097522863,1.9906184714459416,True,False,False,False,False,False
6.490336269696487,0.0,41763.20315581854,0,0,0,0,0,0,0,3.7612001156935624,8.81811505604364,1.791759469228055,2.4849066497880004,0.11904761904761904,0.1124779834266903,8.174702882469461,2.0644946046636603,False,False,False,False,False,True
5.459667665453769,100.0,10412.863802559415,0,0,0,0,0,0,0,5.908082938168931,8.948486118878149,0.6931471805599453,3.091042453358316,0.0027247956403269754,0.0027210901143605863,7.691200097522863,1.9906184714459416,True,False,False,False,False,False
6.84051898277667,80.5439330543933,41763.20315581854,0,0,0,0,0,0,0,10.60861270985548,10.366698222421915,2.5649493574615367,2.1972245773362196,0.00029643536473901336,0.0002963914364573163,8.174702882469461,2.0644946046636603,False,False,False,False,False,True
6.715661769645538,83.17781924820048,7640.563613231552,0,0,0,0,0,0,0,11.361497741197619,10.142973788660102,1.6094379124341003,2.995732273553991,4.6540309725761224e-05,4.653922675922614e-05,7.360739903058278,2.0186487050933315,False,False,False,False,True,False
6.195191110040243,37.5,6112.369742419302,0,0,0,0,0,0,0,5.942799375126701,7.8686083776014435,0.6931471805599453,3.2188758248682006,0.002631578947368421,0.0026281224062694084,8.028781162487148,1.9991152142115904,False,False,False,True,False,False
6.4822500578583115,60.86956521739131,10412.863802559415,0,0,0,0,0,0,0,6.79346613258001,9.756299763367336,0.6931471805599453,2.772588722239781,0.001122334455667789,0.0011217051092001736,7.691200097522863,1.9906184714459416,True,False,False,False,False,False
6.237741819619238,74.54545454545455,6112.369742419302,0,0,0,0,0,0,0,7.861341795599989,9.122506680312782,1.3862943611198906,3.295836866004329,0.001156515034695451,0.0011558467863592953,8.028781162487148,1.9991152142115904,False,False,False,True,False,False
5.7918085106382975,66.66666666666666,7640.563613231552,0,0,0,0,0,0,0,5.5134287461649825,7.751630876729169,0.6931471805599453,2.6390573296152584,0.004048582995951417,0.004040409537004906,7.360739903058278,2.0186487050933315,False,False,False,False,True,False
6.837897530686966,82.6926406926407,41763.20315581854,0,0,0,0,0,0,0,12.494430739427957,10.462838955669044,3.295836866004329,2.0794415416798357,9.743447531535042e-05,9.742972888511262e-05,8.174702882469461,2.0644946046636603,False,False,False,False,False,True
6.911413272863529,77.58302583025831,7640.563613231552,0,0,0,0,0,0,0,10.114882356815789,10.464286053756691,0.6931471805599453,4.23410650459726,4.047435949326102e-05,4.047354042849352e-05,7.360739903058278,2.0186487050933315,False,False,False,False,True,False
6.827850625188941,40.0,7640.563613231552,0,0,0,0,0,0,0,5.583496308781699,9.960021534452826,1.0986122886681098,3.5553480614894135,0.007547169811320755,0.007518832414027319,7.360739903058278,2.0186487050933315,False,False,False,False,True,False
6.5004185244497705,75.86206896551724,6112.369742419302,0,0,0,0,0,0,0,9.863706682524283,9.91128039696677,0.6931471805599453,4.30406509320417,5.2031843488214785e-05,5.203048987881691e-05,8.028781162487148,1.9991152142115904,False,False,False,True,False,False
6.770580228122137,33.33333333333333,41763.20315581854,0,0,0,0,0,0,0,5.3981627015177525,9.565902027006107,3.970291913552122,2.8903717578961645,0.23636363636363636,0.21217451994363576,8.174702882469461,2.0644946046636603,False,False,False,False,False,True
6.86966494522709,89.70588235294117,41763.20315581854,0,0,0,0,0,0,0,8.751790892775563,10.47404106125401,3.258096538021482,2.9444389791664403,0.003955070400253125,0.00394726967084214,8.174702882469461,2.0644946046636603,False,False,False,False,False,True
6.726881389735055,83.65983295368261,10412.863802559415,0,0,0,0,0,0,0,11.872514159810866,9.920300326844044,0.6931471805599453,3.2188758248682006,6.979682145275104e-06,6.979657787490183e-06,7.691200097522863,1.9906184714459416,True,False,False,False,False,False
6.883127654709747,66.66666666666666,10412.863802559415,0,0,0,0,0,0,0,6.981934677156389,10.183411710770256,0.6931471805599453,3.4339872044851463,0.0009293680297397769,0.0009289364346588147,7.691200097522863,1.9906184714459416,True,False,False,False,False,False
6.7842301997157435,50.0,6112.369742419302,0,0,0,0,0,0,0,5.855071922202427,10.055566237327685,0.6931471805599453,3.970291913552122,0.0028735632183908046,0.002869442427952739,8.028781162487148,1.9991152142115904,False,False,False,True,False,False
6.726881389735055,25.0,6112.369742419302,0,0,0,0,0,0,0,5.214935757608986,9.920300326844044,0.6931471805599453,1.791759469228055,0.00546448087431694,0.005449604767564685,8.028781162487148,1.9991152142115904,False,False,False,True,False,False
6.889678266422713,73.02631578947368,7640.563613231552,0,0,0,0,0,0,0,8.148156439921625,10.37484668725167,0.6931471805599453,3.4011973816621555,0.00028935185185185184,0.00028930999767830213,7.360739903058278,2.0186487050933315,False,False,False,False,True,False
6.814882238275165,80.1452784503632,41763.20315581854,0,0,0,0,0,0,0,9.342420712333391,10.506362816413247,2.5649493574615367,2.1972245773362196,0.00105161686092367,0.0010510642992673381,8.174702882469461,2.0644946046636603,False,False,False,False,False,True
6.8945007866907115,70.37037037037037,6112.369742419302,0,0,0,0,0,0,0,6.794586580876499,10.69767748536516,0.6931471805599453,3.6375861597263857,0.0011210762331838565,0.001120448296489728,8.028781162487148,1.9991152142115904,False,False,False,True,False,False
6.5004185244497705,0.0,41763.20315581854,0,0,0,0,0,0,0,4.406719247264253,9.91128039696677,2.5933276030091386,2.302585092994046,0.15276792189028704,0.14216593905845976,8.174702882469461,2.0644946046636603,False,False,False,False,False,True
6.662948251583755,50.0,41763.20315581854,0,0,0,0,0,0,0,5.908082938168931,10.093243666143405,4.127134385045092,2.302585092994046,0.16621253405994552,0.15376134752722642,8.174702882469461,2.0644946046636603,False,False,False,False,False,True
5.775788441476067,50.0,1266.400447427293,0,0,0,0,0,0,0,4.672828834461906,8.653460843742746,0.6931471805599453,2.5649493574615367,0.009433962264150943,0.009389740349839137,6.104793232414985,1.8852953146630171,False,True,False,False,False,False
6.468372592093842,80.0,10412.863802559415,0,0,0,0,0,0,0,6.366470447731438,9.533994132566862,0.6931471805599453,2.4849066497880004,0.0017211703958691911,0.001719690879526679,7.691200097522863,1.9906184714459416,True,False,False,False,False,False
6.638243832197137,0.0,41763.20315581854,0,0,0,0,0,0,0,8.041412909393047,10.118310337677755,3.4339872044851463,3.044522437723423,0.009658725048293626,0.009612377761666034,8.174702882469461,2.0644946046636603,False,False,False,False,False,True
6.751797143671785,0.0,6112.369742419302,0,0,0,0,0,0,0,4.820281565605037,10.176166295747496,0.6931471805599453,3.784189633918261,0.008130081300813009,0.008097210232619303,8.028781162487148,1.9991152142115904,False,False,False,True,False,False
6.760177441321682,86.79245283018868,41763.20315581854,0,0,0,0,0,0,0,7.571473648851271,9.866543458155952,3.784189633918261,3.091042453358316,0.02215352910870685,0.02191170467580793,8.174702882469461,2.0644946046636603,False,False,False,False,False,True
6.8569287506609085,77.05314009661835,41763.20315581854,0,0,0,0,0,0,0,11.399129470491301,10.407710774519117,3.332204510175204,2.302585092994046,0.0003025447374023733,0.00030249897997213713,8.174702882469461,2.0644946046636603,False,False,False,False,False,True
6.548792989998894,0.0,6112.369742419302,0,0,0,0,0,0,0,3.6635616461296463,9.223228522439266,0.6931471805599453,2.6390573296152584,0.02631578947368421,0.025975486403260736,8.028781162487148,1.9991152142115904,False,False,False,True,False,False
6.797217703082447,80.76208178438662,10412.863802559415,0,0,0,0,0,0,0,10.365585010210767,10.300351210911103,0.6931471805599453,3.871201010907891,3.1499039279301984e-05,3.14985431950276e-05,7.691200097522863,1.9906184714459416,True,False,False,False,False,False
5.459667665453769,0.0,1266.400447427293,0,0,0,0,0,0,0,3.970291913552122,8.948486118878149,0.6931471805599453,2.772588722239781,0.019230769230769232,0.01904819497069441,6.104793232414985,1.8852953146630171,False,True,False,False,False,False
6.819034008181329,85.71428571428571,41763.20315581854,0,0,0,0,0,0,0,6.418364935936212,10.592104029311555,4.787491742782046,2.3978952727983707,0.19444444444444445,0.17768117723745241,8.174702882469461,2.0644946046636603,False,False,False,False,False,True
6.928082740748006,66.66666666666666,7640.563613231552,0,0,0,0,0,0,0,8.32579052588609,10.516390885915971,1.0986122886681098,3.295836866004329,0.00048449612403100775,0.00048437879367966766,7.360739903058278,2.0186487050933315,False,False,False,False,True,False
6.800051724087001,83.40807174887892,6112.369742419302,0,0,0,0,0,0,0,8.889446165318288,9.94201618974122,1.9459101490553132,3.295836866004329,0.0008271298593879239,0.0008267879759939956,8.028781162487148,1.9991152142115904,False,False,False,True,False,False
6.875830169031045,80.70500927643785,41763.20315581854,0,0,0,0,0,0,0,10.20329580478575,10.481500915598474,2.5649493574615367,2.70805020110221,0.000444592641991775,0.0004444938399665088,8.174702882469461,2.0644946046636603,False,False,False,False,False,True
6.823744471442896,76.38888888888889,7640.563613231552,0,0,0,0,0,0,0,7.424165281042028,10.129453998296022,0.6931471805599453,2.8903717578961645,0.0005970149253731343,0.000596836782861525,7.360739903058278,2.0186487050933315,False,False,False,False,True,False
6.195191110040243,80.0,6112.369742419302,0,0,0,0,0,0,0,7.86403565907245,7.8686083776014435,1.0986122886681098,3.6109179126442243,0.0007689350249903883,0.0007686395459138685,8.028781162487148,1.9991152142115904,False,False,False,True,False,False
6.732939657023157,66.66666666666666,41763.20315581854,0,0,0,0,0,0,0,6.687108607866515,10.236922466018864,3.9318256327243257,3.1780538303479458,0.062421972534332085,0.060551181505014845,8.174702882469461,2.0644946046636603,False,False,False,False,False,True
6.576885158507406,75.0,10412.863802559415,0,0,0,0,0,0,0,5.926926025970411,10.379437854301274,0.6931471805599453,3.2188758248682006,0.00267379679144385,0.002670228555878892,7.691200097522863,1.9906184714459416,True,False,False,False,False,False
6.295993024103089,0.0,6112.369742419302,0,0,0,0,0,0,0,3.58351893845611,7.827680491919387,0.6931471805599453,3.6375861597263857,0.02857142857142857,0.028170876966696224,8.028781162487148,1.9991152142115904,False,False,False,True,False,False
6.863669571633784,70.2127659574468,6112.369742419302,0,0,0,0,0,0,0,8.119993827725105,10.232187668186958,1.6094379124341003,3.58351893845611,0.0011904761904761906,0.0011897681355887508,8.028781162487148,1.9991152142115904,False,False,False,True,False,False
6.359366963355418,74.03846153846155,6112.369742419302,0,0,0,0,0,0,0,8.363342466597977,9.387122915483614,0.6931471805599453,2.4849066497880004,0.0002333177788147457,0.00023329056445477045,8.028781162487148,1.9991152142115904,False,False,False,True,False,False
6.427690326839088,74.40476190476191,6112.369742419302,0,0,0,0,0,0,0,8.886685639065584,9.783002990437407,1.0986122886681098,2.0794415416798357,0.0002764722145424385,0.0002764340031425801,8.028781162487148,1.9991152142115904,False,False,False,True,False,False
6.5004185244497705,75.0,4092.5737704918033,0,0,0,0,0,0,0,5.8664680569332965,9.91128039696677,0.6931471805599453,2.995732273553991,0.002840909090909091,0.0028368813351997567,6.415096959171596,1.8969222823803258,False,False,True,False,False,False
6.671140218499566,0.0,10412.863802559415,0,0,0,0,0,0,0,4.07753744390572,9.763111410243045,0.6931471805599453,3.7612001156935624,0.017241379310344827,0.01709443335930004,7.691200097522863,1.9906184714459416,True,False,False,False,False,False
6.40169871215857,83.33333333333334,41763.20315581854,0,0,0,0,0,0,0,5.777652323222656,9.324495915651033,4.0943445622221,3.1354942159291497,0.18322981366459629,0.16824782958229262,8.174702882469461,2.0644946046636603,False,False,False,False,False,True
5.558589488847307,0.0,41763.20315581854,0,0,0,0,0,0,0,4.564348191467836,5.858417164315927,2.6390573296152584,2.833213344056216,0.1368421052631579,0.12825433552367885,8.174702882469461,2.0644946046636603,False,False,False,False,False,True
6.7812232788728535,0.0,41763.20315581854,0,0,0,0,0,0,0,5.1298987149230735,10.198059619772755,3.258096538021482,3.044522437723423,0.1488095238095238,0.13872620950162656,8.174702882469461,2.0644946046636603,False,False,False,False,False,True
6.8355523885194005,83.54149730249057,41763.20315581854,0,0,0,0,0,0,0,12.895866710676762,10.692848090619558,2.5649493574615367,2.772588722239781,3.0100837806652284e-05,3.0100384785618292e-05,8.174702882469461,2.0644946046636603,False,False,False,False,False,True
6.735693518255812,72.36842105263158,7640.563613231552,0,0,0,0,0,0,0,7.448333860897476,9.844345336143084,2.302585092994046,3.58351893845611,0.005244755244755245,0.005231049417552503,7.360739903058278,2.0186487050933315,False,False,False,False,True,False
6.779782172998328,63.63636363636363,7640.563613231552,0,0,0,0,0,0,0,7.700747794511798,10.42324578946821,0.6931471805599453,3.6888794541139363,0.0004526935264825713,0.00045259109168133913,7.360739903058278,2.0186487050933315,False,False,False,False,True,False
6.954266818523805,75.0,10412.863802559415,0,0,0,0,0,0,0,9.662625450728237,10.469219654627187,0.6931471805599453,3.4339872044851463,6.36213258684311e-05,6.361930211773975e-05,7.691200097522863,1.9906184714459416,True,False,False,False,False,False
6.555621413678604,0.0,10412.863802559415,0,0,0,0,0,0,0,4.30406509320417,9.490725716753616,0.6931471805599453,3.4965075614664802,0.0136986301369863,0.013605652055778678,7.691200097522863,1.9906184714459416,True,False,False,False,False,False
6.468372592093842,75.0,6112.369742419302,0,0,0,0,0,0,0,6.013715156042802,9.533994132566862,0.6931471805599453,1.9459101490553132,0.0024509803921568627,0.0024479816386400372,8.028781162487148,1.9991152142115904,False,False,False,True,False,False
6.640698109965129,0.0,10412.863802559415,0,0,0,0,0,0,0,4.709530201312334,10.314177554377048,0.6931471805599453,3.912023005428146,0.00909090909090909,0.009049835519917856,7.691200097522863,1.9906184714459416,True,False,False,False,False,False
6.80155447398906,74.25742574257426,41763.20315581854,0,0,0,0,0,0,0,8.622633703874234,10.405250015361391,2.1972245773362196,3.1780538303479458,0.00144014401440144,0.0014391080015628043,8.174702882469461,2.0644946046636603,False,False,False,False,False,True
6.9095318647504085,82.33900495369373,41763.20315581854,0,0,0,0,0,0,0,12.104521531546295,10.669339850621183,2.5649493574615367,2.1972245773362196,6.641355722081401e-05,6.641135193816097e-05,8.174702882469461,2.0644946046636603,False,False,False,False,False,True
6.930912076909611,80.0,41763.20315581854,0,0,0,0,0,0,0,6.807934943699926,10.42334144543303,1.791759469228055,3.332204510175204,0.0055309734513274336,0.0055157337853022625,8.174702882469461,2.0644946046636603,False,False,False,False,False,True
6.844292569352955,81.44329896907216,6112.369742419302,0,0,0,0,0,0,0,7.9672801789422,10.3637972849069,0.6931471805599453,2.833213344056216,0.00034674063800277393,0.0003466805373603522,8.028781162487148,1.9991152142115904,False,False,False,True,False,False
6.195191110040243,66.66666666666666,6112.369742419302,0,0,0,0,0,0,0,5.66988092298052,7.8686083776014435,0.6931471805599453,1.791759469228055,0.0034602076124567475,0.0034542348680876036,8.028781162487148,1.9991152142115904,False,False,False,True,False,False
6.924618381955827,50.0,41763.20315581854,0,0,0,0,0,0,0,6.20455776256869,10.253683060486582,3.970291913552122,3.332204510175204,0.10526315789473684,0.10008345855698243,8.174702882469461,2.0644946046636603,False,False,False,False,False,True
5.459667665453769,77.47252747252747,1266.400447427293,0,0,0,0,0,0,0,8.09559870137819,8.948486118878149,0.6931471805599453,2.4849066497880004,0.0003049710277523635,0.00030492453354108825,6.104793232414985,1.8852953146630171,False,True,False,False,False,False
6.850577283767982,67.14285714285714,7640.563613231552,0,0,0,0,0,0,0,7.133295954896068,10.419271225695969,0.6931471805599453,3.091042453358316,0.0007987220447284345,0.0007984032360245593,7.360739903058278,2.0186487050933315,False,False,False,False,True,False
6.949003066864462,83.94736842105263,10412.863802559415,0,0,0,0,0,0,0,9.50397966490209,10.492000218574065,0.6931471805599453,3.58351893845611,7.456009543692216e-05,7.455731597106793e-05,7.691200097522863,1.9906184714459416,True,False,False,False,False,False
6.729085071763116,69.23076923076923,6112.369742419302,0,0,0,0,0,0,0,7.871692664323645,10.374436011184866,0.6931471805599453,2.6390573296152584,0.00038153376573826786,0.0003814610002387825,8.028781162487148,1.9991152142115904,False,False,False,True,False,False
6.904400748459212,66.66666666666666,10412.863802559415,0,0,0,0,0,0,0,9.479985756941812,10.321174430583802,0.6931471805599453,3.6109179126442243,7.63708568810142e-05,7.636794077552637e-05,7.691200097522863,1.9906184714459416,True,False,False,False,False,False
6.659973141932871,78.59778597785979,6112.369742419302,0,0,0,0,0,0,0,9.981235321158053,10.167927451361852,1.0986122886681098,3.258096538021482,9.25240562546262e-05,9.251977616810718e-05,8.028781162487148,1.9991152142115904,False,False,False,True,False,False
6.745065955079785,80.43548911277219,41763.20315581854,0,0,0,0,0,0,0,11.100994498178453,10.580912888319693,2.6390573296152584,3.58351893845611,0.00019626789057310224,0.00019624863255048773,8.174702882469461,2.0644946046636603,False,False,False,False,False,True
5.558589488847307,63.1578947368421,41763.20315581854,0,0,0,0,0,0,0,6.1903154058531475,5.858417164315927,2.5649493574615367,3.044522437723423,0.024640657084188913,0.024341972668928798,8.174702882469461,2.0644946046636603,False,False,False,False,False,True
6.40169871215857,0.0,41763.20315581854,0,0,0,0,0,0,0,3.6109179126442243,9.324495915651033,4.653960350157523,3.58351893845611,2.888888888888889,1.3581234841531944,8.174702882469461,2.0644946046636603,False,False,False,False,False,True
6.5264888547538815,50.0,10412.863802559415,0,0,0,0,0,0,0,4.770684624465665,9.75745455496221,0.6931471805599453,3.8501476017100584,0.008547008547008548,0.00851068966790861,7.691200097522863,1.9906184714459416,True,False,False,False,False,False
6.9628532979221385,83.04453249748654,41763.20315581854,0,0,0,0,0,0,0,13.334335965196335,10.763749346307385,2.5649493574615367,2.4849066497880004,1.941571637521519e-05,1.9415527892733524e-05,8.174702882469461,2.0644946046636603,False,False,False,False,False,True
6.835256479493799,81.85465893892109,41763.20315581854,0,0,0,0,0,0,0,11.108739538360444,10.510915359446848,3.295836866004329,2.302585092994046,0.0003895072732992764,0.0003894314350337605,8.174702882469461,2.0644946046636603,False,False,False,False,False,True
6.469338862241644,78.89530090684254,6112.369742419302,0,0,0,0,0,0,0,10.630287087057917,9.794222313613584,0.6931471805599453,3.4965075614664802,2.4173274028234383e-05,2.417298185938057e-05,8.028781162487148,1.9991152142115904,False,False,False,True,False,False
6.715661769645538,72.91666666666666,7640.563613231552,0,0,0,0,0,0,0,9.54180006677385,10.142973788660102,0.6931471805599453,3.8066624897703196,7.179266278986288e-05,7.179008581990485e-05,7.360739903058278,2.0186487050933315,False,False,False,False,True,False
6.661598144800827,0.0,41763.20315581854,0,0,0,0,0,0,0,4.553876891600541,10.073851518272223,3.295836866004329,2.70805020110221,0.2765957446808511,0.24419696051204215,8.174702882469461,2.0644946046636603,False,False,False,False,False,True
6.943405028369551,79.4338051623647,41763.20315581854,0,0,0,0,0,0,0,11.507520886511369,10.625214876288098,2.5649493574615367,2.5649493574615367,0.00012065151819827066,0.00012064424038913636,8.174702882469461,2.0644946046636603,False,False,False,False,False,True
6.883657514125043,86.86140161077053,41763.20315581854,0,0,0,0,0,0,0,13.031891474240252,10.476055785777293,3.2188758248682006,3.044522437723423,5.254527103507616e-05,5.2543890580756996e-05,8.174702882469461,2.0644946046636603,False,False,False,False,False,True
6.780595148016227,77.51371115173674,41763.20315581854,0,0,0,0,0,0,0,9.534450801041515,10.075392106597004,2.5649493574615367,3.1354942159291497,0.0008678672163159037,0.0008674908373121664,8.174702882469461,2.0644946046636603,False,False,False,False,False,True
6.777925656471416,0.0,41763.20315581854,0,0,0,0,0,0,0,9.393744675721376,10.358720806111029,2.5933276030091386,2.5649493574615367,0.0010301533194399975,0.0010296230756328217,8.174702882469461,2.0644946046636603,False,False,False,False,False,True
6.814807283566524,68.75,41763.20315581854,0,0,0,0,0,0,0,6.403574197934815,10.13341066810467,3.295836866004329,2.8903717578961645,0.04311774461028192,0.04221405997325511,8.174702882469461,2.0644946046636603,False,False,False,False,False,True
6.393797237117623,72.72727272727273,4092.5737704918033,0,0,0,0,0,0,0,6.07993319509559,9.585589680262684,0.6931471805599453,2.8903717578961645,0.0022935779816513763,0.0022909517465557624,6.415096959171596,1.8969222823803258,False,False,True,False,False,False
6.200225700698335,0.0,6112.369742419302,0,0,0,0,0,0,0,4.290459441148391,8.919650812943356,0.6931471805599453,3.6888794541139363,0.013888888888888888,0.01379332213233577,8.028781162487148,1.9991152142115904,False,False,False,True,False,False
6.510263751421897,65.83333333333333,7640.563613231552,0,0,0,0,0,0,0,8.518392471991719,9.93043086016947,0.6931471805599453,3.044522437723423,0.0001998001998001998,0.00019978024239862384,7.360739903058278,2.0186487050933315,False,False,False,False,True,False
6.7728198451635695,87.5,6112.369742419302,0,0,0,0,0,0,0,6.135564891081739,9.293585506586053,1.9459101490553132,2.6390573296152584,0.013015184381778741,0.012931214672248784,8.028781162487148,1.9991152142115904,False,False,False,True,False,False
6.962432214140248,70.83333333333334,41763.20315581854,0,0,0,0,0,0,0,8.449128460502108,10.419449474125306,2.5649493574615367,2.70805020110221,0.002569593147751606,0.002566297387913099,8.174702882469461,2.0644946046636603,False,False,False,False,False,True
7.1169859007287695,77.09881640517479,7640.563613231552,0,0,0,0,0,0,0,11.393015168297671,10.996482929890005,1.0986122886681098,2.9444389791664403,2.2548168525011557e-05,2.2547914318852203e-05,7.360739903058278,2.0186487050933315,False,False,False,False,True,False
6.825823322578457,0.0,41763.20315581854,0,0,0,0,0,0,0,8.681011276645632,10.60101140494032,2.5933276030091386,3.4657359027997265,0.0021012398833610544,0.002099035366443145,8.174702882469461,2.0644946046636603,False,False,False,False,False,True
6.842795049054185,70.83333333333334,41763.20315581854,0,0,0,0,0,0,0,7.605890001053122,10.493625889776915,2.6390573296152584,3.044522437723423,0.006470881035340966,0.0064500347654822265,8.174702882469461,2.0644946046636603,False,False,False,False,False,True
6.910618758441679,76.19047619047619,41763.20315581854,0,0,0,0,0,0,0,7.37650812632622,10.117731162979387,3.295836866004329,3.6888794541139363,0.01628052598622417,0.01614941929957881,8.174702882469461,2.0644946046636603,False,False,False,False,False,True
6.833987678136327,80.0,6112.369742419302,0,0,0,0,0,0,0,6.280395838960195,10.4337241801268,0.6931471805599453,3.044522437723423,0.001876172607879925,0.001874414794350352,8.028781162487148,1.9991152142115904,False,False,False,True,False,False
6.195191110040243,64.02439024390245,6112.369742419302,0,0,0,0,0,0,0,8.557951183888406,7.8686083776014435,1.3862943611198906,2.8903717578961645,0.0005761474937584022,0.0005759815845135729,8.028781162487148,1.9991152142115904,False,False,False,True,False,False
6.883142933259378,81.13207547169812,10412.863802559415,0,0,0,0,0,0,0,10.726982939755574,10.605660287233766,0.6931471805599453,3.6635616461296463,2.1945224719101123e-05,2.194498392628974e-05,7.691200097522863,1.9906184714459416,True,False,False,False,False,False
6.779782172998328,84.12698412698413,10412.863802559415,0,0,0,0,0,0,0,9.649175779559453,10.42324578946821,0.6931471805599453,3.4011973816621555,6.448284756254837e-05,6.448076863299633e-05,7.691200097522863,1.9906184714459416,True,False,False,False,False,False
6.429001687383052,69.02654867256636,7640.563613231552,0,0,0,0,0,0,0,9.260462981379394,10.06323526293831,1.0986122886681098,3.784189633918261,0.00019024065442785123,0.00019022256096925942,7.360739903058278,2.0186487050933315,False,False,False,False,True,False
6.585825710219119,0.0,41763.20315581854,0,0,0,0,0,0,0,5.220355825078324,10.061617056901932,5.056245805348308,3.091042453358316,0.8478260869565217,0.6140098600012215,8.174702882469461,2.0644946046636603,False,False,False,False,False,True
6.446069719328857,50.0,1266.400447427293,0,0,0,0,0,0,0,5.236441962829949,10.123306184711458,0.6931471805599453,3.58351893845611,0.0053475935828877,0.005333345975362603,6.104793232414985,1.8852953146630171,False,True,False,False,False,False
6.195191110040243,77.77777777777779,6112.369742419302,0,0,0,0,0,0,0,6.361302477572996,7.8686083776014435,0.6931471805599453,2.9444389791664403,0.0017301038062283738,0.001728608900617689,8.028781162487148,1.9991152142115904,False,False,False,True,False,False
6.924598873655787,85.58378751823138,41763.20315581854,0,0,0,0,0,0,0,13.1404193822039,10.517511956830722,3.1354942159291497,2.4849066497880004,4.321275011834401e-05,4.32118164744369e-05,8.174702882469461,2.0644946046636603,False,False,False,False,False,True
6.797001653365785,75.74349442379183,6112.369742419302,0,0,0,0,0,0,0,9.943909467035043,10.517961006442542,0.6931471805599453,3.1780538303479458,4.8021513638109875e-05,4.802036064205642e-05,8.028781162487148,1.9991152142115904,False,False,False,True,False,False
6.67396559045013,75.67567567567568,6112.369742419302,0,0,0,0,0,0,0,7.8838232148921525,9.805897504556699,1.3862943611198906,3.58351893845611,0.0011307953260459858,0.0011301564585848177,8.028781162487148,1.9991152142115904,False,False,False,True,False,False
6.560476872196712,60.0,6112.369742419302,0,0,0,0,0,0,0,8.075271546297458,10.155880595870181,0.6931471805599453,3.871201010907891,0.0003112356053532524,0.0003111871815993612,8.028781162487148,1.9991152142115904,False,False,False,True,False,False
6.867802716726857,79.05405405405406,41763.20315581854,0,0,0,0,0,0,0,8.822911626354117,10.247413858283657,2.6390573296152584,3.9889840465642745,0.0019154265507588036,0.0019135944604397306,8.174702882469461,2.0644946046636603,False,False,False,False,False,True
6.77960349153899,100.0,41763.20315581854,0,0,0,0,0,0,0,5.176149732573829,10.364469387895442,2.6390573296152584,2.0794415416798357,0.07386363636363637,0.0712630200214907,8.174702882469461,2.0644946046636603,False,False,False,False,False,True
6.757462790560788,76.97516930022573,7640.563613231552,0,0,0,0,0,0,0,8.865452825753623,10.418150476159273,1.0986122886681098,3.8918202981106265,0.0002824060999717594,0.0002823662308751227,7.360739903058278,2.0186487050933315,False,False,False,False,True,False
6.195191110040243,44.44444444444444,6112.369742419302,0,0,0,0,0,0,0,5.955837369464831,7.8686083776014435,1.0986122886681098,2.4849066497880004,0.005194805194805195,0.0051813587419975845,8.028781162487148,1.9991152142115904,False,False,False,True,False,False
6.831725682510775,75.33840947546531,7640.563613231552,0,0,0,0,0,0,0,10.841011260818293,10.293546054911756,0.6931471805599453,2.0794415416798357,1.9580200501253132e-05,1.9580008811566625e-05,7.360739903058278,2.0186487050933315,False,False,False,False,True,False
6.902964592548838,83.26474622770918,41763.20315581854,0,0,0,0,0,0,0,10.603411717375097,10.332452543899176,4.700480365792417,2.6390573296152584,0.0027066623624941023,0.0027030059482216983,8.174702882469461,2.0644946046636603,False,False,False,False,False,True
6.7771287869600085,100.0,10412.863802559415,0,0,0,0,0,0,0,4.189654742026425,10.203130528171146,0.6931471805599453,3.1780538303479458,0.015384615384615385,0.01526747213078838,7.691200097522863,1.9906184714459416,True,False,False,False,False,False
6.289007148338809,60.0,41763.20315581854,0,0,0,0,0,0,0,6.09807428216624,7.921587131345857,3.295836866004329,4.110873864173311,0.05855855855855856,0.05690813227187958,8.174702882469461,2.0644946046636603,False,False,False,False,False,True
6.904895489189585,84.00954653937947,41763.20315581854,0,0,0,0,0,0,0,10.349294539927671,10.347041164149122,3.6888794541139363,2.9444389791664403,0.0012486393033233015,0.0012478604015792047,8.174702882469461,2.0644946046636603,False,False,False,False,False,True
6.195191110040243,65.38461538461539,6112.369742419302,0,0,0,0,0,0,0,7.5745584842024805,7.8686083776014435,1.0986122886681098,2.302585092994046,0.001027221366204417,0.0010266941353610753,8.028781162487148,1.9991152142115904,False,False,False,True,False,False
6.7628425086075366,81.14630467571644,41763.20315581854,0,0,0,0,0,0,0,11.440365524765756,10.521878663487389,2.5649493574615367,2.3978952727983707,0.00012903225806451613,0.00012902393411870762,8.174702882469461,2.0644946046636603,False,False,False,False,False,True
6.318786144793481,72.22222222222221,6112.369742419302,0,0,0,0,0,0,0,6.4692503167957724,9.788980527569898,0.6931471805599453,2.995732273553991,0.0015527950310559005,0.00155159069141885,8.028781162487148,1.9991152142115904,False,False,False,True,False,False
6.676269584446959,0.0,41763.20315581854,0,0,0,0,0,0,0,4.02535169073515,9.782585710646908,2.6390573296152584,3.1780538303479458,0.23636363636363636,0.21217451994363576,8.174702882469461,2.0644946046636603,False,False,False,False,False,True
6.664379343008459,80.0,7640.563613231552,0,0,0,0,0,0,0,6.349138991379798,10.16199010137861,1.0986122886681098,3.6375861597263857,0.0035026269702276708,0.003496507058729306,7.360739903058278,2.0186487050933315,False,False,False,False,True,False
6.834875636379364,74.07407407407408,6112.369742419302,0,0,0,0,0,0,0,8.355614995760183,10.521111390123515,0.6931471805599453,3.044522437723423,0.00023512814483893723,0.00023510050654897483,8.028781162487148,1.9991152142115904,False,False,False,True,False,False
6.913760739929198,80.5949966193374,4092.5737704918033,0,0,0,0,0,0,0,10.686475437095863,10.438115373018269,2.3978952727983707,2.1972245773362196,0.00022852441783404557,0.00022849831010659507,6.415096959171596,1.8969222823803258,False,False,True,False,False,False
6.9991527367920785,75.32327586206897,10412.863802559415,0,0,0,0,0,0,0,9.844162086451313,10.282811046385305,0.6931471805599453,4.02535169073515,5.305884225606197e-05,5.305743468545579e-05,7.691200097522863,1.9906184714459416,True,False,False,False,False,False
6.035384615384615,50.0,6112.369742419302,0,0,0,0,0,0,0,6.335054251498059,8.859680269588564,2.302585092994046,2.8903717578961645,0.015985790408525755,0.01585936324010742,8.028781162487148,1.9991152142115904,False,False,False,True,False,False
7.014303909956854,76.78571428571429,6112.369742419302,0,0,0,0,0,0,0,9.024733424190698,10.122526445179886,1.0986122886681098,3.7376696182833684,0.00024081878386514148,0.0002407897916763222,8.028781162487148,1.9991152142115904,False,False,False,True,False,False
6.9455989055394145,70.0,6112.369742419302,0,0,0,0,0,0,0,7.52294091807237,10.715074706014951,1.6094379124341003,3.828641396489095,0.002163331530557058,0.00216099489823502,8.028781162487148,1.9991152142115904,False,False,False,True,False,False
7.089722456575947,80.0,6112.369742419302,0,0,0,0,0,0,0,8.073714641109857,10.26468929442882,1.0986122886681098,3.912023005428146,0.0006234413965087282,0.0006232471376564235,8.028781162487148,1.9991152142115904,False,False,False,True,False,False
6.40169871215857,0.0,41763.20315581854,0,0,0,0,0,0,0,5.484796933490655,9.324495915651033,4.189654742026425,2.3978952727983707,0.2708333333333333,0.23967285326542026,8.174702882469461,2.0644946046636603,False,False,False,False,False,True
6.40169871215857,100.0,7640.563613231552,0,0,0,0,0,0,0,5.365976015021851,9.324495915651033,0.6931471805599453,3.044522437723423,0.004694835680751174,0.0046838493124264375,7.360739903058278,2.0186487050933315,False,False,False,False,True,False
6.045175999634896,60.0,41763.20315581854,0,0,0,0,0,0,0,5.697093486505405,7.952065901555757,3.871201010907891,3.091042453358316,0.15824915824915825,0.14690951857069878,8.174702882469461,2.0644946046636603,False,False,False,False,False,True
6.195191110040243,61.36363636363637,6112.369742419302,0,0,0,0,0,0,0,7.509883061154913,7.8686083776014435,1.0986122886681098,3.2188758248682006,0.001095890410958904,0.0010952903614147435,8.028781162487148,1.9991152142115904,False,False,False,True,False,False
6.806194056192318,79.47019867549669,41763.20315581854,0,0,0,0,0,0,0,8.99230873254815,9.881294333397236,3.6888794541139363,2.1972245773362196,0.004850746268656716,0.0048390193066965,8.174702882469461,2.0644946046636603,False,False,False,False,False,True
6.772053738969407,79.51219512195122,41763.20315581854,0,0,0,0,0,0,0,9.585414998760278,10.197364909715349,3.295836866004329,3.7376696182833684,0.0017869415807560138,0.0017853469001010687,8.174702882469461,2.0644946046636603,False,False,False,False,False,True
6.923646682390587,80.74866310160428,41763.20315581854,0,0,0,0,0,0,0,8.835210463664092,10.328025861579933,2.5649493574615367,3.367295829986474,0.0017464706738466017,0.0017449473672882182,8.174702882469461,2.0644946046636603,False,False,False,False,False,True
6.779782172998328,66.66666666666666,6112.369742419302,0,0,0,0,0,0,0,6.452048954437226,10.42324578946821,0.6931471805599453,3.5263605246161616,0.001579778830963665,0.0015785322930497896,8.028781162487148,1.9991152142115904,False,False,False,True,False,False
6.604842707205482,78.51662404092072,41763.20315581854,0,0,0,0,0,0,0,9.878323578872578,9.94521695986674,2.6390573296152584,3.2188758248682006,0.0006665982976105015,0.0006663762196509233,8.174702882469461,2.0644946046636603,False,False,False,False,False,True
6.678387797709568,78.68217054263566,6112.369742419302,0,0,0,0,0,0,0,8.595079730073309,10.056297555535906,0.6931471805599453,3.4011973816621555,0.0001850481125092524,0.00018503099321911365,8.028781162487148,1.9991152142115904,False,False,False,True,False,False
6.767541224610549,81.5028901734104,6112.369742419302,0,0,0,0,0,0,0,8.692825760059396,10.355922751208103,1.0986122886681098,3.6888794541139363,0.0003356267830172848,0.00033557047294759335,8.028781162487148,1.9991152142115904,False,False,False,True,False,False
6.8703620642673275,73.31136738056013,6112.369742419302,0,0,0,0,0,0,0,9.589187682180055,10.696649194221154,0.6931471805599453,3.5553480614894135,6.846970215679562e-05,6.846735821383901e-05,8.028781162487148,1.9991152142115904,False,False,False,True,False,False
6.779782172998328,53.84615384615385,10412.863802559415,0,0,0,0,0,0,0,6.163314804034641,10.42324578946821,0.6931471805599453,3.6109179126442243,0.002109704641350211,0.0021074823395647994,7.691200097522863,1.9906184714459416,True,False,False,False,False,False
6.855272721443989,82.27848101265823,6112.369742419302,0,0,0,0,0,0,0,9.611194867526663,10.264263096441724,1.6094379124341003,2.5649493574615367,0.00026791694574681847,0.0002678810624110213,8.028781162487148,1.9991152142115904,False,False,False,True,False,False
5.879225467208256,100.0,1266.400447427293,0,0,0,0,0,0,0,4.382026634673881,8.024343613012375,0.6931471805599453,1.9459101490553132,0.012658227848101266,0.012578782206860185,6.104793232414985,1.8852953146630171,False,True,False,False,False,False
6.836389593533809,81.09613130128956,41763.20315581854,0,0,0,0,0,0,0,11.352510203563257,10.700608520237367,2.5649493574615367,3.2188758248682006,0.00014088144826128812,0.00014087152540202005,8.174702882469461,2.0644946046636603,False,False,False,False,False,True
6.635758036799406,64.86486486486487,6112.369742419302,0,0,0,0,0,0,0,6.784457062637643,9.887414115563827,1.3862943611198906,3.5553480614894135,0.0033975084937712344,0.003391750001120884,8.028781162487148,1.9991152142115904,False,False,False,True,False,False
5.710152858857673,75.86206896551724,10412.863802559415,0,0,0,0,0,0,0,6.953684210870537,9.900645724473474,0.6931471805599453,2.995732273553991,0.0009560229445506692,0.0009555662456686359,7.691200097522863,1.9906184714459416,True,False,False,False,False,False
6.815491275933833,61.53846153846154,41763.20315581854,0,0,0,0,0,0,0,6.9975959829819265,10.293153977947183,3.8501476017100584,2.6390573296152584,0.042086001829826164,0.04122447527064355,8.174702882469461,2.0644946046636603,False,False,False,False,False,True
6.5004185244497705,0.0,41763.20315581854,0,0,0,0,0,0,0,4.48863636973214,9.91128039696677,3.871201010907891,3.4011973816621555,0.5340909090909091,0.42793796396022304,8.174702882469461,2.0644946046636603,False,False,False,False,False,True
6.904255601987694,69.31407942238266,6112.369742419302,0,0,0,0,0,0,0,10.051605787988585,10.372982108510897,1.0986122886681098,3.044522437723423,8.623663332183511e-05,8.623291515715317e-05,8.028781162487148,1.9991152142115904,False,False,False,True,False,False
6.852165520065444,83.1686541737649,41763.20315581854,0,0,0,0,0,0,0,11.418999326938065,10.332975724480017,3.295836866004329,2.6390573296152584,0.0002856075751916866,0.0002855667971122462,8.174702882469461,2.0644946046636603,False,False,False,False,False,True
6.821946310481903,66.66666666666666,10412.863802559415,0,0,0,0,0,0,0,5.945420608606575,10.085802519161646,0.6931471805599453,3.784189633918261,0.0026246719160104987,0.002621233479874287,7.691200097522863,1.9906184714459416,True,False,False,False,False,False
6.624551706647431,0.0,6112.369742419302,0,0,0,0,0,0,0,3.6109179126442243,9.714919592288245,0.6931471805599453,3.7612001156935624,0.027777777777777776,0.027398974188114347,8.028781162487148,1.9991152142115904,False,False,False,True,False,False
5.710152858857673,40.0,10412.863802559415,0,0,0,0,0,0,0,5.680172609017068,9.900645724473474,0.6931471805599453,2.70805020110221,0.003424657534246575,0.003418806748785461,7.691200097522863,1.9906184714459416,True,False,False,False,False,False
6.195191110040243,71.42857142857143,4092.5737704918033,0,0,0,0,0,0,0,6.669498089857879,7.8686083776014435,0.6931471805599453,2.70805020110221,0.0012706480304955528,0.001269841440475937,6.415096959171596,1.8969222823803258,False,False,True,False,False,False
6.289007148338809,0.0,41763.20315581854,0,0,0,0,0,0,0,4.812184355372417,7.921587131345857,3.8501476017100584,2.8903717578961645,0.3770491803278688,0.31994293467000234,8.174702882469461,2.0644946046636603,False,False,False,False,False,True
6.94163095913589,50.0,6112.369742419302,0,0,0,0,0,0,0,5.7430031878094825,10.60757065678936,1.0986122886681098,3.4011973816621555,0.006430868167202572,0.006410278360919019,8.028781162487148,1.9991152142115904,False,False,False,True,False,False
6.765433613114083,69.6969696969697,41763.20315581854,0,0,0,0,0,0,0,8.108623268354595,10.41972149550408,3.258096538021482,3.044522437723423,0.007525586995785672,0.0074974110380865155,8.174702882469461,2.0644946046636603,False,False,False,False,False,True
6.751797143671785,33.33333333333333,41763.20315581854,0,0,0,0,0,0,0,4.543294782270004,10.176166295747496,2.6390573296152584,3.2188758248682006,0.13978494623655913,0.1308396009588111,8.174702882469461,2.0644946046636603,False,False,False,False,False,True
6.620796471797719,0.0,10412.863802559415,0,0,0,0,0,0,0,4.110873864173311,9.829072300161407,0.6931471805599453,3.784189633918261,0.016666666666666666,0.016529301951210506,7.691200097522863,1.9906184714459416,True,False,False,False,False,False
6.5004185244497705,83.33333333333334,41763.20315581854,0,0,0,0,0,0,0,6.429719478039138,9.91128039696677,2.6390573296152584,2.5649493574615367,0.0210016155088853,0.020784121462261263,8.174702882469461,2.0644946046636603,False,False,False,False,False,True
6.696632693858549,83.33333333333334,41763.20315581854,0,0,0,0,0,0,0,7.909856667269403,9.70734823703079,3.6888794541139363,3.6109179126442243,0.014322438486962909,0.01422084129547783,8.174702882469461,2.0644946046636603,False,False,False,False,False,True
6.662948251583755,70.37037037037037,4092.5737704918033,0,0,0,0,0,0,0,6.993932975223189,10.093243666143405,0.6931471805599453,2.833213344056216,0.0009182736455463728,0.0009178522902289597,6.415096959171596,1.8969222823803258,False,False,True,False,False,False
6.630142344589245,77.35745614035088,6112.369742419302,0,0,0,0,0,0,0,10.532629403120161,10.295233559965444,1.0986122886681098,3.1354942159291497,5.330632479543698e-05,5.330490406374549e-05,8.028781162487148,1.9991152142115904,False,False,False,True,False,False
6.719256326419516,87.20930232558139,6112.369742419302,0,0,0,0,0,0,0,7.587817219993427,9.95834263936812,0.6931471805599453,3.258096538021482,0.0005068423720223011,0.0005067139708114992,8.028781162487148,1.9991152142115904,False,False,False,True,False,False
6.753153808789693,60.74074074074074,7640.563613231552,0,0,0,0,0,0,0,8.406261630708956,10.37042913733779,0.6931471805599453,3.5553480614894135,0.00022351363433169424,0.00022348865888072958,7.360739903058278,2.0186487050933315,False,False,False,False,True,False
6.779604893627814,81.25,10412.863802559415,0,0,0,0,0,0,0,7.409136443920128,10.030924927445438,0.6931471805599453,4.07753744390572,0.0006060606060606061,0.000605877025501608,7.691200097522863,1.9906184714459416,True,False,False,False,False,False
6.26522859704693,0.0,10412.863802559415,0,0,0,0,0,0,0,4.3694478524670215,8.33775665141873,0.6931471805599453,2.0794415416798357,0.01282051282051282,0.012739025777429712,7.691200097522863,1.9906184714459416,True,False,False,False,False,False
6.767541224610549,78.50877192982456,7640.563613231552,0,0,0,0,0,0,0,8.399535147948004,10.355922751208103,1.3862943611198906,3.258096538021482,0.0006750675067506751,0.0006748397511757745,7.360739903058278,2.0186487050933315,False,False,False,False,True,False
6.829036948424544,0.0,6112.369742419302,0,0,0,0,0,0,0,3.258096538021482,9.778151955140352,0.6931471805599453,3.1354942159291497,0.04,0.03922071315328133,8.028781162487148,1.9991152142115904,False,False,False,True,False,False
6.270257490704965,0.0,6112.369742419302,0,0,0,0,0,0,0,5.680172609017068,8.471450016819338,2.5933276030091386,1.6094379124341003,0.04237740299011387,0.04150406872525847,8.028781162487148,1.9991152142115904,False,False,False,True,False,False
6.9991527367920785,74.51171875,10412.863802559415,0,0,0,0,0,0,0,9.989206427938665,10.282811046385305,0.6931471805599453,3.9512437185814275,4.589471751801368e-05,4.5893664387598664e-05,7.691200097522863,1.9906184714459416,True,False,False,False,False,False
6.877926778715913,66.66666666666666,10412.863802559415,0,0,0,0,0,0,0,6.447305862541213,10.265575666830216,0.6931471805599453,3.1780538303479458,0.0015873015873015873,0.0015860431556347797,7.691200097522863,1.9906184714459416,True,False,False,False,False,False
6.836335151609738,74.96617050067658,10412.863802559415,0,0,0,0,0,0,0,9.549523217290366,10.073010932873734,0.6931471805599453,3.6635616461296463,7.124029351000925e-05,7.123775604071397e-05,7.691200097522863,1.9906184714459416,True,False,False,False,False,False
6.782065178415631,87.03703703703704,6112.369742419302,0,0,0,0,0,0,0,7.3864708488298945,10.090929146985108,1.0986122886681098,3.6375861597263857,0.0012399256044637321,0.001239157531548053,8.028781162487148,1.9991152142115904,False,False,False,True,False,False
6.8261731898645,81.93548387096774,41763.20315581854,0,0,0,0,0,0,0,8.101980731853192,10.38594281999784,2.3978952727983707,2.8903717578961645,0.0030303030303030303,0.00302572091653689,8.174702882469461,2.0644946046636603,False,False,False,False,False,True
6.83475559500329,78.33333333333333,41763.20315581854,0,0,0,0,0,0,0,8.270781013162674,10.592823564713086,2.6390573296152584,2.3978952727983707,0.0033273611466598414,0.003321837729437565,8.174702882469461,2.0644946046636603,False,False,False,False,False,True
6.490336269696487,0.0,10412.863802559415,0,0,0,0,0,0,0,4.127134385045092,8.81811505604364,0.6931471805599453,3.7376696182833684,0.01639344262295082,0.016260520871780326,7.691200097522863,1.9906184714459416,True,False,False,False,False,False
6.113364449933685,0.0,41763.20315581854,0,0,0,0,0,0,0,4.219507705176107,7.448698102505513,4.174387269895637,2.772588722239781,0.9552238805970149,0.6705047038101856,8.174702882469461,2.0644946046636603,False,False,False,False,False,True
6.661918184785155,68.88888888888889,41763.20315581854,0,0,0,0,0,0,0,8.23827262463303,10.073704402059544,4.653960350157523,2.833213344056216,0.02749867794817557,0.027127380718982644,8.174702882469461,2.0644946046636603,False,False,False,False,False,True
6.788691683537152,79.54545454545455,6112.369742419302,0,0,0,0,0,0,0,7.224753405767971,10.114887988891986,0.6931471805599453,3.258096538021482,0.0007288629737609329,0.0007285974821405398,8.028781162487148,1.9991152142115904,False,False,False,True,False,False
6.842263033993731,83.33333333333334,41763.20315581854,0,0,0,0,0,0,0,6.806829360392176,10.313481846366074,3.970291913552122,3.4011973816621555,0.05758582502768549,0.055988787063744834,8.174702882469461,2.0644946046636603,False,False,False,False,False,True
6.79972621900026,75.764192139738,41763.20315581854,0,0,0,0,0,0,0,10.179640924163953,10.284827254761002,2.5649493574615367,3.2188758248682006,0.0004552352048558422,0.00045513161674681524,8.174702882469461,2.0644946046636603,False,False,False,False,False,True
6.66391737475365,62.5,41763.20315581854,0,0,0,0,0,0,0,6.175867270105761,9.799753131264394,3.295836866004329,3.1780538303479458,0.05416666666666667,0.05275056538552896,8.174702882469461,2.0644946046636603,False,False,False,False,False,True
6.720553481784464,80.0,6112.369742419302,0,0,0,0,0,0,0,4.867534450455582,10.44686595880156,1.0986122886681098,3.5553480614894135,0.015503875968992248,0.015384918839479456,8.028781162487148,1.9991152142115904,False,False,False,True,False,False
6.829036948424544,100.0,10412.863802559415,0,0,0,0,0,0,0,8.990815266184685,9.778151955140352,0.6931471805599453,3.258096538021482,0.00012456402590931738,0.00012455626845524166,7.691200097522863,1.9906184714459416,True,False,False,False,False,False
6.761962783054639,72.09302325581395,6112.369742419302,0,0,0,0,0,0,0,6.915723448631314,9.935856567771333,1.6094379124341003,1.6094379124341003,0.003972194637537239,0.003964326301909168,8.028781162487148,1.9991152142115904,False,False,False,True,False,False
6.911137346756003,73.00613496932516,10412.863802559415,0,0,0,0,0,0,0,9.390492911485298,10.246853132242512,0.6931471805599453,3.6375861597263857,8.352125615969264e-05,8.351776845370615e-05,7.691200097522863,1.9906184714459416,True,False,False,False,False,False
6.761709714305822,62.5,10412.863802559415,0,0,0,0,0,0,0,5.605802066295998,10.228013343497748,0.6931471805599453,3.091042453358316,0.0036900369003690036,0.003683245416296368,7.691200097522863,1.9906184714459416,True,False,False,False,False,False
6.548792989998894,0.0,6112.369742419302,0,0,0,0,0,0,0,4.110873864173311,9.223228522439266,0.6931471805599453,3.2188758248682006,0.016666666666666666,0.016529301951210506,8.028781162487148,1.9991152142115904,False,False,False,True,False,False
6.548792989998894,50.0,6112.369742419302,0,0,0,0,0,0,0,4.189654742026425,9.223228522439266,0.6931471805599453,2.70805020110221,0.015384615384615385,0.01526747213078838,8.028781162487148,1.9991152142115904,False,False,False,True,False,False
6.5004185244497705,100.0,41763.20315581854,0,0,0,0,0,0,0,7.661527081358517,9.91128039696677,3.295836866004329,2.1972245773362196,0.01224105461393597,0.012166738759879047,8.174702882469461,2.0644946046636603,False,False,False,False,False,True
6.540548490645542,84.53877551020408,6112.369742419302,0,0,0,0,0,0,0,12.628611169827627,10.0467034965562,1.9459101490553132,1.6094379124341003,1.9661494601281274e-05,1.9661301316657034e-05,8.028781162487148,1.9991152142115904,False,False,False,True,False,False
6.106210567052468,85.71428571428571,4092.5737704918033,0,0,0,0,0,0,0,7.003065458786462,10.427792075670013,1.0986122886681098,3.1780538303479458,0.0018198362147406734,0.001818182319058505,6.415096959171596,1.8969222823803258,False,False,True,False,False,False
4.9263479368027125,100.0,4092.5737704918033,0,0,0,0,0,0,0,5.493061443340548,8.362349991150289,0.6931471805599453,3.1354942159291497,0.004132231404958678,0.004123717183862156,6.415096959171596,1.8969222823803258,False,False,True,False,False,False
6.813362758640466,0.0,41763.20315581854,0,0,0,0,0,0,0,4.919980925828125,9.864686991738038,3.8918202981106265,3.091042453358316,0.35294117647058826,0.3022808718729337,8.174702882469461,2.0644946046636603,False,False,False,False,False,True
5.558589488847307,33.33333333333333,10412.863802559415,0,0,0,0,0,0,0,5.049856007249537,5.858417164315927,0.6931471805599453,3.332204510175204,0.0064516129032258064,0.006430890330290331,7.691200097522863,1.9906184714459416,True,False,False,False,False,False
6.920132356103352,77.46319365798414,41763.20315581854,0,0,0,0,0,0,0,10.252100082384816,10.41599966131625,3.9512437185814275,2.772588722239781,0.0017995130729332063,0.0017978958890882957,8.174702882469461,2.0644946046636603,False,False,False,False,False,True
6.662948251583755,0.0,4092.5737704918033,0,0,0,0,0,0,0,3.8918202981106265,10.093243666143405,0.6931471805599453,4.454347296253507,0.020833333333333332,0.02061928720273561,6.415096959171596,1.8969222823803258,False,False,True,False,False,False
6.890746778738209,80.36253776435045,41763.20315581854,0,0,0,0,0,0,0,10.915833641046829,10.122529954075597,3.2188758248682006,3.6375861597263857,0.00043604651162790697,0.00043595147097492715,8.174702882469461,2.0644946046636603,False,False,False,False,False,True
6.984552882844566,0.0,10412.863802559415,0,0,0,0,0,0,0,10.222123085309558,10.841227659562367,0.6931471805599453,3.4965075614664802,3.635834787667248e-05,3.635768692792096e-05,7.691200097522863,1.9906184714459416,True,False,False,False,False,False
6.772409865396259,0.0,41763.20315581854,0,0,0,0,0,0,0,4.060443010546419,9.86904896085482,3.295836866004329,3.5553480614894135,0.45614035087719296,0.37578933996204783,8.174702882469461,2.0644946046636603,False,False,False,False,False,True
6.26522859704693,0.0,10412.863802559415,0,0,0,0,0,0,0,3.9889840465642745,8.33775665141873,0.6931471805599453,3.5553480614894135,0.018867924528301886,0.018692133012152546,7.691200097522863,1.9906184714459416,True,False,False,False,False,False
6.5004185244497705,0.0,4092.5737704918033,0,0,0,0,0,0,0,4.007333185232471,9.91128039696677,2.70805020110221,2.9444389791664403,0.25925925925925924,0.23052365861183235,6.415096959171596,1.8969222823803258,False,False,True,False,False,False
6.800166494369348,0.0,41763.20315581854,0,0,0,0,0,0,0,3.9889840465642745,10.407158941641097,3.295836866004329,2.5649493574615367,0.49056603773584906,0.3991559389148996,8.174702882469461,2.0644946046636603,False,False,False,False,False,True
6.868364118219989,68.08510638297872,41763.20315581854,0,0,0,0,0,0,0,8.581669210600602,10.287567556815313,5.267858159063328,2.6390573296152584,0.036196549137284324,0.03555684508735438,8.174702882469461,2.0644946046636603,False,False,False,False,False,True
5.879225467208256,100.0,1266.400447427293,0,0,0,0,0,0,0,4.248495242049359,8.024343613012375,0.6931471805599453,1.9459101490553132,0.014492753623188406,0.01438873745209967,6.104793232414985,1.8852953146630171,False,True,False,False,False,False
6.195191110040243,68.24324324324324,6112.369742419302,0,0,0,0,0,0,0,8.235095497258357,7.8686083776014435,0.6931471805599453,2.3978952727983707,0.0002652519893899204,0.00026521681630072686,8.028781162487148,1.9991152142115904,False,False,False,True,False,False
6.920979158570614,72.72727272727273,6112.369742419302,0,0,0,0,0,0,0,7.465655310134056,10.48600801455271,0.6931471805599453,3.784189633918261,0.000572737686139748,0.0005725737345090485,8.028781162487148,1.9991152142115904,False,False,False,True,False,False
6.620258347828308,50.0,7640.563613231552,0,0,0,0,0,0,0,4.406719247264253,10.138824856441241,0.6931471805599453,4.0943445622221,0.012345679012345678,0.012270092591814401,7.360739903058278,2.0186487050933315,False,False,False,False,True,False
6.195191110040243,78.04878048780488,6112.369742419302,0,0,0,0,0,0,0,7.670428522190693,7.8686083776014435,1.3862943611198906,3.58351893845611,0.0013999066728884741,0.0013989277170667624,8.028781162487148,1.9991152142115904,False,False,False,True,False,False
6.948906203601128,40.0,6112.369742419302,0,0,0,0,0,0,0,6.71901315438526,10.30436963557913,3.4965075614664802,2.8903717578961645,0.03869407496977025,0.03796422696056398,8.028781162487148,1.9991152142115904,False,False,False,True,False,False
6.826041080247562,100.0,10412.863802559415,0,0,0,0,0,0,0,6.2324480165505225,9.952101172979999,0.6931471805599453,3.5553480614894135,0.001968503937007874,0.0019665689720408473,7.691200097522863,1.9906184714459416,True,False,False,False,False,False
6.548792989998894,0.0,6112.369742419302,0,0,0,0,0,0,0,3.828641396489095,9.223228522439266,0.6931471805599453,3.871201010907891,0.022222222222222223,0.021978906718775167,8.028781162487148,1.9991152142115904,False,False,False,True,False,False
6.867802716726857,80.0,6112.369742419302,0,0,0,0,0,0,0,7.282761179605593,10.247413858283657,1.9459101490553132,3.4657359027997265,0.0041265474552957355,0.004118056608917548,8.028781162487148,1.9991152142115904,False,False,False,True,False,False
6.817997843734242,85.18675721561969,10412.863802559415,0,0,0,0,0,0,0,11.191824482973002,10.157720743143416,0.6931471805599453,3.9512437185814275,1.3786637990459646e-05,1.378654295574483e-05,7.691200097522863,1.9906184714459416,True,False,False,False,False,False
6.894164257864038,66.10169491525424,7640.563613231552,0,0,0,0,0,0,0,7.504391559161238,10.424283202600682,1.0986122886681098,3.5553480614894135,0.0011019283746556473,0.0011013216972199976,7.360739903058278,2.0186487050933315,False,False,False,False,True,False
6.845532650796314,85.28341133645347,41763.20315581854,0,0,0,0,0,0,0,11.116246644142683,10.403572955571182,3.295836866004329,3.332204510175204,0.000386594105926785,0.0003865193976791975,8.174702882469461,2.0644946046636603,False,False,False,False,False,True
6.867802716726857,76.0,6112.369742419302,0,0,0,0,0,0,0,7.547501682814967,10.247413858283657,0.6931471805599453,3.7612001156935624,0.0005277044854881266,0.0005275652984403766,8.028781162487148,1.9991152142115904,False,False,False,True,False,False
6.662948251583755,0.0,10412.863802559415,0,0,0,0,0,0,0,4.709530201312334,10.093243666143405,0.6931471805599453,3.58351893845611,0.00909090909090909,0.009049835519917856,7.691200097522863,1.9906184714459416,True,False,False,False,False,False
6.679200684224964,55.55555555555556,7640.563613231552,0,0,0,0,0,0,0,7.368970402194793,10.21333101023266,0.6931471805599453,3.912023005428146,0.0006309148264984228,0.0006307158834123459,7.360739903058278,2.0186487050933315,False,False,False,False,True,False
6.520298048758645,77.95275590551181,7640.563613231552,0,0,0,0,0,0,0,8.554874258383926,10.041195584595279,0.6931471805599453,3.1780538303479458,0.00019264110961279138,0.0001926225566968094,7.360739903058278,2.0186487050933315,False,False,False,False,True,False
6.7730536600892846,73.080204778157,7640.563613231552,0,0,0,0,0,0,0,11.016988453697989,10.362179867450322,1.9459101490553132,3.2188758248682006,9.85237852838306e-05,9.85189321343751e-05,7.360739903058278,2.0186487050933315,False,False,False,False,True,False
6.924598873655787,83.11923583662714,41763.20315581854,0,0,0,0,0,0,0,12.339011362557207,10.517511956830722,2.4849066497880004,2.6390573296152584,4.815374176461575e-05,4.8152582410495485e-05,8.174702882469461,2.0644946046636603,False,False,False,False,False,True
6.662948251583755,66.66666666666666,7640.563613231552,0,0,0,0,0,0,0,5.214935757608986,10.093243666143405,1.6094379124341003,3.58351893845611,0.02185792349726776,0.02162246401316571,7.360739903058278,2.0186487050933315,False,False,False,False,True,False
6.4196857509510235,70.2127659574468,6112.369742419302,0,0,0,0,0,0,0,7.982757702011113,9.462855822268324,0.6931471805599453,3.367295829986474,0.0003414134516899966,0.00034135518337943566,8.028781162487148,1.9991152142115904,False,False,False,True,False,False
6.878774120101251,80.0,41763.20315581854,0,0,0,0,0,0,0,9.067162602299854,10.713955722255525,3.295836866004329,2.6390573296152584,0.0030005770340450085,0.0029960842877537314,8.174702882469461,2.0644946046636603,False,False,False,False,False,True
6.666384269016459,0.0,6112.369742419302,0,0,0,0,0,0,0,3.8501476017100584,10.052460850663467,0.6931471805599453,3.5553480614894135,0.021739130434782608,0.021506205220963682,8.028781162487148,1.9991152142115904,False,False,False,True,False,False
6.759206837830128,80.42553191489363,6112.369742419302,0,0,0,0,0,0,0,8.63994165667529,10.264647598275795,0.6931471805599453,3.1354942159291497,0.00017692852087756547,0.00017691287087265054,8.028781162487148,1.9991152142115904,False,False,False,True,False,False
6.22747829422649,100.0,10412.863802559415,0,0,0,0,0,0,0,5.159055299214529,8.715280860702519,0.6931471805599453,2.3978952727983707,0.005780346820809248,0.005763704716750134,7.691200097522863,1.9906184714459416,True,False,False,False,False,False
6.843501468948183,58.333333333333336,10412.863802559415,0,0,0,0,0,0,0,6.625392368007956,10.073300708025029,0.6931471805599453,4.174387269895637,0.0013280212483399733,0.0013271402080624938,7.691200097522863,1.9906184714459416,True,False,False,False,False,False
6.755039400968009,80.23255813953489,6112.369742419302,0,0,0,0,0,0,0,9.850930301797453,10.247191551804496,1.3862943611198906,2.6390573296152584,0.00015810276679841898,0.00015809026987325382,8.028781162487148,1.9991152142115904,False,False,False,True,False,False
6.794607080130419,0.0,10412.863802559415,0,0,0,0,0,0,0,4.927253685157205,9.797980786126336,0.6931471805599453,3.4339872044851463,0.0072992700729927005,0.007272759329079878,7.691200097522863,1.9906184714459416,True,False,False,False,False,False
6.89685613347767,80.90010976948409,10412.863802559415,0,0,0,0,0,0,0,9.82800941136017,10.735563021739752,0.6931471805599453,3.5263605246161616,5.392289026691831e-05,5.3921436480169276e-05,7.691200097522863,1.9906184714459416,True,False,False,False,False,False
6.56832141712291,85.71428571428571,41763.20315581854,0,0,0,0,0,0,0,5.429345628954441,10.082994289262082,3.295836866004329,3.6109179126442243,0.1145374449339207,0.10843947124611757,8.174702882469461,2.0644946046636603,False,False,False,False,False,True
6.928082740748006,82.47595148473442,41763.20315581854,0,0,0,0,0,0,0,10.971846798033217,10.516390885915971,3.2188758248682006,2.995732273553991,0.000412293209187267,0.00041220823969615405,8.174702882469461,2.0644946046636603,False,False,False,False,False,True
6.195191110040243,50.0,6112.369742419302,0,0,0,0,0,0,0,6.214608098422191,7.8686083776014435,1.6094379124341003,3.1354942159291497,0.008016032064128256,0.007984074348220549,8.028781162487148,1.9991152142115904,False,False,False,True,False,False
6.754497497170826,75.0,7640.563613231552,0,0,0,0,0,0,0,5.480638923341991,10.18807018815285,0.6931471805599453,3.6888794541139363,0.0041841004184100415,0.004175371410480592,7.360739903058278,2.0186487050933315,False,False,False,False,True,False
6.775421225450796,0.0,10412.863802559415,0,0,0,0,0,0,0,6.88653164253051,10.449561475376813,0.6931471805599453,3.828641396489095,0.0010224948875255625,0.0010219724956929677,7.691200097522863,1.9906184714459416,True,False,False,False,False,False
6.754818962416433,57.692307692307686,41763.20315581854,0,0,0,0,0,0,0,7.112327444710911,10.53249559764114,3.9318256327243257,3.6109179126442243,0.040783034257748776,0.03997334740857857,8.174702882469461,2.0644946046636603,False,False,False,False,False,True
6.113364449933685,0.0,41763.20315581854,0,0,0,0,0,0,0,4.189654742026425,7.448698102505513,3.295836866004329,3.1354942159291497,0.4,0.3364722366212129,8.174702882469461,2.0644946046636603,False,False,False,False,False,True
6.5004185244497705,0.0,41763.20315581854,0,0,0,0,0,0,0,7.967973179662935,9.91128039696677,3.295836866004329,2.0794415416798357,0.009009009009009009,0.008968669982760316,8.174702882469461,2.0644946046636603,False,False,False,False,False,True
5.879225467208256,71.42857142857143,1266.400447427293,0,0,0,0,0,0,0,6.025865973825314,8.024343613012375,0.6931471805599453,2.833213344056216,0.002421307506053269,0.0024183808642816527,6.104793232414985,1.8852953146630171,False,True,False,False,False,False
6.195191110040243,65.85365853658537,6112.369742419302,0,0,0,0,0,0,0,7.56164174558878,7.8686083776014435,0.6931471805599453,2.995732273553991,0.0005202913631633715,0.0005201560585420083,8.028781162487148,1.9991152142115904,False,False,False,True,False,False
6.852165520065444,64.16382252559727,10412.863802559415,0,0,0,0,0,0,0,8.77940359789435,10.332975724480017,0.6931471805599453,4.189654742026425,0.0001538935056940597,0.0001538816653033791,7.691200097522863,1.9906184714459416,True,False,False,False,False,False
6.644427954689881,76.19047619047619,10412.863802559415,0,0,0,0,0,0,0,7.942362237674335,10.127006476019027,0.6931471805599453,2.70805020110221,0.00035549235691432633,0.0003554291844774232,7.691200097522863,1.9906184714459416,True,False,False,False,False,False
6.788310729601363,0.0,7640.563613231552,0,0,0,0,0,0,0,4.574710978503383,9.914078482087426,0.6931471805599453,2.5649493574615367,0.010416666666666666,0.010362787035546658,7.360739903058278,2.0186487050933315,False,False,False,False,True,False
6.847906623403739,83.43085106382979,41763.20315581854,0,0,0,0,0,0,0,12.615805301356009,10.61081582720618,2.6390573296152584,3.295836866004329,4.314894351471379e-05,4.3148012625762754e-05,8.174702882469461,2.0644946046636603,False,False,False,False,False,True
6.87869123882592,76.47058823529412,7640.563613231552,0,0,0,0,0,0,0,7.062191632286556,10.102764232722187,0.6931471805599453,2.3978952727983707,0.0008576329331046312,0.000857265376118367,7.360739903058278,2.0186487050933315,False,False,False,False,True,False
6.845607708753538,50.0,41763.20315581854,0,0,0,0,0,0,0,5.393627546352362,10.237295762974721,3.9318256327243257,3.044522437723423,0.228310502283105,0.2056396497853382,8.174702882469461,2.0644946046636603,False,False,False,False,False,True
6.504221438092777,0.0,41763.20315581854,0,0,0,0,0,0,0,2.995732273553991,9.592572249461268,2.5933276030091386,2.9444389791664403,0.6512737722691184,0.5015469732801366,8.174702882469461,2.0644946046636603,False,False,False,False,False,True
6.8807167204273005,72.3404255319149,7640.563613231552,0,0,0,0,0,0,0,7.471363088187097,10.402450445109578,0.6931471805599453,3.828641396489095,0.0005694760820045558,0.0005693139920351942,7.360739903058278,2.0186487050933315,False,False,False,False,True,False
6.665993815600843,50.0,7640.563613231552,0,0,0,0,0,0,0,4.890349128221754,10.055965715672183,1.0986122886681098,3.4339872044851463,0.015151515151515152,0.015037877364540502,7.360739903058278,2.0186487050933315,False,False,False,False,True,False
6.880608609282059,74.36974789915966,41763.20315581854,0,0,0,0,0,0,0,8.556221578383715,10.37627619549733,3.258096538021482,3.4965075614664802,0.004809542131589073,0.004798013234863109,8.174702882469461,2.0644946046636603,False,False,False,False,False,True
5.659166666666667,85.71428571428571,10412.863802559415,0,0,0,0,0,0,0,6.413458957167357,6.188948351641614,0.6931471805599453,2.302585092994046,0.0016420361247947454,0.0016406894574600179,7.691200097522863,1.9906184714459416,True,False,False,False,False,False
6.740676724722819,50.0,6112.369742419302,0,0,0,0,0,0,0,5.796057750765372,10.145928508336231,1.3862943611198906,3.091042453358316,0.009146341463414634,0.009104766992919067,8.028781162487148,1.9991152142115904,False,False,False,True,False,False
6.885598857088164,85.22727272727273,6112.369742419302,0,0,0,0,0,0,0,7.826044013518965,10.50889553109574,1.6094379124341003,3.1354942159291497,0.001597444089456869,0.0015961695328221347,8.028781162487148,1.9991152142115904,False,False,False,True,False,False
6.786000370687271,50.0,7640.563613231552,0,0,0,0,0,0,0,4.51085950651685,9.939591632397473,0.6931471805599453,3.332204510175204,0.011111111111111112,0.011049836186584935,7.360739903058278,2.0186487050933315,False,False,False,False,True,False
6.662948251583755,0.0,4092.5737704918033,0,0,0,0,0,0,0,4.624972813284271,10.093243666143405,2.5933276030091386,3.5263605246161616,0.12251684824864603,0.11557335009726098,6.415096959171596,1.8969222823803258,False,False,True,False,False,False
6.819275224602869,78.4708249496982,41763.20315581854,0,0,0,0,0,0,0,9.56836440548421,10.398602416477328,3.2188758248682006,3.4657359027997265,0.0016778523489932886,0.0016764463272523522,8.174702882469461,2.0644946046636603,False,False,False,False,False,True
6.671140218499566,50.0,10412.863802559415,0,0,0,0,0,0,0,5.236441962829949,9.763111410243045,0.6931471805599453,3.6635616461296463,0.0053475935828877,0.005333345975362603,7.691200097522863,1.9906184714459416,True,False,False,False,False,False
6.541380536432849,50.0,7640.563613231552,0,0,0,0,0,0,0,4.143134726391533,9.795191746103242,0.6931471805599453,2.8903717578961645,0.016129032258064516,0.01600034134644112,7.360739903058278,2.0186487050933315,False,False,False,False,True,False
6.195191110040243,66.66666666666666,6112.369742419302,0,0,0,0,0,0,0,5.225746673713202,7.8686083776014435,1.3862943611198906,3.332204510175204,0.016216216216216217,0.016086137751624444,8.028781162487148,1.9991152142115904,False,False,False,True,False,False
6.446069719328857,100.0,1266.400447427293,0,0,0,0,0,0,0,4.653960350157523,10.123306184711458,0.6931471805599453,2.3978952727983707,0.009615384615384616,0.009569451016150672,6.104793232414985,1.8852953146630171,False,True,False,False,False,False
6.916030310694199,80.27681660899654,6112.369742419302,0,0,0,0,0,0,0,11.136397606756661,10.709901796707909,1.0986122886681098,3.58351893845611,2.9144747387902015e-05,2.914432268801196e-05,8.028781162487148,1.9991152142115904,False,False,False,True,False,False
6.7771287869600085,66.66666666666666,7640.563613231552,0,0,0,0,0,0,0,6.104793232414985,10.203130528171146,0.6931471805599453,3.5553480614894135,0.0022371364653243847,0.0022346378014163628,7.360739903058278,2.0186487050933315,False,False,False,False,True,False
6.738572847556955,73.23943661971832,4092.5737704918033,0,0,0,0,0,0,0,9.173883834965567,10.406176714829902,1.9459101490553132,3.332204510175204,0.0006223420806970231,0.0006221485061731835,6.415096959171596,1.8969222823803258,False,False,True,False,False,False
6.92044320954752,82.82122905027933,4092.5737704918033,0,0,0,0,0,0,0,10.243453678411596,10.260882251706049,3.295836866004329,3.5553480614894135,0.000925365697405417,0.0009249378105158987,6.415096959171596,1.8969222823803258,False,False,True,False,False,False
5.7918085106382975,0.0,4092.5737704918033,0,0,0,0,0,0,0,5.187385805840755,7.751630876729169,0.6931471805599453,2.772588722239781,0.0056179775280898875,0.0056022555486697516,6.415096959171596,1.8969222823803258,False,False,True,False,False,False
6.925113977863667,83.03425774877651,41763.20315581854,0,0,0,0,0,0,0,10.568312416091485,10.46173924597502,2.5649493574615367,2.772588722239781,0.0003086260994804794,0.00030857848424243586,8.174702882469461,2.0644946046636603,False,False,False,False,False,True
6.898891539766716,82.28291316526611,6112.369742419302,0,0,0,0,0,0,0,10.60549536152827,10.556343321161869,2.6390573296152584,3.784189633918261,0.00032214099863709576,0.0003220891223663257,8.028781162487148,1.9991152142115904,False,False,False,True,False,False
6.86967255126828,63.63636363636363,41763.20315581854,0,0,0,0,0,0,0,5.993961427306569,10.518200330762806,3.828641396489095,2.6390573296152584,0.1125,0.10660973505825827,8.174702882469461,2.0644946046636603,False,False,False,False,False,True
6.828884411320277,0.0,10412.863802559415,0,0,0,0,0,0,0,5.303304908059076,10.470984869648605,0.6931471805599453,3.7612001156935624,0.005,0.004987541511038968,7.691200097522863,1.9906184714459416,True,False,False,False,False,False
6.110232844165658,82.35294117647058,1266.400447427293,0,0,0,0,0,0,0,6.156978985585555,9.059811780007355,0.6931471805599453,2.4849066497880004,0.0021231422505307855,0.0021208915691376296,6.104793232414985,1.8852953146630171,False,True,False,False,False,False
6.839343485500246,0.0,6112.369742419302,0,0,0,0,0,0,0,4.1588830833596715,10.27793933409923,0.6931471805599453,3.091042453358316,0.015873015873015872,0.015748356968139112,8.028781162487148,1.9991152142115904,False,False,False,True,False,False
6.868572948400319,83.46456692913385,10412.863802559415,0,0,0,0,0,0,0,8.847072312567807,10.00003020977695,0.6931471805599453,3.332204510175204,0.00014382281029771322,0.00014381246878884837,7.691200097522863,1.9906184714459416,True,False,False,False,False,False
6.289007148338809,100.0,10412.863802559415,0,0,0,0,0,0,0,5.003946305945459,7.921587131345857,0.6931471805599453,2.9444389791664403,0.006756756756756757,0.0067340321813441194,7.691200097522863,1.9906184714459416,True,False,False,False,False,False
6.827850625188941,0.0,10412.863802559415,0,0,0,0,0,0,0,4.204692619390966,9.960021534452826,0.6931471805599453,2.70805020110221,0.015151515151515152,0.015037877364540502,7.691200097522863,1.9906184714459416,True,False,False,False,False,False
5.879225467208256,70.05988023952095,1266.400447427293,0,0,0,0,0,0,0,8.297792626380861,8.024343613012375,0.6931471805599453,2.9444389791664403,0.00024912805181863477,0.00024909702457860997,6.104793232414985,1.8852953146630171,False,True,False,False,False,False
6.830302829409439,76.32183908045977,7640.563613231552,0,0,0,0,0,0,0,10.61026639832702,10.740008208297569,1.3862943611198906,2.9444389791664403,7.39863865048831e-05,7.398364964720814e-05,7.360739903058278,2.0186487050933315,False,False,False,False,True,False
6.731627925235588,80.0,41763.20315581854,0,0,0,0,0,0,0,5.908082938168931,10.129263938904367,3.295836866004329,3.044522437723423,0.07084468664850137,0.0684477638146909,8.174702882469461,2.0644946046636603,False,False,False,False,False,True
6.66056296418094,60.0,41763.20315581854,0,0,0,0,0,0,0,6.173786103901937,9.984628100365027,2.6390573296152584,2.1972245773362196,0.027139874739039668,0.026778119081392885,8.174702882469461,2.0644946046636603,False,False,False,False,False,True
6.374060579146284,65.0,6112.369742419302,0,0,0,0,0,0,0,6.535241271013659,9.58895401364657,1.3862943611198906,2.6390573296152584,0.00436046511627907,0.004350985834326132,8.028781162487148,1.9991152142115904,False,False,False,True,False,False
6.886319142907979,84.65157306674507,41763.20315581854,0,0,0,0,0,0,0,11.39634670388405,10.183715756641568,3.295836866004329,3.4339872044851463,0.0002921512444519355,0.0002921085765873259,8.174702882469461,2.0644946046636603,False,False,False,False,False,True
6.620900898420092,50.0,4092.5737704918033,0,0,0,0,0,0,0,5.4116460518550396,10.194773500063912,0.6931471805599453,2.70805020110221,0.004484304932735426,0.004474280394921107,6.415096959171596,1.8969222823803258,False,False,True,False,False,False
6.764465840959698,0.0,41763.20315581854,0,0,0,0,0,0,0,8.367764677924308,10.329557543516108,2.5933276030091386,2.772588722239781,0.0028743790181447733,0.00287025588984074,8.174702882469461,2.0644946046636603,False,False,False,False,False,True
6.84281977134661,75.66539923954373,6112.369742419302,0,0,0,0,0,0,0,8.768263145371286,10.268640293324752,1.3862943611198906,2.9444389791664403,0.00046685340802987864,0.0004667444658829387,8.028781162487148,1.9991152142115904,False,False,False,True,False,False
6.657777498633077,73.01038062283737,6112.369742419302,0,0,0,0,0,0,0,8.837971491357209,10.207815502941266,0.6931471805599453,2.6390573296152584,0.00014513788098693758,0.00014512734950366236,8.028781162487148,1.9991152142115904,False,False,False,True,False,False
6.823146793508421,0.0,41763.20315581854,0,0,0,0,0,0,0,4.3694478524670215,10.27120685262779,3.295836866004329,2.70805020110221,0.3333333333333333,0.28768207245178085,8.174702882469461,2.0644946046636603,False,False,False,False,False,True
6.726881389735055,66.66666666666666,41763.20315581854,0,0,0,0,0,0,0,6.523562306149512,9.920300326844044,3.9512437185814275,3.5263605246161616,0.075,0.07232066157962608,8.174702882469461,2.0644946046636603,False,False,False,False,False,True
6.2680555955337915,100.0,1266.400447427293,0,0,0,0,0,0,0,4.543294782270004,9.017138872834964,0.6931471805599453,3.1354942159291497,0.010752688172043012,0.01069528911674795,6.104793232414985,1.8852953146630171,False,True,False,False,False,False
5.879225467208256,80.0,1266.400447427293,0,0,0,0,0,0,0,5.337538079701318,8.024343613012375,0.6931471805599453,2.5649493574615367,0.004830917874396135,0.004819286435948922,6.104793232414985,1.8852953146630171,False,True,False,False,False,False
6.831725682510775,77.77777777777779,6112.369742419302,0,0,0,0,0,0,0,8.734238184268579,10.293546054911756,2.1972245773362196,2.0794415416798357,0.0012880373530832394,0.0012872085445863105,8.028781162487148,1.9991152142115904,False,False,False,True,False,False
6.832490205670767,67.56756756756756,41763.20315581854,0,0,0,0,0,0,0,7.552237287560802,10.384090491107616,3.9512437185814275,3.091042453358316,0.026785714285714284,0.02643325706815543,8.174702882469461,2.0644946046636603,False,False,False,False,False,True
6.22747829422649,0.0,10412.863802559415,0,0,0,0,0,0,0,3.828641396489095,8.715280860702519,0.6931471805599453,3.1354942159291497,0.022222222222222223,0.021978906718775167,7.691200097522863,1.9906184714459416,True,False,False,False,False,False
6.20715799971213,77.00729927007299,6112.369742419302,0,0,0,0,0,0,0,9.52134826973146,9.847465822742766,0.6931471805599453,3.828641396489095,7.327617791455998e-05,7.327349334654503e-05,8.028781162487148,1.9991152142115904,False,False,False,True,False,False
6.195191110040243,87.5,6112.369742419302,0,0,0,0,0,0,0,7.0431599159883405,7.8686083776014435,1.0986122886681098,3.4657359027997265,0.0017482517482517483,0.0017467253349415786,8.028781162487148,1.9991152142115904,False,False,False,True,False,False
6.677693639525605,82.02247191011236,10412.863802559415,0,0,0,0,0,0,0,7.881559917056899,9.328032216867232,0.6931471805599453,3.044522437723423,0.00037778617302606723,0.0003777148297975776,7.691200097522863,1.9906184714459416,True,False,False,False,False,False
6.884760122793571,83.7917485265226,10412.863802559415,0,0,0,0,0,0,0,11.252910438880114,10.547422369946675,0.6931471805599453,3.784189633918261,1.29696639560069e-05,1.2969579850555233e-05,7.691200097522863,1.9906184714459416,True,False,False,False,False,False
6.824281949276691,68.89460154241645,6112.369742419302,0,0,0,0,0,0,0,9.954370762850697,10.120278373782119,1.0986122886681098,3.784189633918261,9.504348239319489e-05,9.503896604758898e-05,8.028781162487148,1.9991152142115904,False,False,False,True,False,False
6.744524531479761,72.0,4092.5737704918033,0,0,0,0,0,0,0,7.207118856207756,10.225216783767557,0.6931471805599453,4.02535169073515,0.000741839762611276,0.0007415647355035913,6.415096959171596,1.8969222823803258,False,False,True,False,False,False
6.62799810652082,79.2749658002736,10412.863802559415,0,0,0,0,0,0,0,10.518321778536663,9.876168534673917,0.6931471805599453,3.7612001156935624,2.703725734061537e-05,2.703689184049111e-05,7.691200097522863,1.9906184714459416,True,False,False,False,False,False
6.812269569012642,78.87323943661971,41763.20315581854,0,0,0,0,0,0,0,8.303752415563412,10.29649009916797,2.5649493574615367,3.4657359027997265,0.0029717682020802376,0.002967361227802008,8.174702882469461,2.0644946046636603,False,False,False,False,False,True
6.901319301374479,72.0,6112.369742419302,0,0,0,0,0,0,0,7.720461694599722,10.400717469208844,1.0986122886681098,3.828641396489095,0.000887705281846427,0.0008873115045342004,8.028781162487148,1.9991152142115904,False,False,False,True,False,False
5.775788441476067,0.0,10412.863802559415,0,0,0,0,0,0,0,3.784189633918261,8.653460843742746,0.6931471805599453,1.6094379124341003,0.023255813953488372,0.02298951822469878,7.691200097522863,1.9906184714459416,True,False,False,False,False,False
6.772409865396259,0.0,41763.20315581854,0,0,0,0,0,0,0,4.51085950651685,9.86904896085482,3.295836866004329,3.1780538303479458,0.28888888888888886,0.25378052077609947,8.174702882469461,2.0644946046636603,False,False,False,False,False,True
6.786975454264241,72.75064267352185,7640.563613231552,0,0,0,0,0,0,0,10.562017408074379,10.224166822188002,0.6931471805599453,3.6109179126442243,2.588125679382991e-05,2.5880921879976866e-05,7.360739903058278,2.0186487050933315,False,False,False,False,True,False
6.815843775404242,82.2977481234362,41763.20315581854,0,0,0,0,0,0,0,12.616057524070001,10.514901325635828,2.5649493574615367,2.4849066497880004,3.981974926831211e-05,3.981895648319577e-05,8.174702882469461,2.0644946046636603,False,False,False,False,False,True
6.58558055977916,0.0,10412.863802559415,0,0,0,0,0,0,0,3.7376696182833684,9.56895283095515,0.6931471805599453,3.332204510175204,0.024390243902439025,0.024097551579060524,7.691200097522863,1.9906184714459416,True,False,False,False,False,False
6.662948251583755,72.72727272727273,41763.20315581854,0,0,0,0,0,0,0,7.443078374348516,10.093243666143405,4.962844630259907,2.772588722239781,0.08318687756297598,0.07990750859268429,8.174702882469461,2.0644946046636603,False,False,False,False,False,True
6.613380744387155,0.0,6112.369742419302,0,0,0,0,0,0,0,3.7376696182833684,9.863385669970391,0.6931471805599453,3.4965075614664802,0.024390243902439025,0.024097551579060524,8.028781162487148,1.9991152142115904,False,False,False,True,False,False
6.698173061212458,50.0,6112.369742419302,0,0,0,0,0,0,0,4.418840607796598,10.55722399766148,0.6931471805599453,3.332204510175204,0.012195121951219513,0.01212136053234482,8.028781162487148,1.9991152142115904,False,False,False,True,False,False
6.604052540744851,73.33333333333333,6112.369742419302,0,0,0,0,0,0,0,6.100318952020064,10.114427741028656,0.6931471805599453,2.70805020110221,0.0022471910112359553,0.0022446698538239494,8.028781162487148,1.9991152142115904,False,False,False,True,False,False
6.777925656471416,76.54921020656136,7640.563613231552,0,0,0,0,0,0,0,10.190469379873516,10.358720806111029,0.6931471805599453,3.7376696182833684,3.7527676661537886e-05,3.7526972515900546e-05,7.360739903058278,2.0186487050933315,False,False,False,False,True,False
6.928564588860844,85.54572271386431,10412.863802559415,0,0,0,0,0,0,0,10.025705185260378,10.626618436990437,0.6931471805599453,3.6375861597263857,4.424974556396301e-05,4.4248766572828856e-05,7.691200097522863,1.9906184714459416,True,False,False,False,False,False
6.195191110040243,71.875,6112.369742419302,0,0,0,0,0,0,0,7.049254841255837,7.8686083776014435,1.0986122886681098,2.302585092994046,0.0017376194613379669,0.0017361115471762956,8.028781162487148,1.9991152142115904,False,False,False,True,False,False
6.810042529424079,82.95566502463055,10412.863802559415,0,0,0,0,0,0,0,10.24491179343424,10.047568209938474,0.6931471805599453,2.995732273553991,3.553912858056721e-05,3.553849708080677e-05,7.691200097522863,1.9906184714459416,True,False,False,False,False,False
6.687391891109108,81.83748311136846,41763.20315581854,0,0,0,0,0,0,0,12.791111093095617,10.299693967429706,2.5649493574615367,2.8903717578961645,3.34251596747732e-05,3.3424601066547273e-05,8.174702882469461,2.0644946046636603,False,False,False,False,False,True
6.767541224610549,78.28947368421053,7640.563613231552,0,0,0,0,0,0,0,8.987196820661973,10.355922751208103,1.0986122886681098,3.044522437723423,0.00025003125390673836,0.0002500000013020024,7.360739903058278,2.0186487050933315,False,False,False,False,True,False
6.270257490704965,77.5,7640.563613231552,0,0,0,0,0,0,0,8.444407421690585,8.471450016819338,0.6931471805599453,3.332204510175204,0.0002151462994836489,0.00021512315883764763,7.360739903058278,2.0186487050933315,False,False,False,False,True,False
6.6934802647434,72.86689419795222,4092.5737704918033,0,0,0,0,0,0,0,9.601503695373488,9.704945179459122,0.6931471805599453,3.5263605246161616,6.763154335181928e-05,6.762925644215877e-05,6.415096959171596,1.8969222823803258,False,False,True,False,False,False
6.939436198728593,79.66616084977238,6112.369742419302,0,0,0,0,0,0,0,9.627536402960045,10.362492847558967,1.3862943611198906,2.6390573296152584,0.00019768054823405377,0.00019766101200899527,8.028781162487148,1.9991152142115904,False,False,False,True,False,False
6.76190235492579,74.43181818181817,7640.563613231552,0,0,0,0,0,0,0,8.866158492284917,10.457939381915788,0.6931471805599453,3.871201010907891,0.00014110342881332017,0.0001410934746607927,7.360739903058278,2.0186487050933315,False,False,False,False,True,False
6.195191110040243,66.66666666666666,6112.369742419302,0,0,0,0,0,0,0,7.8582541821860294,7.8686083776014435,1.0986122886681098,3.58351893845611,0.0007733952049497294,0.0007730962889884549,8.028781162487148,1.9991152142115904,False,False,False,True,False,False
6.5004185244497705,0.0,41763.20315581854,0,0,0,0,0,0,0,4.653960350157523,9.91128039696677,4.343805421853684,3.332204510175204,0.7307692307692307,0.5485659517488377,8.174702882469461,2.0644946046636603,False,False,False,False,False,True
6.855023571108642,77.10437710437711,4092.5737704918033,0,0,0,0,0,0,0,9.774801544908083,10.579277778179469,1.791759469228055,2.995732273553991,0.0002843494085532302,0.0002843089889220978,6.415096959171596,1.8969222823803258,False,False,True,False,False,False
6.833753984257306,37.5,10412.863802559415,0,0,0,0,0,0,0,5.998936561946683,10.457505514221607,0.6931471805599453,3.1780538303479458,0.0024875621890547263,0.0024844733276619658,7.691200097522863,1.9906184714459416,True,False,False,False,False,False
6.647495153665344,69.56521739130434,41763.20315581854,0,0,0,0,0,0,0,6.159095388491933,9.989194101566861,4.3694478524670215,2.8903717578961645,0.1652542372881356,0.15293929264096123,8.174702882469461,2.0644946046636603,False,False,False,False,False,True
6.195191110040243,74.4186046511628,6112.369742419302,0,0,0,0,0,0,0,7.153833801578843,7.8686083776014435,1.0986122886681098,2.70805020110221,0.001564945226917058,0.0015637219761827589,8.028781162487148,1.9991152142115904,False,False,False,True,False,False
6.824801994066727,78.51239669421489,41763.20315581854,0,0,0,0,0,0,0,7.875499292445208,10.278123912866667,3.970291913552122,3.6635616461296463,0.01976434815659445,0.019571569385331514,8.174702882469461,2.0644946046636603,False,False,False,False,False,True
6.66391737475365,77.63157894736842,10412.863802559415,0,0,0,0,0,0,0,7.587817219993427,9.799753131264394,0.6931471805599453,3.8918202981106265,0.0005068423720223011,0.0005067139708114992,7.691200097522863,1.9906184714459416,True,False,False,False,False,False
6.78289753739322,81.32240745973439,41763.20315581854,0,0,0,0,0,0,0,11.461695326483039,10.584017114337277,2.5649493574615367,2.833213344056216,0.00012630914162412504,0.0001263011652961674,8.174702882469461,2.0644946046636603,False,False,False,False,False,True
6.7728198451635695,50.0,10412.863802559415,0,0,0,0,0,0,0,5.537334267018537,9.293585506586053,0.6931471805599453,3.4339872044851463,0.003952569169960474,0.003944778291016325,7.691200097522863,1.9906184714459416,True,False,False,False,False,False
6.662948251583755,71.42857142857143,41763.20315581854,0,0,0,0,0,0,0,6.889591308354466,10.093243666143405,4.1588830833596715,2.5649493574615367,0.06422018348623854,0.062242308877221,8.174702882469461,2.0644946046636603,False,False,False,False,False,True
6.818032823249103,86.9281045751634,10412.863802559415,0,0,0,0,0,0,0,10.151986911112646,10.342475232675952,0.6931471805599453,3.258096538021482,3.9000039000039e-05,3.8999278518288155e-05,7.691200097522863,1.9906184714459416,True,False,False,False,False,False
6.7720511464995905,66.66666666666666,41763.20315581854,0,0,0,0,0,0,0,5.8664680569332965,10.324648393136634,3.295836866004329,3.044522437723423,0.07386363636363637,0.0712630200214907,8.174702882469461,2.0644946046636603,False,False,False,False,False,True
6.672477753139572,76.47058823529412,10412.863802559415,0,0,0,0,0,0,0,6.175867270105761,10.530756841205854,0.6931471805599453,2.3978952727983707,0.0020833333333333333,0.002081166203824671,7.691200097522863,1.9906184714459416,True,False,False,False,False,False
6.5004185244497705,0.0,41763.20315581854,0,0,0,0,0,0,0,5.017279836814924,9.91128039696677,2.5649493574615367,3.258096538021482,0.08,0.0769610411361284,8.174702882469461,2.0644946046636603,False,False,False,False,False,True
6.7842301997157435,65.21739130434783,7640.563613231552,0,0,0,0,0,0,0,6.943122422819428,10.055566237327685,0.6931471805599453,3.7612001156935624,0.000966183574879227,0.0009657171199590132,7.360739903058278,2.0186487050933315,False,False,False,False,True,False
6.545649931970783,75.47169811320755,7640.563613231552,0,0,0,0,0,0,0,7.864419904994565,10.051536587524138,0.6931471805599453,4.219507705176107,0.0003843197540353574,0.0003842459221148453,7.360739903058278,2.0186487050933315,False,False,False,False,True,False
6.794834847205189,0.0,6112.369742419302,0,0,0,0,0,0,0,4.382026634673881,10.363411087812501,0.6931471805599453,3.044522437723423,0.012658227848101266,0.012578782206860185,8.028781162487148,1.9991152142115904,False,False,False,True,False,False
6.662948251583755,85.41062801932368,41763.20315581854,0,0,0,0,0,0,0,12.32797164342494,10.093243666143405,2.5649493574615367,2.302585092994046,5.311450158679573e-05,5.3113091061543964e-05,8.174702882469461,2.0644946046636603,False,False,False,False,False,True
6.909549919210213,77.22222222222223,6112.369742419302,0,0,0,0,0,0,0,9.34862295977619,10.615502484650241,1.0986122886681098,2.9444389791664403,0.00017418568193694478,0.0001741705133725654,8.028781162487148,1.9991152142115904,False,False,False,True,False,False
6.360718037569562,75.0,4092.5737704918033,0,0,0,0,0,0,0,7.622663951323595,9.945087337209394,0.6931471805599453,2.1972245773362196,0.0004894762604013706,0.000489356505972925,6.415096959171596,1.8969222823803258,False,False,True,False,False,False
6.5264888547538815,0.0,10412.863802559415,0,0,0,0,0,0,0,4.30406509320417,9.75745455496221,0.6931471805599453,4.0943445622221,0.0136986301369863,0.013605652055778678,7.691200097522863,1.9906184714459416,True,False,False,False,False,False
6.823146793508421,77.55102040816327,10412.863802559415,0,0,0,0,0,0,0,8.103191752285786,10.27120685262779,0.6931471805599453,3.784189633918261,0.0003026634382566586,0.0003026176449178964,7.691200097522863,1.9906184714459416,True,False,False,False,False,False
6.884515114191727,79.27461139896373,6112.369742419302,0,0,0,0,0,0,0,10.021181695352771,10.688339121578005,0.6931471805599453,3.8066624897703196,4.445037116059919e-05,4.444938327204683e-05,8.028781162487148,1.9991152142115904,False,False,False,True,False,False
5.558589488847307,50.0,6112.369742419302,0,0,0,0,0,0,0,4.709530201312334,5.858417164315927,0.6931471805599453,3.784189633918261,0.00909090909090909,0.009049835519917856,8.028781162487148,1.9991152142115904,False,False,False,True,False,False
6.5004185244497705,80.43478260869566,7640.563613231552,0,0,0,0,0,0,0,8.613593685702552,9.91128039696677,1.3862943611198906,4.007333185232471,0.0005449591280653951,0.0005448106917650241,7.360739903058278,2.0186487050933315,False,False,False,False,True,False
6.22747829422649,68.75,10412.863802559415,0,0,0,0,0,0,0,7.063903961472068,8.715280860702519,0.6931471805599453,3.8066624897703196,0.0008561643835616438,0.0008557980838960213,7.691200097522863,1.9906184714459416,True,False,False,False,False,False
6.604842707205482,77.5,41763.20315581854,0,0,0,0,0,0,0,8.526549286340263,9.94521695986674,2.6390573296152584,2.70805020110221,0.002576298057867618,0.0025729850909330526,8.174702882469461,2.0644946046636603,False,False,False,False,False,True
6.704816919511941,60.97560975609756,41763.20315581854,0,0,0,0,0,0,0,6.990256500493881,10.173772038987034,4.553876891600541,3.044522437723423,0.08663594470046083,0.08308663456281094,8.174702882469461,2.0644946046636603,False,False,False,False,False,True
6.5004185244497705,50.0,10412.863802559415,0,0,0,0,0,0,0,4.919980925828125,9.91128039696677,0.6931471805599453,2.70805020110221,0.007352941176470588,0.007326040092072881,7.691200097522863,1.9906184714459416,True,False,False,False,False,False
6.68939607652329,80.0,7640.563613231552,0,0,0,0,0,0,0,6.037870919922137,9.743355927648611,0.6931471805599453,3.4339872044851463,0.0023923444976076554,0.0023894873973814854,7.360739903058278,2.0186487050933315,False,False,False,False,True,False
6.789712189567077,80.85867620751341,41763.20315581854,0,0,0,0,0,0,0,9.646787217693076,10.269795630301212,3.295836866004329,2.8903717578961645,0.001680563635188417,0.0016791530682663226,8.174702882469461,2.0644946046636603,False,False,False,False,False,True
6.7386854344927904,81.37931034482759,6112.369742419302,0,0,0,0,0,0,0,8.204398418149381,10.145869480287827,0.6931471805599453,3.367295829986474,0.0002735229759299781,0.0002734855753406958,8.028781162487148,1.9991152142115904,False,False,False,True,False,False
6.295993024103089,0.0,10412.863802559415,0,0,0,0,0,0,0,3.970291913552122,7.827680491919387,0.6931471805599453,3.295836866004329,0.019230769230769232,0.01904819497069441,7.691200097522863,1.9906184714459416,True,False,False,False,False,False
6.195191110040243,66.66666666666666,6112.369742419302,0,0,0,0,0,0,0,6.573680166960646,7.8686083776014435,1.0986122886681098,1.9459101490553132,0.002797202797202797,0.0027932979056126536,8.028781162487148,1.9991152142115904,False,False,False,True,False,False
6.818850027557036,75.51020408163265,10412.863802559415,0,0,0,0,0,0,0,7.463363045520021,10.401186759828693,0.6931471805599453,3.8501476017100584,0.000574052812858783,0.0005738881075728592,7.691200097522863,1.9906184714459416,True,False,False,False,False,False
6.873205160812818,76.08200455580865,41763.20315581854,0,0,0,0,0,0,0,9.07371849443322,10.191215983206497,3.4965075614664802,2.302585092994046,0.0036688832836505388,0.0036621693481287986,8.174702882469461,2.0644946046636603,False,False,False,False,False,True
6.427690326839088,70.45454545454545,6112.369742419302,0,0,0,0,0,0,0,8.400209835930418,9.783002990437407,1.0986122886681098,2.1972245773362196,0.00044974139869574995,0.00044964029534527966,8.028781162487148,1.9991152142115904,False,False,False,True,False,False
6.90836132184995,78.0952380952381,41763.20315581854,0,0,0,0,0,0,0,8.648747631156539,10.411816628758986,2.5649493574615367,2.4849066497880004,0.002104524728165556,0.0021023133181009928,8.174702882469461,2.0644946046636603,False,False,False,False,False,True
6.5004185244497705,79.59183673469387,41763.20315581854,0,0,0,0,0,0,0,7.242797922793756,9.91128039696677,3.295836866004329,2.772588722239781,0.018611309949892626,0.0184402388328905,8.174702882469461,2.0644946046636603,False,False,False,False,False,True
6.882103182024544,84.78354978354979,41763.20315581854,0,0,0,0,0,0,0,12.834363921258339,10.564183513980916,3.2188758248682006,2.772588722239781,6.402048655569782e-05,6.401843733173876e-05,8.174702882469461,2.0644946046636603,False,False,False,False,False,True
6.92343943356571,85.64558788170234,41763.20315581854,0,0,0,0,0,0,0,11.97390096300596,10.245193725116032,3.258096538021482,2.4849066497880004,0.000157668026816178,0.00015765559851927728,8.174702882469461,2.0644946046636603,False,False,False,False,False,True
6.949484610218818,0.0,10412.863802559415,0,0,0,0,0,0,0,4.189654742026425,10.607502162899086,0.6931471805599453,3.258096538021482,0.015384615384615385,0.01526747213078838,7.691200097522863,1.9906184714459416,True,False,False,False,False,False
6.20715799971213,100.0,10412.863802559415,0,0,0,0,0,0,0,4.290459441148391,9.847465822742766,0.6931471805599453,2.70805020110221,0.013888888888888888,0.01379332213233577,7.691200097522863,1.9906184714459416,True,False,False,False,False,False
6.818504430229769,79.87616099071208,41763.20315581854,0,0,0,0,0,0,0,10.231423458135055,10.5441915157358,2.5649493574615367,2.8903717578961645,0.00043226108569576025,0.00043216768778649937,8.174702882469461,2.0644946046636603,False,False,False,False,False,True
6.822369666044151,84.09542743538768,10412.863802559415,0,0,0,0,0,0,0,10.145845322774143,10.19354510551492,0.6931471805599453,2.772588722239781,3.924030764401193e-05,3.923953776317447e-05,7.691200097522863,1.9906184714459416,True,False,False,False,False,False
6.829940793551526,79.21440261865794,41763.20315581854,0,0,0,0,0,0,0,9.978177498167572,10.6599636855664,3.295836866004329,3.1780538303479458,0.0012064965197215777,0.001205769287672069,8.174702882469461,2.0644946046636603,False,False,False,False,False,True
6.891417907797165,42.857142857142854,7640.563613231552,0,0,0,0,0,0,0,8.272059622210412,10.475275318192313,1.3862943611198906,3.4011973816621555,0.0007668711656441718,0.0007665772701954624,7.360739903058278,2.0186487050933315,False,False,False,False,True,False
6.794607080130419,0.0,7640.563613231552,0,0,0,0,0,0,0,4.174387269895637,9.797980786126336,0.6931471805599453,3.970291913552122,0.015625,0.015504186535965254,7.360739903058278,2.0186487050933315,False,False,False,False,True,False
6.823696150302719,83.33333333333334,10412.863802559415,0,0,0,0,0,0,0,5.723585101952381,10.525912686799506,0.6931471805599453,3.367295829986474,0.003278688524590164,0.0032733253449691085,7.691200097522863,1.9906184714459416,True,False,False,False,False,False
6.780595148016227,0.0,10412.863802559415,0,0,0,0,0,0,0,4.74493212836325,10.075392106597004,0.6931471805599453,2.9444389791664403,0.008771929824561403,0.008733679968754631,7.691200097522863,1.9906184714459416,True,False,False,False,False,False
6.854123792605303,71.73913043478261,10412.863802559415,0,0,0,0,0,0,0,8.042056410058754,10.433667606671134,0.6931471805599453,3.2188758248682006,0.00032175032175032174,0.0003216985712157326,7.691200097522863,1.9906184714459416,True,False,False,False,False,False
6.8700913908694865,82.61367978601452,10412.863802559415,0,0,0,0,0,0,0,11.108290012602541,10.540845522878904,0.6931471805599453,3.8501476017100584,1.4987784955261463e-05,1.4987672639618115e-05,7.691200097522863,1.9906184714459416,True,False,False,False,False,False
6.295993024103089,60.0,41763.20315581854,0,0,0,0,0,0,0,4.976733742420574,7.827680491919387,5.198497031265826,3.044522437723423,1.25,0.8109302162163288,8.174702882469461,2.0644946046636603,False,False,False,False,False,True
6.742301173298169,80.76923076923077,41763.20315581854,0,0,0,0,0,0,0,8.034631032923107,10.171466586021008,3.970291913552122,2.6390573296152584,0.016855753646677473,0.01671527185119006,8.174702882469461,2.0644946046636603,False,False,False,False,False,True
6.786000370687271,70.9090909090909,6112.369742419302,0,0,0,0,0,0,0,7.3833681469923835,9.939591632397473,1.3862943611198906,3.4657359027997265,0.0018656716417910447,0.0018639334380627327,8.028781162487148,1.9991152142115904,False,False,False,True,False,False
6.5004185244497705,100.0,4092.5737704918033,0,0,0,0,0,0,0,3.6635616461296463,9.91128039696677,0.6931471805599453,2.995732273553991,0.02631578947368421,0.025975486403260736,6.415096959171596,1.8969222823803258,False,False,True,False,False,False
6.93983680999547,79.75308641975309,10412.863802559415,0,0,0,0,0,0,0,8.868131713503033,10.469545939405089,0.6931471805599453,3.4339872044851463,0.0001408252358822701,0.00014081532093963262,7.691200097522863,1.9906184714459416,True,False,False,False,False,False
6.868724819918593,76.56916514320537,6112.369742419302,0,0,0,0,0,0,0,11.20947979733897,10.659571328191142,1.0986122886681098,3.332204510175204,2.709072684420123e-05,2.709035989714559e-05,8.028781162487148,1.9991152142115904,False,False,False,True,False,False
6.626533453023366,0.0,41763.20315581854,0,0,0,0,0,0,0,3.58351893845611,9.563059716451976,3.970291913552122,3.6109179126442243,1.4857142857142858,0.9105600571651701,8.174702882469461,2.0644946046636603,False,False,False,False,False,True
6.786975454264241,74.90644948272067,10412.863802559415,0,0,0,0,0,0,0,11.20168813289691,10.224166822188002,0.6931471805599453,3.5553480614894135,1.3651318034756256e-05,1.3651224856263541e-05,7.691200097522863,1.9906184714459416,True,False,False,False,False,False
6.829940793551526,76.6109785202864,6112.369742419302,0,0,0,0,0,0,0,9.307467082706905,10.6599636855664,1.6094379124341003,2.9444389791664403,0.0003630093474906979,0.0003629434755384306,8.028781162487148,1.9991152142115904,False,False,False,True,False,False
6.195191110040243,75.0,6112.369742419302,0,0,0,0,0,0,0,5.552959584921617,7.8686083776014435,0.6931471805599453,3.6375861597263857,0.0038910505836575876,0.003883500026397612,8.028781162487148,1.9991152142115904,False,False,False,True,False,False
6.657777498633077,74.962852897474,6112.369742419302,0,0,0,0,0,0,0,10.095099156237175,10.207815502941266,1.0986122886681098,3.091042453358316,8.256615613260124e-05,8.256274773509911e-05,8.028781162487148,1.9991152142115904,False,False,False,True,False,False
6.110232844165658,50.0,1266.400447427293,0,0,0,0,0,0,0,5.493061443340548,9.059811780007355,1.0986122886681098,3.258096538021482,0.008264462809917356,0.008230499136515444,6.104793232414985,1.8852953146630171,False,True,False,False,False,False
6.885625457752329,0.0,10412.863802559415,0,0,0,0,0,0,0,4.955827057601261,10.465425245378393,0.6931471805599453,3.091042453358316,0.0070921985815602835,0.007067167223092353,7.691200097522863,1.9906184714459416,True,False,False,False,False,False
6.510263751421897,71.55756207674943,4092.5737704918033,0,0,0,0,0,0,0,9.848767340335895,9.93043086016947,0.6931471805599453,4.553876891600541,5.281504172388296e-05,5.2813647058620284e-05,6.415096959171596,1.8969222823803258,False,False,True,False,False,False
6.164566264410774,56.81818181818182,6112.369742419302,0,0,0,0,0,0,0,7.756195343948118,8.390577965008806,1.3862943611198906,3.970291913552122,0.001284796573875803,0.0012839719290160454,8.028781162487148,1.9991152142115904,False,False,False,True,False,False
6.869497280859013,78.69767441860465,41763.20315581854,0,0,0,0,0,0,0,10.135630487647138,10.534651884839528,2.6390573296152584,2.9444389791664403,0.0005153617443012885,0.0005152289910461535,8.174702882469461,2.0644946046636603,False,False,False,False,False,True
6.886663041849979,81.25,10412.863802559415,0,0,0,0,0,0,0,7.789868559054706,10.445537173369958,0.6931471805599453,1.791759469228055,0.00041407867494824016,0.00041399296803251273,7.691200097522863,1.9906184714459416,True,False,False,False,False,False
6.74986407137829,71.35416666666666,7640.563613231552,0,0,0,0,0,0,0,9.080345575359996,10.440940805566955,0.6931471805599453,4.110873864173311,0.00011389521640091117,0.0001138887308331026,7.360739903058278,2.0186487050933315,False,False,False,False,True,False
6.829100575762723,82.41758241758241,4092.5737704918033,0,0,0,0,0,0,0,7.772331575169614,10.865110774579836,0.6931471805599453,2.6390573296152584,0.00042140750105351877,0.00042131873384983496,6.415096959171596,1.8969222823803258,False,False,True,False,False,False
6.855944669483427,83.91472868217055,41763.20315581854,0,0,0,0,0,0,0,11.832186143146664,10.506955325331703,2.5649493574615367,2.3978952727983707,8.720296490080663e-05,8.719916294331696e-05,8.174702882469461,2.0644946046636603,False,False,False,False,False,True
6.22747829422649,50.0,10412.863802559415,0,0,0,0,0,0,0,4.875197323201151,8.715280860702519,0.6931471805599453,3.4657359027997265,0.007692307692307693,0.007662872745569097,7.691200097522863,1.9906184714459416,True,False,False,False,False,False
6.6725494253734485,79.36078006500541,41763.20315581854,0,0,0,0,0,0,0,11.126041650398415,10.114947136693601,2.6390573296152584,2.4849066497880004,0.0001914129218446316,0.00019139460472860704,8.174702882469461,2.0644946046636603,False,False,False,False,False,True
6.195191110040243,48.93617021276596,6112.369742419302,0,0,0,0,0,0,0,7.061334366910438,7.8686083776014435,1.3862943611198906,2.3978952727983707,0.002575107296137339,0.00257179738837139,8.028781162487148,1.9991152142115904,False,False,False,True,False,False
6.84073948827224,0.0,41763.20315581854,0,0,0,0,0,0,0,8.29853954537488,10.224385977612846,2.5933276030091386,3.4965075614664802,0.00308045846978174,0.0030757235788541723,8.174702882469461,2.0644946046636603,False,False,False,False,False,True
6.5004185244497705,79.14831130690162,4092.5737704918033,0,0,0,0,0,0,0,9.534595424658804,9.91128039696677,0.6931471805599453,2.9444389791664403,7.231180851833104e-05,7.230919414561744e-05,6.415096959171596,1.8969222823803258,False,False,True,False,False,False
5.7918085106382975,50.0,7640.563613231552,0,0,0,0,0,0,0,5.5909869805108565,7.751630876729169,0.6931471805599453,2.833213344056216,0.003745318352059925,0.003738322110607158,7.360739903058278,2.0186487050933315,False,False,False,False,True,False
6.840850632094109,75.90361445783132,41763.20315581854,0,0,0,0,0,0,0,8.955706153570603,10.611601948919969,3.2188758248682006,2.772588722239781,0.0030963746613340212,0.003091590765923392,8.174702882469461,2.0644946046636603,False,False,False,False,False,True
5.879225467208256,68.0,1266.400447427293,0,0,0,0,0,0,0,6.579251212010101,8.024343613012375,0.6931471805599453,2.6390573296152584,0.0013908205841446453,0.0013898542890542977,6.104793232414985,1.8852953146630171,False,True,False,False,False,False
6.195191110040243,63.26530612244898,6112.369742419302,0,0,0,0,0,0,0,7.805474625270857,7.8686083776014435,0.6931471805599453,3.4339872044851463,0.00040766408479412964,0.00040758101236740464,8.028781162487148,1.9991152142115904,False,False,False,True,False,False
6.891816304527772,85.48181818181818,41763.20315581854,0,0,0,0,0,0,0,12.848915516180371,10.488023255417007,3.2188758248682006,3.295836866004329,6.309562931317779e-05,6.309363886778711e-05,8.174702882469461,2.0644946046636603,False,False,False,False,False,True
6.22747829422649,0.0,10412.863802559415,0,0,0,0,0,0,0,5.713732805509369,8.715280860702519,0.6931471805599453,2.8903717578961645,0.0033112582781456954,0.0033057881344994103,7.691200097522863,1.9906184714459416,True,False,False,False,False,False
6.673212468119849,80.67700987306064,41763.20315581854,0,0,0,0,0,0,0,10.962093486181855,10.286423858136063,2.5649493574615367,3.4657359027997265,0.00020816708878326336,0.00020814542502121632,8.174702882469461,2.0644946046636603,False,False,False,False,False,True
6.5264888547538815,0.0,10412.863802559415,0,0,0,0,0,0,0,4.454347296253507,9.75745455496221,0.6931471805599453,3.7376696182833684,0.011764705882352941,0.011696039763191236,7.691200097522863,1.9906184714459416,True,False,False,False,False,False
6.715311595606283,69.56521739130434,4092.5737704918033,0,0,0,0,0,0,0,7.542213463193403,10.037615527530173,0.6931471805599453,3.4657359027997265,0.0005305039787798408,0.0005303633112915648,6.415096959171596,1.8969222823803258,False,False,True,False,False,False
6.863908046786232,66.66666666666666,41763.20315581854,0,0,0,0,0,0,0,6.486160788944089,10.312909684071684,3.6888794541139363,2.9444389791664403,0.059541984732824425,0.057836724871552614,8.174702882469461,2.0644946046636603,False,False,False,False,False,True
6.153171904926564,61.29032258064516,6112.369742419302,0,0,0,0,0,0,0,7.444833273892193,8.19139039754028,1.0986122886681098,3.6109179126442243,0.0011695906432748538,0.0011689072049819618,8.028781162487148,1.9991152142115904,False,False,False,True,False,False
6.640698109965129,50.0,7640.563613231552,0,0,0,0,0,0,0,4.700480365792417,10.314177554377048,0.6931471805599453,3.6109179126442243,0.009174311926605505,0.009132483563272474,7.360739903058278,2.0186487050933315,False,False,False,False,True,False
6.786000370687271,56.25,41763.20315581854,0,0,0,0,0,0,0,6.967909201801884,9.939591632397473,3.9512437185814275,2.9444389791664403,0.04806786050895382,0.04694833619654447,8.174702882469461,2.0644946046636603,False,False,False,False,False,True
5.558589488847307,0.0,41763.20315581854,0,0,0,0,0,0,0,4.997212273764115,5.858417164315927,3.295836866004329,1.9459101490553132,0.17687074829931973,0.16285900771904263,8.174702882469461,2.0644946046636603,False,False,False,False,False,True
6.775421225450796,0.0,4092.5737704918033,0,0,0,0,0,0,0,3.5553480614894135,10.449561475376813,3.258096538021482,2.772588722239781,0.7352941176470589,0.5511769192895581,6.415096959171596,1.8969222823803258,False,False,True,False,False,False
6.844958269434055,80.33898305084746,41763.20315581854,0,0,0,0,0,0,0,8.924789360533357,9.979304294970351,3.8501476017100584,2.70805020110221,0.006121091151031271,0.006102433371194964,8.174702882469461,2.0644946046636603,False,False,False,False,False,True
6.866382174457917,80.21052631578948,41763.20315581854,0,0,0,0,0,0,0,9.492959650085501,10.204215420543385,3.295836866004329,3.58351893845611,0.001960045231813042,0.0019581268494928317,8.174702882469461,2.0644946046636603,False,False,False,False,False,True
6.881411982126464,0.0,41763.20315581854,0,0,0,0,0,0,0,11.320953492344099,10.5146780909202,2.5649493574615367,2.6390573296152584,0.00014539814859690787,0.00014538757931050332,8.174702882469461,2.0644946046636603,False,False,False,False,False,True
6.836277023693221,71.17647058823529,41763.20315581854,0,0,0,0,0,0,0,8.516392871245468,10.361353905563771,3.1354942159291497,3.044522437723423,0.004404404404404405,0.004394733401599159,8.174702882469461,2.0644946046636603,False,False,False,False,False,True
6.4552094280772,62.5,6112.369742419302,0,0,0,0,0,0,0,8.0959035329611,9.987816426365548,1.3862943611198906,2.8903717578961645,0.0009146341463414635,0.0009142161234033101,8.028781162487148,1.9991152142115904,False,False,False,True,False,False
6.728879252982257,68.27586206896552,7640.563613231552,0,0,0,0,0,0,0,8.45126704130007,10.092995148114731,0.6931471805599453,3.8066624897703196,0.00021367521367521368,0.00021365238837815228,7.360739903058278,2.0186487050933315,False,False,False,False,True,False
6.925007357097154,77.77777777777779,6112.369742419302,0,0,0,0,0,0,0,6.728628613084702,10.493978613557319,0.6931471805599453,2.302585092994046,0.0011976047904191617,0.0011968882338461726,8.028781162487148,1.9991152142115904,False,False,False,True,False,False
6.195191110040243,51.42857142857142,6112.369742419302,0,0,0,0,0,0,0,7.189922170745808,7.8686083776014435,0.6931471805599453,3.784189633918261,0.0007547169811320754,0.0007544323254853224,8.028781162487148,1.9991152142115904,False,False,False,True,False,False
6.861400697760774,44.44444444444444,10412.863802559415,0,0,0,0,0,0,0,7.8156105320351905,10.110620161027823,0.6931471805599453,3.6109179126442243,0.0004035512510088781,0.00040346984610264075,7.691200097522863,1.9906184714459416,True,False,False,False,False,False
7.087491088910527,82.96432964329642,10412.863802559415,0,0,0,0,0,0,0,11.548302261270587,11.001143736636351,0.6931471805599453,3.4657359027997265,9.652509652509653e-06,9.652463067286488e-06,7.691200097522863,1.9906184714459416,True,False,False,False,False,False
5.879225467208256,66.66666666666666,1266.400447427293,0,0,0,0,0,0,0,4.844187086458591,8.024343613012375,0.6931471805599453,3.044522437723423,0.007936507936507936,0.007905179507113247,6.104793232414985,1.8852953146630171,False,True,False,False,False,False
6.620949893864058,42.857142857142854,10412.863802559415,0,0,0,0,0,0,0,6.558197802812269,9.820537328349257,0.6931471805599453,4.143134726391533,0.0014204545454545455,0.0014194466542262925,7.691200097522863,1.9906184714459416,True,False,False,False,False,False
6.40169871215857,80.0,41763.20315581854,0,0,0,0,0,0,0,6.720220155135295,9.324495915651033,2.5649493574615367,2.4849066497880004,0.014492753623188406,0.01438873745209967,8.174702882469461,2.0644946046636603,False,False,False,False,False,True
6.921574720175078,80.03300330033002,41763.20315581854,0,0,0,0,0,0,0,9.726631035173233,10.637392775333703,2.6390573296152584,2.1972245773362196,0.0007757951900698216,0.0007754944165303511,8.174702882469461,2.0644946046636603,False,False,False,False,False,True
6.530004759786913,50.0,4092.5737704918033,0,0,0,0,0,0,0,5.1298987149230735,9.769799840470803,0.6931471805599453,4.290459441148391,0.005952380952380952,0.0059347355198145265,6.415096959171596,1.8969222823803258,False,False,True,False,False,False
6.912246921981804,85.24590163934425,41763.20315581854,0,0,0,0,0,0,0,8.529911963824013,10.309042582602713,3.2188758248682006,2.70805020110221,0.004740272565672526,0.004729072852855764,8.174702882469461,2.0644946046636603,False,False,False,False,False,True
6.195191110040243,71.50537634408603,6112.369742419302,0,0,0,0,0,0,0,8.950792138768174,7.8686083776014435,1.0986122886681098,2.833213344056216,0.000259302476338649,0.0002592688632620448,8.028781162487148,1.9991152142115904,False,False,False,True,False,False
6.671140218499566,76.33587786259542,41763.20315581854,0,0,0,0,0,0,0,9.616205400105674,9.763111410243045,2.5649493574615367,2.4849066497880004,0.0007997334221926024,0.0007994138058131575,8.174702882469461,2.0644946046636603,False,False,False,False,False,True
6.5004185244497705,0.0,7640.563613231552,0,0,0,0,0,0,0,4.795790545596741,9.91128039696677,2.302585092994046,3.1354942159291497,0.075,0.07232066157962608,7.360739903058278,2.0186487050933315,False,False,False,False,True,False
6.809281649391791,0.0,10412.863802559415,0,0,0,0,0,0,0,4.5217885770490405,10.332892429531798,0.6931471805599453,3.970291913552122,0.01098901098901099,0.01092907053219023,7.691200097522863,1.9906184714459416,True,False,False,False,False,False
6.8619586988913,79.3103448275862,6112.369742419302,0,0,0,0,0,0,0,6.821107472256465,10.347901815893529,1.9459101490553132,3.6635616461296463,0.006550218340611353,0.006528858882463631,8.028781162487148,1.9991152142115904,False,False,False,True,False,False
6.555621413678604,70.0,41763.20315581854,0,0,0,0,0,0,0,6.580639137284949,9.490725716753616,5.6937321388027,2.3978952727983707,0.4111111111111111,0.3443774161283261,8.174702882469461,2.0644946046636603,False,False,False,False,False,True
6.195191110040243,60.526315789473685,6112.369742419302,0,0,0,0,0,0,0,7.076653815443951,7.8686083776014435,1.0986122886681098,2.9444389791664403,0.0016906170752324597,0.0016891895908447598,8.028781162487148,1.9991152142115904,False,False,False,True,False,False
6.751071611686139,59.523809523809526,4092.5737704918033,0,0,0,0,0,0,0,7.584773077612199,10.368851881522286,1.6094379124341003,3.5263605246161616,0.0020335536349771225,0.0020314887636611583,6.415096959171596,1.8969222823803258,False,False,True,False,False,False
6.5004185244497705,100.0,4092.5737704918033,0,0,0,0,0,0,0,4.174387269895637,9.91128039696677,0.6931471805599453,2.8903717578961645,0.015625,0.015504186535965254,6.415096959171596,1.8969222823803258,False,False,True,False,False,False
5.558589488847307,0.0,41763.20315581854,0,0,0,0,0,0,0,4.2626798770413155,5.858417164315927,3.970291913552122,2.6390573296152584,0.7428571428571429,0.5555258026838976,8.174702882469461,2.0644946046636603,False,False,False,False,False,True
6.764465840959698,50.0,10412.863802559415,0,0,0,0,0,0,0,5.298317366548036,10.329557543516108,0.6931471805599453,3.4339872044851463,0.005025125628140704,0.0050125418235441935,7.691200097522863,1.9906184714459416,True,False,False,False,False,False
6.861580289532,76.92307692307693,6112.369742419302,0,0,0,0,0,0,0,5.998936561946683,10.265143799776233,0.6931471805599453,3.713572066704308,0.0024875621890547263,0.0024844733276619658,8.028781162487148,1.9991152142115904,False,False,False,True,False,False
6.604842707205482,0.0,41763.20315581854,0,0,0,0,0,0,0,10.620009404412524,9.94521695986674,2.6390573296152584,2.6390573296152584,0.0003174990841372573,0.0003174486919690669,8.174702882469461,2.0644946046636603,False,False,False,False,False,True
6.807816301526198,77.5,6112.369742419302,0,0,0,0,0,0,0,7.884576510596324,10.199257519424267,0.6931471805599453,2.3978952727983707,0.0003766478342749529,0.0003765769202853553,8.028781162487148,1.9991152142115904,False,False,False,True,False,False
6.51386116769379,75.0,6112.369742419302,0,0,0,0,0,0,0,6.740519359606223,9.665011696915512,0.6931471805599453,2.4849066497880004,0.001183431952662722,0.001182732249049394,8.028781162487148,1.9991152142115904,False,False,False,True,False,False
6.882013906344811,82.78145695364239,41763.20315581854,0,0,0,0,0,0,0,11.384398671280563,10.47833677644045,2.6390573296152584,2.70805020110221,0.00014783142668698402,0.00014782050069838228,8.174702882469461,2.0644946046636603,False,False,False,False,False,True
6.845532650796314,54.166666666666664,4092.5737704918033,0,0,0,0,0,0,0,7.298445101508147,10.403572955571182,1.3862943611198906,3.6109179126442243,0.002031144211238998,0.002029084226781015,6.415096959171596,1.8969222823803258,False,False,True,False,False,False
6.5004185244497705,68.88888888888889,7640.563613231552,0,0,0,0,0,0,0,7.144407180321139,9.91128039696677,1.3862943611198906,3.8918202981106265,0.002369668246445498,0.002366865010266244,7.360739903058278,2.0186487050933315,False,False,False,False,True,False
5.817807413381953,0.0,10412.863802559415,0,0,0,0,0,0,0,3.970291913552122,9.466174682164501,0.6931471805599453,2.5649493574615367,0.019230769230769232,0.01904819497069441,7.691200097522863,1.9906184714459416,True,False,False,False,False,False
6.2467029592772985,61.64383561643836,6112.369742419302,0,0,0,0,0,0,0,8.209852481301272,9.657145167764883,1.0986122886681098,3.295836866004329,0.000544069640914037,0.0005439216886887193,8.028781162487148,1.9991152142115904,False,False,False,True,False,False
6.411338909838561,100.0,4092.5737704918033,0,0,0,0,0,0,0,4.330733340286331,9.627407971042903,1.0986122886681098,4.248495242049359,0.02666666666666667,0.026317308317373358,6.415096959171596,1.8969222823803258,False,False,True,False,False,False
6.335340516815215,100.0,1266.400447427293,0,0,0,0,0,0,0,4.0943445622221,9.321823180451121,0.6931471805599453,3.4011973816621555,0.01694915254237288,0.01680711831638119,6.104793232414985,1.8852953146630171,False,True,False,False,False,False
6.5004185244497705,0.0,41763.20315581854,0,0,0,0,0,0,0,5.407171771460119,9.91128039696677,4.04305126783455,2.0794415416798357,0.25225225225225223,0.2249437318183577,8.174702882469461,2.0644946046636603,False,False,False,False,False,True
5.775788441476067,100.0,1266.400447427293,0,0,0,0,0,0,0,4.394449154672439,8.653460843742746,0.6931471805599453,2.302585092994046,0.0125,0.01242251999855711,6.104793232414985,1.8852953146630171,False,True,False,False,False,False
6.671140218499566,68.07727690892365,7640.563613231552,0,0,0,0,0,0,0,10.490079059076491,9.763111410243045,2.0794415416798357,3.258096538021482,0.00019468238958727333,0.00019466344143010918,7.360739903058278,2.0186487050933315,False,False,False,False,True,False
6.662948251583755,0.0,41763.20315581854,0,0,0,0,0,0,0,4.060443010546419,10.093243666143405,2.6390573296152584,2.4849066497880004,0.22807017543859648,0.20544397421480887,8.174702882469461,2.0644946046636603,False,False,False,False,False,True
6.862374535968757,78.33675564681725,41763.20315581854,0,0,0,0,0,0,0,9.863186255762603,10.233896761384662,3.4011973816621555,3.2188758248682006,0.0015097089905773335,0.0015085705256490107,8.174702882469461,2.0644946046636603,False,False,False,False,False,True
6.865855695491454,78.95500725689405,6112.369742419302,0,0,0,0,0,0,0,10.107407508882579,10.543368565200243,1.9459101490553132,3.2188758248682006,0.0002446682706031073,0.00024463834420315083,8.028781162487148,1.9991152142115904,False,False,False,True,False,False
6.5004185244497705,75.0,41763.20315581854,0,0,0,0,0,0,0,7.098375638590786,9.91128039696677,3.295836866004329,2.833213344056216,0.021505376344086023,0.02127739844728488,8.174702882469461,2.0644946046636603,False,False,False,False,False,True
6.210994540743939,70.94594594594594,6112.369742419302,0,0,0,0,0,0,0,8.181720455128108,9.75771043532434,0.6931471805599453,3.58351893845611,0.0002797985450475658,0.0002797594087346738,8.028781162487148,1.9991152142115904,False,False,False,True,False,False
6.962424008119456,71.81818181818181,41763.20315581854,0,0,0,0,0,0,0,7.957527402230773,10.27410002589116,3.044522437723423,3.2188758248682006,0.0070028011204481795,0.006978395381462278,8.174702882469461,2.0644946046636603,False,False,False,False,False,True
6.6222179777463115,69.6969696969697,6112.369742419302,0,0,0,0,0,0,0,7.340186835320115,10.204529627404957,0.6931471805599453,2.6390573296152584,0.0006493506493506494,0.0006491399124408249,8.028781162487148,1.9991152142115904,False,False,False,True,False,False
6.886170847065008,77.8688524590164,41763.20315581854,0,0,0,0,0,0,0,9.71697723512072,10.370021064020882,2.5649493574615367,2.302585092994046,0.0007230657989877079,0.0007228045128565787,8.174702882469461,2.0644946046636603,False,False,False,False,False,True
7.053557074291733,0.0,41763.20315581854,0,0,0,0,0,0,0,10.864005673985291,10.862012248795937,3.2188758248682006,4.0943445622221,0.0004592422502870264,0.00045913683083884587,8.174702882469461,2.0644946046636603,False,False,False,False,False,True
6.718199894385314,74.61089494163424,7640.563613231552,0,0,0,0,0,0,0,9.877605482822025,10.03002137888564,0.6931471805599453,3.4657359027997265,5.1313628899835795e-05,5.131231240054349e-05,7.360739903058278,2.0186487050933315,False,False,False,False,True,False
6.775421225450796,61.53846153846154,4092.5737704918033,0,0,0,0,0,0,0,8.866440619526173,10.449561475376813,3.9512437185814275,2.70805020110221,0.007194244604316547,0.007168489478612497,6.415096959171596,1.8969222823803258,False,False,True,False,False,False
6.677693639525605,62.0,7640.563613231552,0,0,0,0,0,0,0,7.443078374348516,9.328032216867232,1.0986122886681098,3.5553480614894135,0.0011716461628588166,0.0011709603211502689,7.360739903058278,2.0186487050933315,False,False,False,False,True,False
6.795739225463397,83.21062319221667,41763.20315581854,0,0,0,0,0,0,0,12.022143797735803,10.466771990233553,2.5649493574615367,2.6390573296152584,7.211625139725237e-05,7.211365114540237e-05,8.174702882469461,2.0644946046636603,False,False,False,False,False,True
6.195191110040243,50.0,6112.369742419302,0,0,0,0,0,0,0,6.410174881966167,7.8686083776014435,0.6931471805599453,2.995732273553991,0.0016474464579901153,0.001646090906668717,8.028781162487148,1.9991152142115904,False,False,False,True,False,False
6.779782172998328,72.72727272727273,10412.863802559415,0,0,0,0,0,0,0,6.618738983517219,10.42324578946821,0.6931471805599453,2.6390573296152584,0.001336898395721925,0.0013360055427421298,7.691200097522863,1.9906184714459416,True,False,False,False,False,False
6.7769703251696285,0.0,6112.369742419302,0,0,0,0,0,0,0,5.4116460518550396,10.054565428986306,0.6931471805599453,3.5263605246161616,0.004484304932735426,0.004474280394921107,8.028781162487148,1.9991152142115904,False,False,False,True,False,False
6.787148989909033,83.13253012048193,10412.863802559415,0,0,0,0,0,0,0,7.523481312573497,10.129558143580851,0.6931471805599453,2.8903717578961645,0.0005405405405405405,0.0005403945011269969,7.691200097522863,1.9906184714459416,True,False,False,False,False,False
6.7813092851953085,50.0,6112.369742419302,0,0,0,0,0,0,0,5.147494476813453,10.069789591777988,0.6931471805599453,1.6094379124341003,0.005847953216374269,0.005830920310793144,8.028781162487148,1.9991152142115904,False,False,False,True,False,False
6.662948251583755,0.0,10412.863802559415,0,0,0,0,0,0,0,4.61512051684126,10.093243666143405,2.5649493574615367,2.833213344056216,0.12,0.11332868530700327,7.691200097522863,1.9906184714459416,True,False,False,False,False,False
6.6819426705842195,50.0,41763.20315581854,0,0,0,0,0,0,0,4.867534450455582,9.837538159759628,3.6888794541139363,2.8903717578961645,0.3023255813953488,0.2641515750415869,8.174702882469461,2.0644946046636603,False,False,False,False,False,True
6.5004185244497705,75.0,4092.5737704918033,0,0,0,0,0,0,0,4.787491742782046,9.91128039696677,0.6931471805599453,3.295836866004329,0.008403361344537815,0.00836824967051658,6.415096959171596,1.8969222823803258,False,False,True,False,False,False
6.81823449633989,0.0,10412.863802559415,0,0,0,0,0,0,0,4.624972813284271,9.698986449188135,0.6931471805599453,3.4965075614664802,0.009900990099009901,0.00985229644301164,7.691200097522863,1.9906184714459416,True,False,False,False,False,False
6.728879252982257,72.65625,7640.563613231552,0,0,0,0,0,0,0,8.83869681234353,10.092995148114731,0.6931471805599453,3.332204510175204,0.000145032632342277,0.00014502211612678546,7.360739903058278,2.0186487050933315,False,False,False,False,True,False
6.764465840959698,0.0,41763.20315581854,0,0,0,0,0,0,0,6.315358001522335,10.329557543516108,4.919980925828125,2.1972245773362196,0.2463768115942029,0.22024079165624832,8.174702882469461,2.0644946046636603,False,False,False,False,False,True
5.817807413381953,0.0,10412.863802559415,0,0,0,0,0,0,0,4.007333185232471,9.466174682164501,0.6931471805599453,2.8903717578961645,0.018518518518518517,0.018349138668196617,7.691200097522863,1.9906184714459416,True,False,False,False,False,False
6.40169871215857,0.0,41763.20315581854,0,0,0,0,0,0,0,4.454347296253507,9.324495915651033,4.875197323201151,3.044522437723423,1.5294117647058822,0.9279867716373463,8.174702882469461,2.0644946046636603,False,False,False,False,False,True
6.7148620860958035,52.0,6112.369742419302,0,0,0,0,0,0,0,7.109062135687172,10.391826953398729,1.6094379124341003,2.9444389791664403,0.0032733224222585926,0.003267976764616013,8.028781162487148,1.9991152142115904,False,False,False,True,False,False
6.82373534428293,70.39473684210526,7640.563613231552,0,0,0,0,0,0,0,8.13622555490846,10.394897993142768,0.6931471805599453,3.784189633918261,0.00029282576866764275,0.0002927829035700275,7.360739903058278,2.0186487050933315,False,False,False,False,True,False
6.838888244975533,74.24242424242425,10412.863802559415,0,0,0,0,0,0,0,9.453757028129948,10.332850079665725,0.6931471805599453,2.833213344056216,7.840062720501764e-05,7.839755403644009e-05,7.691200097522863,1.9906184714459416,True,False,False,False,False,False
6.889678266422713,74.48275862068967,10412.863802559415,0,0,0,0,0,0,0,8.087025470667701,10.37484668725167,0.6931471805599453,3.6109179126442243,0.00030759766225776686,0.00030755036379584384,7.691200097522863,1.9906184714459416,True,False,False,False,False,False
6.195191110040243,67.53246753246754,6112.369742419302,0,0,0,0,0,0,0,8.491875383431948,7.8686083776014435,1.0986122886681098,3.7612001156935624,0.0004103405826836274,0.00041025641601061464,8.028781162487148,1.9991152142115904,False,False,False,True,False,False
6.638243832197137,100.0,10412.863802559415,0,0,0,0,0,0,0,4.90527477843843,10.118310337677755,0.6931471805599453,2.6390573296152584,0.007462686567164179,0.0074349784875179905,7.691200097522863,1.9906184714459416,True,False,False,False,False,False
6.5004185244497705,0.0,7640.563613231552,0,0,0,0,0,0,0,3.9889840465642745,9.91128039696677,0.6931471805599453,4.04305126783455,0.018867924528301886,0.018692133012152546,7.360739903058278,2.0186487050933315,False,False,False,False,True,False
6.956160055045119,77.45664739884393,41763.20315581854,0,0,0,0,0,0,0,8.302017809751204,10.303525446726534,4.663439094112067,2.3978952727983707,0.026048127015628877,0.02571465307109937,8.174702882469461,2.0644946046636603,False,False,False,False,False,True
6.773814947045645,76.59574468085107,7640.563613231552,0,0,0,0,0,0,0,9.940735166562794,10.567351141646377,0.6931471805599453,3.4011973816621555,4.817419789960497e-05,4.817303756030238e-05,7.360739903058278,2.0186487050933315,False,False,False,False,True,False
6.869738746532374,80.36072144288578,41763.20315581854,0,0,0,0,0,0,0,9.254357257392957,10.278188855871878,3.295836866004329,3.1354942159291497,0.0024882763900851757,0.002485185756227511,8.174702882469461,2.0644946046636603,False,False,False,False,False,True
6.5264888547538815,0.0,10412.863802559415,0,0,0,0,0,0,0,4.48863636973214,9.75745455496221,0.6931471805599453,3.9318256327243257,0.011363636363636364,0.011299555253933466,7.691200097522863,1.9906184714459416,True,False,False,False,False,False
6.8565901876316175,78.16901408450704,41763.20315581854,0,0,0,0,0,0,0,8.740976538017787,9.78682387317848,3.970291913552122,2.4849066497880004,0.008316008316008316,0.008281620831722018,8.174702882469461,2.0644946046636603,False,False,False,False,False,True
6.548792989998894,0.0,6112.369742419302,0,0,0,0,0,0,0,3.9889840465642745,9.223228522439266,0.6931471805599453,2.772588722239781,0.018867924528301886,0.018692133012152546,8.028781162487148,1.9991152142115904,False,False,False,True,False,False
6.810042529424079,42.857142857142854,41763.20315581854,0,0,0,0,0,0,0,5.521460917862246,10.047568209938474,4.653960350157523,2.995732273553991,0.41767068273092367,0.34901516046858905,8.174702882469461,2.0644946046636603,False,False,False,False,False,True
6.26522859704693,0.0,10412.863802559415,0,0,0,0,0,0,0,4.787491742782046,8.33775665141873,0.6931471805599453,3.5263605246161616,0.008403361344537815,0.00836824967051658,7.691200097522863,1.9906184714459416,True,False,False,False,False,False
6.494012152354782,80.32786885245902,41763.20315581854,0,0,0,0,0,0,0,10.770356921076566,10.003184523854106,2.6390573296152584,4.343805421853684,0.0002731781121291082,0.00027314080578257034,8.174702882469461,2.0644946046636603,False,False,False,False,False,True
6.889678266422713,50.0,7640.563613231552,0,0,0,0,0,0,0,6.901737206656574,10.37484668725167,0.6931471805599453,3.4339872044851463,0.0010070493454179255,0.0010065426114014722,7.360739903058278,2.0186487050933315,False,False,False,False,True,False
6.865193368386633,55.55555555555556,41763.20315581854,0,0,0,0,0,0,0,6.3835066348840055,10.088688950375406,4.852030263919617,3.295836866004329,0.21489001692047377,0.19465355164212594,8.174702882469461,2.0644946046636603,False,False,False,False,False,True
6.780483215297768,80.59701492537313,6112.369742419302,0,0,0,0,0,0,0,7.147559271189454,10.351888300317848,1.0986122886681098,3.6375861597263857,0.0015748031496062992,0.0015735644474305383,8.028781162487148,1.9991152142115904,False,False,False,True,False,False
6.490336269696487,0.0,10412.863802559415,0,0,0,0,0,0,0,4.465908118654584,8.81811505604364,0.6931471805599453,3.1780538303479458,0.011627906976744186,0.011560822401076006,7.691200097522863,1.9906184714459416,True,False,False,False,False,False
6.722350611700423,60.3448275862069,6112.369742419302,0,0,0,0,0,0,0,7.231287004327616,10.001683832365845,1.9459101490553132,3.4657359027997265,0.004344677769732078,0.0043352669055394125,8.028781162487148,1.9991152142115904,False,False,False,True,False,False
6.865589542548404,74.53482190324296,7640.563613231552,0,0,0,0,0,0,0,10.399828782101146,10.41825505771094,0.6931471805599453,4.0943445622221,3.0438620521717955e-05,3.0438157276246292e-05,7.360739903058278,2.0186487050933315,False,False,False,False,True,False
6.892501368430791,0.0,41763.20315581854,0,0,0,0,0,0,0,13.18736241748677,10.447361224082172,2.5933276030091386,2.9444389791664403,2.3190989270759383e-05,2.319072036389295e-05,8.174702882469461,2.0644946046636603,False,False,False,False,False,True
6.788534694664589,0.0,41763.20315581854,0,0,0,0,0,0,0,6.837332814685591,10.275350601278461,2.5933276030091386,2.995732273553991,0.013291301474879967,0.013203747082066787,8.174702882469461,2.0644946046636603,False,False,False,False,False,True
6.738572847556955,0.0,7640.563613231552,0,0,0,0,0,0,0,4.990432586778736,10.406176714829902,2.5933276030091386,2.833213344056216,0.08475480598022773,0.08135397618222417,7.360739903058278,2.0186487050933315,False,False,False,False,True,False
5.558589488847307,0.0,4092.5737704918033,0,0,0,0,0,0,0,4.290459441148391,5.858417164315927,2.6390573296152584,2.6390573296152584,0.18055555555555555,0.16598513747426116,6.415096959171596,1.8969222823803258,False,False,True,False,False,False
6.449164054780811,76.96476964769647,41763.20315581854,0,0,0,0,0,0,0,9.9066326016802,9.361804272922905,2.5649493574615367,3.2188758248682006,0.0005981457481806401,0.0005979669303152448,8.174702882469461,2.0644946046636603,False,False,False,False,False,True
6.911270384486426,82.6946847960445,10412.863802559415,0,0,0,0,0,0,0,9.924955459151368,10.487910845375799,0.6931471805599453,3.7612001156935624,4.8940439485146574e-05,4.893924194098687e-05,7.691200097522863,1.9906184714459416,True,False,False,False,False,False
6.8493737032354485,69.70728386657589,10412.863802559415,0,0,0,0,0,0,0,10.169882145844653,10.393512447414535,0.6931471805599453,3.6888794541139363,3.8308305240576155e-05,3.8307571496266724e-05,7.691200097522863,1.9906184714459416,True,False,False,False,False,False
6.5264888547538815,0.0,10412.863802559415,0,0,0,0,0,0,0,4.543294782270004,9.75745455496221,0.6931471805599453,4.174387269895637,0.010752688172043012,0.01069528911674795,7.691200097522863,1.9906184714459416,True,False,False,False,False,False
6.195191110040243,0.0,6112.369742419302,0,0,0,0,0,0,0,4.23410650459726,7.8686083776014435,2.5933276030091386,2.9444389791664403,0.18197355401637133,0.16718554480498657,8.028781162487148,1.9991152142115904,False,False,False,True,False,False
6.661310512963811,59.09090909090909,10412.863802559415,0,0,0,0,0,0,0,6.82001636467413,9.769621419046755,0.6931471805599453,3.8066624897703196,0.001092896174863388,0.001092299398608865,7.691200097522863,1.9906184714459416,True,False,False,False,False,False
6.5004185244497705,0.0,7640.563613231552,0,0,0,0,0,0,0,4.060443010546419,9.91128039696677,2.0794415416798357,2.833213344056216,0.12280701754385964,0.11583181552512165,7.360739903058278,2.0186487050933315,False,False,False,False,True,False
6.5004185244497705,64.93506493506493,7640.563613231552,0,0,0,0,0,0,0,7.430114138561801,9.91128039696677,1.6094379124341003,3.4965075614664802,0.002373887240356083,0.002371074021337923,7.360739903058278,2.0186487050933315,False,False,False,False,True,False
6.786000370687271,77.77777777777779,41763.20315581854,0,0,0,0,0,0,0,7.510430556378006,9.939591632397473,3.295836866004329,3.1354942159291497,0.014238773274917854,0.014138354051210911,8.174702882469461,2.0644946046636603,False,False,False,False,False,True
6.693995382256044,71.05263157894737,7640.563613231552,0,0,0,0,0,0,0,7.869783902530146,10.119584371094923,1.9459101490553132,3.6109179126442243,0.0022935779816513763,0.0022909517465557624,7.360739903058278,2.0186487050933315,False,False,False,False,True,False
6.723823326708267,80.0,6112.369742419302,0,0,0,0,0,0,0,6.508769136971682,10.08673262684853,1.0986122886681098,2.833213344056216,0.0029850746268656717,0.00298062813813772,8.028781162487148,1.9991152142115904,False,False,False,True,False,False
7.058022440247221,72.19430485762143,7640.563613231552,0,0,0,0,0,0,0,10.391024078324165,10.886436520876883,2.3978952727983707,3.5263605246161616,0.00030707815138952864,0.00030703101254406825,7.360739903058278,2.0186487050933315,False,False,False,False,True,False
