avg_members_by_type,Action/Adventure,Fantasy/Supernatural,Comedy,Drama/Romance,Science Fiction,Psychological/Thriller,Other/Uncategorized,type_user_activity_ratio,log_episodes_per_type,log_members,log_episodes,log_len_of_title,log_avg_members_genre,log_episode_density,log_anime_count_by_type,log_user_activity,log_genre_count,log_total_rated,log_favourite_count,log_word_count,type_Movie,type_Music,type_ONA,type_OVA,type_Special,type_TV
41763.20315581854,0,0,1,0,0,0,0,0.025046178892332738,-5.689218796583907,6.906754779649554,2.48490673312133,2.9957323235539897,10.093202307287365,4.421848140872565,8.174421152928266,4.487387161581708,0.6931476805598203,-13.815510557964274,-13.815510557964274,1.3862946111198593,False,False,False,False,False,True
7640.563613231552,0,0,1,0,1,0,0,0.04382244840260107,-6.666171101165439,7.782807263256535,0.6931476805598203,3.2188758648682,9.818898586493617,7.08966008311343,7.360103973625284,4.232494915219046,1.0986126220013874,-13.815510557964274,-13.815510557964274,1.0986126220013874,False,False,False,False,True,False
7640.563613231552,0,0,1,0,0,0,0,0.0,-6.666171101165439,3.7376696420928917,0.6931476805598203,3.332204545889489,9.911230783913622,3.0445224853424695,7.360103973625284,-13.815510557964274,9.999994999180668e-07,-13.815510557964274,-13.815510557964274,1.3862946111198593,False,False,False,False,True,False
6112.369742419302,0,0,0,0,0,0,1,0.022015444252157654,-8.02539285776425,8.171034189488205,9.999994999180668e-07,2.6390574010438272,7.868225738407096,8.171034189488205,8.028455164440302,4.2124441184674835,9.999994999180668e-07,4.762173943344765,1.945910291912446,0.6931476805598203,False,False,False,True,False,False
6112.369742419302,0,0,0,0,0,0,1,0.01863151520797429,-7.3337756581647415,5.598421962702078,0.6931476805598203,2.079441666679828,7.868225738407096,4.905274785845837,8.028455164440302,4.045554415552669,9.999994999180668e-07,1.945910291912446,-13.815510557964274,1.0986126220013874,False,False,False,True,False,False
7640.563613231552,1,0,0,1,0,0,0,0.04284829068280399,-7.358533207287776,9.23347078946275,9.999994999180668e-07,2.6390574010438272,10.558005750157099,9.23347078946275,7.360103973625284,4.210014462384942,1.0986126220013874,-13.815510557964274,-13.815510557964274,0.6931476805598203,False,False,False,False,True,False
1266.400447427293,1,0,0,0,0,0,0,0.14541387024608501,-6.102111694488308,6.68085468004492,9.999994999180668e-07,2.079441666679828,10.015479122916856,6.68085468004492,6.102558596850705,4.174387285280252,0.6931476805598203,-13.815510557964274,-13.815510557964274,9.999994999180668e-07,False,True,False,False,False,False
41763.20315581854,0,0,1,0,0,0,0,0.02289685706094166,-5.689218796583907,10.355677200848973,2.48490673312133,3.8918203185187896,10.486157017205233,7.870770551410901,8.174421152928266,4.397665540864371,1.3862946111198593,-13.815510557964274,-13.815510557964274,2.1972246884473243,False,False,False,False,False,True
41763.20315581854,1,0,1,1,0,0,0,0.02035002035002035,-4.282528428587264,7.786967003029981,3.8918203185187896,2.3025851929940404,10.186428726286088,3.8951467248446345,8.174421152928266,4.279747799399617,1.6094381124340804,2.890371813451719,1.0986126220013874,9.999994999180668e-07,False,False,False,False,False,True
6112.369742419302,0,0,0,1,0,0,1,0.0,-8.02539285776425,3.850147622986654,9.999994999180668e-07,2.772588784739779,9.2231297982103,3.850147622986654,8.028455164440302,-13.815510557964274,0.6931476805598203,-13.815510557964274,-13.815510557964274,1.0986126220013874,False,False,False,True,False,False
41763.20315581854,1,0,0,1,0,0,0,0.022480236596017725,-5.689218796583907,11.574876265855279,2.48490673312133,2.7080502677688743,10.67238441982612,9.08996961617067,8.174421152928266,4.379302435902448,1.3862946111198593,-13.815510557964274,-13.815510557964274,0.6931476805598203,False,False,False,False,False,True
6112.369742419302,0,0,1,0,0,0,1,0.01863151520797429,-8.02539285776425,5.463831809262898,9.999994999180668e-07,2.48490673312133,10.47031843878099,5.463831809262898,8.028455164440302,4.045554415552669,1.0986126220013874,1.945910291912446,-13.815510557964274,1.0986126220013874,False,False,False,True,False,False
6112.369742419302,1,0,0,1,0,0,0,0.0,-8.02539285776425,4.804021052929977,9.999994999180668e-07,3.688879479113936,10.090871442186966,4.804021052929977,8.028455164440302,-13.815510557964274,1.0986126220013874,-13.815510557964274,-13.815510557964274,1.7917596358947079,False,False,False,True,False,False
41763.20315581854,1,0,0,0,1,0,0,0.018368518855373776,-4.242525934108025,7.8976681510985145,3.9318256523321686,3.09104249881286,9.93954340428779,3.9658425369546424,8.174421152928266,4.177304156530566,1.3862946111198593,5.062595039356081,1.6094381124340804,0.6931476805598203,False,False,False,False,False,True
7640.563613231552,1,0,0,0,0,0,0,0.05178769491746591,-7.358533207287776,8.163371316744811,9.999994999180668e-07,2.3025851929940404,9.542914148271425,8.163371316744811,7.360103973625284,4.39950127748061,0.6931476805598203,5.049856013659793,1.7917596358947079,0.6931476805598203,False,False,False,False,True,False
6112.369742419302,1,0,1,0,0,0,1,0.02316257057724031,-6.928821064339634,9.168997408546021,1.0986126220013874,2.1972246884473243,10.426744750559235,8.070385120086353,8.028455164440302,4.263237537863217,1.3862946111198593,6.001414880436397,2.1972246884473243,0.6931476805598203,False,False,False,True,False,False
7640.563613231552,0,0,1,0,0,0,0,0.05036047497879558,-6.666171101165439,8.351610750862575,0.6931476805598203,2.890371813451719,10.368320866885187,7.658463570538646,7.360103973625284,4.371555347438165,0.6931476805598203,-13.815510557964274,-13.815510557964274,1.0986126220013874,False,False,False,False,True,False
41763.20315581854,1,0,1,0,1,0,0,0.020732204935961042,-4.185371386019611,8.869538777334348,3.988984065082793,3.13549425940741,10.330249538755998,4.8805547382222665,8.174421152928266,4.298354172540675,1.7917596358947079,5.700443576735168,2.944439031798018,1.0986126220013874,False,False,False,False,False,True
7640.563613231552,0,0,1,1,0,0,1,0.04902439963624192,-7.358533207287776,9.785266921204972,9.999994999180668e-07,4.127134401174124,10.548880820909448,9.785266921204972,7.360103973625284,4.344666832916675,1.3862946111198593,6.7557689231484,3.871201031741224,2.397895363707457,False,False,False,False,True,False
41763.20315581854,0,0,1,0,0,1,0,0.0,-4.5107685106570985,4.330733353444225,3.6635616717706716,3.09104249881286,10.502018425512714,0.6671722073144477,8.174421152928266,-13.815510557964274,0.6931476805598203,-13.815510557964274,-13.815510557964274,1.0986126220013874,False,False,False,False,False,True
41763.20315581854,1,1,0,0,0,0,1,0.010566356720202874,-4.5107685106570985,5.480638927508658,3.6635616717706716,2.890371813451719,9.556461635553,1.8170774397123317,8.174421152928266,3.6243409596430314,1.0986126220013874,2.079441666679828,-13.815510557964274,0.6931476805598203,False,False,False,False,False,True
6112.369742419302,0,1,0,0,0,0,1,0.019658988473119927,-6.64139434679697,8.187021067621746,1.3862946111198593,3.4339872367432105,10.202223270541108,6.80072670733658,8.028455164440302,4.099234564101658,1.0986126220013874,4.912654893088993,1.6094381124340804,1.6094381124340804,False,False,False,True,False,False
41763.20315581854,1,0,0,0,1,0,0,0.01878463416924955,-4.5107685106570985,6.030685262665109,3.6635616717706716,2.833213402879744,10.092953778978782,2.3671237078816123,8.174421152928266,4.199705092879927,1.0986126220013874,1.7917596358947079,-13.815510557964274,0.6931476805598203,False,False,False,False,False,True
7640.563613231552,0,0,0,0,0,0,1,0.0,-7.358533207287776,4.304065106717683,9.999994999180668e-07,2.7080502677688743,8.919517069198648,4.304065106717683,7.360103973625284,-13.815510557964274,0.6931476805598203,-13.815510557964274,-13.815510557964274,1.0986126220013874,False,False,False,False,True,False
10412.863802559415,0,1,0,0,0,0,0,0.039266678682699487,-7.688557553728022,7.885705391619101,9.999994999180668e-07,2.5649494343846104,8.71511678782035,7.885705391619101,7.69074316399891,4.453364184759431,9.999994999180668e-07,-13.815510557964274,-13.815510557964274,0.6931476805598203,True,False,False,False,False,False
41763.20315581854,0,0,1,0,0,0,0,0.022171633424830358,-5.609198832442679,10.648491618660026,2.5649494343846104,2.079441666679828,10.406146469313184,8.083542261483329,8.174421152928266,4.365479584546027,0.6931476805598203,-13.815510557964274,-13.815510557964274,9.999994999180668e-07,False,False,False,False,False,True
1266.400447427293,0,0,0,0,0,0,0,0.14914243102162564,-5.409187939026028,6.6133842197218415,0.6931476805598203,2.7080502677688743,8.024016164881164,5.920237040504178,6.102558596850705,4.199705092879927,9.999994999180668e-07,-13.815510557964274,-13.815510557964274,0.6931476805598203,False,True,False,False,False,False
41763.20315581854,0,0,1,0,0,0,0,0.022306753075983843,-4.916188123940292,6.723832442023132,3.2580965764830196,1.945910291912446,9.911230783913622,3.465735934049726,8.174421152928266,4.371555347438165,9.999994999180668e-07,3.1780538720146114,0.6931476805598203,0.6931476805598203,False,False,False,False,False,True
10412.863802559415,0,1,0,0,0,0,1,0.018281535648994516,-7.688557553728022,4.948759897470366,9.999994999180668e-07,3.6635616717706716,9.42689138105721,4.948759897470366,7.69074316399891,3.688879479113936,1.0986126220013874,-13.815510557964274,-13.815510557964274,1.945910291912446,True,False,False,False,False,False
41763.20315581854,1,1,0,1,0,0,0,0.021438984649686993,-4.955403377853663,8.203577737211624,3.2188758648682,3.09104249881286,10.17837815367668,4.984701918911568,8.174421152928266,4.331876864131267,1.0986126220013874,4.521788587918605,1.7917596358947079,1.3862946111198593,False,False,False,False,False,True
4092.5737704918033,0,0,1,0,0,0,1,0.08196721311475409,-6.412849143141731,4.094344578888768,9.999994999180668e-07,2.48490673312133,9.324406699842474,4.094344578888768,6.413458958806701,3.912023025428146,0.6931476805598203,-13.815510557964274,-13.815510557964274,0.6931476805598203,False,False,True,False,False,False
6112.369742419302,0,0,0,0,0,0,1,0.021736767742636668,-8.02539285776425,5.0562458117177345,9.999994999180668e-07,1.7917596358947079,5.85555732140996,5.0562458117177345,8.028455164440302,4.199705092879927,9.999994999180668e-07,1.7917596358947079,9.999994999180668e-07,9.999994999180668e-07,False,False,False,True,False,False
41763.20315581854,1,1,0,0,0,0,1,0.014088475626937165,-4.916188123940292,5.129898720840234,3.2580965764830196,2.3025851929940404,9.795838902217467,1.8718023307477334,8.174421152928266,3.912023025428146,1.3862946111198593,1.7917596358947079,-13.815510557964274,0.6931476805598203,False,False,False,False,False,True
41763.20315581854,1,0,0,0,0,1,0,0.02178660893363912,-4.955403377853663,10.304877702635732,3.2188758648682,3.8066625119925415,10.594025347849044,7.086001878570798,8.174421152928266,4.347961398552872,1.3862946111198593,-13.815510557964274,-13.815510557964274,2.079441666679828,False,False,False,False,False,True
41763.20315581854,0,0,0,0,0,0,0,0.019868363063629334,-5.083217394116741,7.5432733472351075,3.09104249881286,2.772588784739779,9.293493489888165,4.452230904999673,8.174421152928266,4.255794558712789,0.6931476805598203,4.356708839510104,0.6931476805598203,0.6931476805598203,False,False,False,False,False,True
41763.20315581854,0,0,1,0,0,0,0,0.014088475626937165,-2.881098493910177,4.624972823088193,5.293304829749618,2.1972246884473243,10.093202307287365,-0.6683300604617323,8.174421152928266,3.912023025428146,0.6931476805598203,-13.815510557964274,-13.815510557964274,9.999994999180668e-07,False,False,False,False,False,True
41763.20315581854,1,1,1,1,1,0,1,0.021732895137517423,-5.689218796583907,11.127630563666147,2.48490673312133,2.772588784739779,10.582587760907742,8.642723914039852,8.174421152928266,4.345492904306542,2.079441666679828,-13.815510557964274,-13.815510557964274,1.0986126220013874,False,False,False,False,False,True
6112.369742419302,1,0,1,0,0,0,0,0.0,-8.02539285776425,4.025351708592292,9.999994999180668e-07,2.5649494343846104,9.914029007665217,4.025351708592292,8.028455164440302,-13.815510557964274,0.6931476805598203,-13.815510557964274,-13.815510557964274,0.6931476805598203,False,False,False,True,False,False
41763.20315581854,0,0,1,0,0,0,0,0.0,-5.658520592276317,8.142354277140786,2.515613875923528,3.332204545889489,7.751200744040292,5.626740485339888,8.174421152928266,-13.815510557964274,9.999994999180668e-07,-13.815510557964274,-13.815510557964274,1.3862946111198593,False,False,False,False,False,True
41763.20315581854,0,0,1,1,0,0,0,0.021132713440405747,-5.401610642503471,5.883322391273794,2.772588784739779,3.4339872367432105,10.41831635451246,3.1107337108167417,8.174421152928266,4.317488126869644,0.6931476805598203,1.3862946111198593,-13.815510557964274,1.6094381124340804,False,False,False,False,False,True
41763.20315581854,0,0,1,0,0,0,0,0.0,-4.996219458230981,3.7376696420928917,3.1780538720146114,2.944439031798018,7.751200744040292,0.5596163593638308,8.174421152928266,-13.815510557964274,9.999994999180668e-07,-13.815510557964274,-13.815510557964274,1.0986126220013874,False,False,False,False,False,True
6112.369742419302,1,0,0,0,1,0,0,0.026708475258239738,-8.02539285776425,7.703459048318438,9.999994999180668e-07,3.6375861860421748,10.14583024173724,7.703459048318438,8.028455164440302,4.405680837779563,0.6931476805598203,4.543294792908302,1.6094381124340804,1.6094381124340804,False,False,False,True,False,False
6112.369742419302,1,0,0,0,1,0,0,0.02632200185805408,-6.64139434679697,10.291704767268651,1.3862946111198593,2.397895363707457,10.205763596150932,8.905410406250502,8.028455164440302,4.391105059520673,1.6094381124340804,7.139660336757941,4.219507719881989,1.0986126220013874,False,False,False,True,False,False
7640.563613231552,0,0,1,0,0,0,0,0.049332710183309966,-4.962065801310404,8.204945165292505,2.397895363707457,3.49650759176951,9.911230783913622,5.807049895227122,7.360103973625284,4.350936060498587,9.999994999180668e-07,4.990432593581457,2.1972246884473243,1.6094381124340804,False,False,False,False,True,False
7640.563613231552,1,1,1,0,0,0,0,0.04553179706782388,-7.358533207287776,9.815038779405638,9.999994999180668e-07,4.317488126869644,10.152848395446561,9.815038779405638,7.360103973625284,4.270759626517925,1.3862946111198593,6.971668605663877,4.584967488874653,2.3025851929940404,False,False,False,False,True,False
41763.20315581854,0,0,1,0,0,0,0,0.02350326236965913,-4.955403377853663,12.731732693132574,3.2188758648682,2.772588784739779,10.25355015412877,9.512856868335312,8.174421152928266,4.423805121408622,1.3862946111198593,-13.815510557964274,-13.815510557964274,1.0986126220013874,False,False,False,False,False,True
41763.20315581854,0,0,0,1,0,0,0,0.022295161711457685,-5.689218796583907,10.298195004025025,2.48490673312133,2.7080502677688743,9.585520966175313,7.813288354607658,8.174421152928266,4.371035577616806,0.6931476805598203,-13.815510557964274,-13.815510557964274,1.0986126220013874,False,False,False,False,False,True
1266.400447427293,0,0,0,0,0,0,0,0.22371364653243847,-6.102111694488308,4.317488126869644,9.999994999180668e-07,3.0445224853424695,8.024016164881164,4.317488126869644,6.102558596850705,4.605170195988091,9.999994999180668e-07,-13.815510557964274,-13.815510557964274,1.3862946111198593,False,True,False,False,False,False
7640.563613231552,0,0,1,1,0,0,0,0.05198500642972448,-7.358533207287776,8.618485443078844,9.999994999180668e-07,3.9318256523321686,10.271172236488965,8.618485443078844,7.360103973625284,4.403304045358008,1.0986126220013874,-13.815510557964274,-13.815510557964274,2.079441666679828,False,False,False,False,True,False
7640.563613231552,1,0,1,0,1,0,1,0.06361323155216285,-7.358533207287776,4.624972823088193,9.999994999180668e-07,3.09104249881286,9.683962119115739,4.624972823088193,7.360103973625284,4.605170195988091,1.3862946111198593,-13.815510557964274,-13.815510557964274,1.0986126220013874,False,False,False,False,True,False
41763.20315581854,1,0,0,1,1,0,0,0.024548990816302088,-4.955403377853663,13.258445514115158,3.2188758648682,3.5263605540279257,10.365230895938213,10.03956968928885,8.174421152928266,4.46733663125887,1.7917596358947079,10.024022354209189,9.144627828717594,1.7917596358947079,False,False,False,False,False,True
6112.369742419302,1,0,0,1,1,0,0,0.028794722208871283,-4.770240671511223,10.697000294738,3.2580965764830196,3.1780538720146114,10.219287290775108,7.438903757281835,8.028455164440302,4.48089201016736,1.6094381124340804,-13.815510557964274,-13.815510557964274,1.3862946111198593,False,False,False,True,False,False
6112.369742419302,0,1,0,0,0,0,1,0.021334235006661918,-7.3337756581647415,8.024862150613636,0.6931476805598203,2.7080502677688743,9.493811756724556,7.331714970380916,8.028455164440302,4.1810129601507935,1.0986126220013874,4.394449167018117,9.999994999180668e-07,0.6931476805598203,False,False,False,True,False,False
41763.20315581854,1,1,1,1,0,0,1,0.021837137221752605,-4.916188123940292,6.919683850835553,3.2580965764830196,2.397895363707457,9.84106324615692,3.661587337517628,8.174421152928266,4.350277949262527,1.6094381124340804,3.688879479113936,1.0986126220013874,9.999994999180668e-07,False,False,False,False,False,True
41763.20315581854,0,0,0,0,0,0,0,0.0070442378134685825,-4.916188123940292,5.564520411154111,3.2580965764830196,2.397895363707457,9.293493489888165,2.3064239689180646,8.174421152928266,3.2188758648682,0.6931476805598203,1.3862946111198593,-13.815510557964274,1.0986126220013874,False,False,False,False,False,True
41763.20315581854,1,1,0,0,1,0,0,0.022994229137329344,-3.88391309624149,11.579387135679005,4.290459454847021,2.5649494343846104,10.539133796530331,7.288927695204317,8.174421152928266,4.401909163292349,1.6094381124340804,-13.815510557964274,-13.815510557964274,0.6931476805598203,False,False,False,False,False,True
41763.20315581854,1,1,0,0,0,0,0,0.021693758929974043,-4.460762528712764,7.671360923656627,3.7135720910945516,2.944439031798018,9.920251159295926,3.957788875591648,8.174421152928266,4.34369049891884,0.6931476805598203,4.727387827561898,1.945910291912446,1.3862946111198593,False,False,False,False,False,True
6112.369742419302,0,0,1,1,0,0,0,0.020378219758721876,-8.02539285776425,5.874930733661019,9.999994999180668e-07,3.13549425940741,10.306109900409174,5.874930733661019,8.028455164440302,4.135166572742356,1.0986126220013874,2.079441666679828,-13.815510557964274,1.6094381124340804,False,False,False,True,False,False
4092.5737704918033,1,0,0,0,0,0,0,0.10491803278688525,-6.412849143141731,6.304448804250135,9.999994999180668e-07,2.48490673312133,9.327943316009462,6.304448804250135,6.413458958806701,4.1588830989846715,9.999994999180668e-07,-13.815510557964274,-13.815510557964274,1.0986126220013874,False,False,True,False,False,False
41763.20315581854,1,1,0,1,0,0,0,0.023685878775147745,-5.689218796583907,12.441251481387091,2.48490673312133,3.13549425940741,10.441218366220841,9.956344831642564,8.174421152928266,4.431544923850705,1.3862946111198593,-13.815510557964274,-13.815510557964274,1.0986126220013874,False,False,False,False,False,True
10412.863802559415,0,0,0,1,0,0,0,0.0,-7.688557553728022,4.5951198602356,9.999994999180668e-07,3.1780538720146114,9.778095277150934,4.5951198602356,7.69074316399891,-13.815510557964274,0.6931476805598203,-13.815510557964274,-13.815510557964274,1.0986126220013874,True,False,False,False,False,False
41763.20315581854,0,1,1,1,0,1,0,0.022290401549025934,-5.609198832442679,9.309461462934554,2.5649494343846104,3.610917939671251,10.530984090972002,6.744512106559776,8.174421152928266,4.370822048301863,1.6094381124340804,5.883322391273794,3.09104249881286,1.7917596358947079,False,False,False,False,False,True
6112.369742419302,0,1,1,0,0,0,0,0.02544792321089171,-8.02539285776425,7.045776577750592,9.999994999180668e-07,2.6390574010438272,10.10752266866503,7.045776577750592,8.028455164440302,4.35733403489601,0.6931476805598203,3.7135720910945516,9.999994999180668e-07,1.0986126220013874,False,False,False,True,False,False
10412.863802559415,0,0,0,1,0,1,0,0.035214433422243535,-7.688557553728022,8.364508103983582,9.999994999180668e-07,3.688879479113936,10.539880538388044,8.364508103983582,7.69074316399891,4.344443936503562,1.3862946111198593,4.1108738805667535,1.945910291912446,1.3862946111198593,True,False,False,False,False,False
6112.369742419302,0,1,0,1,0,1,0,0.021736767742636668,-7.3337756581647415,6.505784061622997,0.6931476805598203,3.13549425940741,10.55994202886193,5.81263688255782,8.028455164440302,4.199705092879927,1.6094381124340804,3.0445224853424695,-13.815510557964274,1.0986126220013874,False,False,False,True,False,False
41763.20315581854,1,0,1,0,0,0,0,0.02012639375276738,-5.689218796583907,7.749753406705286,2.48490673312133,3.4339872367432105,10.29559571327904,5.264846761656622,8.174421152928266,4.268697963366878,1.0986126220013874,4.510859517505861,1.3862946111198593,1.6094381124340804,False,False,False,False,False,True
41763.20315581854,1,0,0,0,1,0,0,0.0,-5.658520592276317,8.077447149641662,2.515613875923528,2.6390574010438272,10.204662098230513,5.561833358062688,8.174421152928266,-13.815510557964274,1.6094381124340804,-13.815510557964274,-13.815510557964274,0.6931476805598203,False,False,False,False,False,True
10412.863802559415,0,0,1,1,0,0,0,0.027648001444467014,-7.688557553728022,9.264639145478277,9.999994999180668e-07,3.5835189662338873,10.321141501654163,9.264639145478277,7.69074316399891,4.102541345956891,1.6094381124340804,-13.815510557964274,-13.815510557964274,1.7917596358947079,True,False,False,False,False,False
41763.20315581854,1,0,0,0,1,1,0,0.023416433560395505,-5.609198832442679,12.676910301881716,2.5649494343846104,2.48490673312133,10.540826153838807,10.111960944457648,8.174421152928266,4.420103950477332,1.3862946111198593,-13.815510557964274,-13.815510557964274,0.6931476805598203,False,False,False,False,False,True
6112.369742419302,0,0,0,0,0,0,1,0.02717095967829584,-7.3337756581647415,7.24636808081522,0.6931476805598203,3.09104249881286,7.868225738407096,6.553220900968032,8.028455164440302,4.422848641194137,9.999994999180668e-07,-13.815510557964274,-13.815510557964274,1.0986126220013874,False,False,False,True,False,False
41763.20315581854,0,0,1,1,0,0,0,0.021132713440405747,-4.996219458230981,9.573593631344579,3.1780538720146114,2.7080502677688743,10.46539673983523,6.395539802596077,8.174421152928266,4.317488126869644,1.0986126220013874,6.230481449546986,2.9957323235539897,0.6931476805598203,False,False,False,False,False,True
6112.369742419302,0,0,1,1,0,0,0,0.0,-8.02539285776425,3.828641418228225,9.999994999180668e-07,3.09104249881286,10.332734955513807,3.828641418228225,8.028455164440302,-13.815510557964274,1.0986126220013874,-13.815510557964274,-13.815510557964274,1.3862946111198593,False,False,False,True,False,False
6112.369742419302,0,0,0,0,0,0,1,0.016302575806977502,-7.3337756581647415,6.410174883610904,0.6931476805598203,3.09104249881286,7.868225738407096,5.717027704695695,8.028455164440302,3.912023025428146,9.999994999180668e-07,-13.815510557964274,-13.815510557964274,1.0986126220013874,False,False,False,True,False,False
10412.863802559415,1,0,0,0,1,0,0,0.03594185406719795,-7.688557553728022,8.296546520549992,9.999994999180668e-07,3.4339872367432105,9.93954340428779,8.296546520549992,7.69074316399891,4.364890365146944,1.3862946111198593,5.32787617364395,1.945910291912446,1.3862946111198593,True,False,False,False,False,False
41763.20315581854,1,0,0,0,1,0,0,0.009392317084624775,-4.096823558007496,5.537334270955545,4.077537460854872,1.6094381124340804,10.178012194680301,1.4597970553962547,8.174421152928266,3.506557927319981,1.3862946111198593,1.0986126220013874,-13.815510557964274,0.6931476805598203,False,False,False,False,False,True
10412.863802559415,0,1,1,0,0,0,1,0.0,-7.688557553728022,4.2766661329049445,9.999994999180668e-07,3.7841896566455335,9.757396691627354,4.2766661329049445,7.69074316399891,-13.815510557964274,1.0986126220013874,-13.815510557964274,-13.815510557964274,1.945910291912446,True,False,False,False,False,False
6112.369742419302,1,0,1,0,1,0,0,0.026084121291164004,-6.236184658820706,5.808142492983447,1.7917596358947079,3.610917939671251,10.084476944517599,4.016383038770407,8.028455164440302,4.382026647173881,1.0986126220013874,1.6094381124340804,-13.815510557964274,1.6094381124340804,False,False,False,True,False,False
41763.20315581854,0,0,1,0,0,0,0,0.023318856210102896,-4.677806051508068,6.827629235586276,3.49650759176951,3.0445224853424695,10.18414036585045,3.3311217087893508,8.174421152928266,4.415928198432896,0.6931476805598203,3.367295864469232,1.0986126220013874,1.0986126220013874,False,False,False,False,False,True
6112.369742419302,0,0,0,0,0,0,1,0.009315757603987144,-7.3337756581647415,6.297109321775556,0.6931476805598203,3.09104249881286,8.191113331001237,5.603962143057231,8.028455164440302,3.3524072524927226,0.6931476805598203,1.945910291912446,-13.815510557964274,1.3862946111198593,False,False,False,True,False,False
41763.20315581854,1,0,0,1,0,0,0,0.02012639375276738,-4.916188123940292,5.874930733661019,3.2580965764830196,3.09104249881286,9.747770395347878,2.6168342658642536,8.174421152928266,4.268697963366878,1.0986126220013874,1.945910291912446,-13.815510557964274,1.3862946111198593,False,False,False,False,False,True
1266.400447427293,0,0,1,0,0,0,0,0.16778523489932887,-6.102111694488308,7.484930283851144,9.999994999180668e-07,3.4339872367432105,9.656759900180402,7.484930283851144,6.102558596850705,4.317488126869644,0.6931476805598203,4.430816810748075,9.999994999180668e-07,1.3862946111198593,False,True,False,False,False,False
10412.863802559415,0,1,1,0,0,0,1,0.0,-7.688557553728022,4.3438054348406965,9.999994999180668e-07,3.7135720910945516,9.757396691627354,4.3438054348406965,7.69074316399891,-13.815510557964274,1.0986126220013874,-13.815510557964274,-13.815510557964274,1.945910291912446,True,False,False,False,False,False
7640.563613231552,0,0,1,0,1,0,0,0.045521395055676164,-6.666171101165439,7.853216388544572,0.6931476805598203,3.13549425940741,9.94516900230081,7.160069208373128,7.360103973625284,4.270531144422899,0.6931476805598203,4.691347891403455,1.3862946111198593,1.3862946111198593,False,False,False,False,True,False
6112.369742419302,0,0,0,1,0,0,1,0.0,-8.02539285776425,3.9318256523321686,9.999994999180668e-07,3.828641418228225,9.2231297982103,3.9318256523321686,8.028455164440302,-13.815510557964274,0.6931476805598203,-13.815510557964274,-13.815510557964274,2.079441666679828,False,False,False,True,False,False
10412.863802559415,0,0,0,1,0,0,0,0.036182205971968306,-7.688557553728022,7.845807503029194,9.999994999180668e-07,3.49650759176951,9.585520966175313,7.845807503029194,7.69074316399891,4.371555347438165,0.6931476805598203,-13.815510557964274,-13.815510557964274,1.7917596358947079,True,False,False,False,False,False
10412.863802559415,0,1,0,1,0,0,0,0.034107342628721116,-7.688557553728022,7.748891337686752,9.999994999180668e-07,4.060443027787798,9.984976657592705,7.748891337686752,7.69074316399891,4.312500585425271,1.3862946111198593,4.204692634316339,1.7917596358947079,2.3025851929940404,True,False,False,False,False,False
7640.563613231552,0,0,0,0,1,0,0,0.044529262086514,-7.358533207287776,6.5930445355123,9.999994999180668e-07,3.988984065082793,9.690921400442782,6.5930445355123,7.360103973625284,4.248495256335073,0.6931476805598203,2.3025851929940404,1.0986126220013874,2.397895363707457,False,False,False,False,True,False
6112.369742419302,0,0,1,1,0,0,1,0.02490827136372337,-8.02539285776425,10.379566440003344,9.999994999180668e-07,3.49650759176951,10.47794473982069,10.379566440003344,8.028455164440302,4.335899829814278,1.0986126220013874,-13.815510557964274,-13.815510557964274,1.945910291912446,False,False,False,True,False,False
6112.369742419302,1,0,1,1,0,0,0,0.02602054578662426,-8.02539285776425,10.188177653539466,9.999994999180668e-07,3.912023025428146,10.596090589586922,10.188177653539466,8.028455164440302,4.379586346185148,1.6094381124340804,7.269616750304548,4.7095302103213434,2.079441666679828,False,False,False,True,False,False
6112.369742419302,0,0,0,0,0,0,1,0.023707140987725132,-6.236184658820706,10.351660875164601,1.7917596358947079,2.397895363707457,7.868225738407096,8.559901406096246,8.028455164440302,4.286476209141466,9.999994999180668e-07,7.353081921156047,4.812184363502499,0.6931476805598203,False,False,False,True,False,False
41763.20315581854,0,0,1,0,0,1,0,0.022186575790452228,-5.689218796583907,8.748780989671765,2.48490673312133,3.09104249881286,10.614440615859076,6.2638743416289655,8.174421152928266,4.366153298217592,1.0986126220013874,-13.815510557964274,-13.815510557964274,1.3862946111198593,False,False,False,False,False,True
6112.369742419302,1,0,0,0,1,0,1,0.017556620099821927,-8.02539285776425,5.808142492983447,9.999994999180668e-07,3.09104249881286,9.974275138142426,5.808142492983447,8.028455164440302,3.9861309961532965,1.6094381124340804,2.5649494343846104,-13.815510557964274,1.0986126220013874,False,False,False,True,False,False
4092.5737704918033,0,0,1,0,0,1,0,0.1405152224824356,-6.412849143141731,6.018593216929324,9.999994999180668e-07,1.945910291912446,9.798122949431027,6.018593216929324,6.413458958806701,4.4510195178275,0.6931476805598203,-13.815510557964274,-13.815510557964274,9.999994999180668e-07,False,False,True,False,False,False
41763.20315581854,0,1,1,0,0,0,1,0.021390671444842625,-5.689218796583907,9.939915909197891,2.48490673312133,2.890371813451719,10.189692659032728,7.455009259940216,8.174421152928266,4.329620800034269,1.3862946111198593,6.565264971443812,3.5835189662338873,0.6931476805598203,False,False,False,False,False,True
10412.863802559415,1,1,0,0,0,0,0,0.03632869263582243,-7.688557553728022,7.340186835969045,9.999994999180668e-07,2.890371813451719,10.369500330577427,7.340186835969045,7.69074316399891,4.375595756924236,1.0986126220013874,-13.815510557964274,-13.815510557964274,1.0986126220013874,True,False,False,False,False,False
7640.563613231552,1,0,1,0,1,0,0,0.041348600508905854,-7.358533207287776,7.442492723380264,9.999994999180668e-07,3.7376696420928917,10.192982301774494,7.442492723380264,7.360103973625284,4.174387285280252,1.0986126220013874,4.094344578888768,1.0986126220013874,1.945910291912446,False,False,False,False,True,False
41763.20315581854,1,0,0,0,1,0,0,0.02387213925675464,-4.916188123940292,7.54380286803089,3.2580965764830196,3.4339872367432105,10.234315678265967,4.285706343243923,8.174421152928266,4.439377942948626,1.0986126220013874,4.2766661329049445,1.945910291912446,1.3862946111198593,False,False,False,False,False,True
41763.20315581854,1,0,1,1,0,0,0,0.023017694535366052,-4.2231091863939945,11.775943361934987,3.9512437378121965,2.833213402879744,10.596090589586922,7.824699643745611,8.174421152928266,4.402929133678746,1.6094381124340804,8.320448114200046,6.122492811707368,1.0986126220013874,False,False,False,False,False,True
41763.20315581854,1,0,0,0,0,0,0,0.0,-5.689218796583907,11.212171661841735,2.48490673312133,2.944439031798018,10.20532264866956,8.72726501220233,8.174421152928266,-13.815510557964274,1.0986126220013874,-13.815510557964274,-13.815510557964274,1.0986126220013874,False,False,False,False,False,True
6112.369742419302,1,0,0,1,1,0,0,0.028995158384612515,-3.327946916892344,11.298233597358216,4.700480374883325,2.9957323235539897,9.942630178267422,6.5977532329168325,8.028455164440302,4.487828760170801,1.3862946111198593,6.744059187489204,6.180016655722966,1.0986126220013874,False,False,False,True,False,False
41763.20315581854,0,0,0,1,0,0,0,0.022165868319714472,-5.038772644273212,8.347116361275798,3.13549425940741,2.6390574010438272,10.281757499716187,5.211622150562391,8.174421152928266,4.365219529069365,1.0986126220013874,4.317488126869644,1.6094381124340804,1.0986126220013874,False,False,False,False,False,True
1266.400447427293,0,0,1,1,0,0,0,0.16778523489932887,-6.102111694488308,5.564520411154111,9.999994999180668e-07,2.397895363707457,10.166663229957722,5.564520411154111,6.102558596850705,4.317488126869644,1.3862946111198593,-13.815510557964274,-13.815510557964274,0.6931476805598203,False,True,False,False,False,False
6112.369742419302,0,0,0,1,0,0,1,0.025859258176585003,-6.64139434679697,6.953684211825647,1.3862946111198593,2.3025851929940404,10.066796814599444,5.567389853571085,8.028455164440302,4.373368584539462,1.0986126220013874,3.367295864469232,-13.815510557964274,0.6931476805598203,False,False,False,True,False,False
41763.20315581854,1,0,0,0,1,0,0,0.022780423698187252,-4.996219458230981,9.794955345768399,3.1780538720146114,2.1972246884473243,10.458870934681539,6.61690151670229,8.174421152928266,4.392567443448596,1.0986126220013874,6.456769657142022,3.7376696420928917,0.6931476805598203,False,False,False,False,False,True
41763.20315581854,0,1,1,1,0,0,0,0.02320406696872031,-4.916188123940292,12.398975522184791,3.2580965764830196,2.5649494343846104,10.34002306471345,9.140878984266381,8.174421152928266,4.410993449492293,1.7917596358947079,9.243291472212627,7.280697196073446,0.6931476805598203,False,False,False,False,False,True
6112.369742419302,1,0,1,0,1,0,0,0.0,-7.3337756581647415,4.127134401174124,0.6931476805598203,3.610917939671251,9.93311166769063,3.4339872367432105,8.028455164440302,-13.815510557964274,1.3862946111198593,-13.815510557964274,-13.815510557964274,1.7917596358947079,False,False,False,True,False,False
41763.20315581854,1,1,0,0,0,0,0,0.02217417816952159,-5.689218796583907,10.213652480826633,2.48490673312133,3.4339872367432105,10.358689090639915,7.728745831441963,8.174421152928266,4.3655943527539005,0.6931476805598203,-13.815510557964274,-13.815510557964274,1.6094381124340804,False,False,False,False,False,True
7640.563613231552,0,0,1,0,0,0,0,0.0449034575662326,-7.358533207287776,7.634337236111879,9.999994999180668e-07,3.49650759176951,9.890217970070173,7.634337236111879,7.360103973625284,4.2568635058865425,0.6931476805598203,4.442651268255022,9.999994999180668e-07,1.6094381124340804,False,False,False,False,True,False
41763.20315581854,1,0,0,0,0,0,0,0.01565386180770796,-4.262327169737311,6.728628614280874,3.912023025428146,3.09104249881286,10.410842799866044,2.8166056674651663,8.174421152928266,4.017383539085972,0.6931476805598203,2.1972246884473243,9.999994999180668e-07,1.0986126220013874,False,False,False,False,False,True
41763.20315581854,1,0,0,0,0,0,0,0.0,-5.658520592276317,3.465735934049726,2.515613875923528,2.397895363707457,9.327943316009462,0.9501224943832169,8.174421152928266,-13.815510557964274,9.999994999180668e-07,-13.815510557964274,-13.815510557964274,9.999994999180668e-07,False,False,False,False,False,True
41763.20315581854,1,0,0,0,1,0,0,0.021745255858968235,-4.916188123940292,8.654517382453793,3.2580965764830196,1.945910291912446,10.092953778978782,5.39642084879075,8.174421152928266,4.346061498938113,1.0986126220013874,5.214935763043768,0.6931476805598203,9.999994999180668e-07,False,False,False,False,False,True
1266.400447427293,0,0,1,0,0,0,0,0.14914243102162564,-6.102111694488308,5.209486158305902,9.999994999180668e-07,2.5649494343846104,9.656759900180402,5.209486158305902,6.102558596850705,4.199705092879927,0.6931476805598203,1.0986126220013874,-13.815510557964274,0.6931476805598203,False,True,False,False,False,False
7640.563613231552,0,0,1,0,0,0,0,0.044944130987941144,-5.413969277717656,8.134174272431244,1.945910291912446,3.688879479113936,10.119544087459055,6.188264125135978,7.360103973625284,4.257768892988534,1.0986126220013874,4.521788587918605,1.6094381124340804,1.945910291912446,False,False,False,False,True,False
7640.563613231552,0,0,0,0,0,0,1,0.03816793893129771,-7.358533207287776,5.978885767432767,9.999994999180668e-07,3.7135720910945516,7.868225738407096,5.978885767432767,7.360103973625284,4.094344578888768,9.999994999180668e-07,1.6094381124340804,-13.815510557964274,1.7917596358947079,False,False,False,False,True,False
6112.369742419302,0,1,0,0,0,0,1,0.022139300478611425,-6.64139434679697,7.990915463429849,1.3862946111198593,2.833213402879744,8.390350943423686,6.60462110332553,8.028455164440302,4.218054231275397,0.6931476805598203,4.394449167018117,0.6931476805598203,1.0986126220013874,False,False,False,True,False,False
6112.369742419302,0,0,0,0,0,0,1,0.020184141475305478,-8.02539285776425,6.340359305491421,9.999994999180668e-07,3.09104249881286,7.868225738407096,6.340359305491421,8.028455164440302,4.125597121880051,9.999994999180668e-07,3.0445224853424695,-13.815510557964274,1.3862946111198593,False,False,False,True,False,False
6112.369742419302,0,0,0,0,0,0,1,0.02428751089610934,-7.3337756581647415,7.976595409659983,0.6931476805598203,2.1972246884473243,7.868225738407096,7.283448229443445,8.028455164440302,4.310662161890568,9.999994999180668e-07,4.584967488874653,1.6094381124340804,0.6931476805598203,False,False,False,True,False,False
10412.863802559415,0,0,1,0,1,0,0,0.031992687385740404,-7.688557553728022,7.884952946136178,9.999994999180668e-07,3.2580965764830196,10.141311655014004,7.884952946136178,7.69074316399891,4.248495256335073,1.6094381124340804,-13.815510557964274,-13.815510557964274,1.3862946111198593,True,False,False,False,False,False
6112.369742419302,0,0,0,0,0,0,1,0.02294436595056093,-6.928821064339634,9.310638093382003,1.0986126220013874,1.945910291912446,7.868225738407096,8.212025804894807,8.028455164440302,4.253772313360729,9.999994999180668e-07,5.860786226314868,3.332204545889489,9.999994999180668e-07,False,False,False,True,False,False
10412.863802559415,1,1,0,0,0,0,0,0.035501348719463026,-7.688557553728022,11.563456969278883,9.999994999180668e-07,2.9957323235539897,10.561316824387893,11.563456969278883,7.69074316399891,4.352558585290805,1.6094381124340804,-13.815510557964274,-13.815510557964274,1.3862946111198593,True,False,False,False,False,False
6112.369742419302,1,1,0,1,0,0,1,0.0,-8.02539285776425,4.406719259459375,9.999994999180668e-07,3.1780538720146114,10.19137461970529,4.406719259459375,8.028455164440302,-13.815510557964274,1.3862946111198593,-13.815510557964274,-13.815510557964274,1.3862946111198593,False,False,False,True,False,False
10412.863802559415,1,1,1,0,0,0,1,0.0,-7.688557553728022,4.3438054348406965,9.999994999180668e-07,3.2958369030413657,10.332859884217607,4.3438054348406965,7.69074316399891,-13.815510557964274,1.7917596358947079,-13.815510557964274,-13.815510557964274,0.6931476805598203,True,False,False,False,False,False
6112.369742419302,0,0,1,0,0,0,1,0.032605151613955004,-8.02539285776425,5.093750206941731,9.999994999180668e-07,3.871201031741224,9.951349901409742,5.093750206941731,8.028455164440302,4.605170195988091,1.0986126220013874,-13.815510557964274,-13.815510557964274,2.1972246884473243,False,False,False,True,False,False
41763.20315581854,0,0,1,0,0,0,0,0.0,-4.878452850835787,4.2766661329049445,3.2958369030413657,2.890371813451719,10.093202307287365,0.980829628011656,8.174421152928266,-13.815510557964274,0.6931476805598203,-13.815510557964274,-13.815510557964274,1.0986126220013874,False,False,False,False,False,True
41763.20315581854,0,1,1,1,0,0,0,0.022732550885034036,-5.689218796583907,12.283977685408326,2.48490673312133,2.5649494343846104,10.5623723138641,9.799071035671203,8.174421152928266,4.390463743101424,1.3862946111198593,8.869398160024145,6.675823222895882,1.3862946111198593,False,False,False,False,False,True
10412.863802559415,0,0,1,0,0,0,0,0.0,-7.688557553728022,4.804021052929977,9.999994999180668e-07,4.290459454847021,10.314144394236006,4.804021052929977,7.69074316399891,-13.815510557964274,1.0986126220013874,0.6931476805598203,-13.815510557964274,2.397895363707457,True,False,False,False,False,False
7640.563613231552,1,1,1,0,0,0,0,0.05089058524173028,-7.358533207287776,5.950642555191894,9.999994999180668e-07,4.094344578888768,10.34812173855581,5.950642555191894,7.360103973625284,4.382026647173881,1.3862946111198593,-13.815510557964274,-13.815510557964274,2.1972246884473243,False,False,False,False,True,False
10412.863802559415,1,0,0,0,1,0,0,0.0,-7.688557553728022,4.663439103546029,9.999994999180668e-07,2.6390574010438272,10.237259952813003,4.663439103546029,7.69074316399891,-13.815510557964274,1.0986126220013874,-13.815510557964274,-13.815510557964274,0.6931476805598203,True,False,False,False,False,False
10412.863802559415,1,0,0,0,0,0,0,0.025391021734714605,-7.688557553728022,6.068425590558925,9.999994999180668e-07,3.8918203185187896,10.14062602939211,6.068425590558925,7.69074316399891,4.017383539085972,1.0986126220013874,2.1972246884473243,-13.815510557964274,1.7917596358947079,True,False,False,False,False,False
10412.863802559415,0,0,0,0,0,0,1,0.028125439459991564,-7.688557553728022,5.74300319101461,9.999994999180668e-07,4.04305128537841,5.85555732140996,5.74300319101461,7.69074316399891,4.11966238645639,9.999994999180668e-07,2.5649494343846104,-13.815510557964274,2.079441666679828,True,False,False,False,False,False
10412.863802559415,0,0,0,0,0,0,1,0.030469226081657523,-7.688557553728022,5.010635300762923,9.999994999180668e-07,2.7080502677688743,5.85555732140996,5.010635300762923,7.69074316399891,4.199705092879927,9.999994999180668e-07,-13.815510557964274,-13.815510557964274,0.6931476805598203,True,False,False,False,False,False
1266.400447427293,0,0,0,0,0,0,0,0.22371364653243847,-6.102111694488308,5.22035583048373,9.999994999180668e-07,1.7917596358947079,8.024016164881164,5.22035583048373,6.102558596850705,4.605170195988091,9.999994999180668e-07,-13.815510557964274,-13.815510557964274,0.6931476805598203,False,True,False,False,False,False
6112.369742419302,0,0,1,1,1,0,0,0.024453863710466255,-7.3337756581647415,8.292298107313659,0.6931476805598203,4.007333203414289,10.291932039869998,7.599150927004152,8.028455164440302,4.317488126869644,1.0986126220013874,5.318119998746178,2.6390574010438272,2.397895363707457,False,False,False,True,False,False
10412.863802559415,0,0,1,0,0,0,1,0.015234613040828762,-7.688557553728022,5.624017509797447,9.999994999180668e-07,3.871201031741224,9.324406699842474,5.624017509797447,7.69074316399891,3.506557927319981,0.6931476805598203,1.0986126220013874,-13.815510557964274,1.945910291912446,True,False,False,False,False,False
41763.20315581854,0,0,1,0,0,0,0,0.01878463416924955,-4.773105477981234,6.212606097755526,3.401197414995488,3.2188758648682,9.911230783913622,2.811408774209602,8.174421152928266,4.199705092879927,9.999994999180668e-07,1.0986126220013874,-13.815510557964274,1.6094381124340804,False,False,False,False,False,True
1266.400447427293,0,0,0,0,0,0,0,0.1798072299232683,-6.102111694488308,7.4454175572858,9.999994999180668e-07,2.5649494343846104,8.024016164881164,7.4454175572858,6.102558596850705,4.386688660221553,9.999994999180668e-07,4.6728288438077,1.0986126220013874,0.6931476805598203,False,True,False,False,False,False
41763.20315581854,0,1,1,1,0,0,0,0.021531443882677553,-4.242525934108025,8.531884740356311,3.9318256523321686,3.2580965764830196,10.083919595682184,4.6000591174861425,8.174421152928266,4.336180259634882,1.0986126220013874,4.663439103546029,2.397895363707457,0.6931476805598203,False,False,False,False,False,True
41763.20315581854,1,1,0,1,1,0,0,0.02228316340788104,-4.916188123940292,10.829332497234905,3.2580965764830196,2.48490673312133,10.247469178297095,7.571235959708668,8.174421152928266,4.37049727548533,1.6094381124340804,7.570958583684209,4.787491751115379,9.999994999180668e-07,False,False,False,False,False,True
6112.369742419302,0,1,0,0,0,0,0,0.017556620099821927,-8.02539285776425,6.016157162137378,9.999994999180668e-07,3.555348090060842,8.71511678782035,6.016157162137378,8.028455164440302,3.9861309961532965,9.999994999180668e-07,2.5649494343846104,9.999994999180668e-07,1.3862946111198593,False,False,False,True,False,False
7640.563613231552,0,0,0,0,1,0,0,0.04240882103477523,-7.358533207287776,5.869296915958633,9.999994999180668e-07,1.7917596358947079,9.84741294036413,5.869296915958633,7.360103973625284,4.199705092879927,9.999994999180668e-07,2.1972246884473243,-13.815510557964274,9.999994999180668e-07,False,False,False,False,True,False
41763.20315581854,0,0,1,0,0,0,1,0.0,-4.436667037933052,4.1108738805667535,3.7376696420928917,2.890371813451719,9.324406699842474,0.373204934414296,8.174421152928266,-13.815510557964274,0.6931476805598203,-13.815510557964274,-13.815510557964274,0.6931476805598203,False,False,False,False,False,True
6112.369742419302,0,0,0,1,1,0,0,0.02636161194319766,-8.02539285776425,7.157735485028723,9.999994999180668e-07,3.2580965764830196,10.090887692290353,7.157735485028723,8.028455164440302,4.392608756372839,1.3862946111198593,3.850147622986654,9.999994999180668e-07,1.3862946111198593,False,False,False,True,False,False
6112.369742419302,0,1,0,1,1,0,0,0.02514645680030517,-7.3337756581647415,9.564371825039682,0.6931476805598203,2.9957323235539897,10.337692504757491,8.871224644549923,8.028455164440302,4.345416902027423,1.945910291912446,6.639875835133726,3.09104249881286,0.6931476805598203,False,False,False,True,False,False
7640.563613231552,1,0,0,0,0,0,0,0.04770992366412214,-7.358533207287776,5.652489183777423,9.999994999180668e-07,3.9318256523321686,9.565831946646995,5.652489183777423,7.360103973625284,4.317488126869644,0.6931476805598203,2.48490673312133,1.0986126220013874,2.079441666679828,False,False,False,False,True,False
10412.863802559415,1,0,0,0,1,0,0,0.030469226081657523,-7.688557553728022,5.886104034227934,9.999994999180668e-07,4.262679891125822,9.786767684584683,5.886104034227934,7.69074316399891,4.199705092879927,1.3862946111198593,2.48490673312133,9.999994999180668e-07,2.3025851929940404,True,False,False,False,False,False
6112.369742419302,0,0,0,0,0,0,1,0.018406133975619764,-6.928821064339634,7.3588308989792965,1.0986126220013874,2.48490673312133,7.868225738407096,6.260218611585072,8.028455164440302,4.033383880146699,9.999994999180668e-07,4.127134401174124,1.0986126220013874,0.6931476805598203,False,False,False,True,False,False
7640.563613231552,0,1,0,0,0,0,1,0.044529262086514,-7.358533207287776,7.02553831552741,9.999994999180668e-07,3.1780538720146114,10.266139442172788,7.02553831552741,7.360103973625284,4.248495256335073,0.6931476805598203,3.401197414995488,0.6931476805598203,1.3862946111198593,False,False,False,False,True,False
41763.20315581854,1,0,0,1,0,1,0,0.02175062903807843,-4.262327169737311,9.164296433579487,3.912023025428146,2.397895363707457,10.668275230511803,5.252273433282232,8.174421152928266,4.346308565026348,1.6094381124340804,5.4293456333404055,2.9957323235539897,0.6931476805598203,False,False,False,False,False,True
41763.20315581854,0,0,1,0,0,0,0,0.014088475626937165,-4.996219458230981,6.5916737333804,3.1780538720146114,3.332204545889489,10.093202307287365,3.4136199345825227,8.174421152928266,3.912023025428146,0.6931476805598203,-13.815510557964274,-13.815510557964274,1.6094381124340804,False,False,False,False,False,True
41763.20315581854,1,0,0,1,1,1,0,0.024276962636616228,-5.083217394116741,11.470633640789817,3.09104249881286,2.3025851929940404,10.632587714642758,8.379591187650574,8.174421152928266,4.456193746298083,1.3862946111198593,7.319864930471222,5.5134287501972405,9.999994999180668e-07,False,False,False,False,False,True
7640.563613231552,0,0,0,0,0,0,1,0.05143197444642953,-7.358533207287776,7.552762084738807,9.999994999180668e-07,2.48490673312133,5.85555732140996,7.552762084738807,7.360103973625284,4.392608756372839,9.999994999180668e-07,4.543294792908302,1.0986126220013874,1.0986126220013874,False,False,False,False,True,False
10412.863802559415,0,1,0,1,0,0,1,0.03183862950105787,-7.688557553728022,7.619233416717724,9.999994999180668e-07,3.2580965764830196,9.761497383346677,7.619233416717724,7.69074316399891,4.243668215655882,1.0986126220013874,4.488636380968095,2.1972246884473243,1.3862946111198593,True,False,False,False,False,False
10412.863802559415,1,1,0,0,0,0,0,0.0,-7.688557553728022,7.528869257179596,9.999994999180668e-07,3.7841896566455335,10.356600032242559,7.528869257179596,7.69074316399891,-13.815510557964274,1.6094381124340804,-13.815510557964274,-13.815510557964274,1.945910291912446,True,False,False,False,False,False
6112.369742419302,1,0,1,0,0,0,0,0.023083502265821766,-8.02539285776425,10.71858684386895,9.999994999180668e-07,4.584967488874653,10.255492302548499,10.71858684386895,8.028455164440302,4.259818074004496,1.3862946111198593,7.9229859590735146,5.075173821483827,2.5649494343846104,False,False,False,True,False,False
41763.20315581854,1,0,1,0,1,0,0,0.02177309869617562,-4.955403377853663,6.186208625958107,3.2188758648682,3.2580965764830196,10.072968728674368,2.967332850472621,8.174421152928266,4.347341089627168,1.3862946111198593,3.09104249881286,9.999994999180668e-07,1.6094381124340804,False,False,False,False,False,True
6112.369742419302,0,0,0,0,0,0,1,0.019563090968373,-8.02539285776425,6.556778357578497,9.999994999180668e-07,2.890371813451719,7.868225738407096,6.556778357578497,8.028455164440302,4.094344578888768,9.999994999180668e-07,2.9957323235539897,-13.815510557964274,1.0986126220013874,False,False,False,True,False,False
6112.369742419302,0,1,0,1,0,0,0,0.02328939400996786,-6.928821064339634,7.6260827585599475,1.0986126220013874,3.912023025428146,10.298262085209148,6.527470470866972,8.028455164440302,4.268697963366878,1.945910291912446,3.8918203185187896,0.6931476805598203,2.3025851929940404,False,False,False,True,False,False
41763.20315581854,0,0,0,0,1,0,0,0.01878463416924955,-5.178511444834895,5.697093489861109,2.9957323235539897,3.367295864469232,8.471240634003612,2.7013612800655054,8.174421152928266,4.199705092879927,9.999994999180668e-07,1.7917596358947079,-13.815510557964274,1.3862946111198593,False,False,False,False,False,True
1266.400447427293,0,0,0,1,0,1,0,0.1822851934708758,-6.102111694488308,7.353081921156047,9.999994999180668e-07,1.945910291912446,10.013464732308465,7.353081921156047,6.102558596850705,4.400375785614806,1.3862946111198593,-13.815510557964274,-13.815510557964274,0.6931476805598203,False,True,False,False,False,False
41763.20315581854,1,1,1,1,1,0,0,0.022393098471794746,-4.916188123940292,11.046961664632104,3.2580965764830196,2.5649494343846104,10.338076843001726,7.788865127009009,8.174421152928266,4.375418693696722,1.945910291912446,7.507690078368751,4.795790553861204,0.6931476805598203,False,False,False,False,False,True
10412.863802559415,1,0,0,0,1,0,0,0.03164111939249051,-7.688557553728022,5.963579346189141,9.999994999180668e-07,4.174387285280252,10.324615578404265,5.963579346189141,7.69074316399891,4.2374454203072185,1.3862946111198593,2.5649494343846104,-13.815510557964274,2.079441666679828,True,False,False,False,False,False
41763.20315581854,1,1,1,0,0,0,0,0.022206003615137387,-5.689218796583907,11.1276011622784,2.48490673312133,2.772588784739779,10.548670930470879,8.64269451265211,8.174421152928266,4.367028571785335,1.7917596358947079,7.446001498907891,4.1108738805667535,0.6931476805598203,False,False,False,False,False,True
7640.563613231552,1,0,1,1,1,0,0,0.04240882103477523,-7.358533207287776,6.311734810967796,9.999994999180668e-07,3.5263605540279257,10.343156735656121,6.311734810967796,7.360103973625284,4.199705092879927,1.6094381124340804,2.7080502677688743,-13.815510557964274,1.3862946111198593,False,False,False,False,True,False
1266.400447427293,0,0,0,0,0,0,0,0.0,-6.102111694488308,4.828313745302301,9.999994999180668e-07,2.3025851929940404,8.024016164881164,4.828313745302301,6.102558596850705,-13.815510557964274,9.999994999180668e-07,-13.815510557964274,-13.815510557964274,9.999994999180668e-07,False,True,False,False,False,False
10412.863802559415,1,0,0,1,1,0,0,0.03623180904387362,-7.688557553728022,9.93484086024258,9.999994999180668e-07,3.6375861860421748,10.121208989158244,9.93484086024258,7.69074316399891,4.372925333041822,1.945910291912446,6.783325201736463,4.584967488874653,1.945910291912446,True,False,False,False,False,False
6112.369742419302,0,0,0,0,0,0,1,0.02508088585688847,-8.02539285776425,5.7137328088096995,9.999994999180668e-07,2.397895363707457,9.853958041326042,5.7137328088096995,8.028455164440302,4.342805934520601,0.6931476805598203,2.5649494343846104,-13.815510557964274,0.6931476805598203,False,False,False,True,False,False
4092.5737704918033,0,0,0,0,1,0,0,0.12971661430304537,-4.621597826440341,9.532568788253,1.7917596358947079,1.7917596358947079,9.485030791126556,7.740809319387211,6.413458958806701,4.37105587188342,0.6931476805598203,6.267200550438895,3.367295864469232,9.999994999180668e-07,False,False,True,False,False,False
6112.369742419302,1,0,0,0,1,0,0,0.025731131045770763,-6.928821064339634,9.020873347142217,1.0986126220013874,3.9512437378121965,9.769564255481718,7.922261058715828,8.028455164440302,4.368401481381044,1.3862946111198593,5.860786226314868,3.0445224853424695,2.3025851929940404,False,False,False,True,False,False
41763.20315581854,1,0,0,0,0,0,0,0.014088475626937165,-4.916188123940292,5.117993818404779,3.2580965764830196,2.833213402879744,10.35460752199595,1.8598974300838838,8.174421152928266,3.912023025428146,1.0986126220013874,-13.815510557964274,-13.815510557964274,0.6931476805598203,False,False,False,False,False,True
41763.20315581854,1,0,1,0,0,0,0,0.0,-4.242525934108025,6.186208625958107,3.9318256523321686,2.772588784739779,10.37481547912676,2.254383096114434,8.174421152928266,-13.815510557964274,1.3862946111198593,-13.815510557964274,-13.815510557964274,1.0986126220013874,False,False,False,False,False,True
1266.400447427293,0,0,0,0,0,0,0,0.22371364653243847,-6.102111694488308,4.919980933127395,9.999994999180668e-07,3.988984065082793,8.024016164881164,4.919980933127395,6.102558596850705,4.605170195988091,9.999994999180668e-07,-13.815510557964274,-13.815510557964274,2.1972246884473243,False,True,False,False,False,False
41763.20315581854,1,1,0,1,0,0,0,0.022850820224178576,-5.689218796583907,11.507530940662974,2.48490673312133,3.332204545889489,10.224349702144197,9.02262429098557,8.174421152928266,4.395652898716474,1.3862946111198593,-13.815510557964274,-13.815510557964274,1.3862946111198593,False,False,False,False,False,True
41763.20315581854,1,0,0,0,0,0,0,0.020252183713722175,-4.5107685106570985,6.602587893546189,3.6635616717706716,3.0445224853424695,10.090697287735946,2.9390262989769207,8.174421152928266,4.274928513030558,0.6931476805598203,3.465735934049726,-13.815510557964274,1.3862946111198593,False,False,False,False,False,True
1266.400447427293,0,0,0,0,0,0,0,0.22371364653243847,-6.102111694488308,6.148468298054399,9.999994999180668e-07,2.890371813451719,8.024016164881164,6.148468298054399,6.102558596850705,4.605170195988091,9.999994999180668e-07,-13.815510557964274,-13.815510557964274,0.6931476805598203,False,True,False,False,False,False
6112.369742419302,0,1,1,0,0,0,1,0.024898479414292917,-8.02539285776425,6.932447892548119,9.999994999180668e-07,2.6390574010438272,10.551147778889336,6.932447892548119,8.028455164440302,4.335506632134227,1.0986126220013874,4.007333203414289,-13.815510557964274,0.6931476805598203,False,False,False,True,False,False
41763.20315581854,0,0,1,0,0,0,0,0.0,-4.916188123940292,4.962844637252914,3.2580965764830196,2.7080502677688743,10.093202307287365,1.7047482740565905,8.174421152928266,-13.815510557964274,0.6931476805598203,9.999994999180668e-07,-13.815510557964274,0.6931476805598203,False,False,False,False,False,True
6112.369742419302,0,0,0,1,0,0,1,0.0223405668465988,-7.3337756581647415,7.343426229794198,0.6931476805598203,2.079441666679828,10.021112974639395,6.650279049881083,8.028455164440302,4.227104066662636,1.0986126220013874,3.988984065082793,0.6931476805598203,9.999994999180668e-07,False,False,False,True,False,False
10412.863802559415,1,0,1,1,0,0,0,0.0,-7.688557553728022,5.598421962702078,9.999994999180668e-07,3.401197414995488,10.459736371373106,5.598421962702078,7.69074316399891,-13.815510557964274,1.7917596358947079,0.6931476805598203,-13.815510557964274,1.3862946111198593,True,False,False,False,False,False
6112.369742419302,0,0,0,0,0,0,1,0.019795984908472678,-8.02539285776425,7.6260827585599475,9.999994999180668e-07,3.1780538720146114,7.868225738407096,7.6260827585599475,8.028455164440302,4.106179036339691,9.999994999180668e-07,-13.815510557964274,-13.815510557964274,1.3862946111198593,False,False,False,True,False,False
4092.5737704918033,0,1,0,0,0,0,0,0.0,-5.027012107674409,5.46806014535454,1.3862946111198593,3.49650759176951,9.25658161944226,4.081765796892878,6.413458958806701,-13.815510557964274,0.6931476805598203,-13.815510557964274,-13.815510557964274,1.7917596358947079,False,False,True,False,False,False
10412.863802559415,1,1,0,1,0,1,0,0.03784506179018557,-7.688557553728022,11.448952117435963,9.999994999180668e-07,3.5263605540279257,10.869975210534564,11.448952117435963,7.69074316399891,4.416488400113382,1.7917596358947079,8.334231429975013,6.091309884340141,1.7917596358947079,True,False,False,False,False,False
41763.20315581854,1,1,0,1,0,0,0,0.0231691483231705,-5.689218796583907,11.416601771745649,2.48490673312133,2.6390574010438272,10.564203124083877,8.93169512207877,8.174421152928266,4.409487465854744,2.3025851929940404,-13.815510557964274,-13.815510557964274,0.6931476805598203,False,False,False,False,False,True
6112.369742419302,1,1,0,0,0,0,0,0.024486599806464202,-8.02539285776425,9.426902312005366,9.999994999180668e-07,3.2580965764830196,10.605445090073712,9.426902312005366,8.028455164440302,4.318825919693478,1.0986126220013874,-13.815510557964274,-13.815510557964274,1.0986126220013874,False,False,False,True,False,False
6112.369742419302,0,0,0,0,0,0,1,0.02187977279357507,-7.3337756581647415,8.53522955409876,0.6931476805598203,4.189654757177941,7.868225738407096,7.8420823737352405,8.028455164440302,4.206262493328047,9.999994999180668e-07,5.023880527425224,2.48490673312133,2.3025851929940404,False,False,False,True,False,False
41763.20315581854,0,1,0,0,0,1,0,0.022824073970816414,-5.609198832442679,9.86396679442586,2.5649494343846104,2.079441666679828,11.001766015812093,7.299017437588511,8.174421152928266,4.394481740838139,1.3862946111198593,-13.815510557964274,-13.815510557964274,9.999994999180668e-07,False,False,False,False,False,True
7640.563613231552,1,0,0,0,0,0,0,0.06361323155216285,-7.358533207287776,5.886104034227934,9.999994999180668e-07,3.2958369030413657,10.452102507030329,5.886104034227934,7.360103973625284,4.605170195988091,0.6931476805598203,-13.815510557964274,-13.815510557964274,1.6094381124340804,False,False,False,False,True,False
6112.369742419302,0,0,0,0,0,0,1,0.0,-5.512593545341598,8.16479480452926,2.515613875923528,1.945910291912446,7.868225738407096,5.6491810126549264,8.028455164440302,-13.815510557964274,9.999994999180668e-07,-13.815510557964274,-13.815510557964274,9.999994999180668e-07,False,False,False,True,False,False
41763.20315581854,0,0,1,0,0,0,0,0.014088475626937165,-5.689218796583907,7.256297240396397,2.48490673312133,3.332204545889489,10.406146469313184,4.771390598371275,8.174421152928266,3.912023025428146,0.6931476805598203,-13.815510557964274,-13.815510557964274,1.0986126220013874,False,False,False,False,False,True
6112.369742419302,0,0,0,0,0,0,1,0.02207640473861537,-6.928821064339634,7.90470391424275,1.0986126220013874,2.833213402879744,7.868225738407096,6.806091626312648,8.028455164440302,4.215209279185123,9.999994999180668e-07,4.564348201884503,9.999994999180668e-07,1.0986126220013874,False,False,False,True,False,False
10412.863802559415,0,0,1,1,0,1,0,0.03942432128193557,-7.688557553728022,12.15341526330823,9.999994999180668e-07,2.772588784739779,10.629509576763601,12.15341526330823,7.69074316399891,4.457370813430131,1.3862946111198593,-13.815510557964274,-13.815510557964274,1.0986126220013874,True,False,False,False,False,False
41763.20315581854,1,0,0,1,0,0,0,0.022389997940120192,-5.129729729201965,9.266248004009041,3.0445224853424695,3.0445224853424695,10.443634410451981,6.221725568176871,8.174421152928266,4.375280224859642,1.3862946111198593,6.0137151584877895,4.488636380968095,1.0986126220013874,False,False,False,False,False,True
41763.20315581854,1,1,0,0,1,0,0,0.021569941994345178,-4.955403377853663,10.152376820307737,3.2188758648682,3.1780538720146114,10.308745685821293,6.933500996375136,8.174421152928266,4.337966657942914,1.6094381124340804,6.922643892461109,3.7135720910945516,1.0986126220013874,False,False,False,False,False,True
4092.5737704918033,0,0,1,0,0,0,0,0.16393442622950818,-5.314643355835334,4.189654757177941,1.0986126220013874,3.465735934049726,10.093202307287365,3.09104249881286,6.413458958806701,4.605170195988091,0.6931476805598203,-13.815510557964274,-13.815510557964274,1.7917596358947079,False,False,True,False,False,False
6112.369742419302,0,1,1,0,1,0,1,0.02382684156404404,-6.928821064339634,8.28601746865678,1.0986126220013874,2.5649494343846104,10.333652115103124,7.187405180492703,8.028455164440302,4.29151264081726,1.6094381124340804,5.33753808450901,2.397895363707457,0.6931476805598203,False,False,False,True,False,False
6112.369742419302,0,0,0,0,0,0,1,0.022553939462284664,-7.3337756581647415,8.761393485412723,0.6931476805598203,1.3862946111198593,7.868225738407096,8.068246305009444,8.028455164440302,4.2366096492719,9.999994999180668e-07,5.583496312541097,2.7080502677688743,9.999994999180668e-07,False,False,False,True,False,False
6112.369742419302,0,0,0,1,0,0,0,0.0,-7.3337756581647415,4.820281573669553,0.6931476805598203,3.1780538720146114,9.797925220956992,4.127134401174124,8.028455164440302,-13.815510557964274,9.999994999180668e-07,9.999994999180668e-07,-13.815510557964274,1.0986126220013874,False,False,False,True,False,False
41763.20315581854,1,0,0,0,1,0,0,0.01878463416924955,-5.689218796583907,6.1569789877042,2.48490673312133,2.890371813451719,10.092953778978782,3.6720723612212836,8.174421152928266,4.199705092879927,1.0986126220013874,2.1972246884473243,-13.815510557964274,1.0986126220013874,False,False,False,False,False,True
6112.369742419302,0,1,1,0,1,0,0,0.022823606129768505,-8.02539285776425,8.71308886840173,9.999994999180668e-07,3.9512437378121965,10.024724206477865,8.71308886840173,8.028455164440302,4.248495256335073,1.945910291912446,5.7365723007049985,2.7080502677688743,1.945910291912446,False,False,False,True,False,False
6112.369742419302,0,0,1,1,0,0,1,0.02515254553076529,-7.3337756581647415,6.697034248901052,0.6931476805598203,3.2580965764830196,10.548880820909448,6.003887069575675,8.028455164440302,4.34565900346597,1.3862946111198593,3.555348090060842,9.999994999180668e-07,1.3862946111198593,False,False,False,True,False,False
7640.563613231552,0,0,0,0,1,0,0,0.053826580544137796,-7.358533207287776,6.061456921259019,9.999994999180668e-07,3.688879479113936,9.84741294036413,6.061456921259019,7.360103973625284,4.438116113143107,9.999994999180668e-07,2.5649494343846104,-13.815510557964274,1.7917596358947079,False,False,False,False,True,False
4092.5737704918033,1,0,1,1,1,0,0,0.13382402141184344,-6.412849143141731,7.316548177847428,9.999994999180668e-07,2.48490673312133,10.106054089571257,7.316548177847428,6.413458958806701,4.402229354241401,1.3862946111198593,3.8918203185187896,-13.815510557964274,0.6931476805598203,False,False,True,False,False,False
10412.863802559415,0,1,1,0,0,0,0,0.022851919561243144,-7.688557553728022,5.680172612430036,9.999994999180668e-07,3.850147622986654,10.118270002685447,5.680172612430036,7.69074316399891,3.912023025428146,0.6931476805598203,-13.815510557964274,-13.815510557964274,2.1972246884473243,True,False,False,False,False,False
41763.20315581854,0,0,1,0,0,0,0,0.022541561003099463,-5.609198832442679,8.540323609000518,2.5649494343846104,2.397895363707457,9.911230783913622,5.975374253884106,8.174421152928266,4.382026647173881,9.999994999180668e-07,-13.815510557964274,-13.815510557964274,0.6931476805598203,False,False,False,False,False,True
6112.369742419302,0,0,0,1,0,0,1,0.0,-8.02539285776425,3.7841896566455335,9.999994999180668e-07,2.6390574010438272,9.2231297982103,3.7841896566455335,8.028455164440302,-13.815510557964274,0.6931476805598203,-13.815510557964274,-13.815510557964274,1.0986126220013874,False,False,False,True,False,False
41763.20315581854,0,0,1,0,0,0,1,0.0,-5.658520592276317,4.007333203414289,2.515613875923528,2.079441666679828,9.566261260676077,1.4917196151076935,8.174421152928266,-13.815510557964274,0.6931476805598203,-13.815510557964274,-13.815510557964274,9.999994999180668e-07,False,False,False,False,False,True
6112.369742419302,1,1,1,0,0,0,0,0.022739039454112715,-8.02539285776425,8.86276674242536,9.999994999180668e-07,3.2958369030413657,10.47872978380797,8.86276674242536,8.028455164440302,4.244783146536761,1.6094381124340804,5.849324782828703,3.5263605540279257,1.6094381124340804,False,False,False,True,False,False
6112.369742419302,0,0,0,0,0,0,1,0.0,-8.02539285776425,4.262679891125822,9.999994999180668e-07,3.6635616717706716,5.85555732140996,4.262679891125822,8.028455164440302,-13.815510557964274,9.999994999180668e-07,-13.815510557964274,-13.815510557964274,1.945910291912446,False,False,False,True,False,False
6112.369742419302,0,0,0,1,0,0,1,0.024717423077817078,-8.02539285776425,10.907184583426277,9.999994999180668e-07,2.079441666679828,10.543202303961566,10.907184583426277,8.028455164440302,4.328208281054063,1.0986126220013874,7.8504931812607,4.976733749317126,9.999994999180668e-07,False,False,False,True,False,False
6112.369742419302,1,0,0,0,1,0,0,0.021736767742636668,-6.928821064339634,5.5134287501972405,1.0986126220013874,3.8066625119925415,10.370512592513721,4.414816469593647,8.028455164440302,4.199705092879927,1.3862946111198593,1.0986126220013874,-13.815510557964274,2.079441666679828,False,False,False,True,False,False
41763.20315581854,1,1,1,1,1,0,0,0.021667788669776505,-4.2231091863939945,11.126321364517702,3.9512437378121965,2.5649494343846104,10.328587233256572,7.175077646686982,8.174421152928266,4.342492651314092,2.079441666679828,7.845416036984028,5.129898720840234,1.0986126220013874,False,False,False,False,False,True
6112.369742419302,1,0,1,1,1,0,0,0.021547752370961567,-7.3337756581647415,7.8066963729281795,0.6931476805598203,2.7080502677688743,10.477612167009223,7.113549192775235,8.028455164440302,4.190971413042751,1.7917596358947079,4.744932137058902,9.999994999180668e-07,1.0986126220013874,False,False,False,True,False,False
6112.369742419302,1,1,1,1,0,0,0,0.025183829791375692,-6.928821064339634,9.606630182216175,1.0986126220013874,2.833213402879744,10.170525643741493,8.508017893682629,8.028455164440302,4.346902011689464,1.7917596358947079,6.689599270422748,4.1108738805667535,1.0986126220013874,False,False,False,True,False,False
7640.563613231552,1,0,1,0,0,1,0,0.047371555411185096,-7.358533207287776,7.944137491468848,9.999994999180668e-07,3.5263605540279257,10.495664069419385,7.944137491468848,7.360103973625284,4.310370659196018,1.6094381124340804,4.543294792908302,1.6094381124340804,1.7917596358947079,False,False,False,False,True,False
10412.863802559415,0,0,0,1,0,0,0,0.0,-7.688557553728022,4.094344578888768,9.999994999180668e-07,2.3025851929940404,9.778095277150934,4.094344578888768,7.69074316399891,-13.815510557964274,0.6931476805598203,-13.815510557964274,-13.815510557964274,9.999994999180668e-07,True,False,False,False,False,False
10412.863802559415,0,1,0,1,0,0,0,0.0,-7.688557553728022,4.912654893088993,9.999994999180668e-07,3.2188758648682,10.354597184706266,4.912654893088993,7.69074316399891,-13.815510557964274,1.0986126220013874,-13.815510557964274,-13.815510557964274,1.0986126220013874,True,False,False,False,False,False
41763.20315581854,1,0,0,0,1,0,0,0.0225256418216001,-5.609198832442679,9.064505023868339,2.5649494343846104,2.1972246884473243,9.673503673375,6.499555667795208,8.174421152928266,4.381320183006388,1.3862946111198593,5.869296915958633,2.1972246884473243,9.999994999180668e-07,False,False,False,False,False,True
10412.863802559415,1,1,0,0,0,0,1,0.04570383912248629,-7.688557553728022,5.062595039356081,9.999994999180668e-07,2.772588784739779,9.56888296407913,5.062595039356081,7.69074316399891,4.605170195988091,1.0986126220013874,-13.815510557964274,-13.815510557964274,0.6931476805598203,True,False,False,False,False,False
10412.863802559415,0,0,0,0,0,0,0,0.04154894465680572,-7.688557553728022,6.670766322113302,9.999994999180668e-07,3.6375861860421748,8.024016164881164,6.670766322113302,7.69074316399891,4.509860017183766,9.999994999180668e-07,2.397895363707457,9.999994999180668e-07,1.6094381124340804,True,False,False,False,False,False
4092.5737704918033,0,0,1,1,0,0,0,0.13319672131147542,-4.1108128660337355,7.736743682889986,2.3025851929940404,3.912023025428146,10.476388029921463,5.434158593824356,6.413458958806701,4.397530833517539,1.6094381124340804,-13.815510557964274,-13.815510557964274,2.1972246884473243,False,False,True,False,False,False
41763.20315581854,1,0,0,0,0,0,0,0.0,-6.382070358285614,4.691347891403455,1.7917596358947079,2.5649494343846104,9.327943316009462,2.899588468046959,8.174421152928266,-13.815510557964274,9.999994999180668e-07,9.999994999180668e-07,-13.815510557964274,0.6931476805598203,False,False,False,False,False,True
6112.369742419302,0,0,1,0,0,0,1,0.026246470593806102,-6.928821064339634,9.168267595658572,1.0986126220013874,3.8066625119925415,10.452797656167752,8.069655307199056,8.028455164440302,4.388231423983445,1.3862946111198593,-13.815510557964274,-13.815510557964274,1.945910291912446,False,False,False,True,False,False
7640.563613231552,1,1,0,0,0,0,0,0.0451899336308243,-5.0573616923497315,10.683156406890246,2.3025851929940404,3.09104249881286,10.536993702364251,8.380571314102552,7.360103973625284,4.263223062836461,1.3862946111198593,7.429520843379934,4.820281573669553,1.6094381124340804,False,False,False,False,True,False
41763.20315581854,0,1,1,1,0,0,1,0.02315514668125561,-4.996219458230981,11.975224489836709,3.1780538720146114,2.079441666679828,10.602332829391315,8.797170659633625,8.174421152928266,4.408882960500929,2.1972246884473243,8.791181936888083,6.340359305491421,9.999994999180668e-07,False,False,False,False,False,True
41763.20315581854,0,0,1,1,0,0,0,0.022766447468505972,-4.955403377853663,10.809889551680111,3.2188758648682,2.3025851929940404,10.273205783516843,7.591013727296681,8.174421152928266,4.3919537358726854,1.3862946111198593,7.6638772591729545,5.209486158305902,0.6931476805598203,False,False,False,False,False,True
7640.563613231552,0,0,0,1,0,0,0,0.04562974415134044,-7.358533207287776,8.700181192919908,9.999994999180668e-07,3.912023025428146,10.43308093944876,8.700181192919908,7.360103973625284,4.272908495844399,0.6931476805598203,-13.815510557964274,-13.815510557964274,2.079441666679828,False,False,False,False,True,False
6112.369742419302,0,0,1,1,0,0,0,0.02473336903395887,-7.3337756581647415,9.999479318235277,0.6931476805598203,3.2958369030413657,10.243829851716475,9.306332137720757,8.028455164440302,4.328853203240472,1.3862946111198593,7.264730178629658,4.7095302103213434,1.3862946111198593,False,False,False,True,False,False
6112.369742419302,1,0,1,0,1,0,0,0.02267601079324443,-6.928821064339634,8.502688505416279,1.0986126220013874,2.890371813451719,10.440346395504884,7.404076217154012,8.028455164440302,4.242007471949314,1.6094381124340804,5.493061447455775,2.1972246884473243,1.0986126220013874,False,False,False,True,False,False
41763.20315581854,1,1,1,1,0,0,0,0.021522093420044713,-4.282528428587264,9.094705028489518,3.8918203185187896,2.890371813451719,10.508782731714536,5.202884735767305,8.174421152928266,4.33574589520198,1.945910291912446,5.293304829749618,3.13549425940741,1.0986126220013874,False,False,False,False,False,True
7640.563613231552,0,0,1,0,0,0,0,0.04485172547226229,-5.568082538077103,8.51418868259654,1.7917596358947079,3.13549425940741,9.911230783913622,6.722429214371495,7.360103973625284,4.255710768023073,9.999994999180668e-07,-13.815510557964274,-13.815510557964274,1.0986126220013874,False,False,False,False,True,False
41763.20315581854,1,1,0,0,0,0,0,0.022383320878304157,-5.609198832442679,10.206181382645289,2.5649494343846104,2.48490673312133,10.15013928255082,7.641232025627047,8.174421152928266,4.374981964111603,1.3862946111198593,7.006695227742838,3.871201031741224,0.6931476805598203,False,False,False,False,False,True
4092.5737704918033,0,0,1,0,0,0,0,0.0,-3.928501475337993,4.04305128537841,2.48490673312133,4.04305128537841,9.911230783913622,1.5581448285728434,6.413458958806701,-13.815510557964274,9.999994999180668e-07,-13.815510557964274,-13.815510557964274,1.945910291912446,False,False,True,False,False,False
41763.20315581854,0,0,0,1,0,0,0,0.02059832298559089,-3.5299961290873685,8.209580483747612,4.644390908756757,2.397895363707457,9.823913693796847,3.565189612625826,8.174421152928266,4.291875551358829,1.0986126220013874,4.976733749317126,1.7917596358947079,0.6931476805598203,False,False,False,False,False,True
41763.20315581854,0,0,1,1,0,0,0,0.021777440291129994,-5.689218796583907,9.952563390230326,2.48490673312133,2.079441666679828,10.074166925641268,7.467656740965986,8.174421152928266,4.347540471541309,1.0986126220013874,-13.815510557964274,-13.815510557964274,9.999994999180668e-07,False,False,False,False,False,True
41763.20315581854,1,0,0,0,0,0,0,0.0,-4.916188123940292,4.691347891403455,3.2580965764830196,2.7080502677688743,10.42321605584098,1.4332515827397434,8.174421152928266,-13.815510557964274,9.999994999180668e-07,-13.815510557964274,-13.815510557964274,0.6931476805598203,False,False,False,False,False,True
41763.20315581854,0,0,0,0,1,0,0,0.02284402545158738,-4.2231091863939945,9.18101454269733,3.9512437378121965,1.7917596358947079,9.69236030328253,5.229770829367679,8.174421152928266,4.395355500948432,1.0986126220013874,5.869296915958633,3.7135720910945516,9.999994999180668e-07,False,False,False,False,False,True
7640.563613231552,0,0,1,0,0,0,0,0.04834605597964377,-5.9734166890735345,7.113956110379704,1.3862946111198593,3.5835189662338873,9.911230783913622,5.727661751700823,7.360103973625284,4.330733353444225,9.999994999180668e-07,3.2188758648682,-13.815510557964274,1.7917596358947079,False,False,False,False,True,False
7640.563613231552,1,0,0,0,0,0,1,0.04925693805011832,-5.9734166890735345,8.728911725222819,1.3862946111198593,3.2188758648682,10.320439329320783,7.342617364588443,7.360103973625284,4.3493989387319365,1.3862946111198593,5.54907608878627,2.397895363707457,1.0986126220013874,False,False,False,False,True,False
7640.563613231552,0,0,1,1,0,0,0,0.0,-6.666171101165439,4.406719259459375,0.6931476805598203,3.2188758648682,10.043358550920436,3.7135720910945516,7.360103973625284,-13.815510557964274,1.0986126220013874,-13.815510557964274,-13.815510557964274,1.0986126220013874,False,False,False,False,True,False
10412.863802559415,0,0,0,0,1,0,0,0.02688461124852135,-7.688557553728022,7.173958320523077,9.999994999180668e-07,2.079441666679828,9.84741294036413,7.173958320523077,7.69074316399891,4.074541951925921,9.999994999180668e-07,2.833213402879744,-13.815510557964274,9.999994999180668e-07,True,False,False,False,False,False
41763.20315581854,0,1,1,0,0,1,0,0.02297266253158741,-4.955403377853663,10.662656528661474,3.2188758648682,3.2580965764830196,10.610428208445876,7.443780704354939,8.174421152928266,4.400970809347717,1.6094381124340804,7.280008253573368,5.049856013659793,1.3862946111198593,False,False,False,False,False,True
10412.863802559415,0,0,1,0,0,0,0,0.032488271183454105,-7.688557553728022,7.317876199290065,9.999994999180668e-07,2.397895363707457,9.930382188212418,7.317876199290065,7.69074316399891,4.263867036165009,0.6931476805598203,4.418840619844791,1.0986126220013874,0.6931476805598203,True,False,False,False,False,False
6112.369742419302,0,0,0,1,0,0,1,0.0,-8.02539285776425,3.871201031741224,9.999994999180668e-07,3.610917939671251,9.2231297982103,3.871201031741224,8.028455164440302,-13.815510557964274,0.6931476805598203,-13.815510557964274,-13.815510557964274,1.6094381124340804,False,False,False,True,False,False
6112.369742419302,0,0,0,0,0,0,1,0.01969894576676448,-7.3337756581647415,7.081708586945911,0.6931476805598203,3.688879479113936,7.868225738407096,6.388561407226302,8.028455164440302,4.101265021618398,9.999994999180668e-07,3.871201031741224,-13.815510557964274,1.7917596358947079,False,False,False,True,False,False
1266.400447427293,0,1,0,0,0,0,0,0.22371364653243847,-6.102111694488308,4.418840619844791,9.999994999180668e-07,2.944439031798018,10.273772877171828,4.418840619844791,6.102558596850705,4.605170195988091,0.6931476805598203,-13.815510557964274,-13.815510557964274,1.3862946111198593,False,True,False,False,False,False
6112.369742419302,0,1,0,1,0,0,0,0.0,-8.02539285776425,4.718498880223666,9.999994999180668e-07,3.2580965764830196,10.393262325857432,4.718498880223666,8.028455164440302,-13.815510557964274,1.3862946111198593,-13.815510557964274,-13.815510557964274,1.3862946111198593,False,False,False,True,False,False
41763.20315581854,0,1,1,1,0,0,0,0.023746496418561195,-5.609198832442679,11.080556676677705,2.5649494343846104,2.7080502677688743,10.275838848289737,8.515607319401077,8.174421152928266,4.434100885910233,1.3862946111198593,-13.815510557964274,-13.815510557964274,0.6931476805598203,False,False,False,False,False,True
41763.20315581854,0,0,0,1,0,1,0,0.023535514897966008,-5.689218796583907,11.670698148851312,2.48490673312133,1.945910291912446,10.706570852858453,9.185791499157256,8.174421152928266,4.4251764382177825,1.3862946111198593,-13.815510557964274,-13.815510557964274,9.999994999180668e-07,False,False,False,False,False,True
41763.20315581854,1,0,1,0,0,0,0,0.023890894830903866,-4.262327169737311,11.768435523723404,3.912023025428146,3.4339872367432105,10.427343406826674,7.856412518674773,8.174421152928266,4.440163302390303,1.6094381124340804,8.571491965013045,6.796823719392174,1.6094381124340804,False,False,False,False,False,True
6112.369742419302,0,0,0,1,0,0,1,0.032605151613955004,-8.02539285776425,3.761200138949376,9.999994999180668e-07,3.09104249881286,9.2231297982103,3.761200138949376,8.028455164440302,4.605170195988091,0.6931476805598203,-13.815510557964274,-13.815510557964274,1.6094381124340804,False,False,False,True,False,False
6112.369742419302,1,0,0,0,1,0,0,0.023390652244793808,-8.02539285776425,7.021083965181997,9.999994999180668e-07,3.871201031741224,10.178469441949819,7.021083965181997,8.028455164440302,4.27303636490487,1.3862946111198593,3.828641418228225,9.999994999180668e-07,2.079441666679828,False,False,False,True,False,False
41763.20315581854,0,0,1,0,0,0,0,0.0,-3.5692154772881604,4.330733353444225,4.605170195988091,3.401197414995488,9.911230783913622,-0.27443552991315223,8.174421152928266,-13.815510557964274,9.999994999180668e-07,9.999994999180668e-07,-13.815510557964274,1.6094381124340804,False,False,False,False,False,True
6112.369742419302,0,0,0,0,1,0,1,0.0,-8.02539285776425,3.912023025428146,9.999994999180668e-07,4.04305128537841,9.300921039160338,3.912023025428146,8.028455164440302,-13.815510557964274,0.6931476805598203,-13.815510557964274,-13.815510557964274,2.079441666679828,False,False,False,True,False,False
41763.20315581854,1,0,0,1,1,0,0,0.023083503811019247,-5.609198832442679,10.558361570900557,2.5649494343846104,3.332204545889489,10.339357855358163,7.993412213750724,8.174421152928266,4.405784127557871,1.3862946111198593,7.232010332387824,4.418840619844791,1.3862946111198593,False,False,False,False,False,True
7640.563613231552,0,0,1,0,1,0,0,0.04587863366489321,-7.358533207287776,9.097955241493286,9.999994999180668e-07,4.382026647173881,9.887363304158281,9.097955241493286,7.360103973625284,4.278348219064586,1.0986126220013874,5.799092657490829,3.09104249881286,2.7080502677688743,False,False,False,False,True,False
7640.563613231552,0,1,0,0,0,0,0,0.031806615776081425,-7.358533207287776,4.634728997938374,9.999994999180668e-07,3.610917939671251,6.186894261910878,4.634728997938374,7.360103973625284,3.912023025428146,9.999994999180668e-07,-13.815510557964274,-13.815510557964274,1.6094381124340804,False,False,False,False,True,False
41763.20315581854,1,0,0,0,1,0,0,0.015779092702169626,-4.563407325683278,7.903596289983714,3.610917939671251,3.1780538720146114,9.906022778742752,4.292678390638344,8.174421152928266,4.025351708592292,1.3862946111198593,3.912023025428146,9.999994999180668e-07,1.3862946111198593,False,False,False,False,False,True
10412.863802559415,1,1,0,0,0,0,1,0.0,-7.688557553728022,5.1119877943806395,9.999994999180668e-07,3.401197414995488,10.105189928864412,5.1119877943806395,7.69074316399891,-13.815510557964274,1.3862946111198593,-13.815510557964274,-13.815510557964274,1.7917596358947079,True,False,False,False,False,False
4092.5737704918033,0,1,0,0,0,0,1,0.13500482160077143,-5.720006823110456,8.031385330950632,0.6931476805598203,2.6390574010438272,9.590397150850096,7.338238150715784,6.413458958806701,4.411014183689991,0.6931476805598203,-13.815510557964274,-13.815510557964274,0.6931476805598203,False,False,True,False,False,False
4092.5737704918033,0,0,1,0,0,0,0,0.0,-6.412849143141731,3.988984065082793,9.999994999180668e-07,1.6094381124340804,9.911230783913622,3.988984065082793,6.413458958806701,-13.815510557964274,9.999994999180668e-07,-13.815510557964274,-13.815510557964274,9.999994999180668e-07,False,False,True,False,False,False
41763.20315581854,1,1,1,0,0,0,0,0.01710743468985227,-4.916188123940292,6.739336628540606,3.2580965764830196,2.7080502677688743,10.114055293136015,3.481240120104922,8.174421152928266,4.106179036339691,1.3862946111198593,3.332204545889489,0.6931476805598203,1.0986126220013874,False,False,False,False,False,True
41763.20315581854,0,1,1,0,0,0,0,0.0,-5.609198832442679,5.568344507577891,2.5649494343846104,3.0445224853424695,10.53246894129401,3.0033951959178795,8.174421152928266,-13.815510557964274,0.6931476805598203,-13.815510557964274,-13.815510557964274,1.0986126220013874,False,False,False,False,False,True
6112.369742419302,0,0,1,0,0,0,0,0.0,-6.928821064339634,5.2257466790895455,1.0986126220013874,3.7135720910945516,9.911230783913622,4.127134401174124,8.028455164440302,-13.815510557964274,9.999994999180668e-07,9.999994999180668e-07,-13.815510557964274,1.7917596358947079,False,False,False,True,False,False
41763.20315581854,0,0,1,0,0,0,1,0.0,-5.083217394116741,4.564348201884503,3.09104249881286,3.13549425940741,9.324406699842474,1.4733059672761608,8.174421152928266,-13.815510557964274,0.6931476805598203,9.999994999180668e-07,-13.815510557964274,1.0986126220013874,False,False,False,False,False,True
41763.20315581854,0,0,1,0,0,0,0,0.02224056093035778,-5.689218796583907,10.014939477874998,2.48490673312133,3.5263605540279257,10.316250687064022,7.5300328285789915,8.174421152928266,4.368583577086602,1.0986126220013874,6.513230112395987,3.465735934049726,1.6094381124340804,False,False,False,False,False,True
41763.20315581854,0,1,1,1,0,0,0,0.02235661576320917,-5.609198832442679,10.439308182220678,2.5649494343846104,2.7080502677688743,10.39320890879707,7.874358825110254,8.174421152928266,4.3737881708282496,2.079441666679828,7.348587531571093,4.812184363502499,1.0986126220013874,False,False,False,False,False,True
41763.20315581854,0,0,0,0,1,0,0,0.02292114687491332,-3.8703081011328853,8.385032288042156,4.304065106717683,2.890371813451719,9.88882646196561,4.080967211500849,8.174421152928266,4.398725814724507,1.0986126220013874,5.2626901940862325,3.2958369030413657,1.0986126220013874,False,False,False,False,False,True
41763.20315581854,1,0,1,0,0,0,1,0.022677277486316108,-5.689218796583907,11.608617390091446,2.48490673312133,2.3025851929940404,10.514287368741051,9.123710740403407,8.174421152928266,4.3880293174578044,1.945910291912446,-13.815510557964274,-13.815510557964274,0.6931476805598203,False,False,False,False,False,True
6112.369742419302,0,1,0,0,0,0,1,0.020155911906808547,-7.3337756581647415,7.238496841612756,0.6931476805598203,2.5649494343846104,9.987770468909028,6.545349661771201,8.028455164440302,4.124197541548252,1.0986126220013874,4.007333203414289,-13.815510557964274,0.6931476805598203,False,False,False,True,False,False
41763.20315581854,1,1,0,0,0,0,0,0.0169061707523246,-4.367679799319322,5.23110862220218,3.8066625119925415,2.772588784739779,9.920251159295926,1.4244463677259493,8.174421152928266,4.094344578888768,0.6931476805598203,1.6094381124340804,9.999994999180668e-07,0.6931476805598203,False,False,False,False,False,True
41763.20315581854,0,0,1,0,0,0,0,0.022773152383268297,-5.689218796583907,8.802973456728708,2.48490673312133,2.9957323235539897,9.911230783913622,6.318066808593848,8.174421152928266,4.392248201118301,9.999994999180668e-07,-13.815510557964274,-13.815510557964274,0.6931476805598203,False,False,False,False,False,True
6112.369742419302,0,1,0,1,1,0,0,0.024237457836922306,-6.928821064339634,8.167068178625087,1.0986126220013874,2.1972246884473243,10.229625616384162,7.068455890524675,8.028455164440302,4.308599179571445,1.6094381124340804,4.727387827561898,1.3862946111198593,9.999994999180668e-07,False,False,False,True,False,False
41763.20315581854,0,0,1,0,0,0,1,0.022614642432864554,-5.689218796583907,9.958212452272711,2.48490673312133,2.5649494343846104,10.311982324581455,7.473305803005422,8.174421152928266,4.385263477868175,1.3862946111198593,-13.815510557964274,-13.815510557964274,0.6931476805598203,False,False,False,False,False,True
7640.563613231552,1,1,1,1,0,0,0,0.04786982895367282,-7.358533207287776,11.201510652450015,9.999994999180668e-07,3.4339872367432105,10.393272853598246,11.201510652450015,7.360103973625284,4.320834137551433,1.7917596358947079,8.383890344330336,5.602118824569738,1.6094381124340804,False,False,False,False,True,False
7640.563613231552,1,0,0,0,0,0,0,0.04770992366412214,-7.358533207287776,4.882801930162128,9.999994999180668e-07,1.7917596358947079,10.42321605584098,4.882801930162128,7.360103973625284,4.317488126869644,9.999994999180668e-07,-13.815510557964274,-13.815510557964274,9.999994999180668e-07,False,False,False,False,True,False
10412.863802559415,0,1,0,0,0,1,0,0.03705716685606996,-7.688557553728022,6.984716321044192,9.999994999180668e-07,1.0986126220013874,9.732401719816485,6.984716321044192,7.69074316399891,4.3954496673393555,0.6931476805598203,3.610917939671251,-13.815510557964274,9.999994999180668e-07,True,False,False,False,False,False
41763.20315581854,0,0,1,0,0,0,0,0.01878463416924955,-1.5241375128665093,4.700480374883325,6.650279049881083,2.6390574010438272,10.093202307287365,-1.9497916555469696,8.174421152928266,4.199705092879927,0.6931476805598203,-13.815510557964274,-13.815510557964274,0.6931476805598203,False,False,False,False,False,True
6112.369742419302,0,1,0,0,0,0,0,0.02630642914307733,-6.64139434679697,8.129469765078955,1.3862946111198593,2.772588784739779,10.344216592050584,6.743175404843237,8.028455164440302,4.390513260945566,1.0986126220013874,4.477336825841843,1.0986126220013874,0.6931476805598203,False,False,False,True,False,False
10412.863802559415,0,0,1,0,0,0,0,0.03808653260207191,-7.688557553728022,6.133398045165846,9.999994999180668e-07,3.09104249881286,9.911230783913622,6.133398045165846,7.69074316399891,4.422848641194137,9.999994999180668e-07,2.48490673312133,-13.815510557964274,1.3862946111198593,True,False,False,False,False,False
6112.369742419302,1,1,1,1,1,0,1,0.02568890733220697,-6.236184658820706,7.085064294790069,1.7917596358947079,2.833213402879744,10.347939359871265,5.293304829749618,8.028455164440302,4.3667591752354005,2.079441666679828,3.49650759176951,9.999994999180668e-07,0.6931476805598203,False,False,False,True,False,False
10412.863802559415,1,1,1,0,0,0,1,0.03691463929123893,-7.688557553728022,6.668228249688052,9.999994999180668e-07,3.8918203185187896,9.95149133455282,6.668228249688052,7.69074316399891,4.391596098070985,1.6094381124340804,-13.815510557964274,-13.815510557964274,2.079441666679828,True,False,False,False,False,False
6112.369742419302,1,1,1,0,0,0,0,0.024696461564736753,-6.928821064339634,9.458761730552665,1.0986126220013874,2.7080502677688743,10.34403595832788,8.36014944204056,8.028455164440302,4.327359875217822,1.7917596358947079,6.5102583420112445,3.7135720910945516,0.6931476805598203,False,False,False,True,False,False
7640.563613231552,0,0,1,0,0,0,0,0.041637751561415685,-5.750351709968375,7.597396320714551,1.6094381124340804,4.04305128537841,9.837484749753822,5.987958410287475,7.360103973625284,4.181355954489508,0.6931476805598203,-13.815510557964274,-13.815510557964274,2.1972246884473243,False,False,False,False,True,False
6112.369742419302,1,1,0,0,0,0,1,0.0,-8.02539285776425,4.477336825841843,9.999994999180668e-07,3.871201031741224,9.56888296407913,4.477336825841843,8.028455164440302,-13.815510557964274,1.0986126220013874,-13.815510557964274,-13.815510557964274,1.945910291912446,False,False,False,True,False,False
6112.369742419302,1,0,1,0,0,0,0,0.029344636452559504,-8.02539285776425,6.79458658199632,9.999994999180668e-07,2.7080502677688743,10.498436526881248,6.79458658199632,8.028455164440302,4.499809681441376,1.0986126220013874,3.401197414995488,9.999994999180668e-07,0.6931476805598203,False,False,False,True,False,False
41763.20315581854,1,0,1,0,1,0,0,0.0,-4.2231091863939945,5.356586279388994,3.9512437378121965,2.1972246884473243,9.935808159185347,1.4053428013735738,8.174421152928266,-13.815510557964274,1.0986126220013874,-13.815510557964274,-13.815510557964274,9.999994999180668e-07,False,False,False,False,False,True
6112.369742419302,1,0,0,0,0,0,1,0.0,-6.0821069681583495,4.094344578888768,1.945910291912446,3.13549425940741,8.817967018114343,2.1484345298334473,8.028455164440302,-13.815510557964274,0.6931476805598203,-13.815510557964274,-13.815510557964274,0.6931476805598203,False,False,False,True,False,False
6112.369742419302,0,0,0,0,0,0,1,0.022266932809530248,-7.3337756581647415,7.00850518298644,0.6931476805598203,3.555348090060842,8.191113331001237,6.315358003330653,8.028455164440302,4.223802644101845,0.6931476805598203,3.7135720910945516,-13.815510557964274,1.6094381124340804,False,False,False,True,False,False
6112.369742419302,0,0,0,0,0,0,1,0.0,-8.02539285776425,3.871201031741224,9.999994999180668e-07,3.610917939671251,8.653286306877517,3.871201031741224,8.028455164440302,-13.815510557964274,0.6931476805598203,-13.815510557964274,-13.815510557964274,1.6094381124340804,False,False,False,True,False,False
41763.20315581854,0,0,1,0,0,0,0,0.02817695125387433,-2.01109887706082,4.983606628557651,6.163314806139905,3.1780538720146114,9.930382188212418,-1.1797049289069397,8.174421152928266,4.605170195988091,0.6931476805598203,-13.815510557964274,-13.815510557964274,1.0986126220013874,False,False,False,False,False,True
6112.369742419302,0,0,0,0,0,0,1,0.02384032591127893,-6.64139434679697,9.048997221684928,1.3862946111198593,2.890371813451719,7.868225738407096,7.662702860917564,8.028455164440302,4.292078411687413,9.999994999180668e-07,-13.815510557964274,-13.815510557964274,0.6931476805598203,False,False,False,True,False,False
41763.20315581854,0,0,1,1,0,0,0,0.022503739592020438,-5.87148122261456,9.110851473585901,2.3025851929940404,2.48490673312133,10.086690997819149,6.808266381586001,8.174421152928266,4.38034738567517,0.6931476805598203,-13.815510557964274,-13.815510557964274,0.6931476805598203,False,False,False,False,False,True
6112.369742419302,0,0,0,0,0,0,1,0.02520398222919221,-7.3337756581647415,8.649974302825187,0.6931476805598203,3.1780538720146114,7.868225738407096,7.956827122440373,8.028455164440302,4.347701905069314,9.999994999180668e-07,5.786897384434193,2.890371813451719,1.0986126220013874,False,False,False,True,False,False
41763.20315581854,1,1,1,1,0,0,0,0.0,-5.658520592276317,8.815370001109095,2.515613875923528,3.49650759176951,10.241977648179079,6.299756207687175,8.174421152928266,-13.815510557964274,1.7917596358947079,-13.815510557964274,-13.815510557964274,1.3862946111198593,False,False,False,False,False,True
10412.863802559415,1,1,0,0,0,0,0,0.03656307129798903,-7.688557553728022,4.976733749317126,9.999994999180668e-07,2.6390574010438272,10.24802809574475,4.976733749317126,7.69074316399891,4.382026647173881,1.3862946111198593,-13.815510557964274,-13.815510557964274,1.0986126220013874,True,False,False,False,False,False
7640.563613231552,0,0,0,1,0,0,0,0.04831824691667014,-7.358533207287776,8.802522498434774,9.999994999180668e-07,2.833213402879744,10.293512203509344,8.802522498434774,7.360103973625284,4.33015797944283,1.0986126220013874,-13.815510557964274,-13.815510557964274,1.0986126220013874,False,False,False,False,True,False
6112.369742419302,0,0,0,0,0,0,1,0.02382684156404404,-8.02539285776425,7.455298486261659,9.999994999180668e-07,3.9318256523321686,10.055269745173726,7.455298486261659,8.028455164440302,4.29151264081726,1.0986126220013874,-13.815510557964274,-13.815510557964274,2.079441666679828,False,False,False,True,False,False
41763.20315581854,1,0,1,0,0,0,1,0.023820178959157626,-5.609198832442679,10.034340360998758,2.5649494343846104,3.6635616717706716,10.432406618524846,7.469391004063629,8.174421152928266,4.437198962371227,1.7917596358947079,-13.815510557964274,-13.815510557964274,2.079441666679828,False,False,False,False,False,True
41763.20315581854,1,0,0,0,1,0,0,0.022155264090747962,-4.955403377853663,8.684908595989949,3.2188758648682,2.3025851929940404,9.93954340428779,5.466032775180602,8.174421152928266,4.364741011104805,1.3862946111198593,5.5134287501972405,2.6390574010438272,0.6931476805598203,False,False,False,False,False,True
7640.563613231552,0,0,1,1,0,0,0,0.038927499905054876,-7.358533207287776,8.191186004919874,9.999994999180668e-07,4.477336825841843,10.41831635451246,8.191186004919874,7.360103973625284,4.114049649642896,0.6931476805598203,-13.815510557964274,-13.815510557964274,2.890371813451719,False,False,False,False,True,False
6112.369742419302,1,0,0,0,1,0,0,0.02639464654463024,-8.02539285776425,6.508769138461995,9.999994999180668e-07,3.0445224853424695,10.176128228194345,6.508769138461995,8.028455164440302,4.393861104673825,1.3862946111198593,3.0445224853424695,-13.815510557964274,1.3862946111198593,False,False,False,True,False,False
41763.20315581854,1,0,0,0,1,0,0,0.022541561003099463,-4.303146206971848,6.535241272465037,3.871201031741224,2.9957323235539897,10.444581811628662,2.664040329771948,8.174421152928266,4.382026647173881,1.7917596358947079,1.6094381124340804,-13.815510557964274,1.0986126220013874,False,False,False,False,False,True
7640.563613231552,1,1,0,0,0,0,0,0.04240882103477523,-7.358533207287776,5.786897384434193,9.999994999180668e-07,2.48490673312133,10.692084320907634,5.786897384434193,7.360103973625284,4.199705092879927,1.0986126220013874,-13.815510557964274,-13.815510557964274,0.6931476805598203,False,False,False,False,True,False
6112.369742419302,1,0,0,0,1,0,0,0.02535956236640945,-7.3337756581647415,6.974478911960499,0.6931476805598203,2.5649494343846104,10.444072139107595,6.281331732336008,8.028455164440302,4.353855770564328,1.3862946111198593,4.143134742264548,9.999994999180668e-07,0.6931476805598203,False,False,False,True,False,False
7640.563613231552,0,0,1,1,0,0,0,0.03809803428124039,-7.358533207287776,8.693664334699662,9.999994999180668e-07,3.401197414995488,10.242619866765061,8.693664334699662,7.360103973625284,4.092511397837687,1.0986126220013874,-13.815510557964274,-13.815510557964274,1.6094381124340804,False,False,False,False,True,False
6112.369742419302,0,0,1,1,0,0,1,0.022724802640029247,-6.928821064339634,7.249925537428215,1.0986126220013874,3.1780538720146114,10.052603579713994,6.15131325018056,8.028455164440302,4.244156854798587,1.0986126220013874,4.189654757177941,0.6931476805598203,1.6094381124340804,False,False,False,True,False,False
7640.563613231552,1,0,0,1,1,1,0,0.03887475261521063,-6.666171101165439,7.850103545565293,0.6931476805598203,2.890371813451719,10.36151294278924,7.15695636539506,7.360103973625284,4.112693717253934,1.945910291912446,4.682131236383479,0.6931476805598203,0.6931476805598203,False,False,False,False,True,False
41763.20315581854,0,0,0,0,0,0,1,0.0,-3.7923501564566013,3.6375861860421748,4.382026647173881,2.7080502677688743,5.85555732140996,-0.7444383696865541,8.174421152928266,-13.815510557964274,9.999994999180668e-07,-13.815510557964274,-13.815510557964274,0.6931476805598203,False,False,False,False,False,True
41763.20315581854,1,0,0,0,0,0,0,0.024570329808365234,-3.1771848994401606,12.961854191726083,4.997212280520872,3.09104249881286,10.521182181066301,7.964641918307156,8.174421152928266,4.468205494789122,1.3862946111198593,8.98230989921419,8.16479480452926,1.3862946111198593,False,False,False,False,False,True
7640.563613231552,1,0,1,0,0,0,0,0.03583844031107766,-7.358533207287776,7.638679824357576,9.999994999180668e-07,3.7135720910945516,10.134971908045049,7.638679824357576,7.360103973625284,4.031369780810712,1.0986126220013874,4.262679891125822,2.079441666679828,1.7917596358947079,False,False,False,False,True,False
41763.20315581854,0,0,1,0,0,0,1,0.0,-4.242525934108025,4.624972823088193,3.9318256523321686,3.2188758648682,9.324406699842474,0.6931476805598203,8.174421152928266,-13.815510557964274,0.6931476805598203,-13.815510557964274,-13.815510557964274,1.0986126220013874,False,False,False,False,False,True
1266.400447427293,0,0,0,0,0,0,1,0.15979546180888463,-6.102111694488308,5.1119877943806395,9.999994999180668e-07,2.5649494343846104,8.653286306877517,5.1119877943806395,6.102558596850705,4.268697963366878,0.6931476805598203,1.945910291912446,-13.815510557964274,0.6931476805598203,False,True,False,False,False,False
10412.863802559415,0,0,0,0,0,1,0,0.03515679932498946,-7.688557553728022,7.777373603076973,9.999994999180668e-07,1.6094381124340804,8.362116469142244,7.777373603076973,7.69074316399891,4.342805934520601,9.999994999180668e-07,-13.815510557964274,-13.815510557964274,9.999994999180668e-07,True,False,False,False,False,False
10412.863802559415,1,1,1,1,0,0,0,0.0,-7.688557553728022,6.24222326740069,9.999994999180668e-07,3.2580965764830196,10.357414487290251,6.24222326740069,7.69074316399891,-13.815510557964274,1.7917596358947079,-13.815510557964274,-13.815510557964274,1.0986126220013874,True,False,False,False,False,False
10412.863802559415,0,0,1,0,0,0,1,0.0,-7.688557553728022,4.465908130148836,9.999994999180668e-07,3.367295864469232,9.324406699842474,4.465908130148836,7.69074316399891,-13.815510557964274,0.6931476805598203,-13.815510557964274,-13.815510557964274,1.6094381124340804,True,False,False,False,False,False
7640.563613231552,0,0,1,1,0,0,0,0.0,-7.358533207287776,4.204692634316339,9.999994999180668e-07,3.610917939671251,10.047524918149158,4.204692634316339,7.360103973625284,-13.815510557964274,0.6931476805598203,-13.815510557964274,-13.815510557964274,1.7917596358947079,False,False,False,False,True,False
7640.563613231552,0,0,1,0,0,0,0,0.04284829068280399,-7.358533207287776,8.988570876339946,9.999994999180668e-07,3.761200138949376,10.25355015412877,8.988570876339946,7.360103973625284,4.210014462384942,1.3862946111198593,-13.815510557964274,-13.815510557964274,1.945910291912446,False,False,False,False,True,False
41763.20315581854,1,0,0,1,0,0,0,0.02150912309456056,-4.916188123940292,8.471568013599299,3.2580965764830196,3.4339872367432105,10.25434911747127,5.213471480811227,8.174421152928266,4.335143061875031,1.3862946111198593,4.875197330834739,2.397895363707457,1.7917596358947079,False,False,False,False,False,True
1266.400447427293,0,0,0,0,0,0,0,0.18303843807199513,-6.102111694488308,6.066108092423933,9.999994999180668e-07,2.5649494343846104,8.024016164881164,6.066108092423933,6.102558596850705,4.404499502748163,9.999994999180668e-07,3.09104249881286,-13.815510557964274,0.6931476805598203,False,True,False,False,False,False
7640.563613231552,0,0,0,0,0,0,1,0.0,-7.358533207287776,4.691347891403455,9.999994999180668e-07,3.465735934049726,5.85555732140996,4.691347891403455,7.360103973625284,-13.815510557964274,9.999994999180668e-07,-13.815510557964274,-13.815510557964274,1.7917596358947079,False,False,False,False,True,False
41763.20315581854,1,1,0,1,0,0,1,0.022762706222683324,-5.689218796583907,11.504217661869735,2.48490673312133,3.49650759176951,10.678662880701982,9.019311012192697,8.174421152928266,4.391789390811051,1.945910291912446,-13.815510557964274,-13.815510557964274,1.6094381124340804,False,False,False,False,False,True
6112.369742419302,0,1,0,0,0,0,0,0.026249910197675638,-7.3337756581647415,8.143807977062014,0.6931476805598203,3.1780538720146114,9.193989884547726,7.450660796792597,8.028455164440302,4.38836246554402,9.999994999180668e-07,4.770684632940241,1.3862946111198593,1.3862946111198593,False,False,False,True,False,False
6112.369742419302,0,0,0,0,0,0,1,0.02589232628167015,-8.02539285776425,6.966024188049509,9.999994999180668e-07,3.09104249881286,7.868225738407096,6.966024188049509,8.028455164440302,4.374646539968851,9.999994999180668e-07,3.5263605540279257,9.999994999180668e-07,1.0986126220013874,False,False,False,True,False,False
7640.563613231552,1,0,0,0,0,0,0,0.01817520901490367,-7.358533207287776,5.5872486621455675,9.999994999180668e-07,3.1780538720146114,9.327943316009462,5.5872486621455675,7.360103973625284,3.3524072524927226,9.999994999180668e-07,-13.815510557964274,-13.815510557964274,1.3862946111198593,False,False,False,False,True,False
10412.863802559415,0,1,0,1,0,0,0,0.030469226081657523,-7.688557553728022,5.298317371548037,9.999994999180668e-07,3.988984065082793,9.700399640197043,5.298317371548037,7.69074316399891,4.199705092879927,0.6931476805598203,-13.815510557964274,-13.815510557964274,2.1972246884473243,True,False,False,False,False,False
41763.20315581854,0,1,1,1,1,0,1,0.02311990451520943,-5.609198832442679,12.33570080544773,2.5649494343846104,2.890371813451719,10.614909977380918,9.770751448038899,8.174421152928266,4.407359799682331,1.945910291912446,9.005282288331118,6.838405201919155,1.0986126220013874,False,False,False,False,False,True
41763.20315581854,0,1,1,1,0,0,1,0.02191291189145924,-5.689218796583907,10.288783966387777,2.48490673312133,2.833213402879744,10.583379162725885,7.803877316973915,8.174421152928266,4.3537419336939065,1.7917596358947079,7.134890852362697,4.442651268255022,0.6931476805598203,False,False,False,False,False,True
7640.563613231552,0,0,1,0,0,0,0,0.0,-7.358533207287776,4.382026647173881,9.999994999180668e-07,2.079441666679828,9.930382188212418,4.382026647173881,7.360103973625284,-13.815510557964274,0.6931476805598203,9.999994999180668e-07,-13.815510557964274,0.6931476805598203,False,False,False,False,True,False
7640.563613231552,0,0,0,1,0,0,0,0.031806615776081425,-7.358533207287776,4.875197330834739,9.999994999180668e-07,3.0445224853424695,9.778095277150934,4.875197330834739,7.360103973625284,3.912023025428146,0.6931476805598203,-13.815510557964274,-13.815510557964274,1.3862946111198593,False,False,False,False,True,False
41763.20315581854,0,0,1,0,0,0,0,0.022674381648740624,-5.609198832442679,9.821192309863587,2.5649494343846104,2.5649494343846104,10.35589094686968,7.2562429530535155,8.174421152928266,4.387901611543681,1.0986126220013874,-13.815510557964274,-13.815510557964274,1.0986126220013874,False,False,False,False,False,True
10412.863802559415,0,0,0,0,0,1,0,0.04570383912248629,-7.688557553728022,5.117993818404779,9.999994999180668e-07,2.9957323235539897,8.362116469142244,5.117993818404779,7.69074316399891,4.605170195988091,9.999994999180668e-07,-13.815510557964274,-13.815510557964274,1.3862946111198593,True,False,False,False,False,False
1266.400447427293,1,0,1,0,1,0,1,0.07457121551081282,-6.102111694488308,5.081404371195643,9.999994999180668e-07,2.833213402879744,9.602062551744181,5.081404371195643,6.102558596850705,3.506557927319981,1.7917596358947079,-13.815510557964274,-13.815510557964274,0.6931476805598203,False,True,False,False,False,False
6112.369742419302,0,0,0,0,0,0,1,0.022416041734594067,-6.64139434679697,7.235619141787211,1.3862946111198593,2.7080502677688743,9.857853643485448,5.849324782828703,8.028455164440302,4.2304767510921355,0.6931476805598203,4.1588830989846715,-13.815510557964274,1.0986126220013874,False,False,False,True,False,False
41763.20315581854,1,0,0,1,0,0,0,0.02248052789569035,-5.609198832442679,8.859789494887396,2.5649494343846104,2.833213402879744,10.460649975268117,6.294840139129678,8.174421152928266,4.379315393852442,1.0986126220013874,5.624017509797447,2.944439031798018,1.0986126220013874,False,False,False,False,False,True
41763.20315581854,0,0,0,0,1,0,0,0.019076321035231686,-4.5107685106570985,9.117676687222472,3.6635616717706716,2.7080502677688743,10.160330063318698,5.454115045261778,8.174421152928266,4.215113718003414,0.6931476805598203,5.081404371195643,1.3862946111198593,0.6931476805598203,False,False,False,False,False,True
6112.369742419302,1,0,0,0,0,0,0,0.016302575806977502,-6.64139434679697,5.5294290914796775,1.3862946111198593,2.944439031798018,10.287684585857022,4.143134742264548,8.028455164440302,3.912023025428146,1.6094381124340804,0.6931476805598203,-13.815510557964274,0.6931476805598203,False,False,False,True,False,False
6112.369742419302,0,0,0,0,0,0,1,0.022124924309469468,-7.3337756581647415,7.579678823601181,0.6931476805598203,2.833213402879744,7.868225738407096,6.886531643551961,8.028455164440302,4.21740466971617,9.999994999180668e-07,4.025351708592292,9.999994999180668e-07,1.0986126220013874,False,False,False,True,False,False
10412.863802559415,0,0,0,0,0,0,1,0.04570383912248629,-7.688557553728022,4.094344578888768,9.999994999180668e-07,2.833213402879744,5.85555732140996,4.094344578888768,7.69074316399891,4.605170195988091,9.999994999180668e-07,-13.815510557964274,-13.815510557964274,1.0986126220013874,True,False,False,False,False,False
41763.20315581854,1,1,1,1,1,0,0,0.02155779675673575,-4.916188123940292,9.367685942785402,3.2580965764830196,2.890371813451719,10.347137619574932,6.109589406899941,8.174421152928266,4.3374034363076746,1.945910291912446,6.139884554381427,2.890371813451719,0.6931476805598203,False,False,False,False,False,True
41763.20315581854,0,0,1,0,0,0,0,0.022158573316153597,-5.609198832442679,8.914626127961546,2.5649494343846104,3.0445224853424695,10.320230677553425,6.349676772112913,8.174421152928266,4.364890365146944,0.6931476805598203,-13.815510557964274,-13.815510557964274,1.0986126220013874,False,False,False,False,False,True
7640.563613231552,0,0,1,0,1,0,0,0.048258313591295954,-6.260967821561102,7.459338895796332,1.0986126220013874,3.1780538720146114,10.249985566684321,6.360726608280296,7.360103973625284,4.328916822541752,1.6094381124340804,-13.815510557964274,-13.815510557964274,1.3862946111198593,False,False,False,False,True,False
6112.369742419302,0,0,0,0,0,0,1,0.023755181890167214,-7.3337756581647415,7.54062152918822,0.6931476805598203,3.465735934049726,7.868225738407096,6.847474349159342,8.028455164440302,4.288500590388548,9.999994999180668e-07,4.248495256335073,0.6931476805598203,1.6094381124340804,False,False,False,True,False,False
10412.863802559415,0,1,0,0,0,0,0,0.03237355271176112,-7.688557553728022,7.725330038358636,9.999994999180668e-07,1.7917596358947079,8.71511678782035,7.725330038358636,7.69074316399891,4.260329713814009,9.999994999180668e-07,4.564348201884503,9.999994999180668e-07,9.999994999180668e-07,True,False,False,False,False,False
10412.863802559415,1,0,0,0,1,0,0,0.0,-7.688557553728022,4.499809681441376,9.999994999180668e-07,2.3025851929940404,10.14583024173724,4.499809681441376,7.69074316399891,-13.815510557964274,0.6931476805598203,-13.815510557964274,-13.815510557964274,0.6931476805598203,True,False,False,False,False,False
10412.863802559415,1,1,0,0,0,0,0,0.03656307129798903,-7.688557553728022,5.28826703574504,9.999994999180668e-07,3.7841896566455335,9.868997207644076,5.28826703574504,7.69074316399891,4.382026647173881,1.0986126220013874,1.6094381124340804,-13.815510557964274,1.7917596358947079,True,False,False,False,False,False
6112.369742419302,0,0,1,0,0,0,0,0.025271813015660626,-7.3337756581647415,9.52303208000514,0.6931476805598203,2.7080502677688743,10.447551952945155,8.829884899518342,8.028455164440302,4.350389562632484,1.3862946111198593,6.359573870402481,3.4339872367432105,9.999994999180668e-07,False,False,False,True,False,False
10412.863802559415,0,1,0,0,0,0,1,0.01881922787396494,-7.688557553728022,5.891644214588202,9.999994999180668e-07,3.2188758648682,8.337517314425417,5.891644214588202,7.69074316399891,3.7178670152729025,0.6931476805598203,2.833213402879744,0.6931476805598203,1.3862946111198593,True,False,False,False,False,False
6112.369742419302,0,0,1,0,0,1,0,0.020378219758721876,-5.320200517245834,7.346655163821284,2.7080502677688743,3.49650759176951,10.267410630727424,4.638604971745509,8.028455164440302,4.135166572742356,1.3862946111198593,3.1780538720146114,9.999994999180668e-07,1.6094381124340804,False,False,False,True,False,False
41763.20315581854,1,1,1,0,0,0,0,0.02246141698007198,-2.9814445852839904,11.21628337116039,5.1929568564457655,3.2958369030413657,10.407680575365955,6.023326522678326,8.174421152928266,4.378464922579627,1.6094381124340804,7.890582535030788,5.252273433282232,1.3862946111198593,False,False,False,False,False,True
10412.863802559415,0,0,0,0,0,1,0,0.04570383912248629,-7.688557553728022,5.393627550897816,9.999994999180668e-07,2.6390574010438272,8.362116469142244,5.393627550897816,7.69074316399891,4.605170195988091,9.999994999180668e-07,-13.815510557964274,-13.815510557964274,0.6931476805598203,True,False,False,False,False,False
10412.863802559415,0,0,1,0,0,0,0,0.0,-7.688557553728022,5.159055304961655,9.999994999180668e-07,3.0445224853424695,9.911230783913622,5.159055304961655,7.69074316399891,-13.815510557964274,9.999994999180668e-07,1.0986126220013874,-13.815510557964274,1.0986126220013874,True,False,False,False,False,False
10412.863802559415,0,0,0,0,1,0,0,0.03264559937320449,-7.688557553728022,5.616771101302935,9.999994999180668e-07,2.833213402879744,9.84741294036413,5.616771101302935,7.69074316399891,4.268697963366878,9.999994999180668e-07,1.945910291912446,-13.815510557964274,0.6931476805598203,True,False,False,False,False,False
4092.5737704918033,0,0,0,1,0,0,0,0.0,-3.897795867162686,5.723585105220355,2.515613875923528,1.945910291912446,10.28400082218933,3.2079713472807105,6.413458958806701,-13.815510557964274,0.6931476805598203,-13.815510557964274,-13.815510557964274,0.6931476805598203,False,False,True,False,False,False
41763.20315581854,0,0,1,1,0,0,1,0.0,-5.658520592276317,10.038455412990299,2.515613875923528,3.401197414995488,10.70058598878303,7.52284161837697,8.174421152928266,-13.815510557964274,1.6094381124340804,-13.815510557964274,-13.815510557964274,1.6094381124340804,False,False,False,False,False,True
41763.20315581854,1,0,0,0,1,0,0,0.02221311801302363,-5.689218796583907,9.390492911568812,2.48490673312133,2.5649494343846104,10.225180538424821,6.905586262699469,8.174421152928266,4.367348902201428,0.6931476805598203,5.786897384434193,1.945910291912446,0.6931476805598203,False,False,False,False,False,True
41763.20315581854,1,1,0,0,0,0,0,0.02191540653079115,-4.5107685106570985,6.836259278351181,3.6635616717706716,2.1972246884473243,9.920251159295926,3.1726976730378604,8.174421152928266,4.353855770564328,0.6931476805598203,3.8066625119925415,9.999994999180668e-07,0.6931476805598203,False,False,False,False,False,True
41763.20315581854,0,0,1,0,0,0,0,0.023074038822070316,-5.689218796583907,11.887711410140652,2.48490673312133,2.5649494343846104,10.205571380748559,9.40280476042827,8.174421152928266,4.405374010882411,1.0986126220013874,-13.815510557964274,-13.815510557964274,0.6931476805598203,False,False,False,False,False,True
10412.863802559415,0,0,0,0,1,0,0,0.030469226081657523,-7.688557553728022,5.710427020686128,9.999994999180668e-07,4.127134401174124,9.485030791126556,5.710427020686128,7.69074316399891,4.199705092879927,0.6931476805598203,-13.815510557964274,-13.815510557964274,2.1972246884473243,True,False,False,False,False,False
7640.563613231552,0,0,1,0,0,0,0,0.0,-4.844363147449177,3.5835189662338873,2.515613875923528,3.13549425940741,9.894529295450052,1.067905487073638,7.360103973625284,-13.815510557964274,1.0986126220013874,-13.815510557964274,-13.815510557964274,1.0986126220013874,False,False,False,False,True,False
10412.863802559415,0,0,0,0,1,0,0,0.027422303473491772,-7.688557553728022,5.446737375976655,9.999994999180668e-07,3.912023025428146,9.485030791126556,5.446737375976655,7.69074316399891,4.094344578888768,0.6931476805598203,1.6094381124340804,-13.815510557964274,2.079441666679828,True,False,False,False,False,False
6112.369742419302,1,0,1,0,0,0,0,0.0268659795186415,-7.3337756581647415,9.286838343041543,0.6931476805598203,2.6390574010438272,10.498436526881248,8.593691162574233,8.028455164440302,4.411560681556509,1.0986126220013874,5.971261842341483,3.7135720910945516,0.6931476805598203,False,False,False,True,False,False
41763.20315581854,1,1,1,0,0,0,0,0.023066672340283416,-5.609198832442679,12.034584198148485,2.5649494343846104,3.2188758648682,10.464866210035595,9.469634840758172,8.174421152928266,4.405054705801326,1.6094381124340804,-13.815510557964274,-13.815510557964274,1.3862946111198593,False,False,False,False,False,True
4092.5737704918033,1,0,1,0,1,0,1,0.10928961748633878,-5.720006823110456,5.3706380327788255,0.6931476805598203,2.944439031798018,9.683962119115739,4.677490856870043,6.413458958806701,4.199705092879927,1.3862946111198593,-13.815510557964274,-13.815510557964274,1.0986126220013874,False,False,True,False,False,False
41763.20315581854,1,1,1,0,0,0,0,0.021582345641265446,-4.996219458230981,9.433883843391687,3.1780538720146114,4.094344578888768,10.35836386607043,6.255830014883006,8.174421152928266,4.338541535789698,1.6094381124340804,6.152732696831764,3.828641418228225,2.397895363707457,False,False,False,False,False,True
41763.20315581854,1,1,1,0,0,0,0,0.02069548488646632,-4.916188123940292,9.277812087184671,3.2580965764830196,3.2188758648682,10.34812173855581,6.019715551500074,8.174421152928266,4.2965814423320206,1.3862946111198593,5.669880926428796,2.6390574010438272,1.6094381124340804,False,False,False,False,False,True
41763.20315581854,1,0,0,1,1,0,0,0.02299390001988407,-5.689218796583907,9.764397884191636,2.48490673312133,2.079441666679828,10.300878311693825,7.27949123503571,8.174421152928266,4.401894850144705,1.0986126220013874,6.393590755622872,2.9957323235539897,0.6931476805598203,False,False,False,False,False,True
7640.563613231552,1,0,0,0,0,0,1,0.048577376821651634,-5.568082538077103,8.219326094175488,1.7917596358947079,3.7376696420928917,10.285013903965021,6.427566626294415,7.360103973625284,4.335506632134227,1.0986126220013874,-13.815510557964274,-13.815510557964274,1.7917596358947079,False,False,False,False,True,False
10412.863802559415,0,0,0,0,0,0,1,0.022851919561243144,-7.688557553728022,4.304065106717683,9.999994999180668e-07,2.9957323235539897,5.85555732140996,4.304065106717683,7.69074316399891,3.912023025428146,9.999994999180668e-07,-13.815510557964274,-13.815510557964274,1.0986126220013874,True,False,False,False,False,False
10412.863802559415,0,0,1,0,0,0,0,0.0,-7.688557553728022,4.189654757177941,9.999994999180668e-07,3.688879479113936,9.876117148624875,4.189654757177941,7.69074316399891,-13.815510557964274,1.0986126220013874,-13.815510557964274,-13.815510557964274,1.945910291912446,True,False,False,False,False,False
41763.20315581854,0,0,1,0,0,0,0,0.023008398065293832,-5.689218796583907,9.413117937419166,2.48490673312133,3.09104249881286,10.250845853271251,6.928211288529271,8.174421152928266,4.402525168468599,1.6094381124340804,5.823045898441599,2.772588784739779,1.0986126220013874,False,False,False,False,False,True
6112.369742419302,0,1,0,0,0,0,0,0.024479257130726344,-7.3337756581647415,9.814929525608967,0.6931476805598203,3.828641418228225,9.769742687104353,9.121782345103652,8.028455164440302,4.318526009668233,0.6931476805598203,5.77144112624528,2.6390574010438272,1.945910291912446,False,False,False,True,False,False
41763.20315581854,0,0,0,0,0,0,1,0.0,-5.466134379529652,4.025351708592292,2.7080502677688743,2.944439031798018,8.653286306877517,1.3173017574900463,8.174421152928266,-13.815510557964274,0.6931476805598203,-13.815510557964274,-13.815510557964274,1.0986126220013874,False,False,False,False,False,True
1266.400447427293,0,0,0,0,0,0,0,0.22371364653243847,-6.102111694488308,4.510859517505861,9.999994999180668e-07,1.945910291912446,8.024016164881164,4.510859517505861,6.102558596850705,4.605170195988091,9.999994999180668e-07,-13.815510557964274,-13.815510557964274,9.999994999180668e-07,False,True,False,False,False,False
41763.20315581854,1,1,1,1,0,0,0,0.021112295359787,-4.955403377853663,9.698797679941523,3.2188758648682,2.7080502677688743,10.341263842273973,6.479921856545895,8.174421152928266,4.3165214762514434,1.7917596358947079,6.53669159904058,4.025351708592292,0.6931476805598203,False,False,False,False,False,True
4092.5737704918033,0,1,0,1,0,0,0,0.05464480874316939,-6.412849143141731,4.543294792908302,9.999994999180668e-07,3.1780538720146114,10.503269510881442,4.543294792908302,6.413458958806701,3.506557927319981,0.6931476805598203,-13.815510557964274,-13.815510557964274,1.3862946111198593,False,False,True,False,False,False
10412.863802559415,1,1,1,0,1,0,1,0.03264559937320449,-7.688557553728022,6.124683393082388,9.999994999180668e-07,4.025351708592292,9.955957361295383,6.124683393082388,7.69074316399891,4.268697963366878,1.7917596358947079,2.6390574010438272,9.999994999180668e-07,1.945910291912446,True,False,False,False,False,False
41763.20315581854,1,0,0,0,1,0,1,0.0,-4.916188123940292,3.1780538720146114,3.2580965764830196,2.9957323235539897,9.238177566135654,-0.0800416243407898,8.174421152928266,-13.815510557964274,1.0986126220013874,-13.815510557964274,-13.815510557964274,1.6094381124340804,False,False,False,False,False,True
7640.563613231552,1,0,0,0,1,0,0,0.0,-7.358533207287776,5.948034991791612,9.999994999180668e-07,3.6375861860421748,10.14583024173724,5.948034991791612,7.360103973625284,-13.815510557964274,0.6931476805598203,-13.815510557964274,-13.815510557964274,1.945910291912446,False,False,False,False,True,False
10412.863802559415,1,1,0,0,0,0,1,0.037202925045703834,-7.688557553728022,10.107366731709657,9.999994999180668e-07,2.397895363707457,10.318074168348181,10.107366731709657,7.69074316399891,4.399375285293507,1.7917596358947079,6.907755279982137,4.574710988812661,0.6931476805598203,True,False,False,False,False,False
41763.20315581854,0,1,1,0,0,0,1,0.02817695125387433,-4.807002950837415,5.332718798096287,3.367295864469232,3.2958369030413657,9.757396691627354,1.9654231033755036,8.174421152928266,4.605170195988091,1.0986126220013874,-13.815510557964274,-13.815510557964274,1.0986126220013874,False,False,False,False,False,True
41763.20315581854,0,0,0,0,0,0,0,0.0,-2.2745140758236047,4.262679891125822,5.899897356322217,2.833213402879744,7.921224239854798,-1.6372123357093198,8.174421152928266,-13.815510557964274,9.999994999180668e-07,-13.815510557964274,-13.815510557964274,0.6931476805598203,False,False,False,False,False,True
7640.563613231552,0,0,1,0,0,0,0,0.04240882103477523,-7.358533207287776,5.730099786220328,9.999994999180668e-07,3.688879479113936,10.393399818938203,5.730099786220328,7.360103973625284,4.199705092879927,1.3862946111198593,-13.815510557964274,-13.815510557964274,1.7917596358947079,False,False,False,False,True,False
10412.863802559415,1,0,1,0,0,0,0,0.0,-7.688557553728022,3.912023025428146,9.999994999180668e-07,3.49650759176951,9.914029007665217,3.912023025428146,7.69074316399891,-13.815510557964274,0.6931476805598203,-13.815510557964274,-13.815510557964274,1.6094381124340804,True,False,False,False,False,False
6112.369742419302,1,0,0,1,0,0,1,0.0,-8.02539285776425,3.912023025428146,9.999994999180668e-07,3.401197414995488,9.65955133597015,3.912023025428146,8.028455164440302,-13.815510557964274,1.3862946111198593,-13.815510557964274,-13.815510557964274,1.6094381124340804,False,False,False,True,False,False
7640.563613231552,0,0,1,0,1,0,0,0.06361323155216285,-6.260967821561102,5.278114664332558,1.0986126220013874,3.8918203185187896,10.197192724094723,4.179502385868529,7.360103973625284,4.605170195988091,1.3862946111198593,-13.815510557964274,-13.815510557964274,1.7917596358947079,False,False,False,False,True,False
41763.20315581854,0,0,0,0,0,0,0,0.018062148239663033,-4.015482617699292,8.136518252407946,4.1588830989846715,3.09104249881286,9.710480988891273,3.9776351874855,8.174421152928266,4.160484380326645,9.999994999180668e-07,-13.815510557964274,-13.815510557964274,1.0986126220013874,False,False,False,False,False,True
41763.20315581854,1,1,1,0,0,0,0,0.023891483382562646,-4.916188123940292,8.705496820053412,3.2580965764830196,2.3025851929940404,10.055523290413722,5.447400286173746,8.174421152928266,4.4401879370641675,1.0986126220013874,5.572154035980046,3.2958369030413657,9.999994999180668e-07,False,False,False,False,False,True
6112.369742419302,0,0,0,0,0,0,1,0.020627748980257248,-7.3337756581647415,7.590852124193631,0.6931476805598203,3.09104249881286,7.868225738407096,6.897704944138737,8.028455164440302,4.147337108169062,9.999994999180668e-07,3.8918203185187896,1.0986126220013874,1.0986126220013874,False,False,False,True,False,False
4092.5737704918033,0,0,1,0,0,0,0,0.11375041820006691,-3.640832110654315,7.609366538449998,2.772588784739779,3.5835189662338873,10.40354263119861,4.836777823647004,6.413458958806701,4.239710426905391,1.0986126220013874,-13.815510557964274,-13.815510557964274,1.7917596358947079,False,False,True,False,False,False
7640.563613231552,0,0,0,0,0,0,1,0.0,-7.358533207287776,4.2341065190900125,9.999994999180668e-07,3.09104249881286,5.85555732140996,4.2341065190900125,7.360103973625284,-13.815510557964274,9.999994999180668e-07,-13.815510557964274,-13.815510557964274,1.3862946111198593,False,False,False,False,True,False
6112.369742419302,1,1,0,0,0,0,0,0.022171503097489404,-6.928821064339634,6.855408799663668,1.0986126220013874,2.079441666679828,10.523682556572972,5.7567965131030405,8.028455164440302,4.219507719881989,1.0986126220013874,3.2188758648682,-13.815510557964274,9.999994999180668e-07,False,False,False,True,False,False
10412.863802559415,0,0,1,0,0,0,1,0.0,-7.688557553728022,3.828641418228225,9.999994999180668e-07,2.397895363707457,9.566261260676077,3.828641418228225,7.69074316399891,-13.815510557964274,0.6931476805598203,-13.815510557964274,-13.815510557964274,0.6931476805598203,True,False,False,False,False,False
41763.20315581854,1,0,0,0,1,0,1,0.022762236183332858,-5.689218796583907,10.733544786634154,2.48490673312133,2.890371813451719,10.361063613295077,8.248638137085967,8.174421152928266,4.391768741060834,1.0986126220013874,-13.815510557964274,-13.815510557964274,0.6931476805598203,False,False,False,False,False,True
6112.369742419302,0,0,1,0,0,0,1,0.013832488563496063,-7.3337756581647415,6.858565035841785,0.6931476805598203,2.890371813451719,9.344427357142143,6.16541785633226,8.028455164440302,3.747719977708298,0.6931476805598203,3.49650759176951,-13.815510557964274,1.0986126220013874,False,False,False,True,False,False
10412.863802559415,0,0,0,1,0,0,0,0.0,-7.688557553728022,4.787491751115379,9.999994999180668e-07,2.397895363707457,9.797925220956992,4.787491751115379,7.69074316399891,-13.815510557964274,9.999994999180668e-07,0.6931476805598203,-13.815510557964274,9.999994999180668e-07,True,False,False,False,False,False
41763.20315581854,0,0,1,0,0,1,1,0.02817695125387433,-5.535110355156934,4.948759897470366,2.6390574010438272,2.944439031798018,10.205715570102736,2.3097026600536847,8.174421152928266,4.605170195988091,1.0986126220013874,9.999994999180668e-07,9.999994999180668e-07,0.6931476805598203,False,False,False,False,False,True
41763.20315581854,0,0,1,0,0,1,0,0.025210956385045453,-4.5107685106570985,7.355641103613231,3.6635616717706716,2.944439031798018,9.798122949431027,3.692079481764735,8.174421152928266,4.493944562054337,0.6931476805598203,2.944439031798018,1.3862946111198593,1.0986126220013874,False,False,False,False,False,True
6112.369742419302,0,0,0,1,0,0,1,0.024151964158485188,-6.64139434679697,7.015712421384896,1.3862946111198593,3.555348090060842,10.44041720608123,5.629418062958003,8.028455164440302,4.305065607037753,1.3862946111198593,3.2958369030413657,-13.815510557964274,1.7917596358947079,False,False,False,True,False,False
6112.369742419302,0,0,0,1,0,0,1,0.0,-8.02539285776425,4.248495256335073,9.999994999180668e-07,2.7080502677688743,9.2231297982103,4.248495256335073,8.028455164440302,-13.815510557964274,0.6931476805598203,-13.815510557964274,-13.815510557964274,0.6931476805598203,False,False,False,True,False,False
41763.20315581854,0,0,1,1,0,0,0,0.0,-5.689218796583907,10.961937351402513,2.48490673312133,3.2580965764830196,10.62173614220957,8.47703070180536,8.174421152928266,-13.815510557964274,1.6094381124340804,-13.815510557964274,-13.815510557964274,1.3862946111198593,False,False,False,False,False,True
10412.863802559415,1,0,0,0,1,0,0,0.037347540178449615,-7.688557553728022,9.387900611752158,9.999994999180668e-07,3.5835189662338873,10.40115636300873,9.387900611752158,7.69074316399891,4.403254947531178,1.0986126220013874,-13.815510557964274,-13.815510557964274,1.945910291912446,True,False,False,False,False,False
6112.369742419302,0,0,0,0,0,0,1,0.02535956236640945,-7.3337756581647415,7.317876199290065,0.6931476805598203,1.3862946111198593,7.868225738407096,6.6247290193936905,8.028455164440302,4.353855770564328,9.999994999180668e-07,-13.815510557964274,-13.815510557964274,9.999994999180668e-07,False,False,False,True,False,False
10412.863802559415,1,0,1,1,0,0,0,0.038050345872758774,-7.688557553728022,11.212198679011147,9.999994999180668e-07,2.7080502677688743,10.391014527568883,11.212198679011147,7.69074316399891,4.421898070791767,1.945910291912446,8.12207437565913,5.9814142137797335,1.0986126220013874,True,False,False,False,False,False
1266.400447427293,0,0,0,0,0,0,0,0.1789709172259508,-6.102111694488308,6.22851100556357,9.999994999180668e-07,2.9957323235539897,8.024016164881164,6.22851100556357,6.102558596850705,4.382026647173881,9.999994999180668e-07,3.401197414995488,-13.815510557964274,0.6931476805598203,False,True,False,False,False,False
6112.369742419302,0,0,0,0,0,0,1,0.02328939400996786,-7.3337756581647415,6.977281342563583,0.6931476805598203,3.49650759176951,7.868225738407096,6.284134162936474,8.028455164440302,4.268697963366878,9.999994999180668e-07,3.555348090060842,0.6931476805598203,1.3862946111198593,False,False,False,True,False,False
7640.563613231552,1,0,1,0,0,0,0,0.045593944531074314,-7.358533207287776,10.770314893695707,9.999994999180668e-07,3.7135720910945516,10.102723265765446,10.770314893695707,7.360103973625284,4.272123620290214,1.0986126220013874,8.03560269324231,5.062595039356081,1.945910291912446,False,False,False,False,True,False
41763.20315581854,1,0,1,0,1,0,0,0.024054032721421672,-4.242525934108025,11.6462493360724,3.9318256523321686,2.079441666679828,10.157681966883448,7.714423703785664,8.174421152928266,4.446968548597706,1.945910291912446,-13.815510557964274,-13.815510557964274,9.999994999180668e-07,False,False,False,False,False,True
41763.20315581854,1,1,1,0,0,0,1,0.0,-5.658520592276317,7.172424577892305,2.515613875923528,2.1972246884473243,10.624570765668981,4.656810791511309,8.174421152928266,-13.815510557964274,1.7917596358947079,-13.815510557964274,-13.815510557964274,9.999994999180668e-07,False,False,False,False,False,True
41763.20315581854,0,0,1,0,1,0,0,0.022541561003099463,-2.7063460369399404,5.609471798847963,5.46806014535454,2.5649494343846104,9.838769712522822,0.14141252218131972,8.174421152928266,4.382026647173881,0.6931476805598203,-13.815510557964274,-13.815510557964274,0.6931476805598203,False,False,False,False,False,True
41763.20315581854,1,0,0,0,0,0,0,0.020931449502878077,-5.083217394116741,7.740229525198154,3.09104249881286,2.397895363707457,9.321733725862709,4.649187080974244,8.174421152928266,4.307918675981698,0.6931476805598203,-13.815510557964274,-13.815510557964274,0.6931476805598203,False,False,False,False,False,True
10412.863802559415,0,1,1,0,0,0,0,0.04570383912248629,-7.688557553728022,4.828313745302301,9.999994999180668e-07,2.079441666679828,10.349434413011908,4.828313745302301,7.69074316399891,4.605170195988091,0.6931476805598203,-13.815510557964274,-13.815510557964274,9.999994999180668e-07,True,False,False,False,False,False
6112.369742419302,1,1,0,0,1,0,1,0.02758897444257731,-7.3337756581647415,8.359134886992209,0.6931476805598203,2.772588784739779,10.44021585275291,7.6659877066665105,8.028455164440302,4.438116113143107,1.945910291912446,4.962844637252914,1.0986126220013874,1.0986126220013874,False,False,False,True,False,False
41763.20315581854,1,0,1,0,1,0,0,0.02318126010869132,-5.689218796583907,12.447225059447355,2.48490673312133,2.9957323235539897,10.440346395504884,9.962318409702569,8.174421152928266,4.4100100841469665,1.6094381124340804,9.199582715424304,6.440946542227817,1.0986126220013874,False,False,False,False,False,True
10412.863802559415,0,0,1,0,0,0,0,0.03606802004250369,-7.688557553728022,10.335724411174173,9.999994999180668e-07,3.0445224853424695,10.329524889484052,10.335724411174173,7.69074316399891,4.368394498555393,1.0986126220013874,-13.815510557964274,-13.815510557964274,0.6931476805598203,True,False,False,False,False,False
4092.5737704918033,0,0,1,0,0,0,1,0.16393442622950818,-6.412849143141731,5.730099786220328,9.999994999180668e-07,2.833213402879744,10.30546916738039,5.730099786220328,6.413458958806701,4.605170195988091,0.6931476805598203,-13.815510557964274,-13.815510557964274,1.0986126220013874,False,False,True,False,False,False
1266.400447427293,0,0,0,0,0,0,0,0.14475588893275432,-6.102111694488308,5.693732142169703,9.999994999180668e-07,2.772588784739779,8.024016164881164,5.693732142169703,6.102558596850705,4.1698521301847915,9.999994999180668e-07,2.833213402879744,-13.815510557964274,1.0986126220013874,False,True,False,False,False,False
10412.863802559415,0,0,1,0,0,0,0,0.030469226081657523,-7.688557553728022,6.098074284413431,9.999994999180668e-07,2.9957323235539897,9.911230783913622,6.098074284413431,7.69074316399891,4.199705092879927,9.999994999180668e-07,1.0986126220013874,-13.815510557964274,0.6931476805598203,True,False,False,False,False,False
6112.369742419302,0,0,0,0,0,0,1,0.023475709162047602,-8.02539285776425,7.595889918221051,9.999994999180668e-07,4.369447865125249,7.868225738407096,7.595889918221051,8.028455164440302,4.2766661329049445,9.999994999180668e-07,-13.815510557964274,-13.815510557964274,2.48490673312133,False,False,False,True,False,False
41763.20315581854,0,0,1,1,0,0,0,0.023148383899078986,-5.776203295520409,10.675422807916092,2.397895363707457,2.079441666679828,10.243274610629218,8.277527535348781,8.174421152928266,4.408590853957102,1.0986126220013874,7.191429330789392,3.988984065082793,0.6931476805598203,False,False,False,False,False,True
6112.369742419302,1,1,0,1,0,0,0,0.025422821372600244,-8.02539285776425,11.165281051359921,9.999994999180668e-07,3.367295864469232,10.645016552378681,11.165281051359921,8.028455164440302,4.356347147827124,1.7917596358947079,-13.815510557964274,-13.815510557964274,1.0986126220013874,False,False,False,True,False,False
41763.20315581854,0,0,1,0,0,0,0,0.0,-5.609198832442679,5.043425123370859,2.5649494343846104,3.2580965764830196,9.911230783913622,2.478475843328674,8.174421152928266,-13.815510557964274,9.999994999180668e-07,-13.815510557964274,-13.815510557964274,1.3862946111198593,False,False,False,False,False,True
10412.863802559415,0,1,1,0,0,0,1,0.0,-7.688557553728022,4.762173943344765,9.999994999180668e-07,3.2580965764830196,9.757396691627354,4.762173943344765,7.69074316399891,-13.815510557964274,1.0986126220013874,-13.815510557964274,-13.815510557964274,1.0986126220013874,True,False,False,False,False,False
41763.20315581854,0,0,1,1,1,0,0,0.020389351661094995,-5.609198832442679,8.556413904761827,2.5649494343846104,4.007333203414289,10.577240091219368,5.991464549607982,8.174421152928266,4.281678674659044,1.6094381124340804,5.293304829749618,2.079441666679828,2.3025851929940404,False,False,False,False,False,True
10412.863802559415,1,0,1,0,0,0,0,0.03518952506904197,-7.688557553728022,9.53061063409371,9.999994999180668e-07,3.9512437378121965,10.354679968636681,9.53061063409371,7.69074316399891,4.343736352599157,0.6931476805598203,6.622736325279627,4.317488126869644,1.945910291912446,True,False,False,False,False,False
41763.20315581854,0,0,1,0,0,0,0,0.0232266476610368,-5.689218796583907,10.924786738119574,2.48490673312133,2.3025851929940404,10.447551952945155,8.439880088529643,8.174421152928266,4.411966111403819,1.3862946111198593,-13.815510557964274,-13.815510557964274,9.999994999180668e-07,False,False,False,False,False,True
4092.5737704918033,0,0,0,0,0,1,0,0.13114754098360656,-6.412849143141731,5.176149738223547,9.999994999180668e-07,3.5835189662338873,8.362116469142244,5.176149738223547,6.413458958806701,4.382026647173881,9.999994999180668e-07,-13.815510557964274,-13.815510557964274,2.1972246884473243,False,False,True,False,False,False
41763.20315581854,1,1,0,0,0,0,0,0.022672110584198497,-5.689218796583907,11.583616893102079,2.48490673312133,3.13549425940741,10.369500330577427,9.098710243416571,8.174421152928266,4.387801446595788,1.0986126220013874,-13.815510557964274,-13.815510557964274,1.6094381124340804,False,False,False,False,False,True
1266.400447427293,0,0,0,0,0,0,0,0.22371364653243847,-6.102111694488308,4.941642429752162,9.999994999180668e-07,2.944439031798018,8.024016164881164,4.941642429752162,6.102558596850705,4.605170195988091,9.999994999180668e-07,-13.815510557964274,-13.815510557964274,1.6094381124340804,False,True,False,False,False,False
10412.863802559415,0,0,0,0,0,0,0,0.04570383912248629,-7.688557553728022,4.356708839510104,9.999994999180668e-07,3.401197414995488,7.921224239854798,4.356708839510104,7.69074316399891,4.605170195988091,9.999994999180668e-07,-13.815510557964274,-13.815510557964274,1.7917596358947079,True,False,False,False,False,False
6112.369742419302,1,1,0,1,1,1,0,0.026778985178018782,-6.64139434679697,10.536858189086535,1.3862946111198593,2.9957323235539897,10.588331276026876,9.150563828046264,8.028455164440302,4.408317342081248,1.6094381124340804,7.512071246381915,5.888877961102964,1.0986126220013874,False,False,False,True,False,False
10412.863802559415,0,0,0,0,0,1,0,0.04570383912248629,-7.688557553728022,4.127134401174124,9.999994999180668e-07,2.1972246884473243,8.362116469142244,4.127134401174124,7.69074316399891,4.605170195988091,9.999994999180668e-07,-13.815510557964274,-13.815510557964274,9.999994999180668e-07,True,False,False,False,False,False
7640.563613231552,0,0,1,0,0,0,0,0.04983525052473588,-5.9734166890735345,8.472823243889371,1.3862946111198593,3.401197414995488,9.911230783913622,7.086528883396702,7.360103973625284,4.361071282262599,9.999994999180668e-07,5.379897358148755,1.945910291912446,1.3862946111198593,False,False,False,False,True,False
6112.369742419302,0,1,0,0,0,0,1,0.019827457062540205,-6.928821064339634,7.89506349846415,1.0986126220013874,2.5649494343846104,9.96303269571754,6.796451210541197,8.028455164440302,4.107767598998685,1.0986126220013874,4.304065106717683,1.0986126220013874,1.0986126220013874,False,False,False,True,False,False
41763.20315581854,1,1,0,1,0,0,1,0.02271449309554896,-5.689218796583907,12.057114295536097,2.48490673312133,3.2188758648682,10.681158742145028,9.572207645811933,8.174421152928266,4.389669069185155,1.7917596358947079,-13.815510557964274,-13.815510557964274,1.3862946111198593,False,False,False,False,False,True
10412.863802559415,0,0,0,1,0,0,0,0.03605924944939469,-7.688557553728022,9.576371410908289,9.999994999180668e-07,3.49650759176951,9.585520966175313,9.576371410908289,7.69074316399891,4.368151300854915,0.6931476805598203,-13.815510557964274,-13.815510557964274,1.7917596358947079,True,False,False,False,False,False
10412.863802559415,1,1,1,1,0,0,0,0.03275441803778184,-7.688557553728022,7.629489916879903,9.999994999180668e-07,4.060443027787798,10.267742917362,7.629489916879903,7.69074316399891,4.2720257534130415,1.6094381124340804,4.094344578888768,0.6931476805598203,2.3025851929940404,True,False,False,False,False,False
41763.20315581854,0,0,1,0,0,0,0,0.009392317084624775,-4.345702606959565,5.049856013659793,3.828641418228225,3.0445224853424695,10.093202307287365,1.2212149056321935,8.174421152928266,3.506557927319981,0.6931476805598203,-13.815510557964274,-13.815510557964274,1.0986126220013874,False,False,False,False,False,True
10412.863802559415,1,0,1,0,1,0,0,0.03305954933643821,-7.688557553728022,8.96775912689695,9.999994999180668e-07,2.48490673312133,10.328909197827285,8.96775912689695,7.69074316399891,4.281298358997717,1.7917596358947079,5.849324782828703,2.833213402879744,0.6931476805598203,True,False,False,False,False,False
7640.563613231552,0,0,1,0,0,0,0,0.04240882103477523,-6.666171101165439,8.8552356233496,0.6931476805598203,3.367295864469232,10.275733098569818,8.162088442932289,7.360103973625284,4.199705092879927,1.0986126220013874,5.723585105220355,3.13549425940741,1.6094381124340804,False,False,False,False,True,False
7640.563613231552,1,0,1,0,0,0,1,0.06361323155216285,-7.358533207287776,5.2417470203506475,9.999994999180668e-07,3.7376696420928917,9.562989436612362,5.2417470203506475,7.360103973625284,4.605170195988091,1.0986126220013874,-13.815510557964274,-13.815510557964274,1.7917596358947079,False,False,False,False,True,False
6112.369742419302,1,0,1,0,0,0,0,0.025859258176585003,-6.64139434679697,7.600902460042082,1.3862946111198593,2.5649494343846104,10.369437388262297,6.214608100422192,8.028455164440302,4.373368584539462,1.0986126220013874,4.060443027787798,-13.815510557964274,0.6931476805598203,False,False,False,True,False,False
41763.20315581854,1,0,0,1,0,0,0,0.024203278641148462,-5.689218796583907,10.82159663023703,2.48490673312133,2.079441666679828,10.337164696339675,8.33668998066863,8.174421152928266,4.4531539903312565,1.7917596358947079,7.129297549730655,4.727387827561898,9.999994999180668e-07,False,False,False,False,False,True
6112.369742419302,1,0,0,0,1,0,1,0.013042060645582002,-8.02539285776425,6.0354814349171,9.999994999180668e-07,2.3025851929940404,9.867736494416278,6.0354814349171,8.028455164440302,3.688879479113936,1.0986126220013874,1.6094381124340804,-13.815510557964274,0.6931476805598203,False,False,False,True,False,False
10412.863802559415,0,0,1,0,0,0,0,0.0,-7.688557553728022,4.521788587918605,9.999994999180668e-07,3.5263605540279257,9.930382188212418,4.521788587918605,7.69074316399891,-13.815510557964274,0.6931476805598203,9.999994999180668e-07,-13.815510557964274,1.7917596358947079,True,False,False,False,False,False
6112.369742419302,0,1,1,0,0,0,0,0.023695151948566348,-8.02539285776425,10.484389460713281,9.999994999180668e-07,3.465735934049726,10.489719752474729,10.484389460713281,8.028455164440302,4.285970366976168,1.0986126220013874,7.424165281638687,4.653960359681333,1.945910291912446,False,False,False,True,False,False
41763.20315581854,1,0,0,1,1,0,0,0.02290457693949907,-4.916188123940292,10.319166983084259,3.2580965764830196,2.1972246884473243,10.121208989158244,7.061070445887641,8.174421152928266,4.398002642909493,1.945910291912446,-13.815510557964274,-13.815510557964274,0.6931476805598203,False,False,False,False,False,True
41763.20315581854,0,0,1,0,0,0,0,0.0169061707523246,-4.955403377853663,6.008813187899597,3.2188758648682,3.332204545889489,10.18414036585045,2.7899374219994537,8.174421152928266,4.094344578888768,0.6931476805598203,-13.815510557964274,-13.815510557964274,1.3862946111198593,False,False,False,False,False,True
10412.863802559415,0,0,1,0,0,0,0,0.02437538086532602,-7.688557553728022,6.678342115912193,9.999994999180668e-07,4.174387285280252,9.911230783913622,6.678342115912193,7.69074316399891,3.9765615453157173,9.999994999180668e-07,2.7080502677688743,9.999994999180668e-07,2.397895363707457,True,False,False,False,False,False
41763.20315581854,1,1,0,0,0,0,0,0.022717929401409855,-5.689218796583907,10.566665096499401,2.48490673312133,2.7080502677688743,10.106162843832818,8.081758446994767,8.174421152928266,4.389820340265849,1.0986126220013874,-13.815510557964274,-13.815510557964274,0.6931476805598203,False,False,False,False,False,True
10412.863802559415,1,0,0,1,1,0,0,0.028945764777574646,-7.688557553728022,7.103322063348481,9.999994999180668e-07,2.3025851929940404,10.366263488139257,7.103322063348481,7.69074316399891,4.14841179928185,1.6094381124340804,3.401197414995488,-13.815510557964274,0.6931476805598203,True,False,False,False,False,False
10412.863802559415,1,1,0,1,0,0,0,0.03694088706394423,-7.688557553728022,11.434953112642079,9.999994999180668e-07,2.772588784739779,10.17837815367668,11.434953112642079,7.69074316399891,4.392306885056898,1.0986126220013874,8.438366411086669,6.3784261853493796,1.0986126220013874,True,False,False,False,False,False
41763.20315581854,0,0,1,1,0,0,0,0.024194769706217575,-5.609198832442679,12.217254890537687,2.5649494343846104,1.7917596358947079,10.352558193296035,9.652305533135483,8.174421152928266,4.452802367271649,1.0986126220013874,-13.815510557964274,-13.815510557964274,9.999994999180668e-07,False,False,False,False,False,True
41763.20315581854,0,1,1,0,0,0,0,0.013259741766529096,-4.303146206971848,6.897704944138737,3.871201031741224,3.09104249881286,10.10752266866503,3.0265039807055922,8.174421152928266,3.851398404861711,0.6931476805598203,2.833213402879744,-13.815510557964274,1.3862946111198593,False,False,False,False,False,True
4092.5737704918033,1,0,1,0,0,0,0,0.11360368133448376,-3.928501475337993,8.254788926408736,2.48490673312133,3.13549425940741,10.228964304115728,5.769882279480849,6.413458958806701,4.238419604490997,1.0986126220013874,-13.815510557964274,-13.815510557964274,1.3862946111198593,False,False,True,False,False,False
6112.369742419302,1,1,0,1,1,0,0,0.024268607167205143,-8.02539285776425,8.384118837419363,9.999994999180668e-07,3.0445224853424695,10.479677045274626,8.384118837419363,8.028455164440302,4.309883527586205,1.945910291912446,5.17048400071997,-13.815510557964274,1.0986126220013874,False,False,False,True,False,False
6112.369742419302,1,0,0,0,1,0,0,0.024933351234200887,-8.02539285776425,6.502790047414874,9.999994999180668e-07,3.8066625119925415,10.092953778978782,6.502790047414874,8.028455164440302,4.336906212470335,1.0986126220013874,2.833213402879744,9.999994999180668e-07,1.7917596358947079,False,False,False,True,False,False
41763.20315581854,0,0,1,0,0,0,0,0.014088475626937165,-6.382070358285614,4.290459454847021,1.7917596358947079,2.3025851929940404,9.657081198906674,2.4987000541121134,8.174421152928266,3.912023025428146,0.6931476805598203,-13.815510557964274,-13.815510557964274,0.6931476805598203,False,False,False,False,False,True
6112.369742419302,0,0,1,0,0,0,0,0.02572516549357918,-8.02539285776425,8.018954683484882,9.999994999180668e-07,3.610917939671251,9.894529295450052,8.018954683484882,8.028455164440302,4.368169612686874,1.0986126220013874,-13.815510557964274,-13.815510557964274,1.6094381124340804,False,False,False,True,False,False
41763.20315581854,0,1,1,0,0,0,0,0.0,-5.689218796583907,10.430727717599725,2.48490673312133,3.367295864469232,10.163407256904307,7.945821068136352,8.174421152928266,-13.815510557964274,1.0986126220013874,-13.815510557964274,-13.815510557964274,1.7917596358947079,False,False,False,False,False,True
41763.20315581854,1,0,0,1,1,0,0,0.023262116626767245,-5.609198832442679,11.47172840013031,2.5649494343846104,2.5649494343846104,10.341923012221852,8.90677904279382,8.174421152928266,4.413492027298814,1.7917596358947079,-13.815510557964274,-13.815510557964274,0.6931476805598203,False,False,False,False,False,True
41763.20315581854,0,1,0,0,1,0,0,0.0,-5.658520592276317,8.293799609096881,2.515613875923528,2.772588784739779,9.533921779951479,5.778185816830905,8.174421152928266,-13.815510557964274,0.6931476805598203,-13.815510557964274,-13.815510557964274,0.6931476805598203,False,False,False,False,False,True
6112.369742419302,0,0,1,0,0,0,0,0.0,-8.02539285776425,3.9318256523321686,9.999994999180668e-07,3.401197414995488,10.368320866885187,3.9318256523321686,8.028455164440302,-13.815510557964274,0.6931476805598203,-13.815510557964274,-13.815510557964274,1.7917596358947079,False,False,False,True,False,False
41763.20315581854,1,0,1,0,0,1,0,0.023443223443223443,-4.955403377853663,11.552867072072784,3.2188758648682,2.833213402879744,10.626240329265542,8.333991247435186,8.174421152928266,4.421247359846394,1.3862946111198593,8.047189562490502,6.033086224196883,1.0986126220013874,False,False,False,False,False,True
6112.369742419302,1,0,0,0,1,0,0,0.026928361824025335,-6.236184658820706,8.714403360868147,1.7917596358947079,3.401197414995488,10.464240389426779,6.922643892461109,8.028455164440302,4.413879971319484,1.3862946111198593,5.411646056319325,2.833213402879744,1.3862946111198593,False,False,False,True,False,False
41763.20315581854,1,1,0,0,1,0,0,0.021736505252988772,-4.2231091863939945,7.372118028966322,3.9512437378121965,3.13549425940741,10.248454430083953,3.4208743424402055,8.174421152928266,4.34565900346597,1.3862946111198593,3.555348090060842,-13.815510557964274,1.3862946111198593,False,False,False,False,False,True
41763.20315581854,0,0,1,1,0,0,0,0.023872792589885183,-4.996219458230981,11.78024665433771,3.1780538720146114,2.9957323235539897,10.495742229867584,8.602192824165812,8.174421152928266,4.43940531059154,1.3862946111198593,8.187021067621746,6.437751651336401,1.0986126220013874,False,False,False,False,False,True
6112.369742419302,0,0,0,0,0,0,1,0.0,-5.512593545341598,7.8359745821168225,2.515613875923528,2.890371813451719,7.868225738407096,5.320360791502318,8.028455164440302,-13.815510557964274,9.999994999180668e-07,-13.815510557964274,-13.815510557964274,1.0986126220013874,False,False,False,True,False,False
41763.20315581854,0,1,0,1,0,1,0,0.024033040126954962,-5.689218796583907,11.548842650566657,2.48490673312133,3.13549425940741,10.670522562010728,9.063936000884777,8.174421152928266,4.446095440948985,1.3862946111198593,8.139440522166408,6.542471961947727,1.6094381124340804,False,False,False,False,False,True
7640.563613231552,0,1,0,1,0,0,0,0.06361323155216285,-7.358533207287776,4.762173943344765,9.999994999180668e-07,3.2580965764830196,10.139223901200888,4.762173943344765,7.360103973625284,4.605170195988091,1.3862946111198593,-13.815510557964274,-13.815510557964274,1.3862946111198593,False,False,False,False,True,False
6112.369742419302,1,1,0,0,0,0,0,0.02559908597789856,-8.02539285776425,7.930565854593548,9.999994999180668e-07,2.1972246884473243,10.369500330577427,7.930565854593548,8.028455164440302,4.363256544728733,1.0986126220013874,4.795790553861204,-13.815510557964274,0.6931476805598203,False,False,False,True,False,False
1266.400447427293,0,0,0,0,0,0,0,0.11185682326621924,-6.102111694488308,4.762173943344765,9.999994999180668e-07,2.890371813451719,8.024016164881164,4.762173943344765,6.102558596850705,3.912023025428146,9.999994999180668e-07,-13.815510557964274,-13.815510557964274,1.0986126220013874,False,True,False,False,False,False
10412.863802559415,0,1,0,1,0,0,0,0.0349295500517861,-7.688557553728022,9.929739923728897,9.999994999180668e-07,3.828641418228225,10.498565143891168,9.929739923728897,7.69074316399891,4.33632107495398,1.3862946111198593,6.265301214638851,3.13549425940741,2.079441666679828,True,False,False,False,False,False
6112.369742419302,0,0,0,0,0,0,1,0.020820157054694158,-6.418404039733034,8.11312710452136,1.6094381124340804,2.944439031798018,7.868225738407096,6.503689193285583,8.028455164440302,4.156621507403992,9.999994999180668e-07,4.418840619844791,1.0986126220013874,1.0986126220013874,False,False,False,True,False,False
6112.369742419302,0,0,0,0,0,0,1,0.023090029547625724,-6.64139434679697,9.065198986422132,1.3862946111198593,3.332204545889489,7.868225738407096,7.6789046256491025,8.028455164440302,4.2601008022905456,9.999994999180668e-07,5.54907608878627,3.2188758648682,1.3862946111198593,False,False,False,True,False,False
7640.563613231552,1,0,1,0,0,0,0,0.043092834277271605,-7.358533207287776,8.008365570645587,9.999994999180668e-07,3.4339872367432105,10.37481547912676,8.008365570645587,7.360103973625284,4.215705433988273,1.3862946111198593,4.820281573669553,1.3862946111198593,1.6094381124340804,False,False,False,False,True,False
6112.369742419302,0,0,1,1,0,0,0,0.02526899250081513,-8.02539285776425,7.284820913254475,9.999994999180668e-07,3.7841896566455335,10.46539673983523,7.284820913254475,8.028455164440302,4.350277949262527,1.0986126220013874,3.688879479113936,9.999994999180668e-07,1.945910291912446,False,False,False,True,False,False
6112.369742419302,0,1,0,0,0,0,1,0.022572797271199617,-6.418404039733034,7.153051635719953,1.6094381124340804,2.833213402879744,8.390350943423686,5.543613726415742,8.028455164440302,4.2374454203072185,0.6931476805598203,3.2580965764830196,-13.815510557964274,1.0986126220013874,False,False,False,True,False,False
6112.369742419302,0,1,0,0,0,0,0,0.0,-8.02539285776425,6.359573870402481,9.999994999180668e-07,3.1780538720146114,10.230494328383836,6.359573870402481,8.028455164440302,-13.815510557964274,0.6931476805598203,-13.815510557964274,-13.815510557964274,0.6931476805598203,False,False,False,True,False,False
1266.400447427293,0,0,0,1,0,0,0,0.158236481693676,-6.102111694488308,7.677863501141173,9.999994999180668e-07,3.610917939671251,10.09437746363512,7.677863501141173,6.102558596850705,4.258893963408188,1.0986126220013874,-13.815510557964274,-13.815510557964274,1.945910291912446,False,True,False,False,False,False
41763.20315581854,1,1,1,1,1,0,0,0.02265041698119764,-4.996219458230981,10.907331181436469,3.1780538720146114,2.833213402879744,10.153958510178708,7.72927735150996,8.174421152928266,4.386844147629771,1.945910291912446,7.610357618808132,4.691347891403455,0.6931476805598203,False,False,False,False,False,True
10412.863802559415,1,0,1,0,0,0,0,0.022851919561243144,-7.688557553728022,5.6276211172877595,9.999994999180668e-07,3.5263605540279257,10.223897637656007,5.6276211172877595,7.69074316399891,3.912023025428146,1.3862946111198593,0.6931476805598203,-13.815510557964274,1.6094381124340804,True,False,False,False,False,False
41763.20315581854,0,1,1,0,0,0,1,0.0,-4.916188123940292,5.23110862220218,3.2580965764830196,3.4339872367432105,9.757396691627354,1.973012217870528,8.174421152928266,-13.815510557964274,1.0986126220013874,-13.815510557964274,-13.815510557964274,1.3862946111198593,False,False,False,False,False,True
6112.369742419302,0,0,0,0,0,0,1,0.022171503097489404,-6.928821064339634,7.275864601238574,1.0986126220013874,2.3025851929940404,7.868225738407096,6.177252313954548,8.028455164440302,4.219507719881989,9.999994999180668e-07,3.912023025428146,9.999994999180668e-07,9.999994999180668e-07,False,False,False,True,False,False
10412.863802559415,0,1,1,0,0,1,1,0.03155741272743101,-7.688557553728022,7.794823152591251,9.999994999180668e-07,3.09104249881286,10.212146365428362,7.794823152591251,7.69074316399891,4.234796412173956,1.3862946111198593,3.7376696420928917,9.999994999180668e-07,1.0986126220013874,True,False,False,False,False,False
6112.369742419302,0,0,0,0,0,0,1,0.019686129276350193,-7.3337756581647415,7.910957383212292,0.6931476805598203,2.833213402879744,7.868225738407096,7.21781020301905,8.028455164440302,4.100614191798196,9.999994999180668e-07,4.663439103546029,1.7917596358947079,0.6931476805598203,False,False,False,True,False,False
1266.400447427293,0,0,0,0,0,0,0,0.14657100979711488,-6.102111694488308,7.089243155861543,9.999994999180668e-07,2.7080502677688743,8.024016164881164,7.089243155861543,6.102558596850705,4.182313350431215,9.999994999180668e-07,-13.815510557964274,-13.815510557964274,0.6931476805598203,False,True,False,False,False,False
41763.20315581854,0,0,0,0,1,0,0,0.022375814231017848,-4.242525934108025,7.774015077671248,3.9318256523321686,3.6635616717706716,9.69236030328253,3.8421894659729947,8.174421152928266,4.374646539968851,1.0986126220013874,4.624972823088193,1.7917596358947079,1.7917596358947079,False,False,False,False,False,True
7640.563613231552,1,0,0,0,1,0,0,0.04440923712132123,-5.0573616923497315,7.563719668933308,2.3025851929940404,3.465735934049726,9.704884196475403,5.261134580609734,7.360103973625284,4.245796199404518,0.6931476805598203,3.970291932420046,0.6931476805598203,1.7917596358947079,False,False,False,False,True,False
7640.563613231552,0,0,1,0,0,0,0,0.031806615776081425,-5.750351709968375,5.062595039356081,1.6094381124340804,1.945910291912446,7.751200744040292,3.4531571522384357,7.360103973625284,3.912023025428146,9.999994999180668e-07,-13.815510557964274,-13.815510557964274,9.999994999180668e-07,False,False,False,False,True,False
6112.369742419302,0,1,0,1,0,0,0,0.02717095967829584,-8.02539285776425,6.489204932845074,9.999994999180668e-07,3.9318256523321686,9.700399640197043,6.489204932845074,8.028455164440302,4.422848641194137,0.6931476805598203,2.890371813451719,-13.815510557964274,2.3025851929940404,False,False,False,True,False,False
7640.563613231552,1,0,0,1,1,0,0,0.0483189865194088,-7.358533207287776,9.168893182166242,9.999994999180668e-07,3.988984065082793,10.229397610889142,9.168893182166242,7.360103973625284,4.330173286228892,1.3862946111198593,6.152732696831764,3.5835189662338873,2.079441666679828,False,False,False,False,True,False
4092.5737704918033,1,1,0,1,0,0,0,0.0,-2.6998720125249456,5.141663562350613,3.7135720910945516,3.1780538720146114,10.281432757021678,1.4280917295644053,6.413458958806701,-13.815510557964274,1.6094381124340804,-13.815510557964274,-13.815510557964274,1.6094381124340804,False,False,True,False,False,False
6112.369742419302,0,0,0,0,0,0,1,0.021736767742636668,-7.3337756581647415,7.438383530632543,0.6931476805598203,2.833213402879744,7.868225738407096,6.745236350660833,8.028455164440302,4.199705092879927,9.999994999180668e-07,3.7376696420928917,-13.815510557964274,1.0986126220013874,False,False,False,True,False,False
41763.20315581854,0,0,1,0,1,0,0,0.0231869949914212,-5.689218796583907,11.915031604728593,2.48490673312133,3.2958369030413657,10.25253841297885,9.430124955014172,8.174421152928266,4.410257446601173,1.3862946111198593,8.536799721251272,5.598421962702078,1.6094381124340804,False,False,False,False,False,True
7640.563613231552,1,1,0,0,0,0,0,0.040985706234950556,-7.358533207287776,9.389741000426051,9.999994999180668e-07,2.9957323235539897,10.369500330577427,9.389741000426051,7.360103973625284,4.165572087031301,1.0986126220013874,-13.815510557964274,-13.815510557964274,1.3862946111198593,False,False,False,False,True,False
4092.5737704918033,0,0,1,0,0,0,1,0.16393442622950818,-5.720006823110456,4.644390908756757,0.6931476805598203,2.9957323235539897,9.566261260676077,3.9512437378121965,6.413458958806701,4.605170195988091,0.6931476805598203,-13.815510557964274,-13.815510557964274,1.0986126220013874,False,False,True,False,False,False
10412.863802559415,1,1,1,0,0,0,0,0.034437906789772585,-7.688557553728022,9.473319831864467,9.999994999180668e-07,2.7080502677688743,10.177739202197214,9.473319831864467,7.69074316399891,4.322145797081666,1.6094381124340804,6.570882963740145,4.007333203414289,0.6931476805598203,True,False,False,False,False,False
41763.20315581854,1,0,0,1,0,0,0,0.0169061707523246,-4.955403377853663,5.501258214626359,3.2188758648682,2.5649494343846104,10.269775263620275,2.2823824877173373,8.174421152928266,4.094344578888768,1.0986126220013874,1.6094381124340804,-13.815510557964274,1.0986126220013874,False,False,False,False,False,True
6112.369742419302,0,0,0,0,0,0,1,0.024099459888575436,-7.3337756581647415,6.706862337825241,0.6931476805598203,2.48490673312133,7.868225738407096,6.0137151584877895,8.028455164440302,4.30288932764457,9.999994999180668e-07,3.13549425940741,9.999994999180668e-07,0.6931476805598203,False,False,False,True,False,False
7640.563613231552,0,0,1,0,0,0,0,0.0,-6.666171101165439,4.753590199727054,0.6931476805598203,4.605170195988091,9.914169522020384,4.060443027787798,7.360103973625284,-13.815510557964274,0.6931476805598203,-13.815510557964274,-13.815510557964274,2.6390574010438272,False,False,False,False,True,False
7640.563613231552,0,0,1,0,0,0,0,0.021204410517387615,-5.750351709968375,7.089243155861543,1.6094381124340804,2.9957323235539897,10.25355015412877,5.479805246763556,7.360103973625284,3.506557927319981,1.3862946111198593,-13.815510557964274,-13.815510557964274,1.0986126220013874,False,False,False,False,True,False
10412.863802559415,1,0,0,1,1,0,0,0.03797521497024957,-7.688557553728022,9.336356092647202,9.999994999180668e-07,3.761200138949376,10.193121481333835,9.336356092647202,7.69074316399891,4.419921605896789,1.945910291912446,6.171700599498598,3.9318256523321686,1.945910291912446,True,False,False,False,False,False
7640.563613231552,0,0,0,0,0,0,1,0.06361323155216285,-7.358533207287776,3.9512437378121965,9.999994999180668e-07,2.7080502677688743,5.85555732140996,3.9512437378121965,7.360103973625284,4.605170195988091,9.999994999180668e-07,-13.815510557964274,-13.815510557964274,0.6931476805598203,False,False,False,False,True,False
10412.863802559415,1,0,1,1,1,0,0,0.0,-7.688557553728022,4.691347891403455,9.999994999180668e-07,3.610917939671251,10.321697919591472,4.691347891403455,7.69074316399891,-13.815510557964274,1.6094381124340804,-13.815510557964274,-13.815510557964274,1.6094381124340804,True,False,False,False,False,False
6112.369742419302,1,0,1,0,1,0,0,0.025971203017176283,-6.64139434679697,9.536401457369255,1.3862946111198593,2.6390574010438272,10.28498992126445,8.150107096465893,8.028455164440302,4.377688245629631,1.3862946111198593,6.135564893246241,1.945910291912446,0.6931476805598203,False,False,False,True,False,False
6112.369742419302,1,0,0,1,1,0,0,0.019563090968373,-8.02539285776425,6.3080984433310245,9.999994999180668e-07,1.7917596358947079,10.165709276832416,6.3080984433310245,8.028455164440302,4.094344578888768,1.0986126220013874,2.3025851929940404,-13.815510557964274,9.999994999180668e-07,False,False,False,True,False,False
41763.20315581854,0,0,1,1,0,0,0,0.023335727678907802,-4.955403377853663,11.822459533921448,3.2188758648682,2.7080502677688743,10.306109900409174,8.603583709229357,8.174421152928266,4.416651448666,1.0986126220013874,8.607216694246608,6.658011047154445,1.0986126220013874,False,False,False,False,False,True
41763.20315581854,0,0,0,0,0,0,0,0.017610594533671458,-4.916188123940292,6.006353162064787,3.2580965764830196,2.833213402879744,9.710480988891273,2.7482566856196575,8.174421152928266,4.135166572742356,9.999994999180668e-07,2.079441666679828,-13.815510557964274,1.0986126220013874,False,False,False,False,False,True
41763.20315581854,0,0,0,0,0,0,0,0.0,-5.87148122261456,4.317488126869644,2.3025851929940404,4.04305128537841,8.024016164881164,2.014903153875589,8.174421152928266,-13.815510557964274,9.999994999180668e-07,-13.815510557964274,-13.815510557964274,2.079441666679828,False,False,False,False,False,True
10412.863802559415,1,0,0,0,0,0,1,0.009140767824497258,-7.688557553728022,5.641907074484213,9.999994999180668e-07,3.912023025428146,8.817967018114343,5.641907074484213,7.69074316399891,2.9957323235539897,0.6931476805598203,-13.815510557964274,-13.815510557964274,2.079441666679828,True,False,False,False,False,False
4092.5737704918033,1,1,0,0,0,0,0,0.1340539481418588,-6.412849143141731,9.89151618080551,9.999994999180668e-07,2.48490673312133,10.344736387708705,9.89151618080551,6.413458958806701,4.403946007417834,1.0986126220013874,6.911747301247691,4.290459454847021,1.0986126220013874,False,False,True,False,False,False
4092.5737704918033,1,1,0,0,1,0,0,0.0,-3.897795867162686,4.369447865125249,2.515613875923528,2.397895363707457,10.285041287951811,1.8538342139922364,6.413458958806701,-13.815510557964274,1.3862946111198593,-13.815510557964274,-13.815510557964274,0.6931476805598203,False,False,True,False,False,False
10412.863802559415,0,0,0,0,1,0,0,0.026460117386702592,-7.688557553728022,6.249975244189985,9.999994999180668e-07,3.401197414995488,9.690921400442782,6.249975244189985,7.69074316399891,4.058626496892749,0.6931476805598203,2.944439031798018,-13.815510557964274,1.7917596358947079,True,False,False,False,False,False
6112.369742419302,0,0,0,1,0,0,1,0.0,-8.02539285776425,3.5263605540279257,9.999994999180668e-07,3.8918203185187896,9.2231297982103,3.5263605540279257,8.028455164440302,-13.815510557964274,0.6931476805598203,-13.815510557964274,-13.815510557964274,1.945910291912446,False,False,False,True,False,False
7640.563613231552,0,0,1,1,0,0,1,0.04654626698938745,-6.260967821561102,8.0304095624559,1.0986126220013874,3.4339872367432105,10.424446529614475,6.93179727443862,7.360103973625284,4.292795514612606,1.3862946111198593,-13.815510557964274,-13.815510557964274,1.6094381124340804,False,False,False,False,True,False
6112.369742419302,0,0,0,1,0,0,1,0.017321486794913597,-7.3337756581647415,7.242082359972781,0.6931476805598203,3.09104249881286,10.44041720608123,6.548935180128656,8.028455164440302,3.97264764606811,1.3862946111198593,3.465735934049726,-13.815510557964274,1.0986126220013874,False,False,False,True,False,False
41763.20315581854,0,0,1,0,0,0,0,0.022445218418241583,-5.689218796583907,12.490465564646634,2.48490673312133,1.6094381124340804,10.212156711409524,10.00555891490002,8.174421152928266,4.377743489669501,1.3862946111198593,-13.815510557964274,-13.815510557964274,9.999994999180668e-07,False,False,False,False,False,True
10412.863802559415,0,0,0,0,0,1,0,0.04570383912248629,-7.688557553728022,4.6728288438077,9.999994999180668e-07,2.079441666679828,8.362116469142244,4.6728288438077,7.69074316399891,4.605170195988091,9.999994999180668e-07,-13.815510557964274,-13.815510557964274,9.999994999180668e-07,True,False,False,False,False,False
6112.369742419302,0,1,0,1,0,1,0,0.02852950766221063,-8.02539285776425,5.852202482648037,9.999994999180668e-07,3.9318256523321686,10.375876486070968,5.852202482648037,8.028455164440302,4.47163880479214,1.3862946111198593,2.079441666679828,-13.815510557964274,2.3025851929940404,False,False,False,True,False,False
41763.20315581854,0,0,1,0,0,0,1,0.0,-5.658520592276317,7.062191633143454,2.515613875923528,2.079441666679828,9.733435459096341,4.546577847779748,8.174421152928266,-13.815510557964274,1.0986126220013874,-13.815510557964274,-13.815510557964274,9.999994999180668e-07,False,False,False,False,False,True
4092.5737704918033,0,0,1,1,0,0,0,0.1376430559851531,-6.412849143141731,9.002824076670734,9.999994999180668e-07,1.945910291912446,10.41831635451246,9.002824076670734,6.413458958806701,4.4303674735182765,0.6931476805598203,-13.815510557964274,-13.815510557964274,9.999994999180668e-07,False,False,True,False,False,False
6112.369742419302,0,0,0,0,0,0,1,0.019563090968373,-6.928821064339634,7.80180040231797,1.0986126220013874,3.0445224853424695,7.868225738407096,6.7031881144678565,8.028455164440302,4.094344578888768,9.999994999180668e-07,4.553876902126857,0.6931476805598203,1.0986126220013874,False,False,False,True,False,False
41763.20315581854,0,1,0,0,0,0,0,0.0217758179541619,-5.609198832442679,9.667512022469847,2.5649494343846104,3.332204545889489,10.395788241444995,7.102562665767997,8.174421152928266,4.347465972547974,1.0986126220013874,6.15485809613956,3.09104249881286,1.0986126220013874,False,False,False,False,False,True
6112.369742419302,0,0,1,0,0,0,0,0.026084121291164004,-8.02539285776425,9.182866395078213,9.999994999180668e-07,3.2188758648682,10.447551952945155,9.182866395078213,8.028455164440302,4.382026647173881,1.3862946111198593,-13.815510557964274,-13.815510557964274,1.6094381124340804,False,False,False,True,False,False
6112.369742419302,0,0,0,0,0,0,1,0.022762086975779906,-7.3337756581647415,7.232010332387824,0.6931476805598203,1.945910291912446,7.868225738407096,6.538863152550944,8.028455164440302,4.245796199404518,9.999994999180668e-07,3.970291932420046,0.6931476805598203,9.999994999180668e-07,False,False,False,True,False,False
7640.563613231552,0,0,0,1,0,0,1,0.04864983547783613,-7.358533207287776,9.504128762934268,9.999994999180668e-07,4.430816810748075,10.444320417005352,9.504128762934268,7.360103973625284,4.336997133958503,1.0986126220013874,6.740519360788256,3.912023025428146,2.7080502677688743,False,False,False,False,True,False
4092.5737704918033,1,1,0,0,0,0,0,0.0,-3.928501475337993,3.970291932420046,2.48490673312133,2.944439031798018,10.358689090639915,1.4853854901791903,6.413458958806701,-13.815510557964274,0.6931476805598203,-13.815510557964274,-13.815510557964274,1.3862946111198593,False,False,True,False,False,False
10412.863802559415,0,1,0,0,0,0,0,0.015234613040828762,-7.688557553728022,9.154933364810141,9.999994999180668e-07,3.2580965764830196,9.193989884547726,9.154933364810141,7.69074316399891,3.506557927319981,9.999994999180668e-07,-13.815510557964274,-13.815510557964274,1.3862946111198593,True,False,False,False,False,False
10412.863802559415,0,0,0,1,0,0,0,0.019587359623922693,-7.688557553728022,5.796057753804885,9.999994999180668e-07,2.890371813451719,9.823913693796847,5.796057753804885,7.69074316399891,3.7578723489342205,1.0986126220013874,1.945910291912446,-13.815510557964274,1.0986126220013874,True,False,False,False,False,False
4092.5737704918033,0,0,1,0,1,0,0,0.08196721311475409,-6.412849143141731,6.363028105264603,9.999994999180668e-07,3.8066625119925415,9.94516900230081,6.363028105264603,6.413458958806701,3.912023025428146,0.6931476805598203,-13.815510557964274,-13.815510557964274,2.079441666679828,False,False,True,False,False,False
41763.20315581854,0,0,1,1,0,0,0,0.021868678585096495,-5.609198832442679,9.249464926756396,2.5649494343846104,2.1972246884473243,10.724033718258093,6.684515570448816,8.174421152928266,4.351721298063168,1.0986126220013874,5.814130534810141,2.5649494343846104,1.0986126220013874,False,False,False,False,False,True
1266.400447427293,0,0,0,0,0,0,0,0.17362850178637015,-6.102111694488308,7.413367336298377,9.999994999180668e-07,2.772588784739779,8.024016164881164,7.413367336298377,6.102558596850705,4.351721298063168,9.999994999180668e-07,4.204692634316339,1.0986126220013874,1.3862946111198593,False,True,False,False,False,False
6112.369742419302,0,0,1,0,0,0,0,0.0,-8.02539285776425,3.9512437378121965,9.999994999180668e-07,4.1588830989846715,7.751200744040292,3.9512437378121965,8.028455164440302,-13.815510557964274,9.999994999180668e-07,-13.815510557964274,-13.815510557964274,1.945910291912446,False,False,False,True,False,False
1266.400447427293,0,0,0,1,0,0,0,0.0,-6.102111694488308,3.610917939671251,9.999994999180668e-07,3.2580965764830196,9.585520966175313,3.610917939671251,6.102558596850705,-13.815510557964274,0.6931476805598203,-13.815510557964274,-13.815510557964274,1.3862946111198593,False,True,False,False,False,False
6112.369742419302,0,1,0,1,0,0,0,0.025838044675209625,-6.64139434679697,9.266153436889967,1.3862946111198593,2.6390574010438272,10.569649885665203,7.879859076053791,8.028455164440302,4.372547903338385,1.0986126220013874,6.049733457590448,2.9957323235539897,1.0986126220013874,False,False,False,True,False,False
10412.863802559415,0,0,0,1,0,0,0,0.0,-7.688557553728022,4.605170195988091,9.999994999180668e-07,2.772588784739779,9.778095277150934,4.605170195988091,7.69074316399891,-13.815510557964274,0.6931476805598203,-13.815510557964274,-13.815510557964274,1.0986126220013874,True,False,False,False,False,False
6112.369742419302,1,1,1,0,0,0,0,0.02155255784651263,-8.02539285776425,7.416979621982115,9.999994999180668e-07,4.174387285280252,10.535318466310347,7.416979621982115,8.028455164440302,4.191194403340224,1.3862946111198593,4.077537460854872,1.6094381124340804,2.1972246884473243,False,False,False,True,False,False
6112.369742419302,1,0,0,1,0,0,0,0.02675294491401436,-8.02539285776425,8.414717400048584,9.999994999180668e-07,2.944439031798018,10.48139288133353,8.414717400048584,8.028455164440302,4.4073444548456715,1.6094381124340804,5.272999563691952,0.6931476805598203,1.3862946111198593,False,False,False,True,False,False
6112.369742419302,1,0,1,0,0,0,0,0.022124924309469468,-6.64139434679697,6.864847779014702,1.3862946111198593,2.48490673312133,9.751357701109455,5.478553421026335,8.028455164440302,4.21740466971617,1.0986126220013874,3.332204545889489,-13.815510557964274,0.6931476805598203,False,False,False,True,False,False
10412.863802559415,1,0,1,1,0,0,0,0.03179397504172959,-7.688557553728022,7.1049654490908605,9.999994999180668e-07,3.6375861860421748,9.897831532534124,7.1049654490908605,7.69074316399891,4.242264706673723,1.3862946111198593,3.13549425940741,9.999994999180668e-07,2.079441666679828,True,False,False,False,False,False
7640.563613231552,0,0,1,0,0,0,0,0.0499818247909851,-4.795033699761298,6.991176888041172,2.5649494343846104,3.7135720910945516,9.911230783913622,4.426227541619194,7.360103973625284,4.364008141898476,9.999994999180668e-07,2.6390574010438272,9.999994999180668e-07,1.7917596358947079,False,False,False,False,True,False
10412.863802559415,0,1,0,0,0,0,0,0.03323915572544458,-7.688557553728022,5.971261842341483,9.999994999180668e-07,3.2958369030413657,8.71511678782035,5.971261842341483,7.69074316399891,4.286716468619557,9.999994999180668e-07,2.397895363707457,-13.815510557964274,1.7917596358947079,True,False,False,False,False,False
7640.563613231552,1,0,0,0,0,1,0,0.04240882103477523,-7.358533207287776,4.941642429752162,9.999994999180668e-07,3.401197414995488,10.456552005211737,4.941642429752162,7.360103973625284,4.199705092879927,1.3862946111198593,-13.815510557964274,-13.815510557964274,1.6094381124340804,False,False,False,False,True,False
1266.400447427293,0,0,0,0,0,0,0,0.17306150014773544,-6.102111694488308,8.579416534784304,9.999994999180668e-07,1.3862946111198593,8.024016164881164,8.579416534784304,6.102558596850705,4.348450352067107,9.999994999180668e-07,5.762051385924831,2.890371813451719,9.999994999180668e-07,False,True,False,False,False,False
6112.369742419302,0,0,1,1,0,0,1,0.020237680312110002,-7.3337756581647415,7.03438793079656,0.6931476805598203,2.890371813451719,10.027731633565223,6.341240751117672,8.028455164440302,4.128246130008893,1.3862946111198593,4.060443027787798,0.6931476805598203,1.0986126220013874,False,False,False,True,False,False
6112.369742419302,0,0,1,1,1,0,1,0.024099459888575436,-6.928821064339634,9.829571869639796,1.0986126220013874,3.2958369030413657,10.583189713732063,8.730959581079357,8.028455164440302,4.30288932764457,1.945910291912446,-13.815510557964274,-13.815510557964274,1.6094381124340804,False,False,False,True,False,False
6112.369742419302,0,0,0,0,0,0,1,0.02336702532333442,-6.928821064339634,7.567345676530302,1.0986126220013874,3.6375861860421748,7.868225738407096,6.468733388896319,8.028455164440302,4.2720257534130415,9.999994999180668e-07,4.094344578888768,1.0986126220013874,1.945910291912446,False,False,False,True,False,False
7640.563613231552,0,1,0,1,0,1,0,0.050038445379816575,-7.358533207287776,9.37560054092661,9.999994999180668e-07,2.833213402879744,10.90795726633517,9.37560054092661,7.360103973625284,4.365140324286362,1.3862946111198593,6.464588305247593,3.5263605540279257,0.6931476805598203,False,False,False,False,True,False
6112.369742419302,0,1,0,0,0,0,1,0.02693469046370196,-6.236184658820706,6.721425701995463,1.7917596358947079,2.833213402879744,9.6379244953028,4.929666238791504,8.028455164440302,4.414114961330645,1.0986126220013874,3.13549425940741,9.999994999180668e-07,0.6931476805598203,False,False,False,True,False,False
6112.369742419302,0,0,1,1,1,0,0,0.025044536746950945,-6.928821064339634,8.987571750492,1.0986126220013874,2.079441666679828,10.191288316243554,7.888959462073796,8.028455164440302,4.341355607961821,1.0986126220013874,6.180016655722966,2.7080502677688743,0.6931476805598203,False,False,False,True,False,False
41763.20315581854,0,0,1,0,0,0,0,0.021668240291722072,-5.689218796583907,9.459151670116944,2.48490673312133,3.4339872367432105,10.447551952945155,6.9742450211866425,8.174421152928266,4.3425134941070525,1.3862946111198593,5.834810739986581,3.0445224853424695,1.6094381124340804,False,False,False,False,False,True
41763.20315581854,0,1,0,0,0,1,0,0.023163723763327003,-5.689218796583907,11.712030389806722,2.48490673312133,3.2958369030413657,10.287331162286009,9.227123740108864,8.174421152928266,4.409253309863197,0.6931476805598203,-13.815510557964274,-13.815510557964274,1.3862946111198593,False,False,False,False,False,True
41763.20315581854,0,1,1,1,0,0,0,0.023396658386532196,-6.787239934900224,12.062571721873931,1.3862946111198593,2.9957323235539897,10.611577320035403,10.676277360771357,8.174421152928266,4.419259093879355,1.0986126220013874,-13.815510557964274,-13.815510557964274,0.6931476805598203,False,False,False,False,False,True
10412.863802559415,1,1,1,0,1,0,0,0.03322845642639132,-7.688557553728022,10.965435856849936,9.999994999180668e-07,3.9318256523321686,10.120238118094067,10.965435856849936,7.69074316399891,4.286394528394772,1.6094381124340804,8.159088654954033,5.252273433282232,2.079441666679828,True,False,False,False,False,False
6112.369742419302,0,0,0,1,0,0,1,0.0,-8.02539285776425,4.025351708592292,9.999994999180668e-07,2.890371813451719,9.2231297982103,4.025351708592292,8.028455164440302,-13.815510557964274,0.6931476805598203,-13.815510557964274,-13.815510557964274,1.0986126220013874,False,False,False,True,False,False
10412.863802559415,1,0,0,0,1,0,0,0.03784663163896153,-7.688557553728022,12.178501017554503,9.999994999180668e-07,3.555348090060842,10.092953778978782,12.178501017554503,7.69074316399891,4.416529880193589,1.0986126220013874,9.041448235612288,7.203405521827142,1.7917596358947079,True,False,False,False,False,False
10412.863802559415,0,0,0,0,1,0,0,0.0,-7.688557553728022,5.23110862220218,9.999994999180668e-07,1.6094381124340804,9.84741294036413,5.23110862220218,7.69074316399891,-13.815510557964274,9.999994999180668e-07,-13.815510557964274,-13.815510557964274,9.999994999180668e-07,True,False,False,False,False,False
4092.5737704918033,0,0,1,0,0,0,0,0.11250401800064287,-5.720006823110456,9.101975347409503,0.6931476805598203,3.610917939671251,9.911230783913622,8.408828166961003,6.413458958806701,4.228692629324608,9.999994999180668e-07,5.87773578458076,2.48490673312133,1.0986126220013874,False,False,True,False,False,False
10412.863802559415,0,0,0,0,0,0,0,0.0,-7.688557553728022,4.394449167018117,9.999994999180668e-07,3.09104249881286,7.95171390561302,4.394449167018117,7.69074316399891,-13.815510557964274,9.999994999180668e-07,-13.815510557964274,-13.815510557964274,1.0986126220013874,True,False,False,False,False,False
41763.20315581854,1,0,0,1,1,0,0,0.0,-5.689218796583907,9.290721484015272,2.48490673312133,3.4339872367432105,10.229397610889142,6.8058148352423125,8.174421152928266,-13.815510557964274,1.3862946111198593,-13.815510557964274,-13.815510557964274,1.6094381124340804,False,False,False,False,False,True
41763.20315581854,1,0,0,0,1,0,0,0.021851513217290296,-4.916188123940292,9.025816391747293,3.2580965764830196,2.1972246884473243,9.93954340428779,5.767719856732425,8.174421152928266,4.350936060498587,1.3862946111198593,5.501258214626359,1.0986126220013874,0.6931476805598203,False,False,False,False,False,True
10412.863802559415,1,1,0,0,1,0,1,0.035165547215338495,-7.688557553728022,11.014571742716019,9.999994999180668e-07,3.13549425940741,9.985847574356027,11.014571742716019,7.69074316399891,4.34305472855865,1.3862946111198593,8.19340023222857,5.814130534810141,1.0986126220013874,True,False,False,False,False,False
41763.20315581854,0,1,1,1,0,0,0,0.022464539724045593,-5.689218796583907,10.405867612748843,2.48490673312133,2.079441666679828,10.47401280025783,7.920960963293641,8.174421152928266,4.378603939939237,1.3862946111198593,6.777646594774069,4.025351708592292,9.999994999180668e-07,False,False,False,False,False,True
10412.863802559415,0,1,0,1,0,0,0,0.0345866890656653,-7.688557553728022,7.441320390304128,9.999994999180668e-07,3.688879479113936,10.354597184706266,7.441320390304128,7.69074316399891,4.326456796733356,1.0986126220013874,4.304065106717683,2.079441666679828,1.7917596358947079,True,False,False,False,False,False
41763.20315581854,1,1,1,1,0,0,0,0.021308819385742462,-4.262327169737311,8.854236693548518,3.912023025428146,2.6390574010438272,10.264332361070922,4.942213695116374,8.174421152928266,4.325786929574146,1.7917596358947079,5.075173821483827,2.48490673312133,0.6931476805598203,False,False,False,False,False,True
41763.20315581854,0,1,1,0,0,0,0,0.022942242420012356,-5.609198832442679,9.934986219643948,2.5649494343846104,3.2958369030413657,10.574314416508612,7.370036862763807,8.174421152928266,4.399645744396163,1.0986126220013874,-13.815510557964274,-13.815510557964274,1.3862946111198593,False,False,False,False,False,True
1266.400447427293,0,0,0,0,0,0,0,0.15791551519936836,-6.102111694488308,6.347389211407323,9.999994999180668e-07,3.1780538720146114,8.024016164881164,6.347389211407323,6.102558596850705,4.2568635058865425,9.999994999180668e-07,-13.815510557964274,-13.815510557964274,1.3862946111198593,False,True,False,False,False,False
41763.20315581854,0,0,1,1,0,0,0,0.02012639375276738,-4.436667037933052,8.228443883270986,3.7376696420928917,2.6390574010438272,10.306109900409174,4.490774275932625,8.174421152928266,4.268697963366878,1.0986126220013874,4.836281914887986,2.079441666679828,0.6931476805598203,False,False,False,False,False,True
41763.20315581854,0,0,0,1,0,0,0,0.022639284533459723,-4.916188123940292,9.446360661183048,3.2580965764830196,2.1972246884473243,9.989733166905676,6.188264125135978,8.174421152928266,4.386352537067047,1.0986126220013874,6.251903885092671,3.4339872367432105,0.6931476805598203,False,False,False,False,False,True
6112.369742419302,1,0,0,0,1,0,1,0.026645070136135273,-6.928821064339634,8.04750951130132,1.0986126220013874,2.833213402879744,10.273050110601128,6.948897223273005,8.028455164440302,4.403304045358008,1.6094381124340804,4.532599503905944,9.999994999180668e-07,0.6931476805598203,False,False,False,True,False,False
7640.563613231552,0,1,1,1,0,0,0,0.044994724756407874,-7.358533207287776,8.095598701683068,9.999994999180668e-07,3.2958369030413657,10.644087963342379,8.095598701683068,7.360103973625284,4.258893963408188,1.3862946111198593,-13.815510557964274,-13.815510557964274,1.0986126220013874,False,False,False,False,True,False
41763.20315581854,1,1,1,1,0,0,0,0.02245251420455449,-5.609198832442679,9.357207447872076,2.5649494343846104,3.401197414995488,10.305178970230171,6.792258091446629,8.174421152928266,4.378068485425827,1.6094381124340804,6.093569772302472,2.3025851929940404,1.6094381124340804,False,False,False,False,False,True
41763.20315581854,0,0,1,0,0,0,0,0.0070442378134685825,-5.609198832442679,5.613128110037705,2.5649494343846104,3.332204545889489,9.911230783913622,3.0481787963717877,8.174421152928266,3.2188758648682,9.999994999180668e-07,1.3862946111198593,-13.815510557964274,1.6094381124340804,False,False,False,False,False,True
10412.863802559415,0,0,1,1,0,0,0,0.03905317187196005,-7.688557553728022,11.401144381520663,9.999994999180668e-07,2.772588784739779,10.282993089908064,11.401144381520663,7.69074316399891,4.447911995164231,0.6931476805598203,8.078067882125708,6.236369592160652,0.6931476805598203,True,False,False,False,False,False
6112.369742419302,0,0,0,0,0,0,1,0.021736767742636668,-7.3337756581647415,7.717351272630367,0.6931476805598203,4.174387285280252,7.868225738407096,7.024204092515459,8.028455164440302,4.199705092879927,9.999994999180668e-07,4.094344578888768,0.6931476805598203,2.3025851929940404,False,False,False,True,False,False
6112.369742419302,0,0,0,0,0,0,1,0.02577884548931683,-8.02539285776425,9.773948181238058,9.999994999180668e-07,3.5263605540279257,10.724354308100134,9.773948181238058,8.028455164440302,4.37025411109664,1.0986126220013874,6.645090970806034,4.025351708592292,1.7917596358947079,False,False,False,True,False,False
7640.563613231552,1,1,0,0,0,0,0,0.043690406285826135,-6.666171101165439,8.867145589735088,0.6931476805598203,3.688879479113936,10.619077720275929,8.173998409316086,7.360103973625284,4.229477250773597,1.3862946111198593,5.897153870383994,2.944439031798018,1.7917596358947079,False,False,False,False,True,False
10412.863802559415,0,0,0,1,0,0,0,0.034277879341864714,-7.688557553728022,7.241366284038651,9.999994999180668e-07,3.13549425940741,9.698925101727287,7.241366284038651,7.69074316399891,4.317488126869644,0.6931476805598203,3.1780538720146114,0.6931476805598203,1.6094381124340804,True,False,False,False,False,False
7640.563613231552,0,1,1,0,0,0,1,0.04887520442353894,-7.358533207287776,10.855454260882052,9.999994999180668e-07,4.077537460854872,10.532032709114015,10.855454260882052,7.360103973625284,4.34161890789804,1.6094381124340804,7.960672608737036,5.659482219243942,2.3025851929940404,False,False,False,False,True,False
41763.20315581854,0,0,1,1,0,0,0,0.023789504328885266,-5.609198832442679,12.314900144255175,2.5649494343846104,4.025351708592292,10.540130875347494,9.749950786847451,8.174421152928266,4.435910374334705,1.3862946111198593,-13.815510557964274,-13.815510557964274,2.1972246884473243,False,False,False,False,False,True
10412.863802559415,0,1,1,1,0,1,0,0.036655233026741986,-7.688557553728022,10.634580595534896,9.999994999180668e-07,3.6635616717706716,10.771969173675496,10.634580595534896,7.69074316399891,4.384544098981206,1.6094381124340804,7.687997166851312,5.613128110037705,1.945910291912446,True,False,False,False,False,False
7640.563613231552,0,0,1,0,0,0,0,0.047228005243272426,-5.9734166890735345,8.28928832325151,1.3862946111198593,3.2580965764830196,10.047459536662963,6.9029939628851995,7.360103973625284,4.30733575554168,1.0986126220013874,-13.815510557964274,-13.815510557964274,1.0986126220013874,False,False,False,False,True,False
6112.369742419302,0,0,0,0,0,0,1,0.016302575806977502,-6.928821064339634,6.111467341719973,1.0986126220013874,1.945910291912446,7.868225738407096,5.012855057486453,8.028455164440302,3.912023025428146,9.999994999180668e-07,2.079441666679828,-13.815510557964274,9.999994999180668e-07,False,False,False,True,False,False
10412.863802559415,0,0,0,1,1,0,0,0.03656307129798903,-7.688557553728022,5.834810739986581,9.999994999180668e-07,3.610917939671251,9.850107960732718,5.834810739986581,7.69074316399891,4.382026647173881,1.0986126220013874,-13.815510557964274,-13.815510557964274,1.7917596358947079,True,False,False,False,False,False
41763.20315581854,0,1,1,0,0,1,0,0.022375814231017848,-4.955403377853663,7.233455419343461,3.2188758648682,2.944439031798018,10.70989746289763,4.0145796118037795,8.174421152928266,4.374646539968851,1.7917596358947079,3.5263605540279257,1.3862946111198593,1.0986126220013874,False,False,False,False,False,True
6112.369742419302,0,0,0,0,0,0,0,0.027358345607111673,-8.02539285776425,7.993957547911061,9.999994999180668e-07,3.465735934049726,10.427762476915545,7.993957547911061,8.028455164440302,4.429721520399707,9.999994999180668e-07,4.465908130148836,1.3862946111198593,1.3862946111198593,False,False,False,True,False,False
7640.563613231552,0,1,0,0,0,0,1,0.0,-5.568082538077103,3.7841896566455335,1.7917596358947079,2.5649494343846104,9.42689138105721,1.9924303010538331,7.360103973625284,-13.815510557964274,1.0986126220013874,-13.815510557964274,-13.815510557964274,1.0986126220013874,False,False,False,False,True,False
6112.369742419302,0,0,0,0,0,1,0,0.022572797271199617,-8.02539285776425,8.880029117607583,9.999994999180668e-07,4.465908130148836,10.656791170783452,8.880029117607583,8.028455164440302,4.2374454203072185,0.6931476805598203,5.823045898441599,3.2188758648682,2.7080502677688743,False,False,False,True,False,False
6112.369742419302,0,1,1,1,0,0,0,0.02169100612633638,-8.02539285776425,9.283962511939698,9.999994999180668e-07,2.833213402879744,10.611221676724167,9.283962511939698,8.028455164440302,4.197597610572008,1.945910291912446,6.163314806139905,3.332204545889489,0.6931476805598203,False,False,False,True,False,False
6112.369742419302,0,0,0,0,0,0,1,0.032605151613955004,-8.02539285776425,5.662960483608168,9.999994999180668e-07,2.772588784739779,7.868225738407096,5.662960483608168,8.028455164440302,4.605170195988091,9.999994999180668e-07,1.3862946111198593,-13.815510557964274,0.6931476805598203,False,False,False,True,False,False
7640.563613231552,0,0,0,0,0,0,1,0.046683903800377576,-5.568082538077103,9.826822467654626,1.7917596358947079,3.4339872367432105,10.418969094545803,8.035062998696493,7.360103973625284,4.295748140526278,0.6931476805598203,6.899723108292937,4.1108738805667535,1.3862946111198593,False,False,False,False,True,False
10412.863802559415,0,0,1,0,0,0,1,0.0,-7.688557553728022,4.394449167018117,9.999994999180668e-07,3.610917939671251,9.490650164719158,4.394449167018117,7.69074316399891,-13.815510557964274,1.0986126220013874,-13.815510557964274,-13.815510557964274,1.945910291912446,True,False,False,False,False,False
7640.563613231552,1,1,1,0,0,0,0,0.03933076144354155,-7.358533207287776,8.685077700581513,9.999994999180668e-07,3.988984065082793,10.152848395446561,8.685077700581513,7.360103973625284,4.124355656812053,1.3862946111198593,-13.815510557964274,-13.815510557964274,2.079441666679828,False,False,False,False,True,False
41763.20315581854,0,1,1,1,0,0,1,0.012523089446166369,-5.609198832442679,6.43454652039259,2.5649494343846104,2.890371813451719,9.834340911630662,3.8695971821926896,8.174421152928266,3.7942399922717622,1.3862946111198593,2.1972246884473243,9.999994999180668e-07,1.0986126220013874,False,False,False,False,False,True
7640.563613231552,1,1,1,0,0,0,1,0.04918475556882311,-6.260967821561102,10.153973860280967,1.0986126220013874,3.1780538720146114,10.357704384844176,9.0553615716907,7.360103973625284,4.347932436264431,1.7917596358947079,-13.815510557964274,-13.815510557964274,1.6094381124340804,False,False,False,False,True,False
41763.20315581854,0,0,1,1,0,1,1,0.022562746680733957,-5.689218796583907,11.432279241895403,2.48490673312133,3.555348090060842,10.724041313140885,8.94737259222664,8.174421152928266,4.38296605540408,1.945910291912446,-13.815510557964274,-13.815510557964274,1.945910291912446,False,False,False,False,False,True
41763.20315581854,0,0,1,0,0,0,0,0.02357582617434967,-5.609198832442679,12.863716993050055,2.5649494343846104,1.6094381124340804,10.179544904826654,10.298767635619601,8.174421152928266,4.426887758032585,1.3862946111198593,9.614003858204505,7.6458758256628245,9.999994999180668e-07,False,False,False,False,False,True
10412.863802559415,1,1,0,1,0,0,1,0.029969730572122155,-7.688557553728022,7.582229194785885,9.999994999180668e-07,4.025351708592292,9.994254497696677,7.582229194785885,7.69074316399891,4.183175791178717,1.3862946111198593,-13.815510557964274,-13.815510557964274,2.3025851929940404,True,False,False,False,False,False
6112.369742419302,0,0,0,0,0,0,1,0.024453863710466255,-8.02539285776425,7.11314210952142,9.999994999180668e-07,2.7080502677688743,7.868225738407096,7.11314210952142,8.028455164440302,4.317488126869644,9.999994999180668e-07,3.5835189662338873,-13.815510557964274,0.6931476805598203,False,False,False,True,False,False
41763.20315581854,0,0,1,1,0,0,0,0.02263704237692128,-5.609198832442679,11.23211307546731,2.5649494343846104,2.944439031798018,10.724033718258093,8.667163718164678,8.174421152928266,4.386253493851072,1.0986126220013874,7.949091500183499,4.969813306520445,1.0986126220013874,False,False,False,False,False,True
41763.20315581854,1,0,0,0,0,0,0,0.023652185359091592,-4.916188123940292,9.19542975934193,3.2580965764830196,2.48490673312133,10.233739094970103,5.937333223858005,8.174421152928266,4.43012140043626,1.0986126220013874,4.919980933127395,2.3025851929940404,0.6931476805598203,False,False,False,False,False,True
10412.863802559415,0,0,1,0,0,0,1,0.007617306520414381,-7.688557553728022,6.43454652039259,9.999994999180668e-07,4.219507719881989,10.073828311242089,6.43454652039259,7.69074316399891,2.8134107767600347,1.3862946111198593,-13.815510557964274,-13.815510557964274,2.1972246884473243,True,False,False,False,False,False
1266.400447427293,0,0,0,0,0,0,0,0.1563955583661424,-6.102111694488308,8.82570677359486,9.999994999180668e-07,2.6390574010438272,8.024016164881164,8.82570677359486,6.102558596850705,4.2471917584502625,9.999994999180668e-07,-13.815510557964274,-13.815510557964274,0.6931476805598203,False,True,False,False,False,False
41763.20315581854,1,1,0,1,0,0,0,0.021734482499847788,-5.609198832442679,10.4182852770844,2.5649494343846104,3.688879479113936,10.468393408366197,7.853335919981436,8.174421152928266,4.34556594125502,1.3862946111198593,-13.815510557964274,-13.815510557964274,1.7917596358947079,False,False,False,False,False,True
41763.20315581854,1,1,1,0,0,0,1,0.022032295783152477,-5.689218796583907,11.432463502765959,2.48490673312133,2.7080502677688743,10.545972849738463,8.947556853097176,8.174421152928266,4.359175253510714,1.6094381124340804,-13.815510557964274,-13.815510557964274,1.0986126220013874,False,False,False,False,False,True
7640.563613231552,1,0,0,1,1,0,0,0.04240882103477523,-7.358533207287776,6.1569789877042,9.999994999180668e-07,3.912023025428146,10.247378408632077,6.1569789877042,7.360103973625284,4.199705092879927,1.6094381124340804,-13.815510557964274,-13.815510557964274,2.079441666679828,False,False,False,False,True,False
41763.20315581854,1,0,0,0,0,0,0,0.02261289505690674,-5.038772644273212,11.194784185047485,3.13549425940741,3.09104249881286,10.512179154790111,8.05928996942074,8.174421152928266,4.385186207424818,1.0986126220013874,7.770645234551118,5.1059454799611865,1.0986126220013874,False,False,False,False,False,True
6112.369742419302,1,1,1,0,0,1,0,0.025002156618772673,-6.928821064339634,9.054972284859295,1.0986126220013874,3.49650759176951,10.463263811376306,7.956359996424802,8.028455164440302,4.339661984071568,1.6094381124340804,6.1003189542622165,3.401197414995488,1.7917596358947079,False,False,False,True,False,False
7640.563613231552,0,0,1,0,0,0,0,0.0,-4.844363147449177,8.594154232737552,2.515613875923528,3.6375861860421748,10.35589094686968,6.078540439733647,7.360103973625284,-13.815510557964274,1.0986126220013874,-13.815510557964274,-13.815510557964274,1.6094381124340804,False,False,False,False,True,False
6112.369742419302,0,0,0,0,1,0,1,0.021561471228583148,-8.02539285776425,7.3277805390786614,9.999994999180668e-07,2.9957323235539897,9.399304501303536,7.3277805390786614,8.028455164440302,4.191607882769259,0.6931476805598203,4.127134401174124,1.0986126220013874,0.6931476805598203,False,False,False,True,False,False
4092.5737704918033,1,0,0,0,0,0,1,0.16393442622950818,-6.412849143141731,4.1588830989846715,9.999994999180668e-07,3.2188758648682,8.817967018114343,4.1588830989846715,6.413458958806701,4.605170195988091,0.6931476805598203,-13.815510557964274,-13.815510557964274,1.0986126220013874,False,False,True,False,False,False
41763.20315581854,0,0,1,0,0,0,0,0.0,-5.658520592276317,7.140453043893552,2.515613875923528,3.2188758648682,10.093202307287365,4.624839257796152,8.174421152928266,-13.815510557964274,0.6931476805598203,-13.815510557964274,-13.815510557964274,1.3862946111198593,False,False,False,False,False,True
6112.369742419302,0,1,0,0,0,1,0,0.024453863710466255,-8.02539285776425,6.0354814349171,9.999994999180668e-07,3.555348090060842,10.35582962138333,6.0354814349171,8.028455164440302,4.317488126869644,1.0986126220013874,2.48490673312133,-13.815510557964274,1.3862946111198593,False,False,False,True,False,False
41763.20315581854,0,0,0,0,0,0,1,0.014088475626937165,-2.602253626263201,4.553876902126857,5.572154035980046,2.772588784739779,5.85555732140996,-1.0182743721600034,8.174421152928266,3.912023025428146,9.999994999180668e-07,-13.815510557964274,-13.815510557964274,1.0986126220013874,False,False,False,False,False,True
7640.563613231552,0,0,1,0,0,0,0,0.03816793893129771,-6.666171101165439,6.51767127438938,0.6931476805598203,2.890371813451719,10.022211479799054,5.82452409530654,7.360103973625284,4.094344578888768,1.0986126220013874,-13.815510557964274,-13.815510557964274,1.0986126220013874,False,False,False,False,True,False
41763.20315581854,0,0,1,0,0,0,0,0.02247715654309061,-5.609198832442679,10.92237097318483,2.5649494343846104,3.332204545889489,10.275733098569818,8.357421615939892,8.174421152928266,4.379165414928666,1.0986126220013874,7.467371067488989,5.2257466790895455,1.3862946111198593,False,False,False,False,False,True
41763.20315581854,0,1,1,0,0,0,0,0.011270780501549732,-3.8568857202297417,5.521460921862246,4.317488126869644,2.3025851929940404,10.118270002685447,1.203973104325891,8.174421152928266,3.688879479113936,0.6931476805598203,1.6094381124340804,-13.815510557964274,9.999994999180668e-07,False,False,False,False,False,True
41763.20315581854,0,0,1,0,0,0,0,0.0,-4.955403377853663,3.6635616717706716,3.2188758648682,2.1972246884473243,9.911230783913622,0.44468646228688125,8.174421152928266,-13.815510557964274,9.999994999180668e-07,-13.815510557964274,-13.815510557964274,9.999994999180668e-07,False,False,False,False,False,True
1266.400447427293,0,0,0,0,0,0,0,0.22371364653243847,-6.102111694488308,4.644390908756757,9.999994999180668e-07,1.945910291912446,8.024016164881164,4.644390908756757,6.102558596850705,4.605170195988091,9.999994999180668e-07,-13.815510557964274,-13.815510557964274,9.999994999180668e-07,False,True,False,False,False,False
7640.563613231552,1,0,0,0,1,0,0,0.031806615776081425,-7.358533207287776,6.601230120087572,9.999994999180668e-07,3.988984065082793,9.975193602902497,6.601230120087572,7.360103973625284,3.912023025428146,1.3862946111198593,-13.815510557964274,-13.815510557964274,2.397895363707457,False,False,False,False,True,False
10412.863802559415,1,1,1,0,0,0,0,0.0,-7.688557553728022,9.920098818390501,9.999994999180668e-07,3.688879479113936,10.440504079124828,9.920098818390501,7.69074316399891,-13.815510557964274,1.945910291912446,-13.815510557964274,-13.815510557964274,1.7917596358947079,True,False,False,False,False,False
6112.369742419302,1,0,0,1,1,0,0,0.025105966742745355,-6.236184658820706,8.084562415543564,1.7917596358947079,3.465735934049726,10.325420973304977,6.292802947856817,8.028455164440302,4.3438054348406965,1.7917596358947079,4.605170195988091,1.0986126220013874,1.6094381124340804,False,False,False,True,False,False
41763.20315581854,1,0,0,0,1,0,0,0.023311651408131198,-4.996219458230981,12.35051492238454,3.1780538720146114,3.13549425940741,10.458870934681539,9.172461092136126,8.174421152928266,4.415619181769344,1.0986126220013874,8.929567707957752,6.669498091126915,1.3862946111198593,False,False,False,False,False,True
6112.369742419302,0,0,1,1,0,0,1,0.026084121291164004,-6.928821064339634,8.832003931402257,1.0986126220013874,2.6390574010438272,10.466228040953814,7.733391643026118,8.028455164440302,4.382026647173881,1.7917596358947079,-13.815510557964274,-13.815510557964274,1.0986126220013874,False,False,False,True,False,False
6112.369742419302,0,0,0,1,0,1,0,0.021736767742636668,-8.02539285776425,5.3423342567495,9.999994999180668e-07,3.2958369030413657,10.531647580108189,5.3423342567495,8.028455164440302,4.199705092879927,0.6931476805598203,-13.815510557964274,-13.815510557964274,1.3862946111198593,False,False,False,True,False,False
6112.369742419302,0,0,0,0,0,0,1,0.024517051988787873,-7.3337756581647415,8.217708407115138,0.6931476805598203,2.079441666679828,7.868225738407096,7.524561226825025,8.028455164440302,4.320068773428771,9.999994999180668e-07,4.85981241211361,2.079441666679828,9.999994999180668e-07,False,False,False,True,False,False
6112.369742419302,0,0,1,0,1,0,0,0.0,-8.02539285776425,6.56948142181682,9.999994999180668e-07,3.0445224853424695,9.838769712522822,6.56948142181682,8.028455164440302,-13.815510557964274,0.6931476805598203,-13.815510557964274,-13.815510557964274,1.0986126220013874,False,False,False,True,False,False
10412.863802559415,1,0,0,0,0,0,0,0.024196150123669213,-7.688557553728022,6.428105274300105,9.999994999180668e-07,2.6390574010438272,10.42321605584098,6.428105274300105,7.69074316399891,3.9691814381569834,9.999994999180668e-07,2.833213402879744,-13.815510557964274,1.0986126220013874,True,False,False,False,False,False
10412.863802559415,0,0,1,0,0,0,0,0.020312817387771683,-7.688557553728022,5.883322391273794,9.999994999180668e-07,2.833213402879744,9.911230783913622,5.883322391273794,7.69074316399891,3.7942399922717622,9.999994999180668e-07,2.1972246884473243,-13.815510557964274,1.0986126220013874,True,False,False,False,False,False
4092.5737704918033,0,0,1,0,0,0,0,0.0,-6.412849143141731,3.8066625119925415,9.999994999180668e-07,1.945910291912446,7.751200744040292,3.8066625119925415,6.413458958806701,-13.815510557964274,9.999994999180668e-07,-13.815510557964274,-13.815510557964274,0.6931476805598203,False,False,True,False,False,False
10412.863802559415,1,0,0,0,0,0,0,0.022851919561243144,-7.688557553728022,6.104793234647128,9.999994999180668e-07,3.2958369030413657,10.42321605584098,6.104793234647128,7.69074316399891,3.912023025428146,9.999994999180668e-07,2.6390574010438272,-13.815510557964274,1.6094381124340804,True,False,False,False,False,False
4092.5737704918033,0,0,1,0,0,0,0,0.13278014513701142,-2.4622035078855036,11.88378532559792,3.9512437378121965,2.944439031798018,9.876117148624875,7.9325416073684645,6.413458958806701,4.394398406885742,1.0986126220013874,8.384347278311223,6.5102583420112445,1.0986126220013874,False,False,True,False,False,False
10412.863802559415,0,1,0,0,0,0,1,0.03395142334813268,-7.688557553728022,6.830874235726093,9.999994999180668e-07,3.610917939671251,8.337517314425417,6.830874235726093,7.69074316399891,4.307918675981698,0.6931476805598203,3.555348090060842,1.0986126220013874,1.7917596358947079,True,False,False,False,False,False
6112.369742419302,0,0,0,0,0,1,0,0.023548165054523056,-8.02539285776425,6.931471806576016,9.999994999180668e-07,3.465735934049726,10.553902493791007,6.931471806576016,8.028455164440302,4.279747799399617,0.6931476805598203,2.890371813451719,-13.815510557964274,1.6094381124340804,False,False,False,True,False,False
4092.5737704918033,0,1,1,0,0,0,0,0.0,-3.928501475337993,4.143134742264548,2.48490673312133,3.2958369030413657,10.118270002685447,1.6582282670797048,6.413458958806701,-13.815510557964274,0.6931476805598203,-13.815510557964274,-13.815510557964274,1.0986126220013874,False,False,True,False,False,False
41763.20315581854,1,0,0,1,0,1,0,0.023392185946612652,-4.916188123940292,11.097955326862902,3.2580965764830196,1.3862946111198593,10.63393623412378,7.839858789220002,8.174421152928266,4.419067918399685,1.0986126220013874,7.607878073775032,5.117993818404779,9.999994999180668e-07,False,False,False,False,False,True
41763.20315581854,1,0,1,0,0,0,1,0.014088475626937165,-2.9014033942483675,4.615120526742249,5.272999563691952,2.772588784739779,9.562989436612362,-0.6578771110312817,8.174421152928266,3.912023025428146,1.0986126220013874,-13.815510557964274,-13.815510557964274,0.6931476805598203,False,False,False,False,False,True
6112.369742419302,0,0,0,0,0,0,1,0.022921332742235404,-7.3337756581647415,9.570947574512246,0.6931476805598203,2.944439031798018,7.868225738407096,8.877800394022026,8.028455164440302,4.252767937079945,9.999994999180668e-07,-13.815510557964274,-13.815510557964274,1.0986126220013874,False,False,False,True,False,False
41763.20315581854,0,1,0,0,0,1,0,0.02305114416407379,-5.609198832442679,10.412561643293365,2.5649494343846104,2.397895363707457,10.360458524463619,7.84761228619246,8.174421152928266,4.404381292453353,1.0986126220013874,-13.815510557964274,-13.815510557964274,0.6931476805598203,False,False,False,False,False,True
7640.563613231552,0,0,1,0,0,0,0,0.03635041802980734,-7.358533207287776,6.049733457590448,9.999994999180668e-07,3.2958369030413657,10.35589094686968,6.049733457590448,7.360103973625284,4.045554415552669,1.0986126220013874,-13.815510557964274,-13.815510557964274,1.6094381124340804,False,False,False,False,True,False
6112.369742419302,0,0,0,0,0,0,1,0.02142624248917043,-7.3337756581647415,6.955592609349586,0.6931476805598203,2.833213402879744,7.868225738407096,6.26244542974293,8.028455164440302,4.185316355645218,9.999994999180668e-07,3.555348090060842,-13.815510557964274,1.0986126220013874,False,False,False,True,False,False
7640.563613231552,0,1,1,0,0,0,0,0.045710106504548154,-5.413969277717656,9.661607055948636,1.945910291912446,3.4339872367432105,10.261107027802101,7.715696907275415,7.360103973625284,4.274668130270049,0.6931476805598203,-13.815510557964274,-13.815510557964274,1.6094381124340804,False,False,False,False,True,False
41763.20315581854,1,1,0,0,0,0,0,0.022543332581298387,-5.689218796583907,11.553990629931755,2.48490673312133,2.48490673312133,10.330473048014321,9.06908398024933,8.174421152928266,4.382105235722588,1.0986126220013874,-13.815510557964274,-13.815510557964274,0.6931476805598203,False,False,False,False,False,True
7640.563613231552,0,0,0,0,0,0,0,0.04580152671755725,-7.358533207287776,6.760414692242176,9.999994999180668e-07,4.2341065190900125,8.024016164881164,6.760414692242176,7.360103973625284,4.2766661329049445,9.999994999180668e-07,-13.815510557964274,-13.815510557964274,2.48490673312133,False,False,False,False,True,False
7640.563613231552,0,0,1,0,0,0,0,0.04409929397030354,-5.413969277717656,9.920197166148247,1.945910291912446,3.761200138949376,9.911230783913622,7.9742870173879625,7.360103973625284,4.238792481012974,9.999994999180668e-07,-13.815510557964274,-13.815510557964274,1.945910291912446,False,False,False,False,True,False
41763.20315581854,1,1,0,0,0,0,0,0.02413264454188721,-4.916188123940292,12.155815656103629,3.2580965764830196,3.367295864469232,10.67854744117349,8.89771911821359,8.174421152928266,4.45023135457446,1.6094381124340804,-13.815510557964274,-13.815510557964274,1.7917596358947079,False,False,False,False,False,True
10412.863802559415,0,1,0,1,0,1,1,0.038182954203596145,-7.688557553728022,8.956093075739588,9.999994999180668e-07,3.09104249881286,10.082450183003392,8.956093075739588,7.69074316399891,4.425377087517193,1.6094381124340804,5.062595039356081,2.6390574010438272,1.3862946111198593,True,False,False,False,False,False
41763.20315581854,0,0,0,0,0,0,1,0.0,-5.609198832442679,4.290459454847021,2.5649494343846104,3.761200138949376,5.85555732140996,1.7255102617690303,8.174421152928266,-13.815510557964274,9.999994999180668e-07,-13.815510557964274,-13.815510557964274,2.079441666679828,False,False,False,False,False,True
41763.20315581854,0,1,0,0,0,0,1,0.02035002035002035,-4.916188123940292,5.68697535972965,3.2580965764830196,2.9957323235539897,8.337517314425417,2.428878906453927,8.174421152928266,4.279747799399617,0.6931476805598203,2.890371813451719,9.999994999180668e-07,1.0986126220013874,False,False,False,False,False,True
1266.400447427293,0,0,0,0,0,0,0,0.15633001805881244,-6.102111694488308,7.334329350953278,9.999994999180668e-07,2.5649494343846104,8.024016164881164,7.334329350953278,6.102558596850705,4.2467726030482575,9.999994999180668e-07,4.418840619844791,1.0986126220013874,0.6931476805598203,False,True,False,False,False,False
6112.369742419302,0,0,1,1,0,0,0,0.0,-8.02539285776425,4.1588830989846715,9.999994999180668e-07,2.944439031798018,9.95997428166519,4.1588830989846715,8.028455164440302,-13.815510557964274,1.0986126220013874,-13.815510557964274,-13.815510557964274,1.3862946111198593,False,False,False,True,False,False
6112.369742419302,0,0,0,0,0,0,0,0.0,-8.02539285776425,4.605170195988091,9.999994999180668e-07,4.007333203414289,7.95171390561302,4.605170195988091,8.028455164440302,-13.815510557964274,9.999994999180668e-07,-13.815510557964274,-13.815510557964274,1.7917596358947079,False,False,False,True,False,False
10412.863802559415,1,1,0,0,0,0,0,0.03211621127526064,-7.688557553728022,8.56082722862776,9.999994999180668e-07,3.688879479113936,10.577494770472427,8.56082722862776,7.69074316399891,4.252348825596118,1.6094381124340804,5.22035583048373,2.3025851929940404,1.7917596358947079,True,False,False,False,False,False
6112.369742419302,0,1,1,0,0,0,1,0.02535956236640945,-8.02539285776425,7.674617497828831,9.999994999180668e-07,2.48490673312133,10.088959973434337,7.674617497828831,8.028455164440302,4.353855770564328,1.7917596358947079,4.682131236383479,1.7917596358947079,0.6931476805598203,False,False,False,True,False,False
41763.20315581854,1,1,0,0,0,0,0,0.024390207540390688,-4.916188123940292,11.579536836278086,3.2580965764830196,2.890371813451719,10.24802809574475,8.321440298490494,8.174421152928266,4.460847606649663,1.3862946111198593,7.949797216514586,5.953243336885187,1.0986126220013874,False,False,False,False,False,True
7640.563613231552,1,0,0,0,1,0,0,0.041292799428596934,-7.358533207287776,7.383368147613887,9.999994999180668e-07,2.3025851929940404,10.14583024173724,7.383368147613887,7.360103973625284,4.173036846203171,0.6931476805598203,4.04305128537841,1.3862946111198593,0.6931476805598203,False,False,False,False,True,False
41763.20315581854,1,0,0,0,0,0,0,0.022813775951233507,-5.689218796583907,11.316971406457142,2.48490673312133,2.079441666679828,10.421822778301157,8.832064756802954,8.174421152928266,4.394030447902643,1.7917596358947079,8.04750951130132,4.912654893088993,0.6931476805598203,False,False,False,False,False,True
41763.20315581854,1,1,0,0,0,0,0,0.02275779340969007,-4.955403377853663,11.170252040681397,3.2188758648682,2.397895363707457,10.376245031953513,7.951376216151286,8.174421152928266,4.391573540238619,1.3862946111198593,7.65491704832203,5.497168229391563,9.999994999180668e-07,False,False,False,False,False,True
10412.863802559415,0,0,0,0,0,1,0,0.027422303473491772,-7.688557553728022,5.786897384434193,9.999994999180668e-07,4.3438054348406965,8.948356176850556,5.786897384434193,7.69074316399891,4.094344578888768,0.6931476805598203,-13.815510557964274,-13.815510557964274,2.48490673312133,True,False,False,False,False,False
7640.563613231552,0,0,1,0,0,0,0,0.04493093153684337,-7.358533207287776,9.923143110243597,9.999994999180668e-07,3.688879479113936,10.25355015412877,9.923143110243597,7.360103973625284,4.2574751641023445,1.3862946111198593,-13.815510557964274,-13.815510557964274,1.945910291912446,False,False,False,False,True,False
41763.20315581854,1,0,0,0,1,0,0,0.021132713440405747,-4.955403377853663,5.463831809262898,3.2188758648682,3.332204545889489,10.225180538424821,2.244956086089607,8.174421152928266,4.317488126869644,0.6931476805598203,1.3862946111198593,-13.815510557964274,1.3862946111198593,False,False,False,False,False,True
41763.20315581854,0,0,1,0,0,0,0,0.02295019807018769,-4.2231091863939945,9.50814602767306,3.9512437378121965,3.2580965764830196,10.083350494435976,5.556902312878105,8.174421152928266,4.3999924529203716,1.3862946111198593,6.385194400684066,4.2766661329049445,1.3862946111198593,False,False,False,False,False,True
6112.369742419302,0,0,1,0,1,0,1,0.02794727281196143,-6.928821064339634,7.706612914414039,1.0986126220013874,3.1780538720146114,10.269089952633225,6.608000626645614,8.028455164440302,4.4510195178275,1.945910291912446,4.143134742264548,0.6931476805598203,1.3862946111198593,False,False,False,True,False,False
6112.369742419302,1,0,0,0,1,0,0,0.02328939400996786,-8.02539285776425,6.530877629183611,9.999994999180668e-07,2.9957323235539897,10.092953778978782,6.530877629183611,8.028455164440302,4.268697963366878,1.0986126220013874,3.0445224853424695,-13.815510557964274,1.0986126220013874,False,False,False,True,False,False
7640.563613231552,0,0,1,1,0,0,0,0.06361323155216285,-7.358533207287776,6.091309884340141,9.999994999180668e-07,2.5649494343846104,9.975014888772993,6.091309884340141,7.360103973625284,4.605170195988091,0.6931476805598203,-13.815510557964274,-13.815510557964274,0.6931476805598203,False,False,False,False,True,False
41763.20315581854,0,0,1,0,0,0,0,0.02817695125387433,-5.609198832442679,4.442651268255022,2.5649494343846104,3.4339872367432105,10.093202307287365,1.8777020519699446,8.174421152928266,4.605170195988091,0.6931476805598203,-13.815510557964274,-13.815510557964274,1.3862946111198593,False,False,False,False,False,True
6112.369742419302,1,0,1,0,1,0,0,0.023992470055551798,-5.725563418143037,7.931284761885215,2.3025851929940404,2.6390574010438272,9.931163742550385,5.62869967212509,8.028455164440302,4.298439932155359,1.3862946111198593,4.663439103546029,1.0986126220013874,1.0986126220013874,False,False,False,True,False,False
7640.563613231552,1,1,0,0,0,0,0,0.034987277353689575,-7.358533207287776,7.0664669709902,9.999994999180668e-07,4.007333203414289,10.436971844070937,7.0664669709902,7.360103973625284,4.007333203414289,1.3862946111198593,-13.815510557964274,-13.815510557964274,2.079441666679828,False,False,False,False,True,False
10412.863802559415,0,1,0,0,0,0,0,0.04570383912248629,-7.688557553728022,3.688879479113936,9.999994999180668e-07,2.3025851929940404,9.366660561908963,3.688879479113936,7.69074316399891,4.605170195988091,0.6931476805598203,-13.815510557964274,-13.815510557964274,0.6931476805598203,True,False,False,False,False,False
6112.369742419302,0,0,0,0,0,0,1,0.024024848557651052,-8.02539285776425,7.984462732602912,9.999994999180668e-07,4.262679891125822,7.868225738407096,7.984462732602912,8.028455164440302,4.299788550008338,9.999994999180668e-07,-13.815510557964274,-13.815510557964274,2.397895363707457,False,False,False,True,False,False
6112.369742419302,0,0,0,0,0,0,1,0.02260623845234214,-5.725563418143037,8.709630082116274,2.3025851929940404,2.5649494343846104,7.868225738407096,6.407044990607132,8.028455164440302,4.238925805456285,9.999994999180668e-07,5.416100406648865,2.079441666679828,0.6931476805598203,False,False,False,True,False,False
41763.20315581854,1,1,0,0,0,0,0,0.0,-4.916188123940292,5.017279843437441,3.2580965764830196,2.6390574010438272,10.416933506292057,1.7591834709788579,8.174421152928266,-13.815510557964274,1.7917596358947079,-13.815510557964274,-13.815510557964274,0.6931476805598203,False,False,False,False,False,True
10412.863802559415,0,1,0,0,0,0,0,0.030469226081657523,-7.688557553728022,4.912654893088993,9.999994999180668e-07,2.6390574010438272,8.71511678782035,4.912654893088993,7.69074316399891,4.199705092879927,9.999994999180668e-07,-13.815510557964274,-13.815510557964274,0.6931476805598203,True,False,False,False,False,False
41763.20315581854,0,0,1,1,0,0,0,0.0213109298431433,-5.689218796583907,10.332766838776097,2.48490673312133,3.7135720910945516,10.303057612292795,7.847860189346134,8.174421152928266,4.325885966166939,1.7917596358947079,7.314552832989859,4.7095302103213434,2.1972246884473243,False,False,False,False,False,True
41763.20315581854,0,0,1,1,0,0,0,0.01844309536617229,-4.413138505475029,7.313886832299684,3.761200138949376,2.772588784739779,10.043358550920436,3.5526867445874672,8.174421152928266,4.181355954489508,1.0986126220013874,4.007333203414289,1.945910291912446,0.6931476805598203,False,False,False,False,False,True
7640.563613231552,1,0,0,0,1,0,0,0.031806615776081425,-6.666171101165439,4.7095302103213434,0.6931476805598203,3.7376696420928917,9.723818703857418,4.016383038770407,7.360103973625284,3.912023025428146,1.0986126220013874,-13.815510557964274,-13.815510557964274,1.6094381124340804,False,False,False,False,True,False
6112.369742419302,0,0,0,0,0,0,1,0.0,-7.3337756581647415,4.189654757177941,0.6931476805598203,3.0445224853424695,7.868225738407096,3.49650759176951,8.028455164440302,-13.815510557964274,9.999994999180668e-07,-13.815510557964274,-13.815510557964274,1.0986126220013874,False,False,False,True,False,False
6112.369742419302,1,1,0,0,1,0,0,0.025333499095734825,-5.463269911401264,8.434463544034491,2.5649494343846104,2.772588784739779,10.336218308376202,5.86951418917995,8.028455164440302,4.35282749285199,1.945910291912446,4.934473940324937,1.7917596358947079,1.0986126220013874,False,False,False,True,False,False
10412.863802559415,0,1,0,0,0,0,0,0.011425959780621572,-7.688557553728022,5.680172612430036,9.999994999180668e-07,1.7917596358947079,6.186894261910878,5.680172612430036,7.69074316399891,3.2188758648682,9.999994999180668e-07,-13.815510557964274,-13.815510557964274,9.999994999180668e-07,True,False,False,False,False,False
41763.20315581854,0,1,1,0,0,0,1,0.02012639375276738,-5.87148122261456,6.602587893546189,2.3025851929940404,2.772588784739779,9.757396691627354,4.300002812763812,8.174421152928266,4.268697963366878,1.0986126220013874,-13.815510557964274,-13.815510557964274,0.6931476805598203,False,False,False,False,False,True
7640.563613231552,0,0,1,0,0,0,0,0.044746949951141174,-5.413969277717656,9.40886330819014,1.945910291912446,3.7841896566455335,10.155971798316775,7.462953159626791,7.360103973625284,4.253371993104868,1.0986126220013874,-13.815510557964274,-13.815510557964274,1.6094381124340804,False,False,False,False,True,False
41763.20315581854,1,0,1,0,1,0,0,0.021035685371349706,-4.242525934108025,9.107753783311885,3.9318256523321686,2.833213402879744,10.297359553500156,5.175928156127726,8.174421152928266,4.312886185997775,1.945910291912446,5.894402837019672,2.890371813451719,0.6931476805598203,False,False,False,False,False,True
10412.863802559415,0,1,1,0,0,0,1,0.025391021734714605,-7.688557553728022,5.857933157340602,9.999994999180668e-07,3.2188758648682,9.757396691627354,5.857933157340602,7.69074316399891,4.017383539085972,1.0986126220013874,-13.815510557964274,-13.815510557964274,0.6931476805598203,True,False,False,False,False,False
4092.5737704918033,0,0,1,0,0,0,1,0.13938809502936791,-3.84846267772975,9.143238568542387,2.5649494343846104,3.0445224853424695,9.324406699842474,6.578289212364136,6.413458958806701,4.442965783114742,0.6931476805598203,5.9242558000883285,2.944439031798018,0.6931476805598203,False,False,True,False,False,False
7640.563613231552,0,1,0,0,0,1,0,0.03469812630117973,-6.666171101165439,6.304448804250135,0.6931476805598203,3.13549425940741,10.75988286049801,5.611301625518343,7.360103973625284,3.9990344007511087,1.0986126220013874,-13.815510557964274,-13.815510557964274,1.3862946111198593,False,False,False,False,True,False
10412.863802559415,0,0,1,0,0,0,0,0.02801203042991095,-7.688557553728022,9.003316202664857,9.999994999180668e-07,2.6390574010438272,9.930382188212418,9.003316202664857,7.69074316399891,4.1156219769851745,0.6931476805598203,-13.815510557964274,-13.815510557964274,0.6931476805598203,True,False,False,False,False,False
6112.369742419302,0,0,0,0,0,0,1,0.0,-8.02539285776425,4.406719259459375,9.999994999180668e-07,3.465735934049726,5.85555732140996,4.406719259459375,8.028455164440302,-13.815510557964274,9.999994999180668e-07,-13.815510557964274,-13.815510557964274,1.945910291912446,False,False,False,True,False,False
41763.20315581854,0,0,1,0,0,0,0,0.012523089446166369,-5.689218796583907,6.267200550438895,2.48490673312133,3.401197414995488,9.911230783913622,3.78229392152376,8.174421152928266,3.7942399922717622,9.999994999180668e-07,2.1972246884473243,-13.815510557964274,1.6094381124340804,False,False,False,False,False,True
7640.563613231552,0,0,0,0,0,0,1,0.041696067740073124,-6.260967821561102,7.845416036984028,1.0986126220013874,3.13549425940741,10.063192644132604,6.746803749099003,7.360103973625284,4.182755534822563,9.999994999180668e-07,4.77912350151489,9.999994999180668e-07,1.3862946111198593,False,False,False,False,True,False
7640.563613231552,1,1,1,1,0,0,0,0.03832122382660413,-5.162704744238712,8.090402296899788,2.1972246884473243,3.4339872367432105,10.264811459348554,5.893177722015299,7.360103973625284,4.0983526002196395,1.7917596358947079,4.418840619844791,2.079441666679828,1.0986126220013874,False,False,False,False,True,False
4092.5737704918033,0,0,1,0,1,0,1,0.08196721311475409,-5.720006823110456,4.418840619844791,0.6931476805598203,2.833213402879744,9.571408659714672,3.7256934513330378,6.413458958806701,3.912023025428146,1.3862946111198593,-13.815510557964274,-13.815510557964274,1.0986126220013874,False,False,True,False,False,False
10412.863802559415,0,0,1,0,0,0,1,0.03656307129798903,-7.688557553728022,6.1696107345835065,9.999994999180668e-07,4.304065106717683,9.820483002541641,6.1696107345835065,7.69074316399891,4.382026647173881,1.0986126220013874,-13.815510557964274,-13.815510557964274,2.397895363707457,True,False,False,False,False,False
41763.20315581854,1,0,0,1,0,0,0,0.021430357291679067,-4.324198043148924,7.858254182572577,3.850147622986654,2.772588784739779,10.201578059924902,4.0081065986437325,8.174421152928266,4.331474368659198,1.0986126220013874,4.955827064643514,2.48490673312133,0.6931476805598203,False,False,False,False,False,True
6112.369742419302,0,0,1,0,0,0,0,0.0,-8.02539285776425,4.430816810748075,9.999994999180668e-07,3.4339872367432105,7.751200744040292,4.430816810748075,8.028455164440302,-13.815510557964274,9.999994999180668e-07,-13.815510557964274,-13.815510557964274,1.6094381124340804,False,False,False,True,False,False
6112.369742419302,0,0,0,0,0,0,1,0.0,-7.3337756581647415,3.8918203185187896,0.6931476805598203,2.772588784739779,5.85555732140996,3.198673158367007,8.028455164440302,-13.815510557964274,9.999994999180668e-07,-13.815510557964274,-13.815510557964274,1.0986126220013874,False,False,False,True,False,False
4092.5737704918033,0,0,1,0,0,0,0,0.13871374527112232,-3.928501475337993,6.9679092027435034,2.48490673312133,1.945910291912446,9.656759900180402,4.483002563313319,6.413458958806701,4.438116113143107,0.6931476805598203,3.6635616717706716,1.0986126220013874,9.999994999180668e-07,False,False,True,False,False,False
1266.400447427293,0,0,0,0,0,0,1,0.11185682326621924,-6.102111694488308,4.634728997938374,9.999994999180668e-07,2.7080502677688743,8.653286306877517,4.634728997938374,6.102558596850705,3.912023025428146,0.6931476805598203,-13.815510557964274,-13.815510557964274,0.6931476805598203,False,True,False,False,False,False
10412.863802559415,0,0,0,0,0,0,0,0.03264559937320449,-7.688557553728022,5.023880527425224,9.999994999180668e-07,2.48490673312133,7.921224239854798,5.023880527425224,7.69074316399891,4.268697963366878,9.999994999180668e-07,1.945910291912446,-13.815510557964274,1.0986126220013874,True,False,False,False,False,False
10412.863802559415,0,0,1,1,0,0,0,0.03917471924784539,-7.688557553728022,7.090909822912623,9.999994999180668e-07,2.833213402879744,10.332734955513807,7.090909822912623,7.69074316399891,4.4510195178275,1.0986126220013874,3.332204545889489,1.0986126220013874,1.0986126220013874,True,False,False,False,False,False
7640.563613231552,0,0,1,0,0,0,0,0.03774385072094996,-4.962065801310404,9.476773271465401,2.397895363707457,3.332204545889489,9.911230783913622,7.0788779994331374,7.360103973625284,4.0831712784779075,9.999994999180668e-07,-13.815510557964274,-13.815510557964274,1.3862946111198593,False,False,False,False,True,False
41763.20315581854,1,0,1,0,0,0,1,0.014088475626937165,-3.5692154772881604,4.941642429752162,4.605170195988091,3.2188758648682,9.562989436612362,0.336472950906672,8.174421152928266,3.912023025428146,1.0986126220013874,0.6931476805598203,-13.815510557964274,1.0986126220013874,False,False,False,False,False,True
10412.863802559415,1,0,1,1,0,0,0,0.03808653260207191,-7.688557553728022,6.150602770578476,9.999994999180668e-07,2.890371813451719,10.162714852280375,6.150602770578476,7.69074316399891,4.422848641194137,1.0986126220013874,2.48490673312133,-13.815510557964274,1.3862946111198593,True,False,False,False,False,False
10412.863802559415,1,1,0,0,1,0,0,0.03457594785788093,-7.688557553728022,9.429395577462113,9.999994999180668e-07,2.944439031798018,10.285041287951811,9.429395577462113,7.69074316399891,4.326146189497815,1.3862946111198593,6.53669159904058,4.174387285280252,0.6931476805598203,True,False,False,False,False,False
4092.5737704918033,0,0,0,1,0,0,0,0.13022396675132766,-6.412849143141731,8.807771067129611,9.999994999180668e-07,3.5263605540279257,8.859538259188794,8.807771067129611,6.413458958806701,4.374959480039442,9.999994999180668e-07,5.872117792292317,1.7917596358947079,1.945910291912446,False,False,True,False,False,False
6112.369742419302,0,0,0,0,0,0,1,0.023332126843013674,-7.3337756581647415,8.52078672712565,0.6931476805598203,4.317488126869644,7.868225738407096,7.8276395467649875,8.028455164440302,4.270531144422899,9.999994999180668e-07,-13.815510557964274,-13.815510557964274,2.6390574010438272,False,False,False,True,False,False
6112.369742419302,1,0,1,0,1,0,0,0.030687201519016473,-7.3337756581647415,6.481577130807825,0.6931476805598203,2.48490673312133,10.143411252319728,5.788429951779273,8.028455164440302,4.544545574796657,1.3862946111198593,2.833213402879744,-13.815510557964274,0.6931476805598203,False,False,False,True,False,False
10412.863802559415,0,0,0,0,0,0,1,0.0,-7.688557553728022,5.361292170404261,9.999994999180668e-07,2.772588784739779,5.85555732140996,5.361292170404261,7.69074316399891,-13.815510557964274,9.999994999180668e-07,-13.815510557964274,-13.815510557964274,0.6931476805598203,True,False,False,False,False,False
10412.863802559415,0,1,0,0,0,0,0,0.04570383912248629,-7.688557553728022,5.986452007797,9.999994999180668e-07,3.8066625119925415,9.193989884547726,5.986452007797,7.69074316399891,4.605170195988091,9.999994999180668e-07,9.999994999180668e-07,-13.815510557964274,2.079441666679828,True,False,False,False,False,False
6112.369742419302,0,0,0,0,1,0,0,0.028916786046765525,-8.02539285776425,8.946374826271926,9.999994999180668e-07,3.332204545889489,9.485030791126556,8.946374826271926,8.028455164440302,4.485122154976366,0.6931476805598203,5.39816270604264,2.079441666679828,1.0986126220013874,False,False,False,True,False,False
6112.369742419302,0,0,0,0,0,0,1,0.024734942603690004,-7.3337756581647415,7.55747290213694,0.6931476805598203,2.833213402879744,7.868225738407096,6.864325722099188,8.028455164440302,4.328916822541752,9.999994999180668e-07,-13.815510557964274,-13.815510557964274,1.0986126220013874,False,False,False,True,False,False
41763.20315581854,0,0,1,0,1,0,0,0.0,-5.129729729201965,4.330733353444225,3.0445224853424695,3.1780538720146114,9.953316543448551,1.2862111788786594,8.174421152928266,-13.815510557964274,1.3862946111198593,-13.815510557964274,-13.815510557964274,1.0986126220013874,False,False,False,False,False,True
10412.863802559415,1,0,0,0,0,1,0,0.034919397569304775,-7.688557553728022,10.25632514327874,9.999994999180668e-07,3.970291932420046,10.283195898398294,10.25632514327874,7.69074316399891,4.336030376732582,1.3862946111198593,7.183870715821178,5.552959588797586,2.1972246884473243,True,False,False,False,False,False
41763.20315581854,0,0,0,0,0,0,0,0.01878463416924955,-2.4314065899017088,5.043425123370859,5.74300319101461,2.7080502677688743,7.921224239854798,-0.6995760579890359,8.174421152928266,4.199705092879927,9.999994999180668e-07,-13.815510557964274,-13.815510557964274,0.6931476805598203,False,False,False,False,False,True
4092.5737704918033,1,1,0,0,0,0,0,0.0,-3.897795867162686,4.060443027787798,2.515613875923528,3.2188758648682,9.920251159295926,1.5448294287844642,6.413458958806701,-13.815510557964274,0.6931476805598203,-13.815510557964274,-13.815510557964274,1.6094381124340804,False,False,True,False,False,False
7640.563613231552,1,1,0,0,0,0,0,0.03635041802980734,-6.666171101165439,4.852030271732117,0.6931476805598203,3.332204545889489,9.920251159295926,4.1588830989846715,7.360103973625284,4.045554415552669,0.6931476805598203,-13.815510557964274,-13.815510557964274,1.6094381124340804,False,False,False,False,True,False
41763.20315581854,0,0,0,0,0,0,1,0.009392317084624775,-4.436667037933052,4.787491751115379,3.7376696420928917,2.48490673312133,5.85555732140996,1.0498224744986164,8.174421152928266,3.506557927319981,9.999994999180668e-07,1.0986126220013874,-13.815510557964274,1.0986126220013874,False,False,False,False,False,True
6112.369742419302,0,0,0,1,0,0,1,0.0,-8.02539285776425,3.970291932420046,9.999994999180668e-07,3.5263605540279257,9.2231297982103,3.970291932420046,8.028455164440302,-13.815510557964274,0.6931476805598203,-13.815510557964274,-13.815510557964274,1.6094381124340804,False,False,False,True,False,False
6112.369742419302,1,0,1,0,1,0,0,0.02192912851912018,-8.02539285776425,7.848543482847,9.999994999180668e-07,3.13549425940741,10.162200142053806,7.848543482847,8.028455164440302,4.208515722430503,1.7917596358947079,4.727387827561898,1.945910291912446,1.3862946111198593,False,False,False,True,False,False
4092.5737704918033,0,0,1,0,0,0,0,0.1446480231436837,-6.412849143141731,6.618738984852333,9.999994999180668e-07,2.079441666679828,9.911230783913622,6.618738984852333,6.413458958806701,4.480007054367419,9.999994999180668e-07,3.5263605540279257,-13.815510557964274,9.999994999180668e-07,False,False,True,False,False,False
6112.369742419302,1,0,0,0,1,0,0,0.025536901963377347,-8.02539285776425,8.75589508180383,9.999994999180668e-07,3.5835189662338873,10.178469441949819,8.75589508180383,8.028455164440302,4.360824439791136,1.3862946111198593,5.655991814316356,3.4339872367432105,1.945910291912446,False,False,False,True,False,False
10412.863802559415,0,0,1,1,0,0,0,0.030469226081657523,-7.688557553728022,5.023880527425224,9.999994999180668e-07,2.833213402879744,10.321141501654163,5.023880527425224,7.69074316399891,4.199705092879927,1.6094381124340804,-13.815510557964274,-13.815510557964274,1.0986126220013874,True,False,False,False,False,False
41763.20315581854,1,1,0,0,0,0,0,0.02086028435369702,-4.5107685106570985,9.308464770060036,3.6635616717706716,3.6375861860421748,10.501455688823205,5.644903127375226,8.174421152928266,4.3045129681806396,1.6094381124340804,-13.815510557964274,-13.815510557964274,1.3862946111198593,False,False,False,False,False,True
6112.369742419302,0,0,0,0,0,0,1,0.01976069794785152,-7.3337756581647415,7.7621706075637364,0.6931476805598203,2.772588784739779,7.868225738407096,7.0690234274293235,8.028455164440302,4.104394914575602,9.999994999180668e-07,-13.815510557964274,-13.815510557964274,0.6931476805598203,False,False,False,True,False,False
6112.369742419302,0,0,1,1,0,0,0,0.0,-8.02539285776425,4.753590199727054,9.999994999180668e-07,3.7376696420928917,10.353887677396083,4.753590199727054,8.028455164440302,-13.815510557964274,1.3862946111198593,9.999994999180668e-07,-13.815510557964274,2.1972246884473243,False,False,False,True,False,False
41763.20315581854,1,1,0,0,0,0,0,0.022430002587817178,-4.242525934108025,10.771658895241991,3.9318256523321686,1.3862946111198593,10.106162843832818,6.839833263566961,8.174421152928266,4.377065350131675,1.0986126220013874,7.418780883350674,4.919980933127395,9.999994999180668e-07,False,False,False,False,False,True
6112.369742419302,0,0,1,0,1,0,0,0.027057747346302938,-7.3337756581647415,8.937087036307947,0.6931476805598203,3.761200138949376,10.315868498303919,8.243939855879423,8.028455164440302,4.4186732698338655,1.0986126220013874,5.662960483608168,3.1780538720146114,1.7917596358947079,False,False,False,True,False,False
41763.20315581854,1,1,0,0,0,0,0,0.0,-5.658520592276317,9.55563075711908,2.515613875923528,3.2580965764830196,10.738638664965864,7.040016962814152,8.174421152928266,-13.815510557964274,1.6094381124340804,-13.815510557964274,-13.815510557964274,1.3862946111198593,False,False,False,False,False,True
7640.563613231552,0,1,1,0,0,0,0,0.04902599020444642,-7.358533207287776,10.65358201356144,9.999994999180668e-07,3.332204545889489,10.299660323507814,10.65358201356144,7.360103973625284,4.344699276809791,1.0986126220013874,-13.815510557964274,-13.815510557964274,1.3862946111198593,False,False,False,False,True,False
41763.20315581854,1,0,0,0,0,0,0,0.02149485501953929,-5.689218796583907,10.585017513781175,2.48490673312133,2.772588784739779,10.561326585197707,8.100110864271388,8.174421152928266,4.3344794918527425,1.0986126220013874,-13.815510557964274,-13.815510557964274,1.3862946111198593,False,False,False,False,False,True
41763.20315581854,0,0,0,0,0,0,0,0.02246789577106319,-5.689218796583907,11.009604940706554,2.48490673312133,3.4339872367432105,9.330077053667232,8.524698291100515,8.174421152928266,4.378753321869896,9.999994999180668e-07,-13.815510557964274,-13.815510557964274,1.6094381124340804,False,False,False,False,False,True
41763.20315581854,1,0,1,1,1,0,0,0.022039397515406654,-5.689218796583907,9.200492036022357,2.48490673312133,3.5835189662338873,10.234249833734433,6.715585387345245,8.174421152928266,4.359497534398663,1.945910291912446,6.001414880436397,2.7080502677688743,1.6094381124340804,False,False,False,False,False,True
6112.369742419302,0,0,0,1,0,0,1,0.0,-8.02539285776425,4.248495256335073,9.999994999180668e-07,3.828641418228225,9.2231297982103,4.248495256335073,8.028455164440302,-13.815510557964274,0.6931476805598203,-13.815510557964274,-13.815510557964274,2.079441666679828,False,False,False,True,False,False
7640.563613231552,1,1,0,0,0,0,0,0.04961031894634084,-7.358533207287776,8.950792138897807,9.999994999180668e-07,2.833213402879744,9.920251159295926,8.950792138897807,7.360103973625284,4.356547562195478,0.6931476805598203,5.068904208509539,2.6390574010438272,1.3862946111198593,False,False,False,False,True,False
6112.369742419302,0,0,0,0,0,0,1,0.022724802640029247,-7.3337756581647415,7.65491704832203,0.6931476805598203,2.48490673312133,7.868225738407096,6.961769868235794,8.028455164440302,4.244156854798587,9.999994999180668e-07,-13.815510557964274,-13.815510557964274,0.6931476805598203,False,False,False,True,False,False
6112.369742419302,1,0,0,0,0,0,0,0.021736767742636668,-8.02539285776425,4.691347891403455,9.999994999180668e-07,3.465735934049726,9.327943316009462,4.691347891403455,8.028455164440302,4.199705092879927,9.999994999180668e-07,-13.815510557964274,-13.815510557964274,1.3862946111198593,False,False,False,True,False,False
7640.563613231552,1,1,0,1,1,0,0,0.05089058524173028,-7.358533207287776,6.602587893546189,9.999994999180668e-07,2.833213402879744,10.21350268392695,6.602587893546189,7.360103973625284,4.382026647173881,1.6094381124340804,2.3025851929940404,-13.815510557964274,0.6931476805598203,False,False,False,False,True,False
41763.20315581854,1,1,0,0,0,0,0,0.02371728990434026,-5.689218796583907,11.875490030992102,2.48490673312133,3.332204545889489,10.517373209951055,9.390583381280651,8.174421152928266,4.432870199535498,1.7917596358947079,-13.815510557964274,-13.815510557964274,1.3862946111198593,False,False,False,False,False,True
6112.369742419302,0,0,0,0,0,0,1,0.0,-5.512593545341598,7.686162303952043,2.515613875923528,3.8918203185187896,7.868225738407096,5.17054851406412,8.028455164440302,-13.815510557964274,9.999994999180668e-07,-13.815510557964274,-13.815510557964274,1.945910291912446,False,False,False,True,False,False
6112.369742419302,1,0,0,0,1,0,0,0.0,-6.236184658820706,9.643420647182172,1.7917596358947079,3.401197414995488,10.119745152107653,7.851661178278371,8.028455164440302,-13.815510557964274,1.7917596358947079,-13.815510557964274,-13.815510557964274,1.6094381124340804,False,False,False,True,False,False
4092.5737704918033,0,1,1,0,0,0,0,0.10928961748633878,-6.412849143141731,5.1357984429326144,9.999994999180668e-07,2.397895363707457,10.10752266866503,5.1357984429326144,6.413458958806701,4.199705092879927,0.6931476805598203,-13.815510557964274,-13.815510557964274,0.6931476805598203,False,False,True,False,False,False
41763.20315581854,0,0,0,0,0,0,0,0.0,-5.658520592276317,6.770789425055769,2.515613875923528,2.3025851929940404,8.024016164881164,4.25517564298934,8.174421152928266,-13.815510557964274,9.999994999180668e-07,-13.815510557964274,-13.815510557964274,0.6931476805598203,False,False,False,False,False,True
7640.563613231552,0,0,0,1,1,0,0,0.05831212892281594,-7.358533207287776,6.413458958806701,9.999994999180668e-07,3.9318256523321686,10.087816760197116,6.413458958806701,7.360103973625284,4.518158819907552,1.6094381124340804,2.48490673312133,9.999994999180668e-07,2.1972246884473243,False,False,False,False,True,False
10412.863802559415,0,0,1,1,0,0,0,0.03739405019112515,-7.688557553728022,8.03560269324231,9.999994999180668e-07,3.7841896566455335,10.271172236488965,8.03560269324231,7.69074316399891,4.404499502748163,1.0986126220013874,-13.815510557964274,-13.815510557964274,1.945910291912446,True,False,False,False,False,False
41763.20315581854,1,1,1,1,0,0,0,0.02088212790553928,-4.282528428587264,9.779680156864645,3.8918203185187896,2.833213402879744,10.267742917362,5.887859861470334,8.174421152928266,4.30555955616437,1.6094381124340804,6.22653667126375,3.2188758648682,1.0986126220013874,False,False,False,False,False,True
41763.20315581854,1,1,0,0,0,0,0,0.021811676121221996,-5.689218796583907,11.03902625782021,2.48490673312133,3.367295864469232,10.579252340169809,8.554119608208895,8.174421152928266,4.349111314885111,1.0986126220013874,-13.815510557964274,-13.815510557964274,1.3862946111198593,False,False,False,False,False,True
10412.863802559415,1,1,1,1,0,0,1,0.0,-7.688557553728022,9.894093566944731,9.999994999180668e-07,3.988984065082793,10.584595430260014,9.894093566944731,7.69074316399891,-13.815510557964274,2.1972246884473243,-13.815510557964274,-13.815510557964274,2.079441666679828,True,False,False,False,False,False
41763.20315581854,0,0,1,0,0,0,0,0.0,-6.787239934900224,5.805134971928537,1.3862946111198593,2.48490673312133,9.911230783913622,4.418840619844791,8.174421152928266,-13.815510557964274,9.999994999180668e-07,0.6931476805598203,-13.815510557964274,9.999994999180668e-07,False,False,False,False,False,True
6112.369742419302,0,0,0,0,0,0,1,0.021736767742636668,-8.02539285776425,5.84354441992991,9.999994999180668e-07,3.367295864469232,7.868225738407096,5.84354441992991,8.028455164440302,4.199705092879927,9.999994999180668e-07,2.1972246884473243,-13.815510557964274,1.0986126220013874,False,False,False,True,False,False
6112.369742419302,0,1,1,1,0,0,1,0.024453863710466255,-8.02539285776425,5.176149738223547,9.999994999180668e-07,2.772588784739779,10.430197484840205,5.176149738223547,8.028455164440302,4.317488126869644,1.3862946111198593,1.3862946111198593,-13.815510557964274,1.0986126220013874,False,False,False,True,False,False
41763.20315581854,0,0,1,1,0,0,0,0.023916367821877744,-5.776203295520409,10.886052797859621,2.397895363707457,2.5649494343846104,10.332734955513807,8.488157525248425,8.174421152928266,4.441228956086866,1.0986126220013874,7.15695636539506,4.820281573669553,0.6931476805598203,False,False,False,False,False,True
7640.563613231552,1,0,0,1,1,0,0,0.05047851572560291,-7.358533207287776,8.579980179702831,9.999994999180668e-07,3.2188758648682,10.104702611241004,8.579980179702831,7.360103973625284,4.373896521192672,1.3862946111198593,5.50938834067656,2.3025851929940404,1.3862946111198593,False,False,False,False,True,False
7640.563613231552,0,0,1,0,0,0,0,0.0449790526126404,-5.162704744238712,9.285262298586224,2.1972246884473243,3.555348090060842,9.76305387331802,7.088037721992257,7.360103973625284,4.258545592045717,0.6931476805598203,-13.815510557964274,-13.815510557964274,1.7917596358947079,False,False,False,False,True,False
4092.5737704918033,0,1,1,1,0,0,0,0.0,-3.897795867162686,5.455321119631206,2.515613875923528,3.2188758648682,10.139471368608813,2.9397073731286665,6.413458958806701,-13.815510557964274,1.3862946111198593,-13.815510557964274,-13.815510557964274,1.0986126220013874,False,False,True,False,False,False
7640.563613231552,0,0,1,1,0,0,0,0.05018761293653428,-7.358533207287776,10.175268875494334,9.999994999180668e-07,3.49650759176951,10.516607610479175,10.175268875494334,7.360103973625284,4.368116948678639,1.6094381124340804,-13.815510557964274,-13.815510557964274,1.3862946111198593,False,False,False,False,True,False
6112.369742419302,0,1,0,1,1,0,0,0.017261550854446767,-5.948630320903834,6.809039307146732,2.079441666679828,3.2580965764830196,9.730161574838368,4.7295977731931655,8.028455164440302,3.9691814381569834,1.0986126220013874,2.833213402879744,9.999994999180668e-07,1.0986126220013874,False,False,False,True,False,False
41763.20315581854,0,0,1,0,0,0,0,0.0,-5.689218796583907,4.477336825841843,2.48490673312133,2.833213402879744,9.911230783913622,1.9924303010538331,8.174421152928266,-13.815510557964274,9.999994999180668e-07,9.999994999180668e-07,-13.815510557964274,1.0986126220013874,False,False,False,False,False,True
6112.369742419302,0,0,1,0,0,0,0,0.019563090968373,-5.8308898670518134,5.159055304961655,2.1972246884473243,2.890371813451719,10.093202307287365,2.961830773602446,8.028455164440302,4.094344578888768,0.6931476805598203,1.6094381124340804,-13.815510557964274,1.3862946111198593,False,False,False,True,False,False
41763.20315581854,1,0,1,0,1,0,0,0.020641254988303288,-5.535110355156934,7.814399634208364,2.6390574010438272,2.7080502677688743,10.178172516737702,5.17534230984351,8.174421152928266,4.2939576297769095,1.3862946111198593,4.454347307881415,1.3862946111198593,0.6931476805598203,False,False,False,False,False,True
10412.863802559415,1,0,0,0,1,0,0,0.0,-7.688557553728022,4.127134401174124,9.999994999180668e-07,3.0445224853424695,10.313448663146847,4.127134401174124,7.69074316399891,-13.815510557964274,1.3862946111198593,-13.815510557964274,-13.815510557964274,1.0986126220013874,True,False,False,False,False,False
6112.369742419302,0,1,0,0,0,0,1,0.022442506955059942,-8.02539285776425,8.700680735016634,9.999994999180668e-07,3.0445224853424695,8.390350943423686,8.700680735016634,8.028455164440302,4.231656692214831,0.6931476805598203,5.036952608907136,1.7917596358947079,1.0986126220013874,False,False,False,True,False,False
6112.369742419302,0,0,0,0,0,0,1,0.020960454608971075,-8.02539285776425,7.3092123663621065,9.999994999180668e-07,1.7917596358947079,7.868225738407096,7.3092123663621065,8.028455164440302,4.163337449264608,9.999994999180668e-07,4.025351708592292,-13.815510557964274,9.999994999180668e-07,False,False,False,True,False,False
6112.369742419302,0,0,1,1,0,0,1,0.024572272889773178,-7.3337756581647415,10.329669902265664,0.6931476805598203,2.1972246884473243,10.306005142416849,9.636522721738368,8.028455164440302,4.322318587362078,1.3862946111198593,7.450660796792597,4.919980933127395,9.999994999180668e-07,False,False,False,True,False,False
41763.20315581854,0,1,0,1,0,0,0,0.01848165619877779,-5.609198832442679,7.9868449015012875,2.5649494343846104,2.5649494343846104,10.398147717432256,5.421895548118609,8.174421152928266,4.183444572254048,1.3862946111198593,4.532599503905944,1.7917596358947079,0.6931476805598203,False,False,False,False,False,True
7640.563613231552,0,1,1,1,0,0,0,0.02827254735651682,-7.358533207287776,5.252273433282232,9.999994999180668e-07,2.833213402879744,10.09126810636824,5.252273433282232,7.360103973625284,3.7942399922717622,1.0986126220013874,2.1972246884473243,-13.815510557964274,1.0986126220013874,False,False,False,False,True,False
6112.369742419302,0,0,0,0,0,0,1,0.02328939400996786,-7.3337756581647415,7.87701789600176,0.6931476805598203,3.367295864469232,7.868225738407096,7.183870715821178,8.028455164440302,4.268697963366878,9.999994999180668e-07,-13.815510557964274,-13.815510557964274,1.6094381124340804,False,False,False,True,False,False
41763.20315581854,0,0,1,0,0,0,0,0.02250963244643785,-5.689218796583907,10.543049340198694,2.48490673312133,2.1972246884473243,10.093202307287365,8.058142690700832,8.174421152928266,4.380609212510638,0.6931476805598203,-13.815510557964274,-13.815510557964274,9.999994999180668e-07,False,False,False,False,False,True
6112.369742419302,0,0,0,0,0,0,1,0.021489759018288524,-7.3337756581647415,7.457032089699748,0.6931476805598203,3.332204545889489,7.868225738407096,6.763884909717169,8.028455164440302,4.188276397228718,9.999994999180668e-07,3.7841896566455335,9.999994999180668e-07,1.3862946111198593,False,False,False,True,False,False
10412.863802559415,1,1,1,0,0,0,1,0.029084261259764002,-7.688557553728022,7.201916318276783,9.999994999180668e-07,3.7376696420928917,9.95149133455282,7.201916318276783,7.69074316399891,4.15318507795932,1.6094381124340804,3.7841896566455335,9.999994999180668e-07,2.079441666679828,True,False,False,False,False,False
6112.369742419302,0,0,0,0,0,0,1,0.021906586240626018,-8.02539285776425,8.165079259089481,9.999994999180668e-07,4.04305128537841,7.868225738407096,8.165079259089481,8.028455164440302,4.207487233205702,9.999994999180668e-07,4.852030271732117,1.6094381124340804,2.397895363707457,False,False,False,True,False,False
10412.863802559415,1,1,1,0,0,0,0,0.03717245581962218,-7.688557553728022,7.346655163821284,9.999994999180668e-07,3.49650759176951,10.055523290413722,7.346655163821284,7.69074316399891,4.3985559489201735,1.0986126220013874,4.317488126869644,1.945910291912446,1.7917596358947079,True,False,False,False,False,False
7640.563613231552,0,1,0,0,0,0,0,0.043061264435310234,-7.358533207287776,8.82555985520778,9.999994999180668e-07,3.2958369030413657,8.71511678782035,8.82555985520778,7.360103973625284,4.214972564783443,9.999994999180668e-07,-13.815510557964274,-13.815510557964274,1.0986126220013874,False,False,False,False,True,False
4092.5737704918033,0,0,1,0,0,0,0,0.08196721311475409,-6.412849143141731,5.283203733814131,9.999994999180668e-07,3.8066625119925415,10.093202307287365,5.283203733814131,6.413458958806701,3.912023025428146,0.6931476805598203,-13.815510557964274,-13.815510557964274,1.7917596358947079,False,False,True,False,False,False
6112.369742419302,0,0,1,0,1,0,0,0.023095315726551467,-7.3337756581647415,7.470793774764538,0.6931476805598203,3.2958369030413657,9.664751821961284,6.777646594774069,8.028455164440302,4.260329713814009,1.0986126220013874,3.871201031741224,0.6931476805598203,1.7917596358947079,False,False,False,True,False,False
41763.20315581854,0,1,0,0,0,1,0,0.0,-5.658520592276317,7.516433303459702,2.515613875923528,3.09104249881286,10.360458524463619,5.000819514537823,8.174421152928266,-13.815510557964274,1.0986126220013874,-13.815510557964274,-13.815510557964274,1.3862946111198593,False,False,False,False,False,True
10412.863802559415,0,0,0,0,0,0,1,0.0,-7.688557553728022,4.094344578888768,9.999994999180668e-07,3.6375861860421748,5.85555732140996,4.094344578888768,7.69074316399891,-13.815510557964274,9.999994999180668e-07,-13.815510557964274,-13.815510557964274,1.3862946111198593,True,False,False,False,False,False
41763.20315581854,0,0,1,0,0,0,0,0.024000630148703465,-7.074626563171511,9.50628818891938,1.0986126220013874,2.5649494343846104,10.203093473383776,8.407675900400035,8.174421152928266,4.444745971603683,1.0986126220013874,-13.815510557964274,-13.815510557964274,0.6931476805598203,False,False,False,False,False,True
6112.369742419302,0,0,0,0,0,0,1,0.01999372504629316,-6.928821064339634,8.486733984137715,1.0986126220013874,2.944439031798018,7.868225738407096,7.388121695881976,8.028455164440302,4.116118378079354,9.999994999180668e-07,4.663439103546029,1.6094381124340804,1.0986126220013874,False,False,False,True,False,False
41763.20315581854,1,0,0,0,1,0,0,0.0,-4.2231091863939945,5.081404371195643,3.9512437378121965,2.9957323235539897,10.178469441949819,1.13016096938435,8.174421152928266,-13.815510557964274,1.3862946111198593,0.6931476805598203,-13.815510557964274,1.0986126220013874,False,False,False,False,False,True
1266.400447427293,1,0,0,0,0,0,0,0.15979546180888463,-6.102111694488308,5.537334270955545,9.999994999180668e-07,3.2580965764830196,9.553551615820602,5.537334270955545,6.102558596850705,4.268697963366878,0.6931476805598203,1.945910291912446,-13.815510557964274,1.3862946111198593,False,True,False,False,False,False
6112.369742419302,1,0,0,0,0,0,0,0.023610627030795,-8.02539285776425,9.247154345195284,9.999994999180668e-07,3.0445224853424695,10.521182181066301,9.247154345195284,8.028455164440302,4.282396807534564,1.3862946111198593,6.006353162064787,3.7841896566455335,1.3862946111198593,False,False,False,True,False,False
6112.369742419302,0,1,0,0,0,0,1,0.021818484914601467,-6.236184658820706,8.602453035550715,1.7917596358947079,2.7080502677688743,10.186190653916196,6.810693567240934,8.028455164440302,4.203457442442297,1.7917596358947079,4.890349135740551,1.945910291912446,0.6931476805598203,False,False,False,True,False,False
10412.863802559415,0,0,0,1,0,0,0,0.04570383912248629,-7.688557553728022,4.510859517505861,9.999994999180668e-07,2.079441666679828,9.797925220956992,4.510859517505861,7.69074316399891,4.605170195988091,9.999994999180668e-07,9.999994999180668e-07,-13.815510557964274,9.999994999180668e-07,True,False,False,False,False,False
1266.400447427293,0,0,0,0,0,0,1,0.22371364653243847,-6.102111694488308,4.634728997938374,9.999994999180668e-07,2.1972246884473243,8.653286306877517,4.634728997938374,6.102558596850705,4.605170195988091,0.6931476805598203,-13.815510557964274,-13.815510557964274,0.6931476805598203,False,True,False,False,False,False
10412.863802559415,1,0,0,0,1,0,0,0.04021937842778794,-7.688557553728022,6.513230112395987,9.999994999180668e-07,3.1780538720146114,10.283480386862065,6.513230112395987,7.69074316399891,4.477336825841843,1.0986126220013874,3.2188758648682,-13.815510557964274,1.0986126220013874,True,False,False,False,False,False
7640.563613231552,0,0,1,0,0,0,0,0.05452562704471101,-5.568082538077103,6.858565035841785,1.7917596358947079,3.4339872367432105,9.911230783913622,5.066805571865832,7.360103973625284,4.4510195178275,9.999994999180668e-07,-13.815510557964274,-13.815510557964274,1.3862946111198593,False,False,False,False,True,False
41763.20315581854,0,0,1,1,0,0,0,0.0,-5.083217394116741,5.505331539997403,3.09104249881286,3.49650759176951,9.975014888772993,2.414289172004937,8.174421152928266,-13.815510557964274,0.6931476805598203,-13.815510557964274,-13.815510557964274,1.3862946111198593,False,False,False,False,False,True
7640.563613231552,0,0,0,1,0,0,0,0.04444212067342884,-7.358533207287776,8.142354277140786,9.999994999180668e-07,4.219507719881989,9.8955373586794,8.142354277140786,7.360103973625284,4.2465363918777514,9.999994999180668e-07,-13.815510557964274,-13.815510557964274,2.079441666679828,False,False,False,False,True,False
41763.20315581854,0,1,1,0,0,0,0,0.009392317084624775,-4.5107685106570985,5.583496312541097,3.6635616717706716,2.890371813451719,10.118270002685447,1.9199348092685833,8.174421152928266,3.506557927319981,0.6931476805598203,1.0986126220013874,-13.815510557964274,1.0986126220013874,False,False,False,False,False,True
10412.863802559415,1,0,1,1,0,0,0,0.03515679932498946,-7.688557553728022,5.860786226314868,9.999994999180668e-07,3.332204545889489,10.162714852280375,5.860786226314868,7.69074316399891,4.342805934520601,1.0986126220013874,2.5649494343846104,-13.815510557964274,1.6094381124340804,True,False,False,False,False,False
6112.369742419302,1,1,0,0,0,0,0,0.0,-8.02539285776425,8.855520848679502,9.999994999180668e-07,2.890371813451719,10.561316824387893,8.855520848679502,8.028455164440302,-13.815510557964274,1.6094381124340804,-13.815510557964274,-13.815510557964274,1.3862946111198593,False,False,False,True,False,False
41763.20315581854,0,0,0,1,0,0,1,0.023137281595858632,-5.689218796583907,12.062294649602478,2.48490673312133,3.988984065082793,10.679257982842387,9.577387999877981,8.174421152928266,4.408111124296552,1.3862946111198593,8.737773460487693,5.991464549607982,2.3025851929940404,False,False,False,False,False,True
41763.20315581854,0,0,1,0,0,0,0,0.023043724490792273,-5.609198832442679,11.498258427936973,2.5649494343846104,2.9957323235539897,10.36666675895579,8.93330907059721,8.174421152928266,4.404059361901367,1.3862946111198593,-13.815510557964274,-13.815510557964274,0.6931476805598203,False,False,False,False,False,True
41763.20315581854,0,0,1,0,0,0,1,0.0,-3.306859402563552,4.812184363502499,4.86753445814789,3.4339872367432105,9.733435459096341,-0.05534903817315435,8.174421152928266,-13.815510557964274,1.0986126220013874,-13.815510557964274,-13.815510557964274,1.3862946111198593,False,False,False,False,False,True
10412.863802559415,1,1,0,0,0,0,0,0.024609759527492617,-7.688557553728022,6.601230120087572,9.999994999180668e-07,4.174387285280252,10.356600032242559,6.601230120087572,7.69074316399891,3.9861309961532965,1.6094381124340804,2.5649494343846104,-13.815510557964274,2.1972246884473243,True,False,False,False,False,False
7640.563613231552,1,0,0,0,1,0,0,0.04240882103477523,-5.9734166890735345,7.217443432430208,1.3862946111198593,4.499809681441376,10.003139267292735,5.8311490735113445,7.360103973625284,4.199705092879927,1.0986126220013874,-13.815510557964274,-13.815510557964274,2.6390574010438272,False,False,False,False,True,False
10412.863802559415,0,0,0,0,0,0,1,0.04570383912248629,-7.688557553728022,3.970291932420046,9.999994999180668e-07,2.772588784739779,5.85555732140996,3.970291932420046,7.69074316399891,4.605170195988091,9.999994999180668e-07,-13.815510557964274,-13.815510557964274,0.6931476805598203,True,False,False,False,False,False
6112.369742419302,1,0,1,0,0,0,0,0.016302575806977502,-6.64139434679697,6.715383387546802,1.3862946111198593,3.2580965764830196,10.248834258875723,5.329089030063275,8.028455164440302,3.912023025428146,1.7917596358947079,2.079441666679828,-13.815510557964274,1.0986126220013874,False,False,False,True,False,False
10412.863802559415,1,0,1,0,0,0,1,0.0,-7.688557553728022,4.3438054348406965,9.999994999180668e-07,3.4339872367432105,10.043934484735365,4.3438054348406965,7.69074316399891,-13.815510557964274,1.3862946111198593,-13.815510557964274,-13.815510557964274,1.6094381124340804,True,False,False,False,False,False
41763.20315581854,0,0,1,0,0,0,0,0.022643906342500596,-5.609198832442679,9.757478638458354,2.5649494343846104,3.2188758648682,10.447551952945155,7.19252928169114,8.174421152928266,4.386556666189135,1.3862946111198593,-13.815510557964274,-13.815510557964274,1.3862946111198593,False,False,False,False,False,True
1266.400447427293,0,0,0,0,0,0,1,0.22371364653243847,-6.102111694488308,4.356708839510104,9.999994999180668e-07,3.2580965764830196,8.653286306877517,4.356708839510104,6.102558596850705,4.605170195988091,0.6931476805598203,-13.815510557964274,-13.815510557964274,1.3862946111198593,False,True,False,False,False,False
6112.369742419302,1,0,0,0,0,0,0,0.02794727281196143,-8.02539285776425,6.063785211013189,9.999994999180668e-07,3.13549425940741,10.201841060818351,6.063785211013189,8.028455164440302,4.4510195178275,0.6931476805598203,2.6390574010438272,-13.815510557964274,1.3862946111198593,False,False,False,True,False,False
41763.20315581854,1,1,0,1,1,0,0,0.02191540653079115,-5.609198832442679,6.682108598702942,2.5649494343846104,3.5263605540279257,10.385818674547233,4.117159256278999,8.174421152928266,4.353855770564328,1.7917596358947079,2.890371813451719,-13.815510557964274,1.7917596358947079,False,False,False,False,False,True
41763.20315581854,0,0,1,0,0,0,0,0.014088475626937165,-5.129729729201965,4.634728997938374,3.0445224853424695,1.7917596358947079,10.275733098569818,1.5902067543896872,8.174421152928266,3.912023025428146,1.0986126220013874,-13.815510557964274,-13.815510557964274,9.999994999180668e-07,False,False,False,False,False,True
6112.369742419302,1,0,0,0,0,0,1,0.0,-6.928821064339634,4.204692634316339,1.0986126220013874,2.944439031798018,8.817967018114343,3.106080375498975,8.028455164440302,-13.815510557964274,0.6931476805598203,-13.815510557964274,-13.815510557964274,1.0986126220013874,False,False,False,True,False,False
6112.369742419302,0,0,1,0,0,0,0,0.016302575806977502,-8.02539285776425,5.153291600278126,9.999994999180668e-07,2.9957323235539897,9.911230783913622,5.153291600278126,8.028455164440302,3.912023025428146,9.999994999180668e-07,-13.815510557964274,-13.815510557964274,0.6931476805598203,False,False,False,True,False,False
6112.369742419302,0,1,0,0,0,0,1,0.010868383871318334,-8.02539285776425,4.727387827561898,9.999994999180668e-07,3.850147622986654,8.337517314425417,4.727387827561898,8.028455164440302,3.506557927319981,0.6931476805598203,-13.815510557964274,-13.815510557964274,2.079441666679828,False,False,False,True,False,False
6112.369742419302,1,0,1,0,0,0,0,0.0,-8.02539285776425,4.2766661329049445,9.999994999180668e-07,4.060443027787798,10.354679968636681,4.2766661329049445,8.028455164440302,-13.815510557964274,0.6931476805598203,-13.815510557964274,-13.815510557964274,2.1972246884473243,False,False,False,True,False,False
10412.863802559415,0,1,1,0,0,0,1,0.0,-7.688557553728022,4.2766661329049445,9.999994999180668e-07,3.970291932420046,9.757396691627354,4.2766661329049445,7.69074316399891,-13.815510557964274,1.0986126220013874,-13.815510557964274,-13.815510557964274,2.3025851929940404,True,False,False,False,False,False
10412.863802559415,0,1,0,1,0,0,0,0.03283051265492707,-7.688557553728022,10.42471884904569,9.999994999180668e-07,3.688879479113936,10.279211406243368,10.42471884904569,7.69074316399891,4.274346245313434,1.3862946111198593,7.571473649366204,5.455321119631206,1.945910291912446,True,False,False,False,False,False
6112.369742419302,0,0,0,0,0,1,0,0.02650549474135403,-6.64139434679697,11.74956947362615,1.3862946111198593,4.1588830989846715,10.673676321468843,10.363275112529937,8.028455164440302,4.398051957662135,0.6931476805598203,-13.815510557964274,-13.815510557964274,2.1972246884473243,False,False,False,True,False,False
41763.20315581854,1,0,0,0,1,0,0,0.023403806505950264,-5.129729729201965,10.261721280973799,3.0445224853424695,3.2580965764830196,10.283480386862065,7.217198843949286,8.174421152928266,4.41956456603242,1.0986126220013874,6.595780515327432,3.465735934049726,1.6094381124340804,False,False,False,False,False,True
6112.369742419302,1,0,0,0,0,0,1,0.024174648323716918,-7.3337756581647415,10.101764476161216,0.6931476805598203,2.5649494343846104,10.696693813029839,9.408617295642278,8.028455164440302,4.306004392747179,1.7917596358947079,6.807934944804899,4.094344578888768,0.6931476805598203,False,False,False,True,False,False
6112.369742419302,0,0,0,0,1,0,0,0.032605151613955004,-7.3337756581647415,5.648974241682333,0.6931476805598203,3.912023025428146,8.471240634003612,4.955827064643514,8.028455164440302,4.605170195988091,9.999994999180668e-07,0.6931476805598203,-13.815510557964274,2.079441666679828,False,False,False,True,False,False
41763.20315581854,1,0,1,0,1,0,1,0.019889612649793647,-4.2231091863939945,7.130098510926218,3.9512437378121965,2.6390574010438272,10.215985454927447,3.178854833177456,8.174421152928266,4.2568635058865425,2.079441666679828,-13.815510557964274,-13.815510557964274,0.6931476805598203,False,False,False,False,False,True
10412.863802559415,0,0,1,0,0,0,0,0.0,-5.20565419704124,4.644390908756757,2.48490673312133,2.772588784739779,10.093202307287365,2.159484364737981,7.69074316399891,-13.815510557964274,0.6931476805598203,-13.815510557964274,-13.815510557964274,1.0986126220013874,True,False,False,False,False,False
41763.20315581854,0,0,0,0,0,0,0,0.022698099621176544,-4.2231091863939945,6.919683850835553,3.9512437378121965,2.890371813451719,7.95171390561302,2.968440182649381,8.174421152928266,4.388947089932248,9.999994999180668e-07,3.5835189662338873,1.0986126220013874,1.3862946111198593,False,False,False,False,False,True
4092.5737704918033,1,0,0,0,0,0,0,0.0,-2.0567423099955247,4.912654893088993,4.356708839510104,2.944439031798018,10.560306649040475,0.5559466325757075,6.413458958806701,-13.815510557964274,0.6931476805598203,-13.815510557964274,-13.815510557964274,1.0986126220013874,False,False,True,False,False,False
7640.563613231552,1,0,1,0,0,0,0,0.0456614149784453,-7.358533207287776,10.469653271363669,9.999994999180668e-07,2.890371813451719,10.369437388262297,10.469653271363669,7.360103973625284,4.2736023380134744,1.0986126220013874,-13.815510557964274,-13.815510557964274,0.6931476805598203,False,False,False,False,True,False
41763.20315581854,1,1,1,0,0,0,0,0.023006518810084045,-4.2231091863939945,11.033016943855118,3.9512437378121965,2.1972246884473243,10.152848395446561,7.0817732260978135,8.174421152928266,4.4024434882085695,1.3862946111198593,7.704361168361169,5.1984970367906875,9.999994999180668e-07,False,False,False,False,False,True
7640.563613231552,0,0,1,0,0,0,0,0.035413551585740145,-4.720934363963177,8.89453313593569,2.6390574010438272,3.49650759176951,9.911230783913622,6.255475808103207,7.360103973625284,4.019443272011945,9.999994999180668e-07,-13.815510557964274,-13.815510557964274,1.6094381124340804,False,False,False,False,True,False
41763.20315581854,0,0,1,1,1,0,0,0.021132713440405747,-5.689218796583907,6.57925121339899,2.48490673312133,2.890371813451719,10.291932039869998,4.094344578888768,8.174421152928266,4.317488126869644,1.0986126220013874,2.9957323235539897,9.999994999180668e-07,0.6931476805598203,False,False,False,False,False,True
10412.863802559415,0,0,0,0,0,1,0,0.04570383912248629,-7.688557553728022,5.214935763043768,9.999994999180668e-07,1.7917596358947079,8.362116469142244,5.214935763043768,7.69074316399891,4.605170195988091,9.999994999180668e-07,-13.815510557964274,-13.815510557964274,9.999994999180668e-07,True,False,False,False,False,False
7640.563613231552,1,0,0,0,0,0,1,0.0,-7.358533207287776,4.477336825841843,9.999994999180668e-07,2.772588784739779,8.817967018114343,4.477336825841843,7.360103973625284,-13.815510557964274,0.6931476805598203,9.999994999180668e-07,-13.815510557964274,0.6931476805598203,False,False,False,False,True,False
10412.863802559415,1,1,0,0,0,0,0,0.03462836890568746,-7.688557553728022,9.899881056992196,9.999994999180668e-07,3.555348090060842,10.60563551157528,9.899881056992196,7.69074316399891,4.327661154447741,1.3862946111198593,-13.815510557964274,-13.815510557964274,1.945910291912446,True,False,False,False,False,False
10412.863802559415,0,0,0,0,1,0,0,0.027422303473491772,-7.688557553728022,5.634789606740678,9.999994999180668e-07,3.5263605540279257,9.485030791126556,5.634789606740678,7.69074316399891,4.094344578888768,0.6931476805598203,-13.815510557964274,-13.815510557964274,1.7917596358947079,True,False,False,False,False,False
6112.369742419302,0,0,0,1,0,0,1,0.0,-8.02539285776425,3.555348090060842,9.999994999180668e-07,3.367295864469232,9.2231297982103,3.555348090060842,8.028455164440302,-13.815510557964274,0.6931476805598203,-13.815510557964274,-13.815510557964274,1.3862946111198593,False,False,False,True,False,False
7640.563613231552,0,0,1,0,0,0,0,0.0461887376922226,-6.260967821561102,9.831131890397739,1.0986126220013874,3.2580965764830196,9.911230783913622,8.732519601837133,7.360103973625284,4.285084703254106,9.999994999180668e-07,6.824373671130043,4.382026647173881,1.0986126220013874,False,False,False,False,True,False
7640.563613231552,0,0,0,0,1,0,0,0.03469812630117973,-6.260967821561102,6.602587893546189,1.0986126220013874,3.332204545889489,9.84741294036413,5.503975607591783,7.360103973625284,3.9990344007511087,9.999994999180668e-07,-13.815510557964274,-13.815510557964274,1.7917596358947079,False,False,False,False,True,False
7640.563613231552,0,0,1,0,0,0,1,0.041399087200613915,-7.358533207287776,7.672292456094304,9.999994999180668e-07,2.944439031798018,10.311982324581455,7.672292456094304,7.360103973625284,4.17560754166672,1.3862946111198593,-13.815510557964274,-13.815510557964274,1.0986126220013874,False,False,False,False,True,False
10412.863802559415,0,1,0,0,0,0,1,0.0,-7.688557553728022,4.1588830989846715,9.999994999180668e-07,3.761200138949376,9.42689138105721,4.1588830989846715,7.69074316399891,-13.815510557964274,1.0986126220013874,-13.815510557964274,-13.815510557964274,1.7917596358947079,True,False,False,False,False,False
41763.20315581854,0,0,1,1,0,0,0,0.021856887421229623,-4.48545297746839,7.854381211040413,3.688879479113936,3.610917939671251,10.21698104990104,4.165501772060353,8.174421152928266,4.351181972214349,1.3862946111198593,4.6728288438077,2.9957323235539897,1.6094381124340804,False,False,False,False,False,True
10412.863802559415,1,1,1,0,0,0,0,0.03695930787035139,-7.688557553728022,10.87849992024515,9.999994999180668e-07,3.7841896566455335,10.27311312432624,10.87849992024515,7.69074316399891,4.392805417072333,1.6094381124340804,-13.815510557964274,-13.815510557964274,1.7917596358947079,True,False,False,False,False,False
41763.20315581854,1,0,0,0,1,0,0,0.02194774922047649,-4.2231091863939945,9.606899270680614,3.9512437378121965,3.401197414995488,10.224690558046179,5.655655555529603,8.174421152928266,4.355330479557667,1.6094381124340804,6.182084908782747,3.49650759176951,1.6094381124340804,False,False,False,False,False,True
41763.20315581854,1,1,1,1,0,0,0,0.020663097586174507,-5.87148122261456,7.23417718047135,2.3025851929940404,3.465735934049726,10.122410899505171,4.93159209397081,8.174421152928266,4.295015271320615,1.6094381124340804,2.7080502677688743,9.999994999180668e-07,1.6094381124340804,False,False,False,False,False,True
10412.863802559415,0,0,0,0,0,1,0,0.04570383912248629,-7.688557553728022,4.875197330834739,9.999994999180668e-07,1.6094381124340804,8.362116469142244,4.875197330834739,7.69074316399891,4.605170195988091,9.999994999180668e-07,-13.815510557964274,-13.815510557964274,9.999994999180668e-07,True,False,False,False,False,False
41763.20315581854,0,0,1,0,1,0,0,0.023777896619340887,-5.609198832442679,11.724231225306642,2.5649494343846104,2.397895363707457,9.818898586493617,9.159281867942248,8.174421152928266,4.435422321197225,1.0986126220013874,-13.815510557964274,-13.815510557964274,9.999994999180668e-07,False,False,False,False,False,True
41763.20315581854,0,0,1,0,0,0,0,0.0,-4.2231091863939945,4.060443027787798,3.9512437378121965,3.465735934049726,9.911230783913622,0.10920018851631418,8.174421152928266,-13.815510557964274,9.999994999180668e-07,9.999994999180668e-07,-13.815510557964274,1.6094381124340804,False,False,False,False,False,True
41763.20315581854,0,0,1,0,0,0,0,0.024431913428992296,-5.689218796583907,8.59840444702546,2.48490673312133,3.6635616717706716,9.930382188212418,6.113497799265858,8.174421152928266,4.462556090322096,0.6931476805598203,5.062595039356081,2.833213402879744,1.7917596358947079,False,False,False,False,False,True
4092.5737704918033,1,1,1,0,0,0,0,0.0,-3.897795867162686,5.659482219243942,2.515613875923528,2.397895363707457,10.333488700441904,3.1438684637650685,6.413458958806701,-13.815510557964274,1.0986126220013874,-13.815510557964274,-13.815510557964274,0.6931476805598203,False,False,True,False,False,False
41763.20315581854,1,1,0,0,0,0,0,0.02174284427464318,-3.999979284241385,10.119445348075901,4.174387285280252,2.9957323235539897,10.501455688823205,5.945058080758725,8.174421152928266,4.345950591159255,1.6094381124340804,6.453625000467495,3.5835189662338873,0.6931476805598203,False,False,False,False,False,True
41763.20315581854,1,1,1,1,0,0,0,0.02185785556826281,-4.282528428587264,9.459151670116944,3.8918203185187896,2.944439031798018,10.34686238994119,5.567331375749006,8.174421152928266,4.351226266059156,1.945910291912446,5.6058020699724675,3.5263605540279257,0.6931476805598203,False,False,False,False,False,True
41763.20315581854,0,0,1,1,0,0,0,0.02027862898916206,-5.689218796583907,10.593279109307796,2.48490673312133,2.890371813451719,10.372950842140785,8.108372459795719,8.174421152928266,4.276233459912271,1.3862946111198593,-13.815510557964274,-13.815510557964274,1.0986126220013874,False,False,False,False,False,True
41763.20315581854,0,0,1,0,0,0,0,0.0,-4.5107685106570985,4.812184363502499,3.6635616717706716,3.13549425940741,9.911230783913622,1.1486230263158916,8.174421152928266,-13.815510557964274,9.999994999180668e-07,9.999994999180668e-07,-13.815510557964274,1.0986126220013874,False,False,False,False,False,True
7640.563613231552,1,1,0,0,0,0,0,0.03962921665983678,-7.358533207287776,9.933822752380706,9.999994999180668e-07,2.890371813451719,10.561316824387893,9.933822752380706,7.360103973625284,4.131915350723355,1.6094381124340804,6.685860948316798,4.174387285280252,0.6931476805598203,False,False,False,False,True,False
10412.863802559415,1,0,0,0,0,1,0,0.034218057562908584,-7.688557553728022,9.989573501495133,9.999994999180668e-07,3.7376696420928917,10.458321212909148,9.989573501495133,7.69074316399891,4.315741401558012,1.3862946111198593,6.861711341527851,5.099866433921759,1.945910291912446,True,False,False,False,False,False
10412.863802559415,1,1,0,0,0,0,0,0.037309256426519416,-7.688557553728022,7.84463264485653,9.999994999180668e-07,2.7080502677688743,10.53535845781305,7.84463264485653,7.69074316399891,4.402229354241401,1.3862946111198593,4.584967488874653,0.6931476805598203,1.0986126220013874,True,False,False,False,False,False
10412.863802559415,0,1,0,1,0,0,1,0.029297332770824545,-7.688557553728022,7.194436851851085,9.999994999180668e-07,4.1108738805667535,9.616872037231538,7.194436851851085,7.69074316399891,4.160484380326645,1.3862946111198593,-13.815510557964274,-13.815510557964274,2.1972246884473243,True,False,False,False,False,False
6112.369742419302,1,1,0,1,0,0,0,0.022797097876423825,-8.02539285776425,9.787796078096068,9.999994999180668e-07,3.555348090060842,10.704687098340825,9.787796078096068,8.028455164440302,4.247333141171507,1.6094381124340804,-13.815510557964274,-13.815510557964274,1.6094381124340804,False,False,False,True,False,False
6112.369742419302,0,1,0,1,0,0,0,0.024453863710466255,-7.3337756581647415,5.2040066925713,0.6931476805598203,3.465735934049726,10.237304782758201,4.510859517505861,8.028455164440302,4.317488126869644,1.0986126220013874,1.3862946111198593,-13.815510557964274,1.7917596358947079,False,False,False,True,False,False
6112.369742419302,0,0,0,0,0,0,1,0.020545711975916852,-7.3337756581647415,7.723562472720252,0.6931476805598203,2.944439031798018,7.868225738407096,7.030415292602589,8.028455164440302,4.14335215719836,9.999994999180668e-07,4.290459454847021,9.999994999180668e-07,1.0986126220013874,False,False,False,True,False,False
7640.563613231552,0,0,1,1,0,0,1,0.05059900978128996,-7.358533207287776,10.63209839739577,9.999994999180668e-07,4.060443027787798,10.691605667830785,10.63209839739577,7.360103973625284,4.376280713141255,1.3862946111198593,-13.815510557964274,-13.815510557964274,2.3025851929940404,False,False,False,False,True,False
41763.20315581854,0,0,1,1,0,0,0,0.023828656307288785,-5.535110355156934,11.411767218520346,2.6390574010438272,2.944439031798018,10.341481211119987,8.772709889048928,8.174421152928266,4.43755478840865,1.0986126220013874,8.265650165837531,6.049733457590448,1.3862946111198593,False,False,False,False,False,True
41763.20315581854,0,1,0,0,0,0,1,0.0070442378134685825,-4.303146206971848,6.687108609113397,3.871201031741224,3.401197414995488,9.590397150850096,2.815907656808996,8.174421152928266,3.2188758648682,0.6931476805598203,1.3862946111198593,-13.815510557964274,1.6094381124340804,False,False,False,False,False,True
4092.5737704918033,0,0,0,1,0,0,0,0.1008827238335435,-6.412849143141731,6.421622269432534,9.999994999180668e-07,2.6390574010438272,9.585520966175313,6.421622269432534,6.413458958806701,4.11966238645639,0.6931476805598203,-13.815510557964274,-13.815510557964274,0.6931476805598203,False,False,True,False,False,False
6112.369742419302,0,1,1,1,0,0,0,0.024851487510636438,-8.02539285776425,10.25068775254765,9.999994999180668e-07,3.688879479113936,10.330767911307118,10.25068775254765,8.028455164440302,4.333617508586194,1.6094381124340804,-13.815510557964274,-13.815510557964274,1.945910291912446,False,False,False,True,False,False
6112.369742419302,0,0,0,0,0,0,1,0.021736767742636668,-6.928821064339634,7.22110509891349,1.0986126220013874,3.332204545889489,7.868225738407096,6.122492811707368,8.028455164440302,4.199705092879927,9.999994999180668e-07,3.5835189662338873,9.999994999180668e-07,1.3862946111198593,False,False,False,True,False,False
41763.20315581854,0,0,1,0,0,0,1,0.0,-5.87148122261456,4.7361984571664255,2.3025851929940404,3.367295864469232,9.566261260676077,2.4336134431197443,8.174421152928266,-13.815510557964274,0.6931476805598203,-13.815510557964274,-13.815510557964274,1.6094381124340804,False,False,False,False,False,True
7640.563613231552,1,1,1,0,1,0,0,0.045160538430161414,-7.358533207287776,9.75068596233642,9.999994999180668e-07,4.143134742264548,10.393931683400716,9.75068596233642,7.360103973625284,4.262572370026217,1.7917596358947079,6.6669567937014715,4.174387285280252,2.5649494343846104,False,False,False,False,True,False
10412.863802559415,0,1,1,0,0,0,0,0.022851919561243144,-7.688557553728022,5.17048400071997,9.999994999180668e-07,4.094344578888768,10.118270002685447,5.17048400071997,7.69074316399891,3.912023025428146,0.6931476805598203,-13.815510557964274,-13.815510557964274,2.3025851929940404,True,False,False,False,False,False
6112.369742419302,1,0,0,1,0,0,0,0.025776847611032487,-8.02539285776425,8.089175679144404,9.999994999180668e-07,3.9512437378121965,10.247819104355012,8.089175679144404,8.028455164440302,4.3701766074053925,0.6931476805598203,-13.815510557964274,-13.815510557964274,1.945910291912446,False,False,False,True,False,False
6112.369742419302,0,0,0,0,0,0,1,0.020921638952287797,-6.928821064339634,7.881182202604887,1.0986126220013874,2.079441666679828,7.868225738407096,6.78256991469235,8.028455164440302,4.161483880644145,9.999994999180668e-07,4.787491751115379,1.0986126220013874,9.999994999180668e-07,False,False,False,True,False,False
10412.863802559415,1,0,0,0,1,0,0,0.030469226081657523,-7.688557553728022,6.6669567937014715,9.999994999180668e-07,4.007333203414289,10.092953778978782,6.6669567937014715,7.69074316399891,4.199705092879927,1.0986126220013874,3.0445224853424695,-13.815510557964274,2.079441666679828,True,False,False,False,False,False
41763.20315581854,0,0,0,0,0,0,0,0.02205399202768031,-3.3302061216964662,10.661415412434419,4.844187094332607,2.6390574010438272,10.073402639187227,5.817228328928237,8.174421152928266,4.3601595162862585,1.0986126220013874,6.9017372076626105,4.795790553861204,0.6931476805598203,False,False,False,False,False,True
41763.20315581854,1,1,0,1,0,0,0,0.023862735365650197,-4.996219458230981,11.695988413540368,3.1780538720146114,3.7841896566455335,10.556714443098839,8.517934583383948,8.174421152928266,4.43898393788673,1.6094381124340804,-13.815510557964274,-13.815510557964274,1.945910291912446,False,False,False,False,False,True
41763.20315581854,1,0,0,1,1,0,0,0.023472999551020435,-4.262327169737311,11.09583302063626,3.912023025428146,3.4339872367432105,10.266402907288645,7.18381001595171,8.174421152928266,4.422516690987604,1.945910291912446,8.010691539462197,5.899897356322217,1.6094381124340804,False,False,False,False,False,True
41763.20315581854,0,0,1,0,1,0,0,0.0202296060284226,-5.609198832442679,8.174984533224698,2.5649494343846104,2.833213402879744,9.94516900230081,5.610035179142492,8.174421152928266,4.27381306396222,0.6931476805598203,4.356708839510104,1.3862946111198593,1.0986126220013874,False,False,False,False,False,True
7640.563613231552,0,0,0,0,0,0,1,0.0,-6.666171101165439,5.537334270955545,0.6931476805598203,3.465735934049726,7.868225738407096,4.844187094332607,7.360103973625284,-13.815510557964274,9.999994999180668e-07,-13.815510557964274,-13.815510557964274,1.6094381124340804,False,False,False,False,True,False
7640.563613231552,0,1,1,0,0,0,1,0.04265828468792096,-7.358533207287776,7.947678571655049,9.999994999180668e-07,3.6635616717706716,9.757396691627354,7.947678571655049,7.360103973625284,4.205570212244606,1.0986126220013874,-13.815510557964274,-13.815510557964274,1.7917596358947079,False,False,False,False,True,False
6112.369742419302,0,1,0,0,0,1,0,0.027714378871861754,-8.02539285776425,7.029087565035402,9.999994999180668e-07,2.772588784739779,10.525644595581905,7.029087565035402,8.028455164440302,4.442651268255022,1.0986126220013874,3.688879479113936,0.6931476805598203,1.3862946111198593,False,False,False,True,False,False
7640.563613231552,1,1,0,0,0,0,0,0.04976385641719012,-7.358533207287776,9.455558477686957,9.999994999180668e-07,3.7135720910945516,10.60563551157528,9.455558477686957,7.360103973625284,4.359637652563421,1.3862946111198593,-13.815510557964274,-13.815510557964274,1.945910291912446,False,False,False,False,True,False
10412.863802559415,0,0,1,0,0,0,1,0.0,-7.688557553728022,5.017279843437441,9.999994999180668e-07,3.871201031741224,10.091897029969894,5.017279843437441,7.69074316399891,-13.815510557964274,1.3862946111198593,-13.815510557964274,-13.815510557964274,1.945910291912446,True,False,False,False,False,False
4092.5737704918033,0,0,1,0,0,0,0,0.124966406879871,-3.7053680902253467,9.672311829587658,2.7080502677688743,3.2580965764830196,9.876117148624875,6.964261629367504,6.413458958806701,4.33374864752637,1.0986126220013874,-13.815510557964274,-13.815510557964274,1.3862946111198593,False,False,True,False,False,False
41763.20315581854,0,0,1,0,0,0,0,0.0,-3.6970440094360497,3.610917939671251,4.477336825841843,2.9957323235539897,9.837484749753822,-0.866416523458432,8.174421152928266,-13.815510557964274,0.6931476805598203,-13.815510557964274,-13.815510557964274,1.0986126220013874,False,False,False,False,False,True
1266.400447427293,0,0,0,0,0,0,0,0.22371364653243847,-6.102111694488308,4.382026647173881,9.999994999180668e-07,3.2188758648682,8.024016164881164,4.382026647173881,6.102558596850705,4.605170195988091,9.999994999180668e-07,-13.815510557964274,-13.815510557964274,1.6094381124340804,False,True,False,False,False,False
10412.863802559415,0,0,1,0,0,0,0,0.022851919561243144,-7.688557553728022,4.6728288438077,9.999994999180668e-07,3.610917939671251,9.911230783913622,4.6728288438077,7.69074316399891,3.912023025428146,9.999994999180668e-07,0.6931476805598203,-13.815510557964274,1.3862946111198593,True,False,False,False,False,False
41763.20315581854,0,1,0,0,0,0,1,0.0,-5.87148122261456,3.7135720910945516,2.3025851929940404,2.7080502677688743,8.337517314425417,1.4109872176126714,8.174421152928266,-13.815510557964274,0.6931476805598203,-13.815510557964274,-13.815510557964274,1.0986126220013874,False,False,False,False,False,True
10412.863802559415,0,1,1,0,0,0,1,0.0,-6.080867746826728,4.624972823088193,1.6094381124340804,3.13549425940741,9.757396691627354,3.015534949869777,7.69074316399891,-13.815510557964274,1.0986126220013874,9.999994999180668e-07,-13.815510557964274,0.6931476805598203,True,False,False,False,False,False
7640.563613231552,0,0,1,0,1,0,0,0.04089422028353326,-6.260967821561102,8.04590874259119,1.0986126220013874,4.430816810748075,9.887363304158281,6.9472964545639,7.360103973625284,4.163337449264608,1.0986126220013874,4.248495256335073,1.3862946111198593,2.772588784739779,False,False,False,False,True,False
6112.369742419302,1,1,1,0,0,0,0,0.02852950766221063,-6.236184658820706,7.478169694725077,1.7917596358947079,3.13549425940741,10.36613484261197,5.686410228323477,8.028455164440302,4.47163880479214,1.0986126220013874,4.025351708592292,1.6094381124340804,1.3862946111198593,False,False,False,True,False,False
7640.563613231552,0,0,1,0,0,0,0,0.048164303889494726,-7.358533207287776,8.277157772686069,9.999994999180668e-07,3.332204545889489,10.093202307287365,8.277157772686069,7.360103973625284,4.326966870698401,0.6931476805598203,-13.815510557964274,-13.815510557964274,1.3862946111198593,False,False,False,False,True,False
41763.20315581854,1,0,0,0,1,0,0,0.022831408225103905,-4.916188123940292,10.09228807546919,3.2580965764830196,2.772588784739779,9.93954340428779,6.834191538482647,8.174421152928266,4.394803027742024,1.3862946111198593,7.078341580400841,4.744932137058902,0.6931476805598203,False,False,False,False,False,True
41763.20315581854,1,0,1,0,1,0,1,0.0221056744643655,-5.689218796583907,10.148196881804045,2.48490673312133,2.890371813451719,10.341663855162157,7.663290232446657,8.174421152928266,4.362500225070005,1.3862946111198593,-13.815510557964274,-13.815510557964274,1.0986126220013874,False,False,False,False,False,True
10412.863802559415,0,0,1,0,1,0,1,0.0402556993595409,-7.688557553728022,8.65032450419449,9.999994999180668e-07,2.9957323235539897,9.862246779179781,8.65032450419449,7.69074316399891,4.478239488748304,1.3862946111198593,-13.815510557964274,-13.815510557964274,1.3862946111198593,True,False,False,False,False,False
7640.563613231552,0,1,0,1,0,0,0,0.04878022140486257,-7.358533207287776,11.806937461124331,9.999994999180668e-07,3.401197414995488,10.586902804005385,11.806937461124331,7.360103973625284,4.339673638670344,1.0986126220013874,8.7830896719494,6.622736325279627,1.3862946111198593,False,False,False,False,True,False
7640.563613231552,0,0,1,0,1,0,0,0.031806615776081425,-6.260967821561102,6.439350372697542,1.0986126220013874,3.1780538720146114,9.946505683586196,5.340738087224321,7.360103973625284,3.912023025428146,1.0986126220013874,-13.815510557964274,-13.815510557964274,1.6094381124340804,False,False,False,False,True,False
41763.20315581854,1,0,0,0,0,0,1,0.0,-4.2231091863939945,4.174387285280252,3.9512437378121965,3.1780538720146114,8.817967018114343,0.22314435131388968,8.174421152928266,-13.815510557964274,0.6931476805598203,-13.815510557964274,-13.815510557964274,1.0986126220013874,False,False,False,False,False,True
7640.563613231552,0,0,1,0,0,0,0,0.0,-7.358533207287776,4.204692634316339,9.999994999180668e-07,3.0445224853424695,10.406146469313184,4.204692634316339,7.360103973625284,-13.815510557964274,0.6931476805598203,-13.815510557964274,-13.815510557964274,1.0986126220013874,False,False,False,False,True,False
6112.369742419302,0,0,0,1,0,0,1,0.032605151613955004,-8.02539285776425,3.850147622986654,9.999994999180668e-07,3.332204545889489,9.2231297982103,3.850147622986654,8.028455164440302,4.605170195988091,0.6931476805598203,-13.815510557964274,-13.815510557964274,1.945910291912446,False,False,False,True,False,False
6112.369742419302,1,1,0,0,0,0,1,0.024099459888575436,-6.64139434679697,8.547140267978289,1.3862946111198593,3.2188758648682,10.322398470128853,7.160845907440697,8.028455164440302,4.30288932764457,1.0986126220013874,-13.815510557964274,-13.815510557964274,1.3862946111198593,False,False,False,True,False,False
41763.20315581854,1,0,1,0,0,0,0,0.023231956430336997,-5.609198832442679,12.549669442097228,2.5649494343846104,3.0445224853424695,10.55037445234827,9.984720084678244,8.174421152928266,4.412194649017582,1.6094381124340804,-13.815510557964274,-13.815510557964274,1.3862946111198593,False,False,False,False,False,True
10412.863802559415,0,0,1,1,0,0,0,0.03616127930570344,-7.688557553728022,10.270350422896996,9.999994999180668e-07,2.890371813451719,10.281076815802773,10.270350422896996,7.69074316399891,4.3709768111261855,1.3862946111198593,-13.815510557964274,-13.815510557964274,0.6931476805598203,True,False,False,False,False,False
10412.863802559415,1,0,0,0,1,0,0,0.03264559937320449,-7.688557553728022,6.001414880436397,9.999994999180668e-07,3.610917939671251,10.176128228194345,6.001414880436397,7.69074316399891,4.268697963366878,1.3862946111198593,2.6390574010438272,-13.815510557964274,1.6094381124340804,True,False,False,False,False,False
10412.863802559415,1,1,0,0,0,0,1,0.03808653260207191,-7.688557553728022,5.2257466790895455,9.999994999180668e-07,2.833213402879744,9.56888296407913,5.2257466790895455,7.69074316399891,4.422848641194137,1.0986126220013874,-13.815510557964274,-13.815510557964274,1.3862946111198593,True,False,False,False,False,False
41763.20315581854,0,0,1,0,0,0,0,0.0,-4.916188123940292,4.094344578888768,3.2580965764830196,2.772588784739779,9.911230783913622,0.836248457533858,8.174421152928266,-13.815510557964274,9.999994999180668e-07,-13.815510557964274,-13.815510557964274,1.0986126220013874,False,False,False,False,False,True
10412.863802559415,1,0,0,1,0,0,0,0.011425959780621572,-7.688557553728022,4.7095302103213434,9.999994999180668e-07,3.367295864469232,10.011514128900306,4.7095302103213434,7.69074316399891,3.2188758648682,1.0986126220013874,-13.815510557964274,-13.815510557964274,1.3862946111198593,True,False,False,False,False,False
10412.863802559415,1,0,0,1,0,0,0,0.035383617385150674,-7.688557553728022,7.086737935346697,9.999994999180668e-07,2.48490673312133,10.304336148600495,7.086737935346697,7.69074316399891,4.349236824767558,1.3862946111198593,3.4339872367432105,-13.815510557964274,0.6931476805598203,True,False,False,False,False,False
41763.20315581854,1,0,1,0,0,0,0,0.016101115002213902,-4.262327169737311,6.824373671130043,3.912023025428146,3.1780538720146114,10.37481547912676,2.9123507189627644,8.174421152928266,4.045554415552669,1.3862946111198593,3.555348090060842,9.999994999180668e-07,1.3862946111198593,False,False,False,False,False,True
6112.369742419302,0,1,0,0,0,0,1,0.016302575806977502,-8.02539285776425,4.700480374883325,9.999994999180668e-07,3.761200138949376,8.337517314425417,4.700480374883325,8.028455164440302,3.912023025428146,0.6931476805598203,-13.815510557964274,-13.815510557964274,2.079441666679828,False,False,False,True,False,False
10412.863802559415,1,1,1,0,0,0,1,0.03264559937320449,-7.688557553728022,9.224539091474586,9.999994999180668e-07,3.49650759176951,9.799697664491218,9.224539091474586,7.69074316399891,4.268697963366878,1.3862946111198593,6.456769657142022,3.5835189662338873,1.6094381124340804,True,False,False,False,False,False
7640.563613231552,0,0,1,0,0,0,1,0.046414866018516215,-5.568082538077103,9.397981090330628,1.7917596358947079,3.5835189662338873,10.30546916738039,7.6062216215170295,7.360103973625284,4.289968503961291,0.6931476805598203,6.4199949297758065,3.8066625119925415,1.3862946111198593,False,False,False,False,True,False
6112.369742419302,1,0,0,0,1,0,0,0.0286530120243847,-6.64139434679697,6.979145275999909,1.3862946111198593,2.890371813451719,10.092953778978782,5.5928509176733145,8.028455164440302,4.475958465887396,1.0986126220013874,3.49650759176951,-13.815510557964274,1.0986126220013874,False,False,False,True,False,False
10412.863802559415,1,0,0,0,1,0,0,0.03948741655984926,-7.688557553728022,9.620394932484515,9.999994999180668e-07,3.912023025428146,10.052926180935547,9.620394932484515,7.69074316399891,4.458969949182411,1.6094381124340804,6.257667589798348,4.094344578888768,2.1972246884473243,True,False,False,False,False,False
6112.369742419302,0,0,0,0,0,0,1,0.022724802640029247,-8.02539285776425,6.5971457032509075,9.999994999180668e-07,3.871201031741224,7.868225738407096,6.5971457032509075,8.028455164440302,4.244156854798587,9.999994999180668e-07,3.49650759176951,-13.815510557964274,1.945910291912446,False,False,False,True,False,False
6112.369742419302,1,0,0,0,0,0,0,0.0,-8.02539285776425,4.369447865125249,9.999994999180668e-07,2.944439031798018,9.565831946646995,4.369447865125249,8.028455164440302,-13.815510557964274,0.6931476805598203,-13.815510557964274,-13.815510557964274,1.0986126220013874,False,False,False,True,False,False
41763.20315581854,1,0,1,0,1,0,0,0.02255750270112146,-5.689218796583907,9.874419130090255,2.48490673312133,3.2580965764830196,10.143411252319728,7.389512480868477,8.174421152928266,4.382733610785867,1.3862946111198593,-13.815510557964274,-13.815510557964274,1.6094381124340804,False,False,False,False,False,True
41763.20315581854,0,0,1,0,0,0,0,0.021547080370609782,-5.609198832442679,7.487173694773964,2.5649494343846104,2.890371813451719,9.911230783913622,4.922224344035116,8.174421152928266,4.336906212470335,9.999994999180668e-07,-13.815510557964274,-13.815510557964274,1.0986126220013874,False,False,False,False,False,True
1266.400447427293,0,0,0,0,0,0,1,0.0,-6.102111694488308,3.688879479113936,9.999994999180668e-07,2.890371813451719,8.653286306877517,3.688879479113936,6.102558596850705,-13.815510557964274,0.6931476805598203,-13.815510557964274,-13.815510557964274,1.3862946111198593,False,True,False,False,False,False
41763.20315581854,1,1,0,1,0,0,0,0.0,-5.658520592276317,10.004824986487227,2.515613875923528,2.772588784739779,10.693018239503983,7.489211191890892,8.174421152928266,-13.815510557964274,1.3862946111198593,-13.815510557964274,-13.815510557964274,1.0986126220013874,False,False,False,False,False,True
10412.863802559415,1,1,0,0,1,0,0,0.036081978254594436,-7.688557553728022,6.795705776292082,9.999994999180668e-07,2.7080502677688743,10.285041287951811,6.795705776292082,7.69074316399891,4.368781420590527,1.3862946111198593,2.944439031798018,9.999994999180668e-07,1.0986126220013874,True,False,False,False,False,False
41763.20315581854,0,1,0,1,1,0,0,0.023579304273268906,-4.916188123940292,12.561356121830178,3.2580965764830196,3.2958369030413657,10.485730719068686,9.303259583896317,8.174421152928266,4.427035275337742,1.6094381124340804,-13.815510557964274,-13.815510557964274,1.3862946111198593,False,False,False,False,False,True
41763.20315581854,0,1,1,0,0,0,1,0.01878463416924955,-2.8760860412559004,5.267858164217968,5.298317371548037,2.890371813451719,9.912731374510196,-0.030458176557404897,8.174421152928266,4.199705092879927,1.3862946111198593,1.7917596358947079,-13.815510557964274,1.0986126220013874,False,False,False,False,False,True
10412.863802559415,0,0,0,1,0,0,0,0.018281535648994516,-7.688557553728022,5.298317371548037,9.999994999180668e-07,3.09104249881286,9.797925220956992,5.298317371548037,7.69074316399891,3.688879479113936,9.999994999180668e-07,1.6094381124340804,-13.815510557964274,1.6094381124340804,True,False,False,False,False,False
1266.400447427293,0,0,0,0,0,0,0,0.11185682326621924,-6.102111694488308,4.406719259459375,9.999994999180668e-07,2.3025851929940404,8.024016164881164,4.406719259459375,6.102558596850705,3.912023025428146,9.999994999180668e-07,-13.815510557964274,-13.815510557964274,9.999994999180668e-07,False,True,False,False,False,False
41763.20315581854,1,1,0,0,0,0,0,0.02252823856751844,-5.609198832442679,11.651852276120362,2.5649494343846104,2.890371813451719,10.73554126426392,9.08690291876326,8.174421152928266,4.381435455913685,1.0986126220013874,-13.815510557964274,-13.815510557964274,1.3862946111198593,False,False,False,False,False,True
6112.369742419302,0,1,1,1,0,0,0,0.02852950766221063,-8.02539285776425,5.82008293331972,9.999994999180668e-07,3.6375861860421748,10.083919595682184,5.82008293331972,8.028455164440302,4.47163880479214,1.0986126220013874,2.079441666679828,-13.815510557964274,1.7917596358947079,False,False,False,True,False,False
6112.369742419302,1,1,1,0,0,0,1,0.02630642914307733,-7.3337756581647415,7.6063873902699175,0.6931476805598203,2.48490673312133,10.528055738713794,6.913240210207237,8.028455164440302,4.390513260945566,1.6094381124340804,4.477336825841843,1.0986126220013874,0.6931476805598203,False,False,False,True,False,False
