avg_members_by_type,Action/Adventure,Fantasy/Supernatural,Comedy,Drama/Romance,Science Fiction,Psychological/Thriller,Other/Uncategorized,type_user_activity_ratio,log_episodes_per_type,log_members,log_episodes,log_len_of_title,log_avg_members_genre,log_episode_density,log_anime_count_by_type,log_user_activity,log_genre_count,log_total_rated,log_favourite_count,log_word_count,type_Movie,type_Music,type_ONA,type_OVA,type_Special,type_TV
7640.563613231552,1,0,1,0,0,0,0,0.047382695106755045,-6.666171101165439,9.364691031891805,0.6931476805598203,2.890371813451719,9.914029007665217,8.671543851417557,7.360103973625284,4.310605787338783,0.6931476805598203,-13.815510557964274,-13.815510557964274,0.6931476805598203,False,False,False,False,True,False
6112.369742419302,0,0,1,0,0,0,1,0.023015401139262356,-7.3337756581647415,6.946975993096957,0.6931476805598203,2.6390574010438272,9.122397493808293,6.25382881349855,8.028455164440302,4.2568635058865425,1.0986126220013874,3.5263605540279257,-13.815510557964274,0.6931476805598203,False,False,False,True,False,False
6112.369742419302,1,0,0,0,1,0,0,0.027456969780172633,-7.3337756581647415,8.260751354958977,0.6931476805598203,0.6931476805598203,10.225180538424821,7.567604174657498,8.028455164440302,4.433319940936432,0.6931476805598203,5.023880527425224,1.0986126220013874,9.999994999180668e-07,False,False,False,True,False,False
6112.369742419302,0,0,0,1,0,0,1,0.0,-8.02539285776425,3.610917939671251,9.999994999180668e-07,2.890371813451719,9.2231297982103,3.610917939671251,8.028455164440302,-13.815510557964274,0.6931476805598203,-13.815510557964274,-13.815510557964274,1.0986126220013874,False,False,False,True,False,False
10412.863802559415,0,1,0,1,0,0,1,0.03917471924784539,-7.688557553728022,5.897153870383994,9.999994999180668e-07,2.944439031798018,9.71485921456875,5.897153870383994,7.69074316399891,4.4510195178275,1.0986126220013874,1.945910291912446,-13.815510557964274,0.6931476805598203,True,False,False,False,False,False
6112.369742419302,1,0,1,0,1,0,0,0.024836415128319512,-6.236184658820706,8.814776088693803,1.7917596358947079,3.0445224853424695,10.013008892349378,7.0230166202083595,8.028455164440302,4.333010826404781,1.3862946111198593,5.624017509797447,2.1972246884473243,1.0986126220013874,False,False,False,True,False,False
10412.863802559415,1,1,0,0,0,0,1,0.022851919561243144,-7.688557553728022,4.6728288438077,9.999994999180668e-07,3.7135720910945516,9.56888296407913,4.6728288438077,7.69074316399891,3.912023025428146,1.0986126220013874,-13.815510557964274,-13.815510557964274,1.7917596358947079,True,False,False,False,False,False
6112.369742419302,0,0,0,1,0,0,1,0.0,-8.02539285776425,3.688879479113936,9.999994999180668e-07,3.2958369030413657,9.2231297982103,3.688879479113936,8.028455164440302,-13.815510557964274,0.6931476805598203,-13.815510557964274,-13.815510557964274,1.6094381124340804,False,False,False,True,False,False
6112.369742419302,1,0,0,1,1,0,0,0.0219507123070327,-8.02539285776425,9.30701325932723,9.999994999180668e-07,3.1780538720146114,10.258272540072834,9.30701325932723,8.028455164440302,4.2094994903260154,1.6094381124340804,6.230481449546986,3.7841896566455335,1.6094381124340804,False,False,False,True,False,False
6112.369742419302,1,0,0,0,0,0,1,0.021736767742636668,-7.3337756581647415,5.726847750844526,0.6931476805598203,3.8918203185187896,8.817967018114343,5.03370057354191,8.028455164440302,4.199705092879927,0.6931476805598203,1.0986126220013874,-13.815510557964274,1.945910291912446,False,False,False,True,False,False
41763.20315581854,1,0,0,0,1,0,0,0.024192331884639574,-5.689218796583907,9.13216259102029,2.48490673312133,4.04305128537841,9.704884196475403,6.647255942421737,8.174421152928266,4.452701603990876,0.6931476805598203,-13.815510557964274,-13.815510557964274,2.1972246884473243,False,False,False,False,False,True
6112.369742419302,0,0,1,1,0,0,0,0.025492753345224623,-6.928821064339634,9.02292586823683,1.0986126220013874,2.890371813451719,10.535672485186234,7.924313579809947,8.028455164440302,4.359094127158743,1.0986126220013874,6.011267176855142,2.6390574010438272,0.6931476805598203,False,False,False,True,False,False
10412.863802559415,0,0,1,1,0,0,0,0.02611647949856359,-7.688557553728022,5.966146741687795,9.999994999180668e-07,2.9957323235539897,10.291681347349652,5.966146741687795,7.69074316399891,4.045554415552669,1.3862946111198593,1.945910291912446,-13.815510557964274,1.0986126220013874,True,False,False,False,False,False
10412.863802559415,1,0,1,0,0,0,0,0.03325064920944369,-7.688557553728022,9.426902312005366,9.999994999180668e-07,3.9318256523321686,10.102723265765446,9.426902312005366,7.69074316399891,4.287062190312284,1.0986126220013874,6.58340922354189,4.060443027787798,1.945910291912446,True,False,False,False,False,False
7640.563613231552,0,0,1,0,0,0,0,0.04770992366412214,-6.666171101165439,7.985824666759169,0.6931476805598203,3.610917939671251,10.093202307287365,7.292677486539476,7.360103973625284,4.317488126869644,0.6931476805598203,-13.815510557964274,-13.815510557964274,1.7917596358947079,False,False,False,False,True,False
6112.369742419302,0,0,0,0,0,0,1,0.0,-7.3337756581647415,5.3033049130342,0.6931476805598203,3.2188758648682,7.868225738407096,4.610157737449379,8.028455164440302,-13.815510557964274,9.999994999180668e-07,1.3862946111198593,-13.815510557964274,1.0986126220013874,False,False,False,True,False,False
7640.563613231552,0,0,1,0,0,0,0,0.03654377131719994,-4.141165270097815,8.802221746552853,3.2188758648682,2.890371813451719,9.911230783913622,5.583345925294218,7.360103973625284,4.05085946768977,9.999994999180668e-07,4.948759897470366,2.48490673312133,0.6931476805598203,False,False,False,False,True,False
41763.20315581854,0,1,0,0,0,0,1,0.0,-6.382070358285614,4.262679891125822,1.7917596358947079,3.828641418228225,8.337517314425417,2.470920492320299,8.174421152928266,-13.815510557964274,0.6931476805598203,-13.815510557964274,-13.815510557964274,1.945910291912446,False,False,False,False,False,True
7640.563613231552,0,0,1,1,0,0,0,0.049539507757436554,-7.358533207287776,7.98036576545336,9.999994999180668e-07,2.1972246884473243,9.975014888772993,7.98036576545336,7.360103973625284,4.355119194594867,0.6931476805598203,-13.815510557964274,-13.815510557964274,9.999994999180668e-07,False,False,False,False,True,False
1266.400447427293,0,0,0,0,0,0,0,0.16659526869436905,-6.102111694488308,8.799963219657736,9.999994999180668e-07,3.761200138949376,8.024016164881164,8.799963219657736,6.102558596850705,4.310370659196018,9.999994999180668e-07,-13.815510557964274,-13.815510557964274,1.945910291912446,False,True,False,False,False,False
41763.20315581854,0,0,1,0,0,0,0,0.0,-4.536741602544286,5.017279843437441,3.6375861860421748,3.4339872367432105,10.314144394236006,1.379693928744136,8.174421152928266,-13.815510557964274,1.0986126220013874,-13.815510557964274,-13.815510557964274,1.6094381124340804,False,False,False,False,False,True
6112.369742419302,0,0,0,0,0,0,1,0.012226931855233127,-8.02539285776425,5.717027704695695,9.999994999180668e-07,2.3025851929940404,7.868225738407096,5.717027704695695,8.028455164440302,3.6243409596430314,9.999994999180668e-07,2.079441666679828,-13.815510557964274,0.6931476805598203,False,False,False,True,False,False
4092.5737704918033,0,1,0,0,0,0,0,0.16393442622950818,-6.412849143141731,5.365976019694749,9.999994999180668e-07,1.7917596358947079,8.71511678782035,5.365976019694749,6.413458958806701,4.605170195988091,9.999994999180668e-07,-13.815510557964274,-13.815510557964274,9.999994999180668e-07,False,False,True,False,False,False
41763.20315581854,1,1,1,0,0,0,1,0.014088475626937165,-3.7084722417204805,6.049733457590448,4.465908130148836,3.0445224853424695,10.332859884217607,1.5838255417660323,8.174421152928266,3.912023025428146,1.7917596358947079,1.7917596358947079,-13.815510557964274,9.999994999180668e-07,False,False,False,False,False,True
10412.863802559415,1,1,1,0,0,0,0,0.0,-7.688557553728022,3.610917939671251,9.999994999180668e-07,3.13549425940741,10.055523290413722,3.610917939671251,7.69074316399891,-13.815510557964274,1.0986126220013874,-13.815510557964274,-13.815510557964274,1.3862946111198593,True,False,False,False,False,False
10412.863802559415,0,0,0,0,0,0,1,0.04570383912248629,-7.688557553728022,4.304065106717683,9.999994999180668e-07,3.13549425940741,6.342515951676863,4.304065106717683,7.69074316399891,4.605170195988091,9.999994999180668e-07,-13.815510557964274,-13.815510557964274,1.0986126220013874,True,False,False,False,False,False
7640.563613231552,1,1,0,1,0,0,0,0.047540482027567665,-7.358533207287776,10.684485341188998,9.999994999180668e-07,4.465908130148836,10.238060554938672,10.684485341188998,7.360103973625284,4.313930308678857,1.3862946111198593,7.873978379985019,5.463831809262898,2.7080502677688743,False,False,False,False,True,False
41763.20315581854,1,0,1,0,1,0,0,0.02176166324517973,-4.916188123940292,9.089527751872277,3.2580965764830196,3.13549425940741,10.432253806495032,5.831431216671827,8.174421152928266,4.346815741578808,1.7917596358947079,6.104793234647128,3.688879479113936,1.6094381124340804,False,False,False,False,False,True
10412.863802559415,0,0,1,0,0,0,0,0.0,-7.688557553728022,5.075173821483827,9.999994999180668e-07,2.397895363707457,9.911230783913622,5.075173821483827,7.69074316399891,-13.815510557964274,9.999994999180668e-07,9.999994999180668e-07,-13.815510557964274,9.999994999180668e-07,True,False,False,False,False,False
6112.369742419302,0,0,0,0,0,0,1,0.022823606129768505,-7.3337756581647415,7.89095671651303,0.6931476805598203,3.7841896566455335,7.868225738407096,7.197809536327196,8.028455164440302,4.248495256335073,9.999994999180668e-07,3.912023025428146,1.0986126220013874,1.7917596358947079,False,False,False,True,False,False
41763.20315581854,0,0,1,0,0,0,0,0.0,-5.083217394116741,5.2417470203506475,3.09104249881286,2.890371813451719,9.911230783913622,2.1507046781034362,8.174421152928266,-13.815510557964274,9.999994999180668e-07,9.999994999180668e-07,-13.815510557964274,0.6931476805598203,False,False,False,False,False,True
41763.20315581854,0,0,1,0,0,0,0,0.021762987350031886,-4.955403377853663,11.018432402508195,3.2188758648682,2.48490673312133,9.930382188212418,7.799556578033513,8.174421152928266,4.346876585483,0.6931476805598203,-13.815510557964274,-13.815510557964274,9.999994999180668e-07,False,False,False,False,False,True
10412.863802559415,1,0,0,1,1,0,0,0.03651635527844305,-7.688557553728022,9.600962533282237,9.999994999180668e-07,3.49650759176951,9.97380025396031,9.600962533282237,7.69074316399891,4.380748147122266,1.3862946111198593,6.375024821531674,3.7135720910945516,1.6094381124340804,True,False,False,False,False,False
41763.20315581854,0,0,1,0,0,0,0,0.0,-3.830569640945875,5.1357984429326144,4.3438054348406965,3.09104249881286,9.837484749753822,0.7919934681376519,8.174421152928266,-13.815510557964274,0.6931476805598203,9.999994999180668e-07,-13.815510557964274,1.0986126220013874,False,False,False,False,False,True
41763.20315581854,0,0,1,1,0,0,0,0.02435444836614149,-4.996219458230981,11.897473324829813,3.1780538720146114,2.1972246884473243,10.282993089908064,8.71941949463844,8.174421152928266,4.459380402518846,0.6931476805598203,-13.815510557964274,-13.815510557964274,9.999994999180668e-07,False,False,False,False,False,True
41763.20315581854,0,0,1,0,0,0,0,0.021132713440405747,-5.689218796583907,8.642944396898164,2.48490673312133,3.0445224853424695,10.148987621359716,6.1580377490502,8.174421152928266,4.317488126869644,1.0986126220013874,-13.815510557964274,-13.815510557964274,0.6931476805598203,False,False,False,False,False,True
6112.369742419302,0,1,1,0,0,0,0,0.01981881764769814,-6.928821064339634,7.413970290793217,1.0986126220013874,2.944439031798018,10.172010642050127,6.315358003330653,8.028455164440302,4.107331774200524,1.0986126220013874,3.9318256523321686,1.0986126220013874,1.0986126220013874,False,False,False,True,False,False
7640.563613231552,0,0,1,0,1,0,0,0.05070619906331821,-7.358533207287776,7.271703707582295,9.999994999180668e-07,2.772588784739779,9.94516900230081,7.271703707582295,7.360103973625284,4.378396879168758,0.6931476805598203,4.2341065190900125,0.6931476805598203,0.6931476805598203,False,False,False,False,True,False
10412.863802559415,0,0,1,0,0,0,1,0.0,-7.688557553728022,4.875197330834739,9.999994999180668e-07,2.944439031798018,9.490650164719158,4.875197330834739,7.69074316399891,-13.815510557964274,1.0986126220013874,-13.815510557964274,-13.815510557964274,0.6931476805598203,True,False,False,False,False,False
6112.369742419302,0,0,0,0,0,0,1,0.022623982752540208,-7.3337756581647415,7.134093721990315,0.6931476805598203,3.09104249881286,7.868225738407096,6.440946542227817,8.028455164440302,4.239710426905391,9.999994999180668e-07,3.8918203185187896,9.999994999180668e-07,1.0986126220013874,False,False,False,True,False,False
41763.20315581854,0,0,1,0,1,0,0,0.0,-4.916188123940292,4.962844637252914,3.2580965764830196,3.828641418228225,9.94516900230081,1.7047482740565905,8.174421152928266,-13.815510557964274,0.6931476805598203,-13.815510557964274,-13.815510557964274,1.945910291912446,False,False,False,False,False,True
41763.20315581854,1,1,0,1,0,0,0,0.02353293604027603,-4.955403377853663,11.936957142658775,3.2188758648682,2.833213402879744,10.331032633364485,8.71808131794763,8.174421152928266,4.425066859185106,1.7917596358947079,-13.815510557964274,-13.815510557964274,1.0986126220013874,False,False,False,False,False,True
41763.20315581854,0,0,1,1,0,0,0,0.023446346560884835,-4.955403377853663,12.097049876451216,3.2188758648682,3.13549425940741,10.321141501654163,8.878174051716838,8.174421152928266,4.421380571459475,1.6094381124340804,-13.815510557964274,-13.815510557964274,1.0986126220013874,False,False,False,False,False,True
7640.563613231552,0,1,1,0,0,0,1,0.0,-6.260967821561102,4.3438054348406965,1.0986126220013874,3.09104249881286,9.757396691627354,3.2451931721466125,7.360103973625284,-13.815510557964274,1.0986126220013874,-13.815510557964274,-13.815510557964274,1.0986126220013874,False,False,False,False,True,False
6112.369742419302,0,0,1,1,0,0,1,0.022056426091793094,-8.02539285776425,6.53669159904058,9.999994999180668e-07,2.6390574010438272,10.47794473982069,6.53669159904058,8.028455164440302,4.214303892083688,1.0986126220013874,3.5263605540279257,9.999994999180668e-07,0.6931476805598203,False,False,False,True,False,False
6112.369742419302,0,0,0,0,0,0,1,0.0,-8.02539285776425,3.988984065082793,9.999994999180668e-07,3.401197414995488,5.85555732140996,3.988984065082793,8.028455164440302,-13.815510557964274,9.999994999180668e-07,-13.815510557964274,-13.815510557964274,1.6094381124340804,False,False,False,True,False,False
10412.863802559415,1,0,0,0,1,0,0,0.03554743042860045,-7.688557553728022,5.717027704695695,9.999994999180668e-07,3.401197414995488,9.975193602902497,5.717027704695695,7.69074316399891,4.353855770564328,1.3862946111198593,2.1972246884473243,-13.815510557964274,1.3862946111198593,True,False,False,False,False,False
6112.369742419302,0,0,1,0,0,0,1,0.026296928807525485,-7.3337756581647415,9.66548413837833,0.6931476805598203,3.465735934049726,10.68699323919955,8.97233695788182,8.028455164440302,4.390152054516642,1.3862946111198593,6.754604100653464,3.367295864469232,1.7917596358947079,False,False,False,True,False,False
6112.369742419302,1,1,1,0,1,0,0,0.0,-7.3337756581647415,5.361292170404261,0.6931476805598203,3.5835189662338873,10.213899296534478,4.668144994539151,8.028455164440302,-13.815510557964274,1.7917596358947079,0.6931476805598203,-13.815510557964274,1.6094381124340804,False,False,False,True,False,False
6112.369742419302,0,0,0,1,0,0,1,0.0,-8.02539285776425,4.007333203414289,9.999994999180668e-07,2.944439031798018,9.2231297982103,4.007333203414289,8.028455164440302,-13.815510557964274,0.6931476805598203,-13.815510557964274,-13.815510557964274,1.0986126220013874,False,False,False,True,False,False
7640.563613231552,0,0,1,0,0,0,0,0.05010463025730202,-7.358533207287776,9.866667954449467,9.999994999180668e-07,3.332204545889489,9.930382188212418,9.866667954449467,7.360103973625284,4.3664621308288485,0.6931476805598203,-13.815510557964274,-13.815510557964274,1.0986126220013874,False,False,False,False,True,False
6112.369742419302,0,1,0,0,0,0,1,0.0,-8.02539285776425,3.850147622986654,9.999994999180668e-07,3.5263605540279257,9.053494485879142,3.850147622986654,8.028455164440302,-13.815510557964274,1.0986126220013874,-13.815510557964274,-13.815510557964274,1.7917596358947079,False,False,False,True,False,False
41763.20315581854,0,0,1,0,1,0,0,0.021606738833174367,-4.996219458230981,9.775710997650785,3.1780538720146114,2.48490673312133,9.94516900230081,6.597657168609583,8.174421152928266,4.339671135756045,0.6931476805598203,6.45990445594248,3.2580965764830196,0.6931476805598203,False,False,False,False,False,True
10412.863802559415,0,0,0,1,0,0,0,0.038545406488843866,-7.688557553728022,9.371182897178155,9.999994999180668e-07,2.7080502677688743,9.778095277150934,9.371182897178155,7.69074316399891,4.434824832097996,0.6931476805598203,6.028278522640337,3.13549425940741,1.0986126220013874,True,False,False,False,False,False
6112.369742419302,1,0,0,0,0,0,0,0.02852950766221063,-8.02539285776425,5.66642669157264,9.999994999180668e-07,3.1780538720146114,9.327943316009462,5.66642669157264,8.028455164440302,4.47163880479214,9.999994999180668e-07,2.079441666679828,9.999994999180668e-07,1.0986126220013874,False,False,False,True,False,False
6112.369742419302,1,1,0,1,1,0,0,0.023764687765273327,-8.02539285776425,9.642901705810933,9.999994999180668e-07,2.9957323235539897,10.251520413265398,9.642901705810933,8.028455164440302,4.288900670404398,1.7917596358947079,6.530877629183611,3.6375861860421748,0.6931476805598203,False,False,False,True,False,False
6112.369742419302,1,1,1,1,0,1,0,0.02542096566511746,-8.02539285776425,9.623376745646828,9.999994999180668e-07,2.3025851929940404,10.616528818417683,9.623376745646828,8.028455164440302,4.356274151397554,1.945910291912446,-13.815510557964274,-13.815510557964274,9.999994999180668e-07,False,False,False,True,False,False
10412.863802559415,0,0,1,1,0,0,0,0.03904794022115333,-7.688557553728022,8.190631681180777,9.999994999180668e-07,3.332204545889489,9.95997428166519,8.190631681180777,7.69074316399891,4.447778023941208,1.0986126220013874,4.634728997938374,2.079441666679828,1.6094381124340804,True,False,False,False,False,False
6112.369742419302,1,0,0,1,1,0,0,0.02702981183581118,-6.236184658820706,10.026103336120546,1.7917596358947079,3.7376696420928917,9.999478738368056,8.234343867113642,8.028455164440302,4.417640296149662,1.7917596358947079,6.828712072723936,4.304065106717683,2.079441666679828,False,False,False,True,False,False
6112.369742419302,0,0,0,0,0,0,1,0.008151287903488751,-7.3337756581647415,6.17378610598527,0.6931476805598203,2.772588784739779,7.868225738407096,5.480638927508658,8.028455164440302,3.2188758648682,9.999994999180668e-07,2.079441666679828,-13.815510557964274,0.6931476805598203,False,False,False,True,False,False
7640.563613231552,0,0,1,0,0,0,1,0.04240882103477523,-6.260967821561102,5.94017125535201,1.0986126220013874,3.13549425940741,9.566261260676077,4.841558971947059,7.360103973625284,4.199705092879927,0.6931476805598203,-13.815510557964274,-13.815510557964274,1.3862946111198593,False,False,False,False,True,False
41763.20315581854,0,0,1,1,0,0,0,0.022356572211841043,-5.609198832442679,10.128349626384233,2.5649494343846104,3.1780538720146114,10.487995386827324,7.563400269401873,8.174421152928266,4.373786222795933,1.6094381124340804,7.130098510926218,4.262679891125822,1.6094381124340804,False,False,False,False,False,True
7640.563613231552,0,0,1,1,0,0,0,0.04574655231991958,-6.260967821561102,9.345482966005836,1.0986126220013874,2.397895363707457,10.236148710139814,8.246870677512444,7.360103973625284,4.275465137667042,1.7917596358947079,6.473890697895484,3.828641418228225,0.6931476805598203,False,False,False,False,True,False
6112.369742419302,0,1,0,0,0,0,1,0.022572797271199617,-6.418404039733034,6.665683719056294,1.6094381124340804,2.48490673312133,10.266139442172788,5.0562458117177345,8.028455164440302,4.2374454203072185,0.6931476805598203,3.2580965764830196,-13.815510557964274,0.6931476805598203,False,False,False,True,False,False
6112.369742419302,0,0,1,0,0,0,1,0.024453863710466255,-6.64139434679697,6.548219104195037,1.3862946111198593,2.1972246884473243,10.040910770251369,5.161924747373141,8.028455164440302,4.317488126869644,1.0986126220013874,3.1780538720146114,-13.815510557964274,0.6931476805598203,False,False,False,True,False,False
7640.563613231552,0,0,0,0,1,1,0,0.04770992366412214,-7.358533207287776,6.432940094346897,9.999994999180668e-07,2.890371813451719,10.958631952830846,6.432940094346897,7.360103973625284,4.317488126869644,1.0986126220013874,-13.815510557964274,-13.815510557964274,0.6931476805598203,False,False,False,False,True,False
41763.20315581854,0,0,0,0,0,0,0,0.0,-4.2231091863939945,5.1059454799611865,3.9512437378121965,2.9957323235539897,7.95171390561302,1.1547020704706188,8.174421152928266,-13.815510557964274,9.999994999180668e-07,-13.815510557964274,-13.815510557964274,1.3862946111198593,False,False,False,False,False,True
7640.563613231552,0,0,0,1,0,0,0,0.043482462073630296,-7.358533207287776,7.321849714449295,9.999994999180668e-07,3.49650759176951,10.017555560065087,7.321849714449295,7.360103973625284,4.224706394714974,1.0986126220013874,4.369447865125249,1.6094381124340804,1.945910291912446,False,False,False,False,True,False
7640.563613231552,0,0,1,0,0,0,0,0.0409337316074787,-5.413969277717656,8.55004752848072,1.945910291912446,3.2188758648682,9.911230783913622,6.604137380586622,7.360103973625284,4.164303166369551,9.999994999180668e-07,-13.815510557964274,-13.815510557964274,1.3862946111198593,False,False,False,False,True,False
6112.369742419302,0,0,1,1,0,0,0,0.026234896558742987,-7.3337756581647415,10.372647075655756,0.6931476805598203,2.9957323235539897,10.418090789775905,9.679499895127087,8.028455164440302,4.387790351818793,1.3862946111198593,7.45587668806986,5.356586279388994,1.3862946111198593,False,False,False,True,False,False
7640.563613231552,1,1,1,0,0,1,1,0.04702458774408502,-7.358533207287776,9.886799071300734,9.999994999180668e-07,3.555348090060842,10.38434365021526,9.886799071300734,7.360103973625284,4.303019315944047,1.7917596358947079,6.807934944804899,3.850147622986654,1.6094381124340804,False,False,False,False,True,False
10412.863802559415,1,0,0,1,0,1,0,0.03809352095667779,-7.688557553728022,11.042345669788773,9.999994999180668e-07,1.945910291912446,10.532842485486311,11.042345669788773,7.69074316399891,4.4230321105989265,1.6094381124340804,7.6870801562418505,5.438079313271022,9.999994999180668e-07,True,False,False,False,False,False
7640.563613231552,1,0,0,1,0,0,0,0.0,-7.358533207287776,4.2341065190900125,9.999994999180668e-07,2.944439031798018,10.288219203237704,4.2341065190900125,7.360103973625284,-13.815510557964274,1.6094381124340804,-13.815510557964274,-13.815510557964274,0.6931476805598203,False,False,False,False,True,False
6112.369742419302,0,0,0,1,0,0,1,0.0,-8.02539285776425,3.970291932420046,9.999994999180668e-07,3.4339872367432105,9.2231297982103,3.970291932420046,8.028455164440302,-13.815510557964274,0.6931476805598203,-13.815510557964274,-13.815510557964274,1.6094381124340804,False,False,False,True,False,False
41763.20315581854,0,0,0,0,0,0,1,0.020403999183840033,-4.242525934108025,7.573531263259825,3.9318256523321686,2.1972246884473243,9.145833572229211,3.6417056562292296,8.174421152928266,4.282396807534564,0.6931476805598203,-13.815510557964274,-13.815510557964274,0.6931476805598203,False,False,False,False,False,True
10412.863802559415,0,0,0,0,0,0,1,0.027422303473491772,-7.688557553728022,5.66642669157264,9.999994999180668e-07,2.1972246884473243,6.342515951676863,5.66642669157264,7.69074316399891,4.094344578888768,9.999994999180668e-07,-13.815510557964274,-13.815510557964274,0.6931476805598203,True,False,False,False,False,False
6112.369742419302,0,0,1,0,1,0,0,0.026084121291164004,-6.236184658820706,6.57925121339899,1.7917596358947079,3.610917939671251,9.94516900230081,4.787491751115379,8.028455164440302,4.382026647173881,0.6931476805598203,2.3025851929940404,-13.815510557964274,1.7917596358947079,False,False,False,True,False,False
10412.863802559415,1,1,0,0,0,0,0,0.03487924564610796,-7.688557553728022,8.196987927534378,9.999994999180668e-07,3.850147622986654,10.403502517103409,8.196987927534378,7.69074316399891,4.334879869351628,1.0986126220013874,5.023880527425224,2.6390574010438272,2.079441666679828,True,False,False,False,False,False
41763.20315581854,1,0,1,0,0,1,0,0.018276941353864432,-5.609198832442679,7.53902705635591,2.5649494343846104,3.13549425940741,10.356555331837296,4.9740777052773515,8.174421152928266,4.172306119108479,1.3862946111198593,-13.815510557964274,-13.815510557964274,1.3862946111198593,False,False,False,False,False,True
10412.863802559415,1,1,0,0,0,1,0,0.03882804031644853,-7.688557553728022,7.7093083338345005,9.999994999180668e-07,3.7135720910945516,10.841706203226964,7.7093083338345005,7.69074316399891,4.44213057051442,1.3862946111198593,4.727387827561898,0.6931476805598203,1.6094381124340804,True,False,False,False,False,False
10412.863802559415,0,0,0,1,0,0,0,0.03808653260207191,-7.688557553728022,10.464759111811016,9.999994999180668e-07,3.9512437378121965,10.401388978756856,10.464759111811016,7.69074316399891,4.422848641194137,0.6931476805598203,-13.815510557964274,-13.815510557964274,2.079441666679828,True,False,False,False,False,False
1266.400447427293,0,0,0,1,0,0,0,0.1686921821150009,-6.102111694488308,8.993799971919723,9.999994999180668e-07,2.944439031798018,10.13834487406427,8.993799971919723,6.102558596850705,4.322878975432835,1.0986126220013874,5.913503008340973,2.890371813451719,1.0986126220013874,False,True,False,False,False,False
41763.20315581854,1,1,0,0,0,0,0,0.0,-5.689218796583907,10.513986550813275,2.48490673312133,2.397895363707457,10.831113302353964,8.029079901323968,8.174421152928266,-13.815510557964274,1.0986126220013874,-13.815510557964274,-13.815510557964274,9.999994999180668e-07,False,False,False,False,False,True
6112.369742419302,0,0,0,0,0,0,1,0.021586858999584006,-7.3337756581647415,8.246171560119825,0.6931476805598203,2.079441666679828,7.868225738407096,7.55302437982214,8.028455164440302,4.19278465013952,9.999994999180668e-07,4.976733749317126,1.3862946111198593,9.999994999180668e-07,False,False,False,True,False,False
6112.369742419302,0,0,0,0,0,0,1,0.021736767742636668,-6.928821064339634,6.542471961947727,1.0986126220013874,3.465735934049726,7.868225738407096,5.443859676161462,8.028455164440302,4.199705092879927,9.999994999180668e-07,2.7080502677688743,-13.815510557964274,1.3862946111198593,False,False,False,True,False,False
1266.400447427293,0,0,0,0,0,0,0,0.19108873974645785,-6.102111694488308,6.654152521471879,9.999994999180668e-07,2.6390574010438272,8.024016164881164,6.654152521471879,6.102558596850705,4.447541253491825,9.999994999180668e-07,3.871201031741224,9.999994999180668e-07,1.0986126220013874,False,True,False,False,False,False
6112.369742419302,0,0,0,0,0,0,1,0.022465744709615335,-7.3337756581647415,8.533460164076882,0.6931476805598203,2.7080502677688743,7.868225738407096,7.8403129837137095,8.028455164440302,4.232691591389507,9.999994999180668e-07,5.099866433921759,2.397895363707457,0.6931476805598203,False,False,False,True,False,False
1266.400447427293,0,0,0,0,0,0,0,0.22371364653243847,-6.102111694488308,4.060443027787798,9.999994999180668e-07,3.8918203185187896,8.024016164881164,4.060443027787798,6.102558596850705,4.605170195988091,9.999994999180668e-07,-13.815510557964274,-13.815510557964274,2.079441666679828,False,True,False,False,False,False
10412.863802559415,1,0,0,0,0,0,1,0.022851919561243144,-7.688557553728022,6.25382881349855,9.999994999180668e-07,3.1780538720146114,8.817967018114343,6.25382881349855,7.69074316399891,3.912023025428146,0.6931476805598203,-13.815510557964274,-13.815510557964274,1.3862946111198593,True,False,False,False,False,False
41763.20315581854,0,1,1,0,0,0,0,0.01849112426035503,-4.390150862890096,6.3784261853493796,3.7841896566455335,3.7135720910945516,9.749609685197102,2.594236624436209,8.174421152928266,4.183956736149883,0.6931476805598203,3.465735934049726,1.3862946111198593,1.7917596358947079,False,False,False,False,False,True
41763.20315581854,0,1,0,1,0,0,0,0.0218047785321501,-5.609198832442679,9.163248764547154,2.5649494343846104,3.401197414995488,9.57861511601514,6.598299408343479,8.174421152928266,4.3487950310837284,0.6931476805598203,5.645446901176807,2.397895363707457,1.3862946111198593,False,False,False,False,False,True
7640.563613231552,0,0,1,0,0,0,0,0.05172944104241814,-7.358533207287776,8.691146498707743,9.999994999180668e-07,3.401197414995488,10.119544087459055,8.691146498707743,7.360103973625284,4.398375784972708,1.0986126220013874,5.609471798847963,2.890371813451719,1.6094381124340804,False,False,False,False,True,False
6112.369742419302,1,1,0,0,0,0,0,0.0,-8.02539285776425,4.174387285280252,9.999994999180668e-07,3.2580965764830196,9.920251159295926,4.174387285280252,8.028455164440302,-13.815510557964274,0.6931476805598203,-13.815510557964274,-13.815510557964274,1.6094381124340804,False,False,False,True,False,False
7640.563613231552,0,0,0,0,1,0,0,0.04420580497692673,-5.9734166890735345,8.03365842821051,1.3862946111198593,3.8066625119925415,9.485030791126556,6.647364068063697,7.360103973625284,4.241204823176924,0.6931476805598203,-13.815510557964274,-13.815510557964274,2.079441666679828,False,False,False,False,True,False
6112.369742419302,0,0,1,0,0,1,0,0.020881951033656577,-8.02539285776425,8.432941639186227,9.999994999180668e-07,3.8066625119925415,10.243239627826428,8.432941639186227,8.028455164440302,4.159585099704537,1.6094381124340804,-13.815510557964274,-13.815510557964274,1.7917596358947079,False,False,False,True,False,False
7640.563613231552,1,0,1,0,0,0,0,0.04240882103477523,-6.666171101165439,4.919980933127395,0.6931476805598203,3.4339872367432105,9.889609115081353,4.22683375986672,7.360103973625284,4.199705092879927,0.6931476805598203,-13.815510557964274,-13.815510557964274,1.7917596358947079,False,False,False,False,True,False
10412.863802559415,0,0,1,0,0,0,0,0.0,-7.688557553728022,4.248495256335073,9.999994999180668e-07,3.5263605540279257,7.751200744040292,4.248495256335073,7.69074316399891,-13.815510557964274,9.999994999180668e-07,-13.815510557964274,-13.815510557964274,1.7917596358947079,True,False,False,False,False,False
10412.863802559415,0,1,1,1,0,0,1,0.015234613040828762,-7.688557553728022,5.645446901176807,9.999994999180668e-07,3.1780538720146114,10.107380255321202,5.645446901176807,7.69074316399891,3.506557927319981,1.3862946111198593,-13.815510557964274,-13.815510557964274,1.0986126220013874,True,False,False,False,False,False
7640.563613231552,0,0,0,0,0,0,1,0.0,-5.568082538077103,8.225770799616399,1.7917596358947079,3.2188758648682,10.745417080883422,6.434011331726674,7.360103973625284,-13.815510557964274,0.6931476805598203,-13.815510557964274,-13.815510557964274,1.3862946111198593,False,False,False,False,True,False
4092.5737704918033,0,1,0,0,0,0,0,0.14344262295081966,-6.412849143141731,5.899897356322217,9.999994999180668e-07,4.094344578888768,8.71511678782035,5.899897356322217,6.413458958806701,4.47163880479214,9.999994999180668e-07,2.772588784739779,-13.815510557964274,2.1972246884473243,False,False,True,False,False,False
10412.863802559415,0,0,1,0,1,0,0,0.03241783937757749,-7.688557553728022,7.7956465367461165,9.999994999180668e-07,3.9318256523321686,10.120033131481884,7.7956465367461165,7.69074316399891,4.261696768006256,1.0986126220013874,4.454347307881415,2.3025851929940404,2.079441666679828,True,False,False,False,False,False
6112.369742419302,0,0,0,0,0,0,0,0.024184247028565628,-8.02539285776425,10.95966195852366,9.999994999180668e-07,3.367295864469232,10.59355051368838,10.95966195852366,8.028455164440302,4.306401370584469,0.6931476805598203,-13.815510557964274,-13.815510557964274,1.3862946111198593,False,False,False,True,False,False
10412.863802559415,0,1,1,0,0,0,1,0.015234613040828762,-7.688557553728022,4.543294792908302,9.999994999180668e-07,3.2580965764830196,9.757396691627354,4.543294792908302,7.69074316399891,3.506557927319981,1.0986126220013874,-13.815510557964274,-13.815510557964274,1.0986126220013874,True,False,False,False,False,False
41763.20315581854,0,0,0,1,0,0,0,0.023451839822891705,-5.609198832442679,10.122181217816886,2.5649494343846104,3.09104249881286,10.499945079114546,7.557231860837489,8.174421152928266,4.421614834760023,1.3862946111198593,6.698268055348459,3.8066625119925415,1.3862946111198593,False,False,False,False,False,True
41763.20315581854,0,0,1,1,1,0,0,0.02382719007506233,-5.689218796583907,12.041893515137707,2.48490673312133,2.9957323235539897,10.341670435902149,9.55698686541452,8.174421152928266,4.4374932542078795,1.6094381124340804,-13.815510557964274,-13.815510557964274,1.3862946111198593,False,False,False,False,False,True
1266.400447427293,0,0,0,0,0,0,0,0.22371364653243847,-6.102111694488308,4.691347891403455,9.999994999180668e-07,2.3025851929940404,8.024016164881164,4.691347891403455,6.102558596850705,4.605170195988091,9.999994999180668e-07,-13.815510557964274,-13.815510557964274,9.999994999180668e-07,False,True,False,False,False,False
41763.20315581854,1,1,0,0,0,0,0,0.02366492309721791,-4.955403377853663,13.277353133681606,3.2188758648682,2.6390574010438272,10.561316824387893,10.058477308854513,8.174421152928266,4.430659799281746,1.6094381124340804,9.889135046362451,7.805067044666154,1.0986126220013874,False,False,False,False,False,True
41763.20315581854,0,0,1,1,0,0,0,0.023620455419140006,-5.976802319705899,11.141151386394014,2.1972246884473243,1.0986126220013874,10.46539673983523,8.943926809173819,8.174421152928266,4.428778977258032,1.0986126220013874,8.07961802969963,5.257495377236115,9.999994999180668e-07,False,False,False,False,False,True
10412.863802559415,0,0,1,0,0,0,1,0.0,-7.688557553728022,5.32787617364395,9.999994999180668e-07,3.8918203185187896,10.091897029969894,5.32787617364395,7.69074316399891,-13.815510557964274,1.3862946111198593,-13.815510557964274,-13.815510557964274,1.945910291912446,True,False,False,False,False,False
10412.863802559415,0,0,0,0,0,0,1,0.0,-7.688557553728022,4.770684632940241,9.999994999180668e-07,3.7376696420928917,10.121161333550127,4.770684632940241,7.69074316399891,-13.815510557964274,0.6931476805598203,9.999994999180668e-07,-13.815510557964274,2.079441666679828,True,False,False,False,False,False
41763.20315581854,1,1,0,0,0,0,0,0.022933232317209336,-5.689218796583907,11.703587146047449,2.48490673312133,3.2188758648682,10.831113302353964,9.218680496350354,8.174421152928266,4.399252937439513,1.0986126220013874,8.480529207252115,5.710427020686128,1.6094381124340804,False,False,False,False,False,True
6112.369742419302,0,0,0,1,0,0,1,0.025211693198092196,-7.3337756581647415,9.633579908249004,0.6931476805598203,2.833213402879744,10.180875791427974,8.940432727754551,8.028455164440302,4.348007800757314,1.0986126220013874,6.782192057140578,4.143134742264548,1.3862946111198593,False,False,False,True,False,False
7640.563613231552,0,1,1,0,0,0,0,0.04690843069363732,-7.358533207287776,10.891280006117613,9.999994999180668e-07,2.9957323235539897,10.232955017096014,10.891280006117613,7.360103973625284,4.300546125791868,1.0986126220013874,7.878155336882255,5.749392989092967,0.6931476805598203,False,False,False,False,True,False
1266.400447427293,1,0,0,1,1,0,0,0.1777900240770992,-4.716152489737245,8.802372133800276,1.3862946111198593,2.5649494343846104,10.007455013845048,7.416077773131513,6.102558596850705,4.375406542167301,1.6094381124340804,5.831882480216068,2.5649494343846104,0.6931476805598203,False,True,False,False,False,False
7640.563613231552,0,0,1,0,0,0,0,0.05051638976201167,-7.358533207287776,7.920083199416607,9.999994999180668e-07,3.49650759176951,10.447551952945155,7.920083199416607,7.360103973625284,4.374646539968851,1.3862946111198593,-13.815510557964274,-13.815510557964274,1.6094381124340804,False,False,False,False,True,False
41763.20315581854,0,1,1,0,0,0,0,0.0,-3.8977057431785687,4.700480374883325,4.2766661329049445,2.7080502677688743,10.118270002685447,0.42381490132160116,8.174421152928266,-13.815510557964274,0.6931476805598203,9.999994999180668e-07,-13.815510557964274,0.6931476805598203,False,False,False,False,False,True
6112.369742419302,0,0,0,0,0,0,1,0.023857428010210978,-6.64139434679697,8.106514516556754,1.3862946111198593,3.555348090060842,7.868225738407096,6.7202201563415676,8.028455164440302,4.292795514612606,9.999994999180668e-07,4.812184363502499,2.079441666679828,1.6094381124340804,False,False,False,True,False,False
10412.863802559415,1,1,0,1,0,0,0,0.031813456644083596,-7.688557553728022,7.952263309008911,9.999994999180668e-07,4.356708839510104,10.26437588854834,7.952263309008911,7.69074316399891,4.242877264111333,1.3862946111198593,4.624972823088193,2.079441666679828,2.5649494343846104,True,False,False,False,False,False
41763.20315581854,0,1,0,0,0,1,0,0.024096701588582677,-4.916188123940292,12.792452766159734,3.2580965764830196,3.2188758648682,11.04225467287524,9.534356228207793,8.174421152928266,4.448740852943293,1.6094381124340804,9.393411647743955,7.796469243497242,1.6094381124340804,False,False,False,False,False,True
6112.369742419302,0,0,1,1,0,0,0,0.027051526888501133,-8.02539285776425,8.253488028606254,9.999994999180668e-07,3.6635616717706716,10.183608430959392,8.253488028606254,8.028455164440302,4.418443347779201,1.0986126220013874,5.2040066925713,2.079441666679828,1.6094381124340804,False,False,False,True,False,False
6112.369742419302,0,0,0,1,0,0,1,0.0,-8.02539285776425,3.8066625119925415,9.999994999180668e-07,2.6390574010438272,9.2231297982103,3.8066625119925415,8.028455164440302,-13.815510557964274,0.6931476805598203,-13.815510557964274,-13.815510557964274,0.6931476805598203,False,False,False,True,False,False
41763.20315581854,0,0,1,1,0,0,1,0.02324655764195352,-5.609198832442679,12.166390625996664,2.5649494343846104,2.397895363707457,10.70058598878303,9.601441268597556,8.174421152928266,4.412822948446308,1.6094381124340804,8.906257878292159,6.2557500436727524,0.6931476805598203,False,False,False,False,False,True
41763.20315581854,1,0,1,1,1,0,0,0.022156235173986655,-4.916188123940292,9.137016707664948,3.2580965764830196,2.5649494343846104,10.103110710583003,5.878920172333662,8.174421152928266,4.364784840956767,1.7917596358947079,5.860786226314868,2.833213402879744,0.6931476805598203,False,False,False,False,False,True
6112.369742419302,1,0,0,0,0,0,1,0.0,-8.02539285776425,4.248495256335073,9.999994999180668e-07,2.397895363707457,8.817967018114343,4.248495256335073,8.028455164440302,-13.815510557964274,0.6931476805598203,-13.815510557964274,-13.815510557964274,0.6931476805598203,False,False,False,True,False,False
41763.20315581854,1,1,0,0,1,0,0,0.0215850956853074,-5.689218796583907,9.381516717749406,2.48490673312133,2.1972246884473243,10.247156094271213,6.8966100688883465,8.174421152928266,4.33866894866965,1.0986126220013874,6.077642245642612,2.6390574010438272,9.999994999180668e-07,False,False,False,False,False,True
6112.369742419302,0,0,1,0,0,1,0,0.0,-6.928821064339634,5.545177448385813,1.0986126220013874,3.5263605540279257,10.349376392837478,4.446565167530203,8.028455164440302,-13.815510557964274,1.0986126220013874,-13.815510557964274,-13.815510557964274,1.7917596358947079,False,False,False,True,False,False
4092.5737704918033,0,0,1,0,1,0,0,0.10928961748633878,-4.015508231361078,6.04500531640568,2.397895363707457,3.332204545889489,9.94516900230081,3.647110067303992,6.413458958806701,4.199705092879927,0.6931476805598203,1.7917596358947079,-13.815510557964274,1.6094381124340804,False,False,True,False,False,False
7640.563613231552,1,0,1,1,0,0,0,0.0,-6.666171101165439,4.890349135740551,0.6931476805598203,3.367295864469232,10.075815211262139,4.197201962699403,7.360103973625284,-13.815510557964274,1.3862946111198593,-13.815510557964274,-13.815510557964274,1.6094381124340804,False,False,False,False,True,False
41763.20315581854,1,0,0,0,1,0,0,0.022541561003099463,-4.916188123940292,7.170119544218859,3.2580965764830196,2.3025851929940404,9.723818703857418,3.912023025428146,8.174421152928266,4.382026647173881,1.0986126220013874,2.3025851929940404,9.999994999180668e-07,0.6931476805598203,False,False,False,False,False,True
6112.369742419302,0,0,0,0,0,0,1,0.022416041734594067,-6.64139434679697,8.71620797131576,1.3862946111198593,3.7841896566455335,7.868225738407096,7.329913610687592,8.028455164440302,4.2304767510921355,9.999994999180668e-07,5.17048400071997,2.397895363707457,1.945910291912446,False,False,False,True,False,False
4092.5737704918033,0,0,1,0,0,0,0,0.1176965111391341,-6.412849143141731,8.604287898450488,9.999994999180668e-07,3.761200138949376,9.951642190881483,8.604287898450488,6.413458958806701,4.27381306396222,1.0986126220013874,-13.815510557964274,-13.815510557964274,1.7917596358947079,False,False,True,False,False,False
10412.863802559415,0,1,1,0,1,0,1,0.028125439459991564,-7.688557553728022,6.2065759287410565,9.999994999180668e-07,3.49650759176951,9.910130874831777,6.2065759287410565,7.69074316399891,4.11966238645639,1.7917596358947079,2.5649494343846104,-13.815510557964274,1.3862946111198593,True,False,False,False,False,False
6112.369742419302,1,1,0,0,0,0,0,0.026082504773979373,-8.02539285776425,11.253001221242462,9.999994999180668e-07,3.761200138949376,10.531542561824871,11.253001221242462,8.028455164440302,4.381964672026671,1.0986126220013874,8.30251371876205,6.736966959188095,1.7917596358947079,False,False,False,True,False,False
41763.20315581854,1,1,1,1,0,0,1,0.023305521196748377,-5.609198832442679,12.75658425880988,2.5649494343846104,2.772588784739779,10.583902766628183,10.191634901382942,8.174421152928266,4.415356179489218,2.1972246884473243,9.566685261522956,7.298445102184737,1.0986126220013874,False,False,False,False,False,True
6112.369742419302,1,1,1,0,0,0,0,0.024734942603690004,-7.3337756581647415,7.409136444525822,0.6931476805598203,2.3025851929940404,10.374277364268973,6.7159892645715695,8.028455164440302,4.328916822541752,1.3862946111198593,4.465908130148836,0.6931476805598203,0.6931476805598203,False,False,False,True,False,False
7640.563613231552,0,0,1,0,0,0,1,0.032513429459994345,-5.280465950612912,7.265429723953254,2.079441666679828,3.5835189662338873,9.321441746407528,5.1859881871685225,7.360103973625284,3.9340019317121384,1.0986126220013874,-13.815510557964274,-13.815510557964274,1.6094381124340804,False,False,False,False,True,False
10412.863802559415,1,0,0,0,0,0,0,0.02611647949856359,-7.688557553728022,6.556778357578497,9.999994999180668e-07,3.332204545889489,9.327943316009462,6.556778357578497,7.69074316399891,4.045554415552669,9.999994999180668e-07,2.6390574010438272,-13.815510557964274,1.6094381124340804,True,False,False,False,False,False
7640.563613231552,1,1,1,1,0,0,0,0.0,-7.358533207287776,5.209486158305902,9.999994999180668e-07,3.2958369030413657,10.046308439582655,5.209486158305902,7.360103973625284,-13.815510557964274,1.6094381124340804,-13.815510557964274,-13.815510557964274,1.0986126220013874,False,False,False,False,True,False
41763.20315581854,0,0,1,0,0,0,0,0.0,-4.996219458230981,4.499809681441376,3.1780538720146114,3.465735934049726,7.751200744040292,1.3217561066489505,8.174421152928266,-13.815510557964274,9.999994999180668e-07,-13.815510557964274,-13.815510557964274,1.3862946111198593,False,False,False,False,False,True
10412.863802559415,1,1,1,0,0,0,0,0.03406509620173188,-7.688557553728022,10.59528382105015,9.999994999180668e-07,3.610917939671251,10.448598330631324,10.59528382105015,7.69074316399891,4.311261186261754,1.7917596358947079,7.744569809787583,5.424950021886689,2.079441666679828,True,False,False,False,False,False
7640.563613231552,0,0,1,0,0,0,0,0.044475097556337134,-7.358533207287776,10.083180658018167,9.999994999180668e-07,3.555348090060842,10.25355015412877,10.083180658018167,7.360103973625284,4.247278135369168,1.3862946111198593,-13.815510557964274,-13.815510557964274,1.6094381124340804,False,False,False,False,True,False
10412.863802559415,1,0,1,0,0,0,0,0.033590286280984386,-7.688557553728022,11.332781535436022,9.999994999180668e-07,3.970291932420046,10.447332198927793,11.332781535436022,7.69074316399891,4.297224824557825,1.6094381124340804,8.434463544034491,6.028278522640337,2.397895363707457,True,False,False,False,False,False
6112.369742419302,0,0,0,0,0,0,1,0.01863151520797429,-8.02539285776425,6.74993119495953,9.999994999180668e-07,3.1780538720146114,7.868225738407096,6.74993119495953,8.028455164440302,4.045554415552669,9.999994999180668e-07,3.332204545889489,-13.815510557964274,1.3862946111198593,False,False,False,True,False,False
7640.563613231552,0,0,1,0,0,0,0,0.04068288064382508,-5.9734166890735345,9.341368634470307,1.3862946111198593,4.2766661329049445,10.111783700801471,7.955074273613573,7.360103973625284,4.158156090603418,1.0986126220013874,-13.815510557964274,-13.815510557964274,2.397895363707457,False,False,False,False,True,False
41763.20315581854,1,1,0,0,0,0,0,0.022130647130647132,-5.609198832442679,11.193986616214909,2.5649494343846104,2.772588784739779,10.33274755019481,8.629037258918451,8.174421152928266,4.363629282266261,1.3862946111198593,-13.815510557964274,-13.815510557964274,1.0986126220013874,False,False,False,False,False,True
10412.863802559415,1,1,0,1,0,0,0,0.03884483375142781,-7.688557553728022,10.976645271748867,9.999994999180668e-07,2.48490673312133,10.40422709813833,10.976645271748867,7.69074316399891,4.442562984925368,1.7917596358947079,7.60040233500065,5.9188938569613185,0.6931476805598203,True,False,False,False,False,False
6112.369742419302,0,0,0,0,0,0,1,0.020064708685510774,-8.02539285776425,6.618738984852333,9.999994999180668e-07,4.5951198602356,5.85555732140996,6.618738984852333,8.028455164440302,4.11966238645639,9.999994999180668e-07,2.5649494343846104,9.999994999180668e-07,2.772588784739779,False,False,False,True,False,False
6112.369742419302,0,0,0,0,0,0,0,0.028158994575688413,-8.02539285776425,7.766840537509062,9.999994999180668e-07,2.9957323235539897,10.427762476915545,7.766840537509062,8.028455164440302,4.458566723375164,9.999994999180668e-07,4.189654757177941,1.3862946111198593,1.3862946111198593,False,False,False,True,False,False
6112.369742419302,1,1,1,0,0,0,1,0.022983959334427297,-7.3337756581647415,8.384575667029761,0.6931476805598203,3.610917939671251,9.799697664491218,7.691428486698178,8.028455164440302,4.2554964516943885,1.3862946111198593,5.209486158305902,2.772588784739779,1.6094381124340804,False,False,False,True,False,False
10412.863802559415,1,0,0,0,0,0,1,0.0,-7.688557553728022,3.970291932420046,9.999994999180668e-07,3.2580965764830196,8.817967018114343,3.970291932420046,7.69074316399891,-13.815510557964274,0.6931476805598203,-13.815510557964274,-13.815510557964274,1.7917596358947079,True,False,False,False,False,False
7640.563613231552,1,0,0,1,1,0,0,0.04594288945433983,-7.358533207287776,7.639161172140405,9.999994999180668e-07,4.127134401174124,9.992007845576843,7.639161172140405,7.360103973625284,4.279747799399617,1.0986126220013874,-13.815510557964274,-13.815510557964274,2.397895363707457,False,False,False,False,True,False
10412.863802559415,0,0,0,0,0,0,1,0.04570383912248629,-7.688557553728022,4.7361984571664255,9.999994999180668e-07,2.48490673312133,5.85555732140996,4.7361984571664255,7.69074316399891,4.605170195988091,9.999994999180668e-07,-13.815510557964274,-13.815510557964274,1.0986126220013874,True,False,False,False,False,False
41763.20315581854,1,1,0,0,0,0,0,0.020590848993215855,-5.689218796583907,9.995793223365746,2.48490673312133,2.397895363707457,10.271106702225516,7.51088657407925,8.174421152928266,4.29151264081726,1.3862946111198593,-13.815510557964274,-13.815510557964274,0.6931476805598203,False,False,False,False,False,True
41763.20315581854,1,0,0,0,1,0,0,0.024151672503320853,-4.262327169737311,6.545349661771201,3.912023025428146,2.6390574010438272,10.28568898601165,2.6333267267453513,8.174421152928266,4.4510195178275,1.6094381124340804,1.945910291912446,-13.815510557964274,1.0986126220013874,False,False,False,False,False,True
41763.20315581854,1,1,0,0,0,0,0,0.022899691517050326,-5.609198832442679,11.525505997185432,2.5649494343846104,3.401197414995488,10.683020265682318,8.960556639842395,8.174421152928266,4.3977893255671665,1.0986126220013874,-13.815510557964274,-13.815510557964274,1.6094381124340804,False,False,False,False,False,True
1266.400447427293,0,0,0,0,1,0,0,0.22371364653243847,-6.102111694488308,4.094344578888768,9.999994999180668e-07,1.7917596358947079,9.017017552876009,4.094344578888768,6.102558596850705,4.605170195988091,0.6931476805598203,-13.815510557964274,-13.815510557964274,9.999994999180668e-07,False,True,False,False,False,False
7640.563613231552,1,1,1,0,1,0,0,0.0,-7.358533207287776,5.497168229391563,9.999994999180668e-07,3.2580965764830196,10.284254032066306,5.497168229391563,7.360103973625284,-13.815510557964274,1.6094381124340804,0.6931476805598203,-13.815510557964274,1.0986126220013874,False,False,False,False,True,False
4092.5737704918033,0,0,1,0,0,0,0,0.11992518428870064,-3.774358057072734,9.044521887399279,2.6390574010438272,3.850147622986654,9.911230783913622,6.405464559318486,6.413458958806701,4.292571775941501,9.999994999180668e-07,-13.815510557964274,-13.815510557964274,2.079441666679828,False,False,True,False,False,False
6112.369742419302,1,0,1,0,1,0,0,0.024933351234200887,-8.02539285776425,6.467698727657148,9.999994999180668e-07,3.555348090060842,10.243501487152454,6.467698727657148,8.028455164440302,4.336906212470335,1.7917596358947079,2.833213402879744,9.999994999180668e-07,1.6094381124340804,False,False,False,True,False,False
10412.863802559415,0,0,0,0,0,0,0,0.0,-7.688557553728022,4.442651268255022,9.999994999180668e-07,3.970291932420046,7.921224239854798,4.442651268255022,7.69074316399891,-13.815510557964274,9.999994999180668e-07,-13.815510557964274,-13.815510557964274,2.1972246884473243,True,False,False,False,False,False
41763.20315581854,1,0,0,0,1,0,0,0.02454298210627239,-4.955403377853663,13.480248988191514,3.2188758648682,3.4339872367432105,10.404679547369462,10.261373163356872,8.174421152928266,4.467091837267795,1.7917596358947079,10.155296303102972,9.084890521372133,1.6094381124340804,False,False,False,False,False,True
41763.20315581854,0,1,0,0,0,1,0,0.022894368852978773,-4.916188123940292,11.287479264605873,3.2580965764830196,3.1780538720146114,10.88580541381382,8.02938272689761,8.174421152928266,4.397556864676518,1.3862946111198593,7.991253930178608,6.091309884340141,1.0986126220013874,False,False,False,False,False,True
6112.369742419302,0,0,1,1,0,0,0,0.026505181196112428,-8.02539285776425,10.466526047777526,9.999994999180668e-07,4.094344578888768,10.535672485186234,10.466526047777526,8.028455164440302,4.398040128149223,1.0986126220013874,-13.815510557964274,-13.815510557964274,2.3025851929940404,False,False,False,True,False,False
41763.20315581854,0,0,1,0,0,0,0,0.023088664411384838,-5.689218796583907,12.052058623037377,2.48490673312133,2.833213402879744,10.50633545427006,9.567151973313534,8.174421152928266,4.406007664832501,1.0986126220013874,-13.815510557964274,-13.815510557964274,1.0986126220013874,False,False,False,False,False,True
10412.863802559415,0,0,0,0,0,1,0,0.030469226081657523,-7.688557553728022,4.584967488874653,9.999994999180668e-07,1.6094381124340804,8.362116469142244,4.584967488874653,7.69074316399891,4.199705092879927,9.999994999180668e-07,-13.815510557964274,-13.815510557964274,9.999994999180668e-07,True,False,False,False,False,False
10412.863802559415,1,0,0,0,0,0,0,0.0,-7.688557553728022,4.499809681441376,9.999994999180668e-07,4.007333203414289,10.342787273707367,4.499809681441376,7.69074316399891,-13.815510557964274,1.3862946111198593,-13.815510557964274,-13.815510557964274,2.1972246884473243,True,False,False,False,False,False
41763.20315581854,0,1,1,1,0,0,1,0.02229494181204443,-4.916188123940292,10.77649492991481,3.2580965764830196,2.079441666679828,10.567446628877706,7.518398392415444,8.174421152928266,4.371025714468121,1.6094381124340804,7.594884387719538,4.948759897470366,9.999994999180668e-07,False,False,False,False,False,True
6112.369742419302,0,0,0,0,0,0,1,0.016302575806977502,-8.02539285776425,5.318119998746178,9.999994999180668e-07,3.4339872367432105,7.868225738407096,5.318119998746178,8.028455164440302,3.912023025428146,9.999994999180668e-07,1.3862946111198593,-13.815510557964274,1.6094381124340804,False,False,False,True,False,False
4092.5737704918033,0,0,0,0,0,0,1,0.16393442622950818,-6.412849143141731,3.9318256523321686,9.999994999180668e-07,3.0445224853424695,6.342515951676863,3.9318256523321686,6.413458958806701,4.605170195988091,9.999994999180668e-07,-13.815510557964274,-13.815510557964274,1.3862946111198593,False,False,True,False,False,False
7640.563613231552,0,1,0,0,0,0,0,0.037197567602535904,-7.358533207287776,8.518192691949121,9.999994999180668e-07,4.382026647173881,10.40644975282304,8.518192691949121,7.360103973625284,4.0685920832211355,0.6931476805598203,-13.815510557964274,-13.815510557964274,2.5649494343846104,False,False,False,False,True,False
6112.369742419302,1,1,0,0,0,0,0,0.026692477369495662,-6.236184658820706,10.58093716851417,1.7917596358947079,2.7080502677688743,10.369500330577427,8.789177699413091,8.028455164440302,4.4050816765946,1.0986126220013874,7.553810852532341,4.615120526742249,0.6931476805598203,False,False,False,True,False,False
41763.20315581854,0,0,1,0,0,0,0,0.0,-5.658520592276317,6.416732284146313,2.515613875923528,2.890371813451719,9.379663590382588,3.9011185076213724,8.174421152928266,-13.815510557964274,0.6931476805598203,-13.815510557964274,-13.815510557964274,1.0986126220013874,False,False,False,False,False,True
41763.20315581854,1,0,0,0,0,0,0,0.0,-5.658520592276317,6.220590172087811,2.515613875923528,2.6390574010438272,10.649574985003078,3.7049763995903002,8.174421152928266,-13.815510557964274,1.0986126220013874,-13.815510557964274,-13.815510557964274,0.6931476805598203,False,False,False,False,False,True
7640.563613231552,1,0,0,0,1,0,0,0.05139949109414759,-6.666171101165439,9.558035114404767,0.6931476805598203,4.025351708592292,10.092953778978782,8.864887933915453,7.360103973625284,4.391976977903288,1.0986126220013874,-13.815510557964274,-13.815510557964274,2.3025851929940404,False,False,False,False,True,False
10412.863802559415,1,1,1,0,0,0,0,0.0,-7.688557553728022,8.90557995812528,9.999994999180668e-07,3.5835189662338873,10.31835614413566,8.90557995812528,7.69074316399891,-13.815510557964274,1.3862946111198593,-13.815510557964274,-13.815510557964274,1.3862946111198593,True,False,False,False,False,False
1266.400447427293,1,0,0,0,1,0,0,0.1864280387770321,-6.102111694488308,6.963189986816311,9.999994999180668e-07,2.3025851929940404,10.003139267292735,6.963189986816311,6.102558596850705,4.422848641194137,1.0986126220013874,-13.815510557964274,-13.815510557964274,0.6931476805598203,False,True,False,False,False,False
41763.20315581854,1,0,0,1,1,0,0,0.02304314024007943,-4.262327169737311,10.273636315551256,3.912023025428146,3.13549425940741,9.908786625324781,6.361613311815158,8.174421152928266,4.4040340075749596,1.6094381124340804,6.861711341527851,4.77912350151489,1.3862946111198593,False,False,False,False,False,True
6112.369742419302,0,1,0,1,0,0,1,0.0,-8.02539285776425,3.6375861860421748,9.999994999180668e-07,3.13549425940741,9.71485921456875,3.6375861860421748,8.028455164440302,-13.815510557964274,1.0986126220013874,-13.815510557964274,-13.815510557964274,1.0986126220013874,False,False,False,True,False,False
4092.5737704918033,1,0,0,0,1,0,0,0.13595099594570775,-5.314643355835334,9.629248055846613,1.0986126220013874,3.7135720910945516,9.769564255481718,8.530635767310056,6.413458958806701,4.417998187118734,1.3862946111198593,6.612041036177178,3.6635616717706716,1.7917596358947079,False,False,True,False,False,False
7640.563613231552,0,0,0,0,0,0,1,0.04757849136752675,-7.358533207287776,8.644002038456113,9.999994999180668e-07,3.828641418228225,9.757652586794109,8.644002038456113,7.360103973625284,4.314729504467397,0.6931476805598203,5.488937730288918,2.5649494343846104,1.945910291912446,False,False,False,False,True,False
10412.863802559415,1,1,0,0,1,0,0,0.019587359623922693,-7.688557553728022,6.001414880436397,9.999994999180668e-07,3.5263605540279257,10.391346516762063,6.001414880436397,7.69074316399891,3.7578723489342205,1.3862946111198593,1.945910291912446,9.999994999180668e-07,1.6094381124340804,True,False,False,False,False,False
41763.20315581854,1,0,0,1,0,0,0,0.021837137221752605,-4.5107685106570985,7.116394144905153,3.6635616717706716,2.48490673312133,10.269775263620275,3.4528325296196622,8.174421152928266,4.350277949262527,1.0986126220013874,3.688879479113936,1.7917596358947079,0.6931476805598203,False,False,False,False,False,True
41763.20315581854,0,0,1,0,0,1,0,0.0,-4.262327169737311,4.7361984571664255,3.912023025428146,2.48490673312133,10.502018425512714,0.8241758815627445,8.174421152928266,-13.815510557964274,0.6931476805598203,-13.815510557964274,-13.815510557964274,9.999994999180668e-07,False,False,False,False,False,True
6112.369742419302,0,0,0,0,0,0,1,0.0,-5.512593545341598,7.563719668933308,2.515613875923528,2.890371813451719,7.868225738407096,5.048105879725615,8.028455164440302,-13.815510557964274,9.999994999180668e-07,-13.815510557964274,-13.815510557964274,1.0986126220013874,False,False,False,True,False,False
10412.863802559415,1,1,1,0,1,0,0,0.027422303473491772,-6.996502580963838,6.756932390410344,0.6931476805598203,3.8066625119925415,10.169754072896236,6.063785211013189,7.69074316399891,4.094344578888768,1.6094381124340804,2.3025851929940404,-13.815510557964274,1.945910291912446,True,False,False,False,False,False
6112.369742419302,1,0,0,0,0,0,0,0.016302575806977502,-8.02539285776425,6.34913899312805,9.999994999180668e-07,2.772588784739779,9.327943316009462,6.34913899312805,8.028455164440302,3.912023025428146,9.999994999180668e-07,2.6390574010438272,-13.815510557964274,0.6931476805598203,False,False,False,True,False,False
6112.369742419302,0,1,0,1,0,0,0,0.023801760678187154,-7.3337756581647415,7.751475318451564,0.6931476805598203,2.6390574010438272,10.593692711177454,7.058328138321727,8.028455164440302,4.290459454847021,1.0986126220013874,4.605170195988091,1.0986126220013874,0.6931476805598203,False,False,False,True,False,False
41763.20315581854,0,0,0,1,0,0,1,0.022686226797168363,-5.609198832442679,10.884048019446857,2.5649494343846104,2.1972246884473243,10.56454948043647,8.319098662210381,8.174421152928266,4.388423877401906,1.0986126220013874,-13.815510557964274,-13.815510557964274,9.999994999180668e-07,False,False,False,False,False,True
6112.369742419302,0,0,0,0,0,0,1,0.019952406211524703,-7.3337756581647415,7.802209316655948,0.6931476805598203,2.397895363707457,7.868225738407096,7.109062136504834,8.028455164440302,4.114049649642896,9.999994999180668e-07,4.204692634316339,9.999994999180668e-07,9.999994999180668e-07,False,False,False,True,False,False
41763.20315581854,0,0,1,0,0,0,1,0.02130452411878303,-6.094536084339138,8.23536064401846,2.079441666679828,2.5649494343846104,10.30546916738039,6.155919104194403,8.174421152928266,4.325585336994736,0.6931476805598203,5.099866433921759,0.6931476805598203,1.0986126220013874,False,False,False,False,False,True
4092.5737704918033,0,0,0,0,1,0,0,0.1253616200578592,-6.412849143141731,7.251344984081434,9.999994999180668e-07,2.397895363707457,9.84741294036413,7.251344984081434,6.413458958806701,4.336906212470335,9.999994999180668e-07,4.219507719881989,9.999994999180668e-07,0.6931476805598203,False,False,True,False,False,False
41763.20315581854,1,1,1,0,1,0,0,0.014088475626937165,-4.996219458230981,7.322510434657896,3.1780538720146114,2.397895363707457,10.170382733211344,4.144456619501496,8.174421152928266,3.912023025428146,1.6094381124340804,3.332204545889489,-13.815510557964274,0.6931476805598203,False,False,False,False,False,True
10412.863802559415,1,0,1,0,0,0,0,0.030469226081657523,-7.688557553728022,7.480428306638224,9.999994999180668e-07,3.610917939671251,9.914029007665217,7.480428306638224,7.69074316399891,4.199705092879927,0.6931476805598203,4.094344578888768,9.999994999180668e-07,1.7917596358947079,True,False,False,False,False,False
41763.20315581854,1,1,0,0,1,1,0,0.0,-4.647956251124853,4.584967488874653,3.5263605540279257,3.2580965764830196,10.46517108098771,1.0586073009931258,8.174421152928266,-13.815510557964274,1.3862946111198593,9.999994999180668e-07,-13.815510557964274,1.3862946111198593,False,False,False,False,False,True
10412.863802559415,1,0,0,0,1,0,0,0.033931638136391336,-7.688557553728022,9.237663667722378,9.999994999180668e-07,3.1780538720146114,9.99270785360796,9.237663667722378,7.69074316399891,4.30733575554168,1.0986126220013874,6.3868793210461465,4.04305128537841,1.3862946111198593,True,False,False,False,False,False
4092.5737704918033,0,0,1,0,0,0,0,0.0,-3.1945587325968314,3.4339872367432105,3.2188758648682,4.382026647173881,9.911230783913622,0.21511218606823315,6.413458958806701,-13.815510557964274,9.999994999180668e-07,-13.815510557964274,-13.815510557964274,2.1972246884473243,False,False,True,False,False,False
10412.863802559415,0,0,1,1,0,0,0,0.03884826325411334,-7.688557553728022,8.404472321575982,9.999994999180668e-07,3.7841896566455335,10.271172236488965,8.404472321575982,7.69074316399891,4.442651268255022,1.0986126220013874,-13.815510557964274,-13.815510557964274,1.945910291912446,True,False,False,False,False,False
41763.20315581854,1,0,0,0,1,0,0,0.02377803811055779,-4.916188123940292,12.178141168481602,3.2580965764830196,3.6635616717706716,10.231135594784085,8.92004463058866,8.174421152928266,4.4354282717149065,1.7917596358947079,8.681520485007606,7.03438793079656,1.945910291912446,False,False,False,False,False,True
41763.20315581854,0,0,1,0,0,0,1,0.014088475626937165,-4.2231091863939945,5.852202482648037,3.9512437378121965,3.465735934049726,9.733435459096341,1.9009589106183231,8.174421152928266,3.912023025428146,1.0986126220013874,1.3862946111198593,-13.815510557964274,1.7917596358947079,False,False,False,False,False,True
6112.369742419302,0,1,1,0,0,0,0,0.026983573749480006,-6.928821064339634,6.851184928551944,1.0986126220013874,2.833213402879744,10.118270002685447,5.752572642000236,8.028455164440302,4.415928198432896,0.6931476805598203,3.367295864469232,9.999994999180668e-07,1.0986126220013874,False,False,False,True,False,False
7640.563613231552,0,0,1,0,0,0,1,0.0476795158096517,-5.568082538077103,9.352534137766103,1.7917596358947079,3.332204545889489,10.30546916738039,7.560774668971775,7.360103973625284,4.316850575055468,0.6931476805598203,6.259581465976969,3.555348090060842,1.3862946111198593,False,False,False,False,True,False
7640.563613231552,0,1,0,1,0,1,0,0.050185278623241486,-7.358533207287776,9.60851228265736,9.999994999180668e-07,3.7841896566455335,10.65139299201386,9.60851228265736,7.360103973625284,4.368070435855758,1.3862946111198593,-13.815510557964274,-13.815510557964274,2.079441666679828,False,False,False,False,True,False
10412.863802559415,0,0,0,0,0,0,0,0.030469226081657523,-7.688557553728022,5.375278412313794,9.999994999180668e-07,2.944439031798018,7.921224239854798,5.375278412313794,7.69074316399891,4.199705092879927,9.999994999180668e-07,-13.815510557964274,-13.815510557964274,1.3862946111198593,True,False,False,False,False,False
6112.369742419302,1,0,0,0,0,0,0,0.0,-8.02539285776425,4.330733353444225,9.999994999180668e-07,3.7841896566455335,10.407128725818199,4.330733353444225,8.028455164440302,-13.815510557964274,0.6931476805598203,-13.815510557964274,-13.815510557964274,1.945910291912446,False,False,False,True,False,False
41763.20315581854,0,1,1,1,0,0,0,0.0,-4.2231091863939945,6.208590028108701,3.9512437378121965,3.7841896566455335,10.083919595682184,2.2573464121429625,8.174421152928266,-13.815510557964274,1.0986126220013874,-13.815510557964274,-13.815510557964274,2.397895363707457,False,False,False,False,False,True
6112.369742419302,0,0,0,0,0,0,1,0.020378219758721876,-7.3337756581647415,5.899897356322217,0.6931476805598203,3.1780538720146114,7.868225738407096,5.2067501785019985,8.028455164440302,4.135166572742356,9.999994999180668e-07,2.079441666679828,-13.815510557964274,1.0986126220013874,False,False,False,True,False,False
6112.369742419302,1,1,0,0,0,0,0,0.025465802677957033,-8.02539285776425,9.841346156051484,9.999994999180668e-07,4.060443027787798,10.531542561824871,9.841346156051484,8.028455164440302,4.3580363786062435,1.0986126220013874,6.930494766929144,4.143134742264548,2.48490673312133,False,False,False,True,False,False
10412.863802559415,0,0,0,0,0,0,0,0.03695204014158465,-7.688557553728022,7.288927695204317,9.999994999180668e-07,2.6390574010438272,7.921224239854798,7.288927695204317,7.69074316399891,4.392608756372839,9.999994999180668e-07,3.850147622986654,1.0986126220013874,0.6931476805598203,True,False,False,False,False,False
41763.20315581854,1,0,0,0,1,0,0,0.0,-4.303146206971848,5.451038457857546,3.871201031741224,2.9957323235539897,10.283480386862065,1.579837648666372,8.174421152928266,-13.815510557964274,1.0986126220013874,9.999994999180668e-07,-13.815510557964274,1.0986126220013874,False,False,False,False,False,True
7640.563613231552,0,1,1,0,0,0,0,0.04996749102993234,-7.358533207287776,9.608646582953014,9.999994999180668e-07,3.5835189662338873,10.53246894129401,9.608646582953014,7.360103973625284,4.363721321306442,0.6931476805598203,-13.815510557964274,-13.815510557964274,1.3862946111198593,False,False,False,False,True,False
6112.369742419302,0,0,0,0,0,0,1,0.0,-5.512593545341598,7.128495946481961,2.515613875923528,3.5835189662338873,7.868225738407096,4.612882160492976,8.028455164440302,-13.815510557964274,9.999994999180668e-07,-13.815510557964274,-13.815510557964274,1.6094381124340804,False,False,False,True,False,False
41763.20315581854,0,0,0,1,0,0,0,0.02276002154288425,-5.689218796583907,10.303504513104082,2.48490673312133,2.944439031798018,10.183373918040733,7.818597863684751,8.174421152928266,4.391671441825974,1.0986126220013874,7.142036575497942,4.465908130148836,0.6931476805598203,False,False,False,False,False,True
6112.369742419302,0,0,0,1,0,0,0,0.0242642988755014,-8.02539285776425,7.53796266030069,9.999994999180668e-07,3.0445224853424695,10.38552754751442,7.53796266030069,8.028455164440302,4.309705986531755,0.6931476805598203,4.454347307881415,-13.815510557964274,1.0986126220013874,False,False,False,True,False,False
41763.20315581854,1,0,1,1,0,0,0,0.0233952135126132,-4.996219458230981,10.082929968621025,3.1780538720146114,2.772588784739779,10.399201156125018,6.904876139234177,8.174421152928266,4.419197336405529,1.3862946111198593,6.777646594774069,3.6375861860421748,0.6931476805598203,False,False,False,False,False,True
41763.20315581854,1,0,0,0,0,0,0,0.0169061707523246,-4.5107685106570985,5.991464549607982,3.6635616717706716,2.48490673312133,9.327943316009462,2.3279029984783306,8.174421152928266,4.094344578888768,9.999994999180668e-07,1.6094381124340804,-13.815510557964274,0.6931476805598203,False,False,False,False,False,True
41763.20315581854,0,0,1,0,0,0,0,0.021468153336285205,-5.609198832442679,9.397981090330628,2.5649494343846104,3.465735934049726,9.894529295450052,6.833031733863787,8.174421152928266,4.33323648362945,1.0986126220013874,-13.815510557964274,-13.815510557964274,1.6094381124340804,False,False,False,False,False,True
6112.369742419302,0,0,0,1,0,0,1,0.024453863710466255,-8.02539285776425,5.648974241682333,9.999994999180668e-07,1.7917596358947079,10.466553257377619,5.648974241682333,8.028455164440302,4.317488126869644,0.6931476805598203,2.48490673312133,-13.815510557964274,9.999994999180668e-07,False,False,False,True,False,False
10412.863802559415,1,0,0,0,0,0,1,0.03656307129798903,-7.688557553728022,5.849324782828703,9.999994999180668e-07,2.5649494343846104,9.795136025739778,5.849324782828703,7.69074316399891,4.382026647173881,0.6931476805598203,-13.815510557964274,-13.815510557964274,0.6931476805598203,True,False,False,False,False,False
6112.369742419302,0,0,0,0,0,0,1,0.024865797096094322,-8.02539285776425,9.391744841791063,9.999994999180668e-07,3.6635616717706716,9.853958041326042,9.391744841791063,8.028455164440302,4.3341931468487624,0.6931476805598203,6.481577130807825,3.2188758648682,1.7917596358947079,False,False,False,True,False,False
41763.20315581854,1,0,0,0,1,0,0,0.020663097586174507,-4.262327169737311,7.325148958614337,3.912023025428146,3.0445224853424695,10.01397693118873,3.413125985465505,8.174421152928266,4.295015271320615,1.3862946111198593,2.7080502677688743,0.6931476805598203,1.0986126220013874,False,False,False,False,False,True
41763.20315581854,1,1,0,0,0,0,0,0.0,-5.658520592276317,4.663439103546029,2.515613875923528,3.367295864469232,9.920251159295926,2.147825415739575,8.174421152928266,-13.815510557964274,0.6931476805598203,-13.815510557964274,-13.815510557964274,1.7917596358947079,False,False,False,False,False,True
6112.369742419302,0,1,0,0,1,0,0,0.026084121291164004,-8.02539285776425,5.986452007797,9.999994999180668e-07,3.401197414995488,9.533921779951479,5.986452007797,8.028455164440302,4.382026647173881,0.6931476805598203,1.6094381124340804,-13.815510557964274,1.3862946111198593,False,False,False,True,False,False
7640.563613231552,0,0,1,0,1,0,0,0.0,-7.358533207287776,5.023880527425224,9.999994999180668e-07,3.970291932420046,10.120033131481884,5.023880527425224,7.360103973625284,-13.815510557964274,1.0986126220013874,-13.815510557964274,-13.815510557964274,2.1972246884473243,False,False,False,False,True,False
6112.369742419302,1,0,1,0,0,0,0,0.0,-6.236184658820706,4.812184363502499,1.7917596358947079,2.833213402879744,10.412714453290365,3.0204249349248493,8.028455164440302,-13.815510557964274,1.3862946111198593,-13.815510557964274,-13.815510557964274,0.6931476805598203,False,False,False,True,False,False
41763.20315581854,0,0,1,1,0,0,0,0.02318785944295994,-5.609198832442679,12.765219752225986,2.5649494343846104,3.09104249881286,10.397660539289822,10.200270394798752,8.174421152928266,4.410294727646639,1.6094381124340804,-13.815510557964274,-13.815510557964274,1.0986126220013874,False,False,False,False,False,True
10412.863802559415,1,0,1,0,0,1,0,0.034642537632735615,-7.688557553728022,9.75062770595005,9.999994999180668e-07,3.7841896566455335,10.282776829624027,9.75062770595005,7.69074316399891,4.32807023605983,1.6094381124340804,6.622736325279627,4.762173943344765,1.945910291912446,True,False,False,False,False,False
6112.369742419302,1,0,1,0,1,0,0,0.025194889883510683,-8.02539285776425,7.6634076653631835,9.999994999180668e-07,1.6094381124340804,10.282885520715444,7.6634076653631835,8.028455164440302,4.347341089627168,1.3862946111198593,4.189654757177941,9.999994999180668e-07,9.999994999180668e-07,False,False,False,True,False,False
6112.369742419302,0,0,0,1,1,0,0,0.02535956236640945,-6.64139434679697,7.119635638826698,1.3862946111198593,4.007333203414289,9.77894980566022,5.733341280133992,8.028455164440302,4.353855770564328,1.0986126220013874,3.2958369030413657,1.0986126220013874,1.945910291912446,False,False,False,True,False,False
7640.563613231552,1,0,1,0,1,0,0,0.044039929536112736,-7.358533207287776,6.5264948610349185,9.999994999180668e-07,3.9512437378121965,10.184512101216049,6.5264948610349185,7.360103973625284,4.2374454203072185,1.7917596358947079,2.5649494343846104,0.6931476805598203,1.6094381124340804,False,False,False,False,True,False
41763.20315581854,0,1,0,0,0,0,0,0.022541561003099463,-5.689218796583907,8.135639903647297,2.48490673312133,3.2188758648682,9.193989884547726,5.650733257081324,8.174421152928266,4.382026647173881,9.999994999180668e-07,-13.815510557964274,-13.815510557964274,1.0986126220013874,False,False,False,False,False,True
6112.369742419302,0,1,0,0,0,0,1,0.016302575806977502,-8.02539285776425,4.753590199727054,9.999994999180668e-07,3.4339872367432105,8.337517314425417,4.753590199727054,8.028455164440302,3.912023025428146,0.6931476805598203,-13.815510557964274,-13.815510557964274,1.7917596358947079,False,False,False,True,False,False
7640.563613231552,0,0,1,0,0,0,0,0.046857960741548535,-4.875066331780903,9.305195903079811,2.48490673312133,3.2958369030413657,9.890217970070173,6.820289254292266,7.360103973625284,4.29946962160939,0.6931476805598203,-13.815510557964274,-13.815510557964274,1.0986126220013874,False,False,False,False,True,False
41763.20315581854,0,0,0,1,0,1,0,0.023806172879436743,-5.609198832442679,11.369851544055596,2.5649494343846104,2.397895363707457,10.731578777196502,8.804902186732518,8.174421152928266,4.436610797230785,1.3862946111198593,-13.815510557964274,-13.815510557964274,1.0986126220013874,False,False,False,False,False,True
6112.369742419302,0,0,1,0,1,0,0,0.025100791321854252,-5.255674772744172,8.281977059120795,2.772588784739779,3.610917939671251,9.894880698951035,5.50938834067656,8.028455164440302,4.343599270529687,1.3862946111198593,4.836281914887986,1.945910291912446,1.7917596358947079,False,False,False,True,False,False
6112.369742419302,0,0,0,0,0,0,1,0.020748732845244092,-7.3337756581647415,7.494430215587739,0.6931476805598203,3.2580965764830196,7.868225738407096,6.8012830355839675,8.028455164440302,4.15318507795932,9.999994999180668e-07,4.007333203414289,1.0986126220013874,1.3862946111198593,False,False,False,True,False,False
10412.863802559415,0,1,1,0,0,0,1,0.0,-7.688557553728022,4.574710988812661,9.999994999180668e-07,4.007333203414289,9.757396691627354,4.574710988812661,7.69074316399891,-13.815510557964274,1.0986126220013874,-13.815510557964274,-13.815510557964274,2.1972246884473243,True,False,False,False,False,False
4092.5737704918033,0,0,1,0,0,0,0,0.13385471499473606,-4.467461669051619,8.412499120523647,1.945910291912446,3.610917939671251,9.911230783913622,6.4665889728007775,6.413458958806701,4.402458685738279,9.999994999180668e-07,5.384495067376245,2.3025851929940404,1.945910291912446,False,False,True,False,False,False
41763.20315581854,0,0,1,0,0,0,1,0.022337168610584313,-5.689218796583907,9.747009165758161,2.48490673312133,3.7841896566455335,10.521433544160518,7.262102516613322,8.174421152928266,4.37291793109002,1.6094381124340804,-13.815510557964274,-13.815510557964274,1.6094381124340804,False,False,False,False,False,True
10412.863802559415,1,0,0,0,0,0,0,0.027422303473491772,-7.688557553728022,6.704414356189597,9.999994999180668e-07,2.5649494343846104,9.327943316009462,6.704414356189597,7.69074316399891,4.094344578888768,9.999994999180668e-07,2.7080502677688743,-13.815510557964274,0.6931476805598203,True,False,False,False,False,False
10412.863802559415,1,0,0,0,0,0,0,0.027422303473491772,-7.688557553728022,6.263398264496385,9.999994999180668e-07,3.332204545889489,9.684987963285714,6.263398264496385,7.69074316399891,4.094344578888768,9.999994999180668e-07,2.3025851929940404,-13.815510557964274,1.3862946111198593,True,False,False,False,False,False
41763.20315581854,1,0,1,0,0,0,0,0.021132713440405747,-4.916188123940292,8.591743922866167,3.2580965764830196,3.4339872367432105,10.274065509759811,5.333647389485486,8.174421152928266,4.317488126869644,1.3862946111198593,5.411646056319325,2.1972246884473243,1.6094381124340804,False,False,False,False,False,True
6112.369742419302,0,0,1,1,0,0,0,0.02442831108380955,-6.928821064339634,9.199582715424304,1.0986126220013874,3.2580965764830196,10.051493467196256,8.100970426958357,8.028455164440302,4.316442648482037,1.0986126220013874,-13.815510557964274,-13.815510557964274,1.3862946111198593,False,False,False,True,False,False
4092.5737704918033,0,1,0,0,0,0,0,0.09836065573770492,-5.314643355835334,8.690978417356002,1.0986126220013874,4.219507719881989,10.341788803925633,7.592366129024082,6.413458958806701,4.094344578888768,0.6931476805598203,-13.815510557964274,-13.815510557964274,2.397895363707457,False,False,True,False,False,False
7640.563613231552,0,0,1,0,0,0,0,0.04742077261161231,-5.568082538077103,7.733683571213729,1.7917596358947079,4.406719259459375,9.894529295450052,5.9419241041748165,7.360103973625284,4.311409080874562,1.0986126220013874,-13.815510557964274,-13.815510557964274,2.3025851929940404,False,False,False,False,True,False
7640.563613231552,0,1,0,0,0,0,0,0.05157829585310501,-7.358533207287776,7.7384881229303755,9.999994999180668e-07,3.2580965764830196,8.71511678782035,7.7384881229303755,7.360103973625284,4.3954496673393555,9.999994999180668e-07,-13.815510557964274,-13.815510557964274,1.0986126220013874,False,False,False,False,True,False
4092.5737704918033,0,0,0,0,0,0,0,0.1288056206088993,-5.720006823110456,6.545349661771201,0.6931476805598203,3.13549425940741,10.349110469219342,5.852202482648037,6.413458958806701,4.364008141898476,0.6931476805598203,-13.815510557964274,-13.815510557964274,1.3862946111198593,False,False,True,False,False,False
41763.20315581854,1,0,1,1,1,1,0,0.021061559523097986,-4.916188123940292,8.991811158337143,3.2580965764830196,2.1972246884473243,10.507689243765329,5.733714623426274,8.174421152928266,4.31411544243605,2.3025851929940404,5.28826703574504,2.1972246884473243,9.999994999180668e-07,False,False,False,False,False,True
41763.20315581854,1,0,1,1,0,0,1,0.021696252465483234,-4.242525934108025,8.407155086430564,3.9318256523321686,2.3025851929940404,9.876182412479183,4.475329464869445,8.174421152928266,4.3438054348406965,1.6094381124340804,4.605170195988091,2.3025851929940404,1.0986126220013874,False,False,False,False,False,True
41763.20315581854,1,0,0,0,1,0,0,0.02208813879901413,-4.5107685106570985,9.168476167981758,3.6635616717706716,2.772588784739779,10.283480386862065,5.5049145258145735,8.174421152928266,4.361706644939522,1.0986126220013874,6.075346033387535,3.0445224853424695,0.6931476805598203,False,False,False,False,False,True
7640.563613231552,1,0,1,1,0,0,0,0.031806615776081425,-6.666171101165439,4.927253692403581,0.6931476805598203,3.5263605540279257,10.162714852280375,4.2341065190900125,7.360103973625284,3.912023025428146,1.0986126220013874,-13.815510557964274,-13.815510557964274,1.6094381124340804,False,False,False,False,True,False
6112.369742419302,0,0,0,1,0,0,0,0.0,-8.02539285776425,4.521788587918605,9.999994999180668e-07,2.944439031798018,10.36337952074992,4.521788587918605,8.028455164440302,-13.815510557964274,0.6931476805598203,-13.815510557964274,-13.815510557964274,1.0986126220013874,False,False,False,True,False,False
41763.20315581854,1,1,1,0,0,0,1,0.021345031391916854,-2.916907296414549,11.11819256020593,5.257495377236115,3.2958369030413657,10.142934436319868,5.860697191012566,8.174421152928266,4.327484877765729,1.6094381124340804,8.001689978434031,5.323009984016457,1.0986126220013874,False,False,False,False,False,True
6112.369742419302,0,0,0,1,1,0,0,0.0,-8.02539285776425,5.12396398535564,9.999994999180668e-07,3.7376696420928917,10.22868073661241,5.12396398535564,8.028455164440302,-13.815510557964274,1.0986126220013874,9.999994999180668e-07,-13.815510557964274,1.7917596358947079,False,False,False,True,False,False
6112.369742419302,1,0,0,0,1,0,0,0.0,-6.236184658820706,6.02102335177671,1.7917596358947079,2.079441666679828,10.256461634355407,4.229263894684578,8.028455164440302,-13.815510557964274,1.0986126220013874,9.999994999180668e-07,-13.815510557964274,0.6931476805598203,False,False,False,True,False,False
6112.369742419302,0,0,1,0,0,0,0,0.016302575806977502,-5.725563418143037,4.905274785845837,2.3025851929940404,3.9318256523321686,9.930382188212418,2.602689759518455,8.028455164440302,3.912023025428146,0.6931476805598203,-13.815510557964274,-13.815510557964274,2.079441666679828,False,False,False,True,False,False
6112.369742419302,0,0,0,1,0,0,1,0.0,-8.02539285776425,3.761200138949376,9.999994999180668e-07,3.09104249881286,9.2231297982103,3.761200138949376,8.028455164440302,-13.815510557964274,0.6931476805598203,-13.815510557964274,-13.815510557964274,1.0986126220013874,False,False,False,True,False,False
41763.20315581854,1,0,1,0,1,0,0,0.015172204521316948,-4.740319470843161,5.9269260286370775,3.4339872367432105,2.9957323235539897,9.894809075907947,2.4929389041519276,8.174421152928266,3.9861309961532965,1.3862946111198593,2.5649494343846104,-13.815510557964274,1.0986126220013874,False,False,False,False,False,True
41763.20315581854,0,0,0,0,0,1,0,0.01984292341822136,-4.5107685106570985,8.277157772686069,3.6635616717706716,3.8066625119925415,10.228780205828794,4.613596136218257,8.174421152928266,4.254513328574922,0.6931476805598203,4.262679891125822,0.6931476805598203,1.945910291912446,False,False,False,False,False,True
10412.863802559415,1,0,0,0,0,0,0,0.0,-7.688557553728022,4.330733353444225,9.999994999180668e-07,3.367295864469232,10.40419928309206,4.330733353444225,7.69074316399891,-13.815510557964274,1.0986126220013874,-13.815510557964274,-13.815510557964274,1.0986126220013874,True,False,False,False,False,False
10412.863802559415,1,1,0,0,1,0,0,0.0394932129002669,-6.591401807374738,9.166179476294928,1.0986126220013874,3.4339872367432105,10.326782481487195,8.067567187835849,7.69074316399891,4.459116727966033,1.6094381124340804,5.659482219243942,2.772588784739779,1.0986126220013874,True,False,False,False,False,False
7640.563613231552,0,0,1,0,0,0,0,0.0,-7.358533207287776,4.219507719881989,9.999994999180668e-07,3.332204545889489,9.657081198906674,4.219507719881989,7.360103973625284,-13.815510557964274,0.6931476805598203,-13.815510557964274,-13.815510557964274,1.7917596358947079,False,False,False,False,True,False
41763.20315581854,1,1,0,0,0,0,0,0.02338341930178665,-5.689218796583907,12.406209562198223,2.48490673312133,3.7376696420928917,10.356447137434834,9.921302912455246,8.174421152928266,4.418693080072036,1.3862946111198593,-13.815510557964274,-13.815510557964274,1.7917596358947079,False,False,False,False,False,True
10412.863802559415,1,1,1,1,0,0,0,0.02999314442413163,-7.688557553728022,6.895682698760013,9.999994999180668e-07,3.7376696420928917,10.159762102976764,6.895682698760013,7.69074316399891,4.183956736149883,1.7917596358947079,-13.815510557964274,-13.815510557964274,1.945910291912446,True,False,False,False,False,False
6112.369742419302,0,0,0,1,0,0,1,0.0,-8.02539285776425,4.248495256335073,9.999994999180668e-07,2.772588784739779,9.2231297982103,4.248495256335073,8.028455164440302,-13.815510557964274,0.6931476805598203,-13.815510557964274,-13.815510557964274,1.0986126220013874,False,False,False,True,False,False
41763.20315581854,0,0,0,1,1,1,0,0.023166703304104797,-5.609198832442679,11.98229764490005,2.5649494343846104,3.0445224853424695,10.431761347188072,9.417348287513562,8.174421152928266,4.409381931200588,1.3862946111198593,-13.815510557964274,-13.815510557964274,1.0986126220013874,False,False,False,False,False,True
10412.863802559415,0,1,0,0,0,0,0,0.029084261259764002,-7.688557553728022,7.590346946107871,9.999994999180668e-07,2.3025851929940404,8.71511678782035,7.590346946107871,7.69074316399891,4.15318507795932,9.999994999180668e-07,4.3438054348406965,1.7917596358947079,0.6931476805598203,True,False,False,False,False,False
41763.20315581854,0,0,1,0,0,0,0,0.008050557501106951,-4.996219458230981,5.9558373720555045,3.1780538720146114,3.0445224853424695,10.40354263119861,2.777783601293049,8.174421152928266,3.3524072524927226,1.0986126220013874,1.945910291912446,-13.815510557964274,1.0986126220013874,False,False,False,False,False,True
41763.20315581854,1,1,0,0,1,0,1,0.022607088796713127,-5.689218796583907,10.84181371129046,2.48490673312133,2.772588784739779,10.334826535740577,8.356907061717665,8.174421152928266,4.384929406795611,1.6094381124340804,7.589841512688219,4.934473940324937,1.0986126220013874,False,False,False,False,False,True
6112.369742419302,0,1,0,0,0,0,0,0.0,-8.02539285776425,4.219507719881989,9.999994999180668e-07,2.944439031798018,8.71511678782035,4.219507719881989,8.028455164440302,-13.815510557964274,9.999994999180668e-07,-13.815510557964274,-13.815510557964274,1.0986126220013874,False,False,False,True,False,False
6112.369742419302,0,0,1,0,0,0,1,0.0,-8.02539285776425,4.382026647173881,9.999994999180668e-07,3.332204545889489,9.324406699842474,4.382026647173881,8.028455164440302,-13.815510557964274,0.6931476805598203,9.999994999180668e-07,-13.815510557964274,1.3862946111198593,False,False,False,True,False,False
41763.20315581854,0,0,1,0,0,0,1,0.020761964081802135,-4.916188123940292,6.472346296046496,3.2580965764830196,3.367295864469232,9.324406699842474,3.2142497966648893,8.174421152928266,4.299788550008338,0.6931476805598203,2.944439031798018,9.999994999180668e-07,1.0986126220013874,False,False,False,False,False,True
6112.369742419302,0,0,1,0,0,0,1,0.0,-8.02539285776425,4.025351708592292,9.999994999180668e-07,4.077537460854872,9.324406699842474,4.025351708592292,8.028455164440302,-13.815510557964274,0.6931476805598203,-13.815510557964274,-13.815510557964274,2.079441666679828,False,False,False,True,False,False
41763.20315581854,1,0,0,0,0,0,0,0.014088475626937165,-4.5107685106570985,4.941642429752162,3.6635616717706716,2.890371813451719,9.327943316009462,1.2780810550510477,8.174421152928266,3.912023025428146,9.999994999180668e-07,0.6931476805598203,-13.815510557964274,0.6931476805598203,False,False,False,False,False,True
10412.863802559415,0,0,0,1,0,1,0,0.0,-5.898619094121878,4.804021052929977,1.7917596358947079,2.772588784739779,10.718498913372581,3.0122616246855283,7.69074316399891,-13.815510557964274,0.6931476805598203,9.999994999180668e-07,-13.815510557964274,1.0986126220013874,True,False,False,False,False,False
41763.20315581854,1,0,0,0,0,0,0,0.014088475626937165,-4.413138505475029,5.517452900480772,3.761200138949376,3.610917939671251,9.565831946646995,1.7562529534618934,8.174421152928266,3.912023025428146,0.6931476805598203,1.7917596358947079,-13.815510557964274,1.7917596358947079,False,False,False,False,False,True
6112.369742419302,0,0,0,0,0,0,1,0.02328939400996786,-7.3337756581647415,7.953669779001168,0.6931476805598203,1.945910291912446,7.868225738407096,7.260522598792593,8.028455164440302,4.268697963366878,9.999994999180668e-07,-13.815510557964274,-13.815510557964274,9.999994999180668e-07,False,False,False,True,False,False
6112.369742419302,0,0,0,0,0,0,1,0.020378219758721876,-8.02539285776425,6.38012253859468,9.999994999180668e-07,3.1780538720146114,7.868225738407096,6.38012253859468,8.028455164440302,4.135166572742356,9.999994999180668e-07,2.772588784739779,-13.815510557964274,1.0986126220013874,False,False,False,True,False,False
41763.20315581854,0,0,0,1,0,0,0,0.02255597376588917,-4.242525934108025,9.743201422661478,3.9318256523321686,3.0445224853424695,9.92345689298312,5.811375792871769,8.174421152928266,4.382665829034892,0.6931476805598203,5.96870756254291,4.304065106717683,1.3862946111198593,False,False,False,False,False,True
10412.863802559415,1,0,0,0,1,0,0,0.03685793477619862,-7.688557553728022,7.130898831096347,9.999994999180668e-07,2.5649494343846104,10.458870934681539,7.130898831096347,7.69074316399891,4.390058818771146,1.0986126220013874,3.4339872367432105,9.999994999180668e-07,0.6931476805598203,True,False,False,False,False,False
10412.863802559415,0,1,1,0,0,0,0,0.03841365619497314,-7.688557553728022,8.192016914813731,9.999994999180668e-07,3.09104249881286,10.53246894129401,8.192016914813731,7.69074316399891,4.431400922907264,0.6931476805598203,5.093750206941731,1.0986126220013874,1.0986126220013874,True,False,False,False,False,False
6112.369742419302,0,0,0,0,0,0,1,0.022855571964684143,-7.3337756581647415,8.634976227250398,0.6931476805598203,3.0445224853424695,7.868225738407096,7.941829046868231,8.028455164440302,4.249894836669516,9.999994999180668e-07,5.318119998746178,2.397895363707457,1.0986126220013874,False,False,False,True,False,False
10412.863802559415,0,0,1,1,0,0,0,0.04041181564514577,-7.688557553728022,7.957877358839708,9.999994999180668e-07,2.833213402879744,10.047524918149158,7.957877358839708,7.69074316399891,4.4821101045403875,0.6931476805598203,4.553876902126857,1.7917596358947079,1.0986126220013874,True,False,False,False,False,False
41763.20315581854,0,0,1,1,0,0,0,0.022361068076918064,-5.689218796583907,10.525085024282852,2.48490673312133,2.772588784739779,10.43200685929684,8.040178374790248,8.174421152928266,4.373987300715362,1.3862946111198593,-13.815510557964274,-13.815510557964274,0.6931476805598203,False,False,False,False,False,True
10412.863802559415,0,0,0,0,0,1,0,0.039990859232175505,-7.688557553728022,6.152732696831764,9.999994999180668e-07,2.397895363707457,8.362116469142244,6.152732696831764,7.69074316399891,4.47163880479214,9.999994999180668e-07,-13.815510557964274,-13.815510557964274,0.6931476805598203,True,False,False,False,False,False
6112.369742419302,1,0,0,0,0,0,0,0.022096053159870333,-8.02539285776425,7.746300662663778,9.999994999180668e-07,3.850147622986654,10.204079621844437,7.746300662663778,8.028455164440302,4.216098902411701,1.0986126220013874,4.795790553861204,2.397895363707457,1.945910291912446,False,False,False,True,False,False
7640.563613231552,1,0,0,1,1,0,0,0.04670338519019551,-7.358533207287776,7.703459048318438,9.999994999180668e-07,3.13549425940741,10.279229752397505,7.703459048318438,7.360103973625284,4.296165357688179,1.6094381124340804,4.369447865125249,2.079441666679828,1.3862946111198593,False,False,False,False,True,False
41763.20315581854,1,0,0,1,1,0,0,0.022924311497010477,-5.689218796583907,10.399250298655529,2.48490673312133,2.079441666679828,10.353238934621132,7.914343649202537,8.174421152928266,4.398863870801409,1.6094381124340804,7.232733136900158,4.3438054348406965,9.999994999180668e-07,False,False,False,False,False,True
10412.863802559415,0,0,0,1,0,0,0,0.0,-7.688557553728022,4.836281914887986,9.999994999180668e-07,2.6390574010438272,9.797925220956992,4.836281914887986,7.69074316399891,-13.815510557964274,9.999994999180668e-07,9.999994999180668e-07,-13.815510557964274,1.0986126220013874,True,False,False,False,False,False
6112.369742419302,1,1,0,0,1,0,1,0.024831737984137917,-8.02539285776425,8.123854263402297,9.999994999180668e-07,1.7917596358947079,10.524357135807465,8.123854263402297,8.028455164440302,4.332822490666851,1.7917596358947079,5.017279843437441,9.999994999180668e-07,9.999994999180668e-07,False,False,False,True,False,False
41763.20315581854,1,0,1,0,0,0,0,0.017610594533671458,-4.2231091863939945,6.664409021625918,3.9512437378121965,2.5649494343846104,9.914029007665217,2.713165368095509,8.174421152928266,4.135166572742356,0.6931476805598203,3.465735934049726,9.999994999180668e-07,0.6931476805598203,False,False,False,False,False,True
41763.20315581854,0,0,1,1,1,1,0,0.023653194891405497,-5.535110355156934,12.40265864634194,2.6390574010438272,3.49650759176951,10.426557925398914,9.76360131678008,8.174421152928266,4.430164081936617,1.945910291912446,9.187992508414535,6.679599187100664,1.6094381124340804,False,False,False,False,False,True
1266.400447427293,0,0,0,0,0,0,1,0.22371364653243847,-6.102111694488308,4.330733353444225,9.999994999180668e-07,3.0445224853424695,8.653286306877517,4.330733353444225,6.102558596850705,4.605170195988091,0.6931476805598203,-13.815510557964274,-13.815510557964274,1.0986126220013874,False,True,False,False,False,False
7640.563613231552,0,0,1,0,0,0,0,0.0502209722780233,-7.358533207287776,7.148345744686231,9.999994999180668e-07,1.3862946111198593,7.834364025562327,7.148345744686231,7.360103973625284,4.368781420590527,9.999994999180668e-07,4.04305128537841,0.6931476805598203,9.999994999180668e-07,False,False,False,False,True,False
6112.369742419302,0,0,0,0,0,0,1,0.021380427287839347,-6.928821064339634,7.36897040282531,1.0986126220013874,4.04305128537841,7.868225738407096,6.270358115418235,8.028455164440302,4.183175791178717,9.999994999180668e-07,4.1108738805667535,-13.815510557964274,2.1972246884473243,False,False,False,True,False,False
10412.863802559415,0,0,0,0,0,0,1,0.04570383912248629,-7.688557553728022,5.579729829759807,9.999994999180668e-07,2.48490673312133,6.342515951676863,5.579729829759807,7.69074316399891,4.605170195988091,9.999994999180668e-07,-13.815510557964274,-13.815510557964274,0.6931476805598203,True,False,False,False,False,False
7640.563613231552,0,0,0,1,0,0,0,0.040096325248220946,-7.358533207287776,9.253495642385886,9.999994999180668e-07,3.970291932420046,8.859538259188794,9.253495642385886,7.360103973625284,4.143633400290229,9.999994999180668e-07,6.29341928069491,3.871201031741224,2.1972246884473243,False,False,False,False,True,False
41763.20315581854,0,1,0,0,0,0,1,0.01878463416924955,-5.038772644273212,5.6276211172877595,3.13549425940741,2.944439031798018,8.337517314425417,2.492126980495297,8.174421152928266,4.199705092879927,0.6931476805598203,2.48490673312133,-13.815510557964274,1.0986126220013874,False,False,False,False,False,True
6112.369742419302,1,0,0,0,1,0,0,0.026718110350324238,-8.02539285776425,7.321188557400854,9.999994999180668e-07,3.5263605540279257,10.114847515619987,7.321188557400854,8.028455164440302,4.406041523081146,1.3862946111198593,4.2766661329049445,-13.815510557964274,1.945910291912446,False,False,False,True,False,False
10412.863802559415,1,1,0,0,1,0,1,0.02437538086532602,-7.688557553728022,6.381816019098146,9.999994999180668e-07,3.828641418228225,9.875998927910658,6.381816019098146,7.69074316399891,3.9765615453157173,1.6094381124340804,2.7080502677688743,9.999994999180668e-07,2.079441666679828,True,False,False,False,False,False
6112.369742419302,0,0,1,0,1,0,0,0.02328939400996786,-6.928821064339634,7.165493475833643,1.0986126220013874,3.2580965764830196,9.903177751469695,6.066881188711129,8.028455164440302,4.268697963366878,1.3862946111198593,3.332204545889489,-13.815510557964274,1.7917596358947079,False,False,False,True,False,False
7640.563613231552,0,0,1,0,0,0,0,0.05134002655160969,-6.666171101165439,9.074978734160002,0.6931476805598203,3.401197414995488,10.35589094686968,8.381831553714552,7.360103973625284,4.3908193990124325,1.0986126220013874,5.908082940886322,3.4339872367432105,1.6094381124340804,False,False,False,False,True,False
6112.369742419302,0,0,0,0,0,0,1,0.02328939400996786,-8.02539285776425,6.783325201736463,9.999994999180668e-07,3.555348090060842,8.191113331001237,6.783325201736463,8.028455164440302,4.268697963366878,0.6931476805598203,-13.815510557964274,-13.815510557964274,1.3862946111198593,False,False,False,True,False,False
7640.563613231552,0,0,0,1,0,0,0,0.03710771840542833,-4.875066331780903,6.298949248694178,2.48490673312133,3.7135720910945516,10.38552754751442,3.8140426191267656,7.360103973625284,4.066173702398261,0.6931476805598203,-13.815510557964274,-13.815510557964274,1.6094381124340804,False,False,False,False,True,False
41763.20315581854,0,0,1,1,0,0,0,0.019783816837826658,-5.609198832442679,8.008032847302086,2.5649494343846104,3.13549425940741,9.857544949886234,5.443083493833894,8.174421152928266,4.251530159986937,1.0986126220013874,4.543294792908302,1.7917596358947079,1.0986126220013874,False,False,False,False,False,True
6112.369742419302,0,0,0,0,0,0,1,0.020748732845244092,-8.02539285776425,6.602587893546189,9.999994999180668e-07,2.6390574010438272,7.868225738407096,6.602587893546189,8.028455164440302,4.15318507795932,9.999994999180668e-07,3.09104249881286,-13.815510557964274,0.6931476805598203,False,False,False,True,False,False
41763.20315581854,1,0,1,1,0,0,0,0.02069244857706396,-4.262327169737311,7.492203043176155,3.912023025428146,3.970291932420046,10.075815211262139,3.580180065061275,8.174421152928266,4.296434717955499,1.3862946111198593,4.1588830989846715,1.3862946111198593,2.079441666679828,False,False,False,False,False,True
1266.400447427293,0,0,0,0,0,0,0,0.0,-6.102111694488308,4.2766661329049445,9.999994999180668e-07,3.465735934049726,8.024016164881164,4.2766661329049445,6.102558596850705,-13.815510557964274,9.999994999180668e-07,-13.815510557964274,-13.815510557964274,1.945910291912446,False,True,False,False,False,False
10412.863802559415,1,0,1,0,0,0,0,0.034277879341864714,-7.688557553728022,6.263398264496385,9.999994999180668e-07,2.833213402879744,10.066783371111816,6.263398264496385,7.69074316399891,4.317488126869644,1.0986126220013874,2.772588784739779,-13.815510557964274,1.0986126220013874,True,False,False,False,False,False
10412.863802559415,1,0,1,0,0,0,1,0.031161708492604284,-7.688557553728022,6.869014451705207,9.999994999180668e-07,4.143134742264548,9.562989436612362,6.869014451705207,7.69074316399891,4.222177948398652,1.0986126220013874,3.09104249881286,9.999994999180668e-07,2.48490673312133,True,False,False,False,False,False
7640.563613231552,0,0,0,0,0,0,1,0.0,-6.666171101165439,3.688879479113936,0.6931476805598203,2.7080502677688743,9.241028279611747,2.9957323235539897,7.360103973625284,-13.815510557964274,0.6931476805598203,-13.815510557964274,-13.815510557964274,1.0986126220013874,False,False,False,False,True,False
6112.369742419302,0,0,0,0,0,0,1,0.0,-5.512593545341598,6.025865976240773,2.515613875923528,3.6375861860421748,7.868225738407096,3.5102522086044528,8.028455164440302,-13.815510557964274,9.999994999180668e-07,-13.815510557964274,-13.815510557964274,1.7917596358947079,False,False,False,True,False,False
41763.20315581854,0,0,1,1,0,0,0,0.024206046479976987,-4.955403377853663,13.359515548222255,3.2188758648682,2.1972246884473243,10.470956522148061,10.14063972339192,8.174421152928266,4.453268341803515,1.3862946111198593,10.024775549787616,8.560635749450572,9.999994999180668e-07,False,False,False,False,False,True
7640.563613231552,0,0,1,0,0,0,0,0.0510026790418222,-5.750351709968375,8.531490496314223,1.6094381124340804,3.49650759176951,9.911230783913622,6.922052584668766,7.360103973625284,4.384226868056012,9.999994999180668e-07,5.424950021886689,2.944439031798018,1.6094381124340804,False,False,False,False,True,False
7640.563613231552,0,0,1,0,1,0,0,0.031806615776081425,-7.358533207287776,5.402677386376784,9.999994999180668e-07,4.369447865125249,9.87694151730231,5.402677386376784,7.360103973625284,3.912023025428146,1.0986126220013874,-13.815510557964274,-13.815510557964274,2.397895363707457,False,False,False,False,True,False
6112.369742419302,0,0,0,0,0,0,1,0.023910444516900334,-8.02539285776425,7.078341580400841,9.999994999180668e-07,3.9318256523321686,7.868225738407096,7.078341580400841,8.028455164440302,4.295015271320615,9.999994999180668e-07,-13.815510557964274,-13.815510557964274,2.079441666679828,False,False,False,True,False,False
41763.20315581854,0,0,1,0,0,0,1,0.014088475626937165,-2.693767441913839,4.406719259459375,5.480638927508658,3.2580965764830196,9.324406699842474,-1.073916749252753,8.174421152928266,3.912023025428146,0.6931476805598203,-13.815510557964274,-13.815510557964274,1.0986126220013874,False,False,False,False,False,True
41763.20315581854,0,0,1,0,0,0,0,0.0,-5.658520592276317,8.882808055063196,2.515613875923528,2.944439031798018,9.837484749753822,6.367194261531174,8.174421152928266,-13.815510557964274,0.6931476805598203,-13.815510557964274,-13.815510557964274,1.0986126220013874,False,False,False,False,False,True
7640.563613231552,0,0,0,0,0,0,0,0.05725190839694656,-7.358533207287776,6.635946556998983,9.999994999180668e-07,2.48490673312133,8.024016164881164,6.635946556998983,7.360103973625284,4.499809681441376,9.999994999180668e-07,-13.815510557964274,-13.815510557964274,1.0986126220013874,False,False,False,False,True,False
7640.563613231552,1,1,0,0,0,1,0,0.046233489244808024,-7.358533207287776,10.03337481341446,9.999994999180668e-07,3.912023025428146,10.758797537173574,10.03337481341446,7.360103973625284,4.286053118687275,1.0986126220013874,-13.815510557964274,-13.815510557964274,2.079441666679828,False,False,False,False,True,False
10412.863802559415,0,0,0,1,0,0,0,0.018281535648994516,-7.688557553728022,6.442540168060555,9.999994999180668e-07,3.09104249881286,9.797925220956992,6.442540168060555,7.69074316399891,3.688879479113936,9.999994999180668e-07,1.6094381124340804,9.999994999180668e-07,1.3862946111198593,True,False,False,False,False,False
4092.5737704918033,0,0,1,0,0,0,0,0.10928961748633878,-2.7245642531697007,5.888877961102964,3.688879479113936,3.2958369030413657,9.993417412103877,2.1999986150222623,6.413458958806701,4.199705092879927,1.0986126220013874,-13.815510557964274,-13.815510557964274,1.3862946111198593,False,False,True,False,False,False
6112.369742419302,0,1,1,1,0,0,1,0.024354052021852104,-8.02539285776425,9.155250405763887,9.999994999180668e-07,2.7080502677688743,10.621117326477156,9.155250405763887,8.028455164440302,4.313398141672764,1.6094381124340804,-13.815510557964274,-13.815510557964274,0.6931476805598203,False,False,False,True,False,False
41763.20315581854,0,1,1,0,0,0,0,0.021984838982357594,-4.996219458230981,9.612800971130916,3.1780538720146114,3.2580965764830196,10.163084023434575,6.4347471423209175,8.174421152928266,4.357018965109483,1.0986126220013874,6.2065759287410565,3.6635616717706716,1.0986126220013874,False,False,False,False,False,True
7640.563613231552,0,0,1,0,0,0,0,0.03469812630117973,-6.666171101165439,6.870053412836548,0.6931476805598203,3.2958369030413657,9.911230783913622,6.176906233315023,7.360103973625284,3.9990344007511087,9.999994999180668e-07,3.49650759176951,1.0986126220013874,1.6094381124340804,False,False,False,False,True,False
41763.20315581854,1,0,0,0,0,0,0,0.0,-5.609198832442679,4.634728997938374,2.5649494343846104,3.332204545889489,10.32389724513457,2.069779756981683,8.174421152928266,-13.815510557964274,0.6931476805598203,-13.815510557964274,-13.815510557964274,1.3862946111198593,False,False,False,False,False,True
10412.863802559415,1,0,1,0,0,0,0,0.04570383912248629,-7.688557553728022,4.753590199727054,9.999994999180668e-07,2.48490673312133,10.354679968636681,4.753590199727054,7.69074316399891,4.605170195988091,0.6931476805598203,-13.815510557964274,-13.815510557964274,0.6931476805598203,True,False,False,False,False,False
41763.20315581854,1,1,0,0,0,0,0,0.02204663651001744,-3.88391309624149,10.020381304052112,4.290459454847021,2.7080502677688743,10.436971844070937,5.729921866106567,8.174421152928266,4.359825937474302,1.3862946111198593,6.216606103080872,3.2580965764830196,0.6931476805598203,False,False,False,False,False,True
6112.369742419302,0,1,0,0,0,0,0,0.02484202027729905,-8.02539285776425,6.51767127438938,9.999994999180668e-07,2.5649494343846104,8.71511678782035,6.51767127438938,8.028455164440302,4.33323648362945,9.999994999180668e-07,3.0445224853424695,-13.815510557964274,0.6931476805598203,False,False,False,True,False,False
1266.400447427293,0,0,0,0,0,0,0,0.11185682326621924,-6.102111694488308,5.22035583048373,9.999994999180668e-07,2.397895363707457,8.024016164881164,5.22035583048373,6.102558596850705,3.912023025428146,9.999994999180668e-07,-13.815510557964274,-13.815510557964274,0.6931476805598203,False,True,False,False,False,False
41763.20315581854,1,1,1,1,0,0,1,0.022868250292999458,-5.689218796583907,12.249112977723788,2.48490673312133,2.5649494343846104,10.622702815912389,9.764206327988472,8.174421152928266,4.39641538444741,2.3025851929940404,-13.815510557964274,-13.815510557964274,0.6931476805598203,False,False,False,False,False,True
10412.863802559415,1,0,1,0,0,0,1,0.03294927936737383,-7.688557553728022,7.294377299968169,9.999994999180668e-07,3.871201031741224,9.562989436612362,7.294377299968169,7.69074316399891,4.277957288650643,1.0986126220013874,3.761200138949376,1.3862946111198593,1.945910291912446,True,False,False,False,False,False
6112.369742419302,1,0,1,0,0,0,1,0.028982356990182225,-8.02539285776425,6.572282544092609,9.999994999180668e-07,3.332204545889489,10.438451718670844,6.572282544092609,8.028455164440302,4.487387161581708,1.0986126220013874,3.2958369030413657,0.6931476805598203,1.6094381124340804,False,False,False,True,False,False
6112.369742419302,0,0,0,0,0,0,1,0.023819332316781502,-5.543292963648774,8.95066249606365,2.48490673312133,3.7135720910945516,7.868225738407096,6.465755847701813,8.028455164440302,4.291197431993117,9.999994999180668e-07,5.117993818404779,2.833213402879744,1.6094381124340804,False,False,False,True,False,False
6112.369742419302,0,1,0,0,0,0,1,0.022308787946390265,-6.64139434679697,7.2737863185383755,1.3862946111198593,2.772588784739779,10.172779301169744,5.887491959498929,8.028455164440302,4.225680578898572,0.6931476805598203,2.944439031798018,-13.815510557964274,1.0986126220013874,False,False,False,True,False,False
6112.369742419302,0,1,0,0,0,0,1,0.0,-8.02539285776425,4.624972823088193,9.999994999180668e-07,3.401197414995488,8.337517314425417,4.624972823088193,8.028455164440302,-13.815510557964274,0.6931476805598203,-13.815510557964274,-13.815510557964274,1.7917596358947079,False,False,False,True,False,False
4092.5737704918033,0,0,0,0,0,0,0,0.15027322404371582,-6.412849143141731,6.704414356189597,9.999994999180668e-07,2.079441666679828,10.427762476915545,6.704414356189597,6.413458958806701,4.518158819907552,9.999994999180668e-07,-13.815510557964274,-13.815510557964274,9.999994999180668e-07,False,False,True,False,False,False
10412.863802559415,0,1,0,0,0,0,0,0.03708137456893649,-7.688557553728022,11.123992937511177,9.999994999180668e-07,3.13549425940741,10.83212294859938,11.123992937511177,7.69074316399891,4.39610270725525,1.0986126220013874,8.249836485687004,5.049856013659793,1.3862946111198593,True,False,False,False,False,False
6112.369742419302,1,0,0,0,1,0,0,0.026851301329139415,-7.3337756581647415,6.825460037341083,0.6931476805598203,2.397895363707457,10.176128228194345,6.132312857866914,8.028455164440302,4.411014183689991,1.3862946111198593,3.5263605540279257,-13.815510557964274,0.6931476805598203,False,False,False,True,False,False
6112.369742419302,0,0,0,0,0,0,1,0.023548165054523056,-7.3337756581647415,7.395107547176736,0.6931476805598203,2.48490673312133,7.868225738407096,6.701960367231042,8.028455164440302,4.279747799399617,9.999994999180668e-07,-13.815510557964274,-13.815510557964274,0.6931476805598203,False,False,False,True,False,False
6112.369742419302,0,0,0,0,0,0,1,0.019511744272917957,-7.3337756581647415,7.957177323809615,0.6931476805598203,3.09104249881286,7.868225738407096,7.26403014359981,8.028455164440302,4.091716456526357,9.999994999180668e-07,4.844187094332607,1.0986126220013874,1.0986126220013874,False,False,False,True,False,False
7640.563613231552,0,0,1,0,0,0,1,0.031806615776081425,-7.358533207287776,4.795790553861204,9.999994999180668e-07,2.3025851929940404,9.324406699842474,4.795790553861204,7.360103973625284,3.912023025428146,0.6931476805598203,-13.815510557964274,-13.815510557964274,1.0986126220013874,False,False,False,False,True,False
7640.563613231552,0,1,0,0,0,0,0,0.06361323155216285,-7.358533207287776,4.852030271732117,9.999994999180668e-07,4.1588830989846715,8.71511678782035,4.852030271732117,7.360103973625284,4.605170195988091,9.999994999180668e-07,-13.815510557964274,-13.815510557964274,2.397895363707457,False,False,False,False,True,False
6112.369742419302,0,0,0,0,1,0,0,0.01863151520797429,-8.02539285776425,5.880532989193997,9.999994999180668e-07,3.367295864469232,9.690921400442782,5.880532989193997,8.028455164440302,4.045554415552669,0.6931476805598203,1.945910291912446,-13.815510557964274,1.3862946111198593,False,False,False,True,False,False
4092.5737704918033,1,1,0,0,1,1,1,0.13266369752676965,-2.8580934672583904,9.737551025050522,3.555348090060842,3.1780538720146114,10.256143212157664,6.182202965567955,6.413458958806701,4.393521026456759,2.397895363707457,-13.815510557964274,-13.815510557964274,1.0986126220013874,False,False,True,False,False,False
6112.369742419302,1,0,0,0,0,0,0,0.02618049119741215,-8.02539285776425,8.411388132741582,9.999994999180668e-07,3.13549425940741,10.40419928309206,8.411388132741582,8.028455164440302,4.385714420207054,1.0986126220013874,5.313205983967896,2.1972246884473243,1.3862946111198593,False,False,False,True,False,False
41763.20315581854,1,1,0,0,0,0,1,0.018460761166331458,-4.916188123940292,6.46925031834616,3.2580965764830196,2.944439031798018,9.56888296407913,3.2111538190843674,8.174421152928266,4.182313350431215,1.0986126220013874,3.367295864469232,1.3862946111198593,1.0986126220013874,False,False,False,False,False,True
1266.400447427293,0,0,0,0,0,0,1,0.22371364653243847,-6.102111694488308,4.3438054348406965,9.999994999180668e-07,2.5649494343846104,8.653286306877517,4.3438054348406965,6.102558596850705,4.605170195988091,0.6931476805598203,-13.815510557964274,-13.815510557964274,0.6931476805598203,False,True,False,False,False,False
10412.863802559415,1,0,0,0,0,0,0,0.037100763522959455,-7.688557553728022,8.221747728615368,9.999994999180668e-07,3.6635616717706716,10.159378857981327,8.221747728615368,7.69074316399891,4.396625446413875,1.3862946111198593,4.442651268255022,9.999994999180668e-07,1.7917596358947079,True,False,False,False,False,False
41763.20315581854,1,1,1,1,0,0,1,0.022139033128044116,-4.916188123940292,6.448889395729136,3.2580965764830196,2.944439031798018,10.137874833451146,3.190792897264615,8.174421152928266,4.364008141898476,1.7917596358947079,2.6390574010438272,0.6931476805598203,1.3862946111198593,False,False,False,False,False,True
10412.863802559415,1,1,1,0,0,1,0,0.038619049471280205,-7.688557553728022,10.381769323257082,9.999994999180668e-07,3.555348090060842,10.430646991616369,10.381769323257082,7.69074316399891,4.436733560747888,1.945910291912446,-13.815510557964274,-13.815510557964274,1.7917596358947079,True,False,False,False,False,False
6112.369742419302,0,0,0,0,0,0,1,0.022308787946390265,-6.928821064339634,6.791221463849781,1.0986126220013874,2.5649494343846104,8.191113331001237,5.692609177428863,8.028455164440302,4.225680578898572,0.6931476805598203,2.944439031798018,-13.815510557964274,0.6931476805598203,False,False,False,True,False,False
4092.5737704918033,0,1,0,0,0,0,0,0.12794882047181128,-6.412849143141731,6.946013992061691,9.999994999180668e-07,2.772588784739779,9.639982959394766,6.946013992061691,6.413458958806701,4.35733403489601,1.0986126220013874,-13.815510557964274,-13.815510557964274,0.6931476805598203,False,False,True,False,False,False
6112.369742419302,0,0,0,0,0,0,1,0.019563090968373,-7.3337756581647415,5.97380961441379,0.6931476805598203,2.772588784739779,7.868225738407096,5.280662436398375,8.028455164440302,4.094344578888768,9.999994999180668e-07,1.6094381124340804,-13.815510557964274,1.0986126220013874,False,False,False,True,False,False
41763.20315581854,1,0,0,0,1,0,1,0.009392317084624775,-3.999979284241385,5.361292170404261,4.174387285280252,3.0445224853424695,10.021242923449048,1.1869052009780607,8.174421152928266,3.506557927319981,1.3862946111198593,1.0986126220013874,-13.815510557964274,1.0986126220013874,False,False,False,False,False,True
7640.563613231552,0,0,1,0,0,0,0,0.06361323155216285,-6.666171101165439,4.317488126869644,0.6931476805598203,3.7841896566455335,10.093202307287365,3.6243409596430314,7.360103973625284,4.605170195988091,0.6931476805598203,-13.815510557964274,-13.815510557964274,1.7917596358947079,False,False,False,False,True,False
10412.863802559415,0,0,0,0,0,0,1,0.0,-7.688557553728022,4.143134742264548,9.999994999180668e-07,3.1780538720146114,8.919517069198648,4.143134742264548,7.69074316399891,-13.815510557964274,0.6931476805598203,-13.815510557964274,-13.815510557964274,1.0986126220013874,True,False,False,False,False,False
10412.863802559415,0,0,1,1,0,0,1,0.03656307129798903,-7.688557553728022,7.212294469237804,9.999994999180668e-07,3.5835189662338873,9.689843612237711,7.212294469237804,7.69074316399891,4.382026647173881,1.0986126220013874,2.9957323235539897,1.0986126220013874,1.6094381124340804,True,False,False,False,False,False
41763.20315581854,0,1,1,1,0,0,0,0.02227783584358044,-5.689218796583907,9.625887815491858,2.48490673312133,3.4339872367432105,10.202661728102061,7.140981166429834,8.174421152928266,4.370258162164349,1.3862946111198593,6.006353162064787,2.772588784739779,1.6094381124340804,False,False,False,False,False,True
41763.20315581854,1,0,1,0,0,0,0,0.0,-5.689218796583907,10.0634356803958,2.48490673312133,2.6390574010438272,10.498436526881248,7.578529031076503,8.174421152928266,-13.815510557964274,1.0986126220013874,-13.815510557964274,-13.815510557964274,0.6931476805598203,False,False,False,False,False,True
41763.20315581854,1,0,0,0,1,0,0,0.0169061707523246,-4.916188123940292,6.965080346545694,3.2580965764830196,3.13549425940741,10.135322865891863,3.706983832131388,8.174421152928266,4.094344578888768,1.7917596358947079,2.9957323235539897,9.999994999180668e-07,1.3862946111198593,False,False,False,False,False,True
6112.369742419302,1,0,0,0,0,0,0,0.026676942229599553,-6.236184658820706,6.53669159904058,1.7917596358947079,3.555348090060842,10.42321605584098,4.744932137058902,8.028455164440302,4.404499502748163,9.999994999180668e-07,2.397895363707457,-13.815510557964274,1.6094381124340804,False,False,False,True,False,False
7640.563613231552,0,0,1,1,0,0,0,0.05089058524173028,-7.358533207287776,6.120297421148752,9.999994999180668e-07,3.5835189662338873,10.271172236488965,6.120297421148752,7.360103973625284,4.382026647173881,1.0986126220013874,2.7080502677688743,-13.815510557964274,1.3862946111198593,False,False,False,False,True,False
6112.369742419302,1,0,1,0,0,0,0,0.024453863710466255,-5.543292963648774,6.047372181410344,2.48490673312133,2.944439031798018,10.369437388262297,3.5624655576270716,8.028455164440302,4.317488126869644,1.0986126220013874,1.3862946111198593,-13.815510557964274,0.6931476805598203,False,False,False,True,False,False
41763.20315581854,1,1,0,0,0,0,0,0.022600262984878373,-4.5107685106570985,8.618304692965415,3.6635616717706716,2.079441666679828,10.636035290028861,4.9547430537048935,8.174421152928266,4.384627428841472,1.3862946111198593,4.564348201884503,1.6094381124340804,9.999994999180668e-07,False,False,False,False,False,True
6112.369742419302,0,1,0,0,0,0,1,0.006521030322791001,-8.02539285776425,4.753590199727054,9.999994999180668e-07,3.49650759176951,8.337517314425417,4.753590199727054,8.028455164440302,2.9957323235539897,0.6931476805598203,-13.815510557964274,-13.815510557964274,1.7917596358947079,False,False,False,True,False,False
41763.20315581854,0,0,1,0,0,0,1,0.01878463416924955,-4.996219458230981,5.749392989092967,3.1780538720146114,3.332204545889489,9.324406699842474,2.571339231993426,8.174421152928266,4.199705092879927,0.6931476805598203,2.48490673312133,-13.815510557964274,1.3862946111198593,False,False,False,False,False,True
41763.20315581854,1,1,0,0,0,1,0,0.0,-5.689218796583907,10.736918278564858,2.48490673312133,3.2958369030413657,10.899386645510125,8.252011629015863,8.174421152928266,-13.815510557964274,1.3862946111198593,-13.815510557964274,-13.815510557964274,1.3862946111198593,False,False,False,False,False,True
41763.20315581854,1,0,0,0,0,0,1,0.009392317084624775,-4.262327169737311,5.247024077423644,3.912023025428146,3.1780538720146114,9.795136025739778,1.3350013298902002,8.174421152928266,3.506557927319981,0.6931476805598203,1.0986126220013874,-13.815510557964274,1.6094381124340804,False,False,False,False,False,True
41763.20315581854,1,1,1,1,0,1,0,0.022687461074316937,-4.996219458230981,10.554144681501207,3.1780538720146114,2.7080502677688743,10.568643038349599,7.376090851753219,8.174421152928266,4.388478282374984,2.079441666679828,7.342779189979095,4.983606628557651,1.0986126220013874,False,False,False,False,False,True
10412.863802559415,1,0,0,0,0,0,0,0.022851919561243144,-7.688557553728022,6.082218912659551,9.999994999180668e-07,3.49650759176951,9.327943316009462,6.082218912659551,7.69074316399891,3.912023025428146,9.999994999180668e-07,2.772588784739779,-13.815510557964274,1.6094381124340804,True,False,False,False,False,False
6112.369742419302,1,0,0,0,1,0,1,0.020138475996854564,-7.3337756581647415,6.976348071381456,0.6931476805598203,0.6931476805598203,9.867736494416278,6.283200891755217,8.028455164440302,4.123332115285829,1.0986126220013874,3.5263605540279257,-13.815510557964274,9.999994999180668e-07,False,False,False,True,False,False
6112.369742419302,1,0,1,1,1,0,1,0.024335729103169314,-5.543292963648774,8.15277405303201,2.48490673312133,3.401197414995488,10.43862834105012,5.6678674064112995,8.028455164440302,4.31264550245858,1.6094381124340804,4.927253692403581,1.6094381124340804,1.3862946111198593,False,False,False,True,False,False
6112.369742419302,0,0,0,1,1,0,0,0.025514824993142567,-7.3337756581647415,9.412382853464045,0.6931476805598203,3.6635616717706716,10.267227584567296,8.719235672985805,8.028455164440302,4.359959553424107,1.0986126220013874,6.44571982097288,3.761200138949376,1.7917596358947079,False,False,False,True,False,False
41763.20315581854,1,0,0,0,0,0,1,0.01786831055123738,-3.830569640945875,7.387709239699853,4.3438054348406965,3.0445224853424695,8.817967018114343,3.0439038648758707,8.174421152928266,4.149694673074496,0.6931476805598203,-13.815510557964274,-13.815510557964274,1.0986126220013874,False,False,False,False,False,True
41763.20315581854,0,0,1,1,0,0,0,0.0236684479474979,-4.916188123940292,12.953402567005902,3.2580965764830196,3.09104249881286,10.62173614220957,9.695306029043623,8.174421152928266,4.430808736497361,1.6094381124340804,9.780924360169521,8.265650165837531,1.3862946111198593,False,False,False,False,False,True
41763.20315581854,1,1,0,1,0,0,0,0.022330828677678452,-5.609198832442679,10.643518319018778,2.5649494343846104,2.079441666679828,10.361116402612797,8.078568961843501,8.174421152928266,4.372634061955368,1.6094381124340804,7.413367336298377,4.1108738805667535,9.999994999180668e-07,False,False,False,False,False,True
6112.369742419302,1,0,0,0,1,0,1,0.02328939400996786,-8.02539285776425,6.182084908782747,9.999994999180668e-07,2.397895363707457,9.867736494416278,6.182084908782747,8.028455164440302,4.268697963366878,1.0986126220013874,3.0445224853424695,-13.815510557964274,0.6931476805598203,False,False,False,True,False,False
41763.20315581854,1,1,1,0,1,0,1,0.02119655849611694,-0.6861256514789678,9.563318491140885,7.488293515719025,2.7080502677688743,9.955957361295383,2.075025101464481,8.174421152928266,4.320504720368908,1.7917596358947079,5.802118378398211,3.912023025428146,0.6931476805598203,False,False,False,False,False,True
41763.20315581854,1,1,1,0,0,0,0,0.021529420897176427,-4.773105477981234,10.031132906415806,3.401197414995488,2.833213402879744,10.35836386607043,6.6299355260298904,8.174421152928266,4.336086300282859,1.6094381124340804,6.4876840200066805,3.970291932420046,1.0986126220013874,False,False,False,False,False,True
41763.20315581854,0,1,1,0,0,0,0,0.018376272556874563,-6.382070358285614,6.679599187100664,1.7917596358947079,2.833213402879744,10.163084023434575,4.887839724154016,8.174421152928266,4.177726186494485,1.0986126220013874,3.13549425940741,-13.815510557964274,1.0986126220013874,False,False,False,False,False,True
10412.863802559415,0,0,0,0,0,1,0,0.0,-7.688557553728022,4.174387285280252,9.999994999180668e-07,2.48490673312133,8.362116469142244,4.174387285280252,7.69074316399891,-13.815510557964274,9.999994999180668e-07,-13.815510557964274,-13.815510557964274,0.6931476805598203,True,False,False,False,False,False
10412.863802559415,0,0,1,1,0,0,0,0.0,-7.688557553728022,6.190315407902328,9.999994999180668e-07,3.7376696420928917,10.126966490271661,6.190315407902328,7.69074316399891,-13.815510557964274,1.3862946111198593,-13.815510557964274,-13.815510557964274,1.7917596358947079,True,False,False,False,False,False
10412.863802559415,0,1,0,1,0,0,0,0.022851919561243144,-7.688557553728022,5.176149738223547,9.999994999180668e-07,2.48490673312133,9.979124470083622,5.176149738223547,7.69074316399891,3.912023025428146,1.0986126220013874,0.6931476805598203,-13.815510557964274,0.6931476805598203,True,False,False,False,False,False
41763.20315581854,0,0,1,0,0,0,0,0.014088475626937165,-4.413138505475029,5.2417470203506475,3.761200138949376,2.944439031798018,9.911230783913622,1.4805471268792816,8.174421152928266,3.912023025428146,9.999994999180668e-07,0.6931476805598203,-13.815510557964274,0.6931476805598203,False,False,False,False,False,True
10412.863802559415,0,1,1,0,0,0,1,0.0,-7.688557553728022,4.317488126869644,9.999994999180668e-07,3.871201031741224,9.757396691627354,4.317488126869644,7.69074316399891,-13.815510557964274,1.0986126220013874,-13.815510557964274,-13.815510557964274,2.1972246884473243,True,False,False,False,False,False
10412.863802559415,1,0,0,0,0,1,0,0.03415454349037171,-7.688557553728022,11.234004898200237,9.999994999180668e-07,3.7135720910945516,10.546507742666861,11.234004898200237,7.69074316399891,4.313883520214353,1.7917596358947079,8.192293731424419,5.886104034227934,1.945910291912446,True,False,False,False,False,False
41763.20315581854,0,1,1,0,0,0,0,0.022818513942774298,-5.609198832442679,10.14894039080929,2.5649494343846104,3.2580965764830196,10.163084023434575,7.583991033817163,8.174421152928266,4.394238107501156,1.0986126220013874,-13.815510557964274,-13.815510557964274,1.0986126220013874,False,False,False,False,False,True
41763.20315581854,0,0,0,0,0,0,0,0.0,-4.2231091863939945,4.990432593581457,3.9512437378121965,2.079441666679828,8.024016164881164,1.039189221938743,8.174421152928266,-13.815510557964274,9.999994999180668e-07,1.0986126220013874,-13.815510557964274,0.6931476805598203,False,False,False,False,False,True
41763.20315581854,0,0,0,1,1,0,0,0.02235526711051187,-5.178511444834895,8.555259392415223,2.9957323235539897,2.48490673312133,10.128577681338815,5.5595271225193,8.174421152928266,4.373727844463353,1.0986126220013874,4.795790553861204,0.6931476805598203,0.6931476805598203,False,False,False,False,False,True
7640.563613231552,0,0,0,0,0,0,0,0.043614759073678795,-7.358533207287776,9.5284304006721,9.999994999180668e-07,3.5263605540279257,8.024016164881164,9.5284304006721,7.360103973625284,4.227744312529573,9.999994999180668e-07,6.450470423723955,4.143134742264548,1.945910291912446,False,False,False,False,True,False
10412.863802559415,1,0,0,1,1,0,0,0.03591015931052494,-7.688557553728022,8.88141955164675,9.999994999180668e-07,3.1780538720146114,10.196489567602923,8.88141955164675,7.69074316399891,4.364008141898476,2.079441666679828,5.9348941982650905,2.5649494343846104,1.3862946111198593,True,False,False,False,False,False
10412.863802559415,1,0,0,0,0,0,1,0.0,-7.688557553728022,4.394449167018117,9.999994999180668e-07,4.1108738805667535,8.817967018114343,4.394449167018117,7.69074316399891,-13.815510557964274,0.6931476805598203,-13.815510557964274,-13.815510557964274,2.3025851929940404,True,False,False,False,False,False
41763.20315581854,0,0,1,1,0,0,0,0.021818731849793424,-5.609198832442679,9.97655212343961,2.5649494343846104,2.944439031798018,10.46539673983523,7.411602766535798,8.174421152928266,4.349434746586528,1.0986126220013874,6.735780015429976,3.871201031741224,0.6931476805598203,False,False,False,False,False,True
6112.369742419302,0,0,0,0,0,0,1,0.020378219758721876,-7.3337756581647415,7.505492275287479,0.6931476805598203,2.833213402879744,10.097859057253403,6.812345095277589,8.028455164440302,4.135166572742356,0.6931476805598203,4.025351708592292,9.999994999180668e-07,0.6931476805598203,False,False,False,True,False,False
41763.20315581854,0,0,1,0,0,0,0,0.02197664413199489,-5.609198832442679,9.081142433618293,2.5649494343846104,3.1780538720146114,10.35589094686968,6.516193077522254,8.174421152928266,4.3566461455514505,1.0986126220013874,-13.815510557964274,-13.815510557964274,1.3862946111198593,False,False,False,False,False,True
6112.369742419302,0,1,1,0,0,0,1,0.016302575806977502,-7.3337756581647415,4.2766661329049445,0.6931476805598203,3.7135720910945516,9.757396691627354,3.5835189662338873,8.028455164440302,3.912023025428146,1.0986126220013874,-13.815510557964274,-13.815510557964274,1.7917596358947079,False,False,False,True,False,False
10412.863802559415,1,0,1,0,0,0,0,0.03656307129798903,-7.688557553728022,4.912654893088993,9.999994999180668e-07,2.7080502677688743,9.914029007665217,4.912654893088993,7.69074316399891,4.382026647173881,0.6931476805598203,-13.815510557964274,-13.815510557964274,1.0986126220013874,True,False,False,False,False,False
6112.369742419302,0,1,1,0,0,0,0,0.023983597100649595,-7.3337756581647415,8.911664758184344,0.6931476805598203,3.610917939671251,9.853208148561574,8.218517577759206,8.028455164440302,4.29807004127398,0.6931476805598203,-13.815510557964274,-13.815510557964274,1.6094381124340804,False,False,False,True,False,False
41763.20315581854,1,1,0,1,0,0,0,0.024038200253676173,-5.609198832442679,10.406865511197186,2.5649494343846104,2.3025851929940404,10.660588128629728,7.84191615409834,8.174421152928266,4.446310127594874,1.6094381124340804,6.513230112395987,4.219507719881989,9.999994999180668e-07,False,False,False,False,False,True
7640.563613231552,0,1,1,0,0,0,1,0.05014219428229307,-6.260967821561102,8.4519077249311,1.0986126220013874,3.688879479113936,10.450628503267172,7.353295436689977,7.360103973625284,4.367211561575308,1.6094381124340804,5.541263549079995,2.6390574010438272,1.6094381124340804,False,False,False,False,True,False
10412.863802559415,0,1,1,0,0,0,0,0.03656307129798903,-7.688557553728022,7.11314210952142,9.999994999180668e-07,3.465735934049726,10.118270002685447,7.11314210952142,7.69074316399891,4.382026647173881,0.6931476805598203,3.555348090060842,9.999994999180668e-07,1.3862946111198593,True,False,False,False,False,False
10412.863802559415,0,0,0,0,0,0,0,0.015234613040828762,-7.688557553728022,5.609471798847963,9.999994999180668e-07,3.850147622986654,9.293493489888165,5.609471798847963,7.69074316399891,3.506557927319981,0.6931476805598203,-13.815510557964274,-13.815510557964274,1.945910291912446,True,False,False,False,False,False
7640.563613231552,1,0,1,0,1,0,0,0.0469147582697201,-5.413969277717656,7.695303135418525,1.945910291912446,3.6635616717706716,10.218440615127518,5.749392989092967,7.360103973625284,4.300681008779251,1.7917596358947079,4.382026647173881,1.0986126220013874,1.7917596358947079,False,False,False,False,True,False
10412.863802559415,1,1,1,0,0,0,1,0.031992687385740404,-7.688557553728022,6.941190056035492,9.999994999180668e-07,3.912023025428146,9.799697664491218,6.941190056035492,7.69074316399891,4.248495256335073,1.3862946111198593,3.688879479113936,0.6931476805598203,2.079441666679828,True,False,False,False,False,False
6112.369742419302,0,0,0,0,0,0,1,0.017784628153066365,-6.236184658820706,6.9246123970318445,1.7917596358947079,2.48490673312133,7.868225738407096,5.13285293272021,8.028455164440302,3.9990344007511087,9.999994999180668e-07,3.09104249881286,9.999994999180668e-07,0.6931476805598203,False,False,False,True,False,False
6112.369742419302,0,0,0,1,0,0,1,0.0,-8.02539285776425,3.7841896566455335,9.999994999180668e-07,2.890371813451719,9.2231297982103,3.7841896566455335,8.028455164440302,-13.815510557964274,0.6931476805598203,-13.815510557964274,-13.815510557964274,1.3862946111198593,False,False,False,True,False,False
7640.563613231552,1,0,0,0,1,0,0,0.04841360985385845,-7.358533207287776,8.00235954658738,9.999994999180668e-07,2.6390574010438272,10.40115636300873,8.00235954658738,7.360103973625284,4.332129676668793,1.0986126220013874,4.727387827561898,0.6931476805598203,0.6931476805598203,False,False,False,False,True,False
7640.563613231552,0,0,1,0,0,0,0,0.0,-7.358533207287776,4.682131236383479,9.999994999180668e-07,4.477336825841843,9.914169522020384,4.682131236383479,7.360103973625284,-13.815510557964274,0.6931476805598203,-13.815510557964274,-13.815510557964274,2.1972246884473243,False,False,False,False,True,False
10412.863802559415,0,0,0,1,1,0,0,0.022851919561243144,-7.688557553728022,10.307918793087362,9.999994999180668e-07,2.5649494343846104,10.342396557698772,10.307918793087362,7.69074316399891,3.912023025428146,1.6094381124340804,-13.815510557964274,-13.815510557964274,0.6931476805598203,True,False,False,False,False,False
6112.369742419302,0,1,1,0,0,0,0,0.02294436595056093,-6.928821064339634,7.106606138546974,1.0986126220013874,2.833213402879744,10.118270002685447,6.007993851518209,8.028455164440302,4.253772313360729,0.6931476805598203,3.2958369030413657,0.6931476805598203,0.6931476805598203,False,False,False,True,False,False
10412.863802559415,1,0,0,0,0,0,0,0.03712954141669027,-7.688557553728022,10.705242470839432,9.999994999180668e-07,3.5835189662338873,10.521182181066301,10.705242470839432,7.69074316399891,4.397400814232762,1.3862946111198593,-13.815510557964274,-13.815510557964274,1.7917596358947079,True,False,False,False,False,False
6112.369742419302,1,0,0,0,1,0,0,0.0,-8.02539285776425,4.990432593581457,9.999994999180668e-07,4.094344578888768,10.314216954645167,4.990432593581457,8.028455164440302,-13.815510557964274,1.6094381124340804,-13.815510557964274,-13.815510557964274,2.1972246884473243,False,False,False,True,False,False
6112.369742419302,0,1,1,1,0,0,0,0.022266932809530248,-8.02539285776425,8.441822884607118,9.999994999180668e-07,3.828641418228225,10.09126810636824,8.441822884607118,8.028455164440302,4.223802644101845,1.0986126220013874,-13.815510557964274,-13.815510557964274,1.945910291912446,False,False,False,True,False,False
10412.863802559415,0,0,0,0,1,1,0,0.03552858736979917,-7.688557553728022,9.881497534695624,9.999994999180668e-07,4.007333203414289,10.300317589094568,9.881497534695624,7.69074316399891,4.353325547865194,1.3862946111198593,-13.815510557964274,-13.815510557964274,2.3025851929940404,True,False,False,False,False,False
41763.20315581854,0,0,1,1,0,0,1,0.022986460233423798,-5.689218796583907,10.872124024801199,2.48490673312133,3.9318256523321686,10.665448350612817,8.387217375221978,8.174421152928266,4.401571243004916,1.6094381124340804,7.398786276031943,4.304065106717683,2.1972246884473243,False,False,False,False,False,True
10412.863802559415,0,0,0,1,0,0,0,0.03763845574792988,-7.688557553728022,7.415175110215342,9.999994999180668e-07,2.6390574010438272,9.797925220956992,7.415175110215342,7.69074316399891,4.411014183689991,9.999994999180668e-07,-13.815510557964274,-13.815510557964274,1.0986126220013874,True,False,False,False,False,False
7640.563613231552,0,0,1,1,0,0,0,0.04240882103477523,-7.358533207287776,7.118826249871795,9.999994999180668e-07,2.772588784739779,10.074166925641268,7.118826249871795,7.360103973625284,4.199705092879927,1.0986126220013874,-13.815510557964274,-13.815510557964274,0.6931476805598203,False,False,False,False,True,False
6112.369742419302,0,0,0,1,0,0,0,0.0,-7.3337756581647415,5.1873858114273474,0.6931476805598203,2.833213402879744,9.967683701570264,4.494238636453994,8.028455164440302,-13.815510557964274,0.6931476805598203,9.999994999180668e-07,-13.815510557964274,0.6931476805598203,False,False,False,True,False,False
6112.369742419302,1,1,1,0,0,0,0,0.024643870421503285,-8.02539285776425,10.430048720717709,9.999994999180668e-07,3.6375861860421748,10.448598330631324,10.430048720717709,8.028455164440302,4.325228103487159,1.7917596358947079,7.4477512806306585,5.5294290914796775,1.945910291912446,False,False,False,True,False,False
6112.369742419302,1,0,1,0,1,0,0,0.024880924352334684,-7.3337756581647415,8.895218583902663,0.6931476805598203,2.890371813451719,10.072968728674368,8.20207140347976,8.028455164440302,4.334801317842464,1.3862946111198593,6.084499415353076,3.4339872367432105,9.999994999180668e-07,False,False,False,True,False,False
41763.20315581854,0,0,1,0,0,0,0,0.023842035676355202,-5.689218796583907,7.0237589556289155,2.48490673312133,3.7135720910945516,9.911230783913622,4.538852315636106,8.174421152928266,4.438116113143107,9.999994999180668e-07,2.5649494343846104,0.6931476805598203,1.945910291912446,False,False,False,False,False,True
7640.563613231552,0,0,1,1,0,0,0,0.04978426817125788,-3.4282475172104494,7.106606138546974,3.9318256523321686,3.850147622986654,9.975014888772993,3.174780546806254,7.360103973625284,4.360047740732884,0.6931476805598203,-13.815510557964274,-13.815510557964274,1.945910291912446,False,False,False,False,True,False
4092.5737704918033,0,0,1,0,0,0,0,0.0,-3.897795867162686,3.9318256523321686,2.515613875923528,3.2958369030413657,9.911230783913622,1.4162120802454645,6.413458958806701,-13.815510557964274,9.999994999180668e-07,-13.815510557964274,-13.815510557964274,1.6094381124340804,False,False,True,False,False,False
6112.369742419302,0,0,1,0,0,0,0,0.02078130542427901,-6.64139434679697,7.712890961937156,1.3862946111198593,3.2580965764830196,9.911230783913622,6.326596602158348,8.028455164440302,4.154753705707315,9.999994999180668e-07,4.510859517505861,0.6931476805598203,1.3862946111198593,False,False,False,True,False,False
10412.863802559415,1,1,1,0,0,0,0,0.03334594704995659,-7.688557553728022,10.818757763876297,9.999994999180668e-07,4.1588830989846715,10.41822517531802,10.818757763876297,7.69074316399891,4.289924135504805,1.945910291912446,7.978653729425432,4.941642429752162,2.5649494343846104,True,False,False,False,False,False
41763.20315581854,1,0,0,0,0,0,0,0.0,-3.1245423956557365,4.454347307881415,5.049856013659793,3.09104249881286,10.090697287735946,-0.595506897044186,8.174421152928266,-13.815510557964274,0.6931476805598203,-13.815510557964274,-13.815510557964274,1.0986126220013874,False,False,False,False,False,True
41763.20315581854,0,1,1,0,0,0,1,0.02183147161493212,-5.689218796583907,9.865058525968305,2.48490673312133,2.7080502677688743,10.300243468271114,7.380151876751852,8.174421152928266,4.350018467363282,1.0986126220013874,-13.815510557964274,-13.815510557964274,1.0986126220013874,False,False,False,False,False,True
10412.863802559415,0,0,0,0,0,1,0,0.04570383912248629,-7.688557553728022,4.882801930162128,9.999994999180668e-07,3.850147622986654,8.362116469142244,4.882801930162128,7.69074316399891,4.605170195988091,9.999994999180668e-07,-13.815510557964274,-13.815510557964274,2.079441666679828,True,False,False,False,False,False
41763.20315581854,1,0,0,0,1,0,0,0.022609786066668167,-5.609198832442679,11.24231025488931,2.5649494343846104,2.1972246884473243,10.40115636300873,8.677360897585066,8.174421152928266,4.385048710481803,1.0986126220013874,7.632885505879394,4.454347307881415,9.999994999180668e-07,False,False,False,False,False,True
10412.863802559415,0,0,0,1,0,0,0,0.034277879341864714,-7.688557553728022,5.899897356322217,9.999994999180668e-07,3.761200138949376,9.797925220956992,5.899897356322217,7.69074316399891,4.317488126869644,9.999994999180668e-07,-13.815510557964274,-13.815510557964274,1.945910291912446,True,False,False,False,False,False
7640.563613231552,0,0,1,0,0,0,0,0.04917130871329344,-5.9734166890735345,9.122928915074349,1.3862946111198593,3.761200138949376,10.316250687064022,7.736634554281861,7.360103973625284,4.3476590041067364,1.0986126220013874,-13.815510557964274,-13.815510557964274,1.7917596358947079,False,False,False,False,True,False
1266.400447427293,0,0,0,0,0,0,1,0.22371364653243847,-6.102111694488308,4.04305128537841,9.999994999180668e-07,3.0445224853424695,8.653286306877517,4.04305128537841,6.102558596850705,4.605170195988091,0.6931476805598203,-13.815510557964274,-13.815510557964274,1.0986126220013874,False,True,False,False,False,False
41763.20315581854,1,1,0,1,0,1,0,0.02326614109480073,-5.689218796583907,12.919897070799408,2.48490673312133,2.6390574010438272,10.76372819353904,10.434990421038345,8.174421152928266,4.413665017571472,1.945910291912446,-13.815510557964274,-13.815510557964274,1.0986126220013874,False,False,False,False,False,True
41763.20315581854,1,1,1,0,0,0,1,0.023281747333196583,-5.689218796583907,12.224000968400002,2.48490673312133,3.2188758648682,10.561374140788947,9.739094318666025,8.174421152928266,4.414335563081428,2.079441666679828,9.058121159115114,6.309918280044698,1.3862946111198593,False,False,False,False,False,True
10412.863802559415,1,0,0,0,0,0,0,0.03323915572544458,-7.688557553728022,6.148468298054399,9.999994999180668e-07,3.2188758648682,9.327943316009462,6.148468298054399,7.69074316399891,4.286716468619557,9.999994999180668e-07,2.397895363707457,-13.815510557964274,1.3862946111198593,True,False,False,False,False,False
10412.863802559415,1,0,0,0,0,0,0,0.03179397504172959,-7.688557553728022,6.495265557447582,9.999994999180668e-07,2.890371813451719,10.42321605584098,6.495265557447582,7.69074316399891,4.242264706673723,9.999994999180668e-07,3.13549425940741,-13.815510557964274,1.0986126220013874,True,False,False,False,False,False
6112.369742419302,0,0,0,0,0,0,1,0.022978868756501625,-7.3337756581647415,7.818832444205495,0.6931476805598203,2.079441666679828,7.868225738407096,7.125685264047641,8.028455164440302,4.2552749432239265,9.999994999180668e-07,4.653960359681333,1.0986126220013874,9.999994999180668e-07,False,False,False,True,False,False
1266.400447427293,0,0,0,0,0,0,0,0.0,-6.102111694488308,4.521788587918605,9.999994999180668e-07,2.48490673312133,8.024016164881164,4.521788587918605,6.102558596850705,-13.815510557964274,9.999994999180668e-07,-13.815510557964274,-13.815510557964274,0.6931476805598203,False,True,False,False,False,False
6112.369742419302,1,0,1,0,1,0,0,0.027253924440672313,-8.02539285776425,9.468387639375528,9.999994999180668e-07,3.49650759176951,10.24416951349112,9.468387639375528,8.028455164440302,4.4258974240069655,1.0986126220013874,6.261491686229439,2.5649494343846104,1.6094381124340804,False,False,False,True,False,False
7640.563613231552,1,1,0,0,0,0,0,0.04682091887534968,-7.358533207287776,9.372884301246462,9.999994999180668e-07,3.761200138949376,10.356600032242559,9.372884301246462,7.360103973625284,4.298678795165312,1.6094381124340804,6.467698727657148,3.2580965764830196,1.945910291912446,False,False,False,False,True,False
41763.20315581854,1,0,1,0,0,0,0,0.023012266453280195,-5.689218796583907,9.426177294855206,2.48490673312133,2.9957323235539897,10.266869649681473,6.94127064595366,8.174421152928266,4.402693283726759,1.6094381124340804,6.066108092423933,3.2580965764830196,1.0986126220013874,False,False,False,False,False,True
7640.563613231552,1,0,1,0,0,0,0,0.04703158351723888,-7.358533207287776,8.977525201091456,9.999994999180668e-07,3.465735934049726,10.184724636579451,8.977525201091456,7.360103973625284,4.303168073287202,1.7917596358947079,-13.815510557964274,-13.815510557964274,1.6094381124340804,False,False,False,False,True,False
41763.20315581854,0,0,1,0,0,0,0,0.023235936437343983,-5.689218796583907,11.612499269875373,2.48490673312133,2.944439031798018,10.574067548602809,9.127592620186947,8.174421152928266,4.4123659503924815,1.3862946111198593,8.310414994434234,5.726847750844526,1.0986126220013874,False,False,False,False,False,True
41763.20315581854,0,1,0,1,0,0,0,0.02258628632255006,-5.689218796583907,9.73560130359757,2.48490673312133,2.833213402879744,10.503269510881442,7.25069465446011,8.174421152928266,4.38400880835312,0.6931476805598203,6.44571982097288,3.2188758648682,1.0986126220013874,False,False,False,False,False,True
41763.20315581854,0,1,1,1,0,0,0,0.0,-5.658520592276317,8.196436811510662,2.515613875923528,3.465735934049726,10.599529705936892,5.6808230195355405,8.174421152928266,-13.815510557964274,1.6094381124340804,-13.815510557964274,-13.815510557964274,1.7917596358947079,False,False,False,False,False,True
7640.563613231552,0,0,0,0,0,0,1,0.06361323155216285,-7.358533207287776,4.488636380968095,9.999994999180668e-07,3.0445224853424695,5.85555732140996,4.488636380968095,7.360103973625284,4.605170195988091,9.999994999180668e-07,9.999994999180668e-07,-13.815510557964274,1.0986126220013874,False,False,False,False,True,False
7640.563613231552,0,0,1,0,0,0,0,0.04113655640373197,-6.260967821561102,8.565792861442812,1.0986126220013874,3.970291932420046,10.320230677553425,7.467180573155727,7.360103973625284,4.1692458858591355,0.6931476805598203,5.010635300762923,1.0986126220013874,1.7917596358947079,False,False,False,False,True,False
4092.5737704918033,0,0,1,0,0,0,0,0.12295081967213115,-6.412849143141731,7.959275960465802,9.999994999180668e-07,3.367295864469232,7.751200744040292,7.959275960465802,6.413458958806701,4.317488126869644,9.999994999180668e-07,-13.815510557964274,-13.815510557964274,1.6094381124340804,False,False,True,False,False,False
4092.5737704918033,0,0,1,0,0,0,0,0.1303244392619521,-3.417696184078481,9.971893585246882,2.9957323235539897,3.367295864469232,10.368320866885187,6.9761613125800785,6.413458958806701,4.375730718796014,0.6931476805598203,-13.815510557964274,-13.815510557964274,1.3862946111198593,False,False,True,False,False,False
7640.563613231552,0,0,1,0,0,0,0,0.06361323155216285,-7.358533207287776,4.812184363502499,9.999994999180668e-07,4.127134401174124,9.911230783913622,4.812184363502499,7.360103973625284,4.605170195988091,9.999994999180668e-07,-13.815510557964274,-13.815510557964274,2.1972246884473243,False,False,False,False,True,False
10412.863802559415,1,1,1,0,0,0,1,0.029250457038391225,-7.688557553728022,8.65956043287662,9.999994999180668e-07,3.5835189662338873,9.799697664491218,8.65956043287662,7.69074316399891,4.1588830989846715,1.3862946111198593,5.416100406648865,2.890371813451719,1.7917596358947079,True,False,False,False,False,False
4092.5737704918033,0,0,1,0,0,0,0,0.10928961748633878,-5.027012107674409,5.634789606740678,1.3862946111198593,3.09104249881286,9.930382188212418,4.248495256335073,6.413458958806701,4.199705092879927,0.6931476805598203,-13.815510557964274,-13.815510557964274,1.3862946111198593,False,False,True,False,False,False
1266.400447427293,0,0,0,0,0,0,0,0.15535669898086005,-6.102111694488308,8.653296274583129,9.999994999180668e-07,2.833213402879744,8.024016164881164,8.653296274583129,6.102558596850705,4.240527086800182,9.999994999180668e-07,-13.815510557964274,-13.815510557964274,0.6931476805598203,False,True,False,False,False,False
1266.400447427293,0,0,0,0,0,0,0,0.16699751079182026,-6.102111694488308,7.550661243631098,9.999994999180668e-07,2.944439031798018,8.024016164881164,7.550661243631098,6.102558596850705,4.312782235895124,9.999994999180668e-07,4.262679891125822,-13.815510557964274,1.3862946111198593,False,True,False,False,False,False
41763.20315581854,0,0,0,1,0,0,0,0.02012639375276738,-4.563407325683278,7.260522598792593,3.610917939671251,1.7917596358947079,10.401388978756856,3.649604711447033,8.174421152928266,4.268697963366878,0.6931476805598203,3.0445224853424695,0.6931476805598203,9.999994999180668e-07,False,False,False,False,False,True
7640.563613231552,0,0,1,1,0,0,1,0.05006084743887598,-5.9734166890735345,8.277666161105634,1.3862946111198593,2.944439031798018,10.691605667830785,6.891371800748131,7.360103973625284,4.365587921037904,1.3862946111198593,5.438079313271022,2.397895363707457,0.6931476805598203,False,False,False,False,True,False
6112.369742419302,0,0,0,1,0,0,0,0.02693469046370196,-8.02539285776425,7.17930797026623,9.999994999180668e-07,2.3025851929940404,10.493950910444141,7.17930797026623,8.028455164440302,4.414114961330645,1.0986126220013874,3.828641418228225,-13.815510557964274,0.6931476805598203,False,False,False,True,False,False
41763.20315581854,1,1,1,1,0,0,0,0.023067734111764507,-5.609198832442679,11.044232975820533,2.5649494343846104,3.2958369030413657,10.487882973653186,8.479283618550745,8.174421152928266,4.405100735285607,1.6094381124340804,7.703910210067371,5.283203733814131,1.3862946111198593,False,False,False,False,False,True
7640.563613231552,0,0,1,0,0,0,0,0.03872109746653391,-6.666171101165439,7.997999318315864,0.6931476805598203,3.555348090060842,10.093202307287365,7.304852138092054,7.360103973625284,4.1087333161027715,0.6931476805598203,4.521788587918605,2.3025851929940404,1.945910291912446,False,False,False,False,True,False
1266.400447427293,0,0,0,0,0,0,1,0.22371364653243847,-6.102111694488308,4.753590199727054,9.999994999180668e-07,2.3025851929940404,8.653286306877517,4.753590199727054,6.102558596850705,4.605170195988091,0.6931476805598203,-13.815510557964274,-13.815510557964274,9.999994999180668e-07,False,True,False,False,False,False
6112.369742419302,1,1,1,1,0,0,1,0.023684874285608823,-6.928821064339634,9.656051308716911,1.0986126220013874,3.8066625119925415,10.640092454777685,8.557439020176874,8.028455164440302,4.285536527495942,2.1972246884473243,6.4551985649124495,4.1108738805667535,1.945910291912446,False,False,False,True,False,False
10412.863802559415,0,0,1,0,0,0,1,0.02957307237337348,-7.688557553728022,7.045776577750592,9.999994999180668e-07,4.127134401174124,10.246050722944211,7.045776577750592,7.69074316399891,4.1698521301847915,1.7917596358947079,3.5263605540279257,0.6931476805598203,2.079441666679828,True,False,False,False,False,False
6112.369742419302,1,0,0,0,0,0,0,0.025118042724824596,-5.389178787063063,7.959974528429698,2.6390574010438272,2.6390574010438272,10.40419928309206,5.320917203353546,8.028455164440302,4.344286319671804,1.0986126220013874,4.905274785845837,2.1972246884473243,1.0986126220013874,False,False,False,True,False,False
41763.20315581854,1,0,0,0,0,0,0,0.01956732725963495,-4.242525934108025,7.290292883128725,3.9318256523321686,2.3025851929940404,10.481604978800556,3.3584672845108106,8.174421152928266,4.240527086800182,1.0986126220013874,3.5835189662338873,1.0986126220013874,9.999994999180668e-07,False,False,False,False,False,True
6112.369742419302,0,1,1,1,0,0,1,0.02664429790479583,-7.3337756581647415,9.012620873123993,0.6931476805598203,2.944439031798018,10.427046632808802,8.31947369268591,8.028455164440302,4.4032750627913755,1.6094381124340804,6.118097200243991,2.6390574010438272,1.0986126220013874,False,False,False,True,False,False
4092.5737704918033,0,0,1,0,0,0,0,0.16393442622950818,-4.467461669051619,4.465908130148836,1.945910291912446,3.2580965764830196,7.751200744040292,2.519998050059037,6.413458958806701,4.605170195988091,9.999994999180668e-07,-13.815510557964274,-13.815510557964274,1.3862946111198593,False,False,True,False,False,False
6112.369742419302,1,0,0,0,1,0,0,0.02631583302852206,-6.928821064339634,8.725182495121214,1.0986126220013874,2.6390574010438272,10.051803689414054,7.6265702067779895,8.028455164440302,4.390870671860271,1.3862946111198593,5.283203733814131,1.0986126220013874,0.6931476805598203,False,False,False,True,False,False
41763.20315581854,0,1,0,1,1,1,0,0.024219449270783972,-4.996219458230981,11.550490962866002,3.1780538720146114,2.3025851929940404,10.802341618498993,8.372437132739575,8.174421152928266,4.453821884551419,1.6094381124340804,7.797702035927368,6.192362491519861,9.999994999180668e-07,False,False,False,False,False,True
1266.400447427293,0,0,0,0,0,0,0,0.20134228187919462,-6.102111694488308,5.616771101302935,9.999994999180668e-07,2.079441666679828,8.024016164881164,5.616771101302935,6.102558596850705,4.499809681441376,9.999994999180668e-07,2.3025851929940404,-13.815510557964274,9.999994999180668e-07,False,True,False,False,False,False
6112.369742419302,0,0,0,0,0,0,1,0.017989049166320003,-7.3337756581647415,6.964135613363425,0.6931476805598203,3.1780538720146114,7.868225738407096,6.270988433748658,8.028455164440302,4.010463096366398,9.999994999180668e-07,3.367295864469232,-13.815510557964274,1.3862946111198593,False,False,False,True,False,False
41763.20315581854,1,0,1,0,0,0,0,0.02298237559120635,-4.955403377853663,12.08093450226934,3.2188758648682,3.5263605540279257,10.474330044977773,8.862058677537135,8.174421152928266,4.4013935294690025,1.3862946111198593,-13.815510557964274,-13.815510557964274,1.6094381124340804,False,False,False,False,False,True
41763.20315581854,1,0,0,0,1,0,0,0.025046178892332738,-4.916188123940292,7.234898421035812,3.2580965764830196,2.772588784739779,9.704884196475403,3.976801901038843,8.174421152928266,4.487387161581708,0.6931476805598203,3.2958369030413657,0.6931476805598203,0.6931476805598203,False,False,False,False,False,True
1266.400447427293,0,0,0,0,0,0,0,0.17096815263454648,-6.102111694488308,7.649692624187705,9.999994999180668e-07,1.945910291912446,8.024016164881164,7.649692624187705,6.102558596850705,4.336280625970784,9.999994999180668e-07,4.812184363502499,2.397895363707457,9.999994999180668e-07,False,True,False,False,False,False
6112.369742419302,0,0,0,0,0,0,1,0.024166171196225477,-8.02539285776425,7.9072836097944,9.999994999180668e-07,3.5263605540279257,7.868225738407096,7.9072836097944,8.028455164440302,4.305653669381371,9.999994999180668e-07,-13.815510557964274,-13.815510557964274,1.7917596358947079,False,False,False,True,False,False
41763.20315581854,1,1,1,1,0,0,0,0.0231860338243317,-5.609198832442679,10.637896630868703,2.5649494343846104,3.5835189662338873,10.487882973653186,8.07294727369504,8.174421152928266,4.410215992889716,1.6094381124340804,7.53902705635591,5.552959588797586,1.6094381124340804,False,False,False,False,False,True
6112.369742419302,0,1,1,1,0,0,0,0.024399881671370305,-7.3337756581647415,10.563026241948098,0.6931476805598203,3.2580965764830196,10.431700474033171,9.869879061414007,8.028455164440302,4.315278181248339,1.6094381124340804,-13.815510557964274,-13.815510557964274,1.0986126220013874,False,False,False,True,False,False
41763.20315581854,1,1,1,0,0,0,0,0.01912007406512901,-4.536741602544286,7.393263095379223,3.6375861860421748,3.610917939671251,10.177739202197214,3.7556769584220673,8.174421152928266,4.21740466971617,1.6094381124340804,4.025351708592292,1.3862946111198593,1.6094381124340804,False,False,False,False,False,True
6112.369742419302,0,0,0,0,0,0,1,0.02328939400996786,-7.3337756581647415,8.630521876901811,0.6931476805598203,2.890371813451719,7.868225738407096,7.937374696520438,8.028455164440302,4.268697963366878,9.999994999180668e-07,-13.815510557964274,-13.815510557964274,1.0986126220013874,False,False,False,True,False,False
4092.5737704918033,0,1,1,0,0,0,0,0.16393442622950818,-5.314643355835334,5.030437927928383,1.0986126220013874,2.079441666679828,10.349434413011908,3.9318256523321686,6.413458958806701,4.605170195988091,0.6931476805598203,-13.815510557964274,-13.815510557964274,9.999994999180668e-07,False,False,True,False,False,False
6112.369742419302,0,0,0,0,0,0,1,0.021569561836924076,-8.02539285776425,8.087025470975204,9.999994999180668e-07,2.397895363707457,7.868225738407096,8.087025470975204,8.028455164440302,4.191983046902296,9.999994999180668e-07,4.86753445814789,1.6094381124340804,0.6931476805598203,False,False,False,True,False,False
6112.369742419302,0,0,0,1,0,0,1,0.021736767742636668,-8.02539285776425,4.2766661329049445,9.999994999180668e-07,3.8066625119925415,9.434739004173768,4.2766661329049445,8.028455164440302,4.199705092879927,1.0986126220013874,-13.815510557964274,-13.815510557964274,1.945910291912446,False,False,False,True,False,False
10412.863802559415,1,0,0,0,0,0,0,0.031078610603290677,-7.688557553728022,6.551080336471976,9.999994999180668e-07,3.2188758648682,10.371154520865112,6.551080336471976,7.69074316399891,4.219507719881989,0.6931476805598203,3.2188758648682,-13.815510557964274,1.3862946111198593,True,False,False,False,False,False
7640.563613231552,0,0,1,0,0,0,0,0.0,-5.9734166890735345,3.2580965764830196,1.3862946111198593,4.488636380968095,9.911230783913622,1.8718023307477334,7.360103973625284,-13.815510557964274,9.999994999180668e-07,-13.815510557964274,-13.815510557964274,2.3025851929940404,False,False,False,False,True,False
6112.369742419302,0,0,0,1,0,0,1,0.0,-8.02539285776425,3.8066625119925415,9.999994999180668e-07,3.0445224853424695,9.2231297982103,3.8066625119925415,8.028455164440302,-13.815510557964274,0.6931476805598203,-13.815510557964274,-13.815510557964274,1.6094381124340804,False,False,False,True,False,False
6112.369742419302,0,0,0,0,0,0,1,0.021569561836924076,-7.3337756581647415,7.412764018030063,0.6931476805598203,3.09104249881286,7.868225738407096,6.719616838073618,8.028455164440302,4.191983046902296,9.999994999180668e-07,4.174387285280252,1.3862946111198593,1.0986126220013874,False,False,False,True,False,False
10412.863802559415,1,1,0,0,0,0,0,0.039609993906154786,-7.688557553728022,6.003887069575675,9.999994999180668e-07,3.1780538720146114,9.920251159295926,6.003887069575675,7.69074316399891,4.462069353885879,0.6931476805598203,2.7080502677688743,1.0986126220013874,1.6094381124340804,True,False,False,False,False,False
10412.863802559415,0,0,0,0,0,0,1,0.04570383912248629,-7.688557553728022,4.521788587918605,9.999994999180668e-07,3.401197414995488,5.85555732140996,4.521788587918605,7.69074316399891,4.605170195988091,9.999994999180668e-07,-13.815510557964274,-13.815510557964274,1.7917596358947079,True,False,False,False,False,False
6112.369742419302,0,0,0,1,1,0,0,0.02624714704923378,-6.236184658820706,9.812139513131605,1.7917596358947079,3.2958369030413657,10.267227584567296,8.020380044177463,8.028455164440302,4.388257196846878,1.0986126220013874,6.684611728917927,3.7376696420928917,1.7917596358947079,False,False,False,True,False,False
41763.20315581854,0,1,1,0,0,0,1,0.0,-5.658520592276317,6.84587987632788,2.515613875923528,2.890371813451719,9.757396691627354,4.3302660933178565,8.174421152928266,-13.815510557964274,1.0986126220013874,-13.815510557964274,-13.815510557964274,1.0986126220013874,False,False,False,False,False,True
7640.563613231552,1,1,0,1,0,0,0,0.03509695533912433,-6.666171101165439,7.888709524556967,0.6931476805598203,2.9957323235539897,10.427887093736777,7.195562344371975,7.360103973625284,4.010463096366398,1.0986126220013874,4.465908130148836,1.3862946111198593,0.6931476805598203,False,False,False,False,True,False
6112.369742419302,1,1,0,0,0,0,1,0.027664977126992125,-7.3337756581647415,6.858565035841785,0.6931476805598203,2.6390574010438272,10.195063091198541,6.16541785633226,8.028455164440302,4.440867146482529,1.0986126220013874,3.49650759176951,0.6931476805598203,0.6931476805598203,False,False,False,True,False,False
41763.20315581854,0,1,1,0,0,0,0,0.0,-5.658520592276317,4.85981241211361,2.515613875923528,4.094344578888768,10.53246894129401,2.344198705175474,8.174421152928266,-13.815510557964274,0.6931476805598203,-13.815510557964274,-13.815510557964274,2.079441666679828,False,False,False,False,False,True
6112.369742419302,0,0,0,1,0,0,0,0.016302575806977502,-8.02539285776425,5.9839362832060825,9.999994999180668e-07,2.7080502677688743,9.8955373586794,5.9839362832060825,8.028455164440302,3.912023025428146,9.999994999180668e-07,0.6931476805598203,-13.815510557964274,0.6931476805598203,False,False,False,True,False,False
7640.563613231552,0,1,1,0,0,0,1,0.04733067148873166,-5.568082538077103,10.166812893521595,1.7917596358947079,3.5263605540279257,10.31508082680268,8.375053424485662,7.360103973625284,4.309507238645469,1.6094381124340804,7.137278438055298,4.304065106717683,1.6094381124340804,False,False,False,False,True,False
6112.369742419302,1,0,0,1,1,0,0,0.025393493439975042,-6.928821064339634,10.257132911949602,1.0986126220013874,3.6375861860421748,10.156017530034891,9.158520623351706,8.028455164440302,4.355192875400513,1.7917596358947079,7.235619141787211,5.117993818404779,1.7917596358947079,False,False,False,True,False,False
10412.863802559415,1,0,0,0,1,1,0,0.03719346907898884,-7.688557553728022,9.926178162504705,9.999994999180668e-07,3.555348090060842,10.65765248343336,9.926178162504705,7.69074316399891,4.399121080321318,1.0986126220013874,-13.815510557964274,-13.815510557964274,1.6094381124340804,True,False,False,False,False,False
6112.369742419302,0,1,1,0,0,0,1,0.026758710634901005,-6.64139434679697,8.177515824126974,1.3862946111198593,3.7841896566455335,10.294284912710186,6.791221463849781,8.028455164440302,4.40755994886392,1.0986126220013874,4.976733749317126,1.7917596358947079,1.3862946111198593,False,False,False,True,False,False
41763.20315581854,0,0,0,0,0,0,1,0.0,-5.178511444834895,3.6635616717706716,2.9957323235539897,2.5649494343846104,5.85555732140996,0.6678298853960367,8.174421152928266,-13.815510557964274,9.999994999180668e-07,-13.815510557964274,-13.815510557964274,9.999994999180668e-07,False,False,False,False,False,True
41763.20315581854,0,1,1,0,0,1,0,0.02239706381718216,-4.996219458230981,9.0314529120361,3.1780538720146114,1.6094381124340804,10.716113680559877,5.853399084438691,8.174421152928266,4.375595756924236,1.0986126220013874,4.762173943344765,1.3862946111198593,9.999994999180668e-07,False,False,False,False,False,True
41763.20315581854,1,0,0,0,0,0,0,0.0070442378134685825,-4.916188123940292,5.356586279388994,3.2580965764830196,3.465735934049726,10.407128725818199,2.098489859292032,8.174421152928266,3.2188758648682,0.6931476805598203,1.3862946111198593,-13.815510557964274,1.6094381124340804,False,False,False,False,False,True
6112.369742419302,0,0,0,0,0,0,1,0.016302575806977502,-8.02539285776425,4.7095302103213434,9.999994999180668e-07,3.6635616717706716,5.85555732140996,4.7095302103213434,8.028455164440302,3.912023025428146,9.999994999180668e-07,-13.815510557964274,-13.815510557964274,2.079441666679828,False,False,False,True,False,False
6112.369742419302,0,0,1,0,0,0,0,0.0,-5.032569552317169,4.454347307881415,2.9957323235539897,2.6390574010438272,7.751200744040292,1.4586152552576293,8.028455164440302,-13.815510557964274,9.999994999180668e-07,-13.815510557964274,-13.815510557964274,0.6931476805598203,False,False,False,True,False,False
41763.20315581854,1,0,1,0,0,0,0,0.023874909151412226,-5.689218796583907,10.04866956242387,2.48490673312133,2.944439031798018,10.0339655214147,7.563762913111544,8.174421152928266,4.439493966649372,1.0986126220013874,6.896694332633834,4.143134742264548,1.0986126220013874,False,False,False,False,False,True
6112.369742419302,0,0,0,0,0,0,1,0.021736767742636668,-7.3337756581647415,7.832410927584588,0.6931476805598203,3.5263605540279257,7.868225738407096,7.13926374742131,8.028455164440302,4.199705092879927,9.999994999180668e-07,4.317488126869644,0.6931476805598203,1.7917596358947079,False,False,False,True,False,False
41763.20315581854,0,0,1,0,0,0,0,0.0,-5.87148122261456,4.553876902126857,2.3025851929940404,3.401197414995488,9.911230783913622,2.2512919038696473,8.174421152928266,-13.815510557964274,9.999994999180668e-07,-13.815510557964274,-13.815510557964274,1.3862946111198593,False,False,False,False,False,True
10412.863802559415,0,0,1,0,0,0,0,0.027422303473491772,-7.688557553728022,5.3082677023517,9.999994999180668e-07,2.079441666679828,9.911230783913622,5.3082677023517,7.69074316399891,4.094344578888768,9.999994999180668e-07,-13.815510557964274,-13.815510557964274,9.999994999180668e-07,True,False,False,False,False,False
41763.20315581854,0,0,0,0,0,0,0,0.02012639375276738,-4.618971696297716,6.456769657142022,3.555348090060842,3.761200138949376,10.427762476915545,2.901421649027803,8.174421152928266,4.268697963366878,9.999994999180668e-07,3.0445224853424695,-13.815510557964274,1.945910291912446,False,False,False,False,False,True
41763.20315581854,1,1,1,1,0,0,0,0.022584729034268353,-4.916188123940292,10.475652836563505,3.2580965764830196,3.5835189662338873,10.487882973653186,7.217556299247401,8.174421152928266,4.3839398575779125,1.6094381124340804,7.269616750304548,5.28826703574504,1.6094381124340804,False,False,False,False,False,True
10412.863802559415,0,0,0,0,0,0,0,0.03841771984208992,-7.688557553728022,7.774855767085689,9.999994999180668e-07,2.3025851929940404,7.921224239854798,7.774855767085689,7.69074316399891,4.4315067038338025,9.999994999180668e-07,4.2341065190900125,1.3862946111198593,1.0986126220013874,True,False,False,False,False,False
41763.20315581854,0,0,1,1,0,0,0,0.021256296559940283,-4.303146206971848,7.447168360183131,3.871201031741224,3.555348090060842,9.95997428166519,3.575967376680487,8.174421152928266,4.323319047102918,1.0986126220013874,4.04305128537841,1.7917596358947079,1.6094381124340804,False,False,False,False,False,True
41763.20315581854,0,0,1,0,0,0,0,0.02320198664742723,-5.609198832442679,12.179682467896363,2.5649494343846104,3.7841896566455335,10.329524889484052,9.61473311049643,8.174421152928266,4.410903792169289,1.0986126220013874,-13.815510557964274,-13.815510557964274,2.1972246884473243,False,False,False,False,False,True
6112.369742419302,0,1,0,0,0,0,1,0.022617988056527344,-6.236184658820706,8.495560891493497,1.7917596358947079,3.2188758648682,8.556770049372508,6.70380142328731,8.028455164440302,4.239445420945025,0.6931476805598203,5.402677386376784,1.6094381124340804,1.6094381124340804,False,False,False,True,False,False
10412.863802559415,0,0,0,1,0,1,0,0.03821563949224842,-7.688557553728022,9.213335881055682,9.999994999180668e-07,2.3025851929940404,10.406155746783659,9.213335881055682,7.69074316399891,4.426232739137837,1.3862946111198593,5.869296915958633,3.09104249881286,0.6931476805598203,True,False,False,False,False,False
41763.20315581854,1,1,0,0,0,0,0,0.022593693828457273,-5.609198832442679,11.490771876339013,2.5649494343846104,2.079441666679828,10.345893731610278,8.925822519000164,8.174421152928266,4.38433671933743,1.3862946111198593,8.117014088035729,5.236441968149098,0.6931476805598203,False,False,False,False,False,True
41763.20315581854,0,0,0,0,0,1,0,0.024234635045940266,-4.955403377853663,11.32727035807905,3.2188758648682,2.079441666679828,10.089157304488792,8.108394533499812,8.174421152928266,4.454448695508267,1.0986126220013874,7.8332039490374115,6.084499415353076,0.6931476805598203,False,False,False,False,False,True
6112.369742419302,1,0,0,0,0,0,0,0.008151287903488751,-8.02539285776425,5.828945620551384,9.999994999180668e-07,2.833213402879744,9.327943316009462,5.828945620551384,8.028455164440302,3.2188758648682,9.999994999180668e-07,1.3862946111198593,-13.815510557964274,1.0986126220013874,False,False,False,True,False,False
10412.863802559415,0,1,1,0,0,0,0,0.03907323033787688,-7.688557553728022,8.301025254086715,9.999994999180668e-07,2.6390574010438272,10.446089738097626,8.301025254086715,7.69074316399891,4.448425482680756,1.0986126220013874,5.2626901940862325,1.3862946111198593,0.6931476805598203,True,False,False,False,False,False
41763.20315581854,1,1,0,0,0,0,0,0.023709078196257685,-4.367679799319322,11.107150308817136,3.8066625119925415,2.48490673312133,10.48787020169643,7.300487819707021,8.174421152928266,4.432523906602012,1.6094381124340804,7.454719949942705,5.552959588797586,0.6931476805598203,False,False,False,False,False,True
41763.20315581854,1,0,0,0,1,0,0,0.022965029634660582,-4.916188123940292,8.971067438859121,3.2580965764830196,3.367295864469232,10.412949308547157,5.712970904013453,8.174421152928266,4.400638494137985,1.3862946111198593,5.153291600278126,2.833213402879744,1.3862946111198593,False,False,False,False,False,True
41763.20315581854,1,0,1,0,0,0,1,0.021917222524040304,-5.689218796583907,10.869368128769311,2.48490673312133,3.367295864469232,10.608721570131214,8.384461479190668,8.174421152928266,4.353938630902209,1.7917596358947079,-13.815510557964274,-13.815510557964274,1.3862946111198593,False,False,False,False,False,True
41763.20315581854,0,0,0,0,1,0,0,0.021643165455874486,-4.242525934108025,7.360103973625284,3.9318256523321686,3.6635616717706716,9.69236030328253,3.428278372707574,8.174421152928266,4.341355607961821,1.0986126220013874,4.2341065190900125,9.999994999180668e-07,1.7917596358947079,False,False,False,False,False,True
6112.369742419302,0,0,1,0,0,0,1,0.024215521958902256,-8.02539285776425,8.487146270270042,9.999994999180668e-07,3.2188758648682,9.733435459096341,8.487146270270042,8.028455164440302,4.30769372940859,1.0986126220013874,5.141663562350613,2.1972246884473243,1.3862946111198593,False,False,False,True,False,False
10412.863802559415,0,0,0,1,0,0,0,0.041016265879154364,-7.688557553728022,7.355001921744643,9.999994999180668e-07,2.9957323235539897,10.296597811203439,7.355001921744643,7.69074316399891,4.496956612490716,1.6094381124340804,3.6635616717706716,0.6931476805598203,1.3862946111198593,True,False,False,False,False,False
6112.369742419302,1,0,0,0,1,0,0,0.0,-6.928821064339634,4.727387827561898,1.0986126220013874,3.8918203185187896,10.234315678265967,3.628775556592903,8.028455164440302,-13.815510557964274,1.0986126220013874,-13.815510557964274,-13.815510557964274,1.7917596358947079,False,False,False,True,False,False
6112.369742419302,1,1,1,0,0,0,0,0.025026656914495193,-8.02539285776425,8.361007108460717,9.999994999180668e-07,4.007333203414289,10.535318466310347,8.361007108460717,8.028455164440302,4.340641431539196,1.3862946111198593,5.22035583048373,2.1972246884473243,1.945910291912446,False,False,False,True,False,False
41763.20315581854,1,0,0,0,1,0,0,0.015369246138476907,-4.015482617699292,6.821107473346977,4.1588830989846715,3.13549425940741,9.975193602902497,2.662224458689593,8.174421152928266,3.9990344007511087,1.3862946111198593,2.397895363707457,-13.815510557964274,1.0986126220013874,False,False,False,False,False,True
10412.863802559415,0,1,0,0,0,0,0,0.04570383912248629,-7.688557553728022,4.634728997938374,9.999994999180668e-07,2.6390574010438272,8.71511678782035,4.634728997938374,7.69074316399891,4.605170195988091,9.999994999180668e-07,-13.815510557964274,-13.815510557964274,0.6931476805598203,True,False,False,False,False,False
7640.563613231552,0,1,0,0,0,0,0,0.06361323155216285,-4.875066331780903,4.691347891403455,2.48490673312133,3.1780538720146114,8.71511678782035,2.2064413425328806,7.360103973625284,4.605170195988091,9.999994999180668e-07,-13.815510557964274,-13.815510557964274,1.3862946111198593,False,False,False,False,True,False
6112.369742419302,0,0,0,1,0,0,0,0.02367930694135646,-8.02539285776425,9.448569560787236,9.999994999180668e-07,3.912023025428146,9.967683701570264,9.448569560787236,8.028455164440302,4.285301440809879,0.6931476805598203,-13.815510557964274,-13.815510557964274,1.945910291912446,False,False,False,True,False,False
10412.863802559415,1,0,0,0,1,0,0,0.03826367926533736,-6.591401807374738,7.301147806530796,1.0986126220013874,1.6094381124340804,9.704884196475403,6.202535519212214,7.69074316399891,4.427489020695083,0.6931476805598203,3.761200138949376,9.999994999180668e-07,9.999994999180668e-07,True,False,False,False,False,False
7640.563613231552,0,0,0,0,0,0,1,0.02544529262086514,-7.358533207287776,5.9188938569613185,9.999994999180668e-07,3.850147622986654,10.063192644132604,5.9188938569613185,7.360103973625284,3.688879479113936,9.999994999180668e-07,-13.815510557964274,-13.815510557964274,1.7917596358947079,False,False,False,False,True,False
41763.20315581854,0,0,1,0,1,0,0,0.023145352815682484,-5.609198832442679,7.227662499454872,2.5649494343846104,2.890371813451719,10.01133884251869,4.662713150707932,8.174421152928266,4.40845990391595,1.3862946111198593,3.332204545889489,-13.815510557964274,1.0986126220013874,False,False,False,False,False,True
41763.20315581854,0,1,1,0,0,0,0,0.019623233908948195,-4.367679799319322,7.233455419343461,3.8066625119925415,2.1972246884473243,10.118270002685447,3.4267929613420933,8.174421152928266,4.243380155741563,0.6931476805598203,4.025351708592292,9.999994999180668e-07,9.999994999180668e-07,False,False,False,False,False,True
10412.863802559415,0,0,0,0,0,1,0,0.0,-7.688557553728022,4.488636380968095,9.999994999180668e-07,2.5649494343846104,8.362116469142244,4.488636380968095,7.69074316399891,-13.815510557964274,9.999994999180668e-07,-13.815510557964274,-13.815510557964274,1.0986126220013874,True,False,False,False,False,False
41763.20315581854,0,1,0,0,0,0,0,0.0,-5.658520592276317,8.059908334894232,2.515613875923528,2.6390574010438272,10.704034182976946,5.54429454337774,8.174421152928266,-13.815510557964274,1.3862946111198593,-13.815510557964274,-13.815510557964274,0.6931476805598203,False,False,False,False,False,True
41763.20315581854,1,1,1,0,0,0,1,0.022093698176192552,-2.5540074283163667,12.342162637151258,5.6204008693403384,1.945910291912446,10.142934436319868,6.721761772634158,8.174421152928266,4.361958303879823,1.6094381124340804,9.066123521331287,6.822197391709815,9.999994999180668e-07,False,False,False,False,False,True
7640.563613231552,0,0,0,0,0,0,1,0.047018475495076886,-6.666171101165439,6.864847779014702,0.6931476805598203,3.7376696420928917,7.868225738407096,6.171700599498598,7.360103973625284,4.30288932764457,9.999994999180668e-07,3.13549425940741,9.999994999180668e-07,1.945910291912446,False,False,False,False,True,False
7640.563613231552,0,0,0,0,0,0,0,0.04893325504012527,-6.666171101165439,6.810142451217672,0.6931476805598203,3.4339872367432105,9.467915727447808,6.116995271760263,7.360103973625284,4.342805934520601,0.6931476805598203,3.2580965764830196,9.999994999180668e-07,1.3862946111198593,False,False,False,False,True,False
4092.5737704918033,0,0,1,0,0,0,0,0.13114754098360656,-6.412849143141731,6.708084085074071,9.999994999180668e-07,2.3025851929940404,10.093202307287365,6.708084085074071,6.413458958806701,4.382026647173881,0.6931476805598203,3.2188758648682,-13.815510557964274,9.999994999180668e-07,False,False,True,False,False,False
7640.563613231552,0,1,0,0,0,0,1,0.031806615776081425,-7.358533207287776,6.028278522640337,9.999994999180668e-07,4.04305128537841,8.390350943423686,6.028278522640337,7.360103973625284,3.912023025428146,0.6931476805598203,-13.815510557964274,-13.815510557964274,2.079441666679828,False,False,False,False,True,False
4092.5737704918033,1,0,1,0,0,1,0,0.10638297872340426,-5.720006823110456,7.858254182572577,0.6931476805598203,3.1780538720146114,10.282776829624027,7.16510700239918,6.413458958806701,4.1727492833012345,1.6094381124340804,4.543294792908302,2.079441666679828,1.3862946111198593,False,False,True,False,False,False
10412.863802559415,0,1,1,0,0,0,1,0.03290244909289925,-7.688557553728022,9.901485549915556,9.999994999180668e-07,3.4339872367432105,9.757396691627354,9.901485549915556,7.69074316399891,4.2765349939648685,1.0986126220013874,7.147559271976236,4.3438054348406965,1.3862946111198593,True,False,False,False,False,False
10412.863802559415,1,0,0,1,1,0,0,0.0,-7.688557553728022,4.262679891125822,9.999994999180668e-07,3.332204545889489,10.360039703487606,4.262679891125822,7.69074316399891,-13.815510557964274,1.3862946111198593,-13.815510557964274,-13.815510557964274,0.6931476805598203,True,False,False,False,False,False
41763.20315581854,1,0,0,0,1,1,0,0.02368476485059953,-4.916188123940292,11.64389232199136,3.2580965764830196,3.850147622986654,10.351584877873165,8.38579578418919,8.174421152928266,4.431497893688144,1.945910291912446,8.272315148211515,6.693323669509106,2.1972246884473243,False,False,False,False,False,True
6112.369742419302,0,0,0,0,0,0,1,0.017784628153066365,-8.02539285776425,6.7310181016754,9.999994999180668e-07,1.7917596358947079,7.868225738407096,6.7310181016754,8.028455164440302,3.9990344007511087,9.999994999180668e-07,3.09104249881286,-13.815510557964274,9.999994999180668e-07,False,False,False,True,False,False
7640.563613231552,0,0,1,0,0,0,0,0.06361323155216285,-5.568082538077103,4.85981241211361,1.7917596358947079,2.1972246884473243,9.911230783913622,3.068052981645244,7.360103973625284,4.605170195988091,9.999994999180668e-07,-13.815510557964274,-13.815510557964274,9.999994999180668e-07,False,False,False,False,True,False
10412.863802559415,1,1,1,0,0,0,1,0.038672479257488394,-7.688557553728022,6.625392369334216,9.999994999180668e-07,4.2766661329049445,9.799697664491218,6.625392369334216,7.69074316399891,4.438116113143107,1.3862946111198593,-13.815510557964274,-13.815510557964274,2.5649494343846104,True,False,False,False,False,False
6112.369742419302,1,0,0,0,1,0,0,0.023015401139262356,-8.02539285776425,7.796469243497242,9.999994999180668e-07,3.8066625119925415,10.178469441949819,7.796469243497242,8.028455164440302,4.2568635058865425,1.3862946111198593,4.442651268255022,1.0986126220013874,2.079441666679828,False,False,False,True,False,False
41763.20315581854,0,0,1,0,0,0,0,0.02817695125387433,-5.689218796583907,6.43454652039259,2.48490673312133,3.2188758648682,9.75696552485987,3.94963988826109,8.174421152928266,4.605170195988091,0.6931476805598203,-13.815510557964274,-13.815510557964274,1.3862946111198593,False,False,False,False,False,True
41763.20315581854,1,0,0,1,1,0,0,0.024564521605941726,-4.2231091863939945,8.576970395640494,3.9512437378121965,3.2958369030413657,10.133080701571414,4.625726686667204,8.174421152928266,4.467969075945194,1.6094381124340804,5.049856013659793,3.2580965764830196,1.3862946111198593,False,False,False,False,False,True
7640.563613231552,1,0,0,0,1,0,0,0.05725190839694656,-7.358533207287776,6.278521426042017,9.999994999180668e-07,3.5835189662338873,9.99270785360796,6.278521426042017,7.360103973625284,4.499809681441376,1.0986126220013874,2.3025851929940404,9.999994999180668e-07,1.6094381124340804,False,False,False,False,True,False
41763.20315581854,1,0,0,0,1,0,0,0.02049232818463588,-4.536741602544286,7.344719054795667,3.6375861860421748,2.944439031798018,10.218749099404171,3.70713291897109,8.174421152928266,4.286716468619557,1.7917596358947079,3.49650759176951,1.3862946111198593,1.0986126220013874,False,False,False,False,False,True
6112.369742419302,0,0,1,1,0,1,0,0.013973636405980715,-7.3337756581647415,5.659482219243942,0.6931476805598203,2.397895363707457,10.474164506501142,4.966335042168317,8.028455164440302,3.7578723489342205,1.3862946111198593,1.945910291912446,-13.815510557964274,0.6931476805598203,False,False,False,True,False,False
7640.563613231552,0,0,0,0,0,1,0,0.0,-7.358533207287776,4.691347891403455,9.999994999180668e-07,2.890371813451719,8.362116469142244,4.691347891403455,7.360103973625284,-13.815510557964274,9.999994999180668e-07,-13.815510557964274,-13.815510557964274,1.0986126220013874,False,False,False,False,True,False
7640.563613231552,0,0,1,0,1,0,0,0.04432890545170403,-5.568082538077103,8.608677881720931,1.7917596358947079,3.2580965764830196,9.94516900230081,6.8169184134054515,7.360103973625284,4.243985665893666,0.6931476805598203,5.537334270955545,0.6931476805598203,1.6094381124340804,False,False,False,False,True,False
41763.20315581854,1,0,1,1,1,0,1,0.02270147954198635,-5.689218796583907,10.509332404720558,2.48490673312133,3.367295864469232,10.363038003868027,8.024425755232643,8.174421152928266,4.389095986500736,1.6094381124340804,7.390798522352579,4.499809681441376,1.0986126220013874,False,False,False,False,False,True
41763.20315581854,1,0,1,1,1,0,0,0.02168094340239376,-4.996219458230981,9.658417870952109,3.1780538720146114,3.09104249881286,10.236204872829422,6.480364042073529,8.174421152928266,4.3430995771558045,2.079441666679828,6.523562307617941,3.610917939671251,1.0986126220013874,False,False,False,False,False,True
7640.563613231552,0,0,0,1,0,0,0,0.0,-6.666171101165439,4.094344578888768,0.6931476805598203,3.6375861860421748,9.778095277150934,3.401197414995488,7.360103973625284,-13.815510557964274,0.6931476805598203,-13.815510557964274,-13.815510557964274,1.945910291912446,False,False,False,False,True,False
1266.400447427293,0,0,0,0,1,0,0,0.22371364653243847,-6.102111694488308,4.304065106717683,9.999994999180668e-07,3.332204545889489,9.017017552876009,4.304065106717683,6.102558596850705,4.605170195988091,0.6931476805598203,-13.815510557964274,-13.815510557964274,1.3862946111198593,False,True,False,False,False,False
41763.20315581854,1,1,0,1,0,0,0,0.02346605801420821,-4.996219458230981,12.601682684917622,3.1780538720146114,2.833213402879744,10.633395393757962,9.423628854647102,8.174421152928266,4.422220922936877,1.7917596358947079,9.31964310695628,7.122059882436245,1.0986126220013874,False,False,False,False,False,True
41763.20315581854,0,0,1,1,0,0,0,0.022160408280716144,-5.689218796583907,10.565608354516739,2.48490673312133,2.833213402879744,10.297047310681654,8.080701705012403,8.174421152928266,4.3649731723087575,1.0986126220013874,7.48941208406769,4.852030271732117,0.6931476805598203,False,False,False,False,False,True
7640.563613231552,0,0,1,0,0,0,0,0.031806615776081425,-6.666171101165439,6.849066283693903,0.6931476805598203,3.871201031741224,9.911230783913622,6.155919104194403,7.360103973625284,3.912023025428146,9.999994999180668e-07,-13.815510557964274,-13.815510557964274,1.7917596358947079,False,False,False,False,True,False
41763.20315581854,1,0,0,0,1,0,0,0.017339662310076512,-4.996219458230981,7.9013773541628485,3.1780538720146114,2.772588784739779,10.199754693236267,4.723323532330268,8.174421152928266,4.11966238645639,1.3862946111198593,3.2580965764830196,-13.815510557964274,0.6931476805598203,False,False,False,False,False,True
10412.863802559415,0,0,0,0,0,0,1,0.04570383912248629,-7.688557553728022,5.2626901940862325,9.999994999180668e-07,2.7080502677688743,5.85555732140996,5.2626901940862325,7.69074316399891,4.605170195988091,9.999994999180668e-07,-13.815510557964274,-13.815510557964274,1.0986126220013874,True,False,False,False,False,False
4092.5737704918033,0,1,1,0,1,0,1,0.12750455373406194,-5.314643355835334,7.074116817044103,1.0986126220013874,2.6390574010438272,10.14220727507165,5.975504530069473,6.413458958806701,4.353855770564328,1.6094381124340804,3.2958369030413657,9.999994999180668e-07,0.6931476805598203,False,False,True,False,False,False
41763.20315581854,1,1,0,0,0,0,1,0.015369246138476907,-4.2231091863939945,6.22851100556357,3.9512437378121965,3.13549425940741,9.56888296407913,2.277267387573853,8.174421152928266,3.9990344007511087,1.0986126220013874,2.397895363707457,-13.815510557964274,1.3862946111198593,False,False,False,False,False,True
6112.369742419302,0,0,0,0,0,0,1,0.016302575806977502,-7.3337756581647415,6.974478911960499,0.6931476805598203,3.13549425940741,7.868225738407096,6.281331732336008,8.028455164440302,3.912023025428146,9.999994999180668e-07,3.2580965764830196,-13.815510557964274,1.0986126220013874,False,False,False,True,False,False
6112.369742419302,1,0,0,0,0,0,0,0.0,-6.236184658820706,4.317488126869644,1.7917596358947079,2.833213402879744,10.42321605584098,2.525728724308252,8.028455164440302,-13.815510557964274,9.999994999180668e-07,-13.815510557964274,-13.815510557964274,1.0986126220013874,False,False,False,True,False,False
41763.20315581854,1,1,0,0,0,0,0,0.021047843105303714,-5.609198832442679,10.807584238329822,2.5649494343846104,3.6375861860421748,9.920251159295926,8.24263488111123,8.174421152928266,4.313463976623682,0.6931476805598203,-13.815510557964274,-13.815510557964274,1.6094381124340804,False,False,False,False,False,True
10412.863802559415,0,0,0,0,0,1,0,0.022851919561243144,-7.688557553728022,5.236441968149098,9.999994999180668e-07,2.7080502677688743,8.948356176850556,5.236441968149098,7.69074316399891,3.912023025428146,0.6931476805598203,-13.815510557964274,-13.815510557964274,1.0986126220013874,True,False,False,False,False,False
10412.863802559415,1,0,0,0,1,0,0,0.03677730804387568,-7.688557553728022,8.18479265444394,9.999994999180668e-07,3.0445224853424695,10.13823697524733,8.18479265444394,7.69074316399891,4.3878689227252945,1.3862946111198593,4.852030271732117,1.945910291912446,1.0986126220013874,True,False,False,False,False,False
1266.400447427293,0,0,0,0,0,0,1,0.0,-6.102111694488308,3.1780538720146114,9.999994999180668e-07,2.48490673312133,8.653286306877517,3.1780538720146114,6.102558596850705,-13.815510557964274,0.6931476805598203,-13.815510557964274,-13.815510557964274,0.6931476805598203,False,True,False,False,False,False
6112.369742419302,0,0,0,0,0,0,1,0.011856418768710911,-8.02539285776425,6.084499415353076,9.999994999180668e-07,2.48490673312133,7.868225738407096,6.084499415353076,8.028455164440302,3.593569301809611,9.999994999180668e-07,2.397895363707457,-13.815510557964274,0.6931476805598203,False,False,False,True,False,False
41763.20315581854,0,0,1,0,0,0,0,0.023139421658387956,-5.689218796583907,9.928375268092678,2.48490673312133,2.397895363707457,10.093202307287365,7.443468618841158,8.174421152928266,4.408203614139358,0.6931476805598203,6.925595198092786,3.401197414995488,0.6931476805598203,False,False,False,False,False,True
10412.863802559415,1,0,0,0,1,0,0,0.0,-7.688557553728022,5.214935763043768,9.999994999180668e-07,1.945910291912446,10.13823697524733,5.214935763043768,7.69074316399891,-13.815510557964274,1.3862946111198593,-13.815510557964274,-13.815510557964274,9.999994999180668e-07,True,False,False,False,False,False
41763.20315581854,1,1,0,0,0,0,1,0.02817695125387433,-6.787239934900224,4.634728997938374,1.3862946111198593,3.2580965764830196,10.085792447133036,3.248434665944696,8.174421152928266,4.605170195988091,1.7917596358947079,-13.815510557964274,-13.815510557964274,1.3862946111198593,False,False,False,False,False,True
10412.863802559415,0,1,0,0,0,0,0,0.0,-7.688557553728022,4.025351708592292,9.999994999180668e-07,3.367295864469232,8.71511678782035,4.025351708592292,7.69074316399891,-13.815510557964274,9.999994999180668e-07,-13.815510557964274,-13.815510557964274,1.3862946111198593,True,False,False,False,False,False
7640.563613231552,0,1,0,0,0,0,0,0.0,-7.358533207287776,5.017279843437441,9.999994999180668e-07,3.332204545889489,9.193989884547726,5.017279843437441,7.360103973625284,-13.815510557964274,9.999994999180668e-07,-13.815510557964274,-13.815510557964274,1.6094381124340804,False,False,False,False,True,False
6112.369742419302,1,0,1,0,0,0,0,0.0,-8.02539285776425,4.094344578888768,9.999994999180668e-07,3.465735934049726,10.354679968636681,4.094344578888768,8.028455164440302,-13.815510557964274,0.6931476805598203,-13.815510557964274,-13.815510557964274,1.6094381124340804,False,False,False,True,False,False
6112.369742419302,0,0,0,0,0,0,1,0.019881190008509148,-6.928821064339634,7.603399340239423,1.0986126220013874,3.5263605540279257,7.868225738407096,6.504787052568819,8.028455164440302,4.110473960551984,9.999994999180668e-07,3.7135720910945516,-13.815510557964274,1.6094381124340804,False,False,False,True,False,False
10412.863802559415,1,1,1,0,0,0,0,0.03421404716431934,-7.688557553728022,9.465680021584175,9.999994999180668e-07,2.6390574010438272,10.177739202197214,9.465680021584175,7.69074316399891,4.315624193456457,1.6094381124340804,6.573680168357294,3.7376696420928917,0.6931476805598203,True,False,False,False,False,False
41763.20315581854,1,1,0,0,1,0,1,0.01740341106856944,-4.916188123940292,6.979145275999909,3.2580965764830196,2.944439031798018,9.702276106142486,3.7210487612558936,8.174421152928266,4.123332115285829,1.6094381124340804,3.5263605540279257,-13.815510557964274,1.0986126220013874,False,False,False,False,False,True
7640.563613231552,1,0,1,0,0,0,0,0.0,-7.358533207287776,4.836281914887986,9.999994999180668e-07,3.8066625119925415,10.166009066112295,4.836281914887986,7.360103973625284,-13.815510557964274,1.3862946111198593,-13.815510557964274,-13.815510557964274,1.945910291912446,False,False,False,False,True,False
41763.20315581854,1,0,0,0,0,0,0,0.024383900123545098,-4.167023442223093,7.793174347601746,4.007333203414289,1.6094381124340804,9.999984810233544,3.7858411846465025,8.174421152928266,4.460588968732539,0.6931476805598203,3.9512437378121965,1.6094381124340804,9.999994999180668e-07,False,False,False,False,False,True
1266.400447427293,0,0,0,0,0,0,0,0.1720874204095681,-6.102111694488308,6.580639138671912,9.999994999180668e-07,3.465735934049726,8.024016164881164,6.580639138671912,6.102558596850705,4.342805934520601,9.999994999180668e-07,-13.815510557964274,-13.815510557964274,1.3862946111198593,False,True,False,False,False,False
6112.369742419302,0,0,0,0,0,0,1,0.0,-6.928821064339634,10.10463086361156,1.0986126220013874,3.09104249881286,10.436432295667178,9.00601857502523,8.028455164440302,-13.815510557964274,1.0986126220013874,-13.815510557964274,-13.815510557964274,1.3862946111198593,False,False,False,True,False,False
6112.369742419302,1,1,1,0,1,0,0,0.025540702097598084,-7.3337756581647415,7.466227556787564,0.6931476805598203,3.871201031741224,10.21065574583097,6.7730803767997,8.028455164440302,4.360973238242006,1.7917596358947079,4.094344578888768,1.0986126220013874,1.945910291912446,False,False,False,True,False,False
41763.20315581854,1,0,0,0,1,0,0,0.016101115002213902,-4.955403377853663,6.188264125135978,3.2188758648682,3.13549425940741,10.283480386862065,2.96938834954909,8.174421152928266,4.045554415552669,1.0986126220013874,1.945910291912446,-13.815510557964274,1.0986126220013874,False,False,False,False,False,True
4092.5737704918033,0,0,1,0,0,0,0,0.0,-6.412849143141731,4.418840619844791,9.999994999180668e-07,2.944439031798018,9.657081198906674,4.418840619844791,6.413458958806701,-13.815510557964274,0.6931476805598203,-13.815510557964274,-13.815510557964274,1.0986126220013874,False,False,True,False,False,False
6112.369742419302,0,0,0,0,0,0,1,0.016302575806977502,-8.02539285776425,6.204557764588892,9.999994999180668e-07,2.772588784739779,7.868225738407096,6.204557764588892,8.028455164440302,3.912023025428146,9.999994999180668e-07,2.079441666679828,-13.815510557964274,1.3862946111198593,False,False,False,True,False,False
7640.563613231552,1,0,1,1,0,0,0,0.04770992366412214,-6.666171101165439,5.746203193735042,0.6931476805598203,3.4339872367432105,10.162714852280375,5.053056016369984,7.360103973625284,4.317488126869644,1.0986126220013874,-13.815510557964274,-13.815510557964274,1.7917596358947079,False,False,False,False,True,False
41763.20315581854,0,0,0,0,1,0,0,0.014088475626937165,-4.996219458230981,5.762051385924831,3.1780538720146114,3.2188758648682,9.88882646196561,2.5839976279039263,8.174421152928266,3.912023025428146,1.0986126220013874,0.6931476805598203,-13.815510557964274,1.0986126220013874,False,False,False,False,False,True
4092.5737704918033,0,0,0,0,1,0,0,0.0,-5.027012107674409,4.174387285280252,1.3862946111198593,2.079441666679828,4.174387285280252,2.788092970314206,6.413458958806701,-13.815510557964274,9.999994999180668e-07,-13.815510557964274,-13.815510557964274,9.999994999180668e-07,False,False,True,False,False,False
41763.20315581854,0,0,0,0,1,1,0,0.023508191536196203,-5.776203295520409,11.30503991605731,2.397895363707457,3.688879479113936,10.793260701802385,8.907144643382047,8.174421152928266,4.424014822070333,1.0986126220013874,-13.815510557964274,-13.815510557964274,2.079441666679828,False,False,False,False,False,True
6112.369742419302,0,0,1,0,0,0,0,0.027099457152826637,-6.236184658820706,9.087833697596418,1.7917596358947079,3.6375861860421748,10.093202307287365,7.296074228933527,8.028455164440302,4.4202135935877935,0.6931476805598203,6.122492811707368,4.007333203414289,1.945910291912446,False,False,False,True,False,False
41763.20315581854,0,0,1,0,0,0,1,0.0,-4.916188123940292,4.897839807413598,3.2580965764830196,2.890371813451719,9.566261260676077,1.6397434559592614,8.174421152928266,-13.815510557964274,0.6931476805598203,-13.815510557964274,-13.815510557964274,1.0986126220013874,False,False,False,False,False,True
41763.20315581854,0,0,1,0,0,1,0,0.02226327012651799,-5.689218796583907,9.387733135617129,2.48490673312133,3.5835189662338873,10.614440615859076,6.9028264867503255,8.174421152928266,4.369604127331574,1.0986126220013874,5.780743518878749,3.2188758648682,1.945910291912446,False,False,False,False,False,True
6112.369742419302,0,0,0,0,0,0,1,0.024635003441654892,-7.3337756581647415,8.14989054469119,0.6931476805598203,3.4339872367432105,7.868225738407096,7.456743364420011,8.028455164440302,4.324868234069227,9.999994999180668e-07,4.499809681441376,1.945910291912446,1.3862946111198593,False,False,False,True,False,False
41763.20315581854,0,0,1,1,0,0,0,0.0,-5.658520592276317,9.941553753390718,2.515613875923528,3.13549425940741,10.669316603499382,7.425939958827948,8.174421152928266,-13.815510557964274,1.6094381124340804,-13.815510557964274,-13.815510557964274,1.0986126220013874,False,False,False,False,False,True
7640.563613231552,1,0,0,0,0,0,0,0.04543802253725918,-5.9734166890735345,7.738923757874997,1.3862946111198593,3.8918203185187896,10.342442997752544,6.352629398061727,7.360103973625284,4.268697963366878,0.6931476805598203,-13.815510557964274,-13.815510557964274,2.079441666679828,False,False,False,False,True,False
6112.369742419302,0,0,0,0,0,0,1,0.02343495272253016,-6.928821064339634,8.283494126415164,1.0986126220013874,2.833213402879744,7.868225738407096,7.18488183825236,8.028455164440302,4.274928513030558,9.999994999180668e-07,4.852030271732117,2.079441666679828,1.0986126220013874,False,False,False,True,False,False
41763.20315581854,0,0,1,1,1,0,1,0.022819361930954563,-5.609198832442679,9.069698042288818,2.5649494343846104,3.2188758648682,10.278182791226406,6.5047486862084964,8.174421152928266,4.394275269097907,1.6094381124340804,5.648974241682333,2.397895363707457,1.0986126220013874,False,False,False,False,False,True
41763.20315581854,0,0,1,1,0,0,0,0.020977764046877678,-5.535110355156934,9.802119058203173,2.6390574010438272,3.09104249881286,10.283748106267304,7.16306172930726,8.174421152928266,4.310128908926118,1.0986126220013874,-13.815510557964274,-13.815510557964274,1.0986126220013874,False,False,False,False,False,True
10412.863802559415,1,0,0,1,0,0,0,0.034277879341864714,-7.688557553728022,4.682131236383479,9.999994999180668e-07,3.5835189662338873,10.275509426441955,4.682131236383479,7.69074316399891,4.317488126869644,0.6931476805598203,-13.815510557964274,-13.815510557964274,1.7917596358947079,True,False,False,False,False,False
7640.563613231552,1,0,0,0,0,0,1,0.0,-7.358533207287776,4.330733353444225,9.999994999180668e-07,4.094344578888768,8.817967018114343,4.330733353444225,7.360103973625284,-13.815510557964274,0.6931476805598203,-13.815510557964274,-13.815510557964274,2.1972246884473243,False,False,False,False,True,False
4092.5737704918033,1,0,0,0,1,0,0,0.0,-6.412849143141731,4.624972823088193,9.999994999180668e-07,1.945910291912446,10.14583024173724,4.624972823088193,6.413458958806701,-13.815510557964274,0.6931476805598203,-13.815510557964274,-13.815510557964274,9.999994999180668e-07,False,False,True,False,False,False
41763.20315581854,0,0,1,0,0,0,0,0.0,-5.658520592276317,4.828313745302301,2.515613875923528,2.7080502677688743,9.911230783913622,2.3127000411856726,8.174421152928266,-13.815510557964274,9.999994999180668e-07,-13.815510557964274,-13.815510557964274,0.6931476805598203,False,False,False,False,False,True
41763.20315581854,1,1,1,0,1,0,0,0.021211862179882923,-4.2231091863939945,8.48156601398034,3.9512437378121965,2.7080502677688743,9.989549656065696,4.530322305968861,8.174421152928266,4.321226448930499,1.3862946111198593,5.181783555910062,1.7917596358947079,1.0986126220013874,False,False,False,False,False,True
6112.369742419302,0,0,0,0,1,0,0,0.023712837537421823,-8.02539285776425,6.444131258290265,9.999994999180668e-07,2.397895363707457,10.039802982692288,6.444131258290265,8.028455164440302,4.286716468619557,1.0986126220013874,3.09104249881286,9.999994999180668e-07,0.6931476805598203,False,False,False,True,False,False
7640.563613231552,1,1,0,0,1,1,1,0.0,-7.358533207287776,4.127134401174124,9.999994999180668e-07,4.077537460854872,10.061401780515673,4.127134401174124,7.360103973625284,-13.815510557964274,1.6094381124340804,-13.815510557964274,-13.815510557964274,2.3025851929940404,False,False,False,False,True,False
41763.20315581854,1,1,0,1,1,0,0,0.0,-5.658520592276317,6.030685262665109,2.515613875923528,3.49650759176951,10.332943181876617,3.5150714948967026,8.174421152928266,-13.815510557964274,1.3862946111198593,-13.815510557964274,-13.815510557964274,1.7917596358947079,False,False,False,False,False,True
41763.20315581854,0,0,1,0,0,0,0,0.023886370040216195,-5.689218796583907,10.738416373659208,2.48490673312133,2.772588784739779,10.329524889484052,8.253509724109856,8.174421152928266,4.439973890515847,1.0986126220013874,-13.815510557964274,-13.815510557964274,0.6931476805598203,False,False,False,False,False,True
41763.20315581854,1,0,0,0,0,0,0,0.023645307819732123,-5.689218796583907,10.562198555800821,2.48490673312133,2.833213402879744,10.50798200250327,8.077291906297456,8.174421152928266,4.4298305799777635,1.0986126220013874,-13.815510557964274,-13.815510557964274,1.0986126220013874,False,False,False,False,False,True
7640.563613231552,0,0,1,0,1,0,0,0.044711014176663025,-7.358533207287776,9.040026434425073,9.999994999180668e-07,4.04305128537841,9.94516900230081,9.040026434425073,7.360103973625284,4.252568581664637,0.6931476805598203,5.857933157340602,2.5649494343846104,1.7917596358947079,False,False,False,False,True,False
6112.369742419302,0,0,0,0,0,0,1,0.010868383871318334,-8.02539285776425,5.1647859796377995,9.999994999180668e-07,3.912023025428146,7.868225738407096,5.1647859796377995,8.028455164440302,3.506557927319981,9.999994999180668e-07,1.0986126220013874,-13.815510557964274,2.079441666679828,False,False,False,True,False,False
6112.369742419302,0,0,0,0,0,0,1,0.023672233363556373,-7.3337756581647415,7.351158227072542,0.6931476805598203,2.772588784739779,7.868225738407096,6.658011047154445,8.028455164440302,4.285002672165406,9.999994999180668e-07,4.290459454847021,0.6931476805598203,1.0986126220013874,False,False,False,True,False,False
6112.369742419302,0,0,1,0,0,0,0,0.016302575806977502,-5.725563418143037,5.351858138215403,2.3025851929940404,3.555348090060842,10.093202307287365,3.0492730878753846,8.028455164440302,3.912023025428146,0.6931476805598203,-13.815510557964274,-13.815510557964274,1.6094381124340804,False,False,False,True,False,False
7640.563613231552,0,0,1,0,1,0,0,0.04841816814496606,-7.358533207287776,10.455157570600297,9.999994999180668e-07,3.555348090060842,10.254343708796528,10.455157570600297,7.360103973625284,4.332223825328361,1.0986126220013874,7.455298486261659,4.532599503905944,1.7917596358947079,False,False,False,False,True,False
6112.369742419302,0,0,0,0,0,0,1,0.020034490750743435,-8.02539285776425,7.6875387666601345,9.999994999180668e-07,3.7376696420928917,7.868225738407096,7.6875387666601345,8.028455164440302,4.118155227190329,9.999994999180668e-07,4.418840619844791,1.0986126220013874,2.079441666679828,False,False,False,True,False,False
41763.20315581854,1,1,0,1,0,0,0,0.022815524041950516,-5.609198832442679,11.009819964235914,2.5649494343846104,3.2580965764830196,10.554201710869162,8.44487060697284,8.174421152928266,4.39410706931461,1.3862946111198593,-13.815510557964274,-13.815510557964274,1.6094381124340804,False,False,False,False,False,True
7640.563613231552,0,1,1,0,0,0,0,0.04261468909805084,-6.260967821561102,8.11939858991,1.0986126220013874,3.4339872367432105,10.118270002685447,7.0207863018373065,7.360103973625284,4.204547717283251,0.6931476805598203,4.634728997938374,1.0986126220013874,1.3862946111198593,False,False,False,False,True,False
1266.400447427293,0,0,0,0,0,0,0,0.19175455417066153,-6.102111694488308,5.710427020686128,9.999994999180668e-07,2.397895363707457,8.024016164881164,5.710427020686128,6.102558596850705,4.4510195178275,9.999994999180668e-07,-13.815510557964274,-13.815510557964274,0.6931476805598203,False,True,False,False,False,False
41763.20315581854,1,0,0,0,0,0,0,0.019160326852634545,-4.2231091863939945,7.717796211458421,3.9512437378121965,3.0445224853424695,10.407128725818199,3.7665525155638266,8.174421152928266,4.219507719881989,0.6931476805598203,-13.815510557964274,-13.815510557964274,1.0986126220013874,False,False,False,False,False,True
7640.563613231552,0,0,1,1,0,0,0,0.04732203810587724,-5.568082538077103,10.871839284055728,1.7917596358947079,3.49650759176951,10.535672485186234,9.080079814922598,7.360103973625284,4.309324816339772,1.0986126220013874,-13.815510557964274,-13.815510557964274,1.3862946111198593,False,False,False,False,True,False
6112.369742419302,0,0,0,0,0,0,1,0.0,-8.02539285776425,5.1474944826274065,9.999994999180668e-07,2.1972246884473243,7.868225738407096,5.1474944826274065,8.028455164440302,-13.815510557964274,9.999994999180668e-07,9.999994999180668e-07,-13.815510557964274,0.6931476805598203,False,False,False,True,False,False
41763.20315581854,1,1,0,0,0,0,0,0.0,-4.916188123940292,5.459585518399478,3.2580965764830196,3.13549425940741,9.868997207644076,2.2014890867609687,8.174421152928266,-13.815510557964274,1.0986126220013874,0.6931476805598203,-13.815510557964274,1.3862946111198593,False,False,False,False,False,True
10412.863802559415,1,1,0,0,0,0,0,0.0,-7.688557553728022,7.290292883128725,9.999994999180668e-07,3.332204545889489,10.345893731610278,7.290292883128725,7.69074316399891,-13.815510557964274,1.3862946111198593,-13.815510557964274,-13.815510557964274,1.6094381124340804,True,False,False,False,False,False
1266.400447427293,0,0,0,0,0,0,0,0.14799518155222852,-6.102111694488308,7.406103381844549,9.999994999180668e-07,2.397895363707457,8.024016164881164,7.406103381844549,6.102558596850705,4.191983046902296,9.999994999180668e-07,-13.815510557964274,-13.815510557964274,0.6931476805598203,False,True,False,False,False,False
10412.863802559415,1,0,1,0,1,0,0,0.036726299294855054,-7.688557553728022,8.079308192361847,9.999994999180668e-07,3.0445224853424695,9.931163742550385,8.079308192361847,7.69074316399891,4.386480997467706,1.3862946111198593,4.718498880223666,1.7917596358947079,1.3862946111198593,True,False,False,False,False,False
10412.863802559415,1,1,0,0,0,0,0,0.03471733933342708,-7.688557553728022,8.031710375647034,9.999994999180668e-07,3.7135720910945516,10.37678208930511,8.031710375647034,7.69074316399891,4.3302271524782965,1.3862946111198593,-13.815510557964274,-13.815510557964274,1.7917596358947079,True,False,False,False,False,False
6112.369742419302,0,0,0,0,0,0,1,0.0,-8.02539285776425,3.7841896566455335,9.999994999180668e-07,3.555348090060842,8.653286306877517,3.7841896566455335,8.028455164440302,-13.815510557964274,0.6931476805598203,-13.815510557964274,-13.815510557964274,1.7917596358947079,False,False,False,True,False,False
41763.20315581854,0,1,1,0,0,0,0,0.02279114705150208,-5.466134379529652,9.455714972209956,2.7080502677688743,1.945910291912446,10.5267328791816,6.747664772203121,8.174421152928266,4.3930380593700455,1.3862946111198593,-13.815510557964274,-13.815510557964274,9.999994999180668e-07,False,False,False,False,False,True
41763.20315581854,1,1,0,0,1,0,0,0.02356939947651123,-5.609198832442679,8.297543529605411,2.5649494343846104,2.7080502677688743,10.35947057331502,5.7325941751334115,8.174421152928266,4.426615123944501,1.7917596358947079,5.068904208509539,1.945910291912446,0.6931476805598203,False,False,False,False,False,True
10412.863802559415,1,1,0,0,1,0,1,0.03155741272743101,-7.688557553728022,7.080867897531824,9.999994999180668e-07,3.828641418228225,9.875998927910658,7.080867897531824,7.69074316399891,4.234796412173956,1.6094381124340804,3.7376696420928917,1.0986126220013874,1.945910291912446,True,False,False,False,False,False
10412.863802559415,0,0,0,1,0,0,0,0.0,-7.688557553728022,3.367295864469232,9.999994999180668e-07,3.688879479113936,9.797925220956992,3.367295864469232,7.69074316399891,-13.815510557964274,9.999994999180668e-07,-13.815510557964274,-13.815510557964274,1.7917596358947079,True,False,False,False,False,False
4092.5737704918033,0,0,1,0,0,0,0,0.117096018735363,-6.412849143141731,5.351858138215403,9.999994999180668e-07,2.9957323235539897,9.911230783913622,5.351858138215403,6.413458958806701,4.268697963366878,9.999994999180668e-07,-13.815510557964274,-13.815510557964274,0.6931476805598203,False,False,True,False,False,False
7640.563613231552,1,1,0,0,0,0,1,0.047106000579766154,-7.358533207287776,8.329899293236922,9.999994999180668e-07,3.6635616717706716,9.56888296407913,8.329899293236922,7.360103973625284,4.304749101263154,1.0986126220013874,-13.815510557964274,-13.815510557964274,1.945910291912446,False,False,False,False,True,False
6112.369742419302,0,0,0,0,0,0,1,0.024453863710466255,-8.02539285776425,5.828945620551384,9.999994999180668e-07,1.6094381124340804,7.868225738407096,5.828945620551384,8.028455164440302,4.317488126869644,9.999994999180668e-07,2.48490673312133,-13.815510557964274,9.999994999180668e-07,False,False,False,True,False,False
7640.563613231552,0,1,1,0,0,0,0,0.048021753230554305,-7.358533207287776,8.13064796845496,9.999994999180668e-07,3.7135720910945516,10.05747486687598,8.13064796845496,7.360103973625284,4.324002807804257,1.0986126220013874,5.318119998746178,2.1972246884473243,1.6094381124340804,False,False,False,False,True,False
41763.20315581854,1,0,0,0,1,0,0,0.02125775908206495,-3.5894174603459317,8.639764743981347,4.584967488874653,3.7376696420928917,9.93954340428779,4.054797282472841,8.174421152928266,4.323387848918401,1.3862946111198593,5.823045898441599,3.8918203185187896,1.6094381124340804,False,False,False,False,False,True
1266.400447427293,0,0,0,0,0,0,0,0.22371364653243847,-6.102111694488308,4.007333203414289,9.999994999180668e-07,2.890371813451719,8.024016164881164,4.007333203414289,6.102558596850705,4.605170195988091,9.999994999180668e-07,-13.815510557964274,-13.815510557964274,0.6931476805598203,False,True,False,False,False,False
6112.369742419302,1,1,1,0,0,0,1,0.02641430004168507,-7.3337756581647415,7.839919360406283,0.6931476805598203,3.367295864469232,10.319456577257577,7.146772180240038,8.028455164440302,4.394605429224492,1.7917596358947079,-13.815510557964274,-13.815510557964274,1.6094381124340804,False,False,False,True,False,False
10412.863802559415,1,0,1,1,1,0,0,0.03264559937320449,-7.688557553728022,7.84502441763318,9.999994999180668e-07,3.7841896566455335,10.42425349980397,7.84502441763318,7.69074316399891,4.268697963366878,1.7917596358947079,4.510859517505861,1.7917596358947079,1.945910291912446,True,False,False,False,False,False
41763.20315581854,1,0,0,0,0,0,0,0.023423696559071824,-4.996219458230981,9.516647908624744,3.1780538720146114,3.5835189662338873,10.206472096779056,6.338594079969967,8.174421152928266,4.420414069114006,1.3862946111198593,6.489204932845074,3.8918203185187896,1.3862946111198593,False,False,False,False,False,True
6112.369742419302,1,0,0,0,0,0,0,0.025740909168911846,-8.02539285776425,6.717804696232881,9.999994999180668e-07,2.397895363707457,10.485378318266509,6.717804696232881,8.028455164440302,4.368781420590527,1.0986126220013874,2.944439031798018,-13.815510557964274,0.6931476805598203,False,False,False,True,False,False
41763.20315581854,1,0,1,1,0,0,0,0.021077823275625473,-5.689218796583907,9.835208711836367,2.48490673312133,2.6390574010438272,10.03465747386423,7.3503020626372315,8.174421152928266,4.314887345204308,1.6094381124340804,-13.815510557964274,-13.815510557964274,0.6931476805598203,False,False,False,False,False,True
6112.369742419302,0,0,0,0,0,0,1,0.0,-5.512593545341598,8.396831834970634,2.515613875923528,2.9957323235539897,7.868225738407096,5.8812180424262,8.028455164440302,-13.815510557964274,9.999994999180668e-07,-13.815510557964274,-13.815510557964274,1.0986126220013874,False,False,False,True,False,False
6112.369742419302,1,1,0,0,0,0,0,0.016302575806977502,-8.02539285776425,5.710427020686128,9.999994999180668e-07,4.077537460854872,10.372072793541937,5.710427020686128,8.028455164440302,3.912023025428146,1.0986126220013874,-13.815510557964274,-13.815510557964274,2.3025851929940404,False,False,False,True,False,False
10412.863802559415,1,1,1,0,0,0,0,0.033982292514355326,-7.688557553728022,10.506655319503903,9.999994999180668e-07,3.8918203185187896,10.448598330631324,10.506655319503903,7.69074316399891,4.30882747855609,1.7917596358947079,7.715123604078135,5.093750206941731,2.079441666679828,True,False,False,False,False,False
7640.563613231552,0,1,1,1,0,0,0,0.04791646013020059,-5.162704744238712,8.435766192937475,2.1972246884473243,2.890371813451719,10.281828725825775,6.23854161733699,7.360103973625284,4.321807787956689,1.3862946111198593,5.442417714850798,1.7917596358947079,0.6931476805598203,False,False,False,False,True,False
7640.563613231552,0,0,0,0,0,0,0,0.04240882103477523,-6.666171101165439,7.589335823676434,0.6931476805598203,2.772588784739779,9.959444889293554,6.896188643622305,7.360103973625284,4.199705092879927,9.999994999180668e-07,4.430816810748075,-13.815510557964274,0.6931476805598203,False,False,False,False,True,False
6112.369742419302,1,0,1,0,1,0,1,0.02393356873790314,-8.02539285776425,8.339023005983764,9.999994999180668e-07,2.079441666679828,10.269964772950038,8.339023005983764,8.028455164440302,4.295981921938535,1.6094381124340804,5.236441968149098,0.6931476805598203,0.6931476805598203,False,False,False,True,False,False
7640.563613231552,1,1,1,0,0,0,1,0.04770992366412214,-6.666171101165439,7.282073658781223,0.6931476805598203,3.2188758648682,10.142934436319868,6.588926478909035,7.360103973625284,4.317488126869644,1.6094381124340804,-13.815510557964274,-13.815510557964274,1.0986126220013874,False,False,False,False,True,False
10412.863802559415,0,0,0,0,0,0,1,0.04570383912248629,-7.688557553728022,4.356708839510104,9.999994999180668e-07,3.13549425940741,5.85555732140996,4.356708839510104,7.69074316399891,4.605170195988091,9.999994999180668e-07,-13.815510557964274,-13.815510557964274,0.6931476805598203,True,False,False,False,False,False
41763.20315581854,1,0,1,0,0,0,1,0.011270780501549732,-4.916188123940292,5.318119998746178,3.2580965764830196,3.2188758648682,9.562989436612362,2.0600235832737064,8.174421152928266,3.688879479113936,1.0986126220013874,1.6094381124340804,9.999994999180668e-07,1.0986126220013874,False,False,False,False,False,True
6112.369742419302,0,0,1,0,0,0,0,0.032605151613955004,-6.236184658820706,4.532599503905944,1.7917596358947079,3.6375861860421748,10.093202307287365,2.740840088441328,8.028455164440302,4.605170195988091,0.6931476805598203,-13.815510557964274,-13.815510557964274,1.7917596358947079,False,False,False,True,False,False
41763.20315581854,1,0,0,0,0,0,0,0.0070442378134685825,-5.609198832442679,5.826000110330303,2.5649494343846104,3.332204545889489,10.302832397345593,3.2610507882669952,8.174421152928266,3.2188758648682,1.3862946111198593,1.3862946111198593,-13.815510557964274,1.6094381124340804,False,False,False,False,False,True
41763.20315581854,0,0,1,0,0,0,0,0.0,-3.9847126393384995,4.983606628557651,4.189654757177941,3.2580965764830196,9.911230783913622,0.7939523317366032,8.174421152928266,-13.815510557964274,9.999994999180668e-07,9.999994999180668e-07,-13.815510557964274,1.7917596358947079,False,False,False,False,False,True
1266.400447427293,0,1,0,1,1,0,0,0.175630396712118,-6.102111694488308,9.050640993335824,9.999994999180668e-07,1.7917596358947079,9.931985285035326,9.050640993335824,6.102558596850705,4.3631850965950045,1.6094381124340804,6.091309884340141,3.7841896566455335,9.999994999180668e-07,False,True,False,False,False,False
6112.369742419302,0,0,0,1,0,0,0,0.02835230575126522,-8.02539285776425,7.245655068307802,9.999994999180668e-07,2.397895363707457,10.38552754751442,7.245655068307802,8.028455164440302,4.465408255112933,0.6931476805598203,3.828641418228225,-13.815510557964274,0.6931476805598203,False,False,False,True,False,False
41763.20315581854,1,0,0,0,1,0,0,0.022856447934260296,-4.955403377853663,9.795122527913726,3.2188758648682,3.2188758648682,10.092953778978782,6.5762467043828705,8.174421152928266,4.395899148832375,1.0986126220013874,-13.815510557964274,-13.815510557964274,1.3862946111198593,False,False,False,False,False,True
4092.5737704918033,0,1,0,0,1,0,0,0.08196721311475409,-6.412849143141731,6.516193077522254,9.999994999180668e-07,2.9957323235539897,9.368717395871517,6.516193077522254,6.413458958806701,3.912023025428146,0.6931476805598203,2.079441666679828,-13.815510557964274,1.0986126220013874,False,False,True,False,False,False
1266.400447427293,0,0,0,0,0,1,0,0.22371364653243847,-6.102111694488308,5.1059454799611865,9.999994999180668e-07,2.6390574010438272,8.948356176850556,5.1059454799611865,6.102558596850705,4.605170195988091,0.6931476805598203,-13.815510557964274,-13.815510557964274,0.6931476805598203,False,True,False,False,False,False
10412.863802559415,1,1,0,1,0,0,0,0.038495400634000275,-7.688557553728022,12.716456171588373,9.999994999180668e-07,2.944439031798018,10.355850668368127,12.716456171588373,7.69074316399891,4.43352666653768,1.3862946111198593,9.681718056837477,8.466741648130489,1.3862946111198593,True,False,False,False,False,False
6112.369742419302,0,0,0,0,1,0,1,0.010868383871318334,-8.02539285776425,5.365976019694749,9.999994999180668e-07,3.9318256523321686,9.399304501303536,5.365976019694749,8.028455164440302,3.506557927319981,0.6931476805598203,-13.815510557964274,-13.815510557964274,2.079441666679828,False,False,False,True,False,False
6112.369742419302,0,1,1,1,0,0,0,0.02476830508359787,-6.64139434679697,10.416969644793248,1.3862946111198593,3.465735934049726,10.431700474033171,9.030675283763118,8.028455164440302,4.330264713279354,1.6094381124340804,-13.815510557964274,-13.815510557964274,1.0986126220013874,False,False,False,True,False,False
6112.369742419302,0,0,0,0,0,0,1,0.013042060645582002,-8.02539285776425,5.533389492680089,9.999994999180668e-07,2.48490673312133,7.868225738407096,5.533389492680089,8.028455164440302,3.688879479113936,9.999994999180668e-07,1.6094381124340804,-13.815510557964274,1.0986126220013874,False,False,False,True,False,False
41763.20315581854,0,1,1,0,0,0,0,0.02311008101925505,-5.776203295520409,11.526098320690345,2.397895363707457,3.5263605540279257,10.53246894129401,9.128203047990667,8.174421152928266,4.406934815946389,0.6931476805598203,-13.815510557964274,-13.815510557964274,1.6094381124340804,False,False,False,False,False,True
4092.5737704918033,1,0,1,0,1,0,0,0.0,-5.027012107674409,4.248495256335073,1.3862946111198593,3.367295864469232,9.795434338707844,2.862200938072324,6.413458958806701,-13.815510557964274,1.0986126220013874,-13.815510557964274,-13.815510557964274,1.6094381124340804,False,False,True,False,False,False
1266.400447427293,0,1,1,0,0,0,1,0.14914243102162564,-6.102111694488308,5.003946312656868,9.999994999180668e-07,2.9957323235539897,9.663856762824285,5.003946312656868,6.102558596850705,4.199705092879927,1.3862946111198593,-13.815510557964274,-13.815510557964274,0.6931476805598203,False,True,False,False,False,False
41763.20315581854,1,0,1,1,1,0,0,0.012075836251660426,-5.129729729201965,5.945420611224376,3.0445224853424695,3.2188758648682,10.171033687368903,2.900898225856973,8.174421152928266,3.7578723489342205,1.3862946111198593,1.945910291912446,-13.815510557964274,1.3862946111198593,False,False,False,False,False,True
10412.863802559415,0,0,0,1,1,1,0,0.035686681072886514,-7.688557553728022,11.533639441577128,9.999994999180668e-07,3.7841896566455335,10.383231797546875,11.533639441577128,7.69074316399891,4.357765437350093,1.3862946111198593,8.545197388020311,6.333279629915889,1.7917596358947079,True,False,False,False,False,False
6112.369742419302,1,0,1,0,0,0,1,0.027837237018318084,-6.236184658820706,11.635497017367255,1.7917596358947079,2.3025851929940404,10.1919165553377,9.843737548183432,8.028455164440302,4.447074482354324,1.0986126220013874,8.541300266954707,6.83518458722257,0.6931476805598203,False,False,False,True,False,False
1266.400447427293,0,0,0,0,0,0,1,0.22371364653243847,-6.102111694488308,4.174387285280252,9.999994999180668e-07,3.09104249881286,8.653286306877517,4.174387285280252,6.102558596850705,4.605170195988091,0.6931476805598203,-13.815510557964274,-13.815510557964274,0.6931476805598203,False,True,False,False,False,False
4092.5737704918033,1,0,0,0,0,0,0,0.09836065573770492,-6.412849143141731,6.705639096083993,9.999994999180668e-07,2.48490673312133,10.42321605584098,6.705639096083993,6.413458958806701,4.094344578888768,9.999994999180668e-07,-13.815510557964274,-13.815510557964274,9.999994999180668e-07,False,False,True,False,False,False
41763.20315581854,1,1,0,0,0,0,0,0.023106431091714185,-4.955403377853663,12.409119606349336,3.2188758648682,3.2580965764830196,10.356600032242559,9.190243781579085,8.174421152928266,4.406776866878524,1.6094381124340804,-13.815510557964274,-13.815510557964274,1.6094381124340804,False,False,False,False,False,True
10412.863802559415,0,0,0,0,0,0,0,0.0,-7.688557553728022,6.22851100556357,9.999994999180668e-07,3.8066625119925415,7.921224239854798,6.22851100556357,7.69074316399891,-13.815510557964274,9.999994999180668e-07,-13.815510557964274,-13.815510557964274,1.945910291912446,True,False,False,False,False,False
7640.563613231552,1,1,1,0,0,0,1,0.04225736095965104,-7.358533207287776,8.180600947874481,9.999994999180668e-07,3.332204545889489,9.799697664491218,8.180600947874481,7.360103973625284,4.196127271585806,1.3862946111198593,4.941642429752162,2.079441666679828,1.3862946111198593,False,False,False,False,True,False
41763.20315581854,1,1,1,0,1,0,0,0.022306753075983843,-4.955403377853663,8.213381737305575,3.2188758648682,3.2188758648682,10.085760851393966,4.99450591894144,8.174421152928266,4.371555347438165,1.6094381124340804,4.787491751115379,1.6094381124340804,1.0986126220013874,False,False,False,False,False,True
6112.369742419302,0,0,0,0,0,0,1,0.022628948508192654,-6.64139434679697,8.459352191938297,1.3862946111198593,2.6390574010438272,7.868225738407096,7.073057831454134,8.028455164440302,4.239929893599038,9.999994999180668e-07,4.897839807413598,2.48490673312133,0.6931476805598203,False,False,False,True,False,False
10412.863802559415,0,0,0,0,0,1,0,0.0,-7.688557553728022,4.828313745302301,9.999994999180668e-07,2.079441666679828,8.362116469142244,4.828313745302301,7.69074316399891,-13.815510557964274,9.999994999180668e-07,-13.815510557964274,-13.815510557964274,9.999994999180668e-07,True,False,False,False,False,False
10412.863802559415,0,0,1,1,0,0,0,0.0,-7.688557553728022,6.016157162137378,9.999994999180668e-07,2.9957323235539897,10.047524918149158,6.016157162137378,7.69074316399891,-13.815510557964274,0.6931476805598203,-13.815510557964274,-13.815510557964274,0.6931476805598203,True,False,False,False,False,False
41763.20315581854,0,0,1,0,0,0,0,0.0,-5.658520592276317,5.77144112624528,2.515613875923528,3.09104249881286,10.061195012518596,3.2558273665686928,8.174421152928266,-13.815510557964274,1.0986126220013874,-13.815510557964274,-13.815510557964274,1.0986126220013874,False,False,False,False,False,True
41763.20315581854,0,1,1,1,0,0,0,0.02442002442002442,-5.609198832442679,9.073030421126294,2.5649494343846104,2.833213402879744,10.47144999622115,6.508081065041378,8.174421152928266,4.462069353885879,1.6094381124340804,4.905274785845837,2.5649494343846104,0.6931476805598203,False,False,False,False,False,True
41763.20315581854,1,0,0,0,0,0,1,0.0,-4.262327169737311,3.988984065082793,3.912023025428146,2.7080502677688743,9.012610881617663,0.07696196706162557,8.174421152928266,-13.815510557964274,1.0986126220013874,-13.815510557964274,-13.815510557964274,1.0986126220013874,False,False,False,False,False,True
7640.563613231552,1,0,1,0,0,1,0,0.042143765903307887,-4.795033699761298,7.681560363020791,2.5649494343846104,2.7080502677688743,10.063488581366675,5.11661101109431,7.360103973625284,4.193435479960671,1.0986126220013874,4.382026647173881,2.079441666679828,1.0986126220013874,False,False,False,False,True,False
6112.369742419302,0,1,1,1,0,0,0,0.016302575806977502,-8.02539285776425,4.6728288438077,9.999994999180668e-07,3.7376696420928917,10.083919595682184,4.6728288438077,8.028455164440302,3.912023025428146,1.0986126220013874,-13.815510557964274,-13.815510557964274,1.945910291912446,False,False,False,True,False,False
10412.863802559415,0,0,0,1,0,0,0,0.029486347820958894,-7.688557553728022,7.171656823536564,9.999994999180668e-07,3.7376696420928917,9.778095277150934,7.171656823536564,7.69074316399891,4.166915270556936,0.6931476805598203,3.4339872367432105,-13.815510557964274,2.1972246884473243,True,False,False,False,False,False
41763.20315581854,0,0,1,0,0,0,0,0.024520400327799036,-4.916188123940292,8.430327258612726,3.2580965764830196,3.4339872367432105,10.419173538892409,5.172230726044996,8.174421152928266,4.466171322672663,1.3862946111198593,4.875197330834739,2.7080502677688743,1.6094381124340804,False,False,False,False,False,True
10412.863802559415,0,0,0,0,0,1,0,0.04570383912248629,-7.688557553728022,4.927253692403581,9.999994999180668e-07,3.0445224853424695,8.362116469142244,4.927253692403581,7.69074316399891,4.605170195988091,9.999994999180668e-07,-13.815510557964274,-13.815510557964274,1.0986126220013874,True,False,False,False,False,False
41763.20315581854,0,0,0,1,0,0,0,0.023072937751311487,-5.689218796583907,10.755218429733153,2.48490673312133,3.2188758648682,10.54445189008493,8.270311780179824,8.174421152928266,4.405326290714055,1.0986126220013874,-13.815510557964274,-13.815510557964274,1.0986126220013874,False,False,False,False,False,True
7640.563613231552,0,0,1,0,0,0,0,0.0,-7.358533207287776,3.8066625119925415,9.999994999180668e-07,3.09104249881286,7.751200744040292,3.8066625119925415,7.360103973625284,-13.815510557964274,9.999994999180668e-07,-13.815510557964274,-13.815510557964274,1.3862946111198593,False,False,False,False,True,False
10412.863802559415,0,0,0,1,0,0,0,0.03503960999390616,-7.688557553728022,7.452402451803684,9.999994999180668e-07,3.332204545889489,10.13834487406427,7.452402451803684,7.69074316399891,4.339467033298564,1.0986126220013874,4.094344578888768,1.0986126220013874,1.6094381124340804,True,False,False,False,False,False
6112.369742419302,0,0,0,0,0,0,1,0.0,-6.236184658820706,4.2766661329049445,1.7917596358947079,3.13549425940741,7.827281864030128,2.48490673312133,8.028455164440302,-13.815510557964274,0.6931476805598203,-13.815510557964274,-13.815510557964274,1.3862946111198593,False,False,False,True,False,False
6112.369742419302,0,0,0,0,0,0,1,0.0,-8.02539285776425,4.1108738805667535,9.999994999180668e-07,3.332204545889489,5.85555732140996,4.1108738805667535,8.028455164440302,-13.815510557964274,9.999994999180668e-07,-13.815510557964274,-13.815510557964274,1.0986126220013874,False,False,False,True,False,False
7640.563613231552,1,0,1,0,0,0,0,0.038843477673444565,-7.358533207287776,8.108623268655528,9.999994999180668e-07,3.4339872367432105,10.31516281451824,8.108623268655528,7.360103973625284,4.111888888249822,1.3862946111198593,4.727387827561898,1.7917596358947079,1.3862946111198593,False,False,False,False,True,False
41763.20315581854,1,0,1,0,0,1,0,0.021409561214734207,-5.609198832442679,8.75416074948132,2.5649494343846104,2.9957323235539897,10.5202524268944,6.189211393913424,8.174421152928266,4.3305034948093,1.3862946111198593,5.433722007921052,3.5263605540279257,1.0986126220013874,False,False,False,False,False,True
41763.20315581854,1,0,0,0,1,0,0,0.02246365238212101,-5.689218796583907,10.770314893695707,2.48490673312133,3.49650759176951,10.225180538424821,8.285408244138862,8.174421152928266,4.3785644394887635,0.6931476805598203,-13.815510557964274,-13.815510557964274,1.3862946111198593,False,False,False,False,False,True
41763.20315581854,0,0,1,0,0,0,0,0.0,-4.996219458230981,4.317488126869644,3.1780538720146114,2.833213402879744,9.911230783913622,1.1394346031883136,8.174421152928266,-13.815510557964274,9.999994999180668e-07,-13.815510557964274,-13.815510557964274,0.6931476805598203,False,False,False,False,False,True
7640.563613231552,0,0,1,0,0,0,0,0.04990348337281741,-6.260967821561102,9.279866434718077,1.0986126220013874,3.401197414995488,10.35589094686968,8.181254146236535,7.360103973625284,4.362439514145829,1.0986126220013874,6.139884554381427,3.7135720910945516,1.6094381124340804,False,False,False,False,True,False
41763.20315581854,0,0,1,0,0,0,1,0.0,-4.5107685106570985,4.744932137058902,3.6635616717706716,2.890371813451719,10.013691011938064,1.081370821363981,8.174421152928266,-13.815510557964274,1.3862946111198593,-13.815510557964274,-13.815510557964274,0.6931476805598203,False,False,False,False,False,True
1266.400447427293,0,0,0,0,0,0,0,0.22371364653243847,-6.102111694488308,4.406719259459375,9.999994999180668e-07,2.5649494343846104,8.024016164881164,4.406719259459375,6.102558596850705,4.605170195988091,9.999994999180668e-07,-13.815510557964274,-13.815510557964274,1.0986126220013874,False,True,False,False,False,False
7640.563613231552,1,1,1,0,0,0,0,0.04926298107506361,-7.358533207287776,9.962322338304164,9.999994999180668e-07,3.6635616717706716,10.59152319704051,9.962322338304164,7.360103973625284,4.349521614936474,1.7917596358947079,6.931471806576016,4.430816810748075,1.6094381124340804,False,False,False,False,True,False
10412.863802559415,1,1,0,1,1,0,0,0.036158100571587255,-7.688557553728022,8.583542572144932,9.999994999180668e-07,2.833213402879744,10.241754488162725,8.583542572144932,7.69074316399891,4.370888902903426,1.6094381124340804,5.062595039356081,1.6094381124340804,1.0986126220013874,True,False,False,False,False,False
6112.369742419302,0,0,0,0,0,0,1,0.022019063427605977,-6.928821064339634,8.008365570645587,1.0986126220013874,3.0445224853424695,7.868225738407096,6.909753282642814,8.028455164440302,4.212608497523527,9.999994999180668e-07,4.3438054348406965,1.7917596358947079,0.6931476805598203,False,False,False,True,False,False
41763.20315581854,1,1,1,0,1,0,0,0.022526139684977717,-5.689218796583907,11.463399029830335,2.48490673312133,2.1972246884473243,10.516008533256198,8.978492380157919,8.174421152928266,4.381342284834763,1.7917596358947079,-13.815510557964274,-13.815510557964274,0.6931476805598203,False,False,False,False,False,True
4092.5737704918033,0,0,1,0,0,0,0,0.14426229508196722,-6.412849143141731,6.658011047154445,9.999994999180668e-07,1.6094381124340804,9.76305387331802,6.658011047154445,6.413458958806701,4.477336825841843,0.6931476805598203,3.2188758648682,-13.815510557964274,9.999994999180668e-07,False,False,True,False,False,False
6112.369742419302,0,0,0,0,0,0,1,0.013973636405980715,-7.3337756581647415,5.7776523263186315,0.6931476805598203,3.0445224853424695,7.868225738407096,5.084505148854662,8.028455164440302,3.7578723489342205,9.999994999180668e-07,1.945910291912446,9.999994999180668e-07,1.3862946111198593,False,False,False,True,False,False
10412.863802559415,1,1,1,1,0,0,1,0.032884469612520624,-7.688557553728022,9.640628165580726,9.999994999180668e-07,4.007333203414289,10.002610248283112,9.640628165580726,7.69074316399891,4.275988396527863,1.6094381124340804,6.486160790468479,3.465735934049726,2.079441666679828,True,False,False,False,False,False
41763.20315581854,1,1,0,0,0,0,0,0.023142265945475006,-5.609198832442679,10.49288403212988,2.5649494343846104,3.0445224853424695,10.395053848913612,7.927934675001139,8.174421152928266,4.408326526124779,1.6094381124340804,7.1731917432534695,3.9318256523321686,1.3862946111198593,False,False,False,False,False,True
10412.863802559415,0,0,0,1,0,0,0,0.03585993531148925,-7.688557553728022,7.273092596693485,9.999994999180668e-07,3.1780538720146114,9.797925220956992,7.273092596693485,7.69074316399891,4.362608561561878,9.999994999180668e-07,4.174387285280252,9.999994999180668e-07,1.0986126220013874,True,False,False,False,False,False
41763.20315581854,0,0,1,1,0,0,0,0.02238237491649067,-5.689218796583907,11.6776769005792,2.48490673312133,2.772588784739779,10.372950842140785,9.192770250884491,8.174421152928266,4.374939701312604,1.3862946111198593,8.62299361048237,7.0698741293089125,0.6931476805598203,False,False,False,False,False,True
6112.369742419302,0,1,0,0,0,0,0,0.0,-5.512593545341598,8.407601515009308,2.515613875923528,2.6390574010438272,8.71511678782035,5.891987722437388,8.028455164440302,-13.815510557964274,9.999994999180668e-07,-13.815510557964274,-13.815510557964274,1.0986126220013874,False,False,False,True,False,False
6112.369742419302,0,0,0,0,0,0,1,0.021912064256690192,-6.0821069681583495,8.727778213645074,1.945910291912446,2.7080502677688743,7.868225738407096,6.781868065561892,8.028455164440302,4.207737264457191,9.999994999180668e-07,5.2257466790895455,2.079441666679828,1.0986126220013874,False,False,False,True,False,False
41763.20315581854,0,1,0,0,0,0,0,0.021887453206134524,-5.689218796583907,8.448700195185115,2.48490673312133,4.007333203414289,9.193989884547726,5.96379354775308,8.174421152928266,4.352579446221144,9.999994999180668e-07,4.718498880223666,9.999994999180668e-07,1.945910291912446,False,False,False,False,False,True
6112.369742419302,0,0,1,0,0,0,1,0.021736767742636668,-8.02539285776425,5.641907074484213,9.999994999180668e-07,2.7080502677688743,9.566261260676077,5.641907074484213,8.028455164440302,4.199705092879927,0.6931476805598203,-13.815510557964274,-13.815510557964274,0.6931476805598203,False,False,False,True,False,False
7640.563613231552,0,0,1,0,0,0,0,0.03635041802980734,-5.280465950612912,8.02322468504443,2.079441666679828,3.401197414995488,9.930382188212418,5.943783145658925,7.360103973625284,4.045554415552669,0.6931476805598203,-13.815510557964274,-13.815510557964274,1.3862946111198593,False,False,False,False,True,False
4092.5737704918033,0,0,1,0,0,0,0,0.13240857503152587,-3.1945587325968314,8.165079259089481,3.2188758648682,2.397895363707457,10.093202307287365,4.94620344104722,6.413458958806701,4.391596098070985,0.6931476805598203,4.356708839510104,9.999994999180668e-07,9.999994999180668e-07,False,False,True,False,False,False
7640.563613231552,0,0,1,0,0,0,0,0.0,-6.666171101165439,4.465908130148836,0.6931476805598203,2.772588784739779,9.911230783913622,3.7727609610831436,7.360103973625284,-13.815510557964274,9.999994999180668e-07,9.999994999180668e-07,-13.815510557964274,0.6931476805598203,False,False,False,False,True,False
41763.20315581854,1,0,1,0,0,1,0,0.023145352815682484,-4.916188123940292,8.290292591475257,3.2580965764830196,2.772588784739779,10.342238880664599,5.0321960597273,8.174421152928266,4.40845990391595,1.0986126220013874,4.718498880223666,1.945910291912446,0.6931476805598203,False,False,False,False,False,True
6112.369742419302,0,1,0,1,0,0,1,0.0,-8.02539285776425,3.555348090060842,9.999994999180668e-07,4.143134742264548,9.71485921456875,3.555348090060842,8.028455164440302,-13.815510557964274,1.0986126220013874,-13.815510557964274,-13.815510557964274,2.3025851929940404,False,False,False,True,False,False
1266.400447427293,0,0,0,0,0,0,0,0.22371364653243847,-6.102111694488308,4.521788587918605,9.999994999180668e-07,2.7080502677688743,8.024016164881164,4.521788587918605,6.102558596850705,4.605170195988091,9.999994999180668e-07,-13.815510557964274,-13.815510557964274,0.6931476805598203,False,True,False,False,False,False
4092.5737704918033,1,1,0,0,0,0,0,0.0,-3.84846267772975,4.1108738805667535,2.5649494343846104,2.890371813451719,10.358689090639915,1.545924719826506,6.413458958806701,-13.815510557964274,0.6931476805598203,-13.815510557964274,-13.815510557964274,1.3862946111198593,False,False,True,False,False,False
10412.863802559415,1,0,0,0,1,0,1,0.030469226081657523,-7.688557553728022,5.811140995970712,9.999994999180668e-07,2.944439031798018,9.973343477489243,5.811140995970712,7.69074316399891,4.199705092879927,1.3862946111198593,-13.815510557964274,-13.815510557964274,1.3862946111198593,True,False,False,False,False,False
1266.400447427293,0,0,0,0,0,0,0,0.15979546180888463,-6.102111694488308,6.135564893246241,9.999994999180668e-07,3.0445224853424695,8.024016164881164,6.135564893246241,6.102558596850705,4.268697963366878,9.999994999180668e-07,-13.815510557964274,-13.815510557964274,0.6931476805598203,False,True,False,False,False,False
6112.369742419302,0,0,1,1,1,0,1,0.026079101252424363,-6.236184658820706,10.953714595061935,1.7917596358947079,3.13549425940741,10.583189713732063,9.161955125921345,8.028455164440302,4.381834172919125,1.945910291912446,-13.815510557964274,-13.815510557964274,1.3862946111198593,False,False,False,True,False,False
4092.5737704918033,0,0,0,0,0,0,0,0.12295081967213115,-6.412849143141731,7.006695227742838,9.999994999180668e-07,2.079441666679828,10.427762476915545,7.006695227742838,6.413458958806701,4.317488126869644,9.999994999180668e-07,-13.815510557964274,-13.815510557964274,9.999994999180668e-07,False,False,True,False,False,False
6112.369742419302,0,0,0,0,0,0,1,0.018747962178024127,-7.3337756581647415,7.218176839136546,0.6931476805598203,1.0986126220013874,7.868225738407096,6.525029659309737,8.028455164440302,4.051784965194609,9.999994999180668e-07,3.688879479113936,-13.815510557964274,9.999994999180668e-07,False,False,False,True,False,False
6112.369742419302,0,0,1,0,1,0,0,0.023748734999091796,-8.02539285776425,9.590282522921651,9.999994999180668e-07,3.9318256523321686,9.946505683586196,9.590282522921651,8.028455164440302,4.288229164727311,1.0986126220013874,-13.815510557964274,-13.815510557964274,1.7917596358947079,False,False,False,True,False,False
6112.369742419302,0,0,0,0,0,0,1,0.02328939400996786,-7.3337756581647415,6.715383387546802,0.6931476805598203,2.397895363707457,7.868225738407096,6.022236208198978,8.028455164440302,4.268697963366878,9.999994999180668e-07,3.0445224853424695,-13.815510557964274,0.6931476805598203,False,False,False,True,False,False
41763.20315581854,1,0,1,0,1,0,1,0.02246708447996147,-5.689218796583907,9.17003907530677,2.48490673312133,3.09104249881286,10.341663855162157,6.685132426664006,8.174421152928266,4.37871721231395,1.3862946111198593,6.118097200243991,2.48490673312133,1.0986126220013874,False,False,False,False,False,True
41763.20315581854,1,0,1,0,1,0,0,0.023637975280573518,-4.996219458230981,12.454201449542193,3.1780538720146114,2.833213402879744,10.180447699615605,9.276147619283977,8.174421152928266,4.429520426424575,1.6094381124340804,9.277625118875273,6.952728645580891,1.0986126220013874,False,False,False,False,False,True
6112.369742419302,0,0,0,0,0,0,1,0.0197467819633812,-7.3337756581647415,8.27690348152138,0.6931476805598203,3.6375861860421748,7.868225738407096,7.583756301215759,8.028455164440302,4.103690441151966,9.999994999180668e-07,4.955827064643514,1.7917596358947079,1.6094381124340804,False,False,False,True,False,False
41763.20315581854,1,0,0,0,0,0,1,0.0,-5.658520592276317,9.30837411233821,2.515613875923528,3.09104249881286,10.328644994561639,6.7927603182591785,8.174421152928266,-13.815510557964274,1.3862946111198593,-13.815510557964274,-13.815510557964274,1.3862946111198593,False,False,False,False,False,True
6112.369742419302,1,0,0,0,1,0,0,0.020748732845244092,-8.02539285776425,6.011267176855142,9.999994999180668e-07,3.850147622986654,9.975193602902497,6.011267176855142,8.028455164440302,4.15318507795932,1.3862946111198593,2.397895363707457,-13.815510557964274,1.7917596358947079,False,False,False,True,False,False
41763.20315581854,1,0,0,1,1,1,0,0.024193917929048778,-4.996219458230981,12.960919164311937,3.1780538720146114,3.2580965764830196,10.617149385579417,9.78286533401805,8.174421152928266,4.452767161639895,1.7917596358947079,-13.815510557964274,-13.815510557964274,1.3862946111198593,False,False,False,False,False,True
6112.369742419302,0,1,1,0,0,0,1,0.0,-8.02539285776425,3.7376696420928917,9.999994999180668e-07,2.48490673312133,10.156694936407794,3.7376696420928917,8.028455164440302,-13.815510557964274,1.0986126220013874,-13.815510557964274,-13.815510557964274,0.6931476805598203,False,False,False,True,False,False
41763.20315581854,1,1,0,0,0,0,1,0.018908217288784092,-4.2231091863939945,7.374001859977513,3.9512437378121965,3.1780538720146114,9.56888296407913,3.4227581733910664,8.174421152928266,4.206262493328047,1.0986126220013874,4.330733353444225,0.6931476805598203,1.6094381124340804,False,False,False,False,False,True
10412.863802559415,0,0,1,0,0,0,0,0.0,-7.688557553728022,4.189654757177941,9.999994999180668e-07,3.2188758648682,9.911230783913622,4.189654757177941,7.69074316399891,-13.815510557964274,9.999994999180668e-07,-13.815510557964274,-13.815510557964274,1.3862946111198593,True,False,False,False,False,False
7640.563613231552,0,0,0,0,0,0,1,0.047047285835453784,-6.666171101165439,7.7052624753167756,0.6931476805598203,3.5263605540279257,7.868225738407096,7.0121152952072805,7.360103973625284,4.303501885082698,9.999994999180668e-07,4.564348201884503,1.945910291912446,1.6094381124340804,False,False,False,False,True,False
6112.369742419302,0,0,0,0,0,0,1,0.0,-6.64139434679697,4.060443027787798,1.3862946111198593,2.7080502677688743,5.85555732140996,2.6741487183920434,8.028455164440302,-13.815510557964274,9.999994999180668e-07,-13.815510557964274,-13.815510557964274,1.0986126220013874,False,False,False,True,False,False
6112.369742419302,1,1,1,0,0,0,0,0.018113973118863893,-6.64139434679697,6.139884554381427,1.3862946111198593,3.9318256523321686,10.114055293136015,4.753590199727054,8.028455164440302,4.017383539085972,1.3862946111198593,2.890371813451719,-13.815510557964274,2.079441666679828,False,False,False,True,False,False
10412.863802559415,0,1,0,0,0,0,0,0.04570383912248629,-7.688557553728022,4.927253692403581,9.999994999180668e-07,2.7080502677688743,8.71511678782035,4.927253692403581,7.69074316399891,4.605170195988091,9.999994999180668e-07,9.999994999180668e-07,-13.815510557964274,1.0986126220013874,True,False,False,False,False,False
41763.20315581854,1,1,1,0,0,0,0,0.022969216077209673,-4.916188123940292,11.557965749989487,3.2580965764830196,2.48490673312133,10.536005496941824,8.299869212206994,8.174421152928266,4.400820773935744,1.7917596358947079,8.315077007538902,5.799092657490829,0.6931476805598203,False,False,False,False,False,True
6112.369742419302,0,1,0,0,0,0,1,0.019305681876683883,-8.02539285776425,7.697121317736758,9.999994999180668e-07,2.5649494343846104,9.96303269571754,7.697121317736758,8.028455164440302,4.081099352360969,1.0986126220013874,4.330733353444225,0.6931476805598203,0.6931476805598203,False,False,False,True,False,False
6112.369742419302,0,0,1,0,0,0,0,0.016302575806977502,-8.02539285776425,5.3423342567495,9.999994999180668e-07,3.7376696420928917,7.751200744040292,5.3423342567495,8.028455164440302,3.912023025428146,9.999994999180668e-07,-13.815510557964274,-13.815510557964274,1.3862946111198593,False,False,False,True,False,False
41763.20315581854,1,1,0,0,0,0,0,0.014088475626937165,-4.563407325683278,5.609471798847963,3.610917939671251,3.610917939671251,10.200079451989097,1.9985540180718615,8.174421152928266,3.912023025428146,1.3862946111198593,-13.815510557964274,-13.815510557964274,1.7917596358947079,False,False,False,False,False,True
10412.863802559415,0,0,0,1,0,0,0,0.03941128156214398,-7.688557553728022,9.04840950494754,9.999994999180668e-07,3.13549425940741,9.778095277150934,9.04840950494754,7.69074316399891,4.457040005539055,0.6931476805598203,4.927253692403581,3.09104249881286,1.3862946111198593,True,False,False,False,False,False
41763.20315581854,1,1,0,0,0,0,0,0.021824558225657126,-5.689218796583907,10.500756892230191,2.48490673312133,3.332204545889489,10.73554126426392,8.015850242744863,8.174421152928266,4.349701746430628,1.0986126220013874,-13.815510557964274,-13.815510557964274,1.6094381124340804,False,False,False,False,False,True
6112.369742419302,0,1,0,0,0,0,1,0.0156504727746984,-6.928821064339634,6.683360947017839,1.0986126220013874,2.890371813451719,9.590397150850096,5.584748660852858,8.028455164440302,3.871201031741224,0.6931476805598203,-13.815510557964274,-13.815510557964274,1.0986126220013874,False,False,False,True,False,False
41763.20315581854,1,0,0,0,1,0,0,0.020058168689198675,-5.689218796583907,8.23853693043604,2.48490673312133,3.0445224853424695,10.225180538424821,5.753630283555016,8.174421152928266,4.265302374413359,0.6931476805598203,4.077537460854872,9.999994999180668e-07,1.0986126220013874,False,False,False,False,False,True
41763.20315581854,1,0,0,0,1,0,0,0.02012639375276738,-4.242525934108025,7.778211474931253,3.9318256523321686,3.7376696420928917,10.032450748368484,3.8463858631449503,8.174421152928266,4.268697963366878,1.0986126220013874,3.8918203185187896,0.6931476805598203,1.7917596358947079,False,False,False,False,False,True
41763.20315581854,1,1,1,1,0,0,0,0.022972707552424587,-4.916188123940292,11.053948814522817,3.2580965764830196,2.7080502677688743,10.388518313145102,7.795852276896948,8.174421152928266,4.400972769102815,1.7917596358947079,7.85864065600719,5.347107535479373,0.6931476805598203,False,False,False,False,False,True
7640.563613231552,0,0,0,0,1,0,0,0.050373929553996985,-7.358533207287776,8.315566483808956,9.999994999180668e-07,2.6390574010438272,9.485030791126556,8.315566483808956,7.360103973625284,4.371822477127845,0.6931476805598203,5.283203733814131,1.6094381124340804,0.6931476805598203,False,False,False,False,True,False
4092.5737704918033,0,1,0,0,0,0,0,0.12777242044358728,-6.412849143141731,7.956827122440373,9.999994999180668e-07,2.5649494343846104,8.71511678782035,7.956827122440373,6.413458958806701,4.355954407194295,9.999994999180668e-07,-13.815510557964274,-13.815510557964274,0.6931476805598203,False,False,True,False,False,False
6112.369742419302,1,0,0,0,1,0,0,0.032605151613955004,-7.3337756581647415,5.209486158305902,0.6931476805598203,1.3862946111198593,10.178469441949819,4.516338983210438,8.028455164440302,4.605170195988091,1.3862946111198593,9.999994999180668e-07,-13.815510557964274,9.999994999180668e-07,False,False,False,True,False,False
6112.369742419302,0,0,0,0,0,0,1,0.019563090968373,-8.02539285776425,5.5872486621455675,9.999994999180668e-07,3.5263605540279257,7.868225738407096,5.5872486621455675,8.028455164440302,4.094344578888768,9.999994999180668e-07,1.6094381124340804,-13.815510557964274,1.7917596358947079,False,False,False,True,False,False
41763.20315581854,1,0,0,0,1,0,0,0.023225729787538587,-4.916188123940292,9.216123616831334,3.2580965764830196,2.7080502677688743,10.168544351320786,5.958027081295435,8.174421152928266,4.411926592501338,1.3862946111198593,5.746203193735042,3.1780538720146114,0.6931476805598203,False,False,False,False,False,True
7640.563613231552,1,1,0,1,0,0,0,0.04868951905494442,-5.9734166890735345,11.126704004443482,1.3862946111198593,3.7135720910945516,10.257102941976637,9.740409643367734,7.360103973625284,4.337812499521149,1.7917596358947079,7.874739125552038,5.669880926428796,1.3862946111198593,False,False,False,False,True,False
6112.369742419302,0,0,0,0,0,0,1,0.020748732845244092,-7.3337756581647415,7.257707677864764,0.6931476805598203,1.945910291912446,7.868225738407096,6.5645604980095404,8.028455164440302,4.15318507795932,9.999994999180668e-07,3.7841896566455335,-13.815510557964274,0.6931476805598203,False,False,False,True,False,False
10412.863802559415,1,1,0,0,0,0,1,0.02962285869050037,-7.688557553728022,7.090076836609425,9.999994999180668e-07,3.13549425940741,9.56888296407913,7.090076836609425,7.69074316399891,4.171534216341802,1.0986126220013874,3.988984065082793,1.0986126220013874,1.6094381124340804,True,False,False,False,False,False
7640.563613231552,0,0,1,0,0,0,0,0.041918545647089966,-7.358533207287776,8.826441041929378,9.999994999180668e-07,3.2958369030413657,9.911230783913622,8.826441041929378,7.360103973625284,4.188077055060246,9.999994999180668e-07,-13.815510557964274,-13.815510557964274,1.3862946111198593,False,False,False,False,True,False
10412.863802559415,0,0,0,0,0,0,1,0.0,-7.688557553728022,3.465735934049726,9.999994999180668e-07,2.833213402879744,6.342515951676863,3.465735934049726,7.69074316399891,-13.815510557964274,9.999994999180668e-07,-13.815510557964274,-13.815510557964274,0.6931476805598203,True,False,False,False,False,False
6112.369742419302,0,0,0,1,0,0,1,0.0,-8.02539285776425,4.624972823088193,9.999994999180668e-07,2.772588784739779,9.2231297982103,4.624972823088193,8.028455164440302,-13.815510557964274,0.6931476805598203,-13.815510557964274,-13.815510557964274,1.0986126220013874,False,False,False,True,False,False
6112.369742419302,0,0,0,0,0,0,1,0.020330271006348415,-7.3337756581647415,7.978653729425432,0.6931476805598203,2.079441666679828,7.868225738407096,7.285506549208186,8.028455164440302,4.132810859087632,9.999994999180668e-07,4.442651268255022,1.3862946111198593,9.999994999180668e-07,False,False,False,True,False,False
1266.400447427293,0,0,0,0,0,0,0,0.1342281879194631,-6.102111694488308,5.293304829749618,9.999994999180668e-07,2.48490673312133,8.024016164881164,5.293304829749618,6.102558596850705,4.094344578888768,9.999994999180668e-07,-13.815510557964274,-13.815510557964274,1.0986126220013874,False,True,False,False,False,False
6112.369742419302,0,0,0,0,0,0,1,0.0,-8.02539285776425,3.8918203185187896,9.999994999180668e-07,3.6375861860421748,5.85555732140996,3.8918203185187896,8.028455164440302,-13.815510557964274,9.999994999180668e-07,-13.815510557964274,-13.815510557964274,1.945910291912446,False,False,False,True,False,False
7640.563613231552,0,0,1,0,1,0,0,0.031806615776081425,-7.358533207287776,5.7365723007049985,9.999994999180668e-07,3.49650759176951,9.818898586493617,5.7365723007049985,7.360103973625284,3.912023025428146,1.0986126220013874,-13.815510557964274,-13.815510557964274,1.6094381124340804,False,False,False,False,True,False
41763.20315581854,0,0,0,0,1,0,1,0.021132713440405747,-4.2231091863939945,6.464588305247593,3.9512437378121965,1.945910291912446,9.461444972311703,2.5133446661054153,8.174421152928266,4.317488126869644,1.6094381124340804,2.48490673312133,-13.815510557964274,9.999994999180668e-07,False,False,False,False,False,True
7640.563613231552,0,0,1,1,0,0,1,0.0,-7.358533207287776,4.304065106717683,9.999994999180668e-07,2.397895363707457,9.62083644956428,4.304065106717683,7.360103973625284,-13.815510557964274,1.0986126220013874,-13.815510557964274,-13.815510557964274,1.0986126220013874,False,False,False,False,True,False
6112.369742419302,0,0,0,0,0,0,1,0.024453863710466255,-8.02539285776425,6.580639138671912,9.999994999180668e-07,3.401197414995488,7.868225738407096,6.580639138671912,8.028455164440302,4.317488126869644,9.999994999180668e-07,2.772588784739779,-13.815510557964274,1.6094381124340804,False,False,False,True,False,False
7640.563613231552,0,0,0,1,0,0,0,0.05026001676570301,-7.358533207287776,9.644068945422015,9.999994999180668e-07,3.5263605540279257,10.516363796794744,9.644068945422015,7.360103973625284,4.369558572358679,1.0986126220013874,-13.815510557964274,-13.815510557964274,1.7917596358947079,False,False,False,False,True,False
41763.20315581854,0,1,0,0,0,0,0,0.014088475626937165,-4.916188123940292,5.424950021886689,3.2580965764830196,3.7135720910945516,8.71511678782035,2.166853593997359,8.174421152928266,3.912023025428146,9.999994999180668e-07,1.3862946111198593,0.6931476805598203,1.7917596358947079,False,False,False,False,False,True
6112.369742419302,0,0,0,1,0,1,1,0.025739017150597336,-8.02539285776425,9.79629202098823,9.999994999180668e-07,3.6635616717706716,10.635727356302551,9.79629202098823,8.028455164440302,4.368707915501198,1.3862946111198593,-13.815510557964274,-13.815510557964274,2.079441666679828,False,False,False,True,False,False
41763.20315581854,0,0,0,0,0,0,0,0.02291109479003552,-4.5107685106570985,9.384881741535159,3.6635616717706716,2.833213402879744,9.293493489888165,5.721320098596913,8.174421152928266,4.398287167844049,0.6931476805598203,-13.815510557964274,-13.815510557964274,1.0986126220013874,False,False,False,False,False,True
6112.369742419302,0,1,0,0,0,1,0,0.0,-8.02539285776425,9.030016817964661,9.999994999180668e-07,3.0445224853424695,10.823391134062957,9.030016817964661,8.028455164440302,-13.815510557964274,1.0986126220013874,-13.815510557964274,-13.815510557964274,1.3862946111198593,False,False,False,True,False,False
6112.369742419302,1,1,0,1,0,0,0,0.02765247035613905,-7.3337756581647415,7.794411206138633,0.6931476805598203,2.48490673312133,10.252899338329616,7.1012640259907185,8.028455164440302,4.440414964703081,1.6094381124340804,4.369447865125249,0.6931476805598203,0.6931476805598203,False,False,False,True,False,False
10412.863802559415,1,0,0,0,0,0,0,0.03195967739031379,-7.688557553728022,10.321473941230883,9.999994999180668e-07,4.025351708592292,10.4667753590048,10.321473941230883,7.69074316399891,4.247462925536924,1.6094381124340804,7.32843735355176,4.753590199727054,2.079441666679828,True,False,False,False,False,False
6112.369742419302,0,0,1,0,0,0,0,0.026425090196930852,-8.02539285776425,10.251994226842298,9.999994999180668e-07,3.13549425940741,10.246991511632297,10.251994226842298,8.028455164440302,4.395013842539402,1.0986126220013874,-13.815510557964274,-13.815510557964274,1.0986126220013874,False,False,False,True,False,False
6112.369742419302,0,0,0,0,0,0,1,0.023375651024819595,-6.418404039733034,8.867145589735088,1.6094381124340804,2.772588784739779,7.868225738407096,7.257707677864764,8.028455164440302,4.272394825196544,9.999994999180668e-07,5.9348941982650905,3.09104249881286,1.3862946111198593,False,False,False,True,False,False
41763.20315581854,0,1,1,0,0,0,0,0.023331233522316325,-5.083217394116741,8.533460164076882,3.09104249881286,3.332204545889489,10.55712190149508,5.442417714850798,8.174421152928266,4.416458843172289,1.3862946111198593,5.0562458117177345,1.3862946111198593,1.6094381124340804,False,False,False,False,False,True
41763.20315581854,0,1,0,0,0,0,0,0.02012639375276738,-0.8807210194035099,6.006353162064787,7.293697721281247,3.5263605540279257,9.366660561908963,-1.2873409378535592,8.174421152928266,4.268697963366878,0.6931476805598203,1.945910291912446,-13.815510557964274,1.3862946111198593,False,False,False,False,False,True
6112.369742419302,1,0,0,0,0,1,0,0.025961468683211825,-6.928821064339634,8.93234456924587,1.0986126220013874,2.1972246884473243,10.409029270500035,7.833732280841857,8.028455164440302,4.377313362780838,1.0986126220013874,5.765191105919641,2.1972246884473243,9.999994999180668e-07,False,False,False,True,False,False
10412.863802559415,0,0,1,0,0,0,0,0.0,-7.688557553728022,4.2766661329049445,9.999994999180668e-07,3.912023025428146,9.911230783913622,4.2766661329049445,7.69074316399891,-13.815510557964274,9.999994999180668e-07,-13.815510557964274,-13.815510557964274,2.079441666679828,True,False,False,False,False,False
10412.863802559415,1,0,1,0,0,0,0,0.027422303473491772,-7.688557553728022,5.209486158305902,9.999994999180668e-07,3.09104249881286,10.023702251095786,5.209486158305902,7.69074316399891,4.094344578888768,1.0986126220013874,1.6094381124340804,-13.815510557964274,1.0986126220013874,True,False,False,False,False,False
41763.20315581854,1,0,1,0,1,0,0,0.021371501162896208,-5.689218796583907,8.666991556676809,2.48490673312133,3.1780538720146114,10.017824783564302,6.182084908782747,8.174421152928266,4.328724199987594,1.6094381124340804,5.463831809262898,2.079441666679828,1.0986126220013874,False,False,False,False,False,True
41763.20315581854,1,0,0,0,0,0,1,0.020761964081802135,-4.242525934108025,6.02344759538234,3.9318256523321686,3.2580965764830196,10.035253602167797,2.091622083723382,8.174421152928266,4.299788550008338,1.0986126220013874,2.944439031798018,-13.815510557964274,1.3862946111198593,False,False,False,False,False,True
7640.563613231552,1,0,0,1,1,0,0,0.047954589939322764,-6.260967821561102,7.595889918221051,1.0986126220013874,3.1780538720146114,10.073258516053878,6.497277630557966,7.360103973625284,4.322603227468387,1.0986126220013874,4.174387285280252,1.0986126220013874,1.3862946111198593,False,False,False,False,True,False
41763.20315581854,1,1,1,0,0,0,0,0.0,-5.689218796583907,11.541094953056794,2.48490673312133,2.079441666679828,10.31244000931017,9.056188303375738,8.174421152928266,-13.815510557964274,1.945910291912446,-13.815510557964274,-13.815510557964274,9.999994999180668e-07,False,False,False,False,False,True
6112.369742419302,0,1,0,0,0,0,0,0.0,-5.543292963648774,4.330733353444225,2.48490673312133,3.332204545889489,8.71511678782035,1.845826848393055,8.028455164440302,-13.815510557964274,9.999994999180668e-07,-13.815510557964274,-13.815510557964274,1.6094381124340804,False,False,False,True,False,False
41763.20315581854,1,1,0,1,0,0,0,0.024233170224502835,-4.955403377853663,13.702453835673097,3.2188758648682,2.772588784739779,10.507373380822832,10.483578010831769,8.174421152928266,4.4543882503772085,1.6094381124340804,-13.815510557964274,-13.815510557964274,1.0986126220013874,False,False,False,False,False,True
10412.863802559415,0,1,0,1,0,0,0,0.04096184000404651,-7.688557553728022,12.20921769467923,9.999994999180668e-07,2.6390574010438272,10.631135473121507,12.20921769467923,7.69074316399891,4.49562879741348,1.3862946111198593,-13.815510557964274,-13.815510557964274,1.3862946111198593,True,False,False,False,False,False
6112.369742419302,0,0,0,0,0,0,1,0.021519400065210303,-7.3337756581647415,7.961021466232166,0.6931476805598203,3.0445224853424695,7.868225738407096,7.2678742860210175,8.028455164440302,4.189654757177941,9.999994999180668e-07,-13.815510557964274,-13.815510557964274,1.0986126220013874,False,False,False,True,False,False
10412.863802559415,0,1,1,0,0,0,0,0.030469226081657523,-7.688557553728022,5.22035583048373,9.999994999180668e-07,4.262679891125822,9.749609685197102,5.22035583048373,7.69074316399891,4.199705092879927,0.6931476805598203,1.0986126220013874,-13.815510557964274,2.3025851929940404,True,False,False,False,False,False
6112.369742419302,0,0,0,1,0,0,1,0.0,-8.02539285776425,3.850147622986654,9.999994999180668e-07,2.7080502677688743,9.2231297982103,3.850147622986654,8.028455164440302,-13.815510557964274,0.6931476805598203,-13.815510557964274,-13.815510557964274,1.0986126220013874,False,False,False,True,False,False
6112.369742419302,0,0,1,0,1,0,0,0.0252020495566802,-8.02539285776425,8.507748732790136,9.999994999180668e-07,3.13549425940741,9.94516900230081,8.507748732790136,8.028455164440302,4.34762522089405,0.6931476805598203,-13.815510557964274,-13.815510557964274,1.6094381124340804,False,False,False,True,False,False
7640.563613231552,1,0,0,0,1,0,0,0.0457925035641456,-6.260967821561102,8.870382066210627,1.0986126220013874,3.6635616717706716,10.05334072867,7.771769777823495,7.360103973625284,4.276469107983391,1.6094381124340804,5.641907074484213,3.465735934049726,1.7917596358947079,False,False,False,False,True,False
6112.369742419302,0,0,1,0,0,0,0,0.016302575806977502,-8.02539285776425,4.844187094332607,9.999994999180668e-07,3.555348090060842,10.093202307287365,4.844187094332607,8.028455164440302,3.912023025428146,0.6931476805598203,-13.815510557964274,-13.815510557964274,1.945910291912446,False,False,False,True,False,False
4092.5737704918033,0,0,1,0,0,0,0,0.09836065573770492,-6.412849143141731,5.525452943115847,9.999994999180668e-07,2.7080502677688743,9.911230783913622,5.525452943115847,6.413458958806701,4.094344578888768,9.999994999180668e-07,-13.815510557964274,-13.815510557964274,1.0986126220013874,False,False,True,False,False,False
6112.369742419302,0,1,0,1,0,0,1,0.0,-8.02539285776425,3.871201031741224,9.999994999180668e-07,2.944439031798018,9.68569199558397,3.871201031741224,8.028455164440302,-13.815510557964274,1.0986126220013874,-13.815510557964274,-13.815510557964274,1.3862946111198593,False,False,False,True,False,False
41763.20315581854,0,0,1,0,1,0,0,0.02177309869617562,-2.6813451044743277,8.581106517347507,5.493061447455775,3.0445224853424695,10.153346097324928,3.088045119410335,8.174421152928266,4.347341089627168,1.3862946111198593,4.882801930162128,2.079441666679828,1.0986126220013874,False,False,False,False,False,True
41763.20315581854,0,1,0,1,0,1,0,0.022426553038797935,-5.689218796583907,10.790328876205592,2.48490673312133,2.772588784739779,10.619359118224393,8.305422226644168,8.174421152928266,4.376911546571214,1.7917596358947079,-13.815510557964274,-13.815510557964274,1.0986126220013874,False,False,False,False,False,True
6112.369742419302,1,0,0,1,0,0,0,0.025477513819276466,-7.3337756581647415,8.365439636421476,0.6931476805598203,2.6390574010438272,10.490418630745449,7.672292456094304,8.028455164440302,4.358496150061306,0.6931476805598203,5.3706380327788255,2.772588784739779,1.0986126220013874,False,False,False,True,False,False
4092.5737704918033,0,0,0,0,1,0,0,0.12790488200324268,-3.84846267772975,8.877660933733136,2.5649494343846104,2.890371813451719,9.485030791126556,6.312711577945239,6.413458958806701,4.356990569329458,0.6931476805598203,-13.815510557964274,-13.815510557964274,0.6931476805598203,False,False,True,False,False,False
41763.20315581854,0,1,0,0,0,0,0,0.0,-5.658520592276317,9.196951134958514,2.515613875923528,3.401197414995488,8.71511678782035,6.681337341001029,8.174421152928266,-13.815510557964274,9.999994999180668e-07,-13.815510557964274,-13.815510557964274,1.3862946111198593,False,False,False,False,False,True
6112.369742419302,1,0,0,1,0,0,1,0.019563090968373,-8.02539285776425,7.7501841626885,9.999994999180668e-07,3.5263605540279257,10.184830476760844,7.7501841626885,8.028455164440302,4.094344578888768,1.7917596358947079,4.007333203414289,1.6094381124340804,1.6094381124340804,False,False,False,True,False,False
4092.5737704918033,1,0,0,1,1,0,0,0.08196721311475409,-4.803899052174652,5.9348941982650905,1.6094381124340804,3.8918203185187896,10.073258516053878,4.325456296413001,6.413458958806701,3.912023025428146,1.0986126220013874,1.3862946111198593,-13.815510557964274,2.1972246884473243,False,False,True,False,False,False
6112.369742419302,0,0,0,0,0,0,1,0.02340882679976257,-7.3337756581647415,7.587310506529458,0.6931476805598203,3.1780538720146114,7.868225738407096,6.894163326476355,8.028455164440302,4.27381306396222,9.999994999180668e-07,-13.815510557964274,-13.815510557964274,1.3862946111198593,False,False,False,True,False,False
7640.563613231552,0,0,1,0,0,0,0,0.031806615776081425,-6.260967821561102,5.1119877943806395,1.0986126220013874,3.610917939671251,7.751200744040292,4.013375517760722,7.360103973625284,3.912023025428146,9.999994999180668e-07,-13.815510557964274,-13.815510557964274,1.7917596358947079,False,False,False,False,True,False
41763.20315581854,1,0,0,1,0,0,0,0.018376272556874563,-4.5107685106570985,7.106606138546974,3.6635616717706716,2.944439031798018,10.323727036463943,3.4430445235648683,8.174421152928266,4.177726186494485,1.3862946111198593,3.13549425940741,9.999994999180668e-07,1.0986126220013874,False,False,False,False,False,True
41763.20315581854,1,1,1,0,0,0,1,0.0,-5.658520592276317,4.6728288438077,2.515613875923528,2.9957323235539897,9.799697664491218,2.157215154998407,8.174421152928266,-13.815510557964274,1.3862946111198593,-13.815510557964274,-13.815510557964274,1.3862946111198593,False,False,False,False,False,True
7640.563613231552,1,1,1,0,0,0,0,0.0,-7.358533207287776,7.717351272630367,9.999994999180668e-07,2.48490673312133,10.334867475684337,7.717351272630367,7.360103973625284,-13.815510557964274,1.6094381124340804,-13.815510557964274,-13.815510557964274,0.6931476805598203,False,False,False,False,True,False
6112.369742419302,1,1,0,0,0,0,0,0.02453789760637851,-7.3337756581647415,8.588955557829278,0.6931476805598203,2.397895363707457,10.356600032242559,7.8958083774554835,8.028455164440302,4.3209186619207705,1.6094381124340804,5.267858164217968,1.0986126220013874,0.6931476805598203,False,False,False,True,False,False
10412.863802559415,1,1,0,0,0,0,1,0.0,-7.688557553728022,4.394449167018117,9.999994999180668e-07,3.09104249881286,9.56888296407913,4.394449167018117,7.69074316399891,-13.815510557964274,1.0986126220013874,-13.815510557964274,-13.815510557964274,1.0986126220013874,True,False,False,False,False,False
10412.863802559415,1,1,0,0,0,0,0,0.04570383912248629,-7.688557553728022,3.8066625119925415,9.999994999180668e-07,2.5649494343846104,10.369500330577427,3.8066625119925415,7.69074316399891,4.605170195988091,1.0986126220013874,-13.815510557964274,-13.815510557964274,1.0986126220013874,True,False,False,False,False,False
41763.20315581854,1,0,0,1,1,0,0,0.022557280362236913,-5.689218796583907,9.888779923714594,2.48490673312133,2.6390574010438272,10.074571385324598,7.403873274484743,8.174421152928266,4.3827237541993265,1.6094381124340804,6.5750758419943205,3.465735934049726,0.6931476805598203,False,False,False,False,False,True
6112.369742419302,1,0,0,0,0,0,0,0.010868383871318334,-7.3337756581647415,5.049856013659793,0.6931476805598203,2.833213402879744,10.42321605584098,4.356708839510104,8.028455164440302,3.506557927319981,9.999994999180668e-07,1.0986126220013874,-13.815510557964274,0.6931476805598203,False,False,False,True,False,False
10412.863802559415,0,0,0,0,0,0,1,0.0,-7.688557553728022,5.655991814316356,9.999994999180668e-07,2.7080502677688743,5.85555732140996,5.655991814316356,7.69074316399891,-13.815510557964274,9.999994999180668e-07,-13.815510557964274,-13.815510557964274,1.0986126220013874,True,False,False,False,False,False
41763.20315581854,0,0,0,0,0,0,1,0.0,-5.178511444834895,4.290459454847021,2.9957323235539897,2.1972246884473243,5.85555732140996,1.2947274415669654,8.174421152928266,-13.815510557964274,9.999994999180668e-07,9.999994999180668e-07,-13.815510557964274,0.6931476805598203,False,False,False,False,False,True
6112.369742419302,0,1,0,1,0,1,0,0.023491910479619755,-8.02539285776425,9.036582045961692,9.999994999180668e-07,1.6094381124340804,10.605088827006577,9.036582045961692,8.028455164440302,4.277356025989303,1.6094381124340804,6.180016655722966,3.465735934049726,0.6931476805598203,False,False,False,True,False,False
7640.563613231552,1,0,1,1,0,0,0,0.05452562704471101,-7.358533207287776,6.7511014701063505,9.999994999180668e-07,3.761200138949376,10.258774738888572,6.7511014701063505,7.360103973625284,4.4510195178275,1.7917596358947079,3.0445224853424695,0.6931476805598203,2.079441666679828,False,False,False,False,True,False
41763.20315581854,0,0,1,1,0,0,0,0.023979314447989394,-5.776203295520409,11.167924965891252,2.397895363707457,3.2958369030413657,10.2795051011906,8.770029693234083,8.174421152928266,4.443857446114742,1.6094381124340804,8.120588712037623,6.249975244189985,1.0986126220013874,False,False,False,False,False,True
41763.20315581854,1,0,0,0,1,0,0,0.025828871982718132,-4.5107685106570985,6.018593216929324,3.6635616717706716,3.332204545889489,10.14583024173724,2.3550316632570945,8.174421152928266,4.518158819907552,0.6931476805598203,2.48490673312133,9.999994999180668e-07,1.0986126220013874,False,False,False,False,False,True
7640.563613231552,1,1,0,0,0,0,0,0.06361323155216285,-7.358533207287776,3.7376696420928917,9.999994999180668e-07,3.2580965764830196,9.920251159295926,3.7376696420928917,7.360103973625284,4.605170195988091,0.6931476805598203,-13.815510557964274,-13.815510557964274,1.6094381124340804,False,False,False,False,True,False
4092.5737704918033,0,0,1,1,0,0,0,0.12962256957682045,-5.027012107674409,9.116249448686453,1.3862946111198593,3.1780538720146114,10.540130875347494,7.72995508789616,6.413458958806701,4.370330607557749,1.3862946111198593,5.958424695613761,2.890371813451719,1.0986126220013874,False,False,True,False,False,False
7640.563613231552,0,0,1,0,0,0,1,0.042506537212274716,-5.568082538077103,8.75416074948132,1.7917596358947079,3.6375861860421748,10.30546916738039,6.962401281042283,7.360103973625284,4.202006589833723,0.6931476805598203,-13.815510557964274,-13.815510557964274,1.6094381124340804,False,False,False,False,True,False
41763.20315581854,0,0,1,0,0,0,0,0.0,-4.916188123940292,4.934473940324937,3.2580965764830196,1.6094381124340804,9.911230783913622,1.676377582159552,8.174421152928266,-13.815510557964274,9.999994999180668e-07,-13.815510557964274,-13.815510557964274,9.999994999180668e-07,False,False,False,False,False,True
41763.20315581854,1,1,0,0,0,0,0,0.01878463416924955,-4.916188123940292,6.970730079082493,3.2580965764830196,2.397895363707457,9.920251159295926,3.7126335645351887,8.174421152928266,4.199705092879927,0.6931476805598203,3.401197414995488,9.999994999180668e-07,9.999994999180668e-07,False,False,False,False,False,True
6112.369742419302,0,0,1,0,0,0,0,0.024011545762214925,-6.928821064339634,8.905986765372004,1.0986126220013874,2.890371813451719,10.25355015412877,7.807374476975045,8.028455164440302,4.2992346868059075,1.3862946111198593,-13.815510557964274,-13.815510557964274,1.3862946111198593,False,False,False,True,False,False
41763.20315581854,1,0,0,0,1,0,0,0.014088475626937165,-4.916188123940292,6.507277713877549,3.2580965764830196,3.465735934049726,10.225180538424821,3.249181213169499,8.174421152928266,3.912023025428146,0.6931476805598203,1.3862946111198593,-13.815510557964274,1.6094381124340804,False,False,False,False,False,True
6112.369742419302,0,0,0,0,0,1,1,0.01863151520797429,-7.3337756581647415,6.093569772302472,0.6931476805598203,3.2958369030413657,10.226208771841229,5.400422593999863,8.028455164440302,4.045554415552669,0.6931476805598203,1.945910291912446,-13.815510557964274,1.3862946111198593,False,False,False,True,False,False
6112.369742419302,0,0,0,0,0,0,1,0.026084121291164004,-8.02539285776425,5.645446901176807,9.999994999180668e-07,3.1780538720146114,7.868225738407096,5.645446901176807,8.028455164440302,4.382026647173881,9.999994999180668e-07,1.6094381124340804,-13.815510557964274,1.3862946111198593,False,False,False,True,False,False
41763.20315581854,0,1,0,1,0,0,0,0.02216820181464233,-4.242525934108025,9.710145492519374,3.9318256523321686,2.772588784739779,9.866183045521561,5.778319862828291,8.174421152928266,4.365324797766476,1.0986126220013874,6.180016655722966,3.9318256523321686,1.0986126220013874,False,False,False,False,False,True
1266.400447427293,0,0,0,0,0,0,0,0.0,-6.102111694488308,4.04305128537841,9.999994999180668e-07,2.5649494343846104,8.024016164881164,4.04305128537841,6.102558596850705,-13.815510557964274,9.999994999180668e-07,-13.815510557964274,-13.815510557964274,1.0986126220013874,False,True,False,False,False,False
41763.20315581854,0,1,1,0,0,0,0,0.0,-5.658520592276317,8.328209491990338,2.515613875923528,2.7080502677688743,10.55712190149508,5.8125956996281545,8.174421152928266,-13.815510557964274,1.3862946111198593,-13.815510557964274,-13.815510557964274,0.6931476805598203,False,False,False,False,False,True
41763.20315581854,0,0,1,1,0,0,0,0.02356918599838457,-4.916188123940292,12.092640754903284,3.2580965764830196,2.5649494343846104,10.503061002534043,8.834544217021817,8.174421152928266,4.426606066476103,1.3862946111198593,8.801017833691294,6.941190056035492,0.6931476805598203,False,False,False,False,False,True
41763.20315581854,0,0,1,0,0,0,0,0.01878463416924955,-5.083217394116741,5.680172612430036,3.09104249881286,3.610917939671251,7.751200744040292,2.5891302307440727,8.174421152928266,4.199705092879927,9.999994999180668e-07,-13.815510557964274,-13.815510557964274,1.945910291912446,False,False,False,False,False,True
4092.5737704918033,1,0,0,0,1,0,0,0.11738514470754907,-6.412849143141731,7.631431665061871,9.999994999180668e-07,4.060443027787798,10.092953778978782,7.631431665061871,6.413458958806701,4.271164055827589,1.0986126220013874,4.394449167018117,0.6931476805598203,2.1972246884473243,False,False,True,False,False,False
6112.369742419302,0,0,1,0,0,0,0,0.021736767742636668,-5.725563418143037,6.3664704494496505,2.3025851929940404,2.6390574010438272,9.930382188212418,4.063885371919523,8.028455164440302,4.199705092879927,0.6931476805598203,-13.815510557964274,-13.815510557964274,0.6931476805598203,False,False,False,True,False,False
10412.863802559415,1,0,0,0,0,0,0,0.0,-7.688557553728022,4.844187094332607,9.999994999180668e-07,3.2580965764830196,10.42321605584098,4.844187094332607,7.69074316399891,-13.815510557964274,9.999994999180668e-07,-13.815510557964274,-13.815510557964274,1.3862946111198593,True,False,False,False,False,False
41763.20315581854,1,1,0,0,1,1,0,0.0222344188804269,-4.996219458230981,9.406647013418976,3.1780538720146114,2.9957323235539897,10.375721831291099,6.228593184961079,8.174421152928266,4.368307374605196,2.1972246884473243,6.04500531640568,2.6390574010438272,1.0986126220013874,False,False,False,False,False,True
41763.20315581854,0,0,0,1,1,1,0,0.020252183713722175,-4.436667037933052,7.498315871320998,3.7376696420928917,3.6635616717706716,10.332730844858913,3.7606462757523107,8.174421152928266,4.274928513030558,1.0986126220013874,3.465735934049726,1.3862946111198593,1.6094381124340804,False,False,False,False,False,True
10412.863802559415,0,0,0,0,0,1,0,0.04570383912248629,-7.688557553728022,4.86753445814789,9.999994999180668e-07,2.397895363707457,8.362116469142244,4.86753445814789,7.69074316399891,4.605170195988091,9.999994999180668e-07,-13.815510557964274,-13.815510557964274,0.6931476805598203,True,False,False,False,False,False
41763.20315581854,1,0,0,1,0,0,0,0.022139033128044116,-4.916188123940292,6.617402979311375,3.2580965764830196,3.0445224853424695,10.011514128900306,3.359306474712353,8.174421152928266,4.364008141898476,1.0986126220013874,3.7376696420928917,0.6931476805598203,1.0986126220013874,False,False,False,False,False,True
41763.20315581854,1,0,0,0,1,0,0,0.014088475626937165,-3.88391309624149,5.7365723007049985,4.290459454847021,2.6390574010438272,10.092953778978782,1.446113091814644,8.174421152928266,3.912023025428146,1.0986126220013874,2.3025851929940404,-13.815510557964274,0.6931476805598203,False,False,False,False,False,True
7640.563613231552,1,1,1,0,0,0,0,0.050429965088169056,-6.666171101165439,11.842322732926672,0.6931476805598203,3.0445224853424695,10.619183588076163,11.14917555237392,7.360103973625284,4.372934250426597,1.3862946111198593,7.784473236152615,5.638354672892465,1.0986126220013874,False,False,False,False,True,False
10412.863802559415,1,0,0,1,1,0,0,0.03694196322853814,-7.688557553728022,10.810798082849683,9.999994999180668e-07,2.833213402879744,10.23032608643495,10.810798082849683,7.69074316399891,4.3923360167045375,1.945910291912446,7.9707403903525185,5.068904208509539,0.6931476805598203,True,False,False,False,False,False
7640.563613231552,0,0,1,0,0,0,0,0.042645741822679,-5.9734166890735345,8.530504205673266,1.3862946111198593,4.127134401174124,9.911230783913622,7.144209845145441,7.360103973625284,4.205276137846049,9.999994999180668e-07,5.1873858114273474,2.6390574010438272,1.945910291912446,False,False,False,False,True,False
41763.20315581854,1,0,0,1,0,0,1,0.020015351580338316,-4.916188123940292,7.722234745152477,3.2580965764830196,3.401197414995488,9.872735981531683,4.46413821820274,8.174421152928266,4.263165445874822,1.3862946111198593,4.976733749317126,1.7917596358947079,1.3862946111198593,False,False,False,False,False,True
41763.20315581854,0,0,1,0,0,0,0,0.0,-5.609198832442679,4.890349135740551,2.5649494343846104,2.397895363707457,10.093202307287365,2.325399868504573,8.174421152928266,-13.815510557964274,0.6931476805598203,-13.815510557964274,-13.815510557964274,0.6931476805598203,False,False,False,False,False,True
7640.563613231552,1,1,1,0,0,0,0,0.04986963214274495,-4.720934363963177,9.568713872620378,2.6390574010438272,3.6375861860421748,10.055523290413722,6.929656543913575,7.360103973625284,4.361760949970204,1.0986126220013874,-13.815510557964274,-13.815510557964274,1.6094381124340804,False,False,False,False,True,False
6112.369742419302,0,0,0,0,0,0,1,0.016954678839256603,-6.928821064339634,7.106606138546974,1.0986126220013874,3.367295864469232,7.868225738407096,6.007993851518209,8.028455164440302,3.9512437378121965,9.999994999180668e-07,3.2188758648682,9.999994999180668e-07,1.3862946111198593,False,False,False,True,False,False
7640.563613231552,0,0,0,1,0,0,0,0.04531353480428038,-7.358533207287776,7.552762084738807,9.999994999180668e-07,3.6635616717706716,9.797925220956992,7.552762084738807,7.360103973625284,4.265954477459589,9.999994999180668e-07,-13.815510557964274,-13.815510557964274,1.6094381124340804,False,False,False,False,True,False
1266.400447427293,0,0,0,0,0,0,0,0.1599498535594246,-6.102111694488308,9.074635189925342,9.999994999180668e-07,2.5649494343846104,8.024016164881164,9.074635189925342,6.102558596850705,4.2696636804733235,9.999994999180668e-07,6.025865976240773,3.828641418228225,0.6931476805598203,False,True,False,False,False,False
7640.563613231552,0,1,1,0,0,0,0,0.04565184852566981,-5.162704744238712,10.035524078447693,2.1972246884473243,3.465735934049726,10.55222486072882,7.8382995014619965,7.360103973625284,4.2733928076055125,1.6094381124340804,-13.815510557964274,-13.815510557964274,1.6094381124340804,False,False,False,False,True,False
10412.863802559415,0,0,1,0,1,0,0,0.03808653260207191,-7.688557553728022,6.354370042536481,9.999994999180668e-07,4.219507719881989,10.120033131481884,6.354370042536481,7.69074316399891,4.422848641194137,1.0986126220013874,2.48490673312133,9.999994999180668e-07,2.48490673312133,True,False,False,False,False,False
41763.20315581854,1,0,0,0,1,0,0,0.023272962716497907,-4.996219458230981,11.077470111577803,3.1780538720146114,2.3025851929940404,10.458870934681539,7.899416281585362,8.174421152928266,4.4139581741260585,1.0986126220013874,7.7621706075637364,5.272999563691952,9.999994999180668e-07,False,False,False,False,False,True
41763.20315581854,0,1,1,0,0,0,0,0.02090547996255192,-6.094536084339138,6.839476439299506,2.079441666679828,3.2958369030413657,10.67957733449759,4.760034905114317,8.174421152928266,4.3066772109103555,1.3862946111198593,3.4339872367432105,-13.815510557964274,1.6094381124340804,False,False,False,False,False,True
6112.369742419302,0,0,0,0,0,0,1,0.01829069480782842,-6.928821064339634,7.17930797026623,1.0986126220013874,2.48490673312133,7.868225738407096,6.08069568312251,8.028455164440302,4.02709235303902,9.999994999180668e-07,3.7135720910945516,-13.815510557964274,0.6931476805598203,False,False,False,True,False,False
6112.369742419302,0,0,1,1,0,0,1,0.02468945006605841,-7.3337756581647415,8.392083380600047,0.6931476805598203,2.5649494343846104,10.47794473982069,7.698936200266757,8.028455164440302,4.327075927897571,1.0986126220013874,5.153291600278126,2.397895363707457,1.3862946111198593,False,False,False,True,False,False
10412.863802559415,0,0,0,0,0,1,0,0.04570383912248629,-7.688557553728022,4.85981241211361,9.999994999180668e-07,2.3025851929940404,8.362116469142244,4.85981241211361,7.69074316399891,4.605170195988091,9.999994999180668e-07,-13.815510557964274,-13.815510557964274,0.6931476805598203,True,False,False,False,False,False
41763.20315581854,1,0,0,0,1,0,1,0.020663097586174507,-3.306859402563552,6.51767127438938,4.86753445814789,2.397895363707457,9.068766960045426,1.6501370144803078,8.174421152928266,4.295015271320615,1.0986126220013874,3.401197414995488,9.999994999180668e-07,0.6931476805598203,False,False,False,False,False,True
41763.20315581854,0,0,1,0,0,0,1,0.0,-3.6745720497603713,4.382026647173881,4.499809681441376,2.7080502677688743,9.733435459096341,-0.11778191065701629,8.174421152928266,-13.815510557964274,1.0986126220013874,-13.815510557964274,-13.815510557964274,0.6931476805598203,False,False,False,False,False,True
41763.20315581854,0,0,1,1,0,0,0,0.023273609246459923,-5.609198832442679,9.374073564043682,2.5649494343846104,3.1780538720146114,10.111717601233337,6.809124207600907,8.174421152928266,4.413985954043116,1.3862946111198593,6.011267176855142,3.8066625119925415,1.3862946111198593,False,False,False,False,False,True
41763.20315581854,0,0,1,1,0,0,0,0.023982187082244918,-4.955403377853663,11.802755229486952,3.2188758648682,2.944439031798018,10.449043328453788,8.583879404798365,8.174421152928266,4.443977235284537,1.3862946111198593,-13.815510557964274,-13.815510557964274,1.0986126220013874,False,False,False,False,False,True
10412.863802559415,0,0,1,1,0,0,0,0.030930881022288702,-7.688557553728022,7.497761701176893,9.999994999180668e-07,3.871201031741224,10.41831635451246,7.497761701176893,7.69074316399891,4.214742970020587,0.6931476805598203,4.5951198602356,-13.815510557964274,2.079441666679828,True,False,False,False,False,False
4092.5737704918033,0,0,1,0,0,0,0,0.12988650693568726,-4.467461669051619,8.43119947846722,1.945910291912446,2.5649494343846104,10.093202307287365,6.4852893307196675,6.413458958806701,4.372364736383504,0.6931476805598203,-13.815510557964274,-13.815510557964274,0.6931476805598203,False,False,True,False,False,False
41763.20315581854,1,0,0,1,1,0,0,0.02245519486898797,-4.436667037933052,9.607033787764477,3.7376696420928917,3.367295864469232,10.325420973304977,5.869364172238524,8.174421152928266,4.378187870914792,1.7917596358947079,5.564520411154111,3.688879479113936,1.3862946111198593,False,False,False,False,False,True
4092.5737704918033,0,1,1,0,0,0,0,0.0,-3.897795867162686,3.970291932420046,2.515613875923528,1.945910291912446,10.53246894129401,1.4546783519173607,6.413458958806701,-13.815510557964274,0.6931476805598203,-13.815510557964274,-13.815510557964274,0.6931476805598203,False,False,True,False,False,False
41763.20315581854,1,0,0,1,0,0,0,0.02045723858157999,-4.2231091863939945,7.650644551912634,3.9512437378121965,2.7080502677688743,10.25434911747127,3.699400857593813,8.174421152928266,4.285002672165406,1.3862946111198593,4.290459454847021,1.945910291912446,0.6931476805598203,False,False,False,False,False,True
10412.863802559415,1,0,1,1,0,0,0,0.03676178364199984,-7.688557553728022,10.331496625111777,9.999994999180668e-07,3.465735934049726,10.416852478769309,10.331496625111777,7.69074316399891,4.3874467145756535,1.3862946111198593,-13.815510557964274,-13.815510557964274,1.6094381124340804,True,False,False,False,False,False
10412.863802559415,1,0,0,0,1,0,0,0.036355326574705006,-7.688557553728022,7.24779258247959,9.999994999180668e-07,2.9957323235539897,10.13823697524733,7.24779258247959,7.69074316399891,4.376328626130673,1.3862946111198593,3.7841896566455335,9.999994999180668e-07,1.0986126220013874,True,False,False,False,False,False
6112.369742419302,0,0,0,1,1,0,0,0.012226931855233127,-6.418404039733034,6.975413928390531,1.6094381124340804,3.332204545889489,9.986811052563574,5.365976019694749,8.028455164440302,3.6243409596430314,1.3862946111198593,3.1780538720146114,9.999994999180668e-07,1.6094381124340804,False,False,False,True,False,False
6112.369742419302,0,0,0,0,0,0,1,0.02363873492011738,-7.3337756581647415,7.4645098352095935,0.6931476805598203,3.401197414995488,9.38703911585782,6.771362655222714,8.028455164440302,4.283586575653732,0.6931476805598203,-13.815510557964274,-13.815510557964274,1.6094381124340804,False,False,False,True,False,False
41763.20315581854,0,1,0,1,0,0,0,0.019184307236680395,-4.2231091863939945,8.342125263571857,3.9512437378121965,2.079441666679828,9.866183045521561,4.390881557141966,8.174421152928266,4.22075850176526,1.0986126220013874,3.850147622986654,-13.815510557964274,9.999994999180668e-07,False,False,False,False,False,True
6112.369742419302,0,0,1,1,0,0,0,0.024453863710466255,-8.02539285776425,5.087596341405224,9.999994999180668e-07,3.5263605540279257,10.047524918149158,5.087596341405224,8.028455164440302,4.317488126869644,0.6931476805598203,-13.815510557964274,-13.815510557964274,1.7917596358947079,False,False,False,True,False,False
6112.369742419302,0,0,0,0,0,0,1,0.022042919400983664,-7.3337756581647415,8.082402254235172,0.6931476805598203,2.833213402879744,7.868225738407096,7.389255073984155,8.028455164440302,4.213691334646334,9.999994999180668e-07,4.955827064643514,1.6094381124340804,0.6931476805598203,False,False,False,True,False,False
6112.369742419302,0,0,0,0,1,0,0,0.026272227935090667,-6.64139434679697,9.643744848838418,1.3862946111198593,1.945910291912446,10.427236010564961,8.257450487913017,8.028455164440302,4.389212306745257,1.0986126220013874,6.25382881349855,2.5649494343846104,0.6931476805598203,False,False,False,True,False,False
7640.563613231552,0,0,0,0,1,0,0,0.0,-7.358533207287776,4.682131236383479,9.999994999180668e-07,1.945910291912446,9.84741294036413,4.682131236383479,7.360103973625284,-13.815510557964274,9.999994999180668e-07,-13.815510557964274,-13.815510557964274,9.999994999180668e-07,False,False,False,False,True,False
10412.863802559415,0,0,1,1,0,0,0,0.031992687385740404,-7.688557553728022,6.806829361498371,9.999994999180668e-07,3.0445224853424695,10.46539673983523,6.806829361498371,7.69074316399891,4.248495256335073,1.0986126220013874,2.3025851929940404,9.999994999180668e-07,1.0986126220013874,True,False,False,False,False,False
6112.369742419302,0,0,0,0,0,0,1,0.020064708685510774,-6.928821064339634,7.241366284038651,1.0986126220013874,2.5649494343846104,7.868225738407096,6.142753996803205,8.028455164440302,4.11966238645639,9.999994999180668e-07,3.9512437378121965,0.6931476805598203,0.6931476805598203,False,False,False,True,False,False
41763.20315581854,1,0,1,0,1,0,0,0.021055304233664335,-5.609198832442679,7.86557175806852,2.5649494343846104,2.397895363707457,10.391479458213238,5.300622405211742,8.174421152928266,4.313818398029701,1.3862946111198593,4.510859517505861,1.0986126220013874,0.6931476805598203,False,False,False,False,False,True
10412.863802559415,1,0,0,0,1,0,0,0.03494999462307775,-7.688557553728022,7.798933310451389,9.999994999180668e-07,3.2580965764830196,10.433638181317715,7.798933310451389,7.69074316399891,4.336906212470335,1.6094381124340804,-13.815510557964274,-13.815510557964274,1.3862946111198593,True,False,False,False,False,False
41763.20315581854,0,0,1,1,1,0,0,0.022004857169692336,-3.817666826991998,9.447229025160972,4.356708839510104,2.6390574010438272,9.97600862005932,5.09052020454729,8.174421152928266,4.357929095899699,1.0986126220013874,6.040254713658366,3.970291932420046,1.0986126220013874,False,False,False,False,False,True
10412.863802559415,0,1,0,1,0,0,1,0.022851919561243144,-7.688557553728022,7.136483209385792,9.999994999180668e-07,2.7080502677688743,9.818910015175726,7.136483209385792,7.69074316399891,3.912023025428146,1.0986126220013874,2.079441666679828,9.999994999180668e-07,0.6931476805598203,True,False,False,False,False,False
41763.20315581854,1,0,1,0,0,0,1,0.022989930586234438,-5.689218796583907,9.891465577359407,2.48490673312133,2.1972246884473243,10.38421950344808,7.406558928128059,8.174421152928266,4.401722205388558,1.6094381124340804,-13.815510557964274,-13.815510557964274,9.999994999180668e-07,False,False,False,False,False,True
6112.369742419302,1,1,0,0,0,0,1,0.0,-5.725563418143037,5.081404371195643,2.3025851929940404,3.2188758648682,9.56888296407913,2.778819334102217,8.028455164440302,-13.815510557964274,1.0986126220013874,1.0986126220013874,-13.815510557964274,1.3862946111198593,False,False,False,True,False,False
10412.863802559415,0,0,0,0,0,0,0,0.0,-7.688557553728022,3.7841896566455335,9.999994999180668e-07,2.48490673312133,7.921224239854798,3.7841896566455335,7.69074316399891,-13.815510557964274,9.999994999180668e-07,-13.815510557964274,-13.815510557964274,1.0986126220013874,True,False,False,False,False,False
10412.863802559415,1,0,0,0,0,0,1,0.034277879341864714,-7.688557553728022,5.181783555910062,9.999994999180668e-07,2.772588784739779,9.94512548232109,5.181783555910062,7.69074316399891,4.317488126869644,1.3862946111198593,-13.815510557964274,-13.815510557964274,0.6931476805598203,True,False,False,False,False,False
1266.400447427293,0,0,0,1,0,1,0,0.22371364653243847,-6.102111694488308,5.82008293331972,9.999994999180668e-07,2.079441666679828,9.939000729321531,5.82008293331972,6.102558596850705,4.605170195988091,1.0986126220013874,-13.815510557964274,-13.815510557964274,0.6931476805598203,False,True,False,False,False,False
41763.20315581854,0,0,0,0,0,0,1,0.0,-3.5692154772881604,4.584967488874653,4.605170195988091,3.1780538720146114,5.85555732140996,-0.02020168690987679,8.174421152928266,-13.815510557964274,9.999994999180668e-07,-13.815510557964274,-13.815510557964274,1.0986126220013874,False,False,False,False,False,True
7640.563613231552,1,1,0,0,0,0,0,0.049476957873904444,-7.358533207287776,6.83518458722257,9.999994999180668e-07,3.332204545889489,10.540876711757571,6.83518458722257,7.360103973625284,4.353855770564328,1.6094381124340804,-13.815510557964274,-13.815510557964274,1.6094381124340804,False,False,False,False,True,False
41763.20315581854,0,0,0,0,0,0,1,0.0,-5.87148122261456,3.970291932420046,2.3025851929940404,3.2580965764830196,8.653286306877517,1.6677070092373036,8.174421152928266,-13.815510557964274,0.6931476805598203,-13.815510557964274,-13.815510557964274,1.3862946111198593,False,False,False,False,False,True
4092.5737704918033,0,1,0,0,0,0,1,0.0,-5.314643355835334,4.644390908756757,1.0986126220013874,3.2188758648682,9.053494485879142,3.5457786393194164,6.413458958806701,-13.815510557964274,1.0986126220013874,-13.815510557964274,-13.815510557964274,1.3862946111198593,False,False,True,False,False,False
7640.563613231552,0,0,1,0,0,1,0,0.04755246517018114,-7.358533207287776,8.527143522467425,9.999994999180668e-07,3.7135720910945516,10.614440615859076,8.527143522467425,7.360103973625284,4.314182338779294,1.0986126220013874,5.3082677023517,2.3025851929940404,1.7917596358947079,False,False,False,False,True,False
41763.20315581854,0,1,1,1,1,0,0,0.020029399084079344,-4.2231091863939945,8.539345996252989,3.9512437378121965,3.2958369030413657,10.33520928853917,4.588102287648088,8.174421152928266,4.263867036165009,1.945910291912446,4.418840619844791,1.6094381124340804,1.6094381124340804,False,False,False,False,False,True
6112.369742419302,0,0,0,0,0,0,1,0.020378219758721876,-6.928821064339634,6.833031733863787,1.0986126220013874,2.079441666679828,7.868225738407096,5.73441944735085,8.028455164440302,4.135166572742356,9.999994999180668e-07,3.1780538720146114,-13.815510557964274,9.999994999180668e-07,False,False,False,True,False,False
6112.369742419302,0,0,0,1,0,0,0,0.023857428010210978,-8.02539285776425,7.021083965181997,9.999994999180668e-07,1.945910291912446,10.21665029162622,7.021083965181997,8.028455164440302,4.292795514612606,1.0986126220013874,3.7135720910945516,1.0986126220013874,9.999994999180668e-07,False,False,False,True,False,False
10412.863802559415,1,1,1,0,0,0,0,0.0,-7.688557553728022,5.4847969376400325,9.999994999180668e-07,3.970291932420046,10.375535001387448,5.4847969376400325,7.69074316399891,-13.815510557964274,1.6094381124340804,9.999994999180668e-07,-13.815510557964274,2.079441666679828,True,False,False,False,False,False
6112.369742419302,0,0,0,1,0,0,1,0.010868383871318334,-8.02539285776425,5.361292170404261,9.999994999180668e-07,4.174387285280252,10.114387249124254,5.361292170404261,8.028455164440302,3.506557927319981,0.6931476805598203,-13.815510557964274,-13.815510557964274,2.3025851929940404,False,False,False,True,False,False
1266.400447427293,0,0,0,0,0,0,1,0.0,-6.102111694488308,3.688879479113936,9.999994999180668e-07,2.5649494343846104,8.653286306877517,3.688879479113936,6.102558596850705,-13.815510557964274,0.6931476805598203,-13.815510557964274,-13.815510557964274,0.6931476805598203,False,True,False,False,False,False
6112.369742419302,0,1,0,0,0,0,1,0.023712837537421823,-7.3337756581647415,8.81611189594233,0.6931476805598203,2.079441666679828,10.266139442172788,8.122964715530708,8.028455164440302,4.286716468619557,0.6931476805598203,-13.815510557964274,-13.815510557964274,9.999994999180668e-07,False,False,False,True,False,False
6112.369742419302,1,0,0,0,1,0,0,0.022308787946390265,-6.928821064339634,6.879355805489245,1.0986126220013874,3.1780538720146114,9.723818703857418,5.780743518878749,8.028455164440302,4.225680578898572,1.0986126220013874,2.944439031798018,9.999994999180668e-07,1.3862946111198593,False,False,False,True,False,False
10412.863802559415,0,0,0,1,1,0,0,0.022851919561243144,-7.688557553728022,7.743269701262656,9.999994999180668e-07,3.2188758648682,10.100986099226537,7.743269701262656,7.69074316399891,3.912023025428146,1.0986126220013874,0.6931476805598203,-13.815510557964274,1.3862946111198593,True,False,False,False,False,False
41763.20315581854,0,0,1,0,0,0,1,0.0,-5.609198832442679,3.465735934049726,2.5649494343846104,3.09104249881286,9.566261260676077,0.9007869515881074,8.174421152928266,-13.815510557964274,0.6931476805598203,-13.815510557964274,-13.815510557964274,1.0986126220013874,False,False,False,False,False,True
7640.563613231552,1,1,0,0,0,0,0,0.04369519427555609,-7.358533207287776,9.611395771662608,9.999994999180668e-07,3.8918203185187896,10.689367823673104,9.611395771662608,7.360103973625284,4.229586833808657,1.7917596358947079,-13.815510557964274,-13.815510557964274,2.079441666679828,False,False,False,False,True,False
6112.369742419302,0,0,0,0,0,0,1,0.020748732845244092,-7.3337756581647415,6.405228459683734,0.6931476805598203,3.465735934049726,7.868225738407096,5.712081280776681,8.028455164440302,4.15318507795932,9.999994999180668e-07,2.397895363707457,-13.815510557964274,1.7917596358947079,False,False,False,True,False,False
6112.369742419302,0,0,0,0,0,0,1,0.02261325031290428,-7.3337756581647415,8.26281693792886,0.6931476805598203,2.6390574010438272,9.38703911585782,7.569669757626847,8.028455164440302,4.239235931055167,0.6931476805598203,4.820281573669553,1.945910291912446,0.6931476805598203,False,False,False,True,False,False
41763.20315581854,1,1,1,1,0,0,0,0.022819295853953505,-5.87148122261456,11.419153102130037,2.3025851929940404,3.5263605540279257,10.435959488905736,9.11656800923484,8.174421152928266,4.394272373438681,1.7917596358947079,-13.815510557964274,-13.815510557964274,1.6094381124340804,False,False,False,False,False,True
1266.400447427293,0,1,0,0,0,0,0,0.11185682326621924,-6.102111694488308,5.929589146049469,9.999994999180668e-07,2.944439031798018,9.059695528512524,5.929589146049469,6.102558596850705,3.912023025428146,0.6931476805598203,-13.815510557964274,-13.815510557964274,1.0986126220013874,False,True,False,False,False,False
41763.20315581854,1,0,1,0,1,0,0,0.02287090199178111,-4.916188123940292,8.48425669137667,3.2580965764830196,3.401197414995488,9.994496980642005,5.226160158522612,8.174421152928266,4.396531333196763,1.6094381124340804,5.036952608907136,1.945910291912446,1.3862946111198593,False,False,False,False,False,True
6112.369742419302,1,0,0,1,0,0,0,0.010868383871318334,-8.02539285776425,5.690359457702439,9.999994999180668e-07,2.397895363707457,10.236547349277688,5.690359457702439,8.028455164440302,3.506557927319981,1.0986126220013874,-13.815510557964274,-13.815510557964274,0.6931476805598203,False,False,False,True,False,False
41763.20315581854,0,0,0,0,1,1,0,0.021350985598006182,-5.87148122261456,9.989894580322728,2.3025851929940404,3.9512437378121965,10.300317589094568,7.687309487741431,8.174421152928266,4.327763789311541,1.3862946111198593,-13.815510557964274,-13.815510557964274,2.079441666679828,False,False,False,False,False,True
6112.369742419302,1,0,1,0,0,0,0,0.023548165054523056,-8.02539285776425,6.354370042536481,9.999994999180668e-07,3.49650759176951,10.214025263613323,6.354370042536481,8.028455164440302,4.279747799399617,0.6931476805598203,2.890371813451719,0.6931476805598203,1.7917596358947079,False,False,False,True,False,False
7640.563613231552,0,0,0,0,0,0,0,0.03816793893129771,-7.358533207287776,5.758901777031855,9.999994999180668e-07,1.945910291912446,7.921224239854798,5.758901777031855,7.360103973625284,4.094344578888768,9.999994999180668e-07,1.6094381124340804,-13.815510557964274,9.999994999180668e-07,False,False,False,False,True,False
10412.863802559415,1,0,0,0,0,0,1,0.034277879341864714,-7.688557553728022,6.180016655722966,9.999994999180668e-07,3.8066625119925415,8.817967018114343,6.180016655722966,7.69074316399891,4.317488126869644,0.6931476805598203,2.48490673312133,9.999994999180668e-07,1.945910291912446,True,False,False,False,False,False
6112.369742419302,0,1,1,0,0,0,0,0.025315381944168318,-6.236184658820706,8.761706768623256,1.7917596358947079,2.944439031798018,10.427962237079214,6.969947300178287,8.028455164440302,4.352112090981939,1.6094381124340804,5.505331539997403,1.6094381124340804,1.0986126220013874,False,False,False,True,False,False
10412.863802559415,1,1,0,1,0,0,0,0.036040030087322976,-7.688557553728022,10.423263006851435,9.999994999180668e-07,3.871201031741224,10.414686705836067,10.423263006851435,7.69074316399891,4.367618164812314,1.6094381124340804,7.51479976103363,5.081404371195643,2.079441666679828,True,False,False,False,False,False
7640.563613231552,0,0,1,1,0,0,0,0.05239486606801389,-7.358533207287776,10.36898102633537,9.999994999180668e-07,3.49650759176951,10.36443785422314,10.36898102633537,7.360103973625284,4.411157316873926,1.0986126220013874,-13.815510557964274,-13.815510557964274,1.6094381124340804,False,False,False,False,True,False
6112.369742419302,0,1,0,0,0,0,1,0.0,-8.02539285776425,4.634728997938374,9.999994999180668e-07,3.828641418228225,8.337517314425417,4.634728997938374,8.028455164440302,-13.815510557964274,0.6931476805598203,-13.815510557964274,-13.815510557964274,2.3025851929940404,False,False,False,True,False,False
41763.20315581854,0,0,1,0,0,0,0,0.023722111937484424,-5.689218796583907,12.464251239213901,2.48490673312133,3.332204545889489,10.36666675895579,9.979344589468386,8.174421152928266,4.433073491858599,1.3862946111198593,-13.815510557964274,-13.815510557964274,1.3862946111198593,False,False,False,False,False,True
10412.863802559415,0,0,1,0,0,0,0,0.022851919561243144,-7.688557553728022,6.177944116125289,9.999994999180668e-07,2.944439031798018,9.647170570647791,6.177944116125289,7.69074316399891,3.912023025428146,0.6931476805598203,0.6931476805598203,-13.815510557964274,1.0986126220013874,True,False,False,False,False,False
41763.20315581854,1,1,1,1,1,0,0,0.021315680656339993,-4.2231091863939945,9.519588222415925,3.9512437378121965,3.332204545889489,10.38749717841696,5.568344507577891,8.174421152928266,4.326108869799102,2.079441666679828,5.730099786220328,3.0445224853424695,1.3862946111198593,False,False,False,False,False,True
41763.20315581854,0,0,1,0,0,0,0,0.0,-4.955403377853663,3.7376696420928917,3.2188758648682,3.2580965764830196,9.911230783913622,0.5187943886530856,8.174421152928266,-13.815510557964274,9.999994999180668e-07,-13.815510557964274,-13.815510557964274,1.6094381124340804,False,False,False,False,False,True
41763.20315581854,0,0,1,0,1,0,0,0.01878463416924955,-4.262327169737311,6.084499415353076,3.912023025428146,2.833213402879744,10.340813581378807,2.1724765215422353,8.174421152928266,4.199705092879927,1.3862946111198593,1.7917596358947079,9.999994999180668e-07,0.6931476805598203,False,False,False,False,False,True
4092.5737704918033,1,0,0,0,1,0,0,0.13821691953591056,-3.155338957882631,11.277532191239755,3.2580965764830196,2.772588784739779,10.256461634355407,8.019435653534625,6.413458958806701,4.434528021786713,1.0986126220013874,7.934513464240429,5.67675380569294,1.0986126220013874,False,False,True,False,False,False
6112.369742419302,0,1,1,1,0,0,0,0.02595103903967847,-8.02539285776425,8.288785810678249,9.999994999180668e-07,2.772588784739779,10.47588723394397,8.288785810678249,8.028455164440302,4.376911546571214,1.3862946111198593,5.278114664332558,2.6390574010438272,1.0986126220013874,False,False,False,True,False,False
1266.400447427293,0,1,0,0,0,0,1,0.20507084265473524,-6.102111694488308,6.194405393145488,9.999994999180668e-07,2.397895363707457,8.777716079693647,6.194405393145488,6.102558596850705,4.518158819907552,1.0986126220013874,2.48490673312133,-13.815510557964274,0.6931476805598203,False,True,False,False,False,False
10412.863802559415,1,1,1,1,0,0,0,0.02886558260367555,-7.688557553728022,7.3632795875971535,9.999994999180668e-07,3.332204545889489,10.27591871320432,7.3632795875971535,7.69074316399891,4.145637872442984,1.3862946111198593,3.6375861860421748,-13.815510557964274,1.6094381124340804,True,False,False,False,False,False
10412.863802559415,1,0,1,0,0,1,0,0.034217848029532205,-7.688557553728022,10.048885755268719,9.999994999180668e-07,3.9512437378121965,10.282776829624027,10.048885755268719,7.69074316399891,4.315735278065621,1.6094381124340804,7.040536391091613,5.176149738223547,2.1972246884473243,True,False,False,False,False,False
10412.863802559415,0,0,1,0,0,0,0,0.04570383912248629,-7.688557553728022,5.332718798096287,9.999994999180668e-07,2.079441666679828,9.911230783913622,5.332718798096287,7.69074316399891,4.605170195988091,9.999994999180668e-07,-13.815510557964274,-13.815510557964274,9.999994999180668e-07,True,False,False,False,False,False
41763.20315581854,0,0,1,0,0,0,0,0.021849791541177995,-5.609198832442679,10.322296566768765,2.5649494343846104,3.401197414995488,9.894529295450052,7.757347209701925,8.174421152928266,4.350857267606681,1.0986126220013874,-13.815510557964274,-13.815510557964274,1.3862946111198593,False,False,False,False,False,True
6112.369742419302,0,0,0,0,0,0,0,0.02382684156404404,-7.3337756581647415,10.311050458759702,0.6931476805598203,2.5649494343846104,9.293493489888165,9.61790327823302,8.028455164440302,4.29151264081726,0.6931476805598203,-13.815510557964274,-13.815510557964274,0.6931476805598203,False,False,False,True,False,False
6112.369742419302,0,0,0,0,0,0,1,0.019563090968373,-8.02539285776425,7.32843735355176,9.999994999180668e-07,3.1780538720146114,7.868225738407096,7.32843735355176,8.028455164440302,4.094344578888768,9.999994999180668e-07,3.688879479113936,-13.815510557964274,1.0986126220013874,False,False,False,True,False,False
10412.863802559415,0,0,1,0,0,0,1,0.0,-7.688557553728022,4.304065106717683,9.999994999180668e-07,3.0445224853424695,9.324406699842474,4.304065106717683,7.69074316399891,-13.815510557964274,0.6931476805598203,-13.815510557964274,-13.815510557964274,0.6931476805598203,True,False,False,False,False,False
7640.563613231552,1,1,1,1,0,0,0,0.04986349660729431,-7.358533207287776,9.766693701075464,9.999994999180668e-07,3.1780538720146114,10.39362487940293,9.766693701075464,7.360103973625284,4.361637910906715,1.7917596358947079,-13.815510557964274,-13.815510557964274,1.6094381124340804,False,False,False,False,True,False
41763.20315581854,0,0,1,1,0,0,0,0.023525861411584133,-5.776203295520409,10.009153021735896,2.397895363707457,2.944439031798018,10.407133374450162,7.611257749387388,8.174421152928266,4.42476618730042,1.3862946111198593,6.2557500436727524,3.761200138949376,0.6931476805598203,False,False,False,False,False,True
6112.369742419302,0,0,0,0,0,0,1,0.02528562778225082,-8.02539285776425,7.6866213354035455,9.999994999180668e-07,3.401197414995488,7.868225738407096,7.6866213354035455,8.028455164440302,4.350936060498587,9.999994999180668e-07,-13.815510557964274,-13.815510557964274,1.3862946111198593,False,False,False,True,False,False
7640.563613231552,0,0,1,0,0,0,0,0.0,-7.358533207287776,4.127134401174124,9.999994999180668e-07,3.8918203185187896,10.093202307287365,4.127134401174124,7.360103973625284,-13.815510557964274,0.6931476805598203,-13.815510557964274,-13.815510557964274,2.1972246884473243,False,False,False,False,True,False
41763.20315581854,1,0,0,0,1,0,0,0.023493627823576144,-5.689218796583907,13.024649110098247,2.48490673312133,2.890371813451719,10.317595082126653,10.539742460334505,8.174421152928266,4.423395113594793,1.0986126220013874,9.663515696303984,7.205635177152755,0.6931476805598203,False,False,False,False,False,True
41763.20315581854,1,0,0,0,0,0,0,0.02375481403495643,-6.564273692001277,11.818260797666696,1.6094381124340804,2.48490673312133,10.323571213713377,10.208822885262071,8.174421152928266,4.434451091675175,1.0986126220013874,8.693496676052302,6.24222326740069,0.6931476805598203,False,False,False,False,False,True
7640.563613231552,0,0,1,0,0,0,0,0.0,-7.358533207287776,4.762173943344765,9.999994999180668e-07,4.2766661329049445,9.914169522020384,4.762173943344765,7.360103973625284,-13.815510557964274,0.6931476805598203,-13.815510557964274,-13.815510557964274,2.1972246884473243,False,False,False,False,True,False
10412.863802559415,0,0,1,0,0,0,0,0.03131559347281468,-7.688557553728022,7.6113477178984255,9.999994999180668e-07,1.0986126220013874,7.751200744040292,7.6113477178984255,7.69074316399891,4.227104066662636,9.999994999180668e-07,4.682131236383479,0.6931476805598203,9.999994999180668e-07,True,False,False,False,False,False
41763.20315581854,1,0,1,1,0,0,0,0.022827808124237008,-6.094536084339138,12.201014876558268,2.079441666679828,3.13549425940741,10.505807798560037,10.121573334913611,8.174421152928266,4.394645333365389,1.3862946111198593,8.860499167757899,6.313548048088689,1.0986126220013874,False,False,False,False,False,True
41763.20315581854,1,1,0,0,0,0,0,0.021132713440405747,-4.916188123940292,7.121252454052296,3.2580965764830196,2.9957323235539897,10.605445090073712,3.8631559362246746,8.174421152928266,4.317488126869644,1.0986126220013874,2.079441666679828,-13.815510557964274,1.0986126220013874,False,False,False,False,False,True
6112.369742419302,0,0,0,0,0,0,1,0.018392649628384872,-7.3337756581647415,7.054449658996498,0.6931476805598203,3.555348090060842,7.868225738407096,6.361302479300111,8.028455164440302,4.032651010944034,9.999994999180668e-07,3.6635616717706716,-13.815510557964274,1.6094381124340804,False,False,False,True,False,False
6112.369742419302,0,0,1,0,0,0,0,0.022681844601012177,-8.02539285776425,7.127693700149967,9.999994999180668e-07,3.988984065082793,9.894529295450052,7.127693700149967,8.028455164440302,4.242264706673723,1.0986126220013874,-13.815510557964274,-13.815510557964274,1.7917596358947079,False,False,False,True,False,False
7640.563613231552,0,1,1,0,0,0,0,0.031806615776081425,-7.358533207287776,4.997212280520872,9.999994999180668e-07,3.6375861860421748,10.632693791205133,4.997212280520872,7.360103973625284,3.912023025428146,1.0986126220013874,0.6931476805598203,-13.815510557964274,1.7917596358947079,False,False,False,False,True,False
41763.20315581854,0,0,1,1,0,0,1,0.02270044723092575,-5.689218796583907,11.117064093019616,2.48490673312133,2.397895363707457,10.639428819924488,8.632157443395037,8.174421152928266,4.389050512173044,1.6094381124340804,8.11192806361068,5.209486158305902,0.6931476805598203,False,False,False,False,False,True
41763.20315581854,0,0,1,0,0,0,0,0.022883433992872498,-5.689218796583907,10.250723085115446,2.48490673312133,2.397895363707457,9.657081198906674,7.765816435716098,8.174421152928266,4.397079128328338,0.6931476805598203,-13.815510557964274,-13.815510557964274,0.6931476805598203,False,False,False,False,False,True
41763.20315581854,0,1,1,1,0,0,0,0.02307652999934519,-5.609198832442679,11.172854761640778,2.5649494343846104,1.3862946111198593,10.517646982834053,8.607905404347846,8.174421152928266,4.405481969562466,1.3862946111198593,7.985824666759169,5.39816270604264,9.999994999180668e-07,False,False,False,False,False,True
41763.20315581854,1,1,1,1,1,0,0,0.021635873284224935,-4.413138505475029,7.4747721829650855,3.761200138949376,3.2958369030413657,10.159493968015797,3.7135720910945516,8.174421152928266,4.34101862396976,1.6094381124340804,4.025351708592292,0.6931476805598203,1.3862946111198593,False,False,False,False,False,True
6112.369742419302,1,0,0,0,0,0,0,0.0,-5.512593545341598,7.27793857363627,2.515613875923528,1.3862946111198593,10.349323322174726,4.762324786381144,8.028455164440302,-13.815510557964274,1.0986126220013874,-13.815510557964274,-13.815510557964274,9.999994999180668e-07,False,False,False,True,False,False
10412.863802559415,0,0,0,0,0,0,1,0.034277879341864714,-7.688557553728022,5.099866433921759,9.999994999180668e-07,2.079441666679828,6.342515951676863,5.099866433921759,7.69074316399891,4.317488126869644,9.999994999180668e-07,-13.815510557964274,-13.815510557964274,9.999994999180668e-07,True,False,False,False,False,False
6112.369742419302,1,1,0,0,1,0,0,0.024933351234200887,-6.928821064339634,6.793466133701085,1.0986126220013874,3.367295864469232,10.164211544821018,5.6948538472751284,8.028455164440302,4.336906212470335,1.3862946111198593,3.5263605540279257,-13.815510557964274,1.3862946111198593,False,False,False,True,False,False
41763.20315581854,0,0,1,0,1,0,0,0.021346175192329037,-5.609198832442679,8.833462720865704,2.5649494343846104,3.4339872367432105,10.067095399352596,6.268513365153438,8.174421152928266,4.3275384625898115,0.6931476805598203,4.882801930162128,2.3025851929940404,1.6094381124340804,False,False,False,False,False,True
10412.863802559415,0,0,0,0,0,1,0,0.0,-7.688557553728022,4.77912350151489,9.999994999180668e-07,2.1972246884473243,8.362116469142244,4.77912350151489,7.69074316399891,-13.815510557964274,9.999994999180668e-07,-13.815510557964274,-13.815510557964274,0.6931476805598203,True,False,False,False,False,False
10412.863802559415,0,0,1,0,0,0,0,0.030469226081657523,-7.688557553728022,4.852030271732117,9.999994999180668e-07,3.401197414995488,9.911230783913622,4.852030271732117,7.69074316399891,4.199705092879927,9.999994999180668e-07,-13.815510557964274,-13.815510557964274,1.6094381124340804,True,False,False,False,False,False
10412.863802559415,0,1,0,0,0,0,0,0.028728127448419953,-7.688557553728022,6.89060912116446,9.999994999180668e-07,3.912023025428146,8.71511678782035,6.89060912116446,7.69074316399891,4.140864593766084,9.999994999180668e-07,3.555348090060842,-13.815510557964274,1.945910291912446,True,False,False,False,False,False
10412.863802559415,0,0,1,0,0,0,0,0.03264559937320449,-7.688557553728022,6.300785796498107,9.999994999180668e-07,2.397895363707457,9.911230783913622,6.300785796498107,7.69074316399891,4.268697963366878,9.999994999180668e-07,2.6390574010438272,9.999994999180668e-07,9.999994999180668e-07,True,False,False,False,False,False
6112.369742419302,0,0,0,0,0,0,1,0.022695742790105937,-7.3337756581647415,8.272315148211515,0.6931476805598203,3.0445224853424695,7.868225738407096,7.579167967907063,8.028455164440302,4.242877264111333,9.999994999180668e-07,4.624972823088193,1.3862946111198593,1.6094381124340804,False,False,False,True,False,False
41763.20315581854,0,0,1,0,0,0,1,0.02347412771221151,-5.689218796583907,11.595813352057903,2.48490673312133,3.8066625119925415,10.60100964669128,9.110906702371151,8.174421152928266,4.422564751912457,1.6094381124340804,-13.815510557964274,-13.815510557964274,1.7917596358947079,False,False,False,False,False,True
6112.369742419302,1,0,0,0,1,0,0,0.026026919270788648,-6.64139434679697,7.952615112002741,1.3862946111198593,3.555348090060842,10.07327385759417,6.566320751938074,8.028455164440302,4.379831256637918,1.6094381124340804,4.7361984571664255,1.3862946111198593,1.6094381124340804,False,False,False,True,False,False
4092.5737704918033,0,0,0,0,1,0,0,0.08196721311475409,-6.412849143141731,4.882801930162128,9.999994999180668e-07,1.6094381124340804,8.471240634003612,4.882801930162128,6.413458958806701,3.912023025428146,9.999994999180668e-07,-13.815510557964274,-13.815510557964274,9.999994999180668e-07,False,False,True,False,False,False
1266.400447427293,1,0,0,1,1,0,0,0.15685669469515803,-6.102111694488308,7.987864096425246,9.999994999180668e-07,2.6390574010438272,10.101780696623882,7.987864096425246,6.102558596850705,4.250135945769114,1.6094381124340804,-13.815510557964274,-13.815510557964274,0.6931476805598203,False,True,False,False,False,False
41763.20315581854,0,0,0,1,0,0,1,0.023576632681813217,-5.609198832442679,11.510803214599148,2.5649494343846104,2.772588784739779,10.594916822014032,8.945853857257866,8.174421152928266,4.426921966532992,1.3862946111198593,-13.815510557964274,-13.815510557964274,1.3862946111198593,False,False,False,False,False,True
6112.369742419302,0,0,0,0,0,0,1,0.021231261516063724,-8.02539285776425,7.743703258607217,9.999994999180668e-07,3.2188758648682,7.868225738407096,7.743703258607217,8.028455164440302,4.1761745958268754,9.999994999180668e-07,4.454347307881415,1.945910291912446,1.3862946111198593,False,False,False,True,False,False
6112.369742419302,0,1,0,0,0,0,1,0.02340882679976257,-6.64139434679697,7.452402451803684,1.3862946111198593,2.5649494343846104,10.31066471581459,6.066108092423933,8.028455164440302,4.27381306396222,1.6094381124340804,3.6635616717706716,9.999994999180668e-07,1.0986126220013874,False,False,False,True,False,False
6112.369742419302,1,0,0,0,1,0,0,0.0,-6.236184658820706,4.753590199727054,1.7917596358947079,3.850147622986654,10.225180538424821,2.961830773602446,8.028455164440302,-13.815510557964274,0.6931476805598203,-13.815510557964274,-13.815510557964274,1.7917596358947079,False,False,False,True,False,False
6112.369742419302,0,0,0,1,0,0,1,0.0,-8.02539285776425,3.871201031741224,9.999994999180668e-07,2.397895363707457,9.2231297982103,3.871201031741224,8.028455164440302,-13.815510557964274,0.6931476805598203,-13.815510557964274,-13.815510557964274,9.999994999180668e-07,False,False,False,True,False,False
6112.369742419302,0,0,1,0,0,0,0,0.032605151613955004,-6.236184658820706,10.179640924201887,1.7917596358947079,3.1780538720146114,10.36666675895579,8.387881455163507,8.028455164440302,4.605170195988091,1.3862946111198593,-13.815510557964274,-13.815510557964274,1.0986126220013874,False,False,False,True,False,False
6112.369742419302,1,0,1,0,0,0,1,0.019563090968373,-5.543292963648774,6.1569789877042,2.48490673312133,3.49650759176951,10.288780471453974,3.6720723612212836,8.028455164440302,4.094344578888768,1.6094381124340804,2.9957323235539897,9.999994999180668e-07,1.7917596358947079,False,False,False,True,False,False
4092.5737704918033,0,0,1,1,0,0,0,0.0,-5.314643355835334,3.6375861860421748,1.0986126220013874,2.7080502677688743,10.047524918149158,2.538973950005641,6.413458958806701,-13.815510557964274,0.6931476805598203,-13.815510557964274,-13.815510557964274,1.0986126220013874,False,False,True,False,False,False
41763.20315581854,1,1,1,0,0,0,0,0.02221272244155539,-4.916188123940292,10.396413936444828,3.2580965764830196,2.397895363707457,10.274348876558179,7.138317399186892,8.174421152928266,4.367331094031265,1.7917596358947079,7.466227556787564,5.283203733814131,0.6931476805598203,False,False,False,False,False,True
10412.863802559415,0,0,0,1,0,0,0,0.03656307129798903,-7.688557553728022,5.814130534810141,9.999994999180668e-07,3.5263605540279257,9.797925220956992,5.814130534810141,7.69074316399891,4.382026647173881,9.999994999180668e-07,2.3025851929940404,9.999994999180668e-07,1.7917596358947079,True,False,False,False,False,False
41763.20315581854,0,1,0,0,0,1,0,0.024541748145072404,-5.689218796583907,12.905154679955608,2.48490673312133,3.13549425940741,10.928249626922845,10.420248030194944,8.174421152928266,4.467041558446672,1.3862946111198593,-13.815510557964274,-13.815510557964274,1.6094381124340804,False,False,False,False,False,True
7640.563613231552,0,1,1,0,0,0,0,0.044368892595206016,-7.358533207287776,8.346404870673204,9.999994999180668e-07,3.688879479113936,10.163084023434575,8.346404870673204,7.360103973625284,4.244887315010509,1.0986126220013874,-13.815510557964274,-13.815510557964274,1.945910291912446,False,False,False,False,True,False
41763.20315581854,1,1,1,0,0,0,1,0.022479730702542375,-5.689218796583907,9.516427036177701,2.48490673312133,3.09104249881286,10.25877260598807,7.031520387199655,8.174421152928266,4.379279931728205,1.7917596358947079,6.458338284912188,3.5835189662338873,1.3862946111198593,False,False,False,False,False,True
6112.369742419302,0,0,1,0,0,0,0,0.025758069775024452,-8.02539285776425,7.670894831828318,9.999994999180668e-07,3.610917939671251,9.911230783913622,7.670894831828318,8.028455164440302,4.369447865125249,9.999994999180668e-07,4.605170195988091,1.3862946111198593,1.3862946111198593,False,False,False,True,False,False
7640.563613231552,0,0,0,0,1,0,0,0.0,-7.358533207287776,4.969813306520445,9.999994999180668e-07,2.7080502677688743,9.485030791126556,4.969813306520445,7.360103973625284,-13.815510557964274,0.6931476805598203,9.999994999180668e-07,-13.815510557964274,1.0986126220013874,False,False,False,False,True,False
7640.563613231552,1,1,0,1,0,0,0,0.04734348799849908,-7.358533207287776,9.165133779242728,9.999994999180668e-07,3.332204545889489,10.571171570621821,9.165133779242728,7.360103973625284,4.309777988546876,1.6094381124340804,6.073044536404552,2.833213402879744,1.3862946111198593,False,False,False,False,True,False
41763.20315581854,1,1,1,1,0,0,1,0.02313454766513519,-5.689218796583907,12.370247203722323,2.48490673312133,3.5835189662338873,10.583902766628183,9.885340553980996,8.174421152928266,4.407992956040099,2.1972246884473243,9.321523901026275,7.17930797026623,1.7917596358947079,False,False,False,False,False,True
41763.20315581854,0,0,0,0,0,0,0,0.0,-5.689218796583907,9.579487217479368,2.48490673312133,3.332204545889489,7.95171390561302,7.094580568451824,8.174421152928266,-13.815510557964274,9.999994999180668e-07,-13.815510557964274,-13.815510557964274,1.3862946111198593,False,False,False,False,False,True
7640.563613231552,1,0,1,0,0,0,0,0.0469191514486947,-7.358533207287776,9.546312483627178,9.999994999180668e-07,3.871201031741224,10.369437388262297,9.546312483627178,7.360103973625284,4.300774646120622,1.0986126220013874,-13.815510557964274,-13.815510557964274,2.079441666679828,False,False,False,False,True,False
7640.563613231552,1,0,1,1,0,0,0,0.045483460559796435,-5.568082538077103,8.718500048284804,1.7917596358947079,3.5835189662338873,10.189012781692545,6.926740579874411,7.360103973625284,4.269697463685976,1.0986126220013874,5.298317371548037,1.0986126220013874,1.3862946111198593,False,False,False,False,True,False
1266.400447427293,0,0,0,0,0,0,1,0.0,-6.102111694488308,3.7376696420928917,9.999994999180668e-07,1.3862946111198593,8.653286306877517,3.7376696420928917,6.102558596850705,-13.815510557964274,0.6931476805598203,-13.815510557964274,-13.815510557964274,9.999994999180668e-07,False,True,False,False,False,False
6112.369742419302,0,0,0,1,0,0,0,0.025184668832848003,-7.3337756581647415,8.23536064401846,0.6931476805598203,2.890371813451719,9.8955373586794,7.542213463723626,8.028455164440302,4.34693532780904,9.999994999180668e-07,4.976733749317126,2.1972246884473243,1.6094381124340804,False,False,False,True,False,False
6112.369742419302,0,0,1,0,0,0,0,0.0,-8.02539285776425,4.836281914887986,9.999994999180668e-07,2.772588784739779,9.911230783913622,4.836281914887986,8.028455164440302,-13.815510557964274,9.999994999180668e-07,9.999994999180668e-07,-13.815510557964274,1.0986126220013874,False,False,False,True,False,False
4092.5737704918033,0,0,0,0,1,0,0,0.1248308016243044,-5.314643355835334,8.79179002447134,1.0986126220013874,3.1780538720146114,9.84741294036413,7.69317773610718,6.413458958806701,4.3326629246880755,9.999994999180668e-07,-13.815510557964274,-13.815510557964274,1.6094381124340804,False,False,True,False,False,False
7640.563613231552,1,0,1,0,0,1,0,0.04146640278955801,-7.358533207287776,8.31115254824745,9.999994999180668e-07,3.6635616717706716,10.282776829624027,8.31115254824745,7.360103973625284,4.177232237368777,1.6094381124340804,4.905274785845837,2.7080502677688743,1.7917596358947079,False,False,False,False,True,False
10412.863802559415,1,0,1,0,1,0,0,0.02886558260367555,-7.688557553728022,7.241366284038651,9.999994999180668e-07,3.828641418228225,9.894809075907947,7.241366284038651,7.69074316399891,4.145637872442984,1.3862946111198593,4.04305128537841,1.0986126220013874,1.6094381124340804,True,False,False,False,False,False
41763.20315581854,0,0,0,0,1,1,0,0.020889808688217177,-4.955403377853663,8.7659265138854,3.2188758648682,3.13549425940741,10.514650955360473,5.547050692760182,8.174421152928266,4.305927304623607,0.6931476805598203,4.753590199727054,2.1972246884473243,1.0986126220013874,False,False,False,False,False,True
6112.369742419302,0,0,0,0,0,0,1,0.021573333398707067,-8.02539285776425,8.531293315992219,9.999994999180668e-07,3.332204545889489,7.868225738407096,8.531293315992219,8.028455164440302,4.192157887358181,9.999994999180668e-07,4.890349135740551,1.6094381124340804,1.6094381124340804,False,False,False,True,False,False
7640.563613231552,0,0,1,0,0,1,0,0.0467584437050086,-6.666171101165439,8.230843564464546,0.6931476805598203,3.6375861860421748,10.614440615859076,7.537696384170913,7.360103973625284,4.2973435610484945,1.0986126220013874,-13.815510557964274,-13.815510557964274,1.6094381124340804,False,False,False,False,True,False
4092.5737704918033,0,0,1,0,0,0,0,0.12295081967213115,-4.621597826440341,7.750614733200887,1.7917596358947079,2.9957323235539897,9.930382188212418,5.958855266125221,6.413458958806701,4.317488126869644,0.6931476805598203,-13.815510557964274,-13.815510557964274,1.0986126220013874,False,False,True,False,False,False
41763.20315581854,0,1,0,0,0,1,0,0.022452975666630213,-5.689218796583907,11.334420615286353,2.48490673312133,1.3862946111198593,10.545944529296452,8.84951396562985,8.174421152928266,4.378089038016224,1.0986126220013874,-13.815510557964274,-13.815510557964274,9.999994999180668e-07,False,False,False,False,False,True
10412.863802559415,1,1,0,0,0,0,0,0.03783490986416033,-7.688557553728022,10.989402908574853,9.999994999180668e-07,2.3025851929940404,10.051539373595709,10.989402908574853,7.69074316399891,4.4162201144430355,1.0986126220013874,8.00536706765033,5.4293456333404055,0.6931476805598203,True,False,False,False,False,False
4092.5737704918033,0,0,1,0,0,0,0,0.12131147540983607,-4.1108128660337355,8.104099056445879,2.3025851929940404,2.890371813451719,9.911230783913622,5.801513966172511,6.413458958806701,4.304065106717683,9.999994999180668e-07,-13.815510557964274,-13.815510557964274,1.3862946111198593,False,False,True,False,False,False
4092.5737704918033,0,0,1,1,0,0,0,0.1249024199843872,-4.1108128660337355,8.541885804201732,2.3025851929940404,3.871201031741224,10.526343756346558,6.239300712963783,6.413458958806701,4.33323648362945,1.3862946111198593,4.430816810748075,2.3025851929940404,2.1972246884473243,False,False,True,False,False,False
1266.400447427293,0,0,0,0,0,0,1,0.05592841163310962,-6.102111694488308,5.081404371195643,9.999994999180668e-07,3.0445224853424695,8.653286306877517,5.081404371195643,6.102558596850705,3.2188758648682,0.6931476805598203,-13.815510557964274,-13.815510557964274,1.6094381124340804,False,True,False,False,False,False
41763.20315581854,1,1,0,0,0,0,0,0.022603488368492596,-5.609198832442679,10.6816879441525,2.5649494343846104,2.1972246884473243,10.697654887772721,8.116738586966502,8.174421152928266,4.384770133085386,0.6931476805598203,-13.815510557964274,-13.815510557964274,9.999994999180668e-07,False,False,False,False,False,True
10412.863802559415,1,0,0,0,0,0,0,0.015234613040828762,-7.688557553728022,4.997212280520872,9.999994999180668e-07,3.7841896566455335,9.327943316009462,4.997212280520872,7.69074316399891,3.506557927319981,9.999994999180668e-07,1.0986126220013874,-13.815510557964274,2.079441666679828,True,False,False,False,False,False
7640.563613231552,0,0,1,0,0,0,0,0.03635041802980734,-4.962065801310404,8.39276311326456,2.397895363707457,2.833213402879744,9.911230783913622,5.994867842731196,7.360103973625284,4.045554415552669,9.999994999180668e-07,-13.815510557964274,-13.815510557964274,0.6931476805598203,False,False,False,False,True,False
7640.563613231552,0,0,1,0,0,0,0,0.0,-6.666171101165439,4.905274785845837,0.6931476805598203,4.605170195988091,9.914169522020384,4.2121276126932985,7.360103973625284,-13.815510557964274,0.6931476805598203,-13.815510557964274,-13.815510557964274,2.397895363707457,False,False,False,False,True,False
41763.20315581854,0,0,1,0,0,0,0,0.0,-5.658520592276317,5.624017509797447,2.515613875923528,3.465735934049726,9.930382188212418,3.1084037557493085,8.174421152928266,-13.815510557964274,0.6931476805598203,-13.815510557964274,-13.815510557964274,1.7917596358947079,False,False,False,False,False,True
10412.863802559415,1,0,1,0,1,1,0,0.03816074131888969,-7.688557553728022,10.614400974664576,9.999994999180668e-07,2.397895363707457,10.421854180965271,10.614400974664576,7.69074316399891,4.424795169523433,1.3862946111198593,7.4645098352095935,4.934473940324937,0.6931476805598203,True,False,False,False,False,False
6112.369742419302,1,0,1,0,1,0,0,0.029173030391433426,-8.02539285776425,6.369900984540556,9.999994999180668e-07,1.7917596358947079,9.964508410269488,6.369900984540556,8.028455164440302,4.493944562054337,1.3862946111198593,2.944439031798018,-13.815510557964274,0.6931476805598203,False,False,False,True,False,False
7640.563613231552,0,0,1,0,0,0,0,0.028915105250983113,-7.358533207287776,6.947937069575584,9.999994999180668e-07,3.970291932420046,10.316250687064022,6.947937069575584,7.360103973625284,3.816712847623821,1.0986126220013874,-13.815510557964274,-13.815510557964274,2.1972246884473243,False,False,False,False,True,False
1266.400447427293,0,0,0,0,0,0,0,0.1518056887184404,-6.102111694488308,7.293697721281247,9.999994999180668e-07,1.945910291912446,8.024016164881164,7.293697721281247,6.102558596850705,4.21740466971617,9.999994999180668e-07,-13.815510557964274,-13.815510557964274,9.999994999180668e-07,False,True,False,False,False,False
41763.20315581854,0,0,1,0,0,0,1,0.0,-5.658520592276317,4.787491751115379,2.515613875923528,3.2958369030413657,9.733435459096341,2.271878050790151,8.174421152928266,-13.815510557964274,1.0986126220013874,-13.815510557964274,-13.815510557964274,1.3862946111198593,False,False,False,False,False,True
6112.369742419302,0,0,1,0,0,0,0,0.0,-8.02539285776425,4.219507719881989,9.999994999180668e-07,2.890371813451719,7.751200744040292,4.219507719881989,8.028455164440302,-13.815510557964274,9.999994999180668e-07,-13.815510557964274,-13.815510557964274,1.3862946111198593,False,False,False,True,False,False
41763.20315581854,0,0,1,1,0,0,0,0.022014796129570243,-5.609198832442679,9.617537312995657,2.5649494343846104,2.3025851929940404,10.373015218602951,7.0525879563327365,8.174421152928266,4.358380665104572,1.3862946111198593,6.340359305491421,2.833213402879744,0.6931476805598203,False,False,False,False,False,True
7640.563613231552,0,0,1,0,0,0,1,0.0,-6.666171101165439,4.2766661329049445,0.6931476805598203,1.7917596358947079,9.733435459096341,3.5835189662338873,7.360103973625284,-13.815510557964274,1.0986126220013874,-13.815510557964274,-13.815510557964274,9.999994999180668e-07,False,False,False,False,True,False
6112.369742419302,0,0,0,1,0,0,0,0.02639464654463024,-8.02539285776425,7.15070145837684,9.999994999180668e-07,1.3862946111198593,9.934814569147365,7.15070145837684,8.028455164440302,4.393861104673825,1.0986126220013874,3.7376696420928917,-13.815510557964274,9.999994999180668e-07,False,False,False,True,False,False
7640.563613231552,1,1,0,0,0,0,0,0.04450253383796266,-7.358533207287776,9.622251327633974,9.999994999180668e-07,3.2958369030413657,10.795610652924342,9.622251327633974,7.360103973625284,4.247894836031409,1.3862946111198593,6.16541785633226,3.871201031741224,1.3862946111198593,False,False,False,False,True,False
10412.863802559415,0,0,1,1,0,0,0,0.027930123908186066,-7.688557553728022,8.296297112891946,9.999994999180668e-07,3.2958369030413657,10.183677975401238,8.296297112891946,7.69074316399891,4.112693717253934,1.3862946111198593,-13.815510557964274,-13.815510557964274,1.3862946111198593,True,False,False,False,False,False
41763.20315581854,0,1,1,1,0,0,0,0.023480792711561945,-5.609198832442679,9.399968504035302,2.5649494343846104,3.2958369030413657,10.611577320035403,6.835019147566485,8.174421152928266,4.422848641194137,1.0986126220013874,6.122492811707368,3.332204545889489,1.3862946111198593,False,False,False,False,False,True
10412.863802559415,0,1,1,1,0,0,0,0.032286198279187564,-7.688557553728022,8.037220031456217,9.999994999180668e-07,3.5835189662338873,10.139471368608813,8.037220031456217,7.69074316399891,4.257627739768475,1.3862946111198593,4.691347891403455,1.3862946111198593,1.945910291912446,True,False,False,False,False,False
41763.20315581854,0,1,0,1,0,0,0,0.01850426649508165,-4.262327169737311,7.640123173176133,3.912023025428146,2.833213402879744,10.053414831941504,3.728100191305679,8.174421152928266,4.184667215742659,1.0986126220013874,4.204692634316339,1.3862946111198593,1.3862946111198593,False,False,False,False,False,True
41763.20315581854,1,0,0,0,0,0,0,0.02319506420212123,-4.047229527304178,12.021278033259836,4.127134401174124,2.7080502677688743,10.521182181066301,7.89414364858165,8.174421152928266,4.410605391941406,1.3862946111198593,8.564649132763263,6.990256501414692,1.0986126220013874,False,False,False,False,False,True
7640.563613231552,0,0,0,1,0,0,0,0.05089058524173028,-7.358533207287776,5.823045898441599,9.999994999180668e-07,2.5649494343846104,9.778095277150934,5.823045898441599,7.360103973625284,4.382026647173881,0.6931476805598203,1.6094381124340804,-13.815510557964274,0.6931476805598203,False,False,False,False,True,False
6112.369742419302,0,1,0,0,0,0,1,0.016302575806977502,-8.02539285776425,5.068904208509539,9.999994999180668e-07,3.5835189662338873,8.337517314425417,5.068904208509539,8.028455164440302,3.912023025428146,0.6931476805598203,-13.815510557964274,-13.815510557964274,1.945910291912446,False,False,False,True,False,False
6112.369742419302,0,0,0,1,0,0,0,0.026161884855490303,-8.02539285776425,9.428431179734146,9.999994999180668e-07,2.772588784739779,9.967683701570264,9.428431179734146,8.028455164440302,4.385003472639258,0.6931476805598203,-13.815510557964274,-13.815510557964274,0.6931476805598203,False,False,False,True,False,False
10412.863802559415,1,1,0,1,0,0,0,0.03822655661899129,-7.688557553728022,9.508962384540482,9.999994999180668e-07,2.48490673312133,10.561873006161106,9.508962384540482,7.69074316399891,4.426518370039143,1.7917596358947079,6.298949248694178,2.5649494343846104,0.6931476805598203,True,False,False,False,False,False
7640.563613231552,1,0,1,0,0,0,0,0.0,-6.666171101165439,4.2341065190900125,0.6931476805598203,3.09104249881286,9.889609115081353,3.5409593530228207,7.360103973625284,-13.815510557964274,0.6931476805598203,-13.815510557964274,-13.815510557964274,1.0986126220013874,False,False,False,False,True,False
10412.863802559415,1,0,0,1,1,0,0,0.030780136551878518,-7.688557553728022,7.7823903360044735,9.999994999180668e-07,3.465735934049726,10.168951538418492,7.7823903360044735,7.69074316399891,4.20985746419243,1.6094381124340804,-13.815510557964274,-13.815510557964274,1.945910291912446,True,False,False,False,False,False
7640.563613231552,1,0,0,0,0,0,1,0.03816793893129771,-7.358533207287776,5.361292170404261,9.999994999180668e-07,2.944439031798018,8.817967018114343,5.361292170404261,7.360103973625284,4.094344578888768,0.6931476805598203,-13.815510557964274,-13.815510557964274,1.0986126220013874,False,False,False,False,True,False
6112.369742419302,0,0,0,0,0,0,1,0.016302575806977502,-8.02539285776425,6.016157162137378,9.999994999180668e-07,2.9957323235539897,7.868225738407096,6.016157162137378,8.028455164440302,3.912023025428146,9.999994999180668e-07,2.3025851929940404,-13.815510557964274,1.6094381124340804,False,False,False,True,False,False
1266.400447427293,0,0,0,0,0,0,0,0.16622298876432579,-6.102111694488308,8.954544488515873,9.999994999180668e-07,2.397895363707457,8.024016164881164,8.954544488515873,6.102558596850705,4.308133521827736,9.999994999180668e-07,5.880532989193997,3.828641418228225,0.6931476805598203,False,True,False,False,False,False
6112.369742419302,0,1,0,1,0,0,1,0.024453863710466255,-8.02539285776425,9.013838751730107,9.999994999180668e-07,4.025351708592292,10.612554473630622,9.013838751730107,8.028455164440302,4.317488126869644,1.6094381124340804,5.908082940886322,2.6390574010438272,2.1972246884473243,False,False,False,True,False,False
6112.369742419302,0,1,0,1,0,0,1,0.022124924309469468,-7.3337756581647415,7.7384881229303755,0.6931476805598203,2.5649494343846104,10.13437757862783,7.04534094280616,8.028455164440302,4.21740466971617,1.0986126220013874,4.025351708592292,0.6931476805598203,0.6931476805598203,False,False,False,True,False,False
10412.863802559415,0,0,0,0,0,0,1,0.0,-7.688557553728022,4.219507719881989,9.999994999180668e-07,2.772588784739779,5.85555732140996,4.219507719881989,7.69074316399891,-13.815510557964274,9.999994999180668e-07,9.999994999180668e-07,-13.815510557964274,1.0986126220013874,True,False,False,False,False,False
41763.20315581854,1,0,1,0,1,0,0,0.02028740490278952,-4.916188123940292,6.8112443797026145,3.2580965764830196,2.079441666679828,10.282885520715444,3.553147869214172,8.174421152928266,4.2766661329049445,1.3862946111198593,-13.815510557964274,-13.815510557964274,0.6931476805598203,False,False,False,False,False,True
10412.863802559415,0,0,0,0,0,1,0,0.0,-7.688557553728022,4.912654893088993,9.999994999180668e-07,1.6094381124340804,8.362116469142244,4.912654893088993,7.69074316399891,-13.815510557964274,9.999994999180668e-07,-13.815510557964274,-13.815510557964274,9.999994999180668e-07,True,False,False,False,False,False
7640.563613231552,0,1,1,1,0,0,0,0.05377165985736301,-5.9734166890735345,11.580481304430405,1.3862946111198593,3.332204545889489,10.572526753466864,10.194186943338556,7.360103973625284,4.437095265763261,1.7917596358947079,-13.815510557964274,-13.815510557964274,1.3862946111198593,False,False,False,False,True,False
6112.369742419302,1,0,0,0,1,0,0,0.026084121291164004,-8.02539285776425,7.739359203124448,9.999994999180668e-07,3.610917939671251,10.024364371708714,7.739359203124448,8.028455164440302,4.382026647173881,1.0986126220013874,4.553876902126857,1.3862946111198593,1.7917596358947079,False,False,False,True,False,False
10412.863802559415,0,0,0,0,1,0,0,0.0,-7.688557553728022,4.510859517505861,9.999994999180668e-07,3.555348090060842,8.471240634003612,4.510859517505861,7.69074316399891,-13.815510557964274,9.999994999180668e-07,-13.815510557964274,-13.815510557964274,1.7917596358947079,True,False,False,False,False,False
6112.369742419302,0,0,1,0,0,0,0,0.0,-8.02539285776425,4.094344578888768,9.999994999180668e-07,2.9957323235539897,9.930382188212418,4.094344578888768,8.028455164440302,-13.815510557964274,0.6931476805598203,-13.815510557964274,-13.815510557964274,0.6931476805598203,False,False,False,True,False,False
7640.563613231552,0,1,1,0,0,0,1,0.0,-7.358533207287776,4.477336825841843,9.999994999180668e-07,3.761200138949376,9.757396691627354,4.477336825841843,7.360103973625284,-13.815510557964274,1.0986126220013874,-13.815510557964274,-13.815510557964274,2.079441666679828,False,False,False,False,True,False
6112.369742419302,1,1,0,1,1,1,0,0.026427333413416163,-8.02539285776425,7.7323692227227925,9.999994999180668e-07,2.772588784739779,10.664768905988144,7.7323692227227925,8.028455164440302,4.395098728578897,1.945910291912446,4.553876902126857,9.999994999180668e-07,0.6931476805598203,False,False,False,True,False,False
6112.369742419302,0,0,0,1,0,0,0,0.02407765042261293,-7.3337756581647415,7.145196135785815,0.6931476805598203,3.5263605540279257,10.372949450541515,6.452048956014513,8.028455164440302,4.301983940542012,0.6931476805598203,4.174387285280252,-13.815510557964274,1.6094381124340804,False,False,False,True,False,False
6112.369742419302,1,1,0,0,0,0,0,0.02511477894588426,-8.02539285776425,8.121777419458075,9.999994999180668e-07,3.871201031741224,10.369500330577427,8.121777419458075,8.028455164440302,4.344156373600928,1.0986126220013874,4.997212280520872,0.6931476805598203,1.945910291912446,False,False,False,True,False,False
41763.20315581854,0,1,0,0,0,0,1,0.0,-4.2231091863939945,3.5835189662338873,3.9512437378121965,2.1972246884473243,8.337517314425417,-0.3677233356819161,8.174421152928266,-13.815510557964274,0.6931476805598203,-13.815510557964274,-13.815510557964274,0.6931476805598203,False,False,False,False,False,True
41763.20315581854,0,1,0,0,0,0,0,0.02256081632286293,-5.609198832442679,10.420136189634734,2.5649494343846104,3.09104249881286,9.193989884547726,7.855186832531106,8.174421152928266,4.382880496652971,9.999994999180668e-07,-13.815510557964274,-13.815510557964274,1.3862946111198593,False,False,False,False,False,True
41763.20315581854,1,1,1,1,0,0,0,0.022763111964776393,-4.916188123940292,11.584166474176785,3.2580965764830196,2.48490673312133,10.501496526817606,8.326069936388112,8.174421152928266,4.39180721551379,1.7917596358947079,8.126518169076304,5.913503008340973,1.0986126220013874,False,False,False,False,False,True
41763.20315581854,0,0,1,1,0,0,0,0.023262704853559815,-5.689218796583907,11.759574583159125,2.48490673312133,2.833213402879744,10.516607610479175,9.27466793345708,8.174421152928266,4.413517313877752,1.6094381124340804,-13.815510557964274,-13.815510557964274,1.0986126220013874,False,False,False,False,False,True
6112.369742419302,0,0,0,0,0,0,1,0.022527195660550732,-8.02539285776425,8.345217926913957,9.999994999180668e-07,3.7841896566455335,7.868225738407096,8.345217926913957,8.028455164440302,4.235423174955691,9.999994999180668e-07,-13.815510557964274,-13.815510557964274,1.945910291912446,False,False,False,True,False,False
7640.563613231552,0,0,0,1,0,0,0,0.05002985652728241,-7.358533207287776,9.045229852030534,9.999994999180668e-07,3.2580965764830196,9.698925101727287,9.045229852030534,7.360103973625284,4.364968664484358,0.6931476805598203,6.1590953906060975,3.401197414995488,1.0986126220013874,False,False,False,False,True,False
10412.863802559415,1,1,0,0,0,0,0,0.03554743042860045,-7.688557553728022,5.849324782828703,9.999994999180668e-07,2.772588784739779,10.369500330577427,5.849324782828703,7.69074316399891,4.353855770564328,1.0986126220013874,2.1972246884473243,-13.815510557964274,1.0986126220013874,True,False,False,False,False,False
7640.563613231552,0,0,1,1,0,0,0,0.041637751561415685,-7.358533207287776,8.448700195185115,9.999994999180668e-07,3.2188758648682,10.418090789775905,8.448700195185115,7.360103973625284,4.181355954489508,1.3862946111198593,4.700480374883325,1.0986126220013874,1.0986126220013874,False,False,False,False,True,False
4092.5737704918033,0,0,1,0,0,0,0,0.0,-4.803899052174652,4.143134742264548,1.6094381124340804,2.833213402879744,10.093202307287365,2.5336968933225084,6.413458958806701,-13.815510557964274,0.6931476805598203,-13.815510557964274,-13.815510557964274,1.0986126220013874,False,False,True,False,False,False
6112.369742419302,0,0,0,0,0,0,1,0.025194889883510683,-7.3337756581647415,7.700295203872811,0.6931476805598203,2.772588784739779,7.868225738407096,7.007148023765559,8.028455164440302,4.347341089627168,9.999994999180668e-07,-13.815510557964274,-13.815510557964274,0.6931476805598203,False,False,False,True,False,False
1266.400447427293,0,1,0,0,0,0,0,0.22371364653243847,-6.102111694488308,4.174387285280252,9.999994999180668e-07,3.2958369030413657,9.059695528512524,4.174387285280252,6.102558596850705,4.605170195988091,0.6931476805598203,-13.815510557964274,-13.815510557964274,1.3862946111198593,False,True,False,False,False,False
4092.5737704918033,1,1,0,0,0,0,1,0.12167008196721311,-6.412849143141731,8.310906757414271,9.999994999180668e-07,4.143134742264548,10.105189928864412,8.310906757414271,6.413458958806701,4.307016827142699,1.3862946111198593,-13.815510557964274,-13.815510557964274,2.1972246884473243,False,False,True,False,False,False
6112.369742419302,0,0,1,1,0,0,0,0.025740909168911846,-7.3337756581647415,7.870547844889537,0.6931476805598203,2.7080502677688743,10.516607610479175,7.177400664711417,8.028455164440302,4.368781420590527,1.6094381124340804,-13.815510557964274,-13.815510557964274,1.0986126220013874,False,False,False,True,False,False
41763.20315581854,0,0,1,0,0,0,0,0.012523089446166369,-4.955403377853663,7.070724108109895,3.2188758648682,2.9957323235539897,10.406146469313184,3.8518483036325173,8.174421152928266,3.7942399922717622,0.6931476805598203,-13.815510557964274,-13.815510557964274,1.0986126220013874,False,False,False,False,False,True
1266.400447427293,0,1,0,0,0,0,0,0.22371364653243847,-6.102111694488308,5.181783555910062,9.999994999180668e-07,2.1972246884473243,9.059695528512524,5.181783555910062,6.102558596850705,4.605170195988091,0.6931476805598203,-13.815510557964274,-13.815510557964274,9.999994999180668e-07,False,True,False,False,False,False
41763.20315581854,0,0,1,0,0,0,0,0.022175936247760052,-5.689218796583907,10.609106634616085,2.48490673312133,2.833213402879744,10.336048164672347,8.124199985099676,8.174421152928266,4.365673634543368,1.3862946111198593,7.257002707797292,3.688879479113936,0.6931476805598203,False,False,False,False,False,True
41763.20315581854,0,0,0,1,0,0,0,0.02300974945351845,-4.5107685106570985,10.52005062094029,3.6635616717706716,3.0445224853424695,10.281757499716187,6.856488975836258,8.174421152928266,4.402583901306896,1.0986126220013874,6.894670040446653,4.927253692403581,0.6931476805598203,False,False,False,False,False,True
41763.20315581854,0,0,1,0,0,0,1,0.0,-4.916188123940292,3.688879479113936,3.2580965764830196,2.9957323235539897,9.566261260676077,0.430783566092243,8.174421152928266,-13.815510557964274,0.6931476805598203,-13.815510557964274,-13.815510557964274,1.3862946111198593,False,False,False,False,False,True
6112.369742419302,1,0,0,1,1,0,0,0.026916593247264982,-6.236184658820706,8.492080490806249,1.7917596358947079,3.2580965764830196,10.383727305448511,6.700321022603624,8.028455164440302,4.413442843020662,1.6094381124340804,5.459585518399478,2.833213402879744,1.3862946111198593,False,False,False,True,False,False
1266.400447427293,0,0,0,0,0,0,0,0.15979546180888463,-6.102111694488308,6.142037407737894,9.999994999180668e-07,2.772588784739779,8.024016164881164,6.142037407737894,6.102558596850705,4.268697963366878,9.999994999180668e-07,2.6390574010438272,-13.815510557964274,1.0986126220013874,False,True,False,False,False,False
7640.563613231552,0,1,0,0,0,0,0,0.043638062224189006,-6.260967821561102,8.731336360694595,1.0986126220013874,2.772588784739779,9.193989884547726,7.632724072349378,7.360103973625284,4.2282784649014475,9.999994999180668e-07,5.332718798096287,2.5649494343846104,1.0986126220013874,False,False,False,False,True,False
41763.20315581854,0,0,1,0,0,0,0,0.023392185946612652,-4.324198043148924,7.702556113720253,3.850147622986654,3.465735934049726,9.76305387331802,3.8524085327870687,8.174421152928266,4.419067918399685,0.6931476805598203,4.663439103546029,2.397895363707457,1.6094381124340804,False,False,False,False,False,True
41763.20315581854,0,1,0,1,0,1,0,0.023480792711561945,-4.5107685106570985,11.257568591304276,3.6635616717706716,2.9957323235539897,10.481551481925713,7.59400694566518,8.174421152928266,4.422848641194137,1.3862946111198593,7.288927695204317,5.755742216751469,1.0986126220013874,False,False,False,False,False,True
10412.863802559415,0,1,0,1,1,0,0,0.034888426811058235,-7.688557553728022,8.379539026346958,9.999994999180668e-07,3.5835189662338873,9.979868179855513,8.379539026346958,7.69074316399891,4.335143061875031,1.0986126220013874,4.875197330834739,2.397895363707457,1.3862946111198593,True,False,False,False,False,False
4092.5737704918033,0,0,0,0,0,0,0,0.0,-3.897795867162686,5.942799377751373,2.515613875923528,2.6390574010438272,9.881243210075551,3.427185612494683,6.413458958806701,-13.815510557964274,1.0986126220013874,-13.815510557964274,-13.815510557964274,0.6931476805598203,False,False,True,False,False,False
10412.863802559415,1,1,0,0,0,0,1,0.03216196086397183,-7.688557553728022,6.797940414091002,9.999994999180668e-07,3.9318256523321686,9.848787778500064,6.797940414091002,7.69074316399891,4.253772313360729,1.3862946111198593,3.2958369030413657,-13.815510557964274,2.079441666679828,True,False,False,False,False,False
7640.563613231552,0,1,0,1,0,0,0,0.05089058524173028,-6.666171101165439,6.738152495780791,0.6931476805598203,3.13549425940741,10.522876961253367,6.04500531640568,7.360103973625284,4.382026647173881,1.0986126220013874,-13.815510557964274,-13.815510557964274,1.0986126220013874,False,False,False,False,True,False
41763.20315581854,1,1,1,1,1,0,0,0.018543805526054044,-4.916188123940292,9.37211902762387,3.2580965764830196,2.6390574010438272,10.338076843001726,6.114022491728963,8.174421152928266,4.186801688238824,1.945910291912446,-13.815510557964274,-13.815510557964274,0.6931476805598203,False,False,False,False,False,True
7640.563613231552,1,0,1,0,0,0,0,0.04421895363991807,-7.358533207287776,10.004734619597597,9.999994999180668e-07,3.13549425940741,10.37481547912676,10.004734619597597,7.360103973625284,4.241502220944353,1.3862946111198593,6.971668605663877,4.382026647173881,1.3862946111198593,False,False,False,False,True,False
41763.20315581854,0,0,1,0,0,0,0,0.0,-4.647956251124853,4.521788587918605,3.5263605540279257,2.772588784739779,9.911230783913622,0.9954284219980282,8.174421152928266,-13.815510557964274,9.999994999180668e-07,-13.815510557964274,-13.815510557964274,1.0986126220013874,False,False,False,False,False,True
41763.20315581854,1,1,1,0,0,0,0,0.022860545356916912,-4.916188123940292,10.560489286485641,3.2580965764830196,2.944439031798018,10.277739456209474,7.302392749112163,8.174421152928266,4.396078400455114,1.6094381124340804,7.404279118645911,4.691347891403455,1.0986126220013874,False,False,False,False,False,True
6112.369742419302,1,1,0,1,0,0,0,0.02526206506067052,-6.236184658820706,9.511037381579488,1.7917596358947079,2.944439031798018,10.22522886173219,7.7192779127215845,8.028455164440302,4.350003763823595,1.945910291912446,6.5596152389096725,4.219507719881989,1.3862946111198593,False,False,False,True,False,False
6112.369742419302,0,0,0,0,0,0,1,0.021397130746657972,-8.02539285776425,8.945332616693618,9.999994999180668e-07,3.8066625119925415,7.868225738407096,8.945332616693618,8.028455164440302,4.183956736149883,9.999994999180668e-07,-13.815510557964274,-13.815510557964274,1.945910291912446,False,False,False,True,False,False
10412.863802559415,0,0,0,0,1,0,0,0.03945450233557835,-7.688557553728022,11.404772164238313,9.999994999180668e-07,2.890371813451719,10.348555670018838,11.404772164238313,7.69074316399891,4.458136064568061,0.6931476805598203,-13.815510557964274,-13.815510557964274,1.0986126220013874,True,False,False,False,False,False
6112.369742419302,1,1,1,0,1,0,0,0.01863151520797429,-8.02539285776425,6.08904487771442,9.999994999180668e-07,3.871201031741224,10.197555157509237,6.08904487771442,8.028455164440302,4.045554415552669,1.6094381124340804,1.945910291912446,-13.815510557964274,2.1972246884473243,False,False,False,True,False,False
41763.20315581854,0,1,1,0,0,0,0,0.0,-3.4294581638898682,4.644390908756757,4.744932137058902,2.3025851929940404,10.446089738097626,-0.10054012345325797,8.174421152928266,-13.815510557964274,1.0986126220013874,-13.815510557964274,-13.815510557964274,9.999994999180668e-07,False,False,False,False,False,True
6112.369742419302,0,0,1,0,0,0,0,0.021956886909650714,-6.64139434679697,9.157677719498285,1.3862946111198593,4.143134742264548,10.25355015412877,7.7713833586946155,8.028455164440302,4.209780744718293,1.3862946111198593,5.978885767432767,3.5263605540279257,2.397895363707457,False,False,False,True,False,False
6112.369742419302,0,0,0,0,0,0,1,0.020237680312110002,-6.236184658820706,7.354362331061272,1.7917596358947079,1.7917596358947079,7.868225738407096,5.5626028650321935,8.028455164440302,4.128246130008893,9.999994999180668e-07,4.060443027787798,0.6931476805598203,9.999994999180668e-07,False,False,False,True,False,False
6112.369742419302,0,0,0,1,1,0,1,0.025134968629625692,-7.3337756581647415,9.950561959969757,0.6931476805598203,2.48490673312133,10.13388219374145,9.257414779457513,8.028455164440302,4.344959947172537,1.3862946111198593,7.014814352174017,4.812184363502499,1.0986126220013874,False,False,False,True,False,False
6112.369742419302,1,0,1,0,1,0,1,0.024674168788938924,-6.236184658820706,8.412943170264414,1.7917596358947079,2.772588784739779,10.291141380320102,6.6211837021462365,8.028455164440302,4.326456796733356,1.7917596358947079,5.22035583048373,1.945910291912446,1.0986126220013874,False,False,False,True,False,False
7640.563613231552,0,0,0,1,0,0,0,0.0,-7.358533207287776,4.1108738805667535,9.999994999180668e-07,2.890371813451719,9.778095277150934,4.1108738805667535,7.360103973625284,-13.815510557964274,0.6931476805598203,-13.815510557964274,-13.815510557964274,1.0986126220013874,False,False,False,False,True,False
41763.20315581854,0,0,0,0,0,0,0,0.0,-5.609198832442679,7.4477512806306585,2.5649494343846104,1.7917596358947079,10.04909390444923,4.882801930162128,8.174421152928266,-13.815510557964274,0.6931476805598203,-13.815510557964274,-13.815510557964274,9.999994999180668e-07,False,False,False,False,False,True
6112.369742419302,0,0,1,0,0,0,0,0.016302575806977502,-8.02539285776425,4.787491751115379,9.999994999180668e-07,2.890371813451719,9.911230783913622,4.787491751115379,8.028455164440302,3.912023025428146,9.999994999180668e-07,0.6931476805598203,-13.815510557964274,1.0986126220013874,False,False,False,True,False,False
7640.563613231552,1,1,1,0,0,0,0,0.04708432770165263,-7.358533207287776,9.975296455329095,9.999994999180668e-07,3.9318256523321686,10.448598330631324,9.975296455329095,7.360103973625284,4.30428890798007,1.7917596358947079,-13.815510557964274,-13.815510557964274,2.3025851929940404,False,False,False,False,True,False
4092.5737704918033,0,0,1,0,0,0,0,0.10928961748633878,-4.3339411683944045,5.560681634861681,2.079441666679828,2.890371813451719,9.930382188212418,3.481240120104922,6.413458958806701,4.199705092879927,0.6931476805598203,-13.815510557964274,-13.815510557964274,1.0986126220013874,False,False,True,False,False,False
10412.863802559415,0,1,0,0,1,0,0,0.0,-7.688557553728022,6.4019171983855605,9.999994999180668e-07,2.397895363707457,9.533921779951479,6.4019171983855605,7.69074316399891,-13.815510557964274,0.6931476805598203,-13.815510557964274,-13.815510557964274,0.6931476805598203,True,False,False,False,False,False
6112.369742419302,1,1,0,0,1,0,0,0.023108505512803062,-8.02539285776425,9.634300062785957,9.999994999180668e-07,3.850147622986654,10.261614038567682,9.634300062785957,8.028455164440302,4.260900653016436,1.7917596358947079,6.580639138671912,3.6635616717706716,1.7917596358947079,False,False,False,True,False,False
6112.369742419302,0,0,0,0,0,0,1,0.006521030322791001,-6.928821064339634,5.517452900480772,1.0986126220013874,1.945910291912446,7.868225738407096,4.418840619844791,8.028455164440302,2.9957323235539897,9.999994999180668e-07,1.6094381124340804,-13.815510557964274,9.999994999180668e-07,False,False,False,True,False,False
10412.863802559415,1,0,0,0,1,0,0,0.03682166620569313,-7.688557553728022,10.252911269795922,9.999994999180668e-07,3.2188758648682,10.153618307374966,10.252911269795922,7.69074316399891,4.389074324487746,1.3862946111198593,7.393878290722762,4.85981241211361,1.3862946111198593,True,False,False,False,False,False
7640.563613231552,0,0,1,1,1,0,0,0.04387119417390542,-7.358533207287776,6.605297922301382,9.999994999180668e-07,3.332204545889489,10.291932039869998,6.605297922301382,7.360103973625284,4.233606644055608,1.0986126220013874,-13.815510557964274,-13.815510557964274,1.3862946111198593,False,False,False,False,True,False
6112.369742419302,0,0,0,0,0,0,1,0.021622363701885947,-7.3337756581647415,8.161945799753997,0.6931476805598203,3.6375861860421748,9.38703911585782,7.468798619479359,8.028455164440302,4.194428035858448,0.6931476805598203,-13.815510557964274,-13.815510557964274,1.945910291912446,False,False,False,True,False,False
4092.5737704918033,0,0,0,0,0,0,1,0.16393442622950818,-6.412849143141731,4.962844637252914,9.999994999180668e-07,3.09104249881286,5.85555732140996,4.962844637252914,6.413458958806701,4.605170195988091,9.999994999180668e-07,-13.815510557964274,-13.815510557964274,1.0986126220013874,False,False,True,False,False,False
41763.20315581854,0,1,1,1,0,0,1,0.022231252134789114,-5.689218796583907,11.205788704697907,2.48490673312133,3.2580965764830196,10.66683206112022,8.720882055059455,8.174421152928266,4.36816493907996,1.7917596358947079,7.819234454260999,4.718498880223666,1.6094381124340804,False,False,False,False,False,True
6112.369742419302,1,0,0,0,1,0,0,0.0,-8.02539285776425,7.222566019552097,9.999994999180668e-07,3.2188758648682,10.092953778978782,7.222566019552097,8.028455164440302,-13.815510557964274,1.0986126220013874,-13.815510557964274,-13.815510557964274,1.3862946111198593,False,False,False,True,False,False
41763.20315581854,0,1,1,0,0,0,0,0.01878463416924955,-4.2231091863939945,7.581719640634993,3.9512437378121965,3.5835189662338873,10.172010642050127,3.6304759480474487,8.174421152928266,4.199705092879927,1.0986126220013874,4.094344578888768,2.079441666679828,1.7917596358947079,False,False,False,False,False,True
10412.863802559415,1,0,0,0,1,0,0,0.03705897805679607,-7.688557553728022,9.492205559181837,9.999994999180668e-07,2.079441666679828,10.083916660733392,9.492205559181837,7.69074316399891,4.395498541999695,1.3862946111198593,6.525029659309737,2.944439031798018,9.999994999180668e-07,True,False,False,False,False,False
41763.20315581854,1,0,0,0,1,0,0,0.023662214922506246,-5.689218796583907,11.914141558795674,2.48490673312133,3.13549425940741,9.975193602902497,9.429234909081318,8.174421152928266,4.4305453543862505,1.3862946111198593,-13.815510557964274,-13.815510557964274,1.0986126220013874,False,False,False,False,False,True
7640.563613231552,0,0,1,0,1,0,1,0.031806615776081425,-7.358533207287776,6.3080984433310245,9.999994999180668e-07,3.332204545889489,9.862246779179781,6.3080984433310245,7.360103973625284,3.912023025428146,1.3862946111198593,2.48490673312133,-13.815510557964274,1.6094381124340804,False,False,False,False,True,False
6112.369742419302,1,0,0,0,0,0,0,0.032605151613955004,-8.02539285776425,4.744932137058902,9.999994999180668e-07,2.6390574010438272,10.32389724513457,4.744932137058902,8.028455164440302,4.605170195988091,0.6931476805598203,-13.815510557964274,-13.815510557964274,1.3862946111198593,False,False,False,True,False,False
6112.369742419302,0,0,0,0,0,0,0,0.0,-8.02539285776425,4.382026647173881,9.999994999180668e-07,2.9957323235539897,9.293493489888165,4.382026647173881,8.028455164440302,-13.815510557964274,0.6931476805598203,-13.815510557964274,-13.815510557964274,1.3862946111198593,False,False,False,True,False,False
4092.5737704918033,0,0,1,1,0,0,0,0.0,-3.928501475337993,4.948759897470366,2.48490673312133,2.944439031798018,10.41831635451246,2.4638533256965474,6.413458958806701,-13.815510557964274,0.6931476805598203,9.999994999180668e-07,-13.815510557964274,0.6931476805598203,False,False,True,False,False,False
41763.20315581854,0,0,0,0,0,0,0,0.01921155767309613,-3.8977057431785687,6.878326469321191,4.2766661329049445,2.6390574010438272,9.293493489888165,2.6016604234256273,8.174421152928266,4.222177948398652,0.6931476805598203,3.09104249881286,1.3862946111198593,1.0986126220013874,False,False,False,False,False,True
41763.20315581854,1,0,0,1,1,0,1,0.023004282996589447,-5.689218796583907,11.978374990013682,2.48490673312133,2.079441666679828,10.596812105452798,9.493468340294747,8.174421152928266,4.402346301748818,2.079441666679828,8.732143267863236,6.135564893246241,9.999994999180668e-07,False,False,False,False,False,True
6112.369742419302,0,0,0,0,0,0,1,0.022266932809530248,-7.3337756581647415,7.177782416958556,0.6931476805598203,1.3862946111198593,7.868225738407096,6.484635237161969,8.028455164440302,4.223802644101845,9.999994999180668e-07,3.7135720910945516,9.999994999180668e-07,9.999994999180668e-07,False,False,False,True,False,False
6112.369742419302,1,1,1,0,0,0,1,0.019359308770785785,-6.64139434679697,7.00850518298644,1.3862946111198593,2.079441666679828,9.805964168356304,5.622210824579026,8.028455164440302,4.083873279196911,1.3862946111198593,3.465735934049726,9.999994999180668e-07,0.6931476805598203,False,False,False,True,False,False
41763.20315581854,0,0,1,0,0,0,0,0.023904094382926264,-5.689218796583907,10.370549358892285,2.48490673312133,3.332204545889489,10.093202307287365,7.885642709449048,8.174421152928266,4.440715642810061,0.6931476805598203,6.849066283693903,3.7376696420928917,1.3862946111198593,False,False,False,False,False,True
7640.563613231552,0,1,1,0,0,0,0,0.0,-6.260967821561102,4.86753445814789,1.0986126220013874,3.5263605540279257,10.118270002685447,3.7689221848643957,7.360103973625284,-13.815510557964274,0.6931476805598203,-13.815510557964274,-13.815510557964274,1.3862946111198593,False,False,False,False,True,False
41763.20315581854,0,1,0,0,0,0,1,0.0,-5.658520592276317,8.410943391795946,2.515613875923528,3.09104249881286,10.182851101236952,5.895329599215559,8.174421152928266,-13.815510557964274,0.6931476805598203,-13.815510557964274,-13.815510557964274,1.3862946111198593,False,False,False,False,False,True
7640.563613231552,1,1,1,0,0,0,0,0.0502209722780233,-5.413969277717656,6.682108598702942,1.945910291912446,3.5263605540279257,10.210970402722326,4.7361984571664255,7.360103973625284,4.368781420590527,1.7917596358947079,2.944439031798018,-13.815510557964274,1.6094381124340804,False,False,False,False,True,False
6112.369742419302,1,0,1,0,1,0,0,0.022699789098323108,-8.02539285776425,7.6231530689659,9.999994999180668e-07,3.688879479113936,10.21965842000357,7.6231530689659,8.028455164440302,4.243055533117177,1.6094381124340804,4.369447865125249,1.6094381124340804,1.945910291912446,False,False,False,True,False,False
6112.369742419302,0,0,1,0,0,0,0,0.02852950766221063,-8.02539285776425,7.0690234274293235,9.999994999180668e-07,2.6390574010438272,9.911230783913622,7.0690234274293235,8.028455164440302,4.47163880479214,9.999994999180668e-07,3.688879479113936,9.999994999180668e-07,1.0986126220013874,False,False,False,True,False,False
7640.563613231552,1,1,0,0,0,0,1,0.0,-7.358533207287776,4.2341065190900125,9.999994999180668e-07,3.5835189662338873,9.56888296407913,4.2341065190900125,7.360103973625284,-13.815510557964274,1.0986126220013874,-13.815510557964274,-13.815510557964274,1.7917596358947079,False,False,False,False,True,False
41763.20315581854,0,0,1,0,0,0,0,0.02334661675321016,-5.689218796583907,7.725330038358636,2.48490673312133,2.944439031798018,9.911230783913622,5.240423393427148,8.174421152928266,4.417117966554117,9.999994999180668e-07,-13.815510557964274,-13.815510557964274,0.6931476805598203,False,False,False,False,False,True
10412.863802559415,0,1,0,1,0,1,0,0.039609993906154786,-7.688557553728022,7.51479976103363,9.999994999180668e-07,2.890371813451719,10.542101061244548,7.51479976103363,7.69074316399891,4.462069353885879,1.6094381124340804,3.8066625119925415,1.0986126220013874,1.3862946111198593,True,False,False,False,False,False
10412.863802559415,0,0,0,0,0,0,0,0.04570383912248629,-7.688557553728022,4.442651268255022,9.999994999180668e-07,2.9957323235539897,7.921224239854798,4.442651268255022,7.69074316399891,4.605170195988091,9.999994999180668e-07,-13.815510557964274,-13.815510557964274,1.0986126220013874,True,False,False,False,False,False
41763.20315581854,0,0,1,0,0,0,1,0.0,-5.609198832442679,3.970291932420046,2.5649494343846104,2.1972246884473243,10.091897029969894,1.4053428013735738,8.174421152928266,-13.815510557964274,1.3862946111198593,-13.815510557964274,-13.815510557964274,9.999994999180668e-07,False,False,False,False,False,True
41763.20315581854,0,0,1,1,0,0,1,0.023166199362884037,-4.996219458230981,11.961622461476779,3.1780538720146114,2.1972246884473243,10.583825182048777,8.783568631275678,8.174421152928266,4.409360178140209,1.7917596358947079,8.913819350991714,6.3784261853493796,0.6931476805598203,False,False,False,False,False,True
41763.20315581854,0,0,0,1,0,1,0,0.023252330944638636,-5.083217394116741,9.930762194719664,3.09104249881286,2.397895363707457,10.867540027620326,6.839719742383096,8.174421152928266,4.413071268473746,1.3862946111198593,6.318968115548237,3.9318256523321686,1.0986126220013874,False,False,False,False,False,True
41763.20315581854,1,0,0,1,1,0,0,0.02227944982864482,-4.996219458230981,7.636269603861999,3.1780538720146114,3.8066625119925415,10.23619808890742,4.458215784614439,8.174421152928266,4.370330607557749,1.6094381124340804,3.761200138949376,9.999994999180668e-07,1.945910291912446,False,False,False,False,False,True
6112.369742419302,0,0,1,1,0,0,0,0.02328939400996786,-8.02539285776425,9.001099725954239,9.999994999180668e-07,2.890371813451719,10.047524918149158,9.001099725954239,8.028455164440302,4.268697963366878,0.6931476805598203,-13.815510557964274,-13.815510557964274,1.0986126220013874,False,False,False,True,False,False
41763.20315581854,1,1,1,1,0,0,0,0.02222407422840792,-4.262327169737311,10.347500070288604,3.912023025428146,2.9957323235539897,10.412758012230638,6.435477066432028,8.174421152928266,4.367842012360496,1.6094381124340804,6.970730079082493,4.804021052929977,0.6931476805598203,False,False,False,False,False,True
6112.369742419302,0,0,1,0,0,0,1,0.0,-8.02539285776425,4.04305128537841,9.999994999180668e-07,2.944439031798018,9.566261260676077,4.04305128537841,8.028455164440302,-13.815510557964274,0.6931476805598203,-13.815510557964274,-13.815510557964274,1.0986126220013874,False,False,False,True,False,False
41763.20315581854,0,1,1,1,0,0,0,0.023394193011420563,-5.689218796583907,12.214710233930717,2.48490673312133,3.401197414995488,10.753141092701792,9.729803584197242,8.174421152928266,4.419153715370071,1.7917596358947079,-13.815510557964274,-13.815510557964274,1.6094381124340804,False,False,False,False,False,True
41763.20315581854,0,0,1,1,0,0,0,0.02049232818463588,-4.204062279072096,7.46393660504232,3.970291932420046,2.890371813451719,9.97925794463913,3.493644721306711,8.174421152928266,4.286716468619557,1.3862946111198593,3.09104249881286,-13.815510557964274,0.6931476805598203,False,False,False,False,False,True
6112.369742419302,1,0,1,0,0,0,0,0.0,-8.02539285776425,5.54907608878627,9.999994999180668e-07,2.6390574010438272,9.914029007665217,5.54907608878627,8.028455164440302,-13.815510557964274,0.6931476805598203,-13.815510557964274,-13.815510557964274,9.999994999180668e-07,False,False,False,True,False,False
6112.369742419302,1,1,0,0,0,1,0,0.023044242494073462,-8.02539285776425,8.189799619005697,9.999994999180668e-07,3.0445224853424695,10.736901897787455,8.189799619005697,8.028455164440302,4.258115854185277,2.079441666679828,4.890349135740551,2.5649494343846104,1.0986126220013874,False,False,False,True,False,False
7640.563613231552,0,0,1,0,0,0,0,0.04757163403031309,-6.260967821561102,7.979338895604793,1.0986126220013874,3.6375861860421748,10.093202307287365,6.880726607621615,7.360103973625284,4.314585367250442,0.6931476805598203,4.744932137058902,1.6094381124340804,1.3862946111198593,False,False,False,False,True,False
7640.563613231552,0,0,0,1,0,0,0,0.02385496183206107,-7.358533207287776,7.298445102184737,9.999994999180668e-07,1.7917596358947079,9.585520966175313,7.298445102184737,7.360103973625284,3.6243409596430314,0.6931476805598203,-13.815510557964274,-13.815510557964274,9.999994999180668e-07,False,False,False,False,True,False
10412.863802559415,1,0,0,0,1,0,0,0.030469226081657523,-7.688557553728022,5.472270677873155,9.999994999180668e-07,3.401197414995488,10.092953778978782,5.472270677873155,7.69074316399891,4.199705092879927,1.0986126220013874,1.0986126220013874,-13.815510557964274,1.6094381124340804,True,False,False,False,False,False
41763.20315581854,1,0,1,0,0,0,1,0.024862015812242056,-5.689218796583907,6.614725601544244,2.48490673312133,3.6635616717706716,10.411562531980799,4.129818966501551,8.174421152928266,4.480007054367419,1.7917596358947079,2.833213402879744,9.999994999180668e-07,1.6094381124340804,False,False,False,False,False,True
4092.5737704918033,1,1,0,0,0,0,0,0.0,-3.155338957882631,4.356708839510104,3.2580965764830196,2.9957323235539897,9.920251159295926,1.0986126220013874,6.413458958806701,-13.815510557964274,0.6931476805598203,-13.815510557964274,-13.815510557964274,1.6094381124340804,False,False,True,False,False,False
7640.563613231552,1,0,0,0,0,0,0,0.04926907149628299,-7.358533207287776,7.792761721229237,9.999994999180668e-07,3.0445224853424695,10.404348957644663,7.792761721229237,7.360103973625284,4.349645238082234,1.3862946111198593,4.624972823088193,1.945910291912446,0.6931476805598203,False,False,False,False,True,False
6112.369742419302,0,0,1,0,0,0,1,0.025394098063490217,-6.928821064339634,9.91620632499327,1.0986126220013874,3.2188758648682,10.47031843878099,8.817594036423896,8.028455164440302,4.355216685291454,1.0986126220013874,6.955592609349586,4.394449167018117,1.6094381124340804,False,False,False,True,False,False
41763.20315581854,0,0,1,1,0,0,0,0.023351708324483054,-5.689218796583907,11.725541799072408,2.48490673312133,2.397895363707457,10.540130875347494,9.24063514937334,8.174421152928266,4.417336028817513,1.3862946111198593,-13.815510557964274,-13.815510557964274,9.999994999180668e-07,False,False,False,False,False,True
41763.20315581854,1,1,1,1,0,0,0,0.02168377873933689,-4.303146206971848,10.621839409705625,3.871201031741224,2.6390574010438272,10.246817662707462,6.750638399943489,8.174421152928266,4.343230344137364,1.6094381124340804,7.407924323166027,4.615120526742249,0.6931476805598203,False,False,False,False,False,True
41763.20315581854,0,0,1,0,0,0,0,0.0,-4.916188123940292,4.532599503905944,3.2580965764830196,2.7080502677688743,9.911230783913622,1.2745032347016274,8.174421152928266,-13.815510557964274,9.999994999180668e-07,-13.815510557964274,-13.815510557964274,0.6931476805598203,False,False,False,False,False,True
41763.20315581854,0,1,1,0,0,0,0,0.014088475626937165,-4.48545297746839,6.34913899312805,3.688879479113936,2.1972246884473243,9.641237371538152,2.660259607195929,8.174421152928266,3.912023025428146,0.6931476805598203,1.7917596358947079,-13.815510557964274,9.999994999180668e-07,False,False,False,False,False,True
6112.369742419302,0,1,1,1,1,0,0,0.026159219529046433,-7.3337756581647415,9.53856439981292,0.6931476805598203,2.6390574010438272,10.082575783936086,8.845417219324995,8.028455164440302,4.384901589223595,1.7917596358947079,6.2557500436727524,3.401197414995488,1.0986126220013874,False,False,False,True,False,False
7640.563613231552,0,0,1,0,0,0,0,0.04715191286103299,-5.9734166890735345,8.6139568600301,1.3862946111198593,4.077537460854872,9.930382188212418,7.227662499454872,7.360103973625284,4.305723285447848,0.6931476805598203,5.4293456333404055,3.2188758648682,2.1972246884473243,False,False,False,False,True,False
6112.369742419302,1,1,0,1,0,0,0,0.024674168788938924,-7.3337756581647415,7.686162303952043,0.6931476805598203,3.465735934049726,10.660451627454043,6.993015123851234,8.028455164440302,4.326456796733356,1.0986126220013874,-13.815510557964274,-13.815510557964274,1.3862946111198593,False,False,False,True,False,False
10412.863802559415,0,0,0,1,0,0,0,0.031992687385740404,-7.688557553728022,5.808142492983447,9.999994999180668e-07,2.6390574010438272,9.797925220956992,5.808142492983447,7.69074316399891,4.248495256335073,9.999994999180668e-07,2.3025851929940404,-13.815510557964274,0.6931476805598203,True,False,False,False,False,False
41763.20315581854,0,0,0,0,0,0,1,0.01878463416924955,-4.955403377853663,5.910796646750554,3.2188758648682,3.4339872367432105,5.85555732140996,2.691920886923002,8.174421152928266,4.199705092879927,9.999994999180668e-07,1.7917596358947079,-13.815510557964274,1.3862946111198593,False,False,False,False,False,True
10412.863802559415,0,0,0,0,0,1,0,0.030469226081657523,-7.688557553728022,5.799092657490829,9.999994999180668e-07,1.7917596358947079,9.900595580972958,5.799092657490829,7.69074316399891,4.199705092879927,0.6931476805598203,-13.815510557964274,-13.815510557964274,9.999994999180668e-07,True,False,False,False,False,False
6112.369742419302,1,0,0,0,1,0,0,0.026863363908352866,-6.64139434679697,8.411165786993077,1.3862946111198593,3.09104249881286,9.723818703857418,7.024871426540299,8.028455164440302,4.411463319106415,1.0986126220013874,5.068904208509539,1.3862946111198593,1.0986126220013874,False,False,False,True,False,False
10412.863802559415,1,1,1,0,0,0,1,0.03111750748765024,-7.688557553728022,7.0825485701949304,9.999994999180668e-07,3.8066625119925415,9.95149133455282,7.0825485701949304,7.69074316399891,4.22075850176526,1.6094381124340804,3.850147622986654,1.0986126220013874,1.945910291912446,True,False,False,False,False,False
10412.863802559415,1,0,0,0,0,0,0,0.011425959780621572,-7.688557553728022,5.602118824569738,9.999994999180668e-07,2.944439031798018,9.999984810233544,5.602118824569738,7.69074316399891,3.2188758648682,0.6931476805598203,-13.815510557964274,-13.815510557964274,1.0986126220013874,True,False,False,False,False,False
6112.369742419302,1,0,0,0,1,0,0,0.027456969780172633,-7.3337756581647415,7.962415680469374,0.6931476805598203,3.610917939671251,10.317595082126653,7.26926850025774,8.028455164440302,4.433319940936432,1.0986126220013874,4.553876902126857,1.0986126220013874,1.6094381124340804,False,False,False,True,False,False
10412.863802559415,0,1,0,1,0,1,0,0.038095721150347435,-7.688557553728022,11.81845973446071,9.999994999180668e-07,4.060443027787798,10.905527806576357,11.81845973446071,7.69074316399891,4.4230898666175715,1.3862946111198593,-13.815510557964274,-13.815510557964274,2.079441666679828,True,False,False,False,False,False
41763.20315581854,0,0,0,1,0,0,1,0.0,-5.658520592276317,7.807510042622862,2.515613875923528,1.7917596358947079,10.26941892403075,5.291896252138164,8.174421152928266,-13.815510557964274,1.3862946111198593,-13.815510557964274,-13.815510557964274,9.999994999180668e-07,False,False,False,False,False,True
41763.20315581854,0,0,1,0,1,1,0,0.023949441172181812,-5.535110355156934,12.968207030896682,2.6390574010438272,3.2580965764830196,10.360012157996898,10.329149701311756,8.174421152928266,4.442610875911187,1.7917596358947079,9.768583790128547,7.909122183578789,1.3862946111198593,False,False,False,False,False,True
41763.20315581854,1,1,1,0,0,0,0,0.022632945709868787,-5.609198832442679,10.94755565436971,2.5649494343846104,1.945910291912446,10.281751111995778,8.382606297119386,8.174421152928266,4.386072505642955,1.6094381124340804,-13.815510557964274,-13.815510557964274,9.999994999180668e-07,False,False,False,False,False,True
41763.20315581854,1,1,1,0,0,0,0,0.02035002035002035,-4.5107685106570985,6.324358964173426,3.6635616717706716,2.5649494343846104,10.06271263427239,2.660797386144135,8.174421152928266,4.279747799399617,1.6094381124340804,2.890371813451719,0.6931476805598203,0.6931476805598203,False,False,False,False,False,True
41763.20315581854,1,1,0,1,0,0,0,0.01766316347257794,-4.303146206971848,8.193953023840061,3.871201031741224,2.9957323235539897,10.378088296235285,4.322752025919184,8.174421152928266,4.138147200832875,1.6094381124340804,4.204692634316339,1.6094381124340804,1.3862946111198593,False,False,False,False,False,True
6112.369742419302,1,0,0,0,1,0,0,0.02794727281196143,-6.928821064339634,6.391917115067644,1.0986126220013874,2.3025851929940404,9.704884196475403,5.293304829749618,8.028455164440302,4.4510195178275,0.6931476805598203,2.6390574010438272,-13.815510557964274,9.999994999180668e-07,False,False,False,True,False,False
6112.369742419302,0,0,1,0,0,0,1,0.023166818252020663,-6.928821064339634,7.530479995782017,1.0986126220013874,2.944439031798018,9.344427357142143,6.431867708186869,8.028455164440302,4.263420906340109,0.6931476805598203,4.330733353444225,1.7917596358947079,1.0986126220013874,False,False,False,True,False,False
41763.20315581854,1,1,0,0,0,0,1,0.012075836251660426,-4.916188123940292,5.929589146049469,3.2580965764830196,2.890371813451719,9.56888296407913,2.671492674517346,8.174421152928266,3.7578723489342205,1.0986126220013874,1.945910291912446,-13.815510557964274,0.6931476805598203,False,False,False,False,False,True
41763.20315581854,0,0,1,1,0,0,0,0.023744049338707843,-5.689218796583907,10.15657818025711,2.48490673312133,2.890371813451719,10.271172236488965,7.671671530896128,8.174421152928266,4.433997830458355,1.0986126220013874,6.315358003330653,4.04305128537841,0.6931476805598203,False,False,False,False,False,True
41763.20315581854,0,0,0,0,0,0,1,0.0,-5.658520592276317,7.493873887340042,2.515613875923528,2.7080502677688743,6.342515951676863,4.978260098559355,8.174421152928266,-13.815510557964274,9.999994999180668e-07,-13.815510557964274,-13.815510557964274,0.6931476805598203,False,False,False,False,False,True
41763.20315581854,1,1,0,1,0,0,0,0.02283438030044365,-4.916188123940292,11.810842481241837,3.2580965764830196,2.833213402879744,10.51856207150241,8.552745943405945,8.174421152928266,4.394933194127112,1.945910291912446,8.536995818908496,6.393590755622872,0.6931476805598203,False,False,False,False,False,True
6112.369742419302,0,0,0,0,0,0,1,0.021736767742636668,-8.02539285776425,6.084499415353076,9.999994999180668e-07,3.7376696420928917,7.868225738407096,6.084499415353076,8.028455164440302,4.199705092879927,9.999994999180668e-07,2.48490673312133,-13.815510557964274,1.945910291912446,False,False,False,True,False,False
7640.563613231552,0,1,1,1,0,0,0,0.04882745340760608,-5.280465950612912,8.699681401156152,2.079441666679828,3.332204545889489,10.285236884393825,6.620239860642788,7.360103973625284,4.340641431539196,1.0986126220013874,5.22035583048373,2.079441666679828,1.3862946111198593,False,False,False,False,True,False
10412.863802559415,0,0,0,0,0,1,0,0.0,-7.688557553728022,4.356708839510104,9.999994999180668e-07,3.5263605540279257,8.362116469142244,4.356708839510104,7.69074316399891,-13.815510557964274,9.999994999180668e-07,-13.815510557964274,-13.815510557964274,1.7917596358947079,True,False,False,False,False,False
6112.369742419302,1,1,1,1,0,0,1,0.025454899067035047,-6.64139434679697,7.784057003056248,1.3862946111198593,3.2188758648682,10.585568648710048,6.397762643185317,8.028455164440302,4.357608120134724,1.945910291912446,4.7361984571664255,1.945910291912446,1.0986126220013874,False,False,False,True,False,False
41763.20315581854,1,0,1,0,1,0,0,0.022640235151459336,-5.689218796583907,9.475470040034162,2.48490673312133,2.944439031798018,10.234315674889134,6.99056339108998,8.174421152928266,4.38639452593948,1.7917596358947079,6.24222326740069,2.890371813451719,1.0986126220013874,False,False,False,False,False,True
7640.563613231552,1,0,1,1,1,1,0,0.03425327852808769,-6.666171101165439,7.201916318276783,0.6931476805598203,2.890371813451719,10.328102830096094,6.508769138461995,7.360103973625284,3.9861309961532965,1.6094381124340804,-13.815510557964274,-13.815510557964274,1.0986126220013874,False,False,False,False,True,False
7640.563613231552,0,0,0,0,0,0,1,0.04240882103477523,-5.413969277717656,4.828313745302301,1.945910291912446,3.2958369030413657,5.85555732140996,2.8824036442469865,7.360103973625284,4.199705092879927,9.999994999180668e-07,1.0986126220013874,-13.815510557964274,1.0986126220013874,False,False,False,False,True,False
41763.20315581854,0,0,1,1,0,0,0,0.02294968687799158,-5.689218796583907,11.36651144652627,2.48490673312133,2.5649494343846104,10.450715822952716,8.881604796865613,8.174421152928266,4.399970178695047,1.6094381124340804,8.245646901136258,6.280395840832854,0.6931476805598203,False,False,False,False,False,True
6112.369742419302,0,0,0,0,0,0,1,0.022724802640029247,-8.02539285776425,6.941190056035492,9.999994999180668e-07,2.772588784739779,7.868225738407096,6.941190056035492,8.028455164440302,4.244156854798587,9.999994999180668e-07,3.49650759176951,-13.815510557964274,0.6931476805598203,False,False,False,True,False,False
7640.563613231552,0,0,0,1,0,0,0,0.04594288945433983,-6.666171101165439,6.85961490470352,0.6931476805598203,2.9957323235539897,9.698925101727287,6.166467725192892,7.360103973625284,4.279747799399617,0.6931476805598203,-13.815510557964274,-13.815510557964274,1.3862946111198593,False,False,False,False,True,False
10412.863802559415,0,0,1,0,0,0,0,0.039990859232175505,-7.688557553728022,6.304448804250135,9.999994999180668e-07,2.890371813451719,9.911230783913622,6.304448804250135,7.69074316399891,4.47163880479214,9.999994999180668e-07,3.1780538720146114,-13.815510557964274,1.0986126220013874,True,False,False,False,False,False
7640.563613231552,1,0,0,0,1,0,0,0.04487445016470403,-7.358533207287776,8.608312784966303,9.999994999180668e-07,4.189654757177941,10.153618307374966,8.608312784966303,7.360103973625284,4.256217302319094,1.3862946111198593,-13.815510557964274,-13.815510557964274,2.1972246884473243,False,False,False,False,True,False
41763.20315581854,0,0,0,0,1,1,0,0.025034820952750208,-4.996219458230981,13.420350173351816,3.1780538720146114,2.397895363707457,10.981470285617247,10.242296343038017,8.174421152928266,4.486933578798433,0.6931476805598203,9.79350526185571,9.05204779309874,9.999994999180668e-07,False,False,False,False,False,True
10412.863802559415,0,0,1,0,1,0,0,0.02856489945155393,-7.688557553728022,6.530877629183611,9.999994999180668e-07,4.094344578888768,10.120033131481884,6.530877629183611,7.69074316399891,4.135166572742356,1.0986126220013874,2.772588784739779,9.999994999180668e-07,2.3025851929940404,True,False,False,False,False,False
6112.369742419302,1,0,1,0,0,0,1,0.02195857149511255,-8.02539285776425,7.149131599342953,9.999994999180668e-07,2.9957323235539897,10.265521395059137,7.149131599342953,8.028455164440302,4.20985746419243,1.3862946111198593,3.8918203185187896,1.0986126220013874,1.0986126220013874,False,False,False,True,False,False
10412.863802559415,0,0,0,0,0,1,0,0.04570383912248629,-7.688557553728022,4.890349135740551,9.999994999180668e-07,3.332204545889489,8.362116469142244,4.890349135740551,7.69074316399891,4.605170195988091,9.999994999180668e-07,-13.815510557964274,-13.815510557964274,1.3862946111198593,True,False,False,False,False,False
4092.5737704918033,1,1,0,0,0,0,0,0.0,-5.314643355835334,5.267858164217968,1.0986126220013874,3.610917939671251,10.200079451989097,4.1692458858591355,6.413458958806701,-13.815510557964274,1.3862946111198593,-13.815510557964274,-13.815510557964274,2.079441666679828,False,False,True,False,False,False
6112.369742419302,0,1,0,0,0,0,1,0.02250214688850416,-6.928821064339634,7.91753635430793,1.0986126220013874,3.09104249881286,10.072221598576762,6.818924066368417,8.028455164440302,4.234310621547198,1.3862946111198593,4.262679891125822,1.0986126220013874,1.3862946111198593,False,False,False,True,False,False
41763.20315581854,1,0,0,0,1,0,0,0.020931449502878077,-3.5204270030601803,8.476787776989445,4.653960359681333,3.2580965764830196,10.313448663146847,3.822827448489564,8.174421152928266,4.307918675981698,1.3862946111198593,4.941642429752162,1.7917596358947079,1.0986126220013874,False,False,False,False,False,True
41763.20315581854,0,0,1,0,0,0,1,0.0,-4.740319470843161,3.9318256523321686,3.4339872367432105,2.7080502677688743,9.324406699842474,0.49783903608213204,8.174421152928266,-13.815510557964274,0.6931476805598203,-13.815510557964274,-13.815510557964274,1.0986126220013874,False,False,False,False,False,True
10412.863802559415,0,0,1,0,0,0,1,0.0,-7.688557553728022,5.062595039356081,9.999994999180668e-07,3.4339872367432105,9.324406699842474,5.062595039356081,7.69074316399891,-13.815510557964274,0.6931476805598203,9.999994999180668e-07,-13.815510557964274,1.7917596358947079,True,False,False,False,False,False
7640.563613231552,1,0,0,0,1,1,0,0.05220433676291625,-7.358533207287776,10.919569319281342,9.999994999180668e-07,4.1108738805667535,10.26901308850813,10.919569319281342,7.360103973625284,4.407514277379461,1.7917596358947079,7.699842407849885,5.641907074484213,2.397895363707457,False,False,False,False,True,False
41763.20315581854,1,0,0,0,0,1,0,0.024203278641148462,-5.689218796583907,7.778211474931253,2.48490673312133,3.09104249881286,10.456552005211737,5.293304829749618,8.174421152928266,4.4531539903312565,1.3862946111198593,4.356708839510104,1.0986126220013874,1.3862946111198593,False,False,False,False,False,True
41763.20315581854,1,0,0,0,0,0,0,0.023680530414152877,-5.689218796583907,11.313876786672266,2.48490673312133,3.2188758648682,10.506927979396247,8.828970137018493,8.174421152928266,4.43131909457441,1.0986126220013874,-13.815510557964274,-13.815510557964274,1.0986126220013874,False,False,False,False,False,True
6112.369742419302,0,0,0,0,0,0,1,0.0,-8.02539285776425,4.007333203414289,9.999994999180668e-07,3.332204545889489,10.050141783116208,4.007333203414289,8.028455164440302,-13.815510557964274,0.6931476805598203,-13.815510557964274,-13.815510557964274,1.6094381124340804,False,False,False,True,False,False
7640.563613231552,1,0,0,0,0,0,0,0.021204410517387615,-7.358533207287776,4.934473940324937,9.999994999180668e-07,3.0445224853424695,9.327943316009462,4.934473940324937,7.360103973625284,3.506557927319981,9.999994999180668e-07,-13.815510557964274,-13.815510557964274,1.3862946111198593,False,False,False,False,True,False
10412.863802559415,0,0,1,0,1,0,0,0.03739405019112515,-7.688557553728022,6.3902406687432025,9.999994999180668e-07,4.007333203414289,10.120033131481884,6.3902406687432025,7.69074316399891,4.404499502748163,1.0986126220013874,2.397895363707457,9.999994999180668e-07,1.945910291912446,True,False,False,False,False,False
6112.369742419302,1,0,0,1,1,1,1,0.01992537043075028,-6.928821064339634,7.137278438055298,1.0986126220013874,2.079441666679828,10.355667567183152,6.038666150977014,8.028455164440302,4.112693717253934,2.079441666679828,3.988984065082793,-13.815510557964274,0.6931476805598203,False,False,False,True,False,False
41763.20315581854,0,0,1,0,0,0,0,0.023070783271697547,-5.689218796583907,11.46519423993729,2.48490673312133,2.833213402879744,10.329524889484052,8.980287590264666,8.174421152928266,4.4052329094460765,1.0986126220013874,-13.815510557964274,-13.815510557964274,1.0986126220013874,False,False,False,False,False,True
41763.20315581854,0,0,1,0,1,0,0,0.022600262984878373,-5.609198832442679,8.18813341478841,2.5649494343846104,3.09104249881286,9.87694151730231,5.6231840606620604,8.174421152928266,4.384627428841472,1.0986126220013874,-13.815510557964274,-13.815510557964274,1.0986126220013874,False,False,False,False,False,True
41763.20315581854,1,1,0,0,1,0,1,0.009392317084624775,-4.2231091863939945,6.684611728917927,3.9512437378121965,3.9318256523321686,10.36667889010613,2.733368074086498,8.174421152928266,3.506557927319981,2.1972246884473243,1.7917596358947079,9.999994999180668e-07,2.079441666679828,False,False,False,False,False,True
7640.563613231552,1,0,0,1,1,0,0,0.04240882103477523,-7.358533207287776,6.530877629183611,9.999994999180668e-07,3.610917939671251,10.00886508349953,6.530877629183611,7.360103973625284,4.199705092879927,1.7917596358947079,-13.815510557964274,-13.815510557964274,1.7917596358947079,False,False,False,False,True,False
41763.20315581854,0,0,1,1,0,0,0,0.02405977116198402,-4.955403377853663,11.362962670375659,3.2188758648682,2.5649494343846104,10.245158196672675,8.144086845786289,8.174421152928266,4.447207084737407,1.6094381124340804,-13.815510557964274,-13.815510557964274,0.6931476805598203,False,False,False,False,False,True
6112.369742419302,0,0,0,1,0,0,1,0.0,-8.02539285776425,3.9512437378121965,9.999994999180668e-07,2.48490673312133,9.2231297982103,3.9512437378121965,8.028455164440302,-13.815510557964274,0.6931476805598203,-13.815510557964274,-13.815510557964274,1.0986126220013874,False,False,False,True,False,False
7640.563613231552,1,1,1,0,0,0,1,0.04770992366412214,-7.358533207287776,6.075346033387535,9.999994999180668e-07,2.9957323235539897,10.375632708235994,6.075346033387535,7.360103973625284,4.317488126869644,1.3862946111198593,2.772588784739779,-13.815510557964274,1.0986126220013874,False,False,False,False,True,False
7640.563613231552,0,0,0,1,0,0,0,0.042367406170483464,-5.0573616923497315,9.780415555002682,2.3025851929940404,3.6375861860421748,10.293512203509344,7.477830462517571,7.360103973625284,4.198728053246763,1.0986126220013874,-13.815510557964274,-13.815510557964274,1.945910291912446,False,False,False,False,True,False
41763.20315581854,0,0,1,1,0,0,0,0.02303538386012613,-5.609198832442679,10.433792221869025,2.5649494343846104,2.9957323235539897,10.322347200737193,7.868842864760543,8.174421152928266,4.403697348357541,1.6094381124340804,6.877296072528356,4.382026647173881,1.0986126220013874,False,False,False,False,False,True
41763.20315581854,1,0,0,0,0,0,1,0.021717207665862576,-5.689218796583907,10.530388087303859,2.48490673312133,3.2958369030413657,10.575852044390212,8.045481437809693,8.174421152928266,4.344770812936401,1.6094381124340804,7.394493107833666,4.584967488874653,1.0986126220013874,False,False,False,False,False,True
7640.563613231552,0,1,1,0,1,0,0,0.0467247629984913,-6.260967821561102,9.159047077693895,1.0986126220013874,2.833213402879744,10.006116164019796,8.060434789236313,7.360103973625284,4.296622988686806,1.3862946111198593,-13.815510557964274,-13.815510557964274,1.0986126220013874,False,False,False,False,True,False
41763.20315581854,0,0,0,0,0,0,1,0.0,-5.658520592276317,5.389071734382711,2.515613875923528,3.2580965764830196,6.342515951676863,2.873457991209466,8.174421152928266,-13.815510557964274,9.999994999180668e-07,-13.815510557964274,-13.815510557964274,1.7917596358947079,False,False,False,False,False,True
1266.400447427293,0,0,0,0,0,0,0,0.13982102908277405,-6.102111694488308,7.0647590286465025,9.999994999180668e-07,2.5649494343846104,8.024016164881164,7.0647590286465025,6.102558596850705,4.135166572742356,9.999994999180668e-07,-13.815510557964274,-13.815510557964274,9.999994999180668e-07,False,True,False,False,False,False
41763.20315581854,0,0,1,0,0,0,0,0.023053869207715363,-5.689218796583907,7.02019070920558,2.48490673312133,2.944439031798018,9.911230783913622,4.535284069247785,8.174421152928266,4.404499502748163,9.999994999180668e-07,-13.815510557964274,-13.815510557964274,0.6931476805598203,False,False,False,False,False,True
41763.20315581854,0,0,0,0,1,0,0,0.02012639375276738,-4.324198043148924,5.905361850779366,3.850147622986654,3.2580965764830196,9.841072765449447,2.0552143744098985,8.174421152928266,4.268697963366878,0.6931476805598203,1.945910291912446,-13.815510557964274,1.0986126220013874,False,False,False,False,False,True
4092.5737704918033,0,1,0,0,0,0,0,0.0,-3.928501475337993,7.743269701262656,2.48490673312133,3.1780538720146114,10.05662468554598,5.2583630562448205,6.413458958806701,-13.815510557964274,0.6931476805598203,-13.815510557964274,-13.815510557964274,1.0986126220013874,False,False,True,False,False,False
7640.563613231552,0,0,1,1,0,0,0,0.042970042486904024,-6.260967821561102,10.064670590170074,1.0986126220013874,3.5263605540279257,10.306109900409174,8.96605830158708,7.360103973625284,4.212851895354884,1.0986126220013874,6.76734312641614,4.290459454847021,1.7917596358947079,False,False,False,False,True,False
6112.369742419302,0,1,0,0,0,0,1,0.010868383871318334,-8.02539285776425,4.691347891403455,9.999994999180668e-07,3.5835189662338873,8.337517314425417,4.691347891403455,8.028455164440302,3.506557927319981,0.6931476805598203,-13.815510557964274,-13.815510557964274,1.6094381124340804,False,False,False,True,False,False
10412.863802559415,1,0,1,0,0,0,0,0.03917471924784539,-7.688557553728022,6.966024188049509,9.999994999180668e-07,3.2580965764830196,10.427343406826674,6.966024188049509,7.69074316399891,4.4510195178275,1.6094381124340804,3.332204545889489,-13.815510557964274,1.0986126220013874,True,False,False,False,False,False
41763.20315581854,1,0,0,0,0,0,0,0.02267261659032679,-7.074626563171511,9.930616219973043,1.0986126220013874,2.1972246884473243,10.42321605584098,8.832003931402257,8.174421152928266,4.387823764785953,9.999994999180668e-07,6.980075941491996,3.7135720910945516,0.6931476805598203,False,False,False,False,False,True
6112.369742419302,1,1,1,0,0,0,0,0.025567035186273086,-8.02539285776425,9.190851695494288,9.999994999180668e-07,3.2188758648682,10.31244000931017,9.190851695494288,8.028455164440302,4.3620037315515825,1.945910291912446,-13.815510557964274,-13.815510557964274,1.0986126220013874,False,False,False,True,False,False
6112.369742419302,0,0,0,0,0,0,1,0.021814957554660543,-7.3337756581647415,8.382289429180322,0.6931476805598203,3.09104249881286,10.097859057253403,7.689142248849262,8.028455164440302,4.203295760956892,0.6931476805598203,4.934473940324937,1.7917596358947079,1.0986126220013874,False,False,False,True,False,False
41763.20315581854,0,0,0,0,0,0,0,0.0,-4.916188123940292,4.905274785845837,3.2580965764830196,2.5649494343846104,7.95171390561302,1.6471784330095216,8.174421152928266,-13.815510557964274,9.999994999180668e-07,9.999994999180668e-07,-13.815510557964274,1.0986126220013874,False,False,False,False,False,True
4092.5737704918033,0,0,0,0,0,0,1,0.16393442622950818,-6.412849143141731,5.247024077423644,9.999994999180668e-07,3.2188758648682,5.85555732140996,5.247024077423644,6.413458958806701,4.605170195988091,9.999994999180668e-07,-13.815510557964274,-13.815510557964274,1.3862946111198593,False,False,True,False,False,False
6112.369742419302,0,0,0,0,0,0,1,0.026377201305671463,-6.236184658820706,9.919164031970357,1.7917596358947079,3.555348090060842,7.868225738407096,8.127404562988414,8.028455164440302,4.393199947633118,9.999994999180668e-07,5.181783555910062,2.944439031798018,1.945910291912446,False,False,False,True,False,False
6112.369742419302,1,0,1,0,0,0,0,0.020916512356122078,-8.02539285776425,7.45587668806986,9.999994999180668e-07,3.332204545889489,10.134971908045049,7.45587668806986,8.028455164440302,4.161238812640366,1.0986126220013874,3.970291932420046,2.079441666679828,1.6094381124340804,False,False,False,True,False,False
6112.369742419302,0,0,0,0,0,0,1,0.021902697267389623,-7.3337756581647415,8.097730573968448,0.6931476805598203,3.5263605540279257,7.868225738407096,7.404583393712731,8.028455164440302,4.20730969215151,9.999994999180668e-07,4.875197330834739,1.6094381124340804,1.6094381124340804,False,False,False,True,False,False
6112.369742419302,1,1,0,0,0,0,0,0.024471318288418052,-7.3337756581647415,10.533162310167137,0.6931476805598203,3.0445224853424695,10.509411101971514,9.840015129633832,8.028455164440302,4.318201648117662,1.6094381124340804,-13.815510557964274,-13.815510557964274,1.3862946111198593,False,False,False,True,False,False
41763.20315581854,0,1,1,0,0,0,1,0.0169061707523246,-4.916188123940292,5.87773578458076,3.2580965764830196,2.7080502677688743,10.099092196453565,2.619639316587286,8.174421152928266,4.094344578888768,1.3862946111198593,2.7080502677688743,-13.815510557964274,0.6931476805598203,False,False,False,False,False,True
6112.369742419302,1,1,0,1,0,0,0,0.024453863710466255,-6.928821064339634,8.78783082941134,1.0986126220013874,3.13549425940741,10.352874356278898,7.689218541048386,8.028455164440302,4.317488126869644,1.6094381124340804,5.446737375976655,3.401197414995488,1.0986126220013874,False,False,False,True,False,False
7640.563613231552,1,0,0,0,0,0,0,0.0,-7.358533207287776,4.2341065190900125,9.999994999180668e-07,2.1972246884473243,10.42321605584098,4.2341065190900125,7.360103973625284,-13.815510557964274,9.999994999180668e-07,-13.815510557964274,-13.815510557964274,1.0986126220013874,False,False,False,False,True,False
6112.369742419302,1,0,0,1,0,0,0,0.019563090968373,-7.3337756581647415,5.389071734382711,0.6931476805598203,2.833213402879744,10.435660017095648,4.695924558388976,8.028455164440302,4.094344578888768,1.0986126220013874,-13.815510557964274,-13.815510557964274,1.0986126220013874,False,False,False,True,False,False
10412.863802559415,0,0,0,0,0,1,0,0.040625634775543366,-7.688557553728022,6.124683393082388,9.999994999180668e-07,2.6390574010438272,9.900595580972958,6.124683393082388,7.69074316399891,4.487387161581708,0.6931476805598203,-13.815510557964274,-13.815510557964274,1.0986126220013874,True,False,False,False,False,False
7640.563613231552,0,0,0,0,0,1,0,0.03710771840542833,-7.358533207287776,6.437751651336401,9.999994999180668e-07,4.2766661329049445,10.656791170783452,6.437751651336401,7.360103973625284,4.066173702398261,0.6931476805598203,-13.815510557964274,-13.815510557964274,2.397895363707457,False,False,False,False,True,False
41763.20315581854,0,0,1,0,1,0,0,0.023581015607282024,-5.609198832442679,10.91965981783795,2.5649494343846104,1.945910291912446,10.120033131481884,8.3547104605936,8.174421152928266,4.427107850502531,1.0986126220013874,7.584773078120329,4.934473940324937,0.6931476805598203,False,False,False,False,False,True
10412.863802559415,1,0,0,0,0,1,0,0.0,-7.688557553728022,4.812184363502499,9.999994999180668e-07,3.367295864469232,10.126350776796466,4.812184363502499,7.69074316399891,-13.815510557964274,1.0986126220013874,9.999994999180668e-07,-13.815510557964274,1.3862946111198593,True,False,False,False,False,False
6112.369742419302,0,0,0,1,1,0,0,0.02646215203451421,-7.3337756581647415,7.587817220500012,0.6931476805598203,2.5649494343846104,9.77894980566022,6.894670040446653,8.028455164440302,4.39641538444741,1.0986126220013874,4.2341065190900125,1.6094381124340804,0.6931476805598203,False,False,False,True,False,False
6112.369742419302,0,0,0,0,0,0,1,0.02114928753337622,-7.3337756581647415,7.027314514927088,0.6931476805598203,2.5649494343846104,7.868225738407096,6.334167335254454,8.028455164440302,4.172306119108479,9.999994999180668e-07,3.610917939671251,9.999994999180668e-07,0.6931476805598203,False,False,False,True,False,False
41763.20315581854,1,1,0,0,0,0,1,0.023842035676355202,-4.2231091863939945,6.946013992061691,3.9512437378121965,3.1780538720146114,9.56888296407913,2.994770322565922,8.174421152928266,4.438116113143107,1.0986126220013874,3.9512437378121965,1.3862946111198593,1.3862946111198593,False,False,False,False,False,True
6112.369742419302,0,0,1,1,0,0,1,0.024060353259953007,-7.3337756581647415,10.07449534947195,0.6931476805598203,3.1780538720146114,10.407987951072572,9.381348168954146,8.028455164440302,4.301265291580825,1.6094381124340804,7.056175284962479,4.682131236383479,1.0986126220013874,False,False,False,True,False,False
41763.20315581854,1,0,0,0,1,0,0,0.020871815743610616,-4.303146206971848,7.58120982670629,3.871201031741224,2.9957323235539897,9.866491575111452,3.7100088397657625,8.174421152928266,4.305065607037753,1.6094381124340804,3.2958369030413657,9.999994999180668e-07,1.0986126220013874,False,False,False,False,False,True
6112.369742419302,0,1,0,0,0,0,1,0.0,-8.02539285776425,4.356708839510104,9.999994999180668e-07,3.401197414995488,8.337517314425417,4.356708839510104,8.028455164440302,-13.815510557964274,0.6931476805598203,-13.815510557964274,-13.815510557964274,1.945910291912446,False,False,False,True,False,False
41763.20315581854,0,0,1,1,0,0,1,0.023031895203840903,-5.689218796583907,11.261562464093979,2.48490673312133,4.317488126869644,10.70058598878303,8.776655814447414,8.174421152928266,4.403545889173491,1.6094381124340804,-13.815510557964274,-13.815510557964274,2.3025851929940404,False,False,False,False,False,True
7640.563613231552,0,1,1,0,0,0,0,0.031806615776081425,-7.358533207287776,6.095824564684477,9.999994999180668e-07,3.401197414995488,10.156246493405334,6.095824564684477,7.360103973625284,3.912023025428146,1.0986126220013874,-13.815510557964274,-13.815510557964274,1.3862946111198593,False,False,False,False,True,False
4092.5737704918033,0,0,1,0,0,0,0,0.08196721311475409,-5.720006823110456,5.214935763043768,0.6931476805598203,2.6390574010438272,9.911230783913622,4.521788587918605,6.413458958806701,3.912023025428146,9.999994999180668e-07,1.3862946111198593,-13.815510557964274,0.6931476805598203,False,False,True,False,False,False
41763.20315581854,1,0,0,0,0,0,0,0.0,-4.740319470843161,4.584967488874653,3.4339872367432105,2.48490673312133,9.999984810233544,1.1509805905119062,8.174421152928266,-13.815510557964274,0.6931476805598203,-13.815510557964274,-13.815510557964274,0.6931476805598203,False,False,False,False,False,True
10412.863802559415,1,0,0,1,0,0,0,0.036460366041534006,-7.688557553728022,8.436850438950431,9.999994999180668e-07,3.6375861860421748,10.46481631493506,8.436850438950431,7.69074316399891,4.379213705832478,1.3862946111198593,5.181783555910062,3.2188758648682,1.7917596358947079,True,False,False,False,False,False
10412.863802559415,0,1,0,1,0,0,0,0.04081945936893814,-7.688557553728022,8.858510813176094,9.999994999180668e-07,3.1780538720146114,10.31071250790053,8.858510813176094,7.69074316399891,4.4921468087812775,1.0986126220013874,-13.815510557964274,-13.815510557964274,1.0986126220013874,True,False,False,False,False,False
10412.863802559415,0,0,0,0,1,0,0,0.0,-7.688557553728022,3.7841896566455335,9.999994999180668e-07,2.6390574010438272,8.471240634003612,3.7841896566455335,7.69074316399891,-13.815510557964274,9.999994999180668e-07,-13.815510557964274,-13.815510557964274,1.0986126220013874,True,False,False,False,False,False
7640.563613231552,1,1,1,0,0,0,1,0.042784120335967936,-7.358533207287776,8.840290669233754,9.999994999180668e-07,4.127134401174124,9.799697664491218,8.840290669233754,7.360103973625284,4.208515722430503,1.3862946111198593,5.826000110330303,2.944439031798018,2.3025851929940404,False,False,False,False,True,False
41763.20315581854,1,0,0,1,1,0,0,0.02271241258433085,-4.955403377853663,11.098681939065614,3.2188758648682,3.4339872367432105,10.393233558863418,7.879806114560587,8.174421152928266,4.389577470994055,1.3862946111198593,7.639161172140405,5.023880527425224,1.6094381124340804,False,False,False,False,False,True
41763.20315581854,1,1,1,0,0,0,1,0.0,-3.5692154772881604,3.970291932420046,4.605170195988091,3.465735934049726,9.799697664491218,-0.6348763856452966,8.174421152928266,-13.815510557964274,1.3862946111198593,-13.815510557964274,-13.815510557964274,1.7917596358947079,False,False,False,False,False,True
41763.20315581854,0,1,1,1,0,0,0,0.020828918817722468,-5.609198832442679,10.761237739417554,2.5649494343846104,3.0445224853424695,10.09126810636824,8.196288382210486,8.174421152928266,4.303008236063799,1.0986126220013874,-13.815510557964274,-13.815510557964274,1.3862946111198593,False,False,False,False,False,True
41763.20315581854,0,0,1,1,0,0,0,0.02012639375276738,-4.2231091863939945,7.787796878595937,3.9512437378121965,2.7080502677688743,9.95997428166519,3.8365531811675577,8.174421152928266,4.268697963366878,1.0986126220013874,4.025351708592292,2.079441666679828,1.0986126220013874,False,False,False,False,False,True
41763.20315581854,1,0,1,0,1,0,0,0.02190709894681435,-4.242525934108025,10.809061059589293,3.9318256523321686,3.09104249881286,10.21781420514228,6.877235427875743,8.174421152928266,4.35347662364523,1.7917596358947079,7.877776333656335,4.86753445814789,1.0986126220013874,False,False,False,False,False,True
6112.369742419302,1,1,0,1,0,0,0,0.02464342854543111,-6.928821064339634,8.074026216435588,1.0986126220013874,2.944439031798018,10.238060554938672,6.975413928390531,8.028455164440302,4.32521017286099,1.3862946111198593,5.1474944826274065,1.6094381124340804,1.0986126220013874,False,False,False,True,False,False
7640.563613231552,0,1,0,0,0,0,1,0.04686664158646558,-5.568082538077103,10.985241874154404,1.7917596358947079,3.1780538720146114,10.346211668416052,9.193482405011098,7.360103973625284,4.299654863149144,1.0986126220013874,-13.815510557964274,-13.815510557964274,1.6094381124340804,False,False,False,False,True,False
41763.20315581854,1,1,1,1,0,0,0,0.023012634788578748,-3.0564060889585454,12.548356533177088,5.117993818404779,2.079441666679828,10.51104782151022,7.430362721349756,8.174421152928266,4.402709289640258,2.1972246884473243,9.070733417704748,7.297768283208428,9.999994999180668e-07,False,False,False,False,False,True
10412.863802559415,1,0,0,1,0,0,0,0.0,-7.688557553728022,5.846438777947897,9.999994999180668e-07,3.401197414995488,9.991273112910742,5.846438777947897,7.69074316399891,-13.815510557964274,1.0986126220013874,1.0986126220013874,-13.815510557964274,1.6094381124340804,True,False,False,False,False,False
7640.563613231552,0,0,1,1,0,0,0,0.042857252677136914,-7.358533207287776,8.851520271834227,9.999994999180668e-07,3.2188758648682,10.624402718805012,8.851520271834227,7.360103973625284,4.210223596914196,1.3862946111198593,5.802118378398211,2.890371813451719,1.3862946111198593,False,False,False,False,True,False
7640.563613231552,1,0,0,0,0,0,0,0.04421895363991807,-7.358533207287776,7.98036576545336,9.999994999180668e-07,2.890371813451719,10.385557237860104,7.98036576545336,7.360103973625284,4.241502220944353,1.3862946111198593,-13.815510557964274,-13.815510557964274,1.0986126220013874,False,False,False,False,True,False
6112.369742419302,0,0,0,0,0,0,1,0.01981881764769814,-8.02539285776425,7.656810091953192,9.999994999180668e-07,3.1780538720146114,7.868225738407096,7.656810091953192,8.028455164440302,4.107331774200524,9.999994999180668e-07,-13.815510557964274,-13.815510557964274,1.0986126220013874,False,False,False,True,False,False
1266.400447427293,0,0,0,0,0,0,0,0.11185682326621924,-6.102111694488308,4.634728997938374,9.999994999180668e-07,2.3025851929940404,8.024016164881164,4.634728997938374,6.102558596850705,3.912023025428146,9.999994999180668e-07,-13.815510557964274,-13.815510557964274,0.6931476805598203,False,True,False,False,False,False
41763.20315581854,0,1,0,0,0,1,0,0.02381686224591325,-4.996219458230981,12.292713537236523,3.1780538720146114,3.367295864469232,11.149227873272155,9.114659706994033,8.174421152928266,4.437059713033879,1.3862946111198593,9.050640993335824,7.576097341135669,1.7917596358947079,False,False,False,False,False,True
41763.20315581854,1,1,1,1,0,0,0,0.021346175192329037,-5.609198832442679,8.631414335684672,2.5649494343846104,3.7135720910945516,10.311118220368744,6.066464980364081,8.174421152928266,4.3275384625898115,1.7917596358947079,5.1059454799611865,1.3862946111198593,1.7917596358947079,False,False,False,False,False,True
6112.369742419302,1,0,1,0,0,0,0,0.0,-8.02539285776425,4.094344578888768,9.999994999180668e-07,3.988984065082793,10.354679968636681,4.094344578888768,8.028455164440302,-13.815510557964274,0.6931476805598203,-13.815510557964274,-13.815510557964274,1.945910291912446,False,False,False,True,False,False
41763.20315581854,1,1,1,0,0,0,1,0.021132713440405747,-4.677806051508068,4.941642429752162,3.49650759176951,2.397895363707457,9.799697664491218,1.445135096857082,8.174421152928266,4.317488126869644,1.3862946111198593,-13.815510557964274,-13.815510557964274,0.6931476805598203,False,False,False,False,False,True
6112.369742419302,0,0,0,0,0,0,1,0.02461244907823841,-7.3337756581647415,8.884333185341276,0.6931476805598203,4.1588830989846715,7.868225738407096,8.191186004919874,8.028455164440302,4.323952273403623,9.999994999180668e-07,5.54907608878627,3.0445224853424695,2.1972246884473243,False,False,False,True,False,False
10412.863802559415,1,0,0,1,1,0,0,0.037664368626241715,-7.688557553728022,9.865681837852156,9.999994999180668e-07,3.8066625119925415,9.908786625324781,9.865681837852156,7.69074316399891,4.411702414954501,1.6094381124340804,6.721425701995463,4.521788587918605,1.6094381124340804,True,False,False,False,False,False
6112.369742419302,0,0,0,0,0,0,1,0.016302575806977502,-8.02539285776425,6.295266003284665,9.999994999180668e-07,3.5835189662338873,10.097859057253403,6.295266003284665,8.028455164440302,3.912023025428146,0.6931476805598203,2.3025851929940404,-13.815510557964274,1.6094381124340804,False,False,False,True,False,False
41763.20315581854,1,1,0,1,0,1,0,0.023842035676355202,-4.996219458230981,12.46805222063343,3.1780538720146114,2.890371813451719,10.625024652499265,9.28999839037398,8.174421152928266,4.438116113143107,1.945910291912446,-13.815510557964274,-13.815510557964274,1.0986126220013874,False,False,False,False,False,True
41763.20315581854,0,0,1,0,0,0,0,0.021132713440405747,-4.916188123940292,9.41197423988425,3.2580965764830196,2.772588784739779,10.35589094686968,6.153877703906253,8.174421152928266,4.317488126869644,1.0986126220013874,5.828945620551384,2.5649494343846104,0.6931476805598203,False,False,False,False,False,True
41763.20315581854,0,1,1,1,1,0,0,0.022786206920094233,-5.689218796583907,10.639598432552138,2.48490673312133,3.49650759176951,10.346160407769183,8.154691783027573,8.174421152928266,4.392821279283638,1.6094381124340804,7.5913570472033465,4.5951198602356,1.6094381124340804,False,False,False,False,False,True
41763.20315581854,1,1,1,0,0,0,1,0.014088475626937165,-3.559265497808722,4.787491751115379,4.615120526742249,3.49650759176951,9.91355032231366,0.1723720676070989,8.174421152928266,3.912023025428146,1.6094381124340804,-13.815510557964274,-13.815510557964274,1.3862946111198593,False,False,False,False,False,True
6112.369742419302,1,0,1,0,0,0,0,0.025881339660831715,-5.630281111996628,10.09274334522436,2.397895363707457,3.555348090060842,10.427343406826674,7.694848072839776,8.028455164440302,4.374222130351917,1.6094381124340804,-13.815510557964274,-13.815510557964274,1.7917596358947079,False,False,False,True,False,False
6112.369742419302,1,1,0,0,0,0,0,0.02433523789898097,-6.928821064339634,9.173365135955054,1.0986126220013874,2.079441666679828,10.369500330577427,8.074752847494478,8.028455164440302,4.312625317768938,1.0986126220013874,6.175867272184763,3.0445224853424695,9.999994999180668e-07,False,False,False,True,False,False
10412.863802559415,0,0,1,0,0,0,0,0.022851919561243144,-7.688557553728022,5.693732142169703,9.999994999180668e-07,4.143134742264548,10.18414036585045,5.693732142169703,7.69074316399891,3.912023025428146,0.6931476805598203,1.3862946111198593,-13.815510557964274,2.1972246884473243,True,False,False,False,False,False
6112.369742419302,0,1,1,0,0,0,0,0.024324478188188656,-8.02539285776425,7.620214771064892,9.999994999180668e-07,3.688879479113936,10.118270002685447,7.620214771064892,8.028455164440302,4.312183074710872,0.6931476805598203,4.836281914887986,1.3862946111198593,1.7917596358947079,False,False,False,True,False,False
6112.369742419302,0,0,0,0,0,0,1,0.021589897690321557,-7.3337756581647415,7.9208096796517085,0.6931476805598203,3.0445224853424695,7.868225738407096,7.227662499454872,8.028455164440302,4.192925405996589,9.999994999180668e-07,4.304065106717683,1.3862946111198593,1.3862946111198593,False,False,False,True,False,False
41763.20315581854,1,0,0,0,1,0,0,0.014088475626937165,-5.129729729201965,4.969813306520445,3.0445224853424695,3.13549425940741,10.092953778978782,1.9252910076859002,8.174421152928266,3.912023025428146,1.0986126220013874,0.6931476805598203,-13.815510557964274,1.6094381124340804,False,False,False,False,False,True
41763.20315581854,1,0,1,0,0,0,1,0.023299416447739568,-4.955403377853663,12.17875797334924,3.2188758648682,2.079441666679828,10.307960821262844,8.959882148604361,8.174421152928266,4.415094200854402,1.6094381124340804,8.974238219624212,6.829793738593506,0.6931476805598203,False,False,False,False,False,True
6112.369742419302,0,0,1,1,0,0,0,0.02612367957123693,-7.3337756581647415,10.642993372097958,0.6931476805598203,3.13549425940741,10.503061002534043,9.94984619156188,8.028455164440302,4.383542063893062,1.3862946111198593,7.669961995940213,5.365976019694749,1.3862946111198593,False,False,False,True,False,False
6112.369742419302,0,0,0,1,0,0,0,0.023271615846601472,-7.3337756581647415,9.845116639262804,0.6931476805598203,2.3025851929940404,9.964850688356861,9.151969458755865,8.028455164440302,4.267934313092276,0.6931476805598203,-13.815510557964274,-13.815510557964274,9.999994999180668e-07,False,False,False,True,False,False
4092.5737704918033,0,0,1,0,0,0,0,0.0,-3.7053680902253467,3.610917939671251,2.7080502677688743,2.6390574010438272,9.911230783913622,0.9028681169473377,6.413458958806701,-13.815510557964274,9.999994999180668e-07,-13.815510557964274,-13.815510557964274,0.6931476805598203,False,False,True,False,False,False
6112.369742419302,1,0,1,0,0,0,1,0.025838044675209625,-8.02539285776425,7.137278438055298,9.999994999180668e-07,4.189654757177941,10.336714867778104,7.137278438055298,8.028455164440302,4.372547903338385,1.3862946111198593,3.970291932420046,0.6931476805598203,2.397895363707457,False,False,False,True,False,False
10412.863802559415,1,1,0,0,0,0,0,0.03576099017469105,-7.688557553728022,11.498309165406097,9.999994999180668e-07,2.772588784739779,10.73554126426392,11.498309165406097,7.69074316399891,4.359845536710919,1.0986126220013874,-13.815510557964274,-13.815510557964274,1.0986126220013874,True,False,False,False,False,False
7640.563613231552,0,0,1,0,0,0,0,0.04470118973935768,-7.358533207287776,7.8339963421054994,9.999994999180668e-07,3.4339872367432105,9.930382188212418,7.8339963421054994,7.360103973625284,4.252348825596118,0.6931476805598203,-13.815510557964274,-13.815510557964274,1.3862946111198593,False,False,False,False,True,False
10412.863802559415,1,0,0,0,1,0,0,0.02077447232840286,-7.688557553728022,6.6920837437473235,9.999994999180668e-07,3.2188758648682,10.283480386862065,6.6920837437473235,7.69074316399891,3.816712847623821,1.0986126220013874,2.397895363707457,-13.815510557964274,1.3862946111198593,True,False,False,False,False,False
41763.20315581854,1,0,0,0,1,0,0,0.011270780501549732,-4.204062279072096,6.249975244189985,3.970291932420046,3.13549425940741,10.092953778978782,2.279683431023958,8.174421152928266,3.688879479113936,1.0986126220013874,2.3025851929940404,-13.815510557964274,1.0986126220013874,False,False,False,False,False,True
7640.563613231552,1,0,1,0,1,0,0,0.04985901932466818,-6.666171101165439,6.856461985647218,0.6931476805598203,3.49650759176951,10.296456347280706,6.163314806139905,7.360103973625284,4.3615481160889615,1.7917596358947079,3.610917939671251,-13.815510557964274,1.3862946111198593,False,False,False,False,True,False
10412.863802559415,1,1,0,1,0,0,1,0.022851919561243144,-7.688557553728022,5.68697535972965,9.999994999180668e-07,4.290459454847021,10.254976128703191,5.68697535972965,7.69074316399891,3.912023025428146,1.945910291912446,1.3862946111198593,-13.815510557964274,2.3025851929940404,True,False,False,False,False,False
41763.20315581854,1,1,0,0,0,0,0,0.0,-5.87148122261456,3.912023025428146,2.3025851929940404,3.401197414995488,9.868997207644076,1.6094381124340804,8.174421152928266,-13.815510557964274,1.0986126220013874,-13.815510557964274,-13.815510557964274,1.6094381124340804,False,False,False,False,False,True
41763.20315581854,1,0,1,0,1,0,0,0.022716566064325386,-5.689218796583907,11.898044998419767,2.48490673312133,3.09104249881286,10.440346395504884,9.413138348706607,8.174421152928266,4.389760326963005,1.6094381124340804,-13.815510557964274,-13.815510557964274,1.3862946111198593,False,False,False,False,False,True
41763.20315581854,1,0,1,0,0,0,1,0.02034436913637136,-4.2231091863939945,8.395251520836933,3.9512437378121965,3.2188758648682,9.562989436612362,4.444007813778325,8.174421152928266,4.27947006019879,1.0986126220013874,5.624017509797447,2.7080502677688743,1.3862946111198593,False,False,False,False,False,True
41763.20315581854,1,0,0,1,0,0,0,0.014088475626937165,-5.609198832442679,5.247024077423644,2.5649494343846104,2.7080502677688743,9.877571585360336,2.6820747831199996,8.174421152928266,3.912023025428146,1.3862946111198593,0.6931476805598203,-13.815510557964274,1.0986126220013874,False,False,False,False,False,True
41763.20315581854,1,1,1,0,0,1,0,0.02474140536602703,-5.609198832442679,12.802750224418697,2.5649494343846104,2.079441666679828,10.558873454550058,10.237800866990199,8.174421152928266,4.475144055821339,1.7917596358947079,9.239219331623714,7.771488760539201,9.999994999180668e-07,False,False,False,False,False,True
7640.563613231552,0,0,1,0,0,0,0,0.0,-6.666171101165439,4.653960359681333,0.6931476805598203,4.605170195988091,9.914169522020384,3.9608131886451967,7.360103973625284,-13.815510557964274,0.6931476805598203,-13.815510557964274,-13.815510557964274,2.5649494343846104,False,False,False,False,True,False
6112.369742419302,0,0,0,0,0,0,1,0.020275472432207314,-7.3337756581647415,8.021912779313901,0.6931476805598203,2.48490673312133,7.868225738407096,7.328765599082147,8.028455164440302,4.130111802161813,9.999994999180668e-07,4.77912350151489,1.7917596358947079,0.6931476805598203,False,False,False,True,False,False
7640.563613231552,0,0,1,0,0,0,0,0.03941254563557915,-6.666171101165439,8.41072094712819,0.6931476805598203,4.290459454847021,9.76305387331802,7.717573766790714,7.360103973625284,4.126432892913952,0.6931476805598203,5.214935763043768,2.397895363707457,2.5649494343846104,False,False,False,False,True,False
10412.863802559415,0,0,1,1,0,0,0,0.0,-7.688557553728022,6.791221463849781,9.999994999180668e-07,3.2580965764830196,10.194609128971196,6.791221463849781,7.69074316399891,-13.815510557964274,1.3862946111198593,-13.815510557964274,-13.815510557964274,1.3862946111198593,True,False,False,False,False,False
10412.863802559415,0,0,1,0,0,0,0,0.04570383912248629,-7.688557553728022,5.332718798096287,9.999994999180668e-07,1.3862946111198593,9.911230783913622,5.332718798096287,7.69074316399891,4.605170195988091,9.999994999180668e-07,-13.815510557964274,-13.815510557964274,9.999994999180668e-07,True,False,False,False,False,False
7640.563613231552,1,0,0,0,1,0,0,0.046264168401572985,-7.358533207287776,6.771935556985078,9.999994999180668e-07,2.833213402879744,10.13823697524733,6.771935556985078,7.360103973625284,4.286716468619557,1.3862946111198593,3.49650759176951,9.999994999180668e-07,1.0986126220013874,False,False,False,False,True,False
41763.20315581854,0,0,1,1,0,0,1,0.022248775810029372,-5.689218796583907,10.889621460970723,2.48490673312133,1.3862946111198593,10.70058598878303,8.404714811387882,8.174421152928266,4.3689528736535,1.6094381124340804,7.572502985534788,4.406719259459375,9.999994999180668e-07,False,False,False,False,False,True
1266.400447427293,0,0,0,0,0,0,0,0.11185682326621924,-6.102111694488308,4.6728288438077,9.999994999180668e-07,2.890371813451719,8.024016164881164,4.6728288438077,6.102558596850705,3.912023025428146,9.999994999180668e-07,-13.815510557964274,-13.815510557964274,1.3862946111198593,False,True,False,False,False,False
4092.5737704918033,0,0,1,0,0,0,0,0.05464480874316939,-4.3339411683944045,5.9188938569613185,2.079441666679828,2.079441666679828,10.35589094686968,3.8394523340986866,6.413458958806701,3.506557927319981,1.0986126220013874,-13.815510557964274,-13.815510557964274,0.6931476805598203,False,False,True,False,False,False
41763.20315581854,0,0,0,0,0,0,0,0.02191540653079115,-4.242525934108025,7.397561536136798,3.9318256523321686,2.48490673312133,9.710480988891273,3.465735934049726,8.174421152928266,4.353855770564328,9.999994999180668e-07,-13.815510557964274,-13.815510557964274,0.6931476805598203,False,False,False,False,False,True
41763.20315581854,1,1,0,0,0,0,0,0.022712043397240554,-4.996219458230981,11.233370279743282,3.1780538720146114,3.49650759176951,10.619077720275929,8.05531644969952,8.174421152928266,4.389561216001993,1.3862946111198593,7.997999318315864,5.891644214588202,1.6094381124340804,False,False,False,False,False,True
10412.863802559415,1,1,0,0,1,0,1,0.03323624205471128,-6.996502580963838,10.186521338461077,0.6931476805598203,3.2958369030413657,9.687882494212872,9.493374157938806,7.69074316399891,4.286628806994583,1.3862946111198593,7.2626286016755035,4.430816810748075,1.3862946111198593,True,False,False,False,False,False
7640.563613231552,0,0,1,0,0,0,0,0.0,-7.358533207287776,5.141663562350613,9.999994999180668e-07,2.9957323235539897,9.930382188212418,5.141663562350613,7.360103973625284,-13.815510557964274,0.6931476805598203,-13.815510557964274,-13.815510557964274,1.0986126220013874,False,False,False,False,True,False
41763.20315581854,1,1,0,1,0,0,0,0.022755999748671794,-5.689218796583907,12.662325920473611,2.48490673312133,2.7080502677688743,10.704687098340825,10.177419270720462,8.174421152928266,4.391494721890487,1.6094381124340804,-13.815510557964274,-13.815510557964274,1.0986126220013874,False,False,False,False,False,True
41763.20315581854,0,0,1,1,0,0,0,0.023957407808475124,-4.916188123940292,11.921007146868195,3.2580965764830196,2.6390574010438272,10.390361202706822,8.662910609012945,8.174421152928266,4.442943464526074,1.3862946111198593,8.349247800803365,6.218600121683761,0.6931476805598203,False,False,False,False,False,True
41763.20315581854,1,0,0,0,1,0,0,0.021089497257501033,-4.955403377853663,8.562548893328167,3.2188758648682,3.5263605540279257,10.092953778978782,5.343673073047121,8.174421152928266,4.315441043275241,1.0986126220013874,5.093750206941731,2.079441666679828,1.7917596358947079,False,False,False,False,False,True
1266.400447427293,0,0,0,0,0,0,0,0.0,-6.102111694488308,4.418840619844791,9.999994999180668e-07,3.0445224853424695,8.024016164881164,4.418840619844791,6.102558596850705,-13.815510557964274,9.999994999180668e-07,-13.815510557964274,-13.815510557964274,1.3862946111198593,False,True,False,False,False,False
41763.20315581854,1,1,0,0,0,0,1,0.021928912882652845,-5.689218796583907,10.3499666367669,2.48490673312133,3.7135720910945516,10.428611935273633,7.865059987330833,8.174421152928266,4.354471875560187,1.3862946111198593,7.0553128442025645,4.025351708592292,1.7917596358947079,False,False,False,False,False,True
41763.20315581854,1,1,1,1,0,0,0,0.022744711336580896,-3.925875211882339,12.107627055465839,4.248495256335073,2.833213402879744,10.360181581374999,7.8591318137971715,8.174421152928266,4.390998535702911,2.079441666679828,8.844336332893128,7.127693700149967,0.6931476805598203,False,False,False,False,False,True
41763.20315581854,1,1,0,1,0,0,0,0.022322646490709152,-5.609198832442679,11.018907792869994,2.5649494343846104,3.367295864469232,10.468393408366197,8.453958435605124,8.174421152928266,4.372267587143418,1.3862946111198593,-13.815510557964274,-13.815510557964274,1.3862946111198593,False,False,False,False,False,True
6112.369742419302,1,1,1,0,0,0,0,0.024133722493712918,-6.928821064339634,9.531698970859864,1.0986126220013874,3.4339872367432105,10.548670930470879,8.433086682336787,8.028455164440302,4.304310034665959,1.7917596358947079,-13.815510557964274,-13.815510557964274,1.6094381124340804,False,False,False,True,False,False
6112.369742419302,1,0,0,0,1,0,0,0.023548165054523056,-6.928821064339634,7.0021559553135395,1.0986126220013874,3.688879479113936,10.283480386862065,5.903543668465266,8.028455164440302,4.279747799399617,1.0986126220013874,2.890371813451719,9.999994999180668e-07,1.7917596358947079,False,False,False,True,False,False
41763.20315581854,0,0,0,0,0,0,0,0.0,-2.4314065899017088,4.983606628557651,5.74300319101461,2.9957323235539897,7.921224239854798,-0.759394429117128,8.174421152928266,-13.815510557964274,9.999994999180668e-07,-13.815510557964274,-13.815510557964274,1.0986126220013874,False,False,False,False,False,True
7640.563613231552,0,1,1,0,0,0,1,0.044396734520780315,-5.750351709968375,9.205227322689872,1.6094381124340804,3.912023025428146,10.294284912710186,7.595789410657822,7.360103973625284,4.2455146282395795,1.0986126220013874,-13.815510557964274,-13.815510557964274,1.7917596358947079,False,False,False,False,True,False
7640.563613231552,1,0,0,0,0,0,0,0.044039929536112736,-5.568082538077103,8.677098709096304,1.7917596358947079,4.04305128537841,10.342442997752544,6.885339240720474,7.360103973625284,4.2374454203072185,0.6931476805598203,-13.815510557964274,-13.815510557964274,2.3025851929940404,False,False,False,False,True,False
41763.20315581854,0,0,1,1,0,0,1,0.021502634308822533,-5.689218796583907,9.85497984852357,2.48490673312133,2.890371813451719,10.691605667830785,7.370073199312906,8.174421152928266,4.334841340387979,1.3862946111198593,6.796823719392174,3.8918203185187896,0.6931476805598203,False,False,False,False,False,True
7640.563613231552,0,0,0,1,0,0,0,0.04654455730097645,-7.358533207287776,10.470022206988578,9.999994999180668e-07,3.555348090060842,9.967683701570264,10.470022206988578,7.360103973625284,4.292758782992688,0.6931476805598203,7.503840747249916,4.682131236383479,1.7917596358947079,False,False,False,False,True,False
6112.369742419302,0,0,0,1,0,0,1,0.016302575806977502,-8.02539285776425,4.615120526742249,9.999994999180668e-07,2.772588784739779,9.2231297982103,4.615120526742249,8.028455164440302,3.912023025428146,0.6931476805598203,-13.815510557964274,-13.815510557964274,1.0986126220013874,False,False,False,True,False,False
41763.20315581854,1,0,0,0,0,0,1,0.0,-5.658520592276317,4.290459454847021,2.515613875923528,3.828641418228225,8.817967018114343,1.7748458155477516,8.174421152928266,-13.815510557964274,0.6931476805598203,-13.815510557964274,-13.815510557964274,1.945910291912446,False,False,False,False,False,True
1266.400447427293,0,0,0,0,0,0,0,0.14914243102162564,-6.102111694488308,5.099866433921759,9.999994999180668e-07,3.1780538720146114,8.024016164881164,5.099866433921759,6.102558596850705,4.199705092879927,9.999994999180668e-07,-13.815510557964274,-13.815510557964274,1.6094381124340804,False,True,False,False,False,False
6112.369742419302,0,0,1,1,0,0,0,0.024138259772947996,-7.3337756581647415,10.755005069088853,0.6931476805598203,2.772588784739779,10.282110229577778,10.061857888550247,8.028455164440302,4.304498022768958,1.3862946111198593,-13.815510557964274,-13.815510557964274,1.3862946111198593,False,False,False,True,False,False
4092.5737704918033,0,0,1,0,1,0,0,0.0,-6.412849143141731,4.007333203414289,9.999994999180668e-07,2.833213402879744,9.94516900230081,4.007333203414289,6.413458958806701,-13.815510557964274,0.6931476805598203,-13.815510557964274,-13.815510557964274,1.0986126220013874,False,False,True,False,False,False
6112.369742419302,1,1,0,0,0,0,0,0.026765422966679484,-7.3337756581647415,9.182969175282826,0.6931476805598203,3.7841896566455335,10.369500330577427,8.489821994825656,8.028455164440302,4.407810764011415,1.0986126220013874,5.5909869842422,2.397895363707457,1.945910291912446,False,False,False,True,False,False
41763.20315581854,1,0,0,0,0,0,1,0.02012639375276738,-3.599673587183559,5.966146741687795,4.574710988812661,3.5263605540279257,8.817967018114343,1.3914360093382272,8.174421152928266,4.268697963366878,0.6931476805598203,1.945910291912446,9.999994999180668e-07,1.6094381124340804,False,False,False,False,False,True
1266.400447427293,0,0,0,0,0,0,0,0.14914243102162564,-6.102111694488308,4.912654893088993,9.999994999180668e-07,2.5649494343846104,8.024016164881164,4.912654893088993,6.102558596850705,4.199705092879927,9.999994999180668e-07,-13.815510557964274,-13.815510557964274,0.6931476805598203,False,True,False,False,False,False
6112.369742419302,1,0,0,0,0,0,0,0.0,-8.02539285776425,3.610917939671251,9.999994999180668e-07,2.890371813451719,9.710338063292278,3.610917939671251,8.028455164440302,-13.815510557964274,0.6931476805598203,-13.815510557964274,-13.815510557964274,1.0986126220013874,False,False,False,True,False,False
7640.563613231552,0,1,0,0,0,0,0,0.04322437528544399,-6.260967821561102,8.136518252407946,1.0986126220013874,2.9957323235539897,9.875567248446888,7.037905964325145,7.360103973625284,4.218753287567602,0.6931476805598203,-13.815510557964274,-13.815510557964274,1.3862946111198593,False,False,False,False,True,False
41763.20315581854,1,0,0,0,0,0,1,0.0,-5.535110355156934,3.8066625119925415,2.6390574010438272,2.3025851929940404,9.954884986638762,1.167605471266124,8.174421152928266,-13.815510557964274,1.0986126220013874,-13.815510557964274,-13.815510557964274,0.6931476805598203,False,False,False,False,False,True
10412.863802559415,0,0,0,1,0,0,0,0.022851919561243144,-6.303901951971948,5.23110862220218,1.3862946111198593,1.6094381124340804,9.797925220956992,3.84481427712507,7.69074316399891,3.912023025428146,9.999994999180668e-07,0.6931476805598203,-13.815510557964274,9.999994999180668e-07,True,False,False,False,False,False
4092.5737704918033,0,0,1,0,0,0,0,0.1290817904644072,-3.1945587325968314,11.162175789065074,3.2188758648682,3.4339872367432105,9.930382188212418,7.9432999645377045,6.413458958806701,4.366149928939721,0.6931476805598203,7.995643604624198,5.655991814316356,1.3862946111198593,False,False,True,False,False,False
6112.369742419302,1,0,0,0,0,0,1,0.0,-6.64139434679697,3.871201031741224,1.3862946111198593,3.465735934049726,8.817967018114343,2.48490673312133,8.028455164440302,-13.815510557964274,0.6931476805598203,-13.815510557964274,-13.815510557964274,1.6094381124340804,False,False,False,True,False,False
6112.369742419302,0,0,1,1,0,0,0,0.026491685686338442,-8.02539285776425,6.690842278660799,9.999994999180668e-07,2.772588784739779,10.100509621902683,6.690842278660799,8.028455164440302,4.397530833517539,1.0986126220013874,2.772588784739779,-13.815510557964274,9.999994999180668e-07,False,False,False,True,False,False
6112.369742419302,0,0,0,0,0,0,1,0.021736767742636668,-7.3337756581647415,4.997212280520872,0.6931476805598203,2.944439031798018,7.868225738407096,4.304065106717683,8.028455164440302,4.199705092879927,9.999994999180668e-07,1.0986126220013874,-13.815510557964274,1.0986126220013874,False,False,False,True,False,False
41763.20315581854,1,0,1,0,0,0,0,0.0,-4.916188123940292,4.382026647173881,3.2580965764830196,2.772588784739779,9.914029007665217,1.123930421652347,8.174421152928266,-13.815510557964274,0.6931476805598203,-13.815510557964274,-13.815510557964274,0.6931476805598203,False,False,False,False,False,True
41763.20315581854,1,0,0,0,1,0,0,0.01878463416924955,-4.324198043148924,6.448889395729136,3.850147622986654,3.465735934049726,10.092953778978782,2.5987418668038846,8.174421152928266,4.199705092879927,1.0986126220013874,2.1972246884473243,-13.815510557964274,1.6094381124340804,False,False,False,False,False,True
41763.20315581854,1,0,1,0,0,0,0,0.022767287960658127,-4.996219458230981,10.466611465541623,3.1780538720146114,2.9957323235539897,10.22584058848963,7.28855763584852,8.174421152928266,4.3919906532103,1.6094381124340804,7.27793857363627,4.6728288438077,1.0986126220013874,False,False,False,False,False,True
7640.563613231552,0,0,1,0,0,0,0,0.04594288945433983,-7.358533207287776,6.588926478909035,9.999994999180668e-07,3.688879479113936,7.751200744040292,6.588926478909035,7.360103973625284,4.279747799399617,9.999994999180668e-07,-13.815510557964274,-13.815510557964274,1.945910291912446,False,False,False,False,True,False
41763.20315581854,1,0,1,0,1,0,0,0.0,-5.87148122261456,3.465735934049726,2.3025851929940404,2.7080502677688743,10.24416951349112,1.1631511223056321,8.174421152928266,-13.815510557964274,1.0986126220013874,-13.815510557964274,-13.815510557964274,0.6931476805598203,False,False,False,False,False,True
10412.863802559415,0,0,0,1,0,0,0,0.03881695925471439,-7.688557553728022,8.245646901136258,9.999994999180668e-07,3.13549425940741,9.778095277150934,8.245646901136258,7.69074316399891,4.441845141658986,0.6931476805598203,4.290459454847021,2.5649494343846104,1.3862946111198593,True,False,False,False,False,False
41763.20315581854,0,0,1,1,0,0,0,0.02328435551654051,-4.955403377853663,12.642193041901187,3.2188758648682,2.6390574010438272,10.282110229577778,9.423317217110572,8.174421152928266,4.414447583764091,1.3862946111198593,9.283404942926142,7.520234557016633,1.0986126220013874,False,False,False,False,False,True
6112.369742419302,1,0,0,0,1,0,0,0.016302575806977502,-5.543292963648774,6.171700599498598,2.48490673312133,2.5649494343846104,10.225180538424821,3.6867939726751064,8.028455164440302,3.912023025428146,0.6931476805598203,0.6931476805598203,-13.815510557964274,0.6931476805598203,False,False,False,True,False,False
4092.5737704918033,0,1,1,0,0,0,1,0.10928961748633878,-5.720006823110456,5.762051385924831,0.6931476805598203,2.6390574010438272,10.433664265095292,5.068904208509539,6.413458958806701,4.199705092879927,1.6094381124340804,-13.815510557964274,-13.815510557964274,0.6931476805598203,False,False,True,False,False,False
41763.20315581854,1,1,0,1,0,0,0,0.021006472619375844,-5.609198832442679,9.470779708111161,2.5649494343846104,3.4339872367432105,10.410734020598502,6.90583035157448,8.174421152928266,4.311496497281505,1.3862946111198593,6.324358964173426,3.7841896566455335,1.6094381124340804,False,False,False,False,False,True
7640.563613231552,0,0,1,0,0,0,1,0.048183639218233994,-7.358533207287776,8.438799124204536,9.999994999180668e-07,3.610917939671251,10.52724990745567,8.438799124204536,7.360103973625284,4.327368235338264,1.3862946111198593,5.459585518399478,2.48490673312133,2.079441666679828,False,False,False,False,True,False
41763.20315581854,1,0,1,1,1,0,0,0.02054781282773507,-5.609198832442679,8.776321456604302,2.5649494343846104,2.5649494343846104,10.298062868164113,6.211372100994903,8.174421152928266,4.289420390914829,1.3862946111198593,5.624017509797447,1.7917596358947079,0.6931476805598203,False,False,False,False,False,True
6112.369742419302,0,0,1,0,0,0,0,0.0,-8.02539285776425,3.912023025428146,9.999994999180668e-07,2.9957323235539897,9.911230783913622,3.912023025428146,8.028455164440302,-13.815510557964274,9.999994999180668e-07,-13.815510557964274,-13.815510557964274,1.3862946111198593,False,False,False,True,False,False
7640.563613231552,0,0,1,0,0,0,1,0.06361323155216285,-7.358533207287776,3.9512437378121965,9.999994999180668e-07,3.332204545889489,9.733435459096341,3.9512437378121965,7.360103973625284,4.605170195988091,1.0986126220013874,-13.815510557964274,-13.815510557964274,1.6094381124340804,False,False,False,False,True,False
10412.863802559415,1,0,0,0,1,0,0,0.036048098462806086,-7.688557553728022,9.367771380010446,9.999994999180668e-07,3.688879479113936,9.99270785360796,9.367771380010446,7.69074316399891,4.367842012360496,1.0986126220013874,6.45990445594248,4.2766661329049445,1.7917596358947079,True,False,False,False,False,False
41763.20315581854,0,0,1,0,0,0,0,0.023971436141355777,-5.87148122261456,8.397508348695686,2.3025851929940404,1.945910291912446,9.911230783913622,6.094923257730495,8.174421152928266,4.443528846186061,9.999994999180668e-07,5.3033049130342,2.9957323235539897,9.999994999180668e-07,False,False,False,False,False,True
41763.20315581854,1,0,1,0,0,0,0,0.017489142157577173,-5.689218796583907,7.10414409380922,2.48490673312133,2.833213402879744,10.081139054530897,4.6192374530598395,8.174421152928266,4.128246130008893,1.3862946111198593,4.060443027787798,-13.815510557964274,1.0986126220013874,False,False,False,False,False,True
41763.20315581854,1,1,1,0,1,1,0,0.02163079086156009,-4.5107685106570985,8.619930269047822,3.6635616717706716,3.13549425940741,10.29116038861413,4.956368629776144,8.174421152928266,4.340783689166148,1.7917596358947079,5.693732142169703,2.1972246884473243,1.0986126220013874,False,False,False,False,False,True
10412.863802559415,0,0,0,0,0,1,0,0.031992687385740404,-7.688557553728022,6.3080984433310245,9.999994999180668e-07,2.079441666679828,8.362116469142244,6.3080984433310245,7.69074316399891,4.248495256335073,9.999994999180668e-07,-13.815510557964274,-13.815510557964274,9.999994999180668e-07,True,False,False,False,False,False
6112.369742419302,0,1,0,0,0,0,0,0.0,-8.02539285776425,4.04305128537841,9.999994999180668e-07,3.6375861860421748,9.059695528512524,4.04305128537841,8.028455164440302,-13.815510557964274,0.6931476805598203,-13.815510557964274,-13.815510557964274,1.945910291912446,False,False,False,True,False,False
4092.5737704918033,0,0,1,0,0,0,0,0.08196721311475409,-4.621597826440341,4.990432593581457,1.7917596358947079,2.890371813451719,9.914169522020384,3.198673158367007,6.413458958806701,3.912023025428146,0.6931476805598203,-13.815510557964274,-13.815510557964274,0.6931476805598203,False,False,True,False,False,False
6112.369742419302,1,0,0,0,1,0,0,0.025484486318953337,-7.3337756581647415,9.911009193984599,0.6931476805598203,3.7135720910945516,10.176128228194345,9.21786201347428,8.028455164440302,4.358769785303732,1.3862946111198593,-13.815510557964274,-13.815510557964274,1.7917596358947079,False,False,False,True,False,False
7640.563613231552,0,1,1,0,0,0,0,0.041348600508905854,-7.358533207287776,9.15037803090968,9.999994999180668e-07,4.04305128537841,10.10752266866503,9.15037803090968,7.360103973625284,4.174387285280252,0.6931476805598203,-13.815510557964274,-13.815510557964274,2.1972246884473243,False,False,False,False,True,False
41763.20315581854,0,0,1,0,0,0,0,0.0,-4.996219458230981,4.532599503905944,3.1780538720146114,2.397895363707457,9.911230783913622,1.3545459208697932,8.174421152928266,-13.815510557964274,9.999994999180668e-07,-13.815510557964274,-13.815510557964274,9.999994999180668e-07,False,False,False,False,False,True
6112.369742419302,0,0,1,1,0,0,0,0.023189979145392982,-7.3337756581647415,10.46951133679527,0.6931476805598203,3.09104249881286,10.372950842140785,9.776364156263714,8.028455164440302,4.264420151166067,1.3862946111198593,7.373374310537795,5.662960483608168,1.0986126220013874,False,False,False,True,False,False
7640.563613231552,0,0,0,1,0,0,1,0.04580152671755725,-6.666171101165439,7.738923757874997,0.6931476805598203,3.2958369030413657,10.26869050849963,7.045776577750592,7.360103973625284,4.2766661329049445,0.6931476805598203,-13.815510557964274,-13.815510557964274,1.6094381124340804,False,False,False,False,True,False
6112.369742419302,1,0,1,0,0,0,0,0.0266268338277812,-6.418404039733034,9.916453134975507,1.6094381124340804,2.890371813451719,10.498436526881248,8.30701522273883,8.028455164440302,4.4026193951958685,1.0986126220013874,6.645090970806034,4.418840619844791,1.0986126220013874,False,False,False,True,False,False
6112.369742419302,0,0,0,0,1,1,0,0.026526225041861702,-8.02539285776425,7.667158255787093,9.999994999180668e-07,3.332204545889489,10.65885325612051,7.667158255787093,8.028455164440302,4.398833765281929,1.0986126220013874,4.077537460854872,0.6931476805598203,1.3862946111198593,False,False,False,True,False,False
10412.863802559415,1,1,0,0,0,0,0,0.0,-7.688557553728022,9.217018026828757,9.999994999180668e-07,3.761200138949376,10.510738552536624,9.217018026828757,7.69074316399891,-13.815510557964274,1.3862946111198593,-13.815510557964274,-13.815510557964274,1.7917596358947079,True,False,False,False,False,False
41763.20315581854,0,0,1,0,0,1,0,0.02207564291149997,-5.689218796583907,11.210508701525042,2.48490673312133,2.48490673312133,10.614440615859076,8.725602051885884,8.174421152928266,4.361140756457866,1.0986126220013874,-13.815510557964274,-13.815510557964274,9.999994999180668e-07,False,False,False,False,False,True
6112.369742419302,0,0,0,1,1,0,0,0.017556620099821927,-5.948630320903834,7.014814352174017,2.079441666679828,3.367295864469232,9.986811052563574,4.93537281678349,8.028455164440302,3.9861309961532965,1.3862946111198593,3.2580965764830196,-13.815510557964274,1.6094381124340804,False,False,False,True,False,False
41763.20315581854,1,1,0,0,0,0,0,0.02222407422840792,-4.916188123940292,8.12207437565913,3.2580965764830196,3.367295864469232,10.522335075302966,4.86397784506045,8.174421152928266,4.367842012360496,1.6094381124340804,4.955827064643514,1.945910291912446,1.6094381124340804,False,False,False,False,False,True
41763.20315581854,1,0,1,0,1,0,0,0.019455513961008468,-4.262327169737311,6.787844983436975,3.912023025428146,3.1780538720146114,10.072968728674368,2.8758220332512177,8.174421152928266,4.234796412173956,1.3862946111198593,3.7376696420928917,9.999994999180668e-07,1.3862946111198593,False,False,False,False,False,True
41763.20315581854,0,0,1,0,0,0,0,0.022541561003099463,-4.262327169737311,7.834392303306319,3.912023025428146,2.079441666679828,10.093202307287365,3.922369317276431,8.174421152928266,4.382026647173881,0.6931476805598203,3.555348090060842,1.0986126220013874,9.999994999180668e-07,False,False,False,False,False,True
6112.369742419302,0,0,1,1,1,0,1,0.024952108692342094,-8.02539285776425,9.288411907488829,9.999994999180668e-07,2.833213402879744,10.498656412405786,9.288411907488829,8.028455164440302,4.337658233552536,1.7917596358947079,-13.815510557964274,-13.815510557964274,1.0986126220013874,False,False,False,True,False,False
4092.5737704918033,0,1,0,0,0,0,1,0.0,-4.467461669051619,4.2766661329049445,1.945910291912446,3.2958369030413657,8.337517314425417,2.3307560671829597,6.413458958806701,-13.815510557964274,0.6931476805598203,-13.815510557964274,-13.815510557964274,1.6094381124340804,False,False,True,False,False,False
41763.20315581854,1,0,1,0,0,0,0,0.023480792711561945,-5.87148122261456,6.668228249688052,2.3025851929940404,3.9512437378121965,10.354679968636681,4.3656431681298375,8.174421152928266,4.422848641194137,0.6931476805598203,1.7917596358947079,-13.815510557964274,2.079441666679828,False,False,False,False,False,True
10412.863802559415,0,0,0,0,0,0,0,0.0,-7.688557553728022,4.330733353444225,9.999994999180668e-07,3.610917939671251,9.467915727447808,4.330733353444225,7.69074316399891,-13.815510557964274,0.6931476805598203,-13.815510557964274,-13.815510557964274,1.945910291912446,True,False,False,False,False,False
41763.20315581854,0,0,0,0,0,0,1,0.0,-6.228004132072258,4.934473940324937,1.945910291912446,3.2580965764830196,5.85555732140996,2.9885638344350896,8.174421152928266,-13.815510557964274,9.999994999180668e-07,-13.815510557964274,-13.815510557964274,1.0986126220013874,False,False,False,False,False,True
7640.563613231552,0,0,1,0,0,0,0,0.04005277542173216,-5.750351709968375,7.694392803084795,1.6094381124340804,3.828641418228225,9.911230783913622,6.0849548924721875,7.360103973625284,4.142546679922331,9.999994999180668e-07,-13.815510557964274,-13.815510557964274,1.945910291912446,False,False,False,False,True,False
6112.369742419302,0,0,1,0,0,0,0,0.025665264179750475,-8.02539285776425,10.133368357542734,9.999994999180668e-07,3.7376696420928917,10.447551952945155,10.133368357542734,8.028455164440302,4.365838387181357,1.3862946111198593,-13.815510557964274,-13.815510557964274,2.079441666679828,False,False,False,True,False,False
41763.20315581854,1,1,0,0,0,0,0,0.0,-4.996219458230981,4.7361984571664255,3.1780538720146114,3.2958369030413657,10.106162843832818,1.5581448285728434,8.174421152928266,-13.815510557964274,1.0986126220013874,9.999994999180668e-07,-13.815510557964274,1.3862946111198593,False,False,False,False,False,True
6112.369742419302,0,0,0,0,0,0,1,0.022230785191332956,-7.3337756581647415,7.691200097979692,0.6931476805598203,2.9957323235539897,10.097859057253403,6.998052917876577,8.028455164440302,4.222177948398652,0.6931476805598203,4.189654757177941,1.3862946111198593,1.6094381124340804,False,False,False,True,False,False
10412.863802559415,1,1,0,0,0,0,0,0.030469226081657523,-7.688557553728022,5.697093489861109,9.999994999180668e-07,2.3025851929940404,10.227977199377506,5.697093489861109,7.69074316399891,4.199705092879927,1.0986126220013874,1.0986126220013874,-13.815510557964274,9.999994999180668e-07,True,False,False,False,False,False
41763.20315581854,1,0,0,1,1,0,0,0.0222407957930862,-4.916188123940292,9.793672686584726,3.2580965764830196,2.833213402879744,10.494497895217666,6.535576149958333,8.174421152928266,4.368594137138846,1.7917596358947079,6.56807791281647,3.465735934049726,0.6931476805598203,False,False,False,False,False,True
10412.863802559415,0,0,0,1,0,0,0,0.0,-7.688557553728022,4.828313745302301,9.999994999180668e-07,2.7080502677688743,9.778095277150934,4.828313745302301,7.69074316399891,-13.815510557964274,0.6931476805598203,-13.815510557964274,-13.815510557964274,0.6931476805598203,True,False,False,False,False,False
10412.863802559415,0,0,1,0,0,0,0,0.034277879341864714,-7.688557553728022,5.9939614298003345,9.999994999180668e-07,3.7135720910945516,10.093202307287365,5.9939614298003345,7.69074316399891,4.317488126869644,0.6931476805598203,2.079441666679828,9.999994999180668e-07,1.945910291912446,True,False,False,False,False,False
6112.369742419302,0,1,0,0,0,0,1,0.024024848557651052,-7.3337756581647415,7.215239979465392,0.6931476805598203,3.49650759176951,8.390350943423686,6.522092799640741,8.028455164440302,4.299788550008338,0.6931476805598203,-13.815510557964274,-13.815510557964274,1.6094381124340804,False,False,False,True,False,False
6112.369742419302,0,0,0,0,0,0,1,0.021736767742636668,-7.3337756581647415,7.996653875799194,0.6931476805598203,3.465735934049726,7.868225738407096,7.3035066955758365,8.028455164440302,4.199705092879927,9.999994999180668e-07,4.2766661329049445,1.0986126220013874,1.3862946111198593,False,False,False,True,False,False
6112.369742419302,0,1,0,0,0,0,1,0.0,-8.02539285776425,5.17048400071997,9.999994999180668e-07,3.2580965764830196,8.337517314425417,5.17048400071997,8.028455164440302,-13.815510557964274,0.6931476805598203,-13.815510557964274,-13.815510557964274,1.3862946111198593,False,False,False,True,False,False
41763.20315581854,1,0,0,0,0,0,1,0.0,-4.916188123940292,4.394449167018117,3.2580965764830196,2.890371813451719,8.817967018114343,1.1363529376385595,8.174421152928266,-13.815510557964274,0.6931476805598203,9.999994999180668e-07,-13.815510557964274,0.6931476805598203,False,False,False,False,False,True
10412.863802559415,1,0,0,1,1,0,0,0.03750695493204038,-7.688557553728022,9.46319805335144,9.999994999180668e-07,2.9957323235539897,10.193121481333835,9.46319805335144,7.69074316399891,4.407514277379461,1.945910291912446,6.313548048088689,3.7135720910945516,1.3862946111198593,True,False,False,False,False,False
6112.369742419302,1,1,0,0,0,0,1,0.0,-8.02539285776425,4.430816810748075,9.999994999180668e-07,3.09104249881286,9.56888296407913,4.430816810748075,8.028455164440302,-13.815510557964274,1.0986126220013874,-13.815510557964274,-13.815510557964274,1.6094381124340804,False,False,False,True,False,False
6112.369742419302,1,0,0,0,0,0,1,0.0,-8.02539285776425,3.8066625119925415,9.999994999180668e-07,2.7080502677688743,8.817967018114343,3.8066625119925415,8.028455164440302,-13.815510557964274,0.6931476805598203,-13.815510557964274,-13.815510557964274,1.0986126220013874,False,False,False,True,False,False
41763.20315581854,1,1,1,0,0,0,0,0.020519103874772595,-5.609198832442679,8.808219665267908,2.5649494343846104,3.5263605540279257,10.152848395446561,6.24327030960036,8.174421152928266,4.288022235925339,1.3862946111198593,5.659482219243942,1.3862946111198593,1.7917596358947079,False,False,False,False,False,True
41763.20315581854,1,0,0,1,1,1,0,0.023647796927149158,-4.996219458230981,11.293612069248823,3.1780538720146114,2.5649494343846104,10.58867884733369,8.115558239187278,8.174421152928266,4.429935842992446,1.6094381124340804,7.653969180952933,5.572154035980046,0.6931476805598203,False,False,False,False,False,True
6112.369742419302,0,0,0,0,0,0,1,0.02328939400996786,-8.02539285776425,7.281385664258514,9.999994999180668e-07,2.5649494343846104,7.868225738407096,7.281385664258514,8.028455164440302,4.268697963366878,9.999994999180668e-07,-13.815510557964274,-13.815510557964274,0.6931476805598203,False,False,False,True,False,False
6112.369742419302,0,0,1,0,0,0,0,0.02685402956540533,-6.928821064339634,10.477090772949946,1.0986126220013874,2.5649494343846104,10.047459536662963,9.378478484338187,8.028455164440302,4.411115783892045,1.0986126220013874,7.653969180952933,4.941642429752162,0.6931476805598203,False,False,False,True,False,False
6112.369742419302,0,0,0,0,0,0,1,0.026084121291164004,-7.3337756581647415,6.073044536404552,0.6931476805598203,2.5649494343846104,7.868225738407096,5.379897358148755,8.028455164440302,4.382026647173881,9.999994999180668e-07,2.3025851929940404,-13.815510557964274,0.6931476805598203,False,False,False,True,False,False
10412.863802559415,1,0,0,0,1,0,0,0.0,-7.688557553728022,5.932245190100531,9.999994999180668e-07,3.367295864469232,10.224690558046179,5.932245190100531,7.69074316399891,-13.815510557964274,1.6094381124340804,-13.815510557964274,-13.815510557964274,1.7917596358947079,True,False,False,False,False,False
10412.863802559415,1,1,0,1,0,0,0,0.038593146812455764,-7.688557553728022,11.242244714211466,9.999994999180668e-07,2.890371813451719,10.28026519921813,11.242244714211466,7.69074316399891,4.4360626133914804,1.0986126220013874,7.834392303306319,5.67675380569294,1.3862946111198593,True,False,False,False,False,False
10412.863802559415,0,0,1,0,0,0,1,0.022851919561243144,-7.688557553728022,6.908754780314221,9.999994999180668e-07,4.262679891125822,10.246050722944211,6.908754780314221,7.69074316399891,3.912023025428146,1.7917596358947079,3.2580965764830196,9.999994999180668e-07,2.48490673312133,True,False,False,False,False,False
6112.369742419302,0,0,1,0,0,0,1,0.010868383871318334,-7.3337756581647415,5.17048400071997,0.6931476805598203,3.465735934049726,9.344427357142143,4.477336825841843,8.028455164440302,3.506557927319981,0.6931476805598203,-13.815510557964274,-13.815510557964274,1.3862946111198593,False,False,False,True,False,False
10412.863802559415,1,0,0,0,0,0,0,0.0359338155419548,-7.688557553728022,9.094480485993932,9.999994999180668e-07,3.49650759176951,9.999984810233544,9.094480485993932,7.69074316399891,4.3646666865302945,0.6931476805598203,6.313548048088689,3.49650759176951,1.3862946111198593,True,False,False,False,False,False
41763.20315581854,0,0,1,1,0,0,0,0.020512820512820513,-4.303146206971848,8.11192806361068,3.871201031741224,3.2188758648682,9.95997428166519,4.240727066799969,8.174421152928266,4.287715968938904,1.0986126220013874,4.828313745302301,2.6390574010438272,1.3862946111198593,False,False,False,False,False,True
6112.369742419302,1,1,0,0,0,0,1,0.023556144778363965,-6.418404039733034,8.533066540769378,1.6094381124340804,2.397895363707457,10.039870154182895,6.923628629122679,8.028455164440302,4.28008661017235,1.6094381124340804,5.424950021886689,1.7917596358947079,0.6931476805598203,False,False,False,True,False,False
6112.369742419302,0,0,0,0,0,0,1,0.023947921702663504,-6.928821064339634,8.940367233436168,1.0986126220013874,3.610917939671251,7.868225738407096,7.841754945030044,8.028455164440302,4.2965814423320206,9.999994999180668e-07,5.669880926428796,3.1780538720146114,1.0986126220013874,False,False,False,True,False,False
6112.369742419302,1,0,0,0,0,0,1,0.02410380840172747,-8.02539285776425,9.104201776025713,9.999994999180668e-07,3.6375861860421748,10.575852044390212,9.104201776025713,8.028455164440302,4.3030697516390095,1.6094381124340804,5.786897384434193,3.2188758648682,1.3862946111198593,False,False,False,True,False,False
41763.20315581854,0,1,1,1,0,0,0,0.0,-6.382070358285614,7.860570785924318,1.7917596358947079,3.8918203185187896,10.170872800799847,6.068811318624531,8.174421152928266,-13.815510557964274,1.3862946111198593,-13.815510557964274,-13.815510557964274,2.3025851929940404,False,False,False,False,False,True
7640.563613231552,0,1,1,1,0,0,0,0.05259209417078509,-5.280465950612912,10.19275586627922,2.079441666679828,2.944439031798018,10.572526753466864,8.11331432486147,7.360103973625284,4.414914513614305,1.7917596358947079,-13.815510557964274,-13.815510557964274,1.0986126220013874,False,False,False,False,True,False
10412.863802559415,0,0,1,0,0,0,0,0.04570383912248629,-7.688557553728022,4.644390908756757,9.999994999180668e-07,2.833213402879744,9.911230783913622,4.644390908756757,7.69074316399891,4.605170195988091,9.999994999180668e-07,-13.815510557964274,-13.815510557964274,9.999994999180668e-07,True,False,False,False,False,False
6112.369742419302,0,0,0,0,0,0,1,0.019563090968373,-8.02539285776425,5.84354441992991,9.999994999180668e-07,3.13549425940741,7.868225738407096,5.84354441992991,8.028455164440302,4.094344578888768,9.999994999180668e-07,2.3025851929940404,-13.815510557964274,1.3862946111198593,False,False,False,True,False,False
41763.20315581854,0,1,0,0,0,0,1,0.02817695125387433,-4.916188123940292,4.644390908756757,3.2580965764830196,2.890371813451719,8.337517314425417,1.3862946111198593,8.174421152928266,4.605170195988091,0.6931476805598203,-13.815510557964274,-13.815510557964274,1.0986126220013874,False,False,False,False,False,True
6112.369742419302,1,1,1,1,1,0,0,0.023712837537421823,-6.236184658820706,7.367708573005684,1.7917596358947079,2.079441666679828,10.294227948191613,5.575949106934195,8.028455164440302,4.286716468619557,1.7917596358947079,4.007333203414289,-13.815510557964274,9.999994999180668e-07,False,False,False,True,False,False
10412.863802559415,1,1,0,0,0,0,1,0.0,-7.688557553728022,3.7841896566455335,9.999994999180668e-07,3.761200138949376,9.56888296407913,3.7841896566455335,7.69074316399891,-13.815510557964274,1.0986126220013874,-13.815510557964274,-13.815510557964274,2.079441666679828,True,False,False,False,False,False
41763.20315581854,1,1,0,0,1,0,0,0.02342904932336777,-4.996219458230981,12.654322620466877,3.1780538720146114,3.09104249881286,10.415223157947578,9.476268790192387,8.174421152928266,4.420642562200336,1.3862946111198593,9.261793653660083,6.861711341527851,1.3862946111198593,False,False,False,False,False,True
10412.863802559415,0,0,0,0,0,1,0,0.027422303473491772,-5.493275504641259,5.5872486621455675,2.1972246884473243,4.248495256335073,8.362116469142244,3.390024114771895,7.69074316399891,4.094344578888768,9.999994999180668e-07,1.6094381124340804,-13.815510557964274,2.3025851929940404,True,False,False,False,False,False
10412.863802559415,0,0,1,0,0,0,0,0.022851919561243144,-7.688557553728022,5.1929568564457655,9.999994999180668e-07,1.945910291912446,9.837484749753822,5.1929568564457655,7.69074316399891,3.912023025428146,0.6931476805598203,-13.815510557964274,-13.815510557964274,0.6931476805598203,True,False,False,False,False,False
6112.369742419302,0,0,1,1,0,0,0,0.02420685498611811,-6.928821064339634,7.527793988259368,1.0986126220013874,2.9957323235539897,10.41831635451246,6.4291817006671055,8.028455164440302,4.30733575554168,0.6931476805598203,4.189654757177941,9.999994999180668e-07,1.0986126220013874,False,False,False,True,False,False
6112.369742419302,0,0,1,0,0,0,0,0.0,-8.02539285776425,4.025351708592292,9.999994999180668e-07,2.772588784739779,7.751200744040292,4.025351708592292,8.028455164440302,-13.815510557964274,9.999994999180668e-07,-13.815510557964274,-13.815510557964274,1.3862946111198593,False,False,False,True,False,False
41763.20315581854,1,0,1,0,0,0,0,0.019507120098836074,-4.345702606959565,6.516193077522254,3.828641418228225,3.6635616717706716,10.223897637656007,2.687551747601204,8.174421152928266,4.2374454203072185,1.3862946111198593,2.5649494343846104,0.6931476805598203,1.3862946111198593,False,False,False,False,False,True
10412.863802559415,0,0,0,0,0,1,0,0.04570383912248629,-7.688557553728022,4.304065106717683,9.999994999180668e-07,3.465735934049726,8.362116469142244,4.304065106717683,7.69074316399891,4.605170195988091,9.999994999180668e-07,-13.815510557964274,-13.815510557964274,1.6094381124340804,True,False,False,False,False,False
4092.5737704918033,0,1,0,0,0,0,0,0.10691375623663578,-6.412849143141731,6.637258032595073,9.999994999180668e-07,3.332204545889489,8.71511678782035,6.637258032595073,6.413458958806701,4.177726186494485,9.999994999180668e-07,-13.815510557964274,-13.815510557964274,1.0986126220013874,False,False,True,False,False,False
1266.400447427293,0,0,0,0,0,0,0,0.18021377081779766,-6.102111694488308,7.068172001239831,9.999994999180668e-07,2.6390574010438272,8.024016164881164,7.068172001239831,6.102558596850705,4.388947089932248,9.999994999180668e-07,-13.815510557964274,-13.815510557964274,0.6931476805598203,False,True,False,False,False,False
41763.20315581854,1,1,1,0,0,1,0,0.02262284067017795,-5.689218796583907,9.318566777136796,2.48490673312133,3.465735934049726,10.66540666056807,6.833660128335963,8.174421152928266,4.385625931158619,1.6094381124340804,6.030685262665109,3.2580965764830196,1.6094381124340804,False,False,False,False,False,True
10412.863802559415,0,0,1,0,0,0,1,0.0,-7.688557553728022,5.017279843437441,9.999994999180668e-07,4.127134401174124,9.820483002541641,5.017279843437441,7.69074316399891,-13.815510557964274,1.0986126220013874,-13.815510557964274,-13.815510557964274,2.079441666679828,True,False,False,False,False,False
41763.20315581854,0,0,1,0,0,0,0,0.014088475626937165,-5.609198832442679,4.564348201884503,2.5649494343846104,3.13549425940741,9.911230783913622,1.999398969422957,8.174421152928266,3.912023025428146,9.999994999180668e-07,0.6931476805598203,-13.815510557964274,1.0986126220013874,False,False,False,False,False,True
10412.863802559415,0,1,0,0,0,1,0,0.03808653260207191,-7.688557553728022,6.324358964173426,9.999994999180668e-07,1.3862946111198593,10.577273918560575,6.324358964173426,7.69074316399891,4.422848641194137,0.6931476805598203,2.890371813451719,9.999994999180668e-07,9.999994999180668e-07,True,False,False,False,False,False
1266.400447427293,0,0,0,0,1,0,0,0.22371364653243847,-6.102111694488308,5.9242558000883285,9.999994999180668e-07,1.3862946111198593,9.017017552876009,5.9242558000883285,6.102558596850705,4.605170195988091,0.6931476805598203,-13.815510557964274,-13.815510557964274,9.999994999180668e-07,False,True,False,False,False,False
7640.563613231552,0,0,0,0,0,0,1,0.045257174686364615,-7.358533207287776,9.720045368133537,9.999994999180668e-07,3.2580965764830196,10.063192644132604,9.720045368133537,7.360103973625284,4.264709922244867,9.999994999180668e-07,-13.815510557964274,-13.815510557964274,1.3862946111198593,False,False,False,False,True,False
10412.863802559415,0,1,0,1,0,0,0,0.04570383912248629,-7.688557553728022,4.795790553861204,9.999994999180668e-07,1.3862946111198593,10.228312828050477,4.795790553861204,7.69074316399891,4.605170195988091,1.0986126220013874,-13.815510557964274,-13.815510557964274,9.999994999180668e-07,True,False,False,False,False,False
6112.369742419302,1,0,1,0,1,0,0,0.024629790787519968,-8.02539285776425,9.75318778182302,9.999994999180668e-07,4.04305128537841,10.198022376603223,9.75318778182302,8.028455164440302,4.3246566162530184,1.6094381124340804,6.543911847003641,3.6375861860421748,2.1972246884473243,False,False,False,True,False,False
10412.863802559415,1,0,1,0,0,1,0,0.03475002644023751,-7.688557553728022,9.526318313655718,9.999994999180668e-07,3.688879479113936,10.626240329265542,9.526318313655718,7.69074316399891,4.3311682305925645,1.3862946111198593,-13.815510557964274,-13.815510557964274,1.945910291912446,True,False,False,False,False,False
7640.563613231552,0,0,1,0,0,0,0,0.04594288945433983,-7.358533207287776,8.862483576629934,9.999994999180668e-07,3.555348090060842,10.437648715878705,8.862483576629934,7.360103973625284,4.279747799399617,1.0986126220013874,-13.815510557964274,-13.815510557964274,1.3862946111198593,False,False,False,False,True,False
10412.863802559415,1,0,0,0,1,0,0,0.027422303473491772,-7.688557553728022,5.717027704695695,9.999994999180668e-07,2.48490673312133,9.704884196475403,5.717027704695695,7.69074316399891,4.094344578888768,0.6931476805598203,1.6094381124340804,9.999994999180668e-07,0.6931476805598203,True,False,False,False,False,False
41763.20315581854,0,0,0,1,1,0,0,0.021293540787745213,-5.609198832442679,9.340139809598854,2.5649494343846104,3.465735934049726,9.945485936385094,6.775190453191243,8.174421152928266,4.325069664221337,1.6094381124340804,6.082218912659551,3.0445224853424695,1.6094381124340804,False,False,False,False,False,True
10412.863802559415,0,0,0,0,1,0,0,0.0,-7.688557553728022,4.248495256335073,9.999994999180668e-07,2.9957323235539897,9.690921400442782,4.248495256335073,7.69074316399891,-13.815510557964274,0.6931476805598203,-13.815510557964274,-13.815510557964274,1.0986126220013874,True,False,False,False,False,False
6112.369742419302,0,1,0,0,0,0,1,0.0,-8.02539285776425,4.532599503905944,9.999994999180668e-07,3.401197414995488,8.337517314425417,4.532599503905944,8.028455164440302,-13.815510557964274,0.6931476805598203,-13.815510557964274,-13.815510557964274,1.945910291912446,False,False,False,True,False,False
10412.863802559415,0,0,1,0,0,0,0,0.03917471924784539,-7.688557553728022,5.82008293331972,9.999994999180668e-07,2.833213402879744,9.911230783913622,5.82008293331972,7.69074316399891,4.4510195178275,9.999994999180668e-07,1.945910291912446,-13.815510557964274,0.6931476805598203,True,False,False,False,False,False
10412.863802559415,1,1,1,1,0,0,1,0.03323632926662438,-7.688557553728022,10.297824302890156,9.999994999180668e-07,4.007333203414289,10.224130538768373,10.297824302890156,7.69074316399891,4.286631430991524,1.7917596358947079,7.293017680453054,4.382026647173881,2.1972246884473243,True,False,False,False,False,False
7640.563613231552,0,0,0,0,1,0,0,0.04444212067342884,-7.358533207287776,7.787796878595937,9.999994999180668e-07,2.6390574010438272,9.491837474743775,7.787796878595937,7.360103973625284,4.2465363918777514,1.0986126220013874,4.290459454847021,0.6931476805598203,1.0986126220013874,False,False,False,False,True,False
7640.563613231552,1,1,1,0,0,1,0,0.05334563150902746,-7.358533207287776,10.434439280715111,9.999994999180668e-07,3.5263605540279257,10.430646991616369,10.434439280715111,7.360103973625284,4.429140796709757,1.945910291912446,-13.815510557964274,-13.815510557964274,1.7917596358947079,False,False,False,False,True,False
6112.369742419302,0,1,0,1,1,0,0,0.029173030391433426,-8.02539285776425,7.054449658996498,9.999994999180668e-07,3.0445224853424695,10.042838057348066,7.054449658996498,8.028455164440302,4.493944562054337,1.0986126220013874,3.6375861860421748,0.6931476805598203,1.3862946111198593,False,False,False,True,False,False
1266.400447427293,0,0,0,0,0,0,0,0.1731976618315653,-6.102111694488308,6.677083462506581,9.999994999180668e-07,3.871201031741224,8.024016164881164,6.677083462506581,6.102558596850705,4.349236824767558,9.999994999180668e-07,3.4339872367432105,9.999994999180668e-07,1.945910291912446,False,True,False,False,False,False
7640.563613231552,0,0,0,0,0,1,0,0.03816793893129771,-7.358533207287776,4.919980933127395,9.999994999180668e-07,2.7080502677688743,8.362116469142244,4.919980933127395,7.360103973625284,4.094344578888768,9.999994999180668e-07,-13.815510557964274,-13.815510557964274,0.6931476805598203,False,False,False,False,True,False
6112.369742419302,0,0,1,0,0,0,0,0.024991929020351716,-6.0821069681583495,9.953229644478515,1.945910291912446,3.871201031741224,10.25355015412877,8.007319495708645,8.028455164440302,4.339252831736868,1.3862946111198593,6.922643892461109,5.1119877943806395,1.945910291912446,False,False,False,True,False,False
7640.563613231552,0,0,1,0,0,0,0,0.04781036560867818,-4.064208886457449,9.12804512935793,3.2958369030413657,2.833213402879744,9.911230783913622,5.832208266176619,7.360103973625284,4.3195911770384114,9.999994999180668e-07,6.163314806139905,3.0445224853424695,0.6931476805598203,False,False,False,False,True,False
6112.369742419302,0,0,1,0,0,0,0,0.0,-6.236184658820706,3.9512437378121965,1.7917596358947079,2.6390574010438272,9.911230783913622,2.159484364737981,8.028455164440302,-13.815510557964274,9.999994999180668e-07,-13.815510557964274,-13.815510557964274,0.6931476805598203,False,False,False,True,False,False
41763.20315581854,1,1,1,0,0,0,1,0.0,-4.2231091863939945,4.624972823088193,3.9512437378121965,2.48490673312133,9.91355032231366,0.6737296045066352,8.174421152928266,-13.815510557964274,1.6094381124340804,9.999994999180668e-07,-13.815510557964274,9.999994999180668e-07,False,False,False,False,False,True
6112.369742419302,0,1,0,0,0,0,0,0.026084121291164004,-8.02539285776425,6.073044536404552,9.999994999180668e-07,2.833213402879744,8.71511678782035,6.073044536404552,8.028455164440302,4.382026647173881,9.999994999180668e-07,-13.815510557964274,-13.815510557964274,0.6931476805598203,False,False,False,True,False,False
41763.20315581854,0,0,1,0,0,0,0,0.0,-4.262327169737311,4.634728997938374,3.912023025428146,2.6390574010438272,7.751200744040292,0.7227064682382652,8.174421152928266,-13.815510557964274,9.999994999180668e-07,-13.815510557964274,-13.815510557964274,1.0986126220013874,False,False,False,False,False,True
7640.563613231552,1,1,1,0,0,0,1,0.04823420853955205,-7.358533207287776,9.823794783681027,9.999994999180668e-07,2.3025851929940404,10.612924770027595,9.823794783681027,7.360103973625284,4.328417197256907,1.6094381124340804,-13.815510557964274,-13.815510557964274,0.6931476805598203,False,False,False,False,True,False
7640.563613231552,0,1,0,0,0,0,0,0.041637751561415685,-7.358533207287776,7.828834527986179,9.999994999180668e-07,3.09104249881286,9.193989884547726,7.828834527986179,7.360103973625284,4.181355954489508,9.999994999180668e-07,4.700480374883325,1.6094381124340804,1.0986126220013874,False,False,False,False,True,False
1266.400447427293,0,0,0,0,0,0,0,0.22371364653243847,-6.102111694488308,4.304065106717683,9.999994999180668e-07,2.944439031798018,8.024016164881164,4.304065106717683,6.102558596850705,4.605170195988091,9.999994999180668e-07,-13.815510557964274,-13.815510557964274,1.3862946111198593,False,True,False,False,False,False
41763.20315581854,0,0,1,0,0,0,0,0.01878463416924955,-1.260680274160033,5.030437927928383,6.913737351653721,3.0445224853424695,9.911230783913622,-1.8832928541254665,8.174421152928266,4.199705092879927,9.999994999180668e-07,1.0986126220013874,-13.815510557964274,1.0986126220013874,False,False,False,False,False,True
4092.5737704918033,0,0,1,0,0,0,0,0.0,-3.897795867162686,3.8918203185187896,2.515613875923528,2.9957323235539897,10.093202307287365,1.3762067555350856,6.413458958806701,-13.815510557964274,0.6931476805598203,-13.815510557964274,-13.815510557964274,1.0986126220013874,False,False,True,False,False,False
6112.369742419302,1,0,0,0,1,0,0,0.029344636452559504,-6.64139434679697,7.832014180902294,1.3862946111198593,1.7917596358947079,10.092953778978782,6.44571982097288,8.028455164440302,4.499809681441376,1.0986126220013874,4.094344578888768,9.999994999180668e-07,9.999994999180668e-07,False,False,False,True,False,False
10412.863802559415,0,0,1,0,0,0,0,0.022851919561243144,-7.688557553728022,5.1647859796377995,9.999994999180668e-07,4.025351708592292,10.329524889484052,5.1647859796377995,7.69074316399891,3.912023025428146,1.0986126220013874,0.6931476805598203,-13.815510557964274,1.945910291912446,True,False,False,False,False,False
10412.863802559415,1,0,1,1,1,0,0,0.033820840950639856,-7.688557553728022,8.24748200454761,9.999994999180668e-07,3.465735934049726,10.42425349980397,8.24748200454761,7.69074316399891,4.304065106717683,1.7917596358947079,5.010635300762923,2.3025851929940404,1.7917596358947079,True,False,False,False,False,False
1266.400447427293,0,0,0,0,0,1,0,0.0,-6.102111694488308,3.2580965764830196,9.999994999180668e-07,2.079441666679828,9.555574114336775,3.2580965764830196,6.102558596850705,-13.815510557964274,9.999994999180668e-07,-13.815510557964274,-13.815510557964274,9.999994999180668e-07,False,True,False,False,False,False
6112.369742419302,0,0,1,1,0,0,0,0.026128033953270343,-8.02539285776425,10.787916031282148,9.999994999180668e-07,3.13549425940741,10.086690997819149,10.787916031282148,8.028455164440302,4.383708733335858,0.6931476805598203,-13.815510557964274,-13.815510557964274,1.6094381124340804,False,False,False,True,False,False
41763.20315581854,1,1,0,0,0,1,0,0.024036966702223838,-5.689218796583907,11.885192222381697,2.48490673312133,2.48490673312133,10.987504027369983,9.400285572669505,8.174421152928266,4.446258809980552,1.3862946111198593,8.50673873371448,6.204557764588892,0.6931476805598203,False,False,False,False,False,True
7640.563613231552,1,1,0,0,1,0,0,0.04705120676935122,-7.358533207287776,8.301769763365243,9.999994999180668e-07,3.13549425940741,10.07562736131251,8.301769763365243,7.360103973625284,4.303585221887319,1.3862946111198593,5.129898720840234,3.332204545889489,1.0986126220013874,False,False,False,False,True,False
41763.20315581854,0,0,1,0,0,0,0,0.0,-4.413138505475029,4.718498880223666,3.761200138949376,2.48490673312133,10.093202307287365,0.95729913953003,8.174421152928266,-13.815510557964274,0.6931476805598203,-13.815510557964274,-13.815510557964274,0.6931476805598203,False,False,False,False,False,True
7640.563613231552,1,1,1,0,0,0,0,0.036047497879558944,-7.358533207287776,6.899723108292937,9.999994999180668e-07,3.13549425940741,10.055523290413722,6.899723108292937,7.360103973625284,4.037186166029211,1.0986126220013874,-13.815510557964274,-13.815510557964274,1.0986126220013874,False,False,False,False,True,False
6112.369742419302,0,0,0,1,0,0,1,0.0,-8.02539285776425,3.5835189662338873,9.999994999180668e-07,2.833213402879744,9.2231297982103,3.5835189662338873,8.028455164440302,-13.815510557964274,0.6931476805598203,-13.815510557964274,-13.815510557964274,1.0986126220013874,False,False,False,True,False,False
7640.563613231552,0,0,1,0,0,0,0,0.04928999425428876,-5.9734166890735345,10.21321238840014,1.3862946111198593,3.2580965764830196,9.930382188212418,8.826918027390295,7.360103973625284,4.350069811060695,0.6931476805598203,7.346010210558454,4.762173943344765,1.3862946111198593,False,False,False,False,True,False
6112.369742419302,0,0,0,0,0,0,1,0.018759128325837125,-6.928821064339634,7.903965634401442,1.0986126220013874,2.48490673312133,7.868225738407096,6.805353346471884,8.028455164440302,4.052380380504021,9.999994999180668e-07,4.290459454847021,1.3862946111198593,0.6931476805598203,False,False,False,True,False,False
6112.369742419302,1,0,1,1,1,0,0,0.0,-8.02539285776425,5.049856013659793,9.999994999180668e-07,3.9318256523321686,10.2399539017387,5.049856013659793,8.028455164440302,-13.815510557964274,1.6094381124340804,-13.815510557964274,-13.815510557964274,1.7917596358947079,False,False,False,True,False,False
10412.863802559415,0,1,0,0,0,0,0,0.03554743042860045,-7.688557553728022,5.2417470203506475,9.999994999180668e-07,1.6094381124340804,8.71511678782035,5.2417470203506475,7.69074316399891,4.353855770564328,9.999994999180668e-07,2.1972246884473243,-13.815510557964274,9.999994999180668e-07,True,False,False,False,False,False
41763.20315581854,1,0,1,1,1,0,0,0.02257711551572265,-4.916188123940292,10.239102278778956,3.2580965764830196,3.0445224853424695,10.215293379328278,6.9810057416510976,8.174421152928266,4.383602691609663,2.1972246884473243,6.857514063596915,4.262679891125822,1.0986126220013874,False,False,False,False,False,True
41763.20315581854,0,1,1,1,0,0,0,0.0,-5.609198832442679,10.567849381690051,2.5649494343846104,3.0445224853424695,10.330767911307118,8.002900024537274,8.174421152928266,-13.815510557964274,1.6094381124340804,-13.815510557964274,-13.815510557964274,1.0986126220013874,False,False,False,False,False,True
7640.563613231552,1,0,1,0,0,0,1,0.04684247050659264,-6.666171101165439,7.690286021134015,0.6931476805598203,3.49650759176951,10.438451718670844,6.997138841031317,7.360103973625284,4.299138988448361,1.0986126220013874,4.700480374883325,1.7917596358947079,1.7917596358947079,False,False,False,False,True,False
6112.369742419302,0,0,0,0,0,0,1,0.021450757640759873,-8.02539285776425,7.603399340239423,9.999994999180668e-07,2.890371813451719,7.868225738407096,7.603399340239423,8.028455164440302,4.186459866329907,9.999994999180668e-07,-13.815510557964274,-13.815510557964274,1.0986126220013874,False,False,False,True,False,False
7640.563613231552,1,0,0,0,0,0,0,0.04745749020558181,-7.358533207287776,7.552762084738807,9.999994999180668e-07,3.4339872367432105,10.32389724513457,7.552762084738807,7.360103973625284,4.312183074710872,0.6931476805598203,4.143134742264548,1.3862946111198593,1.7917596358947079,False,False,False,False,True,False
41763.20315581854,1,0,1,0,0,0,0,0.019371653987038603,-4.2231091863939945,7.15929190557517,3.9512437378121965,3.401197414995488,9.914029007665217,3.2080482266515955,8.174421152928266,4.2304767510921355,0.6931476805598203,4.382026647173881,9.999994999180668e-07,1.6094381124340804,False,False,False,False,False,True
6112.369742419302,1,1,1,0,0,0,0,0.026084121291164004,-8.02539285776425,6.109247584986588,9.999994999180668e-07,2.6390574010438272,10.577110617080379,6.109247584986588,8.028455164440302,4.382026647173881,1.0986126220013874,2.3025851929940404,-13.815510557964274,1.0986126220013874,False,False,False,True,False,False
4092.5737704918033,0,0,1,0,0,0,0,0.16393442622950818,-4.803899052174652,4.430816810748075,1.6094381124340804,2.5649494343846104,9.911230783913622,2.821378945933021,6.413458958806701,4.605170195988091,9.999994999180668e-07,-13.815510557964274,-13.815510557964274,9.999994999180668e-07,False,False,True,False,False,False
1266.400447427293,0,0,1,0,0,0,1,0.1789709172259508,-6.102111694488308,5.081404371195643,9.999994999180668e-07,2.772588784739779,9.321441746407528,5.081404371195643,6.102558596850705,4.382026647173881,1.0986126220013874,1.6094381124340804,-13.815510557964274,1.0986126220013874,False,True,False,False,False,False
10412.863802559415,0,0,0,0,0,0,1,0.04570383912248629,-7.688557553728022,4.753590199727054,9.999994999180668e-07,2.6390574010438272,5.85555732140996,4.753590199727054,7.69074316399891,4.605170195988091,9.999994999180668e-07,-13.815510557964274,-13.815510557964274,0.6931476805598203,True,False,False,False,False,False
41763.20315581854,1,1,1,0,0,0,0,0.022639800769753228,-5.689218796583907,10.313807523403646,2.48490673312133,2.944439031798018,10.394867404559024,7.828900873980537,8.174421152928266,4.386375339483821,1.6094381124340804,7.140453043893552,4.1108738805667535,1.0986126220013874,False,False,False,False,False,True
41763.20315581854,1,0,0,0,0,0,0,0.021837137221752605,-4.916188123940292,6.685860948316798,3.2580965764830196,3.401197414995488,9.327943316009462,3.4277644415063024,8.174421152928266,4.350277949262527,9.999994999180668e-07,3.688879479113936,1.3862946111198593,1.6094381124340804,False,False,False,False,False,True
4092.5737704918033,0,1,1,0,0,1,0,0.11216566005176876,-6.412849143141731,6.813444600609797,9.999994999180668e-07,2.833213402879744,10.860116277145625,6.813444600609797,6.413458958806701,4.225680578898572,1.3862946111198593,-13.815510557964274,-13.815510557964274,1.0986126220013874,False,False,True,False,False,False
10412.863802559415,0,0,1,0,0,0,0,0.0,-7.688557553728022,3.555348090060842,9.999994999180668e-07,2.079441666679828,9.911230783913622,3.555348090060842,7.69074316399891,-13.815510557964274,9.999994999180668e-07,-13.815510557964274,-13.815510557964274,9.999994999180668e-07,True,False,False,False,False,False
41763.20315581854,0,0,1,0,0,0,0,0.0,-4.242525934108025,4.653960359681333,3.9318256523321686,2.1972246884473243,9.76305387331802,0.7221352031473653,8.174421152928266,-13.815510557964274,0.6931476805598203,9.999994999180668e-07,-13.815510557964274,0.6931476805598203,False,False,False,False,False,True
6112.369742419302,1,0,0,1,1,0,0,0.023529973115953184,-8.02539285776425,9.520248603259482,9.999994999180668e-07,3.09104249881286,10.258272540072834,9.520248603259482,8.028455164440302,4.278974959184166,1.6094381124340804,6.546785412195244,4.077537460854872,1.3862946111198593,False,False,False,True,False,False
4092.5737704918033,0,0,0,0,0,0,1,0.0,-6.412849143141731,4.077537460854872,9.999994999180668e-07,3.2580965764830196,9.145833572229211,4.077537460854872,6.413458958806701,-13.815510557964274,0.6931476805598203,-13.815510557964274,-13.815510557964274,1.3862946111198593,False,False,True,False,False,False
10412.863802559415,1,0,0,0,0,0,0,0.03275441803778184,-7.688557553728022,7.7638712882450305,9.999994999180668e-07,3.6635616717706716,10.204079621844437,7.7638712882450305,7.69074316399891,4.2720257534130415,1.0986126220013874,4.787491751115379,1.6094381124340804,1.7917596358947079,True,False,False,False,False,False
41763.20315581854,1,1,1,1,0,0,1,0.02191540653079115,-4.916188123940292,10.692149437461097,3.2580965764830196,2.079441666679828,10.583708761909984,7.43405290000768,8.174421152928266,4.353855770564328,2.1972246884473243,7.344719054795667,4.753590199727054,9.999994999180668e-07,False,False,False,False,False,True
41763.20315581854,0,0,0,0,1,0,0,0.022854357955246325,-5.609198832442679,10.932696171083224,2.5649494343846104,2.772588784739779,9.705616535309916,8.36774681383606,8.174421152928266,4.395807705290788,0.6931476805598203,-13.815510557964274,-13.815510557964274,9.999994999180668e-07,False,False,False,False,False,True
41763.20315581854,0,1,1,1,0,1,0,0.023127456569527496,-4.996219458230981,11.92418707419883,3.1780538720146114,2.079441666679828,10.771969173675496,8.74613324400333,8.174421152928266,4.407686393637793,1.6094381124340804,8.540323609000518,6.622736325279627,9.999994999180668e-07,False,False,False,False,False,True
10412.863802559415,0,0,0,1,0,0,0,0.0,-7.688557553728022,4.85981241211361,9.999994999180668e-07,2.833213402879744,9.778095277150934,4.85981241211361,7.69074316399891,-13.815510557964274,0.6931476805598203,-13.815510557964274,-13.815510557964274,0.6931476805598203,True,False,False,False,False,False
41763.20315581854,0,0,1,0,0,0,0,0.009392317084624775,-4.2231091863939945,5.375278412313794,3.9512437378121965,3.0445224853424695,7.751200744040292,1.4240349298434496,8.174421152928266,3.506557927319981,9.999994999180668e-07,1.0986126220013874,-13.815510557964274,1.0986126220013874,False,False,False,False,False,True
10412.863802559415,0,0,0,0,0,0,1,0.027422303473491772,-7.688557553728022,5.541263549079995,9.999994999180668e-07,2.5649494343846104,5.85555732140996,5.541263549079995,7.69074316399891,4.094344578888768,9.999994999180668e-07,1.6094381124340804,9.999994999180668e-07,1.0986126220013874,True,False,False,False,False,False
6112.369742419302,0,0,1,0,0,0,0,0.0,-7.3337756581647415,4.644390908756757,0.6931476805598203,2.9957323235539897,9.911230783913622,3.9512437378121965,8.028455164440302,-13.815510557964274,9.999994999180668e-07,-13.815510557964274,-13.815510557964274,1.0986126220013874,False,False,False,True,False,False
7640.563613231552,0,1,1,0,0,0,0,0.033606990253972825,-7.358533207287776,8.042699497219077,9.999994999180668e-07,4.04305128537841,10.10752266866503,8.042699497219077,7.360103973625284,3.967082801539745,0.6931476805598203,-13.815510557964274,-13.815510557964274,2.079441666679828,False,False,False,False,True,False
6112.369742419302,1,0,0,0,0,0,0,0.026676942229599553,-6.64139434679697,10.710543607226164,1.3862946111198593,3.2958369030413657,10.560306649040475,9.3242492461732,8.028455164440302,4.404499502748163,0.6931476805598203,7.70120018130973,5.176149738223547,1.3862946111198593,False,False,False,True,False,False
7640.563613231552,0,1,1,1,0,0,1,0.04800119303936098,-7.358533207287776,9.15630648358925,9.999994999180668e-07,3.7376696420928917,10.605609727907005,9.15630648358925,7.360103973625284,4.32357457284514,1.3862946111198593,6.302618977576407,3.2188758648682,1.6094381124340804,False,False,False,False,True,False
4092.5737704918033,0,0,1,0,0,0,0,0.09367681498829039,-6.412849143141731,5.402677386376784,9.999994999180668e-07,2.772588784739779,9.890217970070173,5.402677386376784,6.413458958806701,4.045554415552669,0.6931476805598203,-13.815510557964274,-13.815510557964274,1.0986126220013874,False,False,True,False,False,False
41763.20315581854,1,1,1,0,0,0,0,0.01878463416924955,-4.2231091863939945,5.236441968149098,3.9512437378121965,3.367295864469232,10.407680575365955,1.2851985208442283,8.174421152928266,4.199705092879927,1.6094381124340804,-13.815510557964274,-13.815510557964274,1.3862946111198593,False,False,False,False,False,True
41763.20315581854,0,0,1,0,0,0,0,0.02344975105925204,-5.689218796583907,11.464176299970818,2.48490673312133,3.0445224853424695,10.205571380748559,8.979269650298313,8.174421152928266,4.421525764706037,1.0986126220013874,8.063692634584278,5.393627550897816,1.0986126220013874,False,False,False,False,False,True
10412.863802559415,0,0,1,1,0,0,0,0.0,-7.688557553728022,4.574710988812661,9.999994999180668e-07,2.9957323235539897,10.36443785422314,4.574710988812661,7.69074316399891,-13.815510557964274,1.0986126220013874,-13.815510557964274,-13.815510557964274,1.0986126220013874,True,False,False,False,False,False
41763.20315581854,0,1,0,0,0,0,0,0.011270780501549732,-5.609198832442679,5.5294290914796775,2.5649494343846104,2.3025851929940404,8.71511678782035,2.964479781637187,8.174421152928266,3.688879479113936,9.999994999180668e-07,1.6094381124340804,-13.815510557964274,9.999994999180668e-07,False,False,False,False,False,True
10412.863802559415,0,0,0,0,0,1,0,0.024856473908720617,-7.688557553728022,8.141189793748982,9.999994999180668e-07,2.48490673312133,8.362116469142244,8.141189793748982,7.69074316399891,3.996106141025784,9.999994999180668e-07,-13.815510557964274,-13.815510557964274,0.6931476805598203,True,False,False,False,False,False
41763.20315581854,1,0,0,0,0,0,0,0.02049232818463588,-4.242525934108025,5.541263549079995,3.9318256523321686,2.1972246884473243,10.319332978066855,1.6094381124340804,8.174421152928266,4.286716468619557,0.6931476805598203,2.397895363707457,0.6931476805598203,9.999994999180668e-07,False,False,False,False,False,True
7640.563613231552,0,0,1,0,0,0,0,0.06361323155216285,-6.260967821561102,3.7135720910945516,1.0986126220013874,3.1780538720146114,9.76305387331802,2.614959851206927,7.360103973625284,4.605170195988091,0.6931476805598203,-13.815510557964274,-13.815510557964274,1.0986126220013874,False,False,False,False,True,False
6112.369742419302,0,0,0,0,0,0,1,0.023548165054523056,-7.3337756581647415,6.788971744118296,0.6931476805598203,3.2188758648682,7.868225738407096,6.095824564684477,8.028455164440302,4.279747799399617,9.999994999180668e-07,2.890371813451719,-13.815510557964274,1.0986126220013874,False,False,False,True,False,False
7640.563613231552,1,1,0,0,0,0,0,0.05265284368337804,-6.260967821561102,8.607582191326633,1.0986126220013874,3.401197414995488,9.920251159295926,7.508969903023954,7.360103973625284,4.416068954290391,0.6931476805598203,5.690359457702439,2.1972246884473243,1.6094381124340804,False,False,False,False,True,False
7640.563613231552,0,0,0,1,1,0,0,0.02968617472434266,-6.260967821561102,6.4019171983855605,1.0986126220013874,3.13549425940741,9.93761487037696,5.3033049130342,7.360103973625284,3.8430301553697657,0.6931476805598203,2.7080502677688743,-13.815510557964274,1.3862946111198593,False,False,False,False,True,False
10412.863802559415,0,1,0,0,0,0,0,0.04570383912248629,-7.688557553728022,6.7511014701063505,9.999994999180668e-07,2.48490673312133,6.186894261910878,6.7511014701063505,7.69074316399891,4.605170195988091,9.999994999180668e-07,-13.815510557964274,-13.815510557964274,9.999994999180668e-07,True,False,False,False,False,False
41763.20315581854,1,0,0,1,1,0,0,0.021132713440405747,-4.916188123940292,5.755742216751469,3.2580965764830196,2.7080502677688743,9.942630178267422,2.4976457578439075,8.174421152928266,4.317488126869644,1.3862946111198593,2.48490673312133,-13.815510557964274,1.0986126220013874,False,False,False,False,False,True
1266.400447427293,0,0,0,0,0,0,0,0.22371364653243847,-6.102111694488308,4.430816810748075,9.999994999180668e-07,2.833213402879744,8.024016164881164,4.430816810748075,6.102558596850705,4.605170195988091,9.999994999180668e-07,-13.815510557964274,-13.815510557964274,0.6931476805598203,False,True,False,False,False,False
41763.20315581854,1,0,1,0,0,0,1,0.022541561003099463,-4.916188123940292,5.433722007921052,3.2580965764830196,3.2188758648682,9.615382321926154,2.175625579069869,8.174421152928266,4.382026647173881,1.3862946111198593,1.6094381124340804,-13.815510557964274,1.3862946111198593,False,False,False,False,False,True
6112.369742419302,0,1,0,0,0,0,1,0.023586705422861072,-7.3337756581647415,7.968665700812376,0.6931476805598203,3.9318256523321686,10.072221598576762,7.275518520598571,8.028455164440302,4.281383122717724,1.3862946111198593,-13.815510557964274,-13.815510557964274,2.079441666679828,False,False,False,True,False,False
6112.369742419302,1,0,1,0,1,0,0,0.024948729986393976,-8.02539285776425,10.262070674779096,9.999994999180668e-07,3.688879479113936,10.440346395504884,10.262070674779096,8.028455164440302,4.337522816753997,1.6094381124340804,-13.815510557964274,-13.815510557964274,1.945910291912446,False,False,False,True,False,False
6112.369742419302,0,1,1,1,0,0,0,0.024500980981584684,-6.928821064339634,9.462809688749907,1.0986126220013874,3.13549425940741,10.56730501760603,8.364197400237174,8.028455164440302,4.3194130552535865,1.6094381124340804,5.846438777947897,3.1780538720146114,1.0986126220013874,False,False,False,True,False,False
6112.369742419302,0,0,1,1,0,0,0,0.026945389447004326,-8.02539285776425,8.664578178501888,9.999994999180668e-07,3.610917939671251,10.183608430959392,8.664578178501888,8.028455164440302,4.4145121019188265,1.0986126220013874,5.579729829759807,2.1972246884473243,1.3862946111198593,False,False,False,True,False,False
41763.20315581854,1,0,1,1,0,0,0,0.017795969212973262,-4.262327169737311,6.609349244515089,3.912023025428146,3.09104249881286,10.162714852280375,2.697326305124677,8.174421152928266,4.145637872442984,1.0986126220013874,2.944439031798018,0.6931476805598203,1.6094381124340804,False,False,False,False,False,True
41763.20315581854,1,1,1,0,0,0,0,0.023370483856406145,-3.1439600354446546,12.66382022529853,5.030437927928383,2.397895363707457,10.305092303987452,7.633382304386952,8.174421152928266,4.418139738225437,1.7917596358947079,9.48455719355041,7.776115477518381,0.6931476805598203,False,False,False,False,False,True
41763.20315581854,1,0,1,0,0,0,1,0.0,-4.708574349746414,5.087596341405224,3.465735934049726,4.04305128537841,10.181057206276483,1.6218606299635023,8.174421152928266,-13.815510557964274,1.3862946111198593,-13.815510557964274,-13.815510557964274,1.945910291912446,False,False,False,False,False,True
1266.400447427293,0,0,0,0,0,0,1,0.14914243102162564,-6.102111694488308,4.624972823088193,9.999994999180668e-07,2.5649494343846104,8.653286306877517,4.624972823088193,6.102558596850705,4.199705092879927,0.6931476805598203,-13.815510557964274,-13.815510557964274,1.0986126220013874,False,True,False,False,False,False
7640.563613231552,0,0,1,0,0,0,1,0.0483895522063461,-5.568082538077103,7.973155433788723,1.7917596358947079,2.833213402879744,10.311982324581455,6.181395966283618,7.360103973625284,4.3316326340685425,1.3862946111198593,4.762173943344765,1.0986126220013874,0.6931476805598203,False,False,False,False,True,False
6112.369742419302,0,0,0,1,0,0,1,0.032605151613955004,-8.02539285776425,3.988984065082793,9.999994999180668e-07,2.833213402879744,9.2231297982103,3.988984065082793,8.028455164440302,4.605170195988091,0.6931476805598203,-13.815510557964274,-13.815510557964274,1.0986126220013874,False,False,False,True,False,False
10412.863802559415,0,0,1,1,0,0,0,0.02856489945155393,-7.688557553728022,6.163314806139905,9.999994999180668e-07,2.944439031798018,9.95997428166519,6.163314806139905,7.69074316399891,4.135166572742356,1.0986126220013874,2.079441666679828,9.999994999180668e-07,0.6931476805598203,True,False,False,False,False,False
1266.400447427293,0,0,0,0,0,0,1,0.0,-6.102111694488308,4.219507719881989,9.999994999180668e-07,2.890371813451719,8.653286306877517,4.219507719881989,6.102558596850705,-13.815510557964274,0.6931476805598203,-13.815510557964274,-13.815510557964274,1.3862946111198593,False,True,False,False,False,False
41763.20315581854,1,0,0,1,1,0,0,0.021318088119707552,-3.652594000254538,8.656259239713268,4.521788587918605,2.3025851929940404,10.265540855208204,4.134470678501333,8.174421152928266,4.326221806722456,1.6094381124340804,5.023880527425224,2.944439031798018,0.6931476805598203,False,False,False,False,False,True
10412.863802559415,0,0,1,0,0,0,0,0.030469226081657523,-7.688557553728022,6.148468298054399,9.999994999180668e-07,1.7917596358947079,7.751200744040292,6.148468298054399,7.69074316399891,4.199705092879927,9.999994999180668e-07,-13.815510557964274,-13.815510557964274,9.999994999180668e-07,True,False,False,False,False,False
7640.563613231552,0,0,0,0,1,0,1,0.06361323155216285,-7.358533207287776,4.204692634316339,9.999994999180668e-07,2.397895363707457,9.087436864830938,4.204692634316339,7.360103973625284,4.605170195988091,0.6931476805598203,-13.815510557964274,-13.815510557964274,0.6931476805598203,False,False,False,False,True,False
41763.20315581854,1,0,0,0,1,0,0,0.020826442231124502,-4.916188123940292,7.201916318276783,3.2580965764830196,3.0445224853424695,9.93954340428779,3.9438197988842134,8.174421152928266,4.30288932764457,1.3862946111198593,3.828641418228225,-13.815510557964274,1.0986126220013874,False,False,False,False,False,True
41763.20315581854,1,0,0,0,0,0,0,0.022084637469252853,-3.4830407113143784,7.408530567500687,4.691347891403455,2.833213402879744,9.46698678908422,2.7171827507260864,8.174421152928266,4.3615481160889615,0.6931476805598203,4.304065106717683,1.0986126220013874,0.6931476805598203,False,False,False,False,False,True
6112.369742419302,0,1,0,0,0,0,0,0.021736767742636668,-8.02539285776425,6.504288175033651,9.999994999180668e-07,3.13549425940741,10.350763267645812,6.504288175033651,8.028455164440302,4.199705092879927,0.6931476805598203,2.890371813451719,-13.815510557964274,1.0986126220013874,False,False,False,True,False,False
41763.20315581854,0,0,1,0,0,0,0,0.017610594533671458,-5.609198832442679,7.0791843954521285,2.5649494343846104,3.828641418228225,9.911230783913622,4.514235048100111,8.174421152928266,4.135166572742356,9.999994999180668e-07,-13.815510557964274,-13.815510557964274,1.7917596358947079,False,False,False,False,False,True
6112.369742419302,0,0,0,1,0,0,1,0.0,-6.64139434679697,5.1647859796377995,1.3862946111198593,3.8918203185187896,10.26869050849963,3.778491635660766,8.028455164440302,-13.815510557964274,0.6931476805598203,-13.815510557964274,-13.815510557964274,2.079441666679828,False,False,False,True,False,False
6112.369742419302,0,0,1,0,0,0,0,0.02703841841157244,-8.02539285776425,7.9352295401748165,9.999994999180668e-07,2.1972246884473243,7.751200744040292,7.9352295401748165,8.028455164440302,4.417958655958769,9.999994999180668e-07,-13.815510557964274,-13.815510557964274,9.999994999180668e-07,False,False,False,True,False,False
7640.563613231552,1,0,1,0,0,1,0,0.03385865550357055,-7.358533207287776,7.907651595079007,9.999994999180668e-07,3.465735934049726,10.282776829624027,7.907651595079007,7.360103973625284,3.9745433811973583,1.6094381124340804,4.127134401174124,1.945910291912446,1.6094381124340804,False,False,False,False,True,False
6112.369742419302,0,0,0,0,0,0,0,0.0,-8.02539285776425,2.9957323235539897,9.999994999180668e-07,3.5835189662338873,7.921224239854798,2.9957323235539897,8.028455164440302,-13.815510557964274,9.999994999180668e-07,-13.815510557964274,-13.815510557964274,1.6094381124340804,False,False,False,True,False,False
6112.369742419302,0,0,0,0,0,0,0,0.0,-6.418404039733034,6.966024188049509,1.6094381124340804,2.3025851929940404,8.024016164881164,5.356586279388994,8.028455164440302,-13.815510557964274,9.999994999180668e-07,-13.815510557964274,-13.815510557964274,9.999994999180668e-07,False,False,False,True,False,False
41763.20315581854,0,0,0,0,1,0,1,0.0,-4.916188123940292,3.8066625119925415,3.2580965764830196,2.6390574010438272,8.974928298225773,0.5485665295264486,8.174421152928266,-13.815510557964274,1.0986126220013874,-13.815510557964274,-13.815510557964274,1.0986126220013874,False,False,False,False,False,True
10412.863802559415,1,1,0,0,1,0,0,0.03898268631035595,-7.688557553728022,6.958448394248226,9.999994999180668e-07,2.9957323235539897,10.247156094271213,6.958448394248226,7.69074316399891,4.446105503082542,1.0986126220013874,3.5263605540279257,-13.815510557964274,1.0986126220013874,True,False,False,False,False,False
41763.20315581854,1,0,1,0,0,0,0,0.012523089446166369,-4.5107685106570985,5.648974241682333,3.6635616717706716,2.6390574010438272,9.889609115081353,1.985412729355494,8.174421152928266,3.7942399922717622,0.6931476805598203,2.1972246884473243,-13.815510557964274,1.0986126220013874,False,False,False,False,False,True
10412.863802559415,1,1,1,0,0,0,1,0.0,-7.688557553728022,4.060443027787798,9.999994999180668e-07,3.2580965764830196,10.070024993257753,4.060443027787798,7.69074316399891,-13.815510557964274,1.3862946111198593,-13.815510557964274,-13.815510557964274,1.6094381124340804,True,False,False,False,False,False
7640.563613231552,0,1,1,0,0,0,0,0.05343511450381679,-4.795033699761298,7.092573716805934,2.5649494343846104,3.761200138949376,10.172010642050127,4.52762436931946,7.360103973625284,4.430816810748075,1.0986126220013874,-13.815510557964274,-13.815510557964274,1.7917596358947079,False,False,False,False,True,False
41763.20315581854,1,0,0,0,1,0,0,0.021132713440405747,-4.536741602544286,7.0449051180012106,3.6375861860421748,2.6390574010438272,9.93954340428779,3.4073189905328887,8.174421152928266,4.317488126869644,1.3862946111198593,3.332204545889489,9.999994999180668e-07,0.6931476805598203,False,False,False,False,False,True
41763.20315581854,1,0,0,1,1,0,0,0.024151672503320853,-4.996219458230981,10.517077324339716,3.1780538720146114,2.7080502677688743,10.219287290775108,7.339023494614385,8.174421152928266,4.4510195178275,1.6094381124340804,6.790097236638764,4.969813306520445,1.0986126220013874,False,False,False,False,False,True
41763.20315581854,0,0,0,0,0,0,0,0.02817695125387433,-7.074626563171511,5.003946312656868,1.0986126220013874,2.7080502677688743,7.95171390561302,3.9053340374115773,8.174421152928266,4.605170195988091,9.999994999180668e-07,-13.815510557964274,-13.815510557964274,0.6931476805598203,False,False,False,False,False,True
6112.369742419302,0,1,0,0,0,0,1,0.0,-8.02539285776425,3.7376696420928917,9.999994999180668e-07,3.13549425940741,8.337517314425417,3.7376696420928917,8.028455164440302,-13.815510557964274,0.6931476805598203,-13.815510557964274,-13.815510557964274,1.0986126220013874,False,False,False,True,False,False
41763.20315581854,1,0,0,0,0,0,0,0.0,-5.038772644273212,5.407171775944423,3.13549425940741,2.944439031798018,10.520785370085566,2.271677658669977,8.174421152928266,-13.815510557964274,0.6931476805598203,9.999994999180668e-07,-13.815510557964274,1.0986126220013874,False,False,False,False,False,True
41763.20315581854,0,0,1,0,0,0,1,0.0,-5.689218796583907,3.828641418228225,2.48490673312133,2.9957323235539897,9.324406699842474,1.343735007570626,8.174421152928266,-13.815510557964274,0.6931476805598203,-13.815510557964274,-13.815510557964274,1.0986126220013874,False,False,False,False,False,True
6112.369742419302,0,0,0,0,0,0,1,0.017855202074308695,-7.3337756581647415,7.1762545327816705,0.6931476805598203,3.332204545889489,7.868225738407096,6.48310735298625,8.028455164440302,4.002994801894742,9.999994999180668e-07,3.7376696420928917,9.999994999180668e-07,1.3862946111198593,False,False,False,True,False,False
10412.863802559415,0,0,0,0,0,0,1,0.0,-7.688557553728022,3.610917939671251,9.999994999180668e-07,2.7080502677688743,5.85555732140996,3.610917939671251,7.69074316399891,-13.815510557964274,9.999994999180668e-07,-13.815510557964274,-13.815510557964274,1.0986126220013874,True,False,False,False,False,False
41763.20315581854,1,1,1,0,0,1,0,0.022398058291964798,-5.689218796583907,10.820158212248561,2.48490673312133,2.9957323235539897,10.61204737391734,8.335251562680478,8.174421152928266,4.3756401579537885,1.6094381124340804,-13.815510557964274,-13.815510557964274,1.0986126220013874,False,False,False,False,False,True
10412.863802559415,0,0,1,0,0,0,0,0.030469226081657523,-7.688557553728022,5.560681634861681,9.999994999180668e-07,3.09104249881286,9.911230783913622,5.560681634861681,7.69074316399891,4.199705092879927,9.999994999180668e-07,1.0986126220013874,-13.815510557964274,0.6931476805598203,True,False,False,False,False,False
7640.563613231552,0,0,1,0,1,0,0,0.04893325504012527,-7.358533207287776,6.400257446969951,9.999994999180668e-07,2.833213402879744,8.971782573750843,6.400257446969951,7.360103973625284,4.342805934520601,0.6931476805598203,-13.815510557964274,-13.815510557964274,1.0986126220013874,False,False,False,False,True,False
1266.400447427293,1,0,0,0,1,0,0,0.17399950285856328,-6.102111694488308,6.340359305491421,9.999994999180668e-07,2.772588784739779,10.003139267292735,6.340359305491421,6.102558596850705,4.353855770564328,1.0986126220013874,-13.815510557964274,-13.815510557964274,1.0986126220013874,False,True,False,False,False,False
6112.369742419302,0,0,1,1,0,0,0,0.02621871711501268,-7.3337756581647415,10.618102639735783,0.6931476805598203,3.4339872367432105,10.503061002534043,9.924955459200307,8.028455164440302,4.387173446980055,1.3862946111198593,7.772331575590843,5.594711383319312,1.6094381124340804,False,False,False,True,False,False
7640.563613231552,0,0,1,0,0,0,0,0.04392342178601721,-7.358533207287776,7.417580403015145,9.999994999180668e-07,4.304065106717683,10.093202307287365,7.417580403015145,7.360103973625284,4.234796412173956,0.6931476805598203,-13.815510557964274,-13.815510557964274,2.397895363707457,False,False,False,False,True,False
41763.20315581854,1,1,1,0,1,0,0,0.02287305454726269,-4.2231091863939945,9.365975663593218,3.9512437378121965,3.0445224853424695,10.277567880697475,5.414731949376735,8.174421152928266,4.396625446413875,1.6094381124340804,5.828945620551384,3.610917939671251,1.0986126220013874,False,False,False,False,False,True
10412.863802559415,1,0,0,0,0,0,0,0.027422303473491772,-7.688557553728022,6.352629398061727,9.999994999180668e-07,3.401197414995488,9.327943316009462,6.352629398061727,7.69074316399891,4.094344578888768,9.999994999180668e-07,2.7080502677688743,9.999994999180668e-07,1.3862946111198593,True,False,False,False,False,False
7640.563613231552,0,1,1,1,0,0,0,0.048126604220140666,-6.666171101165439,9.740144754398827,0.6931476805598203,3.828641418228225,10.56730501760603,9.046997573897753,7.360103973625284,4.326183833721758,1.6094381124340804,6.8200163657658335,4.488636380968095,1.7917596358947079,False,False,False,False,True,False
6112.369742419302,0,0,0,0,0,0,1,0.024453863710466255,-8.02539285776425,5.700443576735168,9.999994999180668e-07,3.2188758648682,7.868225738407096,5.700443576735168,8.028455164440302,4.317488126869644,9.999994999180668e-07,1.3862946111198593,-13.815510557964274,1.3862946111198593,False,False,False,True,False,False
10412.863802559415,0,0,0,0,1,0,0,0.03656307129798903,-7.688557553728022,5.393627550897816,9.999994999180668e-07,3.7376696420928917,9.485030791126556,5.393627550897816,7.69074316399891,4.382026647173881,0.6931476805598203,1.6094381124340804,-13.815510557964274,1.7917596358947079,True,False,False,False,False,False
41763.20315581854,1,0,0,0,1,0,0,0.022958997317971675,-4.740319470843161,7.509883061702559,3.4339872367432105,2.944439031798018,10.31400615230157,4.0758958736467665,8.174421152928266,4.400375785614806,1.6094381124340804,3.2958369030413657,1.0986126220013874,1.0986126220013874,False,False,False,False,False,True
6112.369742419302,0,0,0,0,0,0,1,0.017784628153066365,-8.02539285776425,7.4999765415052195,9.999994999180668e-07,2.890371813451719,7.868225738407096,7.4999765415052195,8.028455164440302,3.9990344007511087,9.999994999180668e-07,-13.815510557964274,-13.815510557964274,0.6931476805598203,False,False,False,True,False,False
6112.369742419302,0,1,0,0,0,0,1,0.0,-8.02539285776425,4.624972823088193,9.999994999180668e-07,3.6375861860421748,8.337517314425417,4.624972823088193,8.028455164440302,-13.815510557964274,0.6931476805598203,-13.815510557964274,-13.815510557964274,1.945910291912446,False,False,False,True,False,False
1266.400447427293,0,0,0,0,0,0,0,0.14914243102162564,-6.102111694488308,5.953243336885187,9.999994999180668e-07,3.871201031741224,10.106885163055441,5.953243336885187,6.102558596850705,4.199705092879927,0.6931476805598203,-13.815510557964274,-13.815510557964274,1.945910291912446,False,True,False,False,False,False
41763.20315581854,1,1,1,0,1,0,0,0.023205516426997964,-4.015482617699292,12.331051948061564,4.1588830989846715,2.6390574010438272,10.379027169274892,8.172168864979884,8.174421152928266,4.411055913240272,2.079441666679828,9.236982303019975,6.6592939209656885,1.0986126220013874,False,False,False,False,False,True
4092.5737704918033,0,0,1,0,0,0,0,0.0,-3.897795867162686,6.556778357578497,2.515613875923528,3.2188758648682,9.657081198906674,4.041164578624796,6.413458958806701,-13.815510557964274,0.6931476805598203,-13.815510557964274,-13.815510557964274,1.6094381124340804,False,False,True,False,False,False
10412.863802559415,1,1,0,0,0,0,0,0.03549433133371797,-7.688557553728022,10.652636923234997,9.999994999180668e-07,3.970291932420046,10.579252340169809,10.652636923234997,7.69074316399891,4.352360900426816,1.0986126220013874,-13.815510557964274,-13.815510557964274,2.1972246884473243,True,False,False,False,False,False
7640.563613231552,1,0,1,0,0,0,0,0.04572201017811705,-7.358533207287776,7.287560640993719,9.999994999180668e-07,3.401197414995488,10.102723265765446,7.287560640993719,7.360103973625284,4.274928513030558,1.0986126220013874,-13.815510557964274,-13.815510557964274,1.6094381124340804,False,False,False,False,True,False
6112.369742419302,0,0,0,1,0,0,0,0.016302575806977502,-6.64139434679697,7.232010332387824,1.3862946111198593,2.890371813451719,10.293512203509344,5.845715973437131,8.028455164440302,3.912023025428146,1.0986126220013874,-13.815510557964274,-13.815510557964274,1.0986126220013874,False,False,False,True,False,False
41763.20315581854,1,0,1,0,0,0,1,0.02297831189587207,-5.689218796583907,10.543207584739584,2.48490673312133,3.332204545889489,10.421123000445528,8.058300935241675,8.174421152928266,4.401216695939426,1.6094381124340804,7.455298486261659,4.2341065190900125,1.3862946111198593,False,False,False,False,False,True
6112.369742419302,1,0,1,0,0,0,0,0.017389414194109335,-8.02539285776425,6.135564893246241,9.999994999180668e-07,2.833213402879744,10.142744172362285,6.135564893246241,8.028455164440302,3.9765615453157173,1.6094381124340804,2.7080502677688743,9.999994999180668e-07,1.3862946111198593,False,False,False,True,False,False
7640.563613231552,1,0,1,1,0,0,0,0.04958156032184081,-7.358533207287776,10.617857919572074,9.999994999180668e-07,3.912023025428146,10.277376023052087,10.617857919572074,7.360103973625284,4.355967703740347,1.0986126220013874,7.950854858072349,5.236441968149098,2.079441666679828,False,False,False,False,True,False
6112.369742419302,1,0,0,0,1,0,0,0.028486606146929112,-6.236184658820706,7.861727078209189,1.7917596358947079,2.7080502677688743,9.930877600400086,6.069967610907174,8.028455164440302,4.470133913629931,1.6094381124340804,4.553876902126857,9.999994999180668e-07,1.0986126220013874,False,False,False,True,False,False
41763.20315581854,0,1,1,1,0,0,0,0.022244961516216577,-4.955403377853663,10.711613841442007,3.2188758648682,3.0445224853424695,10.611931146638199,7.492738017108637,8.174421152928266,4.368781420590527,1.6094381124340804,7.3632795875971535,4.700480374883325,1.0986126220013874,False,False,False,False,False,True
10412.863802559415,1,1,0,0,0,0,0,0.0,-7.688557553728022,4.653960359681333,9.999994999180668e-07,1.7917596358947079,10.195526455555472,4.653960359681333,7.69074316399891,-13.815510557964274,1.0986126220013874,-13.815510557964274,-13.815510557964274,9.999994999180668e-07,True,False,False,False,False,False
6112.369742419302,0,0,0,1,0,0,0,0.0,-7.3337756581647415,5.379897358148755,0.6931476805598203,2.890371813451719,10.401388978756856,4.686750182197104,8.028455164440302,-13.815510557964274,0.6931476805598203,9.999994999180668e-07,-13.815510557964274,1.0986126220013874,False,False,False,True,False,False
1266.400447427293,0,0,0,0,0,0,1,0.11185682326621924,-6.102111694488308,4.510859517505861,9.999994999180668e-07,2.6390574010438272,8.653286306877517,4.510859517505861,6.102558596850705,3.912023025428146,0.6931476805598203,-13.815510557964274,-13.815510557964274,1.0986126220013874,False,True,False,False,False,False
41763.20315581854,0,0,1,0,0,0,0,0.0046961585423123875,-4.242525934108025,7.037027615565011,3.9318256523321686,3.2188758648682,9.911230783913622,3.105202026777415,8.174421152928266,2.8134107767600347,9.999994999180668e-07,1.7917596358947079,-13.815510557964274,1.3862946111198593,False,False,False,False,False,True
10412.863802559415,0,1,0,0,0,0,1,0.037335530550763454,-7.688557553728022,7.701652363094305,9.999994999180668e-07,2.1972246884473243,8.337517314425417,7.701652363094305,7.69074316399891,4.402933331734575,0.6931476805598203,4.262679891125822,1.6094381124340804,0.6931476805598203,True,False,False,False,False,False
1266.400447427293,0,0,0,0,1,0,0,0.16778523489932887,-6.102111694488308,5.257495377236115,9.999994999180668e-07,1.3862946111198593,9.417372537236172,5.257495377236115,6.102558596850705,4.317488126869644,0.6931476805598203,-13.815510557964274,-13.815510557964274,9.999994999180668e-07,False,True,False,False,False,False
41763.20315581854,1,0,0,1,1,0,0,0.023430833578133088,-4.955403377853663,11.010811781822781,3.2188758648682,3.688879479113936,10.120646534740999,7.791935957351111,8.174421152928266,4.4207187149618985,1.6094381124340804,-13.815510557964274,-13.815510557964274,1.6094381124340804,False,False,False,False,False,True
6112.369742419302,0,0,1,0,0,0,1,0.016302575806977502,-7.3337756581647415,4.406719259459375,0.6931476805598203,3.5835189662338873,10.30546916738039,3.7135720910945516,8.028455164440302,3.912023025428146,0.6931476805598203,-13.815510557964274,-13.815510557964274,1.6094381124340804,False,False,False,True,False,False
6112.369742419302,0,0,0,1,0,0,0,0.02535956236640945,-6.928821064339634,6.320768296049144,1.0986126220013874,2.6390574010438272,9.75398392400254,5.222156010978156,8.028455164440302,4.353855770564328,0.6931476805598203,2.1972246884473243,9.999994999180668e-07,0.6931476805598203,False,False,False,True,False,False
4092.5737704918033,0,0,0,1,0,0,0,0.08196721311475409,-5.027012107674409,6.302618977576407,1.3862946111198593,3.8066625119925415,9.74339024104171,4.916324621951022,6.413458958806701,3.912023025428146,0.6931476805598203,-13.815510557964274,-13.815510557964274,1.945910291912446,False,False,True,False,False,False
6112.369742419302,0,1,0,0,0,0,0,0.026526225041861702,-8.02539285776425,7.30518821606508,9.999994999180668e-07,3.09104249881286,10.693244476039835,7.30518821606508,8.028455164440302,4.398833765281929,1.0986126220013874,4.077537460854872,-13.815510557964274,1.3862946111198593,False,False,False,True,False,False
7640.563613231552,1,1,0,0,0,0,0,0.0421163464069492,-7.358533207287776,8.312871394587955,9.999994999180668e-07,3.8918203185187896,10.481421741558277,8.312871394587955,7.360103973625284,4.19278465013952,1.6094381124340804,4.976733749317126,1.7917596358947079,2.079441666679828,False,False,False,False,True,False
1266.400447427293,0,0,0,0,0,0,1,0.0,-6.102111694488308,3.688879479113936,9.999994999180668e-07,2.772588784739779,8.653286306877517,3.688879479113936,6.102558596850705,-13.815510557964274,0.6931476805598203,-13.815510557964274,-13.815510557964274,1.0986126220013874,False,True,False,False,False,False
41763.20315581854,1,0,0,0,0,0,0,0.019996546051136623,-4.2231091863939945,7.560601163289119,3.9512437378121965,2.944439031798018,9.327943316009462,3.609357471256364,8.174421152928266,4.26222544895217,9.999994999180668e-07,3.4339872367432105,0.6931476805598203,1.0986126220013874,False,False,False,False,False,True
6112.369742419302,0,0,0,0,0,0,1,0.022461326667391226,-7.3337756581647415,7.090909822912623,0.6931476805598203,2.397895363707457,7.868225738407096,6.397762643185317,8.028455164440302,4.232494915219046,9.999994999180668e-07,3.8066625119925415,-13.815510557964274,1.0986126220013874,False,False,False,True,False,False
6112.369742419302,0,0,0,1,0,0,0,0.026084121291164004,-5.389178787063063,7.52077641560451,2.6390574010438272,2.772588784739779,9.967683701570264,4.881719093031504,8.028455164440302,4.382026647173881,0.6931476805598203,1.6094381124340804,-13.815510557964274,0.6931476805598203,False,False,False,True,False,False
10412.863802559415,0,1,0,0,0,0,0,0.03937257136525875,-7.688557553728022,8.782169426485826,9.999994999180668e-07,3.8066625119925415,8.71511678782035,8.782169426485826,7.69074316399891,4.456057311798831,9.999994999180668e-07,5.442417714850798,3.0445224853424695,2.079441666679828,True,False,False,False,False,False
10412.863802559415,0,1,0,1,0,1,0,0.027532433206317042,-7.688557553728022,8.603737792999842,9.999994999180668e-07,3.7135720910945516,10.905527806576357,8.603737792999842,7.69074316399891,4.0983526002196395,1.3862946111198593,-13.815510557964274,-13.815510557964274,1.6094381124340804,True,False,False,False,False,False
41763.20315581854,1,0,0,0,1,0,0,0.01956732725963495,-4.5107685106570985,7.8785341965191495,3.6635616717706716,3.401197414995488,10.092953778978782,4.214972564783443,8.174421152928266,4.240527086800182,1.0986126220013874,4.2766661329049445,9.999994999180668e-07,1.3862946111198593,False,False,False,False,False,True
41763.20315581854,1,1,0,0,0,0,0,0.0,-5.689218796583907,9.29173601027236,2.48490673312133,3.401197414995488,10.369500330577427,6.806829361498371,8.174421152928266,-13.815510557964274,1.0986126220013874,-13.815510557964274,-13.815510557964274,1.7917596358947079,False,False,False,False,False,True
1266.400447427293,0,0,0,0,0,0,0,0.14914243102162564,-6.102111694488308,6.152732696831764,9.999994999180668e-07,1.945910291912446,8.024016164881164,6.152732696831764,6.102558596850705,4.199705092879927,9.999994999180668e-07,-13.815510557964274,-13.815510557964274,0.6931476805598203,False,True,False,False,False,False
6112.369742419302,1,1,0,0,0,1,0,0.02591429024655493,-8.02539285776425,11.817494152585807,9.999994999180668e-07,2.890371813451719,10.787667658646841,11.817494152585807,8.028455164440302,4.375494461234364,1.3862946111198593,-13.815510557964274,-13.815510557964274,1.0986126220013874,False,False,False,True,False,False
7640.563613231552,0,0,0,1,0,0,0,0.0,-7.358533207287776,4.976733749317126,9.999994999180668e-07,3.8066625119925415,9.989733166905676,4.976733749317126,7.360103973625284,-13.815510557964274,1.0986126220013874,-13.815510557964274,-13.815510557964274,1.7917596358947079,False,False,False,False,True,False
4092.5737704918033,0,1,1,0,0,0,0,0.11620668188420834,-4.216166604350169,8.82010864465634,2.1972246884473243,2.890371813451719,10.446089738097626,6.622884068501979,6.413458958806701,4.261074038363362,1.0986126220013874,-13.815510557964274,-13.815510557964274,1.0986126220013874,False,False,True,False,False,False
6112.369742419302,0,1,1,0,0,0,1,0.02513463625834666,-6.418404039733034,11.33165535522404,1.6094381124340804,2.6390574010438272,10.31508082680268,9.72221744283789,8.028455164440302,4.344946723624213,1.6094381124340804,8.062432791898354,6.124683393082388,1.0986126220013874,False,False,False,True,False,False
6112.369742419302,0,1,0,0,0,0,1,0.0,-8.02539285776425,4.204692634316339,9.999994999180668e-07,3.761200138949376,8.337517314425417,4.204692634316339,8.028455164440302,-13.815510557964274,0.6931476805598203,-13.815510557964274,-13.815510557964274,2.1972246884473243,False,False,False,True,False,False
7640.563613231552,1,1,0,0,1,1,0,0.0494395885703743,-7.358533207287776,10.184937747149126,9.999994999180668e-07,3.688879479113936,10.578287627551322,10.184937747149126,7.360103973625284,4.353100198192048,1.7917596358947079,-13.815510557964274,-13.815510557964274,2.079441666679828,False,False,False,False,True,False
6112.369742419302,0,0,1,1,1,0,0,0.02419091893938597,-8.02539285776425,8.236685322977218,9.999994999180668e-07,2.7080502677688743,10.342418447905905,8.236685322977218,8.028455164440302,4.3066772109103555,1.3862946111198593,4.820281573669553,-13.815510557964274,1.0986126220013874,False,False,False,True,False,False
1266.400447427293,0,0,0,0,0,0,0,0.22371364653243847,-6.102111694488308,4.682131236383479,9.999994999180668e-07,3.401197414995488,8.024016164881164,4.682131236383479,6.102558596850705,4.605170195988091,9.999994999180668e-07,-13.815510557964274,-13.815510557964274,1.6094381124340804,False,True,False,False,False,False
1266.400447427293,0,1,0,1,0,1,0,0.16778523489932887,-6.102111694488308,6.214608100422192,9.999994999180668e-07,2.890371813451719,10.627690354323743,6.214608100422192,6.102558596850705,4.317488126869644,1.7917596358947079,2.079441666679828,-13.815510557964274,1.3862946111198593,False,True,False,False,False,False
6112.369742419302,0,0,0,0,0,0,1,0.0,-8.02539285776425,4.919980933127395,9.999994999180668e-07,3.6375861860421748,5.85555732140996,4.919980933127395,8.028455164440302,-13.815510557964274,9.999994999180668e-07,9.999994999180668e-07,-13.815510557964274,1.7917596358947079,False,False,False,True,False,False
6112.369742419302,0,0,0,0,0,0,1,0.022572797271199617,-7.3337756581647415,8.467582691073076,0.6931476805598203,3.6375861860421748,7.868225738407096,7.774435510723302,8.028455164440302,4.2374454203072185,9.999994999180668e-07,4.644390908756757,1.7917596358947079,1.7917596358947079,False,False,False,True,False,False
41763.20315581854,0,0,0,0,0,0,1,0.0,-4.916188123940292,3.401197414995488,3.2580965764830196,2.944439031798018,5.85555732140996,0.14310171030696428,8.174421152928266,-13.815510557964274,9.999994999180668e-07,-13.815510557964274,-13.815510557964274,1.3862946111198593,False,False,False,False,False,True
41763.20315581854,1,1,0,0,0,0,0,0.0,-5.658520592276317,8.336630087876724,2.515613875923528,3.8066625119925415,10.4481840043027,5.8210162954915,8.174421152928266,-13.815510557964274,1.3862946111198593,-13.815510557964274,-13.815510557964274,1.7917596358947079,False,False,False,False,False,True
7640.563613231552,0,0,1,0,0,0,0,0.03872109746653391,-4.795033699761298,7.976938757302723,2.5649494343846104,3.8066625119925415,9.930382188212418,5.411989403960651,7.360103973625284,4.1087333161027715,0.6931476805598203,-13.815510557964274,-13.815510557964274,2.079441666679828,False,False,False,False,True,False
41763.20315581854,1,0,1,1,1,0,0,0.02086384940172374,-5.609198832442679,8.966100857494904,2.5649494343846104,2.6390574010438272,10.04489929932394,6.401151501565347,8.174421152928266,4.304683854795477,1.945910291912446,5.568344507577891,1.945910291912446,0.6931476805598203,False,False,False,False,False,True
41763.20315581854,0,0,1,0,0,0,0,0.0,-3.3460790237472406,4.499809681441376,4.828313745302301,3.4339872367432105,9.911230783913622,-0.32850267808411165,8.174421152928266,-13.815510557964274,9.999994999180668e-07,-13.815510557964274,-13.815510557964274,1.6094381124340804,False,False,False,False,False,True
7640.563613231552,0,0,1,0,1,0,0,0.051833003486947506,-7.358533207287776,7.487733761996354,9.999994999180668e-07,3.2580965764830196,9.887363304158281,7.487733761996354,7.360103973625284,4.400375785614806,1.0986126220013874,-13.815510557964274,-13.815510557964274,1.0986126220013874,False,False,False,False,True,False
41763.20315581854,0,1,0,0,0,0,1,0.0,-4.916188123940292,4.5951198602356,3.2580965764830196,2.397895363707457,8.337517314425417,1.337023574739336,8.174421152928266,-13.815510557964274,0.6931476805598203,-13.815510557964274,-13.815510557964274,0.6931476805598203,False,False,False,False,False,True
10412.863802559415,0,0,0,0,0,1,0,0.03864888409015619,-7.688557553728022,9.414912537786456,9.999994999180668e-07,3.13549425940741,9.555574114336775,9.414912537786456,7.69074316399891,4.437505798819507,9.999994999180668e-07,-13.815510557964274,-13.815510557964274,1.3862946111198593,True,False,False,False,False,False
4092.5737704918033,0,0,1,0,0,0,0,0.12726060369502992,-2.542245238006883,11.073117328455043,3.871201031741224,2.9957323235539897,9.876117148624875,7.201916318276783,6.413458958806701,4.351940672652875,1.0986126220013874,7.608870629687291,5.7899601739553574,1.0986126220013874,False,False,True,False,False,False
6112.369742419302,1,1,1,0,0,0,0,0.02426070522934093,-6.418404039733034,9.605418387265223,1.6094381124340804,2.833213402879744,10.055523290413722,7.995980475100573,8.028455164440302,4.309557871299823,1.0986126220013874,6.450470423723955,4.174387285280252,1.3862946111198593,False,False,False,True,False,False
6112.369742419302,1,0,0,0,0,0,0,0.032605151613955004,-8.02539285776425,6.200509176071088,9.999994999180668e-07,1.7917596358947079,10.42321605584098,6.200509176071088,8.028455164440302,4.605170195988091,9.999994999180668e-07,2.1972246884473243,-13.815510557964274,9.999994999180668e-07,False,False,False,True,False,False
41763.20315581854,1,1,0,0,0,0,0,0.015779092702169626,-4.563407325683278,8.308445520632187,3.610917939671251,2.6390574010438272,9.920251159295926,4.697527616859327,8.174421152928266,4.025351708592292,0.6931476805598203,-13.815510557964274,-13.815510557964274,0.6931476805598203,False,False,False,False,False,True
41763.20315581854,1,0,1,1,0,0,0,0.023409842174172985,-3.6310886157700577,12.29649818762416,4.543294792908302,3.6635616717706716,10.334022036679704,7.753203405778953,8.174421152928266,4.419822425368476,1.7917596358947079,8.902047345756387,7.338888134488652,1.6094381124340804,False,False,False,False,False,True
10412.863802559415,0,0,1,0,1,0,0,0.03917471924784539,-7.688557553728022,6.8200163657658335,9.999994999180668e-07,3.9318256523321686,10.120033131481884,6.8200163657658335,7.69074316399891,4.4510195178275,1.0986126220013874,3.332204545889489,0.6931476805598203,2.079441666679828,True,False,False,False,False,False
6112.369742419302,0,0,1,0,1,0,0,0.026265261022352642,-6.0821069681583495,9.049702026130797,1.945910291912446,3.09104249881286,9.894880698951035,7.103791877780039,8.028455164440302,4.388947089932248,1.3862946111198593,5.5294290914796775,2.5649494343846104,1.0986126220013874,False,False,False,True,False,False
7640.563613231552,0,0,0,1,0,0,0,0.01272264631043257,-7.358533207287776,5.849324782828703,9.999994999180668e-07,3.2188758648682,9.778095277150934,5.849324782828703,7.360103973625284,2.9957323235539897,0.6931476805598203,1.6094381124340804,-13.815510557964274,1.0986126220013874,False,False,False,False,True,False
6112.369742419302,0,0,1,1,0,0,0,0.024035848946184782,-8.02539285776425,8.218247926955433,9.999994999180668e-07,2.1972246884473243,10.41831635451246,8.218247926955433,8.028455164440302,4.300246320667021,0.6931476805598203,5.049856013659793,1.3862946111198593,9.999994999180668e-07,False,False,False,True,False,False
41763.20315581854,0,0,0,0,0,0,0,0.0,-5.401610642503471,4.418840619844791,2.772588784739779,3.5263605540279257,7.95171390561302,1.6462520783278825,8.174421152928266,-13.815510557964274,9.999994999180668e-07,-13.815510557964274,-13.815510557964274,1.7917596358947079,False,False,False,False,False,True
41763.20315581854,1,0,0,1,1,0,0,0.021027575562592785,-4.955403377853663,7.85088266519926,3.2188758648682,3.13549425940741,10.249990023710222,4.632006849676854,8.174421152928266,4.312500585425271,1.7917596358947079,4.204692634316339,1.7917596358947079,1.3862946111198593,False,False,False,False,False,True
7640.563613231552,0,1,1,1,0,0,1,0.0482745671982761,-5.568082538077103,11.231079661665401,1.7917596358947079,3.1780538720146114,10.692825383629236,9.439320192503624,7.360103973625284,4.329253570120122,1.7917596358947079,-13.815510557964274,-13.815510557964274,1.3862946111198593,False,False,False,False,True,False
6112.369742419302,1,0,0,1,0,1,0,0.02825779806542767,-8.02539285776425,7.322510434657896,9.999994999180668e-07,2.1972246884473243,10.755207579176158,7.322510434657896,8.028455164440302,4.462069353885879,1.6094381124340804,3.401197414995488,1.0986126220013874,9.999994999180668e-07,False,False,False,True,False,False
1266.400447427293,0,0,1,0,0,0,1,0.09587727708533077,-6.102111694488308,5.802118378398211,9.999994999180668e-07,3.401197414995488,9.489451029683668,5.802118378398211,6.102558596850705,3.7578723489342205,1.0986126220013874,1.945910291912446,-13.815510557964274,0.6931476805598203,False,True,False,False,False,False
41763.20315581854,0,1,1,0,0,0,0,0.02290560430095314,-5.689218796583907,11.231357993531553,2.48490673312133,2.833213402879744,10.234846902202635,8.746451343889326,8.174421152928266,4.398047495883822,1.6094381124340804,-13.815510557964274,-13.815510557964274,1.0986126220013874,False,False,False,False,False,True
6112.369742419302,0,0,1,0,0,0,0,0.0,-7.3337756581647415,4.477336825841843,0.6931476805598203,2.3025851929940404,10.50633545427006,3.7841896566455335,8.028455164440302,-13.815510557964274,1.0986126220013874,-13.815510557964274,-13.815510557964274,9.999994999180668e-07,False,False,False,True,False,False
7640.563613231552,1,1,1,0,0,0,1,0.043351239279992466,-7.358533207287776,8.145259566806972,9.999994999180668e-07,3.555348090060842,9.799697664491218,8.145259566806972,7.360103973625284,4.221683999272615,1.3862946111198593,4.905274785845837,2.397895363707457,1.6094381124340804,False,False,False,False,True,False
41763.20315581854,0,0,0,0,0,0,0,0.021454029551195544,-4.242525934108025,9.387565631429148,3.9318256523321686,3.4339872367432105,10.073402639187227,5.455740002892777,8.174421152928266,4.332578372393541,1.0986126220013874,-13.815510557964274,-13.815510557964274,1.6094381124340804,False,False,False,False,False,True
41763.20315581854,0,0,1,1,0,0,0,0.02177309869617562,-4.916188123940292,8.395025557668019,3.2580965764830196,2.48490673312133,10.28499002262224,5.136929025296254,8.174421152928266,4.347341089627168,1.0986126220013874,5.393627550897816,2.890371813451719,0.6931476805598203,False,False,False,False,False,True
41763.20315581854,0,0,1,0,0,0,0,0.01878463416924955,-3.5792654546695997,7.510977752561141,4.5951198602356,2.5649494343846104,10.18414036585045,2.915857956037053,8.174421152928266,4.199705092879927,0.6931476805598203,3.1780538720146114,9.999994999180668e-07,0.6931476805598203,False,False,False,False,False,True
10412.863802559415,1,0,0,0,0,0,0,0.04570383912248629,-7.688557553728022,4.290459454847021,9.999994999180668e-07,2.833213402879744,10.144885175915915,4.290459454847021,7.69074316399891,4.605170195988091,0.6931476805598203,-13.815510557964274,-13.815510557964274,1.0986126220013874,True,False,False,False,False,False
6112.369742419302,0,0,0,0,0,0,1,0.020627748980257248,-7.3337756581647415,6.955592609349586,0.6931476805598203,2.48490673312133,7.868225738407096,6.26244542974293,8.028455164440302,4.147337108169062,9.999994999180668e-07,3.8918203185187896,-13.815510557964274,0.6931476805598203,False,False,False,True,False,False
6112.369742419302,0,0,1,1,0,0,1,0.02028764989312756,-6.236184658820706,7.960672608737036,1.7917596358947079,4.204692634316339,10.419748256330921,6.168913141253572,8.028455164440302,4.130712222464404,1.6094381124340804,-13.815510557964274,-13.815510557964274,2.3025851929940404,False,False,False,True,False,False
41763.20315581854,1,1,0,0,0,0,1,0.021579293995910236,-5.689218796583907,11.069259923062345,2.48490673312133,2.944439031798018,10.696626573379596,8.58435327344577,8.174421152928266,4.33840013034977,1.6094381124340804,7.6783263569696345,4.828313745302301,1.3862946111198593,False,False,False,False,False,True
6112.369742419302,0,0,0,1,0,0,1,0.0,-8.02539285776425,3.912023025428146,9.999994999180668e-07,3.09104249881286,9.2231297982103,3.912023025428146,8.028455164440302,-13.815510557964274,0.6931476805598203,-13.815510557964274,-13.815510557964274,1.0986126220013874,False,False,False,True,False,False
1266.400447427293,0,0,0,0,0,0,0,0.16635117306258246,-6.102111694488308,6.8145428983576535,9.999994999180668e-07,2.7080502677688743,8.024016164881164,6.8145428983576535,6.102558596850705,4.308904383293195,9.999994999180668e-07,3.6635616717706716,-13.815510557964274,1.3862946111198593,False,True,False,False,False,False
6112.369742419302,0,0,0,0,0,1,0,0.02535956236640945,-7.3337756581647415,6.661854741824084,0.6931476805598203,4.094344578888768,10.656791170783452,5.96870756254291,8.028455164440302,4.353855770564328,0.6931476805598203,-13.815510557964274,-13.815510557964274,1.945910291912446,False,False,False,True,False,False
10412.863802559415,1,1,0,0,0,0,1,0.03542047531992688,-7.688557553728022,6.549650743664426,9.999994999180668e-07,3.6635616717706716,9.56888296407913,6.549650743664426,7.69074316399891,4.350277949262527,1.0986126220013874,3.688879479113936,-13.815510557964274,1.945910291912446,True,False,False,False,False,False
41763.20315581854,1,0,0,0,0,0,0,0.022304239072481538,-4.436667037933052,10.470447732874051,3.7376696420928917,2.6390574010438272,10.4667753590048,6.73277811575354,8.174421152928266,4.371442639634454,1.6094381124340804,7.244941547050783,4.605170195988091,1.0986126220013874,False,False,False,False,False,True
6112.369742419302,0,0,0,0,0,0,1,0.024052980698819264,-7.3337756581647415,8.26616443686956,0.6931476805598203,3.2188758648682,7.868225738407096,7.573017256566685,8.028455164440302,4.300958825140655,9.999994999180668e-07,4.804021052929977,2.5649494343846104,1.0986126220013874,False,False,False,True,False,False
41763.20315581854,0,0,1,0,0,0,0,0.02391838930300469,-5.776203295520409,11.663592942637582,2.397895363707457,2.397895363707457,10.36666675895579,9.265697669925226,8.174421152928266,4.441313475429111,1.3862946111198593,-13.815510557964274,-13.815510557964274,1.0986126220013874,False,False,False,False,False,True
41763.20315581854,1,1,0,0,1,0,0,0.021841741298754876,-5.689218796583907,10.11811494412234,2.48490673312133,2.5649494343846104,10.153742920242873,7.633208294778103,8.174421152928266,4.3504887640597865,1.3862946111198593,-13.815510557964274,-13.815510557964274,0.6931476805598203,False,False,False,False,False,True
4092.5737704918033,1,1,0,0,0,0,0,0.0,-3.155338957882631,3.850147622986654,3.2580965764830196,3.4339872367432105,9.920251159295926,0.5920516168799128,6.413458958806701,-13.815510557964274,0.6931476805598203,-13.815510557964274,-13.815510557964274,1.945910291912446,False,False,True,False,False,False
6112.369742419302,0,0,0,0,0,0,1,0.022619823932181284,-7.3337756581647415,8.591186871510299,0.6931476805598203,3.401197414995488,7.868225738407096,7.8980396911360895,8.028455164440302,4.239526586481013,9.999994999180668e-07,-13.815510557964274,-13.815510557964274,1.945910291912446,False,False,False,True,False,False
10412.863802559415,1,0,0,0,0,0,0,0.022851919561243144,-7.688557553728022,5.12396398535564,9.999994999180668e-07,3.2580965764830196,10.35984930206762,5.12396398535564,7.69074316399891,3.912023025428146,1.3862946111198593,-13.815510557964274,-13.815510557964274,1.0986126220013874,True,False,False,False,False,False
6112.369742419302,0,0,0,0,0,0,1,0.02328939400996786,-7.3337756581647415,7.751475318451564,0.6931476805598203,2.48490673312133,7.868225738407096,7.058328138321727,8.028455164440302,4.268697963366878,9.999994999180668e-07,4.3438054348406965,9.999994999180668e-07,0.6931476805598203,False,False,False,True,False,False
6112.369742419302,1,0,0,1,0,0,0,0.0,-8.02539285776425,5.22035583048373,9.999994999180668e-07,2.7080502677688743,10.117690804618833,5.22035583048373,8.028455164440302,-13.815510557964274,0.6931476805598203,-13.815510557964274,-13.815510557964274,1.0986126220013874,False,False,False,True,False,False
7640.563613231552,1,0,0,0,1,1,0,0.048401371833167395,-7.358533207287776,9.97278037907873,9.999994999180668e-07,4.060443027787798,10.52750979942102,9.97278037907873,7.360103973625284,4.331876864131267,1.945910291912446,6.661854741824084,4.574710988812661,2.397895363707457,False,False,False,False,True,False
6112.369742419302,0,0,1,0,0,0,0,0.02679701089209382,-8.02539285776425,10.61208968767555,9.999994999180668e-07,3.5263605540279257,10.022211479799054,10.61208968767555,8.028455164440302,4.408990244718922,1.0986126220013874,7.625107148726943,5.6204008693403384,1.7917596358947079,False,False,False,True,False,False
6112.369742419302,0,0,0,0,0,0,1,0.021264229313448915,-7.3337756581647415,8.11611843190805,0.6931476805598203,3.367295864469232,7.868225738407096,7.422971251646792,8.028455164440302,4.177726186494485,9.999994999180668e-07,-13.815510557964274,-13.815510557964274,1.6094381124340804,False,False,False,True,False,False
1266.400447427293,1,1,0,0,0,0,0,0.17577500798977308,-6.102111694488308,7.234898421035812,9.999994999180668e-07,2.5649494343846104,10.485194100702861,7.234898421035812,6.102558596850705,4.364008141898476,1.3862946111198593,-13.815510557964274,-13.815510557964274,1.0986126220013874,False,True,False,False,False,False
41763.20315581854,1,1,0,1,0,0,0,0.02303942442751003,-4.916188123940292,10.113099969606532,3.2580965764830196,1.7917596358947079,10.374296669823561,6.855003432598672,8.174421152928266,4.403872739965016,1.6094381124340804,6.276643491221344,4.060443027787798,9.999994999180668e-07,False,False,False,False,False,True
41763.20315581854,0,0,1,0,0,0,0,0.0,-5.689218796583907,4.3438054348406965,2.48490673312133,3.13549425940741,9.930382188212418,1.8588989279098274,8.174421152928266,-13.815510557964274,0.6931476805598203,-13.815510557964274,-13.815510557964274,1.6094381124340804,False,False,False,False,False,True
6112.369742419302,0,0,0,1,0,0,1,0.0,-8.02539285776425,4.007333203414289,9.999994999180668e-07,3.871201031741224,9.2231297982103,4.007333203414289,8.028455164440302,-13.815510557964274,0.6931476805598203,-13.815510557964274,-13.815510557964274,2.1972246884473243,False,False,False,True,False,False
6112.369742419302,0,0,0,0,0,0,1,0.01992537043075028,-6.64139434679697,6.605297922301382,1.3862946111198593,3.2958369030413657,7.868225738407096,5.219003565241031,8.028455164440302,4.112693717253934,9.999994999180668e-07,2.890371813451719,-13.815510557964274,1.3862946111198593,False,False,False,True,False,False
6112.369742419302,0,0,0,0,0,0,1,0.010868383871318334,-8.02539285776425,5.472270677873155,9.999994999180668e-07,2.397895363707457,7.868225738407096,5.472270677873155,8.028455164440302,3.506557927319981,9.999994999180668e-07,1.0986126220013874,-13.815510557964274,0.6931476805598203,False,False,False,True,False,False
6112.369742419302,0,0,1,0,1,0,0,0.024789164915006927,-5.8308898670518134,9.819344784478089,2.1972246884473243,2.833213402879744,9.946505683586196,7.622120207576984,8.028455164440302,4.331106557399609,1.0986126220013874,6.5581978042307085,2.772588784739779,0.6931476805598203,False,False,False,True,False,False
4092.5737704918033,0,0,1,0,0,0,0,0.16393442622950818,-5.720006823110456,4.812184363502499,0.6931476805598203,3.761200138949376,10.093202307287365,4.119037191072635,6.413458958806701,4.605170195988091,0.6931476805598203,-13.815510557964274,-13.815510557964274,1.945910291912446,False,False,True,False,False,False
6112.369742419302,0,1,1,1,0,0,1,0.024890539848153148,-6.236184658820706,8.595819512056304,1.7917596358947079,2.7080502677688743,10.499226526158143,6.804060043752634,8.028455164440302,4.3351877037351265,1.6094381124340804,5.411646056319325,2.1972246884473243,0.6931476805598203,False,False,False,True,False,False
41763.20315581854,0,1,0,1,0,0,0,0.021828946247550902,-5.689218796583907,10.01153445666414,2.48490673312133,3.332204545889489,10.317455682726656,7.526627807369813,8.174421152928266,4.34990278512866,1.6094381124340804,6.533788839386832,3.5263605540279257,1.0986126220013874,False,False,False,False,False,True
41763.20315581854,0,0,1,0,0,0,0,0.02239706381718216,-5.609198832442679,6.892641642187317,2.5649494343846104,2.1972246884473243,9.911230783913622,4.327692296908522,8.174421152928266,4.375595756924236,9.999994999180668e-07,-13.815510557964274,-13.815510557964274,0.6931476805598203,False,False,False,False,False,True
1266.400447427293,0,0,0,0,0,0,0,0.22371364653243847,-6.102111694488308,4.189654757177941,9.999994999180668e-07,3.1780538720146114,8.024016164881164,4.189654757177941,6.102558596850705,4.605170195988091,9.999994999180668e-07,-13.815510557964274,-13.815510557964274,1.3862946111198593,False,True,False,False,False,False
41763.20315581854,0,0,1,1,0,0,0,0.023434499801506286,-4.916188123940292,12.01374923656191,3.2580965764830196,2.772588784739779,10.418090789775905,8.755652698691936,8.174421152928266,4.420875172755846,1.3862946111198593,8.608495350005573,6.635946556998983,1.0986126220013874,False,False,False,False,False,True
41763.20315581854,1,0,0,0,0,0,0,0.02817695125387433,-4.916188123940292,5.420535003697065,3.2580965764830196,2.9957323235539897,10.419500767156345,2.162438576295045,8.174421152928266,4.605170195988091,1.6094381124340804,1.7917596358947079,-13.815510557964274,0.6931476805598203,False,False,False,False,False,True
10412.863802559415,0,0,1,0,0,0,0,0.034277879341864714,-7.688557553728022,4.7095302103213434,9.999994999180668e-07,2.772588784739779,7.751200744040292,4.7095302103213434,7.69074316399891,4.317488126869644,9.999994999180668e-07,-13.815510557964274,-13.815510557964274,1.0986126220013874,True,False,False,False,False,False
6112.369742419302,1,0,1,1,0,0,0,0.023322823762135278,-6.236184658820706,9.729372232348782,1.7917596358947079,2.397895363707457,10.365729546297588,7.937612763418276,8.028455164440302,4.270132340833954,1.3862946111198593,6.728628614280874,4.304065106717683,1.0986126220013874,False,False,False,True,False,False
6112.369742419302,0,0,0,0,0,0,1,0.02332954813757125,-7.3337756581647415,8.691482576680938,0.6931476805598203,2.397895363707457,7.868225738407096,7.998335396289004,8.028455164440302,4.270420616654228,9.999994999180668e-07,5.446737375976655,2.48490673312133,0.6931476805598203,False,False,False,True,False,False
10412.863802559415,0,0,1,0,0,0,0,0.0,-7.688557553728022,4.356708839510104,9.999994999180668e-07,3.828641418228225,9.911230783913622,4.356708839510104,7.69074316399891,-13.815510557964274,9.999994999180668e-07,-13.815510557964274,-13.815510557964274,1.945910291912446,True,False,False,False,False,False
7640.563613231552,1,1,1,0,0,0,1,0.045985468591924955,-7.358533207287776,7.984462732602912,9.999994999180668e-07,4.543294792908302,10.142934436319868,7.984462732602912,7.360103973625284,4.2806741542469275,1.6094381124340804,-13.815510557964274,-13.815510557964274,2.772588784739779,False,False,False,False,True,False
7640.563613231552,1,0,0,0,0,0,0,0.031806615776081425,-7.358533207287776,4.948759897470366,9.999994999180668e-07,3.5835189662338873,10.407128725818199,4.948759897470366,7.360103973625284,3.912023025428146,0.6931476805598203,0.6931476805598203,-13.815510557964274,1.7917596358947079,False,False,False,False,True,False
41763.20315581854,0,1,0,0,0,0,1,0.0,-4.916188123940292,3.6375861860421748,3.2580965764830196,2.397895363707457,8.337517314425417,0.37949030591519584,8.174421152928266,-13.815510557964274,0.6931476805598203,-13.815510557964274,-13.815510557964274,0.6931476805598203,False,False,False,False,False,True
7640.563613231552,0,0,1,0,1,0,0,0.0,-7.358533207287776,5.068904208509539,9.999994999180668e-07,3.6375861860421748,10.120033131481884,5.068904208509539,7.360103973625284,-13.815510557964274,1.0986126220013874,-13.815510557964274,-13.815510557964274,1.7917596358947079,False,False,False,False,True,False
7640.563613231552,0,0,0,1,0,0,0,0.04240882103477523,-7.358533207287776,7.0509894479345965,9.999994999180668e-07,2.397895363707457,9.585520966175313,7.0509894479345965,7.360103973625284,4.199705092879927,0.6931476805598203,-13.815510557964274,-13.815510557964274,0.6931476805598203,False,False,False,False,True,False
7640.563613231552,0,0,0,0,0,0,1,0.0,-7.358533207287776,3.8918203185187896,9.999994999180668e-07,2.833213402879744,9.799396652167239,3.8918203185187896,7.360103973625284,-13.815510557964274,0.6931476805598203,-13.815510557964274,-13.815510557964274,1.0986126220013874,False,False,False,False,True,False
6112.369742419302,1,1,1,0,0,0,1,0.023120016598986274,-6.928821064339634,9.787739944047951,1.0986126220013874,2.772588784739779,10.615971795190823,8.689127655492111,8.028455164440302,4.2613986609878305,1.945910291912446,-13.815510557964274,-13.815510557964274,0.6931476805598203,False,False,False,True,False,False
41763.20315581854,0,0,1,0,0,0,0,0.022336170925622473,-5.689218796583907,9.49001547410165,2.48490673312133,2.1972246884473243,10.25355015412877,7.005108825145283,8.174421152928266,4.372873265302337,1.3862946111198593,-13.815510557964274,-13.815510557964274,0.6931476805598203,False,False,False,False,False,True
41763.20315581854,0,0,1,1,0,0,1,0.02227086540153386,-5.689218796583907,9.551729074448291,2.48490673312133,3.367295864469232,10.691605667830785,7.066822425442152,8.174421152928266,4.369945226351611,1.3862946111198593,6.532334293677954,3.5835189662338873,1.3862946111198593,False,False,False,False,False,True
1266.400447427293,1,1,0,1,0,0,0,0.22371364653243847,-6.102111694488308,4.897839807413598,9.999994999180668e-07,1.3862946111198593,10.112162201098572,4.897839807413598,6.102558596850705,4.605170195988091,1.3862946111198593,-13.815510557964274,-13.815510557964274,9.999994999180668e-07,False,True,False,False,False,False
6112.369742419302,0,0,0,0,0,0,1,0.0,-7.3337756581647415,7.941295571262277,0.6931476805598203,2.5649494343846104,7.868225738407096,7.248148391058077,8.028455164440302,-13.815510557964274,9.999994999180668e-07,-13.815510557964274,-13.815510557964274,0.6931476805598203,False,False,False,True,False,False
41763.20315581854,1,0,0,0,1,0,0,0.025046178892332738,-4.303146206971848,6.473890697895484,3.871201031741224,2.7080502677688743,10.178469441949819,2.602689759518455,8.174421152928266,4.487387161581708,1.3862946111198593,2.1972246884473243,-13.815510557964274,0.6931476805598203,False,False,False,False,False,True
6112.369742419302,0,0,0,0,0,0,1,0.025168888965158245,-8.02539285776425,8.108623268655528,9.999994999180668e-07,3.2958369030413657,9.78294658673684,8.108623268655528,8.028455164440302,4.346308565026348,1.0986126220013874,-13.815510557964274,-13.815510557964274,1.3862946111198593,False,False,False,True,False,False
1266.400447427293,0,0,0,0,0,0,0,0.22371364653243847,-6.102111694488308,4.521788587918605,9.999994999180668e-07,2.1972246884473243,8.024016164881164,4.521788587918605,6.102558596850705,4.605170195988091,9.999994999180668e-07,-13.815510557964274,-13.815510557964274,0.6931476805598203,False,True,False,False,False,False
1266.400447427293,0,0,0,0,0,0,1,0.22371364653243847,-6.102111694488308,4.615120526742249,9.999994999180668e-07,2.6390574010438272,8.653286306877517,4.615120526742249,6.102558596850705,4.605170195988091,0.6931476805598203,-13.815510557964274,-13.815510557964274,1.0986126220013874,False,True,False,False,False,False
10412.863802559415,1,0,0,1,1,0,0,0.022851919561243144,-7.688557553728022,6.6133842197218415,9.999994999180668e-07,3.7841896566455335,10.073258516053878,6.6133842197218415,7.69074316399891,3.912023025428146,1.0986126220013874,1.7917596358947079,0.6931476805598203,2.079441666679828,True,False,False,False,False,False
10412.863802559415,0,1,1,0,0,0,1,0.0,-7.688557553728022,4.290459454847021,9.999994999180668e-07,3.6635616717706716,9.757396691627354,4.290459454847021,7.69074316399891,-13.815510557964274,1.0986126220013874,-13.815510557964274,-13.815510557964274,1.7917596358947079,True,False,False,False,False,False
41763.20315581854,0,0,1,0,0,0,1,0.0,-5.083217394116741,4.2766661329049445,3.09104249881286,2.1972246884473243,10.05010958464027,1.1856239712132484,8.174421152928266,-13.815510557964274,1.6094381124340804,-13.815510557964274,-13.815510557964274,0.6931476805598203,False,False,False,False,False,True
41763.20315581854,0,0,1,1,0,0,0,0.023599262906877593,-5.776203295520409,10.70085960417613,2.397895363707457,2.1972246884473243,10.305742831763876,8.302964331603016,8.174421152928266,4.427881364388506,1.0986126220013874,6.89871453533907,4.442651268255022,9.999994999180668e-07,False,False,False,False,False,True
10412.863802559415,0,1,0,0,0,0,1,0.04570383912248629,-7.688557553728022,3.850147622986654,9.999994999180668e-07,2.833213402879744,8.337517314425417,3.850147622986654,7.69074316399891,4.605170195988091,0.6931476805598203,-13.815510557964274,-13.815510557964274,1.0986126220013874,True,False,False,False,False,False
7640.563613231552,1,0,0,0,0,0,0,0.04978426817125788,-6.666171101165439,7.284134806881546,0.6931476805598203,4.330733353444225,10.342442997752544,6.5909876270079435,7.360103973625284,4.360047740732884,0.6931476805598203,-13.815510557964274,-13.815510557964274,2.5649494343846104,False,False,False,False,True,False
4092.5737704918033,0,0,0,0,1,0,0,0.0,-6.412849143141731,4.077537460854872,9.999994999180668e-07,2.3025851929940404,9.84741294036413,4.077537460854872,6.413458958806701,-13.815510557964274,9.999994999180668e-07,-13.815510557964274,-13.815510557964274,0.6931476805598203,False,False,True,False,False,False
6112.369742419302,1,0,0,0,0,1,1,0.027714378871861754,-8.02539285776425,6.44571982097288,9.999994999180668e-07,3.2188758648682,9.188552217478993,6.44571982097288,8.028455164440302,4.442651268255022,1.0986126220013874,2.9957323235539897,-13.815510557964274,1.7917596358947079,False,False,False,True,False,False
6112.369742419302,0,1,1,0,0,0,1,0.02420981317443365,-8.02539285776425,9.571574905240613,9.999994999180668e-07,3.688879479113936,10.293143002142846,9.571574905240613,8.028455164440302,4.307457952644115,1.3862946111198593,-13.815510557964274,-13.815510557964274,1.6094381124340804,False,False,False,True,False,False
6112.369742419302,0,0,0,0,0,0,1,0.022105187534884746,-7.3337756581647415,8.409830673310406,0.6931476805598203,2.48490673312133,7.868225738407096,7.716683492973128,8.028455164440302,4.216512210946308,9.999994999180668e-07,5.176149738223547,2.397895363707457,0.6931476805598203,False,False,False,True,False,False
41763.20315581854,0,0,1,1,0,0,0,0.0,-5.658520592276317,8.946374826271926,2.515613875923528,1.945910291912446,10.126966490271661,6.430761032642705,8.174421152928266,-13.815510557964274,1.3862946111198593,-13.815510557964274,-13.815510557964274,9.999994999180668e-07,False,False,False,False,False,True
6112.369742419302,0,0,0,0,0,0,0,0.0,-8.02539285776425,5.361292170404261,9.999994999180668e-07,3.610917939671251,10.427762476915545,5.361292170404261,8.028455164440302,-13.815510557964274,9.999994999180668e-07,-13.815510557964274,-13.815510557964274,1.6094381124340804,False,False,False,True,False,False
10412.863802559415,1,1,0,0,1,0,0,0.03073189182374078,-7.688557553728022,7.392647521337387,9.999994999180668e-07,2.7080502677688743,10.295941608794957,7.392647521337387,7.69074316399891,4.2082888364431135,1.6094381124340804,4.060443027787798,-13.815510557964274,1.0986126220013874,True,False,False,False,False,False
4092.5737704918033,0,0,1,0,0,0,0,0.16393442622950818,-6.412849143141731,4.454347307881415,9.999994999180668e-07,2.397895363707457,9.911230783913622,4.454347307881415,6.413458958806701,4.605170195988091,9.999994999180668e-07,-13.815510557964274,-13.815510557964274,0.6931476805598203,False,False,True,False,False,False
41763.20315581854,1,0,1,0,1,0,0,0.022766630352592777,-4.996219458230981,10.790370070850294,3.1780538720146114,2.772588784739779,9.894809075907947,7.612316240976077,8.174421152928266,4.391961768893657,1.3862946111198593,7.577121931388712,4.553876902126857,0.6931476805598203,False,False,False,False,False,True
41763.20315581854,0,0,1,0,0,0,0,0.0,-5.689218796583907,8.284251797874377,2.48490673312133,2.1972246884473243,10.022211479799054,5.799345150863454,8.174421152928266,-13.815510557964274,1.0986126220013874,-13.815510557964274,-13.815510557964274,0.6931476805598203,False,False,False,False,False,True
4092.5737704918033,0,0,0,1,0,0,0,0.16393442622950818,-6.412849143141731,3.7135720910945516,9.999994999180668e-07,2.48490673312133,9.797925220956992,3.7135720910945516,6.413458958806701,4.605170195988091,9.999994999180668e-07,-13.815510557964274,-13.815510557964274,0.6931476805598203,False,False,True,False,False,False
1266.400447427293,0,0,1,0,0,0,0,0.1504982713036404,-6.102111694488308,7.92948652367426,9.999994999180668e-07,3.6375861860421748,9.657081198906674,7.92948652367426,6.102558596850705,4.208754928264709,0.6931476805598203,4.700480374883325,1.945910291912446,1.945910291912446,False,True,False,False,False,False
41763.20315581854,0,0,1,1,0,0,0,0.021273196815603124,-4.2231091863939945,9.24657586465472,3.9512437378121965,3.1780538720146114,10.074166925641268,5.2953321509918,8.174421152928266,4.324113801753731,1.0986126220013874,5.860786226314868,3.6635616717706716,1.3862946111198593,False,False,False,False,False,True
10412.863802559415,1,0,0,0,0,0,1,0.031992687385740404,-7.688557553728022,6.617402979311375,9.999994999180668e-07,3.850147622986654,8.817967018114343,6.617402979311375,7.69074316399891,4.248495256335073,0.6931476805598203,3.401197414995488,9.999994999180668e-07,2.1972246884473243,True,False,False,False,False,False
6112.369742419302,0,0,0,0,0,0,1,0.021561471228583148,-7.3337756581647415,7.748028524863969,0.6931476805598203,2.3025851929940404,7.868225738407096,7.054881344735616,8.028455164440302,4.191607882769259,9.999994999180668e-07,4.127134401174124,1.0986126220013874,0.6931476805598203,False,False,False,True,False,False
7640.563613231552,0,0,0,1,0,1,0,0.04089422028353326,-7.358533207287776,9.118773178560282,9.999994999180668e-07,3.6635616717706716,10.574706643204324,9.118773178560282,7.360103973625284,4.163337449264608,1.0986126220013874,5.634789606740678,3.2188758648682,1.945910291912446,False,False,False,False,True,False
41763.20315581854,1,1,1,0,0,0,1,0.0205262558803058,-5.535110355156934,9.52127499631139,2.6390574010438272,3.688879479113936,10.142934436319868,6.882217667648722,8.174421152928266,4.288370728692856,1.6094381124340804,-13.815510557964274,-13.815510557964274,1.945910291912446,False,False,False,False,False,True
41763.20315581854,1,0,1,0,1,0,0,0.022679009545801293,-5.689218796583907,11.522865894794183,2.48490673312133,3.2958369030413657,10.370783450101442,9.037959245115095,8.174421152928266,4.388105693174507,1.6094381124340804,-13.815510557964274,-13.815510557964274,1.0986126220013874,False,False,False,False,False,True
10412.863802559415,1,0,0,0,0,0,0,0.03808653260207191,-7.688557553728022,5.351858138215403,9.999994999180668e-07,2.944439031798018,9.327943316009462,5.351858138215403,7.69074316399891,4.422848641194137,9.999994999180668e-07,1.7917596358947079,9.999994999180668e-07,1.3862946111198593,True,False,False,False,False,False
1266.400447427293,0,0,0,0,0,0,0,0.22371364653243847,-6.102111694488308,4.290459454847021,9.999994999180668e-07,2.833213402879744,8.024016164881164,4.290459454847021,6.102558596850705,4.605170195988091,9.999994999180668e-07,-13.815510557964274,-13.815510557964274,1.0986126220013874,False,True,False,False,False,False
1266.400447427293,0,1,1,0,0,0,0,0.11185682326621924,-6.102111694488308,5.1119877943806395,9.999994999180668e-07,2.397895363707457,9.914961542632955,5.1119877943806395,6.102558596850705,3.912023025428146,1.0986126220013874,-13.815510557964274,-13.815510557964274,0.6931476805598203,False,True,False,False,False,False
41763.20315581854,0,0,1,0,0,0,0,0.0,-4.536741602544286,6.51767127438938,3.6375861860421748,3.09104249881286,9.911230783913622,2.8800851693158727,8.174421152928266,-13.815510557964274,9.999994999180668e-07,-13.815510557964274,-13.815510557964274,1.3862946111198593,False,False,False,False,False,True
10412.863802559415,0,0,0,1,0,0,0,0.0,-7.688557553728022,4.127134401174124,9.999994999180668e-07,2.397895363707457,9.797925220956992,4.127134401174124,7.69074316399891,-13.815510557964274,9.999994999180668e-07,-13.815510557964274,-13.815510557964274,0.6931476805598203,True,False,False,False,False,False
10412.863802559415,1,0,0,0,0,0,0,0.015234613040828762,-7.688557553728022,4.804021052929977,9.999994999180668e-07,3.5263605540279257,9.327943316009462,4.804021052929977,7.69074316399891,3.506557927319981,9.999994999180668e-07,1.0986126220013874,-13.815510557964274,1.7917596358947079,True,False,False,False,False,False
6112.369742419302,0,0,0,0,0,0,1,0.02428751089610934,-7.3337756581647415,8.726156679318898,0.6931476805598203,2.6390574010438272,7.868225738407096,8.033009498921238,8.028455164440302,4.310662161890568,9.999994999180668e-07,-13.815510557964274,-13.815510557964274,0.6931476805598203,False,False,False,True,False,False
4092.5737704918033,0,0,0,1,0,0,0,0.12437920274249548,-3.155338957882631,10.522853630618483,3.2580965764830196,2.3025851929940404,10.308179661699251,7.264757093269859,6.413458958806701,4.329038677167725,1.0986126220013874,6.614725601544244,3.828641418228225,9.999994999180668e-07,False,False,True,False,False,False
6112.369742419302,1,1,0,0,0,0,0,0.026676942229599553,-8.02539285776425,7.3078727814339475,9.999994999180668e-07,2.079441666679828,10.672706570366106,7.3078727814339475,8.028455164440302,4.404499502748163,1.6094381124340804,3.49650759176951,-13.815510557964274,0.6931476805598203,False,False,False,True,False,False
6112.369742419302,0,0,1,0,0,0,1,0.0,-7.3337756581647415,4.836281914887986,0.6931476805598203,2.944439031798018,9.324406699842474,4.143134742264548,8.028455164440302,-13.815510557964274,0.6931476805598203,-13.815510557964274,-13.815510557964274,1.0986126220013874,False,False,False,True,False,False
10412.863802559415,0,0,1,0,0,0,0,0.0,-5.051529560423667,4.919980933127395,2.6390574010438272,2.6390574010438272,10.093202307287365,2.280923698402642,7.69074316399891,-13.815510557964274,0.6931476805598203,-13.815510557964274,-13.815510557964274,0.6931476805598203,True,False,False,False,False,False
6112.369742419302,1,1,0,1,1,0,0,0.025986792480376077,-7.3337756581647415,8.947806093187076,0.6931476805598203,3.09104249881286,10.525610583056466,8.254658912757153,8.028455164440302,4.37828832511009,1.7917596358947079,5.814130534810141,3.367295864469232,1.3862946111198593,False,False,False,True,False,False
41763.20315581854,1,0,1,0,0,0,1,0.02251007837600016,-5.689218796583907,9.303739636325815,2.48490673312133,1.6094381124340804,10.61946144225613,6.818832987539728,8.174421152928266,4.380629022924726,1.6094381124340804,6.285998096371062,3.2580965764830196,9.999994999180668e-07,False,False,False,False,False,True
41763.20315581854,1,0,1,0,1,0,0,0.02247967364246434,-4.2231091863939945,10.31387386499653,3.9512437378121965,1.945910291912446,10.072968728674368,6.362630148106757,8.174421152928266,4.37927739343491,1.3862946111198593,7.344719054795667,4.290459454847021,9.999994999180668e-07,False,False,False,False,False,True
4092.5737704918033,0,0,1,0,0,0,0,0.10928961748633878,-5.720006823110456,4.510859517505861,0.6931476805598203,2.3025851929940404,7.751200744040292,3.8177123479349264,6.413458958806701,4.199705092879927,9.999994999180668e-07,-13.815510557964274,-13.815510557964274,0.6931476805598203,False,False,True,False,False,False
7640.563613231552,0,0,1,0,0,0,0,0.04043984005816067,-6.666171101165439,8.819517540752708,0.6931476805598203,3.332204545889489,9.911230783913622,8.126370360340582,7.360103973625284,4.152164148841264,9.999994999180668e-07,-13.815510557964274,-13.815510557964274,1.3862946111198593,False,False,False,False,True,False
1266.400447427293,0,0,0,0,0,0,0,0.22371364653243847,-6.102111694488308,4.2341065190900125,9.999994999180668e-07,3.13549425940741,8.024016164881164,4.2341065190900125,6.102558596850705,4.605170195988091,9.999994999180668e-07,-13.815510557964274,-13.815510557964274,1.3862946111198593,False,True,False,False,False,False
41763.20315581854,1,0,0,1,0,0,0,0.024255416801015534,-5.609198832442679,8.803724602260795,2.5649494343846104,3.6375861860421748,10.406385958359966,6.238775246601331,8.174421152928266,4.455305850958284,1.0986126220013874,5.267858164217968,2.397895363707457,2.079441666679828,False,False,False,False,False,True
10412.863802559415,0,0,0,1,0,0,0,0.0,-7.688557553728022,4.691347891403455,9.999994999180668e-07,3.13549425940741,9.698925101727287,4.691347891403455,7.69074316399891,-13.815510557964274,0.6931476805598203,-13.815510557964274,-13.815510557964274,1.3862946111198593,True,False,False,False,False,False
6112.369742419302,1,0,0,1,0,0,0,0.0,-6.236184658820706,4.700480374883325,1.7917596358947079,2.833213402879744,10.220233955603502,2.908720951109814,8.028455164440302,-13.815510557964274,1.0986126220013874,-13.815510557964274,-13.815510557964274,0.6931476805598203,False,False,False,True,False,False
41763.20315581854,1,0,0,1,1,0,0,0.023769703219678667,-4.955403377853663,11.46741541534887,3.2188758648682,2.1972246884473243,10.121208989158244,8.248539590731845,8.174421152928266,4.4350776813132375,1.945910291912446,8.144969417378066,6.22653667126375,0.6931476805598203,False,False,False,False,False,True
41763.20315581854,0,0,1,1,0,0,0,0.021132713440405747,-4.015482617699292,5.7776523263186315,4.1588830989846715,2.833213402879744,10.271172236488965,1.6187694380053799,8.174421152928266,4.317488126869644,1.0986126220013874,1.3862946111198593,-13.815510557964274,1.0986126220013874,False,False,False,False,False,True
6112.369742419302,0,0,0,0,0,0,1,0.016302575806977502,-7.3337756581647415,6.5410300006329045,0.6931476805598203,1.945910291912446,7.868225738407096,5.84788282151596,8.028455164440302,3.912023025428146,9.999994999180668e-07,2.772588784739779,-13.815510557964274,9.999994999180668e-07,False,False,False,True,False,False
10412.863802559415,0,0,0,1,0,0,0,0.034277879341864714,-7.688557553728022,5.049856013659793,9.999994999180668e-07,3.0445224853424695,9.778095277150934,5.049856013659793,7.69074316399891,4.317488126869644,0.6931476805598203,-13.815510557964274,-13.815510557964274,1.3862946111198593,True,False,False,False,False,False
41763.20315581854,0,0,1,0,0,0,1,0.0,-4.708574349746414,4.624972823088193,3.465735934049726,1.945910291912446,9.324406699842474,1.1592372242099855,8.174421152928266,-13.815510557964274,0.6931476805598203,9.999994999180668e-07,-13.815510557964274,9.999994999180668e-07,False,False,False,False,False,True
6112.369742419302,0,1,0,0,0,0,1,0.016302575806977502,-8.02539285776425,4.836281914887986,9.999994999180668e-07,3.5263605540279257,8.337517314425417,4.836281914887986,8.028455164440302,3.912023025428146,0.6931476805598203,-13.815510557964274,-13.815510557964274,1.7917596358947079,False,False,False,True,False,False
7640.563613231552,1,0,0,0,0,0,0,0.03710771840542833,-7.358533207287776,7.015712421384896,9.999994999180668e-07,4.532599503905944,10.342442997752544,7.015712421384896,7.360103973625284,4.066173702398261,0.6931476805598203,-13.815510557964274,-13.815510557964274,2.833213402879744,False,False,False,False,True,False
10412.863802559415,1,1,1,0,0,0,0,0.03782413363856716,-7.688557553728022,12.511658484763224,9.999994999180668e-07,2.772588784739779,10.36613484261197,12.511658484763224,7.69074316399891,4.415935251588922,1.0986126220013874,9.377125189705646,7.922623574579736,1.0986126220013874,True,False,False,False,False,False
6112.369742419302,0,0,1,0,0,0,0,0.0277884814891662,-8.02539285776425,7.588829878813886,9.999994999180668e-07,2.772588784739779,9.911230783913622,7.588829878813886,8.028455164440302,4.4453214967795285,9.999994999180668e-07,4.477336825841843,0.6931476805598203,0.6931476805598203,False,False,False,True,False,False
6112.369742419302,0,0,0,0,0,0,1,0.020748732845244092,-8.02539285776425,6.24222326740069,9.999994999180668e-07,2.397895363707457,7.868225738407096,6.24222326740069,8.028455164440302,4.15318507795932,9.999994999180668e-07,2.397895363707457,-13.815510557964274,0.6931476805598203,False,False,False,True,False,False
41763.20315581854,1,1,0,1,1,1,0,0.023456709847242393,-4.916188123940292,12.05445292678957,3.2580965764830196,2.772588784739779,10.453985517204167,8.796356388913553,8.174421152928266,4.421822473851145,1.7917596358947079,8.674196940396842,6.885509671057312,0.6931476805598203,False,False,False,False,False,True
7640.563613231552,0,0,1,0,0,0,0,0.04958090106271516,-6.666171101165439,8.503499864486992,0.6931476805598203,2.890371813451719,10.25355015412877,7.810352684129804,7.360103973625284,4.355954407194295,1.3862946111198593,-13.815510557964274,-13.815510557964274,1.0986126220013874,False,False,False,False,True,False
41763.20315581854,1,0,0,0,0,0,0,0.0,-5.658520592276317,6.943122423784679,2.515613875923528,3.13549425940741,10.144885175915915,4.427508639653401,8.174421152928266,-13.815510557964274,0.6931476805598203,-13.815510557964274,-13.815510557964274,1.3862946111198593,False,False,False,False,False,True
41763.20315581854,0,1,1,0,0,0,1,0.019507120098836074,-3.0386018393435568,5.749392989092967,5.1357984429326144,2.1972246884473243,9.912731374510196,0.613595090259119,8.174421152928266,4.2374454203072185,1.3862946111198593,2.5649494343846104,-13.815510557964274,9.999994999180668e-07,False,False,False,False,False,True
7640.563613231552,0,1,1,1,0,0,0,0.04543802253725918,-5.568082538077103,9.379745536921327,1.7917596358947079,2.833213402879744,10.45693905580545,7.587986068115356,7.360103973625284,4.268697963366878,1.6094381124340804,6.364750758573082,3.6635616717706716,0.6931476805598203,False,False,False,False,True,False
10412.863802559415,0,0,1,0,0,0,0,0.03656307129798903,-7.688557553728022,5.384495067376245,9.999994999180668e-07,2.833213402879744,7.751200744040292,5.384495067376245,7.69074316399891,4.382026647173881,9.999994999180668e-07,-13.815510557964274,-13.815510557964274,1.0986126220013874,True,False,False,False,False,False
6112.369742419302,0,1,0,0,1,0,1,0.02342205511508793,-6.928821064339634,8.790877754376279,1.0986126220013874,3.1780538720146114,9.919961362910147,7.692265466012398,8.028455164440302,4.274378003803287,1.3862946111198593,5.755742216751469,2.5649494343846104,1.0986126220013874,False,False,False,True,False,False
7640.563613231552,0,0,0,1,0,0,0,0.03710771840542833,-6.260967821561102,7.252053952561531,1.0986126220013874,3.1780538720146114,10.293512203509344,6.153441665310856,7.360103973625284,4.066173702398261,1.0986126220013874,-13.815510557964274,-13.815510557964274,1.3862946111198593,False,False,False,False,True,False
6112.369742419302,0,0,0,0,0,0,1,0.023792948475048245,-7.3337756581647415,8.12858520066948,0.6931476805598203,3.13549425940741,7.868225738407096,7.435438020404521,8.028455164440302,4.290089153051899,9.999994999180668e-07,-13.815510557964274,-13.815510557964274,1.3862946111198593,False,False,False,True,False,False
6112.369742419302,1,1,1,0,0,0,0,0.02187094532129492,-6.64139434679697,8.726805608608275,1.3862946111198593,3.49650759176951,10.508033637755688,7.3405112479749235,8.028455164440302,4.20585895836228,1.6094381124340804,5.493061447455775,3.1780538720146114,1.3862946111198593,False,False,False,True,False,False
6112.369742419302,0,0,0,0,0,1,0,0.027670439655795954,-7.3337756581647415,11.355206760652473,0.6931476805598203,2.9957323235539897,11.091154830576517,10.662059580104236,8.028455164440302,4.441064579847083,1.0986126220013874,7.9703949075369716,5.683579770740042,1.0986126220013874,False,False,False,True,False,False
1266.400447427293,0,0,0,0,0,0,1,0.0,-6.102111694488308,3.688879479113936,9.999994999180668e-07,2.890371813451719,8.653286306877517,3.688879479113936,6.102558596850705,-13.815510557964274,0.6931476805598203,-13.815510557964274,-13.815510557964274,1.0986126220013874,False,True,False,False,False,False
6112.369742419302,1,1,0,1,0,0,1,0.01834039778284969,-6.928821064339634,6.369900984540556,1.0986126220013874,2.772588784739779,10.023148716983506,5.271288699297104,8.028455164440302,4.029806058862307,1.3862946111198593,2.772588784739779,-13.815510557964274,1.0986126220013874,False,False,False,True,False,False
10412.863802559415,1,0,0,0,0,0,0,0.03685793477619862,-7.688557553728022,6.3664704494496505,9.999994999180668e-07,2.397895363707457,10.139233136394589,6.3664704494496505,7.69074316399891,4.390058818771146,0.6931476805598203,3.4339872367432105,-13.815510557964274,9.999994999180668e-07,True,False,False,False,False,False
1266.400447427293,0,0,0,0,0,0,0,0.16157096694009443,-6.102111694488308,6.779921908608616,9.999994999180668e-07,2.1972246884473243,8.024016164881164,6.779921908608616,6.102558596850705,4.279747799399617,9.999994999180668e-07,-13.815510557964274,-13.815510557964274,9.999994999180668e-07,False,True,False,False,False,False
6112.369742419302,0,0,1,1,0,0,0,0.024794792101866924,-8.02539285776425,8.479698987196299,9.999994999180668e-07,2.890371813451719,10.372950842140785,8.479698987196299,8.028455164440302,4.331333533508364,1.3862946111198593,5.572154035980046,2.1972246884473243,9.999994999180668e-07,False,False,False,True,False,False
6112.369742419302,0,0,0,0,0,0,1,0.024109443094825884,-7.3337756581647415,8.538563217348202,0.6931476805598203,3.6375861860421748,7.868225738407096,7.845416036984028,8.028455164440302,4.303303492068164,9.999994999180668e-07,-13.815510557964274,-13.815510557964274,2.079441666679828,False,False,False,True,False,False
10412.863802559415,0,0,1,0,0,0,1,0.022851919561243144,-7.688557553728022,6.104793234647128,9.999994999180668e-07,4.454347307881415,9.324406699842474,6.104793234647128,7.69074316399891,3.912023025428146,0.6931476805598203,1.7917596358947079,-13.815510557964274,2.7080502677688743,True,False,False,False,False,False
41763.20315581854,0,1,1,1,0,0,0,0.02081757648559268,-4.955403377853663,10.632701439156582,3.2188758648682,2.944439031798018,10.2907297471386,7.413825614867126,8.174421152928266,4.302463540421386,1.3862946111198593,7.3264656144982165,4.836281914887986,1.0986126220013874,False,False,False,False,False,True
7640.563613231552,0,0,0,0,0,0,0,0.044039929536112736,-7.358533207287776,7.163172391621236,9.999994999180668e-07,3.465735934049726,8.024016164881164,7.163172391621236,7.360103973625284,4.2374454203072185,9.999994999180668e-07,-13.815510557964274,-13.815510557964274,1.6094381124340804,False,False,False,False,True,False
7640.563613231552,1,1,1,0,0,0,1,0.039302442423947745,-7.358533207287776,8.2390653320334,9.999994999180668e-07,3.688879479113936,9.799697664491218,8.2390653320334,7.360103973625284,4.123635375328733,1.3862946111198593,5.0562458117177345,2.1972246884473243,1.6094381124340804,False,False,False,False,True,False
4092.5737704918033,0,0,1,0,1,0,0,0.0,-4.621597826440341,6.02344759538234,1.7917596358947079,2.890371813451719,9.93554581187869,4.2316881382608225,6.413458958806701,-13.815510557964274,1.6094381124340804,-13.815510557964274,-13.815510557964274,1.0986126220013874,False,False,True,False,False,False
41763.20315581854,0,1,0,0,0,0,0,0.02132309824617517,-5.609198832442679,7.7306140665029135,2.5649494343846104,3.2958369030413657,10.20311672531672,5.165664714311469,8.174421152928266,4.326456796733356,1.0986126220013874,4.304065106717683,1.0986126220013874,1.6094381124340804,False,False,False,False,False,True
41763.20315581854,0,0,1,0,0,0,1,0.0,-4.2231091863939945,3.555348090060842,3.9512437378121965,3.5263605540279257,9.324406699842474,-0.39589417137883154,8.174421152928266,-13.815510557964274,0.6931476805598203,-13.815510557964274,-13.815510557964274,1.945910291912446,False,False,False,False,False,True
7640.563613231552,0,0,0,1,0,0,0,0.031806615776081425,-7.358533207287776,4.499809681441376,9.999994999180668e-07,2.890371813451719,9.778095277150934,4.499809681441376,7.360103973625284,3.912023025428146,0.6931476805598203,-13.815510557964274,-13.815510557964274,1.0986126220013874,False,False,False,False,True,False
41763.20315581854,1,1,1,0,0,0,0,0.018376272556874563,-4.916188123940292,7.74932246509139,3.2580965764830196,2.944439031798018,10.661691113220195,4.49122593784577,8.174421152928266,4.177726186494485,1.6094381124340804,4.2341065190900125,1.0986126220013874,1.0986126220013874,False,False,False,False,False,True
10412.863802559415,1,0,0,0,1,0,0,0.03809209674123949,-7.688557553728022,9.91205078324619,9.999994999180668e-07,3.13549425940741,10.317595082126653,9.91205078324619,7.69074316399891,4.422994722559965,1.0986126220013874,7.221835826018909,4.543294792908302,0.6931476805598203,True,False,False,False,False,False
41763.20315581854,0,0,1,0,1,0,0,0.021103961449330366,-5.689218796583907,10.545157211239685,2.48490673312133,3.912023025428146,9.894880698951035,8.060250561741212,8.174421152928266,4.316126656289488,1.3862946111198593,-13.815510557964274,-13.815510557964274,1.945910291912446,False,False,False,False,False,True
7640.563613231552,0,0,0,1,0,0,0,0.0,-7.358533207287776,3.8066625119925415,9.999994999180668e-07,2.48490673312133,9.797925220956992,3.8066625119925415,7.360103973625284,-13.815510557964274,9.999994999180668e-07,-13.815510557964274,-13.815510557964274,1.0986126220013874,False,False,False,False,True,False
6112.369742419302,1,0,0,1,0,0,0,0.0269421515967944,-6.64139434679697,8.421342865979522,1.3862946111198593,3.555348090060842,10.275509426441955,7.035048505519988,8.028455164440302,4.414391931277824,0.6931476805598203,5.247024077423644,1.0986126220013874,1.6094381124340804,False,False,False,True,False,False
6112.369742419302,0,0,0,0,0,0,1,0.023712837537421823,-8.02539285776425,7.237778192642351,9.999994999180668e-07,2.5649494343846104,7.868225738407096,7.237778192642351,8.028455164440302,4.286716468619557,9.999994999180668e-07,3.7841896566455335,1.0986126220013874,1.0986126220013874,False,False,False,True,False,False
6112.369742419302,0,0,1,0,0,0,1,0.0,-6.928821064339634,4.127134401174124,1.0986126220013874,2.7080502677688743,10.05010958464027,3.0285221447640778,8.028455164440302,-13.815510557964274,1.6094381124340804,-13.815510557964274,-13.815510557964274,1.0986126220013874,False,False,False,True,False,False
7640.563613231552,0,1,1,1,0,0,0,0.044529262086514,-7.358533207287776,6.917705610825404,9.999994999180668e-07,3.988984065082793,10.09126810636824,6.917705610825404,7.360103973625284,4.248495256335073,1.0986126220013874,3.401197414995488,0.6931476805598203,2.3025851929940404,False,False,False,False,True,False
10412.863802559415,0,0,0,0,0,1,0,0.036081978254594436,-7.688557553728022,7.403061091699476,9.999994999180668e-07,3.332204545889489,10.683799591576712,7.403061091699476,7.69074316399891,4.368781420590527,1.0986126220013874,3.6375861860421748,0.6931476805598203,1.3862946111198593,True,False,False,False,False,False
41763.20315581854,1,0,1,0,1,0,0,0.02470277906736115,-4.878452850835787,13.240967409286172,3.2958369030413657,3.2580965764830196,10.198022376603223,9.945130543328029,8.174421152928266,4.473581635224214,1.6094381124340804,9.793895875961825,8.771059915528447,1.3862946111198593,False,False,False,False,False,True
10412.863802559415,1,0,1,0,0,0,0,0.03664542055766919,-7.688557553728022,8.624431942265499,9.999994999180668e-07,2.7080502677688743,10.354679968636681,8.624431942265499,7.69074316399891,4.384276366879807,0.6931476805598203,5.402677386376784,2.48490673312133,1.0986126220013874,True,False,False,False,False,False
6112.369742419302,0,0,0,0,0,0,1,0.0170788889406431,-6.928821064339634,6.464588305247593,1.0986126220013874,2.079441666679828,7.868225738407096,5.365976019694749,8.028455164440302,3.958543040153948,9.999994999180668e-07,3.0445224853424695,-13.815510557964274,9.999994999180668e-07,False,False,False,True,False,False
7640.563613231552,0,0,0,1,0,0,0,0.03816793893129771,-7.358533207287776,6.282266748765165,9.999994999180668e-07,3.828641418228225,9.797925220956992,6.282266748765165,7.360103973625284,4.094344578888768,9.999994999180668e-07,-13.815510557964274,-13.815510557964274,2.079441666679828,False,False,False,False,True,False
6112.369742419302,0,0,0,1,0,0,1,0.0,-8.02539285776425,3.761200138949376,9.999994999180668e-07,2.9957323235539897,9.2231297982103,3.761200138949376,8.028455164440302,-13.815510557964274,0.6931476805598203,-13.815510557964274,-13.815510557964274,1.6094381124340804,False,False,False,True,False,False
6112.369742419302,0,1,0,0,0,1,0,0.026274054213187042,-8.02539285776425,7.76259604896542,9.999994999180668e-07,3.09104249881286,9.732401719816485,7.76259604896542,8.028455164440302,4.389281817964692,0.6931476805598203,4.634728997938374,0.6931476805598203,1.3862946111198593,False,False,False,True,False,False
10412.863802559415,1,1,0,1,0,0,0,0.035105847441909754,-7.688557553728022,9.158204617661006,9.999994999180668e-07,3.465735934049726,10.456607266585037,9.158204617661006,7.69074316399891,4.341355607961821,1.7917596358947079,-13.815510557964274,-13.815510557964274,1.6094381124340804,True,False,False,False,False,False
41763.20315581854,1,0,0,0,0,0,1,0.0,-6.564273692001277,3.7376696420928917,1.6094381124340804,2.397895363707457,8.817967018114343,2.1282318248968797,8.174421152928266,-13.815510557964274,0.6931476805598203,-13.815510557964274,-13.815510557964274,9.999994999180668e-07,False,False,False,False,False,True
10412.863802559415,0,0,0,0,0,1,0,0.04570383912248629,-7.688557553728022,5.905361850779366,9.999994999180668e-07,3.0445224853424695,8.948356176850556,5.905361850779366,7.69074316399891,4.605170195988091,0.6931476805598203,-13.815510557964274,-13.815510557964274,1.3862946111198593,True,False,False,False,False,False
41763.20315581854,0,0,1,0,0,0,0,0.022694824754689577,-5.689218796583907,10.608588007238234,2.48490673312133,2.079441666679828,10.36666675895579,8.123681357721967,8.174421152928266,4.388802800200004,1.3862946111198593,-13.815510557964274,-13.815510557964274,9.999994999180668e-07,False,False,False,False,False,True
7640.563613231552,1,1,1,0,0,0,1,0.05291209875839725,-5.9734166890735345,11.361486106199509,1.3862946111198593,2.944439031798018,10.142934436319868,9.975191745114524,7.360103973625284,4.420980728732168,1.6094381124340804,-13.815510557964274,-13.815510557964274,1.0986126220013874,False,False,False,False,True,False
6112.369742419302,0,0,0,0,0,0,1,0.012226931855233127,-8.02539285776425,5.94017125535201,9.999994999180668e-07,3.1780538720146114,7.868225738407096,5.94017125535201,8.028455164440302,3.6243409596430314,9.999994999180668e-07,2.079441666679828,-13.815510557964274,1.3862946111198593,False,False,False,True,False,False
10412.863802559415,1,1,0,0,0,0,0,0.0278197281615134,-7.688557553728022,6.792344428593144,9.999994999180668e-07,2.7080502677688743,9.756241833171853,6.792344428593144,7.69074316399891,4.1087333161027715,1.0986126220013874,3.13549425940741,9.999994999180668e-07,0.6931476805598203,True,False,False,False,False,False
6112.369742419302,0,0,1,0,0,0,1,0.024305658475857368,-6.928821064339634,7.860956365261894,1.0986126220013874,3.2580965764830196,9.122397493808293,6.762344077364794,8.028455164440302,4.311409080874562,1.0986126220013874,4.700480374883325,1.7917596358947079,1.3862946111198593,False,False,False,True,False,False
7640.563613231552,0,0,1,0,0,0,0,0.04240882103477523,-7.358533207287776,5.50938834067656,9.999994999180668e-07,2.5649494343846104,7.751200744040292,5.50938834067656,7.360103973625284,4.199705092879927,9.999994999180668e-07,-13.815510557964274,-13.815510557964274,0.6931476805598203,False,False,False,False,True,False
41763.20315581854,0,0,1,1,1,0,1,0.023300265058506818,-4.916188123940292,12.494426991958907,3.2580965764830196,1.945910291912446,10.462810376305816,9.236330454031112,8.174421152928266,4.415130622165864,1.7917596358947079,9.35444071603652,7.065613364451688,9.999994999180668e-07,False,False,False,False,False,True
7640.563613231552,1,1,1,1,0,0,0,0.04935306986657653,-7.358533207287776,10.114841883315835,9.999994999180668e-07,4.219507719881989,10.464257515721284,10.114841883315835,7.360103973625284,4.351348676850865,1.945910291912446,-13.815510557964274,-13.815510557964274,2.5649494343846104,False,False,False,False,True,False
7640.563613231552,0,0,1,1,0,0,0,0.02544529262086514,-6.666171101165439,5.579729829759807,0.6931476805598203,3.5263605540279257,9.95997428166519,4.886582652973447,7.360103973625284,3.688879479113936,1.0986126220013874,-13.815510557964274,-13.815510557964274,1.6094381124340804,False,False,False,False,True,False
6112.369742419302,0,0,1,0,0,0,0,0.024734942603690004,-8.02539285776425,9.863654652086437,9.999994999180668e-07,4.290459454847021,9.911230783913622,9.863654652086437,8.028455164440302,4.328916822541752,9.999994999180668e-07,6.8012830355839675,4.499809681441376,2.48490673312133,False,False,False,True,False,False
41763.20315581854,1,0,0,0,0,0,0,0.009392317084624775,-4.2231091863939945,5.393627550897816,3.9512437378121965,2.833213402879744,9.565831946646995,1.4423840641345427,8.174421152928266,3.506557927319981,0.6931476805598203,1.0986126220013874,-13.815510557964274,0.6931476805598203,False,False,False,False,False,True
41763.20315581854,0,1,1,1,0,0,0,0.02527638274244609,-4.955403377853663,8.751632702630502,3.2188758648682,2.890371813451719,10.47401280025783,5.532756881559169,8.174421152928266,4.496536356132837,1.3862946111198593,4.912654893088993,3.09104249881286,0.6931476805598203,False,False,False,False,False,True
10412.863802559415,1,1,0,0,0,0,0,0.038235755463291866,-7.688557553728022,11.872507180160058,9.999994999180668e-07,3.1780538720146114,9.920251159295926,11.872507180160058,7.69074316399891,4.426758981236594,0.6931476805598203,8.792549614329241,7.238496841612756,1.6094381124340804,True,False,False,False,False,False
10412.863802559415,0,0,0,1,0,0,0,0.030469226081657523,-7.688557553728022,6.9810057416510976,9.999994999180668e-07,3.401197414995488,10.183373918040733,6.9810057416510976,7.69074316399891,4.199705092879927,1.0986126220013874,3.6635616717706716,-13.815510557964274,1.6094381124340804,True,False,False,False,False,False
6112.369742419302,1,1,1,0,0,0,0,0.016302575806977502,-8.02539285776425,5.852202482648037,9.999994999180668e-07,3.9512437378121965,10.055523290413722,5.852202482648037,8.028455164440302,3.912023025428146,1.0986126220013874,1.3862946111198593,-13.815510557964274,2.3025851929940404,False,False,False,True,False,False
6112.369742419302,1,1,0,0,0,0,0,0.008151287903488751,-8.02539285776425,5.209486158305902,9.999994999180668e-07,1.6094381124340804,9.920251159295926,5.209486158305902,8.028455164440302,3.2188758648682,0.6931476805598203,1.3862946111198593,-13.815510557964274,9.999994999180668e-07,False,False,False,True,False,False
7640.563613231552,1,0,1,0,0,0,0,0.04645439935717156,-7.358533207287776,8.147867130213298,9.999994999180668e-07,3.367295864469232,10.37481547912676,8.147867130213298,7.360103973625284,4.2908198801478425,1.3862946111198593,5.023880527425224,1.945910291912446,1.3862946111198593,False,False,False,False,True,False
41763.20315581854,0,0,1,0,0,0,0,0.022582496041240685,-5.689218796583907,9.342333081522314,2.48490673312133,2.079441666679828,10.50633545427006,6.857426432698296,8.174421152928266,4.3838409808814625,1.0986126220013874,6.02344759538234,3.4339872367432105,9.999994999180668e-07,False,False,False,False,False,True
6112.369742419302,1,1,0,0,0,0,0,0.02294436595056093,-8.02539285776425,6.793466133701085,9.999994999180668e-07,3.610917939671251,10.697654887772721,6.793466133701085,8.028455164440302,4.253772313360729,0.6931476805598203,3.2958369030413657,1.0986126220013874,1.7917596358947079,False,False,False,True,False,False
41763.20315581854,0,0,1,0,0,0,0,0.0,-5.658520592276317,4.394449167018117,2.515613875923528,2.1972246884473243,9.911230783913622,1.878835512330112,8.174421152928266,-13.815510557964274,9.999994999180668e-07,-13.815510557964274,-13.815510557964274,9.999994999180668e-07,False,False,False,False,False,True
41763.20315581854,0,0,1,0,0,0,0,0.014088475626937165,-4.063489109837726,5.905361850779366,4.1108738805667535,2.1972246884473243,10.093202307287365,1.7944881500937793,8.174421152928266,3.912023025428146,0.6931476805598203,1.3862946111198593,9.999994999180668e-07,9.999994999180668e-07,False,False,False,False,False,True
1266.400447427293,0,0,0,0,0,0,1,0.11185682326621924,-6.102111694488308,4.663439103546029,9.999994999180668e-07,2.48490673312133,8.653286306877517,4.663439103546029,6.102558596850705,3.912023025428146,0.6931476805598203,-13.815510557964274,-13.815510557964274,0.6931476805598203,False,True,False,False,False,False
10412.863802559415,0,1,0,0,1,0,0,0.03656307129798903,-7.688557553728022,6.364750758573082,9.999994999180668e-07,2.397895363707457,9.533921779951479,6.364750758573082,7.69074316399891,4.382026647173881,0.6931476805598203,2.7080502677688743,-13.815510557964274,1.0986126220013874,True,False,False,False,False,False
41763.20315581854,0,1,1,0,0,0,0,0.0,-4.773105477981234,8.041091004030589,3.401197414995488,2.9957323235539897,10.118270002685447,4.639893631705202,8.174421152928266,-13.815510557964274,0.6931476805598203,-13.815510557964274,-13.815510557964274,1.0986126220013874,False,False,False,False,False,True
6112.369742419302,1,0,0,0,1,0,0,0.0,-8.02539285776425,4.812184363502499,9.999994999180668e-07,3.761200138949376,10.176128228194345,4.812184363502499,8.028455164440302,-13.815510557964274,1.3862946111198593,9.999994999180668e-07,-13.815510557964274,1.945910291912446,False,False,False,True,False,False
41763.20315581854,1,0,0,0,1,0,0,0.024455467126004136,-4.413138505475029,7.570958583684209,3.761200138949376,3.0445224853424695,9.866491575111452,3.8097584896289765,8.174421152928266,4.463519680446804,1.6094381124340804,3.970291932420046,1.7917596358947079,1.0986126220013874,False,False,False,False,False,True
41763.20315581854,1,1,1,0,0,0,0,0.02171122572460365,-4.878452850835787,11.39911826520464,3.2958369030413657,2.1972246884473243,10.407680575365955,8.103281399491651,8.174421152928266,4.344495327925678,1.6094381124340804,8.328451067060906,5.74300319101461,9.999994999180668e-07,False,False,False,False,False,True
6112.369742419302,0,0,0,1,0,0,1,0.0,-8.02539285776425,3.6375861860421748,9.999994999180668e-07,2.5649494343846104,9.2231297982103,3.6375861860421748,8.028455164440302,-13.815510557964274,0.6931476805598203,-13.815510557964274,-13.815510557964274,1.0986126220013874,False,False,False,True,False,False
10412.863802559415,0,0,0,0,1,1,0,0.036911371930706864,-7.688557553728022,10.365553511699071,9.999994999180668e-07,3.850147622986654,10.300317589094568,10.365553511699071,7.69074316399891,4.391507582913802,1.3862946111198593,-13.815510557964274,-13.815510557964274,2.1972246884473243,True,False,False,False,False,False
1266.400447427293,0,0,0,0,0,1,0,0.0,-6.102111694488308,3.9512437378121965,9.999994999180668e-07,2.7080502677688743,8.948356176850556,3.9512437378121965,6.102558596850705,-13.815510557964274,0.6931476805598203,-13.815510557964274,-13.815510557964274,0.6931476805598203,False,True,False,False,False,False
41763.20315581854,0,1,1,0,0,0,1,0.024151672503320853,-3.3952678364502678,6.416732284146313,4.77912350151489,2.3025851929940404,10.592078915496746,1.6376089838452224,8.174421152928266,4.4510195178275,1.7917596358947079,1.945910291912446,-13.815510557964274,0.6931476805598203,False,False,False,False,False,True
7640.563613231552,0,0,0,1,0,0,0,0.04240882103477523,-6.666171101165439,8.325548307403647,0.6931476805598203,3.2580965764830196,10.516363796794744,7.6324011270859495,7.360103973625284,4.199705092879927,1.0986126220013874,-13.815510557964274,-13.815510557964274,1.3862946111198593,False,False,False,False,True,False
6112.369742419302,0,0,0,1,1,0,0,0.027195328251998344,-6.236184658820706,8.889308319980703,1.7917596358947079,3.2580965764830196,9.941968078424525,7.097548851441923,8.028455164440302,4.423745100230421,1.0986126220013874,5.407171775944423,3.0445224853424695,1.6094381124340804,False,False,False,True,False,False
41763.20315581854,1,0,1,1,1,0,1,0.02274021112325665,-5.689218796583907,10.203258756122278,2.48490673312133,2.6390574010438272,10.481472864643752,7.718352106741821,8.174421152928266,4.390800658558582,1.945910291912446,6.982862752396587,4.007333203414289,0.6931476805598203,False,False,False,False,False,True
7640.563613231552,1,0,0,0,1,0,0,0.048593440769013285,-7.358533207287776,7.423568444856182,9.999994999180668e-07,2.833213402879744,10.129414110296945,7.423568444856182,7.360103973625284,4.335837265295416,1.6094381124340804,4.2766661329049445,1.6094381124340804,1.0986126220013874,False,False,False,False,True,False
6112.369742419302,0,0,0,0,0,0,1,0.026084121291164004,-7.3337756581647415,7.863651265833119,0.6931476805598203,3.5835189662338873,7.868225738407096,7.170504085657641,8.028455164440302,4.382026647173881,9.999994999180668e-07,-13.815510557964274,-13.815510557964274,1.7917596358947079,False,False,False,True,False,False
41763.20315581854,1,0,1,0,0,0,0,0.01878463416924955,-4.262327169737311,6.685860948316798,3.912023025428146,3.13549425940741,10.236886642486587,2.773838004062184,8.174421152928266,4.199705092879927,1.0986126220013874,2.7080502677688743,9.999994999180668e-07,1.3862946111198593,False,False,False,False,False,True
10412.863802559415,0,1,0,0,0,0,0,0.034277879341864714,-7.688557553728022,5.9242558000883285,9.999994999180668e-07,3.1780538720146114,10.379406789131886,5.9242558000883285,7.69074316399891,4.317488126869644,1.0986126220013874,2.079441666679828,-13.815510557964274,1.3862946111198593,True,False,False,False,False,False
6112.369742419302,0,0,0,0,0,0,1,0.0,-8.02539285776425,3.555348090060842,9.999994999180668e-07,3.610917939671251,7.827281864030128,3.555348090060842,8.028455164440302,-13.815510557964274,0.6931476805598203,-13.815510557964274,-13.815510557964274,1.7917596358947079,False,False,False,True,False,False
6112.369742419302,1,1,1,1,0,0,0,0.02289297879277692,-6.64139434679697,8.119696253254869,1.3862946111198593,3.555348090060842,10.232151674632252,6.733401893027835,8.028455164440302,4.251530159986937,1.6094381124340804,4.948759897470366,1.7917596358947079,1.7917596358947079,False,False,False,True,False,False
6112.369742419302,0,0,0,0,0,0,1,0.024140352637255152,-8.02539285776425,8.36310917626684,9.999994999180668e-07,2.397895363707457,9.38703911585782,8.36310917626684,8.028455164440302,4.304584722206896,0.6931476805598203,-13.815510557964274,-13.815510557964274,9.999994999180668e-07,False,False,False,True,False,False
6112.369742419302,0,0,0,0,0,0,1,0.024259785427049856,-7.3337756581647415,8.886547412650279,0.6931476805598203,1.945910291912446,9.78294658673684,8.19340023222857,8.028455164440302,4.309519957327134,1.0986126220013874,-13.815510557964274,-13.815510557964274,9.999994999180668e-07,False,False,False,True,False,False
4092.5737704918033,0,0,1,0,0,0,0,0.12295081967213115,-6.412849143141731,5.8636311784390065,9.999994999180668e-07,2.944439031798018,9.911230783913622,5.8636311784390065,6.413458958806701,4.317488126869644,9.999994999180668e-07,-13.815510557964274,-13.815510557964274,1.0986126220013874,False,False,True,False,False,False
10412.863802559415,0,0,1,0,0,0,0,0.0,-7.688557553728022,4.060443027787798,9.999994999180668e-07,3.7376696420928917,9.76305387331802,4.060443027787798,7.69074316399891,-13.815510557964274,0.6931476805598203,-13.815510557964274,-13.815510557964274,1.945910291912446,True,False,False,False,False,False
41763.20315581854,0,0,1,0,0,0,1,0.023480792711561945,-4.096823558007496,5.774551548649998,4.077537460854872,3.09104249881286,9.324406699842474,1.6970142848684857,8.174421152928266,4.422848641194137,0.6931476805598203,1.7917596358947079,1.0986126220013874,0.6931476805598203,False,False,False,False,False,True
41763.20315581854,0,0,0,0,0,0,1,0.0,-5.609198832442679,4.553876902126857,2.5649494343846104,2.772588784739779,5.85555732140996,1.9889276709811,8.174421152928266,-13.815510557964274,9.999994999180668e-07,-13.815510557964274,-13.815510557964274,9.999994999180668e-07,False,False,False,False,False,True
41763.20315581854,1,0,1,0,1,0,0,0.0,-4.955403377853663,5.12396398535564,3.2188758648682,2.9957323235539897,10.198022376603223,1.905088303344571,8.174421152928266,-13.815510557964274,1.6094381124340804,9.999994999180668e-07,-13.815510557964274,1.0986126220013874,False,False,False,False,False,True
41763.20315581854,0,1,1,1,0,0,1,0.023539446971679506,-5.689218796583907,12.895864202279265,2.48490673312133,2.7080502677688743,10.692825383629236,10.410957552518857,8.174421152928266,4.425343494058909,1.7917596358947079,-13.815510557964274,-13.815510557964274,1.0986126220013874,False,False,False,False,False,True
7640.563613231552,1,0,1,0,1,0,0,0.04603589125485469,-5.162704744238712,7.4477512806306585,2.1972246884473243,3.555348090060842,9.844292288483572,5.2505267079564435,7.360103973625284,4.281770044752413,1.3862946111198593,4.330733353444225,0.6931476805598203,1.7917596358947079,False,False,False,False,True,False
7640.563613231552,1,0,0,0,0,0,0,0.040481147351376354,-7.358533207287776,7.700295203872811,9.999994999180668e-07,3.6635616717706716,10.42321605584098,7.700295203872811,7.360103973625284,4.15318507795932,9.999994999180668e-07,-13.815510557964274,-13.815510557964274,1.945910291912446,False,False,False,False,True,False
10412.863802559415,1,1,0,1,0,0,0,0.034277879341864714,-7.688557553728022,9.662561831489741,9.999994999180668e-07,3.401197414995488,10.469191257042308,9.662561831489741,7.69074316399891,4.317488126869644,1.7917596358947079,6.761572769961463,3.988984065082793,1.6094381124340804,True,False,False,False,False,False
10412.863802559415,0,0,1,0,0,0,1,0.0,-7.688557553728022,4.290459454847021,9.999994999180668e-07,3.465735934049726,9.490650164719158,4.290459454847021,7.69074316399891,-13.815510557964274,1.0986126220013874,-13.815510557964274,-13.815510557964274,1.6094381124340804,True,False,False,False,False,False
6112.369742419302,0,1,0,0,1,0,0,0.024453863710466255,-8.02539285776425,6.011267176855142,9.999994999180668e-07,1.7917596358947079,9.533921779951479,6.011267176855142,8.028455164440302,4.317488126869644,0.6931476805598203,2.079441666679828,-13.815510557964274,9.999994999180668e-07,False,False,False,True,False,False
10412.863802559415,0,0,1,0,0,0,0,0.0,-7.688557553728022,4.700480374883325,9.999994999180668e-07,3.8918203185187896,10.314144394236006,4.700480374883325,7.69074316399891,-13.815510557964274,1.0986126220013874,-13.815510557964274,-13.815510557964274,1.7917596358947079,True,False,False,False,False,False
41763.20315581854,1,1,1,0,1,0,1,0.020923478653867077,-6.094536084339138,8.622453702253749,2.079441666679828,3.13549425940741,10.405219741802753,6.543012161834039,8.174421152928266,4.307537796149809,2.079441666679828,5.3082677023517,1.0986126220013874,1.0986126220013874,False,False,False,False,False,True
41763.20315581854,0,0,1,1,0,0,0,0.023200621288727453,-5.689218796583907,12.104515997104043,2.48490673312133,2.079441666679828,10.669316603499382,9.61960934737692,8.174421152928266,4.4108449438094945,1.6094381124340804,-13.815510557964274,-13.815510557964274,9.999994999180668e-07,False,False,False,False,False,True
41763.20315581854,0,0,1,1,0,0,0,0.022541561003099463,-6.564273692001277,6.806829361498371,1.6094381124340804,3.2958369030413657,10.423311714649905,5.1973914534890495,8.174421152928266,4.382026647173881,1.3862946111198593,2.9957323235539897,-13.815510557964274,1.6094381124340804,False,False,False,False,False,True
6112.369742419302,1,1,1,0,0,0,0,0.026554711108272632,-8.02539285776425,7.9669334987515805,9.999994999180668e-07,2.772588784739779,10.363765730033263,7.9669334987515805,8.028455164440302,4.399907072230211,2.1972246884473243,4.574710988812661,1.0986126220013874,1.0986126220013874,False,False,False,True,False,False
6112.369742419302,0,0,0,0,0,0,1,0.021736767742636668,-8.02539285776425,5.66642669157264,9.999994999180668e-07,1.6094381124340804,7.868225738407096,5.66642669157264,8.028455164440302,4.199705092879927,9.999994999180668e-07,1.7917596358947079,-13.815510557964274,0.6931476805598203,False,False,False,True,False,False
41763.20315581854,1,0,1,1,0,0,0,0.014088475626937165,-4.2231091863939945,6.202535519212214,3.9512437378121965,3.2958369030413657,10.253647832384754,2.2512919038696473,8.174421152928266,3.912023025428146,2.1972246884473243,1.3862946111198593,-13.815510557964274,1.6094381124340804,False,False,False,False,False,True
1266.400447427293,0,0,0,0,0,1,0,0.1733166162696364,-6.102111694488308,8.09529377714962,9.999994999180668e-07,2.397895363707457,8.948356176850556,8.09529377714962,6.102558596850705,4.349923402197265,0.6931476805598203,5.2040066925713,-13.815510557964274,0.6931476805598203,False,True,False,False,False,False
7640.563613231552,1,0,1,1,1,0,1,0.042711741185023626,-7.358533207287776,7.132497552458766,9.999994999180668e-07,3.0445224853424695,10.419241373653609,7.132497552458766,7.360103973625284,4.206822560542408,1.7917596358947079,4.248495256335073,0.6931476805598203,1.0986126220013874,False,False,False,False,True,False
10412.863802559415,1,1,0,1,0,0,0,0.038367170210718754,-7.688557553728022,9.50390510766068,9.999994999180668e-07,3.555348090060842,10.491972460598173,9.50390510766068,7.69074316399891,4.4301900479647305,1.3862946111198593,-13.815510557964274,-13.815510557964274,1.6094381124340804,True,False,False,False,False,False
6112.369742419302,0,0,1,1,1,0,1,0.022572797271199617,-8.02539285776425,7.87131120370494,9.999994999180668e-07,2.5649494343846104,10.374404790240693,7.87131120370494,8.028455164440302,4.2374454203072185,1.3862946111198593,4.762173943344765,1.0986126220013874,1.0986126220013874,False,False,False,True,False,False
10412.863802559415,0,0,1,1,0,0,0,0.030469226081657523,-7.688557553728022,9.479909389077408,9.999994999180668e-07,3.5835189662338873,10.321141501654163,9.479909389077408,7.69074316399891,4.199705092879927,1.6094381124340804,-13.815510557964274,-13.815510557964274,1.7917596358947079,True,False,False,False,False,False
6112.369742419302,1,0,0,0,1,0,0,0.02562692728329305,-7.3337756581647415,9.981189060246242,0.6931476805598203,3.2188758648682,10.167889068874471,9.288041879732559,8.028455164440302,4.36434354354082,1.3862946111198593,-13.815510557964274,-13.815510557964274,1.3862946111198593,False,False,False,True,False,False
41763.20315581854,0,0,1,1,0,0,1,0.022664268558121214,-5.609198832442679,11.100979400777472,2.5649494343846104,3.555348090060842,10.580887491870522,8.536030043497107,8.174421152928266,4.387455498101163,1.6094381124340804,8.031710375647034,5.323009984016457,2.079441666679828,False,False,False,False,False,True
41763.20315581854,0,0,0,0,0,0,1,0.017795969212973262,-5.689218796583907,6.188264125135978,2.48490673312133,2.9957323235539897,5.85555732140996,3.7033574979352464,8.174421152928266,4.145637872442984,9.999994999180668e-07,2.944439031798018,-13.815510557964274,1.0986126220013874,False,False,False,False,False,True
41763.20315581854,0,0,1,0,0,0,1,0.0,-3.5299961290873685,3.5835189662338873,4.644390908756757,3.555348090060842,9.324406699842474,-1.0608690718005467,8.174421152928266,-13.815510557964274,0.6931476805598203,-13.815510557964274,-13.815510557964274,1.945910291912446,False,False,False,False,False,True
10412.863802559415,0,1,1,0,0,0,1,0.022851919561243144,-7.688557553728022,4.762173943344765,9.999994999180668e-07,3.828641418228225,9.757396691627354,4.762173943344765,7.69074316399891,3.912023025428146,1.0986126220013874,0.6931476805598203,-13.815510557964274,1.945910291912446,True,False,False,False,False,False
41763.20315581854,1,1,0,1,0,1,0,0.02339941744082461,-5.689218796583907,13.334334347222896,2.48490673312133,2.397895363707457,10.76372819353904,10.849427697452693,8.174421152928266,4.419377012068588,1.945910291912446,-13.815510557964274,-13.815510557964274,0.6931476805598203,False,False,False,False,False,True
41763.20315581854,1,0,0,1,1,1,0,0.023064147348244884,-4.916188123940292,11.108724557438666,3.2580965764830196,2.1972246884473243,10.510888121589566,7.850628019791711,8.174421152928266,4.404945234865094,2.079441666679828,7.71556953496604,5.323009984016457,9.999994999180668e-07,False,False,False,False,False,True
6112.369742419302,0,0,0,0,0,0,0,0.025723932476962027,-8.02539285776425,10.63026291410023,9.999994999180668e-07,3.465735934049726,9.794166539205293,10.63026291410023,8.028455164440302,4.368121681172021,0.6931476805598203,-13.815510557964274,-13.815510557964274,1.7917596358947079,False,False,False,True,False,False
7640.563613231552,1,1,1,0,0,0,1,0.046384648006785406,-7.358533207287776,9.541728276759825,9.999994999180668e-07,3.7841896566455335,10.142934436319868,9.541728276759825,7.360103973625284,4.2893172502839,1.6094381124340804,6.57925121339899,3.7376696420928917,1.7917596358947079,False,False,False,False,True,False
41763.20315581854,1,0,1,0,0,0,0,0.0,-4.916188123940292,4.543294792908302,3.2580965764830196,2.6390574010438272,10.073809349534933,1.2851985208442283,8.174421152928266,-13.815510557964274,0.6931476805598203,-13.815510557964274,-13.815510557964274,1.0986126220013874,False,False,False,False,False,True
41763.20315581854,1,1,1,0,0,1,0,0.022382024559697015,-5.689218796583907,11.507510832278784,2.48490673312133,2.48490673312133,10.625190580407102,9.02260418260138,8.174421152928266,4.374924047945493,1.7917596358947079,-13.815510557964274,-13.815510557964274,0.6931476805598203,False,False,False,False,False,True
41763.20315581854,0,1,1,1,0,0,0,0.024474894790298823,-4.996219458230981,13.031889284858545,3.1780538720146114,2.9957323235539897,10.476027581662718,9.853835454560956,8.174421152928266,4.464313774924382,1.6094381124340804,9.719444514903936,8.98243550368586,1.0986126220013874,False,False,False,False,False,True
41763.20315581854,1,0,0,0,1,0,0,0.021841000606293813,-5.689218796583907,9.53437848146094,2.48490673312133,3.09104249881286,10.075350002775728,7.049471832468485,8.174421152928266,4.350454851699011,1.6094381124340804,6.304448804250135,2.7080502677688743,1.0986126220013874,False,False,False,False,False,True
41763.20315581854,1,1,0,0,0,0,0,0.0,-5.658520592276317,9.393661429186471,2.515613875923528,2.48490673312133,10.358689090639915,6.878047635023137,8.174421152928266,-13.815510557964274,0.6931476805598203,-13.815510557964274,-13.815510557964274,0.6931476805598203,False,False,False,False,False,True
41763.20315581854,1,0,0,0,0,0,0,0.019371653987038603,-4.916188123940292,6.4019171983855605,3.2580965764830196,2.833213402879744,10.133370937620548,3.143820701823447,8.174421152928266,4.2304767510921355,1.0986126220013874,2.772588784739779,9.999994999180668e-07,0.6931476805598203,False,False,False,False,False,True
4092.5737704918033,0,0,0,1,0,0,0,0.11922503725782416,-6.412849143141731,6.077642245642612,9.999994999180668e-07,2.833213402879744,9.585520966175313,6.077642245642612,6.413458958806701,4.286716468619557,0.6931476805598203,-13.815510557964274,-13.815510557964274,1.0986126220013874,False,False,True,False,False,False
6112.369742419302,0,0,0,0,0,0,1,0.0,-8.02539285776425,4.2766661329049445,9.999994999180668e-07,3.6635616717706716,8.919517069198648,4.2766661329049445,8.028455164440302,-13.815510557964274,0.6931476805598203,-13.815510557964274,-13.815510557964274,1.7917596358947079,False,False,False,True,False,False
7640.563613231552,0,0,1,0,0,0,0,0.04187871077184054,-7.358533207287776,8.518192691949121,9.999994999180668e-07,2.9957323235539897,9.930382188212418,8.518192691949121,7.360103973625284,4.18712631086294,0.6931476805598203,-13.815510557964274,-13.815510557964274,0.6931476805598203,False,False,False,False,True,False
6112.369742419302,0,0,0,0,0,0,0,0.02852950766221063,-6.236184658820706,6.133398045165846,1.7917596358947079,2.5649494343846104,9.293493489888165,4.341638586783778,8.028455164440302,4.47163880479214,0.6931476805598203,2.079441666679828,-13.815510557964274,1.0986126220013874,False,False,False,True,False,False
41763.20315581854,1,0,0,1,0,0,0,0.019958673804827652,-5.689218796583907,8.448914350877075,2.48490673312133,2.6390574010438272,10.419419627403633,5.964007703444536,8.174421152928266,4.260329713814009,1.6094381124340804,5.12396398535564,1.0986126220013874,0.6931476805598203,False,False,False,False,False,True
7640.563613231552,0,1,0,0,0,1,0,0.04904504860380075,-6.666171101165439,11.393003894288235,0.6931476805598203,2.890371813451719,10.996466169221044,10.699856713739564,7.360103973625284,4.345087941997366,1.6094381124340804,8.197814032496456,6.1590953906060975,1.0986126220013874,False,False,False,False,True,False
41763.20315581854,1,1,0,0,0,0,1,0.0,-5.658520592276317,8.68084148311438,2.515613875923528,3.4339872367432105,10.600986513833133,6.165227689935573,8.174421152928266,-13.815510557964274,1.3862946111198593,-13.815510557964274,-13.815510557964274,1.3862946111198593,False,False,False,False,False,True
41763.20315581854,0,1,0,1,1,0,1,0.019958673804827652,-5.609198832442679,7.605392365312695,2.5649494343846104,2.9957323235539897,10.493598176890332,5.040443013824278,8.174421152928266,4.260329713814009,1.7917596358947079,3.1780538720146114,9.999994999180668e-07,1.0986126220013874,False,False,False,False,False,True
41763.20315581854,1,0,0,1,0,0,0,0.021468153336285205,-4.916188123940292,7.375882148841186,3.2580965764830196,3.6635616717706716,10.117690804618833,4.117785626474056,8.174421152928266,4.33323648362945,0.6931476805598203,-13.815510557964274,-13.815510557964274,1.945910291912446,False,False,False,False,False,True
6112.369742419302,1,0,0,1,1,0,0,0.026084121291164004,-8.02539285776425,6.278521426042017,9.999994999180668e-07,2.9957323235539897,10.433694756438053,6.278521426042017,8.028455164440302,4.382026647173881,1.0986126220013874,2.7080502677688743,-13.815510557964274,1.0986126220013874,False,False,False,True,False,False
6112.369742419302,0,0,0,0,0,0,1,0.020875249508934608,-6.928821064339634,8.557759153354949,1.0986126220013874,2.833213402879744,7.868225738407096,7.459146865070937,8.028455164440302,4.1592641239404635,9.999994999180668e-07,5.099866433921759,2.1972246884473243,0.6931476805598203,False,False,False,True,False,False
10412.863802559415,1,1,0,0,0,0,0,0.03708047325031907,-7.688557553728022,10.726960994793593,9.999994999180668e-07,3.6375861860421748,10.60563551157528,10.726960994793593,7.69074316399891,4.396078400455114,1.3862946111198593,-13.815510557964274,-13.815510557964274,2.079441666679828,True,False,False,False,False,False
10412.863802559415,1,0,0,0,0,0,0,0.038449261483996404,-7.688557553728022,9.649111298855303,9.999994999180668e-07,3.367295864469232,10.42321605584098,9.649111298855303,7.69074316399891,4.432327385035473,9.999994999180668e-07,-13.815510557964274,-13.815510557964274,1.3862946111198593,True,False,False,False,False,False
7640.563613231552,0,0,0,0,0,0,1,0.04391001823954603,-6.666171101165439,9.26036786567095,0.6931476805598203,3.761200138949376,10.063192644132604,8.567220685206125,7.360103973625284,4.234491208452522,9.999994999180668e-07,6.113682182044621,3.1780538720146114,1.7917596358947079,False,False,False,False,True,False
41763.20315581854,1,0,0,0,0,0,0,0.0,-3.1245423956557365,5.214935763043768,5.049856013659793,3.0445224853424695,10.061574369072915,0.1650805981851761,8.174421152928266,-13.815510557964274,0.6931476805598203,1.0986126220013874,-13.815510557964274,1.0986126220013874,False,False,False,False,False,True
1266.400447427293,0,0,0,1,0,0,0,0.11185682326621924,-6.102111694488308,5.23110862220218,9.999994999180668e-07,3.555348090060842,10.123266050728121,5.23110862220218,6.102558596850705,3.912023025428146,0.6931476805598203,-13.815510557964274,-13.815510557964274,1.945910291912446,False,True,False,False,False,False
6112.369742419302,0,0,0,0,0,0,1,0.02535956236640945,-8.02539285776425,6.359573870402481,9.999994999180668e-07,2.890371813451719,7.868225738407096,6.359573870402481,8.028455164440302,4.353855770564328,9.999994999180668e-07,2.890371813451719,-13.815510557964274,0.6931476805598203,False,False,False,True,False,False
41763.20315581854,1,0,0,0,1,1,0,0.024114902090231437,-5.083217394116741,13.140417417991879,3.09104249881286,2.397895363707457,10.517484898061715,10.049374964674811,8.174421152928266,4.449495878742555,1.3862946111198593,-13.815510557964274,-13.815510557964274,9.999994999180668e-07,False,False,False,False,False,True
6112.369742419302,0,1,1,1,0,0,1,0.02469628119458488,-8.02539285776425,9.943861446722423,9.999994999180668e-07,3.13549425940741,10.5179339598217,9.943861446722423,8.028455164440302,4.327352571709678,1.7917596358947079,6.9810057416510976,3.871201031741224,1.3862946111198593,False,False,False,True,False,False
6112.369742419302,0,0,0,0,1,0,0,0.024674168788938924,-6.928821064339634,7.883446354514671,1.0986126220013874,3.555348090060842,9.805842377556562,6.784834066600426,8.028455164440302,4.326456796733356,1.3862946111198593,4.7095302103213434,1.6094381124340804,1.7917596358947079,False,False,False,True,False,False
6112.369742419302,0,0,1,0,0,0,0,0.019563090968373,-8.02539285776425,8.074960359427093,9.999994999180668e-07,3.850147622986654,10.155841748189106,8.074960359427093,8.028455164440302,4.094344578888768,1.0986126220013874,-13.815510557964274,-13.815510557964274,2.079441666679828,False,False,False,True,False,False
41763.20315581854,1,0,0,1,1,0,0,0.022275022275022278,-5.609198832442679,8.8227642968511,2.5649494343846104,3.970291932420046,10.247378408632077,6.2578149411576485,8.174421152928266,4.3701318596713055,1.6094381124340804,-13.815510557964274,-13.815510557964274,2.1972246884473243,False,False,False,False,False,True
41763.20315581854,0,0,1,1,0,0,0,0.02817695125387433,-5.609198832442679,5.17048400071997,2.5649494343846104,1.945910291912446,10.36443785422314,2.6055347114402485,8.174421152928266,4.605170195988091,1.0986126220013874,-13.815510557964274,-13.815510557964274,9.999994999180668e-07,False,False,False,False,False,True
7640.563613231552,1,0,1,1,0,0,1,0.04896639268462197,-6.666171101165439,8.865311632813052,0.6931476805598203,3.871201031741224,10.418120590640996,8.172164452394309,7.360103973625284,4.343482906217675,1.3862946111198593,6.093569772302472,3.13549425940741,1.945910291912446,False,False,False,False,True,False
6112.369742419302,0,0,0,0,0,0,1,0.014491178495091113,-7.3337756581647415,5.953243336885187,0.6931476805598203,2.397895363707457,7.868225738407096,5.260096158922644,8.028455164440302,3.7942399922717622,9.999994999180668e-07,2.1972246884473243,-13.815510557964274,0.6931476805598203,False,False,False,True,False,False
7640.563613231552,0,0,0,1,0,0,0,0.047925196867344345,-7.358533207287776,10.840991680829061,9.999994999180668e-07,1.945910291912446,10.293512203509344,10.840991680829061,7.360103973625284,4.321990104025206,1.0986126220013874,7.768110378949,5.356586279388994,9.999994999180668e-07,False,False,False,False,True,False
41763.20315581854,1,0,0,1,1,0,0,0.023461466956243782,-3.4830407113143784,10.603386885943438,4.691347891403455,2.5649494343846104,10.332419984265387,5.9120390063961255,8.174421152928266,4.422025257048816,1.6094381124340804,6.5916737333804,4.770684632940241,1.0986126220013874,False,False,False,False,False,True
10412.863802559415,0,0,1,0,0,0,0,0.04570383912248629,-7.688557553728022,4.174387285280252,9.999994999180668e-07,3.13549425940741,10.203093473383776,4.174387285280252,7.69074316399891,4.605170195988091,1.0986126220013874,-13.815510557964274,-13.815510557964274,1.7917596358947079,True,False,False,False,False,False
41763.20315581854,0,0,0,0,0,0,0,0.0169061707523246,-4.916188123940292,6.095824564684477,3.2580965764830196,4.094344578888768,7.921224239854798,2.8377280829692997,8.174421152928266,4.094344578888768,9.999994999180668e-07,1.6094381124340804,-13.815510557964274,2.1972246884473243,False,False,False,False,False,True
41763.20315581854,1,0,0,0,0,0,0,0.023671328977001825,-4.5107685106570985,10.349262524079808,3.6635616717706716,2.890371813451719,10.34700907607502,6.6857008791667845,8.174421152928266,4.43093045356746,1.3862946111198593,-13.815510557964274,-13.815510557964274,1.0986126220013874,False,False,False,False,False,True
6112.369742419302,0,0,0,0,0,0,1,0.021318752978355195,-7.3337756581647415,7.574045005885811,0.6931476805598203,2.1972246884473243,7.868225738407096,6.880897825839476,8.028455164440302,4.180287007316943,9.999994999180668e-07,-13.815510557964274,-13.815510557964274,0.6931476805598203,False,False,False,True,False,False
41763.20315581854,0,1,1,0,1,0,1,0.022864554712796966,-5.689218796583907,11.440354772146145,2.48490673312133,2.3025851929940404,10.52185172262007,8.955448122476424,8.174421152928266,4.396253768287433,1.6094381124340804,-13.815510557964274,-13.815510557964274,0.6931476805598203,False,False,False,False,False,True
6112.369742419302,0,0,0,0,1,1,0,0.023548165054523056,-8.02539285776425,6.467698727657148,9.999994999180668e-07,2.944439031798018,9.788924460028294,6.467698727657148,8.028455164440302,4.279747799399617,0.6931476805598203,-13.815510557964274,-13.815510557964274,1.3862946111198593,False,False,False,True,False,False
41763.20315581854,1,0,1,0,0,0,1,0.0,-5.609198832442679,4.007333203414289,2.5649494343846104,3.13549425940741,9.78252928340464,1.4423840641345427,8.174421152928266,-13.815510557964274,1.3862946111198593,-13.815510557964274,-13.815510557964274,0.6931476805598203,False,False,False,False,False,True
7640.563613231552,0,1,0,0,1,0,0,0.05089058524173028,-6.666171101165439,6.347389211407323,0.6931476805598203,3.610917939671251,10.161951490318682,5.654242032598692,7.360103973625284,4.382026647173881,1.3862946111198593,-13.815510557964274,-13.815510557964274,1.6094381124340804,False,False,False,False,True,False
6112.369742419302,0,1,1,0,0,0,0,0.024151964158485188,-8.02539285776425,8.355379895488761,9.999994999180668e-07,2.9957323235539897,10.521084428576977,8.355379895488761,8.028455164440302,4.305065607037753,1.3862946111198593,5.087596341405224,2.6390574010438272,1.3862946111198593,False,False,False,True,False,False
4092.5737704918033,1,0,1,0,0,0,0,0.1321229452776023,-4.1108128660337355,10.686452584938046,2.3025851929940404,2.079441666679828,10.438086078253233,8.38386749214967,6.413458958806701,4.389436583310305,1.3862946111198593,-13.815510557964274,-13.815510557964274,9.999994999180668e-07,False,False,True,False,False,False
10412.863802559415,1,0,1,0,0,1,0,0.03442562882178655,-7.688557553728022,9.844109029069687,9.999994999180668e-07,4.007333203414289,10.282776829624027,9.844109029069687,7.69074316399891,4.3217892087118095,1.6094381124340804,6.833031733863787,4.584967488874653,2.3025851929940404,True,False,False,False,False,False
6112.369742419302,0,0,0,1,0,0,0,0.016302575806977502,-5.8308898670518134,6.333279629915889,2.1972246884473243,2.833213402879744,8.859538259188794,4.136055066789261,8.028455164440302,3.912023025428146,9.999994999180668e-07,0.6931476805598203,-13.815510557964274,0.6931476805598203,False,False,False,True,False,False
6112.369742419302,0,0,0,1,0,0,0,0.025036098560715453,-7.3337756581647415,9.024613022167804,0.6931476805598203,3.7135720910945516,10.122486279889664,8.331465841728269,8.028455164440302,4.34101862396976,1.0986126220013874,-13.815510557964274,-13.815510557964274,1.6094381124340804,False,False,False,True,False,False
6112.369742419302,0,0,0,1,0,0,0,0.022823606129768505,-6.64139434679697,7.522400231927958,1.3862946111198593,3.8066625119925415,10.715052498162155,6.136105872430566,8.028455164440302,4.248495256335073,1.3862946111198593,4.248495256335073,-13.815510557964274,1.7917596358947079,False,False,False,True,False,False
6112.369742419302,0,0,0,1,0,0,0,0.026084121291164004,-7.3337756581647415,8.073402969298126,0.6931476805598203,3.8918203185187896,10.264654451936531,7.380255789049901,8.028455164440302,4.382026647173881,0.6931476805598203,-13.815510557964274,-13.815510557964274,1.7917596358947079,False,False,False,True,False,False
41763.20315581854,0,0,1,0,0,0,1,0.0,-3.999979284241385,5.480638927508658,4.174387285280252,2.3025851929940404,9.324406699842474,1.3062519242796509,8.174421152928266,-13.815510557964274,0.6931476805598203,1.6094381124340804,-13.815510557964274,0.6931476805598203,False,False,False,False,False,True
7640.563613231552,0,0,1,0,0,0,1,0.06361323155216285,-7.358533207287776,5.361292170404261,9.999994999180668e-07,2.9957323235539897,9.324406699842474,5.361292170404261,7.360103973625284,4.605170195988091,0.6931476805598203,-13.815510557964274,-13.815510557964274,1.0986126220013874,False,False,False,False,True,False
41763.20315581854,0,0,0,0,0,0,0,0.0169061707523246,-4.324198043148924,5.693732142169703,3.850147622986654,3.0445224853424695,7.95171390561302,1.8435846953417867,8.174421152928266,4.094344578888768,9.999994999180668e-07,2.3025851929940404,9.999994999180668e-07,1.3862946111198593,False,False,False,False,False,True
6112.369742419302,0,0,0,0,0,0,1,0.020007706672199664,-7.3337756581647415,7.509335266564537,0.6931476805598203,3.1780538720146114,7.868225738407096,6.816188086552537,8.028455164440302,4.116817434370455,9.999994999180668e-07,-13.815510557964274,-13.815510557964274,1.3862946111198593,False,False,False,True,False,False
41763.20315581854,0,0,0,0,0,0,0,0.022392279142151788,-4.5107685106570985,8.99218436229739,3.6635616717706716,2.079441666679828,9.881243210075551,5.328622720894112,8.174421152928266,4.375382104538546,1.0986126220013874,5.710427020686128,3.2188758648682,9.999994999180668e-07,False,False,False,False,False,True
41763.20315581854,0,1,0,1,0,0,0,0.02240411246039764,-4.916188123940292,9.585346272668367,3.2580965764830196,3.7135720910945516,10.197327640663142,6.327249736365098,8.174421152928266,4.375910420233133,1.7917596358947079,6.016157162137378,3.4339872367432105,1.945910291912446,False,False,False,False,False,True
41763.20315581854,1,0,0,1,0,0,0,0.022752511440294245,-5.689218796583907,8.835064935176614,2.48490673312133,3.332204545889489,10.327993157493143,6.350158286989546,8.174421152928266,4.3913414183325346,1.0986126220013874,5.23110862220218,2.5649494343846104,1.3862946111198593,False,False,False,False,False,True
6112.369742419302,1,0,0,0,0,0,0,0.021736767742636668,-8.02539285776425,6.450470423723955,9.999994999180668e-07,3.49650759176951,10.42321605584098,6.450470423723955,8.028455164440302,4.199705092879927,9.999994999180668e-07,2.7080502677688743,-13.815510557964274,1.7917596358947079,False,False,False,True,False,False
41763.20315581854,0,0,1,0,1,0,0,0.022123590882198004,-5.609198832442679,9.87827230344634,2.5649494343846104,3.1780538720146114,9.94516900230081,7.313322946600126,8.174421152928266,4.363310386326079,0.6931476805598203,-13.815510557964274,-13.815510557964274,1.3862946111198593,False,False,False,False,False,True
6112.369742419302,0,0,1,0,1,0,0,0.025654440998577,-8.02539285776425,8.594894699265138,9.999994999180668e-07,3.367295864469232,10.056254640018993,8.594894699265138,8.028455164440302,4.3654165928176205,1.0986126220013874,5.552959588797586,2.397895363707457,1.0986126220013874,False,False,False,True,False,False
6112.369742419302,0,0,1,0,0,0,0,0.0265741409107957,-7.3337756581647415,8.692657960914792,0.6931476805598203,3.6635616717706716,10.35589094686968,7.999510780522661,8.028455164440302,4.400638494137985,1.0986126220013874,-13.815510557964274,-13.815510557964274,1.6094381124340804,False,False,False,True,False,False
6112.369742419302,1,1,0,0,0,0,1,0.023903282484695185,-8.02539285776425,9.589119214890312,9.999994999180668e-07,3.5263605540279257,10.696626573379596,9.589119214890312,8.028455164440302,4.294715690735282,1.6094381124340804,6.408528792706945,3.465735934049726,1.7917596358947079,False,False,False,True,False,False
10412.863802559415,1,0,0,0,0,0,0,0.024609759527492617,-7.688557553728022,6.161207323804781,9.999994999180668e-07,3.5835189662338873,10.42321605584098,6.161207323804781,7.69074316399891,3.9861309961532965,9.999994999180668e-07,2.5649494343846104,-13.815510557964274,1.7917596358947079,True,False,False,False,False,False
6112.369742419302,1,0,0,1,1,0,0,0.026827023479836398,-6.64139434679697,9.611127890600216,1.3862946111198593,2.48490673312133,10.26422823909621,8.224833529681263,8.028455164440302,4.410109615570553,1.7917596358947079,6.448889395729136,3.6375861860421748,0.6931476805598203,False,False,False,True,False,False
1266.400447427293,0,0,0,0,0,0,0,0.22371364653243847,-6.102111694488308,4.369447865125249,9.999994999180668e-07,1.7917596358947079,8.024016164881164,4.369447865125249,6.102558596850705,4.605170195988091,9.999994999180668e-07,-13.815510557964274,-13.815510557964274,9.999994999180668e-07,False,True,False,False,False,False
41763.20315581854,0,0,1,1,0,0,1,0.022850417385542283,-5.689218796583907,11.352498463523224,2.48490673312133,3.1780538720146114,10.70058598878303,8.867591813864365,8.174421152928266,4.395635269494492,1.6094381124340804,8.135053908904652,5.159055304961655,1.3862946111198593,False,False,False,False,False,True
6112.369742419302,0,0,1,0,1,0,0,0.02114928753337622,-6.928821064339634,6.783325201736463,1.0986126220013874,3.5263605540279257,9.887363304158281,5.684712915333359,8.028455164440302,4.172306119108479,1.0986126220013874,3.610917939671251,-13.815510557964274,1.3862946111198593,False,False,False,True,False,False
10412.863802559415,0,0,0,0,0,1,0,0.0346718779549896,-7.688557553728022,6.952728645580891,9.999994999180668e-07,2.944439031798018,9.900595580972958,6.952728645580891,7.69074316399891,4.328916822541752,0.6931476805598203,3.367295864469232,-13.815510557964274,1.0986126220013874,True,False,False,False,False,False
41763.20315581854,1,1,0,0,1,0,0,0.017339662310076512,-4.345702606959565,6.9966814890914515,3.828641418228225,2.5649494343846104,10.293120113269588,3.1680401337734447,8.174421152928266,4.11966238645639,1.6094381124340804,3.2580965764830196,1.0986126220013874,0.6931476805598203,False,False,False,False,False,True
41763.20315581854,0,0,1,0,0,0,0,0.0,-4.324198043148924,4.477336825841843,3.850147622986654,3.367295864469232,9.911230783913622,0.6271897468589144,8.174421152928266,-13.815510557964274,9.999994999180668e-07,-13.815510557964274,-13.815510557964274,1.0986126220013874,False,False,False,False,False,True
6112.369742419302,0,0,1,1,0,0,0,0.022599960685485053,-7.3337756581647415,10.05156267064461,0.6931476805598203,2.9957323235539897,10.372950842140785,9.358415490127783,8.028455164440302,4.238648066255617,1.3862946111198593,-13.815510557964274,-13.815510557964274,1.0986126220013874,False,False,False,True,False,False
41763.20315581854,1,1,0,1,1,0,0,0.023434391145045058,-4.916188123940292,11.418988342102645,3.2580965764830196,2.5649494343846104,10.332943181876617,8.160891804355787,8.174421152928266,4.4208705361426155,1.3862946111198593,7.984462732602912,5.749392989092967,9.999994999180668e-07,False,False,False,False,False,True
10412.863802559415,1,1,1,0,1,0,0,0.030469226081657523,-7.688557553728022,5.942799377751373,9.999994999180668e-07,3.761200138949376,10.085760851393966,5.942799377751373,7.69074316399891,4.199705092879927,1.6094381124340804,1.0986126220013874,-13.815510557964274,1.7917596358947079,True,False,False,False,False,False
6112.369742419302,0,1,0,1,0,0,1,0.0,-8.02539285776425,3.5835189662338873,9.999994999180668e-07,3.7376696420928917,9.71485921456875,3.5835189662338873,8.028455164440302,-13.815510557964274,1.0986126220013874,-13.815510557964274,-13.815510557964274,2.079441666679828,False,False,False,True,False,False
10412.863802559415,0,0,0,0,0,1,0,0.018281535648994516,-7.688557553728022,5.67675380569294,9.999994999180668e-07,2.6390574010438272,9.900595580972958,5.67675380569294,7.69074316399891,3.688879479113936,0.6931476805598203,-13.815510557964274,-13.815510557964274,1.0986126220013874,True,False,False,False,False,False
4092.5737704918033,0,0,0,0,0,0,1,0.117096018735363,-6.412849143141731,6.668228249688052,9.999994999180668e-07,2.6390574010438272,7.868225738407096,6.668228249688052,6.413458958806701,4.268697963366878,9.999994999180668e-07,3.7376696420928917,9.999994999180668e-07,0.6931476805598203,False,False,True,False,False,False
41763.20315581854,0,0,0,0,0,0,0,0.0,-4.345702606959565,4.804021052929977,3.828641418228225,2.833213402879744,7.921224239854798,0.9753800252932707,8.174421152928266,-13.815510557964274,9.999994999180668e-07,9.999994999180668e-07,-13.815510557964274,1.0986126220013874,False,False,False,False,False,True
6112.369742419302,1,0,0,1,0,0,0,0.016302575806977502,-7.3337756581647415,5.739792915394668,0.6931476805598203,3.367295864469232,10.60754592841694,5.046645738050157,8.028455164440302,3.912023025428146,1.0986126220013874,2.079441666679828,-13.815510557964274,1.7917596358947079,False,False,False,True,False,False
41763.20315581854,1,0,0,0,0,0,1,0.019638481176942717,-4.955403377853663,8.108322290474264,3.2188758648682,2.9957323235539897,10.419691656900369,4.889446472830627,8.174421152928266,4.244156854798587,1.0986126220013874,4.189654757177941,0.6931476805598203,1.0986126220013874,False,False,False,False,False,True
41763.20315581854,1,0,0,0,1,0,0,0.009392317084624775,-5.609198832442679,4.532599503905944,2.5649494343846104,3.1780538720146114,10.176128228194345,1.9676502754766558,8.174421152928266,3.506557927319981,1.3862946111198593,-13.815510557964274,-13.815510557964274,0.6931476805598203,False,False,False,False,False,True
10412.863802559415,0,0,1,0,0,0,0,0.0,-7.688557553728022,4.094344578888768,9.999994999180668e-07,3.761200138949376,9.829018436062377,4.094344578888768,7.69074316399891,-13.815510557964274,1.0986126220013874,-13.815510557964274,-13.815510557964274,1.945910291912446,True,False,False,False,False,False
41763.20315581854,0,0,1,0,0,0,0,0.023480792711561945,-5.609198832442679,6.428105274300105,2.5649494343846104,2.48490673312133,9.911230783913622,3.8631559362246746,8.174421152928266,4.422848641194137,9.999994999180668e-07,-13.815510557964274,-13.815510557964274,0.6931476805598203,False,False,False,False,False,True
41763.20315581854,0,0,1,1,0,0,1,0.023480792711561945,-4.5107685106570985,7.909489493041002,3.6635616717706716,3.5835189662338873,9.707287400421206,4.245927860866551,8.174421152928266,4.422848641194137,1.3862946111198593,3.5835189662338873,1.6094381124340804,1.6094381124340804,False,False,False,False,False,True
4092.5737704918033,0,0,1,0,0,0,0,0.1153612629022465,-6.412849143141731,6.993015123851234,9.999994999180668e-07,2.772588784739779,10.093202307287365,6.993015123851234,6.413458958806701,4.253772313360729,0.6931476805598203,-13.815510557964274,-13.815510557964274,1.0986126220013874,False,False,True,False,False,False
6112.369742419302,0,0,0,1,0,0,1,0.02522251585926015,-7.3337756581647415,10.532602750339606,0.6931476805598203,3.09104249881286,10.295199765640236,9.839455569806313,8.028455164440302,4.348436980133631,1.3862946111198593,7.508787171182522,4.875197330834739,1.3862946111198593,False,False,False,True,False,False
6112.369742419302,0,0,1,0,1,0,0,0.0284347252447282,-8.02539285776425,7.587310506529458,9.999994999180668e-07,3.2188758648682,9.958295307179498,7.587310506529458,8.028455164440302,4.46831101473756,1.3862946111198593,4.454347307881415,9.999994999180668e-07,1.0986126220013874,False,False,False,True,False,False
7640.563613231552,1,0,0,0,1,0,0,0.03863914805390632,-7.358533207287776,8.406038142273589,9.999994999180668e-07,3.5263605540279257,10.370397791042306,8.406038142273589,7.360103973625284,4.106614671277329,1.0986126220013874,-13.815510557964274,-13.815510557964274,1.3862946111198593,False,False,False,False,True,False
10412.863802559415,1,1,1,0,1,0,0,0.03713436928702011,-7.688557553728022,7.408530567500687,9.999994999180668e-07,4.060443027787798,10.030880909093362,7.408530567500687,7.69074316399891,4.397530833517539,1.3862946111198593,4.1588830989846715,9.999994999180668e-07,2.1972246884473243,True,False,False,False,False,False
10412.863802559415,0,1,0,0,0,0,1,0.0,-7.688557553728022,4.356708839510104,9.999994999180668e-07,1.945910291912446,8.337517314425417,4.356708839510104,7.69074316399891,-13.815510557964274,0.6931476805598203,9.999994999180668e-07,-13.815510557964274,9.999994999180668e-07,True,False,False,False,False,False
7640.563613231552,0,0,1,0,0,0,0,0.04994196687647873,-6.260967821561102,8.399310150984544,1.0986126220013874,3.2188758648682,10.35589094686968,7.300697862766478,7.360103973625284,4.3632103756118354,1.0986126220013874,5.4293456333404055,0.6931476805598203,1.3862946111198593,False,False,False,False,True,False
6112.369742419302,0,0,0,1,0,0,0,0.0,-8.02539285776425,3.2188758648682,9.999994999180668e-07,3.09104249881286,9.778095277150934,3.2188758648682,8.028455164440302,-13.815510557964274,0.6931476805598203,-13.815510557964274,-13.815510557964274,1.0986126220013874,False,False,False,True,False,False
6112.369742419302,0,0,0,0,1,0,0,0.0,-5.512593545341598,5.67675380569294,2.515613875923528,1.3862946111198593,8.471240634003612,3.1611400495354465,8.028455164440302,-13.815510557964274,9.999994999180668e-07,-13.815510557964274,-13.815510557964274,9.999994999180668e-07,False,False,False,True,False,False
10412.863802559415,1,0,1,0,0,1,0,0.03405471606489945,-7.688557553728022,9.989160534320172,9.999994999180668e-07,3.9318256523321686,10.282776829624027,9.989160534320172,7.69074316399891,4.310956425093803,1.6094381124340804,6.931471806576016,5.017279843437441,2.079441666679828,True,False,False,False,False,False
10412.863802559415,1,0,0,1,1,0,0,0.030469226081657523,-7.688557553728022,6.44571982097288,9.999994999180668e-07,3.13549425940741,10.265540855208204,6.44571982097288,7.69074316399891,4.199705092879927,1.6094381124340804,3.0445224853424695,9.999994999180668e-07,1.6094381124340804,True,False,False,False,False,False
10412.863802559415,1,0,1,0,1,0,0,0.034262417961918,-7.688557553728022,9.549451979605566,9.999994999180668e-07,3.6375861860421748,10.072968728674368,9.549451979605566,7.69074316399891,4.3170369651265235,1.3862946111198593,6.605297922301382,3.7376696420928917,1.6094381124340804,True,False,False,False,False,False
6112.369742419302,0,0,0,1,1,0,0,0.028378557886220096,-7.3337756581647415,7.385851078745172,0.6931476805598203,3.610917939671251,10.090887692290353,6.692703898805189,8.028455164440302,4.466333752623237,1.3862946111198593,3.988984065082793,1.0986126220013874,1.7917596358947079,False,False,False,True,False,False
41763.20315581854,1,0,0,0,1,0,0,0.023086921349948646,-5.87148122261456,8.101677747757602,2.3025851929940404,2.833213402879744,10.38591195625359,5.799092657490829,8.174421152928266,4.405932167732161,1.6094381124340804,5.043425123370859,2.890371813451719,0.6931476805598203,False,False,False,False,False,True
41763.20315581854,1,1,0,0,0,0,0,0.022071945148868226,-5.609198832442679,8.27052509531102,2.5649494343846104,2.3025851929940404,10.592798468962282,5.705575740920895,8.174421152928266,4.360973238242006,1.6094381124340804,4.787491751115379,1.945910291912446,0.6931476805598203,False,False,False,False,False,True
10412.863802559415,1,0,0,0,0,0,1,0.0,-7.688557553728022,4.1108738805667535,9.999994999180668e-07,3.7135720910945516,8.817967018114343,4.1108738805667535,7.69074316399891,-13.815510557964274,0.6931476805598203,-13.815510557964274,-13.815510557964274,1.945910291912446,True,False,False,False,False,False
41763.20315581854,0,0,0,0,1,0,1,0.0,-4.015482617699292,4.204692634316339,4.1588830989846715,2.7080502677688743,7.448115734461817,0.0458104912547185,8.174421152928266,-13.815510557964274,0.6931476805598203,-13.815510557964274,-13.815510557964274,1.3862946111198593,False,False,False,False,False,True
41763.20315581854,0,1,1,0,1,0,0,0.01941078864155787,-3.5299961290873685,8.238008249482814,4.644390908756757,2.772588784739779,10.073662227117962,3.5936173775757076,8.174421152928266,4.232494915219046,1.0986126220013874,4.499809681441376,1.6094381124340804,1.3862946111198593,False,False,False,False,False,True
6112.369742419302,1,0,0,0,1,0,0,0.025935916056555118,-8.02539285776425,7.2240248090146935,9.999994999180668e-07,3.2188758648682,10.114847515619987,7.2240248090146935,8.028455164440302,4.376328626130673,1.3862946111198593,3.7841896566455335,0.6931476805598203,1.3862946111198593,False,False,False,True,False,False
41763.20315581854,1,0,0,0,1,0,0,0.023480792711561945,-4.2231091863939945,6.805722554524405,3.9512437378121965,3.367295864469232,10.313448663146847,2.8544788924213815,8.174421152928266,4.422848641194137,1.3862946111198593,2.890371813451719,-13.815510557964274,1.3862946111198593,False,False,False,False,False,True
41763.20315581854,0,0,1,1,0,0,0,0.021348039487105664,-5.689218796583907,10.17960298865438,2.48490673312133,3.1780538720146114,10.284793106919519,7.694696339283678,8.174421152928266,4.327625795019613,1.3862946111198593,-13.815510557964274,-13.815510557964274,1.0986126220013874,False,False,False,False,False,True
41763.20315581854,1,1,1,0,0,0,1,0.017610594533671458,-4.916188123940292,6.17378610598527,3.2580965764830196,3.13549425940741,9.799697664491218,2.91568962004712,8.174421152928266,4.135166572742356,1.3862946111198593,3.1780538720146114,-13.815510557964274,1.3862946111198593,False,False,False,False,False,True
6112.369742419302,0,0,1,0,0,0,1,0.026084121291164004,-7.3337756581647415,4.85981241211361,0.6931476805598203,3.5263605540279257,10.44683691926826,4.166665239305603,8.028455164440302,4.382026647173881,1.0986126220013874,-13.815510557964274,-13.815510557964274,1.3862946111198593,False,False,False,True,False,False
10412.863802559415,0,0,0,1,0,0,0,0.04570383912248629,-7.688557553728022,8.990690710040793,9.999994999180668e-07,3.2188758648682,9.778095277150934,8.990690710040793,7.69074316399891,4.605170195988091,0.6931476805598203,-13.815510557964274,-13.815510557964274,1.6094381124340804,True,False,False,False,False,False
6112.369742419302,1,0,1,0,1,0,0,0.023506039535641978,-6.64139434679697,6.914730893711611,1.3862946111198593,1.3862946111198593,9.935808159185347,5.528436535570866,8.028455164440302,4.277957288650643,1.0986126220013874,3.761200138949376,-13.815510557964274,9.999994999180668e-07,False,False,False,True,False,False
10412.863802559415,1,1,1,1,0,0,0,0.03336660647592558,-7.688557553728022,9.390409393800365,9.999994999180668e-07,3.610917939671251,10.246817662707462,9.390409393800365,7.69074316399891,4.290543491990338,1.6094381124340804,6.480044563460395,3.6375861860421748,1.3862946111198593,True,False,False,False,False,False
10412.863802559415,1,1,0,0,0,0,0,0.02856489945155393,-7.688557553728022,5.602118824569738,9.999994999180668e-07,3.0445224853424695,10.227977199377506,5.602118824569738,7.69074316399891,4.135166572742356,1.0986126220013874,2.079441666679828,9.999994999180668e-07,0.6931476805598203,True,False,False,False,False,False
6112.369742419302,0,0,0,1,0,0,1,0.0,-8.02539285776425,4.094344578888768,9.999994999180668e-07,3.1780538720146114,9.2231297982103,4.094344578888768,8.028455164440302,-13.815510557964274,0.6931476805598203,-13.815510557964274,-13.815510557964274,1.0986126220013874,False,False,False,True,False,False
6112.369742419302,0,0,0,1,0,0,1,0.016302575806977502,-8.02539285776425,4.174387285280252,9.999994999180668e-07,2.6390574010438272,9.2231297982103,4.174387285280252,8.028455164440302,3.912023025428146,0.6931476805598203,-13.815510557964274,-13.815510557964274,1.0986126220013874,False,False,False,True,False,False
41763.20315581854,0,0,1,0,0,0,0,0.02817695125387433,-4.916188123940292,7.661056382832639,3.2580965764830196,2.079441666679828,9.911230783913622,4.402959856581402,8.174421152928266,4.605170195988091,9.999994999180668e-07,-13.815510557964274,-13.815510557964274,0.6931476805598203,False,False,False,False,False,True
6112.369742419302,1,0,1,0,1,1,0,0.0275639959276831,-6.236184658820706,12.628607892920506,1.7917596358947079,1.3862946111198593,10.046660167314894,10.836848423708835,8.028455164440302,4.437210322715538,1.7917596358947079,9.413281216054505,7.798933310451389,9.999994999180668e-07,False,False,False,True,False,False
4092.5737704918033,0,0,0,0,0,0,0,0.1405152224824356,-5.720006823110456,7.0021559553135395,0.6931476805598203,3.13549425940741,10.427762476915545,6.3090087756635125,6.413458958806701,4.4510195178275,9.999994999180668e-07,-13.815510557964274,-13.815510557964274,1.3862946111198593,False,False,True,False,False,False
4092.5737704918033,0,0,0,0,0,1,0,0.16393442622950818,-6.412849143141731,5.488937730288918,9.999994999180668e-07,3.09104249881286,8.362116469142244,5.488937730288918,6.413458958806701,4.605170195988091,9.999994999180668e-07,-13.815510557964274,-13.815510557964274,1.0986126220013874,False,False,True,False,False,False
41763.20315581854,1,0,1,0,0,0,0,0.0,-4.303146206971848,4.912654893088993,3.871201031741224,3.0445224853424695,9.864635012282442,1.0414542277692753,8.174421152928266,-13.815510557964274,1.0986126220013874,9.999994999180668e-07,-13.815510557964274,1.0986126220013874,False,False,False,False,False,True
10412.863802559415,0,0,0,0,0,0,1,0.015234613040828762,-7.688557553728022,5.043425123370859,9.999994999180668e-07,3.2958369030413657,5.85555732140996,5.043425123370859,7.69074316399891,3.506557927319981,9.999994999180668e-07,-13.815510557964274,-13.815510557964274,1.0986126220013874,True,False,False,False,False,False
41763.20315581854,0,0,0,1,0,0,0,0.021826766316704462,-4.242525934108025,10.252064798472528,3.9318256523321686,2.7080502677688743,10.41596971144962,6.320239167512431,8.174421152928266,4.3498029159160385,1.3862946111198593,6.783325201736463,4.86753445814789,1.0986126220013874,False,False,False,False,False,True
4092.5737704918033,0,0,1,0,0,0,0,0.0,-6.412849143141731,3.871201031741224,9.999994999180668e-07,4.442651268255022,10.093202307287365,3.871201031741224,6.413458958806701,-13.815510557964274,0.6931476805598203,-13.815510557964274,-13.815510557964274,2.48490673312133,False,False,True,False,False,False
41763.20315581854,1,1,0,1,0,0,0,0.022643713092237377,-4.996219458230981,10.915815472625393,3.1780538720146114,3.610917939671251,10.122489788926314,7.737761642695326,8.174421152928266,4.386548131836337,1.6094381124340804,7.411556288415393,5.3423342567495,1.945910291912446,False,False,False,False,False,True
10412.863802559415,1,1,0,0,0,1,0,0.0,-7.688557553728022,10.222086727658988,9.999994999180668e-07,3.465735934049726,10.841208083809805,10.222086727658988,7.69074316399891,-13.815510557964274,1.3862946111198593,-13.815510557964274,-13.815510557964274,1.0986126220013874,True,False,False,False,False,False
41763.20315581854,1,1,0,0,0,0,0,0.0,-4.916188123940292,4.04305128537841,3.2580965764830196,3.5263605540279257,9.868997207644076,0.7849551859533151,8.174421152928266,-13.815510557964274,1.0986126220013874,-13.815510557964274,-13.815510557964274,1.7917596358947079,False,False,False,False,False,True
10412.863802559415,0,1,0,0,0,0,1,0.0,-7.688557553728022,3.970291932420046,9.999994999180668e-07,3.5263605540279257,8.337517314425417,3.970291932420046,7.69074316399891,-13.815510557964274,0.6931476805598203,-13.815510557964274,-13.815510557964274,1.6094381124340804,True,False,False,False,False,False
4092.5737704918033,0,0,1,0,0,0,0,0.0,-3.774358057072734,3.988984065082793,2.6390574010438272,2.890371813451719,9.911230783913622,1.3499269762082415,6.413458958806701,-13.815510557964274,9.999994999180668e-07,-13.815510557964274,-13.815510557964274,1.0986126220013874,False,False,True,False,False,False
41763.20315581854,1,0,0,0,0,0,0,0.0,-4.916188123940292,3.970291932420046,3.2580965764830196,2.48490673312133,10.407128725818199,0.7121958660965572,8.174421152928266,-13.815510557964274,0.6931476805598203,-13.815510557964274,-13.815510557964274,0.6931476805598203,False,False,False,False,False,True
41763.20315581854,1,0,0,1,1,0,0,0.019184307236680395,-2.9117125753096427,8.581481681486146,5.2626901940862325,2.5649494343846104,10.287533502422725,3.3187915285902623,8.174421152928266,4.22075850176526,1.7917596358947079,4.948759897470366,2.48490673312133,0.6931476805598203,False,False,False,False,False,True
1266.400447427293,0,0,0,0,0,0,0,0.22371364653243847,-6.102111694488308,4.2341065190900125,9.999994999180668e-07,1.7917596358947079,8.024016164881164,4.2341065190900125,6.102558596850705,4.605170195988091,9.999994999180668e-07,-13.815510557964274,-13.815510557964274,9.999994999180668e-07,False,True,False,False,False,False
6112.369742419302,0,0,0,0,0,0,1,0.022250812925739563,-8.02539285776425,8.234830280707309,9.999994999180668e-07,2.3025851929940404,7.868225738407096,8.234830280707309,8.028455164440302,4.223078443718701,9.999994999180668e-07,4.997212280520872,1.7917596358947079,0.6931476805598203,False,False,False,True,False,False
6112.369742419302,1,1,0,1,0,0,0,0.023712837537421823,-8.02539285776425,7.465082736972286,9.999994999180668e-07,3.761200138949376,10.485980089743693,7.465082736972286,8.028455164440302,4.286716468619557,1.6094381124340804,-13.815510557964274,-13.815510557964274,1.7917596358947079,False,False,False,True,False,False
7640.563613231552,0,1,1,0,0,0,1,0.031806615776081425,-7.358533207287776,4.394449167018117,9.999994999180668e-07,4.077537460854872,10.138785340488415,4.394449167018117,7.360103973625284,3.912023025428146,1.3862946111198593,-13.815510557964274,-13.815510557964274,1.945910291912446,False,False,False,False,True,False
6112.369742419302,0,0,0,0,0,0,1,0.02544792321089171,-6.928821064339634,7.669961995940213,1.0986126220013874,3.555348090060842,7.868225738407096,6.571349708205374,8.028455164440302,4.35733403489601,9.999994999180668e-07,-13.815510557964274,-13.815510557964274,1.6094381124340804,False,False,False,True,False,False
6112.369742419302,1,0,0,1,0,0,0,0.013042060645582002,-4.562623422157244,6.717804696232881,3.465735934049726,2.833213402879744,10.304336148600495,3.252068830918039,8.028455164440302,3.688879479113936,1.3862946111198593,1.6094381124340804,-13.815510557964274,1.0986126220013874,False,False,False,True,False,False
10412.863802559415,1,0,0,1,1,0,0,0.04570383912248629,-7.688557553728022,6.230481449546986,9.999994999180668e-07,3.5263605540279257,9.9520535444382,6.230481449546986,7.69074316399891,4.605170195988091,1.0986126220013874,-13.815510557964274,-13.815510557964274,1.945910291912446,True,False,False,False,False,False
6112.369742419302,0,0,0,1,0,0,1,0.0,-8.02539285776425,3.8066625119925415,9.999994999180668e-07,3.850147622986654,9.2231297982103,3.8066625119925415,8.028455164440302,-13.815510557964274,0.6931476805598203,-13.815510557964274,-13.815510557964274,2.1972246884473243,False,False,False,True,False,False
6112.369742419302,1,0,0,1,1,0,0,0.026084121291164004,-6.236184658820706,7.282073658781223,1.7917596358947079,3.4339872367432105,10.247378408632077,5.490314192991957,8.028455164440302,4.382026647173881,1.6094381124340804,3.688879479113936,-13.815510557964274,1.6094381124340804,False,False,False,True,False,False
10412.863802559415,1,0,1,0,1,0,0,0.0389336184714898,-7.688557553728022,11.191810696443833,9.999994999180668e-07,3.9318256523321686,10.157681966883448,11.191810696443833,7.69074316399891,4.444846001751866,1.945910291912446,-13.815510557964274,-13.815510557964274,2.079441666679828,True,False,False,False,False,False
7640.563613231552,1,0,1,1,1,0,0,0.04204942424634494,-6.666171101165439,7.503840747249916,0.6931476805598203,3.5263605540279257,10.42425349980397,6.810693567240934,7.360103973625284,4.191194403340224,1.7917596358947079,4.077537460854872,1.3862946111198593,1.6094381124340804,False,False,False,False,True,False
41763.20315581854,0,0,1,0,0,0,0,0.02403026523991363,-4.916188123940292,11.11623177526402,3.2580965764830196,3.2958369030413657,10.40354263119861,7.858135237614262,8.174421152928266,4.4459799729431655,1.0986126220013874,7.5616417461088,5.673323270607918,1.0986126220013874,False,False,False,False,False,True
6112.369742419302,1,0,0,1,1,0,0,0.024779915226605803,-8.02539285776425,7.546974118044231,9.999994999180668e-07,3.7376696420928917,10.247378408632077,7.546974118044231,8.028455164440302,4.330733353444225,1.6094381124340804,4.317488126869644,0.6931476805598203,1.945910291912446,False,False,False,True,False,False
10412.863802559415,0,0,1,0,0,0,0,0.0,-7.688557553728022,4.700480374883325,9.999994999180668e-07,3.555348090060842,10.093202307287365,4.700480374883325,7.69074316399891,-13.815510557964274,0.6931476805598203,9.999994999180668e-07,-13.815510557964274,1.6094381124340804,True,False,False,False,False,False
7640.563613231552,0,1,0,0,0,0,1,0.03534068419564603,-7.358533207287776,7.368339686942296,9.999994999180668e-07,3.8918203185187896,10.213294331507647,7.368339686942296,7.360103973625284,4.017383539085972,1.0986126220013874,-13.815510557964274,-13.815510557964274,1.7917596358947079,False,False,False,False,True,False
7640.563613231552,0,1,1,0,0,0,1,0.049588267115465524,-7.358533207287776,8.55468163601987,9.999994999180668e-07,3.13549425940741,10.041152016036662,8.55468163601987,7.360103973625284,4.356102962492373,1.6094381124340804,-13.815510557964274,-13.815510557964274,1.0986126220013874,False,False,False,False,True,False
7640.563613231552,0,1,1,0,0,0,0,0.046488679884323786,-5.568082538077103,11.016972033218346,1.7917596358947079,3.1780538720146114,10.362148261497179,9.225212564072393,7.360103973625284,4.291557547298904,1.6094381124340804,7.759614151123524,5.67675380569294,1.0986126220013874,False,False,False,False,True,False
41763.20315581854,1,0,0,0,1,1,0,0.023420466564279274,-5.776203295520409,12.339006984958278,2.397895363707457,2.5649494343846104,10.517484898061715,9.941111712203684,8.174421152928266,4.420276165283798,1.3862946111198593,-13.815510557964274,-13.815510557964274,0.6931476805598203,False,False,False,False,False,True
7640.563613231552,0,0,1,0,0,0,0,0.04240882103477523,-5.9734166890735345,5.209486158305902,1.3862946111198593,3.555348090060842,10.093202307287365,3.8231918135794536,7.360103973625284,4.199705092879927,0.6931476805598203,-13.815510557964274,-13.815510557964274,1.6094381124340804,False,False,False,False,True,False
6112.369742419302,0,0,0,1,0,0,0,0.02289297879277692,-8.02539285776425,7.9824163471691465,9.999994999180668e-07,3.332204545889489,9.462778134907396,7.9824163471691465,8.028455164440302,4.251530159986937,0.6931476805598203,4.948759897470366,2.079441666679828,1.3862946111198593,False,False,False,True,False,False
41763.20315581854,1,0,0,1,0,1,0,0.022541561003099463,-4.916188123940292,9.067047202265114,3.2580965764830196,2.5649494343846104,10.713933489538318,5.808950667128801,8.174421152928266,4.382026647173881,1.3862946111198593,5.272999563691952,2.5649494343846104,0.6931476805598203,False,False,False,False,False,True
6112.369742419302,0,0,0,1,0,0,1,0.0,-8.02539285776425,3.828641418228225,9.999994999180668e-07,3.5263605540279257,10.05241777017256,3.828641418228225,8.028455164440302,-13.815510557964274,1.0986126220013874,-13.815510557964274,-13.815510557964274,1.7917596358947079,False,False,False,True,False,False
6112.369742419302,0,0,0,0,1,1,0,0.026222866617180835,-8.02539285776425,8.639764743981347,9.999994999180668e-07,3.09104249881286,10.264612754330651,8.639764743981347,8.028455164440302,4.387331699337437,0.6931476805598203,5.459585518399478,2.397895363707457,1.3862946111198593,False,False,False,True,False,False
10412.863802559415,0,1,0,0,0,0,0,0.04570383912248629,-7.688557553728022,5.153291600278126,9.999994999180668e-07,2.3025851929940404,8.71511678782035,5.153291600278126,7.69074316399891,4.605170195988091,9.999994999180668e-07,9.999994999180668e-07,-13.815510557964274,0.6931476805598203,True,False,False,False,False,False
10412.863802559415,1,0,0,1,1,0,0,0.026660572821450335,-7.688557553728022,6.624065229127915,9.999994999180668e-07,4.1588830989846715,10.073258516053878,6.624065229127915,7.69074316399891,4.066173702398261,1.0986126220013874,2.48490673312133,-13.815510557964274,2.1972246884473243,True,False,False,False,False,False
6112.369742419302,1,1,0,0,1,0,0,0.026159947225149947,-6.928821064339634,9.850877602316531,1.0986126220013874,2.5649494343846104,10.247156094271213,8.752265313753824,8.028455164440302,4.384929406795611,1.0986126220013874,6.9392539470105,4.007333203414289,0.6931476805598203,False,False,False,True,False,False
10412.863802559415,0,0,0,1,0,0,0,0.0,-7.688557553728022,4.919980933127395,9.999994999180668e-07,3.401197414995488,9.797925220956992,4.919980933127395,7.69074316399891,-13.815510557964274,9.999994999180668e-07,9.999994999180668e-07,-13.815510557964274,1.7917596358947079,True,False,False,False,False,False
10412.863802559415,1,1,0,0,0,0,0,0.03697445601895982,-7.688557553728022,9.827955489977613,9.999994999180668e-07,3.49650759176951,10.73554126426392,9.827955489977613,7.69074316399891,4.393215193278392,1.0986126220013874,6.8145428983576535,4.189654757177941,1.945910291912446,True,False,False,False,False,False
41763.20315581854,0,0,1,0,0,0,1,0.024151672503320853,-4.916188123940292,5.424950021886689,3.2580965764830196,3.5835189662338873,10.082952504314829,2.166853593997359,8.174421152928266,4.4510195178275,1.0986126220013874,1.945910291912446,-13.815510557964274,1.6094381124340804,False,False,False,False,False,True
41763.20315581854,0,0,0,1,0,0,0,0.02323920864602266,-4.996219458230981,10.971829619314235,3.1780538720146114,2.944439031798018,10.516363796794744,7.793775789361404,8.174421152928266,4.412506765817094,1.0986126220013874,7.77946696787656,5.12396398535564,1.0986126220013874,False,False,False,False,False,True
6112.369742419302,0,0,0,0,0,0,1,0.016302575806977502,-6.64139434679697,6.212606097755526,1.3862946111198593,3.09104249881286,7.868225738407096,4.82631174264766,8.028455164440302,3.912023025428146,9.999994999180668e-07,1.3862946111198593,-13.815510557964274,1.0986126220013874,False,False,False,True,False,False
7640.563613231552,1,0,1,0,1,0,0,0.04770992366412214,-7.358533207287776,5.476463556115611,9.999994999180668e-07,3.6635616717706716,10.188032571073764,5.476463556115611,7.360103973625284,4.317488126869644,1.3862946111198593,-13.815510557964274,-13.815510557964274,2.079441666679828,False,False,False,False,True,False
10412.863802559415,1,1,0,0,0,0,0,0.0,-7.688557553728022,6.885509671057312,9.999994999180668e-07,3.8066625119925415,10.449532514015786,6.885509671057312,7.69074316399891,-13.815510557964274,1.0986126220013874,-13.815510557964274,-13.815510557964274,2.079441666679828,True,False,False,False,False,False
41763.20315581854,0,1,1,0,0,0,0,0.016255933415696727,-4.262327169737311,7.111512117311817,3.912023025428146,3.5835189662338873,10.53246894129401,3.199489151851044,8.174421152928266,4.055123866402153,0.6931476805598203,3.9512437378121965,0.6931476805598203,1.6094381124340804,False,False,False,False,False,True
41763.20315581854,0,0,0,0,1,0,1,0.0,-4.916188123940292,4.174387285280252,3.2580965764830196,3.09104249881286,7.448115734461817,0.9162911318740751,8.174421152928266,-13.815510557964274,0.6931476805598203,-13.815510557964274,-13.815510557964274,1.3862946111198593,False,False,False,False,False,True
41763.20315581854,0,0,1,0,0,0,0,0.0,-4.916188123940292,7.967626739680316,3.2580965764830196,1.945910291912446,9.911230783913622,4.7095302103213434,8.174421152928266,-13.815510557964274,9.999994999180668e-07,-13.815510557964274,-13.815510557964274,9.999994999180668e-07,False,False,False,False,False,True
1266.400447427293,0,0,0,0,0,0,0,0.15979546180888463,-6.102111694488308,6.02344759538234,9.999994999180668e-07,2.772588784739779,8.024016164881164,6.02344759538234,6.102558596850705,4.268697963366878,9.999994999180668e-07,-13.815510557964274,-13.815510557964274,1.7917596358947079,False,True,False,False,False,False
6112.369742419302,0,0,0,0,0,0,1,0.02147168520918988,-8.02539285776425,7.561121590050529,9.999994999180668e-07,2.944439031798018,7.868225738407096,7.561121590050529,8.028455164440302,4.187435000473298,9.999994999180668e-07,3.7135720910945516,-13.815510557964274,1.3862946111198593,False,False,False,True,False,False
10412.863802559415,1,1,0,1,1,0,0,0.029325330221936594,-7.688557553728022,8.779249716382939,9.999994999180668e-07,4.174387285280252,10.332943181876617,8.779249716382939,7.69074316399891,4.16143955538608,1.3862946111198593,5.680172612430036,3.688879479113936,2.3025851929940404,True,False,False,False,False,False
10412.863802559415,0,0,1,1,0,0,0,0.034821972664751455,-7.688557553728022,7.942006808845349,9.999994999180668e-07,2.6390574010438272,10.126966490271661,7.942006808845349,7.69074316399891,4.33323648362945,1.3862946111198593,-13.815510557964274,-13.815510557964274,0.6931476805598203,True,False,False,False,False,False
7640.563613231552,1,0,1,0,0,0,0,0.0,-7.358533207287776,4.564348201884503,9.999994999180668e-07,2.48490673312133,9.914029007665217,4.564348201884503,7.360103973625284,-13.815510557964274,0.6931476805598203,-13.815510557964274,-13.815510557964274,0.6931476805598203,False,False,False,False,True,False
41763.20315581854,0,0,1,1,0,0,0,0.023508270234947812,-5.609198832442679,12.615801982215334,2.5649494343846104,3.2580965764830196,10.610791178952462,10.050852624793627,8.174421152928266,4.424018169780803,1.3862946111198593,9.330786525140702,7.122059882436245,1.6094381124340804,False,False,False,False,False,True
7640.563613231552,1,0,1,0,0,0,0,0.04864541236341865,-7.358533207287776,7.061334367768071,9.999994999180668e-07,2.3025851929940404,10.102723265765446,7.061334367768071,7.360103973625284,4.336906212470335,1.0986126220013874,-13.815510557964274,-13.815510557964274,0.6931476805598203,False,False,False,False,True,False
41763.20315581854,1,0,0,0,1,0,0,0.014088475626937165,-4.262327169737311,5.389071734382711,3.912023025428146,2.9957323235539897,10.237259952813003,1.477048952698831,8.174421152928266,3.912023025428146,1.0986126220013874,0.6931476805598203,-13.815510557964274,1.0986126220013874,False,False,False,False,False,True
41763.20315581854,0,0,1,0,1,0,1,0.0,-5.658520592276317,2.944439031798018,2.515613875923528,2.890371813451719,9.592504013519852,0.4288258353297635,8.174421152928266,-13.815510557964274,1.0986126220013874,-13.815510557964274,-13.815510557964274,1.0986126220013874,False,False,False,False,False,True
7640.563613231552,1,1,0,1,0,0,0,0.046018082399436964,-7.358533207287776,7.470793774764538,9.999994999180668e-07,3.8066625119925415,10.40242008667795,7.470793774764538,7.360103973625284,4.281383122717724,1.945910291912446,3.850147622986654,9.999994999180668e-07,2.079441666679828,False,False,False,False,True,False
7640.563613231552,0,0,0,1,0,0,0,0.031806615776081425,-6.666171101165439,4.882801930162128,0.6931476805598203,3.401197414995488,10.055922785911523,4.189654757177941,7.360103973625284,3.912023025428146,1.3862946111198593,-13.815510557964274,-13.815510557964274,1.3862946111198593,False,False,False,False,True,False
41763.20315581854,1,1,0,0,0,0,0,0.02095512761317545,-4.955403377853663,8.556029215393817,3.2188758648682,3.465735934049726,10.376245031953513,5.337153395142777,8.174421152928266,4.309049258336773,1.3862946111198593,5.472270677873155,2.079441666679828,1.6094381124340804,False,False,False,False,False,True
10412.863802559415,0,1,0,0,0,0,0,0.03917471924784539,-7.688557553728022,6.411818269351933,9.999994999180668e-07,2.1972246884473243,6.186894261910878,6.411818269351933,7.69074316399891,4.4510195178275,9.999994999180668e-07,-13.815510557964274,-13.815510557964274,9.999994999180668e-07,True,False,False,False,False,False
6112.369742419302,1,1,0,0,1,0,0,0.016302575806977502,-6.928821064339634,5.793013611432924,1.0986126220013874,3.0445224853424695,10.145889272101797,4.694401328862376,8.028455164440302,3.912023025428146,1.3862946111198593,2.079441666679828,-13.815510557964274,1.3862946111198593,False,False,False,True,False,False
6112.369742419302,1,0,0,1,1,1,0,0.0277884814891662,-6.64139434679697,7.825644732619351,1.3862946111198593,3.09104249881286,10.508868238166313,6.439350372697542,8.028455164440302,4.4453214967795285,1.6094381124340804,4.477336825841843,0.6931476805598203,1.0986126220013874,False,False,False,True,False,False
7640.563613231552,1,0,0,0,1,0,0,0.031806615776081425,-7.358533207287776,4.499809681441376,9.999994999180668e-07,3.2958369030413657,9.93954340428779,4.499809681441376,7.360103973625284,3.912023025428146,1.3862946111198593,-13.815510557964274,-13.815510557964274,1.0986126220013874,False,False,False,False,True,False
4092.5737704918033,0,0,1,0,0,0,0,0.0,-3.897795867162686,4.615120526742249,2.515613875923528,3.49650759176951,10.093202307287365,2.099506844247863,6.413458958806701,-13.815510557964274,0.6931476805598203,-13.815510557964274,-13.815510557964274,1.6094381124340804,False,False,True,False,False,False
41763.20315581854,1,0,0,0,1,0,0,0.022110686094589518,-4.996219458230981,9.568294497483206,3.1780538720146114,3.4339872367432105,10.39857194099875,6.3902406687432025,8.174421152928266,4.362726911758744,1.3862946111198593,6.208590028108701,3.2958369030413657,1.7917596358947079,False,False,False,False,False,True
10412.863802559415,0,0,1,0,0,0,0,0.022851919561243144,-7.688557553728022,5.23110862220218,9.999994999180668e-07,3.6375861860421748,9.76305387331802,5.23110862220218,7.69074316399891,3.912023025428146,0.6931476805598203,1.7917596358947079,-13.815510557964274,1.945910291912446,True,False,False,False,False,False
7640.563613231552,1,0,0,0,0,0,1,0.031806615776081425,-7.358533207287776,4.127134401174124,9.999994999180668e-07,2.833213402879744,9.795136025739778,4.127134401174124,7.360103973625284,3.912023025428146,0.6931476805598203,-13.815510557964274,-13.815510557964274,1.0986126220013874,False,False,False,False,True,False
6112.369742419302,0,0,0,0,0,0,1,0.021736767742636668,-6.928821064339634,5.22035583048373,1.0986126220013874,3.2958369030413657,7.868225738407096,4.121743552626431,8.028455164440302,4.199705092879927,9.999994999180668e-07,1.0986126220013874,-13.815510557964274,1.3862946111198593,False,False,False,True,False,False
1266.400447427293,0,0,0,1,0,0,0,0.22371364653243847,-6.102111694488308,4.644390908756757,9.999994999180668e-07,2.3025851929940404,10.123266050728121,4.644390908756757,6.102558596850705,4.605170195988091,0.6931476805598203,-13.815510557964274,-13.815510557964274,0.6931476805598203,False,True,False,False,False,False
6112.369742419302,0,1,1,1,0,0,0,0.026174377766219933,-7.3337756581647415,11.136383034503716,0.6931476805598203,3.555348090060842,10.709879473676978,10.443235853958344,8.028455164440302,4.385480881998865,1.6094381124340804,-13.815510557964274,-13.815510557964274,1.7917596358947079,False,False,False,True,False,False
7640.563613231552,0,0,1,0,0,0,0,0.04240882103477523,-7.358533207287776,6.102558596850705,9.999994999180668e-07,3.5263605540279257,10.203093473383776,6.102558596850705,7.360103973625284,4.199705092879927,1.0986126220013874,-13.815510557964274,-13.815510557964274,1.6094381124340804,False,False,False,False,True,False
4092.5737704918033,0,0,1,0,0,0,0,0.12006465019625955,-4.621597826440341,9.173780116768103,1.7917596358947079,3.2958369030413657,10.406146469313184,7.382020648058668,6.413458958806701,4.2937340411820495,0.6931476805598203,-13.815510557964274,-13.815510557964274,1.3862946111198593,False,False,True,False,False,False
4092.5737704918033,1,0,0,1,0,0,0,0.13577250663980217,-3.155338957882631,10.24341808809217,3.2580965764830196,3.5263605540279257,10.260847276311761,6.985321550960463,6.413458958806701,4.41668443009937,1.3862946111198593,6.573680168357294,3.761200138949376,1.0986126220013874,False,False,True,False,False,False
4092.5737704918033,0,0,1,0,0,0,0,0.0,-6.412849143141731,5.181783555910062,9.999994999180668e-07,2.7080502677688743,7.751200744040292,5.181783555910062,6.413458958806701,-13.815510557964274,9.999994999180668e-07,-13.815510557964274,-13.815510557964274,1.0986126220013874,False,False,True,False,False,False
41763.20315581854,1,0,1,1,0,0,0,0.023396522329889126,-5.689218796583907,10.568286697606304,2.48490673312133,2.7080502677688743,10.461710635165051,8.08338004810121,8.174421152928266,4.419253278645624,1.3862946111198593,7.111512117311817,4.7361984571664255,0.6931476805598203,False,False,False,False,False,True
6112.369742419302,1,1,0,0,0,0,0,0.02682846858991396,-5.463269911401264,10.605470581783253,2.5649494343846104,3.761200138949376,10.556317292996091,8.040521224619077,8.028455164440302,4.410163481820012,1.7917596358947079,7.26403014359981,5.384495067376245,2.079441666679828,False,False,False,True,False,False
41763.20315581854,1,0,0,1,1,0,0,0.01793078716155639,-4.367679799319322,5.991464549607982,3.8066625119925415,2.5649494343846104,10.518173290614191,2.184802169837656,8.174421152928266,4.15318507795932,1.3862946111198593,2.397895363707457,-13.815510557964274,1.0986126220013874,False,False,False,False,False,True
10412.863802559415,0,0,1,1,0,0,0,0.0,-7.688557553728022,5.298317371548037,9.999994999180668e-07,3.7376696420928917,10.470956522148061,5.298317371548037,7.69074316399891,-13.815510557964274,1.3862946111198593,9.999994999180668e-07,-13.815510557964274,1.945910291912446,True,False,False,False,False,False
1266.400447427293,0,1,0,0,0,0,0,0.18423476773259637,-6.102111694488308,6.15485809613956,9.999994999180668e-07,2.397895363707457,9.059695528512524,6.15485809613956,6.102558596850705,4.411014183689991,0.6931476805598203,2.833213402879744,-13.815510557964274,1.0986126220013874,False,True,False,False,False,False
6112.369742419302,1,0,0,0,1,0,0,0.0,-8.02539285776425,4.143134742264548,9.999994999180668e-07,3.0445224853424695,10.277904950234158,4.143134742264548,8.028455164440302,-13.815510557964274,1.3862946111198593,-13.815510557964274,-13.815510557964274,1.3862946111198593,False,False,False,True,False,False
10412.863802559415,1,0,0,0,0,0,0,0.03814651139357123,-7.688557553728022,8.846928500242841,9.999994999180668e-07,3.2958369030413657,9.999984810233544,8.846928500242841,7.69074316399891,4.424422205622699,0.6931476805598203,5.537334270955545,2.6390574010438272,1.6094381124340804,True,False,False,False,False,False
10412.863802559415,0,0,0,0,0,0,0,0.04570383912248629,-7.688557553728022,4.997212280520872,9.999994999180668e-07,2.890371813451719,7.921224239854798,4.997212280520872,7.69074316399891,4.605170195988091,9.999994999180668e-07,-13.815510557964274,-13.815510557964274,0.6931476805598203,True,False,False,False,False,False
10412.863802559415,0,0,1,1,0,0,0,0.0,-7.688557553728022,4.189654757177941,9.999994999180668e-07,2.6390574010438272,9.95997428166519,4.189654757177941,7.69074316399891,-13.815510557964274,1.0986126220013874,-13.815510557964274,-13.815510557964274,1.0986126220013874,True,False,False,False,False,False
1266.400447427293,0,0,0,0,0,0,0,0.1567335128400916,-6.102111694488308,8.297543529605411,9.999994999180668e-07,2.890371813451719,8.024016164881164,8.297543529605411,6.102558596850705,4.249350322642597,9.999994999180668e-07,-13.815510557964274,-13.815510557964274,0.6931476805598203,False,True,False,False,False,False
7640.563613231552,1,1,0,0,0,0,0,0.04855078821912199,-6.260967821561102,10.610241736526952,1.0986126220013874,2.890371813451719,10.739986547324177,9.511629447908167,7.360103973625284,4.334959136918306,1.6094381124340804,7.173958320523077,4.691347891403455,1.0986126220013874,False,False,False,False,True,False
41763.20315581854,1,1,1,0,0,0,1,0.022541561003099463,-4.916188123940292,5.905361850779366,3.2580965764830196,2.9957323235539897,10.129224043323331,2.6472653808777724,8.174421152928266,4.382026647173881,1.7917596358947079,2.3025851929940404,-13.815510557964274,0.6931476805598203,False,False,False,False,False,True
41763.20315581854,1,0,1,0,0,0,1,0.0169061707523246,-5.609198832442679,6.171700599498598,2.5649494343846104,2.079441666679828,9.984581996143936,3.606751267089253,8.174421152928266,4.094344578888768,1.0986126220013874,2.3025851929940404,-13.815510557964274,9.999994999180668e-07,False,False,False,False,False,True
6112.369742419302,0,0,1,0,0,0,1,0.021193348549070755,-6.928821064339634,6.533788839386832,1.0986126220013874,2.5649494343846104,9.588885530355757,5.435176553625699,8.028455164440302,4.174387285280252,1.0986126220013874,2.9957323235539897,-13.815510557964274,0.6931476805598203,False,False,False,True,False,False
41763.20315581854,0,0,1,1,0,0,0,0.023852232478654572,-4.916188123940292,11.39633546737209,3.2580965764830196,3.401197414995488,10.183677975401238,8.138238929631523,8.174421152928266,4.438543703406201,1.3862946111198593,8.131824785301227,6.756932390410344,1.6094381124340804,False,False,False,False,False,True
4092.5737704918033,1,0,1,0,0,0,1,0.08196721311475409,-6.412849143141731,5.407171775944423,9.999994999180668e-07,2.6390574010438272,10.19473613430527,5.407171775944423,6.413458958806701,3.912023025428146,1.3862946111198593,-13.815510557964274,-13.815510557964274,1.0986126220013874,False,False,True,False,False,False
41763.20315581854,0,0,1,0,0,0,0,0.0,-5.658520592276317,8.36753241709412,2.515613875923528,2.7080502677688743,10.329524889484052,5.851918624625973,8.174421152928266,-13.815510557964274,1.0986126220013874,-13.815510557964274,-13.815510557964274,0.6931476805598203,False,False,False,False,False,True
6112.369742419302,1,0,0,0,1,0,0,0.02467081814135759,-6.928821064339634,8.768107539831421,1.0986126220013874,2.890371813451719,10.2686055882259,7.669495251474547,8.028455164440302,4.326320991750899,1.3862946111198593,5.572154035980046,2.397895363707457,1.3862946111198593,False,False,False,True,False,False
6112.369742419302,0,0,1,1,0,0,1,0.02380514529600175,-8.02539285776425,8.837826364152843,9.999994999180668e-07,2.5649494343846104,10.207778621351812,8.837826364152843,8.028455164440302,4.290601645048408,1.0986126220013874,5.66642669157264,2.6390574010438272,1.0986126220013874,False,False,False,True,False,False
41763.20315581854,0,0,1,1,0,0,0,0.0,-4.916188123940292,4.356708839510104,3.2580965764830196,2.6390574010438272,10.271172236488965,1.0986126220013874,8.174421152928266,-13.815510557964274,1.0986126220013874,9.999994999180668e-07,-13.815510557964274,1.0986126220013874,False,False,False,False,False,True
41763.20315581854,1,1,0,0,0,0,0,0.01878463416924955,-4.242525934108025,6.522092799640741,3.9318256523321686,3.49650759176951,9.920251159295926,2.5902672404458236,8.174421152928266,4.199705092879927,0.6931476805598203,-13.815510557964274,-13.815510557964274,1.6094381124340804,False,False,False,False,False,True
1266.400447427293,0,0,0,0,1,0,0,0.22371364653243847,-6.102111694488308,4.532599503905944,9.999994999180668e-07,3.09104249881286,9.017017552876009,4.532599503905944,6.102558596850705,4.605170195988091,0.6931476805598203,-13.815510557964274,-13.815510557964274,1.0986126220013874,False,True,False,False,False,False
1266.400447427293,0,0,0,0,0,0,0,0.1789709172259508,-6.102111694488308,5.332718798096287,9.999994999180668e-07,2.48490673312133,8.024016164881164,5.332718798096287,6.102558596850705,4.382026647173881,9.999994999180668e-07,1.6094381124340804,-13.815510557964274,0.6931476805598203,False,True,False,False,False,False
6112.369742419302,0,0,0,1,0,0,0,0.02535956236640945,-5.948630320903834,8.734077192720308,2.079441666679828,1.945910291912446,10.293512203509344,6.654635652167505,8.028455164440302,4.353855770564328,1.0986126220013874,-13.815510557964274,-13.815510557964274,9.999994999180668e-07,False,False,False,True,False,False
41763.20315581854,0,1,1,1,0,0,0,0.019038480576942116,-4.242525934108025,7.55171221587652,3.9318256523321686,3.0445224853424695,10.384059570139694,3.6198866094126987,8.174421152928266,4.2131281130120675,1.7917596358947079,3.610917939671251,0.6931476805598203,1.3862946111198593,False,False,False,False,False,True
10412.863802559415,0,1,0,0,0,0,0,0.0,-7.688557553728022,3.8066625119925415,9.999994999180668e-07,3.09104249881286,8.71511678782035,3.8066625119925415,7.69074316399891,-13.815510557964274,9.999994999180668e-07,-13.815510557964274,-13.815510557964274,1.0986126220013874,True,False,False,False,False,False
6112.369742419302,0,0,0,0,1,0,0,0.025108346680819366,-8.02539285776425,9.52127499631139,9.999994999180668e-07,3.8066625119925415,9.84741294036413,9.52127499631139,8.028455164440302,4.343900226061869,9.999994999180668e-07,-13.815510557964274,-13.815510557964274,1.3862946111198593,False,False,False,True,False,False
6112.369742419302,0,0,0,0,0,0,1,0.02852950766221063,-7.3337756581647415,7.042286172813869,0.6931476805598203,3.4339872367432105,7.868225738407096,6.34913899312805,8.028455164440302,4.47163880479214,9.999994999180668e-07,-13.815510557964274,-13.815510557964274,1.3862946111198593,False,False,False,True,False,False
10412.863802559415,1,0,0,0,0,0,0,0.03748741860608426,-7.688557553728022,7.881182202604887,9.999994999180668e-07,2.9957323235539897,9.327943316009462,7.881182202604887,7.69074316399891,4.406993269596123,9.999994999180668e-07,4.488636380968095,2.1972246884473243,1.0986126220013874,True,False,False,False,False,False
10412.863802559415,1,1,0,0,0,0,0,0.03829604594448016,-7.688557553728022,11.252897469313233,9.999994999180668e-07,3.761200138949376,10.547396108543046,11.252897469313233,7.69074316399891,4.428334548303652,1.945910291912446,8.024207486106016,5.916202065302853,2.079441666679828,True,False,False,False,False,False
6112.369742419302,1,1,1,0,1,0,0,0.022463189286735068,-7.3337756581647415,9.954323242286145,0.6931476805598203,3.761200138949376,10.120238118094067,9.261176061773721,8.028455164440302,4.232577837395427,1.6094381124340804,7.062191633143454,4.2766661329049445,1.7917596358947079,False,False,False,True,False,False
4092.5737704918033,1,0,0,0,1,0,0,0.1180327868852459,-6.412849143141731,7.206377292214092,9.999994999180668e-07,4.007333203414289,10.225180538424821,7.206377292214092,6.413458958806701,4.2766661329049445,0.6931476805598203,-13.815510557964274,-13.815510557964274,2.079441666679828,False,False,True,False,False,False
10412.863802559415,0,0,1,0,0,0,0,0.03623170283376308,-7.688557553728022,10.518294741671859,9.999994999180668e-07,3.7376696420928917,9.876117148624875,10.518294741671859,7.69074316399891,4.372922401632442,1.0986126220013874,7.287560640993719,5.2417470203506475,1.945910291912446,True,False,False,False,False,False
41763.20315581854,1,0,1,0,1,0,0,0.02222407422840792,-5.689218796583907,8.30350479912043,2.48490673312133,3.4339872367432105,10.296456347280706,5.818598152056551,8.174421152928266,4.367842012360496,1.7917596358947079,4.955827064643514,1.0986126220013874,1.3862946111198593,False,False,False,False,False,True
6112.369742419302,1,1,0,1,0,0,0,0.023475709162047602,-7.3337756581647415,7.720017940876097,0.6931476805598203,3.8066625119925415,10.400687058120372,7.026870760760005,8.028455164440302,4.2766661329049445,2.079441666679828,4.317488126869644,0.6931476805598203,1.945910291912446,False,False,False,True,False,False
10412.863802559415,0,0,0,0,0,0,1,0.0,-7.688557553728022,3.761200138949376,9.999994999180668e-07,1.3862946111198593,8.653286306877517,3.761200138949376,7.69074316399891,-13.815510557964274,0.6931476805598203,-13.815510557964274,-13.815510557964274,9.999994999180668e-07,True,False,False,False,False,False
41763.20315581854,1,1,0,0,0,0,0,0.0,-4.916188123940292,4.499809681441376,3.2580965764830196,3.13549425940741,9.868997207644076,1.2417134211976302,8.174421152928266,-13.815510557964274,1.0986126220013874,-13.815510557964274,-13.815510557964274,1.3862946111198593,False,False,False,False,False,True
7640.563613231552,1,1,1,1,0,0,1,0.04627903477959405,-7.358533207287776,10.56199152717838,9.999994999180668e-07,3.5835189662338873,10.224130538768373,10.56199152717838,7.360103973625284,4.287037753758466,1.7917596358947079,7.755338813274951,5.030437927928383,1.945910291912446,False,False,False,False,True,False
41763.20315581854,0,0,1,1,1,0,0,0.023188996371776894,-5.689218796583907,12.616054205766385,2.48490673312133,2.397895363707457,10.514874196133105,10.131147556014886,8.174421152928266,4.410343757654534,1.7917596358947079,-13.815510557964274,-13.815510557964274,1.0986126220013874,False,False,False,False,False,True
10412.863802559415,1,1,0,0,0,0,1,0.0,-7.688557553728022,3.7135720910945516,9.999994999180668e-07,3.2958369030413657,9.56888296407913,3.7135720910945516,7.69074316399891,-13.815510557964274,1.0986126220013874,-13.815510557964274,-13.815510557964274,1.3862946111198593,True,False,False,False,False,False
41763.20315581854,0,0,1,0,0,0,0,0.02049232818463588,-3.218569102399808,7.442492723380264,4.955827064643514,2.7080502677688743,10.093202307287365,2.486665748380054,8.174421152928266,4.286716468619557,0.6931476805598203,2.397895363707457,0.6931476805598203,0.6931476805598203,False,False,False,False,False,True
6112.369742419302,0,0,0,0,0,1,1,0.0,-8.02539285776425,3.7135720910945516,9.999994999180668e-07,3.465735934049726,9.863333622827003,3.7135720910945516,8.028455164440302,-13.815510557964274,1.0986126220013874,-13.815510557964274,-13.815510557964274,1.3862946111198593,False,False,False,True,False,False
6112.369742419302,0,1,0,0,0,1,1,0.016302575806977502,-8.02539285776425,4.406719259459375,9.999994999180668e-07,3.2958369030413657,10.557197992408302,4.406719259459375,8.028455164440302,3.912023025428146,1.3862946111198593,-13.815510557964274,-13.815510557964274,1.6094381124340804,False,False,False,True,False,False
6112.369742419302,0,0,0,1,0,0,1,0.023910444516900334,-8.02539285776425,6.098074284413431,9.999994999180668e-07,2.6390574010438272,10.114387249124254,6.098074284413431,8.028455164440302,4.295015271320615,0.6931476805598203,2.7080502677688743,-13.815510557964274,1.0986126220013874,False,False,False,True,False,False
7640.563613231552,1,1,0,0,0,0,0,0.04869542634005175,-7.358533207287776,10.190431852938527,9.999994999180668e-07,3.7135720910945516,10.358689090639915,10.190431852938527,7.360103973625284,4.337933817760092,0.6931476805598203,-13.815510557964274,-13.815510557964274,2.079441666679828,False,False,False,False,True,False
10412.863802559415,0,1,1,1,0,0,0,0.03909767948531275,-7.688557553728022,10.025660936538054,9.999994999180668e-07,3.610917939671251,10.62659417518668,10.025660936538054,7.69074316399891,4.449051013277816,1.6094381124340804,-13.815510557964274,-13.815510557964274,1.7917596358947079,True,False,False,False,False,False
6112.369742419302,0,0,0,0,0,0,1,0.02343495272253016,-7.3337756581647415,7.048386409590693,0.6931476805598203,2.1972246884473243,7.868225738407096,6.355239229899556,8.028455164440302,4.274928513030558,9.999994999180668e-07,3.465735934049726,9.999994999180668e-07,9.999994999180668e-07,False,False,False,True,False,False
10412.863802559415,0,0,1,1,0,0,0,0.03791392368584577,-7.688557553728022,10.244876254972697,9.999994999180668e-07,2.944439031798018,10.047524918149158,10.244876254972697,7.69074316399891,4.418306320809162,0.6931476805598203,-13.815510557964274,-13.815510557964274,1.0986126220013874,True,False,False,False,False,False
41763.20315581854,0,1,1,0,0,0,0,0.023059307723687927,-5.689218796583907,12.79110830767231,2.48490673312133,2.833213402879744,10.299660323507814,10.306201657914949,8.174421152928266,4.404735379618646,1.0986126220013874,-13.815510557964274,-13.815510557964274,1.0986126220013874,False,False,False,False,False,True
7640.563613231552,0,0,1,0,0,0,0,0.04980246417570645,-6.666171101165439,8.987071812973838,0.6931476805598203,2.9957323235539897,10.35589094686968,8.293924632538907,7.360103973625284,4.360413171026454,1.0986126220013874,5.717027704695695,2.9957323235539897,1.3862946111198593,False,False,False,False,True,False
7640.563613231552,0,0,0,0,1,0,0,0.04930025445292621,-7.358533207287776,8.444192298746893,9.999994999180668e-07,3.2958369030413657,8.471240634003612,8.444192298746893,7.360103973625284,4.350277949262527,9.999994999180668e-07,-13.815510557964274,-13.815510557964274,1.3862946111198593,False,False,False,False,True,False
4092.5737704918033,1,0,0,0,1,0,0,0.11945392491467577,-6.412849143141731,9.601436066184677,9.999994999180668e-07,3.49650759176951,9.704884196475403,9.601436066184677,6.413458958806701,4.288634423363357,0.6931476805598203,-13.815510557964274,-13.815510557964274,1.3862946111198593,False,False,True,False,False,False
6112.369742419302,1,0,1,0,0,0,0,0.02597527253008555,-6.928821064339634,9.627470511680743,1.0986126220013874,2.5649494343846104,10.362461251496468,8.528858223144422,8.028455164440302,4.377844926629589,1.3862946111198593,6.490723536019958,3.09104249881286,0.6931476805598203,False,False,False,True,False,False
7640.563613231552,0,1,1,0,0,0,0,0.04734848484848484,-7.358533207287776,8.86601739895136,9.999994999180668e-07,3.850147622986654,10.457910662180248,8.86601739895136,7.360103973625284,4.309883527586205,1.0986126220013874,5.8636311784390065,2.890371813451719,1.945910291912446,False,False,False,False,True,False
6112.369742419302,0,0,0,0,0,0,1,0.021736767742636668,-7.3337756581647415,7.857867559718501,0.6931476805598203,3.555348090060842,7.868225738407096,7.164720379545253,8.028455164440302,4.199705092879927,9.999994999180668e-07,4.189654757177941,0.6931476805598203,1.6094381124340804,False,False,False,True,False,False
41763.20315581854,0,0,1,0,0,0,0,0.0,-3.8436411160820323,4.644390908756757,4.330733353444225,3.2958369030413657,9.911230783913622,0.3136582896240053,8.174421152928266,-13.815510557964274,9.999994999180668e-07,-13.815510557964274,-13.815510557964274,1.3862946111198593,False,False,False,False,False,True
4092.5737704918033,1,1,0,0,0,0,0,0.1264006182038969,-4.803899052174652,9.774744676700273,1.6094381124340804,2.944439031798018,10.579252340169809,8.165306764493652,6.413458958806701,4.345160063709064,1.0986126220013874,-13.815510557964274,-13.815510557964274,1.0986126220013874,False,False,True,False,False,False
10412.863802559415,0,0,0,1,0,0,1,0.017138939670932357,-7.688557553728022,5.996452091106583,9.999994999180668e-07,3.13549425940741,10.45747678202262,5.996452091106583,7.69074316399891,3.6243409596430314,1.0986126220013874,2.079441666679828,-13.815510557964274,1.0986126220013874,True,False,False,False,False,False
41763.20315581854,0,1,1,0,0,0,1,0.019601357393999534,-3.817666826991998,6.1569789877042,4.356708839510104,2.833213402879744,9.98914820738265,1.8002703241501872,8.174421152928266,4.242264706673723,1.6094381124340804,3.13549425940741,1.0986126220013874,1.0986126220013874,False,False,False,False,False,True
6112.369742419302,0,0,0,0,0,0,1,0.0242642988755014,-7.3337756581647415,7.153051635719953,0.6931476805598203,2.6390574010438272,7.868225738407096,6.45990445594248,8.028455164440302,4.309705986531755,9.999994999180668e-07,3.761200138949376,1.0986126220013874,0.6931476805598203,False,False,False,True,False,False
41763.20315581854,1,1,0,1,0,0,0,0.02212239974477737,-4.2231091863939945,7.8751192814203765,3.9512437378121965,3.6375861860421748,10.278089535347648,3.9238755822232134,8.174421152928266,4.363256544728733,1.3862946111198593,4.795790553861204,2.6390574010438272,1.7917596358947079,False,False,False,False,False,True
10412.863802559415,1,1,1,0,0,0,1,0.0354806119503512,-7.688557553728022,7.587310506529458,9.999994999180668e-07,3.871201031741224,9.799697664491218,7.587310506529458,7.69074316399891,4.351974302488836,1.3862946111198593,4.330733353444225,1.7917596358947079,2.079441666679828,True,False,False,False,False,False
41763.20315581854,0,0,1,1,1,0,1,0.02291417510840642,-5.689218796583907,11.461684800787157,2.48490673312133,2.772588784739779,10.583991796603184,8.97677815111494,8.174421152928266,4.398421605386675,1.6094381124340804,8.171599480628029,5.209486158305902,1.3862946111198593,False,False,False,False,False,True
10412.863802559415,0,0,0,0,0,0,0,0.022851919561243144,-7.688557553728022,5.533389492680089,9.999994999180668e-07,3.401197414995488,9.293493489888165,5.533389492680089,7.69074316399891,3.912023025428146,0.6931476805598203,-13.815510557964274,-13.815510557964274,1.7917596358947079,True,False,False,False,False,False
41763.20315581854,0,0,1,0,0,0,0,0.02012639375276738,-4.031230094508293,6.888572460584731,4.143134742264548,2.48490673312133,10.093202307287365,2.7454377973940116,8.174421152928266,4.268697963366878,0.6931476805598203,3.8918203185187896,1.3862946111198593,0.6931476805598203,False,False,False,False,False,True
10412.863802559415,1,0,0,0,0,0,0,0.03972948106725933,-7.688557553728022,10.151947911873128,9.999994999180668e-07,3.2188758648682,10.342442997752544,10.151947911873128,7.69074316399891,4.465081404321169,0.6931476805598203,-13.815510557964274,-13.815510557964274,1.6094381124340804,True,False,False,False,False,False
41763.20315581854,1,0,0,0,1,0,0,0.01878463416924955,-4.916188123940292,5.8636311784390065,3.2580965764830196,2.9957323235539897,10.324615578404265,2.6055347114402485,8.174421152928266,4.199705092879927,1.3862946111198593,1.0986126220013874,-13.815510557964274,0.6931476805598203,False,False,False,False,False,True
10412.863802559415,0,0,1,0,0,1,0,0.03494999462307775,-7.688557553728022,6.17378610598527,9.999994999180668e-07,2.3025851929940404,10.530730138468892,6.17378610598527,7.69074316399891,4.336906212470335,0.6931476805598203,2.833213402879744,-13.815510557964274,0.6931476805598203,True,False,False,False,False,False
41763.20315581854,0,0,1,0,0,0,0,0.0,-5.689218796583907,5.010635300762923,2.48490673312133,3.2188758648682,9.911230783913622,2.525728724308252,8.174421152928266,-13.815510557964274,9.999994999180668e-07,-13.815510557964274,-13.815510557964274,1.0986126220013874,False,False,False,False,False,True
7640.563613231552,1,1,1,0,0,0,0,0.0414868901427149,-7.358533207287776,6.942156706665653,9.999994999180668e-07,3.7376696420928917,10.055523290413722,6.942156706665653,7.360103973625284,4.177726186494485,1.0986126220013874,-13.815510557964274,-13.815510557964274,1.7917596358947079,False,False,False,False,True,False
7640.563613231552,0,0,1,1,0,0,0,0.04800998607710404,-7.358533207287776,7.86403565945677,9.999994999180668e-07,4.204692634316339,10.051493467196256,7.86403565945677,7.360103973625284,4.323757739799905,1.0986126220013874,-13.815510557964274,-13.815510557964274,2.079441666679828,False,False,False,False,True,False
6112.369742419302,0,0,0,1,0,0,0,0.0,-8.02539285776425,4.369447865125249,9.999994999180668e-07,2.9957323235539897,10.36337952074992,4.369447865125249,8.028455164440302,-13.815510557964274,0.6931476805598203,-13.815510557964274,-13.815510557964274,1.0986126220013874,False,False,False,True,False,False
41763.20315581854,0,0,1,0,0,0,0,0.024066111022632765,-5.689218796583907,12.327967217230697,2.48490673312133,2.1972246884473243,10.093202307287365,9.843060567491385,8.174421152928266,4.44747055463441,0.6931476805598203,-13.815510557964274,-13.815510557964274,9.999994999180668e-07,False,False,False,False,False,True
6112.369742419302,0,1,0,1,0,0,0,0.025178422635220812,-7.3337756581647415,9.348535870814676,0.6931476805598203,2.890371813451719,10.615477951645586,8.655388690341823,8.028455164440302,4.346687281178213,1.3862946111198593,6.2915691414101715,3.610917939671251,1.3862946111198593,False,False,False,True,False,False
4092.5737704918033,0,1,0,0,0,0,0,0.12295081967213115,-6.412849143141731,7.622174595307098,9.999994999180668e-07,2.079441666679828,9.945039373426525,7.622174595307098,6.413458958806701,4.317488126869644,0.6931476805598203,-13.815510557964274,-13.815510557964274,9.999994999180668e-07,False,False,True,False,False,False
10412.863802559415,0,1,1,0,0,0,1,0.0,-7.688557553728022,4.290459454847021,9.999994999180668e-07,4.077537460854872,9.757396691627354,4.290459454847021,7.69074316399891,-13.815510557964274,1.0986126220013874,-13.815510557964274,-13.815510557964274,2.1972246884473243,True,False,False,False,False,False
10412.863802559415,0,0,1,1,0,0,0,0.03544379360519345,-7.688557553728022,8.102889134943531,9.999994999180668e-07,3.761200138949376,10.271172236488965,8.102889134943531,7.69074316399891,4.350936060498587,1.0986126220013874,-13.815510557964274,-13.815510557964274,1.945910291912446,True,False,False,False,False,False
6112.369742419302,1,1,1,1,0,0,1,0.02584760723800578,-8.02539285776425,10.02113724601395,9.999994999180668e-07,3.7841896566455335,10.688316311970222,10.02113724601395,8.028455164440302,4.37291793109002,1.945910291912446,-13.815510557964274,-13.815510557964274,1.7917596358947079,False,False,False,True,False,False
6112.369742419302,0,0,0,0,0,0,1,0.016302575806977502,-8.02539285776425,4.700480374883325,9.999994999180668e-07,3.761200138949376,5.85555732140996,4.700480374883325,8.028455164440302,3.912023025428146,9.999994999180668e-07,-13.815510557964274,-13.815510557964274,1.945910291912446,False,False,False,True,False,False
7640.563613231552,0,0,1,0,0,0,0,0.051167164509348384,-6.260967821561102,8.613412049338434,1.0986126220013874,3.988984065082793,9.911230783913622,7.51479976103363,7.360103973625284,4.3874467145756535,9.999994999180668e-07,-13.815510557964274,-13.815510557964274,1.7917596358947079,False,False,False,False,True,False
10412.863802559415,0,1,0,0,0,0,0,0.031421389396709326,-7.688557553728022,7.063048164244337,9.999994999180668e-07,3.7841896566455335,8.71511678782035,7.063048164244337,7.69074316399891,4.2304767510921355,9.999994999180668e-07,3.465735934049726,0.6931476805598203,1.945910291912446,True,False,False,False,False,False
41763.20315581854,0,0,1,0,1,0,0,0.021837137221752605,-5.609198832442679,8.52635112939918,2.5649494343846104,2.6390574010438272,9.94516900230081,5.961401774315764,8.174421152928266,4.350277949262527,0.6931476805598203,5.298317371548037,2.397895363707457,1.0986126220013874,False,False,False,False,False,True
41763.20315581854,0,1,0,1,0,0,0,0.01718106783772825,-3.6310886157700577,6.989335266896219,4.543294792908302,2.9957323235539897,10.17373388017945,2.446040570340497,8.174421152928266,4.110473960551984,1.0986126220013874,3.7135720910945516,9.999994999180668e-07,1.0986126220013874,False,False,False,False,False,True
10412.863802559415,0,0,1,0,0,0,0,0.022851919561243144,-7.688557553728022,4.912654893088993,9.999994999180668e-07,2.6390574010438272,9.911230783913622,4.912654893088993,7.69074316399891,3.912023025428146,9.999994999180668e-07,0.6931476805598203,9.999994999180668e-07,1.3862946111198593,True,False,False,False,False,False
7640.563613231552,1,0,0,0,1,0,1,0.05089058524173028,-7.358533207287776,6.0354814349171,9.999994999180668e-07,3.401197414995488,9.743297242718148,6.0354814349171,7.360103973625284,4.382026647173881,1.6094381124340804,2.7080502677688743,-13.815510557964274,1.0986126220013874,False,False,False,False,True,False
41763.20315581854,1,0,0,1,1,0,0,0.022783509779519137,-4.916188123940292,9.646722582783706,3.2580965764830196,2.833213402879744,10.269760965275985,6.388626046378151,8.174421152928266,4.39270290503248,1.3862946111198593,6.326149474944008,3.761200138949376,1.0986126220013874,False,False,False,False,False,True
6112.369742419302,1,0,0,0,1,0,0,0.026533847520322004,-8.02539285776425,8.204124932847563,9.999994999180668e-07,3.332204545889489,10.14583024173724,8.204124932847563,8.028455164440302,4.399121080321318,0.6931476805598203,-13.815510557964274,-13.815510557964274,1.6094381124340804,False,False,False,True,False,False
10412.863802559415,0,0,0,0,0,0,1,0.0,-7.688557553728022,3.9512437378121965,9.999994999180668e-07,3.2580965764830196,7.827281864030128,3.9512437378121965,7.69074316399891,-13.815510557964274,0.6931476805598203,-13.815510557964274,-13.815510557964274,1.6094381124340804,True,False,False,False,False,False
6112.369742419302,0,0,0,0,0,0,1,0.021736767742636668,-7.3337756581647415,6.572282544092609,0.6931476805598203,1.7917596358947079,7.868225738407096,5.879135364931265,8.028455164440302,4.199705092879927,9.999994999180668e-07,3.0445224853424695,-13.815510557964274,0.6931476805598203,False,False,False,True,False,False
10412.863802559415,1,0,0,0,1,0,0,0.03451106219453046,-7.688557553728022,7.462789157986501,9.999994999180668e-07,3.828641418228225,10.40115636300873,7.462789157986501,7.69074316399891,4.324267813764933,1.0986126220013874,-13.815510557964274,-13.815510557964274,1.7917596358947079,True,False,False,False,False,False
41763.20315581854,1,1,0,1,1,0,0,0.02143758933666065,-4.708574349746414,9.073603848517365,3.465735934049726,2.1972246884473243,10.191178484279312,5.607867949271869,8.174421152928266,4.331811779033333,1.6094381124340804,6.084499415353076,3.465735934049726,9.999994999180668e-07,False,False,False,False,False,True
6112.369742419302,0,0,0,0,0,0,1,0.02297181136437739,-7.3337756581647415,8.399984990735566,0.6931476805598203,2.079441666679828,9.78294658673684,7.706837810400493,8.028455164440302,4.254967770748524,1.0986126220013874,-13.815510557964274,-13.815510557964274,9.999994999180668e-07,False,False,False,True,False,False
41763.20315581854,0,0,1,1,0,0,0,0.022004857169692336,-5.689218796583907,8.648572269647994,2.48490673312133,2.397895363707457,10.411786553346806,6.163665621789142,8.174421152928266,4.357929095899699,1.6094381124340804,5.347107535479373,1.6094381124340804,0.6931476805598203,False,False,False,False,False,True
41763.20315581854,0,0,1,0,0,0,0,0.022426553038797935,-4.916188123940292,7.242082359972781,3.2580965764830196,2.7080502677688743,9.911230783913622,3.9839858398467896,8.174421152928266,4.376911546571214,9.999994999180668e-07,3.8918203185187896,1.3862946111198593,0.6931476805598203,False,False,False,False,False,True
41763.20315581854,1,1,0,1,0,0,0,0.0238894194938151,-4.996219458230981,12.83436125374429,3.1780538720146114,2.7080502677688743,10.56415768908573,9.656307423457697,8.174421152928266,4.440101547372879,1.6094381124340804,9.536762272816045,7.30518821606508,0.6931476805598203,False,False,False,False,False,True
41763.20315581854,0,0,1,1,0,0,0,0.02413231554852137,-4.955403377853663,11.973894656311082,3.2188758648682,2.397895363707457,10.245158196672675,8.755018831594242,8.174421152928266,4.450217721770811,1.6094381124340804,8.333029939983355,6.553933405450312,9.999994999180668e-07,False,False,False,False,False,True
10412.863802559415,1,1,0,0,0,0,0,0.0,-7.688557553728022,4.174387285280252,9.999994999180668e-07,3.2188758648682,10.607477432832846,4.174387285280252,7.69074316399891,-13.815510557964274,1.0986126220013874,-13.815510557964274,-13.815510557964274,1.6094381124340804,True,False,False,False,False,False
10412.863802559415,0,0,0,0,1,0,0,0.04570383912248629,-7.688557553728022,4.2766661329049445,9.999994999180668e-07,2.6390574010438272,9.84741294036413,4.2766661329049445,7.69074316399891,4.605170195988091,9.999994999180668e-07,-13.815510557964274,-13.815510557964274,0.6931476805598203,True,False,False,False,False,False
41763.20315581854,1,0,1,0,0,0,1,0.022506666945819126,-5.689218796583907,10.231387437062702,2.48490673312133,2.833213402879744,10.544165169347073,7.746480787670942,8.174421152928266,4.380477460206432,1.3862946111198593,7.163946685116541,4.499809681441376,1.3862946111198593,False,False,False,False,False,True
10412.863802559415,1,0,0,1,1,0,0,0.03843483886443678,-7.688557553728022,10.14580608327562,9.999994999180668e-07,2.7080502677688743,10.193507693827321,10.14580608327562,7.69074316399891,4.431952206825883,1.3862946111198593,-13.815510557964274,-13.815510557964274,0.6931476805598203,True,False,False,False,False,False
41763.20315581854,1,1,0,1,0,0,0,0.022320203611907,-4.916188123940292,9.978131095578297,3.2580965764830196,3.13549425940741,10.65994021944812,6.720034558716908,8.174421152928266,4.372158146157095,1.6094381124340804,6.415096960808256,3.5835189662338873,1.0986126220013874,False,False,False,False,False,True
7640.563613231552,1,1,0,0,0,1,0,0.027262813522355506,-6.260967821561102,8.271804031410332,1.0986126220013874,3.367295864469232,10.475247092056438,7.1731917432534695,7.360103973625284,3.7578723489342205,1.6094381124340804,-13.815510557964274,-13.815510557964274,1.6094381124340804,False,False,False,False,True,False
7640.563613231552,0,0,0,1,0,0,0,0.0,-7.358533207287776,4.1588830989846715,9.999994999180668e-07,3.9512437378121965,9.797925220956992,4.1588830989846715,7.360103973625284,-13.815510557964274,9.999994999180668e-07,-13.815510557964274,-13.815510557964274,2.079441666679828,False,False,False,False,True,False
10412.863802559415,1,1,0,0,0,0,0,0.03808653260207191,-7.688557553728022,5.7203117798861,9.999994999180668e-07,3.332204545889489,10.525885854394817,5.7203117798861,7.69074316399891,4.422848641194137,1.6094381124340804,1.7917596358947079,9.999994999180668e-07,1.3862946111198593,True,False,False,False,False,False
10412.863802559415,1,0,0,0,1,0,0,0.0,-7.688557553728022,4.7361984571664255,9.999994999180668e-07,2.890371813451719,10.075350002775728,4.7361984571664255,7.69074316399891,-13.815510557964274,1.6094381124340804,-13.815510557964274,-13.815510557964274,0.6931476805598203,True,False,False,False,False,False
10412.863802559415,1,0,0,0,1,0,0,0.03278753676178364,-7.688557553728022,8.041734711809289,9.999994999180668e-07,3.1780538720146114,10.433638181317715,8.041734711809289,7.69074316399891,4.27303636490487,1.6094381124340804,3.828641418228225,0.6931476805598203,1.3862946111198593,True,False,False,False,False,False
10412.863802559415,1,1,0,1,0,0,0,0.037757623302566046,-7.688557553728022,11.10827502494489,9.999994999180668e-07,3.828641418228225,10.540819088186534,11.10827502494489,7.69074316399891,4.414175293761632,2.1972246884473243,-13.815510557964274,-13.815510557964274,1.945910291912446,True,False,False,False,False,False
41763.20315581854,0,0,0,0,0,0,1,0.0169061707523246,-2.9814445852839904,4.969813306520445,5.1929568564457655,2.9957323235539897,7.827281864030128,-0.2231423013149909,8.174421152928266,4.094344578888768,0.6931476805598203,1.6094381124340804,-13.815510557964274,1.0986126220013874,False,False,False,False,False,True
41763.20315581854,0,1,0,1,0,0,0,0.02275830678197542,-4.2231091863939945,8.034306936663636,3.9512437378121965,2.5649494343846104,10.171428339136915,4.083063234613815,8.174421152928266,4.391596098070985,1.3862946111198593,-13.815510557964274,-13.815510557964274,0.6931476805598203,False,False,False,False,False,True
6112.369742419302,1,0,0,0,1,0,0,0.023120016598986274,-6.928821064339634,7.382746450360802,1.0986126220013874,3.4339872367432105,9.93954340428779,6.284134162936474,8.028455164440302,4.2613986609878305,1.3862946111198593,4.007333203414289,9.999994999180668e-07,1.6094381124340804,False,False,False,True,False,False
4092.5737704918033,0,0,1,0,0,0,0,0.16393442622950818,-6.412849143141731,3.6375861860421748,9.999994999180668e-07,2.944439031798018,9.911230783913622,3.6375861860421748,6.413458958806701,4.605170195988091,9.999994999180668e-07,-13.815510557964274,-13.815510557964274,1.0986126220013874,False,False,True,False,False,False
10412.863802559415,1,0,0,1,0,0,0,0.03645022231250141,-7.688557553728022,8.867990898322919,9.999994999180668e-07,3.401197414995488,10.469517551084529,8.867990898322919,7.69074316399891,4.3789354546429085,1.7917596358947079,6.003887069575675,2.833213402879744,1.6094381124340804,True,False,False,False,False,False
6112.369742419302,1,1,1,0,0,0,1,0.0249654923844817,-7.3337756581647415,11.20946625208083,0.6931476805598203,3.2958369030413657,10.659547852863843,10.516319071534431,8.028455164440302,4.3381944649417346,1.7917596358947079,8.096208271954728,5.556828065560541,1.7917596358947079,False,False,False,True,False,False
41763.20315581854,1,0,1,0,0,0,1,0.0,-4.2231091863939945,3.555348090060842,3.9512437378121965,3.5835189662338873,9.562989436612362,-0.39589417137883154,8.174421152928266,-13.815510557964274,1.0986126220013874,-13.815510557964274,-13.815510557964274,2.079441666679828,False,False,False,False,False,True
10412.863802559415,1,1,1,1,0,0,1,0.03423512316394912,-7.688557553728022,11.201674481685705,9.999994999180668e-07,3.5263605540279257,10.224130538768373,11.201674481685705,7.69074316399891,4.316240008079579,1.7917596358947079,8.421342865979522,5.645446901176807,1.6094381124340804,True,False,False,False,False,False
6112.369742419302,1,1,0,1,0,0,0,0.024979125699473883,-6.64139434679697,9.30737633457853,1.3862946111198593,2.890371813451719,10.65994021944812,7.921081973730896,8.028455164440302,4.338740402248929,1.6094381124340804,6.037870922308772,3.0445224853424695,0.6931476805598203,False,False,False,True,False,False
6112.369742419302,0,0,0,0,0,0,1,0.024453863710466255,-8.02539285776425,5.54907608878627,9.999994999180668e-07,3.610917939671251,7.868225738407096,5.54907608878627,8.028455164440302,4.317488126869644,9.999994999180668e-07,1.3862946111198593,-13.815510557964274,1.7917596358947079,False,False,False,True,False,False
6112.369742419302,0,0,1,1,0,0,1,0.02444175184136746,-7.3337756581647415,10.095057874052515,0.6931476805598203,3.0445224853424695,10.207778621351812,9.401910693533853,8.028455164440302,4.316992709476968,1.0986126220013874,7.204892510947615,4.762173943344765,1.0986126220013874,False,False,False,True,False,False
1266.400447427293,0,1,0,0,0,0,0,0.11185682326621924,-5.409187939026028,5.488937730288918,0.6931476805598203,3.2188758648682,9.059695528512524,4.795790553861204,6.102558596850705,3.912023025428146,0.6931476805598203,-13.815510557964274,-13.815510557964274,1.0986126220013874,False,True,False,False,False,False
10412.863802559415,0,0,1,1,0,0,0,0.0,-7.688557553728022,4.948759897470366,9.999994999180668e-07,3.0445224853424695,10.46539673983523,4.948759897470366,7.69074316399891,-13.815510557964274,1.0986126220013874,9.999994999180668e-07,-13.815510557964274,0.6931476805598203,True,False,False,False,False,False
4092.5737704918033,0,0,1,0,0,0,0,0.11730747881434334,-6.412849143141731,9.848714526741652,9.999994999180668e-07,4.543294792908302,9.930382188212418,9.848714526741652,6.413458958806701,4.270502203795,0.6931476805598203,6.786716951733749,4.290459454847021,2.7080502677688743,False,False,True,False,False,False
6112.369742419302,0,1,0,0,0,0,1,0.0185256543261108,-6.928821064339634,7.755767170531263,1.0986126220013874,3.9512437378121965,8.390350943423686,6.657154882719684,8.028455164440302,4.039856394538031,0.6931476805598203,4.477336825841843,0.6931476805598203,2.1972246884473243,False,False,False,True,False,False
41763.20315581854,0,0,0,1,0,0,1,0.02217460535886296,-5.609198832442679,10.135590845261452,2.5649494343846104,2.890371813451719,10.534625285909977,7.570641488275635,8.174421152928266,4.365613617739407,1.3862946111198593,6.980075941491996,4.127134401174124,1.3862946111198593,False,False,False,False,False,True
10412.863802559415,1,1,0,1,0,0,0,0.03713436928702011,-7.688557553728022,7.789454566500751,9.999994999180668e-07,1.6094381124340804,10.44550809522314,7.789454566500751,7.69074316399891,4.397530833517539,1.7917596358947079,4.1588830989846715,9.999994999180668e-07,9.999994999180668e-07,True,False,False,False,False,False
7640.563613231552,1,1,0,0,0,0,1,0.04539069126378286,-7.358533207287776,9.080231686743058,9.999994999180668e-07,4.094344578888768,10.44091159345669,9.080231686743058,7.360103973625284,4.267655753803033,1.0986126220013874,-13.815510557964274,-13.815510557964274,2.079441666679828,False,False,False,False,True,False
4092.5737704918033,0,1,1,0,0,1,0,0.13511079084849575,-6.412849143141731,7.771910256857171,9.999994999180668e-07,2.5649494343846104,10.865091660822785,7.771910256857171,6.413458958806701,4.411798805140885,1.3862946111198593,-13.815510557964274,-13.815510557964274,0.6931476805598203,False,False,True,False,False,False
41763.20315581854,1,0,0,0,0,0,0,0.023644612195596097,-5.689218796583907,11.832178876266594,2.48490673312133,2.3025851929940404,10.506927979396247,9.34727222655853,8.174421152928266,4.429801160425877,1.0986126220013874,-13.815510557964274,-13.815510557964274,9.999994999180668e-07,False,False,False,False,False,True
10412.863802559415,0,1,0,0,0,0,0,0.022851919561243144,-7.688557553728022,4.86753445814789,9.999994999180668e-07,3.4339872367432105,8.71511678782035,4.86753445814789,7.69074316399891,3.912023025428146,9.999994999180668e-07,0.6931476805598203,-13.815510557964274,1.3862946111198593,True,False,False,False,False,False
41763.20315581854,0,0,1,1,0,0,0,0.022361448313610994,-5.609198832442679,11.126026926450626,2.5649494343846104,2.397895363707457,10.114906665815484,8.561077569165779,8.174421152928266,4.374004304977144,1.6094381124340804,8.213923595893599,5.9269260286370775,9.999994999180668e-07,False,False,False,False,False,True
6112.369742419302,0,0,0,0,0,0,1,0.015955712491935427,-6.928821064339634,7.06047636685817,1.0986126220013874,2.3025851929940404,7.868225738407096,5.961864079906799,8.028455164440302,3.890516820641965,9.999994999180668e-07,3.850147622986654,-13.815510557964274,0.6931476805598203,False,False,False,True,False,False
41763.20315581854,1,1,0,1,0,0,0,0.0,-5.658520592276317,8.298290634608223,2.515613875923528,3.465735934049726,10.224349702144197,5.782676842329503,8.174421152928266,-13.815510557964274,1.3862946111198593,-13.815510557964274,-13.815510557964274,1.3862946111198593,False,False,False,False,False,True
4092.5737704918033,0,0,1,0,0,0,0,0.12975133001131414,-6.412849143141731,9.53452311553697,9.999994999180668e-07,2.890371813451719,9.911230783913622,9.53452311553697,6.413458958806701,4.371323463382084,9.999994999180668e-07,6.523562307617941,3.555348090060842,1.0986126220013874,False,False,True,False,False,False
7640.563613231552,0,0,1,0,0,0,0,0.031806615776081425,-7.358533207287776,5.5872486621455675,9.999994999180668e-07,2.772588784739779,7.751200744040292,5.5872486621455675,7.360103973625284,3.912023025428146,9.999994999180668e-07,1.7917596358947079,-13.815510557964274,0.6931476805598203,False,False,False,False,True,False
41763.20315581854,0,1,1,1,0,0,0,0.02138732444571184,-4.996219458230981,8.955577146410526,3.1780538720146114,2.7080502677688743,10.611577320035403,5.777523319029941,8.174421152928266,4.329464317757629,1.0986126220013874,5.805134971928537,2.397895363707457,0.6931476805598203,False,False,False,False,False,True
1266.400447427293,0,0,0,0,0,0,0,0.15212527964205816,-6.102111694488308,6.577861359111867,9.999994999180668e-07,2.5649494343846104,8.024016164881164,6.577861359111867,6.102558596850705,4.219507719881989,9.999994999180668e-07,-13.815510557964274,-13.815510557964274,0.6931476805598203,False,True,False,False,False,False
6112.369742419302,0,0,0,0,0,0,1,0.020627748980257248,-8.02539285776425,7.805067044666154,9.999994999180668e-07,3.401197414995488,7.868225738407096,7.805067044666154,8.028455164440302,4.147337108169062,9.999994999180668e-07,-13.815510557964274,-13.815510557964274,1.6094381124340804,False,False,False,True,False,False
41763.20315581854,0,0,1,1,0,0,0,0.024086170240016396,-4.996219458230981,12.848912887201902,3.1780538720146114,3.2580965764830196,10.487995386827324,9.670859056914422,8.174421152928266,4.448303712183055,1.6094381124340804,-13.815510557964274,-13.815510557964274,1.6094381124340804,False,False,False,False,False,True
10412.863802559415,0,1,0,0,0,0,0,0.0,-7.688557553728022,5.710427020686128,9.999994999180668e-07,2.833213402879744,8.71511678782035,5.710427020686128,7.69074316399891,-13.815510557964274,9.999994999180668e-07,9.999994999180668e-07,-13.815510557964274,1.0986126220013874,True,False,False,False,False,False
41763.20315581854,0,0,1,0,0,0,1,0.022732321745015677,-5.689218796583907,10.962076139092265,2.48490673312133,3.4339872367432105,10.286389764772567,8.477169489495084,8.174421152928266,4.390453663230867,1.0986126220013874,7.950149888004628,4.804021052929977,1.6094381124340804,False,False,False,False,False,True
10412.863802559415,0,1,1,0,0,0,1,0.0,-7.688557553728022,4.442651268255022,9.999994999180668e-07,3.7135720910945516,9.757396691627354,4.442651268255022,7.69074316399891,-13.815510557964274,1.0986126220013874,-13.815510557964274,-13.815510557964274,2.079441666679828,True,False,False,False,False,False
4092.5737704918033,1,0,0,0,1,0,0,0.11404133998574482,-6.412849143141731,7.541683100412615,9.999994999180668e-07,3.4339872367432105,10.037571802710676,7.541683100412615,6.413458958806701,4.242264706673723,1.0986126220013874,-13.815510557964274,-13.815510557964274,1.6094381124340804,False,False,True,False,False,False
41763.20315581854,1,1,0,0,1,0,0,0.01878463416924955,-4.5107685106570985,6.484635237161969,3.6635616717706716,2.890371813451719,10.312876481860522,2.8210736490475887,8.174421152928266,4.199705092879927,1.3862946111198593,2.48490673312133,-13.815510557964274,1.0986126220013874,False,False,False,False,False,True
6112.369742419302,0,0,0,0,0,0,1,0.019983802602101454,-7.3337756581647415,7.444248650081501,0.6931476805598203,3.5835189662338873,8.191113331001237,6.7511014701063505,8.028455164440302,4.1156219769851745,0.6931476805598203,4.127134401174124,0.6931476805598203,1.945910291912446,False,False,False,True,False,False
7640.563613231552,0,0,1,0,0,0,0,0.031806615776081425,-7.358533207287776,4.691347891403455,9.999994999180668e-07,3.5835189662338873,10.314144394236006,4.691347891403455,7.360103973625284,3.912023025428146,1.0986126220013874,-13.815510557964274,-13.815510557964274,1.7917596358947079,False,False,False,False,True,False
41763.20315581854,1,0,0,0,1,0,0,0.01584953508030431,-4.242525934108025,6.96696713955649,3.9318256523321686,2.890371813451719,9.93954340428779,3.0351415539575166,8.174421152928266,4.029806058862307,1.3862946111198593,2.772588784739779,-13.815510557964274,1.0986126220013874,False,False,False,False,False,True
41763.20315581854,0,0,0,0,0,0,1,0.0,-4.916188123940292,4.990432593581457,3.2580965764830196,1.7917596358947079,5.85555732140996,1.732336225627987,8.174421152928266,-13.815510557964274,9.999994999180668e-07,-13.815510557964274,-13.815510557964274,9.999994999180668e-07,False,False,False,False,False,True
4092.5737704918033,1,1,0,0,0,0,0,0.0,-3.1945587325968314,3.5263605540279257,3.2188758648682,2.7080502677688743,10.449532514015786,0.307485435041808,6.413458958806701,-13.815510557964274,1.0986126220013874,-13.815510557964274,-13.815510557964274,1.0986126220013874,False,False,True,False,False,False
41763.20315581854,0,0,1,1,0,0,0,0.02263707609209565,-4.345702606959565,8.924656302320143,3.828641418228225,2.6390574010438272,9.97925794463913,5.096014911819071,8.174421152928266,4.38625498323066,1.3862946111198593,5.68697535972965,3.4339872367432105,0.6931476805598203,False,False,False,False,False,True
41763.20315581854,1,0,1,1,1,0,0,0.022600880900476045,-4.916188123940292,9.492884266647227,3.2580965764830196,3.555348090060842,10.204178405935417,6.234787730510403,8.174421152928266,4.384654769547343,1.945910291912446,6.163314806139905,2.944439031798018,1.7917596358947079,False,False,False,False,False,True
41763.20315581854,0,0,0,0,1,1,0,0.0,-5.689218796583907,11.320941375917236,2.48490673312133,2.5649494343846104,10.514650955360473,8.836034726262518,8.174421152928266,-13.815510557964274,0.6931476805598203,-13.815510557964274,-13.815510557964274,9.999994999180668e-07,False,False,False,False,False,True
41763.20315581854,0,1,1,1,0,0,0,0.02005535942187526,-5.083217394116741,8.516192691282853,3.09104249881286,2.9957323235539897,10.36132227349412,5.425150242128742,8.174421152928266,4.2651623085841575,1.6094381124340804,5.1357984429326144,2.079441666679828,0.6931476805598203,False,False,False,False,False,True
6112.369742419302,0,1,0,0,0,0,1,0.020378219758721876,-6.928821064339634,8.095598701683068,1.0986126220013874,2.833213402879744,9.987770468909028,6.996986413624714,8.028455164440302,4.135166572742356,1.0986126220013874,-13.815510557964274,-13.815510557964274,0.6931476805598203,False,False,False,True,False,False
7640.563613231552,1,0,0,0,1,0,0,0.043432482232166364,-7.358533207287776,8.451053389125368,9.999994999180668e-07,3.7841896566455335,10.092953778978782,8.451053389125368,7.360103973625284,4.223556308348572,1.0986126220013874,4.976733749317126,2.5649494343846104,1.945910291912446,False,False,False,False,True,False
6112.369742419302,0,0,0,1,0,0,0,0.02535956236640945,-8.02539285776425,6.727431726048461,9.999994999180668e-07,2.1972246884473243,10.493950910444141,6.727431726048461,8.028455164440302,4.353855770564328,1.0986126220013874,3.2958369030413657,-13.815510557964274,0.6931476805598203,False,False,False,True,False,False
6112.369742419302,0,0,0,0,0,0,1,0.01676836368717686,-8.02539285776425,7.18916773917504,9.999994999180668e-07,3.761200138949376,7.868225738407096,7.18916773917504,8.028455164440302,3.9401939018392866,9.999994999180668e-07,3.555348090060842,9.999994999180668e-07,1.6094381124340804,False,False,False,True,False,False
10412.863802559415,1,0,0,0,1,0,0,0.020312817387771683,-7.688557553728022,7.815207062592639,9.999994999180668e-07,3.5835189662338873,10.110579514650224,7.815207062592639,7.69074316399891,3.7942399922717622,1.6094381124340804,3.8066625119925415,-13.815510557964274,1.7917596358947079,True,False,False,False,False,False
10412.863802559415,1,1,0,0,0,1,0,0.0379178837492214,-7.688557553728022,11.548292608817173,9.999994999180668e-07,3.4339872367432105,11.001127053904513,11.548292608817173,7.69074316399891,4.418410764141464,1.3862946111198593,8.492490578980867,6.359573870402481,1.945910291912446,True,False,False,False,False,False
1266.400447427293,0,0,0,0,0,0,0,0.14914243102162564,-6.102111694488308,4.836281914887986,9.999994999180668e-07,2.9957323235539897,8.024016164881164,4.836281914887986,6.102558596850705,4.199705092879927,9.999994999180668e-07,-13.815510557964274,-13.815510557964274,0.6931476805598203,False,True,False,False,False,False
10412.863802559415,0,0,1,0,0,0,1,0.019587359623922693,-7.688557553728022,6.556778357578497,9.999994999180668e-07,4.127134401174124,9.820483002541641,6.556778357578497,7.69074316399891,3.7578723489342205,1.0986126220013874,-13.815510557964274,-13.815510557964274,2.1972246884473243,True,False,False,False,False,False
41763.20315581854,0,0,1,0,0,0,1,0.022541561003099463,-5.689218796583907,6.7190131555929895,2.48490673312133,2.397895363707457,9.324406699842474,4.2341065190900125,8.174421152928266,4.382026647173881,0.6931476805598203,3.401197414995488,9.999994999180668e-07,9.999994999180668e-07,False,False,False,False,False,True
41763.20315581854,0,0,1,1,0,0,0,0.022550860326945626,-5.609198832442679,9.726571360460401,2.5649494343846104,2.079441666679828,10.63736877353476,7.1616220037149825,8.174421152928266,4.382439103351105,1.6094381124340804,6.4068799877194795,3.2580965764830196,0.6931476805598203,False,False,False,False,False,True
4092.5737704918033,0,1,0,0,0,0,0,0.08196721311475409,-6.412849143141731,5.12396398535564,9.999994999180668e-07,4.2766661329049445,9.769742687104353,5.12396398535564,6.413458958806701,3.912023025428146,0.6931476805598203,-13.815510557964274,-13.815510557964274,2.48490673312133,False,False,True,False,False,False
41763.20315581854,1,0,1,1,0,0,0,0.02401969615084369,-4.996219458230981,8.52971447216742,3.1780538720146114,2.6390574010438272,10.309009251744508,5.3516606463622365,8.174421152928266,4.445540052126977,1.3862946111198593,5.209486158305902,3.828641418228225,0.6931476805598203,False,False,False,False,False,True
6112.369742419302,0,0,0,0,0,0,1,0.023314436369118365,-7.3337756581647415,8.95066249606365,0.6931476805598203,2.772588784739779,7.868225738407096,8.257515315633356,8.028455164440302,4.269772654481606,9.999994999180668e-07,5.2257466790895455,2.9957323235539897,0.6931476805598203,False,False,False,True,False,False
41763.20315581854,0,0,1,0,0,0,0,0.02150912309456056,-5.689218796583907,9.616138757941112,2.48490673312133,2.397895363707457,9.76305387331802,7.131232108886201,8.174421152928266,4.335143061875031,0.6931476805598203,-13.815510557964274,-13.815510557964274,0.6931476805598203,False,False,False,False,False,True
7640.563613231552,0,0,1,0,0,0,0,0.0,-5.162704744238712,4.787491751115379,2.1972246884473243,3.09104249881286,9.911230783913622,2.5902672404458236,7.360103973625284,-13.815510557964274,9.999994999180668e-07,9.999994999180668e-07,-13.815510557964274,1.0986126220013874,False,False,False,False,True,False
10412.863802559415,1,1,1,0,0,0,1,0.0,-7.688557553728022,4.510859517505861,9.999994999180668e-07,3.9512437378121965,10.332859884217607,4.510859517505861,7.69074316399891,-13.815510557964274,1.7917596358947079,-13.815510557964274,-13.815510557964274,1.7917596358947079,True,False,False,False,False,False
6112.369742419302,1,1,0,0,0,0,0,0.025859258176585003,-6.236184658820706,6.8200163657658335,1.7917596358947079,3.6375861860421748,10.347869755424647,5.0282569019962935,8.028455164440302,4.373368584539462,1.3862946111198593,3.367295864469232,1.0986126220013874,1.945910291912446,False,False,False,True,False,False
41763.20315581854,0,0,1,0,0,0,1,0.01972386587771203,-2.484049708529449,6.57925121339899,5.690359457702439,2.3025851929940404,9.490650164719158,0.8888921687970673,8.174421152928266,4.248495256335073,1.0986126220013874,2.9957323235539897,0.6931476805598203,9.999994999180668e-07,False,False,False,False,False,True
6112.369742419302,0,0,0,0,0,0,1,0.019734697029499083,-7.3337756581647415,7.075808864823696,0.6931476805598203,2.890371813451719,7.868225738407096,6.382661685109059,8.028455164440302,4.1030782587125945,9.999994999180668e-07,3.6375861860421748,9.999994999180668e-07,1.0986126220013874,False,False,False,True,False,False
4092.5737704918033,0,1,1,0,0,0,0,0.0975800156128025,-5.027012107674409,7.584264818897448,1.3862946111198593,3.49650759176951,10.368820485745886,6.197970459302722,6.413458958806701,4.086376409372924,1.0986126220013874,-13.815510557964274,-13.815510557964274,1.3862946111198593,False,False,True,False,False,False
4092.5737704918033,0,0,1,0,0,0,0,0.16393442622950818,-6.412849143141731,4.1588830989846715,9.999994999180668e-07,2.833213402879744,9.911230783913622,4.1588830989846715,6.413458958806701,4.605170195988091,9.999994999180668e-07,-13.815510557964274,-13.815510557964274,9.999994999180668e-07,False,False,True,False,False,False
41763.20315581854,0,0,0,0,0,0,1,0.0,-4.2231091863939945,4.248495256335073,3.9512437378121965,2.5649494343846104,5.85555732140996,0.29725226632479856,8.174421152928266,-13.815510557964274,9.999994999180668e-07,-13.815510557964274,-13.815510557964274,0.6931476805598203,False,False,False,False,False,True
10412.863802559415,0,0,1,0,0,0,0,0.022851919561243144,-7.688557553728022,5.293304829749618,9.999994999180668e-07,3.401197414995488,10.329524889484052,5.293304829749618,7.69074316399891,3.912023025428146,1.0986126220013874,0.6931476805598203,-13.815510557964274,1.3862946111198593,True,False,False,False,False,False
6112.369742419302,1,0,0,1,1,0,0,0.02508088585688847,-8.02539285776425,5.996452091106583,9.999994999180668e-07,3.688879479113936,10.26510897311672,5.996452091106583,8.028455164440302,4.342805934520601,1.7917596358947079,2.5649494343846104,-13.815510557964274,1.6094381124340804,False,False,False,True,False,False
41763.20315581854,0,0,1,0,1,0,0,0.0,-5.609198832442679,10.619984981728711,2.5649494343846104,2.5649494343846104,9.94516900230081,8.05503562456025,8.174421152928266,-13.815510557964274,0.6931476805598203,-13.815510557964274,-13.815510557964274,0.6931476805598203,False,False,False,False,False,True
6112.369742419302,1,0,1,0,1,0,1,0.02526899250081513,-8.02539285776425,7.884199934052687,9.999994999180668e-07,2.3025851929940404,10.199220320842434,7.884199934052687,8.028455164440302,4.350277949262527,1.6094381124340804,4.787491751115379,1.3862946111198593,9.999994999180668e-07,False,False,False,True,False,False
6112.369742419302,0,1,0,0,0,0,1,0.024453863710466255,-8.02539285776425,6.739336628540606,9.999994999180668e-07,2.397895363707457,9.664948229312008,6.739336628540606,8.028455164440302,4.317488126869644,0.6931476805598203,2.48490673312133,-13.815510557964274,0.6931476805598203,False,False,False,True,False,False
41763.20315581854,0,0,1,1,0,0,1,0.02332529077307478,-5.609198832442679,11.384387299708385,2.5649494343846104,2.6390574010438272,10.478308636586785,8.819437942383308,8.174421152928266,4.416204098555468,1.6094381124340804,8.41847721869783,5.752572642000236,1.0986126220013874,False,False,False,False,False,True
4092.5737704918033,0,0,1,0,0,0,0,0.08879781420765027,-5.314643355835334,7.297768283208428,1.0986126220013874,3.5835189662338873,10.40354263119861,6.199155995894414,6.413458958806701,3.992065731563221,1.0986126220013874,-13.815510557964274,-13.815510557964274,1.6094381124340804,False,False,True,False,False,False
7640.563613231552,0,0,1,0,0,0,0,0.04382244840260107,-6.260967821561102,7.143617603494011,1.0986126220013874,3.871201031741224,9.911230783913622,6.04500531640568,7.360103973625284,4.232494915219046,9.999994999180668e-07,3.8066625119925415,9.999994999180668e-07,1.7917596358947079,False,False,False,False,True,False
10412.863802559415,0,0,0,0,1,1,0,0.0,-7.688557553728022,3.9512437378121965,9.999994999180668e-07,2.48490673312133,9.466097252219623,3.9512437378121965,7.69074316399891,-13.815510557964274,0.6931476805598203,-13.815510557964274,-13.815510557964274,0.6931476805598203,True,False,False,False,False,False
6112.369742419302,0,0,1,0,0,0,0,0.020099066063396922,-7.3337756581647415,8.209580483747612,0.6931476805598203,3.2580965764830196,9.657081198906674,7.516433303459702,8.028455164440302,4.121373250832242,0.6931476805598203,4.983606628557651,2.833213402879744,1.6094381124340804,False,False,False,True,False,False
4092.5737704918033,0,0,1,0,1,0,0,0.16393442622950818,-5.720006823110456,4.317488126869644,0.6931476805598203,4.2341065190900125,9.627342071300236,3.6243409596430314,6.413458958806701,4.605170195988091,0.6931476805598203,-13.815510557964274,-13.815510557964274,2.397895363707457,False,False,True,False,False,False
1266.400447427293,1,0,0,0,0,0,0,0.22371364653243847,-6.102111694488308,4.077537460854872,9.999994999180668e-07,3.367295864469232,9.321733725862709,4.077537460854872,6.102558596850705,4.605170195988091,0.6931476805598203,-13.815510557964274,-13.815510557964274,1.6094381124340804,False,True,False,False,False,False
41763.20315581854,0,0,1,0,0,0,0,0.0,-4.1490060889194575,5.402677386376784,4.025351708592292,1.945910291912446,9.911230783913622,1.3773259433893508,8.174421152928266,-13.815510557964274,9.999994999180668e-07,-13.815510557964274,-13.815510557964274,9.999994999180668e-07,False,False,False,False,False,True
1266.400447427293,0,0,0,0,0,0,1,0.22371364653243847,-6.102111694488308,4.382026647173881,9.999994999180668e-07,2.1972246884473243,8.653286306877517,4.382026647173881,6.102558596850705,4.605170195988091,0.6931476805598203,-13.815510557964274,-13.815510557964274,0.6931476805598203,False,True,False,False,False,False
7640.563613231552,0,0,1,0,0,0,0,0.043306155794480695,-5.413969277717656,10.490051247721102,1.945910291912446,3.2188758648682,9.76305387331802,8.54414109883266,7.360103973625284,4.220643499754287,0.6931476805598203,-13.815510557964274,-13.815510557964274,1.6094381124340804,False,False,False,False,True,False
41763.20315581854,0,0,1,0,0,0,0,0.0,-5.609198832442679,4.04305128537841,2.5649494343846104,2.397895363707457,10.093202307287365,1.478102138443163,8.174421152928266,-13.815510557964274,0.6931476805598203,-13.815510557964274,-13.815510557964274,9.999994999180668e-07,False,False,False,False,False,True
41763.20315581854,1,1,0,1,1,0,0,0.022072909452470344,-4.807002950837415,9.86313419823897,3.367295864469232,3.1780538720146114,10.233860829294859,6.495838369710147,8.174421152928266,4.361016926395413,1.945910291912446,6.881411304669229,4.644390908756757,1.3862946111198593,False,False,False,False,False,True
6112.369742419302,1,1,0,1,0,0,0,0.025743399822919483,-6.236184658820706,10.107366731709657,1.7917596358947079,3.1780538720146114,10.543342197120532,8.315607262685493,8.028455164440302,4.3688781744958165,1.945910291912446,6.535241272465037,3.9512437378121965,1.6094381124340804,False,False,False,True,False,False
41763.20315581854,0,0,1,0,0,0,0,0.021132713440405747,-4.916188123940292,7.097548851441923,3.2580965764830196,2.772588784739779,9.911230783913622,3.8394523340986866,8.174421152928266,4.317488126869644,9.999994999180668e-07,3.871201031741224,0.6931476805598203,1.0986126220013874,False,False,False,False,False,True
6112.369742419302,0,0,0,0,0,0,1,0.023132033239630236,-8.02539285776425,8.181440695999171,9.999994999180668e-07,3.555348090060842,9.757652586794109,8.181440695999171,8.028455164440302,4.261918276476737,0.6931476805598203,4.997212280520872,2.3025851929940404,1.3862946111198593,False,False,False,True,False,False
41763.20315581854,1,0,1,0,0,0,0,0.02023617408232793,-5.178511444834895,7.957177323809615,2.9957323235539897,3.1780538720146114,10.274065509759811,4.9614450569082855,8.174421152928266,4.274137686586747,1.3862946111198593,4.700480374883325,1.6094381124340804,1.3862946111198593,False,False,False,False,False,True
6112.369742419302,1,1,0,0,0,0,1,0.022724802640029247,-8.02539285776425,7.339537696057025,9.999994999180668e-07,2.5649494343846104,10.204492624425622,7.339537696057025,8.028455164440302,4.244156854798587,1.3862946111198593,4.189654757177941,9.999994999180668e-07,0.6931476805598203,False,False,False,True,False,False
41763.20315581854,1,1,1,1,0,0,0,0.021941068599328373,-5.689218796583907,9.716916981513014,2.48490673312133,2.1972246884473243,10.369989704931,7.232010332387824,8.174421152928266,4.355026045697481,1.6094381124340804,6.413458958806701,3.1780538720146114,0.6931476805598203,False,False,False,False,False,True
41763.20315581854,0,0,0,0,0,1,0,0.0,-4.996219458230981,10.86398653909374,3.1780538720146114,4.077537460854872,10.861993075722,7.6859327091859,8.174421152928266,-13.815510557964274,9.999994999180668e-07,-13.815510557964274,-13.815510557964274,1.7917596358947079,False,False,False,False,False,True
7640.563613231552,1,1,1,0,0,0,0,0.04746240136236275,-7.358533207287776,9.877554170560938,9.999994999180668e-07,3.4339872367432105,10.029977320741995,9.877554170560938,7.360103973625284,4.312286554743105,1.3862946111198593,6.935370446987873,4.369447865125249,1.6094381124340804,False,False,False,False,True,False
4092.5737704918033,1,1,0,0,0,0,0,0.1008827238335435,-2.481621363730247,8.866299565996082,3.9318256523321686,2.6390574010438272,10.449532514015786,4.934473940324937,6.413458958806701,4.11966238645639,1.0986126220013874,-13.815510557964274,-13.815510557964274,0.6931476805598203,False,False,True,False,False,False
7640.563613231552,1,0,0,0,0,0,0,0.039440203562340966,-6.666171101165439,7.442492723380264,0.6931476805598203,3.5263605540279257,9.327943316009462,6.749345543406141,7.360103973625284,4.127134401174124,9.999994999180668e-07,3.912023025428146,0.6931476805598203,1.6094381124340804,False,False,False,False,True,False
41763.20315581854,1,1,0,0,0,0,0,0.02344621673491594,-5.689218796583907,12.022137788072254,2.48490673312133,2.5649494343846104,10.46674352305479,9.53723113835036,8.174421152928266,4.421375034292888,1.0986126220013874,8.93669268861968,6.400257446969951,1.0986126220013874,False,False,False,False,False,True
6112.369742419302,0,0,0,0,0,0,1,0.016302575806977502,-8.02539285776425,6.408528792706945,9.999994999180668e-07,2.944439031798018,7.868225738407096,6.408528792706945,8.028455164440302,3.912023025428146,9.999994999180668e-07,2.6390574010438272,-13.815510557964274,1.0986126220013874,False,False,False,True,False,False
10412.863802559415,1,0,0,0,0,0,0,0.03323915572544458,-7.688557553728022,6.617402979311375,9.999994999180668e-07,2.5649494343846104,10.42321605584098,6.617402979311375,7.69074316399891,4.286716468619557,9.999994999180668e-07,2.397895363707457,-13.815510557964274,1.0986126220013874,True,False,False,False,False,False
6112.369742419302,1,0,0,0,1,0,0,0.0,-8.02539285776425,5.407171775944423,9.999994999180668e-07,3.49650759176951,10.054522439068274,5.407171775944423,8.028455164440302,-13.815510557964274,1.0986126220013874,9.999994999180668e-07,-13.815510557964274,1.6094381124340804,False,False,False,True,False,False
10412.863802559415,1,1,0,0,0,0,0,0.03799475782471752,-7.688557553728022,7.522940918612911,9.999994999180668e-07,2.833213402879744,10.12951825973579,7.522940918612911,7.69074316399891,4.420436094817738,1.3862946111198593,4.418840619844791,2.397895363707457,1.3862946111198593,True,False,False,False,False,False
6112.369742419302,0,0,1,1,0,0,0,0.016302575806977502,-8.02539285776425,5.141663562350613,9.999994999180668e-07,1.3862946111198593,10.069747251402406,5.141663562350613,8.028455164440302,3.912023025428146,1.0986126220013874,0.6931476805598203,-13.815510557964274,9.999994999180668e-07,False,False,False,True,False,False
10412.863802559415,0,0,1,0,0,0,0,0.0,-5.20565419704124,4.605170195988091,2.48490673312133,2.772588784739779,10.093202307287365,2.120263656200084,7.69074316399891,-13.815510557964274,0.6931476805598203,-13.815510557964274,-13.815510557964274,1.0986126220013874,True,False,False,False,False,False
41763.20315581854,0,0,1,0,0,0,0,0.014088475626937165,-4.5107685106570985,4.85981241211361,3.6635616717706716,2.833213402879744,9.837484749753822,1.1962510605575614,8.174421152928266,3.912023025428146,0.6931476805598203,0.6931476805598203,-13.815510557964274,1.0986126220013874,False,False,False,False,False,True
4092.5737704918033,0,0,1,0,0,0,0,0.12295081967213115,-6.412849143141731,4.77912350151489,9.999994999180668e-07,3.2580965764830196,9.911230783913622,4.77912350151489,6.413458958806701,4.317488126869644,9.999994999180668e-07,-13.815510557964274,-13.815510557964274,1.0986126220013874,False,False,True,False,False,False
10412.863802559415,0,0,0,1,0,0,0,0.0,-7.688557553728022,4.615120526742249,9.999994999180668e-07,3.465735934049726,9.698925101727287,4.615120526742249,7.69074316399891,-13.815510557964274,0.6931476805598203,-13.815510557964274,-13.815510557964274,1.7917596358947079,True,False,False,False,False,False
7640.563613231552,1,0,0,0,1,0,0,0.04621898854961832,-7.358533207287776,8.838551790372435,9.999994999180668e-07,3.2958369030413657,10.092953778978782,8.838551790372435,7.360103973625284,4.2857394289851705,1.0986126220013874,-13.815510557964274,-13.815510557964274,1.0986126220013874,False,False,False,False,True,False
41763.20315581854,0,0,1,0,0,0,0,0.0,-3.261740171662693,6.313548048088689,4.912654893088993,2.079441666679828,10.329524889484052,1.4008934069178245,8.174421152928266,-13.815510557964274,1.0986126220013874,0.6931476805598203,-13.815510557964274,9.999994999180668e-07,False,False,False,False,False,True
10412.863802559415,0,0,0,0,1,1,0,0.0,-7.688557553728022,3.988984065082793,9.999994999180668e-07,2.833213402879744,9.466097252219623,3.988984065082793,7.69074316399891,-13.815510557964274,0.6931476805598203,-13.815510557964274,-13.815510557964274,1.0986126220013874,True,False,False,False,False,False
41763.20315581854,0,0,1,0,0,0,1,0.0,-3.306859402563552,4.442651268255022,4.86753445814789,2.9957323235539897,9.324406699842474,-0.42488166455467075,8.174421152928266,-13.815510557964274,0.6931476805598203,-13.815510557964274,-13.815510557964274,1.0986126220013874,False,False,False,False,False,True
6112.369742419302,0,1,1,0,0,1,1,0.016954678839256603,-6.64139434679697,7.108244140549871,1.3862946111198593,2.890371813451719,10.391796270730394,5.721949781884972,8.028455164440302,3.9512437378121965,1.3862946111198593,3.2188758648682,-13.815510557964274,0.6931476805598203,False,False,False,True,False,False
7640.563613231552,1,1,1,0,0,0,0,0.04478036694790411,-7.358533207287776,8.135932772297716,9.999994999180668e-07,3.761200138949376,10.394867404559024,8.135932772297716,7.360103973625284,4.2541185138093285,1.6094381124340804,5.023880527425224,1.945910291912446,1.7917596358947079,False,False,False,False,True,False
10412.863802559415,1,1,1,0,0,0,0,0.033931638136391336,-7.688557553728022,9.453678630654313,9.999994999180668e-07,2.772588784739779,10.332817532973191,9.453678630654313,7.69074316399891,4.30733575554168,1.6094381124340804,6.492239836535623,3.7135720910945516,0.6931476805598203,True,False,False,False,False,False
10412.863802559415,1,0,1,0,0,0,0,0.034041480173989794,-7.688557553728022,8.086717920611504,9.999994999180668e-07,3.5835189662338873,10.37481547912676,8.086717920611504,7.69074316399891,4.310567684117663,1.3862946111198593,4.976733749317126,2.079441666679828,1.7917596358947079,True,False,False,False,False,False
6112.369742419302,0,0,0,0,0,0,1,0.022019063427605977,-7.3337756581647415,8.491670234390321,0.6931476805598203,3.7376696420928917,7.868225738407096,7.798523054035547,8.028455164440302,4.212608497523527,9.999994999180668e-07,5.442417714850798,1.945910291912446,1.7917596358947079,False,False,False,True,False,False
10412.863802559415,0,1,1,0,0,0,0,0.04570383912248629,-7.688557553728022,4.897839807413598,9.999994999180668e-07,2.5649494343846104,10.118270002685447,4.897839807413598,7.69074316399891,4.605170195988091,0.6931476805598203,-13.815510557964274,-13.815510557964274,1.0986126220013874,True,False,False,False,False,False
7640.563613231552,0,0,1,0,0,0,0,0.0,-7.358533207287776,3.970291932420046,9.999994999180668e-07,4.025351708592292,9.911230783913622,3.970291932420046,7.360103973625284,-13.815510557964274,9.999994999180668e-07,-13.815510557964274,-13.815510557964274,2.079441666679828,False,False,False,False,True,False
41763.20315581854,1,0,0,1,0,0,0,0.021824921780457574,-3.5204270030601803,8.301769763365243,4.653960359681333,2.3025851929940404,10.303491931466153,3.647809439007769,8.174421152928266,4.3497184043516715,1.3862946111198593,5.153291600278126,2.6390574010438272,0.6931476805598203,False,False,False,False,False,True
7640.563613231552,0,0,1,0,1,0,1,0.04872502842293325,-7.358533207287776,9.940686993573408,9.999994999180668e-07,3.367295864469232,10.567325398426469,9.940686993573408,7.360103973625284,4.338541535789698,1.6094381124340804,-13.815510557964274,-13.815510557964274,1.3862946111198593,False,False,False,False,True,False
41763.20315581854,1,1,0,0,0,0,0,0.022643201308223664,-4.916188123940292,9.254261559129814,3.2580965764830196,3.09104249881286,10.278154480585407,5.996165023500905,8.174421152928266,4.386525529987032,1.7917596358947079,6.212606097755526,3.465735934049726,1.0986126220013874,False,False,False,False,False,True
10412.863802559415,0,1,1,0,0,0,1,0.0,-7.688557553728022,4.477336825841843,9.999994999180668e-07,3.912023025428146,9.757396691627354,4.477336825841843,7.69074316399891,-13.815510557964274,1.0986126220013874,-13.815510557964274,-13.815510557964274,1.945910291912446,True,False,False,False,False,False
41763.20315581854,1,0,0,0,1,0,0,0.02202564499422571,-4.2231091863939945,8.740816627727222,3.9512437378121965,2.397895363707457,9.786767684584683,4.789572917301879,8.174421152928266,4.3588733424919575,1.3862946111198593,5.648974241682333,2.833213402879744,0.6931476805598203,False,False,False,False,False,True
6112.369742419302,0,0,0,1,0,0,1,0.0,-8.02539285776425,3.970291932420046,9.999994999180668e-07,2.7080502677688743,9.2231297982103,3.970291932420046,8.028455164440302,-13.815510557964274,0.6931476805598203,-13.815510557964274,-13.815510557964274,1.0986126220013874,False,False,False,True,False,False
41763.20315581854,0,0,1,1,0,0,0,0.012075836251660426,-3.5299961290873685,5.517452900480772,4.644390908756757,2.944439031798018,10.047524918149158,0.8730624149939304,8.174421152928266,3.7578723489342205,0.6931476805598203,1.945910291912446,-13.815510557964274,1.3862946111198593,False,False,False,False,False,True
10412.863802559415,0,1,0,0,0,0,1,0.0,-7.688557553728022,4.77912350151489,9.999994999180668e-07,3.49650759176951,8.337517314425417,4.77912350151489,7.69074316399891,-13.815510557964274,0.6931476805598203,9.999994999180668e-07,-13.815510557964274,1.6094381124340804,True,False,False,False,False,False
41763.20315581854,1,0,0,0,1,0,0,0.02263394444983348,-5.609198832442679,10.770335907617431,2.5649494343846104,4.330733353444225,10.003139267292735,8.205386550408058,8.174421152928266,4.386116632374386,1.0986126220013874,-13.815510557964274,-13.815510557964274,2.079441666679828,False,False,False,False,False,True
7640.563613231552,1,0,1,0,0,0,0,0.031806615776081425,-7.358533207287776,6.9007306650522215,9.999994999180668e-07,3.401197414995488,10.37481547912676,6.9007306650522215,7.360103973625284,3.912023025428146,1.3862946111198593,-13.815510557964274,-13.815510557964274,1.6094381124340804,False,False,False,False,True,False
41763.20315581854,1,1,0,1,0,0,0,0.01565386180770796,-3.3302061216964662,6.381816019098146,4.844187094332607,3.2580965764830196,10.088647402707956,1.5376291458375007,8.174421152928266,4.017383539085972,1.3862946111198593,2.1972246884473243,9.999994999180668e-07,1.0986126220013874,False,False,False,False,False,True
6112.369742419302,0,1,1,1,0,0,0,0.026278778912739855,-7.3337756581647415,7.146772180240038,0.6931476805598203,3.610917939671251,10.351856367405146,6.453625000467495,8.028455164440302,4.389461625568807,1.3862946111198593,4.204692634316339,1.0986126220013874,1.7917596358947079,False,False,False,True,False,False
10412.863802559415,1,0,0,0,0,0,1,0.0,-7.688557553728022,4.454347307881415,9.999994999180668e-07,3.13549425940741,8.817967018114343,4.454347307881415,7.69074316399891,-13.815510557964274,0.6931476805598203,-13.815510557964274,-13.815510557964274,1.6094381124340804,True,False,False,False,False,False
6112.369742419302,1,0,1,0,1,0,1,0.019675522525662504,-6.236184658820706,7.230563154133405,1.7917596358947079,3.4339872367432105,10.00163850783581,5.438803688525915,8.028455164440302,4.1000752535025144,1.7917596358947079,4.060443027787798,9.999994999180668e-07,1.7917596358947079,False,False,False,True,False,False
7640.563613231552,1,1,1,0,0,0,0,0.047414008844302136,-7.358533207287776,10.399798343974307,9.999994999180668e-07,4.077537460854872,10.41822517531802,10.399798343974307,7.360103973625284,4.311266437698144,1.945910291912446,7.539558829832663,4.836281914887986,2.3025851929940404,False,False,False,False,True,False
41763.20315581854,1,0,1,0,0,0,0,0.0,-5.658520592276317,13.187360543350163,2.515613875923528,2.890371813451719,10.447332198927793,10.671746748261244,8.174421152928266,-13.815510557964274,1.6094381124340804,-13.815510557964274,-13.815510557964274,0.6931476805598203,False,False,False,False,False,True
41763.20315581854,1,0,0,0,1,0,0,0.0,-5.658520592276317,6.836259278351181,2.515613875923528,2.944439031798018,10.275316128285901,4.320645495458131,8.174421152928266,-13.815510557964274,1.3862946111198593,-13.815510557964274,-13.815510557964274,1.0986126220013874,False,False,False,False,False,True
7640.563613231552,0,0,1,0,0,0,0,0.0,-4.844363147449177,4.983606628557651,2.515613875923528,2.772588784739779,10.406146469313184,2.4679929113529013,7.360103973625284,-13.815510557964274,0.6931476805598203,-13.815510557964274,-13.815510557964274,0.6931476805598203,False,False,False,False,True,False
4092.5737704918033,0,0,0,0,0,0,1,0.0,-3.84846267772975,4.2766661329049445,2.5649494343846104,2.5649494343846104,5.85555732140996,1.7117169421100578,6.413458958806701,-13.815510557964274,9.999994999180668e-07,-13.815510557964274,-13.815510557964274,1.0986126220013874,False,False,True,False,False,False
41763.20315581854,0,1,0,0,1,0,0,0.0216863256262881,-5.689218796583907,9.906582757493275,2.48490673312133,3.1780538720146114,9.361718324424684,7.421676108253576,8.174421152928266,4.343347793101728,0.6931476805598203,-13.815510557964274,-13.815510557964274,1.3862946111198593,False,False,False,False,False,True
10412.863802559415,1,1,1,1,0,0,0,0.03779464570203131,-7.688557553728022,9.924906519958368,9.999994999180668e-07,3.7376696420928917,10.487882973653186,9.924906519958368,7.69074316399891,4.415155341150504,1.6094381124340804,6.695798918294586,4.844187094332607,1.945910291912446,True,False,False,False,False,False
10412.863802559415,1,1,1,0,1,0,0,0.031858904875034684,-7.688557553728022,10.169843838311465,9.999994999180668e-07,3.6635616717706716,10.393481816418886,10.169843838311465,7.69074316399891,4.24430482975937,1.945910291912446,7.292337176854613,4.6728288438077,2.079441666679828,True,False,False,False,False,False
10412.863802559415,0,1,1,0,0,0,1,0.0,-7.688557553728022,4.532599503905944,9.999994999180668e-07,4.1588830989846715,9.757396691627354,4.532599503905944,7.69074316399891,-13.815510557964274,1.0986126220013874,-13.815510557964274,-13.815510557964274,2.397895363707457,True,False,False,False,False,False
6112.369742419302,0,0,0,0,0,0,1,0.0,-5.512593545341598,4.219507719881989,2.515613875923528,2.890371813451719,7.868225738407096,1.703894092039407,8.028455164440302,-13.815510557964274,9.999994999180668e-07,-13.815510557964274,-13.815510557964274,1.0986126220013874,False,False,False,True,False,False
10412.863802559415,1,0,0,0,1,0,0,0.027006814026923717,-7.688557553728022,6.818924066368417,9.999994999180668e-07,3.7841896566455335,9.769564255481718,6.818924066368417,7.69074316399891,4.079077107014389,1.3862946111198593,3.09104249881286,-13.815510557964274,1.945910291912446,True,False,False,False,False,False
7640.563613231552,0,0,1,0,0,0,0,0.0,-5.413969277717656,4.04305128537841,1.945910291912446,2.772588784739779,9.911230783913622,2.0971412415862467,7.360103973625284,-13.815510557964274,9.999994999180668e-07,-13.815510557964274,-13.815510557964274,1.0986126220013874,False,False,False,False,True,False
7640.563613231552,0,0,1,0,0,0,0,0.041307293215690155,-5.9734166890735345,7.429520843379934,1.3862946111198593,3.465735934049726,9.911230783913622,6.043226484040459,7.360103973625284,4.173387784962554,9.999994999180668e-07,4.3438054348406965,1.3862946111198593,1.7917596358947079,False,False,False,False,True,False
41763.20315581854,1,0,0,0,1,0,0,0.02191540653079115,-4.916188123940292,7.509883061702559,3.2580965764830196,3.09104249881286,9.93954340428779,4.251786537372205,8.174421152928266,4.353855770564328,1.3862946111198593,3.2958369030413657,1.0986126220013874,1.0986126220013874,False,False,False,False,False,True
7640.563613231552,0,0,1,0,0,0,0,0.04519887505022097,-5.568082538077103,7.869401712959352,1.7917596358947079,3.5835189662338873,10.119544087459055,6.077642245642612,7.360103973625284,4.263420906340109,1.0986126220013874,4.330733353444225,1.3862946111198593,1.7917596358947079,False,False,False,False,True,False
6112.369742419302,0,0,1,1,0,0,0,0.026084121291164004,-7.3337756581647415,6.507277713877549,0.6931476805598203,2.772588784739779,10.086690997819149,5.814130534810141,8.028455164440302,4.382026647173881,0.6931476805598203,2.7080502677688743,-13.815510557964274,0.6931476805598203,False,False,False,True,False,False
7640.563613231552,1,1,1,0,0,1,0,0.04592513031655308,-5.0573616923497315,10.39099337101121,2.3025851929940404,3.49650759176951,10.886417810423122,8.088408278293535,7.360103973625284,4.279361176550745,1.945910291912446,-13.815510557964274,-13.815510557964274,1.7917596358947079,False,False,False,False,True,False
