episodes,len_of_title,avg_rating_genre,user_activity,anime_count_by_type,avg_rating_by_type,Action/Adventure,Fantasy/Supernatural,Comedy,Drama/Romance,Science Fiction,Psychological/Thriller,Other/Uncategorized,normalized_episodes,log_members,type_Movie,type_Music,type_ONA,type_OVA,type_Special,type_TV
12.0,20,6.662948251583755,88.88888888888889,3549,6.881313711751069,0,0,0,0,0,0,0,0.34871731190584043,6.907755278982137,False,False,False,False,False,True
2.0,25,6.62219037942343,68.88888888888889,1572,6.528145312958054,0,0,0,0,0,0,0,0.7649875126495325,7.783224016336037,False,False,False,False,True,False
2.0,28,6.5004185244497705,0.0,1572,6.528145312958054,0,0,0,0,0,0,0,0.7649875126495325,3.7612001156935624,False,False,False,False,True,False
1.0,14,6.195191110040243,67.52136752136752,3067,6.382521258497842,0,0,0,0,0,0,0,0.3902922829787633,8.17131687471973,False,False,False,True,False,False
2.0,8,6.195191110040243,57.14285714285714,3067,6.382521258497842,0,0,0,0,0,0,0,0.7805845659575266,5.602118820879701,False,False,False,True,False,False
1.0,14,6.963609023355889,67.35751295336787,1572,6.528145312958054,0,0,0,0,0,0,0,0.38249375632476623,9.23356849809539,False,False,False,False,True,False
1.0,8,6.386384783551577,65.0,447,5.588299776286353,0,0,0,0,0,0,0,0.9078461025802542,6.682108597449809,False,True,False,False,False,False
12.0,49,6.7695317900081164,81.26094570928196,3549,6.881313711751069,0,0,0,0,0,0,0,0.34871731190584043,10.355709011986066,False,False,False,False,False,True
49.0,10,6.889192533503073,72.22222222222221,3549,6.881313711751069,0,0,0,0,0,0,0,1.423929023615515,7.787382026484701,False,False,False,False,False,True
1.0,16,6.548792989998894,0.0,3067,6.382521258497842,0,0,0,0,0,0,0,0.3902922829787633,3.871201010907891,False,False,False,True,False,False
12.0,15,6.921781186632704,79.7823596792669,3549,6.881313711751069,0,0,0,0,0,0,0,0.34871731190584043,11.574885665093,False,False,False,False,False,True
1.0,12,6.723628865435316,57.14285714285714,3067,6.382521258497842,0,0,0,0,0,0,0,0.3902922829787633,5.4680601411351315,False,False,False,True,False,False
1.0,40,6.905839573017583,0.0,3067,6.382521258497842,0,0,0,0,0,0,0,0.3902922829787633,4.812184355372417,False,False,False,True,False,False
51.0,22,6.786000370687271,65.18987341772153,3549,6.881313711751069,0,0,0,0,0,0,0,1.4820485755998218,7.898039690764619,False,False,False,False,False,True
1.0,10,6.591993559727069,81.41025641025641,1572,6.528145312958054,0,0,0,0,0,0,0,0.38249375632476623,8.163656176168432,False,False,False,False,True,False
3.0,9,6.798250427401964,71.03960396039604,3067,6.382521258497842,0,0,0,0,0,0,0,1.1708768489362897,9.169101623959586,False,False,False,True,False,False
2.0,18,6.733959772080677,79.16666666666666,1572,6.528145312958054,0,0,0,0,0,0,0,0.7649875126495325,8.351846738828245,False,False,False,False,True,False
54.0,23,6.8410974438250856,73.57859531772574,3549,6.881313711751069,0,0,0,0,0,0,0,1.569227903576282,8.869679374733515,False,False,False,False,False,True
1.0,62,6.795950141938851,77.0663562281723,1572,6.528145312958054,0,0,0,0,0,0,0,0.38249375632476623,9.785323194185485,False,False,False,False,True,False
39.0,22,6.87428735470253,0.0,3549,6.881313711751069,0,0,0,0,0,0,0,1.1333312636939814,4.343805421853684,False,False,False,False,False,True
39.0,18,6.604401254913436,37.5,3549,6.881313711751069,0,0,0,0,0,0,0,1.1333312636939814,5.484796933490655,False,False,False,False,False,True
4.0,31,6.643096387479723,60.29411764705882,3067,6.382521258497842,0,0,0,0,0,0,0,1.5611691319150531,8.187299270155147,False,False,False,True,False,False
39.0,17,6.728879252982257,66.66666666666666,3549,6.881313711751069,0,0,0,0,0,0,0,1.1333312636939814,6.0330862217988015,False,False,False,False,False,True
1.0,15,6.200225700698335,0.0,1572,6.528145312958054,0,0,0,0,0,0,0,0.38249375632476623,4.31748811353631,False,False,False,False,True,False
1.0,13,6.22747829422649,85.91549295774648,2188,6.320059610463039,0,0,0,0,0,0,0,0.8886641126398388,7.886081401775745,True,False,False,False,False,False
13.0,8,6.738572847556955,78.68712702472294,3549,6.881313711751069,0,0,0,0,0,0,0,0.3777770878979938,10.648515354973062,False,False,False,False,False,True
2.0,15,5.879225467208256,66.66666666666666,447,5.588299776286353,0,0,0,0,0,0,0,1.8156922051605084,6.61472560020376,False,True,False,False,False,False
26.0,7,6.5004185244497705,79.16666666666666,3549,6.881313711751069,0,0,0,0,0,0,0,0.7555541757959876,6.725033642166843,False,False,False,False,False,True
1.0,39,6.454329473147065,40.0,2188,6.320059610463039,0,0,0,0,0,0,0,0.8886641126398388,4.955827057601261,True,False,False,False,False,False
25.0,22,6.865768885609287,76.08695652173914,3549,6.881313711751069,0,0,0,0,0,0,0,0.7264943998038342,8.203851372183879,False,False,False,False,False,True
1.0,12,6.40169871215857,50.0,610,5.665348780241979,0,0,0,0,0,0,0,0.13788144168663172,4.110873864173311,False,False,True,False,False,False
1.0,6,5.558589488847307,66.66666666666666,3067,6.382521258497842,0,0,0,0,0,0,0,0.3902922829787633,5.062595033026967,False,False,False,True,False,False
26.0,10,6.647318226171205,50.0,3549,6.881313711751069,0,0,0,0,0,0,0,0.7555541757959876,5.135798437050262,False,False,False,False,False,True
25.0,45,6.964450744659551,77.32067510548524,3549,6.881313711751069,0,0,0,0,0,0,0,0.7264943998038342,10.304911171484573,False,False,False,False,False,True
22.0,16,6.7728198451635695,70.51282051282051,3549,6.881313711751069,0,0,0,0,0,0,0,0.6393150718273741,7.543802867501509,False,False,False,False,False,True
199.0,9,6.662948251583755,50.0,3549,6.881313711751069,0,0,0,0,0,0,0,5.7828954224385205,4.634728988229636,False,False,False,False,False,True
12.0,16,6.855696933225053,77.13004484304933,3549,6.881313711751069,0,0,0,0,0,0,0,0.34871731190584043,11.127645264021162,False,False,False,False,False,True
1.0,13,6.788310729601363,0.0,3067,6.382521258497842,0,0,0,0,0,0,0,0.3902922829787633,4.04305126783455,False,False,False,True,False,False
12.37420167311325,28,5.7918085106382975,0.0,3549,6.881313711751069,0,0,0,0,0,0,0,0.35959152870240046,8.142645185942795,False,False,False,False,False,True
16.0,31,6.756666247949616,75.0,3549,6.881313711751069,0,0,0,0,0,0,0,0.4649564158744539,5.886104031450156,False,False,False,False,False,True
24.0,19,5.7918085106382975,0.0,3549,6.881313711751069,0,0,0,0,0,0,0,0.6974346238116809,3.7612001156935624,False,False,False,False,False,True
1.0,38,6.7386854344927904,81.91489361702128,3067,6.382521258497842,0,0,0,0,0,0,0,0.3902922829787633,7.7039102096163115,False,False,False,True,False,False
4.0,11,6.80320410440338,80.72957969865186,3067,6.382521258497842,0,0,0,0,0,0,0,1.5611691319150531,10.291738679909605,False,False,False,True,False,False
11.0,33,6.5004185244497705,77.55102040816327,1572,6.528145312958054,0,0,0,0,0,0,0,4.207431319572429,8.205218426395412,False,False,False,False,True,False
1.0,75,6.853035714105566,71.57598499061913,1572,6.528145312958054,0,0,0,0,0,0,0,0.38249375632476623,9.815093401773533,False,False,False,False,True,False
25.0,16,6.844614966234576,83.41307814992025,3549,6.881313711751069,0,0,0,0,0,0,0,0.7264943998038342,12.731735648950442,False,False,False,False,False,True
12.0,15,6.393797237117623,79.12552891396332,3549,6.881313711751069,0,0,0,0,0,0,0,0.34871731190584043,10.298228697281317,False,False,False,False,False,True
1.0,21,5.879225467208256,100.0,447,5.588299776286353,0,0,0,0,0,0,0,0.9078461025802542,4.330733340286331,False,True,False,False,False,False
1.0,51,6.823146793508421,81.72043010752688,1572,6.528145312958054,0,0,0,0,0,0,0,0.38249375632476623,8.618666160346871,False,False,False,False,True,False
1.0,22,6.647216812257822,100.0,1572,6.528145312958054,0,0,0,0,0,0,0,0.38249375632476623,4.634728988229636,False,False,False,False,True,False
25.0,34,6.873430068447646,87.12436840705611,3549,6.881313711751069,0,0,0,0,0,0,0,0.7264943998038342,13.258447259653774,False,False,False,False,False,True
26.0,24,6.8596621223012715,88.31341301460823,3067,6.382521258497842,0,0,0,0,0,0,0,10.147599357447845,10.697022907127343,False,False,False,True,False,False
2.0,15,6.377492674597669,65.4320987654321,3067,6.382521258497842,0,0,0,0,0,0,0,0.7805845659575266,8.025189321890835,False,False,False,True,False,False
26.0,11,6.695700172044921,77.5,3549,6.881313711751069,0,0,0,0,0,0,0,0.7555541757959876,6.920671504248683,False,False,False,False,False,True
26.0,11,6.7728198451635695,25.0,3549,6.881313711751069,0,0,0,0,0,0,0,0.7555541757959876,5.568344503761097,False,False,False,False,False,True
73.0,13,6.906889578256357,81.60651920838184,3549,6.881313711751069,0,0,0,0,0,0,0,2.121363647427196,11.57939649261367,False,False,False,False,False,True
41.0,19,6.726881389735055,76.99115044247787,3549,6.881313711751069,0,0,0,0,0,0,0,1.1914508156782881,7.671826797878781,False,False,False,False,False,True
1.0,23,6.803204566022874,62.5,3067,6.382521258497842,0,0,0,0,0,0,0,0.3902922829787633,5.877735781779639,False,False,False,True,False,False
1.0,12,6.677693639525605,64.0,610,5.665348780241979,0,0,0,0,0,0,0,0.13788144168663172,6.306275286948016,False,False,True,False,False,False
12.0,23,6.798338242803305,84.06118377299934,3549,6.881313711751069,0,0,0,0,0,0,0,0.34871731190584043,12.441255433522729,False,False,False,False,False,True
1.0,24,6.829036948424544,0.0,2188,6.320059610463039,0,0,0,0,0,0,0,0.8886641126398388,4.605170185988092,True,False,False,False,False,False
13.0,37,6.936220339631355,79.10863509749304,3549,6.881313711751069,0,0,0,0,0,0,0,0.3777770878979938,9.30955202204713,False,False,False,False,False,True
1.0,14,6.666474874898554,78.04878048780488,3067,6.382521258497842,0,0,0,0,0,0,0,0.3902922829787633,7.046647277848756,False,False,False,True,False,False
1.0,40,6.93084689142424,77.04918032786885,2188,6.320059610463039,0,0,0,0,0,0,0,0.8886641126398388,8.36474106822456,True,False,False,False,False,False
2.0,23,6.9616947094287625,66.66666666666666,3067,6.382521258497842,0,0,0,0,0,0,0,0.7805845659575266,6.507277712385012,False,False,False,True,False,False
12.0,31,6.787633171758895,71.42857142857143,3549,6.881313711751069,0,0,0,0,0,0,0,0.34871731190584043,7.7501841622578365,False,False,False,False,False,True
12.37420167311325,14,6.842182809704857,0.0,3549,6.881313711751069,0,0,0,0,0,0,0,0.35959152870240046,8.07775756373692,False,False,False,False,False,True
1.0,36,6.904400748459212,60.49382716049383,2188,6.320059610463039,0,0,0,0,0,0,0,0.8886641126398388,9.264733855806515,True,False,False,False,False,False
13.0,12,6.926176566906599,83.10492270584365,3549,6.881313711751069,0,0,0,0,0,0,0,0.3777770878979938,12.67691342426847,False,False,False,False,False,True
2.0,22,6.195191110040243,83.33333333333334,3067,6.382521258497842,0,0,0,0,0,0,0,0.7805845659575266,7.247080584585756,False,False,False,True,False,False
24.0,15,6.885625457752329,75.0,3549,6.881313711751069,0,0,0,0,0,0,0,0.6974346238116809,9.57366316988638,False,False,False,False,False,True
1.0,22,6.865604076504098,0.0,3067,6.382521258497842,0,0,0,0,0,0,0,0.3902922829787633,3.8501476017100584,False,False,False,True,False,False
2.0,22,6.195191110040243,50.0,3067,6.382521258497842,0,0,0,0,0,0,0,0.7805845659575266,6.411818267709897,False,False,False,True,False,False
1.0,31,6.786000370687271,78.64077669902912,2188,6.320059610463039,0,0,0,0,0,0,0,0.8886641126398388,8.296795865770052,True,False,False,False,False,False
59.0,5,6.852992034238305,33.33333333333333,3549,6.881313711751069,0,0,0,0,0,0,0,1.7145267835370488,5.541263545158426,False,False,False,False,False,True
1.0,44,6.5264888547538815,0.0,2188,6.320059610463039,0,0,0,0,0,0,0,0.8886641126398388,4.290459441148391,True,False,False,False,False,False
6.0,37,6.665826615793201,80.0,3067,6.382521258497842,0,0,0,0,0,0,0,2.3417536978725795,5.811140992976701,False,False,False,True,False,False
33.0,21,6.779935390862401,82.75862068965517,3549,6.881313711751069,0,0,0,0,0,0,0,0.9589726077410612,6.828712071641684,False,False,False,False,False,True
2.0,22,6.153171904926564,28.57142857142857,3067,6.382521258497842,0,0,0,0,0,0,0,0.7805845659575266,6.298949246855942,False,False,False,True,False,False
26.0,22,6.812480552804555,71.42857142857143,3549,6.881313711751069,0,0,0,0,0,0,0,0.7555541757959876,5.877735781779639,False,False,False,False,False,True
1.0,31,6.352351722962997,75.0,447,5.588299776286353,0,0,0,0,0,0,0,0.9078461025802542,7.485491608030754,False,True,False,False,False,False
1.0,41,6.5264888547538815,0.0,2188,6.320059610463039,0,0,0,0,0,0,0,0.8886641126398388,4.356708826689592,True,False,False,False,False,False
2.0,23,6.604842707205482,71.55963302752293,1572,6.528145312958054,0,0,0,0,0,0,0,0.7649875126495325,7.853604813097837,False,False,False,False,True,False
1.0,46,6.548792989998894,0.0,3067,6.382521258497842,0,0,0,0,0,0,0,0.3902922829787633,3.9512437185814275,False,False,False,True,False,False
1.0,33,6.393797237117623,79.16666666666666,2188,6.320059610463039,0,0,0,0,0,0,0,0.8886641126398388,7.846198815497425,True,False,False,False,False,False
1.0,58,6.532415215487542,74.6268656716418,2188,6.320059610463039,0,0,0,0,0,0,0,0.8886641126398388,7.749322464660356,True,False,False,False,False,False
1.0,54,6.432021861785729,70.0,1572,6.528145312958054,0,0,0,0,0,0,0,0.38249375632476623,6.594413459749778,False,False,False,False,True,False
1.0,33,6.735691132363756,76.39366827253957,3067,6.382521258497842,0,0,0,0,0,0,0,0.3902922829787633,10.379597500213624,False,False,False,True,False,False
1.0,50,6.841976068486514,79.80501392757661,3067,6.382521258497842,0,0,0,0,0,0,0,0.3902922829787633,10.188215265161473,False,False,False,True,False,False
6.0,11,6.195191110040243,72.70980140935298,3067,6.382521258497842,0,0,0,0,0,0,0,2.3417536978725795,10.351692814320451,False,False,False,True,False,False
12.0,22,6.883380512152217,78.74015748031496,3549,6.881313711751069,0,0,0,0,0,0,0,0.34871731190584043,8.748939631537715,False,False,False,False,False,True
1.0,22,6.662033494910903,53.84615384615385,3067,6.382521258497842,0,0,0,0,0,0,0,0.3902922829787633,5.811140992976701,False,False,False,True,False,False
1.0,7,6.069017455652553,85.71428571428571,610,5.665348780241979,0,0,0,0,0,0,0,0.13788144168663172,6.021023349349527,False,False,True,False,False,False
12.0,18,6.708423845576245,75.91549295774648,3549,6.881313711751069,0,0,0,0,0,0,0,0.34871731190584043,9.939964119346145,False,False,False,False,False,True
1.0,18,6.7921340428944,79.48717948717949,2188,6.320059610463039,0,0,0,0,0,0,0,0.8886641126398388,7.340835554123275,True,False,False,False,False,False
1.0,42,6.792099562887567,65.0,1572,6.528145312958054,0,0,0,0,0,0,0,0.38249375632476623,7.443078374348516,False,False,False,False,True,False
26.0,31,6.76597389490865,84.72222222222221,3549,6.881313711751069,0,0,0,0,0,0,0,0.7555541757959876,7.5443321080536885,False,False,False,False,False,True
52.0,17,6.841976068486514,81.68979790601412,3549,6.881313711751069,0,0,0,0,0,0,0,1.5111083515919752,11.775951049179145,False,False,False,False,False,True
12.0,19,6.884026979015585,0.0,3549,6.881313711751069,0,0,0,0,0,0,0,0.34871731190584043,11.212185170504174,False,False,False,False,False,True
110.0,20,6.792397910320175,88.92815076560659,3067,6.382521258497842,0,0,0,0,0,0,0,42.932151127663964,11.298245992068148,False,False,False,True,False,False
23.0,14,6.901267417916423,78.66666666666666,3549,6.881313711751069,0,0,0,0,0,0,0,0.6683748478195275,8.347353412124338,False,False,False,False,False,True
1.0,11,6.656496606100611,75.0,447,5.588299776286353,0,0,0,0,0,0,0,0.9078461025802542,5.568344503761097,False,True,False,False,False,False
4.0,10,6.577215966053433,79.3103448275862,3067,6.382521258497842,0,0,0,0,0,0,0,1.5611691319150531,6.954638864880987,False,False,False,True,False,False
24.0,9,6.796871963337037,80.84772370486655,3549,6.881313711751069,0,0,0,0,0,0,0,0.6974346238116809,9.795011076200044,False,False,False,False,False,True
26.0,13,6.859117449014769,82.35123367198838,3549,6.881313711751069,0,0,0,0,0,0,0,0.7555541757959876,12.398979644982443,False,False,False,False,False,True
2.0,37,6.672337225855544,0.0,3067,6.382521258497842,0,0,0,0,0,0,0,0.7805845659575266,4.143134726391533,False,False,False,True,False,False
12.0,31,6.777925656471416,78.69615832363212,3549,6.881313711751069,0,0,0,0,0,0,0,0.34871731190584043,10.21368914641778,False,False,False,False,False,True
1.0,33,6.6713729887351505,70.58823529411765,1572,6.528145312958054,0,0,0,0,0,0,0,0.38249375632476623,7.634820677745543,False,False,False,False,True,False
50.0,22,6.91961721513668,55.55555555555556,3549,6.881313711751069,0,0,0,0,0,0,0,1.4529887996076685,6.729824070489475,False,False,False,False,False,True
12.37420167311325,11,6.677693639525605,0.0,3549,6.881313711751069,0,0,0,0,0,0,0,0.35959152870240046,3.4965075614664802,False,False,False,False,False,True
26.0,7,6.728879252982257,77.17391304347827,3549,6.881313711751069,0,0,0,0,0,0,0,0.7555541757959876,8.654691704601872,False,False,False,False,False,True
1.0,13,6.352351722962997,66.66666666666666,447,5.588299776286353,0,0,0,0,0,0,0,0.9078461025802542,5.214935757608986,False,True,False,False,False,False
7.0,40,6.693995382256044,70.65217391304348,1572,6.528145312958054,0,0,0,0,0,0,0,2.6774562942733633,8.134467570277563,False,False,False,False,True,False
1.0,41,6.195191110040243,60.0,1572,6.528145312958054,0,0,0,0,0,0,0,0.38249375632476623,5.981414211254481,False,False,False,False,True,False
4.0,17,6.164566264410774,67.90123456790124,3067,6.382521258497842,0,0,0,0,0,0,0,1.5611691319150531,7.991253929840199,False,False,False,True,False,False
1.0,22,6.195191110040243,61.904761904761905,3067,6.382521258497842,0,0,0,0,0,0,0,0.3902922829787633,6.342121418721152,False,False,False,True,False,False
2.0,9,6.195191110040243,74.48979591836735,3067,6.382521258497842,0,0,0,0,0,0,0,0.7805845659575266,7.976938756959434,False,False,False,True,False,False
1.0,26,6.731910027339923,70.0,2188,6.320059610463039,0,0,0,0,0,0,0,0.8886641126398388,7.885329239273191,True,False,False,False,False,False
3.0,7,6.195191110040243,70.37037037037037,3067,6.382521258497842,0,0,0,0,0,0,0,1.1708768489362897,9.310728546007452,False,False,False,True,False,False
1.0,20,6.891177866809663,77.6769509981851,2188,6.320059610463039,0,0,0,0,0,0,0,0.8886641126398388,11.563466476463946,True,False,False,False,False,False
1.0,24,6.783358954283456,0.0,3067,6.382521258497842,0,0,0,0,0,0,0,0.3902922829787633,4.418840607796598,False,False,False,True,False,False
1.0,27,6.809281649391791,0.0,2188,6.320059610463039,0,0,0,0,0,0,0,0.8886641126398388,4.356708826689592,True,False,False,False,False,False
1.0,48,6.524603262575565,100.0,3067,6.382521258497842,0,0,0,0,0,0,0,0.3902922829787633,5.099866427824199,False,False,False,True,False,False
27.0,18,6.662948251583755,0.0,3549,6.881313711751069,0,0,0,0,0,0,0,0.784613951788141,4.290459441148391,False,False,False,False,False,True
12.0,13,6.895501038389339,80.6778230909858,3549,6.881313711751069,0,0,0,0,0,0,0,0.34871731190584043,12.28398231065433,False,False,False,False,False,True
1.0,73,6.640698109965129,0.0,2188,6.320059610463039,0,0,0,0,0,0,0,0.8886641126398388,4.812184355372417,True,False,False,False,False,False
1.0,60,6.818832487090081,80.0,1572,6.528145312958054,0,0,0,0,0,0,0,0.38249375632476623,5.953243334287785,False,False,False,False,True,False
1.0,14,6.845607708753538,0.0,2188,6.320059610463039,0,0,0,0,0,0,0,0.8886641126398388,4.672828834461906,True,False,False,False,False,False
1.0,49,6.846076320277441,55.55555555555556,2188,6.320059610463039,0,0,0,0,0,0,0,0.8886641126398388,6.07073772800249,True,False,False,False,False,False
1.0,57,5.558589488847307,61.53846153846154,2188,6.320059610463039,0,0,0,0,0,0,0,0.8886641126398388,5.746203190540153,True,False,False,False,False,False
1.0,15,5.558589488847307,66.66666666666666,2188,6.320059610463039,0,0,0,0,0,0,0,0.8886641126398388,5.017279836814924,True,False,False,False,False,False
1.0,6,5.879225467208256,100.0,447,5.588299776286353,0,0,0,0,0,0,0,0.9078461025802542,5.225746673713202,False,True,False,False,False,False
2.0,55,6.740866461953476,75.0,3067,6.382521258497842,0,0,0,0,0,0,0,0.7805845659575266,8.29254851397576,False,False,False,True,False,False
1.0,48,6.40169871215857,33.33333333333333,2188,6.320059610463039,0,0,0,0,0,0,0,0.8886641126398388,5.627621113690637,True,False,False,False,False,False
30.0,25,6.5004185244497705,66.66666666666666,3549,6.881313711751069,0,0,0,0,0,0,0,0.8717932797646011,6.214608098422191,False,False,False,False,False,True
1.0,13,5.879225467208256,80.37383177570094,447,5.588299776286353,0,0,0,0,0,0,0,0.9078461025802542,7.44600149832412,False,True,False,False,False,False
51.0,26,6.743076983988833,76.41509433962264,3549,6.881313711751069,0,0,0,0,0,0,0,1.4820485755998218,8.532081803909987,False,False,False,False,False,True
26.0,12,6.815397182039722,79.0829469345698,3549,6.881313711751069,0,0,0,0,0,0,0,0.7555541757959876,10.829352306844557,False,False,False,False,False,True
1.0,35,6.22747829422649,53.84615384615385,3067,6.382521258497842,0,0,0,0,0,0,0,0.3902922829787633,6.018593214496234,False,False,False,True,False,False
1.0,6,6.20715799971213,66.66666666666666,1572,6.528145312958054,0,0,0,0,0,0,0,0.38249375632476623,5.872117789475416,False,False,False,False,True,False
42.0,18,6.40169871215857,0.0,3549,6.881313711751069,0,0,0,0,0,0,0,1.2205105916704415,4.127134385045092,False,False,False,False,False,True
1.0,26,6.782065178415631,80.85106382978722,3067,6.382521258497842,0,0,0,0,0,0,0,0.3902922829787633,7.158513997329321,False,False,False,True,False,False
2.0,20,6.879786245533123,77.12418300653596,3067,6.382521258497842,0,0,0,0,0,0,0,0.7805845659575266,9.564442007795789,False,False,False,True,False,False
1.0,51,6.770580228122137,75.0,1572,6.528145312958054,0,0,0,0,0,0,0,0.38249375632476623,5.655991810819852,False,False,False,False,True,False
1.0,71,6.8565901876316175,66.66666666666666,2188,6.320059610463039,0,0,0,0,0,0,0,0.8886641126398388,5.8888779583328805,True,False,False,False,False,False
3.0,12,6.195191110040243,56.451612903225815,3067,6.382521258497842,0,0,0,0,0,0,0,1.1708768489362897,7.359467638255621,False,False,False,True,False,False
1.0,24,6.602205255211668,70.0,1572,6.528145312958054,0,0,0,0,0,0,0,0.38249375632476623,7.026426808699636,False,False,False,False,True,False
50.0,11,7.030379445294483,77.19298245614034,3549,6.881313711751069,0,0,0,0,0,0,0,1.4529887996076685,9.164401140034737,False,False,False,False,False,True
24.0,28,6.662948251583755,50.0,3549,6.881313711751069,0,0,0,0,0,0,0,0.6974346238116809,6.593044534142437,False,False,False,False,False,True
22.0,10,6.93260139736339,86.15894039735099,3549,6.881313711751069,0,0,0,0,0,0,0,0.6393150718273741,11.470644072713622,False,False,False,False,False,True
1.0,12,5.558589488847307,80.85106382978722,1572,6.528145312958054,0,0,0,0,0,0,0,0.38249375632476623,7.553286605600419,False,False,False,False,True,False
1.0,26,6.4291339721213445,69.66292134831461,2188,6.320059610463039,0,0,0,0,0,0,0,0.8886641126398388,7.61972421378267,True,False,False,False,False,False
1.0,44,6.8536771222611135,0.0,2188,6.320059610463039,0,0,0,0,0,0,0,0.8886641126398388,7.529406457837013,True,False,False,False,False,False
1.0,98,6.851621519971829,70.79710144927536,3067,6.382521258497842,0,0,0,0,0,0,0,0.3902922829787633,10.718608973370925,False,False,False,True,False,False
25.0,26,6.836335151609738,77.27272727272727,3549,6.881313711751069,0,0,0,0,0,0,0,0.7264943998038342,6.18826412308259,False,False,False,False,False,True
1.0,18,6.195191110040243,60.0,3067,6.382521258497842,0,0,0,0,0,0,0,0.3902922829787633,6.558197802812269,False,False,False,True,False,False
3.0,50,6.806462343609414,71.42857142857143,3067,6.382521258497842,0,0,0,0,0,0,0,1.1708768489362897,7.62657020629066,False,False,False,True,False,False
20.0,29,6.270257490704965,66.66666666666666,3549,6.881313711751069,0,0,0,0,0,0,0,0.5811955198430674,5.700443573390687,False,False,False,False,False,True
1.0,7,6.139209247294481,81.48148148148148,447,5.588299776286353,0,0,0,0,0,0,0,0.9078461025802542,7.3537223303996315,False,True,False,False,False,False
26.0,13,6.8597275096250865,79.47310647639955,3549,6.881313711751069,0,0,0,0,0,0,0,0.7555541757959876,11.046977599982323,False,False,False,False,False,True
1.0,65,6.7720511464995905,69.23076923076923,2188,6.320059610463039,0,0,0,0,0,0,0,0.8886641126398388,5.966146739123692,True,False,False,False,False,False
12.0,16,6.913579950455417,78.80910683012259,3549,6.881313711751069,0,0,0,0,0,0,0,0.34871731190584043,11.127615863065628,False,False,False,False,False,True
1.0,34,6.870414315146954,66.66666666666666,1572,6.528145312958054,0,0,0,0,0,0,0,0.38249375632476623,6.313548046277095,False,False,False,False,True,False
1.0,10,5.879225467208256,0.0,447,5.588299776286353,0,0,0,0,0,0,0,0.9078461025802542,4.836281906951478,False,True,False,False,False,False
1.0,38,6.694036685098593,79.27519818799547,2188,6.320059610463039,0,0,0,0,0,0,0,0.8886641126398388,9.93488931567566,True,False,False,False,False,False
1.0,11,6.635431799966208,76.92307692307693,3067,6.382521258497842,0,0,0,0,0,0,0,0.3902922829787633,5.717027701406222,False,False,False,True,False,False
6.0,6,6.48976219033308,79.12713472485768,610,5.665348780241979,0,0,0,0,0,0,0,0.8272886501197902,9.532641238823578,False,False,True,False,False,False
3.0,52,6.661310512963811,78.91737891737893,3067,6.382521258497842,0,0,0,0,0,0,0,1.1708768489362897,9.020994200245264,False,False,False,True,False,False
26.0,17,6.866123752070609,50.0,3549,6.881313711751069,0,0,0,0,0,0,0,0.7555541757959876,5.123963979403259,False,False,False,False,False,True
51.0,16,6.889678266422713,0.0,3549,6.881313711751069,0,0,0,0,0,0,0,1.4820485755998218,6.18826412308259,False,False,False,False,False,True
1.0,54,5.879225467208256,100.0,447,5.588299776286353,0,0,0,0,0,0,0,0.9078461025802542,4.927253685157205,False,True,False,False,False,False
12.0,28,6.84073948827224,81.09756097560977,3549,6.881313711751069,0,0,0,0,0,0,0,0.34871731190584043,11.507540994693388,False,False,False,False,False,True
39.0,21,6.810822042773845,71.875,3549,6.881313711751069,0,0,0,0,0,0,0,1.1333312636939814,6.6039438246004725,False,False,False,False,False,True
1.0,18,5.879225467208256,100.0,447,5.588299776286353,0,0,0,0,0,0,0,0.9078461025802542,6.150602768446279,False,True,False,False,False,False
1.0,14,6.7344596086749675,76.36363636363637,3067,6.382521258497842,0,0,0,0,0,0,0,0.3902922829787633,6.933423025730715,False,False,False,True,False,False
26.0,15,6.662948251583755,0.0,3549,6.881313711751069,0,0,0,0,0,0,0,0.7555541757959876,4.969813299576001,False,False,False,False,False,True
2.0,8,6.636391762058312,68.51851851851852,3067,6.382521258497842,0,0,0,0,0,0,0,0.7805845659575266,7.344072850573066,False,False,False,True,False,False
1.0,30,6.874652061743017,0.0,2188,6.320059610463039,0,0,0,0,0,0,0,0.8886641126398388,5.602118820879701,True,False,False,False,False,False
1.0,24,6.195191110040243,60.71428571428571,3067,6.382521258497842,0,0,0,0,0,0,0,0.3902922829787633,7.62657020629066,False,False,False,True,False,False
4.0,33,6.117214889903559,0.0,610,5.665348780241979,0,0,0,0,0,0,0,0.5515257667465269,5.472270673671475,False,False,True,False,False,False
1.0,34,7.0325682587398175,82.80499519692603,2188,6.320059610463039,0,0,0,0,0,0,0,0.8886641126398388,11.448962778008331,True,False,False,False,False,False
12.0,14,6.884373648927484,82.22730739893211,3549,6.881313711751069,0,0,0,0,0,0,0,0.34871731190584043,11.416612782828315,False,False,False,False,False,True
1.0,26,6.869850796373931,75.1004016064257,3067,6.382521258497842,0,0,0,0,0,0,0,0.3902922829787633,9.426982836948033,False,False,False,True,False,False
2.0,66,6.195191110040243,67.10526315789474,3067,6.382521258497842,0,0,0,0,0,0,0,0.7805845659575266,8.535425959677298,False,False,False,True,False,False
13.0,8,6.919098187424062,81.00263852242745,3549,6.881313711751069,0,0,0,0,0,0,0,0.3777770878979938,9.864018808625762,False,False,False,False,False,True
1.0,27,6.636869976955481,100.0,1572,6.528145312958054,0,0,0,0,0,0,0,0.38249375632476623,5.8888779583328805,False,False,False,False,True,False
12.37420167311325,7,6.195191110040243,0.0,3067,6.382521258497842,0,0,0,0,0,0,0,4.829555421039003,8.165079258805068,False,False,False,True,False,False
12.0,28,6.738572847556955,50.0,3549,6.881313711751069,0,0,0,0,0,0,0,0.34871731190584043,7.257002707092073,False,False,False,False,False,True
3.0,17,6.195191110040243,67.70833333333334,3067,6.382521258497842,0,0,0,0,0,0,0,1.1708768489362897,7.905072849498666,False,False,False,True,False,False
1.0,16,6.932702919858476,86.26041496487503,2188,6.320059610463039,0,0,0,0,0,0,0,0.8886641126398388,12.153420533631275,True,False,False,False,False,False
21.0,21,6.950832280842871,79.46210268948656,3549,6.881313711751069,0,0,0,0,0,0,0,0.6102552958352208,9.266342562091468,False,False,False,False,False,True
25.0,24,6.829024255183886,76.55172413793103,3549,6.881313711751069,0,0,0,0,0,0,0,0.7264943998038342,10.152415802824065,False,False,False,False,False,True
3.0,32,6.662948251583755,100.0,610,5.665348780241979,0,0,0,0,0,0,0,0.4136443250598951,4.204692619390966,False,False,True,False,False,False
3.0,13,6.740691712132384,73.07692307692307,3067,6.382521258497842,0,0,0,0,0,0,0,1.1708768489362897,8.286269452783065,False,False,False,True,False,False
2.0,4,6.195191110040243,69.17293233082707,3067,6.382521258497842,0,0,0,0,0,0,0,0.7805845659575266,8.761550139129644,False,False,False,True,False,False
2.0,24,6.794607080130419,0.0,3067,6.382521258497842,0,0,0,0,0,0,0,0.7805845659575266,4.8283137373023015,False,False,False,True,False,False
12.0,18,6.728879252982257,66.66666666666666,3549,6.881313711751069,0,0,0,0,0,0,0,0.34871731190584043,6.159095388491933,False,False,False,False,False,True
1.0,52,6.770028197402003,70.0,3067,6.382521258497842,0,0,0,0,0,0,0,0.3902922829787633,8.713253274320705,False,False,False,True,False,False
2.0,26,6.795950141938851,77.14285714285715,3067,6.382521258497842,0,0,0,0,0,0,0,0.7805845659575266,6.698268054115413,False,False,False,True,False,False
1.0,40,6.20715799971213,84.61538461538461,1572,6.528145312958054,0,0,0,0,0,0,0,0.38249375632476623,6.063785208687608,False,False,False,False,True,False
1.0,12,6.834545974034778,81.63265306122449,610,5.665348780241979,0,0,0,0,0,0,0,0.13788144168663172,7.317212408359839,False,False,True,False,False,False
1.0,47,6.638243832197137,50.0,2188,6.320059610463039,0,0,0,0,0,0,0,0.8886641126398388,5.683579767338681,True,False,False,False,False,False
13.0,11,6.5004185244497705,80.0,3549,6.881313711751069,0,0,0,0,0,0,0,0.3777770878979938,8.540519016719735,False,False,False,False,False,True
1.0,14,6.548792989998894,0.0,3067,6.382521258497842,0,0,0,0,0,0,0,0.3902922829787633,3.8066624897703196,False,False,False,True,False,False
12.37420167311325,8,6.192033733782523,0.0,3549,6.881313711751069,0,0,0,0,0,0,0,0.35959152870240046,4.02535169073515,False,False,False,False,False,True
1.0,27,6.914031883097093,69.7406340057637,3067,6.382521258497842,0,0,0,0,0,0,0,0.3902922829787633,8.862908295118627,False,False,False,True,False,False
1.0,39,5.558589488847307,0.0,3067,6.382521258497842,0,0,0,0,0,0,0,0.3902922829787633,4.276666119016055,False,False,False,True,False,False
1.0,8,6.8031388928480325,75.80833657966498,3067,6.382521258497842,0,0,0,0,0,0,0,0.3902922829787633,10.907202909334556,False,False,False,True,False,False
3.0,45,6.800428865297263,66.66666666666666,3067,6.382521258497842,0,0,0,0,0,0,0,1.1708768489362897,5.517452896464707,False,False,False,True,False,False
52.0,13,6.851612911057213,76.89898198903681,3549,6.881313711751069,0,0,0,0,0,0,0,1.5111083515919752,11.126336084130871,False,False,False,False,False,True
2.0,15,6.853834749479677,66.08695652173913,3067,6.382521258497842,0,0,0,0,0,0,0,0.7805845659575266,7.80710329012598,False,False,False,True,False,False
3.0,17,6.854225431580791,77.23880597014924,3067,6.382521258497842,0,0,0,0,0,0,0,1.1708768489362897,9.606697461053619,False,False,False,True,False,False
1.0,34,6.961373850129229,74.46808510638297,1572,6.528145312958054,0,0,0,0,0,0,0,0.38249375632476623,7.944492163932159,False,False,False,False,True,False
1.0,10,6.829036948424544,0.0,2188,6.320059610463039,0,0,0,0,0,0,0,0.8886641126398388,4.110873864173311,True,False,False,False,False,False
1.0,25,6.861196730508127,0.0,2188,6.320059610463039,0,0,0,0,0,0,0,0.8886641126398388,4.919980925828125,True,False,False,False,False,False
13.0,9,6.6853587373333445,79.94350282485875,3549,6.881313711751069,0,0,0,0,0,0,0,0.3777770878979938,9.064620717626777,False,False,False,False,False,True
1.0,16,6.58558055977916,100.0,2188,6.320059610463039,0,0,0,0,0,0,0,0.8886641126398388,5.0689042022202315,True,False,False,False,False,False
1.0,38,5.879225467208256,90.9090909090909,2188,6.320059610463039,0,0,0,0,0,0,0,0.8886641126398388,6.672032945461067,True,False,False,False,False,False
10.0,50,6.8594387136428185,81.25,610,5.665348780241979,0,0,0,0,0,0,0,1.3788144168663172,7.73718007783463,False,False,True,False,False,False
6.0,13,6.677693639525605,0.0,3549,6.881313711751069,0,0,0,0,0,0,0,0.17435865595292022,4.700480365792417,False,False,False,False,False,True
3.0,45,6.807584713395245,80.49792531120332,3067,6.382521258497842,0,0,0,0,0,0,0,1.1708768489362897,9.16837188715368,False,False,False,True,False,False
10.0,22,6.906130742650239,71.03857566765579,1572,6.528145312958054,0,0,0,0,0,0,0,3.824937563247662,10.68317933449626,False,False,False,False,True,False
24.0,8,6.877954803336691,82.17761557177616,3549,6.881313711751069,0,0,0,0,0,0,0,0.6974346238116809,11.975230788150334,False,False,False,False,False,True
25.0,10,6.882320058116752,80.7981220657277,3549,6.881313711751069,0,0,0,0,0,0,0,0.7264943998038342,10.809909750211677,False,False,False,False,False,True
1.0,50,6.814996831782619,71.72995780590718,1572,6.528145312958054,0,0,0,0,0,0,0,0.38249375632476623,8.700347734514084,False,False,False,False,True,False
2.0,27,6.842439933190603,75.85724282715185,3067,6.382521258497842,0,0,0,0,0,0,0,0.7805845659575266,9.99952474073307,False,False,False,True,False,False
3.0,18,6.816742595707507,69.54732510288066,3067,6.382521258497842,0,0,0,0,0,0,0,1.1708768489362897,8.502891406705377,False,False,False,True,False,False
49.0,18,6.875556005698156,76.38190954773869,3549,6.881313711751069,0,0,0,0,0,0,0,1.423929023615515,9.094817280720644,False,False,False,False,False,True
6.0,23,6.5004185244497705,70.50691244239631,1572,6.528145312958054,0,0,0,0,0,0,0,2.294962537948597,8.514389264083503,False,False,False,False,True,False
13.0,12,6.836436565523119,79.43840579710145,3549,6.881313711751069,0,0,0,0,0,0,0,0.3777770878979938,10.206218323189427,False,False,False,False,False,True
12.0,57,6.5004185244497705,0.0,610,5.665348780241979,0,0,0,0,0,0,0,1.6545773002395805,4.060443010546419,False,False,True,False,False,False
104.0,11,6.8442500649497235,73.10344827586206,3549,6.881313711751069,0,0,0,0,0,0,0,3.0222167031839504,8.209852481301272,False,False,False,False,False,True
12.0,8,6.7407259017789665,77.28813559322035,3549,6.881313711751069,0,0,0,0,0,0,0,0.34871731190584043,9.95261099449568,False,False,False,False,False,True
26.0,15,6.779782172998328,0.0,3549,6.881313711751069,0,0,0,0,0,0,0,0.7555541757959876,4.700480365792417,False,False,False,False,False,True
52.0,6,6.608354723274798,81.07344632768361,3549,6.881313711751069,0,0,0,0,0,0,0,1.5111083515919752,9.181117513299279,False,False,False,False,False,True
4.0,36,6.5004185244497705,76.0,1572,6.528145312958054,0,0,0,0,0,0,0,1.529975025299065,7.114769448366463,False,False,False,False,True,False
4.0,25,6.638044198428708,77.431906614786,1572,6.528145312958054,0,0,0,0,0,0,0,1.529975025299065,8.729073550451737,False,False,False,False,True,False
2.0,25,6.8387887536725165,0.0,1572,6.528145312958054,0,0,0,0,0,0,0,0.7649875126495325,4.418840607796598,False,False,False,False,True,False
1.0,8,6.20715799971213,58.82352941176471,2188,6.320059610463039,0,0,0,0,0,0,0,0.8886641126398388,7.174724309836376,True,False,False,False,False,False
25.0,26,6.92972254610211,81.52997932460372,3549,6.881313711751069,0,0,0,0,0,0,0,0.7264943998038342,10.662679931125757,False,False,False,False,False,True
1.0,11,6.510263751421897,71.08433734939759,2188,6.320059610463039,0,0,0,0,0,0,0,0.8886641126398388,7.318539548567902,True,False,False,False,False,False
1.0,37,6.548792989998894,0.0,3067,6.382521258497842,0,0,0,0,0,0,0,0.3902922829787633,3.8918202981106265,False,False,False,True,False,False
2.0,40,6.195191110040243,60.416666666666664,3067,6.382521258497842,0,0,0,0,0,0,0,0.7805845659575266,7.0825485693553,False,False,False,True,False,False
1.0,19,6.444222433795675,100.0,447,5.588299776286353,0,0,0,0,0,0,0,0.9078461025802542,4.430816798843313,False,True,False,False,False,False
1.0,26,6.786473217057109,0.0,3067,6.382521258497842,0,0,0,0,0,0,0,0.3902922829787633,4.727387818712341,False,False,False,True,False,False
13.0,15,6.811377380117442,84.27631578947368,3549,6.881313711751069,0,0,0,0,0,0,0,0.3777770878979938,11.080572085576353,False,False,False,False,False,True
12.0,7,6.908633423783657,83.52754237288136,3549,6.881313711751069,0,0,0,0,0,0,0,0.34871731190584043,11.67070668924528,False,False,False,False,False,True
50.0,31,6.907533437153302,84.78878575487782,3549,6.881313711751069,0,0,0,0,0,0,0,1.4529887996076685,11.768443268899123,False,False,False,False,False,True
1.0,22,6.548792989998894,100.0,3067,6.382521258497842,0,0,0,0,0,0,0,0.3902922829787633,3.784189633918261,False,False,False,True,False,False
1.0,48,6.811522504055452,71.73913043478261,3067,6.382521258497842,0,0,0,0,0,0,0,0.3902922829787633,7.02197642307216,False,False,False,True,False,False
100.0,30,6.5004185244497705,0.0,3549,6.881313711751069,0,0,0,0,0,0,0,2.905977599215337,4.343805421853684,False,False,False,False,False,True
1.0,57,6.1339281894042506,0.0,3067,6.382521258497842,0,0,0,0,0,0,0,0.3902922829787633,3.9318256327243257,False,False,False,True,False,False
13.0,28,6.9103562219117585,81.9233550253073,3549,6.881313711751069,0,0,0,0,0,0,0,0.3777770878979938,10.55838754591257,False,False,False,False,False,True
1.0,80,6.635758036799406,72.12121212121212,1572,6.528145312958054,0,0,0,0,0,0,0,0.38249375632476623,9.098067129493398,False,False,False,False,True,False
1.0,37,5.659166666666667,50.0,1572,6.528145312958054,0,0,0,0,0,0,0,0.38249375632476623,4.6443908991413725,False,False,False,False,True,False
37.0,24,6.822068674827799,56.00000000000001,3549,6.881313711751069,0,0,0,0,0,0,0,1.0752117117096747,7.903965634032166,False,False,False,False,False,True
1.0,30,6.669845257137642,0.0,2188,6.320059610463039,0,0,0,0,0,0,0,0.8886641126398388,5.117993812416755,True,False,False,False,False,False
2.0,14,6.195560357097322,82.35294117647058,610,5.665348780241979,0,0,0,0,0,0,0,0.27576288337326343,8.031710375322042,False,False,True,False,False,False
1.0,5,6.5004185244497705,0.0,610,5.665348780241979,0,0,0,0,0,0,0,0.13788144168663172,4.007333185232471,False,False,True,False,False,False
26.0,15,6.796305456123642,60.71428571428571,3549,6.881313711751069,0,0,0,0,0,0,0,0.7555541757959876,6.740519359606223,False,False,False,False,False,True
13.0,21,6.754818962416433,0.0,3549,6.881313711751069,0,0,0,0,0,0,0,0.3777770878979938,5.572154032177765,False,False,False,False,False,True
3.0,41,6.5004185244497705,0.0,3067,6.382521258497842,0,0,0,0,0,0,0,1.1708768489362897,5.231108616854587,False,False,False,True,False,False
22.0,23,6.40169871215857,0.0,3549,6.881313711751069,0,0,0,0,0,0,0,0.6393150718273741,4.574710978503383,False,False,False,False,False,True
12.0,34,6.842297549793959,78.93175074183976,3549,6.881313711751069,0,0,0,0,0,0,0,0.34871731190584043,10.014984203549803,False,False,False,False,False,True
13.0,15,6.813000194739592,79.34362934362935,3549,6.881313711751069,0,0,0,0,0,0,0,0.3777770878979938,10.439337441206854,False,False,False,False,False,True
74.0,18,6.67965887931373,81.34715025906736,3549,6.881313711751069,0,0,0,0,0,0,0,2.1504234234193493,8.385260520155413,False,False,False,False,False,True
12.0,10,6.876139273430018,80.48165779893587,3549,6.881313711751069,0,0,0,0,0,0,0,0.34871731190584043,11.60862647748041,False,False,False,False,False,True
2.0,13,6.4552094280772,61.81818181818181,3067,6.382521258497842,0,0,0,0,0,0,0,0.7805845659575266,7.239214973779806,False,False,False,True,False,False
45.0,16,6.726881389735055,60.0,3549,6.881313711751069,0,0,0,0,0,0,0,1.3076899196469016,5.236441962829949,False,False,False,False,False,True
12.0,20,6.5004185244497705,80.82191780821918,3549,6.881313711751069,0,0,0,0,0,0,0,0.34871731190584043,8.803123730829212,False,False,False,False,False,True
3.0,9,6.837827656730994,74.33628318584071,3067,6.382521258497842,0,0,0,0,0,0,0,1.1708768489362897,8.16735198705607,False,False,False,True,False,False
12.0,13,6.7531871272138275,80.2593659942363,3549,6.881313711751069,0,0,0,0,0,0,0,0.34871731190584043,9.958259788383108,False,False,False,False,False,True
1.0,31,6.927484355693852,75.25137111517367,1572,6.528145312958054,0,0,0,0,0,0,0,0.38249375632476623,11.201524305897856,False,False,False,False,True,False
1.0,6,6.779782172998328,75.0,1572,6.528145312958054,0,0,0,0,0,0,0,0.38249375632476623,4.890349128221754,False,False,False,False,True,False
1.0,3,5.8512085383736085,81.08108108108108,2188,6.320059610463039,0,0,0,0,0,0,0,0.8886641126398388,6.985641817639208,True,False,False,False,False,False
773.0,14,6.662948251583755,66.66666666666666,3549,6.881313711751069,0,0,0,0,0,0,0,22.463206841934554,4.709530201312334,False,False,False,False,False,True
4.0,16,6.597394776544846,80.68181818181817,3067,6.382521258497842,0,0,0,0,0,0,0,1.5611691319150531,8.129764445794171,False,False,False,True,False,False
1.0,22,6.5004185244497705,83.33333333333334,2188,6.320059610463039,0,0,0,0,0,0,0,0.8886641126398388,6.135564891081739,True,False,False,False,False,False
6.0,17,6.721264151993432,78.78787878787878,3067,6.382521258497842,0,0,0,0,0,0,0,2.3417536978725795,7.085901464365611,False,False,False,True,False,False
1.0,49,6.743024351257927,80.76923076923077,2188,6.320059610463039,0,0,0,0,0,0,0,0.8886641126398388,6.669498089857879,True,False,False,False,False,False
3.0,15,6.875648913692117,75.74404761904762,3067,6.382521258497842,0,0,0,0,0,0,0,1.1708768489362897,9.4588397305527,False,False,False,True,False,False
5.0,57,6.6819426705842195,65.45454545454545,1572,6.528145312958054,0,0,0,0,0,0,0,1.912468781623831,7.597897950521784,False,False,False,False,True,False
1.0,48,6.58558055977916,0.0,3067,6.382521258497842,0,0,0,0,0,0,0,0.3902922829787633,4.48863636973214,False,False,False,True,False,False
1.0,15,6.885145721113196,90.0,3067,6.382521258497842,0,0,0,0,0,0,0,0.3902922829787633,6.795705775173514,False,False,False,True,False,False
52.0,9,6.761962783054639,0.0,3549,6.881313711751069,0,0,0,0,0,0,0,1.5111083515919752,5.3612921657094255,False,False,False,False,False,True
7.0,23,6.490336269696487,0.0,3067,6.382521258497842,0,0,0,0,0,0,0,2.732045980851343,4.110873864173311,False,False,False,True,False,False
2.0,35,6.153171904926564,68.29268292682927,3067,6.382521258497842,0,0,0,0,0,0,0,0.7805845659575266,7.009408932708637,False,False,False,True,False,False
1.0,37,5.775788441476067,0.0,3067,6.382521258497842,0,0,0,0,0,0,0,0.3902922829787633,3.8918202981106265,False,False,False,True,False,False
475.0,24,6.510263751421897,100.0,3549,6.881313711751069,0,0,0,0,0,0,0,13.80339359627285,4.990432586778736,False,False,False,False,False,True
4.0,18,6.195191110040243,73.11827956989248,3067,6.382521258497842,0,0,0,0,0,0,0,1.5611691319150531,9.049114723476961,False,False,False,True,False,False
10.0,12,6.723823326708267,79.86577181208054,3549,6.881313711751069,0,0,0,0,0,0,0,0.2905977599215337,9.110961927995904,False,False,False,False,False,True
2.0,24,6.195191110040243,77.30061349693251,3067,6.382521258497842,0,0,0,0,0,0,0,0.7805845659575266,8.650149418664864,False,False,False,True,False,False
12.37420167311325,33,6.849069499685569,0.0,3549,6.881313711751069,0,0,0,0,0,0,0,0.35959152870240046,8.815518423966498,False,False,False,False,False,True
1.0,14,6.809967236350467,80.0,2188,6.320059610463039,0,0,0,0,0,0,0,0.8886641126398388,4.983606621708336,True,False,False,False,False,False
1.0,17,6.831725682510775,75.95628415300546,1572,6.528145312958054,0,0,0,0,0,0,0,0.38249375632476623,8.802672840312818,False,False,False,False,True,False
1.0,51,6.565153699124991,73.07692307692307,3067,6.382521258497842,0,0,0,0,0,0,0,0.3902922829787633,7.455876687491824,False,False,False,True,False,False
13.0,39,6.842580450072461,84.53781512605042,3549,6.881313711751069,0,0,0,0,0,0,0,0.3777770878979938,10.034384227337895,False,False,False,False,False,True
25.0,10,6.786000370687271,78.62903225806451,3549,6.881313711751069,0,0,0,0,0,0,0,0.7264943998038342,8.685077700412423,False,False,False,False,False,True
1.0,88,6.756666247949616,61.19402985074627,1572,6.528145312958054,0,0,0,0,0,0,0,0.38249375632476623,8.191463051326927,False,False,False,False,True,False
1.0,21,6.751797143671785,80.95238095238095,3067,6.382521258497842,0,0,0,0,0,0,0,0.3902922829787633,6.51025834052315,False,False,False,True,False,False
48.0,20,6.833165574598927,80.0,3549,6.881313711751069,0,0,0,0,0,0,0,1.3948692476233617,6.536691597591305,False,False,False,False,False,True
1.0,12,6.918834197697669,66.66666666666666,1572,6.528145312958054,0,0,0,0,0,0,0,0.38249375632476623,5.7899601708972535,False,False,False,False,True,False
2.0,13,6.8625170368215365,77.77777777777779,3067,6.382521258497842,0,0,0,0,0,0,0,0.7805845659575266,6.975413927455952,False,False,False,True,False,False
1.0,30,6.7922664375393,59.89010989010989,1572,6.528145312958054,0,0,0,0,0,0,0,0.38249375632476623,8.693831965074693,False,False,False,False,True,False
3.0,24,6.538328910164762,69.6969696969697,3067,6.382521258497842,0,0,0,0,0,0,0,1.1708768489362897,7.25063551189868,False,False,False,True,False,False
2.0,18,6.797748455259158,61.111111111111114,1572,6.528145312958054,0,0,0,0,0,0,0,0.7649875126495325,7.8504931808711405,False,False,False,False,True,False
80.0,15,5.558589488847307,0.0,3549,6.881313711751069,0,0,0,0,0,0,0,2.3247820793722695,3.6635616461296463,False,False,False,False,False,True
148.0,22,6.890338018266329,87.20010048988821,3549,6.881313711751069,0,0,0,0,0,0,0,4.300846846838699,12.961856539938093,False,False,False,False,False,True
1.0,41,6.716224756106464,56.33802816901409,1572,6.528145312958054,0,0,0,0,0,0,0,0.38249375632476623,7.639161171659173,False,False,False,False,True,False
51.0,25,6.40169871215857,0.0,3549,6.881313711751069,0,0,0,0,0,0,0,1.4820485755998218,4.634728988229636,False,False,False,False,False,True
1.0,13,5.775788441476067,71.42857142857143,447,5.588299776286353,0,0,0,0,0,0,0,0.9078461025802542,5.117993812416755,False,True,False,False,False,False
1.0,5,4.9263479368027125,76.92307692307693,2188,6.320059610463039,0,0,0,0,0,0,0,0.8886641126398388,7.77779262633883,True,False,False,False,False,False
1.0,26,6.847811481640239,0.0,2188,6.320059610463039,0,0,0,0,0,0,0,0.8886641126398388,6.244166900663736,True,False,False,False,False,False
1.0,29,6.40169871215857,0.0,2188,6.320059610463039,0,0,0,0,0,0,0,0.8886641126398388,4.477336814478207,True,False,False,False,False,False
1.0,37,6.810042529424079,0.0,1572,6.528145312958054,0,0,0,0,0,0,0,0.38249375632476623,4.219507705176107,False,False,False,False,True,False
1.0,43,6.844614966234576,67.35751295336787,1572,6.528145312958054,0,0,0,0,0,0,0,0.38249375632476623,8.988695696785708,False,False,False,False,True,False
26.0,31,6.924404576262872,76.33587786259542,3549,6.881313711751069,0,0,0,0,0,0,0,0.7555541757959876,8.471777327885755,False,False,False,False,False,True
1.0,13,5.879225467208256,81.81818181818183,447,5.588299776286353,0,0,0,0,0,0,0,0.9078461025802542,6.068425588244111,False,True,False,False,False,False
1.0,32,5.558589488847307,0.0,1572,6.528145312958054,0,0,0,0,0,0,0,0.38249375632476623,4.700480365792417,False,False,False,False,True,False
12.0,33,6.896957847601546,80.78484438430311,3549,6.881313711751069,0,0,0,0,0,0,0,0.34871731190584043,11.504227749267033,False,False,False,False,False,True
2.0,24,6.241442385702294,80.50847457627118,3067,6.382521258497842,0,0,0,0,0,0,0,0.7805845659575266,8.144098463338524,False,False,False,True,False,False
1.0,22,6.195191110040243,79.41176470588235,3067,6.382521258497842,0,0,0,0,0,0,0,0.3902922829787633,6.966967138613983,False,False,False,True,False,False
1.0,24,6.677693639525605,28.57142857142857,1572,6.528145312958054,0,0,0,0,0,0,0,0.38249375632476623,5.5909869805108565,False,False,False,False,True,False
1.0,54,6.5688617939358425,66.66666666666666,2188,6.320059610463039,0,0,0,0,0,0,0,0.8886641126398388,5.303304908059076,True,False,False,False,False,False
13.0,18,6.854737049232033,82.05254112447827,3549,6.881313711751069,0,0,0,0,0,0,0,0.3777770878979938,12.335705197543707,False,False,False,False,False,True
12.0,17,6.828181518013834,77.76892430278885,3549,6.881313711751069,0,0,0,0,0,0,0,0.34871731190584043,10.288817978223912,False,False,False,False,False,True
1.0,8,6.510263751421897,0.0,1572,6.528145312958054,0,0,0,0,0,0,0,0.38249375632476623,4.394449154672439,False,False,False,False,True,False
1.0,21,6.829036948424544,50.0,1572,6.528145312958054,0,0,0,0,0,0,0,0.38249375632476623,4.882801922586371,False,False,False,False,True,False
13.0,13,6.767541224610549,80.47138047138047,3549,6.881313711751069,0,0,0,0,0,0,0,0.3777770878979938,9.821246597152218,False,False,False,False,False,True
1.0,20,4.9263479368027125,100.0,2188,6.320059610463039,0,0,0,0,0,0,0,0.8886641126398388,5.123963979403259,True,False,False,False,False,False
1.0,17,6.539790061165907,33.33333333333333,447,5.588299776286353,0,0,0,0,0,0,0,0.9078461025802542,5.087596335232384,False,True,False,False,False,False
4.0,15,6.344574445476438,68.75,3067,6.382521258497842,0,0,0,0,0,0,0,1.5611691319150531,7.236339342754344,False,False,False,True,False,False
13.0,17,6.994259435877038,79.78339350180505,3549,6.881313711751069,0,0,0,0,0,0,0,0.3777770878979938,8.859931469616097,False,False,False,False,False,True
39.0,15,6.63330512849358,67.70186335403726,3549,6.881313711751069,0,0,0,0,0,0,0,1.1333312636939814,9.117786390365575,False,False,False,False,False,True
4.0,19,6.865701549139159,50.0,3067,6.382521258497842,0,0,0,0,0,0,0,1.5611691319150531,5.53338948872752,False,False,False,True,False,False
2.0,17,6.195191110040243,67.85714285714286,3067,6.382521258497842,0,0,0,0,0,0,0,0.7805845659575266,7.580189417944541,False,False,False,True,False,False
1.0,17,5.558589488847307,100.0,2188,6.320059610463039,0,0,0,0,0,0,0,0.8886641126398388,4.110873864173311,True,False,False,False,False,False
26.0,18,6.9295622616442225,76.50862068965517,3549,6.881313711751069,0,0,0,0,0,0,0,0.7555541757959876,9.367771379925012,False,False,False,False,False,True
13.0,21,6.635415443929664,78.64077669902912,3549,6.881313711751069,0,0,0,0,0,0,0,0.3777770878979938,8.914760527397261,False,False,False,False,False,True
3.0,24,6.753194764148832,75.86206896551724,1572,6.528145312958054,0,0,0,0,0,0,0,1.1474812689742986,7.459914766241105,False,False,False,False,True,False
2.0,32,6.195191110040243,72.85714285714285,3067,6.382521258497842,0,0,0,0,0,0,0,0.7805845659575266,7.5411524551363085,False,False,False,True,False,False
1.0,6,6.22747829422649,70.83333333333334,2188,6.320059610463039,0,0,0,0,0,0,0,0.8886641126398388,7.725771441587952,True,False,False,False,False,False
1.0,10,6.7386854344927904,0.0,2188,6.320059610463039,0,0,0,0,0,0,0,0.8886641126398388,4.51085950651685,True,False,False,False,False,False
1.0,44,6.772409865396259,80.0,2188,6.320059610463039,0,0,0,0,0,0,0,0.8886641126398388,5.293304824724492,True,False,False,False,False,False
2.0,15,6.817531173385809,77.50865051903114,3067,6.382521258497842,0,0,0,0,0,0,0,0.7805845659575266,9.523105224795426,False,False,False,True,False,False
1.0,25,6.26522859704693,41.17647058823529,2188,6.320059610463039,0,0,0,0,0,0,0,0.8886641126398388,5.8944028342648505,True,False,False,False,False,False
15.0,33,6.399873427982331,62.5,3067,6.382521258497842,0,0,0,0,0,0,0,5.854384244681449,7.347299700743164,False,False,False,True,False,False
180.0,27,6.8569287506609085,79.71556886227546,3549,6.881313711751069,0,0,0,0,0,0,0,5.2307596785876065,11.216296824393542,False,False,False,False,False,True
1.0,14,4.9263479368027125,100.0,2188,6.320059610463039,0,0,0,0,0,0,0,0.8886641126398388,5.3981627015177525,True,False,False,False,False,False
1.0,21,6.5004185244497705,0.0,2188,6.320059610463039,0,0,0,0,0,0,0,0.8886641126398388,5.1647859739235145,True,False,False,False,False,False
1.0,17,6.20715799971213,71.42857142857143,2188,6.320059610463039,0,0,0,0,0,0,0,0.8886641126398388,5.62040086571715,True,False,False,False,False,False
12.37420167311325,7,6.782509721769988,0.0,610,5.665348780241979,0,0,0,0,0,0,0,1.706172766409985,5.726847747587197,False,False,True,False,False,False
12.37420167311325,30,6.836389593533809,0.0,3549,6.881313711751069,0,0,0,0,0,0,0,0.35959152870240046,10.038499099192006,False,False,False,False,False,True
12.0,13,6.744524531479761,78.83435582822086,3549,6.881313711751069,0,0,0,0,0,0,0,0.34871731190584043,9.390576422279116,False,False,False,False,False,True
39.0,9,6.726881389735055,77.77777777777779,3549,6.881313711751069,0,0,0,0,0,0,0,1.1333312636939814,6.837332814685591,False,False,False,False,False,True
12.0,13,6.795116253480846,81.88976377952756,3549,6.881313711751069,0,0,0,0,0,0,0,0.34871731190584043,11.887718284474271,False,False,False,False,False,True
1.0,62,6.48976219033308,66.66666666666666,2188,6.320059610463039,0,0,0,0,0,0,0,0.8886641126398388,5.713732805509369,True,False,False,False,False,False
12.37420167311325,23,6.439627965757445,0.0,1572,6.528145312958054,0,0,0,0,0,0,0,4.733054879469294,3.6109179126442243,False,False,False,False,True,False
1.0,50,6.48976219033308,60.0,2188,6.320059610463039,0,0,0,0,0,0,0,0.8886641126398388,5.4510384535657,True,False,False,False,False,False
2.0,14,6.885145721113196,82.39795918367348,3067,6.382521258497842,0,0,0,0,0,0,0,0.7805845659575266,9.286930974137896,False,False,False,True,False,False
13.0,25,6.857895302344157,81.86362013566584,3549,6.881313711751069,0,0,0,0,0,0,0,0.3777770878979938,12.03459013347708,False,False,False,False,False,True
2.0,19,6.647216812257822,66.66666666666666,610,5.665348780241979,0,0,0,0,0,0,0,0.27576288337326343,5.375278407684165,False,False,True,False,False,False
24.0,60,6.866956441127071,76.59574468085107,3549,6.881313711751069,0,0,0,0,0,0,0,0.6974346238116809,9.433963808127244,False,False,False,False,False,True
26.0,25,6.818832487090081,73.44827586206897,3549,6.881313711751069,0,0,0,0,0,0,0,0.7555541757959876,9.277905558138606,False,False,False,False,False,True
12.0,8,6.873638248781112,81.60535117056857,3549,6.881313711751069,0,0,0,0,0,0,0,0.34871731190584043,9.76445534384057,False,False,False,False,False,True
6.0,42,6.771794995579909,76.36363636363637,1572,6.528145312958054,0,0,0,0,0,0,0,2.294962537948597,8.21959545417708,False,False,False,False,True,False
1.0,20,5.558589488847307,50.0,2188,6.320059610463039,0,0,0,0,0,0,0,0.8886641126398388,4.31748811353631,True,False,False,False,False,False
1.0,40,6.62799810652082,0.0,2188,6.320059610463039,0,0,0,0,0,0,0,0.8886641126398388,4.204692619390966,True,False,False,False,False,False
12.0,22,6.8299950888187055,81.65680473372781,3549,6.881313711751069,0,0,0,0,0,0,0,0.34871731190584043,9.413199579987685,False,False,False,False,False,True
2.0,46,6.530004759786913,75.0778816199377,3067,6.382521258497842,0,0,0,0,0,0,0,0.7805845659575266,9.814984153944724,False,False,False,True,False,False
15.0,19,5.775788441476067,0.0,3549,6.881313711751069,0,0,0,0,0,0,0,0.43589663988230054,4.04305126783455,False,False,False,False,False,True
1.0,7,5.879225467208256,100.0,447,5.588299776286353,0,0,0,0,0,0,0,0.9078461025802542,4.5217885770490405,False,True,False,False,False,False
25.0,15,6.8858591713145785,74.92753623188406,3549,6.881313711751069,0,0,0,0,0,0,0,0.7264943998038342,9.698859035219632,False,False,False,False,False,True
1.0,24,6.901913240256757,33.33333333333333,610,5.665348780241979,0,0,0,0,0,0,0,0.13788144168663172,4.553876891600541,False,False,True,False,False,False
1.0,56,6.737398107708471,71.42857142857143,2188,6.320059610463039,0,0,0,0,0,0,0,0.8886641126398388,6.126869184114185,True,False,False,False,False,False
26.0,20,6.5594204117934085,0.0,3549,6.881313711751069,0,0,0,0,0,0,0,0.7555541757959876,3.2188758248682006,False,False,False,False,False,True
1.0,38,6.7386854344927904,0.0,1572,6.528145312958054,0,0,0,0,0,0,0,0.38249375632476623,5.950642552587727,False,False,False,False,True,False
1.0,11,6.753521942380167,81.39999999999999,2188,6.320059610463039,0,0,0,0,0,0,0,0.8886641126398388,10.107407508882579,True,False,False,False,False,False
29.0,27,6.5264888547538815,100.0,3549,6.881313711751069,0,0,0,0,0,0,0,0.8427335037724477,5.337538079701318,False,False,False,False,False,True
365.0,17,6.289007148338809,0.0,3549,6.881313711751069,0,0,0,0,0,0,0,10.606818237135979,4.276666119016055,False,False,False,False,False,True
1.0,40,6.741188923304879,66.66666666666666,1572,6.528145312958054,0,0,0,0,0,0,0,0.38249375632476623,5.733341276897746,False,False,False,False,True,False
1.0,33,6.788310729601363,0.0,2188,6.320059610463039,0,0,0,0,0,0,0,0.8886641126398388,3.9318256327243257,True,False,False,False,False,False
1.0,30,6.714008191957947,0.0,3067,6.382521258497842,0,0,0,0,0,0,0,0.3902922829787633,3.9318256327243257,False,False,False,True,False,False
3.0,49,6.8321474822402575,100.0,1572,6.528145312958054,0,0,0,0,0,0,0,1.1474812689742986,5.2832037287379885,False,False,False,False,True,False
64.0,22,6.7246875,64.1025641025641,3549,6.881313711751069,0,0,0,0,0,0,0,1.8598256634978156,8.136810863675537,False,False,False,False,False,True
26.0,10,6.7842301997157435,84.79087452471484,3549,6.881313711751069,0,0,0,0,0,0,0,0.7555541757959876,8.705662478796427,False,False,False,False,False,True
2.0,22,6.195191110040243,63.26530612244898,3067,6.382521258497842,0,0,0,0,0,0,0,0.7805845659575266,7.591357046698551,False,False,False,True,False,False
16.0,36,6.845532650796314,69.38775510204081,610,5.665348780241979,0,0,0,0,0,0,0,2.2061030669861075,7.609862200913554,False,False,True,False,False,False
1.0,22,5.558589488847307,0.0,1572,6.528145312958054,0,0,0,0,0,0,0,0.38249375632476623,4.248495242049359,False,False,False,False,True,False
3.0,8,6.701702105786107,68.0,3067,6.382521258497842,0,0,0,0,0,0,0,1.1708768489362897,6.856461984594587,False,False,False,True,False,False
1.0,11,6.192033733782523,0.0,2188,6.320059610463039,0,0,0,0,0,0,0,0.8886641126398388,3.8501476017100584,True,False,False,False,False,False
12.0,18,6.727596654717186,80.78317621464831,3549,6.881313711751069,0,0,0,0,0,0,0,0.34871731190584043,10.733566587591218,False,False,False,False,False,True
2.0,18,6.301036379522414,42.42424242424242,3067,6.382521258497842,0,0,0,0,0,0,0,0.7805845659575266,6.859614903654202,False,False,False,True,False,False
1.0,11,6.794607080130419,0.0,2188,6.320059610463039,0,0,0,0,0,0,0,0.8886641126398388,4.795790545596741,True,False,False,False,False,False
14.0,19,6.5440745508401115,100.0,3549,6.881313711751069,0,0,0,0,0,0,0,0.40683686389014717,4.955827057601261,False,False,False,False,False,True
39.0,19,6.069017455652553,89.47368421052632,3549,6.881313711751069,0,0,0,0,0,0,0,1.1333312636939814,7.356279876550748,False,False,False,False,False,True
4.0,35,6.726830671522143,74.07407407407408,3067,6.382521258497842,0,0,0,0,0,0,0,1.5611691319150531,7.016609683894219,False,False,False,True,False,False
1.0,15,6.548792989998894,0.0,3067,6.382521258497842,0,0,0,0,0,0,0,0.3902922829787633,4.2626798770413155,False,False,False,True,False,False
12.0,26,6.87689765372928,0.0,3549,6.881313711751069,0,0,0,0,0,0,0,0.34871731190584043,10.961954700899811,False,False,False,False,False,True
1.0,36,6.818850027557036,81.71641791044776,2188,6.320059610463039,0,0,0,0,0,0,0,0.8886641126398388,9.387984339219026,True,False,False,False,False,False
2.0,4,6.195191110040243,77.77777777777779,3067,6.382521258497842,0,0,0,0,0,0,0,0.7805845659575266,7.318539548567902,False,False,False,True,False,False
1.0,15,6.932573917324494,83.2541567695962,2188,6.320059610463039,0,0,0,0,0,0,0,0.8886641126398388,11.212212187308628,True,False,False,False,False,False
1.0,20,5.879225467208256,80.0,447,5.588299776286353,0,0,0,0,0,0,0,0.9078461025802542,6.230481447578482,False,True,False,False,False,False
2.0,33,6.195191110040243,71.42857142857143,3067,6.382521258497842,0,0,0,0,0,0,0,0.7805845659575266,6.9782137426306985,False,False,False,True,False,False
1.0,41,6.87869123882592,71.67368080284882,1572,6.528145312958054,0,0,0,0,0,0,0,0.38249375632476623,10.770335907596417,False,False,False,False,True,False
51.0,8,6.817997843734242,85.36776212832551,3549,6.881313711751069,0,0,0,0,0,0,0,1.4820485755998218,11.646258087841353,False,False,False,False,False,True
12.37420167311325,9,6.887649747437717,0.0,3549,6.881313711751069,0,0,0,0,0,0,0,0.35959152870240046,7.1731917424865985,False,False,False,False,False,True
237.0,13,6.599003610218512,80.0,3549,6.881313711751069,0,0,0,0,0,0,0,6.8871669101403485,5.6131281063880705,False,False,False,False,False,True
22.0,11,6.335340516815215,74.28571428571429,3549,6.881313711751069,0,0,0,0,0,0,0,0.6393150718273741,7.7406644019172415,False,False,False,False,False,True
1.0,8,6.6658924439485645,100.0,2188,6.320059610463039,0,0,0,0,0,0,0,0.8886641126398388,4.836281906951478,True,False,False,False,False,False
2.0,16,6.7296099473643425,84.61538461538461,3067,6.382521258497842,0,0,0,0,0,0,0,0.7805845659575266,8.35936910622267,False,False,False,True,False,False
12.0,20,6.816742595707507,82.27029212574548,3549,6.881313711751069,0,0,0,0,0,0,0,0.34871731190584043,12.44722898804502,False,False,False,False,False,True
1.0,21,6.764465840959698,78.91682785299807,2188,6.320059610463039,0,0,0,0,0,0,0,0.8886641126398388,10.335756863396343,True,False,False,False,False,False
1.0,17,6.5970797128209036,100.0,610,5.665348780241979,0,0,0,0,0,0,0,0.13788144168663172,5.733341276897746,False,False,True,False,False,False
1.0,16,5.879225467208256,64.70588235294117,447,5.588299776286353,0,0,0,0,0,0,0,0.9078461025802542,5.697093486505405,False,True,False,False,False,False
1.0,20,6.5004185244497705,66.66666666666666,2188,6.320059610463039,0,0,0,0,0,0,0,0.8886641126398388,6.100318952020064,True,False,False,False,False,False
1.0,79,6.195191110040243,72.0,3067,6.382521258497842,0,0,0,0,0,0,0,0.3902922829787633,7.596392304064196,False,False,False,True,False,False
11.0,8,6.80976752544984,82.15361445783132,3549,6.881313711751069,0,0,0,0,0,0,0,0.31965753591368706,10.675445913520363,False,False,False,False,False,True
1.0,29,6.895121903671256,77.97179314976495,3067,6.382521258497842,0,0,0,0,0,0,0,0.3902922829787633,11.165295208533015,False,False,False,True,False,False
13.0,26,6.5004185244497705,0.0,3549,6.881313711751069,0,0,0,0,0,0,0,0.3777770878979938,5.049856007249537,False,False,False,False,False,True
1.0,26,6.5264888547538815,0.0,2188,6.320059610463039,0,0,0,0,0,0,0,0.8886641126398388,4.770684624465665,True,False,False,False,False,False
13.0,55,6.872858132626364,72.36180904522614,3549,6.881313711751069,0,0,0,0,0,0,0,0.3777770878979938,8.556606193773073,False,False,False,False,False,True
1.0,52,6.8393549963377245,76.99468085106383,2188,6.320059610463039,0,0,0,0,0,0,0,0.8886641126398388,9.530683226667511,True,False,False,False,False,False
12.0,10,6.817531173385809,82.43137254901961,3549,6.881313711751069,0,0,0,0,0,0,0,0.34871731190584043,10.924804744277687,False,False,False,False,False,True
1.0,36,4.9263479368027125,80.0,610,5.665348780241979,0,0,0,0,0,0,0,0.13788144168663172,5.181783550292085,False,False,True,False,False,False
12.0,23,6.7921340428944,80.46332046332047,3549,6.881313711751069,0,0,0,0,0,0,0,0.34871731190584043,11.583626210542947,False,False,False,False,False,True
1.0,19,5.879225467208256,100.0,447,5.588299776286353,0,0,0,0,0,0,0,0.9078461025802542,4.948759890378168,False,True,False,False,False,False
1.0,30,6.289007148338809,100.0,2188,6.320059610463039,0,0,0,0,0,0,0,0.8886641126398388,4.3694478524670215,True,False,False,False,False,False
4.0,20,6.927507291272787,82.1311475409836,3067,6.382521258497842,0,0,0,0,0,0,0,1.5611691319150531,10.5368847286903,False,False,False,True,False,False
1.0,9,4.9263479368027125,100.0,2188,6.320059610463039,0,0,0,0,0,0,0,0.8886641126398388,4.143134726391533,True,False,False,False,False,False
4.0,30,6.5004185244497705,78.3410138248848,1572,6.528145312958054,0,0,0,0,0,0,0,1.529975025299065,8.473032295630468,False,False,False,False,True,False
3.0,13,6.4461173097348805,60.810810810810814,3067,6.382521258497842,0,0,0,0,0,0,0,1.1708768489362897,7.895436006942965,False,False,False,True,False,False
12.0,25,6.848669991490887,80.61373599610326,3549,6.881313711751069,0,0,0,0,0,0,0,0.34871731190584043,12.057120098636698,False,False,False,False,False,True
1.0,33,6.393797237117623,78.89763779527559,2188,6.320059610463039,0,0,0,0,0,0,0,0.8886641126398388,9.57644075656207,True,False,False,False,False,False
1.0,58,6.836718312027337,71.66666666666667,2188,6.320059610463039,0,0,0,0,0,0,0,0.8886641126398388,7.629975707027789,True,False,False,False,False,False
46.0,21,6.662948251583755,33.33333333333333,3549,6.881313711751069,0,0,0,0,0,0,0,1.336749695639055,5.056245805348308,False,False,False,False,False,True
1.0,12,6.801280536902643,72.3342939481268,2188,6.320059610463039,0,0,0,0,0,0,0,0.8886641126398388,8.967886572127473,True,False,False,False,False,False
2.0,29,6.665751557835978,66.66666666666666,1572,6.528145312958054,0,0,0,0,0,0,0,0.7649875126495325,8.855378246041125,False,False,False,False,True,False
1.0,42,6.626533453023366,100.0,1572,6.528145312958054,0,0,0,0,0,0,0,0.38249375632476623,5.247024072160486,False,False,False,False,True,False
4.0,13,6.912720749983493,79.3103448275862,3067,6.382521258497842,0,0,0,0,0,0,0,1.5611691319150531,7.601402334583733,False,False,False,True,False,False
12.0,8,6.912008603842257,85.8974358974359,3549,6.881313711751069,0,0,0,0,0,0,0,0.34871731190584043,10.821616593683924,False,False,False,False,False,True
1.0,10,6.530234432518193,40.0,3067,6.382521258497842,0,0,0,0,0,0,0,0.3902922829787633,6.037870919922137,False,False,False,True,False,False
1.0,34,6.510263751421897,0.0,2188,6.320059610463039,0,0,0,0,0,0,0,0.8886641126398388,4.532599493153256,True,False,False,False,False,False
1.0,32,6.856363394035966,72.67303102625299,3067,6.382521258497842,0,0,0,0,0,0,0,0.3902922829787633,10.484417429975034,False,False,False,True,False,False
26.0,9,6.694036685098593,81.28834355828221,3549,6.881313711751069,0,0,0,0,0,0,0,0.7555541757959876,10.319199977095842,False,False,False,False,False,True
25.0,28,6.779935390862401,60.0,3549,6.881313711751069,0,0,0,0,0,0,0,0.7264943998038342,6.0112671744041615,False,False,False,False,False,True
1.0,65,6.5004185244497705,53.333333333333336,2188,6.320059610463039,0,0,0,0,0,0,0,0.8886641126398388,6.679599185844383,True,False,False,False,False,False
12.0,15,6.837738345581713,80.62593144560357,3549,6.881313711751069,0,0,0,0,0,0,0,0.34871731190584043,10.566690856723001,False,False,False,False,False,True
1.0,10,6.902519202666535,63.33333333333333,2188,6.320059610463039,0,0,0,0,0,0,0,0.8886641126398388,7.104144092987527,True,False,False,False,False,False
1.0,16,6.865768885609287,80.82666089590998,2188,6.320059610463039,0,0,0,0,0,0,0,0.8886641126398388,11.434963923500517,True,False,False,False,False,False
13.0,6,6.8081246080268905,85.86723768736617,3549,6.881313711751069,0,0,0,0,0,0,0,0.3777770878979938,12.217259834920737,False,False,False,False,False,True
48.0,22,6.666474874898554,47.05882352941176,3549,6.881313711751069,0,0,0,0,0,0,0,1.3948692476233617,6.898714534329988,False,False,False,False,False,True
12.0,23,6.9300812584009295,69.2982456140351,610,5.665348780241979,0,0,0,0,0,0,0,1.6545773002395805,8.255048902752295,False,False,True,False,False,False
1.0,21,6.837631098175679,74.43181818181817,3067,6.382521258497842,0,0,0,0,0,0,0,0.3902922829787633,8.384347278082808,False,False,False,True,False,False
1.0,45,6.728879252982257,76.47058823529412,3067,6.382521258497842,0,0,0,0,0,0,0,0.3902922829787633,6.504288173536645,False,False,False,True,False,False
6.0,10,6.2467029592772985,50.0,3549,6.881313711751069,0,0,0,0,0,0,0,0.17435865595292022,4.30406509320417,False,False,False,False,False,True
1.0,37,6.439627965757445,78.89908256880734,3067,6.382521258497842,0,0,0,0,0,0,0,0.3902922829787633,8.019283792916793,False,False,False,True,False,False
12.0,29,6.673485764218604,0.0,3549,6.881313711751069,0,0,0,0,0,0,0,0.34871731190584043,10.430757228718052,False,False,False,False,False,True
13.0,13,6.7918229108001364,82.55725190839695,3549,6.881313711751069,0,0,0,0,0,0,0,0.3777770878979938,11.47173882063998,False,False,False,False,False,True
12.37420167311325,16,6.468372592093842,0.0,3549,6.881313711751069,0,0,0,0,0,0,0,0.35959152870240046,8.294049640102028,False,False,False,False,False,True
1.0,30,6.733959772080677,0.0,3067,6.382521258497842,0,0,0,0,0,0,0,0.3902922829787633,3.9512437185814275,False,False,False,True,False,False
25.0,17,6.957108251170583,83.2,3549,6.881313711751069,0,0,0,0,0,0,0,0.7264943998038342,11.552876680472457,False,False,False,False,False,True
6.0,30,6.721143417730936,82.58928571428571,3067,6.382521258497842,0,0,0,0,0,0,0,2.3417536978725795,8.714567550836485,False,False,False,True,False,False
52.0,23,6.768497706167613,77.14285714285715,3549,6.881313711751069,0,0,0,0,0,0,0,1.5111083515919752,7.3727463664043285,False,False,False,False,False,True
24.0,20,7.010428551569615,84.72454090150251,3549,6.881313711751069,0,0,0,0,0,0,0,0.6974346238116809,11.78025430857261,False,False,False,False,False,True
12.37420167311325,18,6.195191110040243,0.0,3067,6.382521258497842,0,0,0,0,0,0,0,4.829555421039003,7.836369760545124,False,False,False,True,False,False
12.0,23,7.016224159229566,85.29325941056317,3549,6.881313711751069,0,0,0,0,0,0,0,0.34871731190584043,11.548852297712305,False,False,False,False,False,True
1.0,26,6.665070172834252,100.0,1572,6.528145312958054,0,0,0,0,0,0,0,0.38249375632476623,4.770684624465665,False,False,False,False,True,False
1.0,9,6.7921340428944,78.51239669421489,3067,6.382521258497842,0,0,0,0,0,0,0,0.3902922829787633,7.930925372483388,False,False,False,True,False,False
1.0,18,5.879225467208256,50.0,447,5.588299776286353,0,0,0,0,0,0,0,0.9078461025802542,4.770684624465665,False,True,False,False,False,False
1.0,46,6.783705216939745,76.42585551330798,2188,6.320059610463039,0,0,0,0,0,0,0,0.8886641126398388,9.9297886269555,True,False,False,False,False,False
5.0,19,6.195191110040243,63.85542168674698,3067,6.382521258497842,0,0,0,0,0,0,0,1.9514614148938163,8.113426639943654,False,False,False,True,False,False
4.0,28,6.195191110040243,70.8171206225681,3067,6.382521258497842,0,0,0,0,0,0,0,1.5611691319150531,9.065314599925925,False,False,False,True,False,False
1.0,31,6.889678266422713,67.74193548387096,1572,6.528145312958054,0,0,0,0,0,0,0,0.38249375632476623,8.008698182988528,False,False,False,False,True,False
1.0,44,6.885625457752329,77.5,3067,6.382521258497842,0,0,0,0,0,0,0,0.3902922829787633,7.285506548522785,False,False,False,True,False,False
5.0,17,6.164566264410774,69.23076923076923,3067,6.382521258497842,0,0,0,0,0,0,0,1.9514614148938163,7.153833801578843,False,False,False,True,False,False
1.0,24,6.56452256063904,0.0,3067,6.382521258497842,0,0,0,0,0,0,0,0.3902922829787633,6.361302477572996,False,False,False,True,False,False
1.0,37,6.58503183131561,70.73170731707317,447,5.588299776286353,0,0,0,0,0,0,0,0.9078461025802542,7.6783263565068856,False,True,False,False,False,False
24.0,17,6.851791759961209,80.38632986627043,3549,6.881313711751069,0,0,0,0,0,0,0,0.6974346238116809,10.907349504658427,False,False,False,False,False,True
1.0,34,6.895006040624961,50.0,2188,6.320059610463039,0,0,0,0,0,0,0,0.8886641126398388,5.631211781821365,True,False,False,False,False,False
26.0,31,6.5264888547538815,0.0,3549,6.881313711751069,0,0,0,0,0,0,0,0.7555541757959876,5.236441962829949,False,False,False,False,False,True
3.0,10,6.195191110040243,68.0,3067,6.382521258497842,0,0,0,0,0,0,0,1.1708768489362897,7.27655640271871,False,False,False,True,False,False
1.0,22,6.613436955486971,69.04761904761905,2188,6.320059610463039,0,0,0,0,0,0,0,0.8886641126398388,7.795234929002173,True,False,False,False,False,False
2.0,17,6.195191110040243,60.37735849056604,3067,6.382521258497842,0,0,0,0,0,0,0,0.7805845659575266,7.911324018963353,False,False,False,True,False,False
1.0,15,5.879225467208256,65.51724137931035,447,5.588299776286353,0,0,0,0,0,0,0,0.9078461025802542,7.090076835776092,False,True,False,False,False,False
51.0,39,6.608354723274798,79.41176470588235,3549,6.881313711751069,0,0,0,0,0,0,0,1.4820485755998218,7.774435510302958,False,False,False,False,False,True
10.0,32,6.6934802647434,69.81132075471697,1572,6.528145312958054,0,0,0,0,0,0,0,3.824937563247662,7.564238475170491,False,False,False,False,True,False
5.0,7,5.7918085106382975,50.0,1572,6.528145312958054,0,0,0,0,0,0,0,1.912468781623831,5.0689042022202315,False,False,False,False,True,False
1.0,51,6.5688617939358425,83.33333333333334,3067,6.382521258497842,0,0,0,0,0,0,0,0.3902922829787633,6.490723534502507,False,False,False,True,False,False
1.0,54,6.832545409076133,75.95744680851064,1572,6.528145312958054,0,0,0,0,0,0,0,0.38249375632476623,9.1689974084418,False,False,False,False,True,False
41.0,24,6.877127954434227,0.0,610,5.665348780241979,0,0,0,0,0,0,0,5.6531391091519,5.147494476813453,False,False,True,False,False,False
2.0,17,6.195191110040243,66.66666666666666,3067,6.382521258497842,0,0,0,0,0,0,0,0.7805845659575266,7.438971592395862,False,False,False,True,False,False
12.0,27,6.750666103210071,82.29064522455384,3549,6.881313711751069,0,0,0,0,0,0,0,0.34871731190584043,11.915038293796972,False,False,False,False,False,True
1.0,20,6.7921340428944,64.42953020134227,1572,6.528145312958054,0,0,0,0,0,0,0,0.38249375632476623,9.389824573949976,False,False,False,False,True,False
2.0,20,6.192033733782523,100.0,610,5.665348780241979,0,0,0,0,0,0,0,0.27576288337326343,4.653960350157523,False,False,True,False,False,False
1.0,15,6.84893481635392,75.35014005602241,2188,6.320059610463039,0,0,0,0,0,0,0,0.8886641126398388,9.473396704601559,True,False,False,False,False,False
25.0,13,6.921729320968481,60.0,3549,6.881313711751069,0,0,0,0,0,0,0,0.7264943998038342,5.5053315359323625,False,False,False,False,False,True
2.0,12,6.195191110040243,73.91304347826086,3067,6.382521258497842,0,0,0,0,0,0,0,0.7805845659575266,6.70808408385307,False,False,False,True,False,False
2.0,100,6.8059761534885554,0.0,1572,6.528145312958054,0,0,0,0,0,0,0,0.7649875126495325,4.762173934797756,False,False,False,False,True,False
5.0,20,6.844614966234576,33.33333333333333,1572,6.528145312958054,0,0,0,0,0,0,0,1.912468781623831,7.090076835776092,False,False,False,False,True,False
1.0,43,6.830921446176283,83.08977035490605,2188,6.320059610463039,0,0,0,0,0,0,0,0.8886641126398388,9.336444248771908,True,False,False,False,False,False
1.0,15,5.558589488847307,100.0,1572,6.528145312958054,0,0,0,0,0,0,0,0.38249375632476623,3.970291913552122,False,False,False,False,True,False
1.0,37,6.852224646866702,0.0,2188,6.320059610463039,0,0,0,0,0,0,0,0.8886641126398388,4.700480365792417,True,False,False,False,False,False
4.0,14,6.861857284977919,79.65367965367966,3067,6.382521258497842,0,0,0,0,0,0,0,1.5611691319150531,9.536473630802217,False,False,False,True,False,False
1.0,6,6.795110088376305,60.0,3067,6.382521258497842,0,0,0,0,0,0,0,0.3902922829787633,6.309918278226516,False,False,False,True,False,False
25.0,15,6.803204566022874,82.81849753244379,3549,6.881313711751069,0,0,0,0,0,0,0,0.7264943998038342,11.822466871774903,False,False,False,False,False,True
26.0,17,6.7246875,62.5,3549,6.881313711751069,0,0,0,0,0,0,0,0.7555541757959876,6.008813185442595,False,False,False,False,False,True
10.0,57,5.879225467208256,0.0,3549,6.881313711751069,0,0,0,0,0,0,0,0.2905977599215337,4.330733340286331,False,False,False,False,False,True
1.0,50,6.490336269696487,20.0,2188,6.320059610463039,0,0,0,0,0,0,0,0.8886641126398388,5.645446897643238,True,False,False,False,False,False
1.0,12,6.854894420090862,81.77290836653387,610,5.665348780241979,0,0,0,0,0,0,0,0.13788144168663172,9.891566781640435,False,False,True,False,False,False
12.37420167311325,11,6.771417254661099,0.0,610,5.665348780241979,0,0,0,0,0,0,0,1.706172766409985,4.382026634673881,False,False,True,False,False,False
1.0,30,6.432021861785729,57.89473684210527,2188,6.320059610463039,0,0,0,0,0,0,0,0.8886641126398388,6.251903883165888,True,False,False,False,False,False
1.0,49,6.548792989998894,0.0,3067,6.382521258497842,0,0,0,0,0,0,0,0.3902922829787633,3.5553480614894135,False,False,False,True,False,False
3.0,31,6.73238141423453,73.17073170731707,1572,6.528145312958054,0,0,0,0,0,0,0,1.1474812689742986,8.03073492409854,False,False,False,False,True,False
2.0,22,6.726830671522143,53.125,3067,6.382521258497842,0,0,0,0,0,0,0,0.7805845659575266,7.242797922793756,False,False,False,True,False,False
12.0,5,6.786121396595252,79.65808016633937,3549,6.881313711751069,0,0,0,0,0,0,0,0.34871731190584043,12.490469326990425,False,False,False,False,False,True
1.0,8,4.9263479368027125,100.0,2188,6.320059610463039,0,0,0,0,0,0,0,0.8886641126398388,4.68213122712422,True,False,False,False,False,False
1.0,51,6.846207413200157,87.5,3067,6.382521258497842,0,0,0,0,0,0,0,0.3902922829787633,5.855071922202427,False,False,False,True,False,False
12.37420167311325,8,6.542958467678293,0.0,3549,6.881313711751069,0,0,0,0,0,0,0,0.35959152870240046,7.0630481633881725,False,False,False,False,False,True
1.0,7,6.756666247949616,83.9622641509434,610,5.665348780241979,0,0,0,0,0,0,0,0.13788144168663172,9.002947130753205,False,False,True,False,False,False
3.0,21,6.195191110040243,60.0,3067,6.382521258497842,0,0,0,0,0,0,0,1.1708768489362897,7.802209316247118,False,False,False,True,False,False
13.0,28,6.585977276849725,77.2823779193206,3549,6.881313711751069,0,0,0,0,0,0,0,0.3777770878979938,9.667575327569097,False,False,False,False,False,True
1.0,25,6.817531173385809,80.0,3067,6.382521258497842,0,0,0,0,0,0,0,0.3902922829787633,9.18296917518005,False,False,False,True,False,False
2.0,7,6.195191110040243,69.81132075471697,3067,6.382521258497842,0,0,0,0,0,0,0,0.7805845659575266,7.232733136177615,False,False,False,True,False,False
1.0,84,6.833789305369181,76.4775413711584,1572,6.528145312958054,0,0,0,0,0,0,0,0.38249375632476623,9.504203303503045,False,False,False,False,True,False
12.0,19,6.777925656471416,0.0,610,5.665348780241979,0,0,0,0,0,0,0,1.6545773002395805,3.9889840465642745,False,False,True,False,False,False
1.0,26,6.241442385702294,33.33333333333333,2188,6.320059610463039,0,0,0,0,0,0,0,0.8886641126398388,9.155039056191093,True,False,False,False,False,False
1.0,18,6.8442500649497235,42.857142857142854,2188,6.320059610463039,0,0,0,0,0,0,0,0.8886641126398388,5.799092654460526,True,False,False,False,False,False
1.0,45,6.604842707205482,50.0,610,5.665348780241979,0,0,0,0,0,0,0,0.13788144168663172,6.364750756851911,False,False,True,False,False,False
13.0,9,6.837159965270956,77.61194029850746,3549,6.881313711751069,0,0,0,0,0,0,0,0.3777770878979938,9.249561085129464,False,False,False,False,False,True
1.0,16,5.879225467208256,77.61194029850746,447,5.588299776286353,0,0,0,0,0,0,0,0.9078461025802542,7.413970290190444,False,True,False,False,False,False
1.0,64,5.7918085106382975,0.0,3067,6.382521258497842,0,0,0,0,0,0,0,0.3902922829787633,3.970291913552122,False,False,False,True,False,False
1.0,26,6.393797237117623,0.0,447,5.588299776286353,0,0,0,0,0,0,0,0.9078461025802542,3.6375861597263857,False,True,False,False,False,False
4.0,14,6.729872878028202,79.24528301886792,3067,6.382521258497842,0,0,0,0,0,0,0,1.5611691319150531,9.266248003914479,False,False,False,True,False,False
1.0,16,6.829036948424544,0.0,2188,6.320059610463039,0,0,0,0,0,0,0,0.8886641126398388,4.61512051684126,True,False,False,False,False,False
1.0,65,6.936845412583394,66.10169491525424,3067,6.382521258497842,0,0,0,0,0,0,0,0.3902922829787633,7.417580402414544,False,False,False,True,False,False
1.0,19,6.944041966627559,82.05128205128204,3067,6.382521258497842,0,0,0,0,0,0,0,0.3902922829787633,8.414938957377482,False,False,False,True,False,False
4.0,12,6.523202951102518,67.85714285714286,3067,6.382521258497842,0,0,0,0,0,0,0,1.5611691319150531,6.8658910748834385,False,False,False,True,False,False
1.0,38,6.815729909282851,69.56521739130434,2188,6.320059610463039,0,0,0,0,0,0,0,0.8886641126398388,7.105786129481271,True,False,False,False,False,False
13.0,41,6.5004185244497705,78.57142857142857,1572,6.528145312958054,0,0,0,0,0,0,0,4.972418832221961,6.992096427415888,False,False,False,False,True,False
1.0,27,6.22747829422649,72.72727272727273,2188,6.320059610463039,0,0,0,0,0,0,0,0.8886641126398388,5.973809611869261,True,False,False,False,False,False
1.0,30,6.990005739055331,66.66666666666666,1572,6.528145312958054,0,0,0,0,0,0,0,0.38249375632476623,4.948759890378168,False,False,False,False,True,False
1.0,4,5.879225467208256,77.35849056603774,447,5.588299776286353,0,0,0,0,0,0,0,0.9078461025802542,8.579604451537634,False,True,False,False,False,False
2.0,18,6.533773927222078,62.06896551724138,3067,6.382521258497842,0,0,0,0,0,0,0,0.7805845659575266,7.035268599281097,False,False,False,True,False,False
3.0,27,6.850095302129325,73.91304347826086,3067,6.382521258497842,0,0,0,0,0,0,0,1.1708768489362897,9.829625703937673,False,False,False,True,False,False
3.0,38,6.195191110040243,71.66666666666667,3067,6.382521258497842,0,0,0,0,0,0,0,1.1708768489362897,7.5678626054638825,False,False,False,True,False,False
1.0,17,6.9953238666291515,78.66043613707166,1572,6.528145312958054,0,0,0,0,0,0,0,0.38249375632476623,9.37568530456302,False,False,False,False,True,False
6.0,17,6.28345555492038,82.6086956521739,3067,6.382521258497842,0,0,0,0,0,0,0,2.3417536978725795,6.7226297948554485,False,False,False,True,False,False
3.0,8,6.784409763922906,76.81159420289855,3067,6.382521258497842,0,0,0,0,0,0,0,1.1708768489362897,8.987696695703624,False,False,False,True,False,False
12.0,31,6.817531173385809,76.90058479532163,3549,6.881313711751069,0,0,0,0,0,0,0,0.34871731190584043,9.459229639708807,False,False,False,False,False,True
12.0,27,6.73781723959089,82.20805563604753,3549,6.881313711751069,0,0,0,0,0,0,0,0.34871731190584043,11.71203858440402,False,False,False,False,False,True
4.0,20,6.840850632094109,83.03474061380277,3549,6.881313711751069,0,0,0,0,0,0,0,0.11623910396861348,12.06257749339089,False,False,False,False,False,True
1.0,51,6.824281949276691,72.70386266094421,2188,6.320059610463039,0,0,0,0,0,0,0,0.8886641126398388,10.965453145756499,True,False,False,False,False,False
1.0,18,6.548792989998894,0.0,3067,6.382521258497842,0,0,0,0,0,0,0,0.3902922829787633,4.04305126783455,False,False,False,True,False,False
1.0,35,6.728879252982257,82.80843002604783,2188,6.320059610463039,0,0,0,0,0,0,0,0.8886641126398388,12.178506157312368,True,False,False,False,False,False
1.0,5,6.20715799971213,0.0,2188,6.320059610463039,0,0,0,0,0,0,0,0.8886641126398388,5.236441962829949,True,False,False,False,False,False
2.0,37,6.5004185244497705,68.62745098039215,610,5.665348780241979,0,0,0,0,0,0,0,0.27576288337326343,9.102086786535928,False,False,True,False,False,False
1.0,22,6.045175999634896,0.0,2188,6.320059610463039,0,0,0,0,0,0,0,0.8886641126398388,4.406719247264253,True,False,False,False,False,False
12.0,31,6.832545409076133,0.0,3549,6.881313711751069,0,0,0,0,0,0,0,0.34871731190584043,9.29081375612606,False,False,False,False,False,True
26.0,9,6.786000370687271,77.55102040816327,3549,6.881313711751069,0,0,0,0,0,0,0,0.7555541757959876,9.025936648977904,False,False,False,False,False,True
1.0,23,6.642024275692849,76.94221730716063,2188,6.320059610463039,0,0,0,0,0,0,0,0.8886641126398388,11.014588202656597,True,False,False,False,False,False
12.0,8,6.86966494522709,79.72665148063781,3549,6.881313711751069,0,0,0,0,0,0,0,0.34871731190584043,10.405897866700771,False,False,False,False,False,True
1.0,40,6.861196730508127,75.67567567567568,2188,6.320059610463039,0,0,0,0,0,0,0,0.8886641126398388,7.441906728051625,True,False,False,False,False,False
50.0,14,6.834844923142403,75.625,3549,6.881313711751069,0,0,0,0,0,0,0,1.4529887996076685,8.854379458771108,False,False,False,False,False,True
13.0,27,6.7803347627600745,81.42201834862385,3549,6.881313711751069,0,0,0,0,0,0,0,0.3777770878979938,9.935034668034257,False,False,False,False,False,True
1.0,24,5.879225467208256,70.58823529411765,447,5.588299776286353,0,0,0,0,0,0,0,0.9078461025802542,6.349138991379798,False,True,False,False,False,False
42.0,14,6.803204566022874,71.42857142857143,3549,6.881313711751069,0,0,0,0,0,0,0,1.2205105916704415,8.228710798793687,False,False,False,False,False,True
26.0,9,6.898640416651605,80.34682080924856,3549,6.881313711751069,0,0,0,0,0,0,0,0.7555541757959876,9.44643963445061,False,False,False,False,False,True
3.0,17,6.740185895175836,81.72043010752688,3067,6.382521258497842,0,0,0,0,0,0,0,1.1708768489362897,8.047829357457841,False,False,False,True,False,False
1.0,27,6.874819766736616,70.73170731707317,1572,6.528145312958054,0,0,0,0,0,0,0,0.38249375632476623,8.0959035329611,False,False,False,False,True,False
13.0,30,6.885011365574345,79.68397291196389,3549,6.881313711751069,0,0,0,0,0,0,0,0.3777770878979938,9.357293784932345,False,False,False,False,False,True
13.0,28,6.5004185244497705,25.0,3549,6.881313711751069,0,0,0,0,0,0,0,0.3777770878979938,5.616771097666572,False,False,False,False,False,True
1.0,16,6.821981200903762,85.44834005584859,2188,6.320059610463039,0,0,0,0,0,0,0,0.8886641126398388,11.401155564127219,True,False,False,False,False,False
2.0,65,6.195191110040243,66.66666666666666,3067,6.382521258497842,0,0,0,0,0,0,0,0.7805845659575266,7.717796211013582,False,False,False,True,False,False
1.0,34,6.7982167023360915,79.06371911573473,3067,6.382521258497842,0,0,0,0,0,0,0,0.3902922829787633,9.774005094757891,False,False,False,True,False,False
2.0,40,6.919955048525953,68.68131868131869,1572,6.528145312958054,0,0,0,0,0,0,0,0.7649875126495325,8.867286523989415,False,False,False,False,True,False
1.0,23,6.81823449633989,75.0,2188,6.320059610463039,0,0,0,0,0,0,0,0.8886641126398388,7.242082359256962,True,False,False,False,False,False
1.0,59,6.7601814381694565,76.8318213538032,1572,6.528145312958054,0,0,0,0,0,0,0,0.38249375632476623,10.855473559734735,False,False,False,False,True,False
13.0,56,6.9084008859802815,84.42895086321381,3549,6.881313711751069,0,0,0,0,0,0,0,0.3777770878979938,12.314904628666225,False,False,False,False,False,True
1.0,39,6.999830127256439,80.20164986251146,2188,6.320059610463039,0,0,0,0,0,0,0,0.8886641126398388,10.634604664347702,True,False,False,False,False,False
4.0,26,6.6153351605205115,74.24242424242425,1572,6.528145312958054,0,0,0,0,0,0,0,1.529975025299065,8.289539484624141,False,False,False,False,True,False
3.0,7,6.195191110040243,50.0,3067,6.382521258497842,0,0,0,0,0,0,0,1.1708768489362897,6.113682179832232,False,False,False,True,False,False
1.0,37,6.733820888692956,80.0,2188,6.320059610463039,0,0,0,0,0,0,0,0.8886641126398388,5.8377304471659395,True,False,False,False,False,False
25.0,19,6.83069533786495,79.41176470588235,3549,6.881313711751069,0,0,0,0,0,0,0,0.7264943998038342,7.234177179749849,False,False,False,False,False,True
1.0,32,6.106210567052468,83.9080459770115,3067,6.382521258497842,0,0,0,0,0,0,0,0.3902922829787633,7.994294986415977,False,False,False,True,False,False
6.0,13,6.454329473147065,0.0,1572,6.528145312958054,0,0,0,0,0,0,0,2.294962537948597,3.8066624897703196,False,False,False,False,True,False
1.0,87,7.0565046657833825,69.23076923076923,3067,6.382521258497842,0,0,0,0,0,0,0,0.3902922829787633,8.88016824790345,False,False,False,True,False,False
1.0,17,6.8663297787829185,66.52631578947368,3067,6.382521258497842,0,0,0,0,0,0,0,0.3902922829787633,9.284055409798464,False,False,False,True,False,False
1.0,16,6.195191110040243,100.0,3067,6.382521258497842,0,0,0,0,0,0,0,0.3902922829787633,5.666426688112432,False,False,False,True,False,False
6.0,31,6.6982513535473185,73.38709677419355,1572,6.528145312958054,0,0,0,0,0,0,0,2.294962537948597,9.826876450164288,False,False,False,False,True,False
1.0,37,6.555621413678604,0.0,2188,6.320059610463039,0,0,0,0,0,0,0,0.8886641126398388,4.406719247264253,True,False,False,False,False,False
1.0,54,6.853035714105566,61.82795698924731,1572,6.528145312958054,0,0,0,0,0,0,0,0.38249375632476623,8.685246776412487,False,False,False,False,True,False
13.0,18,6.618936941607759,44.44444444444444,3549,6.881313711751069,0,0,0,0,0,0,0,0.3777770878979938,6.436150368369428,False,False,False,False,False,True
3.0,24,6.774950710924049,77.31843575418993,1572,6.528145312958054,0,0,0,0,0,0,0,1.1474812689742986,10.154012780591556,False,False,False,False,True,False
12.0,35,6.913943596047988,80.07518796992481,3549,6.881313711751069,0,0,0,0,0,0,0,0.34871731190584043,11.432290081699202,False,False,False,False,False,True
13.0,5,6.573902766984118,83.67060709276699,3549,6.881313711751069,0,0,0,0,0,0,0,0.3777770878979938,12.863719583395568,False,False,False,False,False,True
1.0,56,6.702893375095606,65.57377049180327,2188,6.320059610463039,0,0,0,0,0,0,0,0.8886641126398388,7.582738488914411,True,False,False,False,False,False
1.0,15,6.195191110040243,75.0,3067,6.382521258497842,0,0,0,0,0,0,0,0.3902922829787633,7.113956109566034,False,False,False,True,False,False
13.0,19,6.837159965270956,80.33886339569362,3549,6.881313711751069,0,0,0,0,0,0,0,0.3777770878979938,11.232126317417853,False,False,False,False,False,True
26.0,12,6.821266601819121,83.94160583941606,3549,6.881313711751069,0,0,0,0,0,0,0,0.7555541757959876,9.195531256322475,False,False,False,False,False,True
1.0,68,6.6391476456960525,16.666666666666664,2188,6.320059610463039,0,0,0,0,0,0,0,0.8886641126398388,6.436150368369428,True,False,False,False,False,False
1.0,14,5.879225467208256,69.90881458966565,447,5.588299776286353,0,0,0,0,0,0,0,0.9078461025802542,8.82585367025321,False,True,False,False,False,False
13.0,40,6.865337978873829,77.1356783919598,3549,6.881313711751069,0,0,0,0,0,0,0,0.3777770878979938,10.418315157681416,False,False,False,False,False,True
12.0,15,6.888224510305122,78.19261773440815,3549,6.881313711751069,0,0,0,0,0,0,0,0.34871731190584043,11.432474340572602,False,False,False,False,False,True
1.0,50,6.867802716726857,66.66666666666666,1572,6.528145312958054,0,0,0,0,0,0,0,0.38249375632476623,6.159095388491933,False,False,False,False,True,False
23.0,22,6.8347089217339345,80.25316455696202,3549,6.881313711751069,0,0,0,0,0,0,0,0.6683748478195275,11.194797930643736,False,False,False,False,False,True
3.0,33,6.90199110111171,76.68161434977578,3067,6.382521258497842,0,0,0,0,0,0,0,1.1708768489362897,9.055089086704891,False,False,False,True,False,False
12.37420167311325,38,6.767541224610549,0.0,1572,6.528145312958054,0,0,0,0,0,0,0,4.733054879469294,8.594339400592892,False,False,False,False,True,False
1.0,20,6.4522290000007185,66.12903225806451,3067,6.382521258497842,0,0,0,0,0,0,0,0.3902922829787633,7.328437352895162,False,False,False,True,False,False
1.0,25,6.490336269696487,100.0,610,5.665348780241979,0,0,0,0,0,0,0,0.13788144168663172,4.174387269895637,False,False,True,False,False,False
12.37420167311325,25,6.662948251583755,0.0,3549,6.881313711751069,0,0,0,0,0,0,0,0.35959152870240046,7.141245122350491,False,False,False,False,False,True
1.0,35,6.656530753364805,75.0,3067,6.382521258497842,0,0,0,0,0,0,0,0.3902922829787633,6.037870919922137,False,False,False,True,False,False
263.0,16,5.558589488847307,50.0,3549,6.881313711751069,0,0,0,0,0,0,0,7.642721085936336,4.564348191467836,False,False,False,False,False,True
2.0,18,6.800577564758055,60.0,1572,6.528145312958054,0,0,0,0,0,0,0,0.7649875126495325,6.519147287940395,False,False,False,False,True,False
13.0,28,6.665751557835978,79.77142857142857,3549,6.881313711751069,0,0,0,0,0,0,0,0.3777770878979938,10.922389022893778,False,False,False,False,False,True
75.0,10,6.638243832197137,40.0,3549,6.881313711751069,0,0,0,0,0,0,0,2.1794831994115027,5.5254529391317835,False,False,False,False,False,True
25.0,9,6.5004185244497705,0.0,3549,6.881313711751069,0,0,0,0,0,0,0,0.7264943998038342,3.6888794541139363,False,False,False,False,False,True
1.0,7,5.879225467208256,100.0,447,5.588299776286353,0,0,0,0,0,0,0,0.9078461025802542,4.653960350157523,False,True,False,False,False,False
1.0,54,6.7108808707015255,50.0,1572,6.528145312958054,0,0,0,0,0,0,0,0.38249375632476623,6.602587892189336,False,False,False,False,True,False
1.0,40,6.888326281492016,0.0,2188,6.320059610463039,0,0,0,0,0,0,0,0.8886641126398388,9.920147993429236,True,False,False,False,False,False
6.0,32,6.8462550832714255,77.0,3067,6.382521258497842,0,0,0,0,0,0,0,2.3417536978725795,8.08487062913819,False,False,False,True,False,False
24.0,23,6.796871963337037,82.73305084745762,3549,6.881313711751069,0,0,0,0,0,0,0,0.6974346238116809,12.350519249895202,False,False,False,False,False,True
3.0,14,6.832193916669392,80.0,3067,6.382521258497842,0,0,0,0,0,0,0,1.1708768489362897,8.832149906002899,False,False,False,True,False,False
1.0,27,6.974919138230562,66.66666666666666,3067,6.382521258497842,0,0,0,0,0,0,0,0.3902922829787633,5.3471075307174685,False,False,False,True,False,False
2.0,8,6.195191110040243,75.1937984496124,3067,6.382521258497842,0,0,0,0,0,0,0,0.7805845659575266,8.217978203150732,False,False,False,True,False,False
1.0,21,6.599003610218512,0.0,3067,6.382521258497842,0,0,0,0,0,0,0,0.3902922829787633,6.570882962339584,False,False,False,True,False,False
1.0,14,6.779782172998328,52.94117647058824,2188,6.320059610463039,0,0,0,0,0,0,0,0.8886641126398388,6.429719478039138,True,False,False,False,False,False
1.0,17,6.5004185244497705,44.44444444444444,2188,6.320059610463039,0,0,0,0,0,0,0,0.8886641126398388,5.886104031450156,True,False,False,False,False,False
1.0,7,5.7918085106382975,0.0,610,5.665348780241979,0,0,0,0,0,0,0,0.13788144168663172,3.828641396489095,False,False,True,False,False,False
1.0,27,6.779782172998328,50.0,2188,6.320059610463039,0,0,0,0,0,0,0,0.8886641126398388,6.1070228877422545,True,False,False,False,False,False
52.0,19,6.62799810652082,80.99588853357697,610,5.665348780241979,0,0,0,0,0,0,0,7.169834967704849,11.88379222697371,False,False,True,False,False,False
1.0,37,6.26522859704693,74.28571428571429,2188,6.320059610463039,0,0,0,0,0,0,0,0.8886641126398388,6.831953565565855,True,False,False,False,False,False
1.0,32,6.0120802929695,72.22222222222221,3067,6.382521258497842,0,0,0,0,0,0,0,0.3902922829787633,6.932447891572509,False,False,False,True,False,False
12.0,27,6.638243832197137,0.0,610,5.665348780241979,0,0,0,0,0,0,0,1.6545773002395805,4.1588830833596715,False,False,True,False,False,False
26.0,4,7.057160745103791,83.01886792452831,3549,6.881313711751069,0,0,0,0,0,0,0,0.7555541757959876,11.097970469988296,False,False,False,False,False,True
195.0,16,6.626533453023366,50.0,3549,6.881313711751069,0,0,0,0,0,0,0,5.666656318469907,4.624972813284271,False,False,False,False,False,True
2.0,19,6.195191110040243,70.29972752043598,3067,6.382521258497842,0,0,0,0,0,0,0,0.7805845659575266,9.571017297294214,False,False,False,True,False,False
13.0,11,6.143175039366146,81.80851063829788,3549,6.881313711751069,0,0,0,0,0,0,0,0.3777770878979938,10.412591695403778,False,False,False,False,False,True
1.0,27,6.767541224610549,57.14285714285714,1572,6.528145312958054,0,0,0,0,0,0,0,0.38249375632476623,6.052089168924417,False,False,False,False,True,False
2.0,17,6.195191110040243,65.71428571428571,3067,6.382521258497842,0,0,0,0,0,0,0,0.7805845659575266,6.956545443151569,False,False,False,True,False,False
7.0,31,6.4005139555106965,71.8562874251497,1572,6.528145312958054,0,0,0,0,0,0,0,2.6774562942733633,9.661670735956298,False,False,False,False,True,False
12.0,12,6.7961275127633884,80.00628733102798,3549,6.881313711751069,0,0,0,0,0,0,0,0.34871731190584043,11.554000227541948,False,False,False,False,False,True
1.0,69,5.879225467208256,72.0,1572,6.528145312958054,0,0,0,0,0,0,0,0.38249375632476623,6.761572768804055,False,False,False,False,True,False
7.0,43,6.5004185244497705,69.32409012131716,1572,6.528145312958054,0,0,0,0,0,0,0,2.6774562942733633,9.920246336351083,False,False,False,False,True,False
26.0,29,6.914011683887675,85.6467554791577,3549,6.881313711751069,0,0,0,0,0,0,0,0.7555541757959876,12.155820913791032,False,False,False,False,False,True
1.0,22,6.797055624323251,83.54430379746836,2188,6.320059610463039,0,0,0,0,0,0,0,0.8886641126398388,8.956222016362542,True,False,False,False,False,False
13.0,43,5.558589488847307,0.0,3549,6.881313711751069,0,0,0,0,0,0,0,0.3777770878979938,4.30406509320417,False,False,False,False,False,True
26.0,20,6.26522859704693,72.22222222222221,3549,6.881313711751069,0,0,0,0,0,0,0,0.7555541757959876,5.69035945432406,False,False,False,False,False,True
1.0,13,5.879225467208256,69.87951807228916,447,5.588299776286353,0,0,0,0,0,0,0,0.9078461025802542,7.334981878871814,False,True,False,False,False,False
1.0,19,6.827850625188941,0.0,3067,6.382521258497842,0,0,0,0,0,0,0,0.3902922829787633,4.174387269895637,False,False,False,True,False,False
1.0,55,6.045175999634896,0.0,3067,6.382521258497842,0,0,0,0,0,0,0,0.3902922829787633,4.61512051684126,False,False,False,True,False,False
1.0,40,6.8598337531449705,70.27027027027027,2188,6.320059610463039,0,0,0,0,0,0,0,0.8886641126398388,8.561018670956267,True,False,False,False,False,False
1.0,12,6.593691411029677,77.77777777777779,3067,6.382521258497842,0,0,0,0,0,0,0,0.3902922829787633,7.675081857716334,False,False,False,True,False,False
26.0,18,6.809967236350467,86.56084656084656,3549,6.881313711751069,0,0,0,0,0,0,0,0.7555541757959876,11.579546191812124,False,False,False,False,False,True
1.0,10,6.7386854344927904,64.91228070175438,1572,6.528145312958054,0,0,0,0,0,0,0,0.38249375632476623,7.383989457978509,False,False,False,False,True,False
12.0,8,6.871307937222645,80.96609085092771,3549,6.881313711751069,0,0,0,0,0,0,0,0.34871731190584043,11.316983571081163,False,False,False,False,False,True
25.0,11,6.880608609282059,80.76740881099005,3549,6.881313711751069,0,0,0,0,0,0,0,0.7264943998038342,11.170266127654456,False,False,False,False,False,True
1.0,77,5.459667665453769,60.0,2188,6.320059610463039,0,0,0,0,0,0,0,0.8886641126398388,5.7899601708972535,True,False,False,False,False,False
1.0,40,6.844614966234576,70.63142437591777,1572,6.528145312958054,0,0,0,0,0,0,0,0.38249375632476623,9.923192135810464,False,False,False,False,True,False
25.0,28,6.744524531479761,75.0,3549,6.881313711751069,0,0,0,0,0,0,0,0.7264943998038342,5.4680601411351315,False,False,False,False,False,True
52.0,26,6.806802668247975,81.45025295109612,3549,6.881313711751069,0,0,0,0,0,0,0,1.5111083515919752,9.50822026940441,False,False,False,False,False,True
3.0,24,6.7260204391872715,85.71428571428571,3067,6.382521258497842,0,0,0,0,0,0,0,1.1708768489362897,7.707062655370473,False,False,False,True,False,False
1.0,20,6.728879252982257,71.42857142857143,3067,6.382521258497842,0,0,0,0,0,0,0,0.3902922829787633,6.532334292222349,False,False,False,True,False,False
1.0,13,6.698349863309581,100.0,1572,6.528145312958054,0,0,0,0,0,0,0,0.38249375632476623,6.093569770045136,False,False,False,False,True,False
13.0,31,6.662948251583755,100.0,3549,6.881313711751069,0,0,0,0,0,0,0,0.3777770878979938,4.454347296253507,False,False,False,False,False,True
10.0,14,6.849355532922814,73.58490566037736,3067,6.382521258497842,0,0,0,0,0,0,0,3.9029228297876326,7.931644021454311,False,False,False,True,False,False
1.0,55,6.846428983406856,55.00000000000001,1572,6.528145312958054,0,0,0,0,0,0,0,0.38249375632476623,7.067319848653476,False,False,False,False,True,False
1.0,10,6.545472555472579,100.0,2188,6.320059610463039,0,0,0,0,0,0,0,0.8886641126398388,3.713572066704308,True,False,False,False,False,False
1.0,71,6.195191110040243,73.68421052631578,3067,6.382521258497842,0,0,0,0,0,0,0,0.3902922829787633,7.984803389734406,False,False,False,True,False,False
10.0,13,6.195191110040243,69.33333333333334,3067,6.382521258497842,0,0,0,0,0,0,0,3.9029228297876326,8.709795057617749,False,False,False,True,False,False
26.0,14,6.866932081635777,0.0,3549,6.881313711751069,0,0,0,0,0,0,0,0.7555541757959876,5.0238805208462765,False,False,False,False,False,True
1.0,14,6.22747829422649,66.66666666666666,2188,6.320059610463039,0,0,0,0,0,0,0,0.8886641126398388,4.919980925828125,True,False,False,False,False,False
12.0,41,6.889796931472984,75.63249001331558,3549,6.881313711751069,0,0,0,0,0,0,0,0.34871731190584043,10.332799387118573,False,False,False,False,False,True
43.0,16,6.8387887536725165,65.45454545454545,3549,6.881313711751069,0,0,0,0,0,0,0,1.2495703676625949,7.31455283232408,False,False,False,False,False,True
2.0,42,6.694849741824683,50.0,1572,6.528145312958054,0,0,0,0,0,0,0,0.7649875126495325,4.718498871295094,False,False,False,False,True,False
2.0,21,6.195191110040243,0.0,3067,6.382521258497842,0,0,0,0,0,0,0,0.7805845659575266,4.204692619390966,False,False,False,True,False,False
13.0,16,6.770280710903167,77.6978417266187,3067,6.382521258497842,0,0,0,0,0,0,0,5.073799678723923,8.434680769841773,False,False,False,True,False,False
1.0,6,5.659166666666667,25.0,2188,6.320059610463039,0,0,0,0,0,0,0,0.8886641126398388,5.683579767338681,True,False,False,False,False,False
10.0,16,6.5264888547538815,71.42857142857143,3549,6.881313711751069,0,0,0,0,0,0,0,0.2905977599215337,6.6039438246004725,False,False,False,False,False,True
7.0,44,6.490044363072911,70.34220532319392,1572,6.528145312958054,0,0,0,0,0,0,0,2.6774562942733633,9.40894529884324,False,False,False,False,True,False
51.0,17,6.819425859292693,74.65564738292011,3549,6.881313711751069,0,0,0,0,0,0,0,1.4820485755998218,9.107864580386947,False,False,False,False,False,True
1.0,25,6.5264888547538815,55.55555555555556,2188,6.320059610463039,0,0,0,0,0,0,0,0.8886641126398388,5.860786223465865,True,False,False,False,False,False
13.0,21,6.40169871215857,85.02673796791443,610,5.665348780241979,0,0,0,0,0,0,0,1.7924587419262124,9.143345503151904,False,False,True,False,False,False
2.0,23,6.78786205079695,54.54545454545454,1572,6.528145312958054,0,0,0,0,0,0,0,0.7649875126495325,6.306275286948016,False,False,False,False,True,False
1.0,14,6.510263751421897,61.29032258064516,2188,6.320059610463039,0,0,0,0,0,0,0,0.8886641126398388,9.003439196207838,True,False,False,False,False,False
1.0,32,5.558589488847307,0.0,3067,6.382521258497842,0,0,0,0,0,0,0,0.3902922829787633,4.418840607796598,False,False,False,True,False,False
12.0,30,6.5004185244497705,44.44444444444444,3549,6.881313711751069,0,0,0,0,0,0,0,0.34871731190584043,6.269096283706261,False,False,False,False,False,True
3.0,23,6.429001687383052,65.54621848739495,1572,6.528145312958054,0,0,0,0,0,0,0,1.1474812689742986,7.845807502637805,False,False,False,False,True,False
9.0,31,6.895435877445518,60.24096385542169,1572,6.528145312958054,0,0,0,0,0,0,0,3.442443806922896,8.090708716083997,False,False,False,False,True,False
2.0,17,6.542387509534415,50.0,610,5.665348780241979,0,0,0,0,0,0,0,0.27576288337326343,4.430816798843313,False,False,True,False,False,False
1.0,74,6.620949893864058,80.0,2188,6.320059610463039,0,0,0,0,0,0,0,0.8886641126398388,6.171700597410915,True,False,False,False,False,False
47.0,16,6.862296271048152,76.05633802816901,3549,6.881313711751069,0,0,0,0,0,0,0,1.3658094716312084,7.858640655620791,False,False,False,False,False,True
1.0,31,5.7918085106382975,0.0,3067,6.382521258497842,0,0,0,0,0,0,0,0.3902922829787633,4.442651256490317,False,False,False,True,False,False
2.0,16,5.558589488847307,0.0,3067,6.382521258497842,0,0,0,0,0,0,0,0.7805845659575266,3.912023005428146,False,False,False,True,False,False
12.0,7,6.352351722962997,84.61538461538461,610,5.665348780241979,0,0,0,0,0,0,0,1.6545773002395805,6.968850378341948,False,False,True,False,False,False
1.0,15,5.775788441476067,50.0,447,5.588299776286353,0,0,0,0,0,0,0,0.9078461025802542,4.6443908991413725,False,True,False,False,False,False
1.0,12,6.289007148338809,71.42857142857143,2188,6.320059610463039,0,0,0,0,0,0,0,0.8886641126398388,5.030437921392435,True,False,False,False,False,False
1.0,17,6.865604076504098,85.71428571428571,2188,6.320059610463039,0,0,0,0,0,0,0,0.8886641126398388,7.091742115095153,True,False,False,False,False,False
11.0,28,6.5004185244497705,59.333333333333336,1572,6.528145312958054,0,0,0,0,0,0,0,4.207431319572429,9.476849879195163,False,False,False,False,True,False
100.0,25,6.626533453023366,50.0,3549,6.881313711751069,0,0,0,0,0,0,0,2.905977599215337,4.948759890378168,False,False,False,False,False,True
1.0,18,6.882238498533699,83.33333333333334,2188,6.320059610463039,0,0,0,0,0,0,0,0.8886641126398388,6.152732694704104,True,False,False,False,False,False
1.0,19,6.771417254661099,75.65217391304347,2188,6.320059610463039,0,0,0,0,0,0,0,0.8886641126398388,9.429475901892854,True,False,False,False,False,False
1.0,34,6.035384615384615,79.43661971830987,610,5.665348780241979,0,0,0,0,0,0,0,0.13788144168663172,8.80792062205398,False,False,True,False,False,False
2.0,75,6.195191110040243,71.55963302752293,3067,6.382521258497842,0,0,0,0,0,0,0,0.7805845659575266,8.520985989654934,False,False,False,True,False,False
2.0,12,6.771391394655973,94.11764705882352,3067,6.382521258497842,0,0,0,0,0,0,0,0.7805845659575266,6.483107351457199,False,False,False,True,False,False
1.0,16,5.558589488847307,0.0,2188,6.320059610463039,0,0,0,0,0,0,0,0.8886641126398388,5.365976015021851,True,False,False,False,False,False
1.0,45,6.241442385702294,100.0,2188,6.320059610463039,0,0,0,0,0,0,0,0.8886641126398388,5.988961416889864,True,False,False,False,False,False
1.0,28,6.48976219033308,88.68778280542986,3067,6.382521258497842,0,0,0,0,0,0,0,0.3902922829787633,8.946505025998682,False,False,False,True,False,False
2.0,17,6.195191110040243,75.86206896551724,3067,6.382521258497842,0,0,0,0,0,0,0,0.7805845659575266,7.557994958530806,False,False,False,True,False,False
21.0,24,6.600559763836545,0.0,3549,6.881313711751069,0,0,0,0,0,0,0,0.6102552958352208,4.343805421853684,False,False,False,False,False,True
1.0,53,7.024208966070818,76.40364188163885,2188,6.320059610463039,0,0,0,0,0,0,0,0.8886641126398388,10.256360277191787,True,False,False,False,False,False
312.0,15,6.289007148338809,66.66666666666666,3549,6.881313711751069,0,0,0,0,0,0,0,9.066650109551851,5.049856007249537,False,False,False,False,False,True
12.37420167311325,25,6.726881389735055,0.0,610,5.665348780241979,0,0,0,0,0,0,0,1.706172766409985,4.07753744390572,False,False,True,False,False,False
2.0,28,6.726881389735055,57.14285714285714,1572,6.528145312958054,0,0,0,0,0,0,0,0.7649875126495325,4.859812404361672,False,False,False,False,True,False
42.0,12,5.558589488847307,33.33333333333333,3549,6.881313711751069,0,0,0,0,0,0,0,1.2205105916704415,4.795790545596741,False,False,False,False,False,True
1.0,34,6.548792989998894,0.0,3067,6.382521258497842,0,0,0,0,0,0,0,0.3902922829787633,3.9889840465642745,False,False,False,True,False,False
1.0,23,6.777521135715492,67.2566371681416,3067,6.382521258497842,0,0,0,0,0,0,0,0.3902922829787633,7.848933726364071,False,False,False,True,False,False
1.0,8,6.5004185244497705,88.23529411764706,610,5.665348780241979,0,0,0,0,0,0,0,0.13788144168663172,6.620073206530356,False,False,True,False,False,False
1.0,36,6.811522504055452,78.32167832167832,3067,6.382521258497842,0,0,0,0,0,0,0,0.3902922829787633,8.75605259917045,False,False,False,True,False,False
1.0,17,6.904400748459212,66.66666666666666,2188,6.320059610463039,0,0,0,0,0,0,0,0.8886641126398388,5.030437921392435,True,False,False,False,False,False
39.0,38,6.85231279457413,74.03314917127072,3549,6.881313711751069,0,0,0,0,0,0,0,1.1333312636939814,9.308555419473137,False,False,False,False,False,True
2.0,16,6.195191110040243,60.60606060606061,3067,6.382521258497842,0,0,0,0,0,0,0,0.7805845659575266,7.762596048540069,False,False,False,True,False,False
1.0,42,6.942102538946082,0.0,3067,6.382521258497842,0,0,0,0,0,0,0,0.3902922829787633,4.762173934797756,False,False,False,True,False,False
51.0,4,6.837738345581713,79.60407918416317,3549,6.881313711751069,0,0,0,0,0,0,0,1.4820485755998218,10.771679880919251,False,False,False,False,False,True
2.0,43,6.666712332713818,82.98611111111111,3067,6.382521258497842,0,0,0,0,0,0,0,0.7805845659575266,8.937218450855731,False,False,False,True,False,False
12.37420167311325,26,6.873538262683814,0.0,3549,6.881313711751069,0,0,0,0,0,0,0,0.35959152870240046,9.555701556014641,False,False,False,False,False,True
1.0,28,6.687391891109108,77.06885660138977,1572,6.528145312958054,0,0,0,0,0,0,0,0.38249375632476623,10.653605629355699,False,False,False,False,True,False
12.0,16,6.912721755531819,76.28524046434494,3549,6.881313711751069,0,0,0,0,0,0,0,0.34871731190584043,10.585042805560075,False,False,False,False,False,True
12.0,31,6.517267998752562,79.73856209150327,3549,6.881313711751069,0,0,0,0,0,0,0,0.34871731190584043,11.009621482603084,False,False,False,False,False,True
12.0,36,6.872591260121551,78.21782178217822,3549,6.881313711751069,0,0,0,0,0,0,0,0.34871731190584043,9.200593020521303,False,False,False,False,False,True
1.0,46,6.548792989998894,0.0,3067,6.382521258497842,0,0,0,0,0,0,0,0.3902922829787633,4.2626798770413155,False,False,False,True,False,False
1.0,17,6.726881389735055,77.9874213836478,1572,6.528145312958054,0,0,0,0,0,0,0,0.38249375632476623,8.950921764797261,False,False,False,False,True,False
2.0,12,6.195191110040243,69.6969696969697,3067,6.382521258497842,0,0,0,0,0,0,0,0.7805845659575266,7.655390644826152,False,False,False,True,False,False
1.0,32,6.677693639525605,66.66666666666666,3067,6.382521258497842,0,0,0,0,0,0,0,0.3902922829787633,4.700480365792417,False,False,False,True,False,False
1.0,17,6.813109560824221,80.0,1572,6.528145312958054,0,0,0,0,0,0,0,0.38249375632476623,6.6039438246004725,False,False,False,False,True,False
12.0,28,6.841586519643498,84.17266187050359,3549,6.881313711751069,0,0,0,0,0,0,0,0.34871731190584043,11.875496989854746,False,False,False,False,False,True
12.37420167311325,49,6.195191110040243,0.0,3067,6.382521258497842,0,0,0,0,0,0,0,4.829555421039003,7.68662133494462,False,False,False,True,False,False
6.0,30,6.818634614568482,0.0,3067,6.382521258497842,0,0,0,0,0,0,0,2.3417536978725795,9.643485495857657,False,False,False,True,False,False
1.0,11,6.666474874898554,66.66666666666666,610,5.665348780241979,0,0,0,0,0,0,0,0.13788144168663172,5.14166355650266,False,False,True,False,False,False
12.37420167311325,10,5.879225467208256,0.0,3549,6.881313711751069,0,0,0,0,0,0,0,0.35959152870240046,6.771935555839602,False,False,False,False,False,True
1.0,51,6.681211307563058,91.66666666666666,1572,6.528145312958054,0,0,0,0,0,0,0,0.38249375632476623,6.415096959171596,False,False,False,False,True,False
1.0,44,6.823146793508421,81.81818181818183,2188,6.320059610463039,0,0,0,0,0,0,0,0.8886641126398388,8.035926369891792,True,False,False,False,False,False
49.0,17,6.836718312027337,74.1106719367589,3549,6.881313711751069,0,0,0,0,0,0,0,1.423929023615515,9.779736745099953,False,False,False,False,False,True
12.0,29,6.855023571108642,77.40963855421687,3549,6.881313711751069,0,0,0,0,0,0,0,0.34871731190584043,11.039042320125954,False,False,False,False,False,True
1.0,54,6.892032450940177,0.0,2188,6.320059610463039,0,0,0,0,0,0,0,0.8886641126398388,9.894144037532975,True,False,False,False,False,False
4.0,12,6.5004185244497705,0.0,3549,6.881313711751069,0,0,0,0,0,0,0,0.11623910396861348,5.808142489980444,False,False,False,False,False,True
1.0,29,6.195191110040243,66.66666666666666,3067,6.382521258497842,0,0,0,0,0,0,0,0.3902922829787633,5.846438775057725,False,False,False,True,False,False
1.0,16,6.7599011556096515,75.0,3067,6.382521258497842,0,0,0,0,0,0,0,0.3902922829787633,5.181783550292085,False,False,False,True,False,False
11.0,13,6.865604076504098,84.87918939984411,3549,6.881313711751069,0,0,0,0,0,0,0,0.31965753591368706,10.886071515144115,False,False,False,False,False,True
1.0,25,6.759601265276012,79.35222672064778,1572,6.528145312958054,0,0,0,0,0,0,0,0.38249375632476623,8.580167990577626,False,False,False,False,True,False
9.0,35,6.671140218499566,70.70707070707071,1572,6.528145312958054,0,0,0,0,0,0,0,3.442443806922896,9.285355075781629,False,False,False,False,True,False
12.37420167311325,25,6.751325022977751,0.0,610,5.665348780241979,0,0,0,0,0,0,0,1.706172766409985,5.459585514144159,False,False,True,False,False,False
1.0,33,6.856607732998538,78.89492753623189,1572,6.528145312958054,0,0,0,0,0,0,0,0.38249375632476623,10.175306975774374,False,False,False,False,True,False
8.0,26,6.611008795452359,52.94117647058824,3067,6.382521258497842,0,0,0,0,0,0,0,3.1223382638301063,6.810142450115136,False,False,False,True,False,False
12.0,17,6.5004185244497705,0.0,3549,6.881313711751069,0,0,0,0,0,0,0,0.34871731190584043,4.48863636973214,False,False,False,False,False,True
9.0,18,6.662948251583755,60.0,3067,6.382521258497842,0,0,0,0,0,0,0,3.5126305468088694,5.1647859739235145,False,False,False,True,False,False
14.0,15,6.727021465257666,73.25581395348837,3549,6.881313711751069,0,0,0,0,0,0,0,0.40683686389014717,7.814803429489359,False,False,False,False,False,True
1.0,21,6.842263033993731,0.0,2188,6.320059610463039,0,0,0,0,0,0,0,0.8886641126398388,4.143134726391533,True,False,False,False,False,False
1.0,21,6.164566264410774,68.83116883116884,3067,6.382521258497842,0,0,0,0,0,0,0,0.3902922829787633,8.700847193443972,False,False,False,True,False,False
1.0,6,6.195191110040243,64.28571428571429,3067,6.382521258497842,0,0,0,0,0,0,0,0.3902922829787633,7.3098814858247865,False,False,False,True,False,False
2.0,9,6.779219093314246,75.36316095293434,3067,6.382521258497842,0,0,0,0,0,0,0,0.7805845659575266,10.329702551562889,False,False,False,True,False,False
13.0,13,6.853106711451339,65.59139784946237,3549,6.881313711751069,0,0,0,0,0,0,0,0.3777770878979938,7.987184748233473,False,False,False,False,False,True
1.0,17,6.724256288854555,44.44444444444444,1572,6.528145312958054,0,0,0,0,0,0,0,0.38249375632476623,5.2574953720277815,False,False,False,False,True,False
2.0,29,6.195191110040243,71.42857142857143,3067,6.382521258497842,0,0,0,0,0,0,0,0.7805845659575266,7.877397186353287,False,False,False,True,False,False
12.0,9,6.662948251583755,79.88668555240793,3549,6.881313711751069,0,0,0,0,0,0,0,0.34871731190584043,10.54307571600151,False,False,False,False,False,True
2.0,28,6.195191110040243,65.9090909090909,3067,6.382521258497842,0,0,0,0,0,0,0,0.7805845659575266,7.457609289715606,False,False,False,True,False,False
1.0,42,6.743024351257927,63.63636363636363,2188,6.320059610463039,0,0,0,0,0,0,0,0.8886641126398388,7.202661196523238,True,False,False,False,False,False
1.0,57,6.195191110040243,67.1875,3067,6.382521258497842,0,0,0,0,0,0,0,0.3902922829787633,8.165363632473982,False,False,False,True,False,False
1.0,33,6.7842301997157435,81.33333333333333,2188,6.320059610463039,0,0,0,0,0,0,0,0.8886641126398388,7.347299700743164,True,False,False,False,False,False
1.0,27,6.22747829422649,67.6923076923077,1572,6.528145312958054,0,0,0,0,0,0,0,0.38249375632476623,8.825706773447951,False,False,False,False,True,False
1.0,45,6.662948251583755,50.0,610,5.665348780241979,0,0,0,0,0,0,0,0.13788144168663172,5.288267030694535,False,False,True,False,False,False
2.0,27,6.4998777863533945,70.83333333333334,3067,6.382521258497842,0,0,0,0,0,0,0,0.7805845659575266,7.471363088187097,False,False,False,True,False,False
12.37420167311325,22,6.143175039366146,0.0,3549,6.881313711751069,0,0,0,0,0,0,0,0.35959152870240046,7.516977224604321,False,False,False,False,False,True
1.0,38,5.558589488847307,0.0,2188,6.320059610463039,0,0,0,0,0,0,0,0.8886641126398388,4.110873864173311,True,False,False,False,False,False
3.0,13,6.7771287869600085,85.17823639774859,3549,6.881313711751069,0,0,0,0,0,0,0,0.08717932797646011,9.506362568702965,False,False,False,False,False,True
3.0,19,6.195191110040243,61.32075471698113,3067,6.382521258497842,0,0,0,0,0,0,0,1.1708768489362897,8.486940148245216,False,False,False,True,False,False
52.0,20,6.811522504055452,0.0,3549,6.881313711751069,0,0,0,0,0,0,0,1.5111083515919752,5.087596335232384,False,False,False,False,False,True
1.0,26,6.387102719161792,71.42857142857143,447,5.588299776286353,0,0,0,0,0,0,0,0.9078461025802542,5.541263545158426,False,True,False,False,False,False
1.0,21,6.890338018266329,72.41379310344827,3067,6.382521258497842,0,0,0,0,0,0,0,0.3902922829787633,9.24725072599628,False,False,False,True,False,False
6.0,15,6.578031071739346,66.9172932330827,3067,6.382521258497842,0,0,0,0,0,0,0,2.3417536978725795,8.602636673233706,False,False,False,True,False,False
1.0,8,6.794607080130419,100.0,2188,6.320059610463039,0,0,0,0,0,0,0,0.8886641126398388,4.5217885770490405,True,False,False,False,False,False
1.0,9,5.775788441476067,100.0,447,5.588299776286353,0,0,0,0,0,0,0,0.9078461025802542,4.6443908991413725,False,True,False,False,False,False
1.0,24,6.769866626233298,88.0,2188,6.320059610463039,0,0,0,0,0,0,0,0.8886641126398388,6.51471269087253,True,False,False,False,False,False
6.0,31,6.5004185244497705,85.71428571428571,1572,6.528145312958054,0,0,0,0,0,0,0,2.294962537948597,6.859614903654202,False,False,False,False,True,False
22.0,33,6.698349863309581,0.0,3549,6.881313711751069,0,0,0,0,0,0,0,0.6393150718273741,5.5093883366279774,False,False,False,False,False,True
1.0,68,6.622168674698795,69.86301369863014,1572,6.528145312958054,0,0,0,0,0,0,0,0.38249375632476623,8.142645185942795,False,False,False,False,True,False
39.0,18,6.638243832197137,33.33333333333333,3549,6.881313711751069,0,0,0,0,0,0,0,1.1333312636939814,5.58724865840025,False,False,False,False,False,True
1.0,28,6.882238498533699,76.92307692307693,2188,6.320059610463039,0,0,0,0,0,0,0,0.8886641126398388,5.863631175598097,True,False,False,False,False,False
1.0,18,6.891177866809663,0.0,3067,6.382521258497842,0,0,0,0,0,0,0,0.3902922829787633,8.855663430700124,False,False,False,True,False,False
12.0,54,6.874852338171388,82.11421238370228,3549,6.881313711751069,0,0,0,0,0,0,0,0.34871731190584043,12.06230042271878,False,False,False,False,False,True
13.0,20,6.84051898277667,81.78217821782178,3549,6.881313711751069,0,0,0,0,0,0,0,0.3777770878979938,11.498268575626595,False,False,False,False,False,True
130.0,31,6.542958467678293,0.0,3549,6.881313711751069,0,0,0,0,0,0,0,3.777770878979938,4.820281565605037,False,False,False,False,False,True
1.0,65,6.8536771222611135,53.84615384615385,2188,6.320059610463039,0,0,0,0,0,0,0,0.8886641126398388,6.602587892189336,True,False,False,False,False,False
4.0,90,6.494012152354782,66.66666666666666,1572,6.528145312958054,0,0,0,0,0,0,0,1.529975025299065,7.218176838403408,False,False,False,False,True,False
1.0,16,5.558589488847307,100.0,2188,6.320059610463039,0,0,0,0,0,0,0,0.8886641126398388,3.9889840465642745,True,False,False,False,False,False
4.0,26,6.760088734520906,50.0,3067,6.382521258497842,0,0,0,0,0,0,0,1.5611691319150531,6.716594773520978,False,False,False,True,False,False
1.0,31,6.695291796530421,0.0,2188,6.320059610463039,0,0,0,0,0,0,0,0.8886641126398388,4.356708826689592,True,False,False,False,False,False
13.0,25,6.817531173385809,80.36322360953461,3549,6.881313711751069,0,0,0,0,0,0,0,0.3777770878979938,9.757536497051824,False,False,False,False,False,True
1.0,26,5.775788441476067,100.0,447,5.588299776286353,0,0,0,0,0,0,0,0.9078461025802542,4.3694478524670215,False,True,False,False,False,False
1.0,23,6.945657977762834,85.71428571428571,3067,6.382521258497842,0,0,0,0,0,0,0,0.3902922829787633,6.066108090103747,False,False,False,True,False,False
13.0,34,6.848855640902553,77.77777777777779,3549,6.881313711751069,0,0,0,0,0,0,0,0.3777770878979938,6.683360945766275,False,False,False,False,False,True
21.0,6,6.665751557835978,50.0,3549,6.881313711751069,0,0,0,0,0,0,0,0.6102552958352208,4.6443908991413725,False,False,False,False,False,True
3.0,19,6.490336269696487,0.0,3067,6.382521258497842,0,0,0,0,0,0,0,1.1708768489362897,4.219507705176107,False,False,False,True,False,False
1.0,20,6.5004185244497705,50.0,3067,6.382521258497842,0,0,0,0,0,0,0,0.3902922829787633,5.159055299214529,False,False,False,True,False,False
1.0,47,6.26522859704693,33.33333333333333,3067,6.382521258497842,0,0,0,0,0,0,0,0.3902922829787633,4.736198448394496,False,False,False,True,False,False
1.0,58,6.8393549963377245,0.0,3067,6.382521258497842,0,0,0,0,0,0,0,0.3902922829787633,4.290459441148391,False,False,False,True,False,False
1.0,53,6.5264888547538815,0.0,2188,6.320059610463039,0,0,0,0,0,0,0,0.8886641126398388,4.290459441148391,True,False,False,False,False,False
1.0,40,6.884083369774151,71.83316168898043,2188,6.320059610463039,0,0,0,0,0,0,0,0.8886641126398388,10.424748538023646,True,False,False,False,False,False
4.0,64,6.677183376003879,81.29235237173282,3067,6.382521258497842,0,0,0,0,0,0,0,1.5611691319150531,11.74957736630923,False,False,False,True,False,False
21.0,26,6.769866626233298,83.06010928961749,3549,6.881313711751069,0,0,0,0,0,0,0,0.6102552958352208,10.261756225813318,False,False,False,False,False,True
2.0,13,6.862123706161936,74.14364640883979,3067,6.382521258497842,0,0,0,0,0,0,0,0.7805845659575266,10.101805482414681,False,False,False,True,False,False
2.0,50,6.270257490704965,100.0,3067,6.382521258497842,0,0,0,0,0,0,0,0.7805845659575266,5.652489180268651,False,False,False,True,False,False
52.0,14,6.7712642973197825,70.58823529411765,3549,6.881313711751069,0,0,0,0,0,0,0,1.5111083515919752,7.1308988302963465,False,False,False,False,False,True
12.0,16,6.662948251583755,0.0,2188,6.320059610463039,0,0,0,0,0,0,0,10.663969351678066,4.653960350157523,True,False,False,False,False,False
52.0,18,6.045175999634896,80.55555555555556,3549,6.881313711751069,0,0,0,0,0,0,0,1.5111083515919752,6.920671504248683,False,False,False,False,False,True
78.0,19,6.873641596354956,0.0,610,5.665348780241979,0,0,0,0,0,0,0,10.754752451557273,4.919980925828125,False,False,True,False,False,False
1.0,18,6.912720749983493,71.77974434611602,1572,6.528145312958054,0,0,0,0,0,0,0,0.38249375632476623,10.469681655831673,False,False,False,False,True,False
52.0,9,6.853035714105566,81.65013525698828,3549,6.881313711751069,0,0,0,0,0,0,0,1.5111083515919752,11.033033102974123,False,False,False,False,False,True
14.0,33,6.5004185244497705,55.670103092783506,1572,6.528145312958054,0,0,0,0,0,0,0,5.354912588546727,8.894670262984233,False,False,False,False,True,False
12.0,18,6.740866461953476,75.0,3549,6.881313711751069,0,0,0,0,0,0,0,0.34871731190584043,6.580639137284949,False,False,False,False,False,True
1.0,6,4.9263479368027125,100.0,2188,6.320059610463039,0,0,0,0,0,0,0,0.8886641126398388,5.220355825078324,True,False,False,False,False,False
1.0,16,6.490336269696487,0.0,1572,6.528145312958054,0,0,0,0,0,0,0,0.38249375632476623,4.48863636973214,False,False,False,False,True,False
1.0,35,6.883142933259378,75.76687116564416,2188,6.320059610463039,0,0,0,0,0,0,0,0.8886641126398388,9.899931236333352,True,False,False,False,False,False
1.0,34,6.48976219033308,60.0,2188,6.320059610463039,0,0,0,0,0,0,0,0.8886641126398388,5.638354669333745,True,False,False,False,False,False
1.0,29,6.548792989998894,0.0,3067,6.382521258497842,0,0,0,0,0,0,0,0.3902922829787633,3.58351893845611,False,False,False,True,False,False
3.0,26,6.5004185244497705,72.60869565217392,1572,6.528145312958054,0,0,0,0,0,0,0,1.1474812689742986,9.831185640780722,False,False,False,False,True,False
3.0,28,6.20715799971213,54.54545454545454,1572,6.528145312958054,0,0,0,0,0,0,0,1.1474812689742986,6.6039438246004725,False,False,False,False,True,False
1.0,19,6.7531871272138275,65.07936507936508,1572,6.528145312958054,0,0,0,0,0,0,0,0.38249375632476623,7.67275789664251,False,False,False,False,True,False
1.0,43,6.454329473147065,0.0,2188,6.320059610463039,0,0,0,0,0,0,0,0.8886641126398388,4.174387269895637,True,False,False,False,False,False
40.0,37,6.865069761557741,77.57009345794393,3549,6.881313711751069,0,0,0,0,0,0,0,1.1623910396861348,7.8547691834991324,False,False,False,False,False,True
1.0,44,6.832389799031742,80.86696562032884,2188,6.320059610463039,0,0,0,0,0,0,0,0.8886641126398388,10.878518779432882,True,False,False,False,False,False
52.0,30,6.813328166392435,77.89256198347107,3549,6.881313711751069,0,0,0,0,0,0,0,1.5111083515919752,9.606966531417143,False,False,False,False,False,True
10.0,32,6.857250290452853,73.33333333333333,3549,6.881313711751069,0,0,0,0,0,0,0,0.2905977599215337,7.234898420314831,False,False,False,False,False,True
1.0,5,4.9263479368027125,100.0,2188,6.320059610463039,0,0,0,0,0,0,0,0.8886641126398388,4.882801922586371,True,False,False,False,False,False
13.0,11,6.62219037942343,84.38775510204081,3549,6.881313711751069,0,0,0,0,0,0,0,0.3777770878979938,11.72423932053086,False,False,False,False,False,True
52.0,32,6.5004185244497705,0.0,3549,6.881313711751069,0,0,0,0,0,0,0,1.5111083515919752,4.07753744390572,False,False,False,False,False,True
12.0,39,6.510263751421897,86.70886075949366,3549,6.881313711751069,0,0,0,0,0,0,0,0.34871731190584043,8.598588829620232,False,False,False,False,False,True
12.37420167311325,11,6.818259710873318,0.0,610,5.665348780241979,0,0,0,0,0,0,0,1.706172766409985,5.662960480135946,False,False,True,False,False,False
65.0,20,6.85231279457413,77.16535433070865,3549,6.881313711751069,0,0,0,0,0,0,0,1.888885439489969,10.119485635689466,False,False,False,False,False,True
49.0,19,6.855113815645509,77.57352941176471,3549,6.881313711751069,0,0,0,0,0,0,0,1.423929023615515,9.459229639708807,False,False,False,False,False,True
12.0,18,6.904255601987694,71.96885428253616,3549,6.881313711751069,0,0,0,0,0,0,0,0.34871731190584043,10.593304192999618,False,False,False,False,False,True
39.0,23,6.5004185244497705,0.0,3549,6.881313711751069,0,0,0,0,0,0,0,1.1333312636939814,4.820281565605037,False,False,False,False,False,True
1.0,18,6.891177866809663,62.297128589263416,1572,6.528145312958054,0,0,0,0,0,0,0,0.38249375632476623,9.933871257170567,False,False,False,False,True,False
1.0,42,7.049731099438997,74.86910994764398,2188,6.320059610463039,0,0,0,0,0,0,0,0.8886641126398388,9.989619376165415,True,False,False,False,False,False
1.0,15,6.846405382266574,81.63265306122449,2188,6.320059610463039,0,0,0,0,0,0,0,0.8886641126398388,7.845024417241484,True,False,False,False,False,False
1.0,61,6.564817405402646,64.1025641025641,2188,6.320059610463039,0,0,0,0,0,0,0,0.8886641126398388,7.195187320178709,True,False,False,False,False,False
1.0,35,6.978610296211153,69.91869918699187,3067,6.382521258497842,0,0,0,0,0,0,0,0.3902922829787633,9.787852208937204,False,False,False,True,False,False
2.0,32,6.710992965592992,75.0,3067,6.382521258497842,0,0,0,0,0,0,0,0.7805845659575266,5.209486152841421,False,False,False,True,False,False
2.0,19,6.195191110040243,63.013698630136986,3067,6.382521258497842,0,0,0,0,0,0,0,0.7805845659575266,7.724004656676065,False,False,False,True,False,False
1.0,58,6.801305199251226,79.5416433761878,1572,6.528145312958054,0,0,0,0,0,0,0,0.38249375632476623,10.632122526025627,False,False,False,False,True,False
14.0,19,6.87766634343254,84.5679012345679,3549,6.881313711751069,0,0,0,0,0,0,0,0.40683686389014717,11.41177828296527,False,False,False,False,False,True
48.0,30,6.195560357097322,25.0,3549,6.881313711751069,0,0,0,0,0,0,0,1.3948692476233617,6.688354713946762,False,False,False,False,False,True
1.0,14,6.393797237117623,61.53846153846154,610,5.665348780241979,0,0,0,0,0,0,0,0.13788144168663172,6.423246963533519,False,False,True,False,False,False
1.0,40,6.860330960269029,76.21951219512195,3067,6.382521258497842,0,0,0,0,0,0,0,0.3902922829787633,10.250723085080114,False,False,False,True,False,False
3.0,28,6.195191110040243,66.66666666666666,3067,6.382521258497842,0,0,0,0,0,0,0,1.1708768489362897,7.221835825288449,False,False,False,True,False,False
10.0,29,6.192033733782523,0.0,3549,6.881313711751069,0,0,0,0,0,0,0,0.2905977599215337,4.74493212836325,False,False,False,False,False,True
1.0,63,6.854177517817962,70.99236641221374,1572,6.528145312958054,0,0,0,0,0,0,0,0.38249375632476623,9.75074421527093,False,False,False,False,True,False
1.0,60,6.638243832197137,50.0,2188,6.320059610463039,0,0,0,0,0,0,0,0.8886641126398388,5.176149732573829,True,False,False,False,False,False
1.0,52,6.838031687583859,79.05759162303664,3067,6.382521258497842,0,0,0,0,0,0,0,0.3902922829787633,8.089482474360754,False,False,False,True,False,False
3.0,8,6.195191110040243,64.16666666666667,3067,6.382521258497842,0,0,0,0,0,0,0,1.1708768489362897,7.881559917056899,False,False,False,True,False,False
1.0,55,6.728879252982257,66.66666666666666,2188,6.320059610463039,0,0,0,0,0,0,0,0.8886641126398388,6.668228248417403,True,False,False,False,False,False
127.0,14,6.815735505792911,78.26961770623743,3549,6.881313711751069,0,0,0,0,0,0,0,3.690591551003478,10.66143884396157,False,False,False,False,False,True
24.0,44,6.962509704750916,84.68884781269254,3549,6.881313711751069,0,0,0,0,0,0,0,0.6974346238116809,11.69599674065473,False,False,False,False,False,True
50.0,31,6.858401896991866,83.30567540657152,3549,6.881313711751069,0,0,0,0,0,0,0,1.4529887996076685,11.095848195933886,False,False,False,False,False,True
13.0,17,6.604842707205482,71.7948717948718,3549,6.881313711751069,0,0,0,0,0,0,0,0.3777770878979938,8.17526610411206,False,False,False,False,False,True
2.0,32,6.195191110040243,0.0,1572,6.528145312958054,0,0,0,0,0,0,0,0.7649875126495325,5.541263545158426,False,False,False,False,True,False
1.0,39,6.5264888547538815,67.05882352941175,1572,6.528145312958054,0,0,0,0,0,0,0,0.38249375632476623,7.948031990637284,False,False,False,False,True,False
1.0,16,6.394574507380366,85.0,3067,6.382521258497842,0,0,0,0,0,0,0,0.3902922829787633,7.029972911706386,False,False,False,True,False,False
1.0,41,6.883142933259378,78.22878228782287,1572,6.528145312958054,0,0,0,0,0,0,0,0.38249375632476623,9.455636727931525,False,False,False,False,True,False
1.0,48,6.651400643424755,0.0,2188,6.320059610463039,0,0,0,0,0,0,0,0.8886641126398388,5.0238805208462765,True,False,False,False,False,False
15.0,26,6.62799810652082,76.22950819672131,610,5.665348780241979,0,0,0,0,0,0,0,2.0682216252994756,9.672374831572242,False,False,True,False,False,False
88.0,20,6.6819426705842195,0.0,3549,6.881313711751069,0,0,0,0,0,0,0,2.5572602873094965,3.6375861597263857,False,False,False,False,False,True
1.0,25,5.879225467208256,100.0,447,5.588299776286353,0,0,0,0,0,0,0,0.9078461025802542,4.394449154672439,False,True,False,False,False,False
1.0,37,6.5004185244497705,50.0,2188,6.320059610463039,0,0,0,0,0,0,0,0.8886641126398388,4.68213122712422,True,False,False,False,False,False
10.0,15,6.26522859704693,0.0,3549,6.881313711751069,0,0,0,0,0,0,0,0.2905977599215337,3.7376696182833684,False,False,False,False,False,True
5.0,23,6.5264888547538815,0.0,2188,6.320059610463039,0,0,0,0,0,0,0,4.443320563199194,4.634728988229636,True,False,False,False,False,False
3.0,84,6.635758036799406,64.28571428571429,1572,6.528145312958054,0,0,0,0,0,0,0,1.1474812689742986,8.046229101075378,False,False,False,False,True,False
6.0,23,6.861946953195274,87.5,3067,6.382521258497842,0,0,0,0,0,0,0,2.3417536978725795,7.478734825567875,False,False,False,True,False,False
1.0,28,6.662948251583755,75.71428571428571,1572,6.528145312958054,0,0,0,0,0,0,0,0.38249375632476623,8.277411998949004,False,False,False,False,True,False
26.0,16,6.786000370687271,81.02866779089376,3549,6.881313711751069,0,0,0,0,0,0,0,0.7555541757959876,10.092329472153317,False,False,False,False,False,True
12.0,18,6.77042944595717,78.45303867403315,3549,6.881313711751069,0,0,0,0,0,0,0,0.34871731190584043,10.148236027602723,False,False,False,False,False,True
1.0,20,6.6430291428883415,88.0794701986755,2188,6.320059610463039,0,0,0,0,0,0,0,0.8886641126398388,8.650499558724462,True,False,False,False,False,False
1.0,30,6.926851217059217,76.68250804844396,1572,6.528145312958054,0,0,0,0,0,0,0,0.38249375632476623,11.80694491376462,False,False,False,False,True,False
3.0,24,6.576598130934997,50.0,1572,6.528145312958054,0,0,0,0,0,0,0,1.1474812689742986,6.440946540632921,False,False,False,False,True,False
52.0,24,6.490336269696487,0.0,3549,6.881313711751069,0,0,0,0,0,0,0,1.5111083515919752,4.189654742026425,False,False,False,False,False,True
1.0,21,6.738572847556955,0.0,1572,6.528145312958054,0,0,0,0,0,0,0,0.38249375632476623,4.219507705176107,False,False,False,False,True,False
1.0,28,6.548792989998894,100.0,3067,6.382521258497842,0,0,0,0,0,0,0,0.3902922829787633,3.871201010907891,False,False,False,True,False,False
4.0,25,6.630218602658826,73.91304347826086,3067,6.382521258497842,0,0,0,0,0,0,0,1.5611691319150531,8.547334348328224,False,False,False,True,False,False
13.0,21,6.923291249533241,82.450213371266,3549,6.881313711751069,0,0,0,0,0,0,0,0.3777770878979938,12.549672988161536,False,False,False,False,False,True
1.0,18,6.846129964693616,79.12087912087912,2188,6.320059610463039,0,0,0,0,0,0,0,0.8886641126398388,10.270385067495035,True,False,False,False,False,False
1.0,37,6.751797143671785,71.42857142857143,2188,6.320059610463039,0,0,0,0,0,0,0,0.8886641126398388,6.003887067106539,True,False,False,False,False,False
1.0,17,6.58558055977916,83.33333333333334,2188,6.320059610463039,0,0,0,0,0,0,0,0.8886641126398388,5.231108616854587,True,False,False,False,False,False
26.0,16,6.5004185244497705,0.0,3549,6.881313711751069,0,0,0,0,0,0,0,0.7555541757959876,4.110873864173311,False,False,False,False,False,True
1.0,29,6.8949014445340095,25.0,2188,6.320059610463039,0,0,0,0,0,0,0,0.8886641126398388,4.718498871295094,True,False,False,False,False,False
1.0,12,6.948906203601128,77.41935483870968,2188,6.320059610463039,0,0,0,0,0,0,0,0.8886641126398388,7.087573705557973,True,False,False,False,False,False
50.0,24,6.889678266422713,57.14285714285714,3549,6.881313711751069,0,0,0,0,0,0,0,1.4529887996076685,6.825460036255307,False,False,False,False,False,True
1.0,43,6.26522859704693,50.0,3067,6.382521258497842,0,0,0,0,0,0,0,0.3902922829787633,4.709530201312334,False,False,False,True,False,False
1.0,33,6.66391737475365,71.42857142857143,2188,6.320059610463039,0,0,0,0,0,0,0,0.8886641126398388,9.224637676677007,True,False,False,False,False,False
6.0,36,6.5970797128209036,72.9641693811075,1572,6.528145312958054,0,0,0,0,0,0,0,2.294962537948597,9.398063978059133,False,False,False,False,True,False
4.0,18,6.728879252982257,87.87878787878788,3067,6.382521258497842,0,0,0,0,0,0,0,1.5611691319150531,6.980075940561763,False,False,False,True,False,False
1.0,50,6.803646710173455,86.39846743295018,2188,6.320059610463039,0,0,0,0,0,0,0,0.8886641126398388,9.620461291620542,True,False,False,False,False,False
1.0,48,6.195191110040243,69.6969696969697,3067,6.382521258497842,0,0,0,0,0,0,0,0.3902922829787633,6.598509028614515,False,False,False,True,False,False
1.0,19,6.770580228122137,0.0,3067,6.382521258497842,0,0,0,0,0,0,0,0.3902922829787633,4.382026634673881,False,False,False,True,False,False
12.0,26,6.771391394655973,80.05657708628006,3549,6.881313711751069,0,0,0,0,0,0,0,0.34871731190584043,9.874470603465635,False,False,False,False,False,True
13.0,18,6.5004185244497705,76.47058823529412,3549,6.881313711751069,0,0,0,0,0,0,0,0.3777770878979938,7.487733761436444,False,False,False,False,False,True
1.0,18,5.775788441476067,0.0,447,5.588299776286353,0,0,0,0,0,0,0,0.9078461025802542,3.713572066704308,False,True,False,False,False,False
12.37420167311325,16,6.958528069447691,0.0,3549,6.881313711751069,0,0,0,0,0,0,0,0.35959152870240046,10.00487016682473,False,False,False,False,False,True
1.0,15,6.771417254661099,78.94736842105263,2188,6.320059610463039,0,0,0,0,0,0,0,0.8886641126398388,6.796823718274855,True,False,False,False,False,False
26.0,27,6.789913963632036,83.68295086583134,3549,6.881313711751069,0,0,0,0,0,0,0,0.7555541757959876,12.561359626694058,False,False,False,False,False,True
200.0,18,6.6029994474022455,66.66666666666666,3549,6.881313711751069,0,0,0,0,0,0,0,5.811955198430674,5.272999558563747,False,False,False,False,False,True
1.0,22,6.794607080130419,40.0,2188,6.320059610463039,0,0,0,0,0,0,0,0.8886641126398388,5.303304908059076,True,False,False,False,False,False
1.0,10,5.879225467208256,50.0,447,5.588299776286353,0,0,0,0,0,0,0,0.9078461025802542,4.418840607796598,False,True,False,False,False,False
13.0,18,6.89685613347767,79.95271867612294,3549,6.881313711751069,0,0,0,0,0,0,0,0.3777770878979938,11.651860978991007,False,False,False,False,False,True
1.0,38,6.743076983988833,87.5,3067,6.382521258497842,0,0,0,0,0,0,0,0.3902922829787633,5.823045895483019,False,False,False,True,False,False
2.0,12,6.831547886839016,80.68181818181817,3067,6.382521258497842,0,0,0,0,0,0,0,0.7805845659575266,7.60688453121963,False,False,False,True,False,False
