episodes,members,len_of_title,avg_rating_genre,avg_members_genre,user_activity,anime_count_by_type,avg_rating_by_type,Action/Adventure,Fantasy/Supernatural,Comedy,Drama/Romance,Science Fiction,Psychological/Thriller,Other/Uncategorized,rating_per_million,normalized_episodes,rating_x_members_normalized,log_members,log_rating_per_million,type_Movie,type_Music,type_ONA,type_OVA,type_Special,type_TV
12.0,999,20,,,88.88888888888889,3549,6.881313711751069,0,0,0,0,0,0,0,6126.126126126126,0.3346897764380809,0.0007895035773788917,6.907755278982137,8.720481097812643,False,False,False,False,False,True
2.0,2399,25,,,68.88888888888889,1572,6.528145312958054,0,0,0,0,0,0,0,2571.9049604001666,0.7742094861660079,0.0019246306762989137,7.783224016336037,7.852790874327944,False,False,False,False,True,False
2.0,42,28,,,0.0,1572,6.528145312958054,0,0,0,0,0,0,0,149761.90476190476,0.7742094861660079,2.5209009551906645e-05,3.7612001156935624,11.916808687636463,False,False,False,False,True,False
1.0,3537,14,,,67.52136752136752,3067,6.382521258497842,0,0,0,0,0,0,0,1826.4065592309867,0.4144601454246124,0.002976039056775115,8.17131687471973,7.5106530599369705,False,False,False,True,False,False
2.0,270,8,,,57.14285714285714,3067,6.382521258497842,0,0,0,0,0,0,0,20888.888888888887,0.8289202908492248,0.0001896544390540007,5.602118820879701,9.947020535670449,False,False,False,True,False,False
1.0,10234,14,,,67.35751295336787,1572,6.528145312958054,0,0,0,0,0,0,0,636.1149110807113,0.38710474308300397,0.008695387909933421,9.23356849809539,6.456950033464335,False,False,False,False,True,False
1.0,797,8,,,65.0,447,5.588299776286353,0,0,0,0,0,0,0,8092.848180677541,0.9291666666666667,0.0006623458766000044,6.682108597449809,8.998859568239578,False,True,False,False,False,False
12.0,31435,49,,,81.26094570928196,3549,6.881313711751069,0,0,0,0,0,0,0,226.18100843009387,0.3346897764380809,0.029192534309981144,10.355709011986066,5.425747093696909,False,False,False,False,False,True
49.0,2409,10,,,72.22222222222221,3549,6.881313711751069,0,0,0,0,0,0,0,3167.2893316728932,1.366649920455497,0.0023922252488619384,7.787382026484701,8.060947078206238,False,False,False,False,False,True
1.0,47,16,,,0.0,3067,6.382521258497842,0,0,0,0,0,0,0,134680.8510638298,0.4144601454246124,2.9563752178994083e-05,3.871201010907891,11.810670617343241,False,False,False,True,False,False
12.0,106391,15,,,79.7823596792669,3549,6.881313711751069,0,0,0,0,0,0,0,60.43744301679653,0.3346897764380809,0.08937124660163333,11.574885665093,4.118019470408221,False,False,False,False,False,True
1.0,236,12,,,57.14285714285714,3067,6.382521258497842,0,0,0,0,0,0,0,26440.677966101695,0.4144601454246124,0.0001831007669815523,5.4680601411351315,10.182696755117643,False,False,False,True,False,False
1.0,122,40,,,0.0,3067,6.382521258497842,0,0,0,0,0,0,0,49180.32786885246,0.4144601454246124,8.63321927443473e-05,4.812184355372417,10.803269315585686,False,False,False,True,False,False
51.0,2691,22,,,65.18987341772153,3549,6.881313711751069,0,0,0,0,0,0,0,2370.865849126719,1.4224315498618436,0.0022338592125323133,7.898039690764619,7.77143220250086,False,False,False,False,False,True
1.0,3510,10,,,81.41025641025641,1572,6.528145312958054,0,0,0,0,0,0,0,1829.059829059829,0.38710474308300397,0.0029349061412677745,8.163656176168432,7.512103938776363,False,False,False,False,True,False
3.0,9595,9,,,71.03960396039604,3067,6.382521258497842,0,0,0,0,0,0,0,633.6633663366337,1.2433804362738372,0.007612811697063229,9.169101623959586,6.453094726569838,False,False,False,True,False,False
2.0,4237,18,,,79.16666666666666,1572,6.528145312958054,0,0,0,0,0,0,0,1569.5067264573993,0.7742094861660079,0.003672043995772224,8.351846738828245,7.3591536019732855,False,False,False,False,True,False
54.0,7112,23,,,73.57859531772574,3549,6.881313711751069,0,0,0,0,0,0,0,1010.9673790776154,1.5061039939713639,0.0066717900973655275,8.869679374733515,6.919651615214852,False,False,False,False,False,True
1.0,17770,62,,,77.0663562281723,1572,6.528145312958054,0,0,0,0,0,0,0,395.0478334271243,0.38710474308300397,0.016289345673393785,9.785323194185485,5.981534995442414,False,False,False,False,True,False
39.0,76,22,,,0.0,3549,6.881313711751069,0,0,0,0,0,0,0,85526.31578947368,1.0877417734237629,5.5236220789747505e-05,4.343805421853684,11.356591086818872,False,False,False,False,False,True
39.0,240,18,,,37.5,3549,6.881313711751069,0,0,0,0,0,0,0,25958.333333333336,1.0877417734237629,0.0001860483515500219,5.484796933490655,10.16428648995412,False,False,False,False,False,True
4.0,3594,31,,,60.29411764705882,3067,6.382521258497842,0,0,0,0,0,0,0,1867.0005564830274,1.6578405816984496,0.0031415427945664207,8.187299270155147,7.532623916691863,False,False,False,True,False,False
39.0,416,17,,,66.66666666666666,3549,6.881313711751069,0,0,0,0,0,0,0,15600.961538461539,1.0877417734237629,0.0003434410055642619,6.0330862217988015,9.655151924978032,False,False,False,False,False,True
1.0,74,15,,,0.0,1572,6.528145312958054,0,0,0,0,0,0,0,83783.78378378379,0.38710474308300397,5.063715266873107e-05,4.31748811353631,11.336006692223794,False,False,False,False,True,False
1.0,2659,13,,,85.91549295774648,2188,6.320059610463039,0,0,0,0,0,0,0,2233.9225272658896,0.9010309278350515,0.002054323090758134,7.886081401775745,7.71196184303117,True,False,False,False,False,False
13.0,42129,8,,,78.68712702472294,3549,6.881313711751069,0,0,0,0,0,0,0,143.13180944242683,0.3625805911412543,0.03318209786272545,10.648515354973062,4.970728224254929,False,False,False,False,False,True
2.0,745,15,,,66.66666666666666,447,5.588299776286353,0,0,0,0,0,0,0,9476.510067114094,1.8583333333333334,0.0006779003953445216,6.61472560020376,9.156676909601911,False,True,False,False,False,False
26.0,832,7,,,79.16666666666666,3549,6.881313711751069,0,0,0,0,0,0,0,7896.634615384616,0.7251611822825086,0.000704885950165963,6.725033642166843,8.97431857784716,False,False,False,False,False,True
1.0,141,39,,,40.0,2188,6.320059610463039,0,0,0,0,0,0,0,45106.382978723406,0.9010309278350515,0.00010785896727896856,4.955827057601261,10.716801214503711,True,False,False,False,False,False
25.0,3654,22,,,76.08695652173914,3549,6.881313711751069,0,0,0,0,0,0,0,1855.5008210180624,0.6972703675793351,0.003227563660177637,8.203851372183879,7.526448715856769,False,False,False,False,False,True
1.0,60,12,,,50.0,610,5.665348780241979,0,0,0,0,0,0,0,88500.0,0.14568345323741005,3.2319273391273534e-05,4.110873864173311,11.390769130367211,False,False,True,False,False,False
1.0,157,6,,,66.66666666666666,3067,6.382521258497842,0,0,0,0,0,0,0,39554.140127388535,0.4144601454246124,0.00011807752176035198,5.062595033026967,10.585450930045317,False,False,False,True,False,False
26.0,169,10,,,50.0,3549,6.881313711751069,0,0,0,0,0,0,0,36094.674556213016,0.7251611822825086,0.00012538507516968292,5.135798437050262,10.493928318754724,False,False,False,False,False,True
25.0,29878,45,,,77.32067510548524,3549,6.881313711751069,0,0,0,0,0,0,0,248.34326260124504,0.6972703675793351,0.028956297688420674,10.304911171484573,5.518830511780468,False,False,False,False,False,True
22.0,1888,16,,,70.51282051282051,3549,6.881313711751069,0,0,0,0,0,0,0,3628.1779661016944,0.6135979234698149,0.001680431918053932,7.543802867501509,8.196761445994584,False,False,False,False,False,True
199.0,102,9,,,50.0,3549,6.881313711751069,0,0,0,0,0,0,0,69313.72549019608,5.5502721259315075,8.491327570473825e-05,4.634728988229636,11.146412651641416,False,False,False,False,False,True
12.0,68025,16,,,77.13004484304933,3549,6.881313711751069,0,0,0,0,0,0,0,94.37706725468577,0.3346897764380809,0.057050559791601625,11.127645264021162,4.5578381643860855,False,False,False,False,False,True
1.0,56,13,,,0.0,3067,6.382521258497842,0,0,0,0,0,0,0,82142.85714285714,0.4144601454246124,2.4349297386102997e-05,4.04305126783455,11.316227344563115,False,False,False,True,False,False
,3437,28,,,0.0,3549,6.881313711751069,0,0,0,0,0,0,0,1911.5507710212396,,0.0029410325703642082,8.142645185942795,7.556193112287537,False,False,False,False,False,True
16.0,359,31,,,75.0,3549,6.881313711751069,0,0,0,0,0,0,0,18495.8217270195,0.4462530352507745,0.0003021434643230437,5.886104031450156,9.82535419776787,False,False,False,False,False,True
24.0,42,19,,,0.0,3549,6.881313711751069,0,0,0,0,0,0,0,112142.85714285714,0.6693795528761618,1.6538720901035874e-05,3.7612001156935624,11.627537764866926,False,False,False,False,False,True
1.0,2216,38,,,81.91489361702128,3067,6.382521258497842,0,0,0,0,0,0,0,3325.812274368231,0.4144601454246124,0.0021245451121309038,7.7039102096163115,8.109769849529698,False,False,False,True,False,False
4.0,29487,11,,,80.72957969865186,3067,6.382521258497842,0,0,0,0,0,0,0,242.8188693322481,1.6578405816984496,0.02757555291421606,10.291738679909605,5.496425610821056,False,False,False,True,False,False
11.0,3659,33,,,77.55102040816327,1572,6.528145312958054,0,0,0,0,0,0,0,2025.1434818256355,4.258152173913044,0.0035331756564795096,8.205218426395412,7.613889502550567,False,False,False,False,True,False
1.0,18307,75,,,71.57598499061913,1572,6.528145312958054,0,0,0,0,0,0,0,402.5782487573059,0.38710474308300397,0.01761904993732922,9.815093401773533,6.0003703939580575,False,False,False,False,True,False
25.0,338315,16,,,83.41307814992025,3549,6.881313711751069,0,0,0,0,0,0,0,25.00628112853406,0.6972703675793351,0.3739452199613581,12.731735648950442,3.2583380907119763,False,False,False,False,False,True
12.0,29679,15,,,79.12552891396332,3549,6.881313711751069,0,0,0,0,0,0,0,237.2047575726945,0.3346897764380809,0.02728984103341169,10.298228697281317,5.473130629738931,False,False,False,False,False,True
1.0,75,21,,,100.0,447,5.588299776286353,0,0,0,0,0,0,0,73466.66666666667,0.9291666666666667,4.468580173372257e-05,4.330733340286331,11.204600679115394,False,True,False,False,False,False
1.0,5533,51,,,81.72043010752688,1572,6.528145312958054,0,0,0,0,0,0,0,1344.659316826315,0.38710474308300397,0.005369187671508003,8.618666160346871,7.204639370311838,False,False,False,False,True,False
1.0,102,22,,,100.0,1572,6.528145312958054,0,0,0,0,0,0,0,55686.27450980392,0.38710474308300397,6.638896098321237e-05,4.634728988229636,10.927506934998304,False,False,False,False,True,False
25.0,572888,34,,,87.12436840705611,3549,6.881313711751069,0,0,0,0,0,0,0,15.674966136487411,0.6972703675793351,0.6721515851131125,13.258447259653774,2.813908561004268,False,False,False,False,False,True
26.0,44223,24,,,88.31341301460823,3067,6.382521258497842,0,0,0,0,0,0,0,192.88605476788095,10.775963781039922,0.04927678761048362,10.697022907127343,5.267270639950454,False,False,False,True,False,False
2.0,3056,15,,,65.4320987654321,3067,6.382521258497842,0,0,0,0,0,0,0,2130.2356020942407,0.8289202908492248,0.002590023068115506,8.025189321890835,7.6644571853934025,False,False,False,True,False,False
26.0,1012,11,,,77.5,3549,6.881313711751069,0,0,0,0,0,0,0,6630.434782608696,0.7251611822825086,0.0008779102095778849,6.920671504248683,8.799576467400442,False,False,False,False,False,True
26.0,261,11,,,25.0,3549,6.881313711751069,0,0,0,0,0,0,0,27777.777777777777,0.7251611822825086,0.00023792505602302131,5.568344503761097,10.23202761886018,False,False,False,False,False,True
73.0,106872,13,,,81.60651920838184,3549,6.881313711751069,0,0,0,0,0,0,0,72.5166554382813,2.036029473331659,0.10820702667888783,11.57939649261367,4.2975119851503125,False,False,False,False,False,True
41.0,2146,19,,,76.99115044247787,3549,6.881313711751069,0,0,0,0,0,0,0,3219.9440820130476,1.1435234028301096,0.0019281622902566147,7.671826797878781,8.07742978873749,False,False,False,False,False,True
1.0,356,23,,,62.5,3067,6.382521258497842,0,0,0,0,0,0,0,17584.26966292135,0.4144601454246124,0.0002818657548803804,5.877735781779639,9.774816879616855,False,False,False,True,False,False
1.0,547,12,,,64.0,610,5.665348780241979,0,0,0,0,0,0,0,10822.669104204753,0.14568345323741005,0.00041378584296071784,6.306275286948016,9.289490598818364,False,False,True,False,False,False
12.0,253027,23,,,84.06118377299934,3549,6.881313711751069,0,0,0,0,0,0,0,29.206369280748696,0.3346897764380809,0.24429913980690374,12.441255433522729,3.4080528054798913,False,False,False,False,False,True
1.0,99,24,,,0.0,2188,6.320059610463039,0,0,0,0,0,0,0,74747.47474747476,0.9010309278350515,8.641058595095553e-05,4.605170185988092,11.221884086328696,True,False,False,False,False,False
13.0,11042,37,,,79.10863509749304,3549,6.881313711751069,0,0,0,0,0,0,0,625.7924289078065,0.3625805911412543,0.00995972399853858,9.30955202204713,6.44061543144881,False,False,False,False,False,True
1.0,1148,14,,,78.04878048780488,3067,6.382521258497842,0,0,0,0,0,0,0,5104.529616724739,0.4144601454246124,0.000869647565601377,7.046647277848756,8.538079469923776,False,False,False,True,False,False
1.0,4292,40,,,77.04918032786885,2188,6.320059610463039,0,0,0,0,0,0,0,1780.0559179869524,0.9010309278350515,0.004274996198525356,8.36474106822456,7.484961679757457,True,False,False,False,False,False
2.0,669,23,,,66.66666666666666,3067,6.382521258497842,0,0,0,0,0,0,0,8385.650224215247,0.8289202908492248,0.00048105374699780064,6.507277712385012,9.034396461597673,False,False,False,True,False,False
12.0,2321,31,,,71.42857142857143,3549,6.881313711751069,0,0,0,0,0,0,0,2766.049116760017,0.3346897764380809,0.001937564248835829,7.7501841622578365,7.925536730536506,False,False,False,False,False,True
,3221,14,,,0.0,3549,6.881313711751069,0,0,0,0,0,0,0,1959.0189382179447,,0.002646198333417524,8.07775756373692,7.580709414533977,False,False,False,False,False,True
1.0,10558,36,,,60.49382716049383,2188,6.320059610463039,0,0,0,0,0,0,0,739.7234324682705,0.9010309278350515,0.01076426825174512,9.264733855806515,6.607627320090971,True,False,False,False,False,False
13.0,320267,12,,,83.10492270584365,3549,6.881313711751069,0,0,0,0,0,0,0,23.230616953979023,0.3625805911412543,0.3113144805305964,12.67691342426847,3.1876169969053882,False,False,False,False,False,True
2.0,1403,22,,,83.33333333333334,3067,6.382521258497842,0,0,0,0,0,0,0,4276.550249465431,0.8289202908492248,0.0010905491693958347,7.247080584585756,8.36113575308845,False,False,False,True,False,False
24.0,14380,15,,,75.0,3549,6.881313711751069,0,0,0,0,0,0,0,480.528511821975,0.6693795528761618,0.012973365296003193,9.57366316988638,6.176965444068607,False,False,False,False,False,True
1.0,46,22,,,0.0,3067,6.382521258497842,0,0,0,0,0,0,0,166739.13043478262,0.4144601454246124,3.679029927482986e-05,3.8501476017100584,12.024191774228798,False,False,False,True,False,False
2.0,608,22,,,50.0,3067,6.382521258497842,0,0,0,0,0,0,0,9473.684210526315,0.8289202908492248,0.0004482579490132456,6.411818267709897,9.156378700690867,False,False,False,True,False,False
1.0,4010,31,,,78.64077669902912,2188,6.320059610463039,0,0,0,0,0,0,0,1633.4164588528677,0.9010309278350515,0.003422420427629952,8.296795865770052,7.3990411137248975,True,False,False,False,False,False
59.0,254,5,,,33.33333333333333,3549,6.881313711751069,0,0,0,0,0,0,0,25433.070866141734,1.645558067487231,0.00020507699590072742,5.541263545158426,10.14384492685273,False,False,False,False,False,True
1.0,72,44,,,0.0,2188,6.320059610463039,0,0,0,0,0,0,0,79305.55555555556,0.9010309278350515,4.440750585026334e-05,4.290459441148391,11.281076071993732,True,False,False,False,False,False
6.0,333,37,,,80.0,3067,6.382521258497842,0,0,0,0,0,0,0,17717.71771771772,2.4867608725476744,0.00024739103572096564,5.811140992976701,9.782376857980754,False,False,False,True,False,False
33.0,923,21,,,82.75862068965517,3549,6.881313711751069,0,0,0,0,0,0,0,7843.986998916577,0.9203968852047224,0.0008637994323884027,6.828712071641684,8.967630007921219,False,False,False,False,False,True
2.0,543,22,,,28.57142857142857,3067,6.382521258497842,0,0,0,0,0,0,0,11049.723756906076,0.8289202908492248,0.0004163675925650157,6.298949246855942,9.310251203163515,False,False,False,True,False,False
26.0,356,22,,,71.42857142857143,3549,6.881313711751069,0,0,0,0,0,0,0,17752.808988764045,0.7251611822825086,0.00028465655303563356,5.877735781779639,9.78435536279851,False,False,False,False,False,True
1.0,1781,31,,,75.0,447,5.588299776286353,0,0,0,0,0,0,0,3481.190342504211,0.9291666666666667,0.0014334149240313842,7.485491608030754,8.155416783539476,False,True,False,False,False,False
1.0,77,41,,,0.0,2188,6.320059610463039,0,0,0,0,0,0,0,64155.84415584416,0.9010309278350515,4.0391160565034786e-05,4.356708826689592,11.069086054233479,True,False,False,False,False,False
2.0,2574,23,,,71.55963302752293,1572,6.528145312958054,0,0,0,0,0,0,0,2863.2478632478633,0.7742094861660079,0.0024692740119768427,7.853604813097837,7.960061068765903,False,False,False,False,True,False
1.0,51,46,,,0.0,3067,6.382521258497842,0,0,0,0,0,0,0,111176.47058823529,0.4144601454246124,2.8474086607139624e-05,3.9512437185814275,11.618883037648152,False,False,False,True,False,False
1.0,2555,33,,,79.16666666666666,2188,6.320059610463039,0,0,0,0,0,0,0,2810.176125244618,0.9010309278350515,0.0023875517071946443,7.846198815497425,7.941358224669329,True,False,False,False,False,False
1.0,2319,58,,,74.6268656716418,2188,6.320059610463039,0,0,0,0,0,0,0,3199.6550237171195,0.9010309278350515,0.00223887637775524,7.749322464660356,8.071110762752273,True,False,False,False,False,False
1.0,730,54,,,70.0,1572,6.528145312958054,0,0,0,0,0,0,0,9452.054794520547,0.38710474308300397,0.0006488034501584318,6.594413459749778,9.154093226930382,False,False,False,False,True,False
1.0,32195,33,,,76.39366827253957,3067,6.382521258497842,0,0,0,0,0,0,0,214.62960086970028,0.4144601454246124,0.0290572537664442,10.379597500213624,5.373562124924712,False,False,False,True,False,False
1.0,26587,50,,,79.80501392757661,3067,6.382521258497842,0,0,0,0,0,0,0,279.83601008011436,0.4144601454246124,0.025835270763437213,10.188215265161473,5.637770904955527,False,False,False,True,False,False
6.0,31309,11,,,72.70980140935298,3067,6.382521258497842,0,0,0,0,0,0,0,219.74512121115333,2.4867608725476744,0.028134627132677118,10.351692814320451,5.397008738271111,False,False,False,True,False,False
12.0,6303,22,,,78.74015748031496,3549,6.881313711751069,0,0,0,0,0,0,0,928.1294621608757,0.3346897764380809,0.004808288197886412,8.748939631537715,6.834248085574892,False,False,False,False,False,True
1.0,333,22,,,53.84615384615385,3067,6.382521258497842,0,0,0,0,0,0,0,15465.465465465466,0.4144601454246124,0.00021475986347028791,5.811140992976701,9.646429440763269,False,False,False,True,False,False
1.0,411,7,,,85.71428571428571,610,5.665348780241979,0,0,0,0,0,0,0,9391.727493917275,0.14568345323741005,0.00019797195827513447,6.021023349349527,9.147690997960478,False,False,True,False,False,False
12.0,20742,18,,,75.91549295774648,3549,6.881313711751069,0,0,0,0,0,0,0,336.0331694147141,0.3346897764380809,0.018879762953235634,9.939964119346145,5.820181351071834,False,False,False,False,False,True
1.0,1541,18,,,79.48717948717949,2188,6.320059610463039,0,0,0,0,0,0,0,3926.0220635950677,0.9010309278350515,0.0012087987887971394,7.340835554123275,8.275636672997436,True,False,False,False,False,False
1.0,1707,42,,,65.0,1572,6.528145312958054,0,0,0,0,0,0,0,4053.8957234915056,0.38710474308300397,0.0015340508964612621,7.443078374348516,8.307680250680393,False,False,False,False,True,False
26.0,1889,31,,,84.72222222222221,3549,6.881313711751069,0,0,0,0,0,0,0,3626.257278983589,0.7251611822825086,0.0016813269071627092,7.5443321080536885,8.196232071143685,False,False,False,False,False,True
52.0,130085,17,,,81.68979790601412,3549,6.881313711751069,0,0,0,0,0,0,0,59.57643079524926,1.4503223645650172,0.1317120211184318,11.775951049179145,4.103905886650615,False,False,False,False,False,True
12.0,74026,19,,,0.0,3549,6.881313711751069,0,0,0,0,0,0,0,96.1824223921325,0.3346897764380809,0.06885456722760572,11.212185170504174,4.576589855525829,False,False,False,False,False,True
110.0,80679,20,,,88.92815076560659,3067,6.382521258497842,0,0,0,0,0,0,0,112.91662018616988,45.59061599670736,0.09602050089779228,11.298245992068148,4.735466778913948,False,False,False,True,False,False
23.0,4218,14,,,78.66666666666666,3549,6.881313711751069,0,0,0,0,0,0,0,1782.8354670459933,0.6414887381729883,0.004134996383950597,8.347353412124338,7.486521081894628,False,False,False,False,False,True
1.0,261,11,,,75.0,447,5.588299776286353,0,0,0,0,0,0,0,25172.41379310345,0.9291666666666667,0.00021473634550830546,5.568344503761097,10.13354370837644,False,True,False,False,False,False
4.0,1047,10,,,79.3103448275862,3067,6.382521258497842,0,0,0,0,0,0,0,5692.454632282713,1.6578405816984496,0.0008059975080492641,6.954638864880987,8.647072483883568,False,False,False,True,False,False
24.0,17943,9,,,80.84772370486655,3549,6.881313711751069,0,0,0,0,0,0,0,411.30245778297945,0.6693795528761618,0.017291986946592446,9.795011076200044,6.0217572008471105,False,False,False,False,False,True
26.0,242553,13,,,82.35123367198838,3549,6.881313711751069,0,0,0,0,0,0,0,32.15792012467379,0.7251611822825086,0.24717928923249552,12.398979644982443,3.5012816058836096,False,False,False,False,False,True
2.0,62,37,,,0.0,3067,6.382521258497842,0,0,0,0,0,0,0,129032.25806451612,0.8289202908492248,5.549753147844162e-05,4.143134726391533,11.767825464568988,False,False,False,True,False,False
12.0,27273,31,,,78.69615832363212,3549,6.881313711751069,0,0,0,0,0,0,0,227.69772302276976,0.3346897764380809,0.022119177992285407,10.21368914641778,5.432401144804139,False,False,False,False,False,True
1.0,2068,33,,,70.58823529411765,1572,6.528145312958054,0,0,0,0,0,0,0,3191.4893617021276,0.38710474308300397,0.0017739811446064254,7.634820677745543,8.06855625562303,False,False,False,False,True,False
50.0,836,22,,,55.55555555555556,3549,6.881313711751069,0,0,0,0,0,0,0,8026.315789473683,1.3945407351586703,0.0007236114741177834,6.729824070489475,8.990605478266387,False,False,False,False,False,True
,32,11,,,0.0,3549,6.881313711751069,0,0,0,0,0,0,0,265625.0,,2.6230734344700636e-05,3.4965075614664802,12.489844583359615,False,False,False,False,False,True
26.0,5736,7,,,77.17391304347827,3549,6.881313711751069,0,0,0,0,0,0,0,1159.3444909344491,0.7251611822825086,0.004974462197594219,8.654691704601872,7.056472214955571,False,False,False,False,False,True
1.0,183,13,,,66.66666666666666,447,5.588299776286353,0,0,0,0,0,0,0,27158.46994535519,0.9291666666666667,0.00010952482291939356,5.214935757608986,10.20948106547907,False,True,False,False,False,False
7.0,3409,40,,,70.65217391304348,1572,6.528145312958054,0,0,0,0,0,0,0,1865.6497506600176,2.709733201581028,0.0028234623587535083,8.134467570277563,7.53190052586765,False,False,False,False,True,False
1.0,395,41,,,60.0,1572,6.528145312958054,0,0,0,0,0,0,0,14379.746835443037,0.38710474308300397,0.0002838308112593601,5.981414211254481,9.573645565631782,False,False,False,False,True,False
4.0,2954,17,,,67.90123456790124,3067,6.382521258497842,0,0,0,0,0,0,0,2234.2586323628975,1.6578405816984496,0.0025380013362102816,7.991253929840199,7.712112219530752,False,False,False,True,False,False
1.0,567,22,,,61.904761904761905,3067,6.382521258497842,0,0,0,0,0,0,0,9664.902998236332,0.4144601454246124,0.00039665954042370557,6.342121418721152,9.176359816997374,False,False,False,True,False,False
2.0,2912,9,,,74.48979591836735,3067,6.382521258497842,0,0,0,0,0,0,0,2070.7417582417584,0.8289202908492248,0.002284916707996257,7.976938756959434,7.636144961558699,False,False,False,True,False,False
1.0,2657,26,,,70.0,2188,6.320059610463039,0,0,0,0,0,0,0,2717.350395182537,0.9010309278350515,0.0024971245051778612,7.885329239273191,7.9077805029519315,True,False,False,False,False,False
3.0,11055,7,,,70.37037037037037,3067,6.382521258497842,0,0,0,0,0,0,0,652.193577566712,1.2433804362738372,0.010404779217648295,9.310728546007452,6.481873528786356,False,False,False,True,False,False
1.0,105183,20,,,77.6769509981851,2188,6.320059610463039,0,0,0,0,0,0,0,74.91704933306713,0.9010309278350515,0.1082833346262003,11.563466476463946,4.329641288070457,True,False,False,False,False,False
1.0,82,24,,,0.0,3067,6.382521258497842,0,0,0,0,0,0,0,65609.75609756098,0.4144601454246124,4.8332392394448955e-05,4.418840607796598,11.09149492639325,False,False,False,True,False,False
1.0,77,27,,,0.0,2188,6.320059610463039,0,0,0,0,0,0,0,77922.07792207792,0.9010309278350515,5.105524977064165e-05,4.356708826689592,11.263477438589632,True,False,False,False,False,False
1.0,163,48,,,100.0,3067,6.382521258497842,0,0,0,0,0,0,0,36932.51533742331,0.4144601454246124,0.00011889934387629495,5.099866427824199,10.516874692523642,False,False,False,True,False,False
27.0,72,18,,,0.0,3549,6.881313711751069,0,0,0,0,0,0,0,101805.55555555555,0.7530519969856819,5.964714521490418e-05,4.290459441148391,11.530829777445195,False,False,False,False,False,True
12.0,216204,13,,,80.6778230909858,3549,6.881313711751069,0,0,0,0,0,0,0,35.56825960666777,0.3346897764380809,0.21721941253291735,12.28398231065433,3.599180640289623,False,False,False,False,False,True
1.0,122,73,,,0.0,2188,6.320059610463039,0,0,0,0,0,0,0,43196.721311475405,0.9010309278350515,7.469602777679831e-05,4.812184355372417,10.673543025421457,True,False,False,False,False,False
1.0,384,60,,,80.0,1572,6.528145312958054,0,0,0,0,0,0,0,16510.416666666668,0.38710474308300397,0.00030878075581587433,5.953243334287785,9.71180733981487,False,False,False,False,True,False
1.0,106,14,,,0.0,2188,6.320059610463039,0,0,0,0,0,0,0,49999.99999999999,0.9010309278350515,6.409465313647802e-05,4.672828834461906,10.819798284210286,True,False,False,False,False,False
1.0,432,49,,,55.55555555555556,2188,6.320059610463039,0,0,0,0,0,0,0,11064.814814814816,0.9010309278350515,0.0002604905405452017,6.07073772800249,9.31161588870885,True,False,False,False,False,False
1.0,312,57,,,61.53846153846154,2188,6.320059610463039,0,0,0,0,0,0,0,21089.74358974359,0.9010309278350515,0.000258922676413037,5.746203190540153,9.956589530781269,True,False,False,False,False,False
1.0,150,15,,,66.66666666666666,2188,6.320059610463039,0,0,0,0,0,0,0,30666.666666666664,0.9010309278350515,8.084466828177086e-05,5.017279836814924,10.330964175527068,True,False,False,False,False,False
1.0,185,6,,,100.0,447,5.588299776286353,0,0,0,0,0,0,0,27135.135135135133,0.9291666666666667,0.00011203209897741359,5.225746673713202,10.208621518500188,False,True,False,False,False,False
2.0,3993,55,,,75.0,3067,6.382521258497842,0,0,0,0,0,0,0,1750.5634861006763,0.8289202908492248,0.00363742294262714,8.29254851397576,7.468264088683858,False,False,False,True,False,False
1.0,277,48,,,33.33333333333333,2188,6.320059610463039,0,0,0,0,0,0,0,22743.682310469314,0.9010309278350515,0.0002186991221023517,5.627621113690637,10.032086652461816,True,False,False,False,False,False
30.0,499,25,,,66.66666666666666,3549,6.881313711751069,0,0,0,0,0,0,0,12324.649298597196,0.8367244410952022,0.00039165413418176977,6.214608098422191,9.419437678951038,False,False,False,False,False,True
1.0,1712,13,,,80.37383177570094,447,5.588299776286353,0,0,0,0,0,0,0,3510.5140186915887,0.9291666666666667,0.0013350209973105017,7.44600149832412,8.163802567814255,False,True,False,False,False,False
51.0,5074,26,,,76.41509433962264,3549,6.881313711751069,0,0,0,0,0,0,0,1468.2696097753253,1.4224315498618436,0.004929634348948743,8.532081803909987,7.2925206921964945,False,False,False,False,False,True
26.0,50480,12,,,79.0829469345698,3549,6.881313711751069,0,0,0,0,0,0,0,139.85736925515056,0.7251611822825086,0.046554793866117064,10.829352306844557,4.947747812834118,False,False,False,False,False,True
1.0,410,35,,,53.84615384615385,3067,6.382521258497842,0,0,0,0,0,0,0,12975.609756097561,0.4144601454246124,0.00027567791777210375,6.018593214496234,9.470903766319086,False,False,False,True,False,False
1.0,354,6,,,66.66666666666666,1572,6.528145312958054,0,0,0,0,0,0,0,17909.60451977401,0.38710474308300397,0.0002839301093210639,5.872117789475416,9.79314824768301,False,False,False,False,True,False
42.0,61,18,,,0.0,3549,6.881313711751069,0,0,0,0,0,0,0,112459.01639344264,1.1714142175332831,4.536651607777075e-05,4.127134385045092,11.630353027617502,False,False,False,False,False,True
1.0,1284,26,,,80.85106382978722,3067,6.382521258497842,0,0,0,0,0,0,0,5054.517133956387,0.4144601454246124,0.0010794643699814303,7.158513997329321,8.528235427697185,False,False,False,True,False,False
2.0,14248,20,,,77.12418300653596,3067,6.382521258497842,0,0,0,0,0,0,0,394.44132509825937,0.8289202908492248,0.010452757166645977,9.564442007795789,5.980002419939527,False,False,False,True,False,False
1.0,285,51,,,75.0,1572,6.528145312958054,0,0,0,0,0,0,0,23964.912280701756,0.38710474308300397,0.0002450196412210665,5.655991810819852,10.084387778079783,False,False,False,False,True,False
1.0,360,71,,,66.66666666666666,2188,6.320059610463039,0,0,0,0,0,0,0,18944.444444444445,0.9010309278350515,0.00031147748212319765,5.8888779583328805,9.849318782900115,True,False,False,False,False,False
3.0,1570,12,,,56.451612903225815,3067,6.382521258497842,0,0,0,0,0,0,0,3974.5222929936303,1.2433804362738372,0.0012706967581815583,7.359467638255621,8.287911412920742,False,False,False,True,False,False
1.0,1125,24,,,70.0,1572,6.528145312958054,0,0,0,0,0,0,0,5591.111111111111,0.38710474308300397,0.0009152423611181698,7.026426808699636,8.62911215337131,False,False,False,False,True,False
50.0,9550,11,,,77.19298245614034,3549,6.881313711751069,0,0,0,0,0,0,0,772.7748691099475,1.3945407351586703,0.009199150494918599,9.164401140034737,6.651280964496766,False,False,False,False,False,True
24.0,729,28,,,50.0,3549,6.881313711751069,0,0,0,0,0,0,0,8820.301783264746,0.6693795528761618,0.0006031354876488046,6.593044534142437,9.084924732584305,False,False,False,False,False,True
22.0,95859,10,,,86.15894039735099,3549,6.881313711751069,0,0,0,0,0,0,0,81.1608716969716,0.6135979234698149,0.09743122976697112,11.470644072713622,4.408679175312944,False,False,False,False,False,True
1.0,1906,12,,,80.85106382978722,1572,6.528145312958054,0,0,0,0,0,0,0,3037.775445960126,0.38710474308300397,0.0014325708905069021,7.553286605600419,8.019209899420078,False,False,False,False,True,False
1.0,2037,26,,,69.66292134831461,2188,6.320059610463039,0,0,0,0,0,0,0,3578.79234167894,0.9010309278350515,0.0019308890672931377,7.61972421378267,8.18306007259477,True,False,False,False,False,False
1.0,1861,44,,,0.0,2188,6.320059610463039,0,0,0,0,0,0,0,3479.9075725499033,0.9010309278350515,0.0015653555216130351,7.529406457837013,8.155048335476712,True,False,False,False,False,False
1.0,45188,98,,,70.79710144927536,3067,6.382521258497842,0,0,0,0,0,0,0,152.03151279100646,0.4144601454246124,0.04055154140212015,10.718608973370925,5.030643866138651,False,False,False,True,False,False
25.0,486,26,,,77.27272727272727,3549,6.881313711751069,0,0,0,0,0,0,0,14547.325102880659,0.6972703675793351,0.00043962685696567896,6.18826412308259,9.585231152769527,False,False,False,False,False,True
1.0,704,18,,,60.0,3067,6.382521258497842,0,0,0,0,0,0,0,7840.909090909091,0.4144601454246124,0.0004984296012425158,6.558197802812269,8.967237590195065,False,False,False,True,False,False
3.0,2051,50,,,71.42857142857143,3067,6.382521258497842,0,0,0,0,0,0,0,3315.455875182837,1.2433804362738372,0.0018129164372218487,7.62657020629066,8.106651984243555,False,False,False,True,False,False
20.0,298,29,,,66.66666666666666,3549,6.881313711751069,0,0,0,0,0,0,0,21375.838926174496,0.5578162940634681,0.0002387102946425471,5.700443573390687,9.970063321738346,False,False,False,False,False,True
1.0,1561,7,,,81.48148148148148,447,5.588299776286353,0,0,0,0,0,0,0,4099.935938500961,0.9291666666666667,0.0012959916328471488,7.3537223303996315,8.318970504324176,False,True,False,False,False,False
26.0,62753,13,,,79.47310647639955,3549,6.881313711751069,0,0,0,0,0,0,0,116.64780966647014,0.7251611822825086,0.060007480990978294,11.046977599982323,4.767695497630497,False,False,False,False,False,True
1.0,389,65,,,69.23076923076923,2188,6.320059610463039,0,0,0,0,0,0,0,15552.699228791773,0.9010309278350515,0.0002981833008358844,5.966146739123692,9.652053781842241,True,False,False,False,False,False
12.0,68023,16,,,78.80910683012259,3549,6.881313711751069,0,0,0,0,0,0,0,102.31833350484395,0.3346897764380809,0.061848169160780966,11.127615863065628,4.637814838643861,False,False,False,False,False,True
1.0,551,34,,,66.66666666666666,1572,6.528145312958054,0,0,0,0,0,0,0,11560.798548094373,0.38710474308300397,0.0004492757541457092,6.313548046277095,9.35546171386966,False,False,False,False,True,False
1.0,125,10,,,0.0,447,5.588299776286353,0,0,0,0,0,0,0,42720.0,0.9291666666666667,7.790492303396205e-05,4.836281906951478,10.662445881599808,False,True,False,False,False,False
1.0,20637,38,,,79.27519818799547,2188,6.320059610463039,0,0,0,0,0,0,0,384.26127828657263,0.9010309278350515,0.021372623807113866,9.93488931567566,5.953921749012655,True,False,False,False,False,False
1.0,303,11,,,76.92307692307693,3067,6.382521258497842,0,0,0,0,0,0,0,18976.89768976898,0.4144601454246124,0.0002183267543709626,5.717027701406222,9.85103030152797,False,False,False,True,False,False
6.0,13802,6,,,79.12713472485768,610,5.665348780241979,0,0,0,0,0,0,0,449.21025938269815,0.8741007194244604,0.011171183869286486,9.532641238823578,6.109714716712974,False,False,True,False,False,False
3.0,8274,52,,,78.91737891737893,3067,6.382521258497842,0,0,0,0,0,0,0,846.0236886632825,1.2433804362738372,0.0075579887145752036,9.020994200245264,6.74172866198621,False,False,False,True,False,False
26.0,167,17,,,50.0,3549,6.881313711751069,0,0,0,0,0,0,0,43293.4131736527,0.7251611822825086,0.00014844705000038213,5.123963979403259,10.67577887965337,False,False,False,False,False,True
51.0,486,16,,,0.0,3549,6.881313711751069,0,0,0,0,0,0,0,10679.012345679013,1.4224315498618436,0.00032024968194265907,6.18826412308259,9.276129268475971,False,False,False,False,False,True
1.0,137,54,,,100.0,447,5.588299776286353,0,0,0,0,0,0,0,37372.26277372263,0.9291666666666667,8.233936542110121e-05,4.927253685157205,10.528710828642081,False,True,False,False,False,False
12.0,99462,28,,,81.09756097560977,3549,6.881313711751069,0,0,0,0,0,0,0,78.4219098751282,0.3346897764380809,0.10135357898436952,11.507540994693388,4.37477427319951,False,False,False,False,False,True
39.0,737,21,,,71.875,3549,6.881313711751069,0,0,0,0,0,0,0,9592.94436906377,1.0877417734237629,0.0006714839113836377,6.6039438246004725,9.168887383531937,False,False,False,False,False,True
1.0,468,18,,,100.0,447,5.588299776286353,0,0,0,0,0,0,0,14230.76923076923,0.9291666666666667,0.00039792951037075894,6.150602768446279,9.563232014400356,False,True,False,False,False,False
1.0,1025,14,,,76.36363636363637,3067,6.382521258497842,0,0,0,0,0,0,0,5551.219512195123,0.4144601454246124,0.0007527071127504297,6.933423025730715,8.621953038904175,False,False,False,True,False,False
26.0,143,15,,,0.0,3549,6.881313711751069,0,0,0,0,0,0,0,44615.38461538461,0.7251611822825086,0.00010989457754389574,4.969813299576001,10.705856438602984,False,False,False,False,False,True
2.0,1546,8,,,68.51851851851852,3067,6.382521258497842,0,0,0,0,0,0,0,3712.8072445019407,0.8289202908492248,0.0011501332326318671,7.344072850573066,8.219812840862515,False,False,False,True,False,False
1.0,270,30,,,0.0,2188,6.320059610463039,0,0,0,0,0,0,0,24111.11111111111,0.9010309278350515,0.00022034537944112464,5.602118820879701,10.090469528980705,True,False,False,False,False,False
1.0,2051,24,,,60.71428571428571,3067,6.382521258497842,0,0,0,0,0,0,0,3232.569478303267,0.4144601454246124,0.00176736083830836,7.62657020629066,8.081341907683257,False,False,False,True,False,False
4.0,237,33,,,0.0,610,5.665348780241979,0,0,0,0,0,0,0,23881.85654008439,0.5827338129496402,0.0001659561726963314,5.472270673671475,10.080916180959113,False,False,True,False,False,False
1.0,93803,34,,,82.80499519692603,2188,6.320059610463039,0,0,0,0,0,0,0,82.30013965438205,0.9010309278350515,0.09460595689255855,11.448962778008331,4.422450225694585,True,False,False,False,False,False
12.0,90817,14,,,82.22730739893211,3549,6.881313711751069,0,0,0,0,0,0,0,74.98596077826839,0.3346897764380809,0.08079628931621195,11.416612782828315,4.330548596620539,False,False,False,False,False,True
1.0,12418,26,,,75.1004016064257,3067,6.382521258497842,0,0,0,0,0,0,0,611.2095345466258,0.4144601454246124,0.012305301002394704,9.426982836948033,6.417074600624968,False,False,False,True,False,False
2.0,5091,66,,,67.10526315789474,3067,6.382521258497842,0,0,0,0,0,0,0,1404.4392064427423,0.8289202908492248,0.004746631940889036,8.535425959677298,7.248105135368231,False,False,False,True,False,False
13.0,19225,8,,,81.00263852242745,3549,6.881313711751069,0,0,0,0,0,0,0,340.1820546163849,0.3625805911412543,0.016418184908454418,9.864018808625762,5.832416219323417,False,False,False,False,False,True
1.0,360,27,,,100.0,1572,6.528145312958054,0,0,0,0,0,0,0,14083.333333333336,0.38710474308300397,0.00022916461518455105,5.8888779583328805,9.55281834751357,False,False,False,False,True,False
,3515,7,,,0.0,3067,6.382521258497842,0,0,0,0,0,0,0,2082.5035561877667,,0.003352428359663233,8.165079258805068,7.641806157694633,False,False,False,True,False,False
12.0,1417,28,,,50.0,3549,6.881313711751069,0,0,0,0,0,0,0,3916.7254763585042,0.3346897764380809,0.001018211837998086,7.257002707092073,8.273266528759844,False,False,False,False,False,True
3.0,2710,17,,,67.70833333333334,3067,6.382521258497842,0,0,0,0,0,0,0,2394.8339483394834,1.2433804362738372,0.002288645611523922,7.905072849498666,7.7814866531356826,False,False,False,True,False,False
1.0,189741,16,,,86.26041496487503,2188,6.320059610463039,0,0,0,0,0,0,0,44.007357397715836,0.9010309278350515,0.2069928345068376,12.153420533631275,3.8068259741330417,True,False,False,False,False,False
21.0,10575,21,,,79.46210268948656,3549,6.881313711751069,0,0,0,0,0,0,0,769.7399527186761,0.5857071087666416,0.011237569849749225,9.266342562091468,6.64735103096112,False,False,False,False,False,True
25.0,25652,24,,,76.55172413793103,3549,6.881313711751069,0,0,0,0,0,0,0,245.2050522376423,0.6972703675793351,0.021072073398851997,10.152415802824065,5.506164734407562,False,False,False,False,False,True
3.0,66,32,,,100.0,610,5.665348780241979,0,0,0,0,0,0,0,61666.66666666667,0.4370503597122302,2.578911928080758e-05,4.204692619390966,11.029515031477088,False,False,True,False,False,False
3.0,3968,13,,,73.07692307692307,3067,6.382521258497842,0,0,0,0,0,0,0,1622.9838709677422,1.2433804362738372,0.0033294486976994725,8.286269452783065,7.392637589002194,False,False,False,True,False,False
2.0,6383,4,,,69.17293233082707,3067,6.382521258497842,0,0,0,0,0,0,0,1052.7964906783643,0.8289202908492248,0.005594991463822361,8.761550139129644,6.960154627610563,False,False,False,True,False,False
2.0,124,24,,,0.0,3067,6.382521258497842,0,0,0,0,0,0,0,53145.16129032258,0.8289202908492248,9.745880186894275e-05,4.8283137373023015,10.880801157085095,False,False,False,True,False,False
12.0,472,18,,,66.66666666666666,3549,6.881313711751069,0,0,0,0,0,0,0,12372.881355932202,0.3346897764380809,0.0003508413242680792,6.159095388491933,9.423343187870747,False,False,False,False,False,True
1.0,6082,52,,,70.0,3067,6.382521258497842,0,0,0,0,0,0,0,1144.360407760605,0.4144601454246124,0.005521427278741194,8.713253274320705,7.043474633062875,False,False,False,True,False,False
2.0,810,26,,,77.14285714285715,3067,6.382521258497842,0,0,0,0,0,0,0,7567.901234567901,0.8289202908492248,0.0006394354619687478,6.698268054115413,8.931803188547576,False,False,False,True,False,False
1.0,429,40,,,84.61538461538461,1572,6.528145312958054,0,0,0,0,0,0,0,14592.07459207459,0.38710474308300397,0.00034157263414009894,6.063785208687608,9.588302352151604,False,False,False,False,True,False
1.0,1505,12,,,81.63265306122449,610,5.665348780241979,0,0,0,0,0,0,0,4299.003322259136,0.14568345323741005,0.0012629292979601256,7.317212408359839,8.366371074299758,False,False,True,False,False,False
1.0,293,47,,,50.0,2188,6.320059610463039,0,0,0,0,0,0,0,22901.023890784985,0.9010309278350515,0.0002475648073289472,5.683579767338681,10.038980565147353,True,False,False,False,False,False
13.0,5117,11,,,80.0,3549,6.881313711751069,0,0,0,0,0,0,0,1137.3851866327927,0.3625805911412543,0.0038817314513613734,8.540519016719735,7.037366034246139,False,False,False,False,False,True
1.0,44,14,,,0.0,3067,6.382521258497842,0,0,0,0,0,0,0,193181.81818181818,0.4144601454246124,3.9557579468100546e-05,3.8066624897703196,12.171392263999474,False,False,False,True,False,False
,55,8,,,0.0,3549,6.881313711751069,0,0,0,0,0,0,0,86363.63636363637,,2.482618939296976e-05,4.02535169073515,11.366333569658686,False,False,False,False,False,True
1.0,7064,27,,,69.7406340057637,3067,6.382521258497842,0,0,0,0,0,0,0,1090.0339750849378,0.4144601454246124,0.007097402494682955,8.862908295118627,6.99488112658095,False,False,False,True,False,False
1.0,71,39,,,0.0,3067,6.382521258497842,0,0,0,0,0,0,0,88873.23943661973,0.4144601454246124,4.92273815032263e-05,4.276666119016055,11.39497760939376,False,False,False,True,False,False
1.0,54567,8,,,75.80833657966498,3067,6.382521258497842,0,0,0,0,0,0,0,115.82091740429198,0.4144601454246124,0.04504894398659326,10.907202909334556,4.760642141725413,False,False,False,True,False,False
3.0,248,45,,,66.66666666666666,3067,6.382521258497842,0,0,0,0,0,0,0,25201.612903225803,1.2433804362738372,0.00019320826442024072,5.517452896464707,10.134702954760371,False,False,False,True,False,False
52.0,67936,13,,,76.89898198903681,3549,6.881313711751069,0,0,0,0,0,0,0,103.62694300518135,1.4503223645650172,0.062479150854556874,11.126336084130871,4.650401099773937,False,False,False,False,False,True
2.0,2457,15,,,66.08695652173913,3067,6.382521258497842,0,0,0,0,0,0,0,2641.4326414326415,0.8289202908492248,0.002074113455766383,7.80710329012598,7.87945522694936,False,False,False,True,False,False
3.0,14863,17,,,77.23880597014924,3067,6.382521258497842,0,0,0,0,0,0,0,488.46127968781536,1.2433804362738372,0.01408910706148244,9.606697461053619,6.193305357080498,False,False,False,True,False,False
1.0,2819,34,,,74.46808510638297,1572,6.528145312958054,0,0,0,0,0,0,0,2522.17098261795,0.38710474308300397,0.002609429306411375,7.944492163932159,7.833271715911966,False,False,False,False,True,False
1.0,60,10,,,0.0,2188,6.320059610463039,0,0,0,0,0,0,0,72666.66666666667,0.9010309278350515,2.4871918763491237e-05,4.110873864173311,11.193651814476318,True,False,False,False,False,False
1.0,136,25,,,0.0,2188,6.320059610463039,0,0,0,0,0,0,0,51470.58823529411,0.9010309278350515,0.00011507636850070005,4.919980925828125,10.848785249666232,True,False,False,False,False,False
13.0,8643,9,,,79.94350282485875,3549,6.881313711751069,0,0,0,0,0,0,0,750.8966793937291,0.3625805911412543,0.007319551857015927,9.064620717626777,6.622598920087129,False,False,False,False,False,True
1.0,158,16,,,100.0,2188,6.320059610463039,0,0,0,0,0,0,0,34493.67088607595,0.9010309278350515,0.00010319979769955249,5.0689042022202315,10.448560124017922,True,False,False,False,False,False
1.0,789,38,,,90.9090909090909,2188,6.320059610463039,0,0,0,0,0,0,0,8605.830164765526,0.9010309278350515,0.0006906536635062381,6.672032945461067,9.060311372232825,True,False,False,False,False,False
10.0,2291,50,,,81.25,610,5.665348780241979,0,0,0,0,0,0,0,2880.838061981667,1.4568345323741008,0.001966279680416425,7.73718007783463,7.96618358552265,False,False,True,False,False,False
6.0,109,13,,,0.0,3549,6.881313711751069,0,0,0,0,0,0,0,47798.165137614684,0.16734488821904045,6.489034418355161e-05,4.700480365792417,10.774763452586742,False,False,False,False,False,True
3.0,9588,45,,,80.49792531120332,3067,6.382521258497842,0,0,0,0,0,0,0,662.2861910721734,1.2433804362738372,0.007945486334839708,9.16837188715368,6.497206557789509,False,False,False,True,False,False
10.0,43615,22,,,71.03857566765579,1572,6.528145312958054,0,0,0,0,0,0,0,166.4564943253468,3.8710474308300395,0.04136204092592203,10.68317933449626,5.120723582156984,False,False,False,False,True,False
24.0,158772,8,,,82.17761557177616,3549,6.881313711751069,0,0,0,0,0,0,0,46.040863628347566,0.6693795528761618,0.15163233201250795,11.975230788150334,3.851016662868003,False,False,False,False,False,True
25.0,49508,10,,,80.7981220657277,3549,6.881313711751069,0,0,0,0,0,0,0,144.623091217581,0.6972703675793351,0.04630504356229078,10.809909750211677,4.981021716715303,False,False,False,False,False,True
1.0,6004,50,,,71.72995780590718,1572,6.528145312958054,0,0,0,0,0,0,0,1034.3104596935377,0.38710474308300397,0.004862156089807261,8.700347734514084,6.942456621776705,False,False,False,False,True,False
2.0,22015,27,,,75.85724282715185,3067,6.382521258497842,0,0,0,0,0,0,0,323.4158528276175,0.8289202908492248,0.020470499609981724,9.99952474073307,5.782026189196501,False,False,False,True,False,False
3.0,4928,18,,,69.54732510288066,3067,6.382521258497842,0,0,0,0,0,0,0,1365.6655844155846,1.2433804362738372,0.004323934464303991,8.502891406705377,7.22012917213294,False,False,False,True,False,False
49.0,8908,18,,,76.38190954773869,3549,6.881313711751069,0,0,0,0,0,0,0,858.7786259541986,1.366649920455497,0.008894357707625783,9.094817280720644,6.756674944430316,False,False,False,False,False,True
6.0,4985,23,,,70.50691244239631,1572,6.528145312958054,0,0,0,0,0,0,0,1199.5987963891675,2.322628458498024,0.0038855674922714033,8.514389264083503,7.090575708309467,False,False,False,False,True,False
13.0,27070,12,,,79.43840579710145,3549,6.881313711751069,0,0,0,0,0,0,0,251.57000369412634,0.3625805911412543,0.02407657404842609,10.206218323189427,5.531688452643831,False,False,False,False,False,True
12.0,57,57,,,0.0,610,5.665348780241979,0,0,0,0,0,0,0,87719.29824561403,1.7482014388489209,2.792925382121239e-05,4.060443010546419,11.381908602498845,False,False,True,False,False,False
104.0,3676,11,,,73.10344827586206,3549,6.881313711751069,0,0,0,0,0,0,0,1863.4385201305768,2.9006447291300343,0.0032806724445478283,8.209852481301272,7.530715225157593,False,False,False,False,False,True
12.0,21006,8,,,77.28813559322035,3549,6.881313711751069,0,0,0,0,0,0,0,290.3932209844806,0.3346897764380809,0.016732424077143527,9.95261099449568,5.674673629881994,False,False,False,False,False,True
26.0,109,15,,,0.0,3549,6.881313711751069,0,0,0,0,0,0,0,58348.623853211015,0.7251611822825086,8.126799159745533e-05,4.700480365792417,10.974208191305081,False,False,False,False,False,True
52.0,9711,6,,,81.07344632768361,3549,6.881313711751069,0,0,0,0,0,0,0,814.5402121305737,1.4503223645650172,0.010026853407910654,9.181117513299279,6.703850730631492,False,False,False,False,False,True
4.0,1229,36,,,76.0,1572,6.528145312958054,0,0,0,0,0,0,0,5199.349064279902,1.5484189723320159,0.0010167694029964945,7.114769448366463,8.556481030062688,False,False,False,False,True,False
4.0,6179,25,,,77.431906614786,1572,6.528145312958054,0,0,0,0,0,0,0,1008.2537627447807,1.5484189723320159,0.0050202921727308366,8.729073550451737,6.9169664879844905,False,False,False,False,True,False
2.0,82,25,,,0.0,1572,6.528145312958054,0,0,0,0,0,0,0,87804.87804878049,0.7742094861660079,6.783139598480389e-05,4.418840607796598,11.382883725546067,False,False,False,False,True,False
1.0,1305,8,,,58.82352941176471,2188,6.320059610463039,0,0,0,0,0,0,0,4858.237547892721,0.9010309278350515,0.001071695603206554,7.174724309836376,8.488636821437446,True,False,False,False,False,False
25.0,42730,26,,,81.52997932460372,3549,6.881313711751069,0,0,0,0,0,0,0,181.605429440674,0.6972703675793351,0.04331401870493264,10.662679931125757,5.2073277017860375,False,False,False,False,False,True
1.0,1507,11,,,71.08433734939759,2188,6.320059610463039,0,0,0,0,0,0,0,4306.569343065694,0.9010309278350515,0.001268557930194597,7.318539548567902,8.368129066488573,True,False,False,False,False,False
1.0,48,37,,,0.0,3067,6.382521258497842,0,0,0,0,0,0,0,96458.33333333333,0.4144601454246124,1.972932440999103e-05,3.8918202981106265,11.476876782271413,False,False,False,True,False,False
2.0,1190,40,,,60.416666666666664,3067,6.382521258497842,0,0,0,0,0,0,0,4983.193277310924,0.8289202908492248,0.0009126880491361847,7.0825485693553,8.514026839272148,False,False,False,True,False,False
1.0,83,19,,,100.0,447,5.588299776286353,0,0,0,0,0,0,0,46024.096385542165,0.9291666666666667,3.211806416097907e-05,4.430816798843313,10.736942100298807,False,True,False,False,False,False
1.0,112,26,,,0.0,3067,6.382521258497842,0,0,0,0,0,0,0,46428.57142857143,0.4144601454246124,6.678615323002743e-05,4.727387818712341,10.74569185048615,False,False,False,True,False,False
13.0,64897,15,,,84.27631578947368,3549,6.881313711751069,0,0,0,0,0,0,0,122.65590088910119,0.3625805911412543,0.06748464594212682,11.080572085576353,4.817502715344724,False,False,False,False,False,True
12.0,117090,7,,,83.52754237288136,3549,6.881313711751069,0,0,0,0,0,0,0,49.53454607566829,0.3346897764380809,0.088721611244345,11.67070668924528,3.9226571831110646,False,False,False,False,False,True
50.0,129112,31,,,84.78878575487782,3549,6.881313711751069,0,0,0,0,0,0,0,63.898011029183955,1.3945407351586703,0.13916136824021544,11.768443268899123,4.1728169765406395,False,False,False,False,False,True
1.0,43,22,,,100.0,3067,6.382521258497842,0,0,0,0,0,0,0,143488.37209302327,0.4144601454246124,2.5356650091018817e-05,3.784189633918261,11.874016249369559,False,False,False,True,False,False
1.0,1120,48,,,71.73913043478261,3067,6.382521258497842,0,0,0,0,0,0,0,6071.428571428572,0.4144601454246124,0.0009857635832294944,7.02197642307216,8.711513898177023,False,False,False,True,False,False
100.0,76,30,,,0.0,3549,6.881313711751069,0,0,0,0,0,0,0,81184.21052631579,2.7890814703173405,5.1959384753523294e-05,4.343805421853684,11.304488373185505,False,False,False,False,False,True
1.0,50,57,,,0.0,3067,6.382521258497842,0,0,0,0,0,0,0,113400.0,0.4144601454246124,2.7733270804691802e-05,3.9318256327243257,11.638685488579059,False,False,False,True,False,False
13.0,38498,28,,,81.9233550253073,3549,6.881313711751069,0,0,0,0,0,0,0,189.62024001246817,0.3625805911412543,0.03670946944139546,10.55838754591257,5.250283176623514,False,False,False,False,False,True
1.0,8937,80,,,72.12121212121212,1572,6.528145312958054,0,0,0,0,0,0,0,804.5205326172094,0.38710474308300397,0.008386216862051534,9.098067129493398,6.691488692816309,False,False,False,False,True,False
1.0,103,37,,,50.0,1572,6.528145312958054,0,0,0,0,0,0,0,49805.82524271845,0.38710474308300397,5.972945808184283e-05,4.6443908991413725,10.815907306688466,False,False,False,False,True,False
37.0,2707,24,,,56.00000000000001,3549,6.881313711751069,0,0,0,0,0,0,0,2785.3712596970818,1.031960144017416,0.0026574699699743447,7.903965634032166,7.932495404505732,False,False,False,False,False,True
1.0,166,30,,,0.0,2188,6.320059610463039,0,0,0,0,0,0,0,42168.67469879518,0.9010309278350515,0.00014251399081358223,5.117993812416755,10.64945663266758,True,False,False,False,False,False
2.0,3076,14,,,82.35294117647058,610,5.665348780241979,0,0,0,0,0,0,0,2119.6358907672297,0.2913669064748201,0.002611053352341609,8.031710375322042,7.659471271165616,False,False,True,False,False,False
1.0,54,5,,,0.0,610,5.665348780241979,0,0,0,0,0,0,0,87037.03703703704,0.14568345323741005,2.385280707758418e-05,4.007333185232471,11.374100509411713,False,False,True,False,False,False
26.0,845,15,,,60.71428571428571,3549,6.881313711751069,0,0,0,0,0,0,0,7881.656804733729,0.7251611822825086,0.0007259815620642389,6.740519359606223,8.972420283988084,False,False,False,False,False,True
13.0,262,21,,,0.0,3549,6.881313711751069,0,0,0,0,0,0,0,18702.290076335878,0.3625805911412543,0.00015842781175505393,5.572154032177765,9.836454727278076,False,False,False,False,False,True
3.0,186,41,,,0.0,3067,6.382521258497842,0,0,0,0,0,0,0,32258.06451612903,1.2433804362738372,0.00013650384497361758,5.231108616854587,10.381554352998638,False,False,False,True,False,False
22.0,96,23,,,0.0,3549,6.881313711751069,0,0,0,0,0,0,0,49687.49999999999,0.6135979234698149,5.0522175965705645e-05,4.574710978503383,10.81352879698033,False,False,False,False,False,True
12.0,22358,34,,,78.93175074183976,3549,6.881313711751069,0,0,0,0,0,0,0,330.08319169872084,0.3346897764380809,0.021549090834849335,10.014984203549803,5.8023696782350775,False,False,False,False,False,True
13.0,34177,15,,,79.34362934362935,3549,6.881313711751069,0,0,0,0,0,0,0,211.5457763993329,0.3625805911412543,0.03227559017879047,10.439337441206854,5.359157383515073,False,False,False,False,False,True
74.0,4381,18,,,81.34715025906736,3549,6.881313711751069,0,0,0,0,0,0,0,1748.4592558776535,2.063920288034832,0.004375284627739271,8.385260520155413,7.46706202252692,False,False,False,False,False,True
12.0,110042,10,,,80.48165779893587,3549,6.881313711751069,0,0,0,0,0,0,0,65.52043765107868,0.3346897764380809,0.10365301113370913,11.60862647748041,4.1975092335435935,False,False,False,False,False,True
2.0,1392,13,,,61.81818181818181,3067,6.382521258497842,0,0,0,0,0,0,0,4252.873563218391,0.8289202908492248,0.0010673761375224406,7.239214973779806,8.355585273461026,False,False,False,True,False,False
45.0,187,16,,,60.0,3549,6.881313711751069,0,0,0,0,0,0,0,37219.25133689839,1.2550866616428034,0.00016074302445688376,5.236441962829949,10.524608282911174,False,False,False,False,False,True
12.0,6654,20,,,80.82191780821918,3549,6.881313711751069,0,0,0,0,0,0,0,840.0961827472197,0.3346897764380809,0.0048505303772672596,8.803123730829212,6.734706020552695,False,False,False,False,False,True
3.0,3523,9,,,74.33628318584071,3067,6.382521258497842,0,0,0,0,0,0,0,1853.5339199545842,1.2433804362738372,0.002996443501901796,8.16735198705607,7.5253886873822635,False,False,False,True,False,False
12.0,21125,13,,,80.2593659942363,3549,6.881313711751069,0,0,0,0,0,0,0,345.56213017751475,0.3346897764380809,0.020139379770802976,9.958259788383108,5.848062110427838,False,False,False,False,False,True
1.0,73241,31,,,75.25137111517367,1572,6.528145312958054,0,0,0,0,0,0,0,96.25756065591676,0.38710474308300397,0.06745445541170854,11.201524305897856,4.577362724010454,False,False,False,False,True,False
1.0,132,6,,,75.0,1572,6.528145312958054,0,0,0,0,0,0,0,41590.909090909096,0.38710474308300397,8.537579562372684e-05,4.890349128221754,10.635660934326143,False,False,False,False,True,False
1.0,1080,3,,,81.08108108108108,2188,6.320059610463039,0,0,0,0,0,0,0,3546.2962962962965,0.9010309278350515,0.0005311352470394714,6.985641817639208,8.173940985622657,True,False,False,False,False,False
773.0,110,14,,,66.66666666666666,3549,6.881313711751069,0,0,0,0,0,0,0,51181.818181818184,21.559599765553042,7.160733543643386e-05,4.709530201312334,10.843159172320867,False,False,False,False,False,True
4.0,3393,16,,,80.68181818181817,3067,6.382521258497842,0,0,0,0,0,0,0,1786.0300618921308,1.6578405816984496,0.0026771727959018807,8.129764445794171,7.48831033756529,False,False,False,True,False,False
1.0,461,22,,,83.33333333333334,2188,6.320059610463039,0,0,0,0,0,0,0,11171.366594360088,0.9010309278350515,0.00030088786646386854,6.135564891081739,9.321198740200188,True,False,False,False,False,False
6.0,1194,17,,,78.78787878787878,3067,6.382521258497842,0,0,0,0,0,0,0,4983.249581239531,2.4867608725476744,0.0009189072435271048,7.085901464365611,8.514038135706187,False,False,False,True,False,False
1.0,787,49,,,80.76923076923077,2188,6.320059610463039,0,0,0,0,0,0,0,9491.740787801778,0.9010309278350515,0.0007588008780107764,6.669498089857879,9.158282657894517,True,False,False,False,False,False
3.0,12820,15,,,75.74404761904762,3067,6.382521258497842,0,0,0,0,0,0,0,582.6833073322932,1.2433804362738372,0.012502953794216046,9.4588397305527,6.369358553774933,False,False,False,True,False,False
5.0,1993,57,,,65.45454545454545,1572,6.528145312958054,0,0,0,0,0,0,0,3316.608128449574,1.9355237154150198,0.0017119107101674687,7.597897950521784,8.106999359028512,False,False,False,False,True,False
1.0,88,48,,,0.0,3067,6.382521258497842,0,0,0,0,0,0,0,70568.18181818182,0.4144601454246124,6.20930132610811e-05,4.48863636973214,11.164348810023483,False,False,False,True,False,False
1.0,893,15,,,90.0,3067,6.382521258497842,0,0,0,0,0,0,0,6954.087346024637,0.4144601454246124,0.0007152456124192412,6.795705775173514,8.84722866301695,False,False,False,True,False,False
52.0,212,9,,,0.0,3549,6.881313711751069,0,0,0,0,0,0,0,25801.886792452828,1.4503223645650172,0.00014220564420092317,5.3612921657094255,10.1582416558307,False,False,False,False,False,True
7.0,60,23,,,0.0,3067,6.382521258497842,0,0,0,0,0,0,0,79666.66666666667,2.901221017972287,2.8164433441037094e-05,4.110873864173311,11.285619094468014,False,False,False,True,False,False
2.0,1106,35,,,68.29268292682927,3067,6.382521258497842,0,0,0,0,0,0,0,5226.039783001808,0.8289202908492248,0.0008259302873828515,7.009408932708637,8.561600389742273,False,False,False,True,False,False
1.0,48,37,,,0.0,3067,6.382521258497842,0,0,0,0,0,0,0,125000.0,0.4144601454246124,2.8321219854253562e-05,3.8918202981106265,11.736077016252437,False,False,False,True,False,False
475.0,146,24,,,100.0,3549,6.881313711751069,0,0,0,0,0,0,0,37671.232876712325,13.248136984007369,9.560872219298842e-05,4.990432586778736,10.536678573596584,False,False,False,False,False,True
4.0,8510,18,,,73.11827956989248,3067,6.382521258497842,0,0,0,0,0,0,0,920.0940070505287,1.6578405816984496,0.00869668923716312,9.049114723476961,6.825562101676779,False,False,False,True,False,False
10.0,9053,12,,,79.86577181208054,3549,6.881313711751069,0,0,0,0,0,0,0,826.2454434993925,0.27890814703173405,0.008838207266839192,9.110961927995904,6.7181014387773565,False,False,False,False,False,True
2.0,5710,24,,,77.30061349693251,3067,6.382521258497842,0,0,0,0,0,0,0,1147.110332749562,0.8289202908492248,0.004877267686934442,8.650149418664864,7.045872680928236,False,False,False,True,False,False
,6737,33,,,0.0,3549,6.881313711751069,0,0,0,0,0,0,0,961.274750262041,,0.005691124993713122,8.815518423966498,6.869300013071876,False,False,False,False,False,True
1.0,145,14,,,80.0,2188,6.320059610463039,0,0,0,0,0,0,0,36689.65517241379,0.9010309278350515,9.148001331162139e-05,4.983606621708336,10.510277374164922,True,False,False,False,False,False
1.0,6651,17,,,75.95628415300546,1572,6.528145312958054,0,0,0,0,0,0,0,1066.005112013231,0.38710474308300397,0.006151822330020983,8.802672840312818,6.972611042305489,False,False,False,False,True,False
1.0,1729,51,,,73.07692307692307,3067,6.382521258497842,0,0,0,0,0,0,0,3788.316946211683,0.4144601454246124,0.0014703577226455147,7.455876687491824,8.239941056559983,False,False,False,True,False,False
13.0,22796,39,,,84.53781512605042,3549,6.881313711751069,0,0,0,0,0,0,0,342.60396560800143,0.3625805911412543,0.023252146664916814,10.034384227337895,5.839489731393911,False,False,False,False,False,True
25.0,5913,10,,,78.62903225806451,3549,6.881313711751069,0,0,0,0,0,0,0,1212.582445459158,0.6972703675793351,0.005529983897242483,8.685077700412423,7.101331963080627,False,False,False,False,False,True
1.0,3609,88,,,61.19402985074627,1572,6.528145312958054,0,0,0,0,0,0,0,1878.6367414796343,0.38710474308300397,0.003187700714617349,8.191463051326927,7.5388338145368845,False,False,False,False,True,False
1.0,671,21,,,80.95238095238095,3067,6.382521258497842,0,0,0,0,0,0,0,8628.912071535022,0.4144601454246124,0.0004983002524516124,6.51025834052315,9.062989595327425,False,False,False,True,False,False
48.0,689,20,,,80.0,3549,6.881313711751069,0,0,0,0,0,0,0,10464.4412191582,1.3387591057523236,0.0006397477282417372,6.536691597591305,9.255833795401577,False,False,False,False,False,True
1.0,326,12,,,66.66666666666666,1572,6.528145312958054,0,0,0,0,0,0,0,16687.116564417178,0.38710474308300397,0.00022240189456114735,5.7899601708972535,9.722452162140486,False,False,False,False,True,False
2.0,1069,13,,,77.77777777777779,3067,6.382521258497842,0,0,0,0,0,0,0,5341.440598690365,0.8289202908492248,0.0007882113960232991,6.975413927455952,8.583437868496087,False,False,False,True,False,False
1.0,5965,30,,,59.89010989010989,1572,6.528145312958054,0,0,0,0,0,0,0,1212.070410729254,0.38710474308300397,0.005625458983570653,8.693831965074693,7.10090995402713,False,False,False,False,True,False
3.0,1408,24,,,69.6969696969697,3067,6.382521258497842,0,0,0,0,0,0,0,4538.352272727273,1.2433804362738372,0.0011662142924141027,7.25063551189868,8.420539609651442,False,False,False,True,False,False
2.0,2566,18,,,61.111111111111114,1572,6.528145312958054,0,0,0,0,0,0,0,2599.37646141855,0.7742094861660079,0.0022268874433579544,7.8504931808711405,7.8634115063813885,False,False,False,False,True,False
80.0,38,15,,,0.0,3549,6.881313711751069,0,0,0,0,0,0,0,192894.73684210525,2.2312651762538724,2.7085220296730398e-05,3.6635616461296463,12.169905098297635,False,False,False,False,False,True
148.0,425855,22,,,87.20010048988821,3549,6.881313711751069,0,0,0,0,0,0,0,21.439222270491133,4.127840576069664,0.5079860075996288,12.961856539938093,3.11081042187613,False,False,False,False,False,True
1.0,2077,41,,,56.33802816901409,1572,6.528145312958054,0,0,0,0,0,0,0,3432.8358208955224,0.38710474308300397,0.0019255687816713257,7.639161171659173,8.141433230441319,False,False,False,False,True,False
51.0,102,25,,,0.0,3549,6.881313711751069,0,0,0,0,0,0,0,57450.98039215687,1.4224315498618436,6.878779310542436e-05,4.634728988229636,10.958704754260784,False,False,False,False,False,True
1.0,166,13,,,71.42857142857143,447,5.588299776286353,0,0,0,0,0,0,0,32831.32530120482,0.9291666666666667,0.00010889637071308421,5.117993812416755,10.399168836534622,False,True,False,False,False,False
1.0,2386,5,,,76.92307692307693,2188,6.320059610463039,0,0,0,0,0,0,0,2183.5708298407376,0.9010309278350515,0.001614876905581239,7.77779262633883,7.689174671688573,True,False,False,False,False,False
1.0,514,26,,,0.0,2188,6.320059610463039,0,0,0,0,0,0,0,15000.0,0.9010309278350515,0.0005084717710090307,6.244166900663736,9.61587214452889,True,False,False,False,False,False
1.0,87,29,,,0.0,2188,6.320059610463039,0,0,0,0,0,0,0,68965.5172413793,0.9010309278350515,5.889457043146513e-05,4.477336814478207,11.141376408432622,True,False,False,False,False,False
1.0,67,37,,,0.0,1572,6.528145312958054,0,0,0,0,0,0,0,92537.31343283581,0.38710474308300397,4.496671072406875e-05,4.219507705176107,11.435378037017577,False,False,False,False,True,False
1.0,8011,43,,,67.35751295336787,1572,6.528145312958054,0,0,0,0,0,0,0,932.4678566970415,0.38710474308300397,0.007809391808507482,8.988695696785708,6.838906529284543,False,False,False,False,True,False
26.0,4777,31,,,76.33587786259542,3549,6.881313711751069,0,0,0,0,0,0,0,1576.3031191124137,0.7251611822825086,0.004690471047674896,8.471777327885755,7.363471780992528,False,False,False,False,False,True
1.0,431,13,,,81.81818181818183,447,5.588299776286353,0,0,0,0,0,0,0,12946.635730858468,0.9291666666666667,0.00030491597073008833,6.068425588244111,9.468668481414248,False,True,False,False,False,False
1.0,109,32,,,0.0,1572,6.528145312958054,0,0,0,0,0,0,0,56330.275229357794,0.38710474308300397,7.813487644001288e-05,4.700480365792417,10.939005170179605,False,False,False,False,True,False
12.0,99133,33,,,80.78484438430311,3549,6.881313711751069,0,0,0,0,0,0,0,71.11658075514713,0.3346897764380809,0.09130409905133842,11.504227749267033,4.278283986716849,False,False,False,False,False,True
2.0,3442,24,,,80.50847457627118,3067,6.382521258497842,0,0,0,0,0,0,0,1757.699012202208,0.8289202908492248,0.0027114724368998704,8.144098463338524,7.47232961707855,False,False,False,True,False,False
1.0,1060,22,,,79.41176470588235,3067,6.382521258497842,0,0,0,0,0,0,0,4754.7169811320755,0.4144601454246124,0.0006887055923220233,6.966967138613983,8.46710274828814,False,False,False,True,False,False
1.0,267,24,,,28.57142857142857,1572,6.528145312958054,0,0,0,0,0,0,0,22209.737827715355,0.38710474308300397,0.00019756039394044122,5.5909869805108565,10.00833113685516,False,False,False,False,True,False
1.0,200,54,,,66.66666666666666,2188,6.320059610463039,0,0,0,0,0,0,0,30400.0,0.9010309278350515,0.00014956937940832337,5.303304908059076,10.322230781590136,True,False,False,False,False,False
13.0,227681,18,,,82.05254112447827,3549,6.881313711751069,0,0,0,0,0,0,0,33.73140490423004,0.3625805911412543,0.2284533315049319,12.335705197543707,3.547644318118352,False,False,False,False,False,True
12.0,29401,17,,,77.76892430278885,3549,6.881313711751069,0,0,0,0,0,0,0,241.14826026325633,0.3346897764380809,0.027226202734840565,10.288817978223912,5.489550184281849,False,False,False,False,False,True
1.0,80,8,,,0.0,1572,6.528145312958054,0,0,0,0,0,0,0,64750.0,0.38710474308300397,4.4836055379721685e-05,4.394449154672439,11.07830442345797,False,False,False,False,True,False
1.0,131,21,,,50.0,1572,6.528145312958054,0,0,0,0,0,0,0,50687.02290076336,0.38710474308300397,0.00010434172540914575,4.882801922586371,10.833444926972515,False,False,False,False,True,False
13.0,18420,13,,,80.47138047138047,3549,6.881313711751069,0,0,0,0,0,0,0,305.6460369163952,0.3625805911412543,0.013540252704056207,9.821246597152218,5.725694108187388,False,False,False,False,False,True
1.0,167,20,,,100.0,2188,6.320059610463039,0,0,0,0,0,0,0,29341.317365269464,0.9010309278350515,9.760774896149841e-05,5.123963979403259,10.286786031715987,True,False,False,False,False,False
1.0,161,17,,,33.33333333333333,447,5.588299776286353,0,0,0,0,0,0,0,31863.354037267083,0.9291666666666667,9.860464923886645e-05,5.087596335232384,10.369243235685616,False,True,False,False,False,False
4.0,1388,15,,,68.75,3067,6.382521258497842,0,0,0,0,0,0,0,4358.78962536023,1.6578405816984496,0.0010878576693022853,7.236339342754344,8.380179084114793,False,False,False,True,False,False
13.0,7043,17,,,79.78339350180505,3549,6.881313711751069,0,0,0,0,0,0,0,954.1388612807042,0.3625805911412543,0.006174474047070433,8.859931469616097,6.861856734392936,False,False,False,False,False,True
39.0,9115,15,,,67.70186335403726,3549,6.881313711751069,0,0,0,0,0,0,0,738.3433900164564,1.0877417734237629,0.008005607391541008,9.117786390365575,6.605762481516404,False,False,False,False,False,True
4.0,252,19,,,50.0,3067,6.382521258497842,0,0,0,0,0,0,0,25436.507936507936,1.6578405816984496,0.0002017426715129905,5.53338948872752,10.143980054185214,False,False,False,True,False,False
2.0,1958,17,,,67.85714285714286,3067,6.382521258497842,0,0,0,0,0,0,0,3283.963227783452,0.8289202908492248,0.0016356354266910994,7.580189417944541,8.097110736878419,False,False,False,True,False,False
1.0,60,17,,,100.0,2188,6.320059610463039,0,0,0,0,0,0,0,82500.0,0.9010309278350515,2.9497117953377086e-05,4.110873864173311,11.320565693461432,True,False,False,False,False,False
26.0,11704,18,,,76.50862068965517,3549,6.881313711751069,0,0,0,0,0,0,0,576.725905673274,0.7251611822825086,0.010312725994788574,9.367771379925012,6.359099544560546,False,False,False,False,False,True
13.0,7440,21,,,78.64077669902912,3549,6.881313711751069,0,0,0,0,0,0,0,887.0967741935483,0.3625805911412543,0.006406392509500235,8.914760527397261,6.789080717001976,False,False,False,False,False,True
3.0,1736,24,,,75.86206896551724,1572,6.528145312958054,0,0,0,0,0,0,0,3899.7695852534557,1.161314229249012,0.0015262481592968557,7.459914766241105,8.26892914220299,False,False,False,False,True,False
2.0,1883,32,,,72.85714285714285,3067,6.382521258497842,0,0,0,0,0,0,0,3441.3170472650027,0.8289202908492248,0.0015849280875500065,7.5411524551363085,8.143900083879002,False,False,False,True,False,False
1.0,2265,6,,,70.83333333333334,2188,6.320059610463039,0,0,0,0,0,0,0,2909.4922737306842,0.9010309278350515,0.0019408998797770093,7.725771441587952,7.97607751208902,True,False,False,False,False,False
1.0,90,10,,,0.0,2188,6.320059610463039,0,0,0,0,0,0,0,51888.88888888889,0.9010309278350515,4.560692191136933e-05,4.51085950651685,10.856879231077722,True,False,False,False,False,False
1.0,198,44,,,80.0,2188,6.320059610463039,0,0,0,0,0,0,0,30303.030303030304,0.9010309278350515,0.00014591102976660574,5.293304824724492,10.319035995953305,True,False,False,False,False,False
2.0,13671,15,,,77.50865051903114,3067,6.382521258497842,0,0,0,0,0,0,0,528.125228586058,0.8289202908492248,0.012886978595427805,9.523105224795426,6.271225130848664,False,False,False,True,False,False
1.0,362,25,,,41.17647058823529,2188,6.320059610463039,0,0,0,0,0,0,0,18232.04419889503,0.9010309278350515,0.00030285422939629175,5.8944028342648505,9.81099084215161,True,False,False,False,False,False
15.0,1551,33,,,62.5,3067,6.382521258497842,0,0,0,0,0,0,0,3372.018052869117,6.216902181369186,0.0010505333570826614,7.347299700743164,8.12356318721724,False,False,False,True,False,False
180.0,74331,27,,,79.71556886227546,3549,6.881313711751069,0,0,0,0,0,0,0,97.26762723493563,5.020346646571213,0.07020659003746252,11.216296824393542,4.587694646717365,False,False,False,False,False,True
1.0,220,14,,,100.0,2188,6.320059610463039,0,0,0,0,0,0,0,22681.81818181818,0.9010309278350515,0.0001341259177065011,5.3981627015177525,10.029363008579837,True,False,False,False,False,False
1.0,174,21,,,0.0,2188,6.320059610463039,0,0,0,0,0,0,0,28045.977011494255,0.9010309278350515,0.00010163454667427473,5.1647859739235145,10.241636133716856,True,False,False,False,False,False
1.0,275,17,,,71.42857142857143,2188,6.320059610463039,0,0,0,0,0,0,0,22363.636363636364,0.9010309278350515,0.00021166333180926267,5.62040086571715,10.015236256563577,True,False,False,False,False,False
,306,7,,,0.0,610,5.665348780241979,0,0,0,0,0,0,0,19607.843137254902,,0.00023057569290349931,5.726847747587197,9.883735923939492,False,False,True,False,False,False
,22890,30,,,0.0,3549,6.881313711751069,0,0,0,0,0,0,0,282.9230228272333,,0.0193587940426944,10.038499099192006,5.648703155038515,False,False,False,False,False,True
12.0,11974,13,,,78.83435582822086,3549,6.881313711751069,0,0,0,0,0,0,0,521.1291130783364,0.3346897764380809,0.009752967142323135,9.390576422279116,6.257914900360334,False,False,False,False,False,True
39.0,931,9,,,77.77777777777779,3549,6.881313711751069,0,0,0,0,0,0,0,7518.796992481202,1.0877417734237629,0.0008421733597920776,6.837332814685591,8.925294420898805,False,False,False,False,False,True
12.0,145468,13,,,81.88976377952756,3549,6.881313711751069,0,0,0,0,0,0,0,46.26447053647538,0.3346897764380809,0.12790222756052808,11.887718284474271,3.855758861793561,False,False,False,False,False,True
1.0,302,62,,,66.66666666666666,2188,6.320059610463039,0,0,0,0,0,0,0,20794.701986754968,0.9010309278350515,0.00023848818055715711,5.713732805509369,9.94250160908524,True,False,False,False,False,False
,36,23,,,0.0,1572,6.528145312958054,0,0,0,0,0,0,0,104166.66666666667,,8.330952169153695e-06,3.6109179126442243,11.553757059444404,False,False,False,False,True,False
1.0,232,50,,,60.0,2188,6.320059610463039,0,0,0,0,0,0,0,26206.896551724138,0.9010309278350515,0.00017498968320448695,5.4510384535657,10.173816039442782,True,False,False,False,False,False
2.0,10795,14,,,82.39795918367348,3067,6.382521258497842,0,0,0,0,0,0,0,696.6188050023159,0.8289202908492248,0.01059708428622551,9.286930974137896,6.54767282894348,False,False,False,True,False,False
13.0,168482,25,,,81.86362013566584,3549,6.881313711751069,0,0,0,0,0,0,0,41.725525575432385,0.3625805911412543,0.15474260077643787,12.03459013347708,3.75479653028193,False,False,False,False,False,True
2.0,215,19,,,66.66666666666666,610,5.665348780241979,0,0,0,0,0,0,0,25023.25581395349,0.2913669064748201,0.0001418215174885428,5.375278407684165,10.12760086603709,False,False,True,False,False,False
24.0,12505,60,,,76.59574468085107,3549,6.881313711751069,0,0,0,0,0,0,0,593.3626549380248,0.6693795528761618,0.012113822982147204,9.433963808127244,6.387489663263601,False,False,False,False,False,True
26.0,10698,25,,,73.44827586206897,3549,6.881313711751069,0,0,0,0,0,0,0,641.2413535240232,0.7251611822825086,0.009579263475120609,9.277905558138606,6.464964173110771,False,False,False,False,False,True
12.0,17403,8,,,81.60535117056857,3549,6.881313711751069,0,0,0,0,0,0,0,359.13348273286215,0.3346897764380809,0.014201910966131362,9.76445534384057,5.88647474809531,False,False,False,False,False,True
6.0,3712,42,,,76.36363636363637,1572,6.528145312958054,0,0,0,0,0,0,0,1578.6637931034484,2.322628458498024,0.0028327493406296966,8.21959545417708,7.3649673142031515,False,False,False,False,True,False
1.0,74,20,,,50.0,2188,6.320059610463039,0,0,0,0,0,0,0,88783.78378378379,0.9010309278350515,5.421449599695351e-05,4.31748811353631,11.393970560511306,True,False,False,False,False,False
1.0,66,40,,,0.0,2188,6.320059610463039,0,0,0,0,0,0,0,77727.27272727274,0.9010309278350515,3.492976717132775e-05,4.204692619390966,11.260974340534844,True,False,False,False,False,False
12.0,12248,22,,,81.65680473372781,3549,6.881313711751069,0,0,0,0,0,0,0,605.8131939908557,0.3346897764380809,0.011864671079798024,9.413199579987685,6.408220990795761,False,False,False,False,False,True
2.0,18305,46,,,75.0778816199377,3067,6.382521258497842,0,0,0,0,0,0,0,386.2332695984704,0.8289202908492248,0.016899630254071676,9.814984153944724,5.959027275260974,False,False,False,True,False,False
15.0,56,19,,,0.0,3549,6.881313711751069,0,0,0,0,0,0,0,110178.57142857143,0.4183622205476011,3.5836515261096336e-05,4.04305126783455,11.609866781280274,False,False,False,False,False,True
1.0,91,7,,,100.0,447,5.588299776286353,0,0,0,0,0,0,0,53296.703296703294,0.9291666666666667,4.83572169098749e-05,4.5217885770490405,10.883648519107393,False,True,False,False,False,False
25.0,16298,15,,,74.92753623188406,3549,6.881313711751069,0,0,0,0,0,0,0,462.6334519572954,0.6972703675793351,0.016046525329031665,9.698859035219632,6.1390942658022185,False,False,False,False,False,True
1.0,94,24,,,33.33333333333333,610,5.665348780241979,0,0,0,0,0,0,0,54680.85106382978,0.14568345323741005,5.381991685702539e-05,4.553876891600541,10.909287142931865,False,False,True,False,False,False
1.0,457,56,,,71.42857142857143,2188,6.320059610463039,0,0,0,0,0,0,0,15164.113785557987,0.9010309278350515,0.0004044792627828769,6.126869184114185,9.62675292326354,True,False,False,False,False,False
26.0,24,20,,,0.0,3549,6.881313711751069,0,0,0,0,0,0,0,333333.3333333333,0.7251611822825086,1.5778306796935998e-05,3.2188758248682006,12.716901269291665,False,False,False,False,False,True
1.0,383,38,,,0.0,1572,6.528145312958054,0,0,0,0,0,0,0,16318.537859007834,0.38710474308300397,0.00030344871121307086,5.950642552587727,9.700118310654396,False,False,False,False,True,False
1.0,24523,11,,,81.39999999999999,2188,6.320059610463039,0,0,0,0,0,0,0,309.09758186192556,0.9010309278350515,0.0242774749321079,10.107407508882579,5.736887028146059,True,False,False,False,False,False
29.0,207,27,,,100.0,3549,6.881313711751069,0,0,0,0,0,0,0,33816.42512077295,0.8088336263920288,0.00018001207464118788,5.337538079701318,10.428731484745564,False,False,False,False,False,True
365.0,71,17,,,0.0,3549,6.881313711751069,0,0,0,0,0,0,0,97323.94366197183,10.180147366658293,5.479329917241098e-05,4.276666119016055,11.485810593613571,False,False,False,False,False,True
1.0,308,40,,,66.66666666666666,1572,6.528145312958054,0,0,0,0,0,0,0,18084.415584415587,0.38710474308300397,0.00021483956323033963,5.733341276897746,9.802861123630915,False,False,False,False,True,False
1.0,50,33,,,0.0,2188,6.320059610463039,0,0,0,0,0,0,0,113400.0,0.9010309278350515,2.7733270804691802e-05,3.9318256327243257,11.638685488579059,True,False,False,False,False,False
1.0,50,30,,,0.0,3067,6.382521258497842,0,0,0,0,0,0,0,126599.99999999999,0.4144601454246124,3.2044897168144714e-05,3.9318256327243257,11.748795687555171,False,False,False,True,False,False
3.0,196,49,,,100.0,1572,6.528145312958054,0,0,0,0,0,0,0,31581.632653061228,1.161314229249012,0.00014920877065792545,5.2832037287379885,10.36036264890312,False,False,False,False,True,False
64.0,3417,22,,,64.1025641025641,3549,6.881313711751069,0,0,0,0,0,0,0,2098.3318700614577,1.785012141003098,0.003191734045097343,8.136810863675537,7.649374415975211,False,False,False,False,False,True
26.0,6036,10,,,84.79087452471484,3549,6.881313711751069,0,0,0,0,0,0,0,1259.1119946984757,0.7251611822825086,0.005984323485121498,8.705662478796427,7.1389558806768445,False,False,False,False,False,True
2.0,1980,22,,,63.26530612244898,3067,6.382521258497842,0,0,0,0,0,0,0,3010.10101010101,0.8289202908492248,0.0015325300682530623,7.591357046698551,8.010061074946947,False,False,False,True,False,False
16.0,2017,36,,,69.38775510204081,610,5.665348780241979,0,0,0,0,0,0,0,3351.512146752603,2.330935251798561,0.0017721676484268884,7.609862200913554,8.117465238341694,False,False,True,False,False,False
1.0,69,22,,,0.0,1572,6.528145312958054,0,0,0,0,0,0,0,82173.91304347827,0.38710474308300397,4.1808771051200356e-05,4.248495242049359,11.316605340344799,False,False,False,False,True,False
3.0,949,8,,,68.0,3067,6.382521258497842,0,0,0,0,0,0,0,6554.267650158061,1.2433804362738372,0.0007619222341872276,6.856461984594587,8.788024226814724,False,False,False,True,False,False
1.0,46,11,,,0.0,2188,6.320059610463039,0,0,0,0,0,0,0,100434.78260869565,0.9010309278350515,1.845935446293763e-05,3.8501476017100584,11.517273823229216,True,False,False,False,False,False
12.0,45869,18,,,80.78317621464831,3549,6.881313711751069,0,0,0,0,0,0,0,143.01598029170026,0.3346897764380809,0.039304969214132415,10.733566587591218,4.969924267666733,False,False,False,False,False,True
2.0,952,18,,,42.42424242424242,3067,6.382521258497842,0,0,0,0,0,0,0,6239.495798319328,0.8289202908492248,0.000729532774323592,6.859614903654202,8.73881491306597,False,False,False,True,False,False
1.0,120,11,,,0.0,2188,6.320059610463039,0,0,0,0,0,0,0,50000.0,0.9010309278350515,8.476432861218261e-05,4.795790545596741,10.819798284210286,True,False,False,False,False,False
14.0,141,19,,,100.0,3549,6.881313711751069,0,0,0,0,0,0,0,46099.29078014184,0.3904714058444277,0.00011043810377637949,4.955827057601261,10.738574536560115,False,False,False,False,False,True
39.0,1565,19,,,89.47368421052632,3549,6.881313711751069,0,0,0,0,0,0,0,4389.776357827475,1.0877417734237629,0.0013954399481969117,7.356279876550748,8.38726133731918,False,False,False,False,False,True
4.0,1114,35,,,74.07407407407408,3067,6.382521258497842,0,0,0,0,0,0,0,5269.2998204667865,1.6578405816984496,0.0008450712953296954,7.016609683894219,8.569842531846305,False,False,False,True,False,False
1.0,70,15,,,0.0,3067,6.382521258497842,0,0,0,0,0,0,0,84285.71428571429,0.4144601454246124,4.465313789763581e-05,4.2626798770413155,11.341979531162988,False,False,False,True,False,False
12.0,57638,26,,,0.0,3549,6.881313711751069,0,0,0,0,0,0,0,132.5514417571741,0.3346897764380809,0.05752533779499685,10.961954700899811,4.894486735133595,False,False,False,False,False,True
1.0,11943,36,,,81.71641791044776,2188,6.320059610463039,0,0,0,0,0,0,0,634.681403332496,0.9010309278350515,0.011818651654412104,9.387984339219026,6.454697499672234,True,False,False,False,False,False
2.0,1507,4,,,77.77777777777779,3067,6.382521258497842,0,0,0,0,0,0,0,4160.583941605839,0.8289202908492248,0.0012252404573297733,7.318539548567902,8.333651035980155,False,False,False,True,False,False
1.0,74028,15,,,83.2541567695962,2188,6.320059610463039,0,0,0,0,0,0,0,108.47246987626302,0.9010309278350515,0.07765808774621406,11.212212187308628,4.695673100990958,True,False,False,False,False,False
1.0,507,20,,,80.0,447,5.588299776286353,0,0,0,0,0,0,0,11972.386587771203,0.9291666666666667,0.0003927829963569283,6.230481447578482,9.390441681491854,False,True,False,False,False,False
2.0,1072,33,,,71.42857142857143,3067,6.382521258497842,0,0,0,0,0,0,0,5205.223880597015,0.8289202908492248,0.0007722413932837583,6.9782137426306985,8.557610088970423,False,False,False,True,False,False
1.0,47587,41,,,71.67368080284882,1572,6.528145312958054,0,0,0,0,0,0,0,137.64263349234034,0.38710474308300397,0.04071529043863687,10.770335907596417,4.931899640411165,False,False,False,False,True,False
51.0,114262,8,,,85.36776212832551,3549,6.881313711751069,0,0,0,0,0,0,0,80.9542980168385,1.4224315498618436,0.13808339632168004,11.646258087841353,4.406161750633814,False,False,False,False,False,True
,1303,9,,,0.0,3549,6.881313711751069,0,0,0,0,0,0,0,4970.151951278105,,0.001093210450769752,7.1731917424865985,8.51140687317489,False,False,False,False,False,True
237.0,273,13,,,80.0,3549,6.881313711751069,0,0,0,0,0,0,0,22490.84249084249,6.6101230846520975,0.00020969958198372636,5.6131281063880705,10.020907966490652,False,False,False,False,False,True
22.0,2299,11,,,74.28571428571429,3549,6.881313711751069,0,0,0,0,0,0,0,2892.5619834710747,0.6135979234698149,0.0019881971144306444,7.7406644019172415,7.970243542409156,False,False,False,False,False,True
1.0,125,8,,,100.0,2188,6.320059610463039,0,0,0,0,0,0,0,43040.0,0.9010309278350515,7.855819975569735e-05,4.836281906951478,10.6699084287665,True,False,False,False,False,False
2.0,4269,16,,,84.61538461538461,3067,6.382521258497842,0,0,0,0,0,0,0,1051.768564066526,0.8289202908492248,0.0024950692966112823,8.35936910622267,6.959178700765951,False,False,False,True,False,False
12.0,254543,20,,,82.27029212574548,3549,6.881313711751069,0,0,0,0,0,0,0,27.971698298519307,0.3346897764380809,0.2367834040915505,12.44722898804502,3.3663194327250583,False,False,False,False,False,True
1.0,30814,21,,,78.91682785299807,2188,6.320059610463039,0,0,0,0,0,0,0,258.64866619069255,0.9010309278350515,0.03207802231294295,10.335756863396343,5.5593294333262095,True,False,False,False,False,False
1.0,308,17,,,100.0,610,5.665348780241979,0,0,0,0,0,0,0,14220.77922077922,0.14568345323741005,0.00016695176642025596,5.733341276897746,9.562529816541447,False,False,True,False,False,False
1.0,297,16,,,64.70588235294117,447,5.588299776286353,0,0,0,0,0,0,0,18350.16835016835,0.9291666666666667,0.00020217775380966627,5.697093486505405,9.81744852176475,False,True,False,False,False,False
1.0,445,20,,,66.66666666666666,2188,6.320059610463039,0,0,0,0,0,0,0,14067.41573033708,0.9010309278350515,0.00035465907342990024,6.100318952020064,9.551687544645514,True,False,False,False,False,False
1.0,1990,79,,,72.0,3067,6.382521258497842,0,0,0,0,0,0,0,3402.010050251256,0.4144601454246124,0.0017509204763291697,7.596392304064196,8.1324156278469,False,False,False,True,False,False
11.0,43279,8,,,82.15361445783132,3549,6.881313711751069,0,0,0,0,0,0,0,168.4419695464313,0.30679896173490745,0.041212964484575475,10.675445913520363,5.132510505643137,False,False,False,False,False,True
1.0,70635,29,,,77.97179314976495,3067,6.382521258497842,0,0,0,0,0,0,0,109.15268634529625,0.4144601454246124,0.07114505079241103,11.165295208533015,4.701867461015391,False,False,False,True,False,False
13.0,155,26,,,0.0,3549,6.881313711751069,0,0,0,0,0,0,0,43806.45161290323,0.3625805911412543,0.00012820069784036202,5.049856007249537,10.687559210042862,False,False,False,False,False,True
1.0,117,26,,,0.0,2188,6.320059610463039,0,0,0,0,0,0,0,30940.17094017094,0.9010309278350515,4.6030245227053804e-05,4.770684624465665,10.339842968923893,True,False,False,False,False,False
13.0,5200,55,,,72.36180904522614,3549,6.881313711751069,0,0,0,0,0,0,0,1205.7692307692307,0.3625805911412543,0.004250579327773779,8.556606193773073,7.095702010414645,False,False,False,False,False,True
1.0,13775,52,,,76.99468085106383,2188,6.320059610463039,0,0,0,0,0,0,0,532.8493647912886,0.9010309278350515,0.013201058364596811,9.530683226667511,6.2801137107599505,True,False,False,False,False,False
12.0,55536,10,,,82.43137254901961,3549,6.881313711751069,0,0,0,0,0,0,0,133.6070296744454,0.3346897764380809,0.053830770491826226,10.924804744277687,4.902359642254345,False,False,False,False,False,True
1.0,177,36,,,80.0,610,5.665348780241979,0,0,0,0,0,0,0,24745.762711864405,0.14568345323741005,9.198434294080102e-05,5.181783550292085,10.116449959921203,False,False,True,False,False,False
12.0,107325,23,,,80.46332046332047,3549,6.881313711751069,0,0,0,0,0,0,0,70.81295131609596,0.3346897764380809,0.10656233720424707,11.583626210542947,4.274064840234601,False,False,False,False,False,True
1.0,140,19,,,100.0,447,5.588299776286353,0,0,0,0,0,0,0,40571.42857142857,0.9291666666666667,9.458961050708136e-05,4.948759890378168,10.6108440156716,False,True,False,False,False,False
1.0,78,30,,,100.0,2188,6.320059610463039,0,0,0,0,0,0,0,63076.92307692307,0.9010309278350515,4.083277562892783e-05,4.3694478524670215,11.052126115311768,True,False,False,False,False,False
4.0,37679,20,,,82.1311475409836,3067,6.382521258497842,0,0,0,0,0,0,0,215.770057591762,1.6578405816984496,0.04001437939145954,10.5368847286903,5.37883714928822,False,False,False,True,False,False
1.0,62,9,,,100.0,2188,6.320059610463039,0,0,0,0,0,0,0,68548.38709677418,0.9010309278350515,2.5120163917750643e-05,4.143134726391533,11.135309743984395,True,False,False,False,False,False
4.0,4783,30,,,78.3410138248848,1572,6.528145312958054,0,0,0,0,0,0,0,1436.3370269705206,1.5484189723320159,0.004283923878204591,8.473032295630468,7.270547393702106,False,False,False,False,True,False
3.0,2684,13,,,60.810810810810814,3067,6.382521258497842,0,0,0,0,0,0,0,2432.935916542474,1.2433804362738372,0.0022806259864878993,7.895436006942965,7.797264944746671,False,False,False,True,False,False
12.0,172321,25,,,80.61373599610326,3549,6.881313711751069,0,0,0,0,0,0,0,41.260206242999985,0.3346897764380809,0.16006992218854318,12.057120098636698,3.7438458925120166,False,False,False,False,False,True
1.0,14420,33,,,78.89763779527559,2188,6.320059610463039,0,0,0,0,0,0,0,501.38696255201114,0.9010309278350515,0.013612374454135785,9.57644075656207,6.2193706644829,True,False,False,False,False,False
1.0,2058,58,,,71.66666666666667,2188,6.320059610463039,0,0,0,0,0,0,0,3318.756073858115,0.9010309278350515,0.001827202292572756,7.629975707027789,8.107646587481872,True,False,False,False,False,False
46.0,156,21,,,33.33333333333333,3549,6.881313711751069,0,0,0,0,0,0,0,43397.43589743589,1.2829774763459767,0.00012868020295411572,5.056245805348308,10.67817868020948,False,False,False,False,False,True
1.0,7846,12,,,72.3342939481268,2188,6.320059610463039,0,0,0,0,0,0,0,894.7234259495284,0.9010309278350515,0.007187047739546358,8.967886572127473,6.79763168892895,True,False,False,False,False,False
2.0,7011,29,,,66.66666666666666,1572,6.528145312958054,0,0,0,0,0,0,0,1085.4371701611753,0.7742094861660079,0.0069616398329253705,8.855378246041125,6.990658970285027,False,False,False,False,True,False
1.0,189,42,,,100.0,1572,6.528145312958054,0,0,0,0,0,0,0,32645.502645502645,0.38710474308300397,0.00014305359738573555,5.247024072160486,10.393493012443537,False,False,False,False,True,False
4.0,2000,13,,,79.3103448275862,3067,6.382521258497842,0,0,0,0,0,0,0,2820.0,1.6578405816984496,0.0014644847649171145,7.601402334583733,7.944846711001996,False,False,False,True,False,False
12.0,50091,8,,,85.8974358974359,3549,6.881313711751069,0,0,0,0,0,0,0,150.52604260246352,0.3346897764380809,0.04933740515749344,10.821616593683924,5.0207575085426885,False,False,False,False,False,True
1.0,418,10,,,40.0,3067,6.382521258497842,0,0,0,0,0,0,0,12751.196172248805,0.4144601454246124,0.0002817847485668852,6.037870919922137,9.453458784557277,False,False,False,True,False,False
1.0,92,34,,,0.0,2188,6.320059610463039,0,0,0,0,0,0,0,74891.30434782608,0.9010309278350515,7.351229035701397e-05,4.532599493153256,11.223806418536705,True,False,False,False,False,False
1.0,35753,32,,,72.67303102625299,3067,6.382521258497842,0,0,0,0,0,0,0,194.94867563561098,0.4144601454246124,0.03254979654997164,10.484417429975034,5.277852765937477,False,False,False,True,False,False
26.0,30308,9,,,81.28834355828221,3549,6.881313711751069,0,0,0,0,0,0,0,242.18028243368087,0.7251611822825086,0.029056374455976745,10.319199977095842,5.49380307128581,False,False,False,False,False,True
25.0,407,28,,,60.0,3549,6.881313711751069,0,0,0,0,0,0,0,15454.545454545456,0.6972703675793351,0.0003251740818710997,6.0112671744041615,9.645723147023046,False,False,False,False,False,True
1.0,795,65,,,53.333333333333336,2188,6.320059610463039,0,0,0,0,0,0,0,8830.188679245282,0.9010309278350515,0.0007198668919487966,6.679599185844383,9.086044902798855,True,False,False,False,False,False
12.0,38819,15,,,80.62593144560357,3549,6.881313711751069,0,0,0,0,0,0,0,172.08068214018908,0.3346897764380809,0.0338710500262347,10.566690856723001,5.153757856533278,False,False,False,False,False,True
1.0,1216,10,,,63.33333333333333,2188,6.320059610463039,0,0,0,0,0,0,0,5222.03947368421,0.9010309278350515,0.0009995607875925435,7.104144092987527,8.560834786072723,True,False,False,False,False,False
1.0,92499,16,,,80.82666089590998,2188,6.320059610463039,0,0,0,0,0,0,0,86.2712029319236,0.9010309278350515,0.09643289228081524,11.434963923500517,4.46902054510593,True,False,False,False,False,False
13.0,202249,6,,,85.86723768736617,3549,6.881313711751069,0,0,0,0,0,0,0,40.741857808938484,0.3625805911412543,0.21773197344879086,12.217259834920737,3.7315044097371004,False,False,False,False,False,True
48.0,990,22,,,47.05882352941176,3549,6.881313711751069,0,0,0,0,0,0,0,6838.383838383838,1.3387591057523236,0.0008663837950995874,6.898714534329988,8.830452924451333,False,False,False,False,False,True
12.0,3846,23,,,69.2982456140351,610,5.665348780241979,0,0,0,0,0,0,0,1424.8569942797712,1.7482014388489209,0.0027443949705684427,8.255048902752295,7.262528311429124,False,False,True,False,False,False
1.0,4377,21,,,74.43181818181817,3067,6.382521258497842,0,0,0,0,0,0,0,1377.6559287183002,0.4144601454246124,0.0034391194871909495,8.384347278082808,7.2288643388425555,False,False,False,True,False,False
1.0,667,45,,,76.47058823529412,3067,6.382521258497842,0,0,0,0,0,0,0,10074.962518740631,0.4144601454246124,0.0005763210913284579,6.504288173536645,9.217907917610544,False,False,False,True,False,False
6.0,73,10,,,50.0,3549,6.881313711751069,0,0,0,0,0,0,0,65068.493150684924,0.16734488821904045,3.599722133464322e-05,4.30406509320417,11.083211103165393,False,False,False,False,False,True
1.0,3038,37,,,78.89908256880734,3067,6.382521258497842,0,0,0,0,0,0,0,2205.398288347597,0.4144601454246124,0.002650129752728927,8.019283792916793,7.699116731271694,False,False,False,True,False,False
12.0,33885,29,,,0.0,3549,6.881313711751069,0,0,0,0,0,0,0,226.05872805075992,0.3346897764380809,0.033903476069594755,10.430757228718052,5.425208697900738,False,False,False,False,False,True
13.0,95964,13,,,82.55725190839695,3549,6.881313711751069,0,0,0,0,0,0,0,74.40290108790796,0.3625805911412543,0.08951350806021874,11.47173882063998,4.3228457502406785,False,False,False,False,False,True
,3999,16,,,0.0,3549,6.881313711751069,0,0,0,0,0,0,0,1619.431856092866,,0.00337439882172583,8.294049640102028,7.390447970535974,False,False,False,False,False,True
1.0,51,30,,,0.0,3067,6.382521258497842,0,0,0,0,0,0,0,114313.72549019608,0.4144601454246124,2.954023421701161e-05,3.9512437185814275,11.646710673420005,False,False,False,True,False,False
25.0,104075,17,,,83.2,3549,6.881313711751069,0,0,0,0,0,0,0,78.02065817919768,0.6972703675793351,0.11040608677959315,11.552876680472457,4.369709314222129,False,False,False,False,False,True
6.0,6090,30,,,82.58928571428571,3067,6.382521258497842,0,0,0,0,0,0,0,1201.9704433497536,2.4867608725476744,0.005815150945260928,8.714567550836485,7.092549146553779,False,False,False,True,False,False
52.0,1591,23,,,77.14285714285715,3549,6.881313711751069,0,0,0,0,0,0,0,4242.614707730987,1.4503223645650172,0.0013938328874614429,7.3727463664043285,8.353170710440876,False,False,False,False,False,True
24.0,130646,20,,,84.72454090150251,3549,6.881313711751069,0,0,0,0,0,0,0,62.61194372579337,0.6693795528761618,0.13962000508237002,11.78025430857261,4.152801247145623,False,False,False,False,False,True
,2530,18,,,0.0,3067,6.382521258497842,0,0,0,0,0,0,0,2675.889328063241,,0.0022285702841931443,7.836369760545124,7.892410700888859,False,False,False,True,False,False
12.0,103657,23,,,85.29325941056317,3549,6.881313711751069,0,0,0,0,0,0,0,78.91411096211544,0.3346897764380809,0.11077522209776314,11.548852297712305,4.380952444965086,False,False,False,False,False,True
1.0,117,26,,,100.0,1572,6.528145312958054,0,0,0,0,0,0,0,47948.71794871795,0.38710474308300397,7.64507290513793e-05,4.770684624465665,10.77790819809862,False,False,False,False,True,False
1.0,2781,9,,,78.51239669421489,3067,6.382521258497842,0,0,0,0,0,0,0,2013.6641495864797,0.4144601454246124,0.0020254665514056426,7.930925372483388,7.608207785345752,False,False,False,True,False,False
1.0,117,18,,,50.0,447,5.588299776286353,0,0,0,0,0,0,0,49658.11965811966,0.9291666666666667,7.950806410910046e-05,4.770684624465665,10.812937331521209,False,True,False,False,False,False
1.0,20532,46,,,76.42585551330798,2188,6.320059610463039,0,0,0,0,0,0,0,304.88992791739724,0.9010309278350515,0.01678386569931985,9.9297886269555,5.723225324552009,True,False,False,False,False,False
5.0,3338,19,,,63.85542168674698,3067,6.382521258497842,0,0,0,0,0,0,0,2061.1144397843022,2.072300727123062,0.0029912499519639995,8.113426639943654,7.631487162447298,False,False,False,True,False,False
4.0,8649,28,,,70.8171206225681,3067,6.382521258497842,0,0,0,0,0,0,0,857.902647704937,1.6578405816984496,0.008375574984254466,9.065314599925925,6.755655583437048,False,False,False,True,False,False
1.0,3006,31,,,67.74193548387096,1572,6.528145312958054,0,0,0,0,0,0,0,2355.2894211576845,0.38710474308300397,0.002771362233641675,8.008698182988528,7.764843381521168,False,False,False,False,True,False
1.0,1458,44,,,77.5,3067,6.382521258497842,0,0,0,0,0,0,0,4903.978052126201,0.4144601454246124,0.001352735248897076,7.285506548522785,8.498005897397444,False,False,False,True,False,False
5.0,1278,17,,,69.23076923076923,3067,6.382521258497842,0,0,0,0,0,0,0,4929.577464788732,2.072300727123062,0.0010426509201582033,7.153833801578843,8.50321139299441,False,False,False,True,False,False
1.0,578,24,,,0.0,3067,6.382521258497842,0,0,0,0,0,0,0,12681.660899653978,0.4144601454246124,0.0005442452042912552,6.361302477572996,9.447991056106199,False,False,False,True,False,False
1.0,2160,37,,,70.73170731707317,447,5.588299776286353,0,0,0,0,0,0,0,3148.1481481481483,0.9291666666666667,0.0019097581784518881,7.6783263565068856,8.054887266087801,False,True,False,False,False,False
24.0,54575,17,,,80.38632986627043,3549,6.881313711751069,0,0,0,0,0,0,0,137.79202931745303,0.6693795528761618,0.05361216842209227,10.907349504658427,4.932976620757023,False,False,False,False,False,True
1.0,278,34,,,50.0,2188,6.320059610463039,0,0,0,0,0,0,0,23093.525179856115,0.9010309278350515,0.000223880913059156,5.631211781821365,10.04735086321868,True,False,False,False,False,False
26.0,187,31,,,0.0,3549,6.881313711751069,0,0,0,0,0,0,0,36096.25668449198,0.7251611822825086,0.0001556121890843748,5.236441962829949,10.49397214931409,False,False,False,False,False,True
3.0,1445,10,,,68.0,3067,6.382521258497842,0,0,0,0,0,0,0,4013.840830449827,1.2433804362738372,0.0010857149216549936,7.27655640271871,8.297752981871449,False,False,False,True,False,False
1.0,2428,22,,,69.04761904761905,2188,6.320059610463039,0,0,0,0,0,0,0,2392.9159802306426,0.9010309278350515,0.0018338056136760561,7.795234929002173,7.780685789524865,True,False,False,False,False,False
2.0,2727,17,,,60.37735849056604,3067,6.382521258497842,0,0,0,0,0,0,0,2346.901356802347,0.8289202908492248,0.0022709940745026342,7.911324018963353,7.761277168482148,False,False,False,True,False,False
1.0,1199,15,,,65.51724137931035,447,5.588299776286353,0,0,0,0,0,0,0,5729.7748123436195,0.9291666666666667,0.0010669175372637826,7.090076835776092,8.65360602087164,False,True,False,False,False,False
51.0,2378,39,,,79.41176470588235,3549,6.881313711751069,0,0,0,0,0,0,0,2973.0866274179984,1.4224315498618436,0.002187330231303439,7.774435510302958,7.997692254846721,False,False,False,False,False,True
10.0,1927,32,,,69.81132075471697,1572,6.528145312958054,0,0,0,0,0,0,0,3518.4224182667363,3.8710474308300395,0.001697712393897274,7.564238475170491,8.166052169408932,False,False,False,False,True,False
5.0,158,7,,,50.0,1572,6.528145312958054,0,0,0,0,0,0,0,37911.39240506329,1.9355237154150198,0.00011434731167924347,5.0689042022202315,10.543033314012282,False,False,False,False,True,False
1.0,658,51,,,83.33333333333334,3067,6.382521258497842,0,0,0,0,0,0,0,10258.358662613982,0.4144601454246124,0.0005709981925997588,6.490723534502507,9.235945608253866,False,False,False,True,False,False
1.0,9594,54,,,75.95744680851064,1572,6.528145312958054,0,0,0,0,0,0,0,746.2997706900146,0.38710474308300397,0.008965805276128528,9.1689974084418,6.6164664040848855,False,False,False,False,True,False
41.0,171,24,,,0.0,610,5.665348780241979,0,0,0,0,0,0,0,44269.005847953216,5.9730215827338125,0.00015982190427923698,5.147494476813453,10.698062657823607,False,False,True,False,False,False
2.0,1700,17,,,66.66666666666666,3067,6.382521258497842,0,0,0,0,0,0,0,3600.0,0.8289202908492248,0.0013500306832690918,7.438971592395862,8.188966863648876,False,False,False,True,False,False
12.0,149497,27,,,82.29064522455384,3549,6.881313711751069,0,0,0,0,0,0,0,49.03108423580406,0.3346897764380809,0.14316451864221838,11.915038293796972,3.9126444969783387,False,False,False,False,False,True
1.0,11965,20,,,64.42953020134227,1572,6.528145312958054,0,0,0,0,0,0,0,577.5177601337234,0.38710474308300397,0.010793034638910013,9.389824573949976,6.360469246480072,False,False,False,False,True,False
2.0,104,20,,,100.0,610,5.665348780241979,0,0,0,0,0,0,0,32115.384615384613,0.2913669064748201,3.607692109469493e-05,4.653960350157523,10.377121603051293,False,False,True,False,False,False
1.0,13008,15,,,75.35014005602241,2188,6.320059610463039,0,0,0,0,0,0,0,562.7306273062732,0.9010309278350515,0.0124315062257133,9.473396704601559,6.33457652624643,True,False,False,False,False,False
25.0,245,13,,,60.0,3549,6.881313711751069,0,0,0,0,0,0,0,29102.04081632653,0.6972703675793351,0.00021892776895495906,5.5053315359323625,10.27859794310673,False,False,False,False,False,True
2.0,818,12,,,73.91304347826086,3067,6.382521258497842,0,0,0,0,0,0,0,7420.5378973105135,0.8289202908492248,0.0006394302357549739,6.70808408385307,8.912141578473733,False,False,False,True,False,False
2.0,116,100,,,0.0,1572,6.528145312958054,0,0,0,0,0,0,0,61896.551724137935,0.7742094861660079,9.951270388207851e-05,4.762173934797756,11.033235905776394,False,False,False,False,True,False
5.0,1199,20,,,33.33333333333333,1572,6.528145312958054,0,0,0,0,0,0,0,5946.622185154295,1.9355237154150198,0.001107648034310534,7.090076835776092,8.690746785918051,False,False,False,False,True,False
1.0,11343,43,,,83.08977035490605,2188,6.320059610463039,0,0,0,0,0,0,0,695.5831790531605,0.9010309278350515,0.011683858455309573,9.336444248771908,6.546187210429845,True,False,False,False,False,False
1.0,52,15,,,100.0,1572,6.528145312958054,0,0,0,0,0,0,0,75576.92307692308,0.38710474308300397,1.7393206853065636e-05,3.970291913552122,11.232919496728643,False,False,False,False,True,False
1.0,109,37,,,0.0,2188,6.320059610463039,0,0,0,0,0,0,0,66238.53211009175,0.9010309278350515,9.351562357654855e-05,4.700480365792417,11.101032725478817,True,False,False,False,False,False
4.0,13855,14,,,79.65367965367966,3067,6.382521258497842,0,0,0,0,0,0,0,521.1115120894984,1.6578405816984496,0.013060551607285984,9.536473630802217,6.257881189760659,False,False,False,True,False,False
1.0,549,6,,,60.0,3067,6.382521258497842,0,0,0,0,0,0,0,11001.821493624773,0.4144601454246124,0.0004239403763233712,6.309918278226516,9.30590701831059,False,False,False,True,False,False
25.0,136279,15,,,82.81849753244379,3549,6.881313711751069,0,0,0,0,0,0,0,56.94200867338328,0.6972703675793351,0.13816199073751856,11.822466871774903,4.059442659903606,False,False,False,False,False,True
26.0,406,17,,,62.5,3549,6.881313711751069,0,0,0,0,0,0,0,15714.285714285716,0.7251611822825086,0.00032912640603759814,6.008813185442595,9.66238913005817,False,False,False,False,False,True
10.0,75,57,,,0.0,3549,6.881313711751069,0,0,0,0,0,0,0,72933.33333333334,0.27890814703173405,4.42938357006814e-05,4.330733340286331,11.197314771919594,False,False,False,False,False,True
1.0,282,50,,,20.0,2188,6.320059610463039,0,0,0,0,0,0,0,22127.659574468085,0.9010309278350515,0.00022060407702293182,5.645446897643238,10.004628860694048,True,False,False,False,False,False
1.0,19762,12,,,81.77290836653387,610,5.665348780241979,0,0,0,0,0,0,0,365.3476368788584,0.14568345323741005,0.018632811286885258,9.891566781640435,5.903582710138488,False,False,True,False,False,False
,79,11,,,0.0,610,5.665348780241979,0,0,0,0,0,0,0,75949.3670886076,,5.262311390280634e-05,4.382026634673881,11.237835341305294,False,False,True,False,False,False
1.0,518,30,,,57.89473684210527,2188,6.320059610463039,0,0,0,0,0,0,0,9845.559845559845,0.9010309278350515,0.00033585776937835856,6.251903883165888,9.194877418904777,True,False,False,False,False,False
1.0,34,49,,,0.0,3067,6.382521258497842,0,0,0,0,0,0,0,205882.35294117645,0.4144601454246124,2.1788452636900663e-05,3.5553480614894135,12.235065039534486,False,False,False,True,False,False
3.0,3073,31,,,73.17073170731707,1572,6.528145312958054,0,0,0,0,0,0,0,2053.368044256427,1.161314229249012,0.002524181920438693,8.03073492409854,7.627723558592941,False,False,False,False,True,False
2.0,1397,22,,,53.125,3067,6.382521258497842,0,0,0,0,0,0,0,4466.714387974231,0.8289202908492248,0.0011296517008520222,7.242797922793756,8.404632234236791,False,False,False,True,False,False
12.0,265791,5,,,79.65808016633937,3549,6.881313711751069,0,0,0,0,0,0,0,28.857260027615684,0.3346897764380809,0.2663468946877882,12.490469326990425,3.3964280272717007,False,False,False,False,False,True
1.0,107,8,,,100.0,2188,6.320059610463039,0,0,0,0,0,0,0,47102.80373831776,0.9010309278350515,6.115229478178229e-05,4.68213122712422,10.760109035519019,True,False,False,False,False,False
1.0,348,51,,,87.5,3067,6.382521258497842,0,0,0,0,0,0,0,17844.827586206895,0.4144601454246124,0.0002730491322438409,5.855071922202427,9.789525011212424,False,False,False,True,False,False
,1167,8,,,0.0,3549,6.881313711751069,0,0,0,0,0,0,0,6075.407026563838,,0.0010717387194701888,7.0630481633881725,8.712168850702373,False,False,False,False,False,True
1.0,8126,7,,,83.9622641509434,610,5.665348780241979,0,0,0,0,0,0,0,360.571006645336,0.14568345323741005,0.0031014890922033867,9.002947130753205,5.890458444565919,False,False,True,False,False,False
3.0,2445,21,,,60.0,3067,6.382521258497842,0,0,0,0,0,0,0,2699.3865030674847,1.2433804362738372,0.002099077772410775,7.802209316247118,7.9011501910317925,False,False,False,True,False,False
13.0,15796,28,,,77.2823779193206,3549,6.881313711751069,0,0,0,0,0,0,0,411.496581413016,0.3625805911412543,0.01340559930617213,9.667575327569097,6.022227918256797,False,False,False,False,False,True
1.0,9729,25,,,80.0,3067,6.382521258497842,0,0,0,0,0,0,0,807.8939253777368,0.4144601454246124,0.009981898823581163,9.18296917518005,6.6956677902636486,False,False,False,True,False,False
2.0,1383,7,,,69.81132075471697,3067,6.382521258497842,0,0,0,0,0,0,0,4389.009399855387,0.8289202908492248,0.0010875192719604263,7.232733136177615,8.387086647264052,False,False,False,True,False,False
1.0,13415,84,,,76.4775413711584,1572,6.528145312958054,0,0,0,0,0,0,0,523.2948192322027,0.38710474308300397,0.012294937420481093,9.504203303503045,6.262054158225457,False,False,False,False,True,False
12.0,53,19,,,0.0,610,5.665348780241979,0,0,0,0,0,0,0,135660.37735849057,1.7482014388489209,4.048131275263424e-05,3.9889840465642745,11.817917187467035,False,False,True,False,False,False
1.0,9461,26,,,33.33333333333333,2188,6.320059610463039,0,0,0,0,0,0,0,780.0443927703202,0.9010309278350515,0.009113333451644563,9.155039056191093,6.66063198915941,True,False,False,False,False,False
1.0,329,18,,,42.857142857142854,2188,6.320059610463039,0,0,0,0,0,0,0,19604.8632218845,0.9010309278350515,0.00026794965415397526,5.799092654460526,9.883583944457671,True,False,False,False,False,False
1.0,580,45,,,50.0,610,5.665348780241979,0,0,0,0,0,0,0,9189.655172413793,0.14568345323741005,0.0003946004121967959,6.364750756851911,9.125942504692569,False,False,True,False,False,False
13.0,10399,9,,,77.61194029850746,3549,6.881313711751069,0,0,0,0,0,0,0,573.1320319261467,0.3625805911412543,0.008088454638838033,9.249561085129464,6.352859390646103,False,False,False,False,False,True
1.0,1658,16,,,77.61194029850746,447,5.588299776286353,0,0,0,0,0,0,0,3648.97466827503,0.9291666666666667,0.0013012831742932045,7.413970290190444,8.202475506353831,False,True,False,False,False,False
1.0,52,64,,,0.0,3067,6.382521258497842,0,0,0,0,0,0,0,94807.6923076923,0.4144601454246124,2.418728475911265e-05,3.970291913552122,11.459616375049162,False,False,False,True,False,False
1.0,37,26,,,0.0,447,5.588299776286353,0,0,0,0,0,0,0,170270.27027027027,0.9291666666666667,2.114824144960008e-05,3.6375861597263857,12.045148151716164,False,True,False,False,False,False
4.0,10574,14,,,79.24528301886792,3067,6.382521258497842,0,0,0,0,0,0,0,608.0953281634197,1.6578405816984496,0.008874056480221135,9.266248003914479,6.411974787748043,False,False,False,True,False,False
1.0,100,16,,,0.0,2188,6.320059610463039,0,0,0,0,0,0,0,71700.0,0.9010309278350515,8.437236257914143e-05,4.61512051684126,11.180259973491848,True,False,False,False,False,False
1.0,1664,65,,,66.10169491525424,3067,6.382521258497842,0,0,0,0,0,0,0,4194.711538461539,0.4144601454246124,0.001508217721776962,7.417580402414544,8.341818220361203,False,False,False,True,False,False
1.0,4513,19,,,82.05128205128204,3067,6.382521258497842,0,0,0,0,0,0,0,1489.0316862397517,0.4144601454246124,0.003953124144619493,8.414938957377482,7.306552664646107,False,False,False,True,False,False
4.0,958,12,,,67.85714285714286,3067,6.382521258497842,0,0,0,0,0,0,0,6252.609603340293,1.6578405816984496,0.0007404477217903452,6.8658910748834385,8.740914112554854,False,False,False,True,False,False
1.0,1218,38,,,69.56521739130434,2188,6.320059610463039,0,0,0,0,0,0,0,5541.871921182266,0.9010309278350515,0.0010648753942316379,7.105786129481271,8.620268042745174,True,False,False,False,False,False
13.0,1087,41,,,78.57142857142857,1572,6.528145312958054,0,0,0,0,0,0,0,5942.96228150874,5.032361660079052,0.0009081569217942288,6.992096427415888,8.690131240736267,False,False,False,False,True,False
1.0,392,27,,,72.72727272727273,2188,6.320059610463039,0,0,0,0,0,0,0,13673.469387755104,0.9010309278350515,0.0002652150377967914,5.973809611869261,9.523285824910696,True,False,False,False,False,False
1.0,140,30,,,66.66666666666666,1572,6.528145312958054,0,0,0,0,0,0,0,45428.57142857143,0.38710474308300397,0.0001070279992889213,4.948759890378168,10.723918525043343,False,False,False,False,True,False
1.0,5321,4,,,77.35849056603774,447,5.588299776286353,0,0,0,0,0,0,0,1266.6791956399175,0.9291666666666667,0.0046764556488867876,8.579604451537634,7.144943102703223,False,True,False,False,False,False
2.0,1135,18,,,62.06896551724138,3067,6.382521258497842,0,0,0,0,0,0,0,5409.691629955947,0.8289202908492248,0.000901216509902513,7.035268599281097,8.596132206544729,False,False,False,True,False,False
3.0,18575,27,,,73.91304347826086,3067,6.382521258497842,0,0,0,0,0,0,0,425.8411843876178,1.2433804362738372,0.01918765357874292,9.829625703937673,6.056412010525738,False,False,False,True,False,False
3.0,1934,38,,,71.66666666666667,3067,6.382521258497842,0,0,0,0,0,0,0,3293.6918304033093,1.2433804362738372,0.0016003114477934292,7.5678626054638825,8.10006791612975,False,False,False,True,False,False
1.0,11797,17,,,78.66043613707166,1572,6.528145312958054,0,0,0,0,0,0,0,634.0595066542342,0.38710474308300397,0.01151992388820388,9.37568530456302,6.453718705768575,False,False,False,False,True,False
6.0,830,17,,,82.6086956521739,3067,6.382521258497842,0,0,0,0,0,0,0,6722.89156626506,2.4867608725476744,0.000595809642491265,6.7226297948554485,8.813422368025046,False,False,False,True,False,False
3.0,8003,8,,,76.81159420289855,3067,6.382521258497842,0,0,0,0,0,0,0,840.9346495064352,1.2433804362738372,0.007027814151730268,8.987696695703624,6.735702397817465,False,False,False,True,False,False
12.0,12825,31,,,76.90058479532163,3549,6.881313711751069,0,0,0,0,0,0,0,563.7426900584795,0.3346897764380809,0.012105676621427164,9.459229639708807,6.336370211587458,False,False,False,False,False,True
12.0,122031,27,,,82.20805563604753,3549,6.881313711751069,0,0,0,0,0,0,0,61.705632175430836,0.3346897764380809,0.12004902999558151,11.71203858440402,4.138451270963983,False,False,False,False,False,True
4.0,173264,20,,,83.03474061380277,3549,6.881313711751069,0,0,0,0,0,0,0,46.5186074429772,0.11156325881269362,0.18245190519924845,12.06257749339089,3.8611213699738465,False,False,False,False,False,True
1.0,57840,51,,,72.70386266094421,2188,6.320059610463039,0,0,0,0,0,0,0,120.850622406639,0.9010309278350515,0.05281485724874879,10.965453145756499,4.802795888032228,True,False,False,False,False,False
1.0,56,18,,,0.0,3067,6.382521258497842,0,0,0,0,0,0,0,89285.71428571429,0.4144601454246124,2.72759770994771e-05,4.04305126783455,11.399607979600505,False,False,False,True,False,False
1.0,194561,35,,,82.80843002604783,2188,6.320059610463039,0,0,0,0,0,0,0,42.19756271811926,0.9010309278350515,0.20869245932756253,12.178506157312368,3.7657840750964233,True,False,False,False,False,False
1.0,187,5,,,0.0,2188,6.320059610463039,0,0,0,0,0,0,0,36363.63636363636,0.9010309278350515,0.0001568338165540198,5.236441962829949,10.50135205291363,True,False,False,False,False,False
2.0,8973,37,,,68.62745098039215,610,5.665348780241979,0,0,0,0,0,0,0,762.2868605817453,0.2913669064748201,0.008009706049693173,9.102086786535928,6.6376339246928735,False,False,True,False,False,False
1.0,81,22,,,0.0,2188,6.320059610463039,0,0,0,0,0,0,0,55555.555555555555,0.9010309278350515,3.83163536968035e-05,4.406719247264253,10.92515679990611,True,False,False,False,False,False
12.0,10837,31,,,0.0,3549,6.881313711751069,0,0,0,0,0,0,0,637.6303405001385,0.3346897764380809,0.009774644170503756,9.29081375612606,6.459325790113767,False,False,False,False,False,True
26.0,8315,9,,,77.55102040816327,3549,6.881313711751069,0,0,0,0,0,0,0,820.2044497895371,0.7251611822825086,0.007399934944518568,9.025936648977904,6.710772103772983,False,False,False,False,False,True
1.0,60753,23,,,76.94221730716063,2188,6.320059610463039,0,0,0,0,0,0,0,125.26130396852832,0.9010309278350515,0.06039662094892124,11.014588202656597,4.838353600531709,True,False,False,False,False,False
12.0,33053,8,,,79.72665148063781,3549,6.881313711751069,0,0,0,0,0,0,0,227.2108431912383,0.3346897764380809,0.03242301121692413,10.405897866700771,5.43026995247457,False,False,False,False,False,True
1.0,1705,40,,,75.67567567567568,2188,6.320059610463039,0,0,0,0,0,0,0,4287.390029325513,0.9010309278350515,0.001619121897719075,7.441906728051625,8.36366665694569,True,False,False,False,False,False
50.0,7004,14,,,75.625,3549,6.881313711751069,0,0,0,0,0,0,0,1063.6778983438035,1.3945407351586703,0.006808262217642916,8.854379458771108,6.970427589528789,False,False,False,False,False,True
13.0,20640,27,,,81.42201834862385,3549,6.881313711751069,0,0,0,0,0,0,0,370.63953488372096,0.3625805911412543,0.020620648731705365,9.935034668034257,5.917924392248598,False,False,False,False,False,True
1.0,571,24,,,70.58823529411765,447,5.588299776286353,0,0,0,0,0,0,0,10472.854640980735,0.9291666666666667,0.0004368256063828781,6.349138991379798,9.256637396662239,False,True,False,False,False,False
42.0,3746,14,,,71.42857142857143,3549,6.881313711751069,0,0,0,0,0,0,0,1801.922050186866,1.1714142175332831,0.003294378190169835,8.228710798793687,7.4971639888726465,False,False,False,False,False,True
26.0,12662,9,,,80.34682080924856,3549,6.881313711751069,0,0,0,0,0,0,0,552.0454904438478,0.7251611822825086,0.011554654691838213,9.44643963445061,6.315440259339516,False,False,False,False,False,True
3.0,3126,17,,,81.72043010752688,3067,6.382521258497842,0,0,0,0,0,0,0,1970.5694177863083,1.2433804362738372,0.0025066126962843445,8.047829357457841,7.586585163342645,False,False,False,True,False,False
1.0,3280,27,,,70.73170731707317,1572,6.528145312958054,0,0,0,0,0,0,0,2067.0731707317073,0.38710474308300397,0.002896258290409915,8.0959035329611,7.6343726173678075,False,False,False,False,True,False
13.0,11582,30,,,79.68397291196389,3549,6.881313711751069,0,0,0,0,0,0,0,545.674322224141,0.3625805911412543,0.009554433733480893,9.357293784932345,6.303853236120629,False,False,False,False,False,True
13.0,274,28,,,25.0,3549,6.881313711751069,0,0,0,0,0,0,0,25182.481751824816,0.3625805911412543,0.00023770947470484866,5.616771097666572,10.133943572535918,False,False,False,False,False,True
1.0,89424,16,,,85.44834005584859,2188,6.320059610463039,0,0,0,0,0,0,0,93.03989980318482,0.9010309278350515,0.09719927210793801,11.401155564127219,4.543719158201127,True,False,False,False,False,False
2.0,2247,65,,,66.66666666666666,3067,6.382521258497842,0,0,0,0,0,0,0,2986.2038273253224,0.8289202908492248,0.0019606314498803023,7.717796211013582,8.002093054028377,False,False,False,True,False,False
1.0,17570,34,,,79.06371911573473,3067,6.382521258497842,0,0,0,0,0,0,0,377.3477518497439,0.4144601454246124,0.015210615953861169,9.774005094757891,5.935813751137266,False,False,False,True,False,False
2.0,7095,40,,,68.68131868131869,1572,6.528145312958054,0,0,0,0,0,0,0,941.5081042988019,0.7742094861660079,0.0061830502638733735,8.867286523989415,6.8485445180107165,False,False,False,False,True,False
1.0,1396,23,,,75.0,2188,6.320059610463039,0,0,0,0,0,0,0,5393.982808022924,0.9010309278350515,0.0013641257818172525,7.242082359256962,8.593224691037097,True,False,False,False,False,False
1.0,51816,59,,,76.8318213538032,1572,6.528145312958054,0,0,0,0,0,0,0,143.19901188821984,0.38710474308300397,0.05022436941502099,10.855473559734735,4.97119437245719,False,False,False,False,True,False
13.0,222994,56,,,84.42895086321381,3549,6.881313711751069,0,0,0,0,0,0,0,37.26557665228661,0.3625805911412543,0.2421055162750767,12.314904628666225,3.644550710115317,False,False,False,False,False,True
1.0,41547,39,,,80.20164986251146,2188,6.320059610463039,0,0,0,0,0,0,0,193.51577731244132,0.9010309278350515,0.043634526717043515,10.634604664347702,5.2705132770562875,True,False,False,False,False,False
4.0,3981,26,,,74.24242424242425,1572,6.528145312958054,0,0,0,0,0,0,0,1723.1851293644813,1.5484189723320159,0.003558845511983376,8.289539484624141,7.452509829080519,False,False,False,False,True,False
3.0,451,7,,,50.0,3067,6.382521258497842,0,0,0,0,0,0,0,12838.137472283814,1.2433804362738372,0.00033187147482232986,6.113682179832232,9.46025339993183,False,False,False,True,False,False
1.0,342,37,,,80.0,2188,6.320059610463039,0,0,0,0,0,0,0,18567.2514619883,0.9010309278350515,0.0002744366920008066,5.8377304471659395,9.829208490623682,True,False,False,False,False,False
25.0,1385,19,,,79.41176470588235,3549,6.881313711751069,0,0,0,0,0,0,0,4981.949458483755,0.6972703675793351,0.0012393002789349602,7.234177179749849,8.513777255441235,False,False,False,False,False,True
1.0,2963,32,,,83.9080459770115,3067,6.382521258497842,0,0,0,0,0,0,0,2055.3493081336483,0.4144601454246124,0.002348325053161327,7.994294986415977,7.628687509096366,False,False,False,True,False,False
6.0,44,13,,,0.0,1572,6.528145312958054,0,0,0,0,0,0,0,128863.63636363637,2.322628458498024,2.328837599000489e-05,3.8066624897703196,11.766517801896658,False,False,False,False,True,False
1.0,7187,87,,,69.23076923076923,3067,6.382521258497842,0,0,0,0,0,0,0,1053.2906636983441,0.4144601454246124,0.007099073576537154,8.88016824790345,6.96062346309301,False,False,False,True,False,False
1.0,10764,17,,,66.52631578947368,3067,6.382521258497842,0,0,0,0,0,0,0,641.025641025641,0.4144601454246124,0.009694673953889253,9.284055409798464,6.464628242184684,False,False,False,True,False,False
1.0,288,16,,,100.0,3067,6.382521258497842,0,0,0,0,0,0,0,20659.722222222223,0.4144601454246124,0.00021458347875541938,5.666426688112432,9.935989699575806,False,False,False,True,False,False
6.0,18524,31,,,73.38709677419355,1572,6.528145312958054,0,0,0,0,0,0,0,347.11725329302527,2.322628458498024,0.015552961700226218,9.826876450164288,5.852539357774781,False,False,False,False,True,False
1.0,81,37,,,0.0,2188,6.320059610463039,0,0,0,0,0,0,0,69506.17283950618,0.9010309278350515,5.027523736488971e-05,4.406719247264253,11.149185232551307,True,False,False,False,False,False
1.0,5914,54,,,61.82795698924731,1572,6.528145312958054,0,0,0,0,0,0,0,1244.504565437944,0.38710474308300397,0.005677732880290467,8.685246776412487,7.127296000241839,False,False,False,False,True,False
13.0,623,18,,,44.44444444444444,3549,6.881313711751069,0,0,0,0,0,0,0,10706.26003210273,0.3625805911412543,0.000533619005135509,6.436150368369428,9.278677298040888,False,False,False,False,False,True
3.0,25693,24,,,77.31843575418993,1572,6.528145312958054,0,0,0,0,0,0,0,233.5266414976842,1.161314229249012,0.020132259054536063,10.154012780591556,5.457569191231457,False,False,False,False,True,False
12.0,92252,35,,,80.07518796992481,3549,6.881313711751069,0,0,0,0,0,0,0,74.25313272340979,0.3346897764380809,0.08255522774361011,11.432290081699202,4.320857533638322,False,False,False,False,False,True
13.0,386048,5,,,83.67060709276699,3549,6.881313711751069,0,0,0,0,0,0,0,20.386065981432363,0.3625805911412543,0.3969474670079425,12.863719583395568,3.062739587592605,False,False,False,False,False,True
1.0,1963,56,,,65.57377049180327,2188,6.320059610463039,0,0,0,0,0,0,0,3718.7977585328576,0.9010309278350515,0.0018629704996412067,7.582738488914411,8.221424579803518,True,False,False,False,False,False
1.0,1228,15,,,75.0,3067,6.382521258497842,0,0,0,0,0,0,0,4788.273615635179,0.4144601454246124,0.0009341076862884414,7.113956109566034,8.474134032900361,False,False,False,True,False,False
13.0,75517,19,,,80.33886339569362,3549,6.881313711751069,0,0,0,0,0,0,0,91.23773454983645,0.3625805911412543,0.06797225299378348,11.232126317417853,4.5243693152714695,False,False,False,False,False,True
26.0,9852,12,,,83.94160583941606,3549,6.881313711751069,0,0,0,0,0,0,0,752.1315468940317,0.7251611822825086,0.009528966393760765,9.195531256322475,6.624239909612564,False,False,False,False,False,True
1.0,623,68,,,16.666666666666664,2188,6.320059610463039,0,0,0,0,0,0,0,11091.492776886036,0.9010309278350515,0.0005531545922222811,6.436150368369428,9.314023832081885,True,False,False,False,False,False
1.0,6807,14,,,69.90881458966565,447,5.588299776286353,0,0,0,0,0,0,0,1087.116203907742,0.9291666666666667,0.0065720373550634354,8.82585367025321,6.992203226774897,False,True,False,False,False,False
13.0,33466,40,,,77.1356783919598,3549,6.881313711751069,0,0,0,0,0,0,0,233.66999342616387,0.3625805911412543,0.034183734396326076,10.418315157681416,5.458180243921395,False,False,False,False,False,True
12.0,92269,15,,,78.19261773440815,3549,6.881313711751069,0,0,0,0,0,0,0,68.60375640789431,0.3346897764380809,0.07630161481532881,11.432474340572602,4.242818537261764,False,False,False,False,False,True
1.0,472,50,,,66.66666666666666,1572,6.528145312958054,0,0,0,0,0,0,0,15529.661016949152,0.38710474308300397,0.00044272861484047815,6.159095388491933,9.650571479110011,False,False,False,False,True,False
23.0,72750,22,,,80.25316455696202,3549,6.881313711751069,0,0,0,0,0,0,0,100.20618556701031,0.6414887381729883,0.06928342771678361,11.194797930643736,4.617159877189138,False,False,False,False,False,True
3.0,8561,33,,,76.68161434977578,3067,6.382521258497842,0,0,0,0,0,0,0,867.8892652727485,1.2433804362738372,0.008301447674639162,9.055089086704891,6.767215689381398,False,False,False,True,False,False
,5400,38,,,0.0,1572,6.528145312958054,0,0,0,0,0,0,0,1429.6296296296296,,0.005437452475822453,8.594339400592892,7.265869926790458,False,False,False,False,True,False
1.0,1522,20,,,66.12903225806451,3067,6.382521258497842,0,0,0,0,0,0,0,4080.1576872536134,0.4144601454246124,0.0012255971464198408,7.328437352895162,8.314135974025561,False,False,False,True,False,False
1.0,64,25,,,100.0,610,5.665348780241979,0,0,0,0,0,0,0,71093.75,0.14568345323741005,2.873931695616415e-05,4.174387269895637,11.171768773402603,False,False,True,False,False,False
,1262,25,,,0.0,3549,6.881313711751069,0,0,0,0,0,0,0,5131.622814988407,,0.0010585187878583283,7.141245122350491,8.543372077489098,False,False,False,False,False,True
1.0,418,35,,,75.0,3067,6.382521258497842,0,0,0,0,0,0,0,13779.904306220094,0.4144601454246124,0.0003052687401598254,6.037870919922137,9.531039166958728,False,False,False,True,False,False
263.0,95,16,,,50.0,3549,6.881313711751069,0,0,0,0,0,0,0,72000.0,7.335284266934606,7.559232343901913e-05,4.564348191467836,11.184435286790631,False,False,False,False,False,True
2.0,677,18,,,60.0,1572,6.528145312958054,0,0,0,0,0,0,0,9158.050221565732,0.7742094861660079,0.000539105223044642,6.519147287940395,9.12249776469025,False,False,False,False,True,False
13.0,55402,28,,,79.77142857142857,3549,6.881313711751069,0,0,0,0,0,0,0,144.5796180643298,0.3625805911412543,0.05797161725468309,10.922389022893778,4.9807231401417456,False,False,False,False,False,True
75.0,250,10,,,40.0,3549,6.881313711751069,0,0,0,0,0,0,0,26719.999999999996,2.0918111027380055,0.0002088869057418877,5.5254529391317835,10.193205052099978,False,False,False,False,False,True
25.0,39,9,,,0.0,3549,6.881313711751069,0,0,0,0,0,0,0,141025.64102564103,0.6972703675793351,1.87180520447448e-05,3.6888794541139363,11.856704094957003,False,False,False,False,False,True
1.0,104,7,,,100.0,447,5.588299776286353,0,0,0,0,0,0,0,55000.0,0.9291666666666667,6.841673192747871e-05,4.653960350157523,10.915106645867503,False,True,False,False,False,False
1.0,736,54,,,50.0,1572,6.528145312958054,0,0,0,0,0,0,0,8423.91304347826,0.38710474308300397,0.0005868989480067958,6.602587892189336,9.038948433918426,False,False,False,False,True,False
1.0,20335,40,,,0.0,2188,6.320059610463039,0,0,0,0,0,0,0,318.4710102048375,0.9010309278350515,0.01719691114662883,9.920147993429236,5.7666665348177935,True,False,False,False,False,False
6.0,3244,32,,,77.0,3067,6.382521258497842,0,0,0,0,0,0,0,2130.086313193588,2.4867608725476744,0.002919467905779726,8.08487062913819,7.6643871348886865,False,False,False,True,False,False
24.0,231079,23,,,82.73305084745762,3549,6.881313711751069,0,0,0,0,0,0,0,34.057616659237745,0.6693795528761618,0.23759942119054417,12.350519249895202,3.55699289826735,False,False,False,False,False,True
3.0,6850,14,,,80.0,3067,6.382521258497842,0,0,0,0,0,0,0,772.2627737226278,1.2433804362738372,0.004725184866114466,8.832149906002899,6.650618930953632,False,False,False,True,False,False
1.0,209,27,,,66.66666666666666,3067,6.382521258497842,0,0,0,0,0,0,0,27894.736842105263,0.4144601454246124,0.00014989209810886057,5.3471075307174685,10.236229154775906,False,False,False,True,False,False
2.0,3706,8,,,75.1937984496124,3067,6.382521258497842,0,0,0,0,0,0,0,1691.8510523475443,0.8289202908492248,0.003026681068244035,8.217978203150732,7.4341693997321086,False,False,False,True,False,False
1.0,713,21,,,0.0,3067,6.382521258497842,0,0,0,0,0,0,0,9082.900410259985,0.4144601454246124,0.0005939889600931626,6.570882962339584,9.114258939961916,False,False,False,True,False,False
1.0,619,14,,,52.94117647058824,2188,6.320059610463039,0,0,0,0,0,0,0,8691.437802907914,0.9010309278350515,0.00042580352153376023,6.429719478039138,9.070208708597047,True,False,False,False,False,False
1.0,359,17,,,44.44444444444444,2188,6.320059610463039,0,0,0,0,0,0,0,11894.150417827297,0.9010309278350515,0.0001909779776922364,5.886104031450156,9.38388606812388,True,False,False,False,False,False
1.0,45,7,,,0.0,610,5.665348780241979,0,0,0,0,0,0,0,114222.2222222222,0.14568345323741005,2.0913061829775374e-05,3.828641396489095,11.645909902486517,False,False,True,False,False,False
1.0,448,27,,,50.0,2188,6.320059610463039,0,0,0,0,0,0,0,11562.5,0.9010309278350515,0.00029389649898785747,6.1070228877422545,9.355608864567426,True,False,False,False,False,False
52.0,144898,19,,,80.99588853357697,610,5.665348780241979,0,0,0,0,0,0,0,53.55491449157338,7.575539568345324,0.14690066962183435,11.88379222697371,3.999207799725637,False,False,True,False,False,False
1.0,926,37,,,74.28571428571429,2188,6.320059610463039,0,0,0,0,0,0,0,7645.788336933046,0.9010309278350515,0.0008472793706491606,6.831953565565855,8.942041013431783,True,False,False,False,False,False
1.0,1024,32,,,72.22222222222221,3067,6.382521258497842,0,0,0,0,0,0,0,4960.9375,0.4144601454246124,0.0006703511295481486,6.932447891572509,8.50955156844489,False,False,False,True,False,False
12.0,63,27,,,0.0,610,5.665348780241979,0,0,0,0,0,0,0,66984.12698412698,1.7482014388489209,2.5428510530409693e-05,4.1588830833596715,11.112225888419179,False,False,True,False,False,False
26.0,66036,4,,,83.01886792452831,3549,6.881313711751069,0,0,0,0,0,0,0,112.2115209885517,0.7251611822825086,0.06392384880671248,11.097970469988296,4.7292579361075475,False,False,False,False,False,True
195.0,101,16,,,50.0,3549,6.881313711751069,0,0,0,0,0,0,0,55940.59405940594,5.438708867118814,6.525095293394951e-05,4.624972813284271,10.932063462227783,False,False,False,False,False,True
2.0,14342,19,,,70.29972752043598,3067,6.382521258497842,0,0,0,0,0,0,0,550.132478036536,0.8289202908492248,0.014775439585337537,9.571017297294214,6.311975212262004,False,False,False,True,False,False
13.0,33275,11,,,81.80851063829788,3549,6.881313711751069,0,0,0,0,0,0,0,216.67918858001502,0.3625805911412543,0.03133657544518193,10.412591695403778,5.383022366886341,False,False,False,False,False,True
1.0,424,27,,,57.14285714285714,1572,6.528145312958054,0,0,0,0,0,0,0,15353.773584905659,0.38710474308300397,0.0003513325883628241,6.052089168924417,9.639181687400248,False,False,False,False,True,False
2.0,1049,17,,,65.71428571428571,3067,6.382521258497842,0,0,0,0,0,0,0,5424.213536701622,0.8289202908492248,0.000770549406574464,6.956545443151569,8.598812539237999,False,False,False,True,False,False
7.0,15703,31,,,71.8562874251497,1572,6.528145312958054,0,0,0,0,0,0,0,434.31191492071576,2.709733201581028,0.013983156029644526,9.661670735956298,6.0760628199289215,False,False,False,False,True,False
12.0,104192,12,,,80.00628733102798,3549,6.881313711751069,0,0,0,0,0,0,0,59.31357493857494,0.3346897764380809,0.08412052580481183,11.554000227541948,4.099557201756131,False,False,False,False,False,True
1.0,863,69,,,72.0,1572,6.528145312958054,0,0,0,0,0,0,0,7103.128621089224,0.38710474308300397,0.0006818840767936633,6.761572768804055,8.868431389954223,False,False,False,False,True,False
7.0,20337,43,,,69.32409012131716,1572,6.528145312958054,0,0,0,0,0,0,0,352.55937453901754,2.709733201581028,0.019042370062042766,9.920246336351083,5.868051433153445,False,False,False,False,True,False
26.0,190197,29,,,85.6467554791577,3549,6.881313711751069,0,0,0,0,0,0,0,44.74308217269463,0.7251611822825086,0.21146635852057785,12.155820913791032,3.8230405709482373,False,False,False,False,False,True
1.0,7755,22,,,83.54430379746836,2188,6.320059610463039,0,0,0,0,0,0,0,958.0915538362347,0.9010309278350515,0.007519007692589258,8.956222016362542,6.865986538351927,True,False,False,False,False,False
13.0,73,43,,,0.0,3549,6.881313711751069,0,0,0,0,0,0,0,70821.91780821916,0.3625805911412543,4.000311419232401e-05,4.30406509320417,11.167937925159166,False,False,False,False,False,True
26.0,295,20,,,72.22222222222221,3549,6.881313711751069,0,0,0,0,0,0,0,21457.627118644068,0.7251611822825086,0.00023467173794877955,5.69035945432406,9.973882040170144,False,False,False,False,False,True
1.0,1532,13,,,69.87951807228916,447,5.588299776286353,0,0,0,0,0,0,0,4275.456919060052,0.9291666666666667,0.0013017665990672886,7.334981878871814,8.360880123091935,False,True,False,False,False,False
1.0,64,19,,,0.0,3067,6.382521258497842,0,0,0,0,0,0,0,89843.75,0.4144601454246124,3.87736474020182e-05,4.174387269895637,11.4058384597867,False,False,False,True,False,False
1.0,100,55,,,0.0,3067,6.382521258497842,0,0,0,0,0,0,0,56700.0,0.4144601454246124,6.477406092708273e-05,4.61512051684126,10.945547126244623,False,False,False,True,False,False
1.0,5223,40,,,70.27027027027027,2188,6.320059610463039,0,0,0,0,0,0,0,1397.6641776756653,0.9010309278350515,0.0049723063844124915,8.561018670956267,7.2432729013009745,True,False,False,False,False,False
1.0,2153,12,,,77.77777777777779,3067,6.382521258497842,0,0,0,0,0,0,0,2907.5708313980494,0.4144601454246124,0.0017516364676161914,7.675081857716334,7.975417116294112,False,False,False,True,False,False
26.0,106888,18,,,86.56084656084656,3549,6.881313711751069,0,0,0,0,0,0,0,77.09003817079561,0.7251611822825086,0.11506631728040535,11.579546191812124,4.357862496479632,False,False,False,False,False,True
1.0,1609,10,,,64.91228070175438,1572,6.528145312958054,0,0,0,0,0,0,0,3548.788067122436,0.38710474308300397,0.0011910740847830175,7.383989457978509,8.174643181285251,False,False,False,False,True,False
12.0,82205,8,,,80.96609085092771,3549,6.881313711751069,0,0,0,0,0,0,0,84.78802992518703,0.3346897764380809,0.0748521348775701,11.316983571081163,4.451879485399845,False,False,False,False,False,True
25.0,70987,11,,,80.76740881099005,3549,6.881313711751069,0,0,0,0,0,0,0,109.31579021510981,0.6972703675793351,0.07196338049099962,11.170266127654456,4.70334707299543,False,False,False,False,False,True
1.0,326,77,,,60.0,2188,6.320059610463039,0,0,0,0,0,0,0,11748.466257668711,0.9010309278350515,0.0001538261305271505,5.7899601708972535,9.371563093661305,True,False,False,False,False,False
1.0,20397,40,,,70.63142437591777,1572,6.528145312958054,0,0,0,0,0,0,0,385.35078688042364,0.38710474308300397,0.02093741216164726,9.923192135810464,5.956745731081087,False,False,False,False,True,False
25.0,236,28,,,75.0,3549,6.881313711751069,0,0,0,0,0,0,0,25932.20338983051,0.6972703675793351,0.0001794006076296436,5.4680601411351315,10.163279410810905,False,False,False,False,False,True
52.0,13469,26,,,81.45025295109612,3549,6.881313711751069,0,0,0,0,0,0,0,574.6529066745861,1.4503223645650172,0.013611519968183754,9.50822026940441,6.3555048864851695,False,False,False,False,False,True
3.0,2223,24,,,85.71428571428571,3067,6.382521258497842,0,0,0,0,0,0,0,2793.5222672064774,1.2433804362738372,0.001794367297984897,7.707062655370473,7.935416446903621,False,False,False,True,False,False
1.0,686,20,,,71.42857142857143,3067,6.382521258497842,0,0,0,0,0,0,0,8454.810495626823,0.4144601454246124,0.000510543964770375,6.532334292222349,9.042609116658793,False,False,False,True,False,False
1.0,442,13,,,100.0,1572,6.528145312958054,0,0,0,0,0,0,0,9095.022624434387,0.38710474308300397,0.0002228461227319273,6.093569770045136,9.115592522722176,False,False,False,False,True,False
13.0,85,31,,,100.0,3549,6.881313711751069,0,0,0,0,0,0,0,57411.76470588235,0.3625805911412543,4.488831751746051e-05,4.454347296253507,10.958021939220108,False,False,False,False,False,True
10.0,2783,14,,,73.58490566037736,3067,6.382521258497842,0,0,0,0,0,0,0,2597.915918074021,4.144601454246124,0.0026196204232704456,7.931644021454311,7.862849682472924,False,False,False,True,False,False
1.0,1172,55,,,55.00000000000001,1572,6.528145312958054,0,0,0,0,0,0,0,5443.686006825938,0.38710474308300397,0.0009676495262892182,7.067319848653476,8.602395367372969,False,False,False,False,True,False
1.0,40,10,,,100.0,2188,6.320059610463039,0,0,0,0,0,0,0,110749.99999999999,0.9010309278350515,1.384460770059954e-05,3.713572066704308,11.61503971721199,True,False,False,False,False,False
1.0,2935,71,,,73.68421052631578,3067,6.382521258497842,0,0,0,0,0,0,0,2459.9659284497443,0.4144601454246124,0.0027593706861375024,7.984803389734406,7.808309205699421,False,False,False,True,False,False
10.0,6061,13,,,69.33333333333334,3067,6.382521258497842,0,0,0,0,0,0,0,1080.6797558158719,4.144601454246124,0.005177650856355544,8.709795057617749,6.986270441305221,False,False,False,True,False,False
26.0,151,14,,,0.0,3549,6.881313711751069,0,0,0,0,0,0,0,47615.8940397351,0.7251611822825086,0.00013254368148645824,5.0238805208462765,10.770942894052599,False,False,False,False,False,True
1.0,136,14,,,66.66666666666666,2188,6.320059610463039,0,0,0,0,0,0,0,36764.705882352944,0.9010309278350515,7.953811483830028e-05,4.919980925828125,10.51232078429241,True,False,False,False,False,False
12.0,30723,41,,,75.63249001331558,3549,6.881313711751069,0,0,0,0,0,0,0,226.21488786902322,0.3346897764380809,0.027888855284086203,10.332799387118573,5.425896212292689,False,False,False,False,False,True
43.0,1501,16,,,65.45454545454545,3549,6.881313711751069,0,0,0,0,0,0,0,4963.357761492339,1.1993050322364565,0.0014517393360760592,7.31455283232408,8.510039214938681,False,False,False,False,False,True
2.0,111,42,,,50.0,1572,6.528145312958054,0,0,0,0,0,0,0,51981.981981981975,0.7742094861660079,7.437330907626107e-05,4.718498871295094,10.85867167442192,False,False,False,False,True,False
2.0,66,21,,,0.0,3067,6.382521258497842,0,0,0,0,0,0,0,60606.06060606061,0.8289202908492248,2.5185491589924173e-05,4.204692619390966,11.012166676921616,False,False,False,True,False,False
13.0,4603,16,,,77.6978417266187,3067,6.382521258497842,0,0,0,0,0,0,0,1625.0271562024768,5.387981890519961,0.004489213474903019,8.434680769841773,7.3938949911998275,False,False,False,True,False,False
1.0,293,6,,,25.0,2188,6.320059610463039,0,0,0,0,0,0,0,17508.53242320819,0.9010309278350515,0.0001870792222169202,5.683579767338681,9.77050072150863,True,False,False,False,False,False
10.0,737,16,,,71.42857142857143,3549,6.881313711751069,0,0,0,0,0,0,0,8331.071913161466,0.27890814703173405,0.0005819314318147205,6.6039438246004725,9.027867433303946,False,False,False,False,False,True
7.0,12196,44,,,70.34220532319392,1572,6.528145312958054,0,0,0,0,0,0,0,551.0003279763857,2.709733201581028,0.010698828215975452,9.40894529884324,6.313548640437038,False,False,False,False,True,False
51.0,9025,17,,,74.65564738292011,3549,6.881313711751069,0,0,0,0,0,0,0,807.7562326869806,1.4224315498618436,0.008586801559800026,9.107864580386947,6.695497552353552,False,False,False,False,False,True
1.0,350,25,,,55.55555555555556,2188,6.320059610463039,0,0,0,0,0,0,0,14428.571428571428,0.9010309278350515,0.00022162580181572583,5.860786223465865,9.577034951297161,True,False,False,False,False,False
13.0,9351,21,,,85.02673796791443,610,5.665348780241979,0,0,0,0,0,0,0,671.5859266388621,1.893884892086331,0.0076633335056153495,9.143345503151904,6.511129875267551,False,False,True,False,False,False
2.0,547,23,,,54.54545454545454,1572,6.528145312958054,0,0,0,0,0,0,0,11389.396709323584,0.7742094861660079,0.00043594106970164855,6.306275286948016,9.340525885450457,False,False,False,False,True,False
1.0,8130,14,,,61.29032258064516,2188,6.320059610463039,0,0,0,0,0,0,0,762.6076260762608,0.9010309278350515,0.006576505767840104,9.003439196207838,6.638054078805731,True,False,False,False,False,False
1.0,82,32,,,0.0,3067,6.382521258497842,0,0,0,0,0,0,0,48780.48780487805,0.4144601454246124,3.354743362813588e-05,4.418840607796598,10.79510617160979,False,False,False,True,False,False
12.0,527,30,,,44.44444444444444,3549,6.881313711751069,0,0,0,0,0,0,0,12239.089184060722,0.3346897764380809,0.000434809594419603,6.269096283706261,9.412471842319244,False,False,False,False,False,True
3.0,2554,23,,,65.54621848739495,1572,6.528145312958054,0,0,0,0,0,0,0,2267.0321064996087,1.161314229249012,0.0019227792900695158,7.845807502637805,7.726667821052385,False,False,False,False,True,False
9.0,3263,31,,,60.24096385542169,1572,6.528145312958054,0,0,0,0,0,0,0,2270.9163346613545,3.4839426877470356,0.0031497858402412767,8.090708716083997,7.728378954630148,False,False,False,False,True,False
2.0,83,17,,,50.0,610,5.665348780241979,0,0,0,0,0,0,0,41927.7108433735,0.2913669064748201,2.8430970343505088e-05,4.430816798843313,10.643726094244352,False,False,True,False,False,False
1.0,478,74,,,80.0,2188,6.320059610463039,0,0,0,0,0,0,0,14728.033472803347,0.9010309278350515,0.00043036339305147257,6.171700597410915,9.597575891065096,True,False,False,False,False,False
47.0,2587,16,,,76.05633802816901,3549,6.881313711751069,0,0,0,0,0,0,0,2763.8190954773872,1.31086829104915,0.0024074309178370493,7.858640655620791,7.924730485225566,False,False,False,False,False,True
1.0,84,31,,,0.0,3067,6.382521258497842,0,0,0,0,0,0,0,72380.95238095238,0.4144601454246124,5.7420778147230316e-05,4.442651256490317,11.189712270793073,False,False,False,True,False,False
2.0,49,16,,,0.0,3067,6.382521258497842,0,0,0,0,0,0,0,127551.02040816327,0.8289202908492248,3.070567988858737e-05,3.912023005428146,11.756279563571225,False,False,False,True,False,False
12.0,1062,7,,,84.61538461538461,610,5.665348780241979,0,0,0,0,0,0,0,5235.4048964218455,1.7482014388489209,0.0007621757055552608,6.968850378341948,8.563390453379574,False,False,True,False,False,False
1.0,103,15,,,50.0,447,5.588299776286353,0,0,0,0,0,0,0,33592.23300970874,0.9291666666666667,3.725543230070539e-05,4.6443908991413725,10.422079927147317,False,True,False,False,False,False
1.0,152,12,,,71.42857142857143,2188,6.320059610463039,0,0,0,0,0,0,0,37631.57894736842,0.9010309278350515,0.00010428946327140693,5.030437921392435,10.53562541558321,True,False,False,False,False,False
1.0,1201,17,,,85.71428571428571,2188,6.320059610463039,0,0,0,0,0,0,0,6069.941715237303,0.9010309278350515,0.0011346179104906539,7.091742115095153,8.711269014563397,True,False,False,False,False,False
11.0,13053,28,,,59.333333333333336,1572,6.528145312958054,0,0,0,0,0,0,0,553.8956561709953,4.258152173913044,0.012321054117262628,9.476849879195163,6.318780089171814,False,False,False,False,True,False
100.0,140,25,,,50.0,3549,6.881313711751069,0,0,0,0,0,0,0,47642.85714285714,2.7890814703173405,0.00011269844123358359,4.948759890378168,10.771508984567474,False,False,False,False,False,True
1.0,469,18,,,83.33333333333334,2188,6.320059610463039,0,0,0,0,0,0,0,14498.933901918976,0.9010309278350515,0.00040737850487393814,6.152732694704104,9.58189936990993,True,False,False,False,False,False
1.0,12449,19,,,75.65217391304347,2188,6.320059610463039,0,0,0,0,0,0,0,585.5892039521246,0.9010309278350515,0.011848084383833167,9.429475901892854,6.374324751928239,True,False,False,False,False,False
1.0,6686,34,,,79.43661971830987,610,5.665348780241979,0,0,0,0,0,0,0,892.9105593778042,0.14568345323741005,0.005205855425539745,8.80792062205398,6.7956057247299375,False,False,True,False,False,False
2.0,5018,75,,,71.55963302752293,3067,6.382521258497842,0,0,0,0,0,0,0,1426.8632921482663,0.8289202908492248,0.004684992669086424,8.520985989654934,7.263934404527029,False,False,False,True,False,False
2.0,653,12,,,94.11764705882352,3067,6.382521258497842,0,0,0,0,0,0,0,8637.059724349157,0.8289202908492248,0.00047188566148496756,6.483107351457199,9.063933267637651,False,False,False,True,False,False
1.0,213,16,,,0.0,2188,6.320059610463039,0,0,0,0,0,0,0,20938.967136150237,0.9010309278350515,0.000114812444705119,5.365976015021851,9.949414914993985,True,False,False,False,False,False
1.0,398,45,,,100.0,2188,6.320059610463039,0,0,0,0,0,0,0,14648.24120603015,0.9010309278350515,0.0002938573023845534,5.988961416889864,9.592143818293588,True,False,False,False,False,False
1.0,7680,28,,,88.68778280542986,3067,6.382521258497842,0,0,0,0,0,0,0,260.4166666666667,0.4144601454246124,0.001997558569853111,8.946505025998682,5.566115558402678,False,False,False,True,False,False
2.0,1915,17,,,75.86206896551724,3067,6.382521258497842,0,0,0,0,0,0,0,3237.5979112271543,0.8289202908492248,0.00154196338411492,7.557994958530806,8.082895771677498,False,False,False,True,False,False
21.0,76,24,,,0.0,3549,6.881313711751069,0,0,0,0,0,0,0,68026.31578947368,0.5857071087666416,4.202957858314689e-05,4.343805421853684,11.127664606283657,False,False,False,False,False,True
1.0,28462,53,,,76.40364188163885,2188,6.320059610463039,0,0,0,0,0,0,0,295.83304054528844,0.9010309278350515,0.03130225097966852,10.256360277191787,5.6931698276892675,True,False,False,False,False,False
312.0,155,15,,,66.66666666666666,3549,6.881313711751069,0,0,0,0,0,0,0,43096.77419354839,8.701934187390103,0.00012597302421924467,5.049856007249537,10.671226631917197,False,False,False,False,False,True
,58,25,,,0.0,610,5.665348780241979,0,0,0,0,0,0,0,125000.0,,4.563305298023874e-05,4.07753744390572,11.736077016252437,False,False,True,False,False,False
2.0,128,28,,,57.14285714285714,1572,6.528145312958054,0,0,0,0,0,0,0,44609.375,0.7742094861660079,8.618585875867859e-05,4.859812404361672,10.705721734273933,False,False,False,False,True,False
42.0,120,12,,,33.33333333333333,3549,6.881313711751069,0,0,0,0,0,0,0,57833.333333333336,1.1714142175332831,9.950225145453075e-05,4.795790545596741,10.965337880617735,False,False,False,False,False,True
1.0,53,34,,,0.0,3067,6.382521258497842,0,0,0,0,0,0,0,99056.60377358491,0.4144601454246124,2.7047330246869748e-05,3.9889840465642745,11.503456816202823,False,False,False,True,False,False
1.0,2562,23,,,67.2566371681416,3067,6.382521258497842,0,0,0,0,0,0,0,2619.047619047619,0.4144601454246124,0.0022367911184594616,7.848933726364071,7.87094777179899,False,False,False,True,False,False
1.0,749,8,,,88.23529411764706,610,5.665348780241979,0,0,0,0,0,0,0,6889.185580774366,0.14568345323741005,0.0004956544817285844,6.620073206530356,8.837853298445312,False,False,True,False,False,False
1.0,6348,36,,,78.32167832167832,3067,6.382521258497842,0,0,0,0,0,0,0,1165.7214870825458,0.4144601454246124,0.0061282534124542185,8.75605259917045,7.061952946633347,False,False,False,True,False,False
1.0,152,17,,,66.66666666666666,2188,6.320059610463039,0,0,0,0,0,0,0,40723.68421052632,0.9010309278350515,0.00011362348107156078,5.030437921392435,10.614589679248072,True,False,False,False,False,False
39.0,11031,38,,,74.03314917127072,3549,6.881313711751069,0,0,0,0,0,0,0,640.0145045780074,1.0877417734237629,0.01016598175133862,9.308555419473137,6.463052084711473,False,False,False,False,False,True
2.0,2350,16,,,60.60606060606061,3067,6.382521258497842,0,0,0,0,0,0,0,2812.7659574468084,0.8289202908492248,0.0020202272720973254,7.762596048540069,7.942279063443175,False,False,False,True,False,False
1.0,116,42,,,0.0,3067,6.382521258497842,0,0,0,0,0,0,0,52155.1724137931,0.4144601454246124,8.238640134506614e-05,4.762173934797756,10.861997812270568,False,False,False,True,False,False
51.0,47651,4,,,79.60407918416317,3549,6.881313711751069,0,0,0,0,0,0,0,155.92537407399635,1.4224315498618436,0.04624881603485102,10.771679880919251,5.05577036797642,False,False,False,False,False,True
2.0,7609,43,,,82.98611111111111,3067,6.382521258497842,0,0,0,0,0,0,0,967.2755946904981,0.8289202908492248,0.007307684432088885,8.937218450855731,6.875516752014505,False,False,False,True,False,False
,14124,26,,,0.0,3549,6.881313711751069,0,0,0,0,0,0,0,458.5179830441355,,0.011941547284607983,9.555701556014641,6.130178077143405,False,False,False,False,False,True
1.0,42344,28,,,77.06885660138977,1572,6.528145312958054,0,0,0,0,0,0,0,183.73323257132063,0.38710474308300397,0.043033308310709874,10.653605629355699,5.2189127983148635,False,False,False,False,True,False
12.0,39538,16,,,76.28524046434494,3549,6.881313711751069,0,0,0,0,0,0,0,161.86959380848805,0.3346897764380809,0.03305213891136376,10.585042805560075,5.092949842620844,False,False,False,False,False,True
12.0,60452,31,,,79.73856209150327,3549,6.881313711751069,0,0,0,0,0,0,0,106.69622179580495,0.3346897764380809,0.05093522333390314,11.009621482603084,4.679314502728101,False,False,False,False,False,True
12.0,9902,36,,,78.21782178217822,3549,6.881313711751069,0,0,0,0,0,0,0,702.8883053928499,0.3346897764380809,0.008995187049965294,9.200593020521303,6.556619686458243,False,False,False,False,False,True
1.0,70,46,,,0.0,3067,6.382521258497842,0,0,0,0,0,0,0,89857.14285714286,0.4144601454246124,4.822002879831049e-05,4.2626798770413155,11.405987515341174,False,False,False,True,False,False
1.0,7714,17,,,77.9874213836478,1572,6.528145312958054,0,0,0,0,0,0,0,968.369198859217,0.38710474308300397,0.007519521168092542,8.950921764797261,6.876645549499452,False,False,False,False,True,False
2.0,2111,12,,,69.6969696969697,3067,6.382521258497842,0,0,0,0,0,0,0,2932.2595926101376,0.8289202908492248,0.0016979776242462984,7.655390644826152,7.983869572599294,False,False,False,True,False,False
1.0,109,32,,,66.66666666666666,3067,6.382521258497842,0,0,0,0,0,0,0,47155.963302752294,0.4144601454246124,6.389344390618356e-05,4.700480365792417,10.761236961203036,False,False,False,True,False,False
1.0,737,17,,,80.0,1572,6.528145312958054,0,0,0,0,0,0,0,8398.914518317504,0.38710474308300397,0.0005867460812539098,6.6039438246004725,9.035976808388853,False,False,False,False,True,False
12.0,143701,28,,,84.17266187050359,3549,6.881313711751069,0,0,0,0,0,0,0,54.07060493663927,0.3346897764380809,0.1458748017480711,11.875496989854746,4.008616088081303,False,False,False,False,False,True
,2178,49,,,0.0,3067,6.382521258497842,0,0,0,0,0,0,0,3135.904499540863,,0.0019342874127996046,7.68662133494462,8.05099176448241,False,False,False,True,False,False
6.0,15420,30,,,0.0,3067,6.382521258497842,0,0,0,0,0,0,0,546.0440985732814,2.4867608725476744,0.01695451203146466,9.643485495857657,6.304529418136399,False,False,False,True,False,False
1.0,170,11,,,66.66666666666666,610,5.665348780241979,0,0,0,0,0,0,0,30117.64705882353,0.14568345323741005,0.00010441489240198012,5.14166355650266,10.312899762539217,False,False,True,False,False,False
,872,10,,,0.0,3549,6.881313711751069,0,0,0,0,0,0,0,7426.729349214874,,0.0007285249211399046,6.771935555839602,8.91297548524642,False,False,False,False,False,True
1.0,610,51,,,91.66666666666666,1572,6.528145312958054,0,0,0,0,0,0,0,11229.50819672131,0.38710474308300397,0.0005366358370364826,6.415096959171596,9.326389300201129,False,False,False,False,True,False
1.0,3089,44,,,81.81818181818183,2188,6.320059610463039,0,0,0,0,0,0,0,2550.987374554872,0.9010309278350515,0.00317101602714423,8.035926369891792,7.844627697177706,True,False,False,False,False,False
49.0,17671,17,,,74.1106719367589,3549,6.881313711751069,0,0,0,0,0,0,0,395.563352385264,1.366649920455497,0.016129278504480763,9.779736745099953,5.982835807341263,False,False,False,False,False,True
12.0,62257,29,,,77.40963855421687,3549,6.881313711751069,0,0,0,0,0,0,0,94.12596173924219,0.3346897764380809,0.04765716175054895,11.039042320125954,4.555201926398728,False,False,False,False,False,True
1.0,19813,54,,,0.0,2188,6.320059610463039,0,0,0,0,0,0,0,326.86155516657595,0.9010309278350515,0.016755227048098016,9.894144037532975,5.7925914313731885,True,False,False,False,False,False
4.0,332,12,,,0.0,3549,6.881313711751069,0,0,0,0,0,0,0,16475.90361445783,0.11156325881269362,0.00022796781223033202,5.808142489980444,9.70971489833818,False,False,False,False,False,True
1.0,345,29,,,66.66666666666666,3067,6.382521258497842,0,0,0,0,0,0,0,15246.376811594202,0.4144601454246124,0.00022779273406890694,5.846438775057725,9.632162754885258,False,False,False,True,False,False
1.0,177,16,,,75.0,3067,6.382521258497842,0,0,0,0,0,0,0,30790.960451977404,0.4144601454246124,0.00011672915860669034,5.181783550292085,10.335008910602449,False,False,False,True,False,False
11.0,53426,13,,,84.87918939984411,3549,6.881313711751069,0,0,0,0,0,0,0,145.99633137423726,0.30679896173490745,0.054437753411952464,10.886071515144115,4.990407629829472,False,False,False,False,False,True
1.0,5324,25,,,79.35222672064778,1572,6.528145312958054,0,0,0,0,0,0,0,1374.9060856498872,0.38710474308300397,0.0050825507508656526,8.580167990577626,7.226867764456104,False,False,False,False,True,False
9.0,10778,35,,,70.70707070707071,1572,6.528145312958054,0,0,0,0,0,0,0,740.3971052143255,3.4839426877470356,0.011228154825635576,9.285355075781629,6.608536386223341,False,False,False,False,True,False
,234,25,,,0.0,610,5.665348780241979,0,0,0,0,0,0,0,25170.94017094017,,0.00017076951558207695,5.459585514144159,10.133485167834058,False,False,True,False,False,False
1.0,26246,33,,,78.89492753623189,1572,6.528145312958054,0,0,0,0,0,0,0,290.32995504076814,0.38710474308300397,0.026121045358806872,10.175306975774374,5.674456490950289,False,False,False,False,True,False
8.0,906,26,,,52.94117647058824,3067,6.382521258497842,0,0,0,0,0,0,0,6975.7174392935985,3.3156811633968992,0.000738814529986007,6.810142450115136,8.850333804236175,False,False,False,True,False,False
12.0,88,17,,,0.0,3549,6.881313711751069,0,0,0,0,0,0,0,49204.54545454545,0.3346897764380809,4.047739309230384e-05,4.48863636973214,10.803761608619585,False,False,False,False,False,True
9.0,174,18,,,60.0,3067,6.382521258497842,0,0,0,0,0,0,0,31896.55172413793,3.7301413088215116,0.00011686634671825474,5.1647859739235145,10.370284537367997,False,False,False,True,False,False
14.0,2476,15,,,73.25581395348837,3549,6.881313711751069,0,0,0,0,0,0,0,2374.798061389338,0.3904714058444277,0.001892887960389796,7.814803429489359,7.7730886858728425,False,False,False,False,False,True
1.0,62,21,,,0.0,2188,6.320059610463039,0,0,0,0,0,0,0,75806.45161290323,0.9010309278350515,2.8765448025033563e-05,4.143134726391533,11.23595187303755,True,False,False,False,False,False
1.0,6007,21,,,68.83116883116884,3067,6.382521258497842,0,0,0,0,0,0,0,1146.9951722989845,0.4144601454246124,0.005398285923247535,8.700847193443972,7.045772371556196,False,False,False,True,False,False
1.0,1494,6,,,64.28571428571429,3067,6.382521258497842,0,0,0,0,0,0,0,3929.0495314591703,0.4144601454246124,0.0011365111064302429,7.3098814858247865,8.27640730820861,False,False,False,True,False,False
2.0,30628,9,,,75.36316095293434,3067,6.382521258497842,0,0,0,0,0,0,0,229.20203735144312,0.8289202908492248,0.028082709925047373,10.329702551562889,5.438957346602411,False,False,False,True,False,False
13.0,2942,13,,,65.59139784946237,3549,6.881313711751069,0,0,0,0,0,0,0,2182.1889870836167,0.3625805911412543,0.002458463588785567,7.987184748233473,7.6885419249895115,False,False,False,False,False,True
1.0,191,17,,,44.44444444444444,1572,6.528145312958054,0,0,0,0,0,0,0,28900.52356020942,0.38710474308300397,0.00012844502333429102,5.2574953720277815,10.271649591057306,False,False,False,False,True,False
2.0,2636,29,,,71.42857142857143,3067,6.382521258497842,0,0,0,0,0,0,0,2731.4112291350534,0.8289202908492248,0.0024704263921139836,7.877397186353287,7.912939732472677,False,False,False,True,False,False
12.0,37913,9,,,79.88668555240793,3549,6.881313711751069,0,0,0,0,0,0,0,175.13781552501777,0.3346897764380809,0.03288217198700955,10.54307571600151,5.171266731375904,False,False,False,False,False,True
2.0,1732,28,,,65.9090909090909,3067,6.382521258497842,0,0,0,0,0,0,0,3233.256351039261,0.8289202908492248,0.0012579447965732852,7.457609289715606,8.081554304478315,False,False,False,True,False,False
1.0,1342,42,,,63.63636363636363,2188,6.320059610463039,0,0,0,0,0,0,0,5417.287630402385,0.9010309278350515,0.0012654104429492762,7.202661196523238,8.597535109165491,True,False,False,False,False,False
1.0,3516,57,,,67.1875,3067,6.382521258497842,0,0,0,0,0,0,0,1794.6530147895335,0.4144601454246124,0.002889406724152355,8.165363632473982,7.493124031304593,False,False,False,True,False,False
1.0,1551,33,,,81.33333333333333,2188,6.320059610463039,0,0,0,0,0,0,0,4274.661508704062,0.9010309278350515,0.0013342383717978629,7.347299700743164,8.360694108278178,True,False,False,False,False,False
1.0,6806,27,,,67.6923076923077,1572,6.528145312958054,0,0,0,0,0,0,0,915.3687922421393,0.38710474308300397,0.005530659385372757,8.825706773447951,6.820418895265876,False,False,False,False,True,False
1.0,197,45,,,50.0,610,5.665348780241979,0,0,0,0,0,0,0,27055.837563451776,0.14568345323741005,0.0001278818988001552,5.288267030694535,10.205695027321388,False,False,True,False,False,False
2.0,1756,27,,,70.83333333333334,3067,6.382521258497842,0,0,0,0,0,0,0,3536.4464692482916,0.8289202908492248,0.0014154576535043246,7.471363088187097,8.171160409469023,False,False,False,True,False,False
,1838,22,,,0.0,3549,6.881313711751069,0,0,0,0,0,0,0,3523.4537500083625,,0.0015458943448578462,7.516977224604321,8.16748073870149,False,False,False,False,False,True
1.0,60,38,,,0.0,2188,6.320059610463039,0,0,0,0,0,0,0,107333.33333333334,0.9010309278350515,4.117770573800407e-05,4.110873864173311,11.583703852585222,True,False,False,False,False,False
3.0,13444,13,,,85.17823639774859,3549,6.881313711751069,0,0,0,0,0,0,0,530.3481106813449,0.08367244410952022,0.012514754584917472,9.506362568702965,6.275417382117163,False,False,False,False,False,True
3.0,4850,19,,,61.32075471698113,3067,6.382521258497842,0,0,0,0,0,0,0,1416.4948453608247,1.2433804362738372,0.004344063226654099,8.486940148245216,7.256646399165542,False,False,False,True,False,False
52.0,161,20,,,0.0,3549,6.881313711751069,0,0,0,0,0,0,0,33105.5900621118,1.4503223645650172,0.00010281175132684171,5.087596335232384,10.407487637080347,False,False,False,False,False,True
1.0,254,26,,,71.42857142857143,447,5.588299776286353,0,0,0,0,0,0,0,20787.40157480315,0.9291666666666667,0.00016591697609302723,5.541263545158426,9.942150493567453,False,True,False,False,False,False
1.0,10375,21,,,72.41379310344827,3067,6.382521258497842,0,0,0,0,0,0,0,710.3614457831326,0.4144601454246124,0.009981090066999654,9.24725072599628,6.567180663194949,False,False,False,True,False,False
6.0,5445,15,,,66.9172932330827,3067,6.382521258497842,0,0,0,0,0,0,0,1289.2561983471073,2.4867608725476744,0.004984849297469809,8.602636673233706,7.16259608100653,False,False,False,True,False,False
1.0,91,8,,,100.0,2188,6.320059610463039,0,0,0,0,0,0,0,65164.83516483517,0.9010309278350515,6.119802415230375e-05,4.5217885770490405,11.084690610039145,True,False,False,False,False,False
1.0,103,9,,,100.0,447,5.588299776286353,0,0,0,0,0,0,0,52427.18446601942,0.9291666666666667,6.336298320813452e-05,4.6443908991413725,10.867199597197033,False,True,False,False,False,False
1.0,674,24,,,88.0,2188,6.320059610463039,0,0,0,0,0,0,0,7908.011869436202,0.9010309278350515,0.00046006135282155886,6.51471269087253,8.975758131268854,True,False,False,False,False,False
6.0,952,31,,,85.71428571428571,1572,6.528145312958054,0,0,0,0,0,0,0,6869.7478991596645,2.322628458498024,0.0008041631070146315,6.859614903654202,8.835028243797586,False,False,False,False,True,False
22.0,246,33,,,0.0,3549,6.881313711751069,0,0,0,0,0,0,0,29593.495934959352,0.6135979234698149,0.00022468052376656007,5.5093883366279774,10.295343674878387,False,False,False,False,False,True
1.0,3437,68,,,69.86301369863014,1572,6.528145312958054,0,0,0,0,0,0,0,1966.831539132965,0.38710474308300397,0.003026354429883167,8.142645185942795,7.5846874739142445,False,False,False,False,True,False
39.0,266,18,,,33.33333333333333,3549,6.881313711751069,0,0,0,0,0,0,0,24548.87218045113,1.0877417734237629,0.00021763820070625362,5.58724865840025,10.108461926710177,False,False,False,False,False,True
1.0,351,28,,,76.92307692307693,2188,6.320059610463039,0,0,0,0,0,0,0,17834.757834757835,0.9010309278350515,0.00027777624260231744,5.863631175598097,9.788960588326075,True,False,False,False,False,False
1.0,7013,18,,,0.0,3067,6.382521258497842,0,0,0,0,0,0,0,923.4433184821575,0.4144601454246124,0.005924659114775391,8.855663430700124,6.829191738490242,False,False,False,True,False,False
12.0,173216,54,,,82.11421238370228,3549,6.881313711751069,0,0,0,0,0,0,0,38.79549233327175,0.3346897764380809,0.15207501845022467,12.06230042271878,3.683753647918229,False,False,False,False,False,True
13.0,98544,20,,,81.78217821782178,3549,6.881313711751069,0,0,0,0,0,0,0,79.55836986523785,0.3625805911412543,0.10093304646684029,11.498268575626595,4.3889820131663235,False,False,False,False,False,True
130.0,123,31,,,0.0,3549,6.881313711751069,0,0,0,0,0,0,0,55772.35772357724,3.625805911412543,0.00010093684713546145,4.820281565605037,10.929051574198065,False,False,False,False,False,True
1.0,736,65,,,53.84615384615385,2188,6.320059610463039,0,0,0,0,0,0,0,9130.434782608694,0.9010309278350515,0.0006369033613953018,6.602587892189336,9.119478111582685,True,False,False,False,False,False
4.0,1363,90,,,66.66666666666666,1572,6.528145312958054,0,0,0,0,0,0,0,5047.688921496699,1.5484189723320159,0.001215905132976176,7.218176838403408,8.526883869056823,False,False,False,False,True,False
1.0,53,16,,,100.0,2188,6.320059610463039,0,0,0,0,0,0,0,77547.16981132075,0.9010309278350515,1.9153134341420507e-05,3.9889840465642745,11.25865456821428,True,False,False,False,False,False
4.0,825,26,,,50.0,3067,6.382521258497842,0,0,0,0,0,0,0,7357.575757575758,1.6578405816984496,0.0006449817813362804,6.716594773520978,8.903621681798269,False,False,False,True,False,False
1.0,77,31,,,0.0,2188,6.320059610463039,0,0,0,0,0,0,0,76493.50649350649,0.9010309278350515,4.994859900402207e-05,4.356708826689592,11.244974206693728,True,False,False,False,False,False
13.0,17283,25,,,80.36322360953461,3549,6.881313711751069,0,0,0,0,0,0,0,405.0222762251924,0.3625805911412543,0.01579750669513372,9.757536497051824,6.006408025646299,False,False,False,False,False,True
1.0,78,26,,,100.0,447,5.588299776286353,0,0,0,0,0,0,0,58076.92307692308,0.9291666666666667,3.685824005389033e-05,4.3694478524670215,10.969540889164435,False,True,False,False,False,False
1.0,430,23,,,85.71428571428571,3067,6.382521258497842,0,0,0,0,0,0,0,13999.999999999998,0.4144601454246124,0.0003289069050590951,6.066108090103747,9.546884034617925,False,False,False,True,False,False
13.0,798,34,,,77.77777777777779,3549,6.881313711751069,0,0,0,0,0,0,0,6779.4486215538855,0.3625805911412543,0.0005547551201905326,6.683360945766275,8.82179854711619,False,False,False,False,False,True
21.0,103,6,,,50.0,3549,6.881313711751069,0,0,0,0,0,0,0,64757.28155339806,0.5857071087666416,8.045400880217316e-05,4.6443908991413725,11.078416871821801,False,False,False,False,False,True
3.0,67,19,,,0.0,3067,6.382521258497842,0,0,0,0,0,0,0,111044.77611940299,1.2433804362738372,5.582155673242232e-05,4.219507705176107,11.617697792754104,False,False,False,True,False,False
1.0,173,20,,,50.0,3067,6.382521258497842,0,0,0,0,0,0,0,33005.78034682081,0.4144601454246124,0.00011975774948865514,5.159055299214529,10.404468284398739,False,False,False,True,False,False
1.0,113,47,,,33.33333333333333,3067,6.382521258497842,0,0,0,0,0,0,0,53982.30088495575,0.4144601454246124,8.075320954072791e-05,4.736198448394496,10.896430034849786,False,False,False,True,False,False
1.0,72,58,,,0.0,3067,6.382521258497842,0,0,0,0,0,0,0,101250.0,0.4144601454246124,5.927085782318465e-05,4.290459441148391,11.525357861463222,False,False,False,True,False,False
1.0,72,53,,,0.0,2188,6.320059610463039,0,0,0,0,0,0,0,100694.44444444445,0.9010309278350515,5.889457043146513e-05,4.290459441148391,11.519855838799973,True,False,False,False,False,False
1.0,33682,40,,,71.83316168898043,2188,6.320059610463039,0,0,0,0,0,0,0,230.98390831898342,0.9010309278350515,0.03422839761923768,10.424748538023646,5.446668008566709,True,False,False,False,False,False
4.0,126699,64,,,81.29235237173282,3067,6.382521258497842,0,0,0,0,0,0,0,56.1961815010379,1.6578405816984496,0.11785447097148892,11.74957736630923,4.0464871391825445,False,False,False,True,False,False
21.0,28616,26,,,83.06010928961749,3549,6.881313711751069,0,0,0,0,0,0,0,249.51076320939336,0.5857071087666416,0.02668596248426713,10.261756225813318,5.523501886505635,False,False,False,False,False,True
2.0,24386,13,,,74.14364640883979,3067,6.382521258497842,0,0,0,0,0,0,0,278.8485196424178,0.8289202908492248,0.02165658882596432,10.101805482414681,5.634248455498177,False,False,False,True,False,False
2.0,284,50,,,100.0,3067,6.382521258497842,0,0,0,0,0,0,0,22605.6338028169,0.8289202908492248,0.0002289137569234047,5.652489180268651,10.025998673286646,False,False,False,True,False,False
52.0,1249,14,,,70.58823529411765,3549,6.881313711751069,0,0,0,0,0,0,0,5460.368294635709,1.4503223645650172,0.001103638221792523,7.1308988302963465,8.605454640756294,False,False,False,False,False,True
12.0,104,16,,,0.0,2188,6.320059610463039,0,0,0,0,0,0,0,44903.846153846156,10.812371134020617,5.414916832477998e-05,4.653960350157523,10.71230100006302,True,False,False,False,False,False
52.0,1012,18,,,80.55555555555556,3549,6.881313711751069,0,0,0,0,0,0,0,6630.434782608696,1.4503223645650172,0.0008779102095778849,6.920671504248683,8.799576467400442,False,False,False,False,False,True
78.0,136,19,,,0.0,610,5.665348780241979,0,0,0,0,0,0,0,38602.94117647059,11.363309352517986,8.398039654610026e-05,4.919980925828125,10.561109653258137,False,False,True,False,False,False
1.0,35230,18,,,71.77974434611602,1572,6.528145312958054,0,0,0,0,0,0,0,206.6420664206642,0.38710474308300397,0.03350044352888739,10.469681655831673,5.33581576284875,False,False,False,False,True,False
52.0,61884,9,,,81.65013525698828,3549,6.881313711751069,0,0,0,0,0,0,0,124.91112403852368,1.4503223645650172,0.062491416778284174,11.033033102974123,4.83557629329108,False,False,False,False,False,True
14.0,7292,33,,,55.670103092783506,1572,6.528145312958054,0,0,0,0,0,0,0,991.4975315414154,5.419466403162056,0.006878993794858639,8.894670262984233,6.900224525446329,False,False,False,False,True,False
12.0,720,18,,,75.0,3549,6.881313711751069,0,0,0,0,0,0,0,8097.222222222223,0.3346897764380809,0.0005391313541135114,6.580639137284949,8.99939983783355,False,False,False,False,False,True
1.0,184,6,,,100.0,2188,6.320059610463039,0,0,0,0,0,0,0,27608.695652173916,0.9010309278350515,0.00011281864415038288,5.220355825078324,10.225922281762175,True,False,False,False,False,False
1.0,88,16,,,0.0,1572,6.528145312958054,0,0,0,0,0,0,0,61818.18181818182,0.38710474308300397,5.3239807128124464e-05,4.48863636973214,11.03196898069367,False,False,False,False,True,False
1.0,19928,35,,,75.76687116564416,2188,6.320059610463039,0,0,0,0,0,0,0,388.398233641108,0.9010309278350515,0.020143328175309144,9.899931236333352,5.9646025568238255,True,False,False,False,False,False
1.0,280,34,,,60.0,2188,6.320059610463039,0,0,0,0,0,0,0,20857.142857142855,0.9010309278350515,0.00020434009975861005,5.638354669333745,9.945499695691305,True,False,False,False,False,False
1.0,35,29,,,0.0,3067,6.382521258497842,0,0,0,0,0,0,0,171428.57142857142,0.4144601454246124,1.813010299518304e-05,3.58351893845611,12.051927799019236,False,False,False,True,False,False
3.0,18604,26,,,72.60869565217392,1572,6.528145312958054,0,0,0,0,0,0,0,409.58933562674696,1.161314229249012,0.01851271812057522,9.831185640780722,6.017593531589834,False,False,False,False,True,False
3.0,737,28,,,54.54545454545454,1572,6.528145312958054,0,0,0,0,0,0,0,7449.118046132971,1.161314229249012,0.0005193409891052625,6.6039438246004725,8.915985156366592,False,False,False,False,True,False
1.0,2148,19,,,65.07936507936508,1572,6.528145312958054,0,0,0,0,0,0,0,3072.6256983240223,0.38710474308300397,0.001842967166421672,7.67275789664251,8.030613152964511,False,False,False,False,True,False
1.0,64,43,,,0.0,2188,6.320059610463039,0,0,0,0,0,0,0,101189.18738305266,0.9010309278350515,4.484532034891399e-05,4.174387269895637,11.524757068516267,True,False,False,False,False,False
40.0,2577,37,,,77.57009345794393,3549,6.881313711751069,0,0,0,0,0,0,0,2999.6119518820333,1.1156325881269362,0.002593374377698009,7.8547691834991324,8.006571530809024,False,False,False,False,False,True
1.0,53024,44,,,80.86696562032884,2188,6.320059610463039,0,0,0,0,0,0,0,149.36632468316233,0.9010309278350515,0.05485941479165684,10.878518779432882,5.0130744814131,True,False,False,False,False,False
52.0,14867,30,,,77.89256198347107,3549,6.881313711751069,0,0,0,0,0,0,0,495.0561646599852,1.4503223645650172,0.014287146593123053,9.606966531417143,6.206689155515889,False,False,False,False,False,True
10.0,1386,32,,,73.33333333333333,3549,6.881313711751069,0,0,0,0,0,0,0,5151.515151515151,0.27890814703173405,0.00128366299455456,7.234898420314831,8.547240253374584,False,False,False,False,False,True
1.0,131,5,,,100.0,2188,6.320059610463039,0,0,0,0,0,0,0,39236.64122137405,0.9010309278350515,7.866795024494887e-05,4.882801922586371,10.577391800286748,True,False,False,False,False,False
13.0,123529,11,,,84.38775510204081,3549,6.881313711751069,0,0,0,0,0,0,0,63.628783524516514,0.3625805911412543,0.1268489233710054,11.72423932053086,4.168659876948764,False,False,False,False,False,True
52.0,58,32,,,0.0,3549,6.881313711751069,0,0,0,0,0,0,0,94827.58620689655,1.4503223645650172,3.237153552901236e-05,4.07753744390572,11.459826185055222,False,False,False,False,False,True
12.0,5423,39,,,86.70886075949366,3549,6.881313711751069,0,0,0,0,0,0,0,1364.558362529965,0.3346897764380809,0.005233917580398606,8.598588829620232,7.219318680776645,False,False,False,False,False,True
,287,11,,,0.0,610,5.665348780241979,0,0,0,0,0,0,0,21254.355400696862,,0.00021943079203069524,5.662960480135946,9.964364161457468,False,False,True,False,False,False
65.0,24821,20,,,77.16535433070865,3549,6.881313711751069,0,0,0,0,0,0,0,292.0913742395552,1.8129029557062715,0.023502415670460162,10.119485635689466,5.680484417872518,False,False,False,False,False,True
49.0,12825,19,,,77.57352941176471,3549,6.881313711751069,0,0,0,0,0,0,0,615.2046783625731,1.366649920455497,0.013211608783652837,9.459229639708807,6.423579178413157,False,False,False,False,False,True
12.0,39866,18,,,71.96885428253616,3549,6.881313711751069,0,0,0,0,0,0,0,204.68569708523555,0.3346897764380809,0.04249373309583917,10.593304192999618,5.326349261354832,False,False,False,False,False,True
39.0,123,23,,,0.0,3549,6.881313711751069,0,0,0,0,0,0,0,40650.40650406504,1.0877417734237629,7.104551745574151e-05,4.820281565605037,10.612788714723381,False,False,False,False,False,True
1.0,20616,18,,,62.297128589263416,1572,6.528145312958054,0,0,0,0,0,0,0,355.06402793946455,0.38710474308300397,0.019707775519393792,9.933871257170567,5.875110568442822,False,False,False,False,True,False
1.0,21798,42,,,74.86910994764398,2188,6.320059610463039,0,0,0,0,0,0,0,384.43893935223423,0.9010309278350515,0.023857143623808984,9.989619376165415,5.954382787078409,True,False,False,False,False,False
1.0,2552,15,,,81.63265306122449,2188,6.320059610463039,0,0,0,0,0,0,0,2492.1630094043885,0.9010309278350515,0.0021113227912829815,7.845024417241484,7.821307468230852,True,False,False,False,False,False
1.0,1332,61,,,64.1025641025641,2188,6.320059610463039,0,0,0,0,0,0,0,5390.39039039039,0.9010309278350515,0.0012402488367349199,7.195187320178709,8.592558588038568,True,False,False,False,False,False
1.0,17815,35,,,69.91869918699187,3067,6.382521258497842,0,0,0,0,0,0,0,401.3471793432501,0.4144601454246124,0.016633210941413592,9.787852208937204,5.99731534611212,False,False,False,True,False,False
2.0,182,32,,,75.0,3067,6.382521258497842,0,0,0,0,0,0,0,31813.186813186818,0.8289202908492248,0.00012837446944834362,5.209486152841421,10.367667595484406,False,False,False,True,False,False
2.0,2261,19,,,63.013698630136986,3067,6.382521258497842,0,0,0,0,0,0,0,2711.189739053516,0.8289202908492248,0.0018015664074584198,7.724004656676065,7.90551160939085,False,False,False,True,False,False
1.0,41444,58,,,79.5416433761878,1572,6.528145312958054,0,0,0,0,0,0,0,169.14390502847215,0.38710474308300397,0.037949001919429785,10.632122526025627,5.13664457913854,False,False,False,False,True,False
14.0,90379,19,,,84.5679012345679,3549,6.881313711751069,0,0,0,0,0,0,0,81.98807245045863,0.3904714058444277,0.08749167278824609,11.41177828296527,4.418696892053824,False,False,False,False,False,True
48.0,802,30,,,25.0,3549,6.881313711751069,0,0,0,0,0,0,0,8354.114713216957,1.3387591057523236,0.0006927559079967822,6.688354713946762,9.030629170823564,False,False,False,False,False,True
1.0,615,14,,,61.53846153846154,610,5.665348780241979,0,0,0,0,0,0,0,11333.333333333332,0.14568345323741005,0.0005507531469931822,6.423246963533519,9.335591746331803,False,False,True,False,False,False
1.0,28302,40,,,76.21951219512195,3067,6.382521258497842,0,0,0,0,0,0,0,296.79881280474876,0.4144601454246124,0.031052275948649954,10.250723085080114,5.6964181336897415,False,False,False,True,False,False
3.0,1368,28,,,66.66666666666666,3067,6.382521258497842,0,0,0,0,0,0,0,4385.964912280701,1.2433804362738372,0.0010631115470829526,7.221835825288449,8.386392903021783,False,False,False,True,False,False
10.0,114,29,,,0.0,3549,6.881313711751069,0,0,0,0,0,0,0,55175.43859649123,0.27890814703173405,8.438020189980226e-05,4.74493212836325,10.91829130412425,False,False,False,False,False,True
1.0,17166,63,,,70.99236641221374,1572,6.528145312958054,0,0,0,0,0,0,0,447.396015379238,0.38710474308300397,0.017215624124035368,9.75074421527093,6.105676804849953,False,False,False,False,True,False
1.0,176,60,,,50.0,2188,6.320059610463039,0,0,0,0,0,0,0,31250.0,0.9010309278350515,0.00011716685401025297,5.176149732573829,10.349806654652559,True,False,False,False,False,False
1.0,3259,52,,,79.05759162303664,3067,6.382521258497842,0,0,0,0,0,0,0,1571.0340595274624,0.4144601454246124,0.0021708180088848583,8.089482474360754,7.360125639120509,False,False,False,True,False,False
3.0,2647,8,,,64.16666666666667,3067,6.382521258497842,0,0,0,0,0,0,0,2361.1635814129204,1.2433804362738372,0.002152221833723941,7.881559917056899,7.767333249826202,False,False,False,True,False,False
1.0,786,55,,,66.66666666666666,2188,6.320059610463039,0,0,0,0,0,0,0,8167.93893129771,0.9010309278350515,0.000649995026898877,6.668228248417403,9.00809430564955,True,False,False,False,False,False
127.0,42677,14,,,78.26961770623743,3549,6.881313711751069,0,0,0,0,0,0,0,180.89368980949928,3.5421334673030227,0.04303724364968161,10.66143884396157,5.203422394485292,False,False,False,False,False,True
24.0,120089,44,,,84.68884781269254,3549,6.881313711751069,0,0,0,0,0,0,0,68.69904820591395,0.6693795528761618,0.1294354170708565,11.69599674065473,4.244186662090944,False,False,False,False,False,True
50.0,65896,31,,,83.30567540657152,3549,6.881313711751069,0,0,0,0,0,0,0,111.69114969042127,1.3945407351586703,0.06335782372393216,11.095848195933886,4.724650888152177,False,False,False,False,False,True
13.0,3551,17,,,71.7948717948718,3549,6.881313711751069,0,0,0,0,0,0,0,1850.183047029006,0.3625805911412543,0.0030388908101732677,8.17526610411206,7.5235801985695865,False,False,False,False,False,True
2.0,254,32,,,0.0,1572,6.528145312958054,0,0,0,0,0,0,0,25275.5905511811,0.7742094861660079,0.00020374953760216133,5.541263545158426,10.137633971727906,False,False,False,False,True,False
1.0,2829,39,,,67.05882352941175,1572,6.528145312958054,0,0,0,0,0,0,0,2262.2834924001413,0.38710474308300397,0.0023562858832923937,7.948031990637284,7.7245719106113,False,False,False,False,True,False
1.0,1129,16,,,85.0,3067,6.382521258497842,0,0,0,0,0,0,0,5234.720992028344,0.4144601454246124,0.000862475893750167,7.029972911706386,8.563259839137201,False,False,False,True,False,False
1.0,12779,41,,,78.22878228782287,1572,6.528145312958054,0,0,0,0,0,0,0,568.9021050160419,0.38710474308300397,0.012129009052820662,9.455636727931525,6.345464600492742,False,False,False,False,True,False
1.0,151,48,,,0.0,2188,6.320059610463039,0,0,0,0,0,0,0,44569.53642384106,0.9010309278350515,0.0001234683612681116,5.0238805208462765,10.70482830140421,True,False,False,False,False,False
15.0,15872,26,,,76.22950819672131,610,5.665348780241979,0,0,0,0,0,0,0,477.570564516129,2.185251798561151,0.0157098056017942,9.672374831572242,6.170803670273483,False,False,True,False,False,False
88.0,37,20,,,0.0,3549,6.881313711751069,0,0,0,0,0,0,0,175675.67567567568,2.4543916938792596,2.211509099776831e-05,3.6375861597263857,12.076400514513132,False,False,False,False,False,True
1.0,80,25,,,100.0,447,5.588299776286353,0,0,0,0,0,0,0,67500.0,0.9291666666666667,4.713558944022991e-05,4.394449154672439,11.119897691565697,False,True,False,False,False,False
1.0,107,37,,,50.0,2188,6.320059610463039,0,0,0,0,0,0,0,56074.766355140186,0.9010309278350515,7.457321175311208e-05,4.68213122712422,10.934459025904744,True,False,False,False,False,False
10.0,41,15,,,0.0,3549,6.881313711751069,0,0,0,0,0,0,0,134146.34146341463,0.27890814703173405,2.015526083256244e-05,3.7376696182833684,11.806694038016062,False,False,False,False,False,True
5.0,102,23,,,0.0,2188,6.320059610463039,0,0,0,0,0,0,0,60098.03921568627,4.505154639175258,7.238604128874233e-05,4.634728988229636,11.003749133967666,True,False,False,False,False,False
3.0,3121,84,,,64.28571428571429,1572,6.528145312958054,0,0,0,0,0,0,0,2265.2995834668377,1.161314229249012,0.002873664061711978,8.046229101075378,7.725903640910506,False,False,False,False,True,False
6.0,1769,23,,,87.5,3067,6.382521258497842,0,0,0,0,0,0,0,3680.0452232899943,2.4867608725476744,0.0014953442506984462,7.478734825567875,8.210952018902574,False,False,False,True,False,False
1.0,3933,28,,,75.71428571428571,1572,6.528145312958054,0,0,0,0,0,0,0,1553.5214848715993,0.38710474308300397,0.0031304227182090425,8.277411998949004,7.348923050485061,False,False,False,False,True,False
26.0,24156,16,,,81.02866779089376,3549,6.881313711751069,0,0,0,0,0,0,0,310.8958436827289,0.7251611822825086,0.023693082321019267,10.092329472153317,5.742669297724163,False,False,False,False,False,True
12.0,25545,18,,,78.45303867403315,3549,6.881313711751069,0,0,0,0,0,0,0,260.7163828537874,0.3346897764380809,0.02221904701784397,10.148236027602723,5.567261409234273,False,False,False,False,False,True
1.0,5712,20,,,88.0794701986755,2188,6.320059610463039,0,0,0,0,0,0,0,1421.5686274509803,0.9010309278350515,0.006050675495194708,8.650499558724462,7.260219409090534,True,False,False,False,False,False
1.0,134180,30,,,76.68250804844396,1572,6.528145312958054,0,0,0,0,0,0,0,56.86391414517812,0.38710474308300397,0.13375477169792754,11.80694491376462,4.058093945811227,False,False,False,False,True,False
3.0,626,24,,,50.0,1572,6.528145312958054,0,0,0,0,0,0,0,9856.230031948882,1.161314229249012,0.0004953382957952645,6.440946540632921,9.195960478305878,False,False,False,False,True,False
52.0,65,24,,,0.0,3549,6.881313711751069,0,0,0,0,0,0,0,114307.6923076923,1.4503223645650172,5.379247923471251e-05,4.189654742026425,11.64665789507767,False,False,False,False,False,True
1.0,67,21,,,0.0,1572,6.528145312958054,0,0,0,0,0,0,0,70895.5223880597,0.38710474308300397,3.2273544020752066e-05,4.219507705176107,11.168976661783537,False,False,False,False,True,False
1.0,47,28,,,100.0,3067,6.382521258497842,0,0,0,0,0,0,0,103829.78723404255,0.4144601454246124,2.0659590461742082e-05,3.871201010907891,11.550517807220434,False,False,False,True,False,False
4.0,5152,25,,,73.91304347826086,3067,6.382521258497842,0,0,0,0,0,0,0,1333.4627329192547,1.6578405816984496,0.004615139095784713,8.547334348328224,7.196284042579227,False,False,False,True,False,False
13.0,282002,21,,,82.450213371266,3549,6.881313711751069,0,0,0,0,0,0,0,29.645179821419706,0.3625805911412543,0.30801546444311584,12.549672988161536,3.4224753848082163,False,False,False,False,False,True
1.0,28864,18,,,79.12087912087912,2188,6.320059610463039,0,0,0,0,0,0,0,295.52383592017736,0.9010309278350515,0.03215933435994389,10.270385067495035,5.6921276061684125,True,False,False,False,False,False
1.0,404,37,,,71.42857142857143,2188,6.320059610463039,0,0,0,0,0,0,0,16757.425742574254,0.9010309278350515,0.00034804529989905216,6.003887067106539,9.726656440183751,True,False,False,False,False,False
1.0,186,17,,,83.33333333333334,2188,6.320059610463039,0,0,0,0,0,0,0,31129.032258064515,0.9010309278350515,0.00013140044722342149,5.231108616854587,10.345928299672332,True,False,False,False,False,False
26.0,60,16,,,0.0,3549,6.881313711751069,0,0,0,0,0,0,0,118166.66666666667,0.7251611822825086,4.627326416753933e-05,4.110873864173311,11.679859798873816,False,False,False,False,False,True
1.0,111,29,,,25.0,2188,6.320059610463039,0,0,0,0,0,0,0,53423.42342342342,0.9010309278350515,7.669374799186484e-05,4.718498871295094,10.8860232878675,True,False,False,False,False,False
1.0,1196,12,,,77.41935483870968,2188,6.320059610463039,0,0,0,0,0,0,0,5192.307692307692,0.9010309278350515,0.0009610906280029959,7.087573705557973,8.555126093448104,True,False,False,False,False,False
50.0,920,24,,,57.14285714285714,3549,6.881313711751069,0,0,0,0,0,0,0,7065.217391304348,1.3945407351586703,0.0007720114398777075,6.825460036255307,8.863080593268695,False,False,False,False,False,True
1.0,110,43,,,50.0,3067,6.382521258497842,0,0,0,0,0,0,0,55909.09090909091,0.4144601454246124,7.908082113308558e-05,4.709530201312334,10.93150016000919,False,False,False,True,False,False
1.0,10143,33,,,71.42857142857143,2188,6.320059610463039,0,0,0,0,0,0,0,661.5399783101645,0.9010309278350515,0.008883033808931223,9.224637676677007,6.49608090065883,True,False,False,False,False,False
6.0,12064,36,,,72.9641693811075,1572,6.528145312958054,0,0,0,0,0,0,0,561.1737400530504,2.322628458498024,0.010661743003035984,9.398063978059133,6.331810948119781,False,False,False,False,True,False
4.0,1074,18,,,87.87878787878788,3067,6.382521258497842,0,0,0,0,0,0,0,5605.214152700186,1.6578405816984496,0.0008354419964513171,6.980075940561763,8.631630931619473,False,False,False,True,False,False
1.0,15069,50,,,86.39846743295018,2188,6.320059610463039,0,0,0,0,0,0,0,536.8637600371624,0.9010309278350515,0.015918651636965757,9.620461291620542,6.287605293960939,True,False,False,False,False,False
1.0,733,48,,,69.6969696969697,3067,6.382521258497842,0,0,0,0,0,0,0,7394.270122783083,0.4144601454246124,0.0005097678720249536,6.598509028614515,8.908595902237492,False,False,False,True,False,False
1.0,79,19,,,0.0,3067,6.382521258497842,0,0,0,0,0,0,0,86455.69620253165,0.4144601454246124,6.119018483164294e-05,4.382026634673881,11.36739894563092,False,False,False,True,False,False
12.0,19427,26,,,80.05657708628006,3549,6.881313711751069,0,0,0,0,0,0,0,363.4117465383229,0.3346897764380809,0.017910676585572185,9.874470603465635,5.898284400152544,False,False,False,False,False,True
13.0,1785,18,,,76.47058823529412,3549,6.881313711751069,0,0,0,0,0,0,0,2823.529411764706,0.3625805911412543,0.001166120220566173,7.487733761436444,7.946097049798269,False,False,False,False,False,True
1.0,40,18,,,0.0,447,5.588299776286353,0,0,0,0,0,0,0,145000.0,0.9291666666666667,2.100452057081832e-05,3.713572066704308,11.884495917930655,False,True,False,False,False,False
,22133,16,,,0.0,3549,6.881313711751069,0,0,0,0,0,0,0,292.5996472468879,,0.01871826748601274,10.00487016682473,5.682217095264462,False,False,False,False,False,True
1.0,894,15,,,78.94736842105263,2188,6.320059610463039,0,0,0,0,0,0,0,6621.9239373601795,0.9010309278350515,0.0006821832775322182,6.796823718274855,8.798292233798795,True,False,False,False,False,False
26.0,285317,27,,,83.68295086583134,3549,6.881313711751069,0,0,0,0,0,0,0,27.19781856671702,0.7251611822825086,0.2892694537333019,12.561359626694058,3.3392446191617777,False,False,False,False,False,True
200.0,194,18,,,66.66666666666666,3549,6.881313711751069,0,0,0,0,0,0,0,33092.78350515464,5.578162940634681,0.00015342109895967465,5.272999558563747,10.407100734214795,False,False,False,False,False,True
1.0,200,22,,,40.0,2188,6.320059610463039,0,0,0,0,0,0,0,25300.0,0.9010309278350515,0.0001229156891615235,5.303304908059076,10.138599199626192,True,False,False,False,False,False
1.0,82,10,,,50.0,447,5.588299776286353,0,0,0,0,0,0,0,62682.92682926829,0.9291666666666667,4.5761095217698856e-05,4.418840607796598,11.045860343347234,False,True,False,False,False,False
13.0,114904,18,,,79.95271867612294,3549,6.881313711751069,0,0,0,0,0,0,0,68.05681264359814,0.3625805911412543,0.11739095807188331,11.651860978991007,4.234929537459126,False,False,False,False,False,True
1.0,337,38,,,87.5,3067,6.382521258497842,0,0,0,0,0,0,0,17982.195845697326,0.4144601454246124,0.0002575194380147496,5.823045895483019,9.79719303670798,False,False,False,True,False,False
2.0,2011,12,,,80.68181818181817,3067,6.382521258497842,0,0,0,0,0,0,0,3092.9885629040277,0.8289202908492248,0.0016249844030199274,7.60688453121963,8.037216334585787,False,False,False,True,False,False
