episodes,members,len_of_title,avg_rating_genre,avg_members_genre,user_activity,anime_count_by_type,avg_rating_by_type,Action/Adventure,Fantasy/Supernatural,Comedy,Drama/Romance,Science Fiction,Psychological/Thriller,Other/Uncategorized,normalized_episodes,log_members,type_Movie,type_Music,type_ONA,type_OVA,type_Special,type_TV
2.0,11669,18,6.788310729601363,20211.94423929099,74.48559670781893,1572,6.528145312958054,0,0,0,0,0,0,0,0.7649875126495325,9.364776725280601,False,False,False,False,True,False
2.0,1040,14,6.237741819619238,9158.131880564271,70.58823529411765,3067,6.382521258497842,0,0,0,0,0,0,0,0.7805845659575266,6.947937068614969,False,False,False,True,False,False
2.0,3869,2,6.744524531479761,27589.223936695056,84.21052631578947,3067,6.382521258497842,0,0,0,0,0,0,0,0.7805845659575266,8.261009786023827,False,False,False,True,False,False
1.0,37,18,6.548792989998894,10128.71560623309,0.0,3067,6.382521258497842,0,0,0,0,0,0,0,0.3902922829787633,3.6375861597263857,False,False,False,True,False,False
1.0,364,19,6.624551706647431,16561.884412793006,85.71428571428571,2188,6.320059610463039,0,0,0,0,0,0,0,0.8886641126398388,5.8998973535824915,True,False,False,False,False,False
6.0,6733,21,6.729026514431993,22314.877607942897,76.17328519855594,3067,6.382521258497842,0,0,0,0,0,0,0,2.3417536978725795,8.814924599721019,False,False,False,True,False,False
1.0,107,41,6.58558055977916,14312.419903361644,50.0,2188,6.320059610463039,0,0,0,0,0,0,0,0.8886641126398388,4.68213122712422,True,False,False,False,False,False
1.0,40,27,6.548792989998894,10128.71560623309,0.0,3067,6.382521258497842,0,0,0,0,0,0,0,0.3902922829787633,3.713572066704308,False,False,False,True,False,False
1.0,11015,24,6.9160083847587,28517.480811599227,67.32283464566929,3067,6.382521258497842,0,0,0,0,0,0,0,0.3902922829787633,9.307104040408491,False,False,False,True,False,False
2.0,307,49,6.490336269696487,6754.518842086047,66.66666666666666,3067,6.382521258497842,0,0,0,0,0,0,0,0.7805845659575266,5.730099782973574,False,False,False,True,False,False
12.0,9248,57,6.6934802647434,16397.500545159935,85.85858585858585,3549,6.881313711751069,0,0,0,0,0,0,0,0.34871731190584043,9.13227071655426,False,False,False,False,False,True
3.0,8291,18,6.830019888854456,37634.350338609285,78.18627450980392,3067,6.382521258497842,0,0,0,0,0,0,0,1.1708768489362897,9.02304647355567,False,False,False,True,False,False
1.0,390,20,6.80877291919659,29486.309424935065,57.14285714285714,2188,6.320059610463039,0,0,0,0,0,0,0,0.8886641126398388,5.968707559985366,True,False,False,False,False,False
1.0,12418,51,6.87869123882592,24409.39225562343,72.75242047026279,2188,6.320059610463039,0,0,0,0,0,0,0,0.8886641126398388,9.426982836948033,True,False,False,False,False,False
2.0,2939,37,6.662948251583755,24178.094281909634,75.0,1572,6.528145312958054,0,0,0,0,0,0,0,0.7649875126495325,7.986164860332727,False,False,False,False,True,False
2.0,201,25,6.195191110040243,2612.9254587155965,0.0,3067,6.382521258497842,0,0,0,0,0,0,0,0.7805845659575266,5.308267697401205,False,False,False,True,False,False
25.0,6649,18,6.5004185244497705,20155.465753424658,57.446808510638306,1572,6.528145312958054,0,0,0,0,0,0,0,9.562343908119155,8.8023721336499,False,False,False,False,True,False
6.0,71,46,6.26522859704693,4177.704926926859,0.0,3549,6.881313711751069,0,0,0,0,0,0,0,0.17435865595292022,4.276666119016055,False,False,False,False,False,True
1.0,2923,9,6.698349863309581,21482.950268016677,77.87610619469027,1572,6.528145312958054,0,0,0,0,0,0,0,0.38249375632476623,7.980707820869669,False,False,False,False,True,False
1.0,6634,43,5.879225467208256,3053.415760869565,74.46808510638297,447,5.588299776286353,0,0,0,0,0,0,0,0.9078461025802542,8.800113946766308,False,True,False,False,False,False
38.0,151,31,6.640698109965129,30156.15701881832,0.0,3549,6.881313711751069,0,0,0,0,0,0,0,1.104271487701828,5.0238805208462765,False,False,False,False,False,True
1.0,304,10,6.195191110040243,2612.9254587155965,37.5,3067,6.382521258497842,0,0,0,0,0,0,0,0.3902922829787633,5.720311776607412,False,False,False,True,False,False
1.0,214,6,6.22747829422649,6094.346320346321,100.0,610,5.665348780241979,0,0,0,0,0,0,0,0.13788144168663172,5.3706380281276624,False,False,True,False,False,False
87.0,424,21,6.809281649391791,30725.858768095237,50.0,3549,6.881313711751069,0,0,0,0,0,0,0,2.528200511317343,6.052089168924417,False,False,False,False,False,True
1.0,37,23,6.7842301997157435,23284.036834831608,0.0,2188,6.320059610463039,0,0,0,0,0,0,0,0.8886641126398388,3.6375861597263857,True,False,False,False,False,False
1.0,74,23,5.60043986026233,568.2241379310345,100.0,2188,6.320059610463039,0,0,0,0,0,0,0,0.8886641126398388,4.31748811353631,True,False,False,False,False,False
1.0,43673,87,6.914189728525724,27946.87190819111,74.73363774733637,1572,6.528145312958054,0,0,0,0,0,0,0,0.38249375632476623,10.684508238346313,False,False,False,False,True,False
26.0,8862,23,6.817377299046317,33936.751000488825,77.23214285714286,3549,6.881313711751069,0,0,0,0,0,0,0,0.7555541757959876,9.089640586738398,False,False,False,False,False,True
1.0,160,11,6.5004185244497705,20155.465753424658,0.0,2188,6.320059610463039,0,0,0,0,0,0,0,0.8886641126398388,5.081404364984463,True,False,False,False,False,False
2.0,2673,44,6.195191110040243,2612.9254587155965,70.0,3067,6.382521258497842,0,0,0,0,0,0,0,0.7805845659575266,7.891330757661889,False,False,False,True,False,False
22.0,189,18,6.5004185244497705,20155.465753424658,0.0,3549,6.881313711751069,0,0,0,0,0,0,0,0.6393150718273741,5.247024072160486,False,False,False,False,False,True
25.0,60988,12,6.510263751421897,20545.19121004566,77.23684210526316,3549,6.881313711751069,0,0,0,0,0,0,0,0.7264943998038342,11.01844879902557,False,False,False,False,False,True
1.0,14779,33,6.903140376493692,21456.872169630027,79.89778534923339,2188,6.320059610463039,0,0,0,0,0,0,0,0.8886641126398388,9.601030194502194,True,False,False,False,False,False
77.0,170,22,6.6819426705842195,18722.56480948544,0.0,3549,6.881313711751069,0,0,0,0,0,0,0,2.2376027513958094,5.14166355650266,False,False,False,False,False,True
24.0,146895,9,6.821981200903762,29231.234460661643,86.43393725143615,3549,6.881313711751069,0,0,0,0,0,0,0,0.6974346238116809,11.897480132383482,False,False,False,False,False,True
12.0,5670,21,6.683116002174912,25565.207430304697,75.0,3549,6.881313711751069,0,0,0,0,0,0,0,0.34871731190584043,8.643120748014027,False,False,False,False,False,True
3.0,1659,19,6.703006296580537,26160.623568722254,60.78431372549019,3067,6.382521258497842,0,0,0,0,0,0,0,1.1708768489362897,7.414572881350589,False,False,False,True,False,False
1.0,1439,16,6.604842707205482,20851.246346539916,79.71014492753623,1572,6.528145312958054,0,0,0,0,0,0,0,0.38249375632476623,7.272398392570047,False,False,False,False,True,False
1.0,131,19,6.555621413678604,13235.397717492759,0.0,2188,6.320059610463039,0,0,0,0,0,0,0,0.8886641126398388,4.882801922586371,True,False,False,False,False,False
2.0,1254,22,6.195191110040243,2612.9254587155965,69.38775510204081,3067,6.382521258497842,0,0,0,0,0,0,0,0.7805845659575266,7.134890851565884,False,False,False,True,False,False
26.0,143,46,6.604842707205482,20851.246346539916,0.0,3549,6.881313711751069,0,0,0,0,0,0,0,0.7555541757959876,4.969813299576001,False,False,False,False,False,True
25.0,152811,17,6.907144180005776,30669.766179668582,83.51839000693963,3549,6.881313711751069,0,0,0,0,0,0,0,0.7264943998038342,11.936963686662335,False,False,False,False,False,True
25.0,179342,23,6.904400748459212,30367.902828980667,83.21108394458028,3549,6.881313711751069,0,0,0,0,0,0,0,0.7264943998038342,12.097055452368803,False,False,False,False,False,True
3.0,77,22,6.5264888547538815,17281.5837709483,0.0,1572,6.528145312958054,0,0,0,0,0,0,0,1.1474812689742986,4.356708826689592,False,False,False,False,True,False
1.0,690,14,6.735691132363756,35523.32279163113,67.64705882352942,3067,6.382521258497842,0,0,0,0,0,0,0,0.3902922829787633,6.53813982376767,False,False,False,True,False,False
1.0,54,30,5.558589488847307,349.1694444444444,0.0,3067,6.382521258497842,0,0,0,0,0,0,0,0.3902922829787633,4.007333185232471,False,False,False,True,False,False
1.0,304,30,6.7108808707015255,21486.789917862803,77.77777777777779,2188,6.320059610463039,0,0,0,0,0,0,0,0.8886641126398388,5.720311776607412,True,False,False,False,False,False
2.0,15764,32,6.7922584990548955,43782.664886514154,80.65268065268066,3067,6.382521258497842,0,0,0,0,0,0,0,0.7805845659575266,9.665547571979161,False,False,False,True,False,False
2.0,213,36,6.780364255718127,27279.73223557687,0.0,3067,6.382521258497842,0,0,0,0,0,0,0,0.7805845659575266,5.365976015021851,False,False,False,True,False,False
1.0,55,19,6.548792989998894,10128.71560623309,0.0,3067,6.382521258497842,0,0,0,0,0,0,0,0.3902922829787633,4.02535169073515,False,False,False,True,False,False
1.0,19277,28,6.510263751421897,20545.19121004566,78.76447876447877,1572,6.528145312958054,0,0,0,0,0,0,0,0.38249375632476623,9.866719828343914,False,False,False,False,True,False
1.0,47,34,6.464641336937508,8548.357906466646,0.0,3067,6.382521258497842,0,0,0,0,0,0,0,0.3902922829787633,3.871201010907891,False,False,False,True,False,False
24.0,17601,12,6.604842707205482,20851.246346539916,76.68231611893583,3549,6.881313711751069,0,0,0,0,0,0,0,0.6974346238116809,9.775767810933758,False,False,False,False,False,True
1.0,11745,15,6.829036948424544,17643.015772252504,84.33734939759037,2188,6.320059610463039,0,0,0,0,0,0,0,0.8886641126398388,9.371268036082466,True,False,False,False,False,False
1.0,289,24,6.677693639525605,11247.974150664697,87.5,3067,6.382521258497842,0,0,0,0,0,0,0,0.3902922829787633,5.66988092298052,False,False,False,True,False,False
1.0,15412,20,6.8182528559243245,28325.57577758435,72.8862973760933,3067,6.382521258497842,0,0,0,0,0,0,0,0.3902922829787633,9.64296658814672,False,False,False,True,False,False
1.0,15114,10,6.93905064652767,40803.73165707998,77.96610169491525,3067,6.382521258497842,0,0,0,0,0,0,0,0.3902922829787633,9.623442907213558,False,False,False,True,False,False
1.0,3607,28,6.827850625188941,21162.251451633205,85.43689320388349,2188,6.320059610463039,0,0,0,0,0,0,0,0.8886641126398388,8.190908881182514,True,False,False,False,False,False
6.0,22609,42,6.815635129003481,22014.987234226825,82.90043290043289,3067,6.382521258497842,0,0,0,0,0,0,0,2.3417536978725795,10.026147565272016,False,False,False,True,False,False
2.0,480,16,6.195191110040243,2612.9254587155965,25.0,3067,6.382521258497842,0,0,0,0,0,0,0,0.7805845659575266,6.175867270105761,False,False,False,True,False,False
3.0,380,23,6.192033733782523,14274.946127419527,66.66666666666666,1572,6.528145312958054,0,0,0,0,0,0,0,1.1474812689742986,5.942799375126701,False,False,False,False,True,False
13.0,25043,24,6.891816304527772,35882.155398824216,79.34347477982386,3549,6.881313711751069,0,0,0,0,0,0,0,0.3777770878979938,10.128389556865201,False,False,False,False,False,True
3.0,11447,11,6.728603824708156,27893.492868965463,71.91358024691358,1572,6.528145312958054,0,0,0,0,0,0,0,1.1474812689742986,9.345570321236286,False,False,False,False,True,False
5.0,785,12,6.602205255211668,28742.709806934843,69.23076923076923,3067,6.382521258497842,0,0,0,0,0,0,0,1.9514614148938163,6.666956792429207,False,False,False,True,False,False
4.0,698,9,6.5262666432363226,22946.272183594574,75.0,3067,6.382521258497842,0,0,0,0,0,0,0,1.5611691319150531,6.54965074223381,False,False,False,True,False,False
1.0,622,18,7.025210187186107,57447.79795707702,75.0,1572,6.528145312958054,0,0,0,0,0,0,0,0.38249375632476623,6.434546518787453,False,False,False,False,True,False
52.0,165,20,6.045175999634896,2840.439024390244,0.0,3549,6.881313711751069,0,0,0,0,0,0,0,1.5111083515919752,5.111987788356544,False,False,False,False,False,True
1.0,1513,33,6.841160948174395,22416.566940171087,68.35443037974683,1572,6.528145312958054,0,0,0,0,0,0,0,0.38249375632476623,7.322510433997394,False,False,False,False,True,False
7.0,5167,25,6.5004185244497705,20155.465753424658,64.34782608695652,1572,6.528145312958054,0,0,0,0,0,0,0,2.6774562942733633,8.550241045462437,False,False,False,False,True,False
2.0,31973,20,6.752542161239349,33459.49192062364,80.46242774566474,3067,6.382521258497842,0,0,0,0,0,0,0,0.7805845659575266,10.372678351524836,False,False,False,True,False,False
1.0,19669,35,6.589899276583323,32349.1702414006,73.92265193370166,1572,6.528145312958054,0,0,0,0,0,0,0,0.38249375632476623,9.886849911383104,False,False,False,False,True,False
1.0,62464,7,7.0051398861146525,37527.99570121927,83.34862385321101,2188,6.320059610463039,0,0,0,0,0,0,0,0.8886641126398388,11.04236167886593,True,False,False,False,False,False
1.0,69,19,6.900464730786089,29384.40008657502,0.0,1572,6.528145312958054,0,0,0,0,0,0,0,0.38249375632476623,4.248495242049359,False,False,False,False,True,False
1.0,53,31,6.548792989998894,10128.71560623309,0.0,3067,6.382521258497842,0,0,0,0,0,0,0,0.3902922829787633,3.9889840465642745,False,False,False,True,False,False
51.0,1946,9,6.513833199933685,9375.297391753698,72.41379310344827,3549,6.881313711751069,0,0,0,0,0,0,0,1.4820485755998218,7.5740450053721995,False,False,False,False,False,True
1.0,289,9,5.60043986026233,568.2241379310345,60.0,2188,6.320059610463039,0,0,0,0,0,0,0,0.8886641126398388,5.66988092298052,True,False,False,False,False,False
6.0,720,37,6.604842707205482,20851.246346539916,80.0,3067,6.382521258497842,0,0,0,0,0,0,0,2.3417536978725795,6.580639137284949,False,False,False,True,False,False
1.0,3630,47,6.915455099061244,32974.91886470236,76.31578947368422,2188,6.320059610463039,0,0,0,0,0,0,0,0.8886641126398388,8.197263371414335,True,False,False,False,False,False
13.0,1880,23,6.971057475358263,31462.616171152018,64.86486486486487,3549,6.881313711751069,0,0,0,0,0,0,0,0.3777770878979938,7.53955882930103,False,False,False,False,False,True
1.0,2229,41,6.991318746851372,51108.5051282192,84.95575221238938,2188,6.320059610463039,0,0,0,0,0,0,0,0.8886641126398388,7.709756864454165,True,False,False,False,False,False
1.0,35058,52,6.799447922681467,32905.2987075575,83.33333333333334,2188,6.320059610463039,0,0,0,0,0,0,0,0.8886641126398388,10.46478763553565,True,False,False,False,False,False
1.0,8053,19,6.600169481894902,25294.566126141643,75.4054054054054,447,5.588299776286353,0,0,0,0,0,0,0,0.9078461025802542,8.9939241414114,False,True,False,False,False,False
12.0,36827,11,6.896685115474326,50569.975132722466,0.0,3549,6.881313711751069,0,0,0,0,0,0,0,0.34871731190584043,10.514013704407736,False,False,False,False,False,True
2.0,3813,8,6.195191110040243,2612.9254587155965,66.20689655172414,3067,6.382521258497842,0,0,0,0,0,0,0,0.7805845659575266,8.246433786160365,False,False,False,True,False,False
3.0,694,32,6.195191110040243,2612.9254587155965,66.66666666666666,3067,6.382521258497842,0,0,0,0,0,0,0,1.1708768489362897,6.543911845564792,False,False,False,True,False,False
1.0,776,14,5.879225467208256,3053.415760869565,85.41666666666666,447,5.588299776286353,0,0,0,0,0,0,0,0.9078461025802542,6.655440350367647,False,True,False,False,False,False
2.0,5082,15,6.195191110040243,2612.9254587155965,68.90243902439023,3067,6.382521258497842,0,0,0,0,0,0,0,0.7805845659575266,8.533656917446903,False,False,False,True,False,False
1.0,58,49,5.879225467208256,3053.415760869565,100.0,447,5.588299776286353,0,0,0,0,0,0,0,0.9078461025802542,4.07753744390572,False,True,False,False,False,False
1.0,520,24,6.490336269696487,6754.518842086047,50.0,2188,6.320059610463039,0,0,0,0,0,0,0,0.8886641126398388,6.255750041753367,True,False,False,False,False,False
44.0,589,41,6.5264781364721145,17147.534565370464,65.625,3549,6.881313711751069,0,0,0,0,0,0,0,1.2786301436547483,6.380122536899765,False,False,False,False,False,True
13.0,9540,30,6.56187974819794,14452.390551477509,77.3851590106007,3549,6.881313711751069,0,0,0,0,0,0,0,0.3777770878979938,9.163353580751846,False,False,False,False,False,True
1.0,5950,30,6.693995382256044,24823.450931229087,81.31868131868131,1572,6.528145312958054,0,0,0,0,0,0,0,0.38249375632476623,8.691314551644853,False,False,False,False,True,False
1.0,65,26,6.726881389735055,20338.098088288767,0.0,3067,6.382521258497842,0,0,0,0,0,0,0,0.3902922829787633,4.189654742026425,False,False,False,True,False,False
4.0,3083,45,6.48976219033308,13161.231651645769,69.49152542372882,1572,6.528145312958054,0,0,0,0,0,0,0,1.529975025299065,8.03398273468322,False,False,False,False,True,False
1.0,4596,45,6.952284532351359,28091.98624930423,64.04494382022472,3067,6.382521258497842,0,0,0,0,0,0,0,0.3902922829787633,8.433159195806228,False,False,False,True,False,False
2.0,137,31,6.751585809121671,19724.348480529654,66.66666666666666,1572,6.528145312958054,0,0,0,0,0,0,0,0.7649875126495325,4.927253685157205,False,False,False,False,True,False
1.0,70,34,5.7918085106382975,2324.3617021276596,0.0,2188,6.320059610463039,0,0,0,0,0,0,0,0.8886641126398388,4.2626798770413155,True,False,False,False,False,False
1.0,283,24,6.662210655278485,24523.331641768404,33.33333333333333,2188,6.320059610463039,0,0,0,0,0,0,0,0.8886641126398388,5.648974238161206,True,False,False,False,False,False
6.0,3736,25,6.713574543648345,46416.81574519231,0.0,1572,6.528145312958054,0,0,0,0,0,0,0,2.294962537948597,8.226038429485484,False,False,False,False,True,False
1.0,365,60,6.22747829422649,6094.346320346321,87.5,610,5.665348780241979,0,0,0,0,0,0,0,0.13788144168663172,5.902633333401366,False,False,True,False,False,False
1.0,2430,51,6.756379223895332,24835.59366045604,70.93023255813954,2188,6.320059610463039,0,0,0,0,0,0,0,0.8886641126398388,7.796057974316123,True,False,False,False,False,False
1.0,57507,29,6.541468868858304,39876.821275440976,74.17308563661078,3067,6.382521258497842,0,0,0,0,0,0,0,0.3902922829787633,10.959679347542483,False,False,False,True,False,False
1.0,94,26,6.5264888547538815,17281.5837709483,33.33333333333333,2188,6.320059610463039,0,0,0,0,0,0,0,0.8886641126398388,4.553876891600541,True,False,False,False,False,False
13.0,24889,22,6.699663961399586,36313.50824845239,83.23057953144266,3549,6.881313711751069,0,0,0,0,0,0,0,0.3777770878979938,10.122221395361638,False,False,False,False,False,True
12.0,169718,20,6.838324248387183,30997.76660493708,84.5626975763962,3549,6.881313711751069,0,0,0,0,0,0,0,0.34871731190584043,12.041899407241397,False,False,False,False,False,True
1.0,109,10,5.879225467208256,3053.415760869565,100.0,447,5.588299776286353,0,0,0,0,0,0,0,0.9078461025802542,4.700480365792417,False,True,False,False,False,False
25.0,583823,14,6.891177866809663,38611.93962607258,83.98681207202637,3549,6.881313711751069,0,0,0,0,0,0,0,0.7264943998038342,13.277354846526327,False,False,False,False,False,True
9.0,68951,3,6.885625457752329,35080.36109154519,83.82899628252788,3549,6.881313711751069,0,0,0,0,0,0,0,0.2615379839293803,11.141165889327235,False,False,False,False,False,True
1.0,206,49,6.651400643424755,24146.555751604395,0.0,2188,6.320059610463039,0,0,0,0,0,0,0,0.8886641126398388,5.332718793265369,True,False,False,False,False,False
1.0,118,42,6.230078157949449,24863.62904040404,0.0,2188,6.320059610463039,0,0,0,0,0,0,0,0.8886641126398388,4.77912349311153,True,False,False,False,False,False
12.0,121005,25,6.896685115474326,50569.975132722466,81.39004149377594,3549,6.881313711751069,0,0,0,0,0,0,0,0.34871731190584043,11.703595410126354,False,False,False,False,False,True
2.0,15269,17,6.7558403505266265,26393.572442129578,77.32426303854876,3067,6.382521258497842,0,0,0,0,0,0,0,0.7805845659575266,9.633645398212678,False,False,False,True,False,False
1.0,53706,20,6.617297955430384,27804.55171578802,73.74005305039788,1572,6.528145312958054,0,0,0,0,0,0,0,0.38249375632476623,10.89129862581914,False,False,False,False,True,False
4.0,6650,13,6.700879135513685,22191.287010131116,79.47214076246334,447,5.588299776286353,0,0,0,0,0,0,0,3.631384410321017,8.802522498284421,False,True,False,False,False,False
1.0,2752,33,6.817531173385809,34459.91188017973,79.41176470588235,1572,6.528145312958054,0,0,0,0,0,0,0,0.38249375632476623,7.920446505142607,False,False,False,False,True,False
72.0,110,15,6.638243832197137,24791.843889668748,0.0,3549,6.881313711751069,0,0,0,0,0,0,0,2.0923038714350426,4.709530201312334,False,False,False,False,False,True
4.0,3316,35,6.195191110040243,2612.9254587155965,73.17073170731707,3067,6.382521258497842,0,0,0,0,0,0,0,1.5611691319150531,8.106816038947052,False,False,False,True,False,False
1.0,2842,78,6.821165935114889,28692.065167271438,69.6078431372549,2188,6.320059610463039,0,0,0,0,0,0,0,0.8886641126398388,7.952615111651,True,False,False,False,False,False
26.0,359494,25,6.954841079766507,62458.316227399766,85.51919393787992,3549,6.881313711751069,0,0,0,0,0,0,0,0.7555541757959876,12.792455547840676,False,False,False,False,False,True
1.0,3841,39,6.721357126733849,26465.79519599665,82.96703296703298,3067,6.382521258497842,0,0,0,0,0,0,0,0.3902922829787633,8.253748343328501,False,False,False,True,False,False
1.0,45,14,6.548792989998894,10128.71560623309,0.0,3067,6.382521258497842,0,0,0,0,0,0,0,0.3902922829787633,3.828641396489095,False,False,False,True,False,False
13.0,192219,11,6.836389593533809,44381.854779873785,82.50203307129304,3549,6.881313711751069,0,0,0,0,0,0,0,0.3777770878979938,12.166395828377276,False,False,False,False,False,True
26.0,9293,13,6.857628367942673,24418.85138047913,78.63247863247864,3549,6.881313711751069,0,0,0,0,0,0,0,0.7555541757959876,9.137124309644923,False,False,False,False,False,True
1.0,70,11,6.490336269696487,6754.518842086047,0.0,3067,6.382521258497842,0,0,0,0,0,0,0,0.3902922829787633,4.2626798770413155,False,False,False,True,False,False
12.0,11867,9,6.755039400968009,28202.223299767647,76.60550458715596,3549,6.881313711751069,0,0,0,0,0,0,0,0.34871731190584043,9.381600981410713,False,False,False,False,False,True
3.0,256,34,6.756227895933027,31237.556779276372,0.0,3067,6.382521258497842,0,0,0,0,0,0,0,1.1708768489362897,5.54907608489522,False,False,False,True,False,False
11.0,422,28,6.604842707205482,20851.246346539916,66.66666666666666,610,5.665348780241979,0,0,0,0,0,0,0,1.5166958585529489,6.0473721790462776,False,False,True,False,False,False
2.0,133,29,6.877545578079942,23761.340998626038,0.0,1572,6.528145312958054,0,0,0,0,0,0,0,0.7649875126495325,4.897839799950911,False,False,False,False,True,False
26.0,1300,10,6.694849741824683,16710.93715997675,80.0,3549,6.881313711751069,0,0,0,0,0,0,0,0.7555541757959876,7.170888478512505,False,False,False,False,False,True
4.0,6101,44,6.195191110040243,2612.9254587155965,68.75,3067,6.382521258497842,0,0,0,0,0,0,0,1.5611691319150531,8.716371865276615,False,False,False,True,False,False
1.0,5455,43,6.72258613857229,20986.65819667338,71.7948717948718,610,5.665348780241979,0,0,0,0,0,0,0,0.13788144168663172,8.604471199523298,False,False,True,False,False,False
1.0,496,33,6.698341270674539,20133.308761164873,61.53846153846154,2188,6.320059610463039,0,0,0,0,0,0,0,0.8886641126398388,6.208590026096629,True,False,False,False,False,False
1.0,77111,43,6.819139379998141,37479.243865337136,79.99504214179474,3067,6.382521258497842,0,0,0,0,0,0,0,0.3902922829787633,11.253014189463805,False,False,False,True,False,False
13.0,346828,16,6.865487846325214,39493.94968410768,82.71129472726,3549,6.881313711751069,0,0,0,0,0,0,0,0.3777770878979938,12.756587142076393,False,False,False,False,False,True
2.0,1651,10,6.911323279215214,32025.167730506095,75.86206896551724,3067,6.382521258497842,0,0,0,0,0,0,0,0.7805845659575266,7.409741954080923,False,False,False,True,False,False
8.0,1430,36,6.265461606140655,11175.0818776953,51.11111111111111,1572,6.528145312958054,0,0,0,0,0,0,0,3.05995005059813,7.266128779556451,False,False,False,False,True,False
1.0,704,28,6.677693639525605,11247.974150664697,57.14285714285714,2188,6.320059610463039,0,0,0,0,0,0,0,0.8886641126398388,6.558197802812269,True,False,False,False,False,False
1.0,183,27,6.841823567202082,23070.463443385615,0.0,1572,6.528145312958054,0,0,0,0,0,0,0,0.38249375632476623,5.214935757608986,False,False,False,False,True,False
24.0,90,32,5.7918085106382975,2324.3617021276596,0.0,3549,6.881313711751069,0,0,0,0,0,0,0,0.6974346238116809,4.51085950651685,False,False,False,False,False,True
1.0,39946,37,6.872724838781157,34495.98883480793,74.53443048938935,2188,6.320059610463039,0,0,0,0,0,0,0,0.8886641126398388,10.595308854507401,True,False,False,False,False,False
1.0,23937,35,6.844614966234576,28383.127744251182,69.91485335856197,1572,6.528145312958054,0,0,0,0,0,0,0,0.38249375632476623,10.083222433433315,False,False,False,False,True,False
1.0,83515,53,6.892501368430791,34452.34000811103,73.49554638279383,2188,6.320059610463039,0,0,0,0,0,0,0,0.8886641126398388,11.332793509249266,True,False,False,False,False,False
1.0,854,24,6.195191110040243,2612.9254587155965,57.14285714285714,3067,6.382521258497842,0,0,0,0,0,0,0,0.3902922829787633,6.75110146893676,False,False,False,True,False,False
4.0,11400,72,6.693326586706275,24631.556902793207,63.95348837209303,1572,6.528145312958054,0,0,0,0,0,0,0,1.529975025299065,9.34145634983372,False,False,False,False,True,False
13.0,72692,16,6.799794973458771,30722.40740263234,78.54166666666667,3549,6.881313711751069,0,0,0,0,0,0,0,0.3777770878979938,11.194000372778516,False,False,False,False,False,True
1.0,58492,12,6.899387799034847,32998.82052383925,84.99249624812406,2188,6.320059610463039,0,0,0,0,0,0,0,0.8886641126398388,10.976662367940685,True,False,False,False,False,False
1.0,749,99,5.558589488847307,349.1694444444444,61.53846153846154,3067,6.382521258497842,0,0,0,0,0,0,0,0.3902922829787633,6.620073206530356,False,False,False,True,False,False
1.0,2361,20,6.106210567052468,33784.67164179104,86.36363636363636,3067,6.382521258497842,0,0,0,0,0,0,0,0.3902922829787633,7.767263996757308,False,False,False,True,False,False
2.0,4379,37,6.66391737475365,18028.293509500556,70.49180327868852,3067,6.382521258497842,0,0,0,0,0,0,0,0.7805845659575266,8.384804003370492,False,False,False,True,False,False
1.0,53,26,6.490336269696487,6754.518842086047,0.0,2188,6.320059610463039,0,0,0,0,0,0,0,0.8886641126398388,3.9889840465642745,True,False,False,False,False,False
1.0,2078,62,6.83367590781581,21851.12847255018,72.22222222222221,1572,6.528145312958054,0,0,0,0,0,0,0,0.38249375632476623,7.639642287858013,False,False,False,False,True,False
1.0,114,12,5.558589488847307,349.1694444444444,100.0,2188,6.320059610463039,0,0,0,0,0,0,0,0.8886641126398388,4.74493212836325,True,False,False,False,False,False
12.0,21934,11,6.815755293870396,28885.83750312443,73.07692307692307,3549,6.881313711751069,0,0,0,0,0,0,0,0.34871731190584043,9.995838813600315,False,False,False,False,False,True
50.0,696,14,6.873241177866149,29310.14515146911,85.71428571428571,3549,6.881313711751069,0,0,0,0,0,0,0,1.4529887996076685,6.546785410760524,False,False,False,False,False,True
13.0,101266,30,6.8734559789429275,43609.06260538725,81.27100519401161,3549,6.881313711751069,0,0,0,0,0,0,0,0.3777770878979938,11.52551587210952,False,False,False,False,False,True
1.0,60,6,6.2680555955337915,8242.158584660134,100.0,447,5.588299776286353,0,0,0,0,0,0,0,0.9078461025802542,4.110873864173311,False,True,False,False,False,False
1.0,244,26,6.796919367664303,29268.116604770163,0.0,1572,6.528145312958054,0,0,0,0,0,0,0,0.38249375632476623,5.501258210544727,False,False,False,False,True,False
14.0,8472,47,6.5004185244497705,20155.465753424658,73.15436241610739,610,5.665348780241979,0,0,0,0,0,0,0,1.930340183612844,9.044639916198465,False,False,True,False,False,False
1.0,644,35,6.763733621280342,28099.343361112562,76.47058823529412,3067,6.382521258497842,0,0,0,0,0,0,0,0.3902922829787633,6.4692503167957724,False,False,False,True,False,False
1.0,85,53,6.289007148338809,2755.141935483871,0.0,2188,6.320059610463039,0,0,0,0,0,0,0,0.8886641126398388,4.454347296253507,True,False,False,False,False,False
25.0,715151,31,6.84562728399871,33013.75419292273,87.10304349516072,3549,6.881313711751069,0,0,0,0,0,0,0,0.7264943998038342,13.48025038649523,False,False,False,False,False,True
26.0,79816,24,6.865349700381785,53412.78489463932,81.25211505922167,3549,6.881313711751069,0,0,0,0,0,0,0,0.7555541757959876,11.287491793331135,False,False,False,False,False,True
1.0,35120,60,6.830019888854456,37634.350338609285,81.29139072847681,3067,6.382521258497842,0,0,0,0,0,0,0,0.3902922829787633,10.466554521147781,False,False,False,True,False,False
12.0,171452,17,6.814882238275165,36546.30823677478,81.94166999600479,3549,6.881313711751069,0,0,0,0,0,0,0,0.34871731190584043,12.052064455550754,False,False,False,False,False,True
1.0,98,5,4.9263479368027125,4281.747368421053,66.66666666666666,2188,6.320059610463039,0,0,0,0,0,0,0,0.8886641126398388,4.59511985013459,True,False,False,False,False,False
1.0,90,55,6.888691304282265,31032.405421929638,0.0,2188,6.320059610463039,0,0,0,0,0,0,0,0.8886641126398388,4.51085950651685,True,False,False,False,False,False
26.0,47882,8,6.855149010949878,38849.35016366716,79.12474849094568,3549,6.881313711751069,0,0,0,0,0,0,0,0.7555541757959876,10.776515814350669,False,False,False,False,False,True
1.0,204,31,6.195191110040243,2612.9254587155965,50.0,3067,6.382521258497842,0,0,0,0,0,0,0,0.3902922829787633,5.3230099791384085,False,False,False,True,False,False
1.0,51,21,5.60043986026233,568.2241379310345,100.0,610,5.665348780241979,0,0,0,0,0,0,0,0.13788144168663172,3.9512437185814275,False,False,True,False,False,False
1.0,5005,80,6.763243699567829,33072.24707757705,58.47457627118644,1572,6.528145312958054,0,0,0,0,0,0,0,0.38249375632476623,8.518392471991719,False,False,False,False,True,False
6.0,39377,15,6.7921340428944,31872.547252092783,81.86582809224319,3067,6.382521258497842,0,0,0,0,0,0,0,2.3417536978725795,10.580962563701778,False,False,False,True,False,False
12.37420167311325,612,18,6.404558063366416,11845.029301075268,0.0,3549,6.881313711751069,0,0,0,0,0,0,0,0.35959152870240046,6.418364935936212,False,False,False,False,False,True
12.37420167311325,503,14,6.882950006587168,42174.66587263578,0.0,3549,6.881313711751069,0,0,0,0,0,0,0,0.35959152870240046,6.222576268071369,False,False,False,False,False,True
2.0,14158,56,6.728879252982257,24172.086087666834,80.80000000000001,1572,6.528145312958054,0,0,0,0,0,0,0,0.7649875126495325,9.55810574328497,False,False,False,False,True,False
1.0,7373,36,6.821827589491823,30283.43505359858,0.0,2188,6.320059610463039,0,0,0,0,0,0,0,0.8886641126398388,8.90571557879409,True,False,False,False,False,False
1.0,1057,10,6.494012152354782,22095.72140651465,83.33333333333334,447,5.588299776286353,0,0,0,0,0,0,0,0.9078461025802542,6.964135612418245,False,True,False,False,False,False
50.0,28959,23,6.77343606745359,20106.262753151284,81.78010471204189,3549,6.881313711751069,0,0,0,0,0,0,0,1.4529887996076685,10.273670846499652,False,False,False,False,False,True
1.0,38,23,6.624551706647431,16561.884412793006,0.0,3067,6.382521258497842,0,0,0,0,0,0,0,0.3902922829787633,3.6635616461296463,False,False,False,True,False,False
3.0,15203,41,6.661310512963811,17493.1430152059,82.93010752688173,610,5.665348780241979,0,0,0,0,0,0,0,0.4136443250598951,9.629313830109139,False,False,True,False,False,False
1.0,5676,46,6.210994540743939,17286.006610576922,74.79338842975206,1572,6.528145312958054,0,0,0,0,0,0,0,0.38249375632476623,8.644178203170727,False,False,False,False,True,False
1.0,404,34,6.844966920920479,32576.50222223778,42.857142857142854,2188,6.320059610463039,0,0,0,0,0,0,0,0.8886641126398388,6.003887067106539,True,False,False,False,False,False
39.0,1232,12,6.921729320968481,28847.403375944818,77.5,3549,6.881313711751069,0,0,0,0,0,0,0,1.1333312636939814,7.117205503164344,False,False,False,False,False,True
50.0,114,12,6.87428735470253,36388.87683558122,0.0,3549,6.881313711751069,0,0,0,0,0,0,0,1.4529887996076685,4.74493212836325,False,False,False,False,False,True
12.37420167311325,1927,18,6.195191110040243,2612.9254587155965,0.0,3067,6.382521258497842,0,0,0,0,0,0,0,4.829555421039003,7.564238475170491,False,False,False,True,False,False
2.0,860,45,6.7344953614002465,26101.656868768423,60.0,2188,6.320059610463039,0,0,0,0,0,0,0,1.7773282252796776,6.7580945044277305,True,False,False,False,False,False
1.0,572,16,6.677693639525605,11247.974150664697,50.0,3067,6.382521258497842,0,0,0,0,0,0,0,0.3902922829787633,6.35088571671474,False,False,False,True,False,False
2.0,2325,14,6.938913483987658,39882.49206247506,73.0,3067,6.382521258497842,0,0,0,0,0,0,0,0.7805845659575266,7.75190533307861,False,False,False,True,False,False
13.0,53319,9,6.806214276498884,38736.960712467735,80.51341890315052,3549,6.881313711751069,0,0,0,0,0,0,0,0.3777770878979938,10.884066774292645,False,False,False,False,False,True
2.0,2446,11,6.195191110040243,2612.9254587155965,61.19402985074627,3067,6.382521258497842,0,0,0,0,0,0,0,0.7805845659575266,7.802618063442671,False,False,False,True,False,False
8.0,3772,13,6.5970797128209036,29895.67701079054,75.60975609756098,3549,6.881313711751069,0,0,0,0,0,0,0,0.23247820793722695,8.235625719964311,False,False,False,False,False,True
1.0,1410,11,6.20715799971213,18909.371794871793,76.47058823529412,610,5.665348780241979,0,0,0,0,0,0,0,0.13788144168663172,7.252053951852814,False,False,True,False,False,False
24.0,1514,11,6.783619360794246,26118.07110354941,50.0,3549,6.881313711751069,0,0,0,0,0,0,0,0.6974346238116809,7.323170717943469,False,False,False,False,False,True
1.0,1773,37,6.788310729601363,20211.94423929099,66.66666666666666,2188,6.320059610463039,0,0,0,0,0,0,0,0.8886641126398388,7.480992162869525,True,False,False,False,False,False
34.0,98,26,6.911084028706297,35072.445790802936,0.0,3549,6.881313711751069,0,0,0,0,0,0,0,0.9880323837332146,4.59511985013459,False,False,False,False,False,True
1.0,10277,24,6.815470928920611,21866.42979286939,74.24242424242425,2188,6.320059610463039,0,0,0,0,0,0,0,0.8886641126398388,9.237760967552175,True,False,False,False,False,False
25.0,31,80,6.5004185244497705,20155.465753424658,0.0,610,5.665348780241979,0,0,0,0,0,0,0,3.447036042165793,3.4657359027997265,False,False,True,False,False,False
1.0,4467,44,6.823146793508421,28887.7305772393,85.0,2188,6.320059610463039,0,0,0,0,0,0,0,0.8886641126398388,8.404696160189092,True,False,False,False,False,False
26.0,194491,39,6.879084084752576,27754.009486793366,84.38825725436959,3549,6.881313711751069,0,0,0,0,0,0,0,0.7555541757959876,12.178146310089332,False,False,False,False,False,True
52.0,348,32,6.542958467678293,16872.417365775556,50.0,3549,6.881313711751069,0,0,0,0,0,0,0,1.5111083515919752,5.855071922202427,False,False,False,False,False,True
3.0,945,17,6.638243832197137,24791.843889668748,82.75862068965517,3067,6.382521258497842,0,0,0,0,0,0,0,1.1708768489362897,6.852242569051878,False,False,False,True,False,False
6.0,11528,28,6.5970797128209036,29895.67701079054,74.95219885277247,1572,6.528145312958054,0,0,0,0,0,0,0,2.294962537948597,9.352620879232953,False,False,False,False,True,False
1.0,14891,44,7.0048709212950975,42251.409449914856,78.89125799573561,1572,6.528145312958054,0,0,0,0,0,0,0,0.38249375632476623,9.608579434992608,False,False,False,False,True,False
1.0,216,19,6.289007148338809,2755.141935483871,66.66666666666666,2188,6.320059610463039,0,0,0,0,0,0,0,0.8886641126398388,5.37989735354046,True,False,False,False,False,False
1.0,76,44,6.800166494369348,33094.709865182755,0.0,3067,6.382521258497842,0,0,0,0,0,0,0,0.3902922829787633,4.343805421853684,False,False,False,True,False,False
52.0,497,44,6.743076983988833,23954.694487620873,0.0,3549,6.881313711751069,0,0,0,0,0,0,0,1.5111083515919752,6.210600077024653,False,False,False,False,False,True
2.0,365,24,6.195191110040243,2612.9254587155965,62.5,3067,6.382521258497842,0,0,0,0,0,0,0,0.7805845659575266,5.902633333401366,False,False,False,True,False,False
1.0,18795,58,6.819139379998141,37479.243865337136,78.10361681329422,3067,6.382521258497842,0,0,0,0,0,0,0,0.3902922829787633,9.841399360222706,False,False,False,True,False,False
1.0,1464,14,6.289007148338809,2755.141935483871,80.85106382978722,2188,6.320059610463039,0,0,0,0,0,0,0,0.8886641126398388,7.289610521451167,True,False,False,False,False,False
48.0,233,20,6.769866626233298,29245.482223340226,0.0,3549,6.881313711751069,0,0,0,0,0,0,0,1.3948692476233617,5.455321115357702,False,False,False,False,False,True
1.0,14893,36,6.754818962416433,37513.979954289374,78.54889589905363,1572,6.528145312958054,0,0,0,0,0,0,0,0.38249375632476623,9.60871372627059,False,False,False,False,True,False
12.37420167311325,1247,36,6.195191110040243,2612.9254587155965,0.0,3067,6.382521258497842,0,0,0,0,0,0,0,4.829555421039003,7.129297548929373,False,False,False,True,False,False
12.0,29837,19,6.883127654709747,26459.589352823987,80.7753164556962,3549,6.881313711751069,0,0,0,0,0,0,0,0.34871731190584043,10.303538027942794,False,False,False,False,False,True
1.0,1878,21,6.90376052578994,32387.491016135544,74.4186046511628,3067,6.382521258497842,0,0,0,0,0,0,0,0.3902922829787633,7.538494999413465,False,False,False,True,False,False
24.0,23931,16,6.95777145434074,32833.386444658056,83.02961275626424,3549,6.881313711751069,0,0,0,0,0,0,0,0.6974346238116809,10.082971754509922,False,False,False,False,False,True
39.0,400,12,6.677693639525605,11247.974150664697,60.0,3549,6.881313711751069,0,0,0,0,0,0,0,1.1333312636939814,5.993961427306569,False,False,False,False,False,True
13.0,12064,32,6.439627965757445,19821.63496999104,76.19047619047619,3549,6.881313711751069,0,0,0,0,0,0,0,0.3777770878979938,9.398063978059133,False,False,False,False,False,True
1.0,284,6,6.720957829416256,35120.95561415615,75.0,3067,6.382521258497842,0,0,0,0,0,0,0,0.3902922829787633,5.652489180268651,False,False,False,True,False,False
1.0,347,13,6.541380536432849,17946.242233621168,80.0,2188,6.320059610463039,0,0,0,0,0,0,0,0.8886641126398388,5.8522024797744745,True,False,False,False,False,False
1.0,11989,39,6.635431799966208,19033.541450600438,76.26339969372128,3067,6.382521258497842,0,0,0,0,0,0,0,0.3902922829787633,9.39182824802156,False,False,False,True,False,False
50.0,1518,21,6.7619521463177374,22336.489735165298,73.33333333333333,3549,6.881313711751069,0,0,0,0,0,0,0,1.4529887996076685,7.325807502595773,False,False,False,False,False,True
12.37420167311325,106,29,6.726881389735055,20338.098088288767,0.0,3549,6.881313711751069,0,0,0,0,0,0,0,0.35959152870240046,4.672828834461906,False,False,False,False,False,True
1.0,398,30,6.468372592093842,13820.686630000748,80.0,3067,6.382521258497842,0,0,0,0,0,0,0,0.3902922829787633,5.988961416889864,False,False,False,True,False,False
1.0,152,53,6.756379223895332,24835.59366045604,0.0,1572,6.528145312958054,0,0,0,0,0,0,0,0.38249375632476623,5.030437921392435,False,False,False,False,True,False
6.0,123,17,6.775096449530265,33280.08514117063,0.0,3067,6.382521258497842,0,0,0,0,0,0,0,2.3417536978725795,4.820281565605037,False,False,False,True,False,False
13.0,349836,22,6.842363769490099,32782.841721766235,82.29371316306484,3549,6.881313711751069,0,0,0,0,0,0,0,0.3777770878979938,12.765222610701302,False,False,False,False,False,True
1.0,17165,44,6.9991527367920785,29224.91358909553,75.79787234042553,2188,6.320059610463039,0,0,0,0,0,0,0,0.8886641126398388,9.750685962278165,True,False,False,False,False,False
1.0,2129,5,6.802131924594253,29228.090249484492,77.27272727272727,3067,6.382521258497842,0,0,0,0,0,0,0,0.3902922829787633,7.6638772587034705,False,False,False,True,False,False
4.0,1236,55,6.72025323131698,17658.09867568822,77.77777777777779,3067,6.382521258497842,0,0,0,0,0,0,0,1.5611691319150531,7.1204443723924875,False,False,False,True,False,False
1.0,683,52,6.818864580922905,26489.7223574387,69.23076923076923,1572,6.528145312958054,0,0,0,0,0,0,0,0.38249375632476623,6.52795791762255,False,False,False,False,True,False
12.0,3414,25,6.241442385702294,9837.82456140351,80.0,3549,6.881313711751069,0,0,0,0,0,0,0,0.34871731190584043,8.13593277200489,False,False,False,False,False,True
1.0,116,31,6.26522859704693,4177.704926926859,50.0,3067,6.382521258497842,0,0,0,0,0,0,0,0.3902922829787633,4.762173934797756,False,False,False,True,False,False
12.0,10995,27,6.6713729887351505,19736.361405197305,73.66071428571429,1572,6.528145312958054,0,0,0,0,0,0,0,4.589925075897194,9.305286849285137,False,False,False,False,True,False
13.0,86669,11,6.970515217845076,45778.90970130909,84.488107549121,3549,6.881313711751069,0,0,0,0,0,0,0,0.3777770878979938,11.36986308212839,False,False,False,False,False,True
16.0,3952,37,6.7547019732313895,19828.60158588995,76.98412698412699,3067,6.382521258497842,0,0,0,0,0,0,0,6.2446765276602125,8.282230063296685,False,False,False,True,False,False
2.0,1798,26,6.195191110040243,2612.9254587155965,63.63636363636363,3067,6.382521258497842,0,0,0,0,0,0,0,0.7805845659575266,7.4949862339505335,False,False,False,True,False,False
1.0,97,55,6.5264888547538815,17281.5837709483,0.0,2188,6.320059610463039,0,0,0,0,0,0,0,0.8886641126398388,4.584967478670572,True,False,False,False,False,False
7.0,4503,37,6.5004185244497705,20155.465753424658,81.65137614678899,610,5.665348780241979,0,0,0,0,0,0,0,0.965170091806422,8.412721169819527,False,False,True,False,False,False
12.0,17103,44,6.824008707790104,37102.274134157684,79.27461139896373,3549,6.881313711751069,0,0,0,0,0,0,0,0.34871731190584043,9.747067633264827,False,False,False,False,False,True
1.0,816,13,6.677693639525605,11247.974150664697,60.0,2188,6.320059610463039,0,0,0,0,0,0,0,0.8886641126398388,6.705639094860003,True,False,False,False,False,False
1.0,525,28,6.659338475834066,16074.47619047619,60.0,2188,6.320059610463039,0,0,0,0,0,0,0,0.8886641126398388,6.26530121273771,True,False,False,False,False,False
26.0,5387,31,6.962424008119456,28971.431702702517,75.0,3549,6.881313711751069,0,0,0,0,0,0,0,0.7555541757959876,8.591929537530255,False,False,False,False,False,True
3.0,9893,26,6.545649931970783,23190.395089159047,74.92163009404389,3067,6.382521258497842,0,0,0,0,0,0,0,1.1708768489362897,9.199683791787654,False,False,False,True,False,False
3.0,5949,68,6.856498589080436,31001.435966465935,60.0,610,5.665348780241979,0,0,0,0,0,0,0,0.4136443250598951,8.691146498539675,False,False,True,False,False,False
6.0,2284,82,6.439627965757445,19821.63496999104,74.54545454545455,1572,6.528145312958054,0,0,0,0,0,0,0,2.294962537948597,7.734121303328305,False,False,False,False,True,False
1.0,2295,26,6.22747829422649,6094.346320346321,81.08108108108108,1572,6.528145312958054,0,0,0,0,0,0,0,0.38249375632476623,7.738923757439457,False,False,False,False,True,False
2.0,696,23,6.8507073353320695,31229.251079545455,78.57142857142857,610,5.665348780241979,0,0,0,0,0,0,0,0.27576288337326343,6.546785410760524,False,False,True,False,False,False
26.0,8037,9,6.8949039144001265,36595.817750125985,74.74747474747475,3549,6.881313711751069,0,0,0,0,0,0,0,0.7555541757959876,8.991935575009146,False,False,False,False,False,True
51.0,4479,10,6.7626322424374266,19461.28550560231,77.0,3549,6.881313711751069,0,0,0,0,0,0,0,1.4820485755998218,8.40737832540903,False,False,False,False,False,True
39.0,9590,16,6.769866626233298,29245.482223340226,78.39080459770115,3549,6.881313711751069,0,0,0,0,0,0,0,1.1333312636939814,9.16858043772795,False,False,False,False,False,True
2.0,138,34,6.882238498533699,25918.566709652645,50.0,1572,6.528145312958054,0,0,0,0,0,0,0,0.7649875126495325,4.9344739331306915,False,False,False,False,True,False
1.0,92,19,6.794834847205189,31678.05727691643,0.0,3067,6.382521258497842,0,0,0,0,0,0,0,0.3902922829787633,4.532599493153256,False,False,False,True,False,False
192.0,67386,27,6.715661769645538,25410.923923540606,75.75351640991292,3549,6.881313711751069,0,0,0,0,0,0,0,5.579476990493447,11.1182073999587,False,False,False,False,False,True
1.0,168,42,6.823791663267731,27685.960888807575,0.0,3067,6.382521258497842,0,0,0,0,0,0,0,0.3902922829787633,5.1298987149230735,False,False,False,True,False,False
6.0,412,8,6.83262700342976,28465.885074157162,0.0,3067,6.382521258497842,0,0,0,0,0,0,0,2.3417536978725795,6.023447592961033,False,False,False,True,False,False
10.0,135,51,6.510263751421897,20545.19121004566,50.0,3067,6.382521258497842,0,0,0,0,0,0,0,3.9029228297876326,4.912654885736052,False,False,False,True,False,False
1.0,43,22,6.548792989998894,10128.71560623309,0.0,3067,6.382521258497842,0,0,0,0,0,0,0,0.3902922829787633,3.784189633918261,False,False,False,True,False,False
31.0,375,20,6.745869261287794,19827.181451961886,53.84615384615385,3549,6.881313711751069,0,0,0,0,0,0,0,0.9008530557567545,5.929589143389895,False,False,False,False,False,True
39.0,3933,45,6.76858166664705,27688.71492661083,70.4225352112676,3549,6.881313711751069,0,0,0,0,0,0,0,1.1333312636939814,8.277411998949004,False,False,False,False,False,True
1.0,76,29,6.886595082004575,32997.9026728846,0.0,2188,6.320059610463039,0,0,0,0,0,0,0,0.8886641126398388,4.343805421853684,True,False,False,False,False,False
3.0,9568,31,6.7332413701454055,30539.69162945984,86.41114982578398,2188,6.320059610463039,0,0,0,0,0,0,0,2.6659923379195165,9.166283985779263,True,False,False,False,False,False
1.0,68,28,6.2467029592772985,15632.091049789251,0.0,1572,6.528145312958054,0,0,0,0,0,0,0,0.38249375632476623,4.23410650459726,False,False,False,False,True,False
12.0,244314,42,6.846308519003239,31459.212276339927,82.98775510204082,3549,6.881313711751069,0,0,0,0,0,0,0,0.34871731190584043,12.406213655279068,False,False,False,False,False,True
1.0,988,42,6.696096492373584,25842.14855719281,65.625,2188,6.320059610463039,0,0,0,0,0,0,0,0.8886641126398388,6.8966943316227125,True,False,False,False,False,False
1.0,70,16,6.548792989998894,10128.71560623309,0.0,3067,6.382521258497842,0,0,0,0,0,0,0,0.3902922829787633,4.2626798770413155,False,False,False,True,False,False
13.0,159899,21,6.929882793689622,33920.04264604013,82.21863002626793,3549,6.881313711751069,0,0,0,0,0,0,0,0.3777770878979938,11.982303898822046,False,False,False,False,False,True
1.0,1979,10,6.22747829422649,6094.346320346321,63.63636363636363,2188,6.320059610463039,0,0,0,0,0,0,0,0.8886641126398388,7.590852123688581,True,False,False,False,False,False
24.0,386,21,6.845532650796314,32976.24165026795,28.57142857142857,3549,6.881313711751069,0,0,0,0,0,0,0,0.6974346238116809,5.958424693029782,False,False,False,False,False,True
12.0,51114,16,6.80483062736573,30786.34528349143,80.23255813953489,3549,6.881313711751069,0,0,0,0,0,0,0,0.34871731190584043,10.841833275191114,False,False,False,False,False,True
1.0,68,19,6.22747829422649,6094.346320346321,0.0,3067,6.382521258497842,0,0,0,0,0,0,0,0.3902922829787633,4.23410650459726,False,False,False,True,False,False
1.0,80,28,6.40169871215857,11208.264643466027,0.0,3067,6.382521258497842,0,0,0,0,0,0,0,0.3902922829787633,4.394449154672439,False,False,False,True,False,False
26.0,647,29,6.40169871215857,11208.264643466027,73.68421052631578,3549,6.881313711751069,0,0,0,0,0,0,0,0.7555541757959876,6.473890696352274,False,False,False,False,False,True
1.0,56,59,6.40169871215857,11208.264643466027,0.0,3067,6.382521258497842,0,0,0,0,0,0,0,0.3902922829787633,4.04305126783455,False,False,False,True,False,False
39.0,140,18,6.677693639525605,11247.974150664697,50.0,3549,6.881313711751069,0,0,0,0,0,0,0,1.1333312636939814,4.948759890378168,False,False,False,False,False,True
6.0,122,16,6.946209864633353,45184.02677141657,0.0,2188,6.320059610463039,0,0,0,0,0,0,0,5.331984675839033,4.812184355372417,True,False,False,False,False,False
43.0,249,37,6.770580228122137,14268.819008105458,50.0,3549,6.881313711751069,0,0,0,0,0,0,0,1.2495703676625949,5.521460917862246,False,False,False,False,False,True
2.0,2846,7,6.195191110040243,2612.9254587155965,71.42857142857143,3067,6.382521258497842,0,0,0,0,0,0,0,0.7805845659575266,7.954021087278037,False,False,False,True,False,False
1.0,590,24,6.195191110040243,2612.9254587155965,62.5,3067,6.382521258497842,0,0,0,0,0,0,0,0.3902922829787633,6.3818160174060985,False,False,False,True,False,False
51.0,17038,21,6.845444141149905,20403.40123078374,80.05115089514067,3549,6.881313711751069,0,0,0,0,0,0,0,1.4820485755998218,9.74326011321524,False,False,False,False,False,True
1.0,1250,13,6.796871963337037,34852.178836584586,80.64516129032258,2188,6.320059610463039,0,0,0,0,0,0,0,0.8886641126398388,7.1316985104669115,True,False,False,False,False,False
1.0,3612,22,6.754818962416433,37513.979954289374,84.04907975460122,2188,6.320059610463039,0,0,0,0,0,0,0,0.8886641126398388,8.19229373114764,True,False,False,False,False,False
2.0,5625,21,6.195191110040243,2612.9254587155965,70.09803921568627,3067,6.382521258497842,0,0,0,0,0,0,0,0.7805845659575266,8.635153989049803,False,False,False,True,False,False
1.0,2858,17,6.810042529424079,23098.545244676698,88.42105263157895,2188,6.320059610463039,0,0,0,0,0,0,0,0.8886641126398388,7.958227192322312,True,False,False,False,False,False
12.0,37238,16,6.84658521718319,33928.37144960914,79.35943060498221,3549,6.881313711751069,0,0,0,0,0,0,0,0.34871731190584043,10.525111878184058,False,False,False,False,False,True
1.0,470,11,4.9263479368027125,4281.747368421053,87.5,2188,6.320059610463039,0,0,0,0,0,0,0,0.8886641126398388,6.154858094016418,True,False,False,False,False,False
1.0,2313,47,6.893698780940906,27013.16508274137,67.76859504132231,3067,6.382521258497842,0,0,0,0,0,0,0,0.3902922829787633,7.746732907753622,False,False,False,True,False,False
1.0,2216,23,6.833536141119613,29121.434196846898,73.41772151898735,1572,6.528145312958054,0,0,0,0,0,0,0,0.38249375632476623,7.7039102096163115,False,False,False,False,True,False
12.0,32835,8,6.861381761393733,31358.44646799801,81.35838150289018,3549,6.881313711751069,0,0,0,0,0,0,0,0.34871731190584043,10.399280753468156,False,False,False,False,False,True
1.0,126,14,6.794607080130419,17996.367678958784,0.0,2188,6.320059610463039,0,0,0,0,0,0,0,0.8886641126398388,4.844187086458591,True,False,False,False,False,False
1.0,3374,6,6.725546669549467,37210.904751308764,76.15894039735099,3067,6.382521258497842,0,0,0,0,0,0,0,0.3902922829787633,8.12415060330663,False,False,False,True,False,False
52.0,784,13,6.788310729601363,20211.94423929099,62.5,3549,6.881313711751069,0,0,0,0,0,0,0,1.5111083515919752,6.665683717782408,False,False,False,False,False,True
14.0,243448,33,6.827581385513087,33744.00076432602,83.94518866959811,3549,6.881313711751069,0,0,0,0,0,0,0,0.40683686389014717,12.402662753982776,False,False,False,False,False,True
1.0,76,21,5.775788441476067,5728.942895299145,100.0,447,5.588299776286353,0,0,0,0,0,0,0,0.9078461025802542,4.343805421853684,False,True,False,False,False,False
1.0,1272,4,6.247142857142856,2525.9285714285716,78.94736842105263,1572,6.528145312958054,0,0,0,0,0,0,0,0.38249375632476623,7.149131598557407,False,False,False,False,True,False
3.0,1586,57,6.195191110040243,2612.9254587155965,65.57377049180327,3067,6.382521258497842,0,0,0,0,0,0,0,1.1708768489362897,7.369600720526409,False,False,False,True,False,False
1.0,265,12,5.60043986026233,568.2241379310345,100.0,2188,6.320059610463039,0,0,0,0,0,0,0,0.8886641126398388,5.583496308781699,True,False,False,False,False,False
1.0,10441,53,6.035384615384615,7041.2307692307695,63.03142329020333,1572,6.528145312958054,0,0,0,0,0,0,0,0.38249375632476623,9.253591413970497,False,False,False,False,True,False
23.0,278,19,6.26522859704693,4177.704926926859,66.66666666666666,3549,6.881313711751069,0,0,0,0,0,0,0,0.6683748478195275,5.631211781821365,False,False,False,False,False,True
1.0,1512,34,6.788691683537152,24707.139157730548,81.94444444444444,3067,6.382521258497842,0,0,0,0,0,0,0,0.3902922829787633,7.321849713788356,False,False,False,True,False,False
1.0,591,46,6.705092165314741,19457.71498760568,53.333333333333336,2188,6.320059610463039,0,0,0,0,0,0,0,0.8886641126398388,6.3835066348840055,True,False,False,False,False,False
3.0,1294,26,6.60684577219806,19993.804937339224,71.42857142857143,3067,6.382521258497842,0,0,0,0,0,0,0,1.1708768489362897,7.166265974133638,False,False,False,True,False,False
2.0,8734,30,6.767541224610549,31441.719824303393,80.70652173913044,1572,6.528145312958054,0,0,0,0,0,0,0,0.7649875126495325,9.075093222568157,False,False,False,False,True,False
1.0,883,35,6.153171904926564,3608.7377293577983,71.42857142857143,3067,6.382521258497842,0,0,0,0,0,0,0,0.3902922829787633,6.784457062637643,False,False,False,True,False,False
12.0,544,41,6.90376052578994,32387.491016135544,58.333333333333336,1572,6.528145312958054,0,0,0,0,0,0,0,4.589925075897194,6.300785794663244,False,False,False,False,True,False
13.0,3005,23,6.5376908176509945,19101.935611835746,70.2127659574468,3549,6.881313711751069,0,0,0,0,0,0,0,0.3777770878979938,8.00836557031292,False,False,False,False,False,True
1.0,737,14,6.195191110040243,2612.9254587155965,63.63636363636363,3067,6.382521258497842,0,0,0,0,0,0,0,0.3902922829787633,6.6039438246004725,False,False,False,True,False,False
50.0,1794,53,6.877545578079942,23761.340998626038,73.4375,3549,6.881313711751069,0,0,0,0,0,0,0,1.4529887996076685,7.492760300922379,False,False,False,False,False,True
1.0,72,32,5.879225467208256,3053.415760869565,0.0,447,5.588299776286353,0,0,0,0,0,0,0,0.9078461025802542,4.290459441148391,False,True,False,False,False,False
1.0,525,17,6.861817802177495,23547.698609221115,75.0,2188,6.320059610463039,0,0,0,0,0,0,0,0.8886641126398388,6.26530121273771,True,False,False,False,False,False
1.0,962,63,6.626533453023366,14228.317337363127,68.18181818181817,2188,6.320059610463039,0,0,0,0,0,0,0,0.8886641126398388,6.870053411798126,True,False,False,False,False,False
2.0,40,15,6.335061635687324,10311.636352657004,0.0,1572,6.528145312958054,0,0,0,0,0,0,0,0.7649875126495325,3.713572066704308,False,False,False,False,True,False
12.37420167311325,414,38,6.195191110040243,2612.9254587155965,0.0,3067,6.382521258497842,0,0,0,0,0,0,0,4.829555421039003,6.028278520230698,False,False,False,True,False,False
25.0,633817,9,6.828884411320277,35275.943456555615,85.90725895743833,3549,6.881313711751069,0,0,0,0,0,0,0,0.7264943998038342,13.359517125961904,False,False,False,False,False,True
5.0,5072,33,6.5004185244497705,20155.465753424658,80.1762114537445,1572,6.528145312958054,0,0,0,0,0,0,0,1.912468781623831,8.53168763756669,False,False,False,False,True,False
1.0,222,79,6.572705399610349,19476.064269900573,50.0,1572,6.528145312958054,0,0,0,0,0,0,0,0.38249375632476623,5.407171771460119,False,False,False,False,True,False
1.0,1186,51,6.195191110040243,2612.9254587155965,73.33333333333333,3067,6.382521258497842,0,0,0,0,0,0,0,0.3902922829787633,7.079184394609668,False,False,False,True,False,False
240.0,82,26,6.40169871215857,11208.264643466027,50.0,3549,6.881313711751069,0,0,0,0,0,0,0,6.974346238116809,4.418840607796598,False,False,False,False,False,True
12.37420167311325,7207,19,6.6819426705842195,18722.56480948544,0.0,3549,6.881313711751069,0,0,0,0,0,0,0,0.35959152870240046,8.882946799288174,False,False,False,False,False,True
1.0,762,12,5.879225467208256,3053.415760869565,90.0,1572,6.528145312958054,0,0,0,0,0,0,0,0.38249375632476623,6.637258031284457,False,False,False,False,True,False
1.0,22774,50,7.01238591944557,47042.067668875614,72.67904509283821,1572,6.528145312958054,0,0,0,0,0,0,0,0.38249375632476623,10.03341872212816,False,False,False,False,True,False
1.0,628,22,6.794607080130419,17996.367678958784,40.0,2188,6.320059610463039,0,0,0,0,0,0,0,0.8886641126398388,6.444131256700441,True,False,False,False,False,False
40.0,361,27,6.729787773295392,21881.950809788497,66.66666666666666,610,5.665348780241979,0,0,0,0,0,0,0,5.515257667465269,5.8916442118257715,False,False,True,False,False,False
1.0,9464,15,6.836758763437189,40991.39011557125,74.6938775510204,3067,6.382521258497842,0,0,0,0,0,0,0,0.3902922829787633,9.155356063643422,False,False,False,True,False,False
24.0,14955,26,6.700655214370671,25928.13686324404,78.0241935483871,3549,6.881313711751069,0,0,0,0,0,0,0,0.6974346238116809,9.612867836097005,False,False,False,False,False,True
2.0,963,27,6.5004185244497705,20155.465753424658,54.54545454545454,1572,6.528145312958054,0,0,0,0,0,0,0,0.7649875126495325,6.871091294610546,False,False,False,False,True,False
13.0,103,28,6.801279969075106,30451.704393992975,0.0,3549,6.881313711751069,0,0,0,0,0,0,0,0.3777770878979938,4.6443908991413725,False,False,False,False,False,True
1.0,116,12,6.8393549963377245,31403.66763082611,100.0,2188,6.320059610463039,0,0,0,0,0,0,0,0.8886641126398388,4.762173934797756,True,False,False,False,False,False
73.0,22480,15,6.846428983406856,34097.24417562038,78.2435129740519,3549,6.881313711751069,0,0,0,0,0,0,0,2.121363647427196,10.02042578700401,False,False,False,False,False,True
1.0,677,13,6.22747829422649,6094.346320346321,76.19047619047619,3067,6.382521258497842,0,0,0,0,0,0,0,0.3902922829787633,6.519147287940395,False,False,False,True,False,False
1.0,185,11,5.879225467208256,3053.415760869565,50.0,447,5.588299776286353,0,0,0,0,0,0,0,0.9078461025802542,5.225746673713202,False,True,False,False,False,False
12.0,208796,13,6.903751145884469,41056.43308037809,81.15942028985508,3549,6.881313711751069,0,0,0,0,0,0,0,0.34871731190584043,12.249117767071311,False,False,False,False,False,True
1.0,1472,48,6.626533453023366,14228.317337363127,72.09302325581395,2188,6.320059610463039,0,0,0,0,0,0,0,0.8886641126398388,7.29505641646263,True,False,False,False,False,False
1.0,715,28,6.790816964622494,34147.741176602874,88.88888888888889,3067,6.382521258497842,0,0,0,0,0,0,0,0.3902922829787633,6.573680166960646,False,False,False,True,False,False
12.0,7713,41,6.195191110040243,2612.9254587155965,73.05389221556887,3067,6.382521258497842,0,0,0,0,0,0,0,4.683507395745159,8.950792138768174,False,False,False,True,False,False
4.0,1442,16,6.630766456365194,26180.739900914632,68.42105263157895,3067,6.382521258497842,0,0,0,0,0,0,0,1.5611691319150531,7.274479558773871,False,False,False,True,False,False
1.0,102,30,6.26522859704693,4177.704926926859,0.0,3067,6.382521258497842,0,0,0,0,0,0,0,0.3902922829787633,4.634728988229636,False,False,False,True,False,False
1.0,816,8,6.106210567052468,33784.67164179104,91.66666666666666,610,5.665348780241979,0,0,0,0,0,0,0,0.13788144168663172,6.705639094860003,False,False,True,False,False,False
1.0,67778,23,6.672161246825706,50621.05870207449,81.13404755683304,2188,6.320059610463039,0,0,0,0,0,0,0,0.8886641126398388,11.124007691437571,True,False,False,False,False,False
2.0,921,11,6.751797143671785,26268.564264907767,82.35294117647058,3067,6.382521258497842,0,0,0,0,0,0,0,0.7805845659575266,6.826545223556594,False,False,False,True,False,False
2.0,1628,12,6.195191110040243,2612.9254587155965,72.22222222222221,3067,6.382521258497842,0,0,0,0,0,0,0,0.7805845659575266,7.395721608602045,False,False,False,True,False,False
2.0,2856,22,6.195191110040243,2612.9254587155965,59.84251968503938,3067,6.382521258497842,0,0,0,0,0,0,0,0.7805845659575266,7.957527402230773,False,False,False,True,False,False
1.0,121,10,6.40169871215857,11208.264643466027,50.0,1572,6.528145312958054,0,0,0,0,0,0,0,0.38249375632476623,4.804021044733257,False,False,False,False,True,False
1.0,128,64,6.22747829422649,6094.346320346321,100.0,1572,6.528145312958054,0,0,0,0,0,0,0,0.38249375632476623,4.859812404361672,False,False,False,False,True,False
1.0,358,29,6.432021861785729,16170.136601661248,57.14285714285714,3067,6.382521258497842,0,0,0,0,0,0,0,0.3902922829787633,5.883322388488279,False,False,False,True,False,False
35.0,16942,24,6.630792347570889,28456.822347434074,80.92485549132948,610,5.665348780241979,0,0,0,0,0,0,0,4.82585045903211,9.737610048158107,False,False,True,False,False,False
1.0,4498,23,6.886595082004575,32997.9026728846,80.29556650246306,3067,6.382521258497842,0,0,0,0,0,0,0,0.3902922829787633,8.411610428841172,False,False,False,True,False,False
26.0,645,19,6.58558055977916,14312.419903361644,65.51724137931035,3549,6.881313711751069,0,0,0,0,0,0,0,0.7555541757959876,6.470799503782602,False,False,False,False,False,True
1.0,77,13,5.775788441476067,5728.942895299145,100.0,447,5.588299776286353,0,0,0,0,0,0,0,0.9078461025802542,4.356708826689592,False,True,False,False,False,False
1.0,3721,39,6.840251681496053,25832.24658064923,81.17647058823529,2188,6.320059610463039,0,0,0,0,0,0,0,0.8886641126398388,8.222016437202196,True,False,False,False,False,False
26.0,632,19,6.7880059546231815,25282.67944660047,78.57142857142857,3549,6.881313711751069,0,0,0,0,0,0,0,0.7555541757959876,6.450470422144176,False,False,False,False,False,True
1.0,32266,35,6.909654882850925,33882.26471045986,84.49848024316108,2188,6.320059610463039,0,0,0,0,0,0,0,0.8886641126398388,10.38180031512171,True,False,False,False,False,False
3.0,890,13,6.153171904926564,3608.7377293577983,68.42105263157895,3067,6.382521258497842,0,0,0,0,0,0,0,1.1708768489362897,6.792344427470809,False,False,False,True,False,False
1.0,1039,16,6.350998971226217,15367.081864443144,78.04878048780488,610,5.665348780241979,0,0,0,0,0,0,0,0.13788144168663172,6.946975992135418,False,False,True,False,False,False
2.0,393,16,6.195191110040243,2612.9254587155965,60.0,3067,6.382521258497842,0,0,0,0,0,0,0,0.7805845659575266,5.976350909297934,False,False,False,True,False,False
65.0,213,21,6.653144694641815,22499.37755088202,33.33333333333333,3549,6.881313711751069,0,0,0,0,0,0,0,1.888885439489969,5.365976015021851,False,False,False,False,False,True
2.0,75,44,6.662948251583755,24178.094281909634,100.0,1572,6.528145312958054,0,0,0,0,0,0,0,0.7649875126495325,4.330733340286331,False,False,False,False,True,False
1.0,63,24,6.200225700698335,7476.477735322658,0.0,2188,6.320059610463039,0,0,0,0,0,0,0,0.8886641126398388,4.1588830833596715,True,False,False,False,False,False
1.0,1356,36,6.641021319571842,16152.718007620264,80.0,2188,6.320059610463039,0,0,0,0,0,0,0,0.8886641126398388,7.213031659834869,True,False,False,False,False,False
12.0,15152,31,6.878017135367632,26974.89042611774,79.06403940886699,3549,6.881313711751069,0,0,0,0,0,0,0,0.34871731190584043,9.625953811136162,False,False,False,False,False,True
12.0,23469,14,6.885145721113196,36258.768723581044,0.0,3549,6.881313711751069,0,0,0,0,0,0,0,0.34871731190584043,10.063478288845069,False,False,False,False,False,True
26.0,1059,23,6.78725442597025,25218.24112606168,60.0,3549,6.881313711751069,0,0,0,0,0,0,0,0.7555541757959876,6.966024187106113,False,False,False,False,False,True
6.0,690,35,6.779782172998328,33631.42093373494,81.81818181818183,3067,6.382521258497842,0,0,0,0,0,0,0,2.3417536978725795,6.53813982376767,False,False,False,True,False,False
1.0,455,36,6.823146793508421,28887.7305772393,80.0,1572,6.528145312958054,0,0,0,0,0,0,0,0.38249375632476623,6.1224928095143865,False,False,False,False,True,False
12.0,423,19,6.912720749983493,31870.5411833135,75.0,3067,6.382521258497842,0,0,0,0,0,0,0,4.683507395745159,6.049733455231958,False,False,False,True,False,False
39.0,5532,8,6.778581429435354,41607.48217301854,80.20833333333334,3549,6.881313711751069,0,0,0,0,0,0,0,1.1333312636939814,8.618485442898109,False,False,False,False,False,True
1.0,116,33,6.26522859704693,4177.704926926859,20.0,3067,6.382521258497842,0,0,0,0,0,0,0,0.3902922829787633,4.762173934797756,False,False,False,True,False,False
24.0,314,28,6.40169871215857,11208.264643466027,66.66666666666666,3549,6.881313711751069,0,0,0,0,0,0,0,0.6974346238116809,5.752572638825633,False,False,False,False,False,True
12.0,46024,27,6.96946932765783,54143.14466831085,0.0,3549,6.881313711751069,0,0,0,0,0,0,0,0.34871731190584043,10.736940006101278,False,False,False,False,False,True
50.0,190,24,6.541380536432849,17946.242233621168,33.33333333333333,3549,6.881313711751069,0,0,0,0,0,0,0,1.4529887996076685,5.25227342804663,False,False,False,False,False,True
24.0,38336,15,6.903793792576419,38895.857709667805,80.51779935275081,3549,6.881313711751069,0,0,0,0,0,0,0,0.6974346238116809,10.554170766276814,False,False,False,False,False,True
1.0,438,33,6.677693639525605,11247.974150664697,50.0,2188,6.320059610463039,0,0,0,0,0,0,0,0.8886641126398388,6.0844994130751715,True,False,False,False,False,False
2.0,1071,2,6.530234432518193,19297.60925388609,61.76470588235294,3067,6.382521258497842,0,0,0,0,0,0,0,0.7805845659575266,6.977281341630747,False,False,False,True,False,False
12.0,3473,30,6.8189263510556275,34153.772964555224,74.63768115942028,3067,6.382521258497842,0,0,0,0,0,0,0,4.683507395745159,8.153061946801051,False,False,False,True,False,False
2.0,12239,39,6.838929313847025,28774.002990642086,78.25396825396825,3067,6.382521258497842,0,0,0,0,0,0,0,0.7805845659575266,9.412464556066316,False,False,False,True,False,False
77.0,1616,21,6.490336269696487,6754.518842086047,63.41463414634146,3549,6.881313711751069,0,0,0,0,0,0,0,2.2376027513958094,7.388327859577107,False,False,False,False,False,True
26.0,422271,22,6.87689765372928,41016.76408276424,83.99932176567005,3549,6.881313711751069,0,0,0,0,0,0,0,0.7555541757959876,12.953404935148198,False,False,False,False,False,True
13.0,41920,8,6.864963746442797,31606.447152591358,79.25211097708083,3549,6.881313711751069,0,0,0,0,0,0,0,0.3777770878979938,10.64354217367223,False,False,False,False,False,True
1.0,484,11,6.530234432518193,19297.60925388609,71.42857142857143,3067,6.382521258497842,0,0,0,0,0,0,0,0.3902922829787633,6.184148890937483,False,False,False,True,False,False
1787.0,14233,15,6.737398107708471,21077.414877657615,75.22658610271903,3549,6.881313711751069,0,0,0,0,0,0,0,51.92981969797807,9.563388747859216,False,False,False,False,False,True
30.0,22723,17,6.866956441127071,31519.568874496785,76.40791476407914,3549,6.881313711751069,0,0,0,0,0,0,0,0.8717932797646011,10.031176913677017,False,False,False,False,False,True
6.0,796,17,6.700655214370671,25928.13686324404,65.21739130434783,3549,6.881313711751069,0,0,0,0,0,0,0,0.17435865595292022,6.680854678790215,False,False,False,False,False,True
1.0,65,12,4.9263479368027125,4281.747368421053,0.0,2188,6.320059610463039,0,0,0,0,0,0,0,0.8886641126398388,4.189654742026425,True,False,False,False,False,False
1.0,488,42,6.644427954689881,25008.386065740946,0.0,2188,6.320059610463039,0,0,0,0,0,0,0,0.8886641126398388,6.192362489474872,True,False,False,False,False,False
1.0,177,12,6.811381012264531,21571.417856805947,50.0,2188,6.320059610463039,0,0,0,0,0,0,0,0.8886641126398388,5.181783550292085,True,False,False,False,False,False
43.0,189,19,6.5004185244497705,20155.465753424658,50.0,3549,6.881313711751069,0,0,0,0,0,0,0,1.2495703676625949,5.247024072160486,False,False,False,False,False,True
1.0,75,48,6.5264888547538815,17281.5837709483,0.0,2188,6.320059610463039,0,0,0,0,0,0,0,0.8886641126398388,4.330733340286331,True,False,False,False,False,False
1.0,75660,41,6.938714337195415,38044.34540450104,74.7301411569333,2188,6.320059610463039,0,0,0,0,0,0,0,0.8886641126398388,11.234018115123202,True,False,False,False,False,False
13.0,25564,26,6.700655214370671,25928.13686324404,80.98290598290599,3549,6.881313711751069,0,0,0,0,0,0,0,0.3777770878979938,10.148979507514099,False,False,False,False,False,True
52.0,147,8,5.879225467208256,3053.415760869565,0.0,3549,6.881313711751069,0,0,0,0,0,0,0,1.5111083515919752,4.997212273764115,False,False,False,False,False,True
20.0,5194,12,6.6659439170014165,25048.711831508786,79.33884297520662,3549,6.881313711751069,0,0,0,0,0,0,0,0.5811955198430674,8.555451903533328,False,False,False,False,False,True
1.0,13745,34,5.879225467208256,3053.415760869565,68.56240126382306,1572,6.528145312958054,0,0,0,0,0,0,0,0.38249375632476623,9.52850315168155,False,False,False,False,True,False
1.0,7197,24,6.8000853157978725,26808.90982932321,78.57142857142857,2188,6.320059610463039,0,0,0,0,0,0,0,0.8886641126398388,8.881558488638976,True,False,False,False,False,False
1.0,81,61,6.490336269696487,6754.518842086047,0.0,2188,6.320059610463039,0,0,0,0,0,0,0,0.8886641126398388,4.406719247264253,True,False,False,False,False,False
13.0,21516,19,6.885625457752329,35080.36109154519,77.43467933491686,3549,6.881313711751069,0,0,0,0,0,0,0,0.3777770878979938,9.976598599353451,False,False,False,False,False,True
2.0,1818,17,6.585959140352191,24290.948183903252,62.5,3067,6.382521258497842,0,0,0,0,0,0,0,0.7805845659575266,7.506042178518122,False,False,False,True,False,False
13.0,8788,24,6.767541224610549,31441.719824303393,77.99511002444987,3549,6.881313711751069,0,0,0,0,0,0,0,0.3777770878979938,9.081256218564645,False,False,False,False,False,True
2.0,72,41,6.5264888547538815,17281.5837709483,50.0,3067,6.382521258497842,0,0,0,0,0,0,0,0.7805845659575266,4.290459441148391,False,False,False,True,False,False
1.0,136,15,6.788310729601363,20211.94423929099,80.0,2188,6.320059610463039,0,0,0,0,0,0,0,0.8886641126398388,4.919980925828125,True,False,False,False,False,False
2.0,7418,37,6.533460182210016,19019.27368589906,73.5576923076923,3067,6.382521258497842,0,0,0,0,0,0,0,0.7805845659575266,8.911799556189527,False,False,False,True,False,False
13.0,33086,10,6.825447937838175,42641.708609077294,85.31157270029674,3549,6.881313711751069,0,0,0,0,0,0,0,0.3777770878979938,10.406895734974256,False,False,False,False,False,True
3.0,4684,40,6.6895706804849455,34566.09278487107,78.82352941176471,1572,6.528145312958054,0,0,0,0,0,0,0,1.1474812689742986,8.452121194672523,False,False,False,False,True,False
1.0,1228,32,6.638243832197137,24791.843889668748,80.0,2188,6.320059610463039,0,0,0,0,0,0,0,0.8886641126398388,7.113956109566034,True,False,False,False,False,False
1.0,273,47,6.7728198451635695,10867.081901989324,33.33333333333333,2188,6.320059610463039,0,0,0,0,0,0,0,0.8886641126398388,5.6131281063880705,True,False,False,False,False,False
7.0,2198,39,6.724853159353965,27403.899919904314,73.75,1572,6.528145312958054,0,0,0,0,0,0,0,2.6774562942733633,7.695757990554761,False,False,False,False,True,False
1.0,1034,50,6.66391737475365,18028.293509500556,70.0,2188,6.320059610463039,0,0,0,0,0,0,0,0.8886641126398388,6.942156705699469,True,False,False,False,False,False
6.0,1017,12,6.195191110040243,2612.9254587155965,54.54545454545454,3067,6.382521258497842,0,0,0,0,0,0,0,2.3417536978725795,6.925595197110468,False,False,False,True,False,False
1.0,44,18,6.548792989998894,10128.71560623309,0.0,3067,6.382521258497842,0,0,0,0,0,0,0,0.3902922829787633,3.8066624897703196,False,False,False,True,False,False
1.0,2988,14,6.818850027557036,32897.64530706629,76.10619469026548,1572,6.528145312958054,0,0,0,0,0,0,0,0.38249375632476623,8.002694162283937,False,False,False,False,True,False
1.0,108,88,6.8059761534885554,20214.78450714711,0.0,1572,6.528145312958054,0,0,0,0,0,0,0,0.38249375632476623,4.6913478822291435,False,False,False,False,True,False
1.0,29969,13,6.87795926287492,31020.282932725175,50.0,2188,6.320059610463039,0,0,0,0,0,0,0,0.8886641126398388,10.307952160310709,True,False,False,False,False,False
3.0,1220,17,6.638243832197137,24791.843889668748,70.37037037037037,3067,6.382521258497842,0,0,0,0,0,0,0,1.1708768489362897,7.107425474110705,False,False,False,True,False,False
1.0,44589,36,6.890338018266329,37092.949163754354,81.2394366197183,2188,6.320059610463039,0,0,0,0,0,0,0,0.8886641126398388,10.705264897621522,True,False,False,False,False,False
1.0,147,60,6.821390774229094,30158.34524129855,0.0,3067,6.382521258497842,0,0,0,0,0,0,0,0.3902922829787633,4.997212273764115,False,False,False,True,False,False
1.0,4637,46,6.724256288854555,24131.374187315396,68.29268292682927,3067,6.382521258497842,0,0,0,0,0,0,0,0.3902922829787633,8.442038517815478,False,False,False,True,False,False
1.0,19565,55,6.797217703082447,29742.06310700886,77.73654916512059,2188,6.320059610463039,0,0,0,0,0,0,0,0.8886641126398388,9.881548645017373,True,False,False,False,False,False
12.0,52687,51,6.8697529348725315,42849.46123163532,81.57894736842105,3549,6.881313711751069,0,0,0,0,0,0,0,0.34871731190584043,10.872143004616145,False,False,False,False,False,True
1.0,1661,14,6.794607080130419,17996.367678958784,82.35294117647058,2188,6.320059610463039,0,0,0,0,0,0,0,0.8886641126398388,7.415776975415394,True,False,False,False,False,False
1.0,1235,16,6.7407259017789665,23722.207782142654,66.66666666666666,1572,6.528145312958054,0,0,0,0,0,0,0,0.38249375632476623,7.119635638017636,False,False,False,False,True,False
2.0,179,17,6.759224938434093,21326.030644316394,0.0,3067,6.382521258497842,0,0,0,0,0,0,0,0.7805845659575266,5.19295685089021,False,False,False,True,False,False
1.0,33862,38,6.872724838781157,34495.98883480793,75.58275058275058,3067,6.382521258497842,0,0,0,0,0,0,0,0.3902922829787633,10.4300782518805,False,False,False,True,False,False
2.0,7297,18,6.836335151609738,23693.80092663136,76.30979498861048,3067,6.382521258497842,0,0,0,0,0,0,0,0.7805845659575266,8.895355616996392,False,False,False,True,False,False
12.0,1123,41,6.5004185244497705,20155.465753424658,84.61538461538461,3549,6.881313711751069,0,0,0,0,0,0,0,0.34871731190584043,7.024649030453636,False,False,False,False,False,True
51.0,1220,47,6.698349863309581,21482.950268016677,78.26086956521739,1572,6.528145312958054,0,0,0,0,0,0,0,19.507181572563077,7.107425474110705,False,False,False,False,True,False
12.37420167311325,51,27,6.5004185244497705,20155.465753424658,0.0,610,5.665348780241979,0,0,0,0,0,0,0,1.706172766409985,3.9512437185814275,False,False,True,False,False,False
4.0,2237,26,6.5004185244497705,20155.465753424658,63.73626373626373,3067,6.382521258497842,0,0,0,0,0,0,0,1.5611691319150531,7.71333788887187,False,False,False,True,False,False
1.0,49949,64,6.865589542548404,33463.98869472837,72.96093214530501,2188,6.320059610463039,0,0,0,0,0,0,0,0.8886641126398388,10.8187777840767,True,False,False,False,False,False
156.0,86,22,6.810822042773845,24117.603479967904,0.0,3549,6.881313711751069,0,0,0,0,0,0,0,4.533325054775926,4.465908118654584,False,False,False,False,False,True
12.0,19246,15,6.656742855195437,29739.858682497972,77.4798927613941,3549,6.881313711751069,0,0,0,0,0,0,0,0.34871731190584043,9.865110483415124,False,False,False,False,False,True
1.0,132,47,4.9263479368027125,4281.747368421053,100.0,2188,6.320059610463039,0,0,0,0,0,0,0,0.8886641126398388,4.890349128221754,True,False,False,False,False,False
13.0,76291,9,6.818850027557036,32897.64530706629,80.24213075060533,3549,6.881313711751069,0,0,0,0,0,0,0,0.3777770878979938,11.242323362496316,False,False,False,False,False,True
1.0,365,43,6.794607080130419,17996.367678958784,75.0,2188,6.320059610463039,0,0,0,0,0,0,0,0.8886641126398388,5.902633333401366,True,False,False,False,False,False
4.0,9163,43,6.842297549793959,30219.74165649517,77.29729729729729,1572,6.528145312958054,0,0,0,0,0,0,0,1.529975025299065,9.123038043573386,False,False,False,False,True,False
1.0,57,21,5.775788441476067,5728.942895299145,100.0,447,5.588299776286353,0,0,0,0,0,0,0,0.9078461025802542,4.060443010546419,False,True,False,False,False,False
12.0,408357,14,6.9628532979221385,47274.58870887442,82.57153474544779,3549,6.881313711751069,0,0,0,0,0,0,0,0.34871731190584043,12.91989951963162,False,False,False,False,False,True
12.0,203618,25,6.876922260876517,38614.15278691432,82.62692128551467,3549,6.881313711751069,0,0,0,0,0,0,0,0.34871731190584043,12.224005879540199,False,False,False,False,False,True
1.0,468,25,6.677693639525605,11247.974150664697,72.72727272727273,2188,6.320059610463039,0,0,0,0,0,0,0,0.8886641126398388,6.150602768446279,True,False,False,False,False,False
1.0,662,18,6.779782172998328,33631.42093373494,69.56521739130434,2188,6.320059610463039,0,0,0,0,0,0,0,0.8886641126398388,6.4967749901858625,True,False,False,False,False,False
2.0,2487,8,6.195191110040243,2612.9254587155965,70.47619047619048,3067,6.382521258497842,0,0,0,0,0,0,0,0.7805845659575266,7.81923445385907,False,False,False,True,False,False
1.0,92,12,5.879225467208256,3053.415760869565,0.0,447,5.588299776286353,0,0,0,0,0,0,0,0.9078461025802542,4.532599493153256,False,True,False,False,False,False
1.0,12944,33,6.795992294212215,28118.12073376913,83.58778625954199,3067,6.382521258497842,0,0,0,0,0,0,0,0.3902922829787633,9.468464892185638,False,False,False,True,False,False
1.0,11765,43,6.8536771222611135,31464.02259427918,73.6024844720497,1572,6.528145312958054,0,0,0,0,0,0,0,0.38249375632476623,9.3729692954244,False,False,False,False,True,False
12.0,12409,20,6.816209798699278,28763.70561417164,81.67053364269141,3549,6.881313711751069,0,0,0,0,0,0,0,0.34871731190584043,9.426257878198653,False,False,False,False,False,True
1.0,7923,32,6.836119669363083,26495.352958536358,73.93364928909952,1572,6.528145312958054,0,0,0,0,0,0,0,0.38249375632476623,8.977651407818442,False,False,False,False,True,False
12.0,110470,19,6.748850518355393,39107.421986141715,82.4643384161338,3549,6.881313711751069,0,0,0,0,0,0,0,0.34871731190584043,11.612508322056724,False,False,False,False,False,True
12.0,16909,17,6.901913240256757,36434.43091705644,80.15873015873017,3549,6.881313711751069,0,0,0,0,0,0,0,0.34871731190584043,9.735660441892627,False,False,False,False,False,True
12.37420167311325,3628,32,6.911746264844299,40115.966691854046,0.0,3549,6.881313711751069,0,0,0,0,0,0,0,0.35959152870240046,8.19671240721307,False,False,False,False,False,True
1.0,89,21,5.558589488847307,349.1694444444444,100.0,1572,6.528145312958054,0,0,0,0,0,0,0,0.38249375632476623,4.499809670330265,False,False,False,False,True,False
3.0,5249,53,6.635415443929664,30340.255603985057,64.66666666666666,1572,6.528145312958054,0,0,0,0,0,0,0,1.1474812689742986,8.565983355585669,False,False,False,False,True,False
1.0,2862,29,5.7918085106382975,2324.3617021276596,75.0,610,5.665348780241979,0,0,0,0,0,0,0,0.13788144168663172,7.959625305098115,False,False,True,False,False,False
20.0,21416,29,6.733959772080677,31834.97690061671,79.49790794979079,610,5.665348780241979,0,0,0,0,0,0,0,2.7576288337326345,9.971940278170571,False,False,True,False,False,False
1.0,123,62,6.5004185244497705,20155.465753424658,100.0,1572,6.528145312958054,0,0,0,0,0,0,0,0.38249375632476623,4.820281565605037,False,False,False,False,True,False
1.0,5765,36,6.66391737475365,18028.293509500556,64.0,2188,6.320059610463039,0,0,0,0,0,0,0,0.8886641126398388,8.659733878198347,True,False,False,False,False,False
4.0,280,22,6.510263751421897,20545.19121004566,66.66666666666666,610,5.665348780241979,0,0,0,0,0,0,0,0.5515257667465269,5.638354669333745,False,False,True,False,False,False
1.0,5729,17,5.879225467208256,3053.415760869565,69.44444444444444,447,5.588299776286353,0,0,0,0,0,0,0,0.9078461025802542,8.653470809708786,False,True,False,False,False,False
1.0,1902,19,5.879225467208256,3053.415760869565,74.64788732394366,447,5.588299776286353,0,0,0,0,0,0,0,0.9078461025802542,7.551186867296149,False,True,False,False,False,False
37.0,1423,6,6.799447922681467,32905.2987075575,71.42857142857143,3549,6.881313711751069,0,0,0,0,0,0,0,1.0752117117096747,7.261225091971921,False,False,False,False,False,True
4.0,3935,19,6.801305199251226,43985.0757475695,78.69565217391305,1572,6.528145312958054,0,0,0,0,0,0,0,1.529975025299065,8.277920258172143,False,False,False,False,True,False
1.0,1312,10,6.925007357097154,36096.49002669329,82.6086956521739,3067,6.382521258497842,0,0,0,0,0,0,0,0.3902922829787633,7.180069874302796,False,False,False,True,False,False
13.0,62582,27,6.911270384486426,35878.121998548755,81.86738836265224,3549,6.881313711751069,0,0,0,0,0,0,0,0.3777770878979938,11.044248954712396,False,False,False,False,False,True
2.0,2975,35,6.662948251583755,24178.094281909634,60.86956521739131,1572,6.528145312958054,0,0,0,0,0,0,0,0.7649875126495325,7.998335395952982,False,False,False,False,True,False
1.0,116,10,5.775788441476067,5728.942895299145,100.0,447,5.588299776286353,0,0,0,0,0,0,0,0.9078461025802542,4.762173934797756,False,True,False,False,False,False
3.0,15616,45,6.898186709756097,41776.6334883317,72.64150943396226,3067,6.382521258497842,0,0,0,0,0,0,0,1.1708768489362897,9.656115343487846,False,False,False,True,False,False
1.0,1148,62,6.726465955361014,28171.06659381038,64.70588235294117,2188,6.320059610463039,0,0,0,0,0,0,0,0.8886641126398388,7.046647277848756,True,False,False,False,False,False
14.0,2864,14,6.886595082004575,32997.9026728846,77.03703703703704,3067,6.382521258497842,0,0,0,0,0,0,0,5.464091961702686,7.9603236291488395,False,False,False,True,False,False
51.0,1466,10,6.869882264560972,35653.58489218956,69.44444444444444,3549,6.881313711751069,0,0,0,0,0,0,0,1.4820485755998218,7.2909747781429814,False,False,False,False,False,True
2.0,8206,19,6.808518958862161,33760.4957378189,81.71806167400881,3067,6.382521258497842,0,0,0,0,0,0,0,0.7805845659575266,9.012742727629712,False,False,False,True,False,False
7.0,87,26,5.7918085106382975,2324.3617021276596,100.0,610,5.665348780241979,0,0,0,0,0,0,0,0.965170091806422,4.477336814478207,False,False,True,False,False,False
3.0,6156,14,6.824542885368528,23197.59038096752,80.71065989847716,3067,6.382521258497842,0,0,0,0,0,0,0,1.1708768489362897,8.72534492491121,False,False,False,True,False,False
24.0,103828,10,7.014811230547079,49135.72364998948,85.95482546201232,3549,6.881313711751069,0,0,0,0,0,0,0,0.6974346238116809,11.550500594123315,False,False,False,False,False,True
1.0,275,8,5.879225467208256,3053.415760869565,90.0,447,5.588299776286353,0,0,0,0,0,0,0,0.9078461025802542,5.62040086571715,False,True,False,False,False,False
2.0,1058,24,6.195191110040243,2612.9254587155965,55.172413793103445,3067,6.382521258497842,0,0,0,0,0,0,0,0.7805845659575266,6.9650803456014065,False,False,False,True,False,False
25.0,176475,34,6.9287223551536545,35395.148614757854,81.56445097319134,3549,6.881313711751069,0,0,0,0,0,0,0,0.7264943998038342,12.080940168772623,False,False,False,False,False,True
26.0,1387,16,6.6934802647434,16397.500545159935,88.88888888888889,3549,6.881313711751069,0,0,0,0,0,0,0,0.7555541757959876,7.23561914106675,False,False,False,False,False,True
1.0,2100,7,5.879225467208256,3053.415760869565,76.42276422764228,447,5.588299776286353,0,0,0,0,0,0,0,0.9078461025802542,7.650168700845001,False,True,False,False,False,False
1.0,2717,34,6.195191110040243,2612.9254587155965,74.11764705882354,3067,6.382521258497842,0,0,0,0,0,0,0,0.3902922829787633,7.907651594711089,False,False,False,True,False,False
13.0,41685,36,6.911270384486426,35878.121998548755,82.2872340425532,3549,6.881313711751069,0,0,0,0,0,0,0,0.3777770878979938,10.637920620001616,False,False,False,False,False,True
2.0,38678,26,6.802670926078823,33917.97788887461,74.83443708609272,3067,6.382521258497842,0,0,0,0,0,0,0,0.7805845659575266,10.563052096078946,False,False,False,True,False,False
38.0,1625,37,6.84893481635392,26310.916343922476,67.85714285714286,3549,6.881313711751069,0,0,0,0,0,0,0,1.104271487701828,7.3938782901077555,False,False,False,False,False,True
2.0,5600,18,6.195191110040243,2612.9254587155965,71.42857142857143,3067,6.382521258497842,0,0,0,0,0,0,0,0.7805845659575266,8.630700432209832,False,False,False,True,False,False
3.0,153,8,6.6658924439485645,31239.369240348693,100.0,610,5.665348780241979,0,0,0,0,0,0,0,0.4136443250598951,5.0369526024136295,False,False,True,False,False,False
1.0,3252,11,6.195191110040243,2612.9254587155965,66.15384615384615,3067,6.382521258497842,0,0,0,0,0,0,0,0.3902922829787633,8.087332926473351,False,False,False,True,False,False
1.0,72,45,6.653684265572153,12515.698359337468,66.66666666666666,3067,6.382521258497842,0,0,0,0,0,0,0,0.3902922829787633,4.290459441148391,False,False,False,True,False,False
1.0,700,25,6.894307060164043,31925.31414140815,68.0,2188,6.320059610463039,0,0,0,0,0,0,0,0.8886641126398388,6.55250788703459,True,False,False,False,False,False
4.0,26,89,6.5004185244497705,20155.465753424658,0.0,1572,6.528145312958054,0,0,0,0,0,0,0,1.529975025299065,3.295836866004329,False,False,False,False,True,False
1.0,45,21,6.548792989998894,10128.71560623309,0.0,3067,6.382521258497842,0,0,0,0,0,0,0,0.3902922829787633,3.828641396489095,False,False,False,True,False,False
2.0,1657,22,6.195191110040243,2612.9254587155965,66.15384615384615,3067,6.382521258497842,0,0,0,0,0,0,0,0.7805845659575266,7.4133673356952405,False,False,False,True,False,False
1.0,405,24,6.726881389735055,20338.098088288767,86.66666666666667,2188,6.320059610463039,0,0,0,0,0,0,0,0.8886641126398388,6.0063531596017325,True,False,False,False,False,False
1.0,92,30,5.558589488847307,349.1694444444444,100.0,2188,6.320059610463039,0,0,0,0,0,0,0,0.8886641126398388,4.532599493153256,True,False,False,False,False,False
6.0,18254,27,6.838929313847025,28774.002990642086,80.5,3067,6.382521258497842,0,0,0,0,0,0,0,2.3417536978725795,9.812194294089737,False,False,False,True,False,False
12.37420167311325,940,18,6.5264888547538815,17281.5837709483,0.0,3549,6.881313711751069,0,0,0,0,0,0,0,0.35959152870240046,6.846943139585379,False,False,False,False,False,True
2.0,2667,20,6.899798396766862,33788.88204251547,55.172413793103445,1572,6.528145312958054,0,0,0,0,0,0,0,0.7649875126495325,7.889084407035514,False,False,False,False,True,False
2.0,952,14,6.715834560220714,26770.694814911316,84.84848484848484,3067,6.382521258497842,0,0,0,0,0,0,0,0.7805845659575266,6.859614903654202,False,False,False,True,False,False
12.37420167311325,129,60,6.754818962416433,37513.979954289374,0.0,3549,6.881313711751069,0,0,0,0,0,0,0,0.35959152870240046,4.867534450455582,False,False,False,False,False,True
1.0,397,15,6.622168674698795,19841.626506024095,50.0,3067,6.382521258497842,0,0,0,0,0,0,0,0.3902922829787633,5.986452005284438,False,False,False,True,False,False
6.0,26025,34,6.772442409641736,30184.409452522297,74.40381558028616,1572,6.528145312958054,0,0,0,0,0,0,0,2.294962537948597,10.166851317336702,False,False,False,False,True,False
3.0,28485,38,6.832649884582268,25745.561698071866,77.88184438040345,3067,6.382521258497842,0,0,0,0,0,0,0,1.1708768489362897,10.257168017494532,False,False,False,True,False,False
1.0,20459,35,6.86228723736527,42516.711245754814,81.37931034482759,2188,6.320059610463039,0,0,0,0,0,0,0,0.8886641126398388,9.926227039505617,True,False,False,False,False,False
4.0,3560,44,6.6755635503297155,29563.17898280345,82.06896551724138,3067,6.382521258497842,0,0,0,0,0,0,0,1.5611691319150531,8.177796683277778,False,False,False,True,False,False
20.0,39,13,5.558589488847307,349.1694444444444,0.0,3549,6.881313711751069,0,0,0,0,0,0,0,0.5811955198430674,3.6888794541139363,False,False,False,False,False,True
24.0,8362,5,6.962751484464189,45076.38077956101,79.48717948717949,3549,6.881313711751069,0,0,0,0,0,0,0,0.6974346238116809,9.031572493381526,False,False,False,False,False,True
26.0,212,32,6.800166494369348,33094.709865182755,25.0,3549,6.881313711751069,0,0,0,0,0,0,0,0.7555541757959876,5.3612921657094255,False,False,False,False,False,True
1.0,111,39,5.558589488847307,349.1694444444444,50.0,3067,6.382521258497842,0,0,0,0,0,0,0,0.3902922829787633,4.718498871295094,False,False,False,True,False,False
20.0,86,14,5.7918085106382975,2324.3617021276596,0.0,3067,6.382521258497842,0,0,0,0,0,0,0,7.805845659575265,4.465908118654584,False,False,False,True,False,False
12.0,23125,19,6.614435089331892,22787.456758114113,84.73205257836199,3549,6.881313711751069,0,0,0,0,0,0,0,0.34871731190584043,10.048712804688908,False,False,False,False,False,True
2.0,2521,34,6.195191110040243,2612.9254587155965,66.66666666666666,3067,6.382521258497842,0,0,0,0,0,0,0,0.7805845659575266,7.8328075165248645,False,False,False,True,False,False
10.0,95,30,6.5004185244497705,20155.465753424658,0.0,3549,6.881313711751069,0,0,0,0,0,0,0,0.2905977599215337,4.564348191467836,False,False,False,False,False,True
1.0,202,8,6.5004185244497705,20155.465753424658,60.0,2188,6.320059610463039,0,0,0,0,0,0,0,0.8886641126398388,5.313205979041787,True,False,False,False,False,False
35.0,637,43,6.106210567052468,33784.67164179104,71.42857142857143,3549,6.881313711751069,0,0,0,0,0,0,0,1.017092159725368,6.45833828334479,False,False,False,False,False,True
26.0,35442,36,6.911270384486426,35878.121998548755,80.15320334261838,3549,6.881313711751069,0,0,0,0,0,0,0,0.7555541757959876,10.475681051249266,False,False,False,False,False,True
1.0,2380,10,6.289007148338809,2755.141935483871,84.05797101449275,2188,6.320059610463039,0,0,0,0,0,0,0,0.8886641126398388,7.7752758464868625,True,False,False,False,False,False
48.0,1715,35,6.827850625188941,21162.251451633205,75.43859649122807,3549,6.881313711751069,0,0,0,0,0,0,0,1.3948692476233617,7.447751280047908,False,False,False,False,False,True
13.0,194791,44,6.764465840959698,30623.558870542678,82.34385061171925,3549,6.881313711751069,0,0,0,0,0,0,0,0.3777770878979938,12.179687601585462,False,False,False,False,False,True
6.0,4893,25,6.178204441924253,5201.852281796416,69.36936936936937,3067,6.382521258497842,0,0,0,0,0,0,0,2.3417536978725795,8.495765244002618,False,False,False,True,False,False
1.0,10030,10,6.507792820003855,33062.52506643506,83.61581920903954,2188,6.320059610463039,0,0,0,0,0,0,0,0.8886641126398388,9.213435576883485,True,False,False,False,False,False
13.0,97809,8,6.802233338507634,31128.956170776903,80.18501939719486,3549,6.881313711751069,0,0,0,0,0,0,0,0.3777770878979938,11.49078210028454,False,False,False,False,False,True
25.0,83056,8,6.5792227772955725,24080.491358003215,86.008719778042,3549,6.881313711751069,0,0,0,0,0,0,0,0.7264943998038342,11.32728239806388,False,False,False,False,False,True
1.0,340,17,6.677693639525605,11247.974150664697,25.0,3067,6.382521258497842,0,0,0,0,0,0,0,0.3902922829787633,5.831882477283517,False,False,False,True,False,False
1.0,4028,14,6.778371967850202,34409.560906324456,85.49222797927462,2188,6.320059610463039,0,0,0,0,0,0,0,0.8886641126398388,8.301273485191347,True,False,False,False,False,False
45.0,66646,12,6.843630550882726,35877.66376765234,84.14351851851852,3549,6.881313711751069,0,0,0,0,0,0,0,1.3076899196469016,11.107165313341005,False,False,False,False,False,True
26.0,7872,29,6.859597488328051,33287.90206199931,81.5028901734104,3549,6.881313711751069,0,0,0,0,0,0,0,0.7555541757959876,8.971194463184467,False,False,False,False,False,True
12.0,52542,29,6.873717572593431,40486.40712055816,77.78422273781904,3549,6.881313711751069,0,0,0,0,0,0,0,0.34871731190584043,10.8693871609623,False,False,False,False,False,True
51.0,1572,39,6.608354723274798,16193.42060482972,76.81159420289855,3549,6.881313711751069,0,0,0,0,0,0,0,1.4820485755998218,7.360739903058278,False,False,False,False,False,True
1.0,4852,25,6.542958467678293,16872.417365775556,74.26900584795322,3067,6.382521258497842,0,0,0,0,0,0,0,0.3902922829787633,8.487352349405215,False,False,False,True,False,False
1.0,1564,20,6.9044782673925535,29631.63475003431,89.74358974358975,2188,6.320059610463039,0,0,0,0,0,0,0,0.8886641126398388,7.355641102974253,True,False,False,False,False,False
3.0,113,49,6.76597389490865,27842.410039991966,0.0,3067,6.382521258497842,0,0,0,0,0,0,0,1.1708768489362897,4.736198448394496,False,False,False,True,False,False
1.0,4277,55,6.936845412583394,37621.02942627365,76.75675675675676,3067,6.382521258497842,0,0,0,0,0,0,0,0.3902922829787633,8.361240889642351,False,False,False,True,False,False
64.0,917,23,6.7108808707015255,21486.789917862803,54.54545454545454,3549,6.881313711751069,0,0,0,0,0,0,0,1.8598256634978156,6.822197390620491,False,False,False,False,False,True
1.0,103,14,6.22747829422649,6094.346320346321,100.0,2188,6.320059610463039,0,0,0,0,0,0,0,0.8886641126398388,4.6443908991413725,True,False,False,False,False,False
12.0,109,24,6.22747829422649,6094.346320346321,100.0,1572,6.528145312958054,0,0,0,0,0,0,0,4.589925075897194,4.700480365792417,False,False,False,False,True,False
1.0,12690,50,6.759224938434093,21326.030644316394,72.62443438914026,3067,6.382521258497842,0,0,0,0,0,0,0,0.3902922829787633,9.448648359810164,False,False,False,True,False,False
3.0,1482,5,6.6934802647434,16397.500545159935,83.72093023255815,2188,6.320059610463039,0,0,0,0,0,0,0,2.6659923379195165,7.301822342137932,True,False,False,False,False,False
1.0,372,47,6.429001687383052,23463.296875,40.0,1572,6.528145312958054,0,0,0,0,0,0,0,0.38249375632476623,5.921578419643816,False,False,False,False,True,False
13.0,1377,18,6.77774989605884,22277.64175189225,82.14285714285714,3549,6.881313711751069,0,0,0,0,0,0,0,0.3777770878979938,7.228388451573604,False,False,False,False,False,True
45.0,1385,9,6.638243832197137,24791.843889668748,69.64285714285714,3549,6.881313711751069,0,0,0,0,0,0,0,1.3076899196469016,7.234177179749849,False,False,False,False,False,True
1.0,89,13,4.9263479368027125,4281.747368421053,0.0,2188,6.320059610463039,0,0,0,0,0,0,0,0.8886641126398388,4.499809670330265,True,False,False,False,False,False
12.37420167311325,3165,14,6.764914539452821,44535.1561884612,0.0,3549,6.881313711751069,0,0,0,0,0,0,0,0.35959152870240046,8.060224240440958,False,False,False,False,False,True
276.0,229157,7,6.715661769645538,25410.923923540606,78.41053482730737,3549,6.881313711751069,0,0,0,0,0,0,0,8.02049817383433,12.34216700095781,False,False,False,False,False,True
2.0,958,42,6.195191110040243,2612.9254587155965,73.91304347826086,1572,6.528145312958054,0,0,0,0,0,0,0,0.7649875126495325,6.8658910748834385,False,False,False,False,True,False
2.0,907,31,6.679564955650962,12937.893013100436,76.92307692307693,1572,6.528145312958054,0,0,0,0,0,0,0,0.7649875126495325,6.811244378601294,False,False,False,False,True,False
1.0,819,10,6.662948251583755,24178.094281909634,80.0,610,5.665348780241979,0,0,0,0,0,0,0,0.13788144168663172,6.709304340258298,False,False,True,False,False,False
1.0,415,57,6.164566264410774,4404.363104307238,50.0,1572,6.528145312958054,0,0,0,0,0,0,0,0.38249375632476623,6.030685260261263,False,False,False,False,True,False
2.0,2587,24,6.9991527367920785,29224.91358909553,64.8936170212766,610,5.665348780241979,0,0,0,0,0,0,0,0.27576288337326343,7.858640655620791,False,False,True,False,False,False
1.0,19960,31,6.5264888547538815,17281.5837709483,71.99055861526357,2188,6.320059610463039,0,0,0,0,0,0,0,0.8886641126398388,9.901535648810883,True,False,False,False,False,False
1.0,71,28,6.923011299398077,31572.43483239426,0.0,2188,6.320059610463039,0,0,0,0,0,0,0,0.8886641126398388,4.276666119016055,True,False,False,False,False,False
26.0,113993,47,6.931808670495821,31306.620691213997,84.05723045477772,3549,6.881313711751069,0,0,0,0,0,0,0,0.7555541757959876,11.643901094412595,False,False,False,False,False,True
1.0,838,6,6.195191110040243,2612.9254587155965,54.54545454545454,3067,6.382521258497842,0,0,0,0,0,0,0,0.3902922829787633,6.732210706467206,False,False,False,True,False,False
6.0,129,9,6.5004185244497705,20155.465753424658,100.0,1572,6.528145312958054,0,0,0,0,0,0,0,2.294962537948597,4.867534450455582,False,False,False,False,True,False
1.0,754,72,6.66391737475365,18028.293509500556,84.61538461538461,2188,6.320059610463039,0,0,0,0,0,0,0,0.8886641126398388,6.626717749249025,True,False,False,False,False,False
1.0,2432,45,6.811522504055452,26330.1366378222,70.58823529411765,3067,6.382521258497842,0,0,0,0,0,0,0,0.3902922829787633,7.796880342783522,False,False,False,True,False,False
12.0,623,25,6.491652989018659,17274.134132470033,100.0,3549,6.881313711751069,0,0,0,0,0,0,0,0.34871731190584043,6.436150368369428,False,False,False,False,False,True
52.0,5308,27,6.823242496414123,25161.761028074234,87.17948717948718,3549,6.881313711751069,0,0,0,0,0,0,0,1.5111083515919752,8.57715877258367,False,False,False,False,False,True
1.0,533,36,6.815470928920611,21866.42979286939,90.0,1572,6.528145312958054,0,0,0,0,0,0,0,0.38249375632476623,6.280395838960195,False,False,False,False,True,False
38.0,1548,19,6.773466911535102,27412.35489619545,72.72727272727273,3549,6.881313711751069,0,0,0,0,0,0,0,1.104271487701828,7.3453648404168685,False,False,False,False,False,True
2.0,287,11,6.905395770559648,35389.289840715515,42.857142857142854,3067,6.382521258497842,0,0,0,0,0,0,0,0.7805845659575266,5.662960480135946,False,False,False,True,False,False
1.0,109,18,4.9263479368027125,4281.747368421053,0.0,1572,6.528145312958054,0,0,0,0,0,0,0,0.38249375632476623,4.700480365792417,False,False,False,False,True,False
6.0,5479,26,6.604842707205482,20851.246346539916,69.68503937007874,1572,6.528145312958054,0,0,0,0,0,0,0,2.294962537948597,8.608860379942062,False,False,False,False,True,False
12.0,36656,29,6.785034446876445,31667.24053272598,80.56755089450957,3549,6.881313711751069,0,0,0,0,0,0,0,0.34871731190584043,10.509359684984632,False,False,False,False,False,True
24.0,15653,22,6.920302378165081,27895.059486539896,76.94566813509545,3549,6.881313711751069,0,0,0,0,0,0,0,0.6974346238116809,9.658481754364784,False,False,False,False,False,True
2.0,60,38,6.829036948424544,17643.015772252504,0.0,1572,6.528145312958054,0,0,0,0,0,0,0,0.7649875126495325,4.110873864173311,False,False,False,False,True,False
1.0,74,28,6.2680555955337915,8242.158584660134,100.0,447,5.588299776286353,0,0,0,0,0,0,0,0.9078461025802542,4.31748811353631,False,True,False,False,False,False
24.0,297058,17,6.949709288799546,41497.78759085062,83.28103989242493,3549,6.881313711751069,0,0,0,0,0,0,0,0.6974346238116809,12.601686051254555,False,False,False,False,False,True
12.0,38778,17,6.791142299094434,29644.957148374757,78.6472889882616,3549,6.881313711751069,0,0,0,0,0,0,0,0.34871731190584043,10.565634141976286,False,False,False,False,False,True
2.0,943,48,6.5004185244497705,20155.465753424658,50.0,1572,6.528145312958054,0,0,0,0,0,0,0,0.7649875126495325,6.8501261661455,False,False,False,False,True,False
24.0,2701,16,6.801701699806683,26896.58734917647,61.53846153846154,3549,6.881313711751069,0,0,0,0,0,0,0,0.6974346238116809,7.9017475185201445,False,False,False,False,False,True
1.0,193,15,5.558589488847307,349.1694444444444,100.0,2188,6.320059610463039,0,0,0,0,0,0,0,0.8886641126398388,5.267858159063328,True,False,False,False,False,False
3.0,1181,14,6.648877665074084,25392.45280093748,77.77777777777779,610,5.665348780241979,0,0,0,0,0,0,0,0.4136443250598951,7.074963197966044,False,False,True,False,False,False
52.0,507,23,6.58558055977916,14312.419903361644,54.54545454545454,3549,6.881313711751069,0,0,0,0,0,0,0,1.5111083515919752,6.230481447578482,False,False,False,False,False,True
2.0,1069,23,6.195191110040243,2612.9254587155965,50.0,3067,6.382521258497842,0,0,0,0,0,0,0,0.7805845659575266,6.975413927455952,False,False,False,True,False,False
6.0,75,17,6.779782172998328,33631.42093373494,0.0,3067,6.382521258497842,0,0,0,0,0,0,0,2.3417536978725795,4.330733340286331,False,False,False,True,False,False
13.0,49394,38,6.726881389735055,20338.098088288767,74.69879518072288,3549,6.881313711751069,0,0,0,0,0,0,0,0.3777770878979938,10.807604483478574,False,False,False,False,False,True
1.0,188,15,5.459667665453769,7695.231857287449,50.0,2188,6.320059610463039,0,0,0,0,0,0,0,0.8886641126398388,5.241747015059643,True,False,False,False,False,False
1.0,3586,21,6.741621400639805,25291.837019617848,80.46875,2188,6.320059610463039,0,0,0,0,0,0,0,0.8886641126398388,8.185071477532283,True,False,False,False,False,False
1.0,24,12,5.775788441476067,5728.942895299145,0.0,447,5.588299776286353,0,0,0,0,0,0,0,0.9078461025802542,3.2188758248682006,False,True,False,False,False,False
1.0,439,12,6.195191110040243,2612.9254587155965,36.36363636363637,3067,6.382521258497842,0,0,0,0,0,0,0,0.3902922829787633,6.0867747269123065,False,False,False,True,False,False
12.0,20504,11,6.662948251583755,24178.094281909634,82.12180746561886,3549,6.881313711751069,0,0,0,0,0,0,0,0.34871731190584043,9.92842403782616,False,False,False,False,False,True
1.0,184,7,6.741621400639805,25291.837019617848,0.0,2188,6.320059610463039,0,0,0,0,0,0,0,0.8886641126398388,5.220355825078324,True,False,False,False,False,False
4.0,103,26,6.7436598536310965,23999.600109602416,100.0,3549,6.881313711751069,0,0,0,0,0,0,0,0.11623910396861348,4.6443908991413725,False,False,False,False,False,True
1.0,56,29,6.22747829422649,6094.346320346321,0.0,2188,6.320059610463039,0,0,0,0,0,0,0,0.8886641126398388,4.04305126783455,True,False,False,False,False,False
1.0,151,28,6.241442385702294,9837.82456140351,0.0,1572,6.528145312958054,0,0,0,0,0,0,0,0.38249375632476623,5.0238805208462765,False,False,False,False,True,False
1.0,60,32,6.8393549963377245,31403.66763082611,0.0,3067,6.382521258497842,0,0,0,0,0,0,0,0.3902922829787633,4.110873864173311,False,False,False,True,False,False
3.0,2005,34,6.195191110040243,2612.9254587155965,60.97560975609756,3067,6.382521258497842,0,0,0,0,0,0,0,1.1708768489362897,7.603897968521881,False,False,False,True,False,False
1.0,12909,14,6.84893481635392,26310.916343922476,74.86033519553072,2188,6.320059610463039,0,0,0,0,0,0,0,0.8886641126398388,9.465757483840688,True,False,False,False,False,False
26.0,1074,19,6.665895077203468,16354.790103057265,61.76470588235294,3549,6.881313711751069,0,0,0,0,0,0,0,0.7555541757959876,6.980075940561763,False,False,False,False,False,True
1.0,126,45,6.8275881883992025,26004.088797297114,0.0,1572,6.528145312958054,0,0,0,0,0,0,0,0.38249375632476623,4.844187086458591,False,False,False,False,True,False
55.0,2424,5,6.868572948400319,22026.131219476494,86.53846153846155,3549,6.881313711751069,0,0,0,0,0,0,0,1.5982876795684353,7.793586803371584,False,False,False,False,False,True
1.0,721,32,5.879225467208256,3053.415760869565,76.92307692307693,447,5.588299776286353,0,0,0,0,0,0,0,0.9078461025802542,6.582025138892826,False,True,False,False,False,False
3.0,24456,22,6.821727038440741,34078.8520241264,0.0,3067,6.382521258497842,0,0,0,0,0,0,0,1.1708768489362897,10.10467175249591,False,False,False,True,False,False
2.0,1748,48,6.7897746032852675,27191.392385729607,78.33333333333333,3067,6.382521258497842,0,0,0,0,0,0,0,0.7805845659575266,7.466799475018602,False,False,False,True,False,False
25.0,487,23,6.769866626233298,29245.482223340226,57.14285714285714,3549,6.881313711751069,0,0,0,0,0,0,0,0.7264943998038342,6.1903154058531475,False,False,False,False,False,True
1.0,83,19,6.2467029592772985,15632.091049789251,0.0,610,5.665348780241979,0,0,0,0,0,0,0,0.13788144168663172,4.430816798843313,False,False,True,False,False,False
1.0,495,16,6.195191110040243,2612.9254587155965,50.0,3067,6.382521258497842,0,0,0,0,0,0,0,0.3902922829787633,6.206575926724928,False,False,False,True,False,False
2.0,313,31,6.882238498533699,25918.566709652645,75.0,1572,6.528145312958054,0,0,0,0,0,0,0,0.7649875126495325,5.749392985908253,False,False,False,False,True,False
24.0,318,25,6.67965887931373,19708.917197193277,50.0,3549,6.881313711751069,0,0,0,0,0,0,0,0.6974346238116809,5.765191102784844,False,False,False,False,False,True
4.0,65,8,4.83,65.0,0.0,610,5.665348780241979,0,0,0,0,0,0,0,0.5515257667465269,4.189654742026425,False,False,True,False,False,False
11.0,81230,40,6.953545537796405,48691.54605888794,83.43057176196032,3549,6.881313711751069,0,0,0,0,0,0,0,0.31965753591368706,11.305052226691863,False,False,False,False,False,True
6.0,8847,38,6.662948251583755,24178.094281909634,83.1140350877193,3067,6.382521258497842,0,0,0,0,0,0,0,2.3417536978725795,9.087946723762116,False,False,False,True,False,False
26.0,134,18,6.192033733782523,14274.946127419527,0.0,3549,6.881313711751069,0,0,0,0,0,0,0,0.7555541757959876,4.90527477843843,False,False,False,False,False,True
12.0,11941,36,6.883380512152217,40718.61410250869,79.01234567901234,3549,6.881313711751069,0,0,0,0,0,0,0,0.34871731190584043,9.387816877106937,False,False,False,False,False,True
2.0,3463,31,6.195191110040243,2612.9254587155965,75.55555555555556,3067,6.382521258497842,0,0,0,0,0,0,0,0.7805845659575266,8.150179269682326,False,False,False,True,False,False
12.37420167311325,20776,23,6.9095318647504085,43015.534783900155,0.0,3549,6.881313711751069,0,0,0,0,0,0,0,0.35959152870240046,9.941601884644786,False,False,False,False,False,True
4.0,2296,49,6.818032823249103,31021.72354978355,71.42857142857143,1572,6.528145312958054,0,0,0,0,0,0,0,1.529975025299065,7.739359202689098,False,False,False,False,True,False
3.0,3958,17,6.195191110040243,2612.9254587155965,71.875,3067,6.382521258497842,0,0,0,0,0,0,0,1.1708768489362897,8.28374674710613,False,False,False,True,False,False
13.0,8688,25,6.722785796607942,29090.961140831794,80.98591549295774,3549,6.881313711751069,0,0,0,0,0,0,0,0.3777770878979938,9.069813136839207,False,False,False,False,False,True
14.0,18072,22,6.903578112062995,29253.312854606425,74.45008460236888,3549,6.881313711751069,0,0,0,0,0,0,0,0.40683686389014717,9.802174390835638,False,False,False,False,False,True
1.0,108,36,6.845303805487532,29013.2942519885,75.0,2188,6.320059610463039,0,0,0,0,0,0,0,0.8886641126398388,4.6913478822291435,True,False,False,False,False,False
1.0,76,60,6.490336269696487,6754.518842086047,0.0,1572,6.528145312958054,0,0,0,0,0,0,0,0.38249375632476623,4.343805421853684,False,False,False,False,True,False
1.0,102,7,6.7386854344927904,25484.615661672666,0.0,610,5.665348780241979,0,0,0,0,0,0,0,0.13788144168663172,4.634728988229636,False,False,True,False,False,False
12.37420167311325,125,15,6.5004185244497705,20155.465753424658,0.0,3549,6.881313711751069,0,0,0,0,0,0,0,0.35959152870240046,4.836281906951478,False,False,False,False,False,True
52.0,4825,15,6.762569823783621,21797.4802235263,75.28089887640449,3549,6.881313711751069,0,0,0,0,0,0,0,1.5111083515919752,8.481773246184977,False,False,False,False,False,True
1.0,629,11,6.490787726957663,22920.866663298973,72.72727272727273,3067,6.382521258497842,0,0,0,0,0,0,0,0.3902922829787633,6.4457198193855785,False,False,False,True,False,False
1.0,62,59,6.742832950850793,23421.314913495582,0.0,1572,6.528145312958054,0,0,0,0,0,0,0,0.38249375632476623,4.143134726391533,False,False,False,False,True,False
12.37420167311325,416,33,6.852165520065444,30728.418266800396,0.0,3549,6.881313711751069,0,0,0,0,0,0,0,0.35959152870240046,6.0330862217988015,False,False,False,False,False,True
12.0,46093,16,6.764465840959698,30623.558870542678,84.77272727272728,3549,6.881313711751069,0,0,0,0,0,0,0,0.34871731190584043,10.738438068670435,False,False,False,False,False,True
12.0,38646,17,6.921780430330742,36606.53306396907,83.9171974522293,3549,6.881313711751069,0,0,0,0,0,0,0,0.34871731190584043,10.562224431339358,False,False,False,False,False,True
1.0,8434,57,6.604842707205482,20851.246346539916,70.28571428571428,1572,6.528145312958054,0,0,0,0,0,0,0,0.38249375632476623,9.040144994980068,False,False,False,False,True,False
1.0,175,50,6.195191110040243,2612.9254587155965,33.33333333333333,3067,6.382521258497842,0,0,0,0,0,0,0,0.3902922829787633,5.170483995038151,False,False,False,True,False,False
2.0,1558,16,6.195191110040243,2612.9254587155965,72.6027397260274,3067,6.382521258497842,0,0,0,0,0,0,0,0.7805845659575266,7.351799869057777,False,False,False,True,False,False
10.0,211,35,6.662948251583755,24178.094281909634,50.0,3067,6.382521258497842,0,0,0,0,0,0,0,3.9029228297876326,5.356586274672012,False,False,False,True,False,False
1.0,34723,35,6.725728811374182,28405.660246962867,76.11336032388664,1572,6.528145312958054,0,0,0,0,0,0,0,0.38249375632476623,10.455186369511699,False,False,False,False,True,False
1.0,2181,42,6.195191110040243,2612.9254587155965,61.44578313253012,3067,6.382521258497842,0,0,0,0,0,0,0,0.3902922829787633,7.687997166393016,False,False,False,True,False,False
13.0,60465,26,6.884066576025969,38338.18634019221,80.97229482488238,3549,6.881313711751069,0,0,0,0,0,0,0,0.3777770878979938,11.00983650257596,False,False,False,False,False,True
3.0,3359,31,6.638243832197137,24791.843889668748,66.99029126213593,1572,6.528145312958054,0,0,0,0,0,0,0,1.1474812689742986,8.11969625295725,False,False,False,False,True,False
1.0,302,11,5.879225467208256,3053.415760869565,85.71428571428571,447,5.588299776286353,0,0,0,0,0,0,0,0.9078461025802542,5.713732805509369,False,True,False,False,False,False
52.0,2248,21,6.800166494369348,33094.709865182755,68.0,3549,6.881313711751069,0,0,0,0,0,0,0,1.5111083515919752,7.718240951959316,False,False,False,False,False,True
6.0,52672,33,6.830019888854456,37634.350338609285,74.39024390243902,1572,6.528145312958054,0,0,0,0,0,0,0,2.294962537948597,10.87185826927572,False,False,False,False,True,False
1.0,172,9,6.195191110040243,2612.9254587155965,0.0,3067,6.382521258497842,0,0,0,0,0,0,0,0.3902922829787633,5.153291594497779,False,False,False,True,False,False
26.0,235,23,6.772409865396259,19321.953347374583,0.0,3549,6.881313711751069,0,0,0,0,0,0,0,0.7555541757959876,5.4638318050256105,False,False,False,False,False,True
1.0,1466,28,6.802233338507634,31128.956170776903,0.0,2188,6.320059610463039,0,0,0,0,0,0,0,0.8886641126398388,7.2909747781429814,True,False,False,False,False,False
1.0,1646,11,5.879225467208256,3053.415760869565,66.15384615384615,447,5.588299776286353,0,0,0,0,0,0,0,0.9078461025802542,7.4067107301776405,False,True,False,False,False,False
1.0,3227,21,6.849355532922814,20561.25466977668,80.35714285714286,2188,6.320059610463039,0,0,0,0,0,0,0,0.8886641126398388,8.07961802938984,True,False,False,False,False,False
1.0,3077,41,6.8589635964895574,32105.482511141658,75.96153846153845,2188,6.320059610463039,0,0,0,0,0,0,0,0.8886641126398388,8.032035314398824,True,False,False,False,False,False
1.0,44,35,5.775788441476067,5728.942895299145,0.0,3067,6.382521258497842,0,0,0,0,0,0,0,0.3902922829787633,3.8066624897703196,False,False,False,True,False,False
15.0,12781,7,6.827960768553686,37299.413407016065,80.88578088578089,3549,6.881313711751069,0,0,0,0,0,0,0,0.43589663988230054,9.455793210210228,False,False,False,False,False,True
13.0,4014,15,6.826392539291025,31554.47111943897,83.64779874213836,3549,6.881313711751069,0,0,0,0,0,0,0,0.3777770878979938,8.297792626380861,False,False,False,False,False,True
1.0,1189,46,6.705092165314741,19457.71498760568,69.04761904761905,2188,6.320059610463039,0,0,0,0,0,0,0,0.8886641126398388,7.081708586105575,True,False,False,False,False,False
1.0,29,40,6.794607080130419,17996.367678958784,0.0,2188,6.320059610463039,0,0,0,0,0,0,0,0.8886641126398388,3.4011973816621555,True,False,False,False,False,False
1.0,211,20,6.5004185244497705,20155.465753424658,71.42857142857143,610,5.665348780241979,0,0,0,0,0,0,0,0.13788144168663172,5.356586274672012,False,False,True,False,False,False
1.0,4146,39,6.58558055977916,14312.419903361644,74.0506329113924,1572,6.528145312958054,0,0,0,0,0,0,0,0.38249375632476623,8.330140460246382,False,False,False,False,True,False
1.0,340,5,6.195191110040243,2612.9254587155965,75.0,3067,6.382521258497842,0,0,0,0,0,0,0,0.3902922829787633,5.831882477283517,False,False,False,True,False,False
1.0,3397,41,6.617686242730376,23329.521782306867,75.49019607843137,1572,6.528145312958054,0,0,0,0,0,0,0,0.38249375632476623,8.130942302231878,False,False,False,False,True,False
98.0,5652,42,6.786000370687271,20734.27494205464,75.44378698224851,3549,6.881313711751069,0,0,0,0,0,0,0,2.84785804723103,8.63994165667529,False,False,False,False,False,True
1.0,55,18,5.879225467208256,3053.415760869565,100.0,447,5.588299776286353,0,0,0,0,0,0,0,0.9078461025802542,4.02535169073515,False,True,False,False,False,False
2.0,2540,29,6.807743957566365,30316.77829121488,81.0126582278481,3067,6.382521258497842,0,0,0,0,0,0,0,0.7805845659575266,7.840312983320164,False,False,False,True,False,False
1.0,2553,44,6.894164257864038,33666.32975319148,71.42857142857143,2188,6.320059610463039,0,0,0,0,0,0,0,0.8886641126398388,7.845416036592485,True,False,False,False,False,False
24.0,13584,36,6.875968526993651,27077.87077561878,83.1306990881459,3549,6.881313711751069,0,0,0,0,0,0,0,0.6974346238116809,9.516721521860449,False,False,False,False,False,True
1.0,827,11,6.918705046679889,35788.37211020836,78.94736842105263,3067,6.382521258497842,0,0,0,0,0,0,0,0.3902922829787633,6.71901315438526,False,False,False,True,False,False
12.0,18680,14,6.686289081133667,22803.230051192193,74.8051948051948,3549,6.881313711751069,0,0,0,0,0,0,0,0.34871731190584043,9.835262243540562,False,False,False,False,False,True
12.37420167311325,4433,20,6.195191110040243,2612.9254587155965,0.0,3067,6.382521258497842,0,0,0,0,0,0,0,4.829555421039003,8.397057390176256,False,False,False,True,False,False
1.0,302,59,6.871767856739287,31954.64374931202,50.0,3067,6.382521258497842,0,0,0,0,0,0,0,0.3902922829787633,5.713732805509369,False,False,False,True,False,False
1.0,36558,49,6.872724838781157,34495.98883480793,74.35325602140945,2188,6.320059610463039,0,0,0,0,0,0,0,0.8886641126398388,10.506682672896412,True,False,False,False,False,False
9.0,4609,18,6.813140691774841,29197.218468516345,75.32467532467533,1572,6.528145312958054,0,0,0,0,0,0,0,3.442443806922896,8.435983135990694,False,False,False,False,True,False
2.0,1977,16,6.617079692115778,21151.05128205128,66.66666666666666,1572,6.528145312958054,0,0,0,0,0,0,0,0.7649875126495325,7.589841512182657,False,False,False,False,True,False
1.0,4184,8,6.838650313271204,28852.870746066677,73.40425531914893,3067,6.382521258497842,0,0,0,0,0,0,0,0.3902922829787633,8.339261982923576,False,False,False,True,False,False
2.0,1454,25,6.715661769645538,25410.923923540606,75.0,1572,6.528145312958054,0,0,0,0,0,0,0,0.7649875126495325,7.282761179605593,False,False,False,False,True,False
1.0,78,23,5.558589488847307,349.1694444444444,100.0,2188,6.320059610463039,0,0,0,0,0,0,0,0.8886641126398388,4.3694478524670215,True,False,False,False,False,False
26.0,204,25,6.626533453023366,14228.317337363127,40.0,3549,6.881313711751069,0,0,0,0,0,0,0,0.7555541757959876,5.3230099791384085,False,False,False,False,False,True
6.0,93,38,6.662948251583755,24178.094281909634,100.0,3067,6.382521258497842,0,0,0,0,0,0,0,2.3417536978725795,4.543294782270004,False,False,False,True,False,False
13.0,339,28,6.942829757135268,29816.95281988084,25.0,3549,6.881313711751069,0,0,0,0,0,0,0,0.3777770878979938,5.8289456176102075,False,False,False,False,False,True
66.0,146,26,6.5004185244497705,20155.465753424658,0.0,3549,6.881313711751069,0,0,0,0,0,0,0,1.9179452154821224,4.990432586778736,False,False,False,False,False,True
1.0,8524,6,6.633842341262067,20578.15355465787,78.50678733031674,447,5.588299776286353,0,0,0,0,0,0,0,0.9078461025802542,9.050758302151717,False,True,False,False,False,False
1.0,1402,11,6.90376052578994,32387.491016135544,86.95652173913044,3067,6.382521258497842,0,0,0,0,0,0,0,0.3902922829787633,7.246368080102461,False,False,False,True,False,False
25.0,17946,25,6.728879252982257,24172.086087666834,81.11753371868978,3549,6.881313711751069,0,0,0,0,0,0,0,0.7264943998038342,9.795178249029277,False,False,False,False,False,True
1.0,676,20,6.462533495106872,11716.078354978355,50.0,610,5.665348780241979,0,0,0,0,0,0,0,0.13788144168663172,6.517671272912275,False,False,True,False,False,False
1.0,165,14,5.459667665453769,7695.231857287449,100.0,447,5.588299776286353,0,0,0,0,0,0,0,0.9078461025802542,5.111987788356544,False,True,False,False,False,False
1.0,333186,19,6.90255515706933,31440.453424447114,84.2279365871926,2188,6.320059610463039,0,0,0,0,0,0,0,0.8886641126398388,12.716459172907454,True,False,False,False,False,False
1.0,214,51,6.4522290000007185,12079.976199185385,33.33333333333333,3067,6.382521258497842,0,0,0,0,0,0,0,0.3902922829787633,5.3706380281276624,False,False,False,True,False,False
4.0,33422,32,6.802670926078823,33917.97788887461,75.96439169139467,3067,6.382521258497842,0,0,0,0,0,0,0,1.5611691319150531,10.416999564727426,False,False,False,True,False,False
1.0,253,12,6.195191110040243,2612.9254587155965,40.0,3067,6.382521258497842,0,0,0,0,0,0,0,0.3902922829787633,5.537334267018537,False,False,False,True,False,False
11.0,101326,34,6.754818962416433,37513.979954289374,82.01767753733617,3549,6.881313711751069,0,0,0,0,0,0,0,0.31965753591368706,11.526108189767042,False,False,False,False,False,True
4.0,70,29,6.7445023943540185,17951.596629010895,0.0,610,5.665348780241979,0,0,0,0,0,0,0,0.5515257667465269,4.2626798770413155,False,False,True,False,False,False
1.0,149,20,6.3931134895916175,15738.366914749684,66.66666666666666,447,5.588299776286353,0,0,0,0,0,0,0,0.9078461025802542,5.0106352940962555,False,True,False,False,False,False
21.0,382,25,6.82178103165986,26135.07830537617,42.857142857142854,3549,6.881313711751069,0,0,0,0,0,0,0,0.6102552958352208,5.948034989180646,False,False,False,False,False,True
1.0,102093,44,6.824818828803789,32313.222718024674,78.0824581874757,2188,6.320059610463039,0,0,0,0,0,0,0,0.8886641126398388,11.533649236510204,True,False,False,False,False,False
6.0,113040,10,6.756787453464921,26686.592248912802,85.37680593518157,3067,6.382521258497842,0,0,0,0,0,0,0,2.3417536978725795,11.635505863745324,False,False,False,True,False,False
1.0,65,22,5.775788441476067,5728.942895299145,100.0,447,5.588299776286353,0,0,0,0,0,0,0,0.9078461025802542,4.189654742026425,False,True,False,False,False,False
1.0,817,12,6.779782172998328,33631.42093373494,60.0,610,5.665348780241979,0,0,0,0,0,0,0,0.13788144168663172,6.706862336602747,False,False,True,False,False,False
25.0,245026,26,6.8536771222611135,31464.02259427918,82.00472394449365,3549,6.881313711751069,0,0,0,0,0,0,0,0.7264943998038342,12.409123687536473,False,False,False,False,False,True
1.0,507,45,6.289007148338809,2755.141935483871,0.0,2188,6.320059610463039,0,0,0,0,0,0,0,0.8886641126398388,6.230481447578482,True,False,False,False,False,False
1.0,3571,28,6.66391737475365,18028.293509500556,66.42857142857143,1572,6.528145312958054,0,0,0,0,0,0,0,0.38249375632476623,8.18088094199639,False,False,False,False,True,False
25.0,3690,25,6.821946310481903,23998.8418364787,79.16666666666666,3549,6.881313711751069,0,0,0,0,0,0,0,0.7264943998038342,8.213652703029998,False,False,False,False,False,True
4.0,4719,14,6.195191110040243,2612.9254587155965,69.40298507462687,3067,6.382521258497842,0,0,0,0,0,0,0,1.5611691319150531,8.459564078579602,False,False,False,True,False,False
1.0,125,8,4.9263479368027125,4281.747368421053,0.0,2188,6.320059610463039,0,0,0,0,0,0,0,0.8886641126398388,4.836281906951478,True,False,False,False,False,False
1.0,410,20,6.810042529424079,23098.545244676698,0.0,2188,6.320059610463039,0,0,0,0,0,0,0,0.8886641126398388,6.018593214496234,True,False,False,False,False,False
12.37420167311325,321,22,6.807779199481157,23416.472635753056,0.0,3549,6.881313711751069,0,0,0,0,0,0,0,0.35959152870240046,5.7745515455444085,False,False,False,False,False,True
13.0,8717,17,6.876420153967979,35293.35551590224,86.66666666666667,3549,6.881313711751069,0,0,0,0,0,0,0,0.3777770878979938,9.073145132798338,False,False,False,False,False,True
50.0,54,15,6.324553311165933,8205.918010108646,0.0,3549,6.881313711751069,0,0,0,0,0,0,0,1.4529887996076685,4.007333185232471,False,False,False,False,False,True
13.0,2168,15,6.312502512749229,23470.241565725268,66.25,1572,6.528145312958054,0,0,0,0,0,0,0,4.972418832221961,7.682021510826875,False,False,False,False,True,False
1.0,107,42,6.743076983988833,23954.694487620873,50.0,3067,6.382521258497842,0,0,0,0,0,0,0,0.3902922829787633,4.68213122712422,False,False,False,True,False,False
1.0,1302,42,6.829036948424544,17643.015772252504,64.51612903225806,2188,6.320059610463039,0,0,0,0,0,0,0,0.8886641126398388,7.172424577124845,True,False,False,False,False,False
26.0,4584,31,6.722398837401743,33495.73977606594,87.02290076335878,3549,6.881313711751069,0,0,0,0,0,0,0,0.7555541757959876,8.430545384690566,False,False,False,False,False,True
1.0,138,21,4.9263479368027125,4281.747368421053,100.0,2188,6.320059610463039,0,0,0,0,0,0,0,0.8886641126398388,4.9344739331306915,True,False,False,False,False,False
12.0,46874,25,6.868906944743126,37966.21218148483,81.88585607940446,3549,6.881313711751069,0,0,0,0,0,0,0,0.34871731190584043,10.755239763272712,False,False,False,False,False,True
1.0,45,22,5.7918085106382975,2324.3617021276596,0.0,1572,6.528145312958054,0,0,0,0,0,0,0,0.38249375632476623,3.828641396489095,False,False,False,False,True,False
1.0,1724,28,6.600169481894902,25294.566126141643,76.66666666666667,2188,6.320059610463039,0,0,0,0,0,0,0,0.8886641126398388,7.45298232946546,True,False,False,False,False,False
6.0,72,23,6.295993024103089,2508.102734495634,0.0,3067,6.382521258497842,0,0,0,0,0,0,0,2.3417536978725795,4.290459441148391,False,False,False,True,False,False
1.0,61,28,5.558589488847307,349.1694444444444,0.0,3067,6.382521258497842,0,0,0,0,0,0,0,0.3902922829787633,4.127134385045092,False,False,False,True,False,False
1.0,3323,31,6.908285555266453,30186.884304751315,61.06194690265486,1572,6.528145312958054,0,0,0,0,0,0,0,0.38249375632476623,8.10892415597534,False,False,False,False,True,False
13.0,6337,20,6.996579608726442,37058.47786691957,75.9825327510917,3549,6.881313711751069,0,0,0,0,0,0,0,0.3777770878979938,8.754318540250866,False,False,False,False,False,True
12.0,47587,33,6.744524531479761,27589.223936695056,79.72350230414746,3549,6.881313711751069,0,0,0,0,0,0,0,0.34871731190584043,10.770335907596417,False,False,False,False,False,True
24.0,75,17,6.5004185244497705,20155.465753424658,0.0,3549,6.881313711751069,0,0,0,0,0,0,0,0.6974346238116809,4.330733340286331,False,False,False,False,False,True
3.0,10720,30,6.767541224610549,31441.719824303393,78.44827586206897,1572,6.528145312958054,0,0,0,0,0,0,0,1.1474812689742986,9.27995971385624,False,False,False,False,True,False
39.0,115,18,6.575058393343825,22330.104215672407,0.0,3549,6.881313711751069,0,0,0,0,0,0,0,1.1333312636939814,4.7535901911063645,False,False,False,False,False,True
1.0,82,13,5.879225467208256,3053.415760869565,100.0,447,5.588299776286353,0,0,0,0,0,0,0,0.9078461025802542,4.418840607796598,False,True,False,False,False,False
1.0,21212,39,6.925912530740846,39796.06022357637,77.44140625,1572,6.528145312958054,0,0,0,0,0,0,0,0.38249375632476623,9.96236948027235,False,False,False,False,True,False
1.0,5343,17,6.821250155249807,28050.296691362397,79.11392405063292,2188,6.320059610463039,0,0,0,0,0,0,0,0.8886641126398388,8.583729715216482,True,False,False,False,False,False
3.0,3006,21,6.195191110040243,2612.9254587155965,67.53246753246754,3067,6.382521258497842,0,0,0,0,0,0,0,1.1708768489362897,8.008698182988528,False,False,False,True,False,False
12.0,95168,9,6.893035894557727,36901.53888018557,79.94526974198592,3549,6.881313711751069,0,0,0,0,0,0,0,0.34871731190584043,11.463409537498313,False,False,False,False,False,True
1.0,779,5,6.671140218499566,17379.625889812763,88.0,610,5.665348780241979,0,0,0,0,0,0,0,0.13788144168663172,6.659293919683638,False,False,True,False,False,False
2.0,323,21,6.195191110040243,2612.9254587155965,42.857142857142854,3067,6.382521258497842,0,0,0,0,0,0,0,0.7805845659575266,5.780743515792329,False,False,False,True,False,False
1.0,15377,55,6.75984267527447,22084.03544118017,71.95121951219512,2188,6.320059610463039,0,0,0,0,0,0,0,0.8886641126398388,9.640693195592126,True,False,False,False,False,False
13.0,36058,21,6.873599835391157,32697.498284026115,82.1319018404908,3549,6.881313711751069,0,0,0,0,0,0,0,0.3777770878979938,10.492911764814268,False,False,False,False,False,True
1.0,1441,24,6.794607080130419,17996.367678958784,78.46153846153847,2188,6.320059610463039,0,0,0,0,0,0,0,0.8886641126398388,7.273786317844895,True,False,False,False,False,False
12.0,117910,16,6.904255601987694,31982.71380111504,79.4350485786254,3549,6.881313711751069,0,0,0,0,0,0,0,0.34871731190584043,11.67768538157962,False,False,False,False,False,True
12.37420167311325,4481,14,6.22747829422649,6094.346320346321,0.0,3067,6.382521258497842,0,0,0,0,0,0,0,4.829555421039003,8.407824654360873,False,False,False,True,False,False
7.0,6172,15,6.195191110040243,2612.9254587155965,67.20430107526882,3067,6.382521258497842,0,0,0,0,0,0,0,2.732045980851343,8.727940222393896,False,False,False,True,False,False
12.0,4669,55,6.241442385702294,9837.82456140351,77.67857142857143,3549,6.881313711751069,0,0,0,0,0,0,0,0.34871731190584043,8.448914350662942,False,False,False,False,False,True
1.0,282,15,6.192033733782523,14274.946127419527,66.66666666666666,3067,6.382521258497842,0,0,0,0,0,0,0,0.3902922829787633,5.645446897643238,False,False,False,True,False,False
8.0,3051,30,6.510263751421897,20545.19121004566,57.14285714285714,1572,6.528145312958054,0,0,0,0,0,0,0,3.05995005059813,8.023552392404348,False,False,False,False,True,False
25.0,3516,11,6.662948251583755,24178.094281909634,80.76923076923077,610,5.665348780241979,0,0,0,0,0,0,0,3.447036042165793,8.165363632473982,False,False,True,False,False,False
2.0,87,16,6.5004185244497705,20155.465753424658,0.0,1572,6.528145312958054,0,0,0,0,0,0,0,0.7649875126495325,4.477336814478207,False,False,False,False,True,False
26.0,3985,16,6.941592548052673,31015.39213210659,82.14285714285714,3549,6.881313711751069,0,0,0,0,0,0,0,0.7555541757959876,8.29054350077274,False,False,False,False,False,True
1.0,35,63,6.624551706647431,16561.884412793006,0.0,3067,6.382521258497842,0,0,0,0,0,0,0,0.3902922829787633,3.58351893845611,False,False,False,True,False,False
1.0,92,15,5.879225467208256,3053.415760869565,100.0,447,5.588299776286353,0,0,0,0,0,0,0,0.9078461025802542,4.532599493153256,False,True,False,False,False,False
13.0,61,18,6.777925656471416,31529.821479823888,0.0,610,5.665348780241979,0,0,0,0,0,0,0,1.7924587419262124,4.127134385045092,False,False,True,False,False,False
1.0,334,19,6.65022514614833,21447.073413370825,66.66666666666666,2188,6.320059610463039,0,0,0,0,0,0,0,0.8886641126398388,5.814130531825066,True,False,False,False,False,False
1.0,462,21,5.879225467208256,3053.415760869565,71.42857142857143,447,5.588299776286353,0,0,0,0,0,0,0,0.9078461025802542,6.137727054086234,False,True,False,False,False,False
6.0,57166,23,6.850095302129325,39465.798446758905,79.98460354118552,3067,6.382521258497842,0,0,0,0,0,0,0,2.3417536978725795,10.953732087806813,False,False,False,True,False,False
1.0,1104,8,6.106210567052468,33784.67164179104,75.0,610,5.665348780241979,0,0,0,0,0,0,0,0.13788144168663172,7.007600613951853,False,False,True,False,False,False
2.0,1364,3,6.195191110040243,2612.9254587155965,57.49999999999999,3067,6.382521258497842,0,0,0,0,0,0,0,0.7805845659575266,7.21890970761906,False,False,False,True,False,False
1.0,14622,51,6.576598130934997,20879.136453248833,72.83737024221453,3067,6.382521258497842,0,0,0,0,0,0,0,0.3902922829787633,9.590350910611878,False,False,False,True,False,False
2.0,825,11,6.195191110040243,2612.9254587155965,71.42857142857143,3067,6.382521258497842,0,0,0,0,0,0,0,0.7805845659575266,6.716594773520978,False,False,False,True,False,False
12.0,9605,22,6.77042944595717,30997.56261736595,79.73568281938326,3549,6.881313711751069,0,0,0,0,0,0,0,0.34871731190584043,9.17014318222477,False,False,False,False,False,True
24.0,256325,17,6.818879505190731,26382.275987999827,83.89117427075541,3549,6.881313711751069,0,0,0,0,0,0,0,0.6974346238116809,12.454205350827863,False,False,False,False,False,True
2.0,3932,38,6.195191110040243,2612.9254587155965,60.56338028169014,3067,6.382521258497842,0,0,0,0,0,0,0,0.7805845659575266,8.27715777243181,False,False,False,True,False,False
12.37420167311325,11030,22,6.707475151734849,30596.625207719677,0.0,3549,6.881313711751069,0,0,0,0,0,0,0,0.35959152870240046,9.308464769969381,False,False,False,False,False,True
1.0,408,47,6.7108808707015255,21486.789917862803,63.63636363636363,3067,6.382521258497842,0,0,0,0,0,0,0,0.3902922829787633,6.013715156042802,False,False,False,True,False,False
24.0,425457,26,6.865310731679631,40829.06097148071,85.8642147301941,3549,6.881313711751069,0,0,0,0,0,0,0,0.6974346238116809,12.960921514720614,False,False,False,False,False,True
1.0,42,12,6.6042056082334115,25763.00781402872,0.0,3067,6.382521258497842,0,0,0,0,0,0,0,0.3902922829787633,3.7612001156935624,False,False,False,True,False,False
52.0,1594,24,6.58558055977916,14312.419903361644,67.10526315789474,3549,6.881313711751069,0,0,0,0,0,0,0,1.5111083515919752,7.374629015218945,False,False,False,False,False,True
1.0,66,25,6.5004185244497705,20155.465753424658,0.0,2188,6.320059610463039,0,0,0,0,0,0,0,0.8886641126398388,4.204692619390966,True,False,False,False,False,False
2.0,2220,34,6.195191110040243,2612.9254587155965,73.95833333333334,1572,6.528145312958054,0,0,0,0,0,0,0,0.7649875126495325,7.7057128238944275,False,False,False,False,True,False
4.0,58,15,5.558589488847307,349.1694444444444,0.0,3067,6.382521258497842,0,0,0,0,0,0,0,1.5611691319150531,4.07753744390572,False,False,False,True,False,False
4.0,464,51,6.796305456123642,24687.57335783102,55.55555555555556,3067,6.382521258497842,0,0,0,0,0,0,0,1.5611691319150531,6.142037405587356,False,False,False,True,False,False
1.0,138,15,6.22747829422649,6094.346320346321,100.0,2188,6.320059610463039,0,0,0,0,0,0,0,0.8886641126398388,4.9344739331306915,True,False,False,False,False,False
26.0,104607,12,6.916696326823704,37646.88510668306,81.51774785801713,3549,6.881313711751069,0,0,0,0,0,0,0,0.7555541757959876,11.557975309523938,False,False,False,False,False,True
1.0,2202,13,6.4461173097348805,21227.07345458952,59.210526315789465,3067,6.382521258497842,0,0,0,0,0,0,0,0.3902922829787633,7.697575346802343,False,False,False,True,False,False
1.0,209,42,5.7918085106382975,2324.3617021276596,50.0,3067,6.382521258497842,0,0,0,0,0,0,0,0.3902922829787633,5.3471075307174685,False,False,False,True,False,False
37.0,273,37,6.810523973703345,26905.323669861253,50.0,3549,6.881313711751069,0,0,0,0,0,0,0,1.0752117117096747,5.6131281063880705,False,False,False,False,False,True
1.0,8505,23,6.829036948424544,17643.015772252504,86.23188405797102,2188,6.320059610463039,0,0,0,0,0,0,0,0.8886641126398388,9.04852707581358,True,False,False,False,False,False
12.0,36343,28,6.89685613347767,45960.667908417556,77.45535714285714,3549,6.881313711751069,0,0,0,0,0,0,0,0.34871731190584043,10.50078440743924,False,False,False,False,False,True
3.0,799,18,6.195560357097322,14623.676185636856,48.0,3067,6.382521258497842,0,0,0,0,0,0,0,1.1708768489362897,6.684611727667927,False,False,False,True,False,False
12.0,3784,21,6.744524531479761,27589.223936695056,71.1864406779661,3549,6.881313711751069,0,0,0,0,0,0,0,0.34871731190584043,8.23880116587155,False,False,False,False,False,True
51.0,2388,42,6.780279228568084,22752.96506296385,71.42857142857143,3549,6.881313711751069,0,0,0,0,0,0,0,1.4820485755998218,7.77863014732581,False,False,False,False,False,True
26.0,63193,15,6.849950437165936,32484.49940350001,81.53013910355486,3549,6.881313711751069,0,0,0,0,0,0,0,0.7555541757959876,11.053964638919313,False,False,False,False,False,True
1.0,4087,14,6.48976219033308,13161.231651645769,79.18781725888326,1572,6.528145312958054,0,0,0,0,0,0,0,0.38249375632476623,8.31581113188354,False,False,False,False,True,False
1.0,2855,13,6.22747829422649,6094.346320346321,77.94117647058823,610,5.665348780241979,0,0,0,0,0,0,0,0.13788144168663172,7.957177323459475,False,False,True,False,False,False
2.0,183,4,6.811522504055452,26330.1366378222,100.0,3067,6.382521258497842,0,0,0,0,0,0,0,0.7805845659575266,5.214935757608986,False,False,False,True,False,False
1.0,267,34,6.195191110040243,2612.9254587155965,60.0,3067,6.382521258497842,0,0,0,0,0,0,0,0.3902922829787633,5.5909869805108565,False,False,False,True,False,False
26.0,10058,15,6.859124511608936,26070.100222524383,82.42811501597444,3549,6.881313711751069,0,0,0,0,0,0,0,0.7555541757959876,9.216223035134337,False,False,False,False,False,True
4.0,67962,41,6.916353681129999,28484.14631811251,76.53992395437263,1572,6.528145312958054,0,0,0,0,0,0,0,1.529975025299065,11.126718718425458,False,False,False,False,True,False
2.0,1419,7,6.195191110040243,2612.9254587155965,63.63636363636363,3067,6.382521258497842,0,0,0,0,0,0,0,0.7805845659575266,7.258412150595307,False,False,False,True,False,False
1.0,1200,23,6.58558055977916,14312.419903361644,64.81481481481481,2188,6.320059610463039,0,0,0,0,0,0,0,0.8886641126398388,7.0909098220799835,True,False,False,False,False,False
1.0,6812,27,6.5004185244497705,20155.465753424658,65.89595375722543,1572,6.528145312958054,0,0,0,0,0,0,0,0.38249375632476623,8.826587830773668,False,False,False,False,True,False
1.0,32,17,5.60043986026233,568.2241379310345,0.0,2188,6.320059610463039,0,0,0,0,0,0,0,0.8886641126398388,3.4965075614664802,True,False,False,False,False,False
1.0,102,16,6.548792989998894,10128.71560623309,0.0,3067,6.382521258497842,0,0,0,0,0,0,0,0.3902922829787633,4.634728988229636,False,False,False,True,False,False
2.0,2918,8,6.195191110040243,2612.9254587155965,62.35294117647059,3067,6.382521258497842,0,0,0,0,0,0,0,0.7805845659575266,7.978996370854115,False,False,False,True,False,False
1.0,199,12,5.879225467208256,3053.415760869565,60.0,447,5.588299776286353,0,0,0,0,0,0,0,0.9078461025802542,5.298317366548036,False,True,False,False,False,False
1.0,49,38,5.558589488847307,349.1694444444444,0.0,3067,6.382521258497842,0,0,0,0,0,0,0,0.3902922829787633,3.912023005428146,False,False,False,True,False,False
1.0,310,33,6.62219037942343,18377.79803384351,50.0,1572,6.528145312958054,0,0,0,0,0,0,0,0.38249375632476623,5.739792912179234,False,False,False,False,True,False
52.0,642,7,6.556985758710217,12854.445351289454,75.0,3549,6.881313711751069,0,0,0,0,0,0,0,1.5111083515919752,6.466144724237619,False,False,False,False,False,True
1.0,74,11,6.566559542162177,15075.654689846917,0.0,1572,6.528145312958054,0,0,0,0,0,0,0,0.38249375632476623,4.31748811353631,False,False,False,False,True,False
1.0,721,30,6.195191110040243,2612.9254587155965,75.0,3067,6.382521258497842,0,0,0,0,0,0,0,0.3902922829787633,6.582025138892826,False,False,False,True,False,False
1.0,15430,34,6.928082740748006,36914.650980454,79.00874635568513,1572,6.528145312958054,0,0,0,0,0,0,0,0.38249375632476623,9.644133752071205,False,False,False,False,True,False
26.0,227,41,6.22747829422649,6094.346320346321,50.0,3549,6.881313711751069,0,0,0,0,0,0,0,0.7555541757959876,5.429345628954441,False,False,False,False,False,True
1.0,17967,39,6.9143932158748465,41594.67179846471,78.94156560088203,3067,6.382521258497842,0,0,0,0,0,0,0,0.3902922829787633,9.796347676978224,False,False,False,True,False,False
39.0,11907,17,6.7728198451635695,10867.081901989324,81.31147540983606,3549,6.881313711751069,0,0,0,0,0,0,0,1.1333312636939814,9.384965722135666,False,False,False,False,False,True
1.0,8350,21,7.010092498128803,50180.96919203239,0.0,3067,6.382521258497842,0,0,0,0,0,0,0,0.3902922829787633,9.03013657115323,False,False,False,True,False,False
2.0,2427,12,6.788123767941879,28364.661565977225,84.81012658227847,3067,6.382521258497842,0,0,0,0,0,0,0,0.7805845659575266,7.794823152179389,False,False,False,True,False,False
1.0,30378,56,6.876825967643439,35128.756901853696,69.92777413000657,2188,6.320059610463039,0,0,0,0,0,0,0,0.8886641126398388,10.321506859215644,True,False,False,False,False,False
1.0,28339,23,6.769184142033499,28197.582085375656,81.04575163398692,3067,6.382521258497842,0,0,0,0,0,0,0,0.3902922829787633,10.252029513244672,False,False,False,True,False,False
5.0,7095,16,6.195191110040243,2612.9254587155965,71.6931216931217,3067,6.382521258497842,0,0,0,0,0,0,0,1.9514614148938163,8.867286523989415,False,False,False,True,False,False
22.0,5082,28,6.886454338193009,38450.30477648949,82.80254777070064,3549,6.881313711751069,0,0,0,0,0,0,0,0.6393150718273741,8.533656917446903,False,False,False,False,False,True
1471.0,406,34,6.545472555472579,11692.00509294627,71.42857142857143,3549,6.881313711751069,0,0,0,0,0,0,0,42.74693048445761,6.008813185442595,False,False,False,False,False,True
3.0,7573,9,6.8066025351311765,33157.667648104965,79.62382445141067,3067,6.382521258497842,0,0,0,0,0,0,0,1.1708768489362897,8.93247660846174,False,False,False,True,False,False
1.0,72,50,6.5004185244497705,20155.465753424658,0.0,2188,6.320059610463039,0,0,0,0,0,0,0,0.8886641126398388,4.290459441148391,True,False,False,False,False,False
1.0,183,22,6.7909057628327325,22554.778989350747,60.0,2188,6.320059610463039,0,0,0,0,0,0,0,0.8886641126398388,5.214935757608986,True,False,False,False,False,False
12.0,5808,24,6.808585860485242,22422.602819227166,75.84745762711864,3549,6.881313711751069,0,0,0,0,0,0,0,0.34871731190584043,8.667163717992533,False,False,False,False,False,True
51.0,413,26,6.634437296202022,22816.827754624304,73.68421052631578,3549,6.881313711751069,0,0,0,0,0,0,0,1.4820485755998218,6.025865973825314,False,False,False,False,False,True
3.0,1990,24,6.843501468948183,23700.668086072834,75.38461538461539,1572,6.528145312958054,0,0,0,0,0,0,0,1.1474812689742986,7.596392304064196,False,False,False,False,True,False
12.0,102857,8,6.857325393700843,30104.803095230767,0.0,3549,6.881313711751069,0,0,0,0,0,0,0,0.34871731190584043,11.541104675235536,False,False,False,False,False,True
12.0,76,28,6.22747829422649,6094.346320346321,0.0,3067,6.382521258497842,0,0,0,0,0,0,0,4.683507395745159,4.343805421853684,False,False,False,True,False,False
25.0,893100,16,6.831945692708443,36584.260312827224,86.00352112676056,3549,6.881313711751069,0,0,0,0,0,0,0,0.7264943998038342,13.702454955366793,False,False,False,False,False,True
1.0,200630,14,6.948366905656778,41404.11177412902,89.62450592885376,2188,6.320059610463039,0,0,0,0,0,0,0,0.8886641126398388,12.209222678961282,True,False,False,False,False,False
2.0,2867,21,6.195191110040243,2612.9254587155965,66.0,3067,6.382521258497842,0,0,0,0,0,0,0,0.7805845659575266,7.961370201719511,False,False,False,True,False,False
1.0,185,71,6.5264781364721145,17147.534565370464,66.66666666666666,2188,6.320059610463039,0,0,0,0,0,0,0,0.8886641126398388,5.225746673713202,True,False,False,False,False,False
1.0,47,15,6.548792989998894,10128.71560623309,0.0,3067,6.382521258497842,0,0,0,0,0,0,0,0.3902922829787633,3.871201010907891,False,False,False,True,False,False
1.0,4953,23,6.604842707205482,20851.246346539916,77.29468599033817,3067,6.382521258497842,0,0,0,0,0,0,0,0.3902922829787633,8.507950610049305,False,False,False,True,False,False
3.0,7118,39,6.770471086027172,23233.273404106516,71.98581560283688,1572,6.528145312958054,0,0,0,0,0,0,0,1.1474812689742986,8.870522545103873,False,False,False,False,True,False
1.0,127,35,6.662948251583755,24178.094281909634,50.0,3067,6.382521258497842,0,0,0,0,0,0,0,0.3902922829787633,4.852030263919617,False,False,False,True,False,False
1.0,251,15,6.5004185244497705,20155.465753424658,60.0,610,5.665348780241979,0,0,0,0,0,0,0,0.13788144168663172,5.529429087511423,False,False,True,False,False,False
1.0,48,19,6.567092475492856,16085.7971255769,0.0,3067,6.382521258497842,0,0,0,0,0,0,0,0.3902922829787633,3.8918202981106265,False,False,False,True,False,False
243.0,5330,21,6.773653912600934,25676.875947940684,77.27272727272727,3549,6.881313711751069,0,0,0,0,0,0,0,7.061525566093269,8.581294116822761,False,False,False,False,False,True
12.0,48549,16,6.932395497086653,40919.38203632556,79.59183673469387,3549,6.881313711751069,0,0,0,0,0,0,0,0.34871731190584043,10.790349473719472,False,False,False,False,False,True
2.0,4296,14,6.961663025178041,35969.212050816786,78.13953488372093,3067,6.382521258497842,0,0,0,0,0,0,0,0.7805845659575266,8.365672383774996,False,False,False,True,False,False
13.0,7170,18,6.48976219033308,13161.231651645769,78.02197802197803,610,5.665348780241979,0,0,0,0,0,0,0,1.7924587419262124,8.877800393882575,False,False,True,False,False,False
12.37420167311325,9867,30,6.22747829422649,6094.346320346321,0.0,3549,6.881313711751069,0,0,0,0,0,0,0,0.35959152870240046,9.197052477649247,False,False,False,False,False,True
1.0,2322,34,6.8584341309199734,26498.15737990726,60.0,3067,6.382521258497842,0,0,0,0,0,0,0,0.3902922829787633,7.750614732770409,False,False,False,True,False,False
5.0,378,49,6.843501468948183,23700.668086072834,50.0,610,5.665348780241979,0,0,0,0,0,0,0,0.6894072084331586,5.937536205082426,False,False,True,False,False,False
2.0,1973,24,6.195191110040243,2612.9254587155965,71.7948717948718,3067,6.382521258497842,0,0,0,0,0,0,0,0.7805845659575266,7.587817219993427,False,False,False,True,False,False
3.0,166,37,5.7918085106382975,2324.3617021276596,50.0,1572,6.528145312958054,0,0,0,0,0,0,0,1.1474812689742986,5.117993812416755,False,False,False,False,True,False
39.0,1220,19,6.90183592070378,30446.521690952588,65.21739130434783,3549,6.881313711751069,0,0,0,0,0,0,0,1.1333312636939814,7.107425474110705,False,False,False,False,False,True
12.37420167311325,107,20,6.66391737475365,18028.293509500556,0.0,3549,6.881313711751069,0,0,0,0,0,0,0,0.35959152870240046,4.68213122712422,False,False,False,False,False,True
1.0,2247,12,6.869352523048465,30787.605700536522,0.0,1572,6.528145312958054,0,0,0,0,0,0,0,0.38249375632476623,7.717796211013582,False,False,False,False,True,False
2.0,5372,11,6.8536771222611135,31464.02259427918,75.25773195876289,3067,6.382521258497842,0,0,0,0,0,0,0,0.7805845659575266,8.589141690728821,False,False,False,True,False,False
1.0,81,22,6.58558055977916,14312.419903361644,0.0,2188,6.320059610463039,0,0,0,0,0,0,0,0.8886641126398388,4.406719247264253,True,False,False,False,False,False
1.0,45,13,6.7921340428944,31872.547252092783,100.0,2188,6.320059610463039,0,0,0,0,0,0,0,0.8886641126398388,3.828641396489095,True,False,False,False,False,False
12.0,19708,14,6.847385010032312,23731.80439938205,80.0557880055788,3549,6.881313711751069,0,0,0,0,0,0,0,0.34871731190584043,9.888830663192495,False,False,False,False,False,True
2.0,156,17,6.779782172998328,33631.42093373494,33.33333333333333,3067,6.382521258497842,0,0,0,0,0,0,0,0.7805845659575266,5.056245805348308,False,False,False,True,False,False
1.0,286,15,5.558589488847307,349.1694444444444,0.0,2188,6.320059610463039,0,0,0,0,0,0,0,0.8886641126398388,5.659482215759621,True,False,False,False,False,False
20.0,73,9,5.558589488847307,349.1694444444444,0.0,3549,6.881313711751069,0,0,0,0,0,0,0,0.5811955198430674,4.30406509320417,False,False,False,False,False,True
1.0,8405,5,6.968193155372553,40339.59722621516,72.04968944099379,3067,6.382521258497842,0,0,0,0,0,0,0,0.3902922829787633,9.036701015565063,False,False,False,True,False,False
1.0,855,43,6.885395254408697,28531.805853399554,85.71428571428571,1572,6.528145312958054,0,0,0,0,0,0,0,0.38249375632476623,6.752270376141742,False,False,False,False,True,False
11.0,70822,27,6.743327140348654,29129.45385265709,85.10258697591436,3549,6.881313711751069,0,0,0,0,0,0,0,0.31965753591368706,11.167939085683692,False,False,False,False,False,True
39.0,411,28,6.7386854344927904,25484.615661672666,91.66666666666666,3549,6.881313711751069,0,0,0,0,0,0,0,1.1333312636939814,6.021023349349527,False,False,False,False,False,True
1.0,42,26,6.726881389735055,20338.098088288767,100.0,1572,6.528145312958054,0,0,0,0,0,0,0,0.38249375632476623,3.7612001156935624,False,False,False,False,True,False
4.0,9102,24,6.9084008859802815,37802.51354593162,79.06976744186046,610,5.665348780241979,0,0,0,0,0,0,0,0.5515257667465269,9.116359308505288,False,False,True,False,False,False
6.0,6337,38,6.5970797128209036,29895.67701079054,66.82027649769586,1572,6.528145312958054,0,0,0,0,0,0,0,2.294962537948597,8.754318540250866,False,False,False,False,True,False
26.0,139,5,6.5004185244497705,20155.465753424658,0.0,3549,6.881313711751069,0,0,0,0,0,0,0,0.7555541757959876,4.941642422609304,False,False,False,False,False,True
26.0,1065,11,6.726881389735055,20338.098088288767,66.66666666666666,3549,6.881313711751069,0,0,0,0,0,0,0,0.7555541757959876,6.97166860472579,False,False,False,False,False,True
3.0,7376,18,6.844614966234576,28383.127744251182,73.64341085271317,3067,6.382521258497842,0,0,0,0,0,0,0,1.1708768489362897,8.906122330884303,False,False,False,True,False,False
26.0,670,32,6.744524531479761,27589.223936695056,50.0,3549,6.881313711751069,0,0,0,0,0,0,0,0.7555541757959876,6.508769136971682,False,False,False,False,False,True
2.0,443,27,6.7216736474977665,27617.606688226693,57.14285714285714,3067,6.382521258497842,0,0,0,0,0,0,0,0.7805845659575266,6.095824562432225,False,False,False,True,False,False
1.0,283,24,6.195191110040243,2612.9254587155965,80.0,3067,6.382521258497842,0,0,0,0,0,0,0,0.3902922829787633,5.648974238161206,False,False,False,True,False,False
51.0,16484,16,6.6520969072477385,19267.65467659476,78.67494824016563,3549,6.881313711751069,0,0,0,0,0,0,0,1.4820485755998218,9.710206155505832,False,False,False,False,False,True
1.0,57,13,5.879225467208256,3053.415760869565,0.0,447,5.588299776286353,0,0,0,0,0,0,0,0.9078461025802542,4.060443010546419,False,True,False,False,False,False
12.37420167311325,4139,15,6.886454338193009,38450.30477648949,0.0,3549,6.881313711751069,0,0,0,0,0,0,0,0.35959152870240046,8.32845106681936,False,False,False,False,False,True
26.0,178553,13,6.8873779809596005,36426.83482602904,83.64704110826683,3549,6.881313711751069,0,0,0,0,0,0,0,0.7555541757959876,12.09264635545998,False,False,False,False,False,True
22.0,293,37,5.7918085106382975,2324.3617021276596,66.66666666666666,3549,6.881313711751069,0,0,0,0,0,0,0,0.6393150718273741,5.683579767338681,False,False,False,False,False,True
1.0,2062,58,6.728879252982257,24172.086087666834,71.60493827160494,610,5.665348780241979,0,0,0,0,0,0,0,0.13788144168663172,7.631916513071252,False,False,True,False,False,False
10.0,582,14,6.510263751421897,20545.19121004566,66.66666666666666,3067,6.382521258497842,0,0,0,0,0,0,0,3.9029228297876326,6.368187186350492,False,False,False,True,False,False
1.0,127,26,6.779782172998328,33631.42093373494,0.0,2188,6.320059610463039,0,0,0,0,0,0,0,0.8886641126398388,4.852030263919617,True,False,False,False,False,False
24.0,12169,20,6.797549575220548,32071.46045528033,78.90995260663507,3549,6.881313711751069,0,0,0,0,0,0,0,0.6974346238116809,9.406729185981574,False,False,False,False,False,True
42.0,1805,39,6.917343385015634,30721.894178783914,71.875,3549,6.881313711751069,0,0,0,0,0,0,0,1.2205105916704415,7.498869733976931,False,False,False,False,False,True
1.0,130,11,4.9263479368027125,4281.747368421053,100.0,2188,6.320059610463039,0,0,0,0,0,0,0,0.8886641126398388,4.875197323201151,True,False,False,False,False,False
26.0,748,21,6.8949014445340095,22281.547061369845,78.57142857142857,3549,6.881313711751069,0,0,0,0,0,0,0,0.7555541757959876,6.618738983517219,False,False,False,False,False,True
73.0,310,14,6.728879252982257,24172.086087666834,50.0,3549,6.881313711751069,0,0,0,0,0,0,0,2.121363647427196,5.739792912179234,False,False,False,False,False,True
2.0,139013,21,6.916164140930671,40912.20008147431,79.27590511860176,1572,6.528145312958054,0,0,0,0,0,0,0,0.7649875126495325,11.842329926465428,False,False,False,False,True,False
1.0,49553,17,6.929999946205236,27731.551475591194,80.82901554404145,2188,6.320059610463039,0,0,0,0,0,0,0,0.8886641126398388,10.810818263038772,True,False,False,False,False,False
4.0,5067,62,6.5004185244497705,20155.465753424658,67.0391061452514,1572,6.528145312958054,0,0,0,0,0,0,0,1.529975025299065,8.53070154144103,False,False,False,False,True,False
26.0,2258,30,6.714263331890276,19394.328975757653,71.03448275862068,3549,6.881313711751069,0,0,0,0,0,0,0,0.7555541757959876,7.7226775164680035,False,False,False,False,False,True
13.0,133,11,6.662948251583755,24178.094281909634,0.0,3549,6.881313711751069,0,0,0,0,0,0,0,0.3777770878979938,4.897839799950911,False,False,False,False,False,True
14.0,14310,38,6.7842301997157435,23284.036834831608,78.39506172839506,1572,6.528145312958054,0,0,0,0,0,0,0,5.354912588546727,9.568783751310876,False,False,False,False,True,False
3.0,1220,29,6.195191110040243,2612.9254587155965,52.0,3067,6.382521258497842,0,0,0,0,0,0,0,1.1708768489362897,7.107425474110705,False,False,False,True,False,False
1.0,1906,39,6.794607080130419,17996.367678958784,71.23287671232876,1572,6.528145312958054,0,0,0,0,0,0,0,0.38249375632476623,7.553286605600419,False,False,False,False,True,False
1.0,8731,13,5.879225467208256,3053.415760869565,71.49758454106279,447,5.588299776286353,0,0,0,0,0,0,0,0.9078461025802542,9.074749717669835,False,True,False,False,False,False
9.0,22823,32,6.9163355475353585,38262.47235340299,71.76470588235294,1572,6.528145312958054,0,0,0,0,0,0,0,3.442443806922896,10.035567892893337,False,False,False,False,True,False
1.0,575,68,6.756379223895332,24835.59366045604,83.33333333333334,2188,6.320059610463039,0,0,0,0,0,0,0,0.8886641126398388,6.3561076606958915,True,False,False,False,False,False
24.0,64697,10,6.796871963337037,34852.178836584586,82.59574468085107,3549,6.881313711751069,0,0,0,0,0,0,0,0.6974346238116809,11.077485568110127,False,False,False,False,False,True
8.0,934,27,6.726162369696763,43459.17777344238,74.19354838709677,3549,6.881313711751069,0,0,0,0,0,0,0,0.23247820793722695,6.840546529288687,False,False,False,False,False,True
3.0,1312,12,6.195191110040243,2612.9254587155965,56.09756097560976,3067,6.382521258497842,0,0,0,0,0,0,0,1.1708768489362897,7.180069874302796,False,False,False,True,False,False
2.0,4412,13,6.735691132363756,35523.32279163113,75.72254335260115,3067,6.382521258497842,0,0,0,0,0,0,0,0.7805845659575266,8.392310009269547,False,False,False,True,False,False
1.0,129,10,4.9263479368027125,4281.747368421053,100.0,2188,6.320059610463039,0,0,0,0,0,0,0,0.8886641126398388,4.867534450455582,True,False,False,False,False,False
130.0,677,11,6.609341826856482,8679.914522175011,73.33333333333333,3549,6.881313711751069,0,0,0,0,0,0,0,3.777770878979938,6.519147287940395,False,False,False,False,False,True
90.0,80,15,6.542958467678293,16872.417365775556,0.0,3549,6.881313711751069,0,0,0,0,0,0,0,2.6153798392938032,4.394449154672439,False,False,False,False,False,True
13.0,11779,24,6.80517077564317,24629.92882132775,82.59803921568627,3549,6.881313711751069,0,0,0,0,0,0,0,0.3777770878979938,9.374158457205578,False,False,False,False,False,True
25.0,133620,19,6.929082157633005,34511.34289073097,85.11278195488721,3549,6.881313711751069,0,0,0,0,0,0,0,0.7264943998038342,11.802762713361059,False,False,False,False,False,True
1.0,1804,48,6.756666247949616,33467.04005336848,67.67676767676768,2188,6.320059610463039,0,0,0,0,0,0,0,0.8886641126398388,7.498315870766981,True,False,False,False,False,False
7.0,4588,13,6.662948251583755,24178.094281909634,79.23076923076923,610,5.665348780241979,0,0,0,0,0,0,0,0.965170091806422,8.431417414394833,False,False,True,False,False,False
42.0,14869,29,6.8462550832714255,30498.13988236313,79.6934865900383,3549,6.881313711751069,0,0,0,0,0,0,0,1.2205105916704415,9.6071010394542,False,False,False,False,False,True
12.37420167311325,53,7,6.754818962416433,37513.979954289374,0.0,610,5.665348780241979,0,0,0,0,0,0,0,1.706172766409985,3.9889840465642745,False,False,True,False,False,False
52.0,2102,15,6.924404576262872,28405.813884355463,72.6027397260274,3549,6.881313711751069,0,0,0,0,0,0,0,1.5111083515919752,7.6511201757027,False,False,False,False,False,True
1.0,30684,32,6.910701171443393,33418.08430654535,80.43478260869566,2188,6.320059610463039,0,0,0,0,0,0,0,0.8886641126398388,10.331529214823197,True,False,False,False,False,False
1.0,1405,20,6.741621400639805,25291.837019617848,79.54545454545455,2188,6.320059610463039,0,0,0,0,0,0,0,0.8886641126398388,7.2485040723706105,True,False,False,False,False,False
5.0,1070,28,6.851297034979002,21737.86723327578,37.5,3067,6.382521258497842,0,0,0,0,0,0,0,1.9514614148938163,6.976348070447749,False,False,False,True,False,False
2.0,1745,30,6.359366963355418,11932.715585159718,72.5,3067,6.382521258497842,0,0,0,0,0,0,0,0.7805845659575266,7.465082736399547,False,False,False,True,False,False
52.0,4197,8,6.6520969072477385,19267.65467659476,68.08510638297872,3549,6.881313711751069,0,0,0,0,0,0,0,1.5111083515919752,8.342363500380579,False,False,False,False,False,True
1.0,162,34,6.810042529424079,23098.545244676698,75.0,3067,6.382521258497842,0,0,0,0,0,0,0,0.3902922829787633,5.093750200806762,False,False,False,True,False,False
2.0,3237,17,6.195191110040243,2612.9254587155965,67.6056338028169,3067,6.382521258497842,0,0,0,0,0,0,0,0.7805845659575266,8.08271113423758,False,False,False,True,False,False
4.0,15425,7,6.597401542559267,33766.88983017904,80.57692307692308,3067,6.382521258497842,0,0,0,0,0,0,0,1.5611691319150531,9.643809676493944,False,False,False,True,False,False
1.0,108,7,6.20715799971213,18909.371794871793,0.0,1572,6.528145312958054,0,0,0,0,0,0,0,0.38249375632476623,4.6913478822291435,False,False,False,False,True,False
1.0,904,21,6.885625457752329,35080.36109154519,70.0,2188,6.320059610463039,0,0,0,0,0,0,0,0.8886641126398388,6.807934943699926,True,False,False,False,False,False
3.0,1396,13,6.195191110040243,2612.9254587155965,61.53846153846154,3067,6.382521258497842,0,0,0,0,0,0,0,1.1708768489362897,7.242082359256962,False,False,False,True,False,False
13.0,2606,11,6.841176013325196,32580.833277599577,74.72527472527473,3549,6.881313711751069,0,0,0,0,0,0,0,0.3777770878979938,7.865955413933502,False,False,False,False,False,True
1.0,2438,26,6.854123792605303,33983.76471893452,76.47058823529412,2188,6.320059610463039,0,0,0,0,0,0,0,0.8886641126398388,7.79934339821592,True,False,False,False,False,False
78.0,12673,14,6.701988872193451,21504.309158562843,78.0952380952381,3549,6.881313711751069,0,0,0,0,0,0,0,2.266662527387963,9.447307929883463,False,False,False,False,False,True
1.0,1257,15,6.514457055181107,18378.00806905534,50.0,2188,6.320059610463039,0,0,0,0,0,0,0,0.8886641126398388,7.1372784372603855,True,False,False,False,False,False
12.0,19761,9,6.7991940742801775,32345.154445773165,81.59126365054603,3549,6.881313711751069,0,0,0,0,0,0,0,0.34871731190584043,9.891516180754907,False,False,False,False,False,True
10.0,161,25,6.58558055977916,14312.419903361644,0.0,3067,6.382521258497842,0,0,0,0,0,0,0,3.9029228297876326,5.087596335232384,False,False,False,True,False,False
1.0,44,12,6.289007148338809,2755.141935483871,0.0,2188,6.320059610463039,0,0,0,0,0,0,0,0.8886641126398388,3.8066624897703196,True,False,False,False,False,False
1.0,178,16,6.738764959228531,20850.338920467482,75.0,2188,6.320059610463039,0,0,0,0,0,0,0,0.8886641126398388,5.187385805840755,True,False,False,False,False,False
1.0,337,8,5.977416434118999,20723.026022629067,100.0,447,5.588299776286353,0,0,0,0,0,0,0,0.9078461025802542,5.823045895483019,False,True,False,False,False,False
100.0,98,24,5.558589488847307,349.1694444444444,0.0,3549,6.881313711751069,0,0,0,0,0,0,0,2.905977599215337,4.59511985013459,False,False,False,False,False,True
1.0,930,28,6.845793660424124,37830.718553780775,77.77777777777779,1572,6.528145312958054,0,0,0,0,0,0,0,0.38249375632476623,6.836259277277067,False,False,False,False,True,False
10.0,53,26,5.775788441476067,5728.942895299145,0.0,3549,6.881313711751069,0,0,0,0,0,0,0,0.2905977599215337,3.9889840465642745,False,False,False,False,False,True
3.0,104,25,6.464641336937508,8548.357906466646,0.0,610,5.665348780241979,0,0,0,0,0,0,0,0.4136443250598951,4.653960350157523,False,False,True,False,False,False
1.0,5050,41,6.883380512152217,40718.61410250869,74.75247524752476,1572,6.528145312958054,0,0,0,0,0,0,0,0.38249375632476623,8.527341522468053,False,False,False,False,True,False
52.0,5112,27,6.814886874855113,30798.131098690552,71.08433734939759,3549,6.881313711751069,0,0,0,0,0,0,0,1.5111083515919752,8.53954159508,False,False,False,False,False,True
3.0,928,8,6.195191110040243,2612.9254587155965,62.5,3067,6.382521258497842,0,0,0,0,0,0,0,1.1708768489362897,6.834108738813838,False,False,False,True,False,False
1.0,1120,7,6.890329289432849,27354.8819659391,73.17073170731707,3067,6.382521258497842,0,0,0,0,0,0,0,0.3902922829787633,7.02197642307216,False,False,False,True,False,False
1.0,241,53,6.771173556088591,32065.469107112265,0.0,2188,6.320059610463039,0,0,0,0,0,0,0,0.8886641126398388,5.488937726156687,True,False,False,False,False,False
1.0,213,65,6.604052540744851,24695.76990601395,33.33333333333333,3067,6.382521258497842,0,0,0,0,0,0,0,0.3902922829787633,5.365976015021851,False,False,False,True,False,False
1.0,40,13,5.775788441476067,5728.942895299145,0.0,447,5.588299776286353,0,0,0,0,0,0,0,0.9078461025802542,3.713572066704308,False,True,False,False,False,False
2.0,6742,8,6.602205255211668,28742.709806934843,72.72727272727273,3067,6.382521258497842,0,0,0,0,0,0,0,0.7805845659575266,8.816260208734581,False,False,False,True,False,False
3.0,972,24,6.694849741824683,16710.93715997675,68.42105263157895,3067,6.382521258497842,0,0,0,0,0,0,0,1.1708768489362897,6.880384082186005,False,False,False,True,False,False
1.0,2306,25,6.664146117371874,24367.025885534615,50.0,2188,6.320059610463039,0,0,0,0,0,0,0,0.8886641126398388,7.7437032581737535,True,False,False,False,False,False
13.0,32,22,6.192033733782523,14274.946127419527,0.0,3549,6.881313711751069,0,0,0,0,0,0,0,0.3777770878979938,3.4965075614664802,False,False,False,False,False,True
1.0,14934,49,6.9045239284490165,43886.75405812203,68.68884540117418,1572,6.528145312958054,0,0,0,0,0,0,0,0.38249375632476623,9.61146273065021,False,False,False,False,True,False
2.0,605,32,6.195191110040243,2612.9254587155965,63.63636363636363,3067,6.382521258497842,0,0,0,0,0,0,0,0.7805845659575266,6.406879986069314,False,False,False,True,False,False
2.0,3877,14,6.359366963355418,11932.715585159718,69.35483870967742,3067,6.382521258497842,0,0,0,0,0,0,0,0.7805845659575266,8.263074835802596,False,False,False,True,False,False
10.0,91049,34,6.891282696180802,34062.743120966035,80.98568098568099,3549,6.881313711751069,0,0,0,0,0,0,0,0.2905977599215337,11.419164085155755,False,False,False,False,False,True
1.0,376,19,6.110232844165658,8601.531333250083,50.0,447,5.588299776286353,0,0,0,0,0,0,0,0.9078461025802542,5.932245187448011,False,True,False,False,False,False
26.0,4838,30,6.798461798496186,21905.58663138578,81.16883116883116,3549,6.881313711751069,0,0,0,0,0,0,0,0.7555541757959876,8.48446336679332,False,False,False,False,False,True
1.0,296,11,6.8329470467732,27904.61452353155,33.33333333333333,3067,6.382521258497842,0,0,0,0,0,0,0,0.3902922829787633,5.6937321388027,False,False,False,True,False,False
10.0,21805,52,6.797217703082447,29742.06310700886,75.77464788732394,3549,6.881313711751069,0,0,0,0,0,0,0,0.2905977599215337,9.989940440266327,False,False,False,False,False,True
1.0,575,33,6.649945575696176,27283.1688002008,72.22222222222221,3067,6.382521258497842,0,0,0,0,0,0,0,0.3902922829787633,6.3561076606958915,False,False,False,True,False,False
1.0,317,7,6.289007148338809,2755.141935483871,60.0,1572,6.528145312958054,0,0,0,0,0,0,0,0.38249375632476623,5.762051382780177,False,False,False,False,True,False
1.0,483,45,6.490336269696487,6754.518842086047,75.0,2188,6.320059610463039,0,0,0,0,0,0,0,0.8886641126398388,6.182084906716632,True,False,False,False,False,False
6.0,6385,19,6.722439214207467,33791.42114744666,77.64227642276423,3067,6.382521258497842,0,0,0,0,0,0,0,2.3417536978725795,8.761863373274727,False,False,False,True,False,False
1.0,33633,48,6.915879652663198,33345.786642493054,78.85558583106267,2188,6.320059610463039,0,0,0,0,0,0,0,0.8886641126398388,10.423292739082695,True,False,False,False,False,False
1.0,31856,33,6.77960349153899,31711.60097237719,82.36472945891784,1572,6.528145312958054,0,0,0,0,0,0,0,0.38249375632476623,10.369012417071955,False,False,False,False,True,False
1.0,103,46,6.26522859704693,4177.704926926859,0.0,3067,6.382521258497842,0,0,0,0,0,0,0,0.3902922829787633,4.6443908991413725,False,False,False,True,False,False
12.0,258914,28,6.84051898277667,31782.361940299616,84.18977526613222,3549,6.881313711751069,0,0,0,0,0,0,0,0.34871731190584043,12.464255101488899,False,False,False,False,False,True
1.0,482,19,6.557242563528273,15477.932372939242,50.0,2188,6.320059610463039,0,0,0,0,0,0,0,0.8886641126398388,6.180016653652572,True,False,False,False,False,False
52.0,13624,28,6.852570160823355,32451.345283324314,75.64935064935064,3549,6.881313711751069,0,0,0,0,0,0,0,1.5111083515919752,9.519661619531444,False,False,False,False,False,True
25.0,42,26,6.5004185244497705,20155.465753424658,0.0,3549,6.881313711751069,0,0,0,0,0,0,0,0.7264943998038342,3.7612001156935624,False,False,False,False,False,True
50.0,439,17,6.792676124684396,30971.21740443294,66.66666666666666,3549,6.881313711751069,0,0,0,0,0,0,0,1.4529887996076685,6.0867747269123065,False,False,False,False,False,True
26.0,79026,16,6.83262700342976,28465.885074157162,84.31232091690545,610,5.665348780241979,0,0,0,0,0,0,0,3.5849174838524247,11.27754484521026,False,False,True,False,False,False
1.0,3979,16,6.830647722977677,35450.30848566429,79.59183673469387,3067,6.382521258497842,0,0,0,0,0,0,0,0.3902922829787633,8.289037098278483,False,False,False,True,False,False
1.0,490,11,6.174481529399562,6488.042066669189,91.66666666666666,447,5.588299776286353,0,0,0,0,0,0,0,0.9078461025802542,6.19644412779452,False,True,False,False,False,False
1.0,1577,28,6.8555166639998815,29025.17143968089,63.1578947368421,2188,6.320059610463039,0,0,0,0,0,0,0,0.8886641126398388,7.363913501405819,True,False,False,False,False,False
1.0,23130,52,6.9991527367920785,29224.91358909553,74.86865148861646,2188,6.320059610463039,0,0,0,0,0,0,0,0.8886641126398388,10.0489289881863,True,False,False,False,False,False
1.0,207,8,6.5004185244497705,20155.465753424658,100.0,2188,6.320059610463039,0,0,0,0,0,0,0,0.8886641126398388,5.337538079701318,True,False,False,False,False,False
13.0,30403,30,6.439627965757445,19821.63496999104,77.54491017964071,3549,6.881313711751069,0,0,0,0,0,0,0,0.3777770878979938,10.322329457685932,False,False,False,False,False,True
2.0,30063,13,6.7728198451635695,10867.081901989324,73.07692307692307,3067,6.382521258497842,0,0,0,0,0,0,0,0.7805845659575266,10.311083721653247,False,False,False,True,False,False
1.0,1523,24,6.195191110040243,2612.9254587155965,60.0,3067,6.382521258497842,0,0,0,0,0,0,0,0.3902922829787633,7.329093736246592,False,False,False,True,False,False
1.0,74,21,6.40169871215857,11208.264643466027,0.0,2188,6.320059610463039,0,0,0,0,0,0,0,0.8886641126398388,4.31748811353631,True,False,False,False,False,False
1.0,17443,24,6.913054347165519,32650.80792339709,78.38541666666666,1572,6.528145312958054,0,0,0,0,0,0,0,0.38249375632476623,9.766751028962657,False,False,False,False,True,False
11.0,22229,19,7.004459215829773,33094.863710666425,83.49328214971209,3549,6.881313711751069,0,0,0,0,0,0,0,0.31965753591368706,10.009198006958242,False,False,False,False,False,True
1.0,2179,30,6.195191110040243,2612.9254587155965,77.55102040816327,3067,6.382521258497842,0,0,0,0,0,0,0,0.3902922829787633,7.687080155783135,False,False,False,True,False,False
1.0,62,49,6.662948251583755,24178.094281909634,0.0,1572,6.528145312958054,0,0,0,0,0,0,0,0.38249375632476623,4.143134726391533,False,False,False,False,True,False
12.0,453454,18,6.661002281290718,30260.396249767506,83.37888514587173,3549,6.881313711751069,0,0,0,0,0,0,0,0.34871731190584043,13.024651315388965,False,False,False,False,False,True
5.0,135708,12,6.831770986618008,30441.777799810083,84.30583501006036,3549,6.881313711751069,0,0,0,0,0,0,0,0.14529887996076685,11.818268166394521,False,False,False,False,False,True
1.0,117,72,6.8059761534885554,20214.78450714711,0.0,1572,6.528145312958054,0,0,0,0,0,0,0,0.38249375632476623,4.770684624465665,False,False,False,False,True,False
1.0,2021,3,5.7918085106382975,2324.3617021276596,68.51851851851852,2188,6.320059610463039,0,0,0,0,0,0,0,0.8886641126398388,7.611842399580417,True,False,False,False,False,False
8.0,198991,23,6.93138279993449,36527.02945527977,81.01589103291714,3549,6.881313711751069,0,0,0,0,0,0,0,0.23247820793722695,12.201019901893522,False,False,False,False,False,True
26.0,1238,20,6.869850796373931,40353.9712951732,75.0,3549,6.881313711751069,0,0,0,0,0,0,0,0.7555541757959876,7.122059881629142,False,False,False,False,False,True
2.0,1158,35,6.195191110040243,2612.9254587155965,56.41025641025641,3067,6.382521258497842,0,0,0,0,0,0,0,0.7805845659575266,7.055312843339752,False,False,False,True,False,False
1.0,1246,54,6.439627965757445,19821.63496999104,69.56521739130434,3067,6.382521258497842,0,0,0,0,0,0,0,0.3902922829787633,7.1284959456800365,False,False,False,True,False,False
1.0,148,38,6.803734917294818,41468.682848314136,50.0,1572,6.528145312958054,0,0,0,0,0,0,0,0.38249375632476623,5.003946305945459,False,False,False,False,True,False
12.0,67310,11,6.852934610855987,41748.91825571326,80.56388722255548,3549,6.881313711751069,0,0,0,0,0,0,0,0.34871731190584043,11.117078949527887,False,False,False,False,False,True
12.0,28303,11,6.2467029592772985,15632.091049789251,81.2133072407045,3549,6.881313711751069,0,0,0,0,0,0,0,0.34871731190584043,10.250758416399567,False,False,False,False,False,True
13.0,71172,4,6.9105546076701785,36962.04974945495,81.89860496767608,3549,6.881313711751069,0,0,0,0,0,0,0,0.3777770878979938,11.172868811997306,False,False,False,False,False,True
43.0,1763,27,6.852392690373802,25835.22030259301,76.78571428571429,3549,6.881313711751069,0,0,0,0,0,0,0,1.2495703676625949,7.475339236566737,False,False,False,False,False,True
12.37420167311325,1448,4,6.88733739847508,31235.899025424747,0.0,3067,6.382521258497842,0,0,0,0,0,0,0,4.829555421039003,7.278628942320682,False,False,False,True,False,False
1.0,164,8,5.60043986026233,568.2241379310345,75.0,2188,6.320059610463039,0,0,0,0,0,0,0,0.8886641126398388,5.10594547390058,True,False,False,False,False,False
3.0,892,29,6.730576075545395,25957.38787954344,76.47058823529412,3067,6.382521258497842,0,0,0,0,0,0,0,1.1708768489362897,6.794586580876499,False,False,False,True,False,False
13.0,6860,31,6.516317989214934,23555.047302633204,75.75757575757575,3549,6.881313711751069,0,0,0,0,0,0,0,0.3777770878979938,8.833608482690892,False,False,False,False,False,True
1.0,119,9,4.9263479368027125,4281.747368421053,0.0,2188,6.320059610463039,0,0,0,0,0,0,0,0.8886641126398388,4.787491742782046,True,False,False,False,False,False
1.0,128,30,6.5004185244497705,20155.465753424658,66.66666666666666,2188,6.320059610463039,0,0,0,0,0,0,0,0.8886641126398388,4.859812404361672,True,False,False,False,False,False
1.0,983,50,6.22747829422649,6094.346320346321,62.857142857142854,2188,6.320059610463039,0,0,0,0,0,0,0,0.8886641126398388,6.891625897052253,True,False,False,False,False,False
1.0,545,11,6.5004185244497705,20155.465753424658,71.42857142857143,2188,6.320059610463039,0,0,0,0,0,0,0,0.8886641126398388,6.302618975744905,True,False,False,False,False,False
2.0,3914,21,6.195191110040243,2612.9254587155965,69.6078431372549,3067,6.382521258497842,0,0,0,0,0,0,0,0.7805845659575266,8.272570608424903,False,False,False,True,False,False
12.0,108642,45,6.7970571647969535,40175.37989903381,83.30967925063865,3549,6.881313711751069,0,0,0,0,0,0,0,0.34871731190584043,11.595822556549699,False,False,False,False,False,True
4.0,2843,35,6.732814859709293,23701.031693616354,79.82456140350878,3067,6.382521258497842,0,0,0,0,0,0,0,1.5611691319150531,7.952966790923131,False,False,False,True,False,False
1.0,132,5,6.270257490704965,4775.436363636363,50.0,610,5.665348780241979,0,0,0,0,0,0,0,0.13788144168663172,4.890349128221754,False,False,True,False,False,False
1.0,2945,14,6.664633806081871,24386.395555410596,70.11494252873564,447,5.588299776286353,0,0,0,0,0,0,0,0.9078461025802542,7.988203597022576,False,True,False,False,False,False
13.0,99788,16,6.846535962302059,39931.34254630299,83.6734693877551,3549,6.881313711751069,0,0,0,0,0,0,0,0.3777770878979938,11.510813235783955,False,False,False,False,False,True
1.0,2307,25,6.195191110040243,2612.9254587155965,65.11627906976744,3067,6.382521258497842,0,0,0,0,0,0,0,0.3902922829787633,7.744136627627991,False,False,False,True,False,False
4.0,1724,13,6.552230578439165,30051.405646204592,71.7948717948718,3067,6.382521258497842,0,0,0,0,0,0,0,1.5611691319150531,7.45298232946546,False,False,False,True,False,False
6.0,116,47,6.744524531479761,27589.223936695056,0.0,3067,6.382521258497842,0,0,0,0,0,0,0,2.3417536978725795,4.762173934797756,False,False,False,True,False,False
1.0,48,11,6.548792989998894,10128.71560623309,0.0,3067,6.382521258497842,0,0,0,0,0,0,0,0.3902922829787633,3.8918202981106265,False,False,False,True,False,False
6.0,26361,24,6.84051898277667,31782.361940299616,100.0,3067,6.382521258497842,0,0,0,0,0,0,0,2.3417536978725795,10.17967885827241,False,False,False,True,False,False
12.0,472,33,6.740761307066956,29400.897245630767,60.0,3067,6.382521258497842,0,0,0,0,0,0,0,4.683507395745159,6.159095388491933,False,False,False,True,False,False
3.0,38,15,6.810042529424079,23098.545244676698,0.0,610,5.665348780241979,0,0,0,0,0,0,0,0.4136443250598951,3.6635616461296463,False,False,True,False,False,False
26.0,32742,11,6.846006740869494,28979.642407814183,78.83295194508008,3549,6.881313711751069,0,0,0,0,0,0,0,0.7555541757959876,10.396444477759635,False,False,False,False,False,True
1.0,335,34,6.794607080130419,17996.367678958784,80.0,2188,6.320059610463039,0,0,0,0,0,0,0,0.8886641126398388,5.817111159963204,True,False,False,False,False,False
12.0,402381,23,7.0320225358806745,55728.64835999288,87.09866416686197,3549,6.881313711751069,0,0,0,0,0,0,0,0.34871731190584043,12.90515716515684,False,False,False,False,False,True
1.0,4215,40,6.700655214370671,25928.13686324404,69.74789915966386,1572,6.528145312958054,0,0,0,0,0,0,0,0.38249375632476623,8.346642090221199,False,False,False,False,True,False
12.0,13581,22,6.82306916382694,28531.744997961465,79.78056426332289,3549,6.881313711751069,0,0,0,0,0,0,0,0.34871731190584043,9.516500665673737,False,False,False,False,False,True
1.0,2145,37,6.5004185244497705,20155.465753424658,79.0,3067,6.382521258497842,0,0,0,0,0,0,0,0.3902922829787633,7.671360923190644,False,False,False,True,False,False
1.0,144,15,6.48976219033308,13161.231651645769,0.0,1572,6.528145312958054,0,0,0,0,0,0,0,0.38249375632476623,4.976733742420574,False,False,False,False,True,False
1.0,9558,28,6.849410809478435,38994.33158586613,74.42396313364056,1572,6.528145312958054,0,0,0,0,0,0,0,0.38249375632476623,9.165238398063762,False,False,False,False,True,False
12.0,235684,36,6.865487846325214,39493.94968410768,82.10450966356478,3549,6.881313711751069,0,0,0,0,0,0,0,0.34871731190584043,12.370251446678479,False,False,False,False,False,True
12.0,14465,28,6.045175999634896,2840.439024390244,0.0,3549,6.881313711751069,0,0,0,0,0,0,0,0.34871731190584043,9.579556347409227,False,False,False,False,False,True
1.0,13993,48,6.912720749983493,31870.5411833135,73.75690607734806,1572,6.528145312958054,0,0,0,0,0,0,0,0.38249375632476623,9.546383945305841,False,False,False,False,True,False
6.0,6115,36,6.987153097408068,26609.212826193994,71.5,1572,6.528145312958054,0,0,0,0,0,0,0,2.294962537948597,8.718663567048953,False,False,False,False,True,False
1.0,42,4,5.775788441476067,5728.942895299145,0.0,447,5.588299776286353,0,0,0,0,0,0,0,0.9078461025802542,3.7612001156935624,False,True,False,False,False,False
2.0,3772,18,6.622168674698795,19841.626506024095,77.24137931034483,3067,6.382521258497842,0,0,0,0,0,0,0,0.7805845659575266,8.235625719964311,False,False,False,True,False,False
1.0,126,16,6.5004185244497705,20155.465753424658,0.0,3067,6.382521258497842,0,0,0,0,0,0,0,0.3902922829787633,4.844187086458591,False,False,False,True,False,False
3.0,6580,24,6.20715799971213,18909.371794871793,76.14678899082568,610,5.665348780241979,0,0,0,0,0,0,0,0.4136443250598951,8.791941988456118,False,False,True,False,False,False
1.0,4069,39,6.9991527367920785,29224.91358909553,65.18518518518519,1572,6.528145312958054,0,0,0,0,0,0,0,0.38249375632476623,8.311398278436641,False,False,False,False,True,False
1.0,1396,46,6.745869261287794,19827.181451961886,63.1578947368421,2188,6.320059610463039,0,0,0,0,0,0,0,0.8886641126398388,7.242082359256962,True,False,False,False,False,False
25.0,6412,23,6.881411982126464,36851.476156394754,74.13793103448276,3549,6.881313711751069,0,0,0,0,0,0,0,0.7264943998038342,8.766082459148864,False,False,False,False,False,True
1.0,5071,28,6.195191110040243,2612.9254587155965,66.16541353383458,3067,6.382521258497842,0,0,0,0,0,0,0,0.3902922829787633,8.531490496117062,False,False,False,True,False,False
2.0,3755,38,6.883380512152217,40718.61410250869,73.50427350427351,1572,6.528145312958054,0,0,0,0,0,0,0,0.7649875126495325,8.231109840328154,False,False,False,False,True,False
6.0,2323,20,6.510263751421897,20545.19121004566,75.0,610,5.665348780241979,0,0,0,0,0,0,0,0.8272886501197902,7.751045117971802,False,False,True,False,False,False
12.0,83652,4,6.606416241425137,38022.92435337769,79.68561064087062,3549,6.881313711751069,0,0,0,0,0,0,0,0.34871731190584043,11.334432569489755,False,False,False,False,False,True
1.0,59243,10,6.762098001605815,23191.459701135598,82.78278278278279,2188,6.320059610463039,0,0,0,0,0,0,0,0.8886641126398388,10.989419788046863,True,False,False,False,False,False
10.0,3308,18,6.5004185244497705,20155.465753424658,74.0,610,5.665348780241979,0,0,0,0,0,0,0,1.3788144168663172,8.104401307921613,False,False,True,False,False,False
10.0,5125,48,6.867928897374089,37284.90217703389,76.19047619047619,610,5.665348780241979,0,0,0,0,0,0,0,1.3788144168663172,8.542080906924017,False,False,True,False,False,False
1.0,161,21,5.775788441476067,5728.942895299145,25.0,447,5.588299776286353,0,0,0,0,0,0,0,0.9078461025802542,5.087596335232384,False,True,False,False,False,False
13.0,43551,9,6.8945007866907115,44251.957544444514,80.21978021978022,3549,6.881313711751069,0,0,0,0,0,0,0,0.3777770878979938,10.681710905451192,False,False,False,False,False,True
1.0,148,44,6.677693639525605,11247.974150664697,33.33333333333333,2188,6.320059610463039,0,0,0,0,0,0,0,0.8886641126398388,5.003946305945459,True,False,False,False,False,False
11.0,4415,17,6.5004185244497705,20155.465753424658,57.14285714285714,1572,6.528145312958054,0,0,0,0,0,0,0,4.207431319572429,8.392989587956931,False,False,False,False,True,False
2.0,135,100,6.8059761534885554,20214.78450714711,0.0,1572,6.528145312958054,0,0,0,0,0,0,0,0.7649875126495325,4.912654885736052,False,False,False,False,True,False
12.37420167311325,277,32,6.510263751421897,20545.19121004566,0.0,3549,6.881313711751069,0,0,0,0,0,0,0,0.35959152870240046,5.627621113690637,False,False,False,False,False,True
1.0,40717,11,6.8459252495750516,33585.65032052787,83.49570200573065,2188,6.320059610463039,0,0,0,0,0,0,0,0.8886641126398388,10.614425534104623,True,False,False,False,False,False
1.0,584,6,6.774246980085466,21258.421680610845,89.47368421052632,3067,6.382521258497842,0,0,0,0,0,0,0,0.3902922829787633,6.371611847231857,False,False,False,True,False,False
1.0,1041,53,6.842297549793959,30219.74165649517,45.45454545454545,1572,6.528145312958054,0,0,0,0,0,0,0,0.38249375632476623,6.948897222313312,False,False,False,False,True,False
1.0,1471,7,5.879225467208256,3053.415760869565,67.85714285714286,447,5.588299776286353,0,0,0,0,0,0,0,0.9078461025802542,7.294377299288821,False,True,False,False,False,False
12.37420167311325,120,27,6.542958467678293,16872.417365775556,0.0,3549,6.881313711751069,0,0,0,0,0,0,0,0.35959152870240046,4.795790545596741,False,False,False,False,False,True
1.0,68,18,5.7918085106382975,2324.3617021276596,0.0,3067,6.382521258497842,0,0,0,0,0,0,0,0.3902922829787633,4.23410650459726,False,False,False,True,False,False
13.0,15026,10,6.849565682973,31984.772801354968,78.1305114638448,3549,6.881313711751069,0,0,0,0,0,0,0,0.3777770878979938,9.617603862025726,False,False,False,False,False,True
2.0,72,6,6.542958467678293,16872.417365775556,0.0,1572,6.528145312958054,0,0,0,0,0,0,0,0.7649875126495325,4.290459441148391,False,False,False,False,True,False
1.0,1275,4,6.615682243836758,20636.457437800305,80.95238095238095,3067,6.382521258497842,0,0,0,0,0,0,0,0.3902922829787633,7.151485463904735,False,False,False,True,False,False
1.0,15097,27,6.91438909153364,48806.10336149404,69.9579831932773,1572,6.528145312958054,0,0,0,0,0,0,0,0.38249375632476623,9.62231756369957,False,False,False,False,True,False
1.0,4009,27,6.886319142907979,26467.635808953113,61.111111111111114,2188,6.320059610463039,0,0,0,0,0,0,0,0.8886641126398388,8.296546520300614,True,False,False,False,False,False
13.0,12088,27,6.840850632094109,40602.19142063035,83.33333333333334,3549,6.881313711751069,0,0,0,0,0,0,0,0.3777770878979938,9.400051227201992,False,False,False,False,False,True
1.0,3094,36,6.751325022977751,25323.076372193864,70.64220183486239,2188,6.320059610463039,0,0,0,0,0,0,0,0.8886641126398388,8.037543185118697,True,False,False,False,False,False
50.0,2080,17,6.841139835882383,23234.99512946558,65.67164179104478,3549,6.881313711751069,0,0,0,0,0,0,0,1.4529887996076685,7.640603826393634,False,False,False,False,False,True
62.0,166255,15,6.890338018266329,37092.949163754354,82.31928285332825,3549,6.881313711751069,0,0,0,0,0,0,0,1.801706111513509,12.021284048092427,False,False,False,False,False,True
1.0,338,13,6.829036948424544,17643.015772252504,80.0,1572,6.528145312958054,0,0,0,0,0,0,0,0.38249375632476623,5.82600010738045,False,False,False,False,True,False
1.0,159,36,6.26522859704693,4177.704926926859,50.0,3067,6.382521258497842,0,0,0,0,0,0,0,0.3902922829787633,5.075173815233827,False,False,False,True,False,False
1.0,12437,16,6.759224938434093,21326.030644316394,80.23850085178876,3067,6.382521258497842,0,0,0,0,0,0,0,0.3902922829787633,9.428511581663834,False,False,False,True,False,False
1.0,13480,12,6.828461306251338,38633.420856302146,83.63970588235294,2188,6.320059610463039,0,0,0,0,0,0,0,0.8886641126398388,9.509036565691064,True,False,False,False,False,False
2.0,69,22,6.751585809121671,19724.348480529654,0.0,1572,6.528145312958054,0,0,0,0,0,0,0,0.7649875126495325,4.248495242049359,False,False,False,False,True,False
1.0,2398,32,6.638507824900212,26080.717792493328,67.3469387755102,2188,6.320059610463039,0,0,0,0,0,0,0,0.8886641126398388,7.782807262839695,True,False,False,False,False,False
1.0,213,19,6.490336269696487,6754.518842086047,60.0,1572,6.528145312958054,0,0,0,0,0,0,0,0.38249375632476623,5.365976015021851,False,False,False,False,True,False
1.0,410,20,6.195191110040243,2612.9254587155965,50.0,3067,6.382521258497842,0,0,0,0,0,0,0,0.3902922829787633,6.018593214496234,False,False,False,True,False,False
1.0,7743,11,5.879225467208256,3053.415760869565,74.30167597765363,447,5.588299776286353,0,0,0,0,0,0,0,0.9078461025802542,8.954673628956414,False,True,False,False,False,False
1.0,8216,56,6.855095698526012,40641.88538834499,75.0,3067,6.382521258497842,0,0,0,0,0,0,0,0.3902922829787633,9.013960457931187,False,False,False,True,False,False
2.0,2295,13,6.635160238369523,25194.413907460344,67.85714285714286,3067,6.382521258497842,0,0,0,0,0,0,0,0.7805845659575266,7.738923757439457,False,False,False,True,False,False
1.0,68,16,5.558589488847307,349.1694444444444,0.0,2188,6.320059610463039,0,0,0,0,0,0,0,0.8886641126398388,4.23410650459726,True,False,False,False,False,False
26.0,908,8,6.802131924594253,29228.090249484492,72.0,3549,6.881313711751069,0,0,0,0,0,0,0,0.7555541757959876,6.812345094177479,False,False,False,False,False,True
1.0,136,5,4.9263479368027125,4281.747368421053,0.0,2188,6.320059610463039,0,0,0,0,0,0,0,0.8886641126398388,4.919980925828125,True,False,False,False,False,False
4.0,106989,28,6.911383487170326,39047.21185821253,84.52904929577466,1572,6.528145312958054,0,0,0,0,0,0,0,1.529975025299065,11.580490651132653,False,False,False,False,True,False
1.0,2297,37,6.7788006680453305,22569.71791858102,80.0,3067,6.382521258497842,0,0,0,0,0,0,0,0.3902922829787633,7.739794458408701,False,False,False,True,False,False
1.0,91,35,6.270257490704965,4775.436363636363,0.0,2188,6.320059610463039,0,0,0,0,0,0,0,0.8886641126398388,4.5217885770490405,True,False,False,False,False,False
1.0,60,20,6.510263751421897,20545.19121004566,0.0,3067,6.382521258497842,0,0,0,0,0,0,0,0.3902922829787633,4.110873864173311,False,False,False,True,False,False
1.0,88,43,6.5264888547538815,17281.5837709483,0.0,1572,6.528145312958054,0,0,0,0,0,0,0,0.38249375632476623,4.48863636973214,False,False,False,False,True,False
1.0,2281,16,6.96333557503649,42820.35728391074,81.05263157894737,3067,6.382521258497842,0,0,0,0,0,0,0,0.3902922829787633,7.732807530422021,False,False,False,True,False,False
2.0,1268,34,6.885667125397279,31982.669294024847,73.84615384615385,3067,6.382521258497842,0,0,0,0,0,0,0,0.7805845659575266,7.1459844677143876,False,False,False,True,False,False
1.0,3367,48,6.7921340428944,31872.547252092783,77.02702702702703,3067,6.382521258497842,0,0,0,0,0,0,0,0.3902922829787633,8.122074375362217,False,False,False,True,False,False
52.0,36,9,6.26522859704693,4177.704926926859,0.0,3549,6.881313711751069,0,0,0,0,0,0,0,1.5111083515919752,3.6109179126442243,False,False,False,False,False,True
13.0,33528,22,6.241442385702294,9837.82456140351,80.06833712984054,3549,6.881313711751069,0,0,0,0,0,0,0,0.3777770878979938,10.420166014977355,False,False,False,False,False,True
26.0,107384,12,6.944499111272639,36369.89048315101,80.78628436299142,3549,6.881313711751069,0,0,0,0,0,0,0,0.7555541757959876,11.584175786498395,False,False,False,False,False,True
12.0,127973,17,6.856607732998538,36923.65237480625,82.55933952528379,3549,6.881313711751069,0,0,0,0,0,0,0,0.34871731190584043,11.759582397269078,False,False,False,False,False,True
1.0,4210,44,6.195191110040243,2612.9254587155965,69.0909090909091,3067,6.382521258497842,0,0,0,0,0,0,0,0.3902922829787633,8.345455428161928,False,False,False,True,False,False
1.0,8478,26,6.81823449633989,16300.076852579828,78.64693446088795,1572,6.528145312958054,0,0,0,0,0,0,0,0.38249375632476623,9.045347797304004,False,False,False,False,True,False
1.0,347,16,6.7921340428944,31872.547252092783,77.77777777777779,2188,6.320059610463039,0,0,0,0,0,0,0,0.8886641126398388,5.8522024797744745,True,False,False,False,False,False
1.0,4669,25,6.752542161239349,33459.49192062364,65.45454545454545,1572,6.528145312958054,0,0,0,0,0,0,0,0.38249375632476623,8.448914350662942,False,False,False,False,True,False
5.0,63,17,6.662948251583755,24178.094281909634,0.0,610,5.665348780241979,0,0,0,0,0,0,0,0.6894072084331586,4.1588830833596715,False,False,True,False,False,False
2.0,2209,16,6.195191110040243,2612.9254587155965,77.27272727272727,3067,6.382521258497842,0,0,0,0,0,0,0,0.7805845659575266,7.700747794511798,False,False,False,True,False,False
1.0,65,27,6.110232844165658,8601.531333250083,100.0,447,5.588299776286353,0,0,0,0,0,0,0,0.9078461025802542,4.189654742026425,False,True,False,False,False,False
1.0,4068,63,6.669845257137642,24469.676322446438,74.21875,610,5.665348780241979,0,0,0,0,0,0,0,0.13788144168663172,8.31115254800169,False,False,True,False,False,False
2.0,2619,15,6.856607732998538,36923.65237480625,78.94736842105263,3067,6.382521258497842,0,0,0,0,0,0,0,0.7805845659575266,7.8709295967551425,False,False,False,True,False,False
25.0,1177,20,6.738572847556955,33062.21833125778,44.44444444444444,3549,6.881313711751069,0,0,0,0,0,0,0,0.7264943998038342,7.071573364211532,False,False,False,False,False,True
1.0,178,9,6.110232844165658,8601.531333250083,100.0,447,5.588299776286353,0,0,0,0,0,0,0,0.9078461025802542,5.187385805840755,False,True,False,False,False,False
12.0,40502,17,6.74472764911023,30823.977755372478,78.70239774330042,3549,6.881313711751069,0,0,0,0,0,0,0,0.34871731190584043,10.609131324425356,False,False,False,False,False,True
39.0,37051,21,6.901267417916423,29195.138938293258,81.66160081053698,3549,6.881313711751069,0,0,0,0,0,0,0,1.1333312636939814,10.520077610373917,False,False,False,False,False,True
26.0,40,20,6.192033733782523,14274.946127419527,0.0,3549,6.881313711751069,0,0,0,0,0,0,0,0.7555541757959876,3.713572066704308,False,False,False,False,False,True
6.0,4876,26,6.789420307394056,32329.23814276635,82.5531914893617,3067,6.382521258497842,0,0,0,0,0,0,0,2.3417536978725795,8.492285555710053,False,False,False,True,False,False
1.0,465,16,5.879225467208256,3053.415760869565,71.42857142857143,447,5.588299776286353,0,0,0,0,0,0,0,0.9078461025802542,6.144185634125646,False,True,False,False,False,False
3.0,6194,16,6.241442385702294,9837.82456140351,68.59903381642512,1572,6.528145312958054,0,0,0,0,0,0,0,1.1474812689742986,8.731497794063243,False,False,False,False,True,False
47.0,2214,32,6.671140218499566,17379.625889812763,83.01886792452831,3549,6.881313711751069,0,0,0,0,0,0,0,1.3658094716312084,7.703007682479236,False,False,False,False,False,True
39.0,77464,20,6.89119251784515,35651.67758783867,83.33333333333334,3549,6.881313711751069,0,0,0,0,0,0,0,1.1333312636939814,11.257581500430392,False,False,False,False,False,True
1.0,4357,36,6.756088305354059,21587.46669816067,76.33587786259542,2188,6.320059610463039,0,0,0,0,0,0,0,0.8886641126398388,8.379768515504566,True,False,False,False,False,False
12.37420167311325,381,14,6.806194056192318,19560.024771496388,0.0,610,5.665348780241979,0,0,0,0,0,0,0,1.706172766409985,5.945420608606575,False,False,True,False,False,False
1.0,896,51,6.7040484841531285,18935.386999593306,70.37037037037037,2188,6.320059610463039,0,0,0,0,0,0,0,0.8886641126398388,6.799055862058796,True,False,False,False,False,False
2.0,844,23,6.670570389868318,37155.86685985128,80.0,1572,6.528145312958054,0,0,0,0,0,0,0,0.7649875126495325,6.739336627357174,False,False,False,False,True,False
26.0,11756,14,6.8597275096250865,30886.573162577366,65.8119658119658,3549,6.881313711751069,0,0,0,0,0,0,0,0.7555541757959876,9.372204086867741,False,False,False,False,False,True
1.0,22131,23,6.889678266422713,32042.405586642773,69.51219512195121,1572,6.528145312958054,0,0,0,0,0,0,0,0.38249375632476623,10.004779804018,False,False,False,False,True,False
34.0,92,16,6.5004185244497705,20155.465753424658,0.0,3549,6.881313711751069,0,0,0,0,0,0,0,0.9880323837332146,4.532599493153256,False,False,False,False,False,True
26.0,38580,19,6.901751986715905,29078.066957514115,81.13207547169812,3549,6.881313711751069,0,0,0,0,0,0,0,0.7555541757959876,10.560515206289688,False,False,False,False,False,True
6.0,13508,19,6.884678058902466,27590.55717145634,77.47875354107649,3067,6.382521258497842,0,0,0,0,0,0,0,2.3417536978725795,9.51111140896968,False,False,False,True,False,False
1.0,7672,45,6.195191110040243,2612.9254587155965,65.625,3067,6.382521258497842,0,0,0,0,0,0,0,0.3902922829787633,8.945462952177666,False,False,False,True,False,False
1.0,89749,18,6.587329509711857,31211.929921340277,86.32645111024543,2188,6.320059610463039,0,0,0,0,0,0,0,0.8886641126398388,11.404783306350526,True,False,False,False,False,False
1.0,441,48,6.7481234172756,26837.492358960666,57.14285714285714,3067,6.382521258497842,0,0,0,0,0,0,0,0.3902922829787633,6.091309882077698,False,False,False,True,False,False
115.0,104,10,6.778371967850202,34409.560906324456,0.0,3549,6.881313711751069,0,0,0,0,0,0,0,3.3418742390976375,4.653960350157523,False,False,False,False,False,True
4.0,9487,63,6.844614966234576,28383.127744251182,67.34177215189874,3067,6.382521258497842,0,0,0,0,0,0,0,1.5611691319150531,9.157783121237507,False,False,False,True,False,False
6.0,1563,6,6.195191110040243,2612.9254587155965,62.06896551724138,3067,6.382521258497842,0,0,0,0,0,0,0,2.3417536978725795,7.355001921105257,False,False,False,True,False,False
2.0,20964,12,6.744196985385269,25181.936066510978,77.088948787062,3067,6.382521258497842,0,0,0,0,0,0,0,0.7805845659575266,9.950609659604863,False,False,False,True,False,False
6.0,4505,16,6.8356337303493975,29470.39208782733,75.67567567567568,3067,6.382521258497842,0,0,0,0,0,0,0,2.3417536978725795,8.41316512099219,False,False,False,True,False,False
1.0,61,18,6.829036948424544,17643.015772252504,0.0,1572,6.528145312958054,0,0,0,0,0,0,0,0.38249375632476623,4.127134385045092,False,False,False,False,True,False
13.0,1716,6,6.628254084025196,23134.81499164632,0.0,3549,6.881313711751069,0,0,0,0,0,0,0,0.3777770878979938,7.448333860897476,False,False,False,False,False,True
1.0,120,18,6.5004185244497705,20155.465753424658,50.0,3067,6.382521258497842,0,0,0,0,0,0,0,0.3902922829787633,4.795790545596741,False,False,False,True,False,False
1.0,21489,51,6.872724838781157,34495.98883480793,74.01656314699792,1572,6.528145312958054,0,0,0,0,0,0,0,0.38249375632476623,9.975342989636555,False,False,False,False,True,False
8.0,260,18,6.510263751421897,20545.19121004566,66.66666666666666,610,5.665348780241979,0,0,0,0,0,0,0,1.1030515334930537,5.564520407322694,False,False,True,False,False,False
1.0,603,11,6.468372592093842,13820.686630000748,0.0,2188,6.320059610463039,0,0,0,0,0,0,0,0.8886641126398388,6.403574197934815,True,False,False,False,False,False
1.0,15280,47,6.8244710864849685,28612.931315855938,70.87378640776699,3067,6.382521258497842,0,0,0,0,0,0,0,0.3902922829787633,9.634365505605258,False,False,False,True,False,False
3.0,249,7,6.195191110040243,2612.9254587155965,20.0,3067,6.382521258497842,0,0,0,0,0,0,0,1.1708768489362897,5.521460917862246,False,False,False,True,False,False
1.0,28365,25,6.798867426569133,25683.866403020467,80.56580565805658,2188,6.320059610463039,0,0,0,0,0,0,0,0.8886641126398388,10.252946523854552,True,False,False,False,False,False
1.0,739,28,6.740866461953476,29493.70234879738,68.96551724137932,1572,6.528145312958054,0,0,0,0,0,0,0,0.38249375632476623,6.606650186198215,False,False,False,False,True,False
2.0,3505,38,6.359366963355418,11932.715585159718,66.3157894736842,3067,6.382521258497842,0,0,0,0,0,0,0,0.7805845659575266,8.16223106548118,False,False,False,True,False,False
1.0,143,22,5.558589488847307,349.1694444444444,100.0,610,5.665348780241979,0,0,0,0,0,0,0,0.13788144168663172,4.969813299576001,False,False,True,False,False,False
12.0,73555,26,6.862799804631824,42908.79352126902,78.89871382636656,3549,6.881313711751069,0,0,0,0,0,0,0,0.34871731190584043,11.205802299860744,False,False,False,False,False,True
1.0,1370,25,6.728879252982257,24172.086087666834,0.0,3067,6.382521258497842,0,0,0,0,0,0,0,0.3902922829787633,7.223295679562314,False,False,False,True,False,False
52.0,1962,36,6.703006296580537,26160.623568722254,66.66666666666666,3549,6.881313711751069,0,0,0,0,0,0,0,1.5111083515919752,7.5822291942764615,False,False,False,False,False,True
1.0,13256,8,6.863811183522898,23954.62418192238,81.08504398826979,2188,6.320059610463039,0,0,0,0,0,0,0,0.8886641126398388,9.49228099379885,True,False,False,False,False,False
12.0,149364,23,6.7108808707015255,21486.789917862803,83.97720075997466,3549,6.881313711751069,0,0,0,0,0,0,0,0.34871731190584043,11.91414825382026,False,False,False,False,False,True
1.0,549,28,6.6430291428883415,19191.96112871888,50.0,1572,6.528145312958054,0,0,0,0,0,0,0,0.38249375632476623,6.309918278226516,False,False,False,False,True,False
1.0,115,14,6.801279969075106,30451.704393992975,100.0,3067,6.382521258497842,0,0,0,0,0,0,0,0.3902922829787633,4.7535901911063645,False,False,False,True,False,False
1.0,80,20,6.7728198451635695,10867.081901989324,0.0,3067,6.382521258497842,0,0,0,0,0,0,0,0.3902922829787633,4.394449154672439,False,False,False,True,False,False
12.0,141,19,6.756666247949616,33467.04005336848,0.0,610,5.665348780241979,0,0,0,0,0,0,0,1.6545773002395805,4.955827057601261,False,False,True,False,False,False
72.0,971,14,6.7728198451635695,10867.081901989324,68.18181818181817,3549,6.881313711751069,0,0,0,0,0,0,0,2.0923038714350426,6.879355804460439,False,False,False,False,False,True
12.0,159273,8,6.890959249716985,40007.09552252524,81.64220035489595,3549,6.881313711751069,0,0,0,0,0,0,0,0.34871731190584043,11.978381268515756,False,False,False,False,False,True
2.0,1310,4,6.195191110040243,2612.9254587155965,68.29268292682927,3067,6.382521258497842,0,0,0,0,0,0,0,0.7805845659575266,7.1785454837637,False,False,False,True,False,False
4.0,1106,8,6.6135862084355725,18141.622598190745,59.375,3067,6.382521258497842,0,0,0,0,0,0,0,1.5611691319150531,7.009408932708637,False,False,False,True,False,False
12.0,31906,28,6.662948251583755,24178.094281909634,84.83563096500531,3549,6.881313711751069,0,0,0,0,0,0,0,0.34871731190584043,10.370580700437113,False,False,False,False,False,True
3.0,130,34,6.638243832197137,24791.843889668748,0.0,1572,6.528145312958054,0,0,0,0,0,0,0,1.1474812689742986,4.875197323201151,False,False,False,False,True,False
12.37420167311325,4496,22,6.602535413663778,26445.75945045642,0.0,3549,6.881313711751069,0,0,0,0,0,0,0,0.35959152870240046,8.411165786770708,False,False,False,False,False,True
7.0,798,34,6.778805303766696,27199.949690966587,78.94736842105263,1572,6.528145312958054,0,0,0,0,0,0,0,2.6774562942733633,6.683360945766275,False,False,False,False,True,False
1.0,2045,40,6.86401229618087,27437.292851761507,69.62025316455697,3067,6.382521258497842,0,0,0,0,0,0,0,0.3902922829787633,7.6236419465115715,False,False,False,True,False,False
1.0,1175,14,6.5004185244497705,20155.465753424658,87.5,3067,6.382521258497842,0,0,0,0,0,0,0,0.3902922829787633,7.069874128458572,False,False,False,True,False,False
1.0,69,36,6.58558055977916,14312.419903361644,0.0,1572,6.528145312958054,0,0,0,0,0,0,0,0.38249375632476623,4.248495242049359,False,False,False,False,True,False
12.0,2265,19,6.5004185244497705,20155.465753424658,82.85714285714286,3549,6.881313711751069,0,0,0,0,0,0,0,0.34871731190584043,7.725771441587952,False,False,False,False,False,True
1.0,1835,18,6.915536808566012,37877.06494093339,86.66666666666667,2188,6.320059610463039,0,0,0,0,0,0,0,0.8886641126398388,7.515344571180436,True,False,False,False,False,False
1.0,85,20,6.289007148338809,2755.141935483871,100.0,2188,6.320059610463039,0,0,0,0,0,0,0,0.8886641126398388,4.454347296253507,True,False,False,False,False,False
13.0,53,9,6.651400643424755,24146.555751604395,0.0,3549,6.881313711751069,0,0,0,0,0,0,0,0.3777770878979938,3.9889840465642745,False,False,False,False,False,True
24.0,156627,9,6.848358505499612,39490.88568149348,82.21684153887544,3549,6.881313711751069,0,0,0,0,0,0,0,0.6974346238116809,11.96162884604526,False,False,False,False,False,True
22.0,20553,11,7.0314955564501656,52446.0356524209,82.52252252252252,3549,6.881313711751069,0,0,0,0,0,0,0,0.6393150718273741,9.930810848185018,False,False,False,False,False,True
24.0,2072,45,6.822005895983393,27894.870249274,79.06976744186046,3549,6.881313711751069,0,0,0,0,0,0,0,0.6974346238116809,7.636752112435779,False,False,False,False,False,True
1.0,8112,18,6.810042529424079,23098.545244676698,71.42857142857143,3067,6.382521258497842,0,0,0,0,0,0,0,0.3902922829787633,9.001222992395064,False,False,False,True,False,False
50.0,31179,20,6.957767398843721,33281.534817984604,78.87323943661971,3549,6.881313711751069,0,0,0,0,0,0,0,1.4529887996076685,10.347532142611767,False,False,False,False,False,True
1.0,57,19,6.192033733782523,14274.946127419527,0.0,3067,6.382521258497842,0,0,0,0,0,0,0,0.3902922829787633,4.060443010546419,False,False,False,True,False,False
12.0,201735,30,6.910821247761948,46776.72797236256,83.02599099753158,3549,6.881313711751069,0,0,0,0,0,0,0,0.34871731190584043,12.214715190911516,False,False,False,False,False,True
53.0,1744,18,6.844958269434055,21574.297284377077,72.72727272727273,3549,6.881313711751069,0,0,0,0,0,0,0,1.5401681275841286,7.4645098346365275,False,False,False,False,False,True
1.0,257,14,6.788310729601363,20211.94423929099,0.0,3067,6.382521258497842,0,0,0,0,0,0,0,0.3902922829787633,5.552959584921617,False,False,False,True,False,False
1.0,3604,21,6.974456778732399,46023.24609727556,70.67669172932331,3067,6.382521258497842,0,0,0,0,0,0,0,0.3902922829787633,8.190077049719049,False,False,False,True,False,False
3.0,2920,38,6.662948251583755,24178.094281909634,74.78260869565217,1572,6.528145312958054,0,0,0,0,0,0,0,1.1474812689742986,7.979681302387741,False,False,False,False,True,False
1.0,1478,6,6.393797237117623,14552.542012556314,37.5,1572,6.528145312958054,0,0,0,0,0,0,0,0.38249375632476623,7.2991214627108,False,False,False,False,True,False
1.0,238,30,6.728879252982257,24172.086087666834,66.66666666666666,2188,6.320059610463039,0,0,0,0,0,0,0,0.8886641126398388,5.476463551931511,True,False,False,False,False,False
12.0,746,39,6.780101951285577,33241.77117348577,88.23529411764706,3549,6.881313711751069,0,0,0,0,0,0,0,0.34871731190584043,6.616065185132817,False,False,False,False,False,True
26.0,78,20,6.726881389735055,20338.098088288767,0.0,610,5.665348780241979,0,0,0,0,0,0,0,3.5849174838524247,4.3694478524670215,False,False,True,False,False,False
1.0,2423,21,6.775780679245273,33002.84198883982,77.45098039215686,1572,6.528145312958054,0,0,0,0,0,0,0,0.38249375632476623,7.793174347189205,False,False,False,False,True,False
3.0,20256,25,6.723628865435316,35253.44164355733,77.8836987607245,3067,6.382521258497842,0,0,0,0,0,0,0,1.1708768489362897,9.916255691813806,False,False,False,True,False,False
12.0,123691,11,6.9084008859802815,37802.51354593162,82.87521284359036,3549,6.881313711751069,0,0,0,0,0,0,0,0.34871731190584043,11.72554988369423,False,False,False,False,False,True
48.0,41021,14,6.911137346756003,28192.68039213635,76.95573074590662,3549,6.881313711751069,0,0,0,0,0,0,0,1.3948692476233617,10.62186378714185,False,False,False,False,False,True
26.0,93,15,6.5004185244497705,20155.465753424658,0.0,3549,6.881313711751069,0,0,0,0,0,0,0,0.7555541757959876,4.543294782270004,False,False,False,False,False,True
40.0,572,9,6.380775682048159,15386.370614035088,50.0,3549,6.881313711751069,0,0,0,0,0,0,0,1.1623910396861348,6.35088571671474,False,False,False,False,False,True
2.0,13885,14,6.79113600497033,23922.525507160724,80.23032629558541,3067,6.382521258497842,0,0,0,0,0,0,0,0.7805845659575266,9.538636417313219,False,False,False,True,False,False
4.0,5508,59,6.510263751421897,20545.19121004566,74.12280701754386,1572,6.528145312958054,0,0,0,0,0,0,0,1.529975025299065,8.614138397472717,False,False,False,False,True,False
2.0,2178,32,7.057946468800966,42635.888362963015,75.67567567567568,3067,6.382521258497842,0,0,0,0,0,0,0,0.7805845659575266,7.68662133494462,False,False,False,True,False,False
1.0,333,14,6.794607080130419,17996.367678958784,70.0,2188,6.320059610463039,0,0,0,0,0,0,0,0.8886641126398388,5.811140992976701,True,False,False,False,False,False
25.0,369,31,5.558589488847307,349.1694444444444,66.66666666666666,3549,6.881313711751069,0,0,0,0,0,0,0,0.7264943998038342,5.91350300563827,False,False,False,False,False,True
1.0,330,6,5.710152858857673,19942.244122166732,66.66666666666666,2188,6.320059610463039,0,0,0,0,0,0,0,0.8886641126398388,5.802118375377063,True,False,False,False,False,False
4.0,4497,22,6.694849741824683,16710.93715997675,82.38993710691824,3067,6.382521258497842,0,0,0,0,0,0,0,1.5611691319150531,8.411388132519262,False,False,False,True,False,False
1.0,1191,45,6.743024351257927,20983.492465258103,68.08510638297872,2188,6.320059610463039,0,0,0,0,0,0,0,0.8886641126398388,7.083387847625295,True,False,False,False,False,False
1.0,271,19,6.868572948400319,22026.131219476494,25.0,2188,6.320059610463039,0,0,0,0,0,0,0,0.8886641126398388,5.605802066295998,True,False,False,False,False,False
2.0,2871,37,6.661002281290718,30260.396249767506,84.21052631578947,3067,6.382521258497842,0,0,0,0,0,0,0,0.7805845659575266,7.962763930168115,False,False,False,True,False,False
1.0,135735,58,7.00943938797986,54476.66950702599,83.35343787696019,2188,6.320059610463039,0,0,0,0,0,0,0,0.8886641126398388,11.818467101722776,True,False,False,False,False,False
12.37420167311325,2459,6,6.723850230514225,28837.125735340498,0.0,3549,6.881313711751069,0,0,0,0,0,0,0,0.35959152870240046,7.807916628926408,False,False,False,False,False,True
14.0,428569,26,6.796692621190359,31571.56516616163,84.99656672007325,3549,6.881313711751069,0,0,0,0,0,0,0,0.40683686389014717,12.96820936423818,False,False,False,False,False,True
13.0,56815,7,6.806868073657801,29194.952448504006,80.32432432432432,3549,6.881313711751069,0,0,0,0,0,0,0,0.3777770878979938,10.947573255182869,False,False,False,False,False,True
39.0,558,13,6.850800953794325,23452.0369637968,72.22222222222221,3549,6.881313711751069,0,0,0,0,0,0,0,1.1333312636939814,6.326149473155099,False,False,False,False,False,True
48.0,3619,20,6.852278182224739,32147.446315635334,62.68656716417911,3549,6.881313711751069,0,0,0,0,0,0,0,1.3948692476233617,8.194229304819817,False,False,False,False,False,True
3.0,597,10,6.6934802647434,16397.500545159935,85.71428571428571,3067,6.382521258497842,0,0,0,0,0,0,0,1.1708768489362897,6.393590753950631,False,False,False,True,False,False
3.0,1864,19,6.301036379522414,11434.922820846406,71.05263157894737,3067,6.382521258497842,0,0,0,0,0,0,0,1.1708768489362897,7.5310163320779155,False,False,False,True,False,False
26.0,376,18,6.58558055977916,14312.419903361644,42.857142857142854,3549,6.881313711751069,0,0,0,0,0,0,0,0.7555541757959876,5.932245187448011,False,False,False,False,False,True
12.0,25760,18,6.823146793508421,28887.7305772393,84.26763110307414,3549,6.881313711751069,0,0,0,0,0,0,0,0.34871731190584043,10.156616999340594,False,False,False,False,False,True
12.37420167311325,1797,15,5.60043986026233,568.2241379310345,0.0,3549,6.881313711751069,0,0,0,0,0,0,0,0.35959152870240046,7.494430215031565,False,False,False,False,False,True
26.0,134705,17,6.898645569019732,36995.88878283747,81.03921568627452,3549,6.881313711751069,0,0,0,0,0,0,0,0.7555541757959876,11.810849904836271,False,False,False,False,False,True
1.0,439,42,6.195191110040243,2612.9254587155965,66.66666666666666,3067,6.382521258497842,0,0,0,0,0,0,0,0.3902922829787633,6.0867747269123065,False,False,False,True,False,False
8.0,6001,28,6.80667718058401,29296.89698241204,76.75675675675676,1572,6.528145312958054,0,0,0,0,0,0,0,3.05995005059813,8.699848026000312,False,False,False,False,True,False
1.0,78,34,4.9263479368027125,4281.747368421053,0.0,2188,6.320059610463039,0,0,0,0,0,0,0,0.8886641126398388,4.3694478524670215,True,False,False,False,False,False
4.0,2402,25,6.856016090074632,39559.79677874967,78.0701754385965,3067,6.382521258497842,0,0,0,0,0,0,0,1.5611691319150531,7.784473235736469,False,False,False,True,False,False
12.0,13036,19,6.827594775273217,27842.409945972773,80.35019455252919,3549,6.881313711751069,0,0,0,0,0,0,0,0.34871731190584043,9.47554674766278,False,False,False,False,False,True
2.0,1342,18,6.935517682295393,30580.041300774716,53.84615384615385,1572,6.528145312958054,0,0,0,0,0,0,0,0.7649875126495325,7.202661196523238,False,False,False,False,True,False
7.0,125,27,5.558589488847307,349.1694444444444,66.66666666666666,1572,6.528145312958054,0,0,0,0,0,0,0,2.6774562942733633,4.836281906951478,False,False,False,False,True,False
12.0,86380,13,6.97343843699924,34569.11121700604,81.44843872999212,3549,6.881313711751069,0,0,0,0,0,0,0,0.34871731190584043,11.36652302320156,False,False,False,False,False,True
1.0,1034,16,6.195191110040243,2612.9254587155965,69.6969696969697,3067,6.382521258497842,0,0,0,0,0,0,0,0.3902922829787633,6.942156705699469,False,False,False,True,False,False
2.0,953,20,6.81823449633989,16300.076852579828,72.22222222222221,1572,6.528145312958054,0,0,0,0,0,0,0,0.7649875126495325,6.860663671448287,False,False,False,False,True,False
1.0,547,18,6.5004185244497705,20155.465753424658,87.5,2188,6.320059610463039,0,0,0,0,0,0,0,0.8886641126398388,6.306275286948016,True,False,False,False,False,False
1.0,5477,66,6.798867426569133,25683.866403020467,70.54263565891473,1572,6.528145312958054,0,0,0,0,0,0,0,0.38249375632476623,8.608495349823023,False,False,False,False,True,False
24.0,673572,11,6.759982298508762,58774.906676656676,88.84857956131049,3549,6.881313711751069,0,0,0,0,0,0,0,0.6974346238116809,13.420351657971512,False,False,False,False,False,True
1.0,686,60,6.756379223895332,24835.59366045604,62.5,2188,6.320059610463039,0,0,0,0,0,0,0,0.8886641126398388,6.532334292222349,True,False,False,False,False,False
1.0,1273,20,6.670482763580525,28724.950946571003,67.3469387755102,3067,6.382521258497842,0,0,0,0,0,0,0,0.3902922829787633,7.149916836132109,False,False,False,True,False,False
1.0,133,28,4.9263479368027125,4281.747368421053,100.0,2188,6.320059610463039,0,0,0,0,0,0,0,0.8886641126398388,4.897839799950911,True,False,False,False,False,False
3.0,194,37,6.810523973703345,26905.323669861253,0.0,610,5.665348780241979,0,0,0,0,0,0,0,0.4136443250598951,5.272999558563747,False,False,True,False,False,False
3.0,2745,22,6.535424356044026,23676.10518616494,69.01408450704226,3067,6.382521258497842,0,0,0,0,0,0,0,1.1708768489362897,7.917900586327916,False,False,False,True,False,False
105.0,4802,26,6.842263033993731,30135.183739577245,74.28571428571429,3549,6.881313711751069,0,0,0,0,0,0,0,3.051276479176104,8.476996001664824,False,False,False,False,False,True
31.0,51,15,6.40169871215857,11208.264643466027,0.0,3549,6.881313711751069,0,0,0,0,0,0,0,0.9008530557567545,3.9512437185814275,False,False,False,False,False,True
1.0,158,31,6.40169871215857,11208.264643466027,0.0,2188,6.320059610463039,0,0,0,0,0,0,0,0.8886641126398388,5.0689042022202315,True,False,False,False,False,False
1.0,55247,61,6.885924552531688,28825.424979798172,82.06521739130434,1572,6.528145312958054,0,0,0,0,0,0,0,0.38249375632476623,10.919587419629774,False,False,False,False,True,False
12.0,2388,22,6.990005739055331,34771.45272724322,85.8974358974359,3549,6.881313711751069,0,0,0,0,0,0,0,0.34871731190584043,7.77863014732581,False,False,False,False,False,True
12.0,81951,25,6.855944669483427,36567.96925939142,84.04220243982856,3549,6.881313711751069,0,0,0,0,0,0,0,0.34871731190584043,11.313888988999253,False,False,False,False,False,True
1.0,55,28,6.267658329755723,23159.070176767676,0.0,3067,6.382521258497842,0,0,0,0,0,0,0,0.3902922829787633,4.02535169073515,False,False,False,True,False,False
1.0,139,21,6.677693639525605,11247.974150664697,33.33333333333333,1572,6.528145312958054,0,0,0,0,0,0,0,0.38249375632476623,4.941642422609304,False,False,False,False,True,False
1.0,596,55,6.756379223895332,24835.59366045604,81.81818181818183,2188,6.320059610463039,0,0,0,0,0,0,0,0.8886641126398388,6.391917113392602,True,False,False,False,False,False
3.0,1258,8,6.825101111844631,31434.697167173625,61.111111111111114,3067,6.382521258497842,0,0,0,0,0,0,0,1.1708768489362897,7.138073034044347,False,False,False,True,False,False
12.0,95339,17,6.764465840959698,30623.558870542678,81.8782098312546,3549,6.881313711751069,0,0,0,0,0,0,0,0.34871731190584043,11.465204728758817,False,False,False,False,False,True
13.0,3598,22,6.572705399610349,19476.064269900573,80.20833333333334,3549,6.881313711751069,0,0,0,0,0,0,0,0.3777770878979938,8.188411308079031,False,False,False,False,False,True
52.0,800,51,6.759130807899901,31782.747499249163,33.33333333333333,3549,6.881313711751069,0,0,0,0,0,0,0,1.5111083515919752,6.68586094706836,False,False,False,False,False,True
1.0,686,37,6.82110543242383,22222.600342340786,66.66666666666666,1572,6.528145312958054,0,0,0,0,0,0,0,0.38249375632476623,6.532334292222349,False,False,False,False,True,False
25.0,86074,13,6.92343943356571,28145.934394019947,85.38812785388129,3549,6.881313711751069,0,0,0,0,0,0,0,0.7264943998038342,11.362974288206724,False,False,False,False,False,True
1.0,52,12,6.548792989998894,10128.71560623309,0.0,3067,6.382521258497842,0,0,0,0,0,0,0,0.3902922829787633,3.970291913552122,False,False,False,True,False,False
1.0,435,20,6.720685666396093,32068.602276109494,75.0,1572,6.528145312958054,0,0,0,0,0,0,0,0.38249375632476623,6.077642243349034,False,False,False,False,True,False
10.0,17684,38,6.831725682510775,29540.344065907895,66.6015625,1572,6.528145312958054,0,0,0,0,0,0,0,3.824937563247662,9.780472101639582,False,False,False,False,True,False
13.0,33989,20,6.902187231079999,30404.53946351642,81.75257731958763,3549,6.881313711751069,0,0,0,0,0,0,0,0.3777770878979938,10.433821642690162,False,False,False,False,False,True
12.0,37436,27,6.834918967411594,39177.271320319385,77.07437000614628,3549,6.881313711751069,0,0,0,0,0,0,0,0.34871731190584043,10.530414799175965,False,False,False,False,False,True
3.0,9500,17,6.705418855045114,22161.5960896711,73.45132743362832,1572,6.528145312958054,0,0,0,0,0,0,0,1.1474812689742986,9.15915233520675,False,False,False,False,True,False
12.37420167311325,219,26,5.60043986026233,568.2241379310345,0.0,3549,6.881313711751069,0,0,0,0,0,0,0,0.35959152870240046,5.393627546352362,False,False,False,False,False,True
1.0,1170,13,5.879225467208256,3053.415760869565,62.5,447,5.588299776286353,0,0,0,0,0,0,0,0.9078461025802542,7.065613363597717,False,True,False,False,False,False
12.0,1119,19,6.5004185244497705,20155.465753424658,81.81818181818183,3549,6.881313711751069,0,0,0,0,0,0,0,0.34871731190584043,7.02108396428914,False,False,False,False,False,True
47.0,367,26,6.664854873989999,18789.862325962327,71.42857142857143,3549,6.881313711751069,0,0,0,0,0,0,0,1.3658094716312084,5.908082938168931,False,False,False,False,False,True
12.0,2306,24,6.4989453288180234,23309.695887445887,0.0,610,5.665348780241979,0,0,0,0,0,0,0,1.6545773002395805,7.7437032581737535,False,False,True,False,False,False
3.0,23498,34,6.803204566022874,29914.83829644855,67.54890678941312,1572,6.528145312958054,0,0,0,0,0,0,0,1.1474812689742986,10.064713146035349,False,False,False,False,True,False
1.0,109,36,6.26522859704693,4177.704926926859,33.33333333333333,3067,6.382521258497842,0,0,0,0,0,0,0,0.3902922829787633,4.700480365792417,False,False,False,True,False,False
1.0,1060,26,6.907533437153302,33770.51646265648,85.71428571428571,2188,6.320059610463039,0,0,0,0,0,0,0,0.8886641126398388,6.966967138613983,True,False,False,False,False,False
3.0,20550,9,6.779782172998328,33631.42093373494,80.46511627906978,3549,6.881313711751069,0,0,0,0,0,0,0,0.08717932797646011,9.93066488054092,False,False,False,False,False,True
1.0,9807,25,6.857325393700843,30104.803095230767,78.41409691629956,3067,6.382521258497842,0,0,0,0,0,0,0,0.3902922829787633,9.190953658175992,False,False,False,True,False,False
2.0,4369,22,6.585959140352191,24290.948183903252,66.90647482014388,3067,6.382521258497842,0,0,0,0,0,0,0,0.7805845659575266,8.382518288089635,False,False,False,True,False,False
26.0,135,13,6.045175999634896,2840.439024390244,0.0,3549,6.881313711751069,0,0,0,0,0,0,0,0.7555541757959876,4.912654885736052,False,False,False,False,False,True
1.0,190,25,5.558589488847307,349.1694444444444,100.0,610,5.665348780241979,0,0,0,0,0,0,0,0.13788144168663172,5.25227342804663,False,False,True,False,False,False
6.0,20316,35,6.195191110040243,2612.9254587155965,80.89887640449437,3067,6.382521258497842,0,0,0,0,0,0,0,2.3417536978725795,9.919213252997611,False,False,False,True,False,False
1.0,1730,28,6.716224756106464,25209.392139356758,64.15094339622641,3067,6.382521258497842,0,0,0,0,0,0,0,0.3902922829787633,7.456454555176209,False,False,False,True,False,False
2.0,3287,34,6.195191110040243,2612.9254587155965,67.17557251908397,3067,6.382521258497842,0,0,0,0,0,0,0,0.7805845659575266,8.098034756176071,False,False,False,True,False,False
2.0,37540,21,6.889014757268265,36658.88483994415,75.05353319057816,3067,6.382521258497842,0,0,0,0,0,0,0,0.7805845659575266,10.533188948038239,False,False,False,True,False,False
26.0,357,15,6.653163955082155,24320.92078071306,60.0,3549,6.881313711751069,0,0,0,0,0,0,0,0.7555541757959876,5.8805329864007,False,False,False,False,False,True
3.0,6554,23,6.883245441642069,31347.015941357135,75.0,3067,6.382521258497842,0,0,0,0,0,0,0,1.1708768489362897,8.7879833961978,False,False,False,True,False,False
1.0,69,9,6.779782172998328,33631.42093373494,0.0,1572,6.528145312958054,0,0,0,0,0,0,0,0.38249375632476623,4.248495242049359,False,False,False,False,True,False
2.0,219,17,6.977385999228614,34052.54381690498,60.0,3067,6.382521258497842,0,0,0,0,0,0,0,0.7805845659575266,5.393627546352362,False,False,False,True,False,False
1.0,457,14,5.710152858857673,19942.244122166732,88.88888888888889,2188,6.320059610463039,0,0,0,0,0,0,0,0.8886641126398388,6.126869184114185,True,False,False,False,False,False
1.0,625,72,7.0565046657833825,42480.10683071131,58.333333333333336,1572,6.528145312958054,0,0,0,0,0,0,0,0.38249375632476623,6.439350371100098,False,False,False,False,True,False
13.0,55252,7,6.756379223895332,24835.59366045604,83.6890243902439,3549,6.881313711751069,0,0,0,0,0,0,0,0.3777770878979938,10.919677916548416,False,False,False,False,False,True
1.0,123,29,6.639612406195241,24992.99280485211,0.0,2188,6.320059610463039,0,0,0,0,0,0,0,0.8886641126398388,4.820281565605037,True,False,False,False,False,False
2.0,1974,13,6.72025323131698,17658.09867568822,81.15942028985508,3067,6.382521258497842,0,0,0,0,0,0,0,0.7805845659575266,7.5883236773352225,False,False,False,True,False,False
2.0,1127,13,6.195191110040243,2612.9254587155965,64.86486486486487,3067,6.382521258497842,0,0,0,0,0,0,0,0.7805845659575266,7.028201432058005,False,False,False,True,False,False
52.0,1039,24,6.58558055977916,14312.419903361644,84.61538461538461,3549,6.881313711751069,0,0,0,0,0,0,0,1.5111083515919752,6.946975992135418,False,False,False,False,False,True
2.0,23730,24,6.818720708784225,33123.15789556883,73.79310344827587,3067,6.382521258497842,0,0,0,0,0,0,0,0.7805845659575266,10.074537489292018,False,False,False,True,False,False
48.0,1961,20,6.760177441321682,19273.60023533385,74.07407407407408,3549,6.881313711751069,0,0,0,0,0,0,0,1.3948692476233617,7.581719640125308,False,False,False,False,False,True
1.0,78,30,6.26522859704693,4177.704926926859,0.0,3067,6.382521258497842,0,0,0,0,0,0,0,0.3902922829787633,4.3694478524670215,False,False,False,True,False,False
12.0,77774,75,6.836389593533809,44381.854779873785,81.74019607843137,3549,6.881313711751069,0,0,0,0,0,0,0,0.34871731190584043,11.261575321765838,False,False,False,False,False,True
1.0,444,30,6.719475909504948,25751.457163549512,50.0,1572,6.528145312958054,0,0,0,0,0,0,0,0.38249375632476623,6.09807428216624,False,False,False,False,True,False
2.0,184,14,6.5004185244497705,20155.465753424658,50.0,610,5.665348780241979,0,0,0,0,0,0,0,0.27576288337326343,5.220355825078324,False,False,True,False,False,False
31.0,98,12,6.868572948400319,22026.131219476494,0.0,3549,6.881313711751069,0,0,0,0,0,0,0,0.9008530557567545,4.59511985013459,False,False,False,False,False,True
1.0,4614,38,6.85900618133501,35060.00548448221,79.7752808988764,2188,6.320059610463039,0,0,0,0,0,0,0,0.8886641126398388,8.437067146936952,True,False,False,False,False,False
1.0,7034,24,6.889097765744061,30052.841899886367,89.31297709923665,2188,6.320059610463039,0,0,0,0,0,0,0,0.8886641126398388,8.858652969548489,True,False,False,False,False,False
1.0,44,14,6.270257490704965,4775.436363636363,0.0,2188,6.320059610463039,0,0,0,0,0,0,0,0.8886641126398388,3.8066624897703196,True,False,False,False,False,False
1.0,6907,62,6.66391737475365,18028.293509500556,67.2566371681416,1572,6.528145312958054,0,0,0,0,0,0,0,0.38249375632476623,8.84043543926657,False,False,False,False,True,False
25.0,66084,31,6.887434274427518,32638.033491236478,80.60635226179018,3549,6.881313711751069,0,0,0,0,0,0,0,0.7264943998038342,11.098697071191907,False,False,False,False,False,True
100.0,53,32,6.66391737475365,18028.293509500556,0.0,3549,6.881313711751069,0,0,0,0,0,0,0,2.905977599215337,3.9889840465642745,False,False,False,False,False,True
13.0,47157,21,6.724256288854555,24131.374187315396,73.92183288409704,3549,6.881313711751069,0,0,0,0,0,0,0,0.3777770878979938,10.761258944930994,False,False,False,False,False,True
52.0,2411,15,6.827850625188941,21162.251451633205,71.42857142857143,3549,6.881313711751069,0,0,0,0,0,0,0,1.5111083515919752,7.788211557847076,False,False,False,False,False,True
51.0,49467,22,6.851640311366901,27386.739218737854,77.74829416224412,3549,6.881313711751069,0,0,0,0,0,0,0,1.4820485755998218,10.809081274861947,False,False,False,False,False,True
3.0,3210,19,6.914189728525724,27946.87190819111,75.5813953488372,3067,6.382521258497842,0,0,0,0,0,0,0,1.1708768489362897,8.074337694089515,False,False,False,True,False,False
6.0,58997,24,6.6584943969123715,31138.854785152766,73.67436057392389,1572,6.528145312958054,0,0,0,0,0,0,0,2.294962537948597,10.985258824008211,False,False,False,False,True,False
167.0,281632,8,6.891201462918067,36718.93428167248,81.67184086466598,3549,6.881313711751069,0,0,0,0,0,0,0,4.852982590689613,12.548360083900105,False,False,False,False,False,True
1.0,346,30,6.888968614726282,21835.07963119546,0.0,2188,6.320059610463039,0,0,0,0,0,0,0,0.8886641126398388,5.849324779946859,True,False,False,False,False,False
1.0,6985,25,6.834239468632652,41126.28438312905,67.37160120845923,1572,6.528145312958054,0,0,0,0,0,0,0,0.38249375632476623,8.851663425366777,False,False,False,False,True,False
1.0,2923,18,6.866260232244281,32388.452626214865,69.51219512195121,1572,6.528145312958054,0,0,0,0,0,0,0,0.38249375632476623,7.980707820869669,False,False,False,False,True,False
1.0,2115,24,6.195191110040243,2612.9254587155965,60.78431372549019,3067,6.382521258497842,0,0,0,0,0,0,0,0.3902922829787633,7.65728279297819,False,False,False,True,False,False
1.0,103,10,5.879225467208256,3053.415760869565,50.0,447,5.588299776286353,0,0,0,0,0,0,0,0.9078461025802542,4.6443908991413725,False,True,False,False,False,False
24.0,218101,29,7.118348930279128,69510.13673765108,84.52604411074613,3549,6.881313711751069,0,0,0,0,0,0,0,0.6974346238116809,12.292718122253131,False,False,False,False,False,True
13.0,5605,41,6.880390107072792,30065.037186273414,75.75757575757575,3549,6.881313711751069,0,0,0,0,0,0,0,0.3777770878979938,8.631592731724734,False,False,False,False,False,True
1.0,60,54,6.8393549963377245,31403.66763082611,0.0,3067,6.382521258497842,0,0,0,0,0,0,0,0.3902922829787633,4.110873864173311,False,False,False,True,False,False
33.0,140,11,6.66391737475365,18028.293509500556,75.0,3549,6.881313711751069,0,0,0,0,0,0,0,0.9589726077410612,4.948759890378168,False,False,False,False,False,True
2.0,7218,64,6.195191110040243,2612.9254587155965,75.4863813229572,3067,6.382521258497842,0,0,0,0,0,0,0,0.7805845659575266,8.88447171813916,False,False,False,True,False,False
1.0,19258,45,6.77343606745359,20106.262753151284,82.40963855421687,2188,6.320059610463039,0,0,0,0,0,0,0,0.8886641126398388,9.865733762924211,True,False,False,False,False,False
1.0,542,36,6.585959140352191,24290.948183903252,50.0,3067,6.382521258497842,0,0,0,0,0,0,0,0.3902922829787633,6.297109319933935,False,False,False,True,False,False
24.0,259900,18,6.99104964385922,41151.87016061087,84.61538461538461,3549,6.881313711751069,0,0,0,0,0,0,0,0.6974346238116809,12.468056068255885,False,False,False,False,False,True
26.0,12234,16,6.767541224610549,31441.719824303393,75.0,3549,6.881313711751069,0,0,0,0,0,0,0,0.7555541757959876,9.412055975876772,False,False,False,False,False,True
12.0,41756,33,6.839734897713103,31137.25862822401,80.86824835941444,3549,6.881313711751069,0,0,0,0,0,0,0,0.34871731190584043,10.63962238089551,False,False,False,False,False,True
101.0,120,33,6.697640144872388,20202.271392966297,50.0,3549,6.881313711751069,0,0,0,0,0,0,0,2.9350373752074903,4.795790545596741,False,False,False,False,False,True
11.0,24167,35,6.907533437153302,33770.51646265648,79.37806873977087,3067,6.382521258497842,0,0,0,0,0,0,0,4.293215112766396,10.092784723066508,False,False,False,True,False,False
3.0,9637,8,6.7921340428944,31872.547252092783,74.63617463617463,3067,6.382521258497842,0,0,0,0,0,0,0,1.1708768489362897,9.173468897200278,False,False,False,True,False,False
1.0,297,63,6.779935390862401,26479.877020856475,50.0,2188,6.320059610463039,0,0,0,0,0,0,0,0.8886641126398388,5.697093486505405,True,False,False,False,False,False
1.0,2039,40,6.638243832197137,24791.843889668748,74.60317460317461,3067,6.382521258497842,0,0,0,0,0,0,0,0.3902922829787633,7.620705086838262,False,False,False,True,False,False
2.0,2754,21,6.195191110040243,2612.9254587155965,66.21621621621621,3067,6.382521258497842,0,0,0,0,0,0,0,0.7805845659575266,7.9211727215870145,False,False,False,True,False,False
21.0,144,23,6.728879252982257,24172.086087666834,50.0,3549,6.881313711751069,0,0,0,0,0,0,0,0.6102552958352208,4.976733742420574,False,False,False,False,False,True
25.0,194611,8,6.854753012738375,29970.259568859554,82.68962897302772,3549,6.881313711751069,0,0,0,0,0,0,0,0.7264943998038342,12.178763111786587,False,False,False,False,False,True
2.0,41898,23,6.8873779809596005,36426.83482602904,80.12132524498367,3067,6.382521258497842,0,0,0,0,0,0,0,0.7805845659575266,10.643017239276974,False,False,False,True,False,False
2.0,18866,10,6.791157354696293,21265.699217924328,71.37404580152672,3067,6.382521258497842,0,0,0,0,0,0,0,0.7805845659575266,9.845169643211612,False,False,False,True,False,False
15.0,37,14,6.5004185244497705,20155.465753424658,0.0,610,5.665348780241979,0,0,0,0,0,0,0,2.0682216252994756,3.6375861597263857,False,False,True,False,False,False
1.0,1258,66,6.723139968065377,30844.535049118826,79.24528301886792,3067,6.382521258497842,0,0,0,0,0,0,0,0.3902922829787633,7.138073034044347,False,False,False,True,False,False
1.0,98549,16,6.89685613347767,45960.667908417556,78.24504650222403,2188,6.320059610463039,0,0,0,0,0,0,0,0.8886641126398388,11.498319312580866,True,False,False,False,False,False
1.0,2525,31,6.510263751421897,20545.19121004566,70.27027027027027,1572,6.528145312958054,0,0,0,0,0,0,0,0.38249375632476623,7.8343923029104365,False,False,False,False,True,False
1.0,806,25,6.769866626233298,29245.482223340226,45.45454545454545,2188,6.320059610463039,0,0,0,0,0,0,0,0.8886641126398388,6.693323668269949,True,False,False,False,False,False
53.0,518,23,6.728879252982257,24172.086087666834,40.0,3549,6.881313711751069,0,0,0,0,0,0,0,1.5401681275841286,6.251903883165888,False,False,False,False,False,True
2.0,950,33,6.812269569012642,29627.443239226184,78.37837837837837,1572,6.528145312958054,0,0,0,0,0,0,0,0.7649875126495325,6.85751406254539,False,False,False,False,True,False
1.0,295,73,6.758537183302698,28423.630233655334,50.0,2188,6.320059610463039,0,0,0,0,0,0,0,0.8886641126398388,5.69035945432406,True,False,False,False,False,False
10.0,50,30,6.772409865396259,19321.953347374583,0.0,3549,6.881313711751069,0,0,0,0,0,0,0,0.2905977599215337,3.9318256327243257,False,False,False,False,False,True
12.0,146979,22,6.816742595707507,34212.50144126047,80.62109296229079,3549,6.881313711751069,0,0,0,0,0,0,0,0.34871731190584043,11.898051802082863,False,False,False,False,False,True
52.0,4426,25,6.626533453023366,14228.317337363127,72.20216606498195,3549,6.881313711751069,0,0,0,0,0,0,0,1.5111083515919752,8.395477432732141,False,False,False,False,False,True
13.0,190,15,6.6694229319267135,19488.339382565846,50.0,3549,6.881313711751069,0,0,0,0,0,0,0,0.3777770878979938,5.25227342804663,False,False,False,False,False,True
13.0,363215,8,6.9611755690740145,38517.71154131651,87.80724764402993,3549,6.881313711751069,0,0,0,0,0,0,0,0.3777770878979938,12.802752977602413,False,False,False,False,False,True
2.0,105,100,6.8059761534885554,20214.78450714711,0.0,1572,6.528145312958054,0,0,0,0,0,0,0,0.7649875126495325,4.663439094112067,False,False,False,False,True,False
2.0,3047,12,6.195191110040243,2612.9254587155965,62.18487394957983,3067,6.382521258497842,0,0,0,0,0,0,0,0.7805845659575266,8.022240916806537,False,False,False,True,False,False
2.0,4495,73,6.671140218499566,17379.625889812763,61.95652173913043,1572,6.528145312958054,0,0,0,0,0,0,0,0.7649875126495325,8.410943391573527,False,False,False,False,True,False
1.0,890,26,6.818270128696822,26758.54468872297,0.0,2188,6.320059610463039,0,0,0,0,0,0,0,0.8886641126398388,6.792344427470809,True,False,False,False,False,False
1.0,207,4,6.5004185244497705,20155.465753424658,100.0,2188,6.320059610463039,0,0,0,0,0,0,0,0.8886641126398388,5.337538079701318,True,False,False,False,False,False
1.0,873,17,6.741621400639805,25291.837019617848,72.72727272727273,1572,6.528145312958054,0,0,0,0,0,0,0,0.38249375632476623,6.773080375655535,False,False,False,False,True,False
12.0,53617,4,6.836389593533809,44381.854779873785,78.96090534979425,3549,6.881313711751069,0,0,0,0,0,0,0,0.34871731190584043,10.8896401115792,False,False,False,False,False,True
1.0,107,18,5.879225467208256,3053.415760869565,50.0,447,5.588299776286353,0,0,0,0,0,0,0,0.9078461025802542,4.68213122712422,False,True,False,False,False,False
8.0,372,8,6.767541224610549,31441.719824303393,33.33333333333333,610,5.665348780241979,0,0,0,0,0,0,0,1.1030515334930537,5.921578419643816,False,False,True,False,False,False
51.0,1632,12,6.7246875,16489.53125,77.77777777777779,3549,6.881313711751069,0,0,0,0,0,0,0,1.4820485755998218,7.398174092970465,False,False,False,False,False,True
24.0,75612,33,6.919955048525953,40907.869026112516,80.60504201680672,3549,6.881313711751069,0,0,0,0,0,0,0,0.6974346238116809,11.233383505056556,False,False,False,False,False,True
2.0,26543,27,6.616502142324668,16121.071662435026,72.72089761570828,2188,6.320059610463039,0,0,0,0,0,0,0,1.7773282252796776,10.186559012430227,True,False,False,False,False,False
1.0,171,20,6.510263751421897,20545.19121004566,0.0,1572,6.528145312958054,0,0,0,0,0,0,0,0.38249375632476623,5.147494476813453,False,False,False,False,True,False
12.0,315630,15,6.978610296211153,44564.24337087086,80.76104310803619,3549,6.881313711751069,0,0,0,0,0,0,0,0.34871731190584043,12.662329088732065,False,False,False,False,False,True
26.0,150393,14,6.859235350059212,32544.419944881665,85.02484031227822,3549,6.881313711751069,0,0,0,0,0,0,0,0.7555541757959876,11.921013796085084,False,False,False,False,False,True
25.0,5232,34,6.728879252982257,24172.086087666834,74.84662576687117,3549,6.881313711751069,0,0,0,0,0,0,0,0.7264943998038342,8.562740006372207,False,False,False,False,False,True
1.0,83,21,5.879225467208256,3053.415760869565,0.0,447,5.588299776286353,0,0,0,0,0,0,0,0.9078461025802542,4.430816798843313,False,True,False,False,False,False
12.0,31256,41,6.767535757468809,33813.38250610869,77.82571182053495,3549,6.881313711751069,0,0,0,0,0,0,0,0.34871731190584043,10.349998630080293,False,False,False,False,False,True
70.0,181249,17,6.9018360057669135,31576.91458052933,80.7209805335256,3549,6.881313711751069,0,0,0,0,0,0,0,2.034184319450736,12.107632572716922,False,False,False,False,False,True
13.0,61017,29,6.865337978873829,35185.64297435264,79.22307239552678,3549,6.881313711751069,0,0,0,0,0,0,0,0.3777770878979938,11.01892418159454,False,False,False,False,False,True
3.0,13790,31,6.913579950455417,38126.73154471459,74.01812688821752,3067,6.382521258497842,0,0,0,0,0,0,0,1.1708768489362897,9.531771484474337,False,False,False,True,False,False
3.0,1099,40,6.769866626233298,29245.482223340226,72.22222222222221,3067,6.382521258497842,0,0,0,0,0,0,0,1.1708768489362897,7.003065458786462,False,False,False,True,False,False
312.0,146,20,6.289007148338809,2755.141935483871,0.0,3549,6.881313711751069,0,0,0,0,0,0,0,9.066650109551851,4.990432586778736,False,False,False,False,False,True
5.0,9949,50,6.6755635503297155,29563.17898280345,69.79166666666666,1572,6.528145312958054,0,0,0,0,0,0,0,1.912468781623831,9.205327830152639,False,False,False,False,True,False
6.0,5867,57,6.818032823249103,31021.72354978355,69.23076923076923,1572,6.528145312958054,0,0,0,0,0,0,0,2.294962537948597,8.677269139262872,False,False,False,False,True,False
12.0,19053,18,6.801305199251226,43985.0757475695,76.31284916201118,3549,6.881313711751069,0,0,0,0,0,0,0,0.34871731190584043,9.855032332266724,False,False,False,False,False,True
1.0,35243,35,6.759224938434093,21326.030644316394,73.16804407713498,1572,6.528145312958054,0,0,0,0,0,0,0,0.38249375632476623,10.470050580986621,False,False,False,False,True,False
1.0,101,16,6.548792989998894,10128.71560623309,50.0,3067,6.382521258497842,0,0,0,0,0,0,0,0.3902922829787633,4.624972813284271,False,False,False,True,False,False
12.37420167311325,73,46,6.490336269696487,6754.518842086047,0.0,3549,6.881313711751069,0,0,0,0,0,0,0,0.35959152870240046,4.30406509320417,False,False,False,False,False,True
1.0,164,24,5.879225467208256,3053.415760869565,66.66666666666666,447,5.588299776286353,0,0,0,0,0,0,0,0.9078461025802542,5.10594547390058,False,True,False,False,False,False
2.0,46864,16,6.8301637565625155,29205.438752029575,74.0320427236315,3067,6.382521258497842,0,0,0,0,0,0,0,0.7805845659575266,10.755026407180587,False,False,False,True,False,False
1.0,55,17,6.604842707205482,20851.246346539916,0.0,610,5.665348780241979,0,0,0,0,0,0,0,0.13788144168663172,4.02535169073515,False,False,True,False,False,False
2.0,9730,44,6.7921340428944,31872.547252092783,82.08955223880598,3067,6.382521258497842,0,0,0,0,0,0,0,0.7805845659575266,9.18307194482199,False,False,False,True,False,False
97.0,390,34,6.490336269696487,6754.518842086047,71.42857142857143,3549,6.881313711751069,0,0,0,0,0,0,0,2.818798271238877,5.968707559985366,False,False,False,False,False,True
1.0,136,13,5.879225467208256,3053.415760869565,66.66666666666666,447,5.588299776286353,0,0,0,0,0,0,0,0.9078461025802542,4.919980925828125,False,True,False,False,False,False
1.0,37,18,6.648919547834284,16487.174642282618,0.0,3067,6.382521258497842,0,0,0,0,0,0,0,0.3902922829787633,3.6375861597263857,False,False,False,True,False,False
3.0,3417,20,6.643465275750761,19449.317304317305,67.94871794871796,1572,6.528145312958054,0,0,0,0,0,0,0,1.1474812689742986,8.136810863675537,False,False,False,False,True,False
14.0,45,10,6.635179612672527,21054.824107164448,0.0,3549,6.881313711751069,0,0,0,0,0,0,0,0.40683686389014717,3.828641396489095,False,False,False,False,False,True
4.0,187,5,6.794607080130419,17996.367678958784,50.0,2188,6.320059610463039,0,0,0,0,0,0,0,3.554656450559355,5.236441962829949,True,False,False,False,False,False
25.0,70416,31,6.510263751421897,20545.19121004566,78.7398921832884,610,5.665348780241979,0,0,0,0,0,0,0,3.447036042165793,11.162189990267917,False,False,True,False,False,False
4.0,48,32,6.490336269696487,6754.518842086047,0.0,3067,6.382521258497842,0,0,0,0,0,0,0,1.5611691319150531,3.8918202981106265,False,False,False,True,False,False
1.0,805,16,6.828608104785629,24355.418315841383,81.25,3067,6.382521258497842,0,0,0,0,0,0,0,0.3902922829787633,6.692083742506628,False,False,False,True,False,False
2.0,148,19,6.195191110040243,2612.9254587155965,66.66666666666666,3067,6.382521258497842,0,0,0,0,0,0,0,0.7805845659575266,5.003946305945459,False,False,False,True,False,False
26.0,80,16,6.788310729601363,20211.94423929099,0.0,3549,6.881313711751069,0,0,0,0,0,0,0,0.7555541757959876,4.394449154672439,False,False,False,False,False,True
47.0,632,32,6.728879252982257,24172.086087666834,66.66666666666666,3549,6.881313711751069,0,0,0,0,0,0,0,1.3658094716312084,6.450470422144176,False,False,False,False,False,True
24.0,35123,20,6.8993218075568965,27607.44021691029,80.8011049723757,3549,6.881313711751069,0,0,0,0,0,0,0,0.6974346238116809,10.466639936479886,False,False,False,False,False,True
1.0,727,40,5.7918085106382975,2324.3617021276596,72.22222222222221,1572,6.528145312958054,0,0,0,0,0,0,0,0.38249375632476623,6.590301048196686,False,False,False,False,True,False
10.0,32,15,6.795992294212215,28118.12073376913,0.0,3549,6.881313711751069,0,0,0,0,0,0,0,0.2905977599215337,3.4965075614664802,False,False,False,False,False,True
1.0,3811,23,6.829036948424544,17643.015772252504,84.93150684931507,2188,6.320059610463039,0,0,0,0,0,0,0,0.8886641126398388,8.245909264774093,True,False,False,False,False,False
25.0,309339,14,6.8301637565625155,29205.438752029575,82.63617772820227,3549,6.881313711751069,0,0,0,0,0,0,0,0.7264943998038342,12.64219627459213,False,False,False,False,False,True
12.0,479,13,6.744524531479761,27589.223936695056,50.0,3067,6.382521258497842,0,0,0,0,0,0,0,4.683507395745159,6.173786103901937,False,False,False,True,False,False
2.0,318,14,6.6979479475372585,33984.65115545547,66.66666666666666,610,5.665348780241979,0,0,0,0,0,0,0,0.27576288337326343,5.765191102784844,False,False,True,False,False,False
13.0,12975,31,6.837047845388285,33214.24139364271,74.55197132616487,3549,6.881313711751069,0,0,0,0,0,0,0,0.3777770878979938,9.470856776355195,False,False,False,False,False,True
1.0,4623,37,6.784596904004383,37318.703244620185,75.74468085106383,1572,6.528145312958054,0,0,0,0,0,0,0,0.38249375632476623,8.439015410352214,False,False,False,False,True,False
13.0,6479,13,6.807857833297545,29675.078598868375,72.92418772563177,3549,6.881313711751069,0,0,0,0,0,0,0,0.3777770878979938,8.776475789346321,False,False,False,False,False,True
1.0,50,20,6.5004185244497705,20155.465753424658,0.0,3067,6.382521258497842,0,0,0,0,0,0,0,0.3902922829787633,3.9318256327243257,False,False,False,True,False,False
1.0,52,28,6.542958467678293,16872.417365775556,100.0,1572,6.528145312958054,0,0,0,0,0,0,0,0.38249375632476623,3.970291913552122,False,False,False,False,True,False
1.0,11705,40,6.815470928920611,21866.42979286939,78.87323943661971,2188,6.320059610463039,0,0,0,0,0,0,0,0.8886641126398388,9.367856809851165,True,False,False,False,False,False
10.0,4436,7,6.5004185244497705,20155.465753424658,85.07462686567165,3549,6.881313711751069,0,0,0,0,0,0,0,0.2905977599215337,8.39773375137891,False,False,False,False,False,True
12.0,1217,17,6.797223933790411,23888.17998983208,62.06896551724138,3549,6.881313711751069,0,0,0,0,0,0,0,0.34871731190584043,7.1049654482698426,False,False,False,False,False,True
39.0,5541,23,6.894927655223125,29470.952275029344,76.76767676767676,3549,6.881313711751069,0,0,0,0,0,0,0,1.1333312636939814,8.620110725422924,False,False,False,False,False,True
1.0,549,8,4.9263479368027125,4281.747368421053,70.0,2188,6.320059610463039,0,0,0,0,0,0,0,0.8886641126398388,6.309918278226516,True,False,False,False,False,False
1.0,57,38,6.110232844165658,8601.531333250083,0.0,3067,6.382521258497842,0,0,0,0,0,0,0,0.3902922829787633,4.060443010546419,False,False,False,True,False,False
6.0,147,18,6.8059761534885554,20214.78450714711,50.0,610,5.665348780241979,0,0,0,0,0,0,0,0.8272886501197902,4.997212273764115,False,False,True,False,False,False
2.0,20151,41,6.751797143671785,26268.564264907767,78.16091954022988,3067,6.382521258497842,0,0,0,0,0,0,0,0.7805845659575266,9.911058818032446,False,False,False,True,False,False
1.0,9418,57,6.666474874898554,24526.824340126965,65.0,1572,6.528145312958054,0,0,0,0,0,0,0,0.38249375632476623,9.150484204822817,False,False,False,False,True,False
24.0,93,11,6.5004185244497705,20155.465753424658,0.0,3549,6.881313711751069,0,0,0,0,0,0,0,0.6974346238116809,4.543294782270004,False,False,False,False,False,True
2.0,35225,22,6.904255601987694,31982.71380111504,71.12366603892028,3067,6.382521258497842,0,0,0,0,0,0,0,0.7805845659575266,10.469539725292242,False,False,False,True,False,False
2.0,2296,27,6.744173990661228,28816.127973557603,72.0,1572,6.528145312958054,0,0,0,0,0,0,0,0.7649875126495325,7.739359202689098,False,False,False,False,True,False
5.0,20261,18,6.885145721113196,36258.768723581044,81.66449934980494,3067,6.382521258497842,0,0,0,0,0,0,0,1.9514614148938163,9.916502489613622,False,False,False,True,False,False
1.0,2137,28,6.637763368716651,42567.794815106856,81.35593220338984,3067,6.382521258497842,0,0,0,0,0,0,0,0.3902922829787633,7.6676260915849905,False,False,False,True,False,False
1.0,10067,43,6.849400484668315,36707.580010407786,0.0,2188,6.320059610463039,0,0,0,0,0,0,0,0.8886641126398388,9.217117356255207,True,False,False,False,False,False
12.0,73903,12,6.883380512152217,40718.61410250869,78.34645669291339,3549,6.881313711751069,0,0,0,0,0,0,0,0.34871731190584043,11.210522232670387,False,False,False,False,False,True
8.0,1113,29,6.851297034979002,21737.86723327578,53.84615384615385,3067,6.382521258497842,0,0,0,0,0,0,0,3.1223382638301063,7.01571242048723,False,False,False,True,False,False
26.0,3368,29,6.851384615162088,37135.73807187066,78.87323943661971,3549,6.881313711751069,0,0,0,0,0,0,0,0.7555541757959876,8.122371243406553,False,False,False,False,False,True
50.0,887,24,6.836335151609738,23693.80092663136,69.04761904761905,3549,6.881313711751069,0,0,0,0,0,0,0,1.4529887996076685,6.78897174299217,False,False,False,False,False,True
50.0,2526,8,6.662948251583755,24178.094281909634,80.0,3549,6.881313711751069,0,0,0,0,0,0,0,1.4529887996076685,7.834788107388194,False,False,False,False,False,True
1.0,10812,17,6.81009474623803,36266.74237857471,76.5281173594132,3067,6.382521258497842,0,0,0,0,0,0,0,0.3902922829787633,9.288504392945537,False,False,False,True,False,False
7.0,72,27,6.26522859704693,4177.704926926859,0.0,610,5.665348780241979,0,0,0,0,0,0,0,0.965170091806422,4.290459441148391,False,False,True,False,False,False
10.0,787,52,6.8393549963377245,31403.66763082611,83.33333333333334,3549,6.881313711751069,0,0,0,0,0,0,0,0.2905977599215337,6.669498089857879,False,False,False,False,False,True
1.0,76,37,6.679564955650962,12937.893013100436,0.0,2188,6.320059610463039,0,0,0,0,0,0,0,0.8886641126398388,4.343805421853684,True,False,False,False,False,False
7.0,139,26,5.558589488847307,349.1694444444444,0.0,3549,6.881313711751069,0,0,0,0,0,0,0,0.20341843194507359,4.941642422609304,False,False,False,False,False,True
5.0,2196,46,6.5004185244497705,20155.465753424658,62.96296296296296,1572,6.528145312958054,0,0,0,0,0,0,0,1.912468781623831,7.69484807238461,False,False,False,False,True,False
1.0,25169,42,6.817531173385809,34459.91188017973,78.71536523929471,3067,6.382521258497842,0,0,0,0,0,0,0,0.3902922829787633,10.133408088129361,False,False,False,True,False,False
24.0,114,27,6.837738345581713,24493.494821621938,0.0,3549,6.881313711751069,0,0,0,0,0,0,0,0.6974346238116809,4.74493212836325,False,False,False,False,False,True
2.0,2189,20,6.585959140352191,24290.948183903252,68.18181818181817,3067,6.382521258497842,0,0,0,0,0,0,0,0.7805845659575266,7.691656822810547,False,False,False,True,False,False
1.0,298,10,6.761709714305822,27666.489634616755,66.66666666666666,2188,6.320059610463039,0,0,0,0,0,0,0,0.8886641126398388,5.700443573390687,True,False,False,False,False,False
26.0,17920,17,6.880588822412662,36116.23965799748,78.93258426966293,3549,6.881313711751069,0,0,0,0,0,0,0,0.7555541757959876,9.793728488543389,False,False,False,False,False,True
1.0,125,15,6.829036948424544,17643.015772252504,0.0,2188,6.320059610463039,0,0,0,0,0,0,0,0.8886641126398388,4.836281906951478,True,False,False,False,False,False
1.0,401,41,6.662948251583755,24178.094281909634,75.0,2188,6.320059610463039,0,0,0,0,0,0,0,0.8886641126398388,5.996452088619021,True,False,False,False,False,False
2.0,1360,33,6.164566264410774,4404.363104307238,73.68421052631578,3067,6.382521258497842,0,0,0,0,0,0,0,0.7805845659575266,7.215975002651466,False,False,False,True,False,False
2.0,2971,32,6.195191110040243,2612.9254587155965,66.66666666666666,3067,6.382521258497842,0,0,0,0,0,0,0,0.7805845659575266,7.99699040583765,False,False,False,True,False,False
1.0,176,26,6.26522859704693,4177.704926926859,0.0,3067,6.382521258497842,0,0,0,0,0,0,0,0.3902922829787633,5.176149732573829,False,False,False,True,False,False
26.0,81,18,6.490336269696487,6754.518842086047,0.0,3549,6.881313711751069,0,0,0,0,0,0,0,0.7555541757959876,4.406719247264253,False,False,False,False,False,True
1.0,12877,20,6.830921446176283,26718.766997865972,82.06521739130434,2188,6.320059610463039,0,0,0,0,0,0,0,0.8886641126398388,9.463275708098129,True,False,False,False,False,False
1.0,84,22,6.58558055977916,14312.419903361644,0.0,3067,6.382521258497842,0,0,0,0,0,0,0,0.3902922829787633,4.442651256490317,False,False,False,True,False,False
1.0,45,15,6.490336269696487,6754.518842086047,0.0,3067,6.382521258497842,0,0,0,0,0,0,0,0.3902922829787633,3.828641396489095,False,False,False,True,False,False
13.0,6689,34,6.853035714105566,25664.09969819578,72.82229965156795,3549,6.881313711751069,0,0,0,0,0,0,0,0.3777770878979938,8.808369153122275,False,False,False,False,False,True
24.0,80307,13,6.910191281038786,39683.02714035873,83.92603129445236,3549,6.881313711751069,0,0,0,0,0,0,0,0.6974346238116809,11.293624521373468,False,False,False,False,False,True
1.0,1453,13,6.195191110040243,2612.9254587155965,71.42857142857143,3067,6.382521258497842,0,0,0,0,0,0,0,0.3902922829787633,7.282073658093465,False,False,False,True,False,False
3.0,35493,13,6.6153351605205115,23097.035076828644,82.36130867709815,3067,6.382521258497842,0,0,0,0,0,0,0,1.1708768489362897,10.47711894709451,False,False,False,True,False,False
2.0,434,13,6.195191110040243,2612.9254587155965,80.0,3067,6.382521258497842,0,0,0,0,0,0,0,0.7805845659575266,6.075346031088684,False,False,False,True,False,False
1.0,377,29,6.813328166392435,27575.709069583874,0.0,2188,6.320059610463039,0,0,0,0,0,0,0,0.8886641126398388,5.934894195619588,True,False,False,False,False,False
1.0,76286,18,6.822225583639856,29151.603509963275,84.44180522565321,2188,6.320059610463039,0,0,0,0,0,0,0,0.8886641126398388,11.242257822677576,True,False,False,False,False,False
1.0,1001,71,6.726465955361014,28171.06659381038,50.0,2188,6.320059610463039,0,0,0,0,0,0,0,0.8886641126398388,6.90975328164481,True,False,False,False,False,False
2.0,176,32,6.301036379522414,11434.922820846406,33.33333333333333,3067,6.382521258497842,0,0,0,0,0,0,0,0.7805845659575266,5.176149732573829,False,False,False,True,False,False
1.0,8906,33,6.868572948400319,22026.131219476494,78.62318840579711,2188,6.320059610463039,0,0,0,0,0,0,0,0.8886641126398388,9.09459276343187,True,False,False,False,False,False
48.0,3334,25,6.827850625188941,21162.251451633205,72.8,3549,6.881313711751069,0,0,0,0,0,0,0,1.3948692476233617,8.112227958349724,False,False,False,False,False,True
5.0,5080,11,6.643862920571972,22922.40634378954,72.24669603524228,3067,6.382521258497842,0,0,0,0,0,0,0,1.9514614148938163,8.533263371593732,False,False,False,True,False,False
3.0,7634,37,6.195191110040243,2612.9254587155965,73.44827586206897,3067,6.382521258497842,0,0,0,0,0,0,0,1.1708768489362897,8.940498217652733,False,False,False,True,False,False
1.0,8993,38,6.834918967411594,39177.271320319385,73.92638036809815,3067,6.382521258497842,0,0,0,0,0,0,0,0.3902922829787633,9.104312967330653,False,False,False,True,False,False
6.0,2593,49,6.807171356035,26130.873860523876,0.0,3549,6.881313711751069,0,0,0,0,0,0,0,0.17435865595292022,7.860956364876389,False,False,False,False,False,True
8.0,26709,19,6.911383487170326,39047.21185821253,82.67477203647417,1572,6.528145312958054,0,0,0,0,0,0,0,3.05995005059813,10.192793306104006,False,False,False,False,True,False
1.0,104,17,6.5004185244497705,20155.465753424658,100.0,2188,6.320059610463039,0,0,0,0,0,0,0,0.8886641126398388,4.653960350157523,True,False,False,False,False,False
1.0,345,23,6.195191110040243,2612.9254587155965,60.0,3067,6.382521258497842,0,0,0,0,0,0,0,0.3902922829787633,5.846438775057725,False,False,False,True,False,False
26.0,104,18,6.26522859704693,4177.704926926859,100.0,3549,6.881313711751069,0,0,0,0,0,0,0,0.7555541757959876,4.653960350157523,False,False,False,False,False,True
6.0,1584,8,6.821835129236781,29561.49497850989,72.72727272727273,3067,6.382521258497842,0,0,0,0,0,0,0,2.3417536978725795,7.368339686311381,False,False,False,True,False,False
1.0,44,43,6.58558055977916,14312.419903361644,0.0,2188,6.320059610463039,0,0,0,0,0,0,0,0.8886641126398388,3.8066624897703196,True,False,False,False,False,False
24.0,313114,22,6.805786778839613,33363.679859145755,83.14969604863222,3549,6.881313711751069,0,0,0,0,0,0,0,0.6974346238116809,12.654325814183553,False,False,False,False,False,True
9.0,267,70,4.9263479368027125,4281.747368421053,60.0,2188,6.320059610463039,0,0,0,0,0,0,0,7.9979770137585495,5.5909869805108565,True,False,False,False,False,False
1.0,180,7,6.6819426705842195,18722.56480948544,50.0,2188,6.320059610463039,0,0,0,0,0,0,0,0.8886641126398388,5.198497031265826,True,False,False,False,False,False
3.0,1859,20,6.756666247949616,33467.04005336848,74.24242424242425,3067,6.382521258497842,0,0,0,0,0,0,0,1.1708768489362897,7.528331766707247,False,False,False,True,False,False
1.0,56,16,5.7918085106382975,2324.3617021276596,0.0,3067,6.382521258497842,0,0,0,0,0,0,0,0.3902922829787633,4.04305126783455,False,False,False,True,False,False
46.0,676,39,6.895006040624961,27553.852394035344,69.23076923076923,3549,6.881313711751069,0,0,0,0,0,0,0,1.336749695639055,6.517671272912275,False,False,False,False,False,True
1.0,74,32,4.9263479368027125,4281.747368421053,100.0,2188,6.320059610463039,0,0,0,0,0,0,0,0.8886641126398388,4.31748811353631,True,False,False,False,False,False
1.0,763,28,6.22747829422649,6094.346320346321,65.21739130434783,610,5.665348780241979,0,0,0,0,0,0,0,0.13788144168663172,6.638567789166521,False,False,True,False,False,False
1.0,1174,14,5.879225467208256,3053.415760869565,80.55555555555556,447,5.588299776286353,0,0,0,0,0,0,0,0.9078461025802542,7.069023426578259,False,True,False,False,False,False
12.0,11143,32,6.864375546316985,42847.67487291615,80.28846153846155,3549,6.881313711751069,0,0,0,0,0,0,0,0.34871731190584043,9.318656515459642,False,False,False,False,False,True
1.0,151,62,6.620949893864058,18406.939191740115,0.0,2188,6.320059610463039,0,0,0,0,0,0,0,0.8886641126398388,5.0238805208462765,True,False,False,False,False,False
13.0,96,23,6.5004185244497705,20155.465753424658,50.0,3549,6.881313711751069,0,0,0,0,0,0,0,0.3777770878979938,4.574710978503383,False,False,False,False,False,True
1.0,558,4,6.6626454716813885,39233.01609211033,83.33333333333334,2188,6.320059610463039,0,0,0,0,0,0,0,0.8886641126398388,6.326149473155099,True,False,False,False,False,False
1.0,374,4,6.2680555955337915,8242.158584660134,100.0,447,5.588299776286353,0,0,0,0,0,0,0,0.9078461025802542,5.926926025970411,False,True,False,False,False,False
1.0,16648,26,6.429001687383052,23463.296875,71.14427860696517,1572,6.528145312958054,0,0,0,0,0,0,0,0.38249375632476623,9.720105433544852,False,False,False,False,True,False
1.0,121,4,6.688211333662519,27675.776860261347,100.0,2188,6.320059610463039,0,0,0,0,0,0,0,0.8886641126398388,4.804021044733257,True,False,False,False,False,False
1.0,17209,57,6.7812232788728535,26850.034277509672,75.53956834532374,3067,6.382521258497842,0,0,0,0,0,0,0,0.3902922829787633,9.753245889205585,False,False,False,True,False,False
1.0,13716,40,6.957108251170583,41201.927953938415,76.03305785123968,2188,6.320059610463039,0,0,0,0,0,0,0,0.8886641126398388,9.526391218478407,True,False,False,False,False,False
1.0,7062,35,6.819600539348966,34120.33145160775,72.22222222222221,1572,6.528145312958054,0,0,0,0,0,0,0,0.38249375632476623,8.862625169408922,False,False,False,False,True,False
1.0,304,12,6.6934802647434,16397.500545159935,60.0,2188,6.320059610463039,0,0,0,0,0,0,0,0.8886641126398388,5.720311776607412,True,False,False,False,False,False
13.0,11386,32,6.820555367180653,20857.855864542704,75.57077625570776,3549,6.881313711751069,0,0,0,0,0,0,0,0.3777770878979938,9.340227632810604,False,False,False,False,False,True
1.0,70,20,6.432021861785729,16170.136601661248,0.0,2188,6.320059610463039,0,0,0,0,0,0,0,0.8886641126398388,4.2626798770413155,True,False,False,False,False,False
1.0,93,30,6.26522859704693,4177.704926926859,0.0,3067,6.382521258497842,0,0,0,0,0,0,0,0.3902922829787633,4.543294782270004,False,False,False,True,False,False
1.0,337,17,6.5004185244497705,20155.465753424658,85.71428571428571,2188,6.320059610463039,0,0,0,0,0,0,0,0.8886641126398388,5.823045895483019,True,False,False,False,False,False
1.0,29668,55,6.786975454264241,27560.27046426694,72.72108843537414,2188,6.320059610463039,0,0,0,0,0,0,0,0.8886641126398388,10.297858008638679,True,False,False,False,False,False
1.0,2411,14,6.54547003484183,13251.121570580746,69.86301369863014,1572,6.528145312958054,0,0,0,0,0,0,0,0.38249375632476623,7.788211557847076,False,False,False,False,True,False
1.0,34011,34,6.909654882850925,33882.26471045986,83.85933273219116,1572,6.528145312958054,0,0,0,0,0,0,0,0.38249375632476623,10.434468682505683,False,False,False,False,True,False
1.0,1158,21,6.759981036678705,22990.538881508935,89.47368421052632,3067,6.382521258497842,0,0,0,0,0,0,0,0.3902922829787633,7.055312843339752,False,False,False,True,False,False
1.0,794,48,5.879225467208256,3053.415760869565,77.41935483870968,447,5.588299776286353,0,0,0,0,0,0,0,0.9078461025802542,6.678342114654332,False,True,False,False,False,False
1.0,137,15,4.9263479368027125,4281.747368421053,60.0,1572,6.528145312958054,0,0,0,0,0,0,0,0.38249375632476623,4.927253685157205,False,False,False,False,True,False
7.0,21020,48,6.844614966234576,28383.127744251182,76.65024630541872,3067,6.382521258497842,0,0,0,0,0,0,0,2.732045980851343,9.953277217038643,False,False,False,True,False,False
27.0,9210,17,6.5004185244497705,20155.465753424658,75.1578947368421,1572,6.528145312958054,0,0,0,0,0,0,0,10.327331420768688,9.128153700988236,False,False,False,False,True,False
6.0,52,14,6.5004185244497705,20155.465753424658,0.0,3067,6.382521258497842,0,0,0,0,0,0,0,2.3417536978725795,3.970291913552122,False,False,False,True,False,False
52.0,102,12,6.697640144872388,20202.271392966297,0.0,3549,6.881313711751069,0,0,0,0,0,0,0,1.5111083515919752,4.634728988229636,False,False,False,False,False,True
1.0,434,17,6.22747829422649,6094.346320346321,80.0,3067,6.382521258497842,0,0,0,0,0,0,0,0.3902922829787633,6.075346031088684,False,False,False,True,False,False
50.0,103,14,5.7918085106382975,2324.3617021276596,0.0,3549,6.881313711751069,0,0,0,0,0,0,0,1.4529887996076685,4.6443908991413725,False,False,False,False,False,True
1.0,18468,10,6.871679492982944,40656.93771881073,75.82417582417582,1572,6.528145312958054,0,0,0,0,0,0,0,0.38249375632476623,9.823848929875911,False,False,False,False,True,False
1.0,2512,22,6.241442385702294,9837.82456140351,65.45454545454545,1572,6.528145312958054,0,0,0,0,0,0,0,0.38249375632476623,7.829232537543592,False,False,False,False,True,False
1.0,74,19,5.879225467208256,3053.415760869565,100.0,447,5.588299776286353,0,0,0,0,0,0,0,0.9078461025802542,4.31748811353631,False,True,False,False,False,False
1006.0,153,21,6.5004185244497705,20155.465753424658,66.66666666666666,3549,6.881313711751069,0,0,0,0,0,0,0,29.234134648106288,5.0369526024136295,False,False,False,False,False,True
12.37420167311325,49,20,6.662948251583755,24178.094281909634,0.0,610,5.665348780241979,0,0,0,0,0,0,0,1.706172766409985,3.912023005428146,False,False,True,False,False,False
4.0,2520,6,6.728879252982257,24172.086087666834,90.0,3067,6.382521258497842,0,0,0,0,0,0,0,1.5611691319150531,7.83241092718792,False,False,False,True,False,False
1.0,175,56,6.764465840959698,30623.558870542678,50.0,2188,6.320059610463039,0,0,0,0,0,0,0,0.8886641126398388,5.170483995038151,True,False,False,False,False,False
1.0,3818,32,6.894164257864038,33666.32975319148,74.0,2188,6.320059610463039,0,0,0,0,0,0,0,0.8886641126398388,8.247743887225516,True,False,False,False,False,False
1.0,26,8,5.928305399625769,14123.2,0.0,447,5.588299776286353,0,0,0,0,0,0,0,0.9078461025802542,3.295836866004329,False,True,False,False,False,False
1.0,48432,23,6.723823326708267,24021.174658209355,80.13468013468014,3067,6.382521258497842,0,0,0,0,0,0,0,0.3902922829787633,10.787936678554125,False,False,False,True,False,False
12.0,145102,12,7.000843749434601,59130.611320923555,85.3071948261924,3549,6.881313711751069,0,0,0,0,0,0,0,0.34871731190584043,11.885199114054824,False,False,False,False,False,True
1.0,4031,23,6.805620481676584,23756.87785113025,73.96449704142012,1572,6.528145312958054,0,0,0,0,0,0,0,0.38249375632476623,8.302017809751204,False,False,False,False,True,False
43.0,112,12,6.662948251583755,24178.094281909634,0.0,3549,6.881313711751069,0,0,0,0,0,0,0,1.2495703676625949,4.727387818712341,False,False,False,False,False,True
1.0,992,23,6.7842301997157435,23284.036834831608,56.666666666666664,1572,6.528145312958054,0,0,0,0,0,0,0,0.38249375632476623,6.900730664045173,False,False,False,False,True,False
1.0,36,17,6.548792989998894,10128.71560623309,0.0,3067,6.382521258497842,0,0,0,0,0,0,0,0.3902922829787633,3.6109179126442243,False,False,False,True,False,False
4.0,27261,26,6.510263751421897,20545.19121004566,77.48387096774194,1572,6.528145312958054,0,0,0,0,0,0,0,1.529975025299065,10.213249070130788,False,False,False,False,True,False
3.0,2708,12,6.195191110040243,2612.9254587155965,57.534246575342465,3067,6.382521258497842,0,0,0,0,0,0,0,1.1708768489362897,7.904334842085095,False,False,False,True,False,False
1.0,156,51,6.84582189119633,27999.835151763284,0.0,3067,6.382521258497842,0,0,0,0,0,0,0,0.3902922829787633,5.056245805348308,False,False,False,True,False,False
1.0,189,5,6.22747829422649,6094.346320346321,77.77777777777779,2188,6.320059610463039,0,0,0,0,0,0,0,0.8886641126398388,5.247024072160486,True,False,False,False,False,False
26.0,27976,21,6.815973161881278,27317.788961857455,80.12618296529969,3549,6.881313711751069,0,0,0,0,0,0,0,0.7555541757959876,10.239138023028598,False,False,False,False,False,True
13.0,38865,21,6.860330960269029,30661.6482906058,0.0,3549,6.881313711751069,0,0,0,0,0,0,0,0.3777770878979938,10.567875111424648,False,False,False,False,False,True
2.0,2187,33,6.790816964622494,34147.741176602874,73.63636363636363,1572,6.528145312958054,0,0,0,0,0,0,0,0.7649875126495325,7.690743163541872,False,False,False,False,True,False
1.0,2005,18,6.195191110040243,2612.9254587155965,65.78947368421053,3067,6.382521258497842,0,0,0,0,0,0,0,0.3902922829787633,7.603897968521881,False,False,False,True,False,False
1.0,1906,31,6.801279969075106,30451.704393992975,74.60317460317461,1572,6.528145312958054,0,0,0,0,0,0,0,0.38249375632476623,7.553286605600419,False,False,False,False,True,False
52.0,1286,30,6.788310729601363,20211.94423929099,68.75,3549,6.881313711751069,0,0,0,0,0,0,0,1.5111083515919752,7.160069207596127,False,False,False,False,False,True
1.0,450,14,6.895976464352848,39226.60980560211,80.0,3067,6.382521258497842,0,0,0,0,0,0,0,0.3902922829787633,6.111467339502679,False,False,False,True,False,False
5.0,84,13,6.5004185244497705,20155.465753424658,100.0,610,5.665348780241979,0,0,0,0,0,0,0,0.6894072084331586,4.442651256490317,False,False,True,False,False,False
1.0,161,16,6.265461606140655,11175.0818776953,80.0,447,5.588299776286353,0,0,0,0,0,0,0,0.9078461025802542,5.087596335232384,False,True,False,False,False,False
1.0,116,14,5.558589488847307,349.1694444444444,100.0,2188,6.320059610463039,0,0,0,0,0,0,0,0.8886641126398388,4.762173934797756,True,False,False,False,False,False
12.0,30146,19,6.82373534428293,32691.40258833341,80.3486529318542,3549,6.881313711751069,0,0,0,0,0,0,0,0.34871731190584043,10.313840694717069,False,False,False,False,False,True
26.0,801,30,6.677693639525605,11247.974150664697,77.5,3549,6.881313711751069,0,0,0,0,0,0,0,0.7555541757959876,6.687108607866515,False,False,False,False,False,True
1.0,910,17,6.737086385783746,52058.131005513336,68.42105263157895,610,5.665348780241979,0,0,0,0,0,0,0,0.13788144168663172,6.814542897259958,False,False,True,False,False,False
1.0,35,8,6.5004185244497705,20155.465753424658,0.0,2188,6.320059610463039,0,0,0,0,0,0,0,0.8886641126398388,3.58351893845611,True,False,False,False,False,False
51.0,105,9,6.671140218499566,17379.625889812763,0.0,3549,6.881313711751069,0,0,0,0,0,0,0,1.4820485755998218,4.663439094112067,False,False,False,False,False,True
1.0,13633,22,6.9160083847587,28517.480811599227,72.16642754662841,3067,6.382521258497842,0,0,0,0,0,0,0,0.3902922829787633,9.52032195192273,False,False,False,True,False,False
1.0,59,26,6.513833199933685,9375.297391753698,0.0,610,5.665348780241979,0,0,0,0,0,0,0,0.13788144168663172,4.0943445622221,False,False,True,False,False,False
1.0,2354,39,6.893698780940906,27013.16508274137,71.66666666666667,2188,6.320059610463039,0,0,0,0,0,0,0,0.8886641126398388,7.764296006450518,True,False,False,False,False,False
26.0,44009,8,6.87510785201077,39486.28841471361,77.77777777777779,3549,6.881313711751069,0,0,0,0,0,0,0,0.7555541757959876,10.692172159805137,False,False,False,False,False,True
13.0,55977,16,6.613267444356878,16409.513469827587,81.11011638316921,3549,6.881313711751069,0,0,0,0,0,0,0,0.3777770878979938,10.932714035385844,False,False,False,False,False,True
24.0,150872,8,6.999830127256439,47665.7873716179,82.07934336525308,3549,6.881313711751069,0,0,0,0,0,0,0,0.6974346238116809,11.924193702305343,False,False,False,False,False,True
1.0,129,17,6.829036948424544,17643.015772252504,0.0,2188,6.320059610463039,0,0,0,0,0,0,0,0.8886641126398388,4.867534450455582,True,False,False,False,False,False
52.0,216,21,5.7918085106382975,2324.3617021276596,33.33333333333333,3549,6.881313711751069,0,0,0,0,0,0,0,1.5111083515919752,5.37989735354046,False,False,False,False,False,True
1.0,255,13,5.558589488847307,349.1694444444444,60.0,2188,6.320059610463039,0,0,0,0,0,0,0,0.8886641126398388,5.545177444479562,True,False,False,False,False,False
2.0,104,20,6.5004185244497705,20155.465753424658,0.0,3067,6.382521258497842,0,0,0,0,0,0,0,0.7805845659575266,4.653960350157523,False,False,False,True,False,False
1.0,3111,57,6.666474874898554,24526.824340126965,52.83018867924528,1572,6.528145312958054,0,0,0,0,0,0,0,0.38249375632476623,8.043020885298283,False,False,False,False,True,False
4.0,44826,27,6.873641596354956,38572.95449077185,81.81818181818183,3067,6.382521258497842,0,0,0,0,0,0,0,1.5611691319150531,10.71056591543671,False,False,False,True,False,False
1.0,9474,42,6.804073199368591,40360.61563251187,75.45787545787546,1572,6.528145312958054,0,0,0,0,0,0,0,0.38249375632476623,9.156412029950626,False,False,False,False,True,False
1.0,222,16,6.6713729887351505,19736.361405197305,57.14285714285714,610,5.665348780241979,0,0,0,0,0,0,0,0.13788144168663172,5.407171771460119,False,False,True,False,False,False
52.0,188,29,6.8569287506609085,33112.97820607976,66.66666666666666,3549,6.881313711751069,0,0,0,0,0,0,0,1.5111083515919752,5.241747015059643,False,False,False,False,False,True
12.0,95242,21,6.795116253480846,27053.492284035852,83.22316650928549,3549,6.881313711751069,0,0,0,0,0,0,0,0.34871731190584043,11.464186799474717,False,False,False,False,False,True
1.0,97,20,6.77960349153899,31711.60097237719,0.0,2188,6.320059610463039,0,0,0,0,0,0,0,0.8886641126398388,4.584967478670572,True,False,False,False,False,False
13.0,252,10,6.22747829422649,6094.346320346321,40.0,3549,6.881313711751069,0,0,0,0,0,0,0,0.3777770878979938,5.53338948872752,False,False,False,False,False,True
1.0,3433,12,4.9263479368027125,4281.747368421053,54.385964912280706,2188,6.320059610463039,0,0,0,0,0,0,0,0.8886641126398388,8.141481041457421,True,False,False,False,False,False
51.0,255,9,6.789630233288598,30313.031393514168,72.72727272727273,3549,6.881313711751069,0,0,0,0,0,0,0,1.4820485755998218,5.545177444479562,False,False,False,False,False,True
3.0,41,24,6.671140218499566,17379.625889812763,100.0,1572,6.528145312958054,0,0,0,0,0,0,0,1.1474812689742986,3.7376696182833684,False,False,False,False,True,False
2.0,888,25,6.195191110040243,2612.9254587155965,72.22222222222221,3067,6.382521258497842,0,0,0,0,0,0,0,0.7805845659575266,6.790097235513905,False,False,False,True,False,False
3.0,5473,30,6.726881389735055,20338.098088288767,82.77027027027027,1572,6.528145312958054,0,0,0,0,0,0,0,1.1474812689742986,8.607764889600624,False,False,False,False,True,False
3.0,603,23,6.6657177823299945,20694.326722839636,46.666666666666664,1572,6.528145312958054,0,0,0,0,0,0,0,1.1474812689742986,6.403574197934815,False,False,False,False,True,False
1.0,855,12,5.659166666666667,486.3333333333333,100.0,2188,6.320059610463039,0,0,0,0,0,0,0,0.8886641126398388,6.752270376141742,True,False,False,False,False,False
26.0,316,15,6.792397910320175,20798.375844036505,75.0,3549,6.881313711751069,0,0,0,0,0,0,0,0.7555541757959876,5.75890177387728,False,False,False,False,False,True
1.0,84,17,5.879225467208256,3053.415760869565,100.0,447,5.588299776286353,0,0,0,0,0,0,0,0.9078461025802542,4.442651256490317,False,True,False,False,False,False
26.0,229,25,6.685766793947192,14993.653969408899,80.0,3549,6.881313711751069,0,0,0,0,0,0,0,0.7555541757959876,5.438079308923196,False,False,False,False,False,True
2.0,2889,51,6.535424356044026,23676.10518616494,72.3404255319149,3067,6.382521258497842,0,0,0,0,0,0,0,0.7805845659575266,7.969011781106478,False,False,False,True,False,False
1.0,28626,40,6.816742595707507,34212.50144126047,76.51775486827033,3067,6.382521258497842,0,0,0,0,0,0,0,0.3902922829787633,10.26210560741145,False,False,False,True,False,False
3.0,12872,23,6.864516828268249,38843.84904730582,75.14450867052022,3067,6.382521258497842,0,0,0,0,0,0,0,1.1708768489362897,9.462887373659635,False,False,False,True,False,False
1.0,5794,37,6.721357126733849,26465.79519599665,82.64150943396227,3067,6.382521258497842,0,0,0,0,0,0,0,0.3902922829787633,8.664750755773852,False,False,False,True,False,False
50.0,742,22,6.882238498533699,25918.566709652645,63.1578947368421,3549,6.881313711751069,0,0,0,0,0,0,0,1.4529887996076685,6.610696044717759,False,False,False,False,False,True
153.0,316102,11,6.856081241437622,29884.41254723296,82.9418472063854,3549,6.881313711751069,0,0,0,0,0,0,0,4.4461457267994655,12.663823388826183,False,False,False,False,False,True
32.0,162,57,6.688025313988094,26398.36106242627,0.0,3549,6.881313711751069,0,0,0,0,0,0,0,0.9299128317489078,5.093750200806762,False,False,False,False,False,True
1.0,102,13,5.775788441476067,5728.942895299145,66.66666666666666,447,5.588299776286353,0,0,0,0,0,0,0,0.9078461025802542,4.634728988229636,False,True,False,False,False,False
6.0,2902,17,6.7531871272138275,30091.027739218214,76.06837606837607,1572,6.528145312958054,0,0,0,0,0,0,0,2.294962537948597,7.97349996402463,False,False,False,False,True,False
1.0,54,17,6.548792989998894,10128.71560623309,100.0,3067,6.382521258497842,0,0,0,0,0,0,0,0.3902922829787633,4.007333185232471,False,False,False,True,False,False
1.0,475,19,6.827850625188941,21162.251451633205,62.5,2188,6.320059610463039,0,0,0,0,0,0,0,0.8886641126398388,6.16541785423142,True,False,False,False,False,False
1.0,68,18,5.775788441476067,5728.942895299145,0.0,447,5.588299776286353,0,0,0,0,0,0,0,0.9078461025802542,4.23410650459726,False,True,False,False,False,False
92.0,5746,10,6.877926778715913,28725.509943837485,75.6578947368421,3549,6.881313711751069,0,0,0,0,0,0,0,2.67349939127811,8.656433258507741,False,False,False,False,False,True
1.0,468,6,5.7918085106382975,2324.3617021276596,66.66666666666666,2188,6.320059610463039,0,0,0,0,0,0,0,0.8886641126398388,6.150602768446279,True,False,False,False,False,False
1.0,67,11,6.12808909241728,8843.489917027417,100.0,1572,6.528145312958054,0,0,0,0,0,0,0,0.38249375632476623,4.219507705176107,False,False,False,False,True,False
26.0,1342,21,6.786000370687271,20734.27494205464,73.91304347826086,3549,6.881313711751069,0,0,0,0,0,0,0,0.7555541757959876,7.202661196523238,False,False,False,False,False,True
109.0,1650,17,6.759777776037483,12925.880088432785,78.37837837837837,3549,6.881313711751069,0,0,0,0,0,0,0,3.1675155831447173,7.409136443920128,False,False,False,False,False,True
1.0,668,23,6.631987024818271,31280.90941523938,66.66666666666666,3067,6.382521258497842,0,0,0,0,0,0,0,0.3902922829787633,6.505784060128229,False,False,False,True,False,False
13.0,1187,46,6.5004185244497705,20155.465753424658,62.5,3549,6.881313711751069,0,0,0,0,0,0,0,0.3777770878979938,7.080026499922591,False,False,False,False,False,True
4.0,175,49,6.744173990661228,28816.127973557603,0.0,3067,6.382521258497842,0,0,0,0,0,0,0,1.5611691319150531,5.170483995038151,False,False,False,True,False,False
1.0,2794,9,5.7918085106382975,2324.3617021276596,82.92682926829268,3067,6.382521258497842,0,0,0,0,0,0,0,0.3902922829787633,7.9355873855892,False,False,False,True,False,False
1.0,2718,32,6.9991527367920785,29224.91358909553,53.2258064516129,1572,6.528145312958054,0,0,0,0,0,0,0,0.38249375632476623,7.908019444632471,False,False,False,False,True,False
1.0,20,36,6.289007148338809,2755.141935483871,0.0,3067,6.382521258497842,0,0,0,0,0,0,0,0.3902922829787633,3.044522437723423,False,False,False,True,False,False
5.0,1060,10,5.879225467208256,3053.415760869565,0.0,3067,6.382521258497842,0,0,0,0,0,0,0,1.9514614148938163,6.966967138613983,False,False,False,True,False,False
26.0,45,14,6.446087560798237,7902.451431458987,0.0,3549,6.881313711751069,0,0,0,0,0,0,0,0.7555541757959876,3.828641396489095,False,False,False,False,False,True
1.0,1052,20,6.755039400968009,28202.223299767647,85.29411764705883,2188,6.320059610463039,0,0,0,0,0,0,0,0.8886641126398388,6.959398512133975,True,False,False,False,False,False
39.0,284,14,6.751585809121671,19724.348480529654,44.44444444444444,3549,6.881313711751069,0,0,0,0,0,0,0,1.1333312636939814,5.652489180268651,False,False,False,False,False,True
1.0,58,26,6.689439508121831,23624.155205268115,0.0,2188,6.320059610463039,0,0,0,0,0,0,0,0.8886641126398388,4.07753744390572,True,False,False,False,False,False
13.0,1203,43,6.703006296580537,26160.623568722254,84.0,1572,6.528145312958054,0,0,0,0,0,0,0,4.972418832221961,7.093404625868766,False,False,False,False,True,False
38.0,1147,14,6.786000370687271,20734.27494205464,75.0,3549,6.881313711751069,0,0,0,0,0,0,0,1.104271487701828,7.045776576879511,False,False,False,False,False,True
24.0,36941,15,6.8596621223012715,27427.111959764163,85.71428571428571,3549,6.881313711751069,0,0,0,0,0,0,0,0.6974346238116809,10.517104394139265,False,False,False,False,False,True
3.0,149,15,6.045175999634896,2840.439024390244,100.0,3549,6.881313711751069,0,0,0,0,0,0,0,0.08717932797646011,5.0106352940962555,False,False,False,False,False,True
1.0,42,23,6.26522859704693,4177.704926926859,0.0,3067,6.382521258497842,0,0,0,0,0,0,0,0.3902922829787633,3.7612001156935624,False,False,False,True,False,False
23.0,223,19,6.775097268203942,37078.23319414019,0.0,3549,6.881313711751069,0,0,0,0,0,0,0,0.6683748478195275,5.4116460518550396,False,False,False,False,False,True
12.0,46,20,6.40169871215857,11208.264643466027,0.0,3549,6.881313711751069,0,0,0,0,0,0,0,0.34871731190584043,3.8501476017100584,False,False,False,False,False,True
2.0,1308,28,6.195191110040243,2612.9254587155965,54.761904761904766,3067,6.382521258497842,0,0,0,0,0,0,0,0.7805845659575266,7.1770187659099,False,False,False,True,False,False
1.0,37,15,5.558589488847307,349.1694444444444,0.0,2188,6.320059610463039,0,0,0,0,0,0,0,0.8886641126398388,3.6375861597263857,True,False,False,False,False,False
12.0,50019,20,6.999107567057773,40621.28112456648,79.49070887818307,3549,6.881313711751069,0,0,0,0,0,0,0,0.34871731190584043,10.82017820443161,False,False,False,False,False,True
1.0,260,22,6.5004185244497705,20155.465753424658,66.66666666666666,2188,6.320059610463039,0,0,0,0,0,0,0,0.8886641126398388,5.564520407322694,True,False,False,False,False,False
1.0,602,17,6.224347117248813,7877.631555289181,76.92307692307693,1572,6.528145312958054,0,0,0,0,0,0,0,0.38249375632476623,6.401917196727186,False,False,False,False,True,False
1.0,567,16,6.494012152354782,22095.72140651465,77.77777777777779,447,5.588299776286353,0,0,0,0,0,0,0,0.9078461025802542,6.342121418721152,False,True,False,False,False,False
2.0,40868,31,6.8873779809596005,36426.83482602904,80.41280539174389,3067,6.382521258497842,0,0,0,0,0,0,0,0.7805845659575266,10.618127108434171,False,False,False,True,False,False
1.0,1665,74,6.662948251583755,24178.094281909634,69.04761904761905,1572,6.528145312958054,0,0,0,0,0,0,0,0.38249375632476623,7.418180822726788,False,False,False,False,True,False
52.0,11684,21,6.782229399472426,29073.078301265625,81.17647058823529,3549,6.881313711751069,0,0,0,0,0,0,0,1.5111083515919752,9.366061246972958,False,False,False,False,False,True
1.0,574,30,6.677693639525605,11247.974150664697,60.0,2188,6.320059610463039,0,0,0,0,0,0,0,0.8886641126398388,6.354370040797351,True,False,False,False,False,False
2.0,16986,46,6.864516828268249,38843.84904730582,75.65502183406113,1572,6.528145312958054,0,0,0,0,0,0,0,0.7649875126495325,9.74020362461931,False,False,False,False,True,False
1.0,299,25,6.195191110040243,2612.9254587155965,75.0,3067,6.382521258497842,0,0,0,0,0,0,0,0.3902922829787633,5.703782474656201,False,False,False,True,False,False
1.0,220,42,6.48976219033308,13161.231651645769,80.0,2188,6.320059610463039,0,0,0,0,0,0,0,0.8886641126398388,5.3981627015177525,True,False,False,False,False,False
31.0,1826,19,6.875576816660936,30151.988461478068,81.48148148148148,3549,6.881313711751069,0,0,0,0,0,0,0,0.9008530557567545,7.510430556378006,False,False,False,False,False,True
1.0,1808,18,6.195191110040243,2612.9254587155965,54.54545454545454,3067,6.382521258497842,0,0,0,0,0,0,0,0.3902922829787633,7.500529485395295,False,False,False,True,False,False
1.0,102,38,6.26522859704693,4177.704926926859,0.0,3067,6.382521258497842,0,0,0,0,0,0,0,0.3902922829787633,4.634728988229636,False,False,False,True,False,False
1.0,385,48,6.427976318936198,24511.19333498024,66.66666666666666,447,5.588299776286353,0,0,0,0,0,0,0,0.9078461025802542,5.955837369464831,False,True,False,False,False,False
64.0,226625,14,6.8472683934994345,32177.642859416497,82.35637779941577,3549,6.881313711751069,0,0,0,0,0,0,0,1.8598256634978156,12.331056360623258,False,False,False,False,False,True
12.37420167311325,704,25,6.2467029592772985,15632.091049789251,0.0,610,5.665348780241979,0,0,0,0,0,0,0,1.706172766409985,6.558197802812269,False,False,True,False,False,False
1.0,42304,53,6.855023571108642,39310.712371600624,77.66159695817491,2188,6.320059610463039,0,0,0,0,0,0,0,0.8886641126398388,10.652660561358601,True,False,False,False,False,False
1.0,1462,30,6.87869123882592,24409.39225562343,71.875,1572,6.528145312958054,0,0,0,0,0,0,0,0.38249375632476623,7.288244401020124,False,False,False,False,True,False
4.0,1383,18,6.831725682510775,29540.344065907895,50.0,3067,6.382521258497842,0,0,0,0,0,0,0,1.5611691319150531,7.232733136177615,False,False,False,True,False,False
12.0,37919,28,6.8504907933765775,33561.1021229455,81.55002891844997,3549,6.881313711751069,0,0,0,0,0,0,0,0.34871731190584043,10.543233956368958,False,False,False,False,False,True
1.0,462,17,6.749295062077874,25406.08960050221,53.333333333333336,3067,6.382521258497842,0,0,0,0,0,0,0,0.3902922829787633,6.137727054086234,False,False,False,True,False,False
1.0,40858,50,6.8631784768840625,29067.500943964766,77.94221282593375,1572,6.528145312958054,0,0,0,0,0,0,0,0.38249375632476623,10.617882394259105,False,False,False,False,True,False
6.0,2596,15,6.740938861826055,20555.37206982238,87.36842105263159,3067,6.382521258497842,0,0,0,0,0,0,0,2.3417536978725795,7.862112211662748,False,False,False,True,False,False
25.0,44874,21,6.831591285719375,40616.56009794738,78.94736842105263,3549,6.881313711751069,0,0,0,0,0,0,0,0.7264943998038342,10.71163612579058,False,False,False,False,False,True
1.0,105,6,6.806439376553833,26783.102275064666,0.0,2188,6.320059610463039,0,0,0,0,0,0,0,0.8886641126398388,4.663439094112067,True,False,False,False,False,False
2.0,217,18,6.799447922681467,32905.2987075575,0.0,3067,6.382521258497842,0,0,0,0,0,0,0,0.7805845659575266,5.384495062789089,False,False,False,True,False,False
1.0,91,14,5.775788441476067,5728.942895299145,50.0,447,5.588299776286353,0,0,0,0,0,0,0,0.9078461025802542,4.5217885770490405,False,True,False,False,False,False
51.0,1138,25,6.5004185244497705,20155.465753424658,16.666666666666664,3549,6.881313711751069,0,0,0,0,0,0,0,1.4820485755998218,7.037905963447182,False,False,False,False,False,True
1.0,2212,9,6.26522859704693,4177.704926926859,81.69014084507043,2188,6.320059610463039,0,0,0,0,0,0,0,0.8886641126398388,7.70210434005105,True,False,False,False,False,False
1.0,192,4,6.294246178584725,12300.221350262369,75.0,447,5.588299776286353,0,0,0,0,0,0,0,0.9078461025802542,5.262690188904886,False,True,False,False,False,False
25.0,60525,40,6.797413472032771,24850.83256786997,83.15602836879432,3549,6.881313711751069,0,0,0,0,0,0,0,0.7264943998038342,11.010828303768077,False,False,False,False,False,True
2.0,82,36,6.5970797128209036,29895.67701079054,50.0,3067,6.382521258497842,0,0,0,0,0,0,0,0.7805845659575266,4.418840607796598,False,False,False,True,False,False
3.0,556,14,6.7320152936240785,17222.706266112484,77.77777777777779,3067,6.382521258497842,0,0,0,0,0,0,0,1.1708768489362897,6.322565239927284,False,False,False,True,False,False
4.0,546,45,6.706774600460976,17041.217391304348,50.0,610,5.665348780241979,0,0,0,0,0,0,0,0.5515257667465269,6.304448802421981,False,False,True,False,False,False
1.0,1488,22,6.694310329049049,44057.217948251295,81.35593220338984,3067,6.382521258497842,0,0,0,0,0,0,0,0.3902922829787633,7.305860032684009,False,False,False,True,False,False
1.0,4076,49,6.904336421330635,35647.05242613018,66.20689655172414,1572,6.528145312958054,0,0,0,0,0,0,0,0.38249375632476623,8.313116702819253,False,False,False,False,True,False
1.0,40,16,5.775788441476067,5728.942895299145,0.0,447,5.588299776286353,0,0,0,0,0,0,0,0.9078461025802542,3.713572066704308,False,True,False,False,False,False
52.0,1921,19,6.677693639525605,11247.974150664697,70.96774193548387,3549,6.881313711751069,0,0,0,0,0,0,0,1.5111083515919752,7.561121589530238,False,False,False,False,False,True
2.0,1201,11,6.195191110040243,2612.9254587155965,68.88888888888889,3067,6.382521258497842,0,0,0,0,0,0,0,0.7805845659575266,7.091742115095153,False,False,False,True,False,False
14.0,1846,16,6.759224938434093,21326.030644316394,80.0,3067,6.382521258497842,0,0,0,0,0,0,0,5.464091961702686,7.52131798019924,False,False,False,True,False,False
1.0,6517,45,6.22747829422649,6094.346320346321,86.14718614718615,2188,6.320059610463039,0,0,0,0,0,0,0,0.8886641126398388,8.782322859397507,True,False,False,False,False,False
1.0,5452,41,7.00943938797986,54476.66950702599,60.24096385542169,2188,6.320059610463039,0,0,0,0,0,0,0,0.8886641126398388,8.60392119492606,True,False,False,False,False,False
39.0,2640,30,6.728879252982257,24172.086087666834,69.44444444444444,3549,6.881313711751069,0,0,0,0,0,0,0,1.1333312636939814,7.878912912297133,False,False,False,False,False,True
12.0,10848,30,6.7921340428944,31872.547252092783,0.0,3549,6.881313711751069,0,0,0,0,0,0,0,0.34871731190584043,9.29182818882245,False,False,False,False,False,True
1.0,470,7,5.879225467208256,3053.415760869565,66.66666666666666,447,5.588299776286353,0,0,0,0,0,0,0,0.9078461025802542,6.154858094016418,False,True,False,False,False,False
1.0,135604,18,6.986566619948185,48419.972310262914,79.47912818618397,3067,6.382521258497842,0,0,0,0,0,0,0,0.3902922829787633,11.817501526964977,False,False,False,True,False,False
1.0,145,45,6.898640416651605,21801.48066448265,0.0,1572,6.528145312958054,0,0,0,0,0,0,0,0.38249375632476623,4.983606621708336,False,False,False,False,True,False
9.0,6769,18,6.778371967850202,34409.560906324456,70.88607594936708,610,5.665348780241979,0,0,0,0,0,0,0,1.2409329751796854,8.820256365906321,False,False,True,False,False,False
5.0,83421,14,6.772442409641736,30184.409452522297,77.0879294043492,3067,6.382521258497842,0,0,0,0,0,0,0,1.9514614148938163,11.331667342529471,False,False,False,True,False,False
1.0,67,43,6.26522859704693,4177.704926926859,0.0,3067,6.382521258497842,0,0,0,0,0,0,0,0.3902922829787633,4.219507705176107,False,False,False,True,False,False
1.0,26501,40,6.920438352090152,39272.80711811105,77.7190332326284,1572,6.528145312958054,0,0,0,0,0,0,0,0.38249375632476623,10.184975480824582,False,False,False,False,True,False
1.0,3777,15,6.679139291693264,31020.961980576136,74.19354838709677,3067,6.382521258497842,0,0,0,0,0,0,0,0.3902922829787633,8.236950048061455,False,False,False,True,False,False
1.0,108,30,5.879225467208256,3053.415760869565,100.0,447,5.588299776286353,0,0,0,0,0,0,0,0.9078461025802542,4.6913478822291435,False,True,False,False,False,False
1.0,500,18,6.725111232966893,41261.71511788663,75.0,447,5.588299776286353,0,0,0,0,0,0,0,0.9078461025802542,6.2166061010848646,False,True,False,False,False,False
1.0,137,38,5.558589488847307,349.1694444444444,0.0,3067,6.382521258497842,0,0,0,0,0,0,0,0.3902922829787633,4.927253685157205,False,False,False,True,False,False
2.0,4758,38,6.195191110040243,2612.9254587155965,69.23076923076923,3067,6.382521258497842,0,0,0,0,0,0,0,0.7805845659575266,8.46779284112111,False,False,False,True,False,False
26.0,30,19,5.558589488847307,349.1694444444444,0.0,3549,6.881313711751069,0,0,0,0,0,0,0,0.7555541757959876,3.4339872044851463,False,False,False,False,False,True
12.37420167311325,4174,45,6.841277427238577,34481.69919889199,0.0,3549,6.881313711751069,0,0,0,0,0,0,0,0.35959152870240046,8.336869637284956,False,False,False,False,False,True
13.0,2913,45,6.510263751421897,20545.19121004566,60.86956521739131,1572,6.528145312958054,0,0,0,0,0,0,0,4.972418832221961,7.97728198675515,False,False,False,False,True,False
13.0,7833,14,6.827534084814002,23037.97681903975,74.04580152671755,3549,6.881313711751069,0,0,0,0,0,0,0,0.3777770878979938,8.966228514225776,False,False,False,False,False,True
125.0,90,31,6.5004185244497705,20155.465753424658,0.0,3549,6.881313711751069,0,0,0,0,0,0,0,3.632471999019171,4.51085950651685,False,False,False,False,False,True
1.0,1786,26,6.635758036799406,19680.101027563407,81.48148148148148,1572,6.528145312958054,0,0,0,0,0,0,0,0.38249375632476623,7.488293515159428,False,False,False,False,True,False
26.0,99,11,6.26522859704693,4177.704926926859,0.0,3549,6.881313711751069,0,0,0,0,0,0,0,0.7555541757959876,4.605170185988092,False,False,False,False,False,True
1.0,12270,23,5.928305399625769,14123.2,84.56375838926175,2188,6.320059610463039,0,0,0,0,0,0,0,0.8886641126398388,9.414994033976548,True,False,False,False,False,False
48.0,64416,20,6.62799810652082,19460.015428545852,77.62896825396825,610,5.665348780241979,0,0,0,0,0,0,0,6.618309200958322,11.073132852412414,False,False,True,False,False,False
5.0,14845,17,6.7842301997157435,23284.036834831608,74.40758293838863,3067,6.382521258497842,0,0,0,0,0,0,0,1.9514614148938163,9.605485747677493,False,False,False,True,False,False
1.0,493,6,6.779782172998328,33631.42093373494,100.0,3067,6.382521258497842,0,0,0,0,0,0,0,0.3902922829787633,6.202535517187923,False,False,False,True,False,False
37.0,4058,14,6.726881389735055,20338.098088288767,56.00000000000001,3549,6.881313711751069,0,0,0,0,0,0,0,1.0752117117096747,8.308691916838898,False,False,False,False,False,True
94.0,218928,39,6.8784369279498785,30761.58765770101,83.08152987613992,3549,6.881313711751069,0,0,0,0,0,0,0,2.7316189432624167,12.296502755320919,False,False,False,False,False,True
1.0,916,51,6.756379223895332,24835.59366045604,85.71428571428571,2188,6.320059610463039,0,0,0,0,0,0,0,0.8886641126398388,6.821107472256465,True,False,False,False,False,False
7.0,8516,22,6.7547019732313895,19828.60158588995,80.55555555555556,3067,6.382521258497842,0,0,0,0,0,0,0,2.732045980851343,9.04981944514108,False,False,False,True,False,False
1.0,347,25,6.829036948424544,17643.015772252504,20.0,1572,6.528145312958054,0,0,0,0,0,0,0,0.38249375632476623,5.8522024797744745,False,False,False,False,True,False
1.0,3708,9,6.756666247949616,33467.04005336848,73.71794871794873,3067,6.382521258497842,0,0,0,0,0,0,0,0.3902922829787633,8.21851757748959,False,False,False,True,False,False
16.0,83,34,6.045175999634896,2840.439024390244,0.0,3549,6.881313711751069,0,0,0,0,0,0,0,0.4649564158744539,4.430816798843313,False,False,False,False,False,True
25.0,2568,23,6.853143571207788,28282.259765908562,74.6268656716418,3549,6.881313711751069,0,0,0,0,0,0,0,0.7264943998038342,7.851271997109883,False,False,False,False,False,True
6.0,75439,24,6.8355523885194005,44038.75777110693,75.88761963569003,1572,6.528145312958054,0,0,0,0,0,0,0,2.294962537948597,11.23109291730734,False,False,False,False,True,False
1.0,1514,9,7.06303348998008,46873.49139375069,86.66666666666667,3067,6.382521258497842,0,0,0,0,0,0,0,0.3902922829787633,7.323170717943469,False,False,False,True,False,False
1.0,331,30,6.125684953889958,13219.536200330966,42.857142857142854,447,5.588299776286353,0,0,0,0,0,0,0,0.9078461025802542,5.805134968916488,False,True,False,False,False,False
12.0,75460,17,6.787997345234373,27857.204523904347,81.29198966408269,3549,6.881313711751069,0,0,0,0,0,0,0,0.34871731190584043,11.231371245484562,False,False,False,False,False,True
2.0,88,10,6.814882238275165,36546.30823677478,0.0,3067,6.382521258497842,0,0,0,0,0,0,0,0.7805845659575266,4.48863636973214,False,False,False,True,False,False
1.0,3447,35,6.66391737475365,18028.293509500556,68.14814814814815,1572,6.528145312958054,0,0,0,0,0,0,0,0.38249375632476623,8.145549631783584,False,False,False,False,True,False
51.0,11939,31,6.815735505792911,23704.084146780762,76.14035087719299,3549,6.881313711751069,0,0,0,0,0,0,0,1.4820485755998218,9.387649386946594,False,False,False,False,False,True
26.0,4425,12,6.677813824764418,29289.665591134544,77.27272727272727,3549,6.881313711751069,0,0,0,0,0,0,0,0.7555541757959876,8.395251520610994,False,False,False,False,False,True
99.0,1828,13,6.779935390862401,26479.877020856475,66.66666666666666,3549,6.881313711751069,0,0,0,0,0,0,0,2.8769178232231836,7.511524648390866,False,False,False,False,False,True
1.0,73,17,6.821624494858498,25460.54239964058,100.0,2188,6.320059610463039,0,0,0,0,0,0,0,0.8886641126398388,4.30406509320417,True,False,False,False,False,False
2.0,1049,12,6.195191110040243,2612.9254587155965,63.26530612244898,3067,6.382521258497842,0,0,0,0,0,0,0,0.7805845659575266,6.956545443151569,False,False,False,True,False,False
6.0,2866,67,6.818400726616806,33514.99589471526,62.22222222222222,3067,6.382521258497842,0,0,0,0,0,0,0,2.3417536978725795,7.96102146588337,False,False,False,True,False,False
12.0,64168,19,6.8703620642673275,44206.47600824357,76.58491439148543,3549,6.881313711751069,0,0,0,0,0,0,0,0.34871731190584043,11.069275507017089,False,False,False,False,False,True
1.0,50,22,6.548792989998894,10128.71560623309,0.0,3067,6.382521258497842,0,0,0,0,0,0,0,0.3902922829787633,3.9318256327243257,False,False,False,True,False,False
1.0,911,15,5.879225467208256,3053.415760869565,74.35897435897436,447,5.588299776286353,0,0,0,0,0,0,0,0.9078461025802542,6.815639990074331,False,True,False,False,False,False
2.0,782,60,7.0565046657833825,42480.10683071131,77.77777777777779,3067,6.382521258497842,0,0,0,0,0,0,0,0.7805845659575266,6.663132695990803,False,False,False,True,False,False
1.0,699,39,6.58558055977916,14312.419903361644,77.5,2188,6.320059610463039,0,0,0,0,0,0,0,0.8886641126398388,6.551080335043404,True,False,False,False,False,False
42.0,35258,14,6.876825967643439,35128.756901853696,79.15774446823698,3549,6.881313711751069,0,0,0,0,0,0,0,1.2205105916704415,10.470476094800963,False,False,False,False,False,True
2.0,3890,25,6.195191110040243,2612.9254587155965,73.77049180327869,3067,6.382521258497842,0,0,0,0,0,0,0,0.7805845659575266,8.266421472984554,False,False,False,True,False,False
11.0,116261,11,6.84051898277667,31782.361940299616,84.88636363636364,3549,6.881313711751069,0,0,0,0,0,0,0,0.31965753591368706,11.663601543928637,False,False,False,False,False,True
12.0,24788,13,6.733360508210215,25687.06714269454,77.51633986928105,3549,6.881313711751069,0,0,0,0,0,0,0,0.34871731190584043,10.118155285369294,False,False,False,False,False,True
26.0,47,31,6.726881389735055,20338.098088288767,0.0,610,5.665348780241979,0,0,0,0,0,0,0,3.5849174838524247,3.871201010907891,False,False,True,False,False,False
2.0,5384,30,6.195191110040243,2612.9254587155965,69.375,3067,6.382521258497842,0,0,0,0,0,0,0,0.7805845659575266,8.591372589590488,False,False,False,True,False,False
1.0,168,26,6.870640752791402,31566.423968226205,50.0,2188,6.320059610463039,0,0,0,0,0,0,0,0.8886641126398388,5.1298987149230735,True,False,False,False,False,False
2.0,2325,12,6.195191110040243,2612.9254587155965,71.42857142857143,3067,6.382521258497842,0,0,0,0,0,0,0,0.7805845659575266,7.75190533307861,False,False,False,True,False,False
1.0,185,15,6.910618758441679,24777.488659281662,0.0,3067,6.382521258497842,0,0,0,0,0,0,0,0.3902922829787633,5.225746673713202,False,False,False,True,False,False
1.0,21435,58,6.944520199325325,37328.40333618443,76.08695652173914,1572,6.528145312958054,0,0,0,0,0,0,0,0.38249375632476623,9.972827030614742,False,False,False,False,True,False
1.0,40623,34,6.800577564758055,22521.180022637942,82.18643240605174,3067,6.382521258497842,0,0,0,0,0,0,0,0.3902922829787633,10.612114303944459,False,False,False,True,False,False
2.0,3348,29,6.195191110040243,2612.9254587155965,65.21739130434783,3067,6.382521258497842,0,0,0,0,0,0,0,0.7805845659575266,8.116417072794205,False,False,False,True,False,False
1.0,1387,13,6.687372496799458,35781.77987071291,78.57142857142857,447,5.588299776286353,0,0,0,0,0,0,0,0.9078461025802542,7.23561914106675,False,True,False,False,False,False
26.0,24664,6,6.926108029437993,32025.78600009788,81.76691729323309,3549,6.881313711751069,0,0,0,0,0,0,0,0.7555541757959876,10.113140513667839,False,False,False,False,False,True
12.0,77,23,6.510263751421897,20545.19121004566,0.0,3549,6.881313711751069,0,0,0,0,0,0,0,0.34871731190584043,4.356708826689592,False,False,False,False,False,True
1.0,55,48,6.548792989998894,10128.71560623309,0.0,3067,6.382521258497842,0,0,0,0,0,0,0,0.3902922829787633,4.02535169073515,False,False,False,True,False,False
4.0,739,27,6.195191110040243,2612.9254587155965,61.111111111111114,3067,6.382521258497842,0,0,0,0,0,0,0,1.5611691319150531,6.606650186198215,False,False,False,True,False,False
1.0,238,11,6.195191110040243,2612.9254587155965,33.33333333333333,3067,6.382521258497842,0,0,0,0,0,0,0,0.3902922829787633,5.476463551931511,False,False,False,True,False,False
9.0,18386,17,6.576598130934997,20879.136453248833,76.02836879432624,3067,6.382521258497842,0,0,0,0,0,0,0,3.5126305468088694,9.819399172153842,False,False,False,True,False,False
2.0,123,43,6.662948251583755,24178.094281909634,100.0,610,5.665348780241979,0,0,0,0,0,0,0,0.27576288337326343,4.820281565605037,False,False,True,False,False,False
6.0,5409,15,6.803266358620549,36287.424442162715,76.33928571428571,3067,6.382521258497842,0,0,0,0,0,0,0,2.3417536978725795,8.596004371840527,False,False,False,True,False,False
12.0,22282,28,6.71066095125867,30256.178262685735,77.47093023255815,3549,6.881313711751069,0,0,0,0,0,0,0,0.34871731190584043,10.011579334886969,False,False,False,False,False,True
13.0,985,9,6.5004185244497705,20155.465753424658,79.48717948717949,3549,6.881313711751069,0,0,0,0,0,0,0,0.3777770878979938,6.893656354602635,False,False,False,False,False,True
1.0,66,24,5.879225467208256,3053.415760869565,100.0,447,5.588299776286353,0,0,0,0,0,0,0,0.9078461025802542,4.204692619390966,False,True,False,False,False,False
26.0,165008,16,6.752542161239349,33459.49192062364,83.16903979554581,3549,6.881313711751069,0,0,0,0,0,0,0,0.7555541757959876,12.013755296849714,False,False,False,False,False,True
26.0,226,20,6.885647175379283,33506.70232237209,100.0,3549,6.881313711751069,0,0,0,0,0,0,0,0.7555541757959876,5.424950017481403,False,False,False,False,False,True
1.0,111,16,5.7918085106382975,2324.3617021276596,75.0,2188,6.320059610463039,0,0,0,0,0,0,0,0.8886641126398388,4.718498871295094,True,False,False,False,False,False
6.0,16804,11,6.848890629581536,31752.589062319064,71.5311004784689,3067,6.382521258497842,0,0,0,0,0,0,0,2.3417536978725795,9.729431740159207,False,False,False,True,False,False
2.0,5952,11,6.195191110040243,2612.9254587155965,71.55172413793103,3067,6.382521258497842,0,0,0,0,0,0,0,0.7805845659575266,8.69165057315339,False,False,False,True,False,False
1.0,78,46,6.5004185244497705,20155.465753424658,0.0,2188,6.320059610463039,0,0,0,0,0,0,0,0.8886641126398388,4.3694478524670215,True,False,False,False,False,False
1.0,2935,94,6.715661769645538,25410.923923540606,72.28915662650603,1572,6.528145312958054,0,0,0,0,0,0,0,0.38249375632476623,7.984803389734406,False,False,False,False,True,False
1.0,141,36,6.800166494369348,33094.709865182755,50.0,1572,6.528145312958054,0,0,0,0,0,0,0,0.38249375632476623,4.955827057601261,False,False,False,False,True,False
26.0,38,11,6.26522859704693,4177.704926926859,0.0,3549,6.881313711751069,0,0,0,0,0,0,0,0.7555541757959876,3.6635616461296463,False,False,False,False,False,True
1.0,159,38,6.756379223895332,24835.59366045604,0.0,1572,6.528145312958054,0,0,0,0,0,0,0,0.38249375632476623,5.075173815233827,False,False,False,False,True,False
1.0,1154,11,6.393797237117623,14552.542012556314,66.66666666666666,1572,6.528145312958054,0,0,0,0,0,0,0,0.38249375632476623,7.051855622955894,False,False,False,False,True,False
1.0,49,17,6.204594733459919,18022.86758764922,0.0,1572,6.528145312958054,0,0,0,0,0,0,0,0.38249375632476623,3.912023005428146,False,False,False,False,True,False
3.0,17814,16,6.9027737927487625,40781.009359815085,70.9090909090909,3067,6.382521258497842,0,0,0,0,0,0,0,1.1708768489362897,9.787796078039936,False,False,False,True,False,False
12.0,13227,9,6.844614966234576,28383.127744251182,79.27107061503416,3549,6.881313711751069,0,0,0,0,0,0,0,0.34871731190584043,9.490091074101683,False,False,False,False,False,True
12.0,14069,29,6.801305199251226,43985.0757475695,79.03930131004367,3549,6.881313711751069,0,0,0,0,0,0,0,0.34871731190584043,9.551800150108434,False,False,False,False,False,True
1.0,134,4,6.614916036256099,24640.88171901092,100.0,447,5.588299776286353,0,0,0,0,0,0,0,0.9078461025802542,4.90527477843843,False,True,False,False,False,False
2.0,2811,13,6.195191110040243,2612.9254587155965,0.0,3067,6.382521258497842,0,0,0,0,0,0,0,0.7805845659575266,7.941651252930556,False,False,False,True,False,False
48.0,648,15,6.811522504055452,26330.1366378222,88.88888888888889,3549,6.881313711751069,0,0,0,0,0,0,0,1.3948692476233617,6.47543271670409,False,False,False,False,False,True
1.0,3323,27,6.427690326839088,17728.815455935503,77.19298245614034,3067,6.382521258497842,0,0,0,0,0,0,0,0.3902922829787633,8.10892415597534,False,False,False,True,False,False
1.0,92,9,5.879225467208256,3053.415760869565,100.0,447,5.588299776286353,0,0,0,0,0,0,0,0.9078461025802542,4.532599493153256,False,True,False,False,False,False
1.0,101,14,5.775788441476067,5728.942895299145,100.0,447,5.588299776286353,0,0,0,0,0,0,0,0.9078461025802542,4.624972813284271,False,True,False,False,False,False
1.0,745,44,6.843501468948183,23700.668086072834,50.0,2188,6.320059610463039,0,0,0,0,0,0,0,0.8886641126398388,6.61472560020376,True,False,False,False,False,False
1.0,73,39,6.5264888547538815,17281.5837709483,0.0,2188,6.320059610463039,0,0,0,0,0,0,0,0.8886641126398388,4.30406509320417,True,False,False,False,False,False
22.0,72,9,6.615339912235646,23158.324502008687,0.0,3549,6.881313711751069,0,0,0,0,0,0,0,0.6393150718273741,4.290459441148391,False,False,False,False,False,True
11.0,44394,9,6.862528692853247,29903.859512387386,83.75378405650858,3549,6.881313711751069,0,0,0,0,0,0,0,0.31965753591368706,10.700882129466427,False,False,False,False,False,True
1.0,47,17,6.26522859704693,4177.704926926859,100.0,2188,6.320059610463039,0,0,0,0,0,0,0,0.8886641126398388,3.871201010907891,True,False,False,False,False,False
2.0,1457,76,6.818032823249103,31021.72354978355,78.26086956521739,1572,6.528145312958054,0,0,0,0,0,0,0,0.7649875126495325,7.284820912568604,False,False,False,False,True,False
1.0,59,10,6.20715799971213,18909.371794871793,0.0,610,5.665348780241979,0,0,0,0,0,0,0,0.13788144168663172,4.0943445622221,False,False,True,False,False,False
1.0,630,25,6.206096308749436,9784.474926982095,85.0,3067,6.382521258497842,0,0,0,0,0,0,0,0.3902922829787633,6.447305862541213,False,False,False,True,False,False
1.0,14351,40,6.700689947733412,29529.439743580795,74.25149700598801,3067,6.382521258497842,0,0,0,0,0,0,0,0.3902922829787633,9.571644584298577,False,False,False,True,False,False
2.0,4491,12,6.195191110040243,2612.9254587155965,67.79661016949152,3067,6.382521258497842,0,0,0,0,0,0,0,0.7805845659575266,8.410053315858335,False,False,False,True,False,False
12.37420167311325,7680,7,6.644427954689881,25008.386065740946,0.0,3549,6.881313711751069,0,0,0,0,0,0,0,0.35959152870240046,8.946505025998682,False,False,False,False,False,True
1.0,213,37,6.106210567052468,33784.67164179104,0.0,3067,6.382521258497842,0,0,0,0,0,0,0,0.3902922829787633,5.365976015021851,False,False,False,True,False,False
1.0,1624,15,6.792379410518049,29612.19677826284,67.24137931034483,2188,6.320059610463039,0,0,0,0,0,0,0,0.8886641126398388,7.393263094763838,True,False,False,False,False,False
1.0,86,11,6.5004185244497705,20155.465753424658,100.0,610,5.665348780241979,0,0,0,0,0,0,0,0.13788144168663172,4.465908118654584,False,False,True,False,False,False
24.0,48551,16,6.745869261287794,19827.181451961886,80.79877112135176,3549,6.881313711751069,0,0,0,0,0,0,0,0.6974346238116809,10.790390667515691,False,False,False,False,False,True
12.0,3961,9,6.800577564758055,22521.180022637942,0.0,3549,6.881313711751069,0,0,0,0,0,0,0,0.34871731190584043,8.284504227258497,False,False,False,False,False,True
1.0,41,12,6.794607080130419,17996.367678958784,100.0,610,5.665348780241979,0,0,0,0,0,0,0,0.13788144168663172,3.7376696182833684,False,False,True,False,False,False
1.0,2778,38,6.2467029592772985,15632.091049789251,67.27272727272727,447,5.588299776286353,0,0,0,0,0,0,0,0.9078461025802542,7.929846429742503,False,True,False,False,False,False
52.0,10369,24,6.7407259017789665,23722.207782142654,75.49857549857549,3549,6.881313711751069,0,0,0,0,0,0,0,1.5111083515919752,9.246672301223573,False,False,False,False,False,True
1.0,748,47,6.490336269696487,6754.518842086047,70.0,2188,6.320059610463039,0,0,0,0,0,0,0,0.8886641126398388,6.618738983517219,True,False,False,False,False,False
2.0,2317,10,6.195191110040243,2612.9254587155965,66.12903225806451,3067,6.382521258497842,0,0,0,0,0,0,0,0.7805845659575266,7.748460023899697,False,False,False,True,False,False
1.0,9125,39,7.018559078845056,39132.42331666962,64.28571428571429,1572,6.528145312958054,0,0,0,0,0,0,0,0.38249375632476623,9.118882761487347,False,False,False,False,True,False
14.0,13647,40,6.715661769645538,25410.923923540606,72.84768211920529,3549,6.881313711751069,0,0,0,0,0,0,0,0.40683686389014717,9.52134826973146,False,False,False,False,False,True
12.0,100999,27,6.860017231934231,31913.469788391398,80.48780487804879,3549,6.881313711751069,0,0,0,0,0,0,0,0.34871731190584043,11.522875795823397,False,False,False,False,False,True
1.0,211,19,6.677693639525605,11247.974150664697,83.33333333333334,2188,6.320059610463039,0,0,0,0,0,0,0,0.8886641126398388,5.356586274672012,True,False,False,False,False,False
1.0,73,17,5.879225467208256,3053.415760869565,100.0,447,5.588299776286353,0,0,0,0,0,0,0,0.9078461025802542,4.30406509320417,False,True,False,False,False,False
1.0,166,11,6.423158352833034,20230.80137516378,50.0,447,5.588299776286353,0,0,0,0,0,0,0,0.9078461025802542,5.117993812416755,False,True,False,False,False,False
38.0,677,22,6.5004185244497705,20155.465753424658,0.0,3549,6.881313711751069,0,0,0,0,0,0,0,1.104271487701828,6.519147287940395,False,False,False,False,False,True
1.0,62,11,6.794607080130419,17996.367678958784,0.0,2188,6.320059610463039,0,0,0,0,0,0,0,0.8886641126398388,4.143134726391533,True,False,False,False,False,False
1.0,122,34,6.677693639525605,11247.974150664697,33.33333333333333,2188,6.320059610463039,0,0,0,0,0,0,0,0.8886641126398388,4.812184355372417,True,False,False,False,False,False
2.0,6162,14,6.195191110040243,2612.9254587155965,74.48979591836735,3067,6.382521258497842,0,0,0,0,0,0,0,0.7805845659575266,8.726318950962243,False,False,False,True,False,False
26.0,37155,10,6.830029354983103,29976.8189912503,75.87131367292224,610,5.665348780241979,0,0,0,0,0,0,0,3.5849174838524247,10.522880544507412,False,False,True,False,False,False
1.0,1492,8,6.8031785089586005,43161.60346568756,81.81818181818183,3067,6.382521258497842,0,0,0,0,0,0,0,0.3902922829787633,7.30854279753919,False,False,False,True,False,False
2.0,126,19,6.40169871215857,11208.264643466027,0.0,3067,6.382521258497842,0,0,0,0,0,0,0,0.7805845659575266,4.844187086458591,False,False,False,True,False,False
14.0,137,14,6.662948251583755,24178.094281909634,0.0,2188,6.320059610463039,0,0,0,0,0,0,0,12.441297576957743,4.927253685157205,True,False,False,False,False,False
2.0,7691,22,6.85172299297182,37257.57590130509,79.70149253731343,3067,6.382521258497842,0,0,0,0,0,0,0,0.7805845659575266,8.94793610670867,False,False,False,True,False,False
12.0,10979,5,6.886010110211231,40923.56928669631,79.88826815642457,3549,6.881313711751069,0,0,0,0,0,0,0,0.34871731190584043,9.30383071506352,False,False,False,False,False,True
52.0,30148,7,6.836335151609738,23693.80092663136,79.78036175710595,3549,6.881313711751069,0,0,0,0,0,0,0,1.5111083515919752,10.313907034109423,False,False,False,False,False,True
2.0,91,10,5.7918085106382975,2324.3617021276596,66.66666666666666,610,5.665348780241979,0,0,0,0,0,0,0,0.27576288337326343,4.5217885770490405,False,False,True,False,False,False
2.0,6765,28,6.5004185244497705,20155.465753424658,63.57142857142857,1572,6.528145312958054,0,0,0,0,0,0,0,0.7649875126495325,8.819665349340653,False,False,False,False,True,False
1.0,69,23,5.879225467208256,3053.415760869565,100.0,447,5.588299776286353,0,0,0,0,0,0,0,0.9078461025802542,4.248495242049359,False,True,False,False,False,False
13.0,6659,38,6.915367938502655,33070.13731862819,86.08247422680412,3549,6.881313711751069,0,0,0,0,0,0,0,0.3777770878979938,8.803874763534434,False,False,False,False,False,True
1.0,109,23,6.81823449633989,16300.076852579828,0.0,2188,6.320059610463039,0,0,0,0,0,0,0,0.8886641126398388,4.700480365792417,True,False,False,False,False,False
6.0,110,17,6.960229924719464,27453.088535617204,0.0,3067,6.382521258497842,0,0,0,0,0,0,0,2.3417536978725795,4.709530201312334,False,False,False,True,False,False
25.0,95551,9,6.694036685098593,24864.81395999982,84.35867672663959,3549,6.881313711751069,0,0,0,0,0,0,0,0.7264943998038342,11.467425880898862,False,False,False,False,False,True
64.0,323,17,6.823146793508421,28887.7305772393,75.0,3549,6.881313711751069,0,0,0,0,0,0,0,1.8598256634978156,5.780743515792329,False,False,False,False,False,True
2.0,693,7,6.195191110040243,2612.9254587155965,50.0,3067,6.382521258497842,0,0,0,0,0,0,0,0.7805845659575266,6.542471960506805,False,False,False,True,False,False
1.0,156,21,6.829036948424544,17643.015772252504,75.0,2188,6.320059610463039,0,0,0,0,0,0,0,0.8886641126398388,5.056245805348308,True,False,False,False,False,False
32.0,102,7,6.40169871215857,11208.264643466027,0.0,3549,6.881313711751069,0,0,0,0,0,0,0,0.9299128317489078,4.634728988229636,False,False,False,False,False,True
1.0,126,34,6.26522859704693,4177.704926926859,50.0,3067,6.382521258497842,0,0,0,0,0,0,0,0.3902922829787633,4.844187086458591,False,False,False,True,False,False
1.0,1114,93,6.818032823249103,31021.72354978355,58.333333333333336,1572,6.528145312958054,0,0,0,0,0,0,0,0.38249375632476623,7.016609683894219,False,False,False,False,True,False
1.0,271484,16,6.861946953195274,31765.46087791202,82.75920440118495,2188,6.320059610463039,0,0,0,0,0,0,0,0.8886641126398388,12.511662168211082,True,False,False,False,False,False
1.0,1976,16,6.5004185244497705,20155.465753424658,85.22727272727273,3067,6.382521258497842,0,0,0,0,0,0,0,0.3902922829787633,7.589335823170617,False,False,False,True,False,False
1.0,514,11,6.195191110040243,2612.9254587155965,63.63636363636363,3067,6.382521258497842,0,0,0,0,0,0,0,0.3902922829787633,6.244166900663736,False,False,False,True,False,False
26.0,171863,16,6.91289484682624,34682.32663026166,83.24786324786325,3549,6.881313711751069,0,0,0,0,0,0,0,0.7555541757959876,12.054458745354886,False,False,False,False,False,True
2.0,4932,18,6.844614966234576,28383.127744251182,77.94117647058823,1572,6.528145312958054,0,0,0,0,0,0,0,0.7649875126495325,8.503702601233739,False,False,False,False,True,False
12.37420167311325,1036,23,6.821624494858498,25460.54239964058,0.0,3549,6.881313711751069,0,0,0,0,0,0,0,0.35959152870240046,6.9440872082295275,False,False,False,False,False,True
170.0,314,9,6.6029994474022455,20185.73355991854,69.23076923076923,3549,6.881313711751069,0,0,0,0,0,0,0,4.940161918666073,5.752572638825633,False,False,False,False,False,True
6.0,11846,17,6.851753414184124,34784.913643525695,71.42857142857143,1572,6.528145312958054,0,0,0,0,0,0,0,2.294962537948597,9.37982994995476,False,False,False,False,True,False
1.0,218,17,5.7918085106382975,2324.3617021276596,80.0,2188,6.320059610463039,0,0,0,0,0,0,0,0.8886641126398388,5.389071729816501,True,False,False,False,False,False
3.0,6574,24,6.4918106502153226,20332.20503490291,71.83544303797468,3067,6.382521258497842,0,0,0,0,0,0,0,1.1708768489362897,8.791029857045965,False,False,False,True,False,False
3.0,1411,24,6.831725682510775,29540.344065907895,58.333333333333336,1572,6.528145312958054,0,0,0,0,0,0,0,1.1474812689742986,7.252762418053187,False,False,False,False,True,False
2.0,3390,23,6.195191110040243,2612.9254587155965,72.97297297297297,3067,6.382521258497842,0,0,0,0,0,0,0,0.7805845659575266,8.128880142125638,False,False,False,True,False,False
4.0,6166,33,6.9135864932147895,36608.423300345035,67.07818930041152,3067,6.382521258497842,0,0,0,0,0,0,0,1.5611691319150531,8.726967774991493,False,False,False,True,False,False
2.0,85409,20,7.11436361408709,65588.44594688893,84.8652384243262,3067,6.382521258497842,0,0,0,0,0,0,0,0.7805845659575266,11.355218468940192,False,False,False,True,False,False
1.0,40,18,5.775788441476067,5728.942895299145,0.0,447,5.588299776286353,0,0,0,0,0,0,0,0.9078461025802542,3.713572066704308,False,True,False,False,False,False
3.0,584,16,6.642082746378657,22542.297604539497,56.25,3067,6.382521258497842,0,0,0,0,0,0,0,1.1708768489362897,6.371611847231857,False,False,False,True,False,False
1.0,582,11,6.684783413525796,25317.04431818182,80.64516129032258,2188,6.320059610463039,0,0,0,0,0,0,0,0.8886641126398388,6.368187186350492,True,False,False,False,False,False
1.0,880,9,5.879225467208256,3053.415760869565,72.22222222222221,447,5.588299776286353,0,0,0,0,0,0,0,0.9078461025802542,6.78105762593618,False,True,False,False,False,False
1.0,4816,18,6.904255601987694,31982.71380111504,76.04562737642586,3067,6.382521258497842,0,0,0,0,0,0,0,0.3902922829787633,8.479906606630221,False,False,False,True,False,False
2.0,5108,38,6.195191110040243,2612.9254587155965,73.94366197183099,3067,6.382521258497842,0,0,0,0,0,0,0,0.7805845659575266,8.538758969330798,False,False,False,True,False,False
1.0,448,86,6.40169871215857,11208.264643466027,50.0,2188,6.320059610463039,0,0,0,0,0,0,0,0.8886641126398388,6.1070228877422545,True,False,False,False,False,False
25.0,41469,19,6.801489530657659,29458.263592988384,73.88157894736842,3549,6.881313711751069,0,0,0,0,0,0,0,0.7264943998038342,10.632725553240427,False,False,False,False,False,True
1.0,1291,32,5.879225467208256,3053.415760869565,69.23076923076923,1572,6.528145312958054,0,0,0,0,0,0,0,0.38249375632476623,7.163946684342547,False,False,False,False,True,False
1.0,3786,40,6.66391737475365,18028.293509500556,61.78343949044586,1572,6.528145312958054,0,0,0,0,0,0,0,0.38249375632476623,8.239329427901795,False,False,False,False,True,False
6.0,413,18,6.799697159680153,20651.55321596909,0.0,610,5.665348780241979,0,0,0,0,0,0,0,0.8272886501197902,6.025865973825314,False,False,True,False,False,False
13.0,2277,27,6.678912230079322,26987.1667187555,75.67567567567568,3549,6.881313711751069,0,0,0,0,0,0,0,0.3777770878979938,7.731053144007127,False,False,False,False,False,True
52.0,35,34,6.40169871215857,11208.264643466027,0.0,3549,6.881313711751069,0,0,0,0,0,0,0,1.5111083515919752,3.58351893845611,False,False,False,False,False,True
1.0,90,18,6.829036948424544,17643.015772252504,50.0,1572,6.528145312958054,0,0,0,0,0,0,0,0.38249375632476623,4.51085950651685,False,False,False,False,True,False
26.0,2320,19,6.881906796368094,42688.76770454305,65.21739130434783,3549,6.881313711751069,0,0,0,0,0,0,0,0.7555541757959876,7.749753406274437,False,False,False,False,False,True
1.0,20172,23,6.661002281290718,30260.396249767506,83.345507669832,2188,6.320059610463039,0,0,0,0,0,0,0,0.8886641126398388,9.912100355634351,True,False,False,False,False,False
12.0,37993,50,6.7547019732313895,19828.60158588995,74.89795918367346,3549,6.881313711751069,0,0,0,0,0,0,0,0.34871731190584043,10.545183531504994,False,False,False,False,False,True
1.0,45,12,6.794607080130419,17996.367678958784,0.0,1572,6.528145312958054,0,0,0,0,0,0,0,0.38249375632476623,3.828641396489095,False,False,False,False,True,False
4.0,4543,35,6.845303805487532,29013.2942519885,82.63157894736842,3067,6.382521258497842,0,0,0,0,0,0,0,1.5611691319150531,8.421562960400987,False,False,False,True,False,False
1.0,1391,13,6.195191110040243,2612.9254587155965,72.72727272727273,3067,6.382521258497842,0,0,0,0,0,0,0,0.3902922829787633,7.238496840894365,False,False,False,True,False,False
3.0,62,15,6.615339912235646,23158.324502008687,0.0,3067,6.382521258497842,0,0,0,0,0,0,0,1.1708768489362897,4.143134726391533,False,False,False,True,False,False
1.0,1010,54,6.724256288854555,24131.374187315396,70.0,1572,6.528145312958054,0,0,0,0,0,0,0,0.38249375632476623,6.918695219020472,False,False,False,False,True,False
1.0,1641,28,7.029912167410302,43643.061523504504,78.94736842105263,2188,6.320059610463039,0,0,0,0,0,0,0,0.8886641126398388,7.403670290012373,True,False,False,False,False,False
27.0,562962,26,6.7812232788728535,26850.034277509672,87.67016291006472,3549,6.881313711751069,0,0,0,0,0,0,0,0.784613951788141,13.240969185601648,False,False,False,False,False,True
1.0,5566,15,6.8393549963377245,31403.66763082611,80.18018018018019,2188,6.320059610463039,0,0,0,0,0,0,0,0.8886641126398388,8.624611588183507,True,False,False,False,False,False
3.0,642,8,6.195191110040243,2612.9254587155965,52.38095238095239,3067,6.382521258497842,0,0,0,0,0,0,0,1.1708768489362897,6.466144724237619,False,False,False,True,False,False
1.0,535,46,6.794607080130419,17996.367678958784,60.0,1572,6.528145312958054,0,0,0,0,0,0,0,0.38249375632476623,6.284134161070802,False,False,False,False,True,False
1.0,43,20,6.548792989998894,10128.71560623309,0.0,3067,6.382521258497842,0,0,0,0,0,0,0,0.3902922829787633,3.784189633918261,False,False,False,True,False,False
1.0,2351,22,5.8512085383736085,16854.984697166947,80.58252427184466,3067,6.382521258497842,0,0,0,0,0,0,0,0.3902922829787633,7.763021309018518,False,False,False,True,False,False
1.0,9492,32,7.012638345265775,34773.374298566436,76.81159420289855,2188,6.320059610463039,0,0,0,0,0,0,0,0.8886641126398388,9.158309963881798,True,False,False,False,False,False
5.0,42,11,6.490336269696487,6754.518842086047,0.0,3549,6.881313711751069,0,0,0,0,0,0,0,0.14529887996076685,3.7612001156935624,False,False,False,False,False,True
1.0,367,21,5.459667665453769,7695.231857287449,100.0,2188,6.320059610463039,0,0,0,0,0,0,0,0.8886641126398388,5.908082938168931,True,False,False,False,False,False
12.0,40481,8,6.84051898277667,31782.361940299616,80.5439330543933,3549,6.881313711751069,0,0,0,0,0,0,0,0.34871731190584043,10.60861270985548,False,False,False,False,False,True
4.0,85947,19,6.715661769645538,25410.923923540606,83.17781924820048,1572,6.528145312958054,0,0,0,0,0,0,0,1.529975025299065,11.361497741197619,False,False,False,False,True,False
1.0,380,24,6.195191110040243,2612.9254587155965,37.5,3067,6.382521258497842,0,0,0,0,0,0,0,0.3902922829787633,5.942799375126701,False,False,False,True,False,False
1.0,891,15,6.4822500578583115,17261.637507577125,60.86956521739131,2188,6.320059610463039,0,0,0,0,0,0,0,0.8886641126398388,6.79346613258001,True,False,False,False,False,False
3.0,2594,26,6.237741819619238,9158.131880564271,74.54545454545455,3067,6.382521258497842,0,0,0,0,0,0,0,1.1708768489362897,7.861341795599989,False,False,False,True,False,False
1.0,247,13,5.7918085106382975,2324.3617021276596,66.66666666666666,1572,6.528145312958054,0,0,0,0,0,0,0,0.38249375632476623,5.5134287461649825,False,False,False,False,True,False
26.0,266846,7,6.837897530686966,34989.747755042656,82.6926406926407,3549,6.881313711751069,0,0,0,0,0,0,0,0.7555541757959876,12.494430739427957,False,False,False,False,False,True
1.0,24707,68,6.911413272863529,35040.419453820876,77.58302583025831,1572,6.528145312958054,0,0,0,0,0,0,0,0.38249375632476623,10.114882356815789,False,False,False,False,True,False
2.0,265,34,6.827850625188941,21162.251451633205,40.0,1572,6.528145312958054,0,0,0,0,0,0,0,0.7649875126495325,5.583496308781699,False,False,False,False,True,False
1.0,19219,73,6.5004185244497705,20155.465753424658,75.86206896551724,3067,6.382521258497842,0,0,0,0,0,0,0,0.3902922829787633,9.863706682524283,False,False,False,True,False,False
52.0,220,17,6.770580228122137,14268.819008105458,33.33333333333333,3549,6.881313711751069,0,0,0,0,0,0,0,1.5111083515919752,5.3981627015177525,False,False,False,False,False,True
25.0,6321,18,6.86966494522709,35383.921471718,89.70588235294117,3549,6.881313711751069,0,0,0,0,0,0,0,0.7264943998038342,8.751790892775563,False,False,False,False,False,True
1.0,143273,24,6.726881389735055,20338.098088288767,83.65983295368261,2188,6.320059610463039,0,0,0,0,0,0,0,0.8886641126398388,11.872514159810866,True,False,False,False,False,False
1.0,1076,30,6.883127654709747,26459.589352823987,66.66666666666666,2188,6.320059610463039,0,0,0,0,0,0,0,0.8886641126398388,6.981934677156389,True,False,False,False,False,False
1.0,348,52,6.7842301997157435,23284.036834831608,50.0,3067,6.382521258497842,0,0,0,0,0,0,0,0.3902922829787633,5.855071922202427,False,False,False,True,False,False
1.0,183,5,6.726881389735055,20338.098088288767,25.0,3067,6.382521258497842,0,0,0,0,0,0,0,0.3902922829787633,5.214935757608986,False,False,False,True,False,False
1.0,3456,29,6.889678266422713,32042.405586642773,73.02631578947368,1572,6.528145312958054,0,0,0,0,0,0,0,0.38249375632476623,8.148156439921625,False,False,False,False,True,False
12.0,11411,8,6.814882238275165,36546.30823677478,80.1452784503632,3549,6.881313711751069,0,0,0,0,0,0,0,0.34871731190584043,9.342420712333391,False,False,False,False,False,True
1.0,892,37,6.8945007866907115,44251.957544444514,70.37037037037037,3067,6.382521258497842,0,0,0,0,0,0,0,0.3902922829787633,6.794586580876499,False,False,False,True,False,False
12.37420167311325,81,9,6.5004185244497705,20155.465753424658,0.0,3549,6.881313711751069,0,0,0,0,0,0,0,0.35959152870240046,4.406719247264253,False,False,False,False,False,True
61.0,367,9,6.662948251583755,24178.094281909634,50.0,3549,6.881313711751069,0,0,0,0,0,0,0,1.7726463355213555,5.908082938168931,False,False,False,False,False,True
1.0,106,12,5.775788441476067,5728.942895299145,50.0,447,5.588299776286353,0,0,0,0,0,0,0,0.9078461025802542,4.672828834461906,False,True,False,False,False,False
1.0,581,11,6.468372592093842,13820.686630000748,80.0,2188,6.320059610463039,0,0,0,0,0,0,0,0.8886641126398388,6.366470447731438,True,False,False,False,False,False
30.0,3106,20,6.638243832197137,24791.843889668748,0.0,3549,6.881313711751069,0,0,0,0,0,0,0,0.8717932797646011,8.041412909393047,False,False,False,False,False,True
1.0,123,43,6.751797143671785,26268.564264907767,0.0,3067,6.382521258497842,0,0,0,0,0,0,0,0.3902922829787633,4.820281565605037,False,False,False,True,False,False
43.0,1941,21,6.760177441321682,19273.60023533385,86.79245283018868,3549,6.881313711751069,0,0,0,0,0,0,0,1.2495703676625949,7.571473648851271,False,False,False,False,False,True
27.0,89243,9,6.8569287506609085,33112.97820607976,77.05314009661835,3549,6.881313711751069,0,0,0,0,0,0,0,0.784613951788141,11.399129470491301,False,False,False,False,False,True
1.0,38,13,6.548792989998894,10128.71560623309,0.0,3067,6.382521258497842,0,0,0,0,0,0,0,0.3902922829787633,3.6635616461296463,False,False,False,True,False,False
1.0,31747,47,6.797217703082447,29742.06310700886,80.76208178438662,2188,6.320059610463039,0,0,0,0,0,0,0,0.8886641126398388,10.365585010210767,True,False,False,False,False,False
1.0,52,15,5.459667665453769,7695.231857287449,0.0,447,5.588299776286353,0,0,0,0,0,0,0,0.9078461025802542,3.970291913552122,False,True,False,False,False,False
119.0,612,10,6.819034008181329,39818.1817748365,85.71428571428571,3549,6.881313711751069,0,0,0,0,0,0,0,3.458113343066251,6.418364935936212,False,False,False,False,False,True
2.0,4128,26,6.928082740748006,36914.650980454,66.66666666666666,1572,6.528145312958054,0,0,0,0,0,0,0,0.7649875126495325,8.32579052588609,False,False,False,False,True,False
6.0,7254,26,6.800051724087001,20784.60980040755,83.40807174887892,3067,6.382521258497842,0,0,0,0,0,0,0,2.3417536978725795,8.889446165318288,False,False,False,True,False,False
12.0,26991,14,6.875830169031045,35648.87486002218,80.70500927643785,3549,6.881313711751069,0,0,0,0,0,0,0,0.34871731190584043,10.20329580478575,False,False,False,False,False,True
1.0,1675,17,6.823744471442896,25069.672064100127,76.38888888888889,1572,6.528145312958054,0,0,0,0,0,0,0,0.38249375632476623,7.424165281042028,False,False,False,False,True,False
2.0,2601,36,6.195191110040243,2612.9254587155965,80.0,3067,6.382521258497842,0,0,0,0,0,0,0,0.7805845659575266,7.86403565907245,False,False,False,True,False,False
50.0,801,23,6.732939657023157,27914.083976106296,66.66666666666666,3549,6.881313711751069,0,0,0,0,0,0,0,1.4529887996076685,6.687108607866515,False,False,False,False,False,True
1.0,374,24,6.576885158507406,32189.860450470936,75.0,2188,6.320059610463039,0,0,0,0,0,0,0,0.8886641126398388,5.926926025970411,True,False,False,False,False,False
1.0,35,37,6.295993024103089,2508.102734495634,0.0,3067,6.382521258497842,0,0,0,0,0,0,0,0.3902922829787633,3.58351893845611,False,False,False,True,False,False
4.0,3360,35,6.863669571633784,27782.22410826645,70.2127659574468,3067,6.382521258497842,0,0,0,0,0,0,0,1.5611691319150531,8.119993827725105,False,False,False,True,False,False
1.0,4286,11,6.359366963355418,11932.715585159718,74.03846153846155,3067,6.382521258497842,0,0,0,0,0,0,0,0.3902922829787633,8.363342466597977,False,False,False,True,False,False
2.0,7234,7,6.427690326839088,17728.815455935503,74.40476190476191,3067,6.382521258497842,0,0,0,0,0,0,0,0.7805845659575266,8.886685639065584,False,False,False,True,False,False
1.0,352,19,6.5004185244497705,20155.465753424658,75.0,610,5.665348780241979,0,0,0,0,0,0,0,0.13788144168663172,5.8664680569332965,False,False,True,False,False,False
1.0,58,42,6.671140218499566,17379.625889812763,0.0,2188,6.320059610463039,0,0,0,0,0,0,0,0.8886641126398388,4.07753744390572,True,False,False,False,False,False
59.0,322,22,6.40169871215857,11208.264643466027,83.33333333333334,3549,6.881313711751069,0,0,0,0,0,0,0,1.7145267835370488,5.777652323222656,False,False,False,False,False,True
13.0,95,16,5.558589488847307,349.1694444444444,0.0,3549,6.881313711751069,0,0,0,0,0,0,0,0.3777770878979938,4.564348191467836,False,False,False,False,False,True
25.0,168,20,6.7812232788728535,26850.034277509672,0.0,3549,6.881313711751069,0,0,0,0,0,0,0,0.7264943998038342,5.1298987149230735,False,False,False,False,False,True
12.0,398660,15,6.8355523885194005,44038.75777110693,83.54149730249057,3549,6.881313711751069,0,0,0,0,0,0,0,0.34871731190584043,12.895866710676762,False,False,False,False,False,True
9.0,1716,35,6.735693518255812,18850.454206671966,72.36842105263158,1572,6.528145312958054,0,0,0,0,0,0,0,3.442443806922896,7.448333860897476,False,False,False,False,True,False
1.0,2209,39,6.779782172998328,33631.42093373494,63.63636363636363,1572,6.528145312958054,0,0,0,0,0,0,0,0.38249375632476623,7.700747794511798,False,False,False,False,True,False
1.0,15718,30,6.954266818523805,35213.72699492817,75.0,2188,6.320059610463039,0,0,0,0,0,0,0,0.8886641126398388,9.662625450728237,True,False,False,False,False,False
1.0,73,32,6.555621413678604,13235.397717492759,0.0,2188,6.320059610463039,0,0,0,0,0,0,0,0.8886641126398388,4.30406509320417,True,False,False,False,False,False
1.0,408,6,6.468372592093842,13820.686630000748,75.0,3067,6.382521258497842,0,0,0,0,0,0,0,0.3902922829787633,6.013715156042802,False,False,False,True,False,False
1.0,110,49,6.640698109965129,30156.15701881832,0.0,2188,6.320059610463039,0,0,0,0,0,0,0,0.8886641126398388,4.709530201312334,True,False,False,False,False,False
8.0,5555,23,6.80155447398906,33031.59285690002,74.25742574257426,3549,6.881313711751069,0,0,0,0,0,0,0,0.23247820793722695,8.622633703874234,False,False,False,False,False,True
12.0,180686,8,6.9095318647504085,43015.534783900155,82.33900495369373,3549,6.881313711751069,0,0,0,0,0,0,0,0.34871731190584043,12.104521531546295,False,False,False,False,False,True
5.0,904,27,6.930912076909611,33634.63822928289,80.0,3549,6.881313711751069,0,0,0,0,0,0,0,0.14529887996076685,6.807934943699926,False,False,False,False,False,True
1.0,2884,16,6.844292569352955,31690.293999531314,81.44329896907216,3067,6.382521258497842,0,0,0,0,0,0,0,0.3902922829787633,7.9672801789422,False,False,False,True,False,False
1.0,289,5,6.195191110040243,2612.9254587155965,66.66666666666666,3067,6.382521258497842,0,0,0,0,0,0,0,0.3902922829787633,5.66988092298052,False,False,False,True,False,False
52.0,494,27,6.924618381955827,28385.900294075396,50.0,3549,6.881313711751069,0,0,0,0,0,0,0,1.5111083515919752,6.20455776256869,False,False,False,False,False,True
1.0,3279,11,5.459667665453769,7695.231857287449,77.47252747252747,447,5.588299776286353,0,0,0,0,0,0,0,0.9078461025802542,8.09559870137819,False,True,False,False,False,False
1.0,1252,21,6.850577283767982,33498.01202864291,67.14285714285714,1572,6.528145312958054,0,0,0,0,0,0,0,0.38249375632476623,7.133295954896068,False,False,False,False,True,False
1.0,13412,35,6.949003066864462,36025.14553058347,83.94736842105263,2188,6.320059610463039,0,0,0,0,0,0,0,0.8886641126398388,9.50397966490209,True,False,False,False,False,False
1.0,2621,13,6.729085071763116,32029.24882863714,69.23076923076923,3067,6.382521258497842,0,0,0,0,0,0,0,0.3902922829787633,7.871692664323645,False,False,False,True,False,False
1.0,13094,36,6.904400748459212,30367.902828980667,66.66666666666666,2188,6.320059610463039,0,0,0,0,0,0,0,0.8886641126398388,9.479985756941812,True,False,False,False,False,False
2.0,21616,25,6.659973141932871,26053.022539438305,78.59778597785979,3067,6.382521258497842,0,0,0,0,0,0,0,0.7805845659575266,9.981235321158053,False,False,False,True,False,False
13.0,66236,35,6.745065955079785,39375.04393138893,80.43548911277219,3549,6.881313711751069,0,0,0,0,0,0,0,0.3777770878979938,11.100994498178453,False,False,False,False,False,True
12.0,487,20,5.558589488847307,349.1694444444444,63.1578947368421,3549,6.881313711751069,0,0,0,0,0,0,0,0.34871731190584043,6.1903154058531475,False,False,False,False,False,True
104.0,36,35,6.40169871215857,11208.264643466027,0.0,3549,6.881313711751069,0,0,0,0,0,0,0,3.0222167031839504,3.6109179126442243,False,False,False,False,False,True
1.0,117,46,6.5264888547538815,17281.5837709483,50.0,2188,6.320059610463039,0,0,0,0,0,0,0,0.8886641126398388,4.770684624465665,True,False,False,False,False,False
12.0,618056,11,6.9628532979221385,47274.58870887442,83.04453249748654,3549,6.881313711751069,0,0,0,0,0,0,0,0.34871731190584043,13.334335965196335,False,False,False,False,False,True
26.0,66751,9,6.835256479493799,36713.07073899718,81.85465893892109,3549,6.881313711751069,0,0,0,0,0,0,0,0.7555541757959876,11.108739538360444,False,False,False,False,False,True
1.0,41368,32,6.469338862241644,17928.85202457893,78.89530090684254,3067,6.382521258497842,0,0,0,0,0,0,0,0.3902922829787633,10.630287087057917,False,False,False,True,False,False
1.0,13929,44,6.715661769645538,25410.923923540606,72.91666666666666,1572,6.528145312958054,0,0,0,0,0,0,0,0.38249375632476623,9.54180006677385,False,False,False,False,True,False
26.0,94,14,6.661598144800827,23713.726803837835,0.0,3549,6.881313711751069,0,0,0,0,0,0,0,0.7555541757959876,4.553876891600541,False,False,False,False,False,True
12.0,99460,12,6.943405028369551,41158.69897085979,79.4338051623647,3549,6.881313711751069,0,0,0,0,0,0,0,0.34871731190584043,11.507520886511369,False,False,False,False,False,True
24.0,456749,20,6.883657514125043,35455.284204746524,86.86140161077053,3549,6.881313711751069,0,0,0,0,0,0,0,0.6974346238116809,13.031891474240252,False,False,False,False,False,True
12.0,13827,22,6.780595148016227,23750.2895919479,77.51371115173674,3549,6.881313711751069,0,0,0,0,0,0,0,0.34871731190584043,9.534450801041515,False,False,False,False,False,True
12.37420167311325,12012,12,6.777925656471416,31529.821479823888,0.0,3549,6.881313711751069,0,0,0,0,0,0,0,0.35959152870240046,9.393744675721376,False,False,False,False,False,True
26.0,603,17,6.814807283566524,25169.064938062274,68.75,3549,6.881313711751069,0,0,0,0,0,0,0,0.7555541757959876,6.403574197934815,False,False,False,False,False,True
1.0,436,17,6.393797237117623,14552.542012556314,72.72727272727273,610,5.665348780241979,0,0,0,0,0,0,0,0.13788144168663172,6.07993319509559,False,False,True,False,False,False
1.0,72,39,6.200225700698335,7476.477735322658,0.0,3067,6.382521258497842,0,0,0,0,0,0,0,0.3902922829787633,4.290459441148391,False,False,False,True,False,False
1.0,5005,20,6.510263751421897,20545.19121004566,65.83333333333333,1572,6.528145312958054,0,0,0,0,0,0,0,0.38249375632476623,8.518392471991719,False,False,False,False,True,False
6.0,461,13,6.7728198451635695,10867.081901989324,87.5,3067,6.382521258497842,0,0,0,0,0,0,0,2.3417536978725795,6.135564891081739,False,False,False,True,False,False
12.0,4670,14,6.962432214140248,33503.983707126754,70.83333333333334,3549,6.881313711751069,0,0,0,0,0,0,0,0.34871731190584043,8.449128460502108,False,False,False,False,False,True
2.0,88699,18,7.1169859007287695,59662.93004229477,77.09881640517479,1572,6.528145312958054,0,0,0,0,0,0,0,0.7649875126495325,11.393015168297671,False,False,False,False,True,False
12.37420167311325,5889,31,6.825823322578457,40174.450538419005,0.0,3549,6.881313711751069,0,0,0,0,0,0,0,0.35959152870240046,8.681011276645632,False,False,False,False,False,True
13.0,2009,20,6.842795049054185,36083.759828801754,70.83333333333334,3549,6.881313711751069,0,0,0,0,0,0,0,0.3777770878979938,7.605890001053122,False,False,False,False,False,True
26.0,1597,39,6.910618758441679,24777.488659281662,76.19047619047619,3549,6.881313711751069,0,0,0,0,0,0,0,0.7555541757959876,7.37650812632622,False,False,False,False,False,True
1.0,533,20,6.833987678136327,33985.687408900805,80.0,3067,6.382521258497842,0,0,0,0,0,0,0,0.3902922829787633,6.280395838960195,False,False,False,True,False,False
3.0,5207,17,6.195191110040243,2612.9254587155965,64.02439024390245,3067,6.382521258497842,0,0,0,0,0,0,0,1.1708768489362897,8.557951183888406,False,False,False,True,False,False
1.0,45568,38,6.883142933259378,40361.65629065266,81.13207547169812,2188,6.320059610463039,0,0,0,0,0,0,0,0.8886641126398388,10.726982939755574,True,False,False,False,False,False
1.0,15508,29,6.779782172998328,33631.42093373494,84.12698412698413,2188,6.320059610463039,0,0,0,0,0,0,0,0.8886641126398388,9.649175779559453,True,False,False,False,False,False
2.0,10513,43,6.429001687383052,23463.296875,69.02654867256636,1572,6.528145312958054,0,0,0,0,0,0,0,0.7649875126495325,9.260462981379394,False,False,False,False,True,False
156.0,184,21,6.585825710219119,23425.357513288553,0.0,3549,6.881313711751069,0,0,0,0,0,0,0,4.533325054775926,5.220355825078324,False,False,False,False,False,True
1.0,187,35,6.446069719328857,24916.015057090935,50.0,447,5.588299776286353,0,0,0,0,0,0,0,0.9078461025802542,5.236441962829949,False,True,False,False,False,False
1.0,578,18,6.195191110040243,2612.9254587155965,77.77777777777779,3067,6.382521258497842,0,0,0,0,0,0,0,0.3902922829787633,6.361302477572996,False,False,False,True,False,False
22.0,509109,11,6.924598873655787,36956.0592495335,85.58378751823138,3549,6.881313711751069,0,0,0,0,0,0,0,0.6393150718273741,13.1404193822039,False,False,False,False,False,True
1.0,20824,23,6.797001653365785,36972.65852931461,75.74349442379183,3067,6.382521258497842,0,0,0,0,0,0,0,0.3902922829787633,9.943909467035043,False,False,False,True,False,False
3.0,2653,35,6.67396559045013,18139.413250007634,75.67567567567568,3067,6.382521258497842,0,0,0,0,0,0,0,1.1708768489362897,7.8838232148921525,False,False,False,True,False,False
1.0,3213,47,6.560476872196712,25741.036493451695,60.0,3067,6.382521258497842,0,0,0,0,0,0,0,0.3902922829787633,8.075271546297458,False,False,False,True,False,False
13.0,6787,53,6.867802716726857,28208.4937559961,79.05405405405406,3549,6.881313711751069,0,0,0,0,0,0,0,0.3777770878979938,8.822911626354117,False,False,False,False,False,True
13.0,176,7,6.77960349153899,31711.60097237719,100.0,3549,6.881313711751069,0,0,0,0,0,0,0,0.3777770878979938,5.176149732573829,False,False,False,False,False,True
2.0,7082,48,6.757462790560788,33460.4890572861,76.97516930022573,1572,6.528145312958054,0,0,0,0,0,0,0,0.7649875126495325,8.865452825753623,False,False,False,False,True,False
2.0,385,11,6.195191110040243,2612.9254587155965,44.44444444444444,3067,6.382521258497842,0,0,0,0,0,0,0,0.7805845659575266,5.955837369464831,False,False,False,True,False,False
1.0,51072,7,6.831725682510775,29540.344065907895,75.33840947546531,1572,6.528145312958054,0,0,0,0,0,0,0,0.38249375632476623,10.841011260818293,False,False,False,False,True,False
109.0,40271,13,6.902964592548838,30712.34543676561,83.26474622770918,3549,6.881313711751069,0,0,0,0,0,0,0,3.1675155831447173,10.603411717375097,False,False,False,False,False,True
1.0,65,23,6.7771287869600085,26986.53922225988,100.0,2188,6.320059610463039,0,0,0,0,0,0,0,0.8886641126398388,4.189654742026425,True,False,False,False,False,False
26.0,444,60,6.289007148338809,2755.141935483871,60.0,3549,6.881313711751069,0,0,0,0,0,0,0,0.7555541757959876,6.09807428216624,False,False,False,False,False,True
39.0,31234,18,6.904895489189585,31163.69504904282,84.00954653937947,3549,6.881313711751069,0,0,0,0,0,0,0,1.1333312636939814,10.349294539927671,False,False,False,False,False,True
2.0,1947,9,6.195191110040243,2612.9254587155965,65.38461538461539,3067,6.382521258497842,0,0,0,0,0,0,0,0.7805845659575266,7.5745584842024805,False,False,False,True,False,False
12.0,93000,10,6.7628425086075366,37117.7927505508,81.14630467571644,3549,6.881313711751069,0,0,0,0,0,0,0,0.34871731190584043,11.440365524765756,False,False,False,False,False,True
1.0,644,19,6.318786144793481,17835.113469827586,72.22222222222221,3067,6.382521258497842,0,0,0,0,0,0,0,0.3902922829787633,6.4692503167957724,False,False,False,True,False,False
13.0,55,23,6.676269584446959,17721.418705621,0.0,3549,6.881313711751069,0,0,0,0,0,0,0,0.3777770878979938,4.02535169073515,False,False,False,False,False,True
2.0,571,37,6.664379343008459,25898.78901145579,80.0,1572,6.528145312958054,0,0,0,0,0,0,0,0.7649875126495325,6.349138991379798,False,False,False,False,True,False
1.0,4253,20,6.834875636379364,37089.323412853126,74.07407407407408,3067,6.382521258497842,0,0,0,0,0,0,0,0.3902922829787633,8.355614995760183,False,False,False,True,False,False
10.0,43759,8,6.913760739929198,34135.25766463559,80.5949966193374,610,5.665348780241979,0,0,0,0,0,0,0,1.3788144168663172,10.686475437095863,False,False,True,False,False,False
1.0,18847,55,6.9991527367920785,29224.91358909553,75.32327586206897,2188,6.320059610463039,0,0,0,0,0,0,0,0.8886641126398388,9.844162086451313,True,False,False,False,False,False
9.0,563,17,6.035384615384615,7041.2307692307695,50.0,3067,6.382521258497842,0,0,0,0,0,0,0,3.5126305468088694,6.335054251498059,False,False,False,True,False,False
2.0,8305,41,7.014303909956854,24896.593848168337,76.78571428571429,3067,6.382521258497842,0,0,0,0,0,0,0,0.7805845659575266,9.024733424190698,False,False,False,True,False,False
4.0,1849,45,6.9455989055394145,45028.571889186656,70.0,3067,6.382521258497842,0,0,0,0,0,0,0,1.5611691319150531,7.52294091807237,False,False,False,True,False,False
2.0,3208,49,7.089722456575947,28700.058839479392,80.0,3067,6.382521258497842,0,0,0,0,0,0,0,0.7805845659575266,8.073714641109857,False,False,False,True,False,False
65.0,240,10,6.40169871215857,11208.264643466027,0.0,3549,6.881313711751069,0,0,0,0,0,0,0,1.888885439489969,5.484796933490655,False,False,False,False,False,True
1.0,213,20,6.40169871215857,11208.264643466027,100.0,1572,6.528145312958054,0,0,0,0,0,0,0,0.38249375632476623,5.365976015021851,False,False,False,False,True,False
47.0,297,21,6.045175999634896,2840.439024390244,60.0,3549,6.881313711751069,0,0,0,0,0,0,0,1.3658094716312084,5.697093486505405,False,False,False,False,False,True
2.0,1825,24,6.195191110040243,2612.9254587155965,61.36363636363637,3067,6.382521258497842,0,0,0,0,0,0,0,0.7805845659575266,7.509883061154913,False,False,False,True,False,False
39.0,8040,8,6.806194056192318,19560.024771496388,79.47019867549669,3549,6.881313711751069,0,0,0,0,0,0,0,1.1333312636939814,8.99230873254815,False,False,False,False,False,True
26.0,14550,41,6.772053738969407,26831.387071895966,79.51219512195122,3549,6.881313711751069,0,0,0,0,0,0,0,0.7555541757959876,9.585414998760278,False,False,False,False,False,True
12.0,6871,28,6.923646682390587,30576.68769194964,80.74866310160428,3549,6.881313711751069,0,0,0,0,0,0,0,0.34871731190584043,8.835210463664092,False,False,False,False,False,True
1.0,633,33,6.779782172998328,33631.42093373494,66.66666666666666,3067,6.382521258497842,0,0,0,0,0,0,0,0.3902922829787633,6.452048954437226,False,False,False,True,False,False
13.0,19502,24,6.604842707205482,20851.246346539916,78.51662404092072,3549,6.881313711751069,0,0,0,0,0,0,0,0.3777770878979938,9.878323578872578,False,False,False,False,False,True
1.0,5404,29,6.678387797709568,23301.07183449148,78.68217054263566,3067,6.382521258497842,0,0,0,0,0,0,0,0.3902922829787633,8.595079730073309,False,False,False,True,False,False
2.0,5959,39,6.767541224610549,31441.719824303393,81.5028901734104,3067,6.382521258497842,0,0,0,0,0,0,0,0.7805845659575266,8.692825760059396,False,False,False,True,False,False
1.0,14605,34,6.8703620642673275,44206.47600824357,73.31136738056013,3067,6.382521258497842,0,0,0,0,0,0,0,0.3902922829787633,9.589187682180055,False,False,False,True,False,False
1.0,474,36,6.779782172998328,33631.42093373494,53.84615384615385,2188,6.320059610463039,0,0,0,0,0,0,0,0.8886641126398388,6.163314804034641,True,False,False,False,False,False
4.0,14930,12,6.855272721443989,28687.82911230215,82.27848101265823,3067,6.382521258497842,0,0,0,0,0,0,0,1.5611691319150531,9.611194867526663,False,False,False,True,False,False
1.0,79,6,5.879225467208256,3053.415760869565,100.0,447,5.588299776286353,0,0,0,0,0,0,0,0.9078461025802542,4.382026634673881,False,True,False,False,False,False
12.0,85178,24,6.836389593533809,44381.854779873785,81.09613130128956,3549,6.881313711751069,0,0,0,0,0,0,0,0.34871731190584043,11.352510203563257,False,False,False,False,False,True
3.0,883,34,6.635758036799406,19680.101027563407,64.86486486486487,3067,6.382521258497842,0,0,0,0,0,0,0,1.1708768489362897,6.784457062637643,False,False,False,True,False,False
1.0,1046,19,5.710152858857673,19942.244122166732,75.86206896551724,2188,6.320059610463039,0,0,0,0,0,0,0,0.8886641126398388,6.953684210870537,True,False,False,False,False,False
46.0,1093,13,6.815491275933833,29528.763855712303,61.53846153846154,3549,6.881313711751069,0,0,0,0,0,0,0,1.336749695639055,6.9975959829819265,False,False,False,False,False,True
47.0,88,29,6.5004185244497705,20155.465753424658,0.0,3549,6.881313711751069,0,0,0,0,0,0,0,1.3658094716312084,4.48863636973214,False,False,False,False,False,True
2.0,23192,20,6.904255601987694,31982.71380111504,69.31407942238266,3067,6.382521258497842,0,0,0,0,0,0,0,0.7805845659575266,10.051605787988585,False,False,False,True,False,False
26.0,91034,13,6.852165520065444,30728.418266800396,83.1686541737649,3549,6.881313711751069,0,0,0,0,0,0,0,0.7555541757959876,11.418999326938065,False,False,False,False,False,True
1.0,381,43,6.821946310481903,23998.8418364787,66.66666666666666,2188,6.320059610463039,0,0,0,0,0,0,0,0.8886641126398388,5.945420608606575,True,False,False,False,False,False
1.0,36,42,6.624551706647431,16561.884412793006,0.0,3067,6.382521258497842,0,0,0,0,0,0,0,0.3902922829787633,3.6109179126442243,False,False,False,True,False,False
1.0,292,14,5.710152858857673,19942.244122166732,40.0,2188,6.320059610463039,0,0,0,0,0,0,0,0.8886641126398388,5.680172609017068,True,False,False,False,False,False
1.0,787,14,6.195191110040243,2612.9254587155965,71.42857142857143,610,5.665348780241979,0,0,0,0,0,0,0,0.13788144168663172,6.669498089857879,False,False,True,False,False,False
46.0,122,17,6.289007148338809,2755.141935483871,0.0,3549,6.881313711751069,0,0,0,0,0,0,0,1.336749695639055,4.812184355372417,False,False,False,False,False,True
2.0,311,29,6.94163095913589,40438.8375793324,50.0,3067,6.382521258497842,0,0,0,0,0,0,0,0.7805845659575266,5.7430031878094825,False,False,False,True,False,False
25.0,3322,20,6.765433613114083,33513.09901871412,69.6969696969697,3549,6.881313711751069,0,0,0,0,0,0,0,0.7264943998038342,8.108623268354595,False,False,False,False,False,True
13.0,93,24,6.751797143671785,26268.564264907767,33.33333333333333,3549,6.881313711751069,0,0,0,0,0,0,0,0.3777770878979938,4.543294782270004,False,False,False,False,False,True
1.0,60,43,6.620796471797719,18564.722815430734,0.0,2188,6.320059610463039,0,0,0,0,0,0,0,0.8886641126398388,4.110873864173311,True,False,False,False,False,False
13.0,619,12,6.5004185244497705,20155.465753424658,83.33333333333334,3549,6.881313711751069,0,0,0,0,0,0,0,0.3777770878979938,6.429719478039138,False,False,False,False,False,True
39.0,2723,36,6.696632693858549,16436.954472101752,83.33333333333334,3549,6.881313711751069,0,0,0,0,0,0,0,1.1333312636939814,7.909856667269403,False,False,False,False,False,True
1.0,1089,16,6.662948251583755,24178.094281909634,70.37037037037037,610,5.665348780241979,0,0,0,0,0,0,0,0.13788144168663172,6.993932975223189,False,False,True,False,False,False
2.0,37519,22,6.630142344589245,29590.237319030264,77.35745614035088,3067,6.382521258497842,0,0,0,0,0,0,0,0.7805845659575266,10.532629403120161,False,False,False,True,False,False
1.0,1973,25,6.719256326419516,21126.750382418828,87.20930232558139,3067,6.382521258497842,0,0,0,0,0,0,0,0.3902922829787633,7.587817219993427,False,False,False,True,False,False
1.0,4474,34,6.753153808789693,31901.164442645186,60.74074074074074,1572,6.528145312958054,0,0,0,0,0,0,0,0.38249375632476623,8.406261630708956,False,False,False,False,True,False
1.0,1650,58,6.779604893627814,22717.274586266605,81.25,2188,6.320059610463039,0,0,0,0,0,0,0,0.8886641126398388,7.409136443920128,True,False,False,False,False,False
1.0,78,7,6.26522859704693,4177.704926926859,0.0,2188,6.320059610463039,0,0,0,0,0,0,0,0.8886641126398388,4.3694478524670215,True,False,False,False,False,False
3.0,4444,25,6.767541224610549,31441.719824303393,78.50877192982456,1572,6.528145312958054,0,0,0,0,0,0,0,1.1474812689742986,8.399535147948004,False,False,False,False,True,False
1.0,25,22,6.829036948424544,17643.015772252504,0.0,3067,6.382521258497842,0,0,0,0,0,0,0,0.3902922829787633,3.258096538021482,False,False,False,True,False,False
12.37420167311325,292,4,6.270257490704965,4775.436363636363,0.0,3067,6.382521258497842,0,0,0,0,0,0,0,4.829555421039003,5.680172609017068,False,False,False,True,False,False
1.0,21789,51,6.9991527367920785,29224.91358909553,74.51171875,2188,6.320059610463039,0,0,0,0,0,0,0,0.8886641126398388,9.989206427938665,True,False,False,False,False,False
1.0,630,23,6.877926778715913,28725.509943837485,66.66666666666666,2188,6.320059610463039,0,0,0,0,0,0,0,0.8886641126398388,6.447305862541213,True,False,False,False,False,False
1.0,14037,38,6.836335151609738,23693.80092663136,74.96617050067658,2188,6.320059610463039,0,0,0,0,0,0,0,0.8886641126398388,9.549523217290366,True,False,False,False,False,False
2.0,1613,37,6.782065178415631,24122.196018718358,87.03703703703704,3067,6.382521258497842,0,0,0,0,0,0,0,0.7805845659575266,7.3864708488298945,False,False,False,True,False,False
10.0,3300,17,6.8261731898645,32399.94344398004,81.93548387096774,3549,6.881313711751069,0,0,0,0,0,0,0,0.2905977599215337,8.101980731853192,False,False,False,False,False,True
13.0,3907,10,6.83475559500329,39846.843396072494,78.33333333333333,3549,6.881313711751069,0,0,0,0,0,0,0,0.3777770878979938,8.270781013162674,False,False,False,False,False,True
1.0,61,41,6.490336269696487,6754.518842086047,0.0,2188,6.320059610463039,0,0,0,0,0,0,0,0.8886641126398388,4.127134385045092,True,False,False,False,False,False
64.0,67,15,6.113364449933685,1716.6255167536988,0.0,3549,6.881313711751069,0,0,0,0,0,0,0,1.8598256634978156,4.219507705176107,False,False,False,False,False,True
104.0,3782,16,6.661918184785155,23710.238239664224,68.88888888888889,3549,6.881313711751069,0,0,0,0,0,0,0,3.0222167031839504,8.23827262463303,False,False,False,False,False,True
1.0,1372,25,6.788691683537152,24707.139157730548,79.54545454545455,3067,6.382521258497842,0,0,0,0,0,0,0,0.3902922829787633,7.224753405767971,False,False,False,True,False,False
52.0,903,29,6.842263033993731,30135.183739577245,83.33333333333334,3549,6.881313711751069,0,0,0,0,0,0,0,1.5111083515919752,6.806829360392176,False,False,False,False,False,True
12.0,26360,24,6.79972621900026,29283.89856387972,75.764192139738,3549,6.881313711751069,0,0,0,0,0,0,0,0.34871731190584043,10.179640924163953,False,False,False,False,False,True
26.0,480,23,6.66391737475365,18028.293509500556,62.5,3549,6.881313711751069,0,0,0,0,0,0,0,0.7555541757959876,6.175867270105761,False,False,False,False,False,True
2.0,129,34,6.720553481784464,34435.280689796615,80.0,3067,6.382521258497842,0,0,0,0,0,0,0,0.7805845659575266,4.867534450455582,False,False,False,True,False,False
1.0,8028,25,6.829036948424544,17643.015772252504,100.0,2188,6.320059610463039,0,0,0,0,0,0,0,0.8886641126398388,8.990815266184685,True,False,False,False,False,False
4.0,1007,4,6.761962783054639,20656.97180607905,72.09302325581395,3067,6.382521258497842,0,0,0,0,0,0,0,1.5611691319150531,6.915723448631314,False,False,False,True,False,False
1.0,11973,37,6.911137346756003,28192.68039213635,73.00613496932516,2188,6.320059610463039,0,0,0,0,0,0,0,0.8886641126398388,9.390492911485298,True,False,False,False,False,False
1.0,271,21,6.761709714305822,27666.489634616755,62.5,2188,6.320059610463039,0,0,0,0,0,0,0,0.8886641126398388,5.605802066295998,True,False,False,False,False,False
1.0,60,24,6.548792989998894,10128.71560623309,0.0,3067,6.382521258497842,0,0,0,0,0,0,0,0.3902922829787633,4.110873864173311,False,False,False,True,False,False
1.0,65,14,6.548792989998894,10128.71560623309,50.0,3067,6.382521258497842,0,0,0,0,0,0,0,0.3902922829787633,4.189654742026425,False,False,False,True,False,False
26.0,2124,8,6.5004185244497705,20155.465753424658,100.0,3549,6.881313711751069,0,0,0,0,0,0,0,0.7555541757959876,7.661527081358517,False,False,False,False,False,True
6.0,305165,4,6.540548490645542,23078.57939239311,84.53877551020408,3067,6.382521258497842,0,0,0,0,0,0,0,2.3417536978725795,12.628611169827627,False,False,False,True,False,False
2.0,1099,23,6.106210567052468,33784.67164179104,85.71428571428571,610,5.665348780241979,0,0,0,0,0,0,0,0.27576288337326343,7.003065458786462,False,False,True,False,False,False
1.0,242,22,4.9263479368027125,4281.747368421053,100.0,610,5.665348780241979,0,0,0,0,0,0,0,0.13788144168663172,5.493061443340548,False,False,True,False,False,False
48.0,136,21,6.813362758640466,19237.850781376066,0.0,3549,6.881313711751069,0,0,0,0,0,0,0,1.3948692476233617,4.919980925828125,False,False,False,False,False,True
1.0,155,27,5.558589488847307,349.1694444444444,33.33333333333333,2188,6.320059610463039,0,0,0,0,0,0,0,0.8886641126398388,5.049856007249537,True,False,False,False,False,False
51.0,28341,15,6.920132356103352,33388.59693099267,77.46319365798414,3549,6.881313711751069,0,0,0,0,0,0,0,1.4820485755998218,10.252100082384816,False,False,False,False,False,True
1.0,48,85,6.662948251583755,24178.094281909634,0.0,610,5.665348780241979,0,0,0,0,0,0,0,0.13788144168663172,3.8918202981106265,False,False,True,False,False,False
24.0,55040,37,6.890746778738209,24896.681211381885,80.36253776435045,3549,6.881313711751069,0,0,0,0,0,0,0,0.6974346238116809,10.915833641046829,False,False,False,False,False,True
1.0,27504,32,6.984552882844566,51083.0533289763,0.0,2188,6.320059610463039,0,0,0,0,0,0,0,0.8886641126398388,10.222123085309558,True,False,False,False,False,False
26.0,57,34,6.772409865396259,19321.953347374583,0.0,3549,6.881313711751069,0,0,0,0,0,0,0,0.7555541757959876,4.060443010546419,False,False,False,False,False,True
1.0,53,34,6.26522859704693,4177.704926926859,0.0,2188,6.320059610463039,0,0,0,0,0,0,0,0.8886641126398388,3.9889840465642745,True,False,False,False,False,False
14.0,54,18,6.5004185244497705,20155.465753424658,0.0,610,5.665348780241979,0,0,0,0,0,0,0,1.930340183612844,4.007333185232471,False,False,True,False,False,False
26.0,53,12,6.800166494369348,33094.709865182755,0.0,3549,6.881313711751069,0,0,0,0,0,0,0,0.7555541757959876,3.9889840465642745,False,False,False,False,False,True
193.0,5332,13,6.868364118219989,29364.25808596966,68.08510638297872,3549,6.881313711751069,0,0,0,0,0,0,0,5.6085367664856,8.581669210600602,False,False,False,False,False,True
1.0,69,6,5.879225467208256,3053.415760869565,100.0,447,5.588299776286353,0,0,0,0,0,0,0,0.9078461025802542,4.248495242049359,False,True,False,False,False,False
1.0,3770,10,6.195191110040243,2612.9254587155965,68.24324324324324,3067,6.382521258497842,0,0,0,0,0,0,0,0.3902922829787633,8.235095497258357,False,False,False,True,False,False
1.0,1746,43,6.920979158570614,35809.91501306184,72.72727272727273,3067,6.382521258497842,0,0,0,0,0,0,0,0.3902922829787633,7.465655310134056,False,False,False,True,False,False
1.0,81,59,6.620258347828308,25305.709987302133,50.0,1572,6.528145312958054,0,0,0,0,0,0,0,0.38249375632476623,4.406719247264253,False,False,False,False,True,False
3.0,2143,35,6.195191110040243,2612.9254587155965,78.04878048780488,3067,6.382521258497842,0,0,0,0,0,0,0,1.1708768489362897,7.670428522190693,False,False,False,True,False,False
32.0,827,17,6.948906203601128,29861.823829065288,40.0,3067,6.382521258497842,0,0,0,0,0,0,0,12.489353055320425,6.71901315438526,False,False,False,True,False,False
1.0,508,34,6.826041080247562,20995.29290900468,100.0,2188,6.320059610463039,0,0,0,0,0,0,0,0.8886641126398388,6.2324480165505225,True,False,False,False,False,False
1.0,45,47,6.548792989998894,10128.71560623309,0.0,3067,6.382521258497842,0,0,0,0,0,0,0,0.3902922829787633,3.828641396489095,False,False,False,True,False,False
6.0,1454,31,6.867802716726857,28208.4937559961,80.0,3067,6.382521258497842,0,0,0,0,0,0,0,2.3417536978725795,7.282761179605593,False,False,False,True,False,False
1.0,72534,51,6.817997843734242,25788.449241553328,85.18675721561969,2188,6.320059610463039,0,0,0,0,0,0,0,0.8886641126398388,11.191824482973002,True,False,False,False,False,False
2.0,1815,34,6.894164257864038,33666.32975319148,66.10169491525424,1572,6.528145312958054,0,0,0,0,0,0,0,0.7649875126495325,7.504391559161238,False,False,False,False,True,False
26.0,67254,27,6.845532650796314,32976.24165026795,85.28341133645347,3549,6.881313711751069,0,0,0,0,0,0,0,0.7555541757959876,11.116246644142683,False,False,False,False,False,True
1.0,1895,42,6.867802716726857,28208.4937559961,76.0,3067,6.382521258497842,0,0,0,0,0,0,0,0.3902922829787633,7.547501682814967,False,False,False,True,False,False
1.0,110,35,6.662948251583755,24178.094281909634,0.0,2188,6.320059610463039,0,0,0,0,0,0,0,0.8886641126398388,4.709530201312334,True,False,False,False,False,False
1.0,1585,49,6.679200684224964,27263.2339425807,55.55555555555556,1572,6.528145312958054,0,0,0,0,0,0,0,0.38249375632476623,7.368970402194793,False,False,False,False,True,False
1.0,5191,23,6.520298048758645,22951.808542832117,77.95275590551181,1572,6.528145312958054,0,0,0,0,0,0,0,0.38249375632476623,8.554874258383926,False,False,False,False,True,False
6.0,60899,24,6.7730536600892846,31639.077377889313,73.080204778157,1572,6.528145312958054,0,0,0,0,0,0,0,2.294962537948597,11.016988453697989,False,False,False,False,True,False
11.0,228435,13,6.924598873655787,36956.0592495335,83.11923583662714,3549,6.881313711751069,0,0,0,0,0,0,0,0.31965753591368706,12.339011362557207,False,False,False,False,False,True
4.0,183,35,6.662948251583755,24178.094281909634,66.66666666666666,1572,6.528145312958054,0,0,0,0,0,0,0,1.529975025299065,5.214935757608986,False,False,False,False,True,False
1.0,2929,28,6.4196857509510235,12871.593845347063,70.2127659574468,3067,6.382521258497842,0,0,0,0,0,0,0,0.3902922829787633,7.982757702011113,False,False,False,True,False,False
26.0,8665,13,6.878774120101251,44978.21271035508,80.0,3549,6.881313711751069,0,0,0,0,0,0,0,0.7555541757959876,9.067162602299854,False,False,False,False,False,True
1.0,46,34,6.666384269016459,23211.83994960994,0.0,3067,6.382521258497842,0,0,0,0,0,0,0,0.3902922829787633,3.8501476017100584,False,False,False,True,False,False
1.0,5652,22,6.759206837830128,28698.862140687077,80.42553191489363,3067,6.382521258497842,0,0,0,0,0,0,0,0.3902922829787633,8.63994165667529,False,False,False,True,False,False
1.0,173,10,6.22747829422649,6094.346320346321,100.0,2188,6.320059610463039,0,0,0,0,0,0,0,0.8886641126398388,5.159055299214529,True,False,False,False,False,False
1.0,753,64,6.843501468948183,23700.668086072834,58.333333333333336,2188,6.320059610463039,0,0,0,0,0,0,0,0.8886641126398388,6.625392368007956,True,False,False,False,False,False
3.0,18975,13,6.755039400968009,28202.223299767647,80.23255813953489,3067,6.382521258497842,0,0,0,0,0,0,0,1.1708768489362897,9.850930301797453,False,False,False,True,False,False
1.0,137,30,6.794607080130419,17996.367678958784,0.0,2188,6.320059610463039,0,0,0,0,0,0,0,0.8886641126398388,4.927253685157205,True,False,False,False,False,False
1.0,18545,33,6.89685613347767,45960.667908417556,80.90010976948409,2188,6.320059610463039,0,0,0,0,0,0,0,0.8886641126398388,9.82800941136017,True,False,False,False,False,False
26.0,227,36,6.56832141712291,23931.53930776523,85.71428571428571,3549,6.881313711751069,0,0,0,0,0,0,0,0.7555541757959876,5.429345628954441,False,False,False,False,False,True
24.0,58211,19,6.928082740748006,36914.650980454,82.47595148473442,3549,6.881313711751069,0,0,0,0,0,0,0,0.6974346238116809,10.971846798033217,False,False,False,False,False,True
4.0,499,22,6.195191110040243,2612.9254587155965,50.0,3067,6.382521258497842,0,0,0,0,0,0,0,1.5611691319150531,6.214608098422191,False,False,False,True,False,False
1.0,239,39,6.754497497170826,26583.142972284535,75.0,1572,6.528145312958054,0,0,0,0,0,0,0,0.38249375632476623,5.480638923341991,False,False,False,False,True,False
1.0,978,45,6.775421225450796,34528.22947139774,0.0,2188,6.320059610463039,0,0,0,0,0,0,0,0.8886641126398388,6.88653164253051,True,False,False,False,False,False
50.0,1226,36,6.754818962416433,37513.979954289374,57.692307692307686,3549,6.881313711751069,0,0,0,0,0,0,0,1.4529887996076685,7.112327444710911,False,False,False,False,False,True
26.0,65,22,6.113364449933685,1716.6255167536988,0.0,3549,6.881313711751069,0,0,0,0,0,0,0,0.7555541757959876,4.189654742026425,False,False,False,False,False,True
26.0,2886,7,6.5004185244497705,20155.465753424658,0.0,3549,6.881313711751069,0,0,0,0,0,0,0,0.7555541757959876,7.967973179662935,False,False,False,False,False,True
1.0,413,16,5.879225467208256,3053.415760869565,71.42857142857143,447,5.588299776286353,0,0,0,0,0,0,0,0.9078461025802542,6.025865973825314,False,True,False,False,False,False
1.0,1922,19,6.195191110040243,2612.9254587155965,65.85365853658537,3067,6.382521258497842,0,0,0,0,0,0,0,0.3902922829787633,7.56164174558878,False,False,False,True,False,False
1.0,6498,65,6.852165520065444,30728.418266800396,64.16382252559727,2188,6.320059610463039,0,0,0,0,0,0,0,0.8886641126398388,8.77940359789435,True,False,False,False,False,False
1.0,2813,14,6.644427954689881,25008.386065740946,76.19047619047619,2188,6.320059610463039,0,0,0,0,0,0,0,0.8886641126398388,7.942362237674335,True,False,False,False,False,False
1.0,96,12,6.788310729601363,20211.94423929099,0.0,1572,6.528145312958054,0,0,0,0,0,0,0,0.38249375632476623,4.574710978503383,False,False,False,False,True,False
13.0,301282,26,6.847906623403739,40570.28491304787,83.43085106382979,3549,6.881313711751069,0,0,0,0,0,0,0,0.3777770878979938,12.615805301356009,False,False,False,False,False,True
1.0,1166,10,6.87869123882592,24409.39225562343,76.47058823529412,1572,6.528145312958054,0,0,0,0,0,0,0,0.38249375632476623,7.062191632286556,False,False,False,False,True,False
50.0,219,20,6.845607708753538,27924.506537211204,50.0,3549,6.881313711751069,0,0,0,0,0,0,0,1.4529887996076685,5.393627546352362,False,False,False,False,False,True
12.37420167311325,19,18,6.504221438092777,14654.518742195743,0.0,3549,6.881313711751069,0,0,0,0,0,0,0,0.35959152870240046,2.995732273553991,False,False,False,False,False,True
1.0,1756,45,6.8807167204273005,32939.245119901556,72.3404255319149,1572,6.528145312958054,0,0,0,0,0,0,0,0.38249375632476623,7.471363088187097,False,False,False,False,True,False
2.0,132,30,6.665993815600843,23293.340560992787,50.0,1572,6.528145312958054,0,0,0,0,0,0,0,0.7649875126495325,4.890349128221754,False,False,False,False,True,False
25.0,5198,32,6.880608609282059,32088.24465500498,74.36974789915966,3549,6.881313711751069,0,0,0,0,0,0,0,0.7264943998038342,8.556221578383715,False,False,False,False,False,True
1.0,609,9,5.659166666666667,486.3333333333333,85.71428571428571,2188,6.320059610463039,0,0,0,0,0,0,0,0.8886641126398388,6.413458957167357,True,False,False,False,False,False
3.0,328,21,6.740676724722819,25486.120072228336,50.0,3067,6.382521258497842,0,0,0,0,0,0,0,1.1708768489362897,5.796057750765372,False,False,False,True,False,False
4.0,2504,22,6.885598857088164,36638.9894589547,85.22727272727273,3067,6.382521258497842,0,0,0,0,0,0,0,1.5611691319150531,7.826044013518965,False,False,False,True,False,False
1.0,90,27,6.786000370687271,20734.27494205464,50.0,1572,6.528145312958054,0,0,0,0,0,0,0,0.38249375632476623,4.51085950651685,False,False,False,False,True,False
12.37420167311325,101,33,6.662948251583755,24178.094281909634,0.0,610,5.665348780241979,0,0,0,0,0,0,0,1.706172766409985,4.624972813284271,False,False,True,False,False,False
24.0,14304,31,6.819275224602869,32812.733679457364,78.4708249496982,3549,6.881313711751069,0,0,0,0,0,0,0,0.6974346238116809,9.56836440548421,False,False,False,False,False,True
1.0,187,38,6.671140218499566,17379.625889812763,50.0,2188,6.320059610463039,0,0,0,0,0,0,0,0.8886641126398388,5.236441962829949,True,False,False,False,False,False
1.0,62,17,6.541380536432849,17946.242233621168,50.0,1572,6.528145312958054,0,0,0,0,0,0,0,0.38249375632476623,4.143134726391533,False,False,False,False,True,False
3.0,185,27,6.195191110040243,2612.9254587155965,66.66666666666666,3067,6.382521258497842,0,0,0,0,0,0,0,1.1708768489362897,5.225746673713202,False,False,False,True,False,False
1.0,104,10,6.446069719328857,24916.015057090935,100.0,447,5.588299776286353,0,0,0,0,0,0,0,0.9078461025802542,4.653960350157523,False,True,False,False,False,False
2.0,68623,35,6.916030310694199,44796.239433112794,80.27681660899654,3067,6.382521258497842,0,0,0,0,0,0,0,0.7805845659575266,11.136397606756661,False,False,False,True,False,False
1.0,447,34,6.7771287869600085,26986.53922225988,66.66666666666666,1572,6.528145312958054,0,0,0,0,0,0,0,0.38249375632476623,6.104793232414985,False,False,False,False,True,False
6.0,9641,27,6.738572847556955,33062.21833125778,73.23943661971832,610,5.665348780241979,0,0,0,0,0,0,0,0.8272886501197902,9.173883834965567,False,False,True,False,False,False
26.0,28097,34,6.92044320954752,28591.000409061133,82.82122905027933,610,5.665348780241979,0,0,0,0,0,0,0,3.5849174838524247,10.243453678411596,False,False,True,False,False,False
1.0,178,15,5.7918085106382975,2324.3617021276596,0.0,610,5.665348780241979,0,0,0,0,0,0,0,0.13788144168663172,5.187385805840755,False,False,True,False,False,False
12.0,38882,15,6.925113977863667,34951.28924101147,83.03425774877651,3549,6.881313711751069,0,0,0,0,0,0,0,0.34871731190584043,10.568312416091485,False,False,False,False,False,True
13.0,40355,43,6.898891539766716,38419.37977740376,82.28291316526611,3067,6.382521258497842,0,0,0,0,0,0,0,5.073799678723923,10.60549536152827,False,False,False,True,False,False
45.0,400,13,6.86967255126828,36981.50828394834,63.63636363636363,3549,6.881313711751069,0,0,0,0,0,0,0,1.3076899196469016,5.993961427306569,False,False,False,False,False,True
1.0,200,42,6.828884411320277,35275.943456555615,0.0,2188,6.320059610463039,0,0,0,0,0,0,0,0.8886641126398388,5.303304908059076,True,False,False,False,False,False
1.0,471,11,6.110232844165658,8601.531333250083,82.35294117647058,447,5.588299776286353,0,0,0,0,0,0,0,0.9078461025802542,6.156978985585555,False,True,False,False,False,False
1.0,63,21,6.839343485500246,29082.879602066045,0.0,3067,6.382521258497842,0,0,0,0,0,0,0,0.3902922829787633,4.1588830833596715,False,False,False,True,False,False
1.0,6953,27,6.868572948400319,22026.131219476494,83.46456692913385,2188,6.320059610463039,0,0,0,0,0,0,0,0.8886641126398388,8.847072312567807,True,False,False,False,False,False
1.0,148,18,6.289007148338809,2755.141935483871,100.0,2188,6.320059610463039,0,0,0,0,0,0,0,0.8886641126398388,5.003946305945459,True,False,False,False,False,False
1.0,66,14,6.827850625188941,21162.251451633205,0.0,2188,6.320059610463039,0,0,0,0,0,0,0,0.8886641126398388,4.204692619390966,True,False,False,False,False,False
1.0,4014,18,5.879225467208256,3053.415760869565,70.05988023952095,447,5.588299776286353,0,0,0,0,0,0,0,0.9078461025802542,8.297792626380861,False,True,False,False,False,False
3.0,40548,18,6.830302829409439,46165.43086437771,76.32183908045977,1572,6.528145312958054,0,0,0,0,0,0,0,1.1474812689742986,10.61026639832702,False,False,False,False,True,False
26.0,367,20,6.731627925235588,25064.90760019919,80.0,3549,6.881313711751069,0,0,0,0,0,0,0,0.7555541757959876,5.908082938168931,False,False,False,False,False,True
13.0,479,8,6.66056296418094,21689.466265053205,60.0,3549,6.881313711751069,0,0,0,0,0,0,0,0.3777770878979938,6.173786103901937,False,False,False,False,False,True
3.0,688,13,6.374060579146284,14601.587436119828,65.0,3067,6.382521258497842,0,0,0,0,0,0,0,1.1708768489362897,6.535241271013659,False,False,False,True,False,False
26.0,88995,30,6.886319142907979,26467.635808953113,84.65157306674507,3549,6.881313711751069,0,0,0,0,0,0,0,0.7555541757959876,11.39634670388405,False,False,False,False,False,True
1.0,223,14,6.620900898420092,26761.94338245216,50.0,610,5.665348780241979,0,0,0,0,0,0,0,0.13788144168663172,5.4116460518550396,False,False,True,False,False,False
12.37420167311325,4305,15,6.764465840959698,30623.558870542678,0.0,3549,6.881313711751069,0,0,0,0,0,0,0,0.35959152870240046,8.367764677924308,False,False,False,False,False,True
3.0,6426,18,6.84281977134661,28813.681003982354,75.66539923954373,3067,6.382521258497842,0,0,0,0,0,0,0,1.1708768489362897,8.768263145371286,False,False,False,True,False,False
1.0,6890,13,6.657777498633077,27113.27180028487,73.01038062283737,3067,6.382521258497842,0,0,0,0,0,0,0,0.3902922829787633,8.837971491357209,False,False,False,True,False,False
26.0,78,14,6.823146793508421,28887.7305772393,0.0,3549,6.881313711751069,0,0,0,0,0,0,0,0.7555541757959876,4.3694478524670215,False,False,False,False,False,True
51.0,680,33,6.726881389735055,20338.098088288767,66.66666666666666,3549,6.881313711751069,0,0,0,0,0,0,0,1.4820485755998218,6.523562306149512,False,False,False,False,False,True
1.0,93,22,6.2680555955337915,8242.158584660134,100.0,447,5.588299776286353,0,0,0,0,0,0,0,0.9078461025802542,4.543294782270004,False,True,False,False,False,False
1.0,207,12,5.879225467208256,3053.415760869565,80.0,447,5.588299776286353,0,0,0,0,0,0,0,0.9078461025802542,5.337538079701318,False,True,False,False,False,False
8.0,6211,7,6.831725682510775,29540.344065907895,77.77777777777779,3067,6.382521258497842,0,0,0,0,0,0,0,3.1223382638301063,8.734238184268579,False,False,False,True,False,False
51.0,1904,21,6.832490205670767,32339.981791863116,67.56756756756756,3549,6.881313711751069,0,0,0,0,0,0,0,1.4820485755998218,7.552237287560802,False,False,False,False,False,True
1.0,45,22,6.22747829422649,6094.346320346321,0.0,2188,6.320059610463039,0,0,0,0,0,0,0,0.8886641126398388,3.828641396489095,True,False,False,False,False,False
1.0,13647,45,6.20715799971213,18909.371794871793,77.00729927007299,3067,6.382521258497842,0,0,0,0,0,0,0,0.3902922829787633,9.52134826973146,False,False,False,True,False,False
2.0,1144,31,6.195191110040243,2612.9254587155965,87.5,3067,6.382521258497842,0,0,0,0,0,0,0,0.7805845659575266,7.0431599159883405,False,False,False,True,False,False
1.0,2647,20,6.677693639525605,11247.974150664697,82.02247191011236,2188,6.320059610463039,0,0,0,0,0,0,0,0.8886641126398388,7.881559917056899,True,False,False,False,False,False
1.0,77103,43,6.884760122793571,38078.157719370756,83.7917485265226,2188,6.320059610463039,0,0,0,0,0,0,0,0.8886641126398388,11.252910438880114,True,False,False,False,False,False
2.0,21043,43,6.824281949276691,24840.685146487656,68.89460154241645,3067,6.382521258497842,0,0,0,0,0,0,0,0.7805845659575266,9.954370762850697,False,False,False,True,False,False
1.0,1348,55,6.744524531479761,27589.223936695056,72.0,610,5.665348780241979,0,0,0,0,0,0,0,0.13788144168663172,7.207118856207756,False,False,True,False,False,False
1.0,36986,42,6.62799810652082,19460.015428545852,79.2749658002736,2188,6.320059610463039,0,0,0,0,0,0,0,0.8886641126398388,10.518321778536663,True,False,False,False,False,False
12.0,4038,31,6.812269569012642,29627.443239226184,78.87323943661971,3549,6.881313711751069,0,0,0,0,0,0,0,0.34871731190584043,8.303752415563412,False,False,False,False,False,True
2.0,2253,45,6.901319301374479,32882.209903546274,72.0,3067,6.382521258497842,0,0,0,0,0,0,0,0.7805845659575266,7.720461694599722,False,False,False,True,False,False
1.0,43,4,5.775788441476067,5728.942895299145,0.0,2188,6.320059610463039,0,0,0,0,0,0,0,0.8886641126398388,3.784189633918261,True,False,False,False,False,False
26.0,90,23,6.772409865396259,19321.953347374583,0.0,3549,6.881313711751069,0,0,0,0,0,0,0,0.7555541757959876,4.51085950651685,False,False,False,False,False,True
1.0,38638,36,6.786975454264241,27560.27046426694,72.75064267352185,1572,6.528145312958054,0,0,0,0,0,0,0,0.38249375632476623,10.562017408074379,False,False,False,False,True,False
12.0,301358,11,6.815843775404242,36859.70382674634,82.2977481234362,3549,6.881313711751069,0,0,0,0,0,0,0,0.34871731190584043,12.616057524070001,False,False,False,False,False,True
1.0,41,27,6.58558055977916,14312.419903361644,0.0,2188,6.320059610463039,0,0,0,0,0,0,0,0.8886641126398388,3.7376696182833684,True,False,False,False,False,False
142.0,1707,15,6.662948251583755,24178.094281909634,72.72727272727273,3549,6.881313711751069,0,0,0,0,0,0,0,4.1264881908857785,7.443078374348516,False,False,False,False,False,True
1.0,41,32,6.613380744387155,19212.831128909686,0.0,3067,6.382521258497842,0,0,0,0,0,0,0,0.3902922829787633,3.7376696182833684,False,False,False,True,False,False
1.0,82,27,6.698173061212458,38453.23060660681,50.0,3067,6.382521258497842,0,0,0,0,0,0,0,0.3902922829787633,4.418840607796598,False,False,False,True,False,False
1.0,445,14,6.604052540744851,24695.76990601395,73.33333333333333,3067,6.382521258497842,0,0,0,0,0,0,0,0.3902922829787633,6.100318952020064,False,False,False,True,False,False
1.0,26647,41,6.777925656471416,31529.821479823888,76.54921020656136,1572,6.528145312958054,0,0,0,0,0,0,0,0.38249375632476623,10.190469379873516,False,False,False,False,True,False
1.0,22599,37,6.928564588860844,41216.50966777612,85.54572271386431,2188,6.320059610463039,0,0,0,0,0,0,0,0.8886641126398388,10.025705185260378,True,False,False,False,False,False
2.0,1151,9,6.195191110040243,2612.9254587155965,71.875,3067,6.382521258497842,0,0,0,0,0,0,0,0.7805845659575266,7.049254841255837,False,False,False,True,False,False
1.0,28138,19,6.810042529424079,23098.545244676698,82.95566502463055,2188,6.320059610463039,0,0,0,0,0,0,0,0.8886641126398388,10.24491179343424,True,False,False,False,False,False
12.0,359011,17,6.687391891109108,29722.521095298336,81.83748311136846,3549,6.881313711751069,0,0,0,0,0,0,0,0.34871731190584043,12.791111093095617,False,False,False,False,False,True
2.0,7999,20,6.767541224610549,31441.719824303393,78.28947368421053,1572,6.528145312958054,0,0,0,0,0,0,0,0.7649875126495325,8.987196820661973,False,False,False,False,True,False
1.0,4648,27,6.270257490704965,4775.436363636363,77.5,1572,6.528145312958054,0,0,0,0,0,0,0,0.38249375632476623,8.444407421690585,False,False,False,False,True,False
1.0,14786,33,6.6934802647434,16397.500545159935,72.86689419795222,610,5.665348780241979,0,0,0,0,0,0,0,0.13788144168663172,9.601503695373488,False,False,True,False,False,False
3.0,15176,13,6.939436198728593,31648.981642582636,79.66616084977238,3067,6.382521258497842,0,0,0,0,0,0,0,1.1708768489362897,9.627536402960045,False,False,False,True,False,False
1.0,7087,47,6.76190235492579,34818.7273114972,74.43181818181817,1572,6.528145312958054,0,0,0,0,0,0,0,0.38249375632476623,8.866158492284917,False,False,False,False,True,False
2.0,2586,35,6.195191110040243,2612.9254587155965,66.66666666666666,3067,6.382521258497842,0,0,0,0,0,0,0,0.7805845659575266,7.8582541821860294,False,False,False,True,False,False
76.0,104,27,6.5004185244497705,20155.465753424658,0.0,3549,6.881313711751069,0,0,0,0,0,0,0,2.208542975403656,4.653960350157523,False,False,False,False,False,True
5.0,17584,19,6.855023571108642,39310.712371600624,77.10437710437711,610,5.665348780241979,0,0,0,0,0,0,0,0.6894072084331586,9.774801544908083,False,False,True,False,False,False
1.0,402,23,6.833753984257306,34803.62343347584,37.5,2188,6.320059610463039,0,0,0,0,0,0,0,0.8886641126398388,5.998936561946683,True,False,False,False,False,False
78.0,472,17,6.647495153665344,21788.731410013752,69.56521739130434,3549,6.881313711751069,0,0,0,0,0,0,0,2.266662527387963,6.159095388491933,False,False,False,False,False,True
2.0,1278,14,6.195191110040243,2612.9254587155965,74.4186046511628,3067,6.382521258497842,0,0,0,0,0,0,0,0.7805845659575266,7.153833801578843,False,False,False,True,False,False
52.0,2631,38,6.824801994066727,29088.248364179773,78.51239669421489,3549,6.881313711751069,0,0,0,0,0,0,0,1.5111083515919752,7.875499292445208,False,False,False,False,False,True
1.0,1973,48,6.66391737475365,18028.293509500556,77.63157894736842,2188,6.320059610463039,0,0,0,0,0,0,0,0.8886641126398388,7.587817219993427,True,False,False,False,False,False
12.0,95005,16,6.78289753739322,39497.46598598664,81.32240745973439,3549,6.881313711751069,0,0,0,0,0,0,0,0.34871731190584043,11.461695326483039,False,False,False,False,False,True
1.0,253,30,6.7728198451635695,10867.081901989324,50.0,2188,6.320059610463039,0,0,0,0,0,0,0,0.8886641126398388,5.537334267018537,True,False,False,False,False,False
63.0,981,12,6.662948251583755,24178.094281909634,71.42857142857143,3549,6.881313711751069,0,0,0,0,0,0,0,1.8307658875056623,6.889591308354466,False,False,False,False,False,True
1.0,25641,25,6.818032823249103,31021.72354978355,86.9281045751634,2188,6.320059610463039,0,0,0,0,0,0,0,0.8886641126398388,10.151986911112646,True,False,False,False,False,False
26.0,352,20,6.7720511464995905,30473.586724841036,66.66666666666666,3549,6.881313711751069,0,0,0,0,0,0,0,0.7555541757959876,5.8664680569332965,False,False,False,False,False,True
1.0,480,10,6.672477753139572,37448.807217651454,76.47058823529412,2188,6.320059610463039,0,0,0,0,0,0,0,0.8886641126398388,6.175867270105761,True,False,False,False,False,False
12.0,150,25,6.5004185244497705,20155.465753424658,0.0,3549,6.881313711751069,0,0,0,0,0,0,0,0.34871731190584043,5.017279836814924,False,False,False,False,False,True
1.0,1035,42,6.7842301997157435,23284.036834831608,65.21739130434783,1572,6.528145312958054,0,0,0,0,0,0,0,0.38249375632476623,6.943122422819428,False,False,False,False,True,False
1.0,2602,67,6.545649931970783,23190.395089159047,75.47169811320755,1572,6.528145312958054,0,0,0,0,0,0,0,0.38249375632476623,7.864419904994565,False,False,False,False,True,False
1.0,79,20,6.794834847205189,31678.05727691643,0.0,3067,6.382521258497842,0,0,0,0,0,0,0,0.3902922829787633,4.382026634673881,False,False,False,True,False,False
12.0,225927,9,6.662948251583755,24178.094281909634,85.41062801932368,3549,6.881313711751069,0,0,0,0,0,0,0,0.34871731190584043,12.32797164342494,False,False,False,False,False,True
2.0,11482,18,6.909549919210213,40760.87489362124,77.22222222222223,3067,6.382521258497842,0,0,0,0,0,0,0,0.7805845659575266,9.34862295977619,False,False,False,True,False,False
1.0,2043,8,6.360718037569562,20848.543598129363,75.0,610,5.665348780241979,0,0,0,0,0,0,0,0.13788144168663172,7.622663951323595,False,False,True,False,False,False
1.0,73,59,6.5264888547538815,17281.5837709483,0.0,2188,6.320059610463039,0,0,0,0,0,0,0,0.8886641126398388,4.30406509320417,True,False,False,False,False,False
1.0,3304,43,6.823146793508421,28887.7305772393,77.55102040816327,2188,6.320059610463039,0,0,0,0,0,0,0,0.8886641126398388,8.103191752285786,True,False,False,False,False,False
1.0,22497,44,6.884515114191727,43840.63087640988,79.27461139896373,3067,6.382521258497842,0,0,0,0,0,0,0,0.3902922829787633,10.021181695352771,False,False,False,True,False,False
1.0,110,43,5.558589488847307,349.1694444444444,50.0,3067,6.382521258497842,0,0,0,0,0,0,0,0.3902922829787633,4.709530201312334,False,False,False,True,False,False
3.0,5505,54,6.5004185244497705,20155.465753424658,80.43478260869566,1572,6.528145312958054,0,0,0,0,0,0,0,1.1474812689742986,8.613593685702552,False,False,False,False,True,False
1.0,1168,44,6.22747829422649,6094.346320346321,68.75,2188,6.320059610463039,0,0,0,0,0,0,0,0.8886641126398388,7.063903961472068,True,False,False,False,False,False
13.0,5046,14,6.604842707205482,20851.246346539916,77.5,3549,6.881313711751069,0,0,0,0,0,0,0,0.3777770878979938,8.526549286340263,False,False,False,False,False,True
94.0,1085,20,6.704816919511941,26205.74341770104,60.97560975609756,3549,6.881313711751069,0,0,0,0,0,0,0,2.7316189432624167,6.990256500493881,False,False,False,False,False,True
1.0,136,14,6.5004185244497705,20155.465753424658,50.0,2188,6.320059610463039,0,0,0,0,0,0,0,0.8886641126398388,4.919980925828125,True,False,False,False,False,False
1.0,418,30,6.68939607652329,17039.632660345193,80.0,1572,6.528145312958054,0,0,0,0,0,0,0,0.38249375632476623,6.037870919922137,False,False,False,False,True,False
26.0,15471,17,6.789712189567077,28846.99090878828,80.85867620751341,3549,6.881313711751069,0,0,0,0,0,0,0,0.7555541757959876,9.646787217693076,False,False,False,False,False,True
1.0,3656,28,6.7386854344927904,25484.615661672666,81.37931034482759,3067,6.382521258497842,0,0,0,0,0,0,0,0.3902922829787633,8.204398418149381,False,False,False,True,False,False
1.0,52,26,6.295993024103089,2508.102734495634,0.0,2188,6.320059610463039,0,0,0,0,0,0,0,0.8886641126398388,3.970291913552122,True,False,False,False,False,False
2.0,715,6,6.195191110040243,2612.9254587155965,66.66666666666666,3067,6.382521258497842,0,0,0,0,0,0,0,0.7805845659575266,6.573680166960646,False,False,False,True,False,False
1.0,1742,46,6.818850027557036,32897.64530706629,75.51020408163265,2188,6.320059610463039,0,0,0,0,0,0,0,0.8886641126398388,7.463363045520021,True,False,False,False,False,False
32.0,8722,9,6.873205160812818,26666.902914483926,76.08200455580865,3549,6.881313711751069,0,0,0,0,0,0,0,0.9299128317489078,9.07371849443322,False,False,False,False,False,True
2.0,4447,8,6.427690326839088,17728.815455935503,70.45454545454545,3067,6.382521258497842,0,0,0,0,0,0,0,0.7805845659575266,8.400209835930418,False,False,False,True,False,False
12.0,5702,11,6.90836132184995,33249.2188746637,78.0952380952381,3549,6.881313711751069,0,0,0,0,0,0,0,0.34871731190584043,8.648747631156539,False,False,False,False,False,True
26.0,1397,15,6.5004185244497705,20155.465753424658,79.59183673469387,3549,6.881313711751069,0,0,0,0,0,0,0,0.7555541757959876,7.242797922793756,False,False,False,False,False,True
24.0,374880,15,6.882103182024544,38721.786878988685,84.78354978354979,3549,6.881313711751069,0,0,0,0,0,0,0,0.6974346238116809,12.834363921258339,False,False,False,False,False,True
25.0,158561,11,6.92343943356571,28145.934394019947,85.64558788170234,3549,6.881313711751069,0,0,0,0,0,0,0,0.7264943998038342,11.97390096300596,False,False,False,False,False,True
1.0,65,25,6.949484610218818,40436.067792392445,0.0,2188,6.320059610463039,0,0,0,0,0,0,0,0.8886641126398388,4.189654742026425,True,False,False,False,False,False
1.0,72,14,6.20715799971213,18909.371794871793,100.0,2188,6.320059610463039,0,0,0,0,0,0,0,0.8886641126398388,4.290459441148391,True,False,False,False,False,False
12.0,27761,17,6.818504430229769,37955.32804154306,79.87616099071208,3549,6.881313711751069,0,0,0,0,0,0,0,0.34871731190584043,10.231423458135055,False,False,False,False,False,True
1.0,25484,15,6.822369666044151,26729.088112434863,84.09542743538768,2188,6.320059610463039,0,0,0,0,0,0,0,0.8886641126398388,10.145845322774143,True,False,False,False,False,False
26.0,21550,23,6.829940793551526,42614.08960281941,79.21440261865794,3549,6.881313711751069,0,0,0,0,0,0,0,0.7555541757959876,9.978177498167572,False,False,False,False,False,True
3.0,3912,29,6.891417907797165,35427.62252016908,42.857142857142854,1572,6.528145312958054,0,0,0,0,0,0,0,1.1474812689742986,8.272059622210412,False,False,False,False,True,False
1.0,64,52,6.794607080130419,17996.367678958784,0.0,1572,6.528145312958054,0,0,0,0,0,0,0,0.38249375632476623,4.174387269895637,False,False,False,False,True,False
1.0,305,28,6.823696150302719,37267.83325580051,83.33333333333334,2188,6.320059610463039,0,0,0,0,0,0,0,0.8886641126398388,5.723585101952381,True,False,False,False,False,False
1.0,114,18,6.780595148016227,23750.2895919479,0.0,2188,6.320059610463039,0,0,0,0,0,0,0,0.8886641126398388,4.74493212836325,True,False,False,False,False,False
1.0,3108,24,6.854123792605303,33983.76471893452,71.73913043478261,2188,6.320059610463039,0,0,0,0,0,0,0,0.8886641126398388,8.042056410058754,True,False,False,False,False,False
1.0,66721,46,6.8700913908694865,37828.53867548959,82.61367978601452,2188,6.320059610463039,0,0,0,0,0,0,0,0.8886641126398388,11.108290012602541,True,False,False,False,False,False
180.0,144,20,6.295993024103089,2508.102734495634,60.0,3549,6.881313711751069,0,0,0,0,0,0,0,5.2307596785876065,4.976733742420574,False,False,False,False,False,True
52.0,3085,13,6.742301173298169,26145.394595774145,80.76923076923077,3549,6.881313711751069,0,0,0,0,0,0,0,1.5111083515919752,8.034631032923107,False,False,False,False,False,True
3.0,1608,31,6.786000370687271,20734.27494205464,70.9090909090909,3067,6.382521258497842,0,0,0,0,0,0,0,1.1708768489362897,7.3833681469923835,False,False,False,True,False,False
1.0,38,19,6.5004185244497705,20155.465753424658,100.0,610,5.665348780241979,0,0,0,0,0,0,0,0.13788144168663172,3.6635616461296463,False,False,True,False,False,False
1.0,7101,30,6.93983680999547,35225.21889901929,79.75308641975309,2188,6.320059610463039,0,0,0,0,0,0,0,0.8886641126398388,8.868131713503033,True,False,False,False,False,False
2.0,73826,27,6.868724819918593,42597.37253786277,76.56916514320537,3067,6.382521258497842,0,0,0,0,0,0,0,0.7805845659575266,11.20947979733897,False,False,False,True,False,False
52.0,35,36,6.626533453023366,14228.317337363127,0.0,3549,6.881313711751069,0,0,0,0,0,0,0,1.5111083515919752,3.58351893845611,False,False,False,False,False,True
1.0,73253,34,6.786975454264241,27560.27046426694,74.90644948272067,2188,6.320059610463039,0,0,0,0,0,0,0,0.8886641126398388,11.20168813289691,True,False,False,False,False,False
4.0,11019,18,6.829940793551526,42614.08960281941,76.6109785202864,3067,6.382521258497842,0,0,0,0,0,0,0,1.5611691319150531,9.307467082706905,False,False,False,True,False,False
1.0,257,37,6.195191110040243,2612.9254587155965,75.0,3067,6.382521258497842,0,0,0,0,0,0,0,0.3902922829787633,5.552959584921617,False,False,False,True,False,False
2.0,24223,21,6.657777498633077,27113.27180028487,74.962852897474,3067,6.382521258497842,0,0,0,0,0,0,0,0.7805845659575266,10.095099156237175,False,False,False,True,False,False
2.0,242,25,6.110232844165658,8601.531333250083,50.0,447,5.588299776286353,0,0,0,0,0,0,0,1.8156922051605084,5.493061443340548,False,True,False,False,False,False
1.0,141,21,6.885625457752329,35080.36109154519,0.0,2188,6.320059610463039,0,0,0,0,0,0,0,0.8886641126398388,4.955827057601261,True,False,False,False,False,False
1.0,18934,94,6.510263751421897,20545.19121004566,71.55756207674943,610,5.665348780241979,0,0,0,0,0,0,0,0.13788144168663172,9.848767340335895,False,False,True,False,False,False
3.0,2335,52,6.164566264410774,4404.363104307238,56.81818181818182,3067,6.382521258497842,0,0,0,0,0,0,0,1.1708768489362897,7.756195343948118,False,False,False,True,False,False
13.0,25225,18,6.869497280859013,37594.96030237961,78.69767441860465,3549,6.881313711751069,0,0,0,0,0,0,0,0.3777770878979938,10.135630487647138,False,False,False,False,False,True
1.0,2415,5,6.886663041849979,34389.5526498025,81.25,2188,6.320059610463039,0,0,0,0,0,0,0,0.8886641126398388,7.789868559054706,True,False,False,False,False,False
1.0,8780,60,6.74986407137829,34231.8437426014,71.35416666666666,1572,6.528145312958054,0,0,0,0,0,0,0,0.38249375632476623,9.080345575359996,False,False,False,False,True,False
1.0,2373,13,6.829100575762723,52317.785585733174,82.41758241758241,610,5.665348780241979,0,0,0,0,0,0,0,0.13788144168663172,7.772331575169614,False,False,True,False,False,False
12.0,137610,10,6.855944669483427,36567.96925939142,83.91472868217055,3549,6.881313711751069,0,0,0,0,0,0,0,0.34871731190584043,11.832186143146664,False,False,False,False,False,True
1.0,130,31,6.22747829422649,6094.346320346321,50.0,2188,6.320059610463039,0,0,0,0,0,0,0,0.8886641126398388,4.875197323201151,True,False,False,False,False,False
13.0,67916,11,6.6725494253734485,24708.600633064812,79.36078006500541,3549,6.881313711751069,0,0,0,0,0,0,0,0.3777770878979938,11.126041650398415,False,False,False,False,False,True
3.0,1165,10,6.195191110040243,2612.9254587155965,48.93617021276596,3067,6.382521258497842,0,0,0,0,0,0,0,1.1708768489362897,7.061334366910438,False,False,False,True,False,False
12.37420167311325,4017,32,6.84073948827224,27566.311328124633,0.0,3549,6.881313711751069,0,0,0,0,0,0,0,0.35959152870240046,8.29853954537488,False,False,False,False,False,True
1.0,13829,18,6.5004185244497705,20155.465753424658,79.14831130690162,610,5.665348780241979,0,0,0,0,0,0,0,0.13788144168663172,9.534595424658804,False,False,True,False,False,False
1.0,267,16,5.7918085106382975,2324.3617021276596,50.0,1572,6.528145312958054,0,0,0,0,0,0,0,0.38249375632476623,5.5909869805108565,False,False,False,False,True,False
24.0,7751,15,6.840850632094109,40602.19142063035,75.90361445783132,3549,6.881313711751069,0,0,0,0,0,0,0,0.6974346238116809,8.955706153570603,False,False,False,False,False,True
1.0,719,13,5.879225467208256,3053.415760869565,68.0,447,5.588299776286353,0,0,0,0,0,0,0,0.9078461025802542,6.579251212010101,False,True,False,False,False,False
1.0,2453,30,6.195191110040243,2612.9254587155965,63.26530612244898,3067,6.382521258497842,0,0,0,0,0,0,0,0.3902922829787633,7.805474625270857,False,False,False,True,False,False
24.0,380375,26,6.891816304527772,35882.155398824216,85.48181818181818,3549,6.881313711751069,0,0,0,0,0,0,0,0.6974346238116809,12.848915516180371,False,False,False,False,False,True
1.0,302,17,6.22747829422649,6094.346320346321,0.0,2188,6.320059610463039,0,0,0,0,0,0,0,0.8886641126398388,5.713732805509369,True,False,False,False,False,False
12.0,57646,31,6.673212468119849,29330.69227732523,80.67700987306064,3549,6.881313711751069,0,0,0,0,0,0,0,0.34871731190584043,10.962093486181855,False,False,False,False,False,True
1.0,85,41,6.5264888547538815,17281.5837709483,0.0,2188,6.320059610463039,0,0,0,0,0,0,0,0.8886641126398388,4.454347296253507,True,False,False,False,False,False
1.0,1885,31,6.715311595606283,22869.78309394694,69.56521739130434,610,5.665348780241979,0,0,0,0,0,0,0,0.13788144168663172,7.542213463193403,False,False,True,False,False,False
39.0,655,18,6.863908046786232,30117.945883440567,66.66666666666666,3549,6.881313711751069,0,0,0,0,0,0,0,1.1333312636939814,6.486160788944089,False,False,False,False,False,True
2.0,1710,36,6.153171904926564,3608.7377293577983,61.29032258064516,3067,6.382521258497842,0,0,0,0,0,0,0,0.7805845659575266,7.444833273892193,False,False,False,True,False,False
1.0,109,36,6.640698109965129,30156.15701881832,50.0,1572,6.528145312958054,0,0,0,0,0,0,0,0.38249375632476623,4.700480365792417,False,False,False,False,True,False
51.0,1061,18,6.786000370687271,20734.27494205464,56.25,3549,6.881313711751069,0,0,0,0,0,0,0,1.4820485755998218,6.967909201801884,False,False,False,False,False,True
26.0,147,6,5.558589488847307,349.1694444444444,0.0,3549,6.881313711751069,0,0,0,0,0,0,0,0.7555541757959876,4.997212273764115,False,False,False,False,False,True
25.0,34,15,6.775421225450796,34528.22947139774,0.0,610,5.665348780241979,0,0,0,0,0,0,0,3.447036042165793,3.5553480614894135,False,False,True,False,False,False
46.0,7515,14,6.844958269434055,21574.297284377077,80.33898305084746,3549,6.881313711751069,0,0,0,0,0,0,0,1.336749695639055,8.924789360533357,False,False,False,False,False,True
26.0,13265,35,6.866382174457917,27015.833685504214,80.21052631578948,3549,6.881313711751069,0,0,0,0,0,0,0,0.7555541757959876,9.492959650085501,False,False,False,False,False,True
12.0,82532,13,6.881411982126464,36851.476156394754,0.0,3549,6.881313711751069,0,0,0,0,0,0,0,0.34871731190584043,11.320953492344099,False,False,False,False,False,True
22.0,4995,20,6.836277023693221,31612.954669553474,71.17647058823529,3549,6.881313711751069,0,0,0,0,0,0,0,0.6393150718273741,8.516392871245468,False,False,False,False,False,True
3.0,3280,17,6.4552094280772,21758.732906248973,62.5,3067,6.382521258497842,0,0,0,0,0,0,0,1.1708768489362897,8.0959035329611,False,False,False,True,False,False
1.0,4680,44,6.728879252982257,24172.086087666834,68.27586206896552,1572,6.528145312958054,0,0,0,0,0,0,0,0.38249375632476623,8.45126704130007,False,False,False,False,True,False
1.0,835,9,6.925007357097154,36096.49002669329,77.77777777777779,3067,6.382521258497842,0,0,0,0,0,0,0,0.3902922829787633,6.728628613084702,False,False,False,True,False,False
1.0,1325,43,6.195191110040243,2612.9254587155965,51.42857142857142,3067,6.382521258497842,0,0,0,0,0,0,0,0.3902922829787633,7.189922170745808,False,False,False,True,False,False
1.0,2478,36,6.861400697760774,24601.913774590288,44.44444444444444,2188,6.320059610463039,0,0,0,0,0,0,0,0.8886641126398388,7.8156105320351905,True,False,False,False,False,False
1.0,103600,31,7.087491088910527,59941.6611412671,82.96432964329642,2188,6.320059610463039,0,0,0,0,0,0,0,0.8886641126398388,11.548302261270587,True,False,False,False,False,False
1.0,126,20,5.879225467208256,3053.415760869565,66.66666666666666,447,5.588299776286353,0,0,0,0,0,0,0,0.9078461025802542,4.844187086458591,False,True,False,False,False,False
1.0,704,62,6.620949893864058,18406.939191740115,42.857142857142854,2188,6.320059610463039,0,0,0,0,0,0,0,0.8886641126398388,6.558197802812269,True,False,False,False,False,False
12.0,828,11,6.40169871215857,11208.264643466027,80.0,3549,6.881313711751069,0,0,0,0,0,0,0,0.34871731190584043,6.720220155135295,False,False,False,False,False,True
13.0,16757,8,6.921574720175078,41663.002073428244,80.03300330033002,3549,6.881313711751069,0,0,0,0,0,0,0,0.3777770878979938,9.726631035173233,False,False,False,False,False,True
1.0,168,72,6.530004759786913,17496.264623587795,50.0,610,5.665348780241979,0,0,0,0,0,0,0,0.13788144168663172,5.1298987149230735,False,False,True,False,False,False
24.0,5063,14,6.912246921981804,30001.697780045644,85.24590163934425,3549,6.881313711751069,0,0,0,0,0,0,0,0.6974346238116809,8.529911963824013,False,False,False,False,False,True
2.0,7713,16,6.195191110040243,2612.9254587155965,71.50537634408603,3067,6.382521258497842,0,0,0,0,0,0,0,0.7805845659575266,8.950792138768174,False,False,False,True,False,False
12.0,15005,11,6.671140218499566,17379.625889812763,76.33587786259542,3549,6.881313711751069,0,0,0,0,0,0,0,0.34871731190584043,9.616205400105674,False,False,False,False,False,True
9.0,120,22,6.5004185244497705,20155.465753424658,0.0,1572,6.528145312958054,0,0,0,0,0,0,0,3.442443806922896,4.795790545596741,False,False,False,False,True,False
1.0,91,52,6.809281649391791,30725.858768095237,0.0,2188,6.320059610463039,0,0,0,0,0,0,0,0.8886641126398388,4.5217885770490405,True,False,False,False,False,False
6.0,916,38,6.8619586988913,31190.528543691333,79.3103448275862,3067,6.382521258497842,0,0,0,0,0,0,0,2.3417536978725795,6.821107472256465,False,False,False,True,False,False
296.0,720,10,6.555621413678604,13235.397717492759,70.0,3549,6.881313711751069,0,0,0,0,0,0,0,8.601693693677397,6.580639137284949,False,False,False,False,False,True
2.0,1183,18,6.195191110040243,2612.9254587155965,60.526315789473685,3067,6.382521258497842,0,0,0,0,0,0,0,0.7805845659575266,7.076653815443951,False,False,False,True,False,False
4.0,1967,33,6.751071611686139,31850.886229476135,59.523809523809526,610,5.665348780241979,0,0,0,0,0,0,0,0.5515257667465269,7.584773077612199,False,False,True,False,False,False
1.0,64,17,6.5004185244497705,20155.465753424658,100.0,610,5.665348780241979,0,0,0,0,0,0,0,0.13788144168663172,4.174387269895637,False,False,True,False,False,False
52.0,70,13,5.558589488847307,349.1694444444444,0.0,3549,6.881313711751069,0,0,0,0,0,0,0,1.5111083515919752,4.2626798770413155,False,False,False,False,False,True
1.0,199,30,6.764465840959698,30623.558870542678,50.0,2188,6.320059610463039,0,0,0,0,0,0,0,0.8886641126398388,5.298317366548036,True,False,False,False,False,False
1.0,402,40,6.861580289532,28713.10658910972,76.92307692307693,3067,6.382521258497842,0,0,0,0,0,0,0,0.3902922829787633,5.998936561946683,False,False,False,True,False,False
13.0,40945,13,6.604842707205482,20851.246346539916,0.0,3549,6.881313711751069,0,0,0,0,0,0,0,0.3777770878979938,10.620009404412524,False,False,False,False,False,True
1.0,2655,10,6.807816301526198,26882.218394936375,77.5,3067,6.382521258497842,0,0,0,0,0,0,0,0.3902922829787633,7.884576510596324,False,False,False,True,False,False
1.0,845,11,6.51386116769379,15755.554192772432,75.0,3067,6.382521258497842,0,0,0,0,0,0,0,0.3902922829787633,6.740519359606223,False,False,False,True,False,False
13.0,87938,14,6.882013906344811,35536.25196621606,82.78145695364239,3549,6.881313711751069,0,0,0,0,0,0,0,0.3777770878979938,11.384398671280563,False,False,False,False,False,True
3.0,1477,36,6.845532650796314,32976.24165026795,54.166666666666664,610,5.665348780241979,0,0,0,0,0,0,0,0.4136443250598951,7.298445101508147,False,False,True,False,False,False
3.0,1266,48,6.5004185244497705,20155.465753424658,68.88888888888889,1572,6.528145312958054,0,0,0,0,0,0,0,1.1474812689742986,7.144407180321139,False,False,False,False,True,False
1.0,52,12,5.817807413381953,12914.387154038113,0.0,2188,6.320059610463039,0,0,0,0,0,0,0,0.8886641126398388,3.970291913552122,True,False,False,False,False,False
2.0,3676,26,6.2467029592772985,15632.091049789251,61.64383561643836,3067,6.382521258497842,0,0,0,0,0,0,0,0.7805845659575266,8.209852481301272,False,False,False,True,False,False
2.0,75,69,6.411338909838561,15174.050913958641,100.0,610,5.665348780241979,0,0,0,0,0,0,0,0.27576288337326343,4.330733340286331,False,False,True,False,False,False
1.0,59,29,6.335340516815215,11178.34524840927,100.0,447,5.588299776286353,0,0,0,0,0,0,0,0.9078461025802542,4.0943445622221,False,True,False,False,False,False
56.0,222,7,6.5004185244497705,20155.465753424658,0.0,3549,6.881313711751069,0,0,0,0,0,0,0,1.6273474555605887,5.407171771460119,False,False,False,False,False,True
1.0,80,9,5.775788441476067,5728.942895299145,100.0,447,5.588299776286353,0,0,0,0,0,0,0,0.9078461025802542,4.394449154672439,False,True,False,False,False,False
7.0,35956,25,6.671140218499566,17379.625889812763,68.07727690892365,1572,6.528145312958054,0,0,0,0,0,0,0,2.6774562942733633,10.490079059076491,False,False,False,False,True,False
13.0,57,11,6.662948251583755,24178.094281909634,0.0,3549,6.881313711751069,0,0,0,0,0,0,0,0.3777770878979938,4.060443010546419,False,False,False,False,False,True
29.0,19209,24,6.862374535968757,27829.748828119544,78.33675564681725,3549,6.881313711751069,0,0,0,0,0,0,0,0.8427335037724477,9.863186255762603,False,False,False,False,False,True
6.0,24523,24,6.865855695491454,37924.10471044419,78.95500725689405,3067,6.382521258497842,0,0,0,0,0,0,0,2.3417536978725795,10.107407508882579,False,False,False,True,False,False
26.0,1209,16,6.5004185244497705,20155.465753424658,75.0,3549,6.881313711751069,0,0,0,0,0,0,0,0.7555541757959876,7.098375638590786,False,False,False,False,False,True
1.0,3574,35,6.210994540743939,17286.006610576922,70.94594594594594,3067,6.382521258497842,0,0,0,0,0,0,0,0.3902922829787633,8.181720455128108,False,False,False,True,False,False
20.0,2856,24,6.962424008119456,28971.431702702517,71.81818181818181,3549,6.881313711751069,0,0,0,0,0,0,0,0.5811955198430674,7.957527402230773,False,False,False,False,False,True
1.0,1540,13,6.6222179777463115,27024.323893797166,69.6969696969697,3067,6.382521258497842,0,0,0,0,0,0,0,0.3902922829787633,7.340186835320115,False,False,False,True,False,False
12.0,16596,9,6.886170847065008,31888.14867645859,77.8688524590164,3549,6.881313711751069,0,0,0,0,0,0,0,0.34871731190584043,9.71697723512072,False,False,False,False,False,True
24.0,52260,59,7.053557074291733,52155.92537313433,0.0,3549,6.881313711751069,0,0,0,0,0,0,0,0.6974346238116809,10.864005673985291,False,False,False,False,False,True
1.0,19488,31,6.718199894385314,22696.756792790373,74.61089494163424,1572,6.528145312958054,0,0,0,0,0,0,0,0.38249375632476623,9.877605482822025,False,False,False,False,True,False
51.0,7089,14,6.775421225450796,34528.22947139774,61.53846153846154,610,5.665348780241979,0,0,0,0,0,0,0,7.031953526018217,8.866440619526173,False,False,True,False,False,False
2.0,1707,34,6.677693639525605,11247.974150664697,62.0,1572,6.528145312958054,0,0,0,0,0,0,0,0.7649875126495325,7.443078374348516,False,False,False,False,True,False
12.0,166398,13,6.795739225463397,35127.638562306835,83.21062319221667,3549,6.881313711751069,0,0,0,0,0,0,0,0.34871731190584043,12.022143797735803,False,False,False,False,False,True
1.0,607,19,6.195191110040243,2612.9254587155965,50.0,3067,6.382521258497842,0,0,0,0,0,0,0,0.3902922829787633,6.410174881966167,False,False,False,True,False,False
1.0,748,13,6.779782172998328,33631.42093373494,72.72727272727273,2188,6.320059610463039,0,0,0,0,0,0,0,0.8886641126398388,6.618738983517219,True,False,False,False,False,False
1.0,223,33,6.7769703251696285,23260.744633196995,0.0,3067,6.382521258497842,0,0,0,0,0,0,0,0.3902922829787633,5.4116460518550396,False,False,False,True,False,False
1.0,1850,17,6.787148989909033,25072.28319234912,83.13253012048193,2188,6.320059610463039,0,0,0,0,0,0,0,0.8886641126398388,7.523481312573497,True,False,False,False,False,False
1.0,171,4,6.7813092851953085,23617.5946996758,50.0,3067,6.382521258497842,0,0,0,0,0,0,0,0.3902922829787633,5.147494476813453,False,False,False,True,False,False
12.0,100,16,6.662948251583755,24178.094281909634,0.0,2188,6.320059610463039,0,0,0,0,0,0,0,10.663969351678066,4.61512051684126,True,False,False,False,False,False
39.0,129,17,6.6819426705842195,18722.56480948544,50.0,3549,6.881313711751069,0,0,0,0,0,0,0,1.1333312636939814,4.867534450455582,False,False,False,False,False,True
1.0,119,26,6.5004185244497705,20155.465753424658,75.0,610,5.665348780241979,0,0,0,0,0,0,0,0.13788144168663172,4.787491742782046,False,False,True,False,False,False
1.0,101,32,6.81823449633989,16300.076852579828,0.0,2188,6.320059610463039,0,0,0,0,0,0,0,0.8886641126398388,4.624972813284271,True,False,False,False,False,False
1.0,6895,27,6.728879252982257,24172.086087666834,72.65625,1572,6.528145312958054,0,0,0,0,0,0,0,0.38249375632476623,8.83869681234353,False,False,False,False,True,False
136.0,552,8,6.764465840959698,30623.558870542678,0.0,3549,6.881313711751069,0,0,0,0,0,0,0,3.9521295349328582,6.315358001522335,False,False,False,False,False,True
1.0,54,17,5.817807413381953,12914.387154038113,0.0,2188,6.320059610463039,0,0,0,0,0,0,0,0.8886641126398388,4.007333185232471,True,False,False,False,False,False
130.0,85,20,6.40169871215857,11208.264643466027,0.0,3549,6.881313711751069,0,0,0,0,0,0,0,3.777770878979938,4.454347296253507,False,False,False,False,False,True
4.0,1222,18,6.7148620860958035,32591.156928646174,52.0,3067,6.382521258497842,0,0,0,0,0,0,0,1.5611691319150531,7.109062135687172,False,False,False,True,False,False
1.0,3415,43,6.82373534428293,32691.40258833341,70.39473684210526,1572,6.528145312958054,0,0,0,0,0,0,0,0.38249375632476623,8.13622555490846,False,False,False,False,True,False
1.0,12755,16,6.838888244975533,30724.557517295634,74.24242424242425,2188,6.320059610463039,0,0,0,0,0,0,0,0.8886641126398388,9.453757028129948,True,False,False,False,False,False
1.0,3251,36,6.889678266422713,32042.405586642773,74.48275862068967,2188,6.320059610463039,0,0,0,0,0,0,0,0.8886641126398388,8.087025470667701,True,False,False,False,False,False
2.0,4874,42,6.195191110040243,2612.9254587155965,67.53246753246754,3067,6.382521258497842,0,0,0,0,0,0,0,0.7805845659575266,8.491875383431948,False,False,False,True,False,False
1.0,134,13,6.638243832197137,24791.843889668748,100.0,2188,6.320059610463039,0,0,0,0,0,0,0,0.8886641126398388,4.90527477843843,True,False,False,False,False,False
1.0,53,56,6.5004185244497705,20155.465753424658,0.0,1572,6.528145312958054,0,0,0,0,0,0,0,0.38249375632476623,3.9889840465642745,False,False,False,False,True,False
105.0,4031,10,6.956160055045119,29836.624604030683,77.45664739884393,3549,6.881313711751069,0,0,0,0,0,0,0,3.051276479176104,8.302017809751204,False,False,False,False,False,True
1.0,20758,29,6.773814947045645,38844.64072488593,76.59574468085107,1572,6.528145312958054,0,0,0,0,0,0,0,0.38249375632476623,9.940735166562794,False,False,False,False,True,False
26.0,10449,22,6.869738746532374,29090.137568732567,80.36072144288578,3549,6.881313711751069,0,0,0,0,0,0,0,0.7555541757959876,9.254357257392957,False,False,False,False,False,True
1.0,88,50,6.5264888547538815,17281.5837709483,0.0,2188,6.320059610463039,0,0,0,0,0,0,0,0.8886641126398388,4.48863636973214,True,False,False,False,False,False
52.0,6253,11,6.8565901876316175,17796.688586876702,78.16901408450704,3549,6.881313711751069,0,0,0,0,0,0,0,1.5111083515919752,8.740976538017787,False,False,False,False,False,True
1.0,53,15,6.548792989998894,10128.71560623309,0.0,3067,6.382521258497842,0,0,0,0,0,0,0,0.3902922829787633,3.9889840465642745,False,False,False,True,False,False
104.0,249,19,6.810042529424079,23098.545244676698,42.857142857142854,3549,6.881313711751069,0,0,0,0,0,0,0,3.0222167031839504,5.521460917862246,False,False,False,False,False,True
1.0,119,33,6.26522859704693,4177.704926926859,0.0,2188,6.320059610463039,0,0,0,0,0,0,0,0.8886641126398388,4.787491742782046,True,False,False,False,False,False
13.0,47588,76,6.494012152354782,22095.72140651465,80.32786885245902,3549,6.881313711751069,0,0,0,0,0,0,0,0.3777770878979938,10.770356921076566,False,False,False,False,False,True
1.0,993,30,6.889678266422713,32042.405586642773,50.0,1572,6.528145312958054,0,0,0,0,0,0,0,0.38249375632476623,6.901737206656574,False,False,False,False,True,False
127.0,591,26,6.865193368386633,24068.215802505594,55.55555555555556,3549,6.881313711751069,0,0,0,0,0,0,0,3.690591551003478,6.3835066348840055,False,False,False,False,False,True
2.0,1270,37,6.780483215297768,31315.12126486977,80.59701492537313,3067,6.382521258497842,0,0,0,0,0,0,0,0.7805845659575266,7.147559271189454,False,False,False,True,False,False
1.0,86,23,6.490336269696487,6754.518842086047,0.0,2188,6.320059610463039,0,0,0,0,0,0,0,0.8886641126398388,4.465908118654584,True,False,False,False,False,False
6.0,1381,31,6.722350611700423,22062.58591407578,60.3448275862069,3067,6.382521258497842,0,0,0,0,0,0,0,2.3417536978725795,7.231287004327616,False,False,False,True,False,False
1.0,32853,59,6.865589542548404,33463.98869472837,74.53482190324296,1572,6.528145312958054,0,0,0,0,0,0,0,0.38249375632476623,10.399828782101146,False,False,False,False,True,False
12.37420167311325,533578,18,6.892501368430791,34452.34000811103,0.0,3549,6.881313711751069,0,0,0,0,0,0,0,0.35959152870240046,13.18736241748677,False,False,False,False,False,True
12.37420167311325,931,19,6.788534694664589,29007.68657770232,0.0,3549,6.881313711751069,0,0,0,0,0,0,0,0.35959152870240046,6.837332814685591,False,False,False,False,False,True
12.37420167311325,146,16,6.738572847556955,33062.21833125778,0.0,1572,6.528145312958054,0,0,0,0,0,0,0,4.733054879469294,4.990432586778736,False,False,False,False,True,False
13.0,72,13,5.558589488847307,349.1694444444444,0.0,610,5.665348780241979,0,0,0,0,0,0,0,1.7924587419262124,4.290459441148391,False,False,True,False,False,False
12.0,20062,24,6.449164054780811,11634.362984927106,76.96476964769647,3549,6.881313711751069,0,0,0,0,0,0,0,0.34871731190584043,9.9066326016802,False,False,False,False,False,True
1.0,20433,42,6.911270384486426,35878.121998548755,82.6946847960445,2188,6.320059610463039,0,0,0,0,0,0,0,0.8886641126398388,9.924955459151368,True,False,False,False,False,False
1.0,26104,39,6.8493737032354485,32646.137135500387,69.70728386657589,2188,6.320059610463039,0,0,0,0,0,0,0,0.8886641126398388,10.169882145844653,True,False,False,False,False,False
1.0,93,64,6.5264888547538815,17281.5837709483,0.0,2188,6.320059610463039,0,0,0,0,0,0,0,0.8886641126398388,4.543294782270004,True,False,False,False,False,False
12.37420167311325,68,18,6.195191110040243,2612.9254587155965,0.0,3067,6.382521258497842,0,0,0,0,0,0,0,4.829555421039003,4.23410650459726,False,False,False,True,False,False
1.0,915,44,6.661310512963811,17493.1430152059,59.09090909090909,2188,6.320059610463039,0,0,0,0,0,0,0,0.8886641126398388,6.82001636467413,True,False,False,False,False,False
7.0,57,16,6.5004185244497705,20155.465753424658,0.0,1572,6.528145312958054,0,0,0,0,0,0,0,2.6774562942733633,4.060443010546419,False,False,False,False,True,False
4.0,1685,32,6.5004185244497705,20155.465753424658,64.93506493506493,1572,6.528145312958054,0,0,0,0,0,0,0,1.529975025299065,7.430114138561801,False,False,False,False,True,False
26.0,1826,22,6.786000370687271,20734.27494205464,77.77777777777779,3549,6.881313711751069,0,0,0,0,0,0,0,0.7555541757959876,7.510430556378006,False,False,False,False,False,True
6.0,2616,36,6.693995382256044,24823.450931229087,71.05263157894737,1572,6.528145312958054,0,0,0,0,0,0,0,2.294962537948597,7.869783902530146,False,False,False,False,True,False
2.0,670,16,6.723823326708267,24021.174658209355,80.0,3067,6.382521258497842,0,0,0,0,0,0,0,0.7805845659575266,6.508769136971682,False,False,False,True,False,False
10.0,32565,33,7.058022440247221,53445.50472073547,72.19430485762143,1572,6.528145312958054,0,0,0,0,0,0,0,3.824937563247662,10.391024078324165,False,False,False,False,True,False
