episodes,members,len_of_title,avg_rating_genre,avg_members_genre,user_activity,anime_count_by_type,avg_rating_by_type,Action/Adventure,Fantasy/Supernatural,Comedy,Drama/Romance,Science Fiction,Psychological/Thriller,Other/Uncategorized,rating_per_million,normalized_episodes,rating_x_members_normalized,log_members,log_rating_per_million,type_Movie,type_Music,type_ONA,type_OVA,type_Special,type_TV
2.0,11669,18,6.788310729601363,20211.94423929099,74.48559670781893,1572,6.528145312958054,0,0,0,0,0,0,0,602.4509383837518,0.7649875126495325,0.010708751489378613,9.364776725280601,6.402664742094187,False,False,False,False,True,False
2.0,1040,14,6.237741819619238,9158.131880564271,70.58823529411765,3067,6.382521258497842,0,0,0,0,0,0,0,5413.461538461538,0.7805845659575266,0.0007557056529031947,6.947937068614969,8.596828715610116,False,False,False,True,False,False
2.0,3869,2,6.744524531479761,27589.223936695056,84.21052631578947,3067,6.382521258497842,0,0,0,0,0,0,0,1685.1899715688808,0.7805845659575266,0.003286588518539863,8.261009786023827,7.4302268081152265,False,False,False,True,False,False
1.0,37,18,6.548792989998894,10128.71560623309,0.0,3067,6.382521258497842,0,0,0,0,0,0,0,175675.67567567568,0.3902922829787633,2.211509099776831e-05,3.6375861597263857,12.076400514513132,False,False,False,True,False,False
1.0,364,19,6.624551706647431,16561.884412793006,85.71428571428571,2188,6.320059610463039,0,0,0,0,0,0,0,17472.527472527472,0.8886641126398388,0.00029316482905951397,5.8998973535824915,9.768442298746239,True,False,False,False,False,False
6.0,6733,21,6.729026514431993,22314.877607942897,76.17328519855594,3067,6.382521258497842,0,0,0,0,0,0,0,859.9435615624536,2.3417536978725795,0.005084169570582112,8.814924599721019,6.758028952409853,False,False,False,True,False,False
1.0,107,41,6.58558055977916,14312.419903361644,50.0,2188,6.320059610463039,0,0,0,0,0,0,0,61308.411214953274,0.8886641126398388,8.24020799863878e-05,4.68213122712422,11.023688637300953,True,False,False,False,False,False
1.0,40,27,6.548792989998894,10128.71560623309,0.0,3067,6.382521258497842,0,0,0,0,0,0,0,125000.0,0.3902922829787633,1.6823549551712464e-05,3.713572066704308,11.736077016252437,False,False,False,True,False,False
1.0,11015,24,6.9160083847587,28517.480811599227,67.32283464566929,3067,6.382521258497842,0,0,0,0,0,0,0,702.6781661370859,0.3902922829787633,0.01112985758386951,9.307104040408491,6.5563211012594955,False,False,False,True,False,False
2.0,307,49,6.490336269696487,6754.518842086047,66.66666666666666,3067,6.382521258497842,0,0,0,0,0,0,0,20912.052117263844,0.7805845659575266,0.00024820632506969133,5.730099782973574,9.948128746250282,False,False,False,True,False,False
12.0,9248,57,6.6934802647434,16397.500545159935,85.85858585858585,3549,6.881313711751069,0,0,0,0,0,0,0,722.318339100346,0.34871731190584043,0.008062140652486536,9.13227071655426,6.583849428297179,False,False,False,False,False,True
3.0,8291,18,6.830019888854456,37634.350338609285,78.18627450980392,3067,6.382521258497842,0,0,0,0,0,0,0,749.0049451212158,1.1708768489362897,0.006717758567167152,9.02304647355567,6.620079800003573,False,False,False,True,False,False
1.0,390,20,6.80877291919659,29486.309424935065,57.14285714285714,2188,6.320059610463039,0,0,0,0,0,0,0,16153.846153846154,0.8886641126398388,0.0003117126617430223,5.968707559985366,9.689975355083954,True,False,False,False,False,False
1.0,12418,51,6.87869123882592,24409.39225562343,72.75242047026279,2188,6.320059610463039,0,0,0,0,0,0,0,605.5725559671445,0.8886641126398388,0.01219172753776758,9.426982836948033,6.407824351842527,True,False,False,False,False,False
2.0,2939,37,6.662948251583755,24178.094281909634,75.0,1572,6.528145312958054,0,0,0,0,0,0,0,2344.3348077577407,0.7649875126495325,0.002636425313660364,7.986164860332727,7.760183445852192,False,False,False,False,True,False
2.0,201,25,6.195191110040243,2612.9254587155965,0.0,3067,6.382521258497842,0,0,0,0,0,0,0,24527.3631840796,0.7805845659575266,0.000120162781056131,5.308267697401205,10.107585407919766,False,False,False,True,False,False
25.0,6649,18,6.5004185244497705,20155.465753424658,57.446808510638306,1572,6.528145312958054,0,0,0,0,0,0,0,1118.9652579335238,9.562343908119155,0.006454024221835399,8.8023721336499,7.021052944105809,False,False,False,False,True,False
6.0,71,46,6.26522859704693,4177.704926926859,0.0,3549,6.881313711751069,0,0,0,0,0,0,0,93239.43661971831,0.17435865595292022,5.210310563230505e-05,4.276666119016055,11.44293677588989,False,False,False,False,False,True
1.0,2923,9,6.698349863309581,21482.950268016677,77.87610619469027,1572,6.528145312958054,0,0,0,0,0,0,0,2059.5278823126923,0.38249375632476623,0.0022897640212715324,7.980707820869669,7.630717482506144,False,False,False,False,True,False
1.0,6634,43,5.879225467208256,3053.415760869565,74.46808510638297,447,5.588299776286353,0,0,0,0,0,0,0,997.8896593307205,0.9078461025802542,0.005728693690799593,8.800113946766308,6.906644321427979,False,True,False,False,False,False
38.0,151,31,6.640698109965129,30156.15701881832,0.0,3549,6.881313711751069,0,0,0,0,0,0,0,43841.05960264901,1.104271487701828,0.00012129817599850695,5.0238805208462765,10.688348900505805,False,False,False,False,False,True
1.0,304,10,6.195191110040243,2612.9254587155965,37.5,3067,6.382521258497842,0,0,0,0,0,0,0,17434.210526315786,0.3902922829787633,0.00020120437149428064,5.720311776607412,9.76624703396176,False,False,False,True,False,False
1.0,214,6,6.22747829422649,6094.346320346321,100.0,610,5.665348780241979,0,0,0,0,0,0,0,22429.906542056073,0.13788144168663172,0.0001249016503955988,5.3706380281276624,10.018195043195794,False,False,True,False,False,False
87.0,424,21,6.809281649391791,30725.858768095237,50.0,3549,6.881313711751069,0,0,0,0,0,0,0,16037.735849056604,2.528200511317343,0.00036739796950373835,6.052089168924417,9.68276206591169,False,False,False,False,False,True
1.0,37,23,6.7842301997157435,23284.036834831608,0.0,2188,6.320059610463039,0,0,0,0,0,0,0,243243.24324324325,0.8886641126398388,3.4200710349871174e-05,3.6375861597263857,12.40182133375893,True,False,False,False,False,False
1.0,74,23,5.60043986026233,568.2241379310345,100.0,2188,6.320059610463039,0,0,0,0,0,0,0,56216.21621621622,0.8886641126398388,3.0913421886099196e-05,4.31748811353631,10.936978327336602,True,False,False,False,False,False
1.0,43673,87,6.914189728525724,27946.87190819111,74.73363774733637,1572,6.528145312958054,0,0,0,0,0,0,0,179.05799922148697,0.38249375632476623,0.044612479356374364,10.684508238346313,5.193279016886322,False,False,False,False,True,False
26.0,8862,23,6.817377299046317,33936.751000488825,77.23214285714286,3549,6.881313711751069,0,0,0,0,0,0,0,833.8975400586775,0.7555541757959876,0.008547334499933109,9.089640586738398,6.727309010805241,False,False,False,False,False,True
1.0,160,11,6.5004185244497705,20155.465753424658,0.0,2188,6.320059610463039,0,0,0,0,0,0,0,33812.5,0.8886641126398388,0.00010378774674911425,5.081404364984463,10.428615410012878,True,False,False,False,False,False
2.0,2673,44,6.195191110040243,2612.9254587155965,70.0,3067,6.382521258497842,0,0,0,0,0,0,0,2394.313505424617,0.7805845659575266,0.002225839587496291,7.891330757661889,7.781269401246887,False,False,False,True,False,False
22.0,189,18,6.5004185244497705,20155.465753424658,0.0,3549,6.881313711751069,0,0,0,0,0,0,0,29100.5291005291,0.6393150718273741,0.0001265087111310676,5.247024072160486,10.278545998189005,False,False,False,False,False,True
25.0,60988,12,6.510263751421897,20545.19121004566,77.23684210526316,3549,6.881313711751069,0,0,0,0,0,0,0,135.60044598937495,0.7264943998038342,0.06588942780706962,11.01844879902557,4.917060212060898,False,False,False,False,False,True
1.0,14779,33,6.903140376493692,21456.872169630027,79.89778534923339,2188,6.320059610463039,0,0,0,0,0,0,0,513.5665471276811,0.8886641126398388,0.01464664346654054,9.601030194502194,6.243324890209653,True,False,False,False,False,False
77.0,170,22,6.6819426705842195,18722.56480948544,0.0,3549,6.881313711751069,0,0,0,0,0,0,0,38058.82352941176,2.2376027513958094,0.0001344002939296299,5.14166355650266,10.546914504197556,False,False,False,False,False,True
24.0,146895,9,6.821981200903762,29231.234460661643,86.43393725143615,3549,6.881313711751069,0,0,0,0,0,0,0,57.79638517308281,0.6974346238116809,0.16293600917942289,11.897480132383482,4.074080376366563,False,False,False,False,False,True
12.0,5670,21,6.683116002174912,25565.207430304697,75.0,3549,6.881313711751069,0,0,0,0,0,0,0,1172.8395061728395,0.34871731190584043,0.004917117566960294,8.643120748014027,7.068035284205365,False,False,False,False,False,True
3.0,1659,19,6.703006296580537,26160.623568722254,60.78431372549019,3067,6.382521258497842,0,0,0,0,0,0,0,4339.96383363472,1.1708768489362897,0.0015513444378390388,7.414572881350589,8.375851683920663,False,False,False,True,False,False
1.0,1439,16,6.604842707205482,20851.246346539916,79.71014492753623,1572,6.528145312958054,0,0,0,0,0,0,0,4475.330090340514,0.38249375632476623,0.0012014964616015825,7.272398392570047,8.40655881343753,False,False,False,False,True,False
1.0,131,19,6.555621413678604,13235.397717492759,0.0,2188,6.320059610463039,0,0,0,0,0,0,0,40000.0,0.8886641126398388,8.037953525589535e-05,4.882801922586371,10.596659732783579,True,False,False,False,False,False
2.0,1254,22,6.195191110040243,2612.9254587155965,69.38775510204081,3067,6.382521258497842,0,0,0,0,0,0,0,4976.076555023924,0.7805845659575266,0.0010130653239842555,7.134890851565884,8.512597960501141,False,False,False,True,False,False
26.0,143,46,6.604842707205482,20851.246346539916,0.0,3549,6.881313711751069,0,0,0,0,0,0,0,41958.04195804196,0.7555541757959876,0.0001027947661320766,4.969813299576001,10.644449229981745,False,False,False,False,False,True
25.0,152811,17,6.907144180005776,30669.766179668582,83.51839000693963,3549,6.881313711751069,0,0,0,0,0,0,0,51.56696834651955,0.7264943998038342,0.1573194142218263,11.936963686662335,3.962087944279714,False,False,False,False,False,True
25.0,179342,23,6.904400748459212,30367.902828980667,83.21108394458028,3549,6.881313711751069,0,0,0,0,0,0,0,49.793132673885644,0.7264943998038342,0.20923837002008064,12.097055452368803,3.9277611618613837,False,False,False,False,False,True
3.0,77,22,6.5264888547538815,17281.5837709483,0.0,1572,6.528145312958054,0,0,0,0,0,0,0,79610.3896103896,1.1474812689742986,5.2363109767555695e-05,4.356708826689592,11.28491244715437,False,False,False,False,True,False
1.0,690,14,6.735691132363756,35523.32279163113,67.64705882352942,3067,6.382521258497842,0,0,0,0,0,0,0,8739.130434782608,0.3902922829787633,0.000534310171907105,6.53813982376767,9.075680392426392,False,False,False,True,False,False
1.0,54,30,5.558589488847307,349.1694444444444,0.0,3067,6.382521258497842,0,0,0,0,0,0,0,74074.07407407407,0.3902922829787633,1.891403506126539e-05,4.007333185232471,11.212834372428766,False,False,False,True,False,False
1.0,304,30,6.7108808707015255,21486.789917862803,77.77777777777779,2188,6.320059610463039,0,0,0,0,0,0,0,20065.78947368421,0.8886641126398388,0.0002329797512394851,5.720311776607412,9.906821462561116,True,False,False,False,False,False
2.0,15764,32,6.7922584990548955,43782.664886514154,80.65268065268066,3067,6.382521258497842,0,0,0,0,0,0,0,294.97589444303475,0.7805845659575266,0.009568068925216952,9.665547571979161,5.690278013315381,False,False,False,True,False,False
2.0,213,36,6.780364255718127,27279.73223557687,0.0,3067,6.382521258497842,0,0,0,0,0,0,0,30516.43192488263,0.7805845659575266,0.00017158480493080264,5.365976015021851,10.32605333785031,False,False,False,True,False,False
1.0,55,19,6.548792989998894,10128.71560623309,0.0,3067,6.382521258497842,0,0,0,0,0,0,0,124181.81818181819,0.3902922829787633,3.977316078627319e-05,4.02535169073515,11.729510098990717,False,False,False,True,False,False
1.0,19277,28,6.510263751421897,20545.19121004566,78.76447876447877,1572,6.528145312958054,0,0,0,0,0,0,0,366.75831301551074,0.38249375632476623,0.017797499006638434,9.866719828343914,5.907425964298825,False,False,False,False,True,False
1.0,47,34,6.464641336937508,8548.357906466646,0.0,3067,6.382521258497842,0,0,0,0,0,0,0,170212.7659574468,0.3902922829787633,3.981889015679466e-05,3.871201010907891,12.044810372916794,False,False,False,True,False,False
24.0,17601,12,6.604842707205482,20851.246346539916,76.68231611893583,3549,6.881313711751069,0,0,0,0,0,0,0,405.6587693881029,0.6974346238116809,0.01641029855186963,9.775767810933758,6.007974429333179,False,False,False,False,False,True
1.0,11745,15,6.829036948424544,17643.015772252504,84.33734939759037,2188,6.320059610463039,0,0,0,0,0,0,0,656.4495530012772,0.8886641126398388,0.011822049999918571,9.371268036082466,6.488368035635027,True,False,False,False,False,False
1.0,289,24,6.677693639525605,11247.974150664697,87.5,3067,6.382521258497842,0,0,0,0,0,0,0,21626.297577854668,0.3902922829787633,0.00022668869640917431,5.66988092298052,9.981711572531117,False,False,False,True,False,False
1.0,15412,20,6.8182528559243245,28325.57577758435,72.8862973760933,3067,6.382521258497842,0,0,0,0,0,0,0,448.3519335582663,0.3902922829787633,0.013905084235183385,9.64296658814672,6.107806397106733,False,False,False,True,False,False
1.0,15114,10,6.93905064652767,40803.73165707998,77.96610169491525,3067,6.382521258497842,0,0,0,0,0,0,0,470.4247717348154,0.3902922829787633,0.014030986338103098,9.623442907213558,6.155759538410324,False,False,False,True,False,False
1.0,3607,28,6.827850625188941,21162.251451633205,85.43689320388349,2188,6.320059610463039,0,0,0,0,0,0,0,2051.5663986692543,0.8886641126398388,0.0034781188009251032,8.190908881182514,7.626846190946693,True,False,False,False,False,False
6.0,22609,42,6.815635129003481,22014.987234226825,82.90043290043289,3067,6.382521258497842,0,0,0,0,0,0,0,347.2068645229775,2.3417536978725795,0.023179487921371974,10.026147565272016,5.85279674145044,False,False,False,True,False,False
2.0,480,16,6.195191110040243,2612.9254587155965,25.0,3067,6.382521258497842,0,0,0,0,0,0,0,11229.166666666666,0.7805845659575266,0.0003287239875770092,6.175867270105761,9.326358888821527,False,False,False,True,False,False
3.0,380,23,6.192033733782523,14274.946127419527,66.66666666666666,1572,6.528145312958054,0,0,0,0,0,0,0,16263.15789473684,1.1474812689742986,0.0002975234913469318,5.942799375126701,9.69671906349623,False,False,False,False,True,False
13.0,25043,24,6.891816304527772,35882.155398824216,79.34347477982386,3549,6.881313711751069,0,0,0,0,0,0,0,276.7240346603841,0.3777770878979938,0.022665664874872073,10.128389556865201,5.62662793957871,False,False,False,False,False,True
3.0,11447,11,6.728603824708156,27893.492868965463,71.91358024691358,1572,6.528145312958054,0,0,0,0,0,0,0,620.2498471215165,1.1474812689742986,0.010609535740541786,9.345570321236286,6.431733331328743,False,False,False,False,True,False
5.0,785,12,6.602205255211668,28742.709806934843,69.23076923076923,3067,6.382521258497842,0,0,0,0,0,0,0,7707.006369426751,1.9514614148938163,0.0006112073748225659,6.666956792429207,8.95001485587366,False,False,False,True,False,False
4.0,698,9,6.5262666432363226,22946.272183594574,75.0,3067,6.382521258497842,0,0,0,0,0,0,0,8194.84240687679,1.5611691319150531,0.0005123417823085907,6.54965074223381,9.011382281120829,False,False,False,True,False,False
1.0,622,18,7.025210187186107,57447.79795707702,75.0,1572,6.528145312958054,0,0,0,0,0,0,0,9437.299035369775,0.38249375632476623,0.00046773343464161807,6.434546518787453,9.152531055972764,False,False,False,False,True,False
52.0,165,20,6.045175999634896,2840.439024390244,0.0,3549,6.881313711751069,0,0,0,0,0,0,0,41030.303030303025,1.5111083515919752,0.00013664103308518196,5.111987788356544,10.622090542921308,False,False,False,False,False,True
1.0,1513,33,6.841160948174395,22416.566940171087,68.35443037974683,1572,6.528145312958054,0,0,0,0,0,0,0,4765.366820885657,0.38249375632476623,0.0014159763552213823,7.322510433997394,8.469339620892002,False,False,False,False,True,False
7.0,5167,25,6.5004185244497705,20155.465753424658,64.34782608695652,1572,6.528145312958054,0,0,0,0,0,0,0,1151.5386104122315,2.6774562942733633,0.00400751465791773,8.550241045462437,7.049722275751926,False,False,False,False,True,False
2.0,31973,20,6.752542161239349,33459.49192062364,80.46242774566474,3067,6.382521258497842,0,0,0,0,0,0,0,251.14940731241984,0.7805845659575266,0.03353556237889443,10.372678351524836,5.530021797984258,False,False,False,True,False,False
1.0,19669,35,6.589899276583323,32349.1702414006,73.92265193370166,1572,6.528145312958054,0,0,0,0,0,0,0,333.5197518938431,0.38249375632476623,0.01684897387051488,9.886849911383104,5.812695926834953,False,False,False,False,True,False
1.0,62464,7,7.0051398861146525,37527.99570121927,83.34862385321101,2188,6.320059610463039,0,0,0,0,0,0,0,125.99257172131146,0.8886641126398388,0.06421977270923103,11.04236167886593,4.844128594364588,True,False,False,False,False,False
1.0,69,19,6.900464730786089,29384.40008657502,0.0,1572,6.528145312958054,0,0,0,0,0,0,0,82173.91304347827,0.38249375632476623,4.1808771051200356e-05,4.248495242049359,11.316605340344799,False,False,False,False,True,False
1.0,53,31,6.548792989998894,10128.71560623309,0.0,3067,6.382521258497842,0,0,0,0,0,0,0,174528.30188679244,0.3902922829787633,5.474626324844603e-05,3.9889840465642745,12.069847925649801,False,False,False,True,False,False
51.0,1946,9,6.513833199933685,9375.297391753698,72.41379310344827,3549,6.881313711751069,0,0,0,0,0,0,0,3160.3288797533405,1.4820485755998218,0.001554362576293456,7.5740450053721995,8.058747749749854,False,False,False,False,False,True
1.0,289,9,5.60043986026233,568.2241379310345,60.0,2188,6.320059610463039,0,0,0,0,0,0,0,17024.2214532872,0.8886641126398388,0.0001764687017024956,5.66988092298052,9.74245113846834,True,False,False,False,False,False
6.0,720,37,6.604842707205482,20851.246346539916,80.0,3067,6.382521258497842,0,0,0,0,0,0,0,8875.0,2.3417536978725795,0.0005918115889542452,6.580639137284949,9.091106284052485,False,False,False,True,False,False
1.0,3630,47,6.915455099061244,32974.91886470236,76.31578947368422,2188,6.320059610463039,0,0,0,0,0,0,0,1994.4903581267217,0.8886641126398388,0.0034244717165362007,8.197263371414335,7.5986450926689075,True,False,False,False,False,False
13.0,1880,23,6.971057475358263,31462.616171152018,64.86486486486487,3549,6.881313711751069,0,0,0,0,0,0,0,3771.2765957446804,0.3777770878979938,0.0017322236965531055,7.53955882930103,8.235433969735315,False,False,False,False,False,True
1.0,2229,41,6.991318746851372,51108.5051282192,84.95575221238938,2188,6.320059610463039,0,0,0,0,0,0,0,2220.7267833109017,0.8886641126398388,0.0014322847553027824,7.709756864454165,7.706040002833324,True,False,False,False,False,False
1.0,35058,52,6.799447922681467,32905.2987075575,83.33333333333334,2188,6.320059610463039,0,0,0,0,0,0,0,213.07547492726337,0.8886641126398388,0.03420713999471241,10.46478763553565,5.366328639418557,True,False,False,False,False,False
1.0,8053,19,6.600169481894902,25294.566126141643,75.4054054054054,447,5.588299776286353,0,0,0,0,0,0,0,841.9222649944121,0.9078461025802542,0.007124388049504397,8.9939241414114,6.736874741406515,False,True,False,False,False,False
12.0,36827,11,6.896685115474326,50569.975132722466,0.0,3549,6.881313711751069,0,0,0,0,0,0,0,161.5662421592853,0.34871731190584043,0.028619976459983466,10.514013704407736,5.091085562762667,False,False,False,False,False,True
2.0,3813,8,6.195191110040243,2612.9254587155965,66.20689655172414,3067,6.382521258497842,0,0,0,0,0,0,0,1704.6944662995018,0.7805845659575266,0.003228919862651959,8.246433786160365,7.441727618401371,False,False,False,True,False,False
3.0,694,32,6.195191110040243,2612.9254587155965,66.66666666666666,3067,6.382521258497842,0,0,0,0,0,0,0,8559.077809798271,1.1708768489362897,0.0005293008460048388,6.543911845564792,9.05486455902418,False,False,False,True,False,False
1.0,776,14,5.879225467208256,3053.415760869565,85.41666666666666,447,5.588299776286353,0,0,0,0,0,0,0,6713.917525773196,0.9078461025802542,0.0005189268116636823,6.655440350367647,8.812086826793037,False,True,False,False,False,False
2.0,5082,15,6.195191110040243,2612.9254587155965,68.90243902439023,3067,6.382521258497842,0,0,0,0,0,0,0,1320.3463203463202,0.7805845659575266,0.0044460684670927335,8.533656917446903,7.186406435451671,False,False,False,True,False,False
1.0,58,49,5.879225467208256,3053.415760869565,100.0,447,5.588299776286353,0,0,0,0,0,0,0,80517.24137931035,0.9078461025802542,2.608178725214499e-05,4.07753744390572,11.296239038721751,False,True,False,False,False,False
1.0,520,24,6.490336269696487,6754.518842086047,50.0,2188,6.320059610463039,0,0,0,0,0,0,0,12673.076923076922,0.8886641126398388,0.00043842221469079904,6.255750041753367,9.447313999225697,True,False,False,False,False,False
44.0,589,41,6.5264781364721145,17147.534565370464,65.625,3549,6.881313711751069,0,0,0,0,0,0,0,12003.39558573854,1.2786301436547483,0.0005347713852726501,6.380122536899765,9.393028160510651,False,False,False,False,False,True
13.0,9540,30,6.56187974819794,14452.390551477509,77.3851590106007,3549,6.881313711751069,0,0,0,0,0,0,0,685.5345911949686,0.3777770878979938,0.008142488463046202,9.163353580751846,6.531656611695297,False,False,False,False,False,True
1.0,5950,30,6.693995382256044,24823.450931229087,81.31868131868131,1572,6.528145312958054,0,0,0,0,0,0,0,1247.0588235294117,0.38249375632476623,0.005758995278260562,8.691314551644853,7.1293446820569,False,False,False,False,True,False
1.0,65,26,6.726881389735055,20338.098088288767,0.0,3067,6.382521258497842,0,0,0,0,0,0,0,98461.53846153847,0.3902922829787633,4.5045103930676985e-05,4.189654742026425,11.49743143463269,False,False,False,True,False,False
4.0,3083,45,6.48976219033308,13161.231651645769,69.49152542372882,1572,6.528145312958054,0,0,0,0,0,0,0,2101.848848524165,1.529975025299065,0.0026009040451927296,8.03398273468322,7.651048298903821,False,False,False,False,True,False
1.0,4596,45,6.952284532351359,28091.98624930423,64.04494382022472,3067,6.382521258497842,0,0,0,0,0,0,0,1634.0295909486508,0.3902922829787633,0.004500387119951579,8.433159195806228,7.399416181607121,False,False,False,True,False,False
2.0,137,31,6.751585809121671,19724.348480529654,66.66666666666666,1572,6.528145312958054,0,0,0,0,0,0,0,49489.051094890514,0.7649875126495325,0.00011205300383250913,4.927253685157205,10.809526940373981,False,False,False,False,True,False
1.0,70,34,5.7918085106382975,2324.3617021276596,0.0,2188,6.320059610463039,0,0,0,0,0,0,0,117142.85714285713,0.8886641126398388,6.568864833751213e-05,4.2626798770413155,11.671158006734052,True,False,False,False,False,False
1.0,283,24,6.662210655278485,24523.331641768404,33.33333333333333,2188,6.320059610463039,0,0,0,0,0,0,0,21978.798586572437,0.8886641126398388,0.0002206798571226531,5.648974238161206,9.997879064429387,True,False,False,False,False,False
6.0,3736,25,6.713574543648345,46416.81574519231,0.0,1572,6.528145312958054,0,0,0,0,0,0,0,1862.9550321199142,2.294962537948597,0.0033880659113873367,8.226038429485484,7.530455870555351,False,False,False,False,True,False
1.0,365,60,6.22747829422649,6094.346320346321,87.5,610,5.665348780241979,0,0,0,0,0,0,0,15068.493150684932,0.13788144168663172,0.0002529830844590197,5.902633333401366,9.620427658054602,False,False,True,False,False,False
1.0,2430,51,6.756379223895332,24835.59366045604,70.93023255813954,2188,6.320059610463039,0,0,0,0,0,0,0,3152.2633744855966,0.8886641126398388,0.0024226849292895685,7.796057974316123,8.056193187450608,True,False,False,False,False,False
1.0,57507,29,6.541468868858304,39876.821275440976,74.17308563661078,3067,6.382521258497842,0,0,0,0,0,0,0,110.94301563287947,0.3902922829787633,0.04792744062207905,10.959679347542483,4.717989952825908,False,False,False,True,False,False
1.0,94,26,6.5264888547538815,17281.5837709483,33.33333333333333,2188,6.320059610463039,0,0,0,0,0,0,0,62659.574468085106,0.8886641126398388,6.303111863349298e-05,4.553876891600541,11.045487732483389,True,False,False,False,False,False
13.0,24889,22,6.699663961399586,36313.50824845239,83.23057953144266,3549,6.881313711751069,0,0,0,0,0,0,0,282.8558801076781,0.3777770878979938,0.022883933773477937,10.122221395361638,5.648466644947981,False,False,False,False,False,True
12.0,169718,20,6.838324248387183,30997.76660493708,84.5626975763962,3549,6.881313711751069,0,0,0,0,0,0,0,45.36937743786752,0.34871731190584043,0.170734833216266,12.041899407241397,3.8366392723453195,False,False,False,False,False,True
1.0,109,10,5.879225467208256,3053.415760869565,100.0,447,5.588299776286353,0,0,0,0,0,0,0,44495.41284403669,0.9078461025802542,5.976342847137306e-05,4.700480365792417,10.703163854658785,False,True,False,False,False,False
25.0,583823,14,6.891177866809663,38611.93962607258,83.98681207202637,3549,6.881313711751069,0,0,0,0,0,0,0,13.5657553744885,0.7264943998038342,0.6041250856943231,13.277354846526327,2.6786732513727056,False,False,False,False,False,True
9.0,68951,3,6.885625457752329,35080.36109154519,83.82899628252788,3549,6.881313711751069,0,0,0,0,0,0,0,108.19277457904889,0.2615379839293803,0.06719646467531429,11.141165889327235,4.693114894263155,False,False,False,False,False,True
1.0,206,49,6.651400643424755,24146.555751604395,0.0,2188,6.320059610463039,0,0,0,0,0,0,0,33009.70873786407,0.8886641126398388,0.00017371448704365963,5.332718793265369,10.404587295015544,True,False,False,False,False,False
1.0,118,42,6.230078157949449,24863.62904040404,0.0,2188,6.320059610463039,0,0,0,0,0,0,0,45677.96610169491,0.8886641126398388,7.379189279391668e-05,4.77912349311153,10.729393210573202,True,False,False,False,False,False
12.0,121005,25,6.896685115474326,50569.975132722466,81.39004149377594,3549,6.881313711751069,0,0,0,0,0,0,0,59.50167348456675,0.34871731190584043,0.1138223320682357,11.703595410126354,4.10267102555617,False,False,False,False,False,True
2.0,15269,17,6.7558403505266265,26393.572442129578,77.32426303854876,3067,6.382521258497842,0,0,0,0,0,0,0,457.7902940598599,0.7805845659575266,0.013935577886000545,9.633645398212678,6.128593229974469,False,False,False,True,False,False
1.0,53706,20,6.617297955430384,27804.55171578802,73.74005305039788,1572,6.528145312958054,0,0,0,0,0,0,0,143.18698097046885,0.38249375632476623,0.0539512373324211,10.89129862581914,4.971110936242839,False,False,False,False,True,False
4.0,6650,13,6.700879135513685,22191.287010131116,79.47214076246334,447,5.588299776286353,0,0,0,0,0,0,0,1013.5338345864661,3.631384410321017,0.005846795669661785,8.802522498284421,6.922184509706747,False,True,False,False,False,False
1.0,2752,33,6.817531173385809,34459.91188017973,79.41176470588235,1572,6.528145312958054,0,0,0,0,0,0,0,2358.2848837209303,0.38249375632476623,0.002324259645286043,7.920446505142607,7.766113836728734,False,False,False,False,True,False
72.0,110,15,6.638243832197137,24791.843889668748,0.0,3549,6.881313711751069,0,0,0,0,0,0,0,48090.909090909096,2.0923038714350426,6.672082555785389e-05,4.709530201312334,10.780869231776725,False,False,False,False,False,True
4.0,3316,35,6.195191110040243,2612.9254587155965,73.17073170731707,3067,6.382521258497842,0,0,0,0,0,0,0,2138.118214716526,1.5611691319150531,0.003062457114633146,8.106816038947052,7.668148973902414,False,False,False,True,False,False
1.0,2842,78,6.821165935114889,28692.065167271438,69.6078431372549,2188,6.320059610463039,0,0,0,0,0,0,0,2677.6917663617173,0.8886641126398388,0.002816456619189619,7.952615111651,7.893083807442471,True,False,False,False,False,False
26.0,359494,25,6.954841079766507,62458.316227399766,85.51919393787992,3549,6.881313711751069,0,0,0,0,0,0,0,22.72638764485638,0.7555541757959876,0.3837340594676115,12.792455547840676,3.1665878315045135,False,False,False,False,False,True
1.0,3841,39,6.721357126733849,26465.79519599665,82.96703296703298,3067,6.382521258497842,0,0,0,0,0,0,0,1835.4595157511064,0.3902922829787633,0.003528715083023501,8.253748343328501,7.515594820775583,False,False,False,True,False,False
1.0,45,14,6.548792989998894,10128.71560623309,0.0,3067,6.382521258497842,0,0,0,0,0,0,0,133333.33333333334,0.3902922829787633,2.5969423656006518e-05,3.828641396489095,11.800615037393884,False,False,False,True,False,False
13.0,192219,11,6.836389593533809,44381.854779873785,82.50203307129304,3549,6.881313711751069,0,0,0,0,0,0,0,39.17406707973718,0.3777770878979938,0.18910242293258725,12.166395828377276,3.693221689941066,False,False,False,False,False,True
26.0,9293,13,6.857628367942673,24418.85138047913,78.63247863247864,3549,6.881313711751069,0,0,0,0,0,0,0,764.0159259657806,0.7555541757959876,0.00861137129730449,9.137124309644923,6.639896651865762,False,False,False,False,False,True
1.0,70,11,6.490336269696487,6754.518842086047,0.0,3067,6.382521258497842,0,0,0,0,0,0,0,77857.14285714286,0.3902922829787633,4.0537494550703485e-05,4.2626798770413155,11.262643768544281,False,False,False,True,False,False
12.0,11867,9,6.755039400968009,28202.223299767647,76.60550458715596,3549,6.881313711751069,0,0,0,0,0,0,0,573.0176118648353,0.34871731190584043,0.01053400388597475,9.381600981410713,6.352660078540213,False,False,False,False,False,True
3.0,256,34,6.756227895933027,31237.556779276372,0.0,3067,6.382521258497842,0,0,0,0,0,0,0,22421.875,1.1708768489362897,0.00018268266987964173,5.54907608489522,10.017836922124804,False,False,False,True,False,False
11.0,422,28,6.604842707205482,20851.246346539916,66.66666666666666,610,5.665348780241979,0,0,0,0,0,0,0,14241.70616113744,1.5166958585529489,0.00032206317812219623,6.0473721790462776,9.564000206316486,False,False,True,False,False,False
2.0,133,29,6.877545578079942,23761.340998626038,0.0,1572,6.528145312958054,0,0,0,0,0,0,0,46315.78947368421,0.7649875126495325,9.773579119895851e-05,4.897839799950911,10.74325979796396,False,False,False,False,True,False
26.0,1300,10,6.694849741824683,16710.93715997675,80.0,3549,6.881313711751069,0,0,0,0,0,0,0,5507.692307692308,0.7555541757959876,0.0012068324258647162,7.170888478512505,8.614082543252218,False,False,False,False,False,True
4.0,6101,44,6.195191110040243,2612.9254587155965,68.75,3067,6.382521258497842,0,0,0,0,0,0,0,1144.0747418455992,1.5611691319150531,0.0055546477065948775,8.716371865276615,7.043225190578955,False,False,False,True,False,False
1.0,5455,43,6.72258613857229,20986.65819667338,71.7948717948718,610,5.665348780241979,0,0,0,0,0,0,0,1162.236480293309,0.13788144168663172,0.004509368368321996,8.604471199523298,7.058961468300295,False,False,True,False,False,False
1.0,496,33,6.698341270674539,20133.308761164873,61.53846153846154,2188,6.320059610463039,0,0,0,0,0,0,0,13064.51612903226,0.8886641126398388,0.00041062920984129297,6.208590026096629,9.477731681884125,True,False,False,False,False,False
1.0,77111,43,6.819139379998141,37479.243865337136,79.99504214179474,3067,6.382521258497842,0,0,0,0,0,0,0,105.95116131291255,0.3902922829787633,0.08230315046810101,11.253014189463805,4.672372293935218,False,False,False,True,False,False
13.0,346828,16,6.865487846325214,39493.94968410768,82.71129472726,3549,6.881313711751069,0,0,0,0,0,0,0,21.970544477377835,0.3777770878979938,0.3452904725619971,12.756587142076393,3.1342127202676084,False,False,False,False,False,True
2.0,1651,10,6.911323279215214,32025.167730506095,75.86206896551724,3067,6.382521258497842,0,0,0,0,0,0,0,3622.047244094488,0.7805845659575266,0.0012806500823139173,7.409741954080923,8.195070730858218,False,False,False,True,False,False
8.0,1430,36,6.265461606140655,11175.0818776953,51.11111111111111,1572,6.528145312958054,0,0,0,0,0,0,0,4433.566433566433,3.05995005059813,0.0011752399636015976,7.266128779556451,8.39718512977689,False,False,False,False,True,False
1.0,704,28,6.677693639525605,11247.974150664697,57.14285714285714,2188,6.320059610463039,0,0,0,0,0,0,0,9232.954545454546,0.8886641126398388,0.0005885713364144382,6.558197802812269,9.130642680535276,True,False,False,False,False,False
1.0,183,27,6.841823567202082,23070.463443385615,0.0,1572,6.528145312958054,0,0,0,0,0,0,0,31420.765027322406,0.38249375632476623,0.0001281745667714926,5.214935757608986,10.355256085512629,False,False,False,False,True,False
24.0,90,32,5.7918085106382975,2324.3617021276596,0.0,3549,6.881313711751069,0,0,0,0,0,0,0,59222.222222222226,0.6974346238116809,5.336784936558457e-05,4.51085950651685,10.989069011222673,False,False,False,False,False,True
1.0,39946,37,6.872724838781157,34495.98883480793,74.53443048938935,2188,6.320059610463039,0,0,0,0,0,0,0,194.26225404295798,0.8886641126398388,0.040491361550513895,10.595308854507401,5.274343547533816,True,False,False,False,False,False
1.0,23937,35,6.844614966234576,28383.127744251182,69.91485335856197,1572,6.528145312958054,0,0,0,0,0,0,0,309.9803651251201,0.38249375632476623,0.02319672005473791,10.083222433433315,5.739729775540242,False,False,False,False,True,False
1.0,83515,53,6.892501368430791,34452.34000811103,73.49554638279383,2188,6.320059610463039,0,0,0,0,0,0,0,89.80422678560738,0.8886641126398388,0.0818283006042664,11.332793509249266,4.508705835026091,True,False,False,False,False,False
1.0,854,24,6.195191110040243,2612.9254587155965,57.14285714285714,3067,6.382521258497842,0,0,0,0,0,0,0,6451.9906323185005,0.3902922829787633,0.000605496429721156,6.75110146893676,8.772298966256265,False,False,False,True,False,False
4.0,11400,72,6.693326586706275,24631.556902793207,63.95348837209303,1572,6.528145312958054,0,0,0,0,0,0,0,645.6140350877192,1.529975025299065,0.010953198492777852,9.34145634983372,6.471749571037387,False,False,False,False,True,False
13.0,72692,16,6.799794973458771,30722.40740263234,78.54166666666667,3549,6.881313711751069,0,0,0,0,0,0,0,85.9791999119573,0.3777770878979938,0.059350681801159405,11.194000372778516,4.465669008598297,False,False,False,False,False,True
1.0,58492,12,6.899387799034847,32998.82052383925,84.99249624812406,2188,6.320059610463039,0,0,0,0,0,0,0,142.58360117622922,0.8886641126398388,0.06372741110959357,10.976662367940685,4.96691745215592,True,False,False,False,False,False
1.0,749,99,5.558589488847307,349.1694444444444,61.53846153846154,3067,6.382521258497842,0,0,0,0,0,0,0,8731.642189586115,0.3902922829787633,0.0006307024587525904,6.620073206530356,9.074823259352446,False,False,False,True,False,False
1.0,2361,20,6.106210567052468,33784.67164179104,86.36363636363636,3067,6.382521258497842,0,0,0,0,0,0,0,2698.009318085557,0.3902922829787633,0.001955692677863983,7.767263996757308,7.900640065433518,False,False,False,True,False,False
2.0,4379,37,6.66391737475365,18028.293509500556,70.49180327868852,3067,6.382521258497842,0,0,0,0,0,0,0,1523.1788079470198,0.7805845659575266,0.0038068646324970657,8.384804003370492,7.32921105741342,False,False,False,True,False,False
1.0,53,26,6.490336269696487,6754.518842086047,0.0,2188,6.320059610463039,0,0,0,0,0,0,0,117924.52830188679,0.8886641126398388,3.397206349726382e-05,3.9889840465642745,11.677808588124508,True,False,False,False,False,False
1.0,2078,62,6.83367590781581,21851.12847255018,72.22222222222221,1572,6.528145312958054,0,0,0,0,0,0,0,3306.063522617902,0.38249375632476623,0.0018559098848326917,7.639642287858013,8.10381592133009,False,False,False,False,True,False
1.0,114,12,5.558589488847307,349.1694444444444,100.0,2188,6.320059610463039,0,0,0,0,0,0,0,40175.43859649122,0.8886641126398388,5.891024907278677e-05,4.74493212836325,10.601035998215794,True,False,False,False,False,False
12.0,21934,11,6.815755293870396,28885.83750312443,73.07692307692307,3549,6.881313711751069,0,0,0,0,0,0,0,280.8425275827483,0.34871731190584043,0.017643985509797858,9.995838813600315,5.64134850214047,False,False,False,False,False,True
50.0,696,14,6.873241177866149,29310.14515146911,85.71428571428571,3549,6.881313711751069,0,0,0,0,0,0,0,9281.609195402298,1.4529887996076685,0.000578139813721769,6.546785410760524,9.135897949558915,False,False,False,False,False,True
13.0,101266,30,6.8734559789429275,43609.06260538725,81.27100519401161,3549,6.881313711751069,0,0,0,0,0,0,0,69.7173779945885,0.3777770878979938,0.09340115783126544,11.52551587210952,4.258691341773686,False,False,False,False,False,True
1.0,60,6,6.2680555955337915,8242.158584660134,100.0,447,5.588299776286353,0,0,0,0,0,0,0,64166.666666666664,0.9078461025802542,2.0873865226471258e-05,4.110873864173311,11.069254728336015,False,True,False,False,False,False
1.0,244,26,6.796919367664303,29268.116604770163,0.0,1572,6.528145312958054,0,0,0,0,0,0,0,22418.032786885244,0.38249375632476623,0.0001650755556754322,5.501258210544727,10.017665555057086,False,False,False,False,True,False
14.0,8472,47,6.5004185244497705,20155.465753424658,73.15436241610739,610,5.665348780241979,0,0,0,0,0,0,0,802.6440037771482,1.930340183612844,0.007517694606378571,9.044639916198465,6.689156389750642,False,False,True,False,False,False
1.0,644,35,6.763733621280342,28099.343361112562,76.47058823529412,3067,6.382521258497842,0,0,0,0,0,0,0,8819.875776397515,0.3902922829787633,0.0004686192778762911,6.4692503167957724,9.084876438447612,False,False,False,True,False,False
1.0,85,53,6.289007148338809,2755.141935483871,0.0,2188,6.320059610463039,0,0,0,0,0,0,0,79411.76470588235,0.8886641126398388,6.565598450142538e-05,4.454347296253507,11.282414398871703,True,False,False,False,False,False
25.0,715151,31,6.84562728399871,33013.75419292273,87.10304349516072,3549,6.881313711751069,0,0,0,0,0,0,0,12.347042792361334,0.7264943998038342,0.8250508829388937,13.48025038649523,2.5912948466276804,False,False,False,False,False,True
26.0,79816,24,6.865349700381785,53412.78489463932,81.25211505922167,3549,6.881313711751069,0,0,0,0,0,0,0,101.23283552169991,0.7555541757959876,0.0842520591530729,11.287491793331135,4.6272529130731055,False,False,False,False,False,True
1.0,35120,60,6.830019888854456,37634.350338609285,81.29139072847681,3067,6.382521258497842,0,0,0,0,0,0,0,236.61731207289296,0.3902922829787633,0.03812208889340699,10.466554521147781,5.470661447093815,False,False,False,True,False,False
12.0,171452,17,6.814882238275165,36546.30823677478,81.94166999600479,3549,6.881313711751069,0,0,0,0,0,0,0,44.73555280778294,0.34871731190584043,0.1718072836399493,12.052064455550754,3.8228759562285206,False,False,False,False,False,True
1.0,98,5,4.9263479368027125,4281.747368421053,66.66666666666666,2188,6.320059610463039,0,0,0,0,0,0,0,38469.38775510204,0.8886641126398388,3.89644042047649e-05,4.59511985013459,10.557644075110726,True,False,False,False,False,False
1.0,90,55,6.888691304282265,31032.405421929638,0.0,2188,6.320059610463039,0,0,0,0,0,0,0,64444.444444444445,0.8886641126398388,5.889457043146513e-05,4.51085950651685,11.07357432230737,True,False,False,False,False,False
26.0,47882,8,6.855149010949878,38849.35016366716,79.12474849094568,3549,6.881313711751069,0,0,0,0,0,0,0,154.54659370953595,0.7555541757959876,0.046285382546073436,10.776515814350669,5.046945324740235,False,False,False,False,False,True
1.0,204,31,6.195191110040243,2612.9254587155965,50.0,3067,6.382521258497842,0,0,0,0,0,0,0,28137.254901960783,0.3902922829787633,0.00014368466269893188,5.3230099791384085,10.244885313889686,False,False,False,True,False,False
1.0,51,21,5.60043986026233,568.2241379310345,100.0,610,5.665348780241979,0,0,0,0,0,0,0,85490.19607843137,0.13788144168663172,1.974500305131268e-05,3.9512437185814275,11.356168679780186,False,False,True,False,False,False
1.0,5005,80,6.763243699567829,33072.24707757705,58.47457627118644,1572,6.528145312958054,0,0,0,0,0,0,0,1284.7152847152847,0.38249375632476623,0.004195462370760972,8.518392471991719,7.159070484263518,False,False,False,False,True,False
6.0,39377,15,6.7921340428944,31872.547252092783,81.86582809224319,3067,6.382521258497842,0,0,0,0,0,0,0,181.32412321913807,2.3417536978725795,0.03672467511037058,10.580962563701778,5.205785999968774,False,False,False,True,False,False
12.37420167311325,612,18,6.404558063366416,11845.029301075268,0.0,3549,6.881313711751069,0,0,0,0,0,0,0,9640.522875816994,0.35959152870240046,0.0004624627980506578,6.418364935936212,9.173834349797719,False,False,False,False,False,True
12.37420167311325,503,14,6.882950006587168,42174.66587263578,0.0,3549,6.881313711751069,0,0,0,0,0,0,0,12874.966187903321,0.35959152870240046,0.00041629995493708835,6.222576268071369,9.463117766436945,False,False,False,False,False,True
2.0,14158,56,6.728879252982257,24172.086087666834,80.80000000000001,1572,6.528145312958054,0,0,0,0,0,0,0,517.7284927249611,0.7649875126495325,0.01354986109807949,9.55810574328497,6.2513806108781225,False,False,False,False,True,False
1.0,7373,36,6.821827589491823,30283.43505359858,0.0,2188,6.320059610463039,0,0,0,0,0,0,0,878.3545358084051,0.8886641126398388,0.00622926883790009,8.90571557879409,6.779188156306791,True,False,False,False,False,False
1.0,1057,10,6.494012152354782,22095.72140651465,83.33333333333334,447,5.588299776286353,0,0,0,0,0,0,0,6168.401135288553,0.9078461025802542,0.0008911220779982594,6.964135612418245,8.727357051457545,False,True,False,False,False,False
50.0,28959,23,6.77343606745359,20106.262753151284,81.78010471204189,3549,6.881313711751069,0,0,0,0,0,0,0,277.288580406782,1.4529887996076685,0.030373386859762305,10.273670846499652,5.628658634297146,False,False,False,False,False,True
1.0,38,23,6.624551706647431,16561.884412793006,0.0,3067,6.382521258497842,0,0,0,0,0,0,0,175526.31578947368,0.3902922829787633,2.3808384260506182e-05,3.6635616461296463,12.075549955300616,False,False,False,True,False,False
3.0,15203,41,6.661310512963811,17493.1430152059,82.93010752688173,610,5.665348780241979,0,0,0,0,0,0,0,475.5640334144577,0.4136443250598951,0.014352026117465472,9.629313830109139,6.166602096887221,False,False,True,False,False,False
1.0,5676,46,6.210994540743939,17286.006610576922,74.79338842975206,1572,6.528145312958054,0,0,0,0,0,0,0,1039.464411557435,0.38249375632476623,0.004366130914314316,8.644178203170727,6.947422442036285,False,False,False,False,True,False
1.0,404,34,6.844966920920479,32576.50222223778,42.857142857142854,2188,6.320059610463039,0,0,0,0,0,0,0,14900.9900990099,0.8886641126398388,0.0003084567305618936,6.003887067106539,9.609250046706654,True,False,False,False,False,False
39.0,1232,12,6.921729320968481,28847.403375944818,77.5,3549,6.881313711751069,0,0,0,0,0,0,0,5860.38961038961,1.1333312636939814,0.0011528769948631551,7.117205503164344,8.6761419893378,False,False,False,False,False,True
50.0,114,12,6.87428735470253,36388.87683558122,0.0,3549,6.881313711751069,0,0,0,0,0,0,0,62894.73684210527,1.4529887996076685,9.74875460446991e-05,4.74493212836325,11.049233663636501,False,False,False,False,False,True
12.37420167311325,1927,18,6.195191110040243,2612.9254587155965,0.0,3067,6.382521258497842,0,0,0,0,0,0,0,3575.5059678256357,4.829555421039003,0.0017254074072385196,7.564238475170491,8.182141616168781,False,False,False,True,False,False
2.0,860,45,6.7344953614002465,26101.656868768423,60.0,2188,6.320059610463039,0,0,0,0,0,0,0,6999.999999999999,1.7773282252796776,0.0006671213294358894,6.7580945044277305,8.853808274977197,True,False,False,False,False,False
1.0,572,16,6.677693639525605,11247.974150664697,50.0,3067,6.382521258497842,0,0,0,0,0,0,0,9825.174825174825,0.3902922829787633,0.00041070237683412726,6.35088571671474,9.192805004670339,False,False,False,True,False,False
2.0,2325,14,6.938913483987658,39882.49206247506,73.0,3067,6.382521258497842,0,0,0,0,0,0,0,2825.8064516129034,0.7805845659575266,0.001986485529419698,7.75190533307861,7.946902891116665,False,False,False,True,False,False
13.0,53319,9,6.806214276498884,38736.960712467735,80.51341890315052,3549,6.881313711751069,0,0,0,0,0,0,0,118.7194058403196,0.3777770878979938,0.04408808237285646,10.884066774292645,4.785150720061388,False,False,False,False,False,True
2.0,2446,11,6.195191110040243,2612.9254587155965,61.19402985074627,3067,6.382521258497842,0,0,0,0,0,0,0,2522.4856909239575,0.7805845659575266,0.001962519419606117,7.802618063442671,7.83339643543492,False,False,False,True,False,False
8.0,3772,13,6.5970797128209036,29895.67701079054,75.60975609756098,3549,6.881313711751069,0,0,0,0,0,0,0,1495.2279957582184,0.23247820793722695,0.0027702647287491597,8.235625719964311,7.310702550503874,False,False,False,False,False,True
1.0,1410,11,6.20715799971213,18909.371794871793,76.47058823529412,610,5.665348780241979,0,0,0,0,0,0,0,4170.212765957446,0.13788144168663172,0.001073929809594889,7.252053951852814,8.335962103674516,False,False,True,False,False,False
24.0,1514,11,6.783619360794246,26118.07110354941,50.0,3549,6.881313711751069,0,0,0,0,0,0,0,4095.112285336856,0.6974346238116809,0.0012171280669992645,7.323170717943469,8.317793579755921,False,False,False,False,False,True
1.0,1773,37,6.788310729601363,20211.94423929099,66.66666666666666,2188,6.320059610463039,0,0,0,0,0,0,0,4173.716864072194,0.8886641126398388,0.0017049167295845708,7.480992162869525,8.336801817996584,True,False,False,False,False,False
34.0,98,26,6.911084028706297,35072.445790802936,0.0,3549,6.881313711751069,0,0,0,0,0,0,0,68673.4693877551,0.9880323837332146,7.686490649295949e-05,4.59511985013459,11.137132784508509,False,False,False,False,False,True
1.0,10277,24,6.815470928920611,21866.42979286939,74.24242424242425,2188,6.320059610463039,0,0,0,0,0,0,0,685.9978592974604,0.8886641126398388,0.009457044546358038,9.237760967552175,6.532331176202153,True,False,False,False,False,False
25.0,31,80,6.5004185244497705,20155.465753424658,0.0,610,5.665348780241979,0,0,0,0,0,0,0,193548.38709677418,3.447036042165793,1.4994374730853651e-05,3.4657359027997265,12.173287989360503,False,False,True,False,False,False
1.0,4467,44,6.823146793508421,28887.7305772393,85.0,2188,6.320059610463039,0,0,0,0,0,0,0,1721.5133199015002,0.8886641126398388,0.004478864265077289,8.404696160189092,7.45153973574703,True,False,False,False,False,False
26.0,194491,39,6.879084084752576,27754.009486793366,84.38825725436959,3549,6.881313711751069,0,0,0,0,0,0,0,43.54957298795317,0.7555541757959876,0.21522430673129123,12.178146310089332,3.796602568864219,False,False,False,False,False,True
52.0,348,32,6.542958467678293,16872.417365775556,50.0,3549,6.881313711751069,0,0,0,0,0,0,0,19396.55172413793,1.5111083515919752,0.00029760188455354005,5.855071922202427,9.872902137300851,False,False,False,False,False,True
3.0,945,17,6.638243832197137,24791.843889668748,82.75862068965517,3067,6.382521258497842,0,0,0,0,0,0,0,6476.190476190476,1.1708768489362897,0.000746324599179076,6.852242569051878,8.776042126839203,False,False,False,True,False,False
6.0,11528,28,6.5970797128209036,29895.67701079054,74.95219885277247,1572,6.528145312958054,0,0,0,0,0,0,0,593.3379597501736,2.294962537948597,0.01029306497857123,9.352620879232953,6.387448113377028,False,False,False,False,True,False
1.0,14891,44,7.0048709212950975,42251.409449914856,78.89125799573561,1572,6.528145312958054,0,0,0,0,0,0,0,507.68920824659193,0.38249375632476623,0.014699343299682924,9.608579434992608,6.231837237227029,False,False,False,False,True,False
1.0,216,19,6.289007148338809,2755.141935483871,66.66666666666666,2188,6.320059610463039,0,0,0,0,0,0,0,27685.185185185186,0.8886641126398388,0.00015945737586850868,5.37989735354046,10.228688837991662,True,False,False,False,False,False
1.0,76,44,6.800166494369348,33094.709865182755,0.0,3067,6.382521258497842,0,0,0,0,0,0,0,69078.94736842105,0.3902922829787633,4.2823963076777e-05,4.343805421853684,11.143019770367173,False,False,False,True,False,False
52.0,497,44,6.743076983988833,23954.694487620873,0.0,3549,6.881313711751069,0,0,0,0,0,0,0,11891.348088531187,1.5111083515919752,0.0003744625039725838,6.210600077024653,9.38365045450454,False,False,False,False,False,True
2.0,365,24,6.195191110040243,2612.9254587155965,62.5,3067,6.382521258497842,0,0,0,0,0,0,0,14904.109589041098,0.7805845659575266,0.00025012173241781917,5.902633333401366,9.609459358587062,False,False,False,True,False,False
1.0,18795,58,6.819139379998141,37479.243865337136,78.10361681329422,3067,6.382521258497842,0,0,0,0,0,0,0,385.20883213620647,0.3902922829787633,0.017769722986983694,9.841399360222706,5.956378239065402,False,False,False,True,False,False
1.0,1464,14,6.289007148338809,2755.141935483871,80.85106382978722,2188,6.320059610463039,0,0,0,0,0,0,0,4740.437158469946,0.8886641126398388,0.001318171684103505,7.289610521451167,8.46409556672334,True,False,False,False,False,False
48.0,233,20,6.769866626233298,29245.482223340226,0.0,3549,6.881313711751069,0,0,0,0,0,0,0,26695.27896995708,1.3948692476233617,0.00018004604503071806,5.455321115357702,10.192279470255134,False,False,False,False,False,True
1.0,14893,36,6.754818962416433,37513.979954289374,78.54889589905363,1572,6.528145312958054,0,0,0,0,0,0,0,502.2493789028403,0.38249375632476623,0.014545650805020594,9.60871372627059,6.221085830346939,False,False,False,False,True,False
12.37420167311325,1247,36,6.195191110040243,2612.9254587155965,0.0,3067,6.382521258497842,0,0,0,0,0,0,0,5565.3568564554935,4.829555421039003,0.0011214073486237228,7.129297548929373,8.624496053659012,False,False,False,True,False,False
12.0,29837,19,6.883127654709747,26459.589352823987,80.7753164556962,3549,6.881313711751069,0,0,0,0,0,0,0,250.69544525253883,0.34871731190584043,0.029150451530120403,10.303538027942794,5.528219806040067,False,False,False,False,False,True
1.0,1878,21,6.90376052578994,32387.491016135544,74.4186046511628,3067,6.382521258497842,0,0,0,0,0,0,0,2774.227902023429,0.3902922829787633,0.0012690740188047677,7.538494999413465,7.9284881496635995,False,False,False,True,False,False
24.0,23931,16,6.95777145434074,32833.386444658056,83.02961275626424,3549,6.881313711751069,0,0,0,0,0,0,0,302.95432702352593,0.6974346238116809,0.02265936206106077,10.082971754509922,5.716877450064863,False,False,False,False,False,True
39.0,400,12,6.677693639525605,11247.974150664697,60.0,3549,6.881313711751069,0,0,0,0,0,0,0,17000.0,1.1333312636939814,0.00034607501730629853,5.993961427306569,9.741027444837728,False,False,False,False,False,True
13.0,12064,32,6.439627965757445,19821.63496999104,76.19047619047619,3549,6.881313711751069,0,0,0,0,0,0,0,547.9111405835545,0.3777770878979938,0.010409546831163519,9.398063978059133,6.307936571548739,False,False,False,False,False,True
1.0,284,6,6.720957829416256,35120.95561415615,75.0,3067,6.382521258497842,0,0,0,0,0,0,0,19154.929577464787,0.3902922829787633,0.00019254976148473156,5.652489180268651,9.860367585190593,False,False,False,True,False,False
1.0,347,13,6.541380536432849,17946.242233621168,80.0,2188,6.320059610463039,0,0,0,0,0,0,0,12939.481268011528,0.8886641126398388,0.00019425742683534756,5.8522024797744745,9.468115759636191,True,False,False,False,False,False
1.0,11989,39,6.635431799966208,19033.541450600438,76.26339969372128,3067,6.382521258497842,0,0,0,0,0,0,0,410.37617816331635,0.3902922829787633,0.007697512943696539,9.39182824802156,6.019508071223709,False,False,False,True,False,False
50.0,1518,21,6.7619521463177374,22336.489735165298,73.33333333333333,3549,6.881313711751069,0,0,0,0,0,0,0,4947.299077733861,1.4529887996076685,0.001480186924200744,7.325807502595773,8.506799175851803,False,False,False,False,False,True
12.37420167311325,106,29,6.726881389735055,20338.098088288767,0.0,3549,6.881313711751069,0,0,0,0,0,0,0,44056.6037735849,0.35959152870240046,5.53694892409815e-05,4.672828834461906,10.693253233348221,False,False,False,False,False,True
1.0,398,30,6.468372592093842,13820.686630000748,80.0,3067,6.382521258497842,0,0,0,0,0,0,0,14673.366834170854,0.3902922829787633,0.00029437731065505465,5.988961416889864,9.593857497882752,False,False,False,True,False,False
1.0,152,53,6.756379223895332,24835.59366045604,0.0,1572,6.528145312958054,0,0,0,0,0,0,0,46776.31578947369,0.38249375632476623,0.00013189432442505336,5.030437921392435,10.753153659045,False,False,False,False,True,False
6.0,123,17,6.775096449530265,33280.08514117063,0.0,3067,6.382521258497842,0,0,0,0,0,0,0,42682.9268292683,2.3417536978725795,7.506316929441355e-05,4.820281565605037,10.661577707492373,False,False,False,True,False,False
13.0,349836,22,6.842363769490099,32782.841721766235,82.29371316306484,3549,6.881313711751069,0,0,0,0,0,0,0,22.21040716221315,0.3777770878979938,0.3551414099403118,12.765222610701302,3.1446007626664345,False,False,False,False,False,True
1.0,17165,44,6.9991527367920785,29224.91358909553,75.79787234042553,2188,6.320059610463039,0,0,0,0,0,0,0,473.6382173026508,0.8886641126398388,0.018223835234563546,9.750685962278165,6.162552866049712,True,False,False,False,False,False
1.0,2129,5,6.802131924594253,29228.090249484492,77.27272727272727,3067,6.382521258497842,0,0,0,0,0,0,0,2837.0126820103333,0.3902922829787633,0.0016708104584962145,7.6638772587034705,7.950859326353532,False,False,False,True,False,False
4.0,1236,55,6.72025323131698,17658.09867568822,77.77777777777779,3067,6.382521258497842,0,0,0,0,0,0,0,5671.521035598705,1.5611691319150531,0.0011227374200291759,7.1204443723924875,8.643388924994182,False,False,False,True,False,False
1.0,683,52,6.818864580922905,26489.7223574387,69.23076923076923,1572,6.528145312958054,0,0,0,0,0,0,0,10468.521229868229,0.38249375632476623,0.0006287413220339411,6.52795791762255,9.256223575012752,False,False,False,False,True,False
12.0,3414,25,6.241442385702294,9837.82456140351,80.0,3549,6.881313711751069,0,0,0,0,0,0,0,1145.2841241944934,0.34871731190584043,0.0017347767019816472,8.13593277200489,7.044280793417182,False,False,False,False,False,True
1.0,116,31,6.26522859704693,4177.704926926859,50.0,3067,6.382521258497842,0,0,0,0,0,0,0,55948.27586206897,0.3902922829787633,8.905505012054e-05,4.762173934797756,10.932200771065949,False,False,False,True,False,False
12.0,10995,27,6.6713729887351505,19736.361405197305,73.66071428571429,1572,6.528145312958054,0,0,0,0,0,0,0,619.3724420190996,4.589925075897194,0.009773635511245396,9.305286849285137,6.430320010617379,False,False,False,False,True,False
13.0,86669,11,6.970515217845076,45778.90970130909,84.488107549121,3549,6.881313711751069,0,0,0,0,0,0,0,83.30544946866816,0.3777770878979938,0.0817482977238158,11.36986308212839,4.434446506674935,False,False,False,False,False,True
16.0,3952,37,6.7547019732313895,19828.60158588995,76.98412698412699,3067,6.382521258497842,0,0,0,0,0,0,0,1925.6072874493927,6.2446765276602125,0.003920115378423652,8.282230063296685,7.563515852860433,False,False,False,True,False,False
2.0,1798,26,6.195191110040243,2612.9254587155965,63.63636363636363,3067,6.382521258497842,0,0,0,0,0,0,0,3120.133481646274,0.7805845659575266,0.0013085841949353181,7.4949862339505335,8.04595151022718,False,False,False,True,False,False
1.0,97,55,6.5264888547538815,17281.5837709483,0.0,2188,6.320059610463039,0,0,0,0,0,0,0,64329.89690721649,0.8886641126398388,6.977554750868811e-05,4.584967478670572,11.071795306593202,True,False,False,False,False,False
7.0,4503,37,6.5004185244497705,20155.465753424658,81.65137614678899,610,5.665348780241979,0,0,0,0,0,0,0,1403.5087719298247,0.965170091806422,0.00370900769924145,8.412721169819527,7.247442892113847,False,False,True,False,False,False
12.0,17103,44,6.824008707790104,37102.274134157684,79.27461139896373,3549,6.881313711751069,0,0,0,0,0,0,0,370.110506928609,0.34871731190584043,0.014135700063830048,9.747067633264827,5.916499880596519,False,False,False,False,False,True
1.0,816,13,6.677693639525605,11247.974150664697,60.0,2188,6.320059610463039,0,0,0,0,0,0,0,7169.117647058823,0.8886641126398388,0.0006143888324574167,6.705639094860003,8.877677341695987,True,False,False,False,False,False
1.0,525,28,6.659338475834066,16074.47619047619,60.0,2188,6.320059610463039,0,0,0,0,0,0,0,8361.904761904761,0.8886641126398388,0.0002918203855661827,6.26530121273771,9.03156110528664,True,False,False,False,False,False
26.0,5387,31,6.962424008119456,28971.431702702517,75.0,3549,6.881313711751069,0,0,0,0,0,0,0,1395.9532207165398,0.7555541757959876,0.005283571837464262,8.591929537530255,7.242048873167705,False,False,False,False,False,True
3.0,9893,26,6.545649931970783,23190.395089159047,74.92163009404389,3067,6.382521258497842,0,0,0,0,0,0,0,739.9171131102801,1.1708768489362897,0.009452329194980557,9.199683791787654,6.607888760888728,False,False,False,True,False,False
3.0,5949,68,6.856498589080436,31001.435966465935,60.0,610,5.665348780241979,0,0,0,0,0,0,0,1161.5397545806018,0.4136443250598951,0.005361618807409978,8.691146498539675,7.05836233436548,False,False,True,False,False,False
6.0,2284,82,6.439627965757445,19821.63496999104,74.54545454545455,1572,6.528145312958054,0,0,0,0,0,0,0,2937.8283712784587,2.294962537948597,0.001993069252221346,7.734121303328305,7.985766267734659,False,False,False,False,True,False
1.0,2295,26,6.22747829422649,6094.346320346321,81.08108108108108,1572,6.528145312958054,0,0,0,0,0,0,0,2535.947712418301,0.38249375632476623,0.0017358428495915193,7.738923757439457,7.838716949382281,False,False,False,False,True,False
2.0,696,23,6.8507073353320695,31229.251079545455,78.57142857142857,610,5.665348780241979,0,0,0,0,0,0,0,8706.896551724138,0.27576288337326343,0.0005417653658555479,6.546785410760524,9.071985542601299,False,False,True,False,False,False
26.0,8037,9,6.8949039144001265,36595.817750125985,74.74747474747475,3549,6.881313711751069,0,0,0,0,0,0,0,842.354112230932,0.7555541757959876,0.007099713787724454,8.991935575009146,6.737386931758931,False,False,False,False,False,True
51.0,4479,10,6.7626322424374266,19461.28550560231,77.0,3549,6.881313711751069,0,0,0,0,0,0,0,1763.7865594998884,1.4820485755998218,0.004613814250593034,8.40737832540903,7.475785032593021,False,False,False,False,False,True
39.0,9590,16,6.769866626233298,29245.482223340226,78.39080459770115,3549,6.881313711751069,0,0,0,0,0,0,0,704.9009384775808,1.1333312636939814,0.008460869406151114,9.16858043772795,6.559474913877212,False,False,False,False,False,True
2.0,138,34,6.882238498533699,25918.566709652645,50.0,1572,6.528145312958054,0,0,0,0,0,0,0,44492.75362318841,0.7649875126495325,0.00010139936705445001,4.9344739331306915,10.703104090283581,False,False,False,False,True,False
1.0,92,19,6.794834847205189,31678.05727691643,0.0,3067,6.382521258497842,0,0,0,0,0,0,0,57500.0,0.3902922829787633,5.427982366912704e-05,4.532599493153256,10.959557617938563,False,False,False,True,False,False
192.0,67386,27,6.715661769645538,25410.923923540606,75.75351640991292,3549,6.881313711751069,0,0,0,0,0,0,0,106.84711957973467,5.579476990493447,0.06338194792671241,11.1182073999587,4.680714664826536,False,False,False,False,False,True
1.0,168,42,6.823791663267731,27685.960888807575,0.0,3067,6.382521258497842,0,0,0,0,0,0,0,35238.09523809524,0.3902922829787633,0.00012063705995611083,5.1298987149230735,10.469911405432649,False,False,False,True,False,False
6.0,412,8,6.83262700342976,28465.885074157162,0.0,3067,6.382521258497842,0,0,0,0,0,0,0,15606.796116504853,2.3417536978725795,0.0003368193927127529,6.023447592961033,9.65552581946166,False,False,False,True,False,False
10.0,135,51,6.510263751421897,20545.19121004566,50.0,3067,6.382521258497842,0,0,0,0,0,0,0,36148.148148148146,3.9029228297876326,7.676822153814264e-05,4.912654885736052,10.495408662942687,False,False,False,True,False,False
1.0,43,22,6.548792989998894,10128.71560623309,0.0,3067,6.382521258497842,0,0,0,0,0,0,0,134883.72093023255,0.3902922829787633,2.3277923562457127e-05,3.784189633918261,11.812175773588706,False,False,False,True,False,False
31.0,375,20,6.745869261287794,19827.181451961886,53.84615384615385,3549,6.881313711751069,0,0,0,0,0,0,0,18373.333333333332,0.9008530557567545,0.0003282732266390119,5.929589143389895,9.81871004224372,False,False,False,False,False,True
39.0,3933,45,6.76858166664705,27688.71492661083,70.4225352112676,3549,6.881313711751069,0,0,0,0,0,0,0,1767.0989066870075,1.1333312636939814,0.003562071392435305,8.277411998949004,7.4776601843291255,False,False,False,False,False,True
1.0,76,29,6.886595082004575,32997.9026728846,0.0,2188,6.320059610463039,0,0,0,0,0,0,0,52631.57894736842,0.8886641126398388,3.041170536380649e-05,4.343805421853684,10.871090578617336,True,False,False,False,False,False
3.0,9568,31,6.7332413701454055,30539.69162945984,86.41114982578398,2188,6.320059610463039,0,0,0,0,0,0,0,735.7859531772575,2.6659923379195165,0.008791469237059361,9.166283985779263,6.602297420124806,True,False,False,False,False,False
1.0,68,28,6.2467029592772985,15632.091049789251,0.0,1572,6.528145312958054,0,0,0,0,0,0,0,45735.294117647056,0.38249375632476623,1.8323472904816686e-05,4.23410650459726,10.730647443692044,False,False,False,False,True,False
12.0,244314,42,6.846308519003239,31459.212276339927,82.98775510204082,3549,6.881313711751069,0,0,0,0,0,0,0,32.621953715300805,0.34871731190584043,0.25440050297717504,12.406213655279068,3.515179237990468,False,False,False,False,False,True
1.0,988,42,6.696096492373584,25842.14855719281,65.625,2188,6.320059610463039,0,0,0,0,0,0,0,6659.919028340081,0.8886641126398388,0.0008400881004962986,6.8966943316227125,8.804012746257637,True,False,False,False,False,False
1.0,70,16,6.548792989998894,10128.71560623309,0.0,3067,6.382521258497842,0,0,0,0,0,0,0,82857.14285714286,0.3902922829787633,4.3738550487206404e-05,4.2626798770413155,11.324885302359977,False,False,False,True,False,False
13.0,159899,21,6.929882793689622,33920.04264604013,82.21863002626793,3549,6.881313711751069,0,0,0,0,0,0,0,44.340489934271005,0.3777770878979938,0.14811255412245136,11.982303898822046,3.81420045080554,False,False,False,False,False,True
1.0,1979,10,6.22747829422649,6094.346320346321,63.63636363636363,2188,6.320059610463039,0,0,0,0,0,0,0,2870.1364325416876,0.8886641126398388,0.001459352622991162,7.590852123688581,7.962463199905143,True,False,False,False,False,False
24.0,386,21,6.845532650796314,32976.24165026795,28.57142857142857,3549,6.881313711751069,0,0,0,0,0,0,0,16450.77720207254,0.6974346238116809,0.00031094179521137463,5.958424693029782,9.70818878695814,False,False,False,False,False,True
12.0,51114,16,6.80483062736573,30786.34528349143,80.23255813953489,3549,6.881313711751069,0,0,0,0,0,0,0,145.3613491411355,0.34871731190584043,0.04961058980388181,10.841833275191114,4.986078558072005,False,False,False,False,False,True
1.0,68,19,6.22747829422649,6094.346320346321,0.0,3067,6.382521258497842,0,0,0,0,0,0,0,91176.4705882353,0.3902922829787633,4.577677385902051e-05,4.23410650459726,11.420563112521004,False,False,False,True,False,False
1.0,80,28,6.40169871215857,11208.264643466027,0.0,3067,6.382521258497842,0,0,0,0,0,0,0,78875.0,0.3902922829787633,5.664729850869572e-05,4.394449154672439,11.275632278051576,False,False,False,True,False,False
26.0,647,29,6.40169871215857,11208.264643466027,73.68421052631578,3549,6.881313711751069,0,0,0,0,0,0,0,9984.544049459042,0.7555541757959876,0.0005367821710221513,6.473890696352274,9.208893731041488,False,False,False,False,False,True
1.0,56,59,6.40169871215857,11208.264643466027,0.0,3067,6.382521258497842,0,0,0,0,0,0,0,110178.57142857143,0.3902922829787633,3.5836515261096336e-05,4.04305126783455,11.609866781280274,False,False,False,True,False,False
39.0,140,18,6.677693639525605,11247.974150664697,50.0,3549,6.881313711751069,0,0,0,0,0,0,0,47000.0,1.1333312636939814,0.00011105218389481067,4.948759890378168,10.757924157061597,False,False,False,False,False,True
6.0,122,16,6.946209864633353,45184.02677141657,0.0,2188,6.320059610463039,0,0,0,0,0,0,0,48032.78688524591,5.331984675839033,8.410059946289955e-05,4.812184355372417,10.779659935715852,True,False,False,False,False,False
43.0,249,37,6.770580228122137,14268.819008105458,50.0,3549,6.881313711751069,0,0,0,0,0,0,0,26265.060240963856,1.2495703676625949,0.0002034594827377109,5.521460917862246,10.176032899638395,False,False,False,False,False,True
2.0,2846,7,6.195191110040243,2612.9254587155965,71.42857142857143,3067,6.382521258497842,0,0,0,0,0,0,0,2434.9964862965567,0.7805845659575266,0.0025675790930635685,7.954021087278037,7.7981111864217505,False,False,False,True,False,False
1.0,590,24,6.195191110040243,2612.9254587155965,62.5,3067,6.382521258497842,0,0,0,0,0,0,0,9288.13559322034,0.3902922829787633,0.00041312734002520873,6.3818160174060985,9.136600780462633,False,False,False,True,False,False
51.0,17038,21,6.845444141149905,20403.40123078374,80.05115089514067,3549,6.881313711751069,0,0,0,0,0,0,0,483.0379152482686,1.4820485755998218,0.01831154286067028,9.74326011321524,6.182163240938237,False,False,False,False,False,True
1.0,1250,13,6.796871963337037,34852.178836584586,80.64516129032258,2188,6.320059610463039,0,0,0,0,0,0,0,5320.0,0.8886641126398388,0.0010767650305672201,7.1316985104669115,8.579416534596369,True,False,False,False,False,False
1.0,3612,22,6.754818962416433,37513.979954289374,84.04907975460122,2188,6.320059610463039,0,0,0,0,0,0,0,1697.1207087486157,0.8886641126398388,0.002883605626863346,8.19229373114764,7.437277453124708,True,False,False,False,False,False
2.0,5625,21,6.195191110040243,2612.9254587155965,70.09803921568627,3067,6.382521258497842,0,0,0,0,0,0,0,1258.6666666666665,0.7805845659575266,0.0051940415693038835,8.635153989049803,7.13860241468138,False,False,False,True,False,False
1.0,2858,17,6.810042529424079,23098.545244676698,88.42105263157895,2188,6.320059610463039,0,0,0,0,0,0,0,2550.7347795661303,0.8886641126398388,0.002712873062191271,7.958227192322312,7.844528712561647,True,False,False,False,False,False
12.0,37238,16,6.84658521718319,33928.37144960914,79.35943060498221,3549,6.881313711751069,0,0,0,0,0,0,0,162.7369890971588,0.34871731190584043,0.029474675380224514,10.525111878184058,5.098261415463361,False,False,False,False,False,True
1.0,470,11,4.9263479368027125,4281.747368421053,87.5,2188,6.320059610463039,0,0,0,0,0,0,0,7638.297872340425,0.8886641126398388,0.00021114724319909174,6.154858094016418,8.94106097641124,True,False,False,False,False,False
1.0,2313,47,6.893698780940906,27013.16508274137,67.76859504132231,3067,6.382521258497842,0,0,0,0,0,0,0,3030.696065715521,0.3902922829787633,0.0021091552191202637,7.746732907753622,8.01687749955942,False,False,False,True,False,False
1.0,2216,23,6.833536141119613,29121.434196846898,73.41772151898735,1572,6.528145312958054,0,0,0,0,0,0,0,3384.476534296029,0.38249375632476623,0.0021621843037304043,7.7039102096163115,8.127249953664352,False,False,False,False,True,False
12.0,32835,8,6.861381761393733,31358.44646799801,81.35838150289018,3549,6.881313711751069,0,0,0,0,0,0,0,224.7601644586569,0.34871731190584043,0.031651396030153385,10.399280753468156,5.419473216571004,False,False,False,False,False,True
1.0,126,14,6.794607080130419,17996.367678958784,0.0,2188,6.320059610463039,0,0,0,0,0,0,0,47619.04761904762,0.8886641126398388,8.946792100867669e-05,4.844187086458591,10.771009120020354,True,False,False,False,False,False
1.0,3374,6,6.725546669549467,37210.904751308764,76.15894039735099,3067,6.382521258497842,0,0,0,0,0,0,0,1567.8719620628335,0.3902922829787633,0.002322689168046991,8.12415060330663,7.358112144599377,False,False,False,True,False,False
52.0,784,13,6.788310729601363,20211.94423929099,62.5,3549,6.881313711751069,0,0,0,0,0,0,0,9056.122448979591,1.5111083515919752,0.0007179723894557643,6.665683717782408,9.111306738100227,False,False,False,False,False,True
14.0,243448,33,6.827581385513087,33744.00076432602,83.94518866959811,3549,6.881313711751069,0,0,0,0,0,0,0,29.903716604778026,0.40683686389014717,0.23155134741066902,12.402662753982776,3.430876455142605,False,False,False,False,False,True
1.0,76,21,5.775788441476067,5728.942895299145,100.0,447,5.588299776286353,0,0,0,0,0,0,0,54078.94736842106,0.9078461025802542,3.15039840425479e-05,4.343805421853684,10.898218737499306,False,True,False,False,False,False
1.0,1272,4,6.247142857142856,2525.9285714285716,78.94736842105263,1572,6.528145312958054,0,0,0,0,0,0,0,5078.6163522012575,0.38249375632476623,0.0010643031238233979,7.149131598557407,8.532991016500432,False,False,False,False,True,False
3.0,1586,57,6.195191110040243,2612.9254587155965,65.57377049180327,3067,6.382521258497842,0,0,0,0,0,0,0,3953.3417402269856,1.1708768489362897,0.0012899579690452015,7.369600720526409,8.282569428985925,False,False,False,True,False,False
1.0,265,12,5.60043986026233,568.2241379310345,100.0,2188,6.320059610463039,0,0,0,0,0,0,0,20528.301886792455,0.8886641126398388,0.00017904522509301963,5.583496308781699,9.929608504894746,True,False,False,False,False,False
1.0,10441,53,6.035384615384615,7041.2307692307695,63.03142329020333,1572,6.528145312958054,0,0,0,0,0,0,0,691.5046451489321,0.38249375632476623,0.009840017572047806,9.253591413970497,6.540314945835289,False,False,False,False,True,False
23.0,278,19,6.26522859704693,4177.704926926859,66.66666666666666,3549,6.881313711751069,0,0,0,0,0,0,0,22410.071942446044,0.6683748478195275,0.00021697969777074446,5.631211781821365,10.01731039887037,False,False,False,False,False,True
1.0,1512,34,6.788691683537152,24707.139157730548,81.94444444444444,3067,6.382521258497842,0,0,0,0,0,0,0,3730.1587301587297,0.3902922829787633,0.00110487944756382,7.321849713788356,8.224474115912756,False,False,False,True,False,False
1.0,591,46,6.705092165314741,19457.71498760568,53.333333333333336,2188,6.320059610463039,0,0,0,0,0,0,0,11455.160744500845,0.8886641126398388,0.0005134536592889841,6.3835066348840055,9.346282920570287,True,False,False,False,False,False
3.0,1294,26,6.60684577219806,19993.804937339224,71.42857142857143,3067,6.382521258497842,0,0,0,0,0,0,0,4613.601236476043,1.1708768489362897,0.001000028533725306,7.166265974133638,8.436980737239722,False,False,False,True,False,False
2.0,8734,30,6.767541224610549,31441.719824303393,80.70652173913044,1572,6.528145312958054,0,0,0,0,0,0,0,909.0909090909091,0.7649875126495325,0.009051374074248305,9.075093222568157,6.813544494621113,False,False,False,False,True,False
1.0,883,35,6.153171904926564,3608.7377293577983,71.42857142857143,3067,6.382521258497842,0,0,0,0,0,0,0,6058.890147225367,0.3902922829787633,0.00060791486014502,6.784457062637643,8.709446951378489,False,False,False,True,False,False
12.0,544,41,6.90376052578994,32387.491016135544,58.333333333333336,1572,6.528145312958054,0,0,0,0,0,0,0,11801.470588235294,4.589925075897194,0.0004470036577075139,6.300785794663244,9.37606416042287,False,False,False,False,True,False
13.0,3005,23,6.5376908176509945,19101.935611835746,70.2127659574468,3549,6.881313711751069,0,0,0,0,0,0,0,2252.911813643927,0.3777770878979938,0.002648725207777196,8.00836557031292,7.720422569452767,False,False,False,False,False,True
1.0,737,14,6.195191110040243,2612.9254587155965,63.63636363636363,3067,6.382521258497842,0,0,0,0,0,0,0,7788.331071913162,0.3902922829787633,0.000543414236301208,6.6039438246004725,8.96051026507674,False,False,False,True,False,False
50.0,1794,53,6.877545578079942,23761.340998626038,73.4375,3549,6.881313711751069,0,0,0,0,0,0,0,4096.989966555184,1.4529887996076685,0.0017135007857081723,7.492760300922379,8.318251880419856,False,False,False,False,False,True
1.0,72,32,5.879225467208256,3053.415760869565,0.0,447,5.588299776286353,0,0,0,0,0,0,0,67916.66666666667,0.9078461025802542,3.6693614320013034e-05,4.290459441148391,11.126051466252983,False,True,False,False,False,False
1.0,525,17,6.861817802177495,23547.698609221115,75.0,2188,6.320059610463039,0,0,0,0,0,0,0,10019.047619047618,0.8886641126398388,0.00035149721409670145,6.26530121273771,9.212343127027525,True,False,False,False,False,False
1.0,962,63,6.626533453023366,14228.317337363127,68.18181818181817,2188,6.320059610463039,0,0,0,0,0,0,0,6860.70686070686,0.8886641126398388,0.0008202493930106413,6.870053411798126,8.833711503285102,True,False,False,False,False,False
2.0,40,15,6.335061635687324,10311.636352657004,0.0,1572,6.528145312958054,0,0,0,0,0,0,0,143750.0,0.7649875126495325,2.07432098821242e-05,3.713572066704308,11.87583791515714,False,False,False,False,True,False
12.37420167311325,414,38,6.195191110040243,2612.9254587155965,0.0,3067,6.382521258497842,0,0,0,0,0,0,0,15314.009661835747,4.829555421039003,0.0003336314023106847,6.028278520230698,9.636588650140705,False,False,False,True,False,False
25.0,633817,9,6.828884411320277,35275.943456555615,85.90725895743833,3549,6.881313711751069,0,0,0,0,0,0,0,13.331923883392209,0.7264943998038342,0.6997485298594448,13.359517125961904,2.662489488473553,False,False,False,False,False,True
5.0,5072,33,6.5004185244497705,20155.465753424658,80.1762114537445,1572,6.528145312958054,0,0,0,0,0,0,0,1480.678233438486,1.912468781623831,0.004967448618709669,8.53168763756669,7.300930665844578,False,False,False,False,True,False
1.0,222,79,6.572705399610349,19476.064269900573,50.0,1572,6.528145312958054,0,0,0,0,0,0,0,25405.405405405403,0.38249375632476623,0.0001542834242323652,5.407171771460119,10.142756602529438,False,False,False,False,True,False
1.0,1186,51,6.195191110040243,2612.9254587155965,73.33333333333333,3067,6.382521258497842,0,0,0,0,0,0,0,5075.885328836424,0.3902922829787633,0.0009235350558238775,7.079184394609668,8.532453228290196,False,False,False,True,False,False
240.0,82,26,6.40169871215857,11208.264643466027,50.0,3549,6.881313711751069,0,0,0,0,0,0,0,89390.24390243902,6.974346238116809,6.922418195554354e-05,4.418840607796598,11.400778013439146,False,False,False,False,False,True
12.37420167311325,7207,19,6.6819426705842195,18722.56480948544,0.0,3549,6.881313711751069,0,0,0,0,0,0,0,922.7140280283058,0.35959152870240046,0.006252552374298791,8.882946799288174,6.828402530262835,False,False,False,False,False,True
1.0,762,12,5.879225467208256,3053.415760869565,90.0,1572,6.528145312958054,0,0,0,0,0,0,0,8293.963254593176,0.38249375632476623,0.0006199077142026365,6.637258031284457,9.023403772788715,False,False,False,False,True,False
1.0,22774,50,7.01238591944557,47042.067668875614,72.67904509283821,1572,6.528145312958054,0,0,0,0,0,0,0,346.008606305436,0.38249375632476623,0.0234379856005023,10.03341872212816,5.849349581672251,False,False,False,False,True,False
1.0,628,22,6.794607080130419,17996.367678958784,40.0,2188,6.320059610463039,0,0,0,0,0,0,0,10334.394904458599,0.8886641126398388,0.000523207080744492,6.444131256700441,9.243329681783413,True,False,False,False,False,False
40.0,361,27,6.729787773295392,21881.950809788497,66.66666666666666,610,5.665348780241979,0,0,0,0,0,0,0,17202.216066481993,5.515257667465269,0.00028359693819297887,5.8916442118257715,9.752851625932268,False,False,True,False,False,False
1.0,9464,15,6.836758763437189,40991.39011557125,74.6938775510204,3067,6.382521258497842,0,0,0,0,0,0,0,672.0202874049028,0.3902922829787633,0.00785497353848984,9.155356063643422,6.511775473922781,False,False,False,True,False,False
24.0,14955,26,6.700655214370671,25928.13686324404,78.0241935483871,3549,6.881313711751069,0,0,0,0,0,0,0,480.7756603142762,0.6974346238116809,0.014039597831849014,9.612867836097005,6.177478570669472,False,False,False,False,False,True
2.0,963,27,6.5004185244497705,20155.465753424658,54.54545454545454,1572,6.528145312958054,0,0,0,0,0,0,0,7061.266874350987,0.7649875126495325,0.0008462759376045752,6.871091294610546,8.862521365968435,False,False,False,False,True,False
13.0,103,28,6.801279969075106,30451.704393992975,0.0,3549,6.881313711751069,0,0,0,0,0,0,0,55048.54368932039,0.3777770878979938,6.69965083344262e-05,4.6443908991413725,10.915988853094136,False,False,False,False,False,True
1.0,116,12,6.8393549963377245,31403.66763082611,100.0,2188,6.320059610463039,0,0,0,0,0,0,0,51637.93103448276,0.8886641126398388,8.147704014841063e-05,4.762173934797756,10.852031144407105,True,False,False,False,False,False
73.0,22480,15,6.846428983406856,34097.24417562038,78.2435129740519,3549,6.881313711751069,0,0,0,0,0,0,0,292.7046263345196,2.121363647427196,0.01931702196794816,10.02042578700401,5.682574589985586,False,False,False,False,False,True
1.0,677,13,6.22747829422649,6094.346320346321,76.19047619047619,3067,6.382521258497842,0,0,0,0,0,0,0,7725.258493353029,0.3902922829787633,0.00045330516496537256,6.519147287940395,8.952380000258175,False,False,False,True,False,False
1.0,185,11,5.879225467208256,3053.415760869565,50.0,447,5.588299776286353,0,0,0,0,0,0,0,28432.43243243243,0.9078461025802542,0.00011783319626642296,5.225746673713202,10.25532093011974,False,True,False,False,False,False
12.0,208796,13,6.903751145884469,41056.43308037809,81.15942028985508,3549,6.881313711751069,0,0,0,0,0,0,0,35.584972892201,0.34871731190584043,0.2026834201383645,12.249117767071311,3.5996375793818034,False,False,False,False,False,True
1.0,1472,48,6.626533453023366,14228.317337363127,72.09302325581395,2188,6.320059610463039,0,0,0,0,0,0,0,4646.739130434782,0.8886641126398388,0.001306193202133767,7.29505641646263,8.44413617183507,True,False,False,False,False,False
1.0,715,28,6.790816964622494,34147.741176602874,88.88888888888889,3067,6.382521258497842,0,0,0,0,0,0,0,8013.986013986015,0.3902922829787633,0.0005259808937049801,6.573680166960646,8.98906832006222,False,False,False,True,False,False
12.0,7713,41,6.195191110040243,2612.9254587155965,73.05389221556887,3067,6.382521258497842,0,0,0,0,0,0,0,978.8668481784,4.683507395745159,0.007599164746346179,8.950792138768174,6.887416693227847,False,False,False,True,False,False
4.0,1442,16,6.630766456365194,26180.739900914632,68.42105263157895,3067,6.382521258497842,0,0,0,0,0,0,0,4348.127600554785,1.5611691319150531,0.0011719918717411299,7.274479558773871,8.377730552372968,False,False,False,True,False,False
1.0,102,30,6.26522859704693,4177.704926926859,0.0,3067,6.382521258497842,0,0,0,0,0,0,0,65392.15686274509,0.3902922829787633,7.958253765537829e-05,4.634728988229636,11.088172896844432,False,False,False,True,False,False
1.0,816,8,6.106210567052468,33784.67164179104,91.66666666666666,610,5.665348780241979,0,0,0,0,0,0,0,3272.0588235294117,0.13788144168663172,0.000275353892518123,6.705639094860003,8.093480246698192,False,False,True,False,False,False
1.0,67778,23,6.672161246825706,50621.05870207449,81.13404755683304,2188,6.320059610463039,0,0,0,0,0,0,0,103.4258904069167,0.8886641126398388,0.06206815356405811,11.124007691437571,4.648477637106922,True,False,False,False,False,False
2.0,921,11,6.751797143671785,26268.564264907767,82.35294117647058,3067,6.382521258497842,0,0,0,0,0,0,0,6134.636264929425,0.7805845659575266,0.0006705771632938691,6.826545223556594,8.721869062432376,False,False,False,True,False,False
2.0,1628,12,6.195191110040243,2612.9254587155965,72.22222222222221,3067,6.382521258497842,0,0,0,0,0,0,0,3912.7764127764126,0.7805845659575266,0.0013456354374852568,7.395721608602045,8.272258021331075,False,False,False,True,False,False
2.0,2856,22,6.195191110040243,2612.9254587155965,59.84251968503938,3067,6.382521258497842,0,0,0,0,0,0,0,2142.857142857143,0.7805845659575266,0.00227438066102811,7.957527402230773,7.670361888840676,False,False,False,True,False,False
1.0,121,10,6.40169871215857,11208.264643466027,50.0,1572,6.528145312958054,0,0,0,0,0,0,0,46859.5041322314,0.38249375632476623,8.033119277848691e-05,4.804021044733257,10.754930470267498,False,False,False,False,True,False
1.0,128,64,6.22747829422649,6094.346320346321,100.0,1572,6.528145312958054,0,0,0,0,0,0,0,38593.75,0.38249375632476623,7.330846801983256e-05,4.859812404361672,10.56087153583998,False,False,False,False,True,False
1.0,358,29,6.432021861785729,16170.136601661248,57.14285714285714,3067,6.382521258497842,0,0,0,0,0,0,0,15502.793296089385,0.3902922829787633,0.0002502915843654703,5.883322388488279,9.648840001746095,False,False,False,True,False,False
35.0,16942,24,6.630792347570889,28456.822347434074,80.92485549132948,610,5.665348780241979,0,0,0,0,0,0,0,446.22830834612205,4.82585045903211,0.01672522758077689,9.737610048158107,6.103069221148094,False,False,True,False,False,False
1.0,4498,23,6.886595082004575,32997.9026728846,80.29556650246306,3067,6.382521258497842,0,0,0,0,0,0,0,1440.6402845709204,0.3902922829787633,0.0037989090285797736,8.411610428841172,7.273536830810835,False,False,False,True,False,False
26.0,645,19,6.58558055977916,14312.419903361644,65.51724137931035,3549,6.881313711751069,0,0,0,0,0,0,0,9968.992248062015,0.7555541757959876,0.0005325659230600717,6.470799503782602,9.207335085429204,False,False,False,False,False,True
1.0,77,13,5.775788441476067,5728.942895299145,100.0,447,5.588299776286353,0,0,0,0,0,0,0,49870.12987012987,0.9078461025802542,2.932465289883897e-05,4.356708826689592,10.81719755459252,False,True,False,False,False,False
1.0,3721,39,6.840251681496053,25832.24658064923,81.17647058823529,2188,6.320059610463039,0,0,0,0,0,0,0,1744.1547970975546,0.8886641126398388,0.0031459262813692645,8.222016437202196,7.464598539640549,True,False,False,False,False,False
26.0,632,19,6.7880059546231815,25282.67944660047,78.57142857142857,3549,6.881313711751069,0,0,0,0,0,0,0,10363.924050632912,0.7555541757959876,0.000531553344141382,6.450470422144176,9.246182697359474,False,False,False,False,False,True
1.0,32266,35,6.909654882850925,33882.26471045986,84.49848024316108,2188,6.320059610463039,0,0,0,0,0,0,0,271.18328891092796,0.8886641126398388,0.0368782892118263,10.38180031512171,5.606475695646967,True,False,False,False,False,False
3.0,890,13,6.153171904926564,3608.7377293577983,68.42105263157895,3067,6.382521258497842,0,0,0,0,0,0,0,6471.91011235955,1.1708768489362897,0.0006604840379430588,6.792344427470809,8.775381071898735,False,False,False,True,False,False
1.0,1039,16,6.350998971226217,15367.081864443144,78.04878048780488,610,5.665348780241979,0,0,0,0,0,0,0,5899.90375360924,0.13788144168663172,0.0008228455147028173,6.946975992135418,8.682860796741007,False,False,True,False,False,False
2.0,393,16,6.195191110040243,2612.9254587155965,60.0,3067,6.382521258497842,0,0,0,0,0,0,0,13078.880407124681,0.7805845659575266,0.0002546188893702449,5.976350909297934,9.478830481783204,False,False,False,True,False,False
65.0,213,21,6.653144694641815,22499.37755088202,33.33333333333333,3549,6.881313711751069,0,0,0,0,0,0,0,30469.483568075117,1.888885439489969,0.0001713065090473434,5.365976015021851,10.324513742154943,False,False,False,False,False,True
2.0,75,44,6.662948251583755,24178.094281909634,100.0,1572,6.528145312958054,0,0,0,0,0,0,0,76000.0,0.7649875126495325,4.654764039066815e-05,4.330733340286331,11.23850177707664,False,False,False,False,True,False
1.0,63,24,6.200225700698335,7476.477735322658,0.0,2188,6.320059610463039,0,0,0,0,0,0,0,95238.09523809524,0.8886641126398388,4.008020084548878e-05,4.1588830833596715,11.464145800745671,True,False,False,False,False,False
1.0,1356,36,6.641021319571842,16152.718007620264,80.0,2188,6.320059610463039,0,0,0,0,0,0,0,5516.22418879056,0.8886641126398388,0.001315913959753188,7.213031659834869,8.615630148442925,True,False,False,False,False,False
12.0,15152,31,6.878017135367632,26974.89042611774,79.06403940886699,3549,6.881313711751069,0,0,0,0,0,0,0,453.40549102428724,0.34871731190584043,0.013591161252427597,9.625953811136162,6.11898995145428,False,False,False,False,False,True
12.0,23469,14,6.885145721113196,36258.768723581044,0.0,3549,6.881313711751069,0,0,0,0,0,0,0,249.69108185265674,0.34871731190584043,0.017959505100861566,10.063478288845069,5.524221431546499,False,False,False,False,False,True
26.0,1059,23,6.78725442597025,25218.24112606168,60.0,3549,6.881313711751069,0,0,0,0,0,0,0,6185.080264400377,0.7555541757959876,0.0008969767439784511,6.966024187106113,8.730056928330637,False,False,False,False,False,True
6.0,690,35,6.779782172998328,33631.42093373494,81.81818181818183,3067,6.382521258497842,0,0,0,0,0,0,0,10014.492753623188,2.3417536978725795,0.0006136440969946387,6.53813982376767,9.21188844844954,False,False,False,True,False,False
1.0,455,36,6.823146793508421,28887.7305772393,80.0,1572,6.528145312958054,0,0,0,0,0,0,0,13252.747252747253,0.38249375632476623,0.0003491650162001065,6.1224928095143865,9.49203560295882,False,False,False,False,True,False
12.0,423,19,6.912720749983493,31870.5411833135,75.0,3067,6.382521258497842,0,0,0,0,0,0,0,15910.16548463357,4.683507395745159,0.000362640808416062,6.049733455231958,9.674776373496947,False,False,False,True,False,False
39.0,5532,8,6.778581429435354,41607.48217301854,80.20833333333334,3549,6.881313711751069,0,0,0,0,0,0,0,1184.0202458423717,1.1333312636939814,0.004724936620960207,8.618485442898109,7.0775151385223305,False,False,False,False,False,True
1.0,116,33,6.26522859704693,4177.704926926859,20.0,3067,6.382521258497842,0,0,0,0,0,0,0,49137.93103448276,0.3902922829787633,7.70817943645756e-05,4.762173934797756,10.80240689236853,False,False,False,True,False,False
24.0,314,28,6.40169871215857,11208.264643466027,66.66666666666666,3549,6.881313711751069,0,0,0,0,0,0,0,19968.152866242035,0.6974346238116809,0.00024792410952590165,5.752572638825633,9.901944005191718,False,False,False,False,False,True
12.0,46024,27,6.96946932765783,54143.14466831085,0.0,3549,6.881313711751069,0,0,0,0,0,0,0,155.7882843733704,0.34871731190584043,0.0431059213248842,10.736940006101278,5.054896388118286,False,False,False,False,False,True
50.0,190,24,6.541380536432849,17946.242233621168,33.33333333333333,3549,6.881313711751069,0,0,0,0,0,0,0,29157.894736842103,1.4529887996076685,0.00012822029614201406,5.25227342804663,10.280515282003766,False,False,False,False,False,True
24.0,38336,15,6.903793792576419,38895.857709667805,80.51779935275081,3549,6.881313711751069,0,0,0,0,0,0,0,192.508347245409,0.6974346238116809,0.03695566069364174,10.554170766276814,5.2653206497585785,False,False,False,False,False,True
1.0,438,33,6.677693639525605,11247.974150664697,50.0,2188,6.320059610463039,0,0,0,0,0,0,0,10502.28310502283,0.8886641126398388,0.00025393686847275326,6.0844994130751715,9.259443163941294,True,False,False,False,False,False
2.0,1071,2,6.530234432518193,19297.60925388609,61.76470588235294,3067,6.382521258497842,0,0,0,0,0,0,0,5256.7693744164335,0.7805845659575266,0.0007785089301520867,6.977281341630747,8.567462142482382,False,False,False,True,False,False
12.0,3473,30,6.8189263510556275,34153.772964555224,74.63768115942028,3067,6.382521258497842,0,0,0,0,0,0,0,1883.0981860063346,4.683507395745159,0.0029583221920816546,8.153061946801051,7.541204569492947,False,False,False,True,False,False
2.0,12239,39,6.838929313847025,28774.002990642086,78.25396825396825,3067,6.382521258497842,0,0,0,0,0,0,0,589.1004167007109,0.7805845659575266,0.011520136856415163,9.412464556066316,6.380292720215579,False,False,False,True,False,False
77.0,1616,21,6.490336269696487,6754.518842086047,63.41463414634146,3549,6.881313711751069,0,0,0,0,0,0,0,4127.475247524752,2.2376027513958094,0.0013989898539028213,7.388327859577107,8.325663428326552,False,False,False,False,False,True
26.0,422271,22,6.87689765372928,41016.76408276424,83.99932176567005,3549,6.881313711751069,0,0,0,0,0,0,0,19.868757267252548,0.7555541757959876,0.46288346131887725,12.953404935148198,3.038253172945888,False,False,False,False,False,True
13.0,41920,8,6.864963746442797,31606.447152591358,79.25211097708083,3549,6.881313711751069,0,0,0,0,0,0,0,167.93893129770993,0.3777770878979938,0.03854927960728413,10.64354217367223,5.12953729635126,False,False,False,False,False,True
1.0,484,11,6.530234432518193,19297.60925388609,71.42857142857143,3067,6.382521258497842,0,0,0,0,0,0,0,9690.0826446281,0.3902922829787633,0.00028727488613634856,6.184148890937483,9.178961426675496,False,False,False,True,False,False
1787.0,14233,15,6.737398107708471,21077.414877657615,75.22658610271903,3549,6.881313711751069,0,0,0,0,0,0,0,545.211831658821,51.92981969797807,0.014421324405553708,9.563388747859216,6.303006870575078,False,False,False,False,False,True
30.0,22723,17,6.866956441127071,31519.568874496785,76.40791476407914,3549,6.881313711751069,0,0,0,0,0,0,0,309.8182458302161,0.8717932797646011,0.020891617463453617,10.031176913677017,5.739208322787788,False,False,False,False,False,True
6.0,796,17,6.700655214370671,25928.13686324404,65.21739130434783,3549,6.881313711751069,0,0,0,0,0,0,0,8278.89447236181,0.17435865595292022,0.0006760633812030021,6.680854678790215,9.021585502414249,False,False,False,False,False,True
1.0,65,12,4.9263479368027125,4281.747368421053,0.0,2188,6.320059610463039,0,0,0,0,0,0,0,53846.15384615385,0.8886641126398388,2.0416571521256555e-05,4.189654742026425,10.89390482782013,True,False,False,False,False,False
1.0,488,42,6.644427954689881,25008.386065740946,0.0,2188,6.320059610463039,0,0,0,0,0,0,0,13155.737704918032,0.8886641126398388,0.0004000304483078596,6.192362489474872,9.484689279385256,True,False,False,False,False,False
1.0,177,12,6.811381012264531,21571.417856805947,50.0,2188,6.320059610463039,0,0,0,0,0,0,0,34237.28813559321,0.8886641126398388,0.00013083601613584218,5.181783550292085,10.441099832965916,True,False,False,False,False,False
43.0,189,19,6.5004185244497705,20155.465753424658,50.0,3549,6.881313711751069,0,0,0,0,0,0,0,37724.86772486773,1.2495703676625949,0.00016675970306406575,5.247024072160486,10.538101284693399,False,False,False,False,False,True
1.0,75,48,6.5264888547538815,17281.5837709483,0.0,2188,6.320059610463039,0,0,0,0,0,0,0,71733.33333333333,0.8886641126398388,4.3411912126338755e-05,4.330733340286331,11.180724759024935,True,False,False,False,False,False
1.0,75660,41,6.938714337195415,38044.34540450104,74.7301411569333,2188,6.320059610463039,0,0,0,0,0,0,0,100.71371927042031,0.8886641126398388,0.07531731363281614,11.234018115123202,4.622162193370569,True,False,False,False,False,False
13.0,25564,26,6.700655214370671,25928.13686324404,80.98290598290599,3549,6.881313711751069,0,0,0,0,0,0,0,276.1696135190111,0.3777770878979938,0.02357160943427292,10.148979507514099,5.6246296419673225,False,False,False,False,False,True
52.0,147,8,5.879225467208256,3053.415760869565,0.0,3549,6.881313711751069,0,0,0,0,0,0,0,42380.95238095239,1.5111083515919752,0.00011034795158878003,4.997212273764115,10.654477899212148,False,False,False,False,False,True
20.0,5194,12,6.6659439170014165,25048.711831508786,79.33884297520662,3549,6.881313711751069,0,0,0,0,0,0,0,1228.3403927608779,0.5811955198430674,0.00432031269815869,8.555451903533328,7.114233038476332,False,False,False,False,False,True
1.0,13745,34,5.879225467208256,3053.415760869565,68.56240126382306,1572,6.528145312958054,0,0,0,0,0,0,0,540.5602037104402,0.38249375632476623,0.013333915251496116,9.52850315168155,6.294454239781726,False,False,False,False,True,False
1.0,7197,24,6.8000853157978725,26808.90982932321,78.57142857142857,2188,6.320059610463039,0,0,0,0,0,0,0,883.7015423092955,0.8886641126398388,0.005971169105052638,8.881558488638976,6.785250347801142,True,False,False,False,False,False
1.0,81,61,6.490336269696487,6754.518842086047,0.0,2188,6.320059610463039,0,0,0,0,0,0,0,58518.51851851852,0.8886641126398388,4.08562935909103e-05,4.406719247264253,10.977115627460407,True,False,False,False,False,False
13.0,21516,19,6.885625457752329,35080.36109154519,77.43467933491686,3549,6.881313711751069,0,0,0,0,0,0,0,326.26882320133853,0.3777770878979938,0.01972517881126082,9.976598599353451,5.790781922467657,False,False,False,False,False,True
2.0,1818,17,6.585959140352191,24290.948183903252,62.5,3067,6.382521258497842,0,0,0,0,0,0,0,3377.3377337733773,0.7805845659575266,0.001449135375063222,7.506042178518122,8.125139072764762,False,False,False,True,False,False
13.0,8788,24,6.767541224610549,31441.719824303393,77.99511002444987,3549,6.881313711751069,0,0,0,0,0,0,0,773.7824305871643,0.3777770878979938,0.007798446810311529,9.081256218564645,6.652582255213738,False,False,False,False,False,True
2.0,72,41,6.5264888547538815,17281.5837709483,50.0,3067,6.382521258497842,0,0,0,0,0,0,0,70416.66666666667,0.7805845659575266,3.838690758275091e-05,4.290459441148391,11.162199457633907,False,False,False,True,False,False
1.0,136,15,6.788310729601363,20211.94423929099,80.0,2188,6.320059610463039,0,0,0,0,0,0,0,38529.41176470588,0.8886641126398388,8.380270527778826e-05,4.919980925828125,10.559203124422842,True,False,False,False,False,False
2.0,7418,37,6.533460182210016,19019.27368589906,73.5576923076923,3067,6.382521258497842,0,0,0,0,0,0,0,874.8988945807496,0.7805845659575266,0.00628080920562073,8.911799556189527,6.775250667130057,False,False,False,True,False,False
13.0,33086,10,6.825447937838175,42641.708609077294,85.31157270029674,3549,6.881313711751069,0,0,0,0,0,0,0,229.40216405730519,0.3777770878979938,0.03280122054875901,10.406895734974256,5.439826321387457,False,False,False,False,False,True
3.0,4684,40,6.6895706804849455,34566.09278487107,78.82352941176471,1572,6.528145312958054,0,0,0,0,0,0,0,1505.123825789923,1.1474812689742986,0.0043052193927797175,8.452121194672523,7.31729462661988,False,False,False,False,True,False
1.0,1228,32,6.638243832197137,24791.843889668748,80.0,2188,6.320059610463039,0,0,0,0,0,0,0,5521.172638436482,0.8886641126398388,0.0010785079728608097,7.113956109566034,8.616526655753026,True,False,False,False,False,False
1.0,273,47,6.7728198451635695,10867.081901989324,33.33333333333333,2188,6.320059610463039,0,0,0,0,0,0,0,24358.97435897436,0.8886641126398388,0.00022789072557716724,5.6131281063880705,10.10069666923602,True,False,False,False,False,False
7.0,2198,39,6.724853159353965,27403.899919904314,73.75,1572,6.528145312958054,0,0,0,0,0,0,0,2852.5932666060053,2.6774562942733633,0.001791313882587506,7.695757990554761,7.9563342744280785,False,False,False,False,True,False
1.0,1034,50,6.66391737475365,18028.293509500556,70.0,2188,6.320059610463039,0,0,0,0,0,0,0,7185.68665377176,0.8886641126398388,0.0009944678422698953,6.942156705699469,8.879985517488029,True,False,False,False,False,False
6.0,1017,12,6.195191110040243,2612.9254587155965,54.54545454545454,3067,6.382521258497842,0,0,0,0,0,0,0,5762.04523107178,2.3417536978725795,0.0007693486839599144,6.925595197110468,8.65922129993472,False,False,False,True,False,False
1.0,44,18,6.548792989998894,10128.71560623309,0.0,3067,6.382521258497842,0,0,0,0,0,0,0,189318.18181818182,0.3902922829787633,3.858027749238455e-05,3.8066624897703196,12.15118966232366,False,False,False,True,False,False
1.0,2988,14,6.818850027557036,32897.64530706629,76.10619469026548,1572,6.528145312958054,0,0,0,0,0,0,0,2155.2878179384206,0.38249375632476623,0.0025048566884563203,8.002694162283937,7.676143419379918,False,False,False,False,True,False
1.0,108,88,6.8059761534885554,20214.78450714711,0.0,1572,6.528145312958054,0,0,0,0,0,0,0,64814.81481481481,0.38249375632476623,8.946792100867669e-05,4.6913478822291435,11.079304908347776,False,False,False,False,True,False
1.0,29969,13,6.87795926287492,31020.282932725175,50.0,2188,6.320059610463039,0,0,0,0,0,0,0,252.26066935833697,0.8886641126398388,0.02959270419209387,10.307952160310709,5.534419271988002,True,False,False,False,False,False
3.0,1220,17,6.638243832197137,24791.843889668748,70.37037037037037,3067,6.382521258497842,0,0,0,0,0,0,0,5090.163934426229,1.1708768489362897,0.0009805635005244813,7.107425474110705,8.535261754214037,False,False,False,True,False,False
1.0,44589,36,6.890338018266329,37092.949163754354,81.2394366197183,2188,6.320059610463039,0,0,0,0,0,0,0,165.73594384265178,0.8886641126398388,0.04304328907246454,10.705264897621522,5.116411386446036,True,False,False,False,False,False
1.0,147,60,6.821390774229094,30158.34524129855,0.0,3067,6.382521258497842,0,0,0,0,0,0,0,44625.85034013605,0.3902922829787633,0.00011668604234305579,4.997212273764115,10.706090982427053,False,False,False,True,False,False
1.0,4637,46,6.724256288854555,24131.374187315396,68.29268292682927,3067,6.382521258497842,0,0,0,0,0,0,0,1470.7785205952123,0.3902922829787633,0.00412258151313074,8.442038517815478,7.294226826416181,False,False,False,True,False,False
1.0,19565,55,6.797217703082447,29742.06310700886,77.73654916512059,2188,6.320059610463039,0,0,0,0,0,0,0,388.4487605417838,0.8886641126398388,0.019418358253023738,9.881548645017373,5.96473230477464,True,False,False,False,False,False
12.0,52687,51,6.8697529348725315,42849.46123163532,81.57894736842105,3549,6.881313711751069,0,0,0,0,0,0,0,130.5824966310475,0.34871731190584043,0.04735149879866278,10.872143004616145,4.87963400572201,False,False,False,False,False,True
1.0,1661,14,6.794607080130419,17996.367678958784,82.35294117647058,2188,6.320059610463039,0,0,0,0,0,0,0,3822.998193859121,0.8886641126398388,0.0013687601268812424,7.415776975415394,8.249051801854005,True,False,False,False,False,False
1.0,1235,16,6.7407259017789665,23722.207782142654,66.66666666666666,1572,6.528145312958054,0,0,0,0,0,0,0,4890.688259109312,0.38249375632476623,0.0009653029563047449,7.119635638017636,8.495292770146413,False,False,False,False,True,False
2.0,179,17,6.759224938434093,21326.030644316394,0.0,3067,6.382521258497842,0,0,0,0,0,0,0,31340.78212290503,0.7805845659575266,0.00012189527092217301,5.19295685089021,10.352707378457474,False,False,False,True,False,False
1.0,33862,38,6.872724838781157,34495.98883480793,75.58275058275058,3067,6.382521258497842,0,0,0,0,0,0,0,240.9780875317465,0.3902922829787633,0.036092582846167724,10.4300782518805,5.488847174667547,False,False,False,True,False,False
2.0,7297,18,6.836335151609738,23693.80092663136,76.30979498861048,3067,6.382521258497842,0,0,0,0,0,0,0,944.223653556256,0.7805845659575266,0.00655956368933862,8.895355616996392,6.851421569921615,False,False,False,True,False,False
12.0,1123,41,6.5004185244497705,20155.465753424658,84.61538461538461,3549,6.881313711751069,0,0,0,0,0,0,0,6598.397150489759,0.34871731190584043,0.0010779317827922393,7.024649030453636,8.794733583007805,False,False,False,False,False,True
51.0,1220,47,6.698349863309581,21482.950268016677,78.26086956521739,1572,6.528145312958054,0,0,0,0,0,0,0,5622.950819672131,19.507181572563077,0.0010841731885916984,7.107425474110705,8.63478968872825,False,False,False,False,True,False
12.37420167311325,51,27,6.5004185244497705,20155.465753424658,0.0,610,5.665348780241979,0,0,0,0,0,0,0,81764.70588235294,1.706172766409985,1.8478952764589685e-05,3.9512437185814275,11.311613191191697,False,False,True,False,False,False
4.0,2237,26,6.5004185244497705,20155.465753424658,63.73626373626373,3067,6.382521258497842,0,0,0,0,0,0,0,2981.671881984801,1.5611691319150531,0.0019401734360624395,7.71333788887187,8.000574782482447,False,False,False,True,False,False
1.0,49949,64,6.865589542548404,33463.98869472837,72.96093214530501,2188,6.320059610463039,0,0,0,0,0,0,0,125.72824280766382,0.8886641126398388,0.04097462431197103,10.8187777840767,4.842044973359588,True,False,False,False,False,False
156.0,86,22,6.810822042773845,24117.603479967904,0.0,3549,6.881313711751069,0,0,0,0,0,0,0,76744.18604651162,4.533325054775926,6.485245413369097e-05,4.465908118654584,11.248245940961283,False,False,False,False,False,True
12.0,19246,15,6.656742855195437,29739.858682497972,77.4798927613941,3549,6.881313711751069,0,0,0,0,0,0,0,295.6458484879975,0.34871731190584043,0.014298725269739089,9.865110483415124,5.6925389979598275,False,False,False,False,False,True
1.0,132,47,4.9263479368027125,4281.747368421053,100.0,2188,6.320059610463039,0,0,0,0,0,0,0,37272.72727272727,0.8886641126398388,7.554528751505419e-05,4.890349128221754,10.526043994790514,True,False,False,False,False,False
13.0,76291,9,6.818850027557036,32897.64530706629,80.24213075060533,3549,6.881313711751069,0,0,0,0,0,0,0,85.9865514936231,0.3777770878979938,0.06537963678449626,11.242323362496316,4.465753526172714,False,False,False,False,False,True
1.0,365,43,6.794607080130419,17996.367678958784,75.0,2188,6.320059610463039,0,0,0,0,0,0,0,18465.753424657538,0.8886641126398388,0.00031211769331049814,5.902633333401366,9.823727282142377,True,False,False,False,False,False
4.0,9163,43,6.842297549793959,30219.74165649517,77.29729729729729,1572,6.528145312958054,0,0,0,0,0,0,0,832.6967150496562,1.529975025299065,0.009125289722205764,9.123038043573386,6.725869685202084,False,False,False,False,True,False
1.0,57,21,5.775788441476067,5728.942895299145,100.0,447,5.588299776286353,0,0,0,0,0,0,0,71754.38596491228,0.9078461025802542,2.115216110993049e-05,4.060443010546419,11.181018196517641,False,True,False,False,False,False
12.0,408357,14,6.9628532979221385,47274.58870887442,82.57153474544779,3549,6.881313711751069,0,0,0,0,0,0,0,18.41525919722204,0.34871731190584043,0.40121295635619947,12.91989951963162,2.9660593134536213,False,False,False,False,False,True
12.0,203618,25,6.876922260876517,38614.15278691432,82.62692128551467,3549,6.881313711751069,0,0,0,0,0,0,0,35.40944317300042,0.34871731190584043,0.1918039455976015,12.224005879540199,3.5948281688267962,False,False,False,False,False,True
1.0,468,25,6.677693639525605,11247.974150664697,72.72727272727273,2188,6.320059610463039,0,0,0,0,0,0,0,9294.871794871795,0.8886641126398388,0.00025668063070404147,6.150602768446279,9.137325687567136,True,False,False,False,False,False
1.0,662,18,6.779782172998328,33631.42093373494,69.56521739130434,2188,6.320059610463039,0,0,0,0,0,0,0,8293.051359516618,0.8886641126398388,0.0004655436510703614,6.4967749901858625,9.023293833157135,True,False,False,False,False,False
2.0,2487,8,6.195191110040243,2612.9254587155965,70.47619047619048,3067,6.382521258497842,0,0,0,0,0,0,0,2408.5243264977885,0.7805845659575266,0.0019370821306151885,7.81923445385907,7.787184632106529,False,False,False,True,False,False
1.0,92,12,5.879225467208256,3053.415760869565,0.0,447,5.588299776286353,0,0,0,0,0,0,0,40217.39130434783,0.9078461025802542,3.516755989803941e-05,4.532599493153256,10.602079665121153,False,True,False,False,False,False
1.0,12944,33,6.795992294212215,28118.12073376913,83.58778625954199,3067,6.382521258497842,0,0,0,0,0,0,0,571.6934487021014,0.3902922829787633,0.012505593032171858,9.468464892185638,6.350350580015544,False,False,False,True,False,False
1.0,11765,43,6.8536771222611135,31464.02259427918,73.6024844720497,1572,6.528145312958054,0,0,0,0,0,0,0,559.2860178495538,0.38249375632476623,0.010105206111362142,9.3729692954244,6.328447399502687,False,False,False,False,True,False
12.0,12409,20,6.816209798699278,28763.70561417164,81.67053364269141,3549,6.881313711751069,0,0,0,0,0,0,0,581.8357643645741,0.34871731190584043,0.011696494133661377,9.426257878198653,6.367905438883941,False,False,False,False,False,True
1.0,7923,32,6.836119669363083,26495.352958536358,73.93364928909952,1572,6.528145312958054,0,0,0,0,0,0,0,1028.6507635996468,0.38249375632476623,0.008427428170765484,8.977651407818442,6.936974959261966,False,False,False,False,True,False
12.0,110470,19,6.748850518355393,39107.421986141715,82.4643384161338,3549,6.881313711751069,0,0,0,0,0,0,0,68.07277994025526,0.34871731190584043,0.10853058157362887,11.612508322056724,4.235160730448689,False,False,False,False,False,True
12.0,16909,17,6.901913240256757,36434.43091705644,80.15873015873017,3549,6.881313711751069,0,0,0,0,0,0,0,423.44313679105807,0.34871731190584043,0.015808931198443427,9.735660441892627,6.050778043400892,False,False,False,False,False,True
12.37420167311325,3628,32,6.911746264844299,40115.966691854046,0.0,3549,6.881313711751069,0,0,0,0,0,0,0,1785.0352790836191,0.35959152870240046,0.0030604815792834323,8.19671240721307,7.4877535143676806,False,False,False,False,False,True
1.0,89,21,5.558589488847307,349.1694444444444,100.0,1572,6.528145312958054,0,0,0,0,0,0,0,70786.51685393258,0.38249375632476623,6.395093225769626e-05,4.499809670330265,11.167437948513964,False,False,False,False,True,False
3.0,5249,53,6.635415443929664,30340.255603985057,64.66666666666666,1572,6.528145312958054,0,0,0,0,0,0,0,1282.1489807582398,1.1474812689742986,0.004606193124357271,8.565983355585669,7.15707247693766,False,False,False,False,True,False
1.0,2862,29,5.7918085106382975,2324.3617021276596,75.0,610,5.665348780241979,0,0,0,0,0,0,0,2368.972746331237,0.13788144168663172,0.0025259758183165787,7.959625305098115,7.770633734624761,False,False,True,False,False,False
20.0,21416,29,6.733959772080677,31834.97690061671,79.49790794979079,610,5.665348780241979,0,0,0,0,0,0,0,315.6518490847964,2.7576288337326345,0.018905948897349673,9.971940278170571,5.757802902467879,False,False,True,False,False,False
1.0,123,62,6.5004185244497705,20155.465753424658,100.0,1572,6.528145312958054,0,0,0,0,0,0,0,46747.96747967479,0.38249375632476623,8.309847297175761e-05,4.820281565605037,10.752547448476673,False,False,False,False,True,False
1.0,5765,36,6.66391737475365,18028.293509500556,64.0,2188,6.320059610463039,0,0,0,0,0,0,0,1271.465741543799,0.8886641126398388,0.005511854161660884,8.659733878198347,7.148711825896297,True,False,False,False,False,False
4.0,280,22,6.510263751421897,20545.19121004566,66.66666666666666,610,5.665348780241979,0,0,0,0,0,0,0,21857.142857142855,0.5515257667465269,0.00021458347875541938,5.638354669333745,9.992328801906671,False,False,True,False,False,False
1.0,5729,17,5.879225467208256,3053.415760869565,69.44444444444444,447,5.588299776286353,0,0,0,0,0,0,0,1279.4554023389771,0.9078461025802542,0.005477376829394583,8.653470809708786,7.1549710767151975,False,True,False,False,False,False
1.0,1902,19,5.879225467208256,3053.415760869565,74.64788732394366,447,5.588299776286353,0,0,0,0,0,0,0,3243.9537329127234,0.9078461025802542,0.001523977369412104,7.551186867296149,8.084856371074364,False,True,False,False,False,False
37.0,1423,6,6.799447922681467,32905.2987075575,71.42857142857143,3549,6.881313711751069,0,0,0,0,0,0,0,4869.992972593113,1.0752117117096747,0.0012791357868729347,7.261225091971921,8.491053091102383,False,False,False,False,False,True
4.0,3935,19,6.801305199251226,43985.0757475695,78.69565217391305,1572,6.528145312958054,0,0,0,0,0,0,0,1575.6035578144854,1.529975025299065,0.003178290916717474,8.277920258172143,7.363028165260636,False,False,False,False,True,False
1.0,1312,10,6.925007357097154,36096.49002669329,82.6086956521739,3067,6.382521258497842,0,0,0,0,0,0,0,4016.768292682927,0.3902922829787633,0.0008940748887805029,7.180069874302796,8.298481876385756,False,False,False,True,False,False
13.0,62582,27,6.911270384486426,35878.121998548755,81.86738836265224,3549,6.881313711751069,0,0,0,0,0,0,0,120.16234700073502,0.3777770878979938,0.0614792716353377,11.044248954712396,4.79713135705705,False,False,False,False,False,True
2.0,2975,35,6.662948251583755,24178.094281909634,60.86956521739131,1572,6.528145312958054,0,0,0,0,0,0,0,2315.9663865546217,0.7649875126495325,0.0026688330652722084,7.998335395952982,7.748014017013644,False,False,False,False,True,False
1.0,116,10,5.775788441476067,5728.942895299145,100.0,447,5.588299776286353,0,0,0,0,0,0,0,50258.62068965517,0.9078461025802542,7.905207695732922e-05,4.762173934797756,10.824957264106414,False,True,False,False,False,False
3.0,15616,45,6.898186709756097,41776.6334883317,72.64150943396226,3067,6.382521258497842,0,0,0,0,0,0,0,491.8032786885246,1.1708768489362897,0.015660302904927988,9.656115343487846,6.20011006538006,False,False,False,True,False,False
1.0,1148,62,6.726465955361014,28171.06659381038,64.70588235294117,2188,6.320059610463039,0,0,0,0,0,0,0,6062.717770034843,0.8886641126398388,0.0010346391344428418,7.046647277848756,8.710078384358303,True,False,False,False,False,False
14.0,2864,14,6.886595082004575,32997.9026728846,77.03703703703704,3067,6.382521258497842,0,0,0,0,0,0,0,2545.391061452514,5.464091961702686,0.0027185879269530115,7.9603236291488395,7.842432365693309,False,False,False,True,False,False
51.0,1466,10,6.869882264560972,35653.58489218956,69.44444444444444,3549,6.881313711751069,0,0,0,0,0,0,0,4665.757162346521,1.4820485755998218,0.0013008311068017637,7.2909747781429814,8.448219711672662,False,False,False,False,False,True
2.0,8206,19,6.808518958862161,33760.4957378189,81.71806167400881,3067,6.382521258497842,0,0,0,0,0,0,0,755.5447233731416,0.7805845659575266,0.006638070566096438,9.012742727629712,6.6287616502822075,False,False,False,True,False,False
7.0,87,26,5.7918085106382975,2324.3617021276596,100.0,610,5.665348780241979,0,0,0,0,0,0,0,41264.36781609195,0.965170091806422,3.150006438221748e-05,4.477336814478207,10.627778875499526,False,False,True,False,False,False
3.0,6156,14,6.824542885368528,23197.59038096752,80.71065989847716,3067,6.382521258497842,0,0,0,0,0,0,0,1086.7446393762184,1.1708768489362897,0.00537155514634757,8.72534492491121,6.991861693412336,False,False,False,True,False,False
24.0,103828,10,7.014811230547079,49135.72364998948,85.95482546201232,3549,6.881313711751069,0,0,0,0,0,0,0,79.65096120506992,0.6974346238116809,0.11217889165868687,11.550500594123315,4.39013072272797,False,False,False,False,False,True
1.0,275,8,5.879225467208256,3053.415760869565,90.0,447,5.588299776286353,0,0,0,0,0,0,0,21054.545454545456,0.9078461025802542,0.00019872845271890394,5.62040086571715,9.954919246436933,False,True,False,False,False,False
2.0,1058,24,6.195191110040243,2612.9254587155965,55.172413793103445,3067,6.382521258497842,0,0,0,0,0,0,0,5576.5595463138,0.7805845659575266,0.0008062692711655061,6.9650803456014065,8.626506602415327,False,False,False,True,False,False
25.0,176475,34,6.9287223551536545,35395.148614757854,81.56445097319134,3549,6.881313711751069,0,0,0,0,0,0,0,49.1854370307409,0.7264943998038342,0.20012894091753874,12.080940168772623,3.9157248856216067,False,False,False,False,False,True
26.0,1387,16,6.6934802647434,16397.500545159935,88.88888888888889,3549,6.881313711751069,0,0,0,0,0,0,0,4866.618601297765,0.7555541757959876,0.001213920478295544,7.23561914106675,8.490360102906934,False,False,False,False,False,True
1.0,2100,7,5.879225467208256,3053.415760869565,76.42276422764228,447,5.588299776286353,0,0,0,0,0,0,0,3228.571428571429,0.9078461025802542,0.001850963273495712,7.650168700845001,8.080104722760506,False,True,False,False,False,False
1.0,2717,34,6.195191110040243,2612.9254587155965,74.11764705882354,3067,6.382521258497842,0,0,0,0,0,0,0,2451.232977548767,0.3902922829787633,0.002354929680818071,7.907651594711089,7.804754307855959,False,False,False,True,False,False
13.0,41685,36,6.911270384486426,35878.121998548755,82.2872340425532,3549,6.881313711751069,0,0,0,0,0,0,0,194.3145016192875,0.3777770878979938,0.0441062735164499,10.637920620001616,5.274611088168959,False,False,False,False,False,True
2.0,38678,26,6.802670926078823,33917.97788887461,74.83443708609272,3067,6.382521258497842,0,0,0,0,0,0,0,206.83592740058947,0.7805845659575266,0.04041859174992636,10.563052096078946,5.336748957852466,False,False,False,True,False,False
38.0,1625,37,6.84893481635392,26310.916343922476,67.85714285714286,3549,6.881313711751069,0,0,0,0,0,0,0,4566.153846153847,1.104271487701828,0.001566069295146952,7.3938782901077555,8.426645499097553,False,False,False,False,False,True
2.0,5600,18,6.195191110040243,2612.9254587155965,71.42857142857143,3067,6.382521258497842,0,0,0,0,0,0,0,1287.5,0.7805845659575266,0.005266032664039113,8.630700432209832,7.1612340300924195,False,False,False,True,False,False
3.0,153,8,6.6658924439485645,31239.369240348693,100.0,610,5.665348780241979,0,0,0,0,0,0,0,38169.93464052287,0.4136443250598951,0.0001074356439632841,5.0369526024136295,10.549829631698934,False,False,True,False,False,False
1.0,3252,11,6.195191110040243,2612.9254587155965,66.15384615384615,3067,6.382521258497842,0,0,0,0,0,0,0,1955.7195571955722,0.3902922829787633,0.002693000384316084,8.087332926473351,7.579024654723408,False,False,False,True,False,False
1.0,72,45,6.653684265572153,12515.698359337468,66.66666666666666,3067,6.382521258497842,0,0,0,0,0,0,0,78055.55555555556,0.3902922829787633,4.35608592188944e-05,4.290459441148391,11.265188914159653,False,False,False,True,False,False
1.0,700,25,6.894307060164043,31925.31414140815,68.0,2188,6.320059610463039,0,0,0,0,0,0,0,7714.285714285716,0.8886641126398388,0.00048456968231418005,6.55250788703459,8.950958797719533,True,False,False,False,False,False
4.0,26,89,6.5004185244497705,20155.465753424658,0.0,1572,6.528145312958054,0,0,0,0,0,0,0,153846.15384615384,1.529975025299065,4.280636494394898e-06,3.295836866004329,11.943714881041558,False,False,False,False,True,False
1.0,45,21,6.548792989998894,10128.71560623309,0.0,3067,6.382521258497842,0,0,0,0,0,0,0,137777.77777777778,0.3902922829787633,2.7145321755130042e-05,3.828641396489095,11.833404618283177,False,False,False,True,False,False
2.0,1657,22,6.195191110040243,2612.9254587155965,66.15384615384615,3067,6.382521258497842,0,0,0,0,0,0,0,3608.9318044659026,0.7805845659575266,0.0012853379960690895,7.4133673356952405,8.191444160418827,False,False,False,True,False,False
1.0,405,24,6.726881389735055,20338.098088288767,86.66666666666667,2188,6.320059610463039,0,0,0,0,0,0,0,17851.85185185185,0.8886641126398388,0.00037327092723213865,6.0063531596017325,9.789918542057048,True,False,False,False,False,False
1.0,92,30,5.558589488847307,349.1694444444444,100.0,2188,6.320059610463039,0,0,0,0,0,0,0,46304.34782608695,0.8886641126398388,4.189892323879982e-05,4.532599493153256,10.743012737207449,True,False,False,False,False,False
6.0,18254,27,6.838929313847025,28774.002990642086,80.5,3067,6.382521258497842,0,0,0,0,0,0,0,390.0514955626164,2.3417536978725795,0.016971768989346016,9.812194294089737,5.968839253519572,False,False,False,True,False,False
12.37420167311325,940,18,6.5264888547538815,17281.5837709483,0.0,3549,6.881313711751069,0,0,0,0,0,0,0,7031.914893617021,0.35959152870240046,0.0008025063972483109,6.846943139585379,8.858356535227694,False,False,False,False,False,True
2.0,2667,20,6.899798396766862,33788.88204251547,55.172413793103445,1572,6.528145312958054,0,0,0,0,0,0,0,2482.189726284215,0.7649875126495325,0.0022974831390155568,7.889084407035514,7.817299192691445,False,False,False,False,True,False
2.0,952,14,6.715834560220714,26770.694814911316,84.84848484848484,3067,6.382521258497842,0,0,0,0,0,0,0,5903.361344537815,0.7805845659575266,0.0006897299302217043,6.859614903654202,8.683446567750586,False,False,False,True,False,False
12.37420167311325,129,60,6.754818962416433,37513.979954289374,0.0,3549,6.881313711751069,0,0,0,0,0,0,0,50202.38753887884,0.35959152870240046,9.984429813531793e-05,4.867534450455582,10.82383778425725,False,False,False,False,False,True
1.0,397,15,6.622168674698795,19841.626506024095,50.0,3067,6.382521258497842,0,0,0,0,0,0,0,15541.561712846347,0.3902922829787633,0.00031073144010697584,5.986452005284438,9.651337456722475,False,False,False,True,False,False
6.0,26025,34,6.772442409641736,30184.409452522297,74.40381558028616,1572,6.528145312958054,0,0,0,0,0,0,0,264.3611911623439,2.294962537948597,0.023384793196711724,10.166851317336702,5.581091883482897,False,False,False,False,True,False
3.0,28485,38,6.832649884582268,25745.561698071866,77.88184438040345,3067,6.382521258497842,0,0,0,0,0,0,0,276.2857644374232,1.1708768489362897,0.029280609077605498,10.257168017494532,5.625048614980225,False,False,False,True,False,False
1.0,20459,35,6.86228723736527,42516.711245754814,81.37931034482759,2188,6.320059610463039,0,0,0,0,0,0,0,370.00830930152995,0.8886641126398388,0.020225890593955496,9.926227039505617,5.91622445939579,True,False,False,False,False,False
4.0,3560,44,6.6755635503297155,29563.17898280345,82.06896551724138,3067,6.382521258497842,0,0,0,0,0,0,0,1828.6516853932583,1.5611691319150531,0.0030187084791319773,8.177796683277778,7.511880891868621,False,False,False,True,False,False
20.0,39,13,5.558589488847307,349.1694444444444,0.0,3549,6.881313711751069,0,0,0,0,0,0,0,123076.92307692306,0.5811955198430674,1.515116114407012e-05,3.6888794541139363,11.720572954715465,False,False,False,False,False,True
24.0,8362,5,6.962751484464189,45076.38077956101,79.48717948717949,3549,6.881313711751069,0,0,0,0,0,0,0,859.8421430279838,0.6974346238116809,0.00784605500468471,9.031572493381526,6.757911146187723,False,False,False,False,False,True
26.0,212,32,6.800166494369348,33094.709865182755,25.0,3549,6.881313711751069,0,0,0,0,0,0,0,33773.58490566038,0.7555541757959876,0.00018901684097358712,5.3612921657094255,10.427463872765028,False,False,False,False,False,True
1.0,111,39,5.558589488847307,349.1694444444444,50.0,3067,6.382521258497842,0,0,0,0,0,0,0,59549.54954954955,0.3902922829787633,8.655561338318077e-05,4.718498871295094,10.994580803112814,False,False,False,True,False,False
20.0,86,14,5.7918085106382975,2324.3617021276596,0.0,3067,6.382521258497842,0,0,0,0,0,0,0,93023.25581395348,7.805845659575265,8.058335759307674e-05,4.465908118654584,11.44061555333282,False,False,False,True,False,False
12.0,23125,19,6.614435089331892,22787.456758114113,84.73205257836199,3549,6.881313711751069,0,0,0,0,0,0,0,304.0,0.34871731190584043,0.02123116849200308,10.048712804688908,5.720311776607412,False,False,False,False,False,True
2.0,2521,34,6.195191110040243,2612.9254587155965,66.66666666666666,3067,6.382521258497842,0,0,0,0,0,0,0,2399.8413328044426,0.7805845659575266,0.001983454325430846,7.8328075165248645,7.783574510241056,False,False,False,True,False,False
10.0,95,30,6.5004185244497705,20155.465753424658,0.0,3549,6.881313711751069,0,0,0,0,0,0,0,57263.15789473685,0.2905977599215337,5.821516264086043e-05,4.564348191467836,10.955430190314399,False,False,False,False,False,True
1.0,202,8,6.5004185244497705,20155.465753424658,60.0,2188,6.320059610463039,0,0,0,0,0,0,0,27376.237623762376,0.8886641126398388,0.00013664233963862544,5.313205979041787,10.217467203459114,True,False,False,False,False,False
35.0,637,43,6.106210567052468,33784.67164179104,71.42857142857143,3549,6.881313711751069,0,0,0,0,0,0,0,10408.163265306122,1.017092159725368,0.0005424905030166742,6.45833828334479,9.250441780406018,False,False,False,False,False,True
26.0,35442,36,6.911270384486426,35878.121998548755,80.15320334261838,3549,6.881313711751069,0,0,0,0,0,0,0,218.38496698831895,0.7555541757959876,0.035832207649739135,10.475681051249266,5.390828026753044,False,False,False,False,False,True
1.0,2380,10,6.289007148338809,2755.141935483871,84.05797101449275,2188,6.320059610463039,0,0,0,0,0,0,0,2668.0672268907565,0.8886641126398388,0.001965286699799388,7.7752758464868625,7.8894843371318055,True,False,False,False,False,False
48.0,1715,35,6.827850625188941,21162.251451633205,75.43859649122807,3549,6.881313711751069,0,0,0,0,0,0,0,3924.1982507288635,1.3948692476233617,0.0014987099323688264,7.447751280047908,8.275172138680773,False,False,False,False,False,True
13.0,194791,44,6.764465840959698,30623.558870542678,82.34385061171925,3549,6.881313711751069,0,0,0,0,0,0,0,38.143446052435685,0.3777770878979938,0.189087797373341,12.179687601585462,3.667233002354798,False,False,False,False,False,True
6.0,4893,25,6.178204441924253,5201.852281796416,69.36936936936937,3067,6.382521258497842,0,0,0,0,0,0,0,1289.5973840179847,2.3417536978725795,0.004024654025989176,8.495765244002618,7.162860478549417,False,False,False,True,False,False
1.0,10030,10,6.507792820003855,33062.52506643506,83.61581920903954,2188,6.320059610463039,0,0,0,0,0,0,0,685.9421734795612,0.8886641126398388,0.009006747434833122,9.213435576883485,6.53225011616081,True,False,False,False,False,False
13.0,97809,8,6.802233338507634,31128.956170776903,80.18501939719486,3549,6.881313711751069,0,0,0,0,0,0,0,73.71509779263667,0.3777770878979938,0.09212921890817273,11.49078210028454,4.313682184068049,False,False,False,False,False,True
25.0,83056,8,6.5792227772955725,24080.491358003215,86.008719778042,3549,6.881313711751069,0,0,0,0,0,0,0,101.25698324022346,0.7264943998038342,0.09125357593623286,11.32728239806388,4.62748908833877,False,False,False,False,False,True
1.0,340,17,6.677693639525605,11247.974150664697,25.0,3067,6.382521258497842,0,0,0,0,0,0,0,17264.705882352944,0.3902922829787633,0.00025145441693015915,5.831882477283517,9.756477494152113,False,False,False,True,False,False
1.0,4028,14,6.778371967850202,34409.560906324456,85.49222797927462,2188,6.320059610463039,0,0,0,0,0,0,0,1715.4915590863952,0.8886641126398388,0.0036272853944592518,8.301273485191347,7.448037695371176,True,False,False,False,False,False
45.0,66646,12,6.843630550882726,35877.66376765234,84.14351851851852,3549,6.881313711751069,0,0,0,0,0,0,0,122.43795576628754,1.3076899196469016,0.07104516608821114,11.107165313341005,4.815738647372473,False,False,False,False,False,True
26.0,7872,29,6.859597488328051,33287.90206199931,81.5028901734104,3549,6.881313711751069,0,0,0,0,0,0,0,1011.1788617886178,0.7555541757959876,0.008177702691454621,8.971194463184467,6.919860575128422,False,False,False,False,False,True
12.0,52542,29,6.873717572593431,40486.40712055816,77.78422273781904,3549,6.881313711751069,0,0,0,0,0,0,0,131.51383654980776,0.34871731190584043,0.04742710382022266,10.8693871609623,4.886687066765181,False,False,False,False,False,True
51.0,1572,39,6.608354723274798,16193.42060482972,76.81159420289855,3549,6.881313711751069,0,0,0,0,0,0,0,4287.531806615777,1.4820485755998218,0.0013750224375357971,7.360739903058278,8.363699717125783,False,False,False,False,False,True
1.0,4852,25,6.542958467678293,16872.417365775556,74.26900584795322,3067,6.382521258497842,0,0,0,0,0,0,0,1545.7543281121186,0.3902922829787633,0.00474524046147174,8.487352349405215,7.343914032604771,False,False,False,True,False,False
1.0,1564,20,6.9044782673925535,29631.63475003431,89.74358974358975,2188,6.320059610463039,0,0,0,0,0,0,0,4443.734015345269,0.8886641126398388,0.0014108899426659516,7.355641102974253,8.399475307090146,True,False,False,False,False,False
3.0,113,49,6.76597389490865,27842.410039991966,0.0,3067,6.382521258497842,0,0,0,0,0,0,0,43628.31858407079,1.1708768489362897,6.347926646460337e-05,4.736198448394496,10.683484647936348,False,False,False,True,False,False
1.0,4277,55,6.936845412583394,37621.02942627365,76.75675675675676,3067,6.382521258497842,0,0,0,0,0,0,0,1720.8323591302315,0.3902922829787633,0.004103555481886922,8.361240889642351,7.451144327827153,False,False,False,True,False,False
64.0,917,23,6.7108808707015255,21486.789917862803,54.54545454545454,3549,6.881313711751069,0,0,0,0,0,0,0,7110.141766630316,1.8598256634978156,0.0007718598796782648,6.822197390620491,8.869418095928685,False,False,False,False,False,True
1.0,103,14,6.22747829422649,6094.346320346321,100.0,2188,6.320059610463039,0,0,0,0,0,0,0,46504.854368932036,0.8886641126398388,5.515390792280886e-05,4.6443908991413725,10.747333484057798,True,False,False,False,False,False
12.0,109,24,6.22747829422649,6094.346320346321,100.0,1572,6.528145312958054,0,0,0,0,0,0,0,32385.32110091743,4.589925075897194,4.096473752671836e-05,4.700480365792417,10.385491424390583,False,False,False,False,True,False
1.0,12690,50,6.759224938434093,21326.030644316394,72.62443438914026,3067,6.382521258497842,0,0,0,0,0,0,0,549.2513790386131,0.3902922829787633,0.011547066229438536,9.448648359810164,6.31037522660718,False,False,False,True,False,False
3.0,1482,5,6.6934802647434,16397.500545159935,83.72093023255815,2188,6.320059610463039,0,0,0,0,0,0,0,4055.330634278003,2.6659923379195165,0.0011544161148195635,7.301822342137932,8.308034059275586,True,False,False,False,False,False
1.0,372,47,6.429001687383052,23463.296875,40.0,1572,6.528145312958054,0,0,0,0,0,0,0,17123.655913978495,0.38249375632476623,0.0003002986108608633,5.921578419643816,9.748274570314173,False,False,False,False,True,False
13.0,1377,18,6.77774989605884,22277.64175189225,82.14285714285714,3549,6.881313711751069,0,0,0,0,0,0,0,4502.541757443719,0.3777770878979938,0.0011061494175108734,7.228388451573604,8.412619423401022,False,False,False,False,False,True
45.0,1385,9,6.638243832197137,24791.843889668748,69.64285714285714,3549,6.881313711751069,0,0,0,0,0,0,0,4519.85559566787,1.3076899196469016,0.001123487381705728,7.234177179749849,8.416456545989943,False,False,False,False,False,True
1.0,89,13,4.9263479368027125,4281.747368421053,0.0,2188,6.320059610463039,0,0,0,0,0,0,0,61797.752808988764,0.8886641126398388,5.464827174018574e-05,4.499809670330265,11.031638462157817,True,False,False,False,False,False
12.37420167311325,3165,14,6.764914539452821,44535.1561884612,0.0,3549,6.881313711751069,0,0,0,0,0,0,0,2046.1636627220757,0.35959152870240046,0.002668719629820278,8.060224240440958,7.62421053494307,False,False,False,False,False,True
276.0,229157,7,6.715661769645538,25410.923923540606,78.41053482730737,3549,6.881313711751069,0,0,0,0,0,0,0,32.42318585074862,8.02049817383433,0.22244925199260532,12.34216700095781,3.5092498462943693,False,False,False,False,False,True
2.0,958,42,6.195191110040243,2612.9254587155965,73.91304347826086,1572,6.528145312958054,0,0,0,0,0,0,0,6294.363256784969,0.7649875126495325,0.0007454544345857246,6.8658910748834385,8.747568650418781,False,False,False,False,True,False
2.0,907,31,6.679564955650962,12937.893013100436,76.92307692307693,1572,6.528145312958054,0,0,0,0,0,0,0,7023.153252480705,0.7649875126495325,0.0007455654916284195,6.811244378601294,8.857109953482501,False,False,False,False,True,False
1.0,819,10,6.662948251583755,24178.094281909634,80.0,610,5.665348780241979,0,0,0,0,0,0,0,6849.816849816851,0.13788144168663172,0.00059100021926585,6.709304340258298,8.832123172295221,False,False,True,False,False,False
1.0,415,57,6.164566264410774,4404.363104307238,50.0,1572,6.528145312958054,0,0,0,0,0,0,0,15734.939759036146,0.38249375632476623,0.0003447619310956106,6.030685260261263,9.663702531835598,False,False,False,False,True,False
2.0,2587,24,6.9991527367920785,29224.91358909553,64.8936170212766,610,5.665348780241979,0,0,0,0,0,0,0,2377.2709702357943,0.27576288337326343,0.0020694255420112104,7.858640655620791,7.7741290195545965,False,False,True,False,False,False
1.0,19960,31,6.5264888547538815,17281.5837709483,71.99055861526357,2188,6.320059610463039,0,0,0,0,0,0,0,343.68737474949904,0.8886641126398388,0.01788075389860982,9.901535648810883,5.842637846073682,True,False,False,False,False,False
1.0,71,28,6.923011299398077,31572.43483239426,0.0,2188,6.320059610463039,0,0,0,0,0,0,0,67323.94366197183,0.8886641126398388,3.50342914468054e-05,4.276666119016055,11.117286080872496,True,False,False,False,False,False
26.0,113993,47,6.931808670495821,31306.620691213997,84.05723045477772,3549,6.881313711751069,0,0,0,0,0,0,0,75.18005491565272,0.7555541757959876,0.1276305127867636,11.643901094412595,4.333099681917259,False,False,False,False,False,True
1.0,838,6,6.195191110040243,2612.9254587155965,54.54545454545454,3067,6.382521258497842,0,0,0,0,0,0,0,6420.047732696897,0.3902922829787633,0.0005797442613503509,6.732210706467206,8.767336581608015,False,False,False,True,False,False
6.0,129,9,6.5004185244497705,20155.465753424658,100.0,1572,6.528145312958054,0,0,0,0,0,0,0,46821.70542635659,2.294962537948597,9.249389878375454e-05,4.867534450455582,10.75412352293715,False,False,False,False,True,False
1.0,754,72,6.66391737475365,18028.293509500556,84.61538461538461,2188,6.320059610463039,0,0,0,0,0,0,0,9840.848806366048,0.8886641126398388,0.0007216673225938991,6.626717749249025,9.194398859223599,True,False,False,False,False,False
1.0,2432,45,6.811522504055452,26330.1366378222,70.58823529411765,3067,6.382521258497842,0,0,0,0,0,0,0,2944.0789473684213,0.3902922829787633,0.0022658096704389428,7.796880342783522,7.98789090298221,False,False,False,True,False,False
12.0,623,25,6.491652989018659,17274.134132470033,100.0,3549,6.881313711751069,0,0,0,0,0,0,0,9518.459069020868,0.34871731190584043,0.00047338427828462834,6.436150368369428,9.161093305690065,False,False,False,False,False,True
52.0,5308,27,6.823242496414123,25161.761028074234,87.17948717948718,3549,6.881313711751069,0,0,0,0,0,0,0,1529.7663903541822,1.5111083515919752,0.005622063251171072,8.57715877258367,7.333523797701806,False,False,False,False,False,True
1.0,533,36,6.815470928920611,21866.42979286939,90.0,1572,6.528145312958054,0,0,0,0,0,0,0,11744.84052532833,0.38249375632476623,0.0004266344895238075,6.280395838960195,9.37125445905588,False,False,False,False,True,False
38.0,1548,19,6.773466911535102,27412.35489619545,72.72727272727273,3549,6.881313711751069,0,0,0,0,0,0,0,4748.062015503876,1.104271487701828,0.0014772628575942567,7.3453648404168685,8.4657024071086,False,False,False,False,False,True
2.0,287,11,6.905395770559648,35389.289840715515,42.857142857142854,3067,6.382521258497842,0,0,0,0,0,0,0,22787.456445993033,0.7805845659575266,0.00023592994891484173,5.662960480135946,10.034009390502943,False,False,False,True,False,False
1.0,109,18,4.9263479368027125,4281.747368421053,0.0,1572,6.528145312958054,0,0,0,0,0,0,0,36972.47706422019,0.38249375632476623,4.8085453793633026e-05,4.700480365792417,10.517956098474357,False,False,False,False,True,False
6.0,5479,26,6.604842707205482,20851.246346539916,69.68503937007874,1572,6.528145312958054,0,0,0,0,0,0,0,1142.5442599014418,2.294962537948597,0.004471980034983642,8.608860379942062,7.04188771835563,False,False,False,False,True,False
12.0,36656,29,6.785034446876445,31667.24053272598,80.56755089450957,3549,6.881313711751069,0,0,0,0,0,0,0,198.8760366652117,0.34871731190584043,0.03490470626507446,10.509359684984632,5.297697357708332,False,False,False,False,False,True
24.0,15653,22,6.920302378165081,27895.059486539896,76.94566813509545,3549,6.881313711751069,0,0,0,0,0,0,0,442.08777870056855,0.6974346238116809,0.014143117367728629,9.658481754364784,6.093767896467744,False,False,False,False,False,True
2.0,60,38,6.829036948424544,17643.015772252504,0.0,1572,6.528145312958054,0,0,0,0,0,0,0,92833.33333333334,0.7649875126495325,3.4357496763087645e-05,4.110873864173311,11.438571821616167,False,False,False,False,True,False
1.0,74,28,6.2680555955337915,8242.158584660134,100.0,447,5.588299776286353,0,0,0,0,0,0,0,59459.45945945946,0.9078461025802542,3.323386080170295e-05,4.31748811353631,10.993066823724714,False,True,False,False,False,False
24.0,297058,17,6.949709288799546,41497.78759085062,83.28103989242493,3549,6.881313711751069,0,0,0,0,0,0,0,26.05551777767305,0.6974346238116809,0.30039723875599644,12.601686051254555,3.297890968877678,False,False,False,False,False,True
12.0,38778,17,6.791142299094434,29644.957148374757,78.6472889882616,3549,6.881313711751069,0,0,0,0,0,0,0,184.64077569756049,0.34871731190584043,0.03626721155320822,10.565634141976286,5.223813492868665,False,False,False,False,False,True
2.0,943,48,6.5004185244497705,20155.465753424658,50.0,1572,6.528145312958054,0,0,0,0,0,0,0,7688.229056203606,0.7649875126495325,0.0008839504061470494,6.8501261661455,8.947575804704682,False,False,False,False,True,False
24.0,2701,16,6.801701699806683,26896.58734917647,61.53846153846154,3549,6.881313711751069,0,0,0,0,0,0,0,2462.0510921880787,0.6974346238116809,0.002337478046473635,7.9017475185201445,7.809156141790112,False,False,False,False,False,True
1.0,193,15,5.558589488847307,349.1694444444444,100.0,2188,6.320059610463039,0,0,0,0,0,0,0,26683.9378238342,0.8886641126398388,0.00012055736019605914,5.267858159063328,10.19185455876099,True,False,False,False,False,False
3.0,1181,14,6.648877665074084,25392.45280093748,77.77777777777779,610,5.665348780241979,0,0,0,0,0,0,0,4606.265876375953,0.4136443250598951,0.0008301060321881834,7.074963197966044,8.435389874661162,False,False,True,False,False,False
52.0,507,23,6.58558055977916,14312.419903361644,54.54545454545454,3549,6.881313711751069,0,0,0,0,0,0,0,12130.1775147929,1.5111083515919752,0.000398082377123645,6.230481447578482,9.403534071817997,False,False,False,False,False,True
2.0,1069,23,6.195191110040243,2612.9254587155965,50.0,3067,6.382521258497842,0,0,0,0,0,0,0,5837.231057062676,0.7805845659575266,0.0008622367944700119,6.975413927455952,8.672183128750545,False,False,False,True,False,False
6.0,75,17,6.779782172998328,33631.42093373494,0.0,3067,6.382521258497842,0,0,0,0,0,0,0,72399.99999999999,2.3417536978725795,4.390186966764023e-05,4.330733340286331,11.189975390433117,False,False,False,True,False,False
13.0,49394,38,6.726881389735055,20338.098088288767,74.69879518072288,3549,6.881313711751069,0,0,0,0,0,0,0,117.42316880592784,0.3777770878979938,0.03742151493701807,10.807604483478574,4.774264385789085,False,False,False,False,False,True
1.0,188,15,5.459667665453769,7695.231857287449,50.0,2188,6.320059610463039,0,0,0,0,0,0,0,25106.382978723403,0.8886641126398388,0.00010663080704210621,5.241747015059643,10.13091722444705,True,False,False,False,False,False
1.0,3586,21,6.741621400639805,25291.837019617848,80.46875,2188,6.320059610463039,0,0,0,0,0,0,0,2007.808142777468,0.8886641126398388,0.00336410894744786,8.185071477532283,7.60529686138826,True,False,False,False,False,False
1.0,24,12,5.775788441476067,5728.942895299145,0.0,447,5.588299776286353,0,0,0,0,0,0,0,181666.66666666666,0.9078461025802542,4.364255914777017e-06,3.2188758248682006,12.109934289549278,False,True,False,False,False,False
1.0,439,12,6.195191110040243,2612.9254587155965,36.36363636363637,3067,6.382521258497842,0,0,0,0,0,0,0,11685.649202733486,0.3902922829787633,0.00028493746202597973,6.0867747269123065,9.366202375459178,False,False,False,True,False,False
12.0,20504,11,6.662948251583755,24178.094281909634,82.12180746561886,3549,6.881313711751069,0,0,0,0,0,0,0,336.5197034724932,0.34871731190584043,0.01847549702607763,9.92842403782616,5.821623889267739,False,False,False,False,False,True
1.0,184,7,6.741621400639805,25291.837019617848,0.0,2188,6.320059610463039,0,0,0,0,0,0,0,31141.304347826088,0.8886641126398388,0.00012844502333429105,5.220355825078324,10.346322442259211,True,False,False,False,False,False
4.0,103,26,6.7436598536310965,23999.600109602416,100.0,3549,6.881313711751069,0,0,0,0,0,0,0,65145.63106796116,0.11623910396861348,8.099230882088304e-05,4.6443908991413725,11.084395870823963,False,False,False,False,False,True
1.0,56,29,6.22747829422649,6094.346320346321,0.0,2188,6.320059610463039,0,0,0,0,0,0,0,98214.28571428571,0.8886641126398388,3.093432674119472e-05,4.04305126783455,11.494917141233898,True,False,False,False,False,False
1.0,151,28,6.241442385702294,9837.82456140351,0.0,1572,6.528145312958054,0,0,0,0,0,0,0,33708.60927152318,0.38249375632476623,9.111287179400616e-05,5.0238805208462765,10.425538217283542,False,False,False,False,True,False
1.0,60,32,6.8393549963377245,31403.66763082611,0.0,3067,6.382521258497842,0,0,0,0,0,0,0,100000.0,0.3902922829787633,3.7728404647241735e-05,4.110873864173311,11.51293546492023,False,False,False,True,False,False
3.0,2005,34,6.195191110040243,2612.9254587155965,60.97560975609756,3067,6.382521258497842,0,0,0,0,0,0,0,3231.920199501247,1.1708768489362897,0.0016882189765770167,7.603897968521881,8.081141094309524,False,False,False,True,False,False
1.0,12909,14,6.84893481635392,26310.916343922476,74.86033519553072,2188,6.320059610463039,0,0,0,0,0,0,0,574.7927802308467,0.8886641126398388,0.012505485894789491,9.465757483840688,6.355747839424312,True,False,False,False,False,False
26.0,1074,19,6.665895077203468,16354.790103057265,61.76470588235294,3549,6.881313711751069,0,0,0,0,0,0,0,5614.525139664805,0.7555541757959876,0.0008368452348496046,6.980075940561763,8.633290387227689,False,False,False,False,False,True
1.0,126,45,6.8275881883992025,26004.088797297114,0.0,1572,6.528145312958054,0,0,0,0,0,0,0,47619.04761904762,0.38249375632476623,8.946792100867669e-05,4.844187086458591,10.771009120020354,False,False,False,False,True,False
55.0,2424,5,6.868572948400319,22026.131219476494,86.53846153846155,3549,6.881313711751069,0,0,0,0,0,0,0,2949.6699669967,1.5982876795684353,0.002255158646767771,7.793586803371584,7.98978753100538,False,False,False,False,False,True
1.0,721,32,5.879225467208256,3053.415760869565,76.92307692307693,447,5.588299776286353,0,0,0,0,0,0,0,8113.73092926491,0.9078461025802542,0.0005417771248365392,6.582025138892826,9.001436322191944,False,True,False,False,False,False
3.0,24456,22,6.821727038440741,34078.8520241264,0.0,3067,6.382521258497842,0,0,0,0,0,0,0,311.57998037291463,1.1708768489362897,0.024338932592981873,10.10467175249591,5.744860373623447,False,False,False,True,False,False
2.0,1748,48,6.7897746032852675,27191.392385729607,78.33333333333333,3067,6.382521258497842,0,0,0,0,0,0,0,3569.794050343249,0.7805845659575266,0.0014158182622547224,7.466799475018602,8.180543273106679,False,False,False,True,False,False
25.0,487,23,6.769866626233298,29245.482223340226,57.14285714285714,3549,6.881313711751069,0,0,0,0,0,0,0,13778.2340862423,0.7264943998038342,0.00041764409527928647,6.1903154058531475,9.530917961473031,False,False,False,False,False,True
1.0,83,19,6.2467029592772985,15632.091049789251,0.0,610,5.665348780241979,0,0,0,0,0,0,0,48192.77108433735,0.13788144168663172,3.407005500552411e-05,4.430816798843313,10.782985061072289,False,False,True,False,False,False
1.0,495,16,6.195191110040243,2612.9254587155965,50.0,3067,6.382521258497842,0,0,0,0,0,0,0,10444.444444444443,0.3902922829787633,0.0003250591051680743,6.206575926724928,9.253921224013544,False,False,False,True,False,False
2.0,313,31,6.882238498533699,25918.566709652645,75.0,1572,6.528145312958054,0,0,0,0,0,0,0,22587.859424920127,0.7649875126495325,0.00027982099874134897,5.749392985908253,10.02521211792266,False,False,False,False,True,False
24.0,318,25,6.67965887931373,19708.917197193277,50.0,3549,6.881313711751069,0,0,0,0,0,0,0,20345.911949685535,0.6974346238116809,0.0002595106254625988,5.765191102784844,9.920684432411809,False,False,False,False,False,True
4.0,65,8,4.83,65.0,0.0,610,5.665348780241979,0,0,0,0,0,0,0,74307.69230769231,0.5515257667465269,3.171172604005971e-05,4.189654742026425,11.215983213199502,False,False,True,False,False,False
11.0,81230,40,6.953545537796405,48691.54605888794,83.43057176196032,3549,6.881313711751069,0,0,0,0,0,0,0,90.48381139972916,0.31965753591368706,0.07799722459732196,11.305052226691863,4.51616203203535,False,False,False,False,False,True
6.0,8847,38,6.662948251583755,24178.094281909634,83.1140350877193,3067,6.382521258497842,0,0,0,0,0,0,0,898.6096982027806,2.3417536978725795,0.009180159740617757,9.087946723762116,6.801961000599284,False,False,False,True,False,False
26.0,134,18,6.192033733782523,14274.946127419527,0.0,3549,6.881313711751069,0,0,0,0,0,0,0,45746.26865671642,0.7555541757959876,9.801539363586121e-05,4.90527477843843,10.730887367428926,False,False,False,False,False,True
12.0,11941,36,6.883380512152217,40718.61410250869,79.01234567901234,3549,6.881313711751069,0,0,0,0,0,0,0,611.3390838288251,0.34871731190584043,0.011379827388674301,9.387816877106937,6.417286187622395,False,False,False,False,False,True
2.0,3463,31,6.195191110040243,2612.9254587155965,75.55555555555556,3067,6.382521258497842,0,0,0,0,0,0,0,1905.8619693907017,0.7805845659575266,0.002976924900009788,8.150179269682326,7.553214221958606,False,False,False,True,False,False
12.37420167311325,20776,23,6.9095318647504085,43015.534783900155,0.0,3549,6.881313711751069,0,0,0,0,0,0,0,311.7110123467159,0.35959152870240046,0.017570058057456584,9.941601884644786,5.745279480814323,False,False,False,False,False,True
4.0,2296,49,6.818032823249103,31021.72354978355,71.42857142857143,1572,6.528145312958054,0,0,0,0,0,0,0,2887.630662020906,1.529975025299065,0.0019795908468985034,7.739359202689098,7.968537849448681,False,False,False,False,True,False
3.0,3958,17,6.195191110040243,2612.9254587155965,71.875,3067,6.382521258497842,0,0,0,0,0,0,0,1523.4967155128854,1.1708768489362897,0.003109009613824003,8.28374674710613,7.329419611957563,False,False,False,True,False,False
13.0,8688,25,6.722785796607942,29090.961140831794,80.98591549295774,3549,6.881313711751069,0,0,0,0,0,0,0,786.1418047882137,0.3777770878979938,0.007743655185106147,9.069813136839207,6.668408416161079,False,False,False,False,False,True
14.0,18072,22,6.903578112062995,29253.312854606425,74.45008460236888,3549,6.881313711751069,0,0,0,0,0,0,0,387.3395307658256,0.40683686389014717,0.01651911616196252,9.802174390835638,5.961880036257975,False,False,False,False,False,True
1.0,108,36,6.845303805487532,29013.2942519885,75.0,2188,6.320059610463039,0,0,0,0,0,0,0,45648.148148148146,0.8886641126398388,6.02586122264484e-05,4.6913478822291435,10.728740225348417,True,False,False,False,False,False
1.0,76,60,6.490336269696487,6754.518842086047,0.0,1572,6.528145312958054,0,0,0,0,0,0,0,84210.52631578947,0.38249375632476623,5.424324017270987e-05,4.343805421853684,11.341087082973061,False,False,False,False,True,False
1.0,102,7,6.7386854344927904,25484.615661672666,0.0,610,5.665348780241979,0,0,0,0,0,0,0,44215.686274509804,0.13788144168663172,5.079655218883447e-05,4.634728988229636,10.696857514346824,False,False,True,False,False,False
12.37420167311325,125,15,6.5004185244497705,20155.465753424658,0.0,3549,6.881313711751069,0,0,0,0,0,0,0,43360.0,0.35959152870240046,7.921147647743263e-05,4.836281906951478,10.677315698578214,False,False,False,False,False,True
52.0,4825,15,6.762569823783621,21797.4802235263,75.28089887640449,3549,6.881313711751069,0,0,0,0,0,0,0,1162.694300518135,1.5111083515919752,0.0035273040053045526,8.481773246184977,7.059354965377654,False,False,False,False,False,True
1.0,629,11,6.490787726957663,22920.866663298973,72.72727272727273,3067,6.382521258497842,0,0,0,0,0,0,0,8235.294117647058,0.3902922829787633,0.00041639633674077207,6.4457198193855785,9.016305778734802,False,False,False,True,False,False
1.0,62,59,6.742832950850793,23421.314913495582,0.0,1572,6.528145312958054,0,0,0,0,0,0,0,91451.6129032258,0.38249375632476623,3.662306043406563e-05,4.143134726391533,11.423576225343327,False,False,False,False,True,False
12.37420167311325,416,33,6.852165520065444,30728.418266800396,0.0,3549,6.881313711751069,0,0,0,0,0,0,0,15567.567289700408,0.35959152870240046,0.0003426859385152861,6.0330862217988015,9.653009243233905,False,False,False,False,False,True
12.0,46093,16,6.764465840959698,30623.558870542678,84.77272727272728,3549,6.881313711751069,0,0,0,0,0,0,0,148.39563491202568,0.34871731190584043,0.041183202503686664,10.738438068670435,5.006598054815558,False,False,False,False,False,True
12.0,38646,17,6.921780430330742,36606.53306396907,83.9171974522293,3549,6.881313711751069,0,0,0,0,0,0,0,188.8940640687264,0.34871731190584043,0.03685062947542803,10.562224431339358,5.246466359134466,False,False,False,False,False,True
1.0,8434,57,6.604842707205482,20851.246346539916,70.28571428571428,1572,6.528145312958054,0,0,0,0,0,0,0,742.2338155086554,0.38249375632476623,0.006888881791318823,9.040144994980068,6.611010686341634,False,False,False,False,True,False
1.0,175,50,6.195191110040243,2612.9254587155965,33.33333333333333,3067,6.382521258497842,0,0,0,0,0,0,0,28457.14285714286,0.3902922829787633,0.00010455861328076189,5.170483995038151,10.256189615022155,False,False,False,True,False,False
2.0,1558,16,6.195191110040243,2612.9254587155965,72.6027397260274,3067,6.382521258497842,0,0,0,0,0,0,0,3953.786906290116,0.7805845659575266,0.0012446284038774332,7.351799869057777,8.282681999177534,False,False,False,True,False,False
10.0,211,35,6.662948251583755,24178.094281909634,50.0,3067,6.382521258497842,0,0,0,0,0,0,0,24597.156398104267,3.9029228297876326,0.0001337718417233206,5.356586274672012,10.110426775945582,False,False,False,True,False,False
1.0,34723,35,6.725728811374182,28405.660246962867,76.11336032388664,1572,6.528145312958054,0,0,0,0,0,0,0,213.4032197678772,0.38249375632476623,0.03360797679694534,10.455186369511699,5.367858446657938,False,False,False,False,True,False
1.0,2181,42,6.195191110040243,2612.9254587155965,61.44578313253012,3067,6.382521258497842,0,0,0,0,0,0,0,2916.093535075653,0.3902922829787633,0.0018030336669754372,7.687997166393016,7.978343034857801,False,False,False,True,False,False
13.0,60465,26,6.884066576025969,38338.18634019221,80.97229482488238,3549,6.881313711751069,0,0,0,0,0,0,0,113.61944926817166,0.3777770878979938,0.05426421045082348,11.00983650257596,4.741617504262734,False,False,False,False,False,True
3.0,3359,31,6.638243832197137,24791.843889668748,66.99029126213593,1572,6.528145312958054,0,0,0,0,0,0,0,1941.0538850848466,1.1474812689742986,0.0028521333675170265,8.11969625295725,7.571501395677882,False,False,False,False,True,False
1.0,302,11,5.879225467208256,3053.415760869565,85.71428571428571,447,5.588299776286353,0,0,0,0,0,0,0,18940.39735099338,0.9078461025802542,0.00021639174872118265,5.713732805509369,9.849105141790185,False,True,False,False,False,False
52.0,2248,21,6.800166494369348,33094.709865182755,68.0,3549,6.881313711751069,0,0,0,0,0,0,0,2913.7010676156583,1.5111083515919752,0.001914514032986121,7.718240951959316,7.977522543822979,False,False,False,False,False,True
6.0,52672,33,6.830019888854456,37634.350338609285,74.39024390243902,1572,6.528145312958054,0,0,0,0,0,0,0,151.88335358444712,2.294962537948597,0.05504571886026819,10.87185826927572,5.029675235748773,False,False,False,False,True,False
1.0,172,9,6.195191110040243,2612.9254587155965,0.0,3067,6.382521258497842,0,0,0,0,0,0,0,28720.93023255814,0.3902922829787633,0.00010170771366710909,5.153291594497779,10.26541622955829,False,False,False,True,False,False
26.0,235,23,6.772409865396259,19321.953347374583,0.0,3549,6.881313711751069,0,0,0,0,0,0,0,25191.489361702126,0.7555541757959876,0.00017246019573792789,5.4638318050256105,10.134301187874112,False,False,False,False,False,True
1.0,1466,28,6.802233338507634,31128.956170776903,0.0,2188,6.320059610463039,0,0,0,0,0,0,0,4417.5361476912485,0.8886641126398388,0.0012311309642956574,7.2909747781429814,8.393563731911637,True,False,False,False,False,False
1.0,1646,11,5.879225467208256,3053.415760869565,66.15384615384615,447,5.588299776286353,0,0,0,0,0,0,0,4198.055893074119,0.9078461025802542,0.0014767480755375295,7.4067107301776405,8.342614991639689,False,True,False,False,False,False
1.0,3227,21,6.849355532922814,20561.25466977668,80.35714285714286,2188,6.320059610463039,0,0,0,0,0,0,0,2228.0756120235515,0.8886641126398388,0.0030221747654175053,8.07961802938984,7.709342254759187,True,False,False,False,False,False
1.0,3077,41,6.8589635964895574,32105.482511141658,75.96153846153845,2188,6.320059610463039,0,0,0,0,0,0,0,2362.6909327266817,0.8886641126398388,0.0029134250961036744,8.032035314398824,7.767979630861577,True,False,False,False,False,False
1.0,44,35,5.775788441476067,5728.942895299145,0.0,3067,6.382521258497842,0,0,0,0,0,0,0,113636.36363636363,0.3902922829787633,1.9436656438653623e-05,3.8066624897703196,11.640767636441394,False,False,False,True,False,False
15.0,12781,7,6.827960768553686,37299.413407016065,80.88578088578089,3549,6.881313711751069,0,0,0,0,0,0,0,539.8638604178077,0.43589663988230054,0.011513043577770563,9.455793210210228,6.293167602849358,False,False,False,False,False,True
13.0,4014,15,6.826392539291025,31554.47111943897,83.64779874213836,3549,6.881313711751069,0,0,0,0,0,0,0,1447.433981066268,0.3777770878979938,0.0030377501890171176,8.297792626380861,7.278238238722512,False,False,False,False,False,True
1.0,1189,46,6.705092165314741,19457.71498760568,69.04761904761905,2188,6.320059610463039,0,0,0,0,0,0,0,6248.948696383515,0.8886641126398388,0.0011449370695871845,7.081708586105575,8.740328534118118,True,False,False,False,False,False
1.0,29,40,6.794607080130419,17996.367678958784,0.0,2188,6.320059610463039,0,0,0,0,0,0,0,145517.24137931032,0.8886641126398388,6.6820817234938226e-06,3.4011973816621555,11.888056728040024,True,False,False,False,False,False
1.0,211,20,6.5004185244497705,20155.465753424658,71.42857142857143,610,5.665348780241979,0,0,0,0,0,0,0,21563.981042654028,0.13788144168663172,0.00011612814402269386,5.356586274672012,9.978826030002217,False,False,True,False,False,False
1.0,4146,39,6.58558055977916,14312.419903361644,74.0506329113924,1572,6.528145312958054,0,0,0,0,0,0,0,1657.0188133140375,0.38249375632476623,0.0037121512668264398,8.330140460246382,7.413378682623649,False,False,False,False,True,False
1.0,340,5,6.195191110040243,2612.9254587155965,75.0,3067,6.382521258497842,0,0,0,0,0,0,0,14529.411764705883,0.3902922829787633,0.00021014119704761944,5.831882477283517,9.583999095096434,False,False,False,True,False,False
1.0,3397,41,6.617686242730376,23329.521782306867,75.49019607843137,1572,6.528145312958054,0,0,0,0,0,0,0,1939.947012069473,0.38249375632476623,0.0029155730699647405,8.130942302231878,7.570931283501928,False,False,False,False,True,False
98.0,5652,42,6.786000370687271,20734.27494205464,75.44378698224851,3549,6.881313711751069,0,0,0,0,0,0,0,1357.041755130927,2.84785804723103,0.0056547114086165145,8.63994165667529,7.213799055165039,False,False,False,False,False,True
1.0,55,18,5.879225467208256,3053.415760869565,100.0,447,5.588299776286353,0,0,0,0,0,0,0,64363.63636363636,0.9078461025802542,1.6131076226673054e-05,4.02535169073515,11.072319636479957,False,True,False,False,False,False
2.0,2540,29,6.807743957566365,30316.77829121488,81.0126582278481,3067,6.382521258497842,0,0,0,0,0,0,0,2539.3700787401576,0.7805845659575266,0.0021312189871201515,7.840312983320164,7.840065049690726,False,False,False,True,False,False
1.0,2553,44,6.894164257864038,33666.32975319148,71.42857142857143,2188,6.320059610463039,0,0,0,0,0,0,0,2773.207990599295,0.8886641126398388,0.0023523191870380173,7.845416036592485,7.928120576650647,True,False,False,False,False,False
24.0,13584,36,6.875968526993651,27077.87077561878,83.1306990881459,3549,6.881313711751069,0,0,0,0,0,0,0,549.1755005889281,0.6974346238116809,0.01323086607485615,9.516721521860449,6.310237319307367,False,False,False,False,False,True
1.0,827,11,6.918705046679889,35788.37211020836,78.94736842105263,3067,6.382521258497842,0,0,0,0,0,0,0,5126.964933494559,0.3902922829787633,0.0004488328325283727,6.71901315438526,8.542464160335035,False,False,False,True,False,False
12.0,18680,14,6.686289081133667,22803.230051192193,74.8051948051948,3549,6.881313711751069,0,0,0,0,0,0,0,331.9057815845824,0.34871731190584043,0.015122671841581167,9.835262243540562,5.807859511761447,False,False,False,False,False,True
12.37420167311325,4433,20,6.195191110040243,2612.9254587155965,0.0,3067,6.382521258497842,0,0,0,0,0,0,0,1635.4613128806677,4.829555421039003,0.004189857256488483,8.397057390176256,7.400291453503335,False,False,False,True,False,False
1.0,302,59,6.871767856739287,31954.64374931202,50.0,3067,6.382521258497842,0,0,0,0,0,0,0,19370.860927152316,0.3902922829787633,0.00022152127754024816,5.713732805509369,9.871576824432324,False,False,False,True,False,False
1.0,36558,49,6.872724838781157,34495.98883480793,74.35325602140945,2188,6.320059610463039,0,0,0,0,0,0,0,196.40024071338695,0.8886641126398388,0.03428594868531567,10.506682672896412,5.285233346418025,True,False,False,False,False,False
9.0,4609,18,6.813140691774841,29197.218468516345,75.32467532467533,1572,6.528145312958054,0,0,0,0,0,0,0,1549.142981123888,3.442443806922896,0.004290332522844814,8.435983135990694,7.346102451545281,False,False,False,False,True,False
2.0,1977,16,6.617079692115778,21151.05128205128,66.66666666666666,1572,6.528145312958054,0,0,0,0,0,0,0,2817.400101163379,0.7649875126495325,0.001429454760544225,7.589841512182657,7.9439246629209315,False,False,False,False,True,False
1.0,4184,8,6.838650313271204,28852.870746066677,73.40425531914893,3067,6.382521258497842,0,0,0,0,0,0,0,1491.395793499044,0.3902922829787633,0.0034018631157503856,8.339261982923576,7.308138022728078,False,False,False,True,False,False
2.0,1454,25,6.715661769645538,25410.923923540606,75.0,1572,6.528145312958054,0,0,0,0,0,0,0,4848.69325997249,0.7649875126495325,0.0013300012189806877,7.282761179605593,8.486670736564959,False,False,False,False,True,False
1.0,78,23,5.558589488847307,349.1694444444444,100.0,2188,6.320059610463039,0,0,0,0,0,0,0,56666.666666666664,0.8886641126398388,3.573721719939257e-05,4.3694478524670215,10.944959074267405,True,False,False,False,False,False
26.0,204,25,6.626533453023366,14228.317337363127,40.0,3549,6.881313711751069,0,0,0,0,0,0,0,32156.86274509804,0.7555541757959876,0.0001655406887013077,5.3230099791384085,10.378412264153512,False,False,False,False,False,True
6.0,93,38,6.662948251583755,24178.094281909634,100.0,3067,6.382521258497842,0,0,0,0,0,0,0,54623.655913978495,2.3417536978725795,5.2419291565624936e-05,4.543294782270004,10.90824063332045,False,False,False,True,False,False
13.0,339,28,6.942829757135268,29816.95281988084,25.0,3549,6.881313711751069,0,0,0,0,0,0,0,16873.15634218289,0.3777770878979938,0.00024404364579879402,5.8289456176102075,9.733538519953651,False,False,False,False,False,True
66.0,146,26,6.5004185244497705,20155.465753424658,0.0,3549,6.881313711751069,0,0,0,0,0,0,0,32739.72602739726,1.9179452154821224,8.187423239522569e-05,4.990432586778736,10.3963750262259,False,False,False,False,False,True
1.0,8524,6,6.633842341262067,20578.15355465787,78.50678733031674,447,5.588299776286353,0,0,0,0,0,0,0,823.5570154856874,0.9078461025802542,0.007808909690286841,9.050758302151717,6.7148462911984685,False,True,False,False,False,False
1.0,1402,11,6.90376052578994,32387.491016135544,86.95652173913044,3067,6.382521258497842,0,0,0,0,0,0,0,4372.325249643367,0.3902922829787633,0.001113578480390447,7.246368080102461,8.383278925423545,False,False,False,True,False,False
25.0,17946,25,6.728879252982257,24172.086087666834,81.11753371868978,3549,6.881313711751069,0,0,0,0,0,0,0,419.5921096623203,0.7264943998038342,0.01764659077736414,9.795178249029277,6.041663503373947,False,False,False,False,False,True
1.0,676,20,6.462533495106872,11716.078354978355,50.0,610,5.665348780241979,0,0,0,0,0,0,0,6952.662721893491,0.13788144168663172,0.0004058106407417735,6.517671272912275,8.847023810082044,False,False,True,False,False,False
1.0,165,14,5.459667665453769,7695.231857287449,100.0,447,5.588299776286353,0,0,0,0,0,0,0,28545.454545454544,0.9078461025802542,9.223128154161696e-05,5.111987788356544,10.259288023325553,False,True,False,False,False,False
1.0,333186,19,6.90255515706933,31440.453424447114,84.2279365871926,2188,6.320059610463039,0,0,0,0,0,0,0,26.231594364709203,0.8886641126398388,0.3804650183292311,12.716459172907454,3.3043778567420246,True,False,False,False,False,False
1.0,214,51,6.4522290000007185,12079.976199185385,33.33333333333333,3067,6.382521258497842,0,0,0,0,0,0,0,15186.915887850468,0.3902922829787633,8.156327267567969e-05,5.3706380281276624,9.628255383270153,False,False,False,True,False,False
4.0,33422,32,6.802670926078823,33917.97788887461,75.96439169139467,3067,6.382521258497842,0,0,0,0,0,0,0,258.5123571300341,1.5611691319150531,0.037719524098832384,10.416999564727426,5.5588043204704,False,False,False,True,False,False
1.0,253,12,6.195191110040243,2612.9254587155965,40.0,3067,6.382521258497842,0,0,0,0,0,0,0,22332.015810276684,0.3902922829787633,0.00017745776265920286,5.537334267018537,10.013821392153627,False,False,False,True,False,False
11.0,101326,34,6.754818962416433,37513.979954289374,82.01767753733617,3549,6.881313711751069,0,0,0,0,0,0,0,72.34076150247715,0.31965753591368706,0.09703097495888456,11.526108189767042,4.295116545770038,False,False,False,False,False,True
4.0,70,29,6.7445023943540185,17951.596629010895,0.0,610,5.665348780241979,0,0,0,0,0,0,0,54571.42857142857,0.5515257667465269,2.5629719760704167e-05,4.2626798770413155,10.907284062972835,False,False,True,False,False,False
1.0,149,20,6.3931134895916175,15738.366914749684,66.66666666666666,447,5.588299776286353,0,0,0,0,0,0,0,35100.6711409396,0.9078461025802542,9.250827087163274e-05,5.0106352940962555,10.466004019173576,False,True,False,False,False,False
21.0,382,25,6.82178103165986,26135.07830537617,42.857142857142854,3549,6.881313711751069,0,0,0,0,0,0,0,18350.785340314134,0.6102552958352208,0.0003405639748817396,5.948034989180646,9.817482142500076,False,False,False,False,False,True
1.0,102093,44,6.824818828803789,32313.222718024674,78.0824581874757,2188,6.320059610463039,0,0,0,0,0,0,0,73.56038122104356,0.8886641126398388,0.10016655296956795,11.533649236510204,4.311609283307446,True,False,False,False,False,False
6.0,113040,10,6.756787453464921,26686.592248912802,85.37680593518157,3067,6.382521258497842,0,0,0,0,0,0,0,71.21372965322011,2.3417536978725795,0.11888339748686334,11.635505863745324,4.279630189222334,False,False,False,True,False,False
1.0,65,22,5.775788441476067,5728.942895299145,100.0,447,5.588299776286353,0,0,0,0,0,0,0,64307.692307692305,0.9078461025802542,2.6191537741396517e-05,4.189654742026425,11.071450084723633,False,True,False,False,False,False
1.0,817,12,6.779782172998328,33631.42093373494,60.0,610,5.665348780241979,0,0,0,0,0,0,0,6609.547123623011,0.13788144168663172,0.0005671177288726513,6.706862336602747,8.796421701526667,False,False,True,False,False,False
25.0,245026,26,6.8536771222611135,31464.02259427918,82.00472394449365,3549,6.881313711751069,0,0,0,0,0,0,0,34.69019614245019,0.7264943998038342,0.27210932191453124,12.409123687536473,3.5748760332126666,False,False,False,False,False,True
1.0,507,45,6.289007148338809,2755.141935483871,0.0,2188,6.320059610463039,0,0,0,0,0,0,0,12682.445759368835,0.8886641126398388,0.0004166302098071533,6.230481447578482,9.448052938658822,True,False,False,False,False,False
1.0,3571,28,6.66391737475365,18028.293509500556,66.42857142857143,1572,6.528145312958054,0,0,0,0,0,0,0,1839.8207784934193,0.38249375632476623,0.003056058922420471,8.18088094199639,7.517966826409199,False,False,False,False,True,False
25.0,3690,25,6.821946310481903,23998.8418364787,79.16666666666666,3549,6.881313711751069,0,0,0,0,0,0,0,1842.8184281842819,0.7264943998038342,0.0032690963810386793,8.213652703029998,7.5195939329909125,False,False,False,False,False,True
4.0,4719,14,6.195191110040243,2612.9254587155965,69.40298507462687,3067,6.382521258497842,0,0,0,0,0,0,0,1508.7942360669635,1.5611691319150531,0.004380617978895518,8.459564078579602,7.319728653018388,False,False,False,True,False,False
1.0,125,8,4.9263479368027125,4281.747368421053,0.0,2188,6.320059610463039,0,0,0,0,0,0,0,43600.0,0.8886641126398388,7.970143401873411e-05,4.836281906951478,10.682835364853922,True,False,False,False,False,False
1.0,410,20,6.810042529424079,23098.545244676698,0.0,2188,6.320059610463039,0,0,0,0,0,0,0,18292.682926829268,0.8886641126398388,0.0003924576645495041,6.018593214496234,9.814311083980684,True,False,False,False,False,False
12.37420167311325,321,22,6.807779199481157,23416.472635753056,0.0,3549,6.881313711751069,0,0,0,0,0,0,0,20174.791253941963,0.35959152870240046,0.0002623028171351573,5.7745515455444085,9.912238711895327,False,False,False,False,False,True
13.0,8717,17,6.876420153967979,35293.35551590224,86.66666666666667,3549,6.881313711751069,0,0,0,0,0,0,0,842.0328094527933,0.3777770878979938,0.008350384633864354,9.073145132798338,6.7370058771173245,False,False,False,False,False,True
50.0,54,15,6.324553311165933,8205.918010108646,0.0,3549,6.881313711751069,0,0,0,0,0,0,0,113703.7037037037,1.4529887996076685,3.4012566654011405e-05,4.007333185232471,11.64136004830865,False,False,False,False,False,True
13.0,2168,15,6.312502512749229,23470.241565725268,66.25,1572,6.528145312958054,0,0,0,0,0,0,0,2762.9151291512917,4.972418832221961,0.0016874245920833865,7.682021510826875,7.924403478609793,False,False,False,False,True,False
1.0,107,42,6.743076983988833,23954.694487620873,50.0,3067,6.382521258497842,0,0,0,0,0,0,0,56074.766355140186,0.3902922829787633,7.457321175311208e-05,4.68213122712422,10.934459025904744,False,False,False,True,False,False
1.0,1302,42,6.829036948424544,17643.015772252504,64.51612903225806,2188,6.320059610463039,0,0,0,0,0,0,0,5691.244239631336,0.8886641126398388,0.0012512317249807334,7.172424577124845,8.646859867570848,True,False,False,False,False,False
26.0,4584,31,6.722398837401743,33495.73977606594,87.02290076335878,3549,6.881313711751069,0,0,0,0,0,0,0,1760.4712041884816,0.7555541757959876,0.004824009955471695,8.430545384690566,7.473904650323507,False,False,False,False,False,True
1.0,138,21,4.9263479368027125,4281.747368421053,100.0,2188,6.320059610463039,0,0,0,0,0,0,0,32753.623188405792,0.8886641126398388,7.219005827222175e-05,4.9344739331306915,10.396799397158599,True,False,False,False,False,False
12.0,46874,25,6.868906944743126,37966.21218148483,81.88585607940446,3549,6.881313711751069,0,0,0,0,0,0,0,150.18987071724197,0.34871731190584043,0.04310603630158723,10.755239763272712,5.018536468890494,False,False,False,False,False,True
1.0,45,22,5.7918085106382975,2324.3617021276596,0.0,1572,6.528145312958054,0,0,0,0,0,0,0,111111.11111111111,0.38249375632476623,2.008993316038891e-05,3.828641396489095,11.618294980587555,False,False,False,False,True,False
1.0,1724,28,6.600169481894902,25294.566126141643,76.66666666666667,2188,6.320059610463039,0,0,0,0,0,0,0,3950.116009280742,0.8886641126398388,0.0015246437116682738,7.45298232946546,8.28175335198508,True,False,False,False,False,False
6.0,72,23,6.295993024103089,2508.102734495634,0.0,3067,6.382521258497842,0,0,0,0,0,0,0,75416.66666666666,2.3417536978725795,4.1773494108226646e-05,4.290459441148391,11.230796832474663,False,False,False,True,False,False
1.0,61,28,5.558589488847307,349.1694444444444,0.0,3067,6.382521258497842,0,0,0,0,0,0,0,81967.2131147541,0.3902922829787633,3.0542360708153545e-05,4.127134385045092,11.314086806150645,False,False,False,True,False,False
1.0,3323,31,6.908285555266453,30186.884304751315,61.06194690265486,1572,6.528145312958054,0,0,0,0,0,0,0,2142.6421907914537,0.38249375632476623,0.003081966570651049,8.10892415597534,7.670261619639848,False,False,False,False,True,False
13.0,6337,20,6.996579608726442,37058.47786691957,75.9825327510917,3549,6.881313711751069,0,0,0,0,0,0,0,1248.2247120088368,0.3777770878979938,0.006539879155159294,8.754318540250866,7.1302784074809775,False,False,False,False,False,True
12.0,47587,33,6.744524531479761,27589.223936695056,79.72350230414746,3549,6.881313711751069,0,0,0,0,0,0,0,130.9181078866077,0.34871731190584043,0.03872569175977497,10.770335907596417,4.88218133526346,False,False,False,False,False,True
24.0,75,17,6.5004185244497705,20155.465753424658,0.0,3549,6.881313711751069,0,0,0,0,0,0,0,45333.33333333333,0.6974346238116809,2.400959349080065e-05,4.330733340286331,10.721819934630316,False,False,False,False,False,True
3.0,10720,30,6.767541224610549,31441.719824303393,78.44827586206897,1572,6.528145312958054,0,0,0,0,0,0,0,729.4776119402985,1.1474812689742986,0.01094358225943391,9.27995971385624,6.5936985831376695,False,False,False,False,True,False
39.0,115,18,6.575058393343825,22330.104215672407,0.0,3549,6.881313711751069,0,0,0,0,0,0,0,39478.260869565216,1.1333312636939814,5.890763596589983e-05,4.7535901911063645,10.583530771729947,False,False,False,False,False,True
1.0,82,13,5.879225467208256,3053.415760869565,100.0,447,5.588299776286353,0,0,0,0,0,0,0,74878.0487804878,0.9078461025802542,5.6474833454157606e-05,4.418840607796598,11.223629407818754,False,True,False,False,False,False
1.0,21212,39,6.925912530740846,39796.06022357637,77.44140625,1572,6.528145312958054,0,0,0,0,0,0,0,346.0305487459928,0.38249375632476623,0.020333217426569385,9.96236948027235,5.849412812803822,False,False,False,False,True,False
1.0,5343,17,6.821250155249807,28050.296691362397,79.11392405063292,2188,6.320059610463039,0,0,0,0,0,0,0,1268.9500280741158,0.8886641126398388,0.004723752883540423,8.583729715216482,7.146732830705348,True,False,False,False,False,False
3.0,3006,21,6.195191110040243,2612.9254587155965,67.53246753246754,3067,6.382521258497842,0,0,0,0,0,0,0,2205.5888223552893,1.1708768489362897,0.0025946247493434096,8.008698182988528,7.699203082762433,False,False,False,True,False,False
12.0,95168,9,6.893035894557727,36901.53888018557,79.94526974198592,3549,6.881313711751069,0,0,0,0,0,0,0,69.77135171486213,0.34871731190584043,0.0825538323445325,11.463409537498313,4.2594542820163825,False,False,False,False,False,True
1.0,779,5,6.671140218499566,17379.625889812763,88.0,610,5.665348780241979,0,0,0,0,0,0,0,7124.518613607188,0.13788144168663172,0.0005555743291995886,6.659293919683638,8.871437790362636,False,False,True,False,False,False
2.0,323,21,6.195191110040243,2612.9254587155965,42.857142857142854,3067,6.382521258497842,0,0,0,0,0,0,0,16315.78947368421,0.7805845659575266,0.00021309531438330637,5.780743515792329,9.699949885739294,False,False,False,True,False,False
1.0,15377,55,6.75984267527447,22084.03544118017,71.95121951219512,2188,6.320059610463039,0,0,0,0,0,0,0,450.0227612668271,0.8886641126398388,0.013893576112453296,9.640693195592126,6.111517806670048,True,False,False,False,False,False
13.0,36058,21,6.873599835391157,32697.498284026115,82.1319018404908,3549,6.881313711751069,0,0,0,0,0,0,0,192.19035997559487,0.3777770878979938,0.03263910339749318,10.492911764814268,5.263676023926889,False,False,False,False,False,True
1.0,1441,24,6.794607080130419,17996.367678958784,78.46153846153847,2188,6.320059610463039,0,0,0,0,0,0,0,4337.265787647467,0.8886641126398388,0.0011674071757079916,7.273786317844895,8.37522995913819,True,False,False,False,False,False
12.0,117910,16,6.904255601987694,31982.71380111504,79.4350485786254,3549,6.881313711751069,0,0,0,0,0,0,0,68.52684250699687,0.34871731190584043,0.12446771142853207,11.67768538157962,4.241712901128052,False,False,False,False,False,True
12.37420167311325,4481,14,6.22747829422649,6094.346320346321,0.0,3067,6.382521258497842,0,0,0,0,0,0,0,1445.2372221636622,4.829555421039003,0.00378223739546501,8.407824654360873,7.276720443318406,False,False,False,True,False,False
7.0,6172,15,6.195191110040243,2612.9254587155965,67.20430107526882,3067,6.382521258497842,0,0,0,0,0,0,0,1035.3208036292936,2.732045980851343,0.0051436190588134666,8.727940222393896,6.943432030898732,False,False,False,True,False,False
12.0,4669,55,6.241442385702294,9837.82456140351,77.67857142857143,3549,6.881313711751069,0,0,0,0,0,0,0,1291.497108588563,0.34871731190584043,0.0036691721913034753,8.448914350662942,7.164331369311272,False,False,False,False,False,True
1.0,282,15,6.192033733782523,14274.946127419527,66.66666666666666,3067,6.382521258497842,0,0,0,0,0,0,0,21524.822695035462,0.3902922829787633,0.00021434045981493386,5.645446897643238,9.977008549008543,False,False,False,True,False,False
8.0,3051,30,6.510263751421897,20545.19121004566,57.14285714285714,1572,6.528145312958054,0,0,0,0,0,0,0,2205.834152736808,3.05995005059813,0.002673468716889642,8.023552392404348,7.699314257414469,False,False,False,False,True,False
25.0,3516,11,6.662948251583755,24178.094281909634,80.76923076923077,610,5.665348780241979,0,0,0,0,0,0,0,1777.5881683731511,3.447036042165793,0.0028618436727088996,8.165363632473982,7.4835751647299595,False,False,True,False,False,False
2.0,87,16,6.5004185244497705,20155.465753424658,0.0,1572,6.528145312958054,0,0,0,0,0,0,0,65517.24137931035,0.7649875126495325,5.5484465944006915e-05,4.477336814478207,11.090083877191608,False,False,False,False,True,False
26.0,3985,16,6.941592548052673,31015.39213210659,82.14285714285714,3549,6.881313711751069,0,0,0,0,0,0,0,1872.0200752823087,0.7555541757959876,0.0038748276229660745,8.29054350077274,7.53530742063668,False,False,False,False,False,True
1.0,35,63,6.624551706647431,16561.884412793006,0.0,3067,6.382521258497842,0,0,0,0,0,0,0,133428.57142857142,0.3902922829787633,1.2048096715827493e-05,3.58351893845611,11.801329062774263,False,False,False,True,False,False
1.0,92,15,5.879225467208256,3053.415760869565,100.0,447,5.588299776286353,0,0,0,0,0,0,0,62500.0,0.9078461025802542,5.980915784189453e-05,4.532599493153256,11.042937835596494,False,True,False,False,False,False
13.0,61,18,6.777925656471416,31529.821479823888,0.0,610,5.665348780241979,0,0,0,0,0,0,0,118852.45901639343,1.7924587419262124,4.8474806719787255e-05,4.127134385045092,11.685646576415254,False,False,True,False,False,False
1.0,334,19,6.65022514614833,21447.073413370825,66.66666666666666,2188,6.320059610463039,0,0,0,0,0,0,0,17694.610778443115,0.8886641126398388,0.00024859829110273246,5.814130531825066,9.781071909191105,True,False,False,False,False,False
1.0,462,21,5.879225467208256,3053.415760869565,71.42857142857143,447,5.588299776286353,0,0,0,0,0,0,0,11363.636363636364,0.9078461025802542,0.00030759701839609,6.137727054086234,9.338261739614294,False,True,False,False,False,False
6.0,57166,23,6.850095302129325,39465.798446758905,79.98460354118552,3067,6.382521258497842,0,0,0,0,0,0,0,136.79459818773398,2.3417536978725795,0.05839861198554372,10.953732087806813,4.925764157431915,False,False,False,True,False,False
1.0,1104,8,6.106210567052468,33784.67164179104,75.0,610,5.665348780241979,0,0,0,0,0,0,0,3478.260869565217,0.13788144168663172,0.0005445875212934445,7.007600613951853,8.154575156406663,False,False,True,False,False,False
2.0,1364,3,6.195191110040243,2612.9254587155965,57.49999999999999,3067,6.382521258497842,0,0,0,0,0,0,0,3988.269794721408,0.7805845659575266,0.0009601760405925666,7.21890970761906,8.291363484293996,False,False,False,True,False,False
1.0,14622,51,6.576598130934997,20879.136453248833,72.83737024221453,3067,6.382521258497842,0,0,0,0,0,0,0,497.1960060183285,0.3902922829787633,0.013879609056142595,9.590350910611878,6.210993585972036,False,False,False,True,False,False
2.0,825,11,6.195191110040243,2612.9254587155965,71.42857142857143,3067,6.382521258497842,0,0,0,0,0,0,0,7151.515151515152,0.7805845659575266,0.0006266573692916055,6.716594773520978,8.875219343274367,False,False,False,True,False,False
12.0,9605,22,6.77042944595717,30997.56261736595,79.73568281938326,3549,6.881313711751069,0,0,0,0,0,0,0,633.0036439354502,0.34871731190584043,0.00762075554199953,9.17014318222477,6.452054701952965,False,False,False,False,False,True
24.0,256325,17,6.818879505190731,26382.275987999827,83.89117427075541,3549,6.881313711751069,0,0,0,0,0,0,0,30.46913098605286,0.6974346238116809,0.26154939768220503,12.454205350827863,3.449007096651598,False,False,False,False,False,True
2.0,3932,38,6.195191110040243,2612.9254587155965,60.56338028169014,3067,6.382521258497842,0,0,0,0,0,0,0,1581.8921668362154,0.7805845659575266,0.003186135463592071,8.27715777243181,7.367008938063752,False,False,False,True,False,False
12.37420167311325,11030,22,6.707475151734849,30596.625207719677,0.0,3549,6.881313711751069,0,0,0,0,0,0,0,655.4850407978241,0.35959152870240046,0.010410051160792699,9.308464769969381,6.486899907188988,False,False,False,False,False,True
1.0,408,47,6.7108808707015255,21486.789917862803,63.63636363636363,3067,6.382521258497842,0,0,0,0,0,0,0,14926.470588235294,0.3902922829787633,0.0003153344278883227,6.013715156042802,9.61095845811174,False,False,False,True,False,False
24.0,425457,26,6.865310731679631,40829.06097148071,85.8642147301941,3549,6.881313711751069,0,0,0,0,0,0,0,20.190054459087523,0.6974346238116809,0.47749359539513325,12.960921514720614,3.05353194231407,False,False,False,False,False,True
1.0,42,12,6.6042056082334115,25763.00781402872,0.0,3067,6.382521258497842,0,0,0,0,0,0,0,198333.33333333334,0.3902922829787633,3.640355945556257e-05,3.7612001156935624,12.197709437863754,False,False,False,True,False,False
52.0,1594,24,6.58558055977916,14312.419903361644,67.10526315789474,3549,6.881313711751069,0,0,0,0,0,0,0,4090.338770388958,1.5111083515919752,0.0013485777958399524,7.374629015218945,8.316627523200276,False,False,False,False,False,True
1.0,66,25,6.5004185244497705,20155.465753424658,0.0,2188,6.320059610463039,0,0,0,0,0,0,0,127272.7272727273,0.8886641126398388,6.312780358830981e-05,4.204692619390966,11.754095378899107,True,False,False,False,False,False
2.0,2220,34,6.195191110040243,2612.9254587155965,73.95833333333334,1572,6.528145312958054,0,0,0,0,0,0,0,3054.054054054054,0.7649875126495325,0.0019572644616564785,7.7057128238944275,8.02455256508388,False,False,False,False,True,False
4.0,58,15,5.558589488847307,349.1694444444444,0.0,3067,6.382521258497842,0,0,0,0,0,0,0,110862.06896551723,1.5611691319150531,3.9419084803092666e-05,4.07753744390572,11.61605110584443,False,False,False,True,False,False
4.0,464,51,6.796305456123642,24687.57335783102,55.55555555555556,3067,6.382521258497842,0,0,0,0,0,0,0,13663.793103448275,1.5611691319150531,0.0003750491464687021,6.142037405587356,9.522577957629053,False,False,False,True,False,False
1.0,138,15,6.22747829422649,6094.346320346321,100.0,2188,6.320059610463039,0,0,0,0,0,0,0,31884.0579710145,0.8886641126398388,7.002640576983446e-05,4.9344739331306915,10.36989277687582,True,False,False,False,False,False
26.0,104607,12,6.916696326823704,37646.88510668306,81.51774785801713,3549,6.881313711751069,0,0,0,0,0,0,0,71.79251866509888,0.7555541757959876,0.10263334416258861,11.557975309523938,4.287613184332594,False,False,False,False,False,True
1.0,2202,13,6.4461173097348805,21227.07345458952,59.210526315789465,3067,6.382521258497842,0,0,0,0,0,0,0,2561.3079019073566,0.3902922829787633,0.0016133377856248307,7.697575346802343,7.848663655527315,False,False,False,True,False,False
1.0,209,42,5.7918085106382975,2324.3617021276596,50.0,3067,6.382521258497842,0,0,0,0,0,0,0,30430.622009569382,0.3902922829787633,0.00016436479060218418,5.3471075307174685,10.323237544446782,False,False,False,True,False,False
37.0,273,37,6.810523973703345,26905.323669861253,50.0,3549,6.881313711751069,0,0,0,0,0,0,0,30879.12087912088,1.0752117117096747,0.0002913813836091766,5.6131281063880705,10.337867918610353,False,False,False,False,False,True
1.0,8505,23,6.829036948424544,17643.015772252504,86.23188405797102,2188,6.320059610463039,0,0,0,0,0,0,0,946.5020576131687,0.8886641126398388,0.008936043295239712,9.04852707581358,6.853829108577621,True,False,False,False,False,False
12.0,36343,28,6.89685613347767,45960.667908417556,77.45535714285714,3549,6.881313711751069,0,0,0,0,0,0,0,183.52915279421072,0.34871731190584043,0.0316625683686485,10.50078440743924,5.21780746072308,False,False,False,False,False,True
3.0,799,18,6.195560357097322,14623.676185636856,48.0,3067,6.382521258497842,0,0,0,0,0,0,0,8811.013767209011,1.1708768489362897,0.000725623566420728,6.684611727667927,9.083871270246139,False,False,False,True,False,False
12.0,3784,21,6.744524531479761,27589.223936695056,71.1864406779661,3549,6.881313711751069,0,0,0,0,0,0,0,1609.4080338266385,0.34871731190584043,0.0030015874028087386,8.23880116587155,7.38424286302814,False,False,False,False,False,True
51.0,2388,42,6.780279228568084,22752.96506296385,71.42857142857143,3549,6.881313711751069,0,0,0,0,0,0,0,2747.0686767169177,1.4820485755998218,0.0020374450333753807,7.77863014732581,7.91865364455722,False,False,False,False,False,True
26.0,63193,15,6.849950437165936,32484.49940350001,81.53013910355486,3549,6.881313711751069,0,0,0,0,0,0,0,117.73455920750717,0.7555541757959876,0.06141907610509014,11.053964638919313,4.776890406734157,False,False,False,False,False,True
1.0,4087,14,6.48976219033308,13161.231651645769,79.18781725888326,1572,6.528145312958054,0,0,0,0,0,0,0,1372.6449718620015,0.38249375632476623,0.0029863673617457503,8.31581113188354,7.225223049191467,False,False,False,False,True,False
1.0,2855,13,6.22747829422649,6094.346320346321,77.94117647058823,610,5.665348780241979,0,0,0,0,0,0,0,2269.702276707531,0.13788144168663172,0.0024078686132406124,7.957177323459475,7.727844435628402,False,False,True,False,False,False
2.0,183,4,6.811522504055452,26330.1366378222,100.0,3067,6.382521258497842,0,0,0,0,0,0,0,32786.88524590164,0.7805845659575266,0.00013415204877537053,5.214935757608986,10.397814373885792,False,False,False,True,False,False
1.0,267,34,6.195191110040243,2612.9254587155965,60.0,3067,6.382521258497842,0,0,0,0,0,0,0,20224.7191011236,0.3902922829787633,0.00017907135616188906,5.5909869805108565,9.914710296356361,False,False,False,True,False,False
26.0,10058,15,6.859124511608936,26070.100222524383,82.42811501597444,3549,6.881313711751069,0,0,0,0,0,0,0,749.6520182938955,0.7555541757959876,0.009899243639640329,9.216223035134337,6.620942186582996,False,False,False,False,False,True
4.0,67962,41,6.916353681129999,28484.14631811251,76.53992395437263,1572,6.528145312958054,0,0,0,0,0,0,0,119.33139107148112,1.529975025299065,0.07200423641717695,11.126718718425458,4.790249528854297,False,False,False,False,True,False
2.0,1419,7,6.195191110040243,2612.9254587155965,63.63636363636363,3067,6.382521258497842,0,0,0,0,0,0,0,3890.0634249471454,0.7805845659575266,0.001014100114311484,7.258412150595307,8.266437773275024,False,False,False,True,False,False
1.0,1200,23,6.58558055977916,14312.419903361644,64.81481481481481,2188,6.320059610463039,0,0,0,0,0,0,0,6033.333333333333,0.8886641126398388,0.0011258261123695402,7.0909098220799835,8.705220660707834,True,False,False,False,False,False
1.0,6812,27,6.5004185244497705,20155.465753424658,65.89595375722543,1572,6.528145312958054,0,0,0,0,0,0,0,1030.534351145038,0.38249375632476623,0.006238662404641255,8.826587830773668,6.938802634084809,False,False,False,False,True,False
1.0,32,17,5.60043986026233,568.2241379310345,0.0,2188,6.320059610463039,0,0,0,0,0,0,0,196562.5,0.8886641126398388,1.6990788392476698e-05,3.4965075614664802,12.188740813304337,True,False,False,False,False,False
1.0,102,16,6.548792989998894,10128.71560623309,0.0,3067,6.382521258497842,0,0,0,0,0,0,0,71862.74509803922,0.3902922829787633,8.837825543682222e-05,4.634728988229636,11.182527175897842,False,False,False,True,False,False
2.0,2918,8,6.195191110040243,2612.9254587155965,62.35294117647059,3067,6.382521258497842,0,0,0,0,0,0,0,2217.272104180946,0.7805845659575266,0.002457394828068808,7.978996370854115,7.7044838403591145,False,False,False,True,False,False
1.0,199,12,5.879225467208256,3053.415760869565,60.0,447,5.588299776286353,0,0,0,0,0,0,0,32361.809045226135,0.9078461025802542,0.0001581351437837165,5.298317366548036,10.384765173499748,False,True,False,False,False,False
1.0,49,38,5.558589488847307,349.1694444444444,0.0,3067,6.382521258497842,0,0,0,0,0,0,0,130612.2448979592,0.3902922829787633,3.166599666953825e-05,3.912023005428146,11.779995906439964,False,False,False,True,False,False
1.0,310,33,6.62219037942343,18377.79803384351,50.0,1572,6.528145312958054,0,0,0,0,0,0,0,18903.225806451614,0.38249375632476623,0.00022804097922316636,5.739792912179234,9.847140763698684,False,False,False,False,True,False
52.0,642,7,6.556985758710217,12854.445351289454,75.0,3549,6.881313711751069,0,0,0,0,0,0,0,9641.744548286604,1.5111083515919752,0.0005099142060106224,6.466144724237619,9.173961051263156,False,False,False,False,False,True
1.0,74,11,6.566559542162177,15075.654689846917,0.0,1572,6.528145312958054,0,0,0,0,0,0,0,82837.83783783784,0.38249375632476623,4.9960357985013306e-05,4.31748811353631,11.324652286413501,False,False,False,False,True,False
1.0,721,30,6.195191110040243,2612.9254587155965,75.0,3067,6.382521258497842,0,0,0,0,0,0,0,7753.120665742024,0.3902922829787633,0.0005172844739852399,6.582025138892826,8.95597967985109,False,False,False,True,False,False
1.0,15430,34,6.928082740748006,36914.650980454,79.00874635568513,1572,6.528145312958054,0,0,0,0,0,0,0,455.6059624108879,0.38249375632476623,0.014163256582506285,9.644133752071205,6.123820792290962,False,False,False,False,True,False
26.0,227,41,6.22747829422649,6094.346320346321,50.0,3549,6.881313711751069,0,0,0,0,0,0,0,30440.528634361235,0.7555541757959876,0.00019563453416476557,5.429345628954441,10.323563028663536,False,False,False,False,False,True
1.0,17967,39,6.9143932158748465,41594.67179846471,78.94156560088203,3067,6.382521258497842,0,0,0,0,0,0,0,407.4135915845717,0.3902922829787633,0.017174279546870185,9.796347676978224,6.012280365816495,False,False,False,True,False,False
39.0,11907,17,6.7728198451635695,10867.081901989324,81.31147540983606,3549,6.881313711751069,0,0,0,0,0,0,0,622.3230032753843,1.1333312636939814,0.011518527182572806,9.384965722135666,6.435064848757721,False,False,False,False,False,True
1.0,8350,21,7.010092498128803,50180.96919203239,0.0,3067,6.382521258497842,0,0,0,0,0,0,0,775.5817955108228,0.3902922829787633,0.007055945780935731,9.03013657115323,6.654901975754239,False,False,False,True,False,False
2.0,2427,12,6.788123767941879,28364.661565977225,84.81012658227847,3067,6.382521258497842,0,0,0,0,0,0,0,2575.1957148743304,0.7805845659575266,0.001972570735246736,7.794823152179389,7.854069060609285,False,False,False,True,False,False
1.0,30378,56,6.876825967643439,35128.756901853696,69.92777413000657,2188,6.320059610463039,0,0,0,0,0,0,0,239.31792744749487,0.8886641126398388,0.02884567180836202,10.321506859215644,5.481962744401993,True,False,False,False,False,False
1.0,28339,23,6.769184142033499,28197.582085375656,81.04575163398692,3067,6.382521258497842,0,0,0,0,0,0,0,280.532128868344,0.3902922829787633,0.029426694818119943,10.252029513244672,5.640246575590321,False,False,False,True,False,False
5.0,7095,16,6.195191110040243,2612.9254587155965,71.6931216931217,3067,6.382521258497842,0,0,0,0,0,0,0,966.8780831571529,1.9514614148938163,0.006349910204139002,8.867286523989415,6.875106132192867,False,False,False,True,False,False
22.0,5082,28,6.886454338193009,38450.30477648949,82.80254777070064,3549,6.881313711751069,0,0,0,0,0,0,0,1310.5076741440378,0.6393150718273741,0.004412868944094146,8.533656917446903,7.178932650714923,False,False,False,False,False,True
1471.0,406,34,6.545472555472579,11692.00509294627,71.42857142857143,3549,6.881313711751069,0,0,0,0,0,0,0,15960.591133004926,42.74693048445761,0.0003344310130180888,6.008813185442595,9.677940561085013,False,False,False,False,False,True
3.0,7573,9,6.8066025351311765,33157.667648104965,79.62382445141067,3067,6.382521258497842,0,0,0,0,0,0,0,880.760596857256,1.1708768489362897,0.0065903434753599,8.93247660846174,6.781920587027792,False,False,False,True,False,False
1.0,72,50,6.5004185244497705,20155.465753424658,0.0,2188,6.320059610463039,0,0,0,0,0,0,0,83333.33333333333,0.8886641126398388,4.713558944022991e-05,4.290459441148391,11.330615908104274,True,False,False,False,False,False
1.0,183,22,6.7909057628327325,22554.778989350747,60.0,2188,6.320059610463039,0,0,0,0,0,0,0,29726.775956284157,0.8886641126398388,0.00012076248908668403,5.214935757608986,10.299837105130784,True,False,False,False,False,False
12.0,5808,24,6.808585860485242,22422.602819227166,75.84745762711864,3549,6.881313711751069,0,0,0,0,0,0,0,1162.190082644628,0.34871731190584043,0.005112904600464361,8.667163717992533,7.0589215808184145,False,False,False,False,False,True
51.0,413,26,6.634437296202022,22816.827754624304,73.68421052631578,3549,6.881313711751069,0,0,0,0,0,0,0,16077.481840193705,1.4820485755998218,0.0003489912445921248,6.025865973825314,9.685237125352499,False,False,False,False,False,True
3.0,1990,24,6.843501468948183,23700.668086072834,75.38461538461539,1572,6.528145312958054,0,0,0,0,0,0,0,3472.3618090452264,1.1474812689742986,0.00178732105526426,7.596392304064196,8.152878224987186,False,False,False,False,True,False
12.0,102857,8,6.857325393700843,30104.803095230767,0.0,3549,6.881313711751069,0,0,0,0,0,0,0,77.09732930184624,0.34871731190584043,0.10656050933597964,11.541104675235536,4.357955860381899,False,False,False,False,False,True
12.0,76,28,6.22747829422649,6094.346320346321,0.0,3067,6.382521258497842,0,0,0,0,0,0,0,83289.47368421052,4.683507395745159,5.3548153740783514e-05,4.343805421853684,11.330089460081068,False,False,False,True,False,False
25.0,893100,16,6.831945692708443,36584.260312827224,86.00352112676056,3549,6.881313711751069,0,0,0,0,0,0,0,8.767215317433658,0.7264943998038342,0.9136599878053613,13.702454955366793,2.2790314016235578,False,False,False,False,False,True
1.0,200630,14,6.948366905656778,41404.11177412902,89.62450592885376,2188,6.320059610463039,0,0,0,0,0,0,0,46.70288590938543,0.8886641126398388,0.24561007935028403,12.209222678961282,3.8649918973091464,True,False,False,False,False,False
2.0,2867,21,6.195191110040243,2612.9254587155965,66.0,3067,6.382521258497842,0,0,0,0,0,0,0,2235.78653644925,0.7805845659575266,0.0023918071517600283,7.961370201719511,7.712795532908917,False,False,False,True,False,False
1.0,185,71,6.5264781364721145,17147.534565370464,66.66666666666666,2188,6.320059610463039,0,0,0,0,0,0,0,34594.59459459459,0.8886641126398388,0.0001453884083892175,5.225746673713202,10.451481629083798,True,False,False,False,False,False
1.0,47,15,6.548792989998894,10128.71560623309,0.0,3067,6.382521258497842,0,0,0,0,0,0,0,177234.0425531915,0.3902922829787633,4.184535454761753e-05,3.871201010907891,12.085232054673952,False,False,False,True,False,False
1.0,4953,23,6.604842707205482,20851.246346539916,77.29468599033817,3067,6.382521258497842,0,0,0,0,0,0,0,1150.817686250757,0.3902922829787633,0.0036793672278228762,8.507950610049305,7.04909657026876,False,False,False,True,False,False
3.0,7118,39,6.770471086027172,23233.273404106516,71.98581560283688,1572,6.528145312958054,0,0,0,0,0,0,0,1048.0472042708627,1.1474812689742986,0.006928527849007496,8.870522545103873,6.95563760668878,False,False,False,False,True,False
1.0,127,35,6.662948251583755,24178.094281909634,50.0,3067,6.382521258497842,0,0,0,0,0,0,0,40157.48031496063,0.3902922829787633,7.53179472158903e-05,4.852030263919617,10.600588912886698,False,False,False,True,False,False
1.0,251,15,6.5004185244497705,20155.465753424658,60.0,610,5.665348780241979,0,0,0,0,0,0,0,19482.07171314741,0.13788144168663172,0.00015105754378043633,5.529429087511423,9.877301250245324,False,False,True,False,False,False
1.0,48,19,6.567092475492856,16085.7971255769,0.0,3067,6.382521258497842,0,0,0,0,0,0,0,119791.66666666667,0.3902922829787633,2.6753355722088866e-05,3.8918202981106265,11.693517749656886,False,False,False,True,False,False
243.0,5330,21,6.773653912600934,25676.875947940684,77.27272727272727,3549,6.881313711751069,0,0,0,0,0,0,0,1365.8536585365855,7.061525566093269,0.005060433414174582,8.581294116822761,7.2202667779842855,False,False,False,False,False,True
12.0,48549,16,6.932395497086653,40919.38203632556,79.59183673469387,3549,6.881313711751069,0,0,0,0,0,0,0,148.09779810088776,0.34871731190584043,0.045598202069033526,10.790349473719472,5.004602453726621,False,False,False,False,False,True
2.0,4296,14,6.961663025178041,35969.212050816786,78.13953488372093,3067,6.382521258497842,0,0,0,0,0,0,0,1634.0782122905027,0.7805845659575266,0.003930985903073327,8.365672383774996,7.399445918450541,False,False,False,True,False,False
13.0,7170,18,6.48976219033308,13161.231651645769,78.02197802197803,610,5.665348780241979,0,0,0,0,0,0,0,887.0292887029289,1.7924587419262124,0.005948732969321361,8.877800393882575,6.789004725221819,False,False,True,False,False,False
12.37420167311325,9867,30,6.22747829422649,6094.346320346321,0.0,3549,6.881313711751069,0,0,0,0,0,0,0,656.3401228859196,0.35959152870240046,0.00833953730865842,9.197052477649247,6.488201575375083,False,False,False,False,False,True
1.0,2322,34,6.8584341309199734,26498.15737990726,60.0,3067,6.382521258497842,0,0,0,0,0,0,0,3204.134366925065,0.3902922829787633,0.0022478523999118834,7.750614732770409,8.072509292633564,False,False,False,True,False,False
5.0,378,49,6.843501468948183,23700.668086072834,50.0,610,5.665348780241979,0,0,0,0,0,0,0,17645.502645502645,0.6894072084331586,0.0003201085741707642,5.937536205082426,9.778292892330608,False,False,True,False,False,False
2.0,1973,24,6.195191110040243,2612.9254587155965,71.7948717948718,3067,6.382521258497842,0,0,0,0,0,0,0,3066.3963507349213,0.7805845659575266,0.0015502795967826102,7.587817219993427,8.02858438652272,False,False,False,True,False,False
3.0,166,37,5.7918085106382975,2324.3617021276596,50.0,1572,6.528145312958054,0,0,0,0,0,0,0,28132.530120481926,1.1474812689742986,9.197911672702714e-05,5.117993812416755,10.244717386695335,False,False,False,False,True,False
39.0,1220,19,6.90183592070378,30446.521690952588,65.21739130434783,3549,6.881313711751069,0,0,0,0,0,0,0,5713.11475409836,1.1333312636939814,0.0011017071358030734,7.107425474110705,8.65069466556042,False,False,False,False,False,True
12.37420167311325,107,20,6.66391737475365,18028.293509500556,0.0,3549,6.881313711751069,0,0,0,0,0,0,0,60524.37376182589,0.35959152870240046,8.122925949991967e-05,4.68213122712422,11.010817957116823,False,False,False,False,False,True
1.0,2247,12,6.869352523048465,30787.605700536522,0.0,1572,6.528145312958054,0,0,0,0,0,0,0,3827.3253226524253,0.38249375632476623,0.0025155024859137187,7.717796211013582,8.250182733980743,False,False,False,False,True,False
2.0,5372,11,6.8536771222611135,31464.02259427918,75.25773195876289,3067,6.382521258497842,0,0,0,0,0,0,0,1103.8719285182428,0.7805845659575266,0.004152843903988406,8.589141690728821,7.007484705441276,False,False,False,True,False,False
1.0,81,22,6.58558055977916,14312.419903361644,0.0,2188,6.320059610463039,0,0,0,0,0,0,0,72469.13580246914,0.8886641126398388,5.2815177258996525e-05,4.406719247264253,11.190929836014488,True,False,False,False,False,False
1.0,45,13,6.7921340428944,31872.547252092783,100.0,2188,6.320059610463039,0,0,0,0,0,0,0,106222.22222222223,0.8886641126398388,1.879644525135304e-05,3.828641396489095,11.573298028878947,True,False,False,False,False,False
12.0,19708,14,6.847385010032312,23731.80439938205,80.0557880055788,3549,6.881313711751069,0,0,0,0,0,0,0,352.6486705906231,0.34871731190584043,0.017886633389105438,9.888830663192495,5.868303964364579,False,False,False,False,False,True
2.0,156,17,6.779782172998328,33631.42093373494,33.33333333333333,3067,6.382521258497842,0,0,0,0,0,0,0,36602.5641025641,0.7805845659575266,0.00010707503521288622,5.056245805348308,10.507900894499826,False,False,False,True,False,False
1.0,286,15,5.558589488847307,349.1694444444444,0.0,2188,6.320059610463039,0,0,0,0,0,0,0,22643.73423956423,0.8886641126398388,0.00023268798294247823,5.659482215759621,10.027682619978158,True,False,False,False,False,False
20.0,73,9,5.558589488847307,349.1694444444444,0.0,3549,6.881313711751069,0,0,0,0,0,0,0,82191.7808219178,0.5811955198430674,4.7919521506312255e-05,4.30406509320417,11.316822752636591,False,False,False,False,False,True
1.0,8405,5,6.968193155372553,40339.59722621516,72.04968944099379,3067,6.382521258497842,0,0,0,0,0,0,0,828.0785246876859,0.3902922829787633,0.007633873338571975,9.036701015565063,6.720314872829994,False,False,False,True,False,False
1.0,855,43,6.885395254408697,28531.805853399554,85.71428571428571,1572,6.528145312958054,0,0,0,0,0,0,0,8725.14619883041,0.38249375632476623,0.0008240514635311407,6.752270376141742,9.07407910793587,False,False,False,False,True,False
11.0,70822,27,6.743327140348654,29129.45385265709,85.10258697591436,3549,6.881313711751069,0,0,0,0,0,0,0,116.7716246364124,0.31965753591368706,0.07651525851474478,11.167939085683692,4.768747364752044,False,False,False,False,False,True
39.0,411,28,6.7386854344927904,25484.615661672666,91.66666666666666,3549,6.881313711751069,0,0,0,0,0,0,0,16788.321167883212,1.1333312636939814,0.00036121797171612255,6.021023349349527,9.728498318514708,False,False,False,False,False,True
1.0,42,26,6.726881389735055,20338.098088288767,100.0,1572,6.528145312958054,0,0,0,0,0,0,0,101666.66666666666,0.38249375632476623,1.4124210137502241e-05,3.7612001156935624,11.529464602938639,False,False,False,False,True,False
4.0,9102,24,6.9084008859802815,37802.51354593162,79.06976744186046,610,5.665348780241979,0,0,0,0,0,0,0,711.9314436387608,0.5515257667465269,0.007696870119402353,9.116359308505288,6.569385263812101,False,False,True,False,False,False
6.0,6337,38,6.5970797128209036,29895.67701079054,66.82027649769586,1572,6.528145312958054,0,0,0,0,0,0,0,1054.1265583083477,2.294962537948597,0.005521484767092706,8.754318540250866,6.96141599919733,False,False,False,False,True,False
26.0,139,5,6.5004185244497705,20155.465753424658,0.0,3549,6.881313711751069,0,0,0,0,0,0,0,47266.18705035972,0.7555541757959876,0.00011001086080036461,4.941642422609304,10.763571613879511,False,False,False,False,False,True
26.0,1065,11,6.726881389735055,20338.098088288767,66.66666666666666,3549,6.881313711751069,0,0,0,0,0,0,0,6760.56338028169,0.7555541757959876,0.0009925576611355413,6.97166860472579,8.819009411570834,False,False,False,False,False,True
3.0,7376,18,6.844614966234576,28383.127744251182,73.64341085271317,3067,6.382521258497842,0,0,0,0,0,0,0,1046.637744034707,1.1708768489362897,0.007430563170340405,8.906122330884303,6.9542931410363655,False,False,False,True,False,False
26.0,670,32,6.744524531479761,27589.223936695056,50.0,3549,6.881313711751069,0,0,0,0,0,0,0,9089.55223880597,0.7555541757959876,0.0005238054822216014,6.508769136971682,9.114990937670067,False,False,False,False,False,True
2.0,443,27,6.7216736474977665,27617.606688226693,57.14285714285714,3067,6.382521258497842,0,0,0,0,0,0,0,12866.817155756207,0.7805845659575266,0.00032061029069305696,6.095824562432225,9.4624846790379,False,False,False,True,False,False
1.0,283,24,6.195191110040243,2612.9254587155965,80.0,3067,6.382521258497842,0,0,0,0,0,0,0,20318.021201413427,0.3902922829787633,0.00020330138977105096,5.648974238161206,9.919312731310464,False,False,False,True,False,False
51.0,16484,16,6.6520969072477385,19267.65467659476,78.67494824016563,3549,6.881313711751069,0,0,0,0,0,0,0,458.62654695462265,1.4820485755998218,0.01627283606408209,9.710206155505832,6.130414305304372,False,False,False,False,False,True
1.0,57,13,5.879225467208256,3053.415760869565,0.0,447,5.588299776286353,0,0,0,0,0,0,0,72456.14035087719,0.9078461025802542,2.1450055295041786e-05,4.060443010546419,11.190750498460211,False,True,False,False,False,False
12.37420167311325,4139,15,6.886454338193009,38450.30477648949,0.0,3549,6.881313711751069,0,0,0,0,0,0,0,1564.6552289237425,0.35959152870240046,0.003492858158496546,8.32845106681936,7.356059691982239,False,False,False,False,False,True
26.0,178553,13,6.8873779809596005,36426.83482602904,83.64704110826683,3549,6.881313711751069,0,0,0,0,0,0,0,45.14065851595885,0.7555541757959876,0.18802165629623627,12.09264635545998,3.831694524771175,False,False,False,False,False,True
22.0,293,37,5.7918085106382975,2324.3617021276596,66.66666666666666,3549,6.881313711751069,0,0,0,0,0,0,0,19044.368600682592,0.6393150718273741,0.00020430612936907984,5.683579767338681,9.854579232922452,False,False,False,False,False,True
1.0,2062,58,6.728879252982257,24172.086087666834,71.60493827160494,610,5.665348780241979,0,0,0,0,0,0,0,3195.926285160039,0.13788144168663172,0.0017661130797698456,7.631916513071252,8.069945091290116,False,False,True,False,False,False
10.0,582,14,6.510263751421897,20545.19121004566,66.66666666666666,3067,6.382521258497842,0,0,0,0,0,0,0,10137.45704467354,3.9029228297876326,0.00043933680210122856,6.368187186350492,9.2240911003473,False,False,False,True,False,False
1.0,127,26,6.779782172998328,33631.42093373494,0.0,2188,6.320059610463039,0,0,0,0,0,0,0,46062.992125984245,0.8886641126398388,8.776286876494757e-05,4.852030263919617,10.737786841915511,True,False,False,False,False,False
24.0,12169,20,6.797549575220548,32071.46045528033,78.90995260663507,3549,6.881313711751069,0,0,0,0,0,0,0,529.2135754786754,0.6974346238116809,0.010229937542396504,9.406729185981574,6.273279897975789,False,False,False,False,False,True
42.0,1805,39,6.917343385015634,30721.894178783914,71.875,3549,6.881313711751069,0,0,0,0,0,0,0,4127.423822714682,1.2205105916704415,0.001747647559953276,7.498869733976931,8.32565097212244,False,False,False,False,False,True
1.0,130,11,4.9263479368027125,4281.747368421053,100.0,2188,6.320059610463039,0,0,0,0,0,0,0,29153.846153846156,0.8886641126398388,5.506636884209633e-05,4.875197323201151,10.280376426806324,True,False,False,False,False,False
26.0,748,21,6.8949014445340095,22281.547061369845,78.57142857142857,3549,6.881313711751069,0,0,0,0,0,0,0,8355.614973262032,0.7555541757959876,0.0006015062155047969,6.618738983517219,9.030808716577027,False,False,False,False,False,True
73.0,310,14,6.728879252982257,24172.086087666834,50.0,3549,6.881313711751069,0,0,0,0,0,0,0,21709.67741935484,2.121363647427196,0.00026327872559356796,5.739792912179234,9.985559465488011,False,False,False,False,False,True
2.0,139013,21,6.916164140930671,40912.20008147431,79.27590511860176,1572,6.528145312958054,0,0,0,0,0,0,0,56.03792451065728,0.7649875126495325,0.14147883735984218,11.842329926465428,4.04371638888473,False,False,False,False,True,False
1.0,49553,17,6.929999946205236,27731.551475591194,80.82901554404145,2188,6.320059610463039,0,0,0,0,0,0,0,145.5007769458963,0.8886641126398388,0.04667085892816089,10.810818263038772,4.987030731828017,True,False,False,False,False,False
4.0,5067,62,6.5004185244497705,20155.465753424658,67.0391061452514,1572,6.528145312958054,0,0,0,0,0,0,0,1430.826919281626,1.529975025299065,0.004790414546779735,8.53070154144103,7.266706473792211,False,False,False,False,True,False
26.0,2258,30,6.714263331890276,19394.328975757653,71.03448275862068,3549,6.881313711751069,0,0,0,0,0,0,0,3038.0868024800707,0.7555541757959876,0.0020145280859769073,7.7226775164680035,8.019312355351946,False,False,False,False,False,True
13.0,133,11,6.662948251583755,24178.094281909634,0.0,3549,6.881313711751069,0,0,0,0,0,0,0,50150.375939849626,0.3777770878979938,0.00010659814320601946,4.897839799950911,10.822801229501238,False,False,False,False,False,True
14.0,14310,38,6.7842301997157435,23284.036834831608,78.39506172839506,1572,6.528145312958054,0,0,0,0,0,0,0,485.6743535988819,5.354912588546727,0.012984954425046777,9.568783751310876,6.1875952209757275,False,False,False,False,True,False
3.0,1220,29,6.195191110040243,2612.9254587155965,52.0,3067,6.382521258497842,0,0,0,0,0,0,0,4729.508196721312,1.1708768489362897,0.0009104277116789806,7.107425474110705,8.461787916881887,False,False,False,True,False,False
1.0,1906,39,6.794607080130419,17996.367678958784,71.23287671232876,1572,6.528145312958054,0,0,0,0,0,0,0,3247.6390346274925,0.38249375632476623,0.0015321825250370993,7.553286605600419,8.08599142904377,False,False,False,False,True,False
1.0,8731,13,5.879225467208256,3053.415760869565,71.49758454106279,447,5.588299776286353,0,0,0,0,0,0,0,871.6069178788226,0.9078461025802542,0.008671813766152883,9.074749717669835,6.771485188550385,False,True,False,False,False,False
9.0,22823,32,6.9163355475353585,38262.47235340299,71.76470588235294,1572,6.528145312958054,0,0,0,0,0,0,0,322.0435525566315,3.442443806922896,0.021908002372324143,10.035567892893337,5.77778715176951,False,False,False,False,True,False
1.0,575,68,6.756379223895332,24835.59366045604,83.33333333333334,2188,6.320059610463039,0,0,0,0,0,0,0,11408.695652173912,0.8886641126398388,0.0004835244395594035,6.3561076606958915,9.342218768720695,True,False,False,False,False,False
24.0,64697,10,6.796871963337037,34852.178836584586,82.59574468085107,3549,6.881313711751069,0,0,0,0,0,0,0,114.37933752724238,0.6974346238116809,0.06254295769852221,11.077485568110127,4.748225287152027,False,False,False,False,False,True
8.0,934,27,6.726162369696763,43459.17777344238,74.19354838709677,3549,6.881313711751069,0,0,0,0,0,0,0,6895.07494646681,0.23247820793722695,0.0007765791507160807,6.840546529288687,8.838707680391607,False,False,False,False,False,True
3.0,1312,12,6.195191110040243,2612.9254587155965,56.09756097560976,3067,6.382521258497842,0,0,0,0,0,0,0,4596.036585365854,1.1708768489362897,0.0010243539457358414,7.180069874302796,8.433167154305309,False,False,False,True,False,False
2.0,4412,13,6.735691132363756,35523.32279163113,75.72254335260115,3067,6.382521258497842,0,0,0,0,0,0,0,1595.6482320942882,0.7805845659575266,0.004048910190667208,8.392310009269547,7.375661856009002,False,False,False,True,False,False
1.0,129,10,4.9263479368027125,4281.747368421053,100.0,2188,6.320059610463039,0,0,0,0,0,0,0,35813.95348837209,0.8886641126398388,6.856045280626047e-05,4.867534450455582,10.486120780384358,True,False,False,False,False,False
130.0,677,11,6.609341826856482,8679.914522175011,73.33333333333333,3549,6.881313711751069,0,0,0,0,0,0,0,9158.050221565732,3.777770878979938,0.000539105223044642,6.519147287940395,9.12249776469025,False,False,False,False,False,True
90.0,80,15,6.542958467678293,16872.417365775556,0.0,3549,6.881313711751069,0,0,0,0,0,0,0,79125.0,2.6153798392938032,5.6856347059651016e-05,4.394449154672439,11.278796797597263,False,False,False,False,False,True
13.0,11779,24,6.80517077564317,24629.92882132775,82.59803921568627,3549,6.881313711751069,0,0,0,0,0,0,0,676.6278971050174,0.3777770878979938,0.012256437210162346,9.374158457205578,6.518598312952315,False,False,False,False,False,True
25.0,133620,19,6.929082157633005,34511.34289073097,85.11278195488721,3549,6.881313711751069,0,0,0,0,0,0,0,65.184852566981,0.7264943998038342,0.1520513280231877,11.802762713361059,4.192451623573633,False,False,False,False,False,True
1.0,1804,48,6.756666247949616,33467.04005336848,67.67676767676768,2188,6.320059610463039,0,0,0,0,0,0,0,3386.917960088692,0.8886641126398388,0.0014308331744270863,7.498315870766981,8.127970840628906,True,False,False,False,False,False
7.0,4588,13,6.662948251583755,24178.094281909634,79.23076923076923,610,5.665348780241979,0,0,0,0,0,0,0,1320.8369659982561,0.965170091806422,0.0036233396030599706,8.431417414394833,7.1867776890534225,False,False,True,False,False,False
42.0,14869,29,6.8462550832714255,30498.13988236313,79.6934865900383,3549,6.881313711751069,0,0,0,0,0,0,0,529.2891250252203,1.2205105916704415,0.015279854140491007,9.6071010394542,6.273422376720325,False,False,False,False,False,True
12.37420167311325,53,7,6.754818962416433,37513.979954289374,0.0,610,5.665348780241979,0,0,0,0,0,0,0,94339.62264150944,1.706172766409985,2.531614693427123e-05,3.9889840465642745,11.454667156790073,False,False,True,False,False,False
52.0,2102,15,6.924404576262872,28405.813884355463,72.6027397260274,3549,6.881313711751069,0,0,0,0,0,0,0,3472.882968601332,1.5111083515919752,0.0019955464775501665,7.6511201757027,8.153028258438939,False,False,False,False,False,True
1.0,30684,32,6.910701171443393,33418.08430654535,80.43478260869566,2188,6.320059610463039,0,0,0,0,0,0,0,253.2264372311302,0.8886641126398388,0.031140844593475932,10.331529214823197,5.53822535504358,True,False,False,False,False,False
1.0,1405,20,6.741621400639805,25291.837019617848,79.54545454545455,2188,6.320059610463039,0,0,0,0,0,0,0,4512.455516014235,0.8886641126398388,0.0011545310915225889,7.2485040723706105,8.41481832892676,True,False,False,False,False,False
5.0,1070,28,6.851297034979002,21737.86723327578,37.5,3067,6.382521258497842,0,0,0,0,0,0,0,7214.953271028037,1.9514614148938163,0.0010699578871267385,6.976348070447749,8.88404958597704,False,False,False,True,False,False
2.0,1745,30,6.359366963355418,11932.715585159718,72.5,3067,6.382521258497842,0,0,0,0,0,0,0,3799.426934097421,0.7805845659575266,0.0015022898888039358,7.465082736399547,8.242868690481837,False,False,False,True,False,False
52.0,4197,8,6.6520969072477385,19267.65467659476,68.08510638297872,3549,6.881313711751069,0,0,0,0,0,0,0,1610.6742911603526,1.5111083515919752,0.003697609327000612,8.342363500380579,7.385028850021136,False,False,False,False,False,True
1.0,162,34,6.810042529424079,23098.545244676698,75.0,3067,6.382521258497842,0,0,0,0,0,0,0,35370.37037037037,0.3902922829787633,0.00011197461062590091,5.093750200806762,10.473658025310195,False,False,False,True,False,False
2.0,3237,17,6.195191110040243,2612.9254587155965,67.6056338028169,3067,6.382521258497842,0,0,0,0,0,0,0,2057.4606116774794,0.7805845659575266,0.0028074152693608025,8.08271113423758,7.629713706549108,False,False,False,True,False,False
4.0,15425,7,6.597401542559267,33766.88983017904,80.57692307692308,3067,6.382521258497842,0,0,0,0,0,0,0,435.00810372771474,1.5611691319150531,0.013513749267455407,9.643809676493944,6.077660829707763,False,False,False,True,False,False
1.0,108,7,6.20715799971213,18909.371794871793,0.0,1572,6.528145312958054,0,0,0,0,0,0,0,39537.03703703703,0.38249375632476623,5.094549928139012e-05,4.6913478822291435,10.585018450500778,False,False,False,False,True,False
1.0,904,21,6.885625457752329,35080.36109154519,70.0,2188,6.320059610463039,0,0,0,0,0,0,0,7323.008849557522,0.8886641126398388,0.0007725967758203824,6.807934943699926,8.898913114089346,True,False,False,False,False,False
3.0,1396,13,6.195191110040243,2612.9254587155965,61.53846153846154,3067,6.382521258497842,0,0,0,0,0,0,0,4534.383954154728,1.1708768489362897,0.0011452519489670609,7.242082359256962,8.419665023608106,False,False,False,True,False,False
13.0,2606,11,6.841176013325196,32580.833277599577,74.72527472527473,3549,6.881313711751069,0,0,0,0,0,0,0,2310.0537221795853,0.3777770878979938,0.0020404292014402675,7.865955413933502,7.7454588562956594,False,False,False,False,False,True
1.0,2438,26,6.854123792605303,33983.76471893452,76.47058823529412,2188,6.320059610463039,0,0,0,0,0,0,0,2895.816242821985,0.8886641126398388,0.0022395688510802795,7.79934339821592,7.9713675655960206,True,False,False,False,False,False
78.0,12673,14,6.701988872193451,21504.309158562843,78.0952380952381,3549,6.881313711751069,0,0,0,0,0,0,0,616.2708119624398,2.266662527387963,0.012922452827971474,9.447307929883463,6.425307844890476,False,False,False,False,False,True
1.0,1257,15,6.514457055181107,18378.00806905534,50.0,2188,6.320059610463039,0,0,0,0,0,0,0,5441.527446300715,0.8886641126398388,0.0011140514527369833,7.1372784372603855,8.601998836054317,True,False,False,False,False,False
12.0,19761,9,6.7991940742801775,32345.154445773165,81.59126365054603,3549,6.881313711751069,0,0,0,0,0,0,0,299.07393350538945,0.34871731190584043,0.015249604815167779,9.891516180754907,5.704028889311581,False,False,False,False,False,True
10.0,161,25,6.58558055977916,14312.419903361644,0.0,3067,6.382521258497842,0,0,0,0,0,0,0,35155.27950310559,3.9029228297876326,0.00010975346977200091,5.087596335232384,10.467558530020026,False,False,False,True,False,False
1.0,44,12,6.289007148338809,2755.141935483871,0.0,2188,6.320059610463039,0,0,0,0,0,0,0,212045.45454545453,0.8886641126398388,4.43291126436551e-05,3.8066624897703196,12.264560654864134,True,False,False,False,False,False
1.0,178,16,6.738764959228531,20850.338920467482,75.0,2188,6.320059610463039,0,0,0,0,0,0,0,30393.25842696629,0.8886641126398388,0.00011651096418163074,5.187385805840755,10.322009002022591,True,False,False,False,False,False
1.0,337,8,5.977416434118999,20723.026022629067,100.0,447,5.588299776286353,0,0,0,0,0,0,0,13175.074183976261,0.9078461025802542,0.0001861894593219168,5.823045895483019,9.486157902076618,False,True,False,False,False,False
100.0,98,24,5.558589488847307,349.1694444444444,0.0,3549,6.881313711751069,0,0,0,0,0,0,0,70612.24489795919,2.905977599215337,7.929770900470169e-05,4.59511985013459,11.164973010672714,False,False,False,False,False,True
1.0,930,28,6.845793660424124,37830.718553780775,77.77777777777779,1572,6.528145312958054,0,0,0,0,0,0,0,6559.1397849462355,0.38249375632476623,0.0007319002491631607,6.836259277277067,8.788767190391937,False,False,False,False,True,False
10.0,53,26,5.775788441476067,5728.942895299145,0.0,3549,6.881313711751069,0,0,0,0,0,0,0,113207.54716981133,0.2905977599215337,3.22408801846653e-05,3.9889840465642745,11.636986946934528,False,False,False,False,False,True
3.0,104,25,6.464641336937508,8548.357906466646,0.0,610,5.665348780241979,0,0,0,0,0,0,0,43557.69230769231,0.4136443250598951,5.224682651108682e-05,4.653960350157523,10.681864556111707,False,False,True,False,False,False
1.0,5050,41,6.883380512152217,40718.61410250869,74.75247524752476,1572,6.528145312958054,0,0,0,0,0,0,0,1396.0396039603959,0.38249375632476623,0.004642349377798432,8.527341522468053,7.24211070814675,False,False,False,False,True,False
52.0,5112,27,6.814886874855113,30798.131098690552,71.08433734939759,3549,6.881313711751069,0,0,0,0,0,0,0,1404.5383411580594,1.5111083515919752,0.004786287144451811,8.53954159508,7.2481756693470185,False,False,False,False,False,True
3.0,928,8,6.195191110040243,2612.9254587155965,62.5,3067,6.382521258497842,0,0,0,0,0,0,0,6336.206896551724,1.1708768489362897,0.0007036316588602313,6.834108738813838,8.754193397765102,False,False,False,True,False,False
1.0,1120,7,6.890329289432849,27354.8819659391,73.17073170731707,3067,6.382521258497842,0,0,0,0,0,0,0,6357.142857142857,0.3902922829787633,0.0010325904586434799,7.02197642307216,8.757491610098926,False,False,False,True,False,False
1.0,241,53,6.771173556088591,32065.469107112265,0.0,2188,6.320059610463039,0,0,0,0,0,0,0,26514.522821576764,0.8886641126398388,0.00019190040442332664,5.488937726156687,10.185485607331831,True,False,False,False,False,False
1.0,213,65,6.604052540744851,24695.76990601395,33.33333333333333,3067,6.382521258497842,0,0,0,0,0,0,0,16384.976525821596,0.3902922829787633,8.781774400957334e-05,5.365976015021851,9.704181158125461,False,False,False,True,False,False
1.0,40,13,5.775788441476067,5728.942895299145,0.0,447,5.588299776286353,0,0,0,0,0,0,0,125000.0,0.9078461025802542,1.6823549551712464e-05,3.713572066704308,11.736077016252437,False,True,False,False,False,False
2.0,6742,8,6.602205255211668,28742.709806934843,72.72727272727273,3067,6.382521258497842,0,0,0,0,0,0,0,1021.9519430436073,0.7805845659575266,0.006059944185322689,8.816260208734581,6.930447788351234,False,False,False,True,False,False
3.0,972,24,6.694849741824683,16710.93715997675,68.42105263157895,3067,6.382521258497842,0,0,0,0,0,0,0,6028.806584362141,1.1708768489362897,0.0007348948696555953,6.880384082186005,8.704470213644965,False,False,False,True,False,False
1.0,2306,25,6.664146117371874,24367.025885534615,50.0,2188,6.320059610463039,0,0,0,0,0,0,0,2571.5524718126626,0.8886641126398388,0.0017773494393836925,7.7437032581737535,7.852653864706273,True,False,False,False,False,False
13.0,32,22,6.192033733782523,14274.946127419527,0.0,3549,6.881313711751069,0,0,0,0,0,0,0,218750.0,0.3777770878979938,1.9959277816041852e-05,3.4965075614664802,12.295689375637984,False,False,False,False,False,True
1.0,14934,49,6.9045239284490165,43886.75405812203,68.68884540117418,1572,6.528145312958054,0,0,0,0,0,0,0,455.3368153207446,0.38249375632476623,0.013258899485539254,9.61146273065021,6.123231166950785,False,False,False,False,True,False
2.0,605,32,6.195191110040243,2612.9254587155965,63.63636363636363,3067,6.382521258497842,0,0,0,0,0,0,0,8909.090909090908,0.7805845659575266,0.00041675302583083954,6.406879986069314,9.09493972345331,False,False,False,True,False,False
2.0,3877,14,6.359366963355418,11932.715585159718,69.35483870967742,3067,6.382521258497842,0,0,0,0,0,0,0,1805.5197317513541,0.7805845659575266,0.0035365478709171072,8.263074835802596,7.499157473169258,False,False,False,True,False,False
10.0,91049,34,6.891282696180802,34062.743120966035,80.98568098568099,3549,6.881313711751069,0,0,0,0,0,0,0,80.50610111039111,0.2905977599215337,0.08718865430052951,11.419164085155755,4.400677877695126,False,False,False,False,False,True
1.0,376,19,6.110232844165658,8601.531333250083,50.0,447,5.588299776286353,0,0,0,0,0,0,0,16489.36170212766,0.9078461025802542,0.00029527621942416246,5.932245187448011,9.710531349947873,False,True,False,False,False,False
26.0,4838,30,6.798461798496186,21905.58663138578,81.16883116883116,3549,6.881313711751069,0,0,0,0,0,0,0,1490.2852418354692,0.7555541757959876,0.00454820958908949,8.48446336679332,7.307393605545605,False,False,False,False,False,True
1.0,296,11,6.8329470467732,27904.61452353155,33.33333333333333,3067,6.382521258497842,0,0,0,0,0,0,0,17871.621621621623,0.3902922829787633,0.0001952778450746981,5.6937321388027,9.7910253025764,False,False,False,True,False,False
10.0,21805,52,6.797217703082447,29742.06310700886,75.77464788732394,3549,6.881313711751069,0,0,0,0,0,0,0,336.1614308644806,0.2905977599215337,0.0208734210936464,9.989940440266327,5.820561838994047,False,False,False,False,False,True
1.0,575,33,6.649945575696176,27283.1688002008,72.22222222222221,3067,6.382521258497842,0,0,0,0,0,0,0,11547.82608695652,0.3902922829787633,0.0004895345853993682,6.3561076606958915,9.354339073291557,False,False,False,True,False,False
1.0,317,7,6.289007148338809,2755.141935483871,60.0,1572,6.528145312958054,0,0,0,0,0,0,0,19463.72239747634,0.38249375632476623,0.00024623996213726806,5.762051382780177,9.876358998318215,False,False,False,False,True,False
1.0,483,45,6.490336269696487,6754.518842086047,75.0,2188,6.320059610463039,0,0,0,0,0,0,0,13706.00414078675,0.8886641126398388,0.00040845771801824483,6.182084906716632,9.525662232324189,True,False,False,False,False,False
6.0,6385,19,6.722439214207467,33791.42114744666,77.64227642276423,3067,6.382521258497842,0,0,0,0,0,0,0,1003.9154267815192,2.3417536978725795,0.005338134815817037,8.761863373274727,6.91265866449596,False,False,False,True,False,False
1.0,33633,48,6.915879652663198,33345.786642493054,78.85558583106267,2188,6.320059610463039,0,0,0,0,0,0,0,219.72467517021974,0.8886641126398388,0.0324648000222601,10.423292739082695,5.396916111137315,True,False,False,False,False,False
1.0,31856,33,6.77960349153899,31711.60097237719,82.36472945891784,1572,6.528145312958054,0,0,0,0,0,0,0,261.80311401305875,0.38249375632476623,0.03470307893767808,10.369012417071955,5.571405135905011,False,False,False,False,True,False
1.0,103,46,6.26522859704693,4177.704926926859,0.0,3067,6.382521258497842,0,0,0,0,0,0,0,58252.42718446602,0.3902922829787633,7.143748348878269e-05,4.6443908991413725,10.972558205482015,False,False,False,True,False,False
12.0,258914,28,6.84051898277667,31782.361940299616,84.18977526613222,3549,6.881313711751069,0,0,0,0,0,0,0,32.250090763728494,0.34871731190584043,0.28245864933007153,12.464255101488899,3.5040574968343328,False,False,False,False,False,True
1.0,482,19,6.557242563528273,15477.932372939242,50.0,2188,6.320059610463039,0,0,0,0,0,0,0,14253.11203319502,0.8886641126398388,0.00042333674863248783,6.180016653652572,9.564800707803274,True,False,False,False,False,False
52.0,13624,28,6.852570160823355,32451.345283324314,75.64935064935064,3549,6.881313711751069,0,0,0,0,0,0,0,478.5672342924251,1.5111083515919752,0.011596608122908051,9.519661619531444,6.172884101996388,False,False,False,False,False,True
25.0,42,26,6.5004185244497705,20155.465753424658,0.0,3549,6.881313711751069,0,0,0,0,0,0,0,135000.0,0.7264943998038342,2.180674438510925e-05,3.7612001156935624,11.813037464800539,False,False,False,False,False,True
50.0,439,17,6.792676124684396,30971.21740443294,66.66666666666666,3549,6.881313711751069,0,0,0,0,0,0,0,15694.760820045558,1.4529887996076685,0.00038588700728229056,6.0867747269123065,9.661145943414676,False,False,False,False,False,True
26.0,79026,16,6.83262700342976,28465.885074157162,84.31232091690545,610,5.665348780241979,0,0,0,0,0,0,0,98.9547743780528,3.5849174838524247,0.08073351595602042,11.27754484521026,4.604717827469931,False,False,True,False,False,False
1.0,3979,16,6.830647722977677,35450.30848566429,79.59183673469387,3067,6.382521258497842,0,0,0,0,0,0,0,1713.9984920834381,0.3902922829787633,0.003536257816052657,8.289037098278483,7.447167480348014,False,False,False,True,False,False
1.0,490,11,6.174481529399562,6488.042066669189,91.66666666666666,447,5.588299776286353,0,0,0,0,0,0,0,11265.30612244898,0.9078461025802542,0.0003440890560722232,6.19644412779452,9.329571791324891,False,True,False,False,False,False
1.0,1577,28,6.8555166639998815,29025.17143968089,63.1578947368421,2188,6.320059610463039,0,0,0,0,0,0,0,4007.609384908054,0.8886641126398388,0.0012928872618654626,7.363913501405819,8.296199673350193,True,False,False,False,False,False
1.0,23130,52,6.9991527367920785,29224.91358909553,74.86865148861646,2188,6.320059610463039,0,0,0,0,0,0,0,355.8149589277994,0.8886641126398388,0.024862230765053825,10.0489289881863,5.87721732507309,True,False,False,False,False,False
1.0,207,8,6.5004185244497705,20155.465753424658,100.0,2188,6.320059610463039,0,0,0,0,0,0,0,28067.63285024154,0.8886641126398388,0.00014782774366817704,5.337538079701318,10.24240796315525,True,False,False,False,False,False
13.0,30403,30,6.439627965757445,19821.63496999104,77.54491017964071,3549,6.881313711751069,0,0,0,0,0,0,0,214.78143604249584,0.3777770878979938,0.02592990573590123,10.322329457685932,5.374266025224303,False,False,False,False,False,True
2.0,30063,13,6.7728198451635695,10867.081901989324,73.07692307692307,3067,6.382521258497842,0,0,0,0,0,0,0,263.7793966004723,0.7805845659575266,0.031138873004329735,10.311083721653247,5.578897013635672,False,False,False,True,False,False
1.0,1523,24,6.195191110040243,2612.9254587155965,60.0,3067,6.382521258497842,0,0,0,0,0,0,0,4064.346684175968,0.3902922829787633,0.0012224287543194246,7.329093736246592,8.310254303505479,False,False,False,True,False,False
1.0,74,21,6.40169871215857,11208.264643466027,0.0,2188,6.320059610463039,0,0,0,0,0,0,0,77702.7027027027,0.8886641126398388,4.628632970197403e-05,4.31748811353631,11.26065818905177,True,False,False,False,False,False
1.0,17443,24,6.913054347165519,32650.80792339709,78.38541666666666,1572,6.528145312958054,0,0,0,0,0,0,0,444.30430545204376,0.38249375632476623,0.017653106559386726,9.766751028962657,6.098757880935853,False,False,False,False,True,False
11.0,22229,19,7.004459215829773,33094.863710666425,83.49328214971209,3549,6.881313711751069,0,0,0,0,0,0,0,336.4973683026677,0.31965753591368706,0.021715138098873123,10.009198006958242,5.821557712660458,False,False,False,False,False,True
1.0,2179,30,6.195191110040243,2612.9254587155965,77.55102040816327,3067,6.382521258497842,0,0,0,0,0,0,0,2955.4841670491055,0.3902922829787633,0.0018241475706219218,7.687080155783135,7.9917560599443656,False,False,False,True,False,False
1.0,62,49,6.662948251583755,24178.094281909634,0.0,1572,6.528145312958054,0,0,0,0,0,0,0,120967.74193548388,0.38249375632476623,5.144721580368282e-05,4.143134726391533,11.703287460093945,False,False,False,False,True,False
12.0,453454,18,6.661002281290718,30260.396249767506,83.37888514587173,3549,6.881313711751069,0,0,0,0,0,0,0,16.495609256947784,0.34871731190584043,0.44315218257700245,13.024651315388965,2.8619499498459136,False,False,False,False,False,True
5.0,135708,12,6.831770986618008,30441.777799810083,84.30583501006036,3549,6.881313711751069,0,0,0,0,0,0,0,54.60252895923601,0.14529887996076685,0.13137722071820282,11.818268166394521,4.0182286851004765,False,False,False,False,False,True
1.0,117,72,6.8059761534885554,20214.78450714711,0.0,1572,6.528145312958054,0,0,0,0,0,0,0,59487.179487179485,0.38249375632476623,9.708774069099712e-05,4.770684624465665,10.993532907716382,False,False,False,False,True,False
1.0,2021,3,5.7918085106382975,2324.3617021276596,68.51851851851852,2188,6.320059610463039,0,0,0,0,0,0,0,2746.1652647204355,0.8886641126398388,0.0014561946833182937,7.611842399580417,7.918324846178752,True,False,False,False,False,False
8.0,198991,23,6.93138279993449,36527.02945527977,81.01589103291714,3549,6.881313711751069,0,0,0,0,0,0,0,35.529245041233025,0.23247820793722695,0.18380530250332777,12.201019901893522,3.598113173778218,False,False,False,False,False,True
26.0,1238,20,6.869850796373931,40353.9712951732,75.0,3549,6.881313711751069,0,0,0,0,0,0,0,5856.219709208401,0.7555541757959876,0.0011633895238693196,7.122059881629142,8.675430317629411,False,False,False,False,False,True
2.0,1158,35,6.195191110040243,2612.9254587155965,56.41025641025641,3067,6.382521258497842,0,0,0,0,0,0,0,4689.119170984456,0.7805845659575266,0.0008122454466159405,7.055312843339752,8.453213270709075,False,False,False,True,False,False
1.0,1246,54,6.439627965757445,19821.63496999104,69.56521739130434,3067,6.382521258497842,0,0,0,0,0,0,0,5497.5922953451045,0.3902922829787633,0.0011058489102188753,7.1284959456800365,8.612247392159828,False,False,False,True,False,False
1.0,148,38,6.803734917294818,41468.682848314136,50.0,1572,6.528145312958054,0,0,0,0,0,0,0,44054.054054054046,0.38249375632476623,0.0001167696617634379,5.003946305945459,10.693195359267596,False,False,False,False,True,False
12.0,67310,11,6.852934610855987,41748.91825571326,80.56388722255548,3549,6.881313711751069,0,0,0,0,0,0,0,101.61937305006684,0.34871731190584043,0.06014446528020552,11.117078949527887,4.631026736062949,False,False,False,False,False,True
12.0,28303,11,6.2467029592772985,15632.091049789251,81.2133072407045,3549,6.881313711751069,0,0,0,0,0,0,0,226.83107797759953,0.34871731190584043,0.023731455795654,10.250758416399567,5.428604468299565,False,False,False,False,False,True
13.0,71172,4,6.9105546076701785,36962.04974945495,81.89860496767608,3549,6.881313711751069,0,0,0,0,0,0,0,103.55195863541843,0.3777770878979938,0.06852433845787542,11.172868811997306,4.649684159658212,False,False,False,False,False,True
43.0,1763,27,6.852392690373802,25835.22030259301,76.78571428571429,3549,6.881313711751069,0,0,0,0,0,0,0,4123.65286443562,1.2495703676625949,0.001665303335731986,7.475339236566737,8.324737141151415,False,False,False,False,False,True
12.37420167311325,1448,4,6.88733739847508,31235.899025424747,0.0,3067,6.382521258497842,0,0,0,0,0,0,0,5711.325966850828,4.829555421039003,0.001555285003024546,7.278628942320682,8.650381569416865,False,False,False,True,False,False
1.0,164,8,5.60043986026233,568.2241379310345,75.0,2188,6.320059610463039,0,0,0,0,0,0,0,33719.512195121955,0.8886641126398388,0.00010918642557753469,5.10594547390058,10.425861601654105,True,False,False,False,False,False
3.0,892,29,6.730576075545395,25957.38787954344,76.47058823529412,3067,6.382521258497842,0,0,0,0,0,0,0,6199.551569506727,1.1708768489362897,0.0006351839370636945,6.794586580876499,8.732393529899891,False,False,False,True,False,False
13.0,6860,31,6.516317989214934,23555.047302633204,75.75757575757575,3549,6.881313711751069,0,0,0,0,0,0,0,1069.9708454810495,0.3777770878979938,0.006569502641383102,8.833608482690892,6.976320848304167,False,False,False,False,False,True
1.0,119,9,4.9263479368027125,4281.747368421053,0.0,2188,6.320059610463039,0,0,0,0,0,0,0,39411.76470588236,0.8886641126398388,6.361253491583739e-05,4.787491742782046,10.58184502012337,True,False,False,False,False,False
1.0,128,30,6.5004185244497705,20155.465753424658,66.66666666666666,2188,6.320059610463039,0,0,0,0,0,0,0,34453.125,0.8886641126398388,6.444480945932815e-05,4.859812404361672,10.447384008025507,True,False,False,False,False,False
1.0,983,50,6.22747829422649,6094.346320346321,62.857142857142854,2188,6.320059610463039,0,0,0,0,0,0,0,7507.629704984741,0.8886641126398388,0.0009385369024618068,6.891625897052253,8.923808265391424,True,False,False,False,False,False
1.0,545,11,6.5004185244497705,20155.465753424658,71.42857142857143,2188,6.320059610463039,0,0,0,0,0,0,0,13761.467889908257,0.8886641126398388,0.0005247462007009003,6.302618975744905,9.529700447869867,True,False,False,False,False,False
2.0,3914,21,6.195191110040243,2612.9254587155965,69.6078431372549,3067,6.382521258497842,0,0,0,0,0,0,0,1742.4629535002555,0.7805845659575266,0.0034783383019036055,8.272570608424903,7.463628617539085,False,False,False,True,False,False
12.0,108642,45,6.7970571647969535,40175.37989903381,83.30967925063865,3549,6.881313711751069,0,0,0,0,0,0,0,67.83748458238988,0.34871731190584043,0.10460532135515843,11.595822556549699,4.231748430617482,False,False,False,False,False,True
4.0,2843,35,6.732814859709293,23701.031693616354,79.82456140350878,3067,6.382521258497842,0,0,0,0,0,0,0,2493.844530425607,1.5611691319150531,0.0026242952714911833,7.952966790923131,7.821981693789451,False,False,False,True,False,False
1.0,132,5,6.270257490704965,4775.436363636363,50.0,610,5.665348780241979,0,0,0,0,0,0,0,31212.121212121212,0.13788144168663172,6.174808315200487e-05,4.890349128221754,10.348593837061058,False,False,True,False,False,False
1.0,2945,14,6.664633806081871,24386.395555410596,70.11494252873564,447,5.588299776286353,0,0,0,0,0,0,0,2475.382003395586,0.9078461025802542,0.0027957386012365058,7.988203597022576,7.814553904374116,False,True,False,False,False,False
13.0,99788,16,6.846535962302059,39931.34254630299,83.6734693877551,3549,6.881313711751069,0,0,0,0,0,0,0,74.15721329217942,0.3777770878979938,0.09647067519329354,11.510813235783955,4.319582096851235,False,False,False,False,False,True
1.0,2307,25,6.195191110040243,2612.9254587155965,65.11627906976744,3067,6.382521258497842,0,0,0,0,0,0,0,2878.1967923710445,0.3902922829787633,0.001992133759955821,7.744136627627991,7.965266642694683,False,False,False,True,False,False
4.0,1724,13,6.552230578439165,30051.405646204592,71.7948717948718,3067,6.382521258497842,0,0,0,0,0,0,0,3491.879350348028,1.5611691319150531,0.0013466963588813548,7.45298232946546,8.158481703800344,False,False,False,True,False,False
6.0,116,47,6.744524531479761,27589.223936695056,0.0,3067,6.382521258497842,0,0,0,0,0,0,0,52413.793103448275,2.3417536978725795,8.28410819433939e-05,4.762173934797756,10.866944141601353,False,False,False,True,False,False
1.0,48,11,6.548792989998894,10128.71560623309,0.0,3067,6.382521258497842,0,0,0,0,0,0,0,159791.66666666666,0.3902922829787633,3.8794552257113725e-05,3.8918202981106265,11.981632420564598,False,False,False,True,False,False
6.0,26361,24,6.84051898277667,31782.361940299616,100.0,3067,6.382521258497842,0,0,0,0,0,0,0,305.3753651227192,2.3417536978725795,0.027716547015961303,10.17967885827241,5.724811033598588,False,False,False,True,False,False
12.0,472,33,6.740761307066956,29400.897245630767,60.0,3067,6.382521258497842,0,0,0,0,0,0,0,14576.271186440677,4.683507395745159,0.00041497741970116306,6.159095388491933,9.587218826621942,False,False,False,True,False,False
3.0,38,15,6.810042529424079,23098.545244676698,0.0,610,5.665348780241979,0,0,0,0,0,0,0,136578.94736842104,0.4136443250598951,1.6460327694427645e-05,3.6635616461296463,11.82466541716152,False,False,True,False,False,False
26.0,32742,11,6.846006740869494,28979.642407814183,78.83295194508008,3549,6.881313711751069,0,0,0,0,0,0,0,242.19656710036037,0.7555541757959876,0.03391457654765048,10.396444477759635,5.493870034451105,False,False,False,False,False,True
1.0,335,34,6.794607080130419,17996.367678958784,80.0,2188,6.320059610463039,0,0,0,0,0,0,0,20089.552238805973,0.8886641126398388,0.00028526148727996045,5.817111159963204,9.908004945674389,True,False,False,False,False,False
12.0,402381,23,7.0320225358806745,55728.64835999288,87.09866416686197,3549,6.881313711751069,0,0,0,0,0,0,0,21.497038876090077,0.34871731190584043,0.45474911566430437,12.90515716515684,3.113383695042502,False,False,False,False,False,True
1.0,4215,40,6.700655214370671,25928.13686324404,69.74789915966386,1572,6.528145312958054,0,0,0,0,0,0,0,1627.5207591933572,0.38249375632476623,0.0037685786969430474,8.346642090221199,7.395427372067252,False,False,False,False,True,False
12.0,13581,22,6.82306916382694,28531.744997961465,79.78056426332289,3549,6.881313711751069,0,0,0,0,0,0,0,527.2071276047419,0.34871731190584043,0.012695612938776444,9.516500665673737,6.269488493911975,False,False,False,False,False,True
1.0,2145,37,6.5004185244497705,20155.465753424658,79.0,3067,6.382521258497842,0,0,0,0,0,0,0,2750.5827505827506,0.3902922829787633,0.0016442011910664928,7.671360923190644,7.919931570764188,False,False,False,True,False,False
1.0,144,15,6.48976219033308,13161.231651645769,0.0,1572,6.528145312958054,0,0,0,0,0,0,0,40833.333333333336,0.38249375632476623,0.00010132097384784179,4.976733742420574,10.617278509794858,False,False,False,False,True,False
1.0,9558,28,6.849410809478435,38994.33158586613,74.42396313364056,1572,6.528145312958054,0,0,0,0,0,0,0,744.9257166771291,0.38249375632476623,0.008882175403318864,9.165238398063762,6.614626019745964,False,False,False,False,True,False
12.0,235684,36,6.865487846325214,39493.94968410768,82.10450966356478,3549,6.881313711751069,0,0,0,0,0,0,0,32.79815345971725,0.34871731190584043,0.23802347486960354,12.370251446678479,3.5204061696273135,False,False,False,False,False,True
12.0,14465,28,6.045175999634896,2840.439024390244,0.0,3549,6.881313711751069,0,0,0,0,0,0,0,476.3221569305219,0.34871731190584043,0.013012307121385833,9.579556347409227,6.168191644326663,False,False,False,False,False,True
1.0,13993,48,6.912720749983493,31870.5411833135,73.75690607734806,1572,6.528145312958054,0,0,0,0,0,0,0,523.8333452440506,0.38249375632476623,0.013391839991858943,9.546383945305841,6.263080774567254,False,False,False,False,True,False
6.0,6115,36,6.987153097408068,26609.212826193994,71.5,1572,6.528145312958054,0,0,0,0,0,0,0,943.5813573180703,2.294962537948597,0.004600676855718937,8.718663567048953,6.850741821207625,False,False,False,False,True,False
1.0,42,4,5.775788441476067,5728.942895299145,0.0,447,5.588299776286353,0,0,0,0,0,0,0,101666.66666666666,0.9078461025802542,1.4124210137502241e-05,3.7612001156935624,11.529464602938639,False,True,False,False,False,False
2.0,3772,18,6.622168674698795,19841.626506024095,77.24137931034483,3067,6.382521258497842,0,0,0,0,0,0,0,1831.9194061505832,0.7805845659575266,0.0033961613165230803,8.235625719964311,7.51366527859734,False,False,False,True,False,False
1.0,126,16,6.5004185244497705,20155.465753424658,0.0,3067,6.382521258497842,0,0,0,0,0,0,0,53809.52380952382,0.3902922829787633,0.00010230872825110556,4.844187086458591,10.893224336863215,False,False,False,True,False,False
3.0,6580,24,6.20715799971213,18909.371794871793,76.14678899082568,610,5.665348780241979,0,0,0,0,0,0,0,940.7294832826748,0.4136443250598951,0.005312310787006841,8.791941988456118,6.847718060598363,False,False,True,False,False,False
1.0,4069,39,6.9991527367920785,29224.91358909553,65.18518518518519,1572,6.528145312958054,0,0,0,0,0,0,0,1929.2209388056033,0.38249375632476623,0.004164039760445505,8.311398278436641,7.565389751412126,False,False,False,False,True,False
1.0,1396,46,6.745869261287794,19827.181451961886,63.1578947368421,2188,6.320059610463039,0,0,0,0,0,0,0,4964.183381088825,0.8886641126398388,0.0012546888653921565,7.242082359256962,8.510205510558293,True,False,False,False,False,False
25.0,6412,23,6.881411982126464,36851.476156394754,74.13793103448276,3549,6.881313711751069,0,0,0,0,0,0,0,1082.345601996257,0.7264943998038342,0.005804761232278451,8.766082459148864,6.987809311511169,False,False,False,False,False,True
1.0,5071,28,6.195191110040243,2612.9254587155965,66.16541353383458,3067,6.382521258497842,0,0,0,0,0,0,0,1279.826464208243,0.3902922829787633,0.004290663080866012,8.531490496117062,7.1552608237178275,False,False,False,True,False,False
2.0,3755,38,6.883380512152217,40718.61410250869,73.50427350427351,1572,6.528145312958054,0,0,0,0,0,0,0,1754.9933422103861,0.7649875126495325,0.0032238177714552065,8.231109840328154,7.47078998273593,False,False,False,False,True,False
6.0,2323,20,6.510263751421897,20545.19121004566,75.0,610,5.665348780241979,0,0,0,0,0,0,0,2802.4106758501935,0.8272886501197902,0.0019665579762998845,7.751045117971802,7.938592053401129,False,False,True,False,False,False
12.0,83652,4,6.606416241425137,38022.92435337769,79.68561064087062,3549,6.881313711751069,0,0,0,0,0,0,0,45.66537560369149,0.34871731190584043,0.04174169138620505,11.334432569489755,3.8430024679233115,False,False,False,False,False,True
1.0,59243,10,6.762098001605815,23191.459701135598,82.78278278278279,2188,6.320059610463039,0,0,0,0,0,0,0,121.19575308475262,0.8886641126398388,0.055566869058479074,10.989419788046863,4.805624292326306,True,False,False,False,False,False
10.0,3308,18,6.5004185244497705,20155.465753424658,74.0,610,5.665348780241979,0,0,0,0,0,0,0,1834.945586457074,1.3788144168663172,0.0026141943068197122,8.104401307921613,7.5153149337353,False,False,True,False,False,False
10.0,5125,48,6.867928897374089,37284.90217703389,76.19047619047619,610,5.665348780241979,0,0,0,0,0,0,0,1299.5121951219512,1.3788144168663172,0.004450286021608256,8.542080906924017,7.170513462101142,False,False,True,False,False,False
1.0,161,21,5.775788441476067,5728.942895299145,25.0,447,5.588299776286353,0,0,0,0,0,0,0,34844.72049689441,0.9078461025802542,0.0001087016942500071,5.087596335232384,10.458685610854843,False,True,False,False,False,False
13.0,43551,9,6.8945007866907115,44251.957544444514,80.21978021978022,3549,6.881313711751069,0,0,0,0,0,0,0,156.82762737939427,0.3777770878979938,0.03885455973901136,10.681710905451192,5.061503471537231,False,False,False,False,False,True
1.0,148,44,6.677693639525605,11247.974150664697,33.33333333333333,2188,6.320059610463039,0,0,0,0,0,0,0,44121.62162162162,0.8886641126398388,0.00011696303167307158,5.003946305945459,10.694727891856468,True,False,False,False,False,False
11.0,4415,17,6.5004185244497705,20155.465753424658,57.14285714285714,1572,6.528145312958054,0,0,0,0,0,0,0,1614.9490373725935,4.207431319572429,0.004103585532616121,8.392989587956931,7.387677702304426,False,False,False,False,True,False
2.0,135,100,6.8059761534885554,20214.78450714711,0.0,1572,6.528145312958054,0,0,0,0,0,0,0,51851.85185185185,0.7649875126495325,0.00011416178109027065,4.912654885736052,10.856165214109476,False,False,False,False,True,False
12.37420167311325,277,32,6.510263751421897,20545.19121004566,0.0,3549,6.881313711751069,0,0,0,0,0,0,0,24512.635379061372,0.35959152870240046,0.0002364329719905779,5.627621113690637,10.106984787802622,False,False,False,False,False,True
1.0,40717,11,6.8459252495750516,33585.65032052787,83.49570200573065,2188,6.320059610463039,0,0,0,0,0,0,0,178.7950978706683,0.8886641126398388,0.038719518294754576,10.614425534104623,5.191817857320281,True,False,False,False,False,False
1.0,584,6,6.774246980085466,21258.421680610845,89.47368421052632,3067,6.382521258497842,0,0,0,0,0,0,0,9828.767123287673,0.3902922829787633,0.00042867009978873476,6.371611847231857,9.193170522452418,False,False,False,True,False,False
1.0,1041,53,6.842297549793959,30219.74165649517,45.45454545454545,1572,6.528145312958054,0,0,0,0,0,0,0,6570.605187319885,0.38249375632476623,0.0009210160207848662,6.948897222313312,8.790513402386043,False,False,False,False,True,False
1.0,1471,7,5.879225467208256,3053.415760869565,67.85714285714286,447,5.588299776286353,0,0,0,0,0,0,0,4955.81237253569,0.9078461025802542,0.001391786824768968,7.294377299288821,8.508518146292644,False,True,False,False,False,False
12.37420167311325,120,27,6.542958467678293,16872.417365775556,0.0,3549,6.881313711751069,0,0,0,0,0,0,0,31500.0,0.35959152870240046,4.995774487812636e-05,4.795790545596741,10.357774570341576,False,False,False,False,False,True
1.0,68,18,5.7918085106382975,2324.3617021276596,0.0,3067,6.382521258497842,0,0,0,0,0,0,0,73529.41176470589,0.3902922829787633,3.511529776030058e-05,4.23410650459726,11.205454365129789,False,False,False,True,False,False
13.0,15026,10,6.849565682973,31984.772801354968,78.1305114638448,3549,6.881313711751069,0,0,0,0,0,0,0,438.5731398908558,0.3777770878979938,0.012928359756089405,9.617603862025726,6.085804119413519,False,False,False,False,False,True
2.0,72,6,6.542958467678293,16872.417365775556,0.0,1572,6.528145312958054,0,0,0,0,0,0,0,63055.55555555556,0.7649875126495325,3.340109964246718e-05,4.290459441148391,11.05178730990656,False,False,False,False,True,False
1.0,1275,4,6.615682243836758,20636.457437800305,80.95238095238095,3067,6.382521258497842,0,0,0,0,0,0,0,4996.078431372549,0.3902922829787633,0.001051842523633019,7.151485463904735,8.516608706912955,False,False,False,True,False,False
1.0,15097,27,6.91438909153364,48806.10336149404,69.9579831932773,1572,6.528145312958054,0,0,0,0,0,0,0,474.2664105451414,0.38249375632476623,0.014113819213312246,9.62231756369957,6.163875511114603,False,False,False,False,True,False
1.0,4009,27,6.886319142907979,26467.635808953113,61.111111111111114,2188,6.320059610463039,0,0,0,0,0,0,0,1858.3187827388376,0.8886641126398388,0.0038929821830630982,8.296546520300614,7.5279654537835246,True,False,False,False,False,False
13.0,12088,27,6.840850632094109,40602.19142063035,83.33333333333334,3549,6.881313711751069,0,0,0,0,0,0,0,616.3136995367307,0.3777770878979938,0.011756937909063216,9.400051227201992,6.42537732182609,False,False,False,False,False,True
1.0,3094,36,6.751325022977751,25323.076372193864,70.64220183486239,2188,6.320059610463039,0,0,0,0,0,0,0,2255.9793148028443,0.8886641126398388,0.0028123409758426866,8.037543185118697,7.721782611867626,True,False,False,False,False,False
50.0,2080,17,6.841139835882383,23234.99512946558,65.67164179104478,3549,6.881313711751069,0,0,0,0,0,0,0,3375.0,1.4529887996076685,0.001898469556700302,7.640603826393634,8.124446855715847,False,False,False,False,False,True
62.0,166255,15,6.890338018266329,37092.949163754354,82.31928285332825,3549,6.881313711751069,0,0,0,0,0,0,0,51.00598478241256,1.801706111513509,0.18419413672776497,12.021284048092427,3.951358803928327,False,False,False,False,False,True
1.0,338,13,6.829036948424544,17643.015772252504,80.0,1572,6.528145312958054,0,0,0,0,0,0,0,17248.520710059172,0.38249375632476623,0.00024815406293195245,5.82600010738045,9.755539637149392,False,False,False,False,True,False
1.0,159,36,6.26522859704693,4177.704926926859,50.0,3067,6.382521258497842,0,0,0,0,0,0,0,41761.00628930817,0.3902922829787633,0.0001286331670301508,5.075173815233827,10.639742264728822,False,False,False,True,False,False
1.0,12437,16,6.759224938434093,21326.030644316394,80.23850085178876,3067,6.382521258497842,0,0,0,0,0,0,0,545.9515960440622,0.3902922829787633,0.011024174395487505,9.428511581663834,6.304360308641919,False,False,False,True,False,False
1.0,13480,12,6.828461306251338,38633.420856302146,83.63970588235294,2188,6.320059610463039,0,0,0,0,0,0,0,483.6795252225519,0.8886641126398388,0.011473938433207485,9.509036565691064,6.183487899793955,True,False,False,False,False,False
2.0,69,22,6.751585809121671,19724.348480529654,0.0,1572,6.528145312958054,0,0,0,0,0,0,0,92463.76811594202,0.7649875126495325,4.820957637076272e-05,4.248495242049359,11.434582965712252,False,False,False,False,True,False
1.0,2398,32,6.638507824900212,26080.717792493328,67.3469387755102,2188,6.320059610463039,0,0,0,0,0,0,0,2639.699749791493,0.8886641126398388,0.0019739543753433714,7.782807262839695,7.878799217758233,True,False,False,False,False,False
1.0,213,19,6.490336269696487,6754.518842086047,60.0,1572,6.528145312958054,0,0,0,0,0,0,0,24741.784037558686,0.38249375632476623,0.00013735441126531687,5.365976015021851,10.116289171448662,False,False,False,False,True,False
1.0,410,20,6.195191110040243,2612.9254587155965,50.0,3067,6.382521258497842,0,0,0,0,0,0,0,12853.658536585364,0.3902922829787633,0.000272999483212989,6.018593214496234,9.461461556654497,False,False,False,True,False,False
1.0,7743,11,5.879225467208256,3053.415760869565,74.30167597765363,447,5.588299776286353,0,0,0,0,0,0,0,980.2402169701666,0.9078461025802542,0.007669224755091957,8.954673628956414,6.888817299080208,False,True,False,False,False,False
1.0,8216,56,6.855095698526012,40641.88538834499,75.0,3067,6.382521258497842,0,0,0,0,0,0,0,793.5735150925024,0.3902922829787633,0.006989679776375692,9.013960457931187,6.677805511705576,False,False,False,True,False,False
2.0,2295,13,6.635160238369523,25194.413907460344,67.85714285714286,3067,6.382521258497842,0,0,0,0,0,0,0,2871.459694989107,0.7805845659575266,0.0019667304413544225,7.738923757439457,7.962923978289086,False,False,False,True,False,False
1.0,68,16,5.558589488847307,349.1694444444444,0.0,2188,6.320059610463039,0,0,0,0,0,0,0,90147.05882352941,0.8886641126398388,4.515485441992851e-05,4.23410650459726,11.409208695660078,True,False,False,False,False,False
26.0,908,8,6.802131924594253,29228.090249484492,72.0,3549,6.881313711751069,0,0,0,0,0,0,0,7742.290748898679,0.7555541757959876,0.0008246969009322151,6.812345094177479,8.95458203758471,False,False,False,False,False,True
1.0,136,5,4.9263479368027125,4281.747368421053,0.0,2188,6.320059610463039,0,0,0,0,0,0,0,38823.529411764706,0.8886641126398388,8.451347035103626e-05,4.919980925828125,10.566807527190429,True,False,False,False,False,False
4.0,106989,28,6.911383487170326,39047.21185821253,84.52904929577466,1572,6.528145312958054,0,0,0,0,0,0,0,76.54992569329556,1.529975025299065,0.11447611965236737,11.580490651132653,4.3509219314440815,False,False,False,False,True,False
1.0,2297,37,6.7788006680453305,22569.71791858102,80.0,3067,6.382521258497842,0,0,0,0,0,0,0,2890.727035263387,0.3902922829787633,0.0019834582450911765,7.739794458408701,7.969609192677179,False,False,False,True,False,False
1.0,91,35,6.270257490704965,4775.436363636363,0.0,2188,6.320059610463039,0,0,0,0,0,0,0,54175.82417582417,0.8886641126398388,4.930838781672148e-05,4.5217885770490405,10.900008497749518,True,False,False,False,False,False
1.0,60,20,6.510263751421897,20545.19121004566,0.0,3067,6.382521258497842,0,0,0,0,0,0,0,90500.0,0.3902922829787633,3.325999187057235e-05,4.110873864173311,11.413116179350727,False,False,False,True,False,False
1.0,88,43,6.5264888547538815,17281.5837709483,0.0,1572,6.528145312958054,0,0,0,0,0,0,0,62500.0,0.38249375632476623,5.3929667346276924e-05,4.48863636973214,11.042937835596494,False,False,False,False,True,False
1.0,2281,16,6.96333557503649,42820.35728391074,81.05263157894737,3067,6.382521258497842,0,0,0,0,0,0,0,2547.128452433143,0.3902922829787633,0.0017222168037295644,7.732807530422021,7.843114428464194,False,False,False,True,False,False
2.0,1268,34,6.885667125397279,31982.669294024847,73.84615384615385,3067,6.382521258497842,0,0,0,0,0,0,0,4479.495268138801,0.7805845659575266,0.0009317036279524556,7.1459844677143876,8.407488870222567,False,False,False,True,False,False
1.0,3367,48,6.7921340428944,31872.547252092783,77.02702702702703,3067,6.382521258497842,0,0,0,0,0,0,0,1681.0216810216812,0.3902922829787633,0.002480620122079941,8.122074375362217,7.427751730474599,False,False,False,True,False,False
52.0,36,9,6.26522859704693,4177.704926926859,0.0,3549,6.881313711751069,0,0,0,0,0,0,0,166666.66666666666,1.5111083515919752,1.891403506126539e-05,3.6109179126442243,12.023757088718218,False,False,False,False,False,True
13.0,33528,22,6.241442385702294,9837.82456140351,80.06833712984054,3549,6.881313711751069,0,0,0,0,0,0,0,194.76258649486996,0.3777770878979938,0.02859609135648338,10.420166014977355,5.276902631628199,False,False,False,False,False,True
26.0,107384,12,6.944499111272639,36369.89048315101,80.78628436299142,3549,6.881313711751069,0,0,0,0,0,0,0,69.28406466512702,0.7555541757959876,0.10437607610107398,11.584175786498395,4.252545096949958,False,False,False,False,False,True
12.0,127973,17,6.856607732998538,36923.65237480625,82.55933952528379,3549,6.881313711751069,0,0,0,0,0,0,0,59.778234471333796,0.34871731190584043,0.12790141880394656,11.759582397269078,4.1072317392111035,False,False,False,False,False,True
1.0,4210,44,6.195191110040243,2612.9254587155965,69.0909090909091,3067,6.382521258497842,0,0,0,0,0,0,0,1700.7125890736343,0.3902922829787633,0.003929114918542278,8.345455428161928,7.439390428289519,False,False,False,True,False,False
1.0,8478,26,6.81823449633989,16300.076852579828,78.64693446088795,1572,6.528145312958054,0,0,0,0,0,0,0,866.9497523000707,0.38249375632476623,0.008132258149583826,9.045347797304004,6.766133823929496,False,False,False,False,True,False
1.0,347,16,6.7921340428944,31872.547252092783,77.77777777777779,2188,6.320059610463039,0,0,0,0,0,0,0,16945.244956772334,0.8886641126398388,0.00025727641907426403,5.8522024797744745,9.737801551792158,True,False,False,False,False,False
1.0,4669,25,6.752542161239349,33459.49192062364,65.45454545454545,1572,6.528145312958054,0,0,0,0,0,0,0,1479.9742985650032,0.38249375632476623,0.004205998417729119,8.448914350662942,7.300455460008506,False,False,False,False,True,False
5.0,63,17,6.662948251583755,24178.094281909634,0.0,610,5.665348780241979,0,0,0,0,0,0,0,56666.666666666664,0.6894072084331586,2.0078174179397674e-05,4.1588830833596715,10.944959074267405,False,False,True,False,False,False
2.0,2209,16,6.195191110040243,2612.9254587155965,77.27272727272727,3067,6.382521258497842,0,0,0,0,0,0,0,2688.9995473064737,0.7805845659575266,0.001705081355318448,7.700747794511798,7.897296304308314,False,False,False,True,False,False
1.0,65,27,6.110232844165658,8601.531333250083,100.0,447,5.588299776286353,0,0,0,0,0,0,0,64769.23076923077,0.9078461025802542,2.644631566287328e-05,4.189654742026425,11.078601375073669,False,True,False,False,False,False
1.0,4068,63,6.669845257137642,24469.676322446438,74.21875,610,5.665348780241979,0,0,0,0,0,0,0,1730.5801376597838,0.13788144168663172,0.003732494303941277,8.31115254800169,7.456789644989093,False,False,True,False,False,False
2.0,2619,15,6.856607732998538,36923.65237480625,78.94736842105263,3067,6.382521258497842,0,0,0,0,0,0,0,2256.586483390607,0.7805845659575266,0.0020130137905359246,7.8709295967551425,7.722051593921965,False,False,False,True,False,False
25.0,1177,20,6.738572847556955,33062.21833125778,44.44444444444444,3549,6.881313711751069,0,0,0,0,0,0,0,5531.011045029737,0.7264943998038342,0.0009918090060124327,7.071573364211532,8.618306689353469,False,False,False,False,False,True
1.0,178,9,6.110232844165658,8601.531333250083,100.0,447,5.588299776286353,0,0,0,0,0,0,0,31011.235955056178,0.9078461025802542,0.00011906919582394614,5.187385805840755,10.3421371138181,False,True,False,False,False,False
12.0,40502,17,6.74472764911023,30823.977755372478,78.70239774330042,3549,6.881313711751069,0,0,0,0,0,0,0,174.31237963557356,0.34871731190584043,0.03735081994329876,10.609131324425356,5.166569409146076,False,False,False,False,False,True
39.0,37051,21,6.901267417916423,29195.138938293258,81.66160081053698,3549,6.881313711751069,0,0,0,0,0,0,0,213.21961620469085,1.1333312636939814,0.038233890671564776,10.520077610373917,5.367001732740681,False,False,False,False,False,True
26.0,40,20,6.192033733782523,14274.946127419527,0.0,3549,6.881313711751069,0,0,0,0,0,0,0,187500.0,0.7555541757959876,2.9889083986418258e-05,3.713572066704308,12.141539457711714,False,False,False,False,False,True
6.0,4876,26,6.789420307394056,32329.23814276635,82.5531914893617,3067,6.382521258497842,0,0,0,0,0,0,0,1476.6201804757998,2.3417536978725795,0.004577635785743334,8.492285555710053,7.298188086395854,False,False,False,True,False,False
1.0,465,16,5.879225467208256,3053.415760869565,71.42857142857143,447,5.588299776286353,0,0,0,0,0,0,0,11935.48387096774,0.9078461025802542,0.0003278812606059707,6.144185634125646,9.38735486040938,False,True,False,False,False,False
3.0,6194,16,6.241442385702294,9837.82456140351,68.59903381642512,1572,6.528145312958054,0,0,0,0,0,0,0,1072.005166289958,1.1474812689742986,0.005364306387843195,8.731497794063243,6.978218557428015,False,False,False,False,True,False
47.0,2214,32,6.671140218499566,17379.625889812763,83.01886792452831,3549,6.881313711751069,0,0,0,0,0,0,0,3392.050587172538,1.3658094716312084,0.0021631171828890424,7.703007682479236,8.129484673948815,False,False,False,False,False,True
39.0,77464,20,6.89119251784515,35651.67758783867,83.33333333333334,3549,6.881313711751069,0,0,0,0,0,0,0,106.1138077042239,1.1333312636939814,0.0831860160674764,11.257581500430392,4.673891892619266,False,False,False,False,False,True
1.0,4357,36,6.756088305354059,21587.46669816067,76.33587786259542,2188,6.320059610463039,0,0,0,0,0,0,0,1590.5439522607296,0.8886641126398388,0.003935701254450813,8.379768515504566,7.372459863218427,True,False,False,False,False,False
12.37420167311325,381,14,6.806194056192318,19560.024771496388,0.0,610,5.665348780241979,0,0,0,0,0,0,0,16997.65877300622,1.706172766409985,0.00031307110432260714,5.945420608606575,9.740889724220407,False,False,True,False,False,False
1.0,896,51,6.7040484841531285,18935.386999593306,70.37037037037037,2188,6.320059610463039,0,0,0,0,0,0,0,8035.714285714286,0.8886641126398388,0.0008335762381340412,6.799055862058796,8.99177560771323,True,False,False,False,False,False
2.0,844,23,6.670570389868318,37155.86685985128,80.0,1572,6.528145312958054,0,0,0,0,0,0,0,6504.739336492891,0.7649875126495325,0.0005960918580350548,6.739336627357174,8.780440041135817,False,False,False,False,True,False
26.0,11756,14,6.8597275096250865,30886.573162577366,65.8119658119658,3549,6.881313711751069,0,0,0,0,0,0,0,501.02075535896563,0.7555541757959876,0.00903763958445054,9.372204086867741,6.218641464173619,False,False,False,False,False,True
1.0,22131,23,6.889678266422713,32042.405586642773,69.51219512195121,1572,6.528145312958054,0,0,0,0,0,0,0,314.0391306312412,0.38249375632476623,0.020086849789608244,10.004779804018,5.752696855336605,False,False,False,False,True,False
34.0,92,16,6.5004185244497705,20155.465753424658,0.0,3549,6.881313711751069,0,0,0,0,0,0,0,76630.4347826087,0.9880323837332146,7.543553702580266e-05,4.532599493153256,11.246762647299656,False,False,False,False,False,True
26.0,38580,19,6.901751986715905,29078.066957514115,81.13207547169812,3549,6.881313711751069,0,0,0,0,0,0,0,181.95956454121304,0.7555541757959876,0.035376288438746954,10.560515206289688,5.209265169635245,False,False,False,False,False,True
6.0,13508,19,6.884678058902466,27590.55717145634,77.47875354107649,3067,6.382521258497842,0,0,0,0,0,0,0,545.6026058631921,2.3417536978725795,0.012997949405595536,9.51111140896968,6.303722040886907,False,False,False,True,False,False
1.0,7672,45,6.195191110040243,2612.9254587155965,65.625,3067,6.382521258497842,0,0,0,0,0,0,0,973.6704900938477,0.3902922829787633,0.007478529360357096,8.945462952177666,6.88209945499877,False,False,False,True,False,False
1.0,89749,18,6.587329509711857,31211.929921340277,86.32645111024543,2188,6.320059610463039,0,0,0,0,0,0,0,91.70018607449666,0.8886641126398388,0.09649720737407008,11.404783306350526,4.529370479845919,True,False,False,False,False,False
1.0,441,48,6.7481234172756,26837.492358960666,57.14285714285714,3067,6.382521258497842,0,0,0,0,0,0,0,13424.036281179138,0.3902922829787633,0.000331797001276052,6.091309882077698,9.504876621882103,False,False,False,True,False,False
115.0,104,10,6.778371967850202,34409.560906324456,0.0,3549,6.881313711751069,0,0,0,0,0,0,0,72115.38461538461,3.3418742390976375,9.260364927300608e-05,4.653960350157523,11.186036545935691,False,False,False,False,False,True
4.0,9487,63,6.844614966234576,28383.127744251182,67.34177215189874,3067,6.382521258497842,0,0,0,0,0,0,0,824.2858648677137,1.5611691319150531,0.009683795589918914,9.157783121237507,6.715729829186381,False,False,False,True,False,False
6.0,1563,6,6.195191110040243,2612.9254587155965,62.06896551724138,3067,6.382521258497842,0,0,0,0,0,0,0,4261.036468330134,2.3417536978725795,0.0013507597400905483,7.355001921105257,8.357502369245637,False,False,False,True,False,False
2.0,20964,12,6.744196985385269,25181.936066510978,77.088948787062,3067,6.382521258497842,0,0,0,0,0,0,0,351.55504674680407,0.7805845659575266,0.0201775546493143,9.950609659604863,5.865206771044307,False,False,False,True,False,False
6.0,4505,16,6.8356337303493975,29470.39208782733,75.67567567567568,3067,6.382521258497842,0,0,0,0,0,0,0,1513.8734739178692,2.3417536978725795,0.004004960345935745,8.41316512099219,7.323087198890088,False,False,False,True,False,False
1.0,61,18,6.829036948424544,17643.015772252504,0.0,1572,6.528145312958054,0,0,0,0,0,0,0,122950.81967213114,0.38249375632476623,5.046730072107989e-05,4.127134385045092,11.719547847633486,False,False,False,False,True,False
13.0,1716,6,6.628254084025196,23134.81499164632,0.0,3549,6.881313711751069,0,0,0,0,0,0,0,3773.955706594039,0.3777770878979938,0.0014426654942433649,7.448333860897476,8.236143928261717,False,False,False,False,False,True
1.0,120,18,6.5004185244497705,20155.465753424658,50.0,3067,6.382521258497842,0,0,0,0,0,0,0,50333.333333333336,0.3902922829787633,8.539147426504848e-05,4.795790545596741,10.826442694481264,False,False,False,True,False,False
1.0,21489,51,6.872724838781157,34495.98883480793,74.01656314699792,1572,6.528145312958054,0,0,0,0,0,0,0,365.7685327376797,0.38249375632476623,0.02205884266081938,9.975342989636555,5.904730948091787,False,False,False,False,True,False
8.0,260,18,6.510263751421897,20545.19121004566,66.66666666666666,610,5.665348780241979,0,0,0,0,0,0,0,19807.69230769231,1.1030515334930537,0.0001656399867630115,5.564520407322694,9.893876125786937,False,False,True,False,False,False
1.0,603,11,6.468372592093842,13820.686630000748,0.0,2188,6.320059610463039,0,0,0,0,0,0,0,10796.019900497513,0.8886641126398388,0.0005035839545770073,6.403574197934815,9.287025439896087,True,False,False,False,False,False
1.0,15280,47,6.8244710864849685,28612.931315855938,70.87378640776699,3067,6.382521258497842,0,0,0,0,0,0,0,462.69633507853405,0.3902922829787633,0.014105337068357236,9.634365505605258,6.139229887718422,False,False,False,True,False,False
3.0,249,7,6.195191110040243,2612.9254587155965,20.0,3067,6.382521258497842,0,0,0,0,0,0,0,22369.477911646587,1.1708768489362897,0.00017190229741756595,5.521460917862246,10.015497418209772,False,False,False,True,False,False
1.0,28365,25,6.798867426569133,25683.866403020467,80.56580565805658,2188,6.320059610463039,0,0,0,0,0,0,0,263.35272342675836,0.8886641126398388,0.027674802633442415,10.252946523854552,5.577284284980418,True,False,False,False,False,False
1.0,739,28,6.740866461953476,29493.70234879738,68.96551724137932,1572,6.528145312958054,0,0,0,0,0,0,0,8714.479025710421,0.38249375632476623,0.0006125021692850452,6.606650186198215,9.072855922101674,False,False,False,False,True,False
2.0,3505,38,6.359366963355418,11932.715585159718,66.3157894736842,3067,6.382521258497842,0,0,0,0,0,0,0,1980.0285306704707,0.7805845659575266,0.003168844535321182,8.16223106548118,7.5913714487505555,False,False,False,True,False,False
1.0,143,22,5.558589488847307,349.1694444444444,100.0,610,5.665348780241979,0,0,0,0,0,0,0,37552.44755244756,0.13788144168663172,9.102402615985014e-05,4.969813299576001,10.533520465293302,False,False,True,False,False,False
12.0,73555,26,6.862799804631824,42908.79352126902,78.89871382636656,3549,6.881313711751069,0,0,0,0,0,0,0,92.85568622119503,0.34871731190584043,0.0656294092997311,11.205802299860744,4.54175834959557,False,False,False,False,False,True
1.0,1370,25,6.728879252982257,24172.086087666834,0.0,3067,6.382521258497842,0,0,0,0,0,0,0,4727.086125923627,0.3902922829787633,0.0011499017047957379,7.223295679562314,8.461275775062921,False,False,False,True,False,False
52.0,1962,36,6.703006296580537,26160.623568722254,66.66666666666666,3549,6.881313711751069,0,0,0,0,0,0,0,3771.6615698267074,1.5111083515919752,0.0018876512941883661,7.5822291942764615,8.235536018042117,False,False,False,False,False,True
1.0,13256,8,6.863811183522898,23954.62418192238,81.08504398826979,2188,6.320059610463039,0,0,0,0,0,0,0,513.7296318648159,0.8886641126398388,0.01178538941684823,9.49228099379885,6.243641776139724,True,False,False,False,False,False
12.0,149364,23,6.7108808707015255,21486.789917862803,83.97720075997466,3549,6.881313711751069,0,0,0,0,0,0,0,47.869633914463996,0.34871731190584043,0.13952440718001818,11.91414825382026,3.8891562202465164,False,False,False,False,False,True
1.0,549,28,6.6430291428883415,19191.96112871888,50.0,1572,6.528145312958054,0,0,0,0,0,0,0,12495.44626593807,0.38249375632476623,0.0004827587992415298,6.309918278226516,9.433199584144894,False,False,False,False,True,False
1.0,115,14,6.801279969075106,30451.704393992975,100.0,3067,6.382521258497842,0,0,0,0,0,0,0,41391.30434782608,0.3902922829787633,6.22132161778804e-05,4.7535901911063645,10.630850257216379,False,False,False,True,False,False
1.0,80,20,6.7728198451635695,10867.081901989324,0.0,3067,6.382521258497842,0,0,0,0,0,0,0,65375.0,0.3902922829787633,4.535867675710993e-05,4.394449154672439,11.087910497617349,False,False,False,True,False,False
12.0,141,19,6.756666247949616,33467.04005336848,0.0,610,5.665348780241979,0,0,0,0,0,0,0,41702.12765957447,1.6545773002395805,9.901621357355969e-05,4.955827057601261,10.638331408800973,False,False,True,False,False,False
72.0,971,14,6.7728198451635695,10867.081901989324,68.18181818181817,3549,6.881313711751069,0,0,0,0,0,0,0,7621.009268795057,2.0923038714350426,0.0009295033919536512,6.879355804460439,8.938795297491195,False,False,False,False,False,True
12.0,159273,8,6.890959249716985,40007.09552252524,81.64220035489595,3549,6.881313711751069,0,0,0,0,0,0,0,45.205402045544446,0.34871731190584043,0.14982174683404287,11.978381268515756,3.8330967186449554,False,False,False,False,False,True
2.0,1310,4,6.195191110040243,2612.9254587155965,68.29268292682927,3067,6.382521258497842,0,0,0,0,0,0,0,4389.312977099237,0.7805845659575266,0.0009748538619765149,7.1785454837637,8.38715579671687,False,False,False,True,False,False
4.0,1106,8,6.6135862084355725,18141.622598190745,59.375,3067,6.382521258497842,0,0,0,0,0,0,0,5596.745027124774,1.5611691319150531,0.0008851772598304684,7.009408932708637,8.630119121900686,False,False,False,True,False,False
12.0,31906,28,6.662948251583755,24178.094281909634,84.83563096500531,3549,6.881313711751069,0,0,0,0,0,0,0,234.43866357424938,0.34871731190584043,0.031172489317876792,10.370580700437113,5.461450427618967,False,False,False,False,False,True
3.0,130,34,6.638243832197137,24791.843889668748,0.0,1572,6.528145312958054,0,0,0,0,0,0,0,45307.692307692305,1.1474812689742986,9.073527784884314e-05,4.875197323201151,10.72125417623592,False,False,False,False,True,False
12.37420167311325,4496,22,6.602535413663778,26445.75945045642,0.0,3549,6.881313711751069,0,0,0,0,0,0,0,1440.4154787623154,0.35959152870240046,0.0037949294672618727,8.411165786770708,7.273380881132775,False,False,False,False,False,True
7.0,798,34,6.778805303766696,27199.949690966587,78.94736842105263,1572,6.528145312958054,0,0,0,0,0,0,0,8020.050125313283,2.6774562942733633,0.0006579754553315954,6.683360945766275,8.98982463060725,False,False,False,False,True,False
1.0,2045,40,6.86401229618087,27437.292851761507,69.62025316455697,3067,6.382521258497842,0,0,0,0,0,0,0,3251.833740831296,0.3902922829787633,0.0017675071722940288,7.6236419465115715,8.087281815677914,False,False,False,True,False,False
1.0,1175,14,6.5004185244497705,20155.465753424658,87.5,3067,6.382521258497842,0,0,0,0,0,0,0,5319.148936170212,0.3902922829787633,0.0009501926657310077,7.069874128458572,8.57925657746454,False,False,False,True,False,False
1.0,69,36,6.58558055977916,14312.419903361644,0.0,1572,6.528145312958054,0,0,0,0,0,0,0,84057.97101449275,0.38249375632476623,4.298074948999346e-05,4.248495242049359,11.33927386740035,False,False,False,False,True,False
12.0,2265,19,6.5004185244497705,20155.465753424658,82.85714285714286,3549,6.881313711751069,0,0,0,0,0,0,0,2975.717439293598,0.34871731190584043,0.0019852900330189225,7.725771441587952,7.998576441930517,False,False,False,False,False,True
1.0,1835,18,6.915536808566012,37877.06494093339,86.66666666666667,2188,6.320059610463039,0,0,0,0,0,0,0,3896.457765667575,0.8886641126398388,0.001704923262351788,7.515344571180436,8.26807976461089,True,False,False,False,False,False
1.0,85,20,6.289007148338809,2755.141935483871,100.0,2188,6.320059610463039,0,0,0,0,0,0,0,62235.29411764706,0.8886641126398388,4.944165626795548e-05,4.454347296253507,11.038693615268006,True,False,False,False,False,False
13.0,53,9,6.651400643424755,24146.555751604395,0.0,3549,6.881313711751069,0,0,0,0,0,0,0,122641.50943396226,0.3777770878979938,3.5703246809862336e-05,3.9889840465642745,11.717028975126656,False,False,False,False,False,True
24.0,156627,9,6.848358505499612,39490.88568149348,82.21684153887544,3549,6.881313711751069,0,0,0,0,0,0,0,46.47985340969309,0.6974346238116809,0.1489697381073419,11.96162884604526,3.860305482325014,False,False,False,False,False,True
22.0,20553,11,7.0314955564501656,52446.0356524209,82.52252252252252,3549,6.881313711751069,0,0,0,0,0,0,0,372.69498370067635,0.6393150718273741,0.020560544660198833,9.930810848185018,5.923439913068929,False,False,False,False,False,True
24.0,2072,45,6.822005895983393,27894.870249274,79.06976744186046,3549,6.881313711751069,0,0,0,0,0,0,0,3421.814671814672,0.6974346238116809,0.0019100822037058688,7.636752112435779,8.138218495029593,False,False,False,False,False,True
1.0,8112,18,6.810042529424079,23098.545244676698,71.42857142857143,3067,6.382521258497842,0,0,0,0,0,0,0,779.0927021696253,0.3902922829787633,0.006689109769812173,9.001222992395064,6.659412761557079,False,False,False,True,False,False
50.0,31179,20,6.957767398843721,33281.534817984604,78.87323943661971,3549,6.881313711751069,0,0,0,0,0,0,0,247.28182430482056,1.4529887996076685,0.031398942467252555,10.347532142611767,5.514564489290411,False,False,False,False,False,True
1.0,57,19,6.192033733782523,14274.946127419527,0.0,3067,6.382521258497842,0,0,0,0,0,0,0,101754.38596491228,0.3902922829787633,3.388713752343823e-05,4.060443010546419,11.530327035220013,False,False,False,True,False,False
12.0,201735,30,6.910821247761948,46776.72797236256,83.02599099753158,3549,6.881313711751069,0,0,0,0,0,0,0,36.97920539321387,0.34871731190584043,0.19661955143391122,12.214715190911516,3.6370387834489497,False,False,False,False,False,True
53.0,1744,18,6.844958269434055,21574.297284377077,72.72727272727273,3549,6.881313711751069,0,0,0,0,0,0,0,4375.0,1.5401681275841286,0.0017292865644121839,7.4645098346365275,8.383890344101816,False,False,False,False,False,True
1.0,257,14,6.788310729601363,20211.94423929099,0.0,3067,6.382521258497842,0,0,0,0,0,0,0,21906.614785992217,0.3902922829787633,0.0001797390049715025,5.552959584921617,9.994589562491411,False,False,False,True,False,False
1.0,3604,21,6.974456778732399,46023.24609727556,70.67669172932331,3067,6.382521258497842,0,0,0,0,0,0,0,1789.6781354051056,0.3902922829787633,0.003027880484305141,8.190077049719049,7.49034967368558,False,False,False,True,False,False
3.0,2920,38,6.662948251583755,24178.094281909634,74.78260869565217,1572,6.528145312958054,0,0,0,0,0,0,0,2270.547945205479,1.1474812689742986,0.002520127685103604,7.979681302387741,7.728216792265049,False,False,False,False,True,False
1.0,1478,6,6.393797237117623,14552.542012556314,37.5,1572,6.528145312958054,0,0,0,0,0,0,0,4309.878213802435,0.38249375632476623,0.001220794255961643,7.2991214627108,8.368896924244273,False,False,False,False,True,False
1.0,238,30,6.728879252982257,24172.086087666834,66.66666666666666,2188,6.320059610463039,0,0,0,0,0,0,0,24243.697478991595,0.8886641126398388,0.00017011623886034166,5.476463551931511,10.095953211795761,True,False,False,False,False,False
12.0,746,39,6.780101951285577,33241.77117348577,88.23529411764706,3549,6.881313711751069,0,0,0,0,0,0,0,9705.093833780162,0.34871731190584043,0.0006963672217145348,6.616065185132817,9.180509197524051,False,False,False,False,False,True
26.0,78,20,6.726881389735055,20338.098088288767,0.0,610,5.665348780241979,0,0,0,0,0,0,0,102564.10256410256,3.5849174838524247,7.222141555486504e-05,4.3694478524670215,11.538253022906988,False,False,True,False,False,False
1.0,2423,21,6.775780679245273,33002.84198883982,77.45098039215686,1572,6.528145312958054,0,0,0,0,0,0,0,2373.091209244738,0.38249375632476623,0.001811015401961599,7.793174347189205,7.772369994500974,False,False,False,False,True,False
3.0,20256,25,6.723628865435316,35253.44164355733,77.8836987607245,3067,6.382521258497842,0,0,0,0,0,0,0,361.3744075829384,1.1708768489362897,0.01936347255597043,9.916255691813806,5.8926779524227895,False,False,False,True,False,False
12.0,123691,11,6.9084008859802815,37802.51354593162,82.87521284359036,3549,6.881313711751069,0,0,0,0,0,0,0,59.503116637427134,0.34871731190584043,0.11893484433525342,11.72554988369423,4.102694878378178,False,False,False,False,False,True
48.0,41021,14,6.911137346756003,28192.68039213635,76.95573074590662,3549,6.881313711751069,0,0,0,0,0,0,0,173.08207991028982,1.3948692476233617,0.03804394393195301,10.62186378714185,5.159526911610274,False,False,False,False,False,True
26.0,93,15,6.5004185244497705,20155.465753424658,0.0,3549,6.881313711751069,0,0,0,0,0,0,0,48387.096774193546,0.7555541757959876,4.537174229154463e-05,4.543294782270004,10.787009128040406,False,False,False,False,False,True
40.0,572,9,6.380775682048159,15386.370614035088,50.0,3549,6.881313711751069,0,0,0,0,0,0,0,10367.132867132867,1.1623910396861348,0.0004338701824937476,6.35088571671474,9.246492233626924,False,False,False,False,False,True
2.0,13885,14,6.79113600497033,23922.525507160724,80.23032629558541,3067,6.382521258497842,0,0,0,0,0,0,0,519.9855959668707,0.7805845659575266,0.013088851554871557,9.538636417313219,6.255722394474583,False,False,False,True,False,False
4.0,5508,59,6.510263751421897,20545.19121004566,74.12280701754386,1572,6.528145312958054,0,0,0,0,0,0,0,1390.7044299201161,1.529975025299065,0.00550320869752544,8.614138397472717,7.238284483520631,False,False,False,False,True,False
2.0,2178,32,7.057946468800966,42635.888362963015,75.67567567567568,3067,6.382521258497842,0,0,0,0,0,0,0,3425.1606978879704,0.7805845659575266,0.0021135648369919767,7.68662133494462,8.139195583180413,False,False,False,True,False,False
1.0,333,14,6.794607080130419,17996.367678958784,70.0,2188,6.320059610463039,0,0,0,0,0,0,0,14774.774774774774,0.8886641126398388,0.00020475297064674673,5.811140992976701,9.60074427912449,True,False,False,False,False,False
25.0,369,31,5.558589488847307,349.1694444444444,66.66666666666666,3549,6.881313711751069,0,0,0,0,0,0,0,17208.672086720868,0.7264943998038342,0.00029683755078910973,5.91350300563827,9.753226835376234,False,False,False,False,False,True
1.0,330,6,5.710152858857673,19942.244122166732,66.66666666666666,2188,6.320059610463039,0,0,0,0,0,0,0,15424.242424242424,0.8886641126398388,0.00021015426258205413,5.802118375377063,9.643760564970504,True,False,False,False,False,False
4.0,4497,22,6.694849741824683,16710.93715997675,82.38993710691824,3067,6.382521258497842,0,0,0,0,0,0,0,1452.079163887036,1.5611691319150531,0.0038274402361248403,8.411388132519262,7.281440145146724,False,False,False,True,False,False
1.0,1191,45,6.743024351257927,20983.492465258103,68.08510638297872,2188,6.320059610463039,0,0,0,0,0,0,0,6162.88832913518,0.8886641126398388,0.0011328736616436207,7.083387847625295,8.726463079652794,True,False,False,False,False,False
1.0,271,19,6.868572948400319,22026.131219476494,25.0,2188,6.320059610463039,0,0,0,0,0,0,0,24501.845018450185,0.8886641126398388,0.0002257989335141708,5.605802066295998,10.10654451299309,True,False,False,False,False,False
2.0,2871,37,6.661002281290718,30260.396249767506,84.21052631578947,3067,6.382521258497842,0,0,0,0,0,0,0,1988.854057819575,0.7805845659575266,0.0021325791092548043,7.962763930168115,7.595816577250083,False,False,False,True,False,False
1.0,135735,58,7.00943938797986,54476.66950702599,83.35343787696019,2188,6.320059610463039,0,0,0,0,0,0,0,62.62202084944929,0.8886641126398388,0.15073396938273956,11.818467101722776,4.152959650190135,True,False,False,False,False,False
12.37420167311325,2459,6,6.723850230514225,28837.125735340498,0.0,3549,6.881313711751069,0,0,0,0,0,0,0,2633.6348078549695,0.35959152870240046,0.0020713461172479517,7.807916628926408,7.876499858526173,False,False,False,False,False,True
14.0,428569,26,6.796692621190359,31571.56516616163,84.99656672007325,3549,6.881313711751069,0,0,0,0,0,0,0,18.806773238381684,0.40683686389014717,0.45130902446876503,12.96820936423818,2.986023961950077,False,False,False,False,False,True
13.0,56815,7,6.806868073657801,29194.952448504006,80.32432432432432,3549,6.881313711751069,0,0,0,0,0,0,0,131.8313825574232,0.3777770878979938,0.055590336064877253,10.947573255182869,4.889080523562902,False,False,False,False,False,True
39.0,558,13,6.850800953794325,23452.0369637968,72.22222222222221,3549,6.881313711751069,0,0,0,0,0,0,0,12867.383512544802,1.1333312636939814,0.0005141552784881278,6.326149473155099,9.462528691500811,False,False,False,False,False,True
48.0,3619,20,6.852278182224739,32147.446315635334,62.68656716417911,3549,6.881313711751069,0,0,0,0,0,0,0,2014.368610113291,1.3948692476233617,0.003437708409472001,8.194229304819817,7.608557390709277,False,False,False,False,False,True
3.0,597,10,6.6934802647434,16397.500545159935,85.71428571428571,3067,6.382521258497842,0,0,0,0,0,0,0,10301.507537688442,1.1708768489362897,0.0004704001102197416,6.393590753950631,9.240142594849535,False,False,False,True,False,False
3.0,1864,19,6.301036379522414,11434.922820846406,71.05263157894737,3067,6.382521258497842,0,0,0,0,0,0,0,3471.030042918455,1.1708768489362897,0.0015664063859353674,7.5310163320779155,8.152494728657105,False,False,False,True,False,False
26.0,376,18,6.58558055977916,14312.419903361644,42.857142857142854,3549,6.881313711751069,0,0,0,0,0,0,0,17393.617021276594,0.7555541757959876,0.0003119791986454903,5.932245187448011,9.763916070745605,False,False,False,False,False,True
12.0,25760,18,6.823146793508421,28887.7305772393,84.26763110307414,3549,6.881313711751069,0,0,0,0,0,0,0,284.16149068322983,0.34871731190584043,0.02462748230786546,10.156616999340594,5.653055653768482,False,False,False,False,False,True
12.37420167311325,1797,15,5.60043986026233,568.2241379310345,0.0,3549,6.881313711751069,0,0,0,0,0,0,0,3603.844180587296,0.35959152870240046,0.0015112026819464222,7.494430215031565,8.190033825646843,False,False,False,False,False,True
26.0,134705,17,6.898645569019732,36995.88878283747,81.03921568627452,3549,6.881313711751069,0,0,0,0,0,0,0,56.93923759325934,0.7555541757959876,0.1349821414699566,11.810849904836271,4.0593948336985255,False,False,False,False,False,True
1.0,439,42,6.195191110040243,2612.9254587155965,66.66666666666666,3067,6.382521258497842,0,0,0,0,0,0,0,11116.173120728929,0.3902922829787633,0.0002705980379838901,6.0867747269123065,9.316246319724483,False,False,False,True,False,False
8.0,6001,28,6.80667718058401,29296.89698241204,76.75675675675676,1572,6.528145312958054,0,0,0,0,0,0,0,1146.4755874020998,3.05995005059813,0.005385044004097961,8.699848026000312,7.045319667113273,False,False,False,False,True,False
1.0,78,34,4.9263479368027125,4281.747368421053,0.0,2188,6.320059610463039,0,0,0,0,0,0,0,72692.30769230769,0.8886641126398388,4.847611327323072e-05,4.3694478524670215,11.194004605533479,True,False,False,False,False,False
4.0,2402,25,6.856016090074632,39559.79677874967,78.0701754385965,3067,6.382521258497842,0,0,0,0,0,0,0,2518.7343880099916,1.5611691319150531,0.001889389010268182,7.784473235736469,7.831908773366995,False,False,False,True,False,False
12.0,13036,19,6.827594775273217,27842.409945972773,80.35019455252919,3549,6.881313711751069,0,0,0,0,0,0,0,517.0297637312059,0.34871731190584043,0.01147041596512389,9.47554674766278,6.250032699549333,False,False,False,False,False,True
2.0,1342,18,6.935517682295393,30580.041300774716,53.84615384615385,1572,6.528145312958054,0,0,0,0,0,0,0,4806.259314456036,0.7649875126495325,0.0011216320758159998,7.202661196523238,8.477882411613933,False,False,False,False,True,False
7.0,125,27,5.558589488847307,349.1694444444444,66.66666666666666,1572,6.528145312958054,0,0,0,0,0,0,0,46079.99999999999,2.6774562942733633,8.476432861218261e-05,4.836281906951478,10.73815599652319,False,False,False,False,True,False
12.0,86380,13,6.97343843699924,34569.11121700604,81.44843872999212,3549,6.881313711751069,0,0,0,0,0,0,0,91.80365825422551,0.34871731190584043,0.08948874103314432,11.36652302320156,4.530486059858121,False,False,False,False,False,True
1.0,1034,16,6.195191110040243,2612.9254587155965,69.6969696969697,3067,6.382521258497842,0,0,0,0,0,0,0,5686.653771760155,0.3902922829787633,0.0007850665218848656,6.942156705699469,8.646053099686712,False,False,False,True,False,False
2.0,953,20,6.81823449633989,16300.076852579828,72.22222222222221,1572,6.528145312958054,0,0,0,0,0,0,0,6820.566631689402,0.7649875126495325,0.0008000370112401515,6.860663671448287,8.827844435849293,False,False,False,False,True,False
1.0,547,18,6.5004185244497705,20155.465753424658,87.5,2188,6.320059610463039,0,0,0,0,0,0,0,11115.173674588665,0.8886641126398388,0.0004252207986979724,6.306275286948016,9.316156414578835,True,False,False,False,False,False
1.0,5477,66,6.798867426569133,25683.866403020467,70.54263565891473,1572,6.528145312958054,0,0,0,0,0,0,0,1146.6131093664417,0.38249375632476623,0.004484656216492194,8.608495349823023,7.0454395073309515,False,False,False,False,True,False
24.0,673572,11,6.759982298508762,58774.906676656676,88.84857956131049,3549,6.881313711751069,0,0,0,0,0,0,0,13.613986329598024,0.6974346238116809,0.8070037097759423,13.420351657971512,2.6819790379366757,False,False,False,False,False,True
1.0,686,60,6.756379223895332,24835.59366045604,62.5,2188,6.320059610463039,0,0,0,0,0,0,0,9795.918367346938,0.8886641126398388,0.0005930031656946903,6.532334292222349,9.189823162896632,True,False,False,False,False,False
1.0,1273,20,6.670482763580525,28724.950946571003,67.3469387755102,3067,6.382521258497842,0,0,0,0,0,0,0,4493.322859387275,0.3902922829787633,0.0009420672098660642,7.149916836132109,8.410570292485005,False,False,False,True,False,False
1.0,133,28,4.9263479368027125,4281.747368421053,100.0,2188,6.320059610463039,0,0,0,0,0,0,0,36917.29323308271,0.8886641126398388,7.601434020126013e-05,4.897839799950911,10.516462458758463,True,False,False,False,False,False
3.0,194,37,6.810523973703345,26905.323669861253,0.0,610,5.665348780241979,0,0,0,0,0,0,0,36443.298969072166,0.4136443250598951,0.00016989673788183864,5.272999558563747,10.503540318319807,False,False,True,False,False,False
3.0,2745,22,6.535424356044026,23676.10518616494,69.01408450704226,3067,6.382521258497842,0,0,0,0,0,0,0,2433.5154826958105,1.1708768489362897,0.002386467267836564,7.917900586327916,7.797503035305064,False,False,False,True,False,False
105.0,4802,26,6.842263033993731,30135.183739577245,74.28571428571429,3549,6.881313711751069,0,0,0,0,0,0,0,1478.5506039150353,3.051276479176104,0.004445281921919763,8.476996001664824,7.299493674645024,False,False,False,False,False,True
31.0,51,15,6.40169871215857,11208.264643466027,0.0,3549,6.881313711751069,0,0,0,0,0,0,0,117647.05882352941,0.9008530557567545,3.0673016052500606e-05,3.9512437185814275,11.675452894431878,False,False,False,False,False,True
1.0,158,31,6.40169871215857,11208.264643466027,0.0,2188,6.320059610463039,0,0,0,0,0,0,0,40063.29113924051,0.8886641126398388,0.00012136611677756742,5.0689042022202315,10.598240721287413,True,False,False,False,False,False
1.0,55247,61,6.885924552531688,28825.424979798172,82.06521739130434,1572,6.528145312958054,0,0,0,0,0,0,0,148.7863594403316,0.38249375632476623,0.05932524843182881,10.919587419629774,5.009210008461287,False,False,False,False,True,False
12.0,2388,22,6.990005739055331,34771.45272724322,85.8974358974359,3549,6.881313711751069,0,0,0,0,0,0,0,2759.6314907872697,0.34871731190584043,0.002046805182244404,7.77863014732581,7.923214733550116,False,False,False,False,False,True
12.0,81951,25,6.855944669483427,36567.96925939142,84.04220243982856,3549,6.881313711751069,0,0,0,0,0,0,0,98.10740564483655,0.34871731190584043,0.08607767492235169,11.313888988999253,4.59620416755332,False,False,False,False,False,True
1.0,55,28,6.267658329755723,23159.070176767676,0.0,3067,6.382521258497842,0,0,0,0,0,0,0,103090.90909090909,0.3902922829787633,3.14373498169309e-05,4.02535169073515,11.543376190600783,False,False,False,True,False,False
1.0,139,21,6.677693639525605,11247.974150664697,33.33333333333333,1572,6.528145312958054,0,0,0,0,0,0,0,38561.15107913669,0.38249375632476623,8.803593843463295e-05,4.941642422609304,10.560026532415863,False,False,False,False,True,False
1.0,596,55,6.756379223895332,24835.59366045604,81.81818181818183,2188,6.320059610463039,0,0,0,0,0,0,0,11291.946308724833,0.8886641126398388,0.0005147615192858982,6.391917113392602,9.331933589326894,True,False,False,False,False,False
3.0,1258,8,6.825101111844631,31434.697167173625,61.111111111111114,3067,6.382521258497842,0,0,0,0,0,0,0,4920.508744038157,1.1708768489362897,0.0010081082602197283,7.138073034044347,8.501370417769538,False,False,False,True,False,False
12.0,95339,17,6.764465840959698,30623.558870542678,81.8782098312546,3549,6.881313711751069,0,0,0,0,0,0,0,80.03020799462969,0.34871731190584043,0.09503416802467503,11.465204728758817,4.394822023353576,False,False,False,False,False,True
13.0,3598,22,6.572705399610349,19476.064269900573,80.20833333333334,3549,6.881313711751069,0,0,0,0,0,0,0,1737.0761534185658,0.3777770878979938,0.0029288045366867668,8.188411308079031,7.460534121561942,False,False,False,False,False,True
52.0,800,51,6.759130807899901,31782.747499249163,33.33333333333333,3549,6.881313711751069,0,0,0,0,0,0,0,8275.0,1.5111083515919752,0.0006826431843443199,6.68586094706836,9.021115038865434,False,False,False,False,False,True
1.0,686,37,6.82110543242383,22222.600342340786,66.66666666666666,1572,6.528145312958054,0,0,0,0,0,0,0,9271.137026239066,0.38249375632476623,0.0005607365218547409,6.532334292222349,9.134769163408992,False,False,False,False,True,False
25.0,86074,13,6.92343943356571,28145.934394019947,85.38812785388129,3549,6.881313711751069,0,0,0,0,0,0,0,98.98459465111415,0.7264943998038342,0.09580685197216254,11.362974288206724,4.605016120631776,False,False,False,False,False,True
1.0,52,12,6.548792989998894,10128.71560623309,0.0,3067,6.382521258497842,0,0,0,0,0,0,0,119615.38461538461,0.3902922829787633,3.2951645257913294e-05,3.970291913552122,11.692045106227607,False,False,False,True,False,False
1.0,435,20,6.720685666396093,32068.602276109494,75.0,1572,6.528145312958054,0,0,0,0,0,0,0,14712.64367816092,0.38249375632476623,0.00035443695934451026,6.077642243349034,9.596530483681445,False,False,False,False,True,False
10.0,17684,38,6.831725682510775,29540.344065907895,66.6015625,1572,6.528145312958054,0,0,0,0,0,0,0,374.3496946392219,3.824937563247662,0.015286262785131231,9.780472101639582,5.927858110482573,False,False,False,False,True,False
13.0,33989,20,6.902187231079999,30404.53946351642,81.75257731958763,3549,6.881313711751069,0,0,0,0,0,0,0,220.07119950572246,0.3777770878979938,0.03320820933329321,10.433821642690162,5.3984848193413875,False,False,False,False,False,True
12.0,37436,27,6.834918967411594,39177.271320319385,77.07437000614628,3549,6.881313711751069,0,0,0,0,0,0,0,185.91729885671546,0.34871731190584043,0.034033538238678475,10.530414799175965,5.230666266929157,False,False,False,False,False,True
3.0,9500,17,6.705418855045114,22161.5960896711,73.45132743362832,1572,6.528145312958054,0,0,0,0,0,0,0,863.1578947368421,1.1474812689742986,0.010168743805318117,9.15915233520675,6.761755500645587,False,False,False,False,True,False
12.37420167311325,219,26,5.60043986026233,568.2241379310345,0.0,3549,6.881313711751069,0,0,0,0,0,0,0,29571.269372216302,0.35959152870240046,0.00017599672891649264,5.393627546352362,10.294592355664866,False,False,False,False,False,True
1.0,1170,13,5.879225467208256,3053.415760869565,62.5,447,5.588299776286353,0,0,0,0,0,0,0,4324.786324786324,0.9078461025802542,0.0007641982502857534,7.065613363597717,8.37234921203984,False,True,False,False,False,False
12.0,1119,19,6.5004185244497705,20155.465753424658,81.81818181818183,3549,6.881313711751069,0,0,0,0,0,0,0,5853.440571939231,0.34871731190584043,0.0009483242943068448,7.02108396428914,8.674955724402727,False,False,False,False,False,True
47.0,367,26,6.664854873989999,18789.862325962327,71.42857142857143,3549,6.881313711751069,0,0,0,0,0,0,0,19237.057220708448,1.3658094716312084,0.000329223090992415,5.908082938168931,9.864645743066617,False,False,False,False,False,True
12.0,2306,24,6.4989453288180234,23309.695887445887,0.0,610,5.665348780241979,0,0,0,0,0,0,0,2808.372936910395,1.6545773002395805,0.0019418869849199545,7.7437032581737535,7.94071658330079,False,False,True,False,False,False
3.0,23498,34,6.803204566022874,29914.83829644855,67.54890678941312,1572,6.528145312958054,0,0,0,0,0,0,0,315.7715550259597,1.1474812689742986,0.022771125949168688,10.064713146035349,5.758180867480891,False,False,False,False,True,False
1.0,109,36,6.26522859704693,4177.704926926859,33.33333333333333,3067,6.382521258497842,0,0,0,0,0,0,0,57155.9633027523,0.3902922829787633,7.941660536805752e-05,4.700480365792417,10.953556504368597,False,False,False,True,False,False
1.0,1060,26,6.907533437153302,33770.51646265648,85.71428571428571,2188,6.320059610463039,0,0,0,0,0,0,0,6462.264150943395,0.8886641126398388,0.0009393809359862888,6.966967138613983,8.773889755686143,True,False,False,False,False,False
3.0,20550,9,6.779782172998328,33631.42093373494,80.46511627906978,3549,6.881313711751069,0,0,0,0,0,0,0,324.0875912408759,0.08717932797646011,0.017872574874053696,9.93066488054092,5.784094657528422,False,False,False,False,False,True
1.0,9807,25,6.857325393700843,30104.803095230767,78.41409691629956,3067,6.382521258497842,0,0,0,0,0,0,0,821.8619353522994,0.3902922829787633,0.010318268394495777,9.190953658175992,6.712788428830526,False,False,False,True,False,False
2.0,4369,22,6.585959140352191,24290.948183903252,66.90647482014388,3067,6.382521258497842,0,0,0,0,0,0,0,1338.979171435111,0.7805845659575266,0.0033300666974782336,8.382518288089635,7.2004093491190115,False,False,False,True,False,False
26.0,135,13,6.045175999634896,2840.439024390244,0.0,3549,6.881313711751069,0,0,0,0,0,0,0,48148.148148148146,0.7555541757959876,0.00010534254534684423,4.912654885736052,10.782058725442528,False,False,False,False,False,True
1.0,190,25,5.558589488847307,349.1694444444444,100.0,610,5.665348780241979,0,0,0,0,0,0,0,29157.894736842103,0.13788144168663172,0.00012822029614201406,5.25227342804663,10.280515282003766,False,False,True,False,False,False
6.0,20316,35,6.195191110040243,2612.9254587155965,80.89887640449437,3067,6.382521258497842,0,0,0,0,0,0,0,378.0271707028943,2.3417536978725795,0.020376438214479393,9.919213252997611,5.937607893021741,False,False,False,True,False,False
1.0,1730,28,6.716224756106464,25209.392139356758,64.15094339622641,3067,6.382521258497842,0,0,0,0,0,0,0,3947.976878612717,0.3902922829787633,0.001534502963952703,7.456454555176209,8.281211806271463,False,False,False,True,False,False
2.0,3287,34,6.195191110040243,2612.9254587155965,67.17557251908397,3067,6.382521258497842,0,0,0,0,0,0,0,2056.5865530879223,0.7805845659575266,0.0028938699107152505,8.098034756176071,7.62928899878085,False,False,False,True,False,False
2.0,37540,21,6.889014757268265,36658.88483994415,75.05353319057816,3067,6.382521258497842,0,0,0,0,0,0,0,209.11028236547682,0.7805845659575266,0.03849338525097246,10.533188948038239,5.347632546993619,False,False,False,True,False,False
26.0,357,15,6.653163955082155,24320.92078071306,60.0,3549,6.881313711751069,0,0,0,0,0,0,0,17030.81232492997,0.7555541757959876,0.000274287744908251,5.8805329864007,9.742838187544193,False,False,False,False,False,True
3.0,6554,23,6.883245441642069,31347.015941357135,75.0,3067,6.382521258497842,0,0,0,0,0,0,0,1231.3091241989623,1.1708768489362897,0.006901155554366787,8.7879833961978,7.116645025119347,False,False,False,True,False,False
1.0,69,9,6.779782172998328,33631.42093373494,0.0,1572,6.528145312958054,0,0,0,0,0,0,0,72463.76811594203,0.38249375632476623,3.576857448203587e-05,4.248495242049359,11.190855765705896,False,False,False,False,True,False
2.0,219,17,6.977385999228614,34052.54381690498,60.0,3067,6.382521258497842,0,0,0,0,0,0,0,27579.908675799088,0.7805845659575266,0.00016351814397081525,5.393627546352362,10.224879097715327,False,False,False,True,False,False
1.0,457,14,5.710152858857673,19942.244122166732,88.88888888888889,2188,6.320059610463039,0,0,0,0,0,0,0,9431.072210065644,0.8886641126398388,0.0002480403927823705,6.126869184114185,9.151871098047279,True,False,False,False,False,False
1.0,625,72,7.0565046657833825,42480.10683071131,58.333333333333336,1572,6.528145312958054,0,0,0,0,0,0,0,11264.0,0.38249375632476623,0.0005655759958093559,6.439350371100098,9.329455852866344,False,False,False,False,True,False
13.0,55252,7,6.756379223895332,24835.59366045604,83.6890243902439,3549,6.881313711751069,0,0,0,0,0,0,0,137.18960399623543,0.3777770878979938,0.05471047815152874,10.919677916548416,4.9286266841642465,False,False,False,False,False,True
1.0,123,29,6.639612406195241,24992.99280485211,0.0,2188,6.320059610463039,0,0,0,0,0,0,0,52439.0243902439,0.8886641126398388,9.434789812003931e-05,4.820281565605037,10.867425402985154,True,False,False,False,False,False
2.0,1974,13,6.72025323131698,17658.09867568822,81.15942028985508,3067,6.382521258497842,0,0,0,0,0,0,0,3323.201621073961,0.7805845659575266,0.0016826060229838669,7.5883236773352225,8.108984810295263,False,False,False,True,False,False
2.0,1127,13,6.195191110040243,2612.9254587155965,64.86486486486487,3067,6.382521258497842,0,0,0,0,0,0,0,5297.249334516415,0.7805845659575266,0.0008697664619647328,7.028201432058005,8.575131730732261,False,False,False,True,False,False
52.0,1039,24,6.58558055977916,14312.419903361644,84.61538461538461,3549,6.881313711751069,0,0,0,0,0,0,0,6573.628488931665,1.5111083515919752,0.0009178711466464325,6.946975992135418,8.79097335186504,False,False,False,False,False,True
2.0,23730,24,6.818720708784225,33123.15789556883,73.79310344827587,3067,6.382521258497842,0,0,0,0,0,0,0,310.1559207753898,0.7805845659575266,0.02281001420586015,10.074537489292018,5.740294139519351,False,False,False,True,False,False
48.0,1961,20,6.760177441321682,19273.60023533385,74.07407407407408,3549,6.881313711751069,0,0,0,0,0,0,0,3498.215196328404,1.3948692476233617,0.0017483282742973242,7.581719640125308,8.160293992713829,False,False,False,False,False,True
1.0,78,30,6.26522859704693,4177.704926926859,0.0,3067,6.382521258497842,0,0,0,0,0,0,0,55256.41025641025,0.3902922829787633,3.461619434489481e-05,4.3694478524670215,10.919757732674377,False,False,False,True,False,False
12.0,77774,75,6.836389593533809,44381.854779873785,81.74019607843137,3549,6.881313711751069,0,0,0,0,0,0,0,90.77583768354462,0.34871731190584043,0.07173150906449377,11.261575321765838,4.519349056920045,False,False,False,False,False,True
1.0,444,30,6.719475909504948,25751.457163549512,50.0,1572,6.528145312958054,0,0,0,0,0,0,0,11599.0990990991,0.38249375632476623,0.00028944899106628366,6.09807428216624,9.35876892008375,False,False,False,False,True,False
2.0,184,14,6.5004185244497705,20155.465753424658,50.0,610,5.665348780241979,0,0,0,0,0,0,0,28586.95652173913,0.27576288337326343,0.00011714594915515744,5.220355825078324,10.26074080748168,False,False,True,False,False,False
31.0,98,12,6.868572948400319,22026.131219476494,0.0,3549,6.881313711751069,0,0,0,0,0,0,0,71428.57142857142,0.9008530557567545,8.032204690438263e-05,4.59511985013459,11.176467228251017,False,False,False,False,False,True
1.0,4614,38,6.85900618133501,35060.00548448221,79.7752808988764,2188,6.320059610463039,0,0,0,0,0,0,0,1653.6627654963156,0.8886641126398388,0.0045903903604584935,8.437067146936952,7.41135249997612,True,False,False,False,False,False
1.0,7034,24,6.889097765744061,30052.841899886367,89.31297709923665,2188,6.320059610463039,0,0,0,0,0,0,0,1034.9729883423374,0.8886641126398388,0.006681228639441159,8.858652969548489,6.943096349450889,True,False,False,False,False,False
1.0,44,14,6.270257490704965,4775.436363636363,0.0,2188,6.320059610463039,0,0,0,0,0,0,0,85227.27272727272,0.8886641126398388,1.2250612499565433e-05,3.8066624897703196,11.35308849729283,True,False,False,False,False,False
1.0,6907,62,6.66391737475365,18028.293509500556,67.2566371681416,1572,6.528145312958054,0,0,0,0,0,0,0,981.6128565223686,0.38249375632476623,0.006109211702569077,8.84043543926657,6.890215203836177,False,False,False,False,True,False
25.0,66084,31,6.887434274427518,32638.033491236478,80.60635226179018,3549,6.881313711751069,0,0,0,0,0,0,0,111.5247261061679,0.7264943998038342,0.06362495118855661,11.098697071191907,4.723172985105098,False,False,False,False,False,True
100.0,53,32,6.66391737475365,18028.293509500556,0.0,3549,6.881313711751069,0,0,0,0,0,0,0,94339.62264150944,2.905977599215337,2.531614693427123e-05,3.9889840465642745,11.454667156790073,False,False,False,False,False,True
13.0,47157,21,6.724256288854555,24131.374187315396,73.92183288409704,3549,6.881313711751069,0,0,0,0,0,0,0,151.6211803125729,0.3777770878979938,0.04404408810530792,10.761258944930994,5.027958905500649,False,False,False,False,False,True
52.0,2411,15,6.827850625188941,21162.251451633205,71.42857142857143,3549,6.881313711751069,0,0,0,0,0,0,0,3119.0377436748236,1.5111083515919752,0.0023595679455423913,7.788211557847076,8.04560037806203,False,False,False,False,False,True
51.0,49467,22,6.851640311366901,27386.739218737854,77.74829416224412,3549,6.881313711751069,0,0,0,0,0,0,0,137.66753593304628,1.4820485755998218,0.04400459360781868,10.809081274861947,4.932079240321435,False,False,False,False,False,True
3.0,3210,19,6.914189728525724,27946.87190819111,75.5813953488372,3067,6.382521258497842,0,0,0,0,0,0,0,2102.803738317757,1.1708768489362897,0.0028216671543221795,8.074337694089515,7.6515022892395,False,False,False,True,False,False
6.0,58997,24,6.6584943969123715,31138.854785152766,73.67436057392389,1572,6.528145312958054,0,0,0,0,0,0,0,114.58209739478279,2.294962537948597,0.05209862032967953,10.985258824008211,4.749981077418033,False,False,False,False,True,False
167.0,281632,8,6.891201462918067,36718.93428167248,81.67184086466598,3549,6.881313711751069,0,0,0,0,0,0,0,28.01528235427792,4.852982590689613,0.2903168601405807,12.548360083900105,3.3678226689161916,False,False,False,False,False,True
1.0,346,30,6.888968614726282,21835.07963119546,0.0,2188,6.320059610463039,0,0,0,0,0,0,0,19104.046242774566,0.8886641126398388,0.00028950909252468325,5.849324779946859,9.857707780332118,True,False,False,False,False,False
1.0,6985,25,6.834239468632652,41126.28438312905,67.37160120845923,1572,6.528145312958054,0,0,0,0,0,0,0,990.6943450250537,0.38249375632476623,0.006306075336110563,8.851663425366777,6.899414939871751,False,False,False,False,True,False
1.0,2923,18,6.866260232244281,32388.452626214865,69.51219512195121,1572,6.528145312958054,0,0,0,0,0,0,0,2322.955867259665,0.38249375632476623,0.0025838313113468996,7.980707820869669,7.7510261277999515,False,False,False,False,True,False
1.0,2115,24,6.195191110040243,2612.9254587155965,60.78431372549019,3067,6.382521258497842,0,0,0,0,0,0,0,3087.470449172577,0.3902922829787633,0.001795166908692301,7.65728279297819,8.03543124707094,False,False,False,True,False,False
1.0,103,10,5.879225467208256,3053.415760869565,50.0,447,5.588299776286353,0,0,0,0,0,0,0,57475.728155339806,0.9078461025802542,7.036088345136293e-05,4.6443908991413725,10.959135417127847,False,True,False,False,False,False
24.0,218101,29,7.118348930279128,69510.13673765108,84.52604411074613,3549,6.881313711751069,0,0,0,0,0,0,0,38.560116643206584,0.6974346238116809,0.23964256765573327,12.292718122253131,3.677821455263981,False,False,False,False,False,True
13.0,5605,41,6.880390107072792,30065.037186273414,75.75757575757575,3549,6.881313711751069,0,0,0,0,0,0,0,1209.634255129349,0.3777770878979938,0.004955843811024763,8.631592731724734,7.098899679050447,False,False,False,False,False,True
1.0,60,54,6.8393549963377245,31403.66763082611,0.0,3067,6.382521258497842,0,0,0,0,0,0,0,119000.0,0.3902922829787633,4.6665230200580496e-05,4.110873864173311,11.686887175419702,False,False,False,True,False,False
33.0,140,11,6.66391737475365,18028.293509500556,75.0,3549,6.881313711751069,0,0,0,0,0,0,0,37857.142857142855,0.9589726077410612,8.763874618781788e-05,4.948759890378168,10.541601370658514,False,False,False,False,False,True
2.0,7218,64,6.195191110040243,2612.9254587155965,75.4863813229572,3067,6.382521258497842,0,0,0,0,0,0,0,1009.9750623441396,0.7805845659575266,0.0068656747890559,8.88447171813916,6.918670552389981,False,False,False,True,False,False
1.0,19258,45,6.77343606745359,20106.262753151284,82.40963855421687,2188,6.320059610463039,0,0,0,0,0,0,0,405.5457472219337,0.8886641126398388,0.019641906934094663,9.865733762924211,6.007696461947144,True,False,False,False,False,False
1.0,542,36,6.585959140352191,24290.948183903252,50.0,3067,6.382521258497842,0,0,0,0,0,0,0,10350.553505535057,0.3902922829787633,0.0003879657338108523,6.297109319933935,9.24489188458321,False,False,False,True,False,False
24.0,259900,18,6.99104964385922,41151.87016061087,84.61538461538461,3549,6.881313711751069,0,0,0,0,0,0,0,31.43516737206618,0.6974346238116809,0.27742202952637124,12.468056068255885,3.4792432468818935,False,False,False,False,False,True
26.0,12234,16,6.767541224610549,31441.719824303393,75.0,3549,6.881313711751069,0,0,0,0,0,0,0,577.0802681052804,0.7555541757959876,0.011275661108840165,9.412055975876772,6.359712731184997,False,False,False,False,False,True
12.0,41756,33,6.839734897713103,31137.25862822401,80.86824835941444,3549,6.881313711751069,0,0,0,0,0,0,0,165.7246862726315,0.34871731190584043,0.037743752825888106,10.63962238089551,5.116343866810985,False,False,False,False,False,True
101.0,120,33,6.697640144872388,20202.271392966297,50.0,3549,6.881313711751069,0,0,0,0,0,0,0,57083.333333333336,2.9350373752074903,9.809117373558251e-05,4.795790545596741,10.952284985551094,False,False,False,False,False,True
11.0,24167,35,6.907533437153302,33770.51646265648,79.37806873977087,3067,6.382521258497842,0,0,0,0,0,0,0,331.8574916208052,4.293215112766396,0.025314225089501804,10.092784723066508,5.807714445291711,False,False,False,True,False,False
3.0,9637,8,6.7921340428944,31872.547252092783,74.63617463617463,3067,6.382521258497842,0,0,0,0,0,0,0,729.4801286707482,1.1708768489362897,0.008842345121594663,9.173468897200278,6.593702028453547,False,False,False,True,False,False
1.0,297,63,6.779935390862401,26479.877020856475,50.0,2188,6.320059610463039,0,0,0,0,0,0,0,23063.973063973066,0.8886641126398388,0.00025650424598917294,5.697093486505405,10.046070428160025,True,False,False,False,False,False
1.0,2039,40,6.638243832197137,24791.843889668748,74.60317460317461,3067,6.382521258497842,0,0,0,0,0,0,0,2751.3487003433056,0.3902922829787633,0.001485231527045984,7.620705086838262,7.920209899000042,False,False,False,True,False,False
2.0,2754,21,6.195191110040243,2612.9254587155965,66.21621621621621,3067,6.382521258497842,0,0,0,0,0,0,0,2378.3587509077706,0.7805845659575266,0.0023475450407555755,7.9211727215870145,7.7745862979704,False,False,False,True,False,False
21.0,144,23,6.728879252982257,24172.086087666834,50.0,3549,6.881313711751069,0,0,0,0,0,0,0,42222.222222222226,0.6102552958352208,0.00010508384776503705,4.976733742420574,10.650725638296409,False,False,False,False,False,True
25.0,194611,8,6.854753012738375,29970.259568859554,82.68962897302772,3549,6.881313711751069,0,0,0,0,0,0,0,39.51472424477547,0.7264943998038342,0.19552407039267986,12.178763111786587,3.701665469639383,False,False,False,False,False,True
2.0,41898,23,6.8873779809596005,36426.83482602904,80.12132524498367,3067,6.382521258497842,0,0,0,0,0,0,0,176.14205928683947,0.7805845659575266,0.04039027089748569,10.643017239276974,5.17695200550772,False,False,False,True,False,False
2.0,18866,10,6.791157354696293,21265.699217924328,71.37404580152672,3067,6.382521258497842,0,0,0,0,0,0,0,385.87935969468884,0.7805845659575266,0.01793548280924992,9.845169643211612,5.958112912376177,False,False,False,True,False,False
15.0,37,14,6.5004185244497705,20155.465753424658,0.0,610,5.665348780241979,0,0,0,0,0,0,0,123243.24324324324,2.0682216252994756,1.273665038053649e-05,3.6375861597263857,11.721923382848514,False,False,True,False,False,False
1.0,1258,66,6.723139968065377,30844.535049118826,79.24528301886792,3067,6.382521258497842,0,0,0,0,0,0,0,4395.8664546899845,0.3902922829787633,0.0008996277409152529,7.138073034044347,8.388647396804629,False,False,False,True,False,False
1.0,98549,16,6.89685613347767,45960.667908417556,78.24504650222403,2188,6.320059610463039,0,0,0,0,0,0,0,80.56905701732133,0.8886641126398388,0.10222576350934454,11.498319312580866,4.401449986835238,True,False,False,False,False,False
1.0,2525,31,6.510263751421897,20545.19121004566,70.27027027027027,1572,6.528145312958054,0,0,0,0,0,0,0,2990.09900990099,0.38249375632476623,0.002481473301478527,7.8343923029104365,8.003396160690222,False,False,False,False,True,False
1.0,806,25,6.769866626233298,29245.482223340226,45.45454545454545,2188,6.320059610463039,0,0,0,0,0,0,0,7766.749379652605,0.8886641126398388,0.0006499218599060426,6.693323668269949,8.95773574627518,True,False,False,False,False,False
53.0,518,23,6.728879252982257,24172.086087666834,40.0,3549,6.881313711751069,0,0,0,0,0,0,0,12644.787644787644,1.5401681275841286,0.00043399299851743384,6.251903883165888,9.445079446194445,False,False,False,False,False,True
2.0,950,33,6.812269569012642,29627.443239226184,78.37837837837837,1572,6.528145312958054,0,0,0,0,0,0,0,7073.684210526315,0.7649875126495325,0.0008247961989939189,6.85751406254539,8.864278086960702,False,False,False,False,True,False
1.0,295,73,6.758537183302698,28423.630233655334,50.0,2188,6.320059610463039,0,0,0,0,0,0,0,21118.64406779661,0.8886641126398388,0.00023081740529054136,5.69035945432406,9.957958884827647,True,False,False,False,False,False
10.0,50,30,6.772409865396259,19321.953347374583,0.0,3549,6.881313711751069,0,0,0,0,0,0,0,124000.0,0.2905977599215337,3.1195637429888836e-05,3.9318256327243257,11.728044909070785,False,False,False,False,False,True
12.0,146979,22,6.816742595707507,34212.50144126047,80.62109296229079,3549,6.881313711751069,0,0,0,0,0,0,0,46.401186564066975,0.34871731190584043,0.1309591889439644,11.898051802082863,3.8586472613849043,False,False,False,False,False,True
52.0,4426,25,6.626533453023366,14228.317337363127,72.20216606498195,3549,6.881313711751069,0,0,0,0,0,0,0,1452.7790329868956,1.5111083515919752,0.003709036443417206,8.395477432732141,7.28192167473364,False,False,False,False,False,True
13.0,190,15,6.6694229319267135,19488.339382565846,50.0,3549,6.881313711751069,0,0,0,0,0,0,0,31368.42105263158,0.3777770878979938,0.00013864659262090932,5.25227342804663,10.353588845567547,False,False,False,False,False,True
13.0,363215,8,6.9611755690740145,38517.71154131651,87.80724764402993,3549,6.881313711751069,0,0,0,0,0,0,0,23.512244813677846,0.3777770878979938,0.4052647693412045,12.802752977602413,3.199172781011482,False,False,False,False,False,True
2.0,105,100,6.8059761534885554,20214.78450714711,0.0,1572,6.528145312958054,0,0,0,0,0,0,0,63238.09523809523,0.7649875126495325,8.178538676106967e-05,4.663439094112067,11.054677984423076,False,False,False,False,True,False
2.0,3047,12,6.195191110040243,2612.9254587155965,62.18487394957983,3067,6.382521258497842,0,0,0,0,0,0,0,1916.639317361339,0.7805845659575266,0.002315636392559137,8.022240916806537,7.5588501863316235,False,False,False,True,False,False
2.0,4495,73,6.671140218499566,17379.625889812763,61.95652173913043,1572,6.528145312958054,0,0,0,0,0,0,0,1626.2513904338152,0.7649875126495325,0.004283824580142887,8.410943391573527,7.3946476069206,False,False,False,False,True,False
1.0,890,26,6.818270128696822,26758.54468872297,0.0,2188,6.320059610463039,0,0,0,0,0,0,0,7276.525834286933,0.8886641126398388,0.0007437554072961395,6.792344427470809,8.892546225498318,True,False,False,False,False,False
1.0,207,4,6.5004185244497705,20155.465753424658,100.0,2188,6.320059610463039,0,0,0,0,0,0,0,24154.589371980677,0.8886641126398388,0.00012592076208150585,5.337538079701318,10.092271076276049,True,False,False,False,False,False
1.0,873,17,6.741621400639805,25291.837019617848,72.72727272727273,1572,6.528145312958054,0,0,0,0,0,0,0,7731.958762886598,0.38249375632476623,0.0007606117610834267,6.773080375655535,8.953246831979609,False,False,False,False,True,False
12.0,53617,4,6.836389593533809,44381.854779873785,78.96090534979425,3549,6.881313711751069,0,0,0,0,0,0,0,124.9603670477647,0.34871731190584043,0.046926521386318885,10.8896401115792,4.8359673102311564,False,False,False,False,False,True
1.0,107,18,5.879225467208256,3053.415760869565,50.0,447,5.588299776286353,0,0,0,0,0,0,0,49532.71028037383,0.9078461025802542,6.478712646151745e-05,4.68213122712422,10.810408732535901,False,True,False,False,False,False
8.0,372,8,6.767541224610549,31441.719824303393,33.33333333333333,610,5.665348780241979,0,0,0,0,0,0,0,12311.827956989247,1.1030515334930537,0.00021329783016704433,5.921578419643816,9.41839692122626,False,False,True,False,False,False
51.0,1632,12,6.7246875,16489.53125,77.77777777777779,3549,6.881313711751069,0,0,0,0,0,0,0,3719.3627450980393,1.4820485755998218,0.0012849956790669003,7.398174092970465,8.221576454636324,False,False,False,False,False,True
24.0,75612,33,6.919955048525953,40907.869026112516,80.60504201680672,3549,6.881313711751069,0,0,0,0,0,0,0,107.78712373697297,0.6974346238116809,0.08050545443935574,11.233383505056556,4.689392979412402,False,False,False,False,False,True
2.0,26543,27,6.616502142324668,16121.071662435026,72.72089761570828,2188,6.320059610463039,0,0,0,0,0,0,0,272.3882002787929,1.7773282252796776,0.02506422262086093,10.186559012430227,5.610892764173362,True,False,False,False,False,False
1.0,171,20,6.510263751421897,20545.19121004566,0.0,1572,6.528145312958054,0,0,0,0,0,0,0,32163.742690058476,0.38249375632476623,0.00011357383204070888,5.147494476813453,10.378626184125817,False,False,False,False,True,False
12.0,315630,15,6.978610296211153,44564.24337087086,80.76104310803619,3549,6.881313711751069,0,0,0,0,0,0,0,24.23723980610208,0.34871731190584043,0.31546710195308586,12.662329088732065,3.2283206737731134,False,False,False,False,False,True
26.0,150393,14,6.859235350059212,32544.419944881665,85.02484031227822,3549,6.881313711751069,0,0,0,0,0,0,0,53.39344251394679,0.7555541757959876,0.15777737557585061,11.921013796085084,3.9962436045730865,False,False,False,False,False,True
25.0,5232,34,6.728879252982257,24172.086087666834,74.84662576687117,3549,6.881313711751069,0,0,0,0,0,0,0,1330.275229357798,0.7264943998038342,0.0047484702615839995,8.562740006372207,7.193892580908426,False,False,False,False,False,True
1.0,83,21,5.879225467208256,3053.415760869565,0.0,447,5.588299776286353,0,0,0,0,0,0,0,50843.3734939759,0.9078461025802542,3.645582159330139e-05,4.430816798843313,10.836524746268624,False,True,False,False,False,False
12.0,31256,41,6.767535757468809,33813.38250610869,77.82571182053495,3549,6.881313711751069,0,0,0,0,0,0,0,215.31865881750704,0.34871731190584043,0.027474420451477664,10.349998630080293,5.376752592842346,False,False,False,False,False,True
70.0,181249,17,6.9018360057669135,31576.91458052933,80.7209805335256,3549,6.881313711751069,0,0,0,0,0,0,0,45.13128348294335,2.034184319450736,0.19370250363252234,12.107632572716922,3.8314913203550836,False,False,False,False,False,True
13.0,61017,29,6.865337978873829,35185.64297435264,79.22307239552678,3549,6.881313711751069,0,0,0,0,0,0,0,124.06378550240096,0.3777770878979938,0.06034022487608728,11.01892418159454,4.8288238911708925,False,False,False,False,False,True
3.0,13790,31,6.913579950455417,38126.73154471459,74.01812688821752,3067,6.382521258497842,0,0,0,0,0,0,0,552.5743292240754,1.1708768489362897,0.013719929933602283,9.531771484474337,6.3163960326070585,False,False,False,True,False,False
3.0,1099,40,6.769866626233298,29245.482223340226,72.22222222222221,3067,6.382521258497842,0,0,0,0,0,0,0,5887.170154686078,1.1708768489362897,0.0009197212263223869,7.003065458786462,8.680700558545178,False,False,False,True,False,False
312.0,146,20,6.289007148338809,2755.141935483871,0.0,3549,6.881313711751069,0,0,0,0,0,0,0,41849.31506849315,9.066650109551851,0.00010724488716053741,4.990432586778736,10.641854604407637,False,False,False,False,False,True
5.0,9949,50,6.6755635503297155,29563.17898280345,69.79166666666666,1572,6.528145312958054,0,0,0,0,0,0,0,711.6293094783396,1.912468781623831,0.00919391382871717,9.205327830152639,6.568961382663178,False,False,False,False,True,False
6.0,5867,57,6.818032823249103,31021.72354978355,69.23076923076923,1572,6.528145312958054,0,0,0,0,0,0,0,1199.9318220555651,2.294962537948597,0.005387239013882991,8.677269139262872,7.090853052821316,False,False,False,False,True,False
12.0,19053,18,6.801305199251226,43985.0757475695,76.31284916201118,3549,6.881313711751069,0,0,0,0,0,0,0,352.7003621476932,0.34871731190584043,0.01671930105435731,9.855032332266724,5.868450120094692,False,False,False,False,False,True
1.0,35243,35,6.759224938434093,21326.030644316394,73.16804407713498,1572,6.528145312958054,0,0,0,0,0,0,0,206.28209857276622,0.38249375632476623,0.03346676188766815,10.470050580986621,5.334080660540534,False,False,False,False,True,False
1.0,101,16,6.548792989998894,10128.71560623309,50.0,3067,6.382521258497842,0,0,0,0,0,0,0,63564.35643564357,0.3902922829787633,7.541201906382019e-05,4.624972813284271,11.059823890788364,False,False,False,True,False,False
12.37420167311325,73,46,6.490336269696487,6754.518842086047,0.0,3549,6.881313711751069,0,0,0,0,0,0,0,91369.86301369863,0.35959152870240046,5.430987439832686e-05,4.30406509320417,11.422681921211261,False,False,False,False,False,True
1.0,164,24,5.879225467208256,3053.415760869565,66.66666666666666,447,5.588299776286353,0,0,0,0,0,0,0,32073.170731707316,0.9078461025802542,0.00010340100692984695,5.10594547390058,10.375806335110873,False,True,False,False,False,False
2.0,46864,16,6.8301637565625155,29205.438752029575,74.0320427236315,3067,6.382521258497842,0,0,0,0,0,0,0,165.58552406964836,0.7805845659575266,0.04750542124673117,10.755026407180587,5.1155088356193135,False,False,False,True,False,False
1.0,55,17,6.604842707205482,20851.246346539916,0.0,610,5.665348780241979,0,0,0,0,0,0,0,95454.54545454546,0.13788144168663172,2.8419211362513856e-05,4.02535169073515,11.466415925470937,False,False,True,False,False,False
2.0,9730,44,6.7921340428944,31872.547252092783,82.08955223880598,3067,6.382521258497842,0,0,0,0,0,0,0,701.9527235354574,0.7805845659575266,0.00867351097907595,9.18307194482199,6.555289639955365,False,False,False,True,False,False
97.0,390,34,6.490336269696487,6754.518842086047,71.42857142857143,3549,6.881313711751069,0,0,0,0,0,0,0,17923.076923076922,2.818798271238877,0.0003468720149068156,5.968707559985366,9.79390016752129,False,False,False,False,False,True
1.0,136,13,5.879225467208256,3053.415760869565,66.66666666666666,447,5.588299776286353,0,0,0,0,0,0,0,37647.05882352941,0.9078461025802542,8.167041005804428e-05,4.919980925828125,10.536036673426862,False,True,False,False,False,False
1.0,37,18,6.648919547834284,16487.174642282618,0.0,3067,6.382521258497842,0,0,0,0,0,0,0,138918.9189189189,0.3902922829787633,1.554051407022435e-05,3.6375861597263857,11.841652923204794,False,False,False,True,False,False
3.0,3417,20,6.643465275750761,19449.317304317305,67.94871794871796,1572,6.528145312958054,0,0,0,0,0,0,0,2004.6824700029265,1.1474812689742986,0.0030488702653744953,8.136810863675537,7.603739665864524,False,False,False,False,True,False
14.0,45,10,6.635179612672527,21054.824107164448,0.0,3549,6.881313711751069,0,0,0,0,0,0,0,130222.22222222223,0.40683686389014717,2.5146294986620054e-05,3.828641396489095,11.777005350934278,False,False,False,False,False,True
4.0,187,5,6.794607080130419,17996.367678958784,50.0,2188,6.320059610463039,0,0,0,0,0,0,0,42780.7486631016,3.554656450559355,0.00018615287582549958,5.236441962829949,10.663866857516332,True,False,False,False,False,False
25.0,70416,31,6.510263751421897,20545.19121004566,78.7398921832884,610,5.665348780241979,0,0,0,0,0,0,0,108.35605544194502,3.447036042165793,0.07018842241183106,11.162189990267917,4.694609122287715,False,False,True,False,False,False
4.0,48,32,6.490336269696487,6754.518842086047,0.0,3067,6.382521258497842,0,0,0,0,0,0,0,127291.66666666666,1.5611691319150531,2.9011080072406033e-05,3.8918202981106265,11.754244176182842,False,False,False,True,False,False
1.0,805,16,6.828608104785629,24355.418315841383,81.25,3067,6.382521258497842,0,0,0,0,0,0,0,7614.906832298137,0.3902922829787633,0.0006354308756645104,6.692083742506628,8.937994343242245,False,False,False,True,False,False
2.0,148,19,6.195191110040243,2612.9254587155965,66.66666666666666,3067,6.382521258497842,0,0,0,0,0,0,0,31554.05405405405,0.7805845659575266,8.099622848121345e-05,5.003946305945459,10.359489047027617,False,False,False,True,False,False
26.0,80,16,6.788310729601363,20211.94423929099,0.0,3549,6.881313711751069,0,0,0,0,0,0,0,84375.0,0.7555541757959876,6.124636662971217e-05,4.394449154672439,11.34303827995645,False,False,False,False,False,True
47.0,632,32,6.728879252982257,24172.086087666834,66.66666666666666,3549,6.881313711751069,0,0,0,0,0,0,0,10253.164556962025,1.3658094716312084,0.0005257731517074682,6.450470422144176,9.235439200289973,False,False,False,False,False,True
24.0,35123,20,6.8993218075568965,27607.44021691029,80.8011049723757,3549,6.881313711751069,0,0,0,0,0,0,0,211.54229422315862,0.6974346238116809,0.03408701939078006,10.466639936479886,5.359141000198696,False,False,False,False,False,True
1.0,727,40,5.7918085106382975,2324.3617021276596,72.22222222222221,1572,6.528145312958054,0,0,0,0,0,0,0,8596.973865199448,0.38249375632476623,0.0005843577015592455,6.590301048196686,9.059281857414419,False,False,False,False,True,False
10.0,32,15,6.795992294212215,28118.12073376913,0.0,3549,6.881313711751069,0,0,0,0,0,0,0,202378.37476610532,0.2905977599215337,1.776890051560743e-05,3.4965075614664802,12.21789930787343,False,False,False,False,False,True
1.0,3811,23,6.829036948424544,17643.015772252504,84.93150684931507,2188,6.320059610463039,0,0,0,0,0,0,0,2096.5625819994752,0.8886641126398388,0.0039691333439623375,8.245909264774093,7.648531274368003,True,False,False,False,False,False
25.0,309339,14,6.8301637565625155,29205.438752029575,82.63617772820227,3549,6.881313711751069,0,0,0,0,0,0,0,26.47580809403276,0.7264943998038342,0.3310042317778239,12.64219627459213,3.313305911832876,False,False,False,False,False,True
12.0,479,13,6.744524531479761,27589.223936695056,50.0,3067,6.382521258497842,0,0,0,0,0,0,0,13423.799582463465,4.683507395745159,0.000393107021610909,6.173786103901937,9.50485899058507,False,False,False,True,False,False
2.0,318,14,6.6979479475372585,33984.65115545547,66.66666666666666,610,5.665348780241979,0,0,0,0,0,0,0,18899.37106918239,0.27576288337326343,0.0002403983616915111,5.765191102784844,9.846936834145076,False,False,True,False,False,False
13.0,12975,31,6.837047845388285,33214.24139364271,74.55197132616487,3549,6.881313711751069,0,0,0,0,0,0,0,554.9132947976879,0.3777770878979938,0.012196514749584456,9.470856776355195,6.320612337481482,False,False,False,False,False,True
1.0,4623,37,6.784596904004383,37318.703244620185,75.74468085106383,1572,6.528145312958054,0,0,0,0,0,0,0,1529.3099718797318,0.38249375632476623,0.004261111455081595,8.439015410352214,7.333225589866508,False,False,False,False,True,False
13.0,6479,13,6.807857833297545,29675.078598868375,72.92418772563177,3549,6.881313711751069,0,0,0,0,0,0,0,1010.958481247106,0.3777770878979938,0.005535372123643355,8.776475789346321,6.919642822570138,False,False,False,False,False,True
1.0,50,20,6.5004185244497705,20155.465753424658,0.0,3067,6.382521258497842,0,0,0,0,0,0,0,100000.0,0.3902922829787633,2.335631676906536e-05,3.9318256327243257,11.51293546492023,False,False,False,True,False,False
1.0,52,28,6.542958467678293,16872.417365775556,100.0,1572,6.528145312958054,0,0,0,0,0,0,0,84615.38461538462,0.38249375632476623,2.0586423468907732e-05,3.970291913552122,11.345883198419047,False,False,False,False,True,False
1.0,11705,40,6.815470928920611,21866.42979286939,78.87323943661971,2188,6.320059610463039,0,0,0,0,0,0,0,633.9171294318667,0.8886641126398388,0.011338252858103068,9.367856809851165,6.453494485544489,True,False,False,False,False,False
10.0,4436,7,6.5004185244497705,20155.465753424658,85.07462686567165,3549,6.881313711751069,0,0,0,0,0,0,0,1587.015329125338,0.2905977599215337,0.004070985717648087,8.39773375137891,7.370240294862088,False,False,False,False,False,True
12.0,1217,17,6.797223933790411,23888.17998983208,62.06896551724138,3549,6.881313711751069,0,0,0,0,0,0,0,5135.579293344289,0.34871731190584043,0.0009844896936221106,7.1049654482698426,8.544142629769578,False,False,False,False,False,True
39.0,5541,23,6.894927655223125,29470.952275029344,76.76767676767676,3549,6.881313711751069,0,0,0,0,0,0,0,1153.2214401732538,1.1333312636939814,0.004616804951425138,8.620110725422924,7.05118131789125,False,False,False,False,False,True
1.0,549,8,4.9263479368027125,4281.747368421053,70.0,2188,6.320059610463039,0,0,0,0,0,0,0,6520.947176684882,0.8886641126398388,0.00024748510756889556,6.309918278226516,8.78292825706545,True,False,False,False,False,False
1.0,57,38,6.110232844165658,8601.531333250083,0.0,3067,6.382521258497842,0,0,0,0,0,0,0,115789.47368421052,0.3902922829787633,3.984502122566407e-05,4.060443010546419,11.659537575488446,False,False,False,True,False,False
6.0,147,18,6.8059761534885554,20214.78450714711,50.0,610,5.665348780241979,0,0,0,0,0,0,0,39319.727891156464,0.8272886501197902,0.00010170510056022215,4.997212273764115,10.579507086072374,False,False,True,False,False,False
2.0,20151,41,6.751797143671785,26268.564264907767,78.16091954022988,3067,6.382521258497842,0,0,0,0,0,0,0,370.204952607811,0.7805845659575266,0.019631647876456534,9.911058818032446,5.916754342977703,False,False,False,True,False,False
1.0,9418,57,6.666474874898554,24526.824340126965,65.0,1572,6.528145312958054,0,0,0,0,0,0,0,783.60586111701,0.38249375632476623,0.009071871284669469,9.150484204822817,6.665181503945116,False,False,False,False,True,False
24.0,93,11,6.5004185244497705,20155.465753424658,0.0,3549,6.881313711751069,0,0,0,0,0,0,0,51935.48387096774,0.6974346238116809,4.9381554809555835e-05,4.543294782270004,10.857776786948516,False,False,False,False,False,True
2.0,35225,22,6.904255601987694,31982.71380111504,71.12366603892028,3067,6.382521258497842,0,0,0,0,0,0,0,232.22143364088006,0.7805845659575266,0.03763778872851575,10.469539725292242,5.451988361234258,False,False,False,True,False,False
2.0,2296,27,6.744173990661228,28816.127973557603,72.0,1572,6.528145312958054,0,0,0,0,0,0,0,2656.794425087108,0.7649875126495325,0.0018205989714694555,7.739359202689098,7.885251894328463,False,False,False,False,True,False
5.0,20261,18,6.885145721113196,36258.768723581044,81.66449934980494,3067,6.382521258497842,0,0,0,0,0,0,0,375.1048812990474,1.9514614148938163,0.020109472762481935,9.916502489613622,5.929868044118597,False,False,False,True,False,False
1.0,2137,28,6.637763368716651,42567.794815106856,81.35593220338984,3067,6.382521258497842,0,0,0,0,0,0,0,2784.277023865232,0.3902922829787633,0.0016519947823567947,7.6676260915849905,7.932102617384138,False,False,False,True,False,False
1.0,10067,43,6.849400484668315,36707.580010407786,0.0,2188,6.320059610463039,0,0,0,0,0,0,0,643.3006846642863,0.8886641126398388,0.008508764932616587,9.217117356255207,6.468165518792311,True,False,False,False,False,False
12.0,73903,12,6.883380512152217,40718.61410250869,78.34645669291339,3549,6.881313711751069,0,0,0,0,0,0,0,101.21375316292979,0.34871731190584043,0.07221624039202137,11.210522232670387,4.62706623978158,False,False,False,False,False,True
8.0,1113,29,6.851297034979002,21737.86723327578,53.84615384615385,3067,6.382521258497842,0,0,0,0,0,0,0,6918.238993710692,3.1223382638301063,0.0011104218472710223,7.01571242048723,8.842061070557225,False,False,False,True,False,False
26.0,3368,29,6.851384615162088,37135.73807187066,78.87323943661971,3549,6.881313711751069,0,0,0,0,0,0,0,2152.612826603325,0.7555541757959876,0.0031810346789487623,8.122371243406553,7.674902095322032,False,False,False,False,False,True
50.0,887,24,6.836335151609738,23693.80092663136,69.04761904761905,3549,6.881313711751069,0,0,0,0,0,0,0,8162.344983089065,1.4529887996076685,0.0008297454234377855,6.78897174299217,9.00740928836027,False,False,False,False,False,True
50.0,2526,8,6.662948251583755,24178.094281909634,80.0,3549,6.881313711751069,0,0,0,0,0,0,0,3020.5859065716545,1.4529887996076685,0.002508862581314001,7.834788107388194,8.013537107160355,False,False,False,False,False,True
1.0,10812,17,6.81009474623803,36266.74237857471,76.5281173594132,3067,6.382521258497842,0,0,0,0,0,0,0,543.8401775804662,0.3902922829787633,0.008297048509194998,9.288504392945537,6.300492499510492,False,False,False,True,False,False
7.0,72,27,6.26522859704693,4177.704926926859,0.0,610,5.665348780241979,0,0,0,0,0,0,0,60833.33333333333,0.965170091806422,3.189595007558907e-05,4.290459441148391,11.01590960155763,False,False,True,False,False,False
10.0,787,52,6.8393549963377245,31403.66763082611,83.33333333333334,3549,6.881313711751069,0,0,0,0,0,0,0,8157.560355781449,0.2905977599215337,0.0006508338342095852,6.669498089857879,9.006823005405513,False,False,False,False,False,True
1.0,76,37,6.679564955650962,12937.893013100436,0.0,2188,6.320059610463039,0,0,0,0,0,0,0,75657.8947368421,0.8886641126398388,4.77888661619652e-05,4.343805421853684,11.233990289791157,True,False,False,False,False,False
7.0,139,26,5.558589488847307,349.1694444444444,0.0,3549,6.881313711751069,0,0,0,0,0,0,0,38489.20863309353,0.20341843194507359,8.785432750599052e-05,4.941642422609304,10.5581591667124,False,False,False,False,False,True
5.0,2196,46,6.5004185244497705,20155.465753424658,62.96296296296296,1572,6.528145312958054,0,0,0,0,0,0,0,2923.497267759563,1.912468781623831,0.001832713334997315,7.69484807238461,7.9808778706236465,False,False,False,False,True,False
1.0,25169,42,6.817531173385809,34459.91188017973,78.71536523929471,3067,6.382521258497842,0,0,0,0,0,0,0,303.94532957209265,0.3902922829787633,0.025147444848996232,10.133408088129361,5.720132513236079,False,False,False,True,False,False
24.0,114,27,6.837738345581713,24493.494821621938,0.0,3549,6.881313711751069,0,0,0,0,0,0,0,53684.210526315794,0.6974346238116809,8.184810132635627e-05,4.74493212836325,10.890892833371504,False,False,False,False,False,True
2.0,2189,20,6.585959140352191,24290.948183903252,68.18181818181817,3067,6.382521258497842,0,0,0,0,0,0,0,3001.370488807675,0.7805845659575266,0.0018697423661387148,7.691656822810547,8.007157418571756,False,False,False,True,False,False
1.0,298,10,6.761709714305822,27666.489634616755,66.66666666666666,2188,6.320059610463039,0,0,0,0,0,0,0,21308.724832214764,0.8886641126398388,0.00023793158879023863,5.700443573390687,9.966918812396191,True,False,False,False,False,False
26.0,17920,17,6.880588822412662,36116.23965799748,78.93258426966293,3549,6.881313711751069,0,0,0,0,0,0,0,376.11607142857144,0.7555541757959876,0.01577134949519544,9.793728488543389,5.932553021835543,False,False,False,False,False,True
1.0,125,15,6.829036948424544,17643.015772252504,0.0,2188,6.320059610463039,0,0,0,0,0,0,0,64000.0,0.8886641126398388,0.00012134782502935882,4.836281906951478,11.06665398721974,True,False,False,False,False,False
1.0,401,41,6.662948251583755,24178.094281909634,75.0,2188,6.320059610463039,0,0,0,0,0,0,0,17730.67331670823,0.8886641126398388,0.00036320523950364133,5.996452088619021,9.783107772319878,True,False,False,False,False,False
2.0,1360,33,6.164566264410774,4404.363104307238,73.68421052631578,3067,6.382521258497842,0,0,0,0,0,0,0,4330.882352941177,0.7805845659575266,0.001037294051039974,7.215975002651466,8.37375745007463,False,False,False,True,False,False
2.0,2971,32,6.195191110040243,2612.9254587155965,66.66666666666666,3067,6.382521258497842,0,0,0,0,0,0,0,2026.2537866038367,0.7805845659575266,0.002327518189574058,7.99699040583765,7.614437341675352,False,False,False,True,False,False
1.0,176,26,6.26522859704693,4177.704926926859,0.0,3067,6.382521258497842,0,0,0,0,0,0,0,34545.454545454544,0.3902922829787633,0.00013050415156120064,5.176149732573829,10.450060205853651,False,False,False,True,False,False
26.0,81,18,6.490336269696487,6754.518842086047,0.0,3549,6.881313711751069,0,0,0,0,0,0,0,73086.41975308642,0.7555541757959876,5.33443314036021e-05,4.406719247264253,11.199411534526579,False,False,False,False,False,True
1.0,12877,20,6.830921446176283,26718.766997865972,82.06521739130434,2188,6.320059610463039,0,0,0,0,0,0,0,576.9977479226527,0.8886641126398388,0.012491287578519297,9.463275708098129,6.359569972337196,True,False,False,False,False,False
1.0,84,22,6.58558055977916,14312.419903361644,0.0,3067,6.382521258497842,0,0,0,0,0,0,0,70357.14285714286,0.3902922829787633,5.555501982995432e-05,4.442651256490317,11.16135380363593,False,False,False,True,False,False
1.0,45,15,6.490336269696487,6754.518842086047,0.0,3067,6.382521258497842,0,0,0,0,0,0,0,148222.22222222222,0.3902922829787633,2.9908682288070313e-05,3.828641396489095,11.906474674725414,False,False,False,True,False,False
13.0,6689,34,6.853035714105566,25664.09969819578,72.82229965156795,3549,6.881313711751069,0,0,0,0,0,0,0,904.4700254148602,0.3777770878979938,0.005278111750623998,8.808369153122275,6.8084541739758455,False,False,False,False,False,True
24.0,80307,13,6.910191281038786,39683.02714035873,83.92603129445236,3549,6.881313711751069,0,0,0,0,0,0,0,94.76135330668559,0.6974346238116809,0.07983891228050889,11.293624521373468,4.561859193425188,False,False,False,False,False,True
1.0,1453,13,6.195191110040243,2612.9254587155965,71.42857142857143,3067,6.382521258497842,0,0,0,0,0,0,0,4384.033035099794,0.3902922829787633,0.001199987392374374,7.282073658093465,8.385952438438064,False,False,False,True,False,False
3.0,35493,13,6.6153351605205115,23097.035076828644,82.36130867709815,3067,6.382521258497842,0,0,0,0,0,0,0,218.0711689628941,1.1708768489362897,0.03588378254036669,10.47711894709451,5.389396649457703,False,False,False,True,False,False
2.0,434,13,6.195191110040243,2612.9254587155965,80.0,3067,6.382521258497842,0,0,0,0,0,0,0,13709.677419354839,0.7805845659575266,0.00032808377638970866,6.075346031088684,9.5259301819378,False,False,False,True,False,False
1.0,377,29,6.813328166392435,27575.709069583874,0.0,2188,6.320059610463039,0,0,0,0,0,0,0,11485.411140583554,0.8886641126398388,0.00020397557134788175,5.934894195619588,9.348919975715148,True,False,False,False,False,False
1.0,76286,18,6.822225583639856,29151.603509963275,84.44180522565321,2188,6.320059610463039,0,0,0,0,0,0,0,102.37789371575387,0.8886641126398388,0.07783431828777626,11.242257822677576,4.638391145365656,True,False,False,False,False,False
1.0,1001,71,6.726465955361014,28171.06659381038,50.0,2188,6.320059610463039,0,0,0,0,0,0,0,6843.156843156842,0.8886641126398388,0.0008865765785684252,6.90975328164481,8.831150551633897,True,False,False,False,False,False
2.0,176,32,6.301036379522414,11434.922820846406,33.33333333333333,3067,6.382521258497842,0,0,0,0,0,0,0,26477.272727272728,0.7805845659575266,9.785076790198394e-05,5.176149732573829,10.184079778590819,False,False,False,True,False,False
1.0,8906,33,6.868572948400319,22026.131219476494,78.62318840579711,2188,6.320059610463039,0,0,0,0,0,0,0,741.0734336402425,0.8886641126398388,0.007670561359264629,9.09459276343187,6.609448205440591,True,False,False,False,False,False
48.0,3334,25,6.827850625188941,21162.251451633205,72.8,3549,6.881313711751069,0,0,0,0,0,0,0,2243.5512897420517,1.3948692476233617,0.0032490172677194233,8.112227958349724,7.716260909260544,False,False,False,False,False,True
5.0,5080,11,6.643862920571972,22922.40634378954,72.24669603524228,3067,6.382521258497842,0,0,0,0,0,0,0,1358.2677165354332,1.9514614148938163,0.004570423610735376,8.533263371593732,7.214701389993273,False,False,False,True,False,False
3.0,7634,37,6.195191110040243,2612.9254587155965,73.44827586206897,3067,6.382521258497842,0,0,0,0,0,0,0,964.1079381713388,1.1708768489362897,0.007331725015448743,8.940498217652733,6.872239948111196,False,False,False,True,False,False
1.0,8993,38,6.834918967411594,39177.271320319385,73.92638036809815,3067,6.382521258497842,0,0,0,0,0,0,0,759.4795952407428,0.3902922829787633,0.00801582986568272,9.104312967330653,6.633949280623741,False,False,False,True,False,False
6.0,2593,49,6.807171356035,26130.873860523876,0.0,3549,6.881313711751069,0,0,0,0,0,0,0,2497.5348987718357,0.17435865595292022,0.002184728625299923,7.860956364876389,7.823459798576177,False,False,False,False,False,True
8.0,26709,19,6.911383487170326,39047.21185821253,82.67477203647417,1572,6.528145312958054,0,0,0,0,0,0,0,297.2780710621888,3.05995005059813,0.02769870080247694,10.192793306104006,5.6980261757852615,False,False,False,False,True,False
1.0,104,17,6.5004185244497705,20155.465753424658,100.0,2188,6.320059610463039,0,0,0,0,0,0,0,30769.23076923077,0.8886641126398388,3.417457928100176e-05,4.653960350157523,10.334302968100468,True,False,False,False,False,False
1.0,345,23,6.195191110040243,2612.9254587155965,60.0,3067,6.382521258497842,0,0,0,0,0,0,0,16347.826086956522,0.3902922829787633,0.00024492164971280623,5.846438775057725,9.701911374784826,False,False,False,True,False,False
26.0,104,18,6.26522859704693,4177.704926926859,100.0,3549,6.881313711751069,0,0,0,0,0,0,0,61153.846153846156,0.7555541757959876,7.711315164721889e-05,4.653960350157523,11.021164388242495,False,False,False,False,False,True
6.0,1584,8,6.821835129236781,29561.49497850989,72.72727272727273,3067,6.382521258497842,0,0,0,0,0,0,0,3945.707070707071,2.3417536978725795,0.0012841803897181746,7.368339686311381,8.280636857227721,False,False,False,True,False,False
1.0,44,43,6.58558055977916,14312.419903361644,0.0,2188,6.320059610463039,0,0,0,0,0,0,0,163636.36363636365,0.8886641126398388,3.208409377144883e-05,3.8066624897703196,12.00540806116046,True,False,False,False,False,False
24.0,313114,22,6.805786778839613,33363.679859145755,83.14969604863222,3549,6.881313711751069,0,0,0,0,0,0,0,24.55974501299846,0.6974346238116809,0.3145887269778957,12.654325814183553,3.2410186534422984,False,False,False,False,False,True
9.0,267,70,4.9263479368027125,4281.747368421053,60.0,2188,6.320059610463039,0,0,0,0,0,0,0,23295.880149812732,7.9979770137585495,0.0002076770372532339,5.5909869805108565,10.056074731438832,True,False,False,False,False,False
1.0,180,7,6.6819426705842195,18722.56480948544,50.0,2188,6.320059610463039,0,0,0,0,0,0,0,32111.11111111111,0.8886641126398388,0.00012662630094098,5.198497031265826,10.376988531141963,True,False,False,False,False,False
3.0,1859,20,6.756666247949616,33467.04005336848,74.24242424242425,3067,6.382521258497842,0,0,0,0,0,0,0,3125.336202259279,1.1708768489362897,0.0014018734173525608,7.528331766707247,8.047617055505173,False,False,False,True,False,False
1.0,56,16,5.7918085106382975,2324.3617021276596,0.0,3067,6.382521258497842,0,0,0,0,0,0,0,107142.85714285713,0.3902922829787633,3.459267638291234e-05,4.04305126783455,11.581927669746959,False,False,False,True,False,False
46.0,676,39,6.895006040624961,27553.852394035344,69.23076923076923,3549,6.881313711751069,0,0,0,0,0,0,0,10443.78698224852,1.336749695639055,0.0006142529508992957,6.517671272912275,9.253858279550869,False,False,False,False,False,True
1.0,74,32,4.9263479368027125,4281.747368421053,100.0,2188,6.320059610463039,0,0,0,0,0,0,0,61216.21621621622,0.8886641126398388,3.4490765214321646e-05,4.31748811353631,11.022183739662463,True,False,False,False,False,False
1.0,763,28,6.22747829422649,6094.346320346321,65.21739130434783,610,5.665348780241979,0,0,0,0,0,0,0,7444.29882044561,0.13788144168663172,0.0005569318382273546,6.638567789166521,8.915338081377193,False,False,True,False,False,False
1.0,1174,14,5.879225467208256,3053.415760869565,80.55555555555556,447,5.588299776286353,0,0,0,0,0,0,0,5604.770017035775,0.9078461025802542,0.000999994563335776,7.069023426578259,8.631551706451488,False,True,False,False,False,False
12.0,11143,32,6.864375546316985,42847.67487291615,80.28846153846155,3549,6.881313711751069,0,0,0,0,0,0,0,636.2738939244368,0.34871731190584043,0.010312970320282503,9.318656515459642,6.457199537923141,False,False,False,False,False,True
1.0,151,62,6.620949893864058,18406.939191740115,0.0,2188,6.320059610463039,0,0,0,0,0,0,0,42888.13240076404,0.8886641126398388,0.0001184593367707162,5.0238805208462765,10.666373748832651,True,False,False,False,False,False
13.0,96,23,6.5004185244497705,20155.465753424658,50.0,3549,6.881313711751069,0,0,0,0,0,0,0,68229.16666666666,0.3777770878979938,7.284856120773091e-05,4.574710978503383,11.130642072524743,False,False,False,False,False,True
1.0,558,4,6.6626454716813885,39233.01609211033,83.33333333333334,2188,6.320059610463039,0,0,0,0,0,0,0,9910.394265232975,0.8886641126398388,0.00039386090294779157,6.326149473155099,9.201440310185856,True,False,False,False,False,False
1.0,374,4,6.2680555955337915,8242.158584660134,100.0,447,5.588299776286353,0,0,0,0,0,0,0,15427.807486631014,0.9078461025802542,0.00027264410067636503,5.926926025970411,9.643991656993416,False,True,False,False,False,False
1.0,16648,26,6.429001687383052,23463.296875,71.14427860696517,1572,6.528145312958054,0,0,0,0,0,0,0,448.70254685247477,0.38249375632476623,0.016239064270675264,9.720105433544852,6.108586357208423,False,False,False,False,True,False
1.0,121,4,6.688211333662519,27675.776860261347,100.0,2188,6.320059610463039,0,0,0,0,0,0,0,51404.95867768595,0.8886641126398388,8.902630594478364e-05,4.804021044733257,10.847509372305613,True,False,False,False,False,False
1.0,17209,57,6.7812232788728535,26850.034277509672,75.53956834532374,3067,6.382521258497842,0,0,0,0,0,0,0,403.85844616189206,0.3902922829787633,0.015617404835718518,9.753245889205585,6.003537490362059,False,False,False,True,False,False
1.0,13716,40,6.957108251170583,41201.927953938415,76.03305785123968,2188,6.320059610463039,0,0,0,0,0,0,0,549.7229512977544,0.8886641126398388,0.013502890501786723,9.526391218478407,6.31123187198934,True,False,False,False,False,False
1.0,7062,35,6.819600539348966,34120.33145160775,72.22222222222221,1572,6.528145312958054,0,0,0,0,0,0,0,938.8275276125744,0.38249375632476623,0.006108114197676562,8.862625169408922,6.845696377166084,False,False,False,False,True,False
1.0,304,12,6.6934802647434,16397.500545159935,60.0,2188,6.320059610463039,0,0,0,0,0,0,0,16710.526315789473,0.8886641126398388,0.0001924661420643494,5.720311776607412,9.723853958877635,True,False,False,False,False,False
13.0,11386,32,6.820555367180653,20857.855864542704,75.57077625570776,3549,6.881313711751069,0,0,0,0,0,0,0,635.8686105743895,0.3777770878979938,0.01076121875600806,9.340227632810604,6.456563371462506,False,False,False,False,False,True
1.0,70,20,6.432021861785729,16170.136601661248,0.0,2188,6.320059610463039,0,0,0,0,0,0,0,74285.71428571429,0.8886641126398388,3.825102602462997e-05,4.2626798770413155,11.215687402950152,True,False,False,False,False,False
1.0,93,30,6.26522859704693,4177.704926926859,0.0,3067,6.382521258497842,0,0,0,0,0,0,0,64086.021505376346,0.3902922829787633,6.311212494698816e-05,4.543294782270004,11.067997149793381,False,False,False,True,False,False
1.0,337,17,6.5004185244497705,20155.465753424658,85.71428571428571,2188,6.320059610463039,0,0,0,0,0,0,0,16468.842729970325,0.8886641126398388,0.00023506370398182074,5.823045895483019,9.709286274247548,True,False,False,False,False,False
1.0,29668,55,6.786975454264241,27560.27046426694,72.72108843537414,2188,6.320059610463039,0,0,0,0,0,0,0,240.66334097343938,0.8886641126398388,0.0276673513591543,10.297858008638679,5.4875456046026585,True,False,False,False,False,False
1.0,2411,14,6.54547003484183,13251.121570580746,69.86301369863014,1572,6.528145312958054,0,0,0,0,0,0,0,2243.8822065532972,0.38249375632476623,0.0016948967712265947,7.788211557847076,7.716408329558503,False,False,False,False,True,False
1.0,34011,34,6.909654882850925,33882.26471045986,83.85933273219116,1572,6.528145312958054,0,0,0,0,0,0,0,251.0952338949163,0.38249375632476623,0.037940052028342004,10.434468682505683,5.529806928401976,False,False,False,False,True,False
1.0,1158,21,6.759981036678705,22990.538881508935,89.47368421052632,3067,6.382521258497842,0,0,0,0,0,0,0,6208.981001727117,0.3902922829787633,0.0010785314908227923,7.055312843339752,8.733913115619643,False,False,False,True,False,False
1.0,794,48,5.879225467208256,3053.415760869565,77.41935483870968,447,5.588299776286353,0,0,0,0,0,0,0,7896.725440806044,0.9078461025802542,0.0006411444338728073,6.678342114654332,8.974330078113201,False,True,False,False,False,False
1.0,137,15,4.9263479368027125,4281.747368421053,60.0,1572,6.528145312958054,0,0,0,0,0,0,0,40802.9197080292,0.38249375632476623,9.075226304360826e-05,4.927253685157205,10.616533427052929,False,False,False,False,True,False
7.0,21020,48,6.844614966234576,28383.127744251182,76.65024630541872,3067,6.382521258497842,0,0,0,0,0,0,0,387.72597526165555,2.732045980851343,0.02237365148680984,9.953277217038643,5.962874661613729,False,False,False,True,False,False
27.0,9210,17,6.5004185244497705,20155.465753424658,75.1578947368421,1572,6.528145312958054,0,0,0,0,0,0,0,766.558089033659,10.327331420768688,0.00848624267402331,9.128153700988236,6.643214162634649,False,False,False,False,True,False
6.0,52,14,6.5004185244497705,20155.465753424658,0.0,3067,6.382521258497842,0,0,0,0,0,0,0,115384.61538461539,2.3417536978725795,3.145694811858295e-05,3.970291913552122,11.656034975240013,False,False,False,True,False,False
52.0,102,12,6.697640144872388,20202.271392966297,0.0,3549,6.881313711751069,0,0,0,0,0,0,0,60588.23529411764,1.5111083515919752,7.305238354491233e-05,4.634728988229636,11.011872520867767,False,False,False,False,False,True
1.0,434,17,6.22747829422649,6094.346320346321,80.0,3067,6.382521258497842,0,0,0,0,0,0,0,12327.188940092165,0.3902922829787633,0.0002940611247217347,6.075346031088684,9.419643702976941,False,False,False,True,False,False
50.0,103,14,5.7918085106382975,2324.3617021276596,0.0,3549,6.881313711751069,0,0,0,0,0,0,0,61165.048543689314,1.4529887996076685,7.547473362910678e-05,4.6443908991413725,11.021347552204828,False,False,False,False,False,True
1.0,18468,10,6.871679492982944,40656.93771881073,75.82417582417582,1572,6.528145312958054,0,0,0,0,0,0,0,373.6192332683561,0.38249375632476623,0.016639998486552423,9.823848929875911,5.925910132173954,False,False,False,False,True,False
1.0,2512,22,6.241442385702294,9837.82456140351,65.45454545454545,1572,6.528145312958054,0,0,0,0,0,0,0,2758.7579617834394,0.38249375632476623,0.0022651616199309815,7.829232537543592,7.922898259859764,False,False,False,False,True,False
1.0,74,19,5.879225467208256,3053.415760869565,100.0,447,5.588299776286353,0,0,0,0,0,0,0,49594.59459459459,0.9078461025802542,2.6175859100074868e-05,4.31748811353631,10.811657290111041,False,True,False,False,False,False
1006.0,153,21,6.5004185244497705,20155.465753424658,66.66666666666666,3549,6.881313711751069,0,0,0,0,0,0,0,38692.81045751634,29.234134648106288,0.00010903486537809209,5.0369526024136295,10.563434929728382,False,False,False,False,False,True
12.37420167311325,49,20,6.662948251583755,24178.094281909634,0.0,610,5.665348780241979,0,0,0,0,0,0,0,122448.97959183673,1.706172766409985,2.910515192033591e-05,3.912023005428146,11.715457895715023,False,False,True,False,False,False
4.0,2520,6,6.728879252982257,24172.086087666834,90.0,3067,6.382521258497842,0,0,0,0,0,0,0,2424.603174603175,1.5611691319150531,0.0020024189486628216,7.83241092718792,7.793835504238083,False,False,False,True,False,False
1.0,175,56,6.764465840959698,30623.558870542678,50.0,2188,6.320059610463039,0,0,0,0,0,0,0,36228.57142857143,0.8886641126398388,0.0001356545852353617,5.170483995038151,10.497630954632612,True,False,False,False,False,False
1.0,3818,32,6.894164257864038,33666.32975319148,74.0,2188,6.320059610463039,0,0,0,0,0,0,0,1911.9958093242535,0.8886641126398388,0.003632239845116892,8.247743887225516,7.556425778807562,True,False,False,False,False,False
1.0,26,8,5.928305399625769,14123.2,0.0,447,5.588299776286353,0,0,0,0,0,0,0,218076.9230769231,0.9078461025802542,9.953691545944152e-06,3.295836866004329,12.292607723209859,False,True,False,False,False,False
1.0,48432,23,6.723823326708267,24021.174658209355,80.13468013468014,3067,6.382521258497842,0,0,0,0,0,0,0,165.38652130822595,0.3902922829787633,0.05067716857639015,10.787936678554125,5.114313523352839,False,False,False,True,False,False
12.0,145102,12,7.000843749434601,59130.611320923555,85.3071948261924,3549,6.881313711751069,0,0,0,0,0,0,0,53.61745530730107,0.34871731190584043,0.14748666929365845,11.885199114054824,4.000353525932447,False,False,False,False,False,True
1.0,4031,23,6.805620481676584,23756.87785113025,73.96449704142012,1572,6.528145312958054,0,0,0,0,0,0,0,1848.176631108906,0.38249375632476623,0.003914396594001581,8.302017809751204,7.5224957547364175,False,False,False,False,True,False
43.0,112,12,6.662948251583755,24178.094281909634,0.0,3549,6.881313711751069,0,0,0,0,0,0,0,51785.71428571428,1.2495703676625949,7.556619237014972e-05,4.727387818712341,10.854888914379938,False,False,False,False,False,True
1.0,992,23,6.7842301997157435,23284.036834831608,56.666666666666664,1572,6.528145312958054,0,0,0,0,0,0,0,6522.177419354839,0.38249375632476623,0.0008292698379843621,6.900730664045173,8.783116870468803,False,False,False,False,True,False
1.0,36,17,6.548792989998894,10128.71560623309,0.0,3067,6.382521258497842,0,0,0,0,0,0,0,175833.33333333334,0.3902922829787633,2.0466220552108437e-05,3.6109179126442243,12.077297542851868,False,False,False,True,False,False
4.0,27261,26,6.510263751421897,20545.19121004566,77.48387096774194,1572,6.528145312958054,0,0,0,0,0,0,0,264.8472176369172,1.529975025299065,0.02570685485169226,10.213249070130788,5.582921773982159,False,False,False,False,True,False
3.0,2708,12,6.195191110040243,2612.9254587155965,57.534246575342465,3067,6.382521258497842,0,0,0,0,0,0,0,2374.446085672083,1.1708768489362897,0.0022657208248047867,7.904334842085095,7.772940524377872,False,False,False,True,False,False
1.0,156,51,6.84582189119633,27999.835151763284,0.0,3067,6.382521258497842,0,0,0,0,0,0,0,32692.307692307688,0.3902922829787633,9.464187264482018e-05,5.056245805348308,10.3949256782125,False,False,False,True,False,False
1.0,189,5,6.22747829422649,6094.346320346321,77.77777777777779,2188,6.320059610463039,0,0,0,0,0,0,0,34761.90476190476,0.8886641126398388,0.00015293114141837316,5.247024072160486,10.456306142110673,True,False,False,False,False,False
26.0,27976,21,6.815973161881278,27317.788961857455,80.12618296529969,3549,6.881313711751069,0,0,0,0,0,0,0,271.66142407778096,0.7555541757959876,0.027770318222927328,10.239138023028598,5.608230820651191,False,False,False,False,False,True
13.0,38865,21,6.860330960269029,30661.6482906058,0.0,3549,6.881313711751069,0,0,0,0,0,0,0,225.39560015438053,0.3777770878979938,0.04447327131318635,10.567875111424648,5.4222839121931035,False,False,False,False,False,True
2.0,2187,33,6.790816964622494,34147.741176602874,73.63636363636363,1572,6.528145312958054,0,0,0,0,0,0,0,3150.434385002286,0.7649875126495325,0.001959463391101839,7.690743163541872,8.055612988492818,False,False,False,False,True,False
1.0,2005,18,6.195191110040243,2612.9254587155965,65.78947368421053,3067,6.382521258497842,0,0,0,0,0,0,0,3321.695760598504,0.3902922829787633,0.00173537249035187,7.603897968521881,8.108531708520179,False,False,False,True,False,False
1.0,1906,31,6.801279969075106,30451.704393992975,74.60317460317461,1572,6.528145312958054,0,0,0,0,0,0,0,3242.392444910808,0.38249375632476623,0.0015296922341738442,7.553286605600419,8.084375111909313,False,False,False,False,True,False
52.0,1286,30,6.788310729601363,20211.94423929099,68.75,3549,6.881313711751069,0,0,0,0,0,0,0,5031.104199066874,1.5111083515919752,0.0010777998208944487,7.160069207596127,8.523593505452624,False,False,False,False,False,True
1.0,450,14,6.895976464352848,39226.60980560211,80.0,3067,6.382521258497842,0,0,0,0,0,0,0,14333.333333333334,0.3902922829787633,0.00036991961764963664,6.111467339502679,9.570412871015815,False,False,False,True,False,False
5.0,84,13,6.5004185244497705,20155.465753424658,100.0,610,5.665348780241979,0,0,0,0,0,0,0,54642.85714285714,0.6894072084331586,4.106795524875254e-05,4.442651256490317,10.908592083679554,False,False,True,False,False,False
1.0,161,16,6.265461606140655,11175.0818776953,80.0,447,5.588299776286353,0,0,0,0,0,0,0,33540.372670807454,0.9078461025802542,0.00010428423705763308,5.087596335232384,10.420534960920401,False,True,False,False,False,False
1.0,116,14,5.558589488847307,349.1694444444444,100.0,2188,6.320059610463039,0,0,0,0,0,0,0,43017.24137931035,0.8886641126398388,6.63210202041519e-05,4.762173934797756,10.669379522844126,True,False,False,False,False,False
12.0,30146,19,6.82373534428293,32691.40258833341,80.3486529318542,3549,6.881313711751069,0,0,0,0,0,0,0,228.88608770649506,0.34871731190584043,0.02716797095441853,10.313840694717069,5.437583915394756,False,False,False,False,False,True
26.0,801,30,6.677693639525605,11247.974150664697,77.5,3549,6.881313711751069,0,0,0,0,0,0,0,9063.670411985018,0.7555541757959876,0.0007504872784499732,6.687108607866515,9.11213976422516,False,False,False,False,False,True
1.0,910,17,6.737086385783746,52058.131005513336,68.42105263157895,610,5.665348780241979,0,0,0,0,0,0,0,4109.89010989011,0.13788144168663172,0.00043536487963307795,6.814542897259958,8.321394855791423,False,False,True,False,False,False
1.0,35,8,6.5004185244497705,20155.465753424658,0.0,2188,6.320059610463039,0,0,0,0,0,0,0,190571.42857142855,0.8886641126398388,2.119397082012155e-05,3.58351893845611,12.157787603764938,True,False,False,False,False,False
51.0,105,9,6.671140218499566,17379.625889812763,0.0,3549,6.881313711751069,0,0,0,0,0,0,0,51904.76190476191,1.4820485755998218,6.546000148490478e-05,4.663439094112067,10.85718508235136,False,False,False,False,False,True
1.0,13633,22,6.9160083847587,28517.480811599227,72.16642754662841,3067,6.382521258497842,0,0,0,0,0,0,0,559.6713856084501,0.3902922829787633,0.013581433962040958,9.52032195192273,6.329134968491284,False,False,False,True,False,False
1.0,59,26,6.513833199933685,9375.297391753698,0.0,610,5.665348780241979,0,0,0,0,0,0,0,90677.96610169491,0.13788144168663172,3.193384012544971e-05,4.0943445622221,11.415080702943044,False,False,True,False,False,False
1.0,2354,39,6.893698780940906,27013.16508274137,71.66666666666667,2188,6.320059610463039,0,0,0,0,0,0,0,2922.68479184367,0.8886641126398388,0.002106723723161965,7.764296006450518,7.980600014731734,True,False,False,False,False,False
26.0,44009,8,6.87510785201077,39486.28841471361,77.77777777777779,3549,6.881313711751069,0,0,0,0,0,0,0,163.8301256561158,0.7555541757959876,0.04144827214663765,10.692172159805137,5.104915402080629,False,False,False,False,False,True
13.0,55977,16,6.613267444356878,16409.513469827587,81.11011638316921,3549,6.881313711751069,0,0,0,0,0,0,0,127.90967718884542,0.3777770878979938,0.05235674302797159,10.932714035385844,4.859111982292739,False,False,False,False,False,True
24.0,150872,8,6.999830127256439,47665.7873716179,82.07934336525308,3549,6.881313711751069,0,0,0,0,0,0,0,53.754175725117975,0.6974346238116809,0.15985690302167316,11.924193702305343,4.002853634740208,False,False,False,False,False,True
1.0,129,17,6.829036948424544,17643.015772252504,0.0,2188,6.320059610463039,0,0,0,0,0,0,0,60465.11627906976,0.8886641126398388,0.0001221578881643106,4.867534450455582,11.009838425622927,True,False,False,False,False,False
52.0,216,21,5.7918085106382975,2324.3617021276596,33.33333333333333,3549,6.881313711751069,0,0,0,0,0,0,0,32824.07407407407,1.5111083515919752,0.00019078330122915933,5.37989735354046,10.39894795580437,False,False,False,False,False,True
1.0,255,13,5.558589488847307,349.1694444444444,60.0,2188,6.320059610463039,0,0,0,0,0,0,0,26509.803921568626,0.8886641126398388,0.00021591616326775936,5.545177444479562,10.185307624042759,True,False,False,False,False,False
2.0,104,20,6.5004185244497705,20155.465753424658,0.0,3067,6.382521258497842,0,0,0,0,0,0,0,56634.61538461538,0.7805845659575266,7.072671841553469e-05,4.653960350157523,10.944393313376354,False,False,False,True,False,False
1.0,3111,57,6.666474874898554,24526.824340126965,52.83018867924528,1572,6.528145312958054,0,0,0,0,0,0,0,2134.3619414979103,0.38249375632476623,0.0026896451550732507,8.043020885298283,7.666391438928221,False,False,False,False,True,False
4.0,44826,27,6.873641596354956,38572.95449077185,81.81818181818183,3067,6.382521258497842,0,0,0,0,0,0,0,166.42127336813456,1.5611691319150531,0.0436820957148134,10.71056591543671,5.12051323103344,False,False,False,True,False,False
1.0,9474,42,6.804073199368591,40360.61563251187,75.45787545787546,1572,6.528145312958054,0,0,0,0,0,0,0,715.6428119062698,0.38249375632476623,0.008383171285974805,9.156412029950626,6.574577546187435,False,False,False,False,True,False
1.0,222,16,6.6713729887351505,19736.361405197305,57.14285714285714,610,5.665348780241979,0,0,0,0,0,0,0,23693.69369369369,0.13788144168663172,0.00014326133938324739,5.407171771460119,10.073006407274187,False,False,True,False,False,False
52.0,188,29,6.8569287506609085,33112.97820607976,66.66666666666666,3549,6.881313711751069,0,0,0,0,0,0,0,36914.89361702128,1.5111083515919752,0.00016116112155879433,5.241747015059643,10.516397458623304,False,False,False,False,False,True
12.0,95242,21,6.795116253480846,27053.492284035852,83.22316650928549,3549,6.881313711751069,0,0,0,0,0,0,0,79.7967283341383,0.34871731190584043,0.09456415240858125,11.464186799474717,4.39193647379314,False,False,False,False,False,True
1.0,97,20,6.77960349153899,31711.60097237719,0.0,2188,6.320059610463039,0,0,0,0,0,0,0,67731.9587628866,0.8886641126398388,7.395782508123745e-05,4.584967478670572,11.12332817592757,True,False,False,False,False,False
13.0,252,10,6.22747829422649,6094.346320346321,40.0,3549,6.881313711751069,0,0,0,0,0,0,0,22103.174603174604,0.3777770878979938,0.0001740855482216053,5.53338948872752,10.003521765738476,False,False,False,False,False,True
1.0,3433,12,4.9263479368027125,4281.747368421053,54.385964912280706,2188,6.320059610463039,0,0,0,0,0,0,0,2210.8942615787937,0.8886641126398388,0.0033951095410010867,8.141481041457421,7.701604559320096,True,False,False,False,False,False
51.0,255,9,6.789630233288598,30313.031393514168,72.72727272727273,3549,6.881313711751069,0,0,0,0,0,0,0,24823.529411764706,1.4820485755998218,0.00020158980476010451,5.545177444479562,10.11958753251073,False,False,False,False,False,True
3.0,41,24,6.671140218499566,17379.625889812763,100.0,1572,6.528145312958054,0,0,0,0,0,0,0,120000.0,1.1474812689742986,1.7048276743989402e-05,3.7376696182833684,11.695255355062795,False,False,False,False,True,False
2.0,888,25,6.195191110040243,2612.9254587155965,72.22222222222221,3067,6.382521258497842,0,0,0,0,0,0,0,6711.711711711711,0.7805845659575266,0.0006821832775322182,6.790097235513905,8.811758278239555,False,False,False,True,False,False
3.0,5473,30,6.726881389735055,20338.098088288767,82.77027027027027,1572,6.528145312958054,0,0,0,0,0,0,0,1196.7842134112916,1.1474812689742986,0.004674444863137286,8.607764889600624,7.088228640090222,False,False,False,False,True,False
3.0,603,23,6.6657177823299945,20694.326722839636,46.666666666666664,1572,6.528145312958054,0,0,0,0,0,0,0,9684.908789386402,1.1474812689742986,0.0004507978889073524,6.403574197934815,9.178427406171615,False,False,False,False,True,False
1.0,855,12,5.659166666666667,486.3333333333333,100.0,2188,6.320059610463039,0,0,0,0,0,0,0,7345.029239766082,0.8886641126398388,0.000692233286619394,6.752270376141742,8.901915206737343,True,False,False,False,False,False
26.0,316,15,6.792397910320175,20798.375844036505,75.0,3549,6.881313711751069,0,0,0,0,0,0,0,21075.94936708861,0.7555541757959876,0.0002656644921813452,5.75890177387728,9.955935275251512,False,False,False,False,False,True
1.0,84,17,5.879225467208256,3053.415760869565,100.0,447,5.588299776286353,0,0,0,0,0,0,0,43452.380952380954,0.9078461025802542,3.075140925910884e-05,4.442651256490317,10.679443940149179,False,True,False,False,False,False
26.0,229,25,6.685766793947192,14993.653969408899,80.0,3549,6.881313711751069,0,0,0,0,0,0,0,27729.257641921395,0.7555541757959876,0.00018068494966457516,5.438079308923196,10.230279429656507,False,False,False,False,False,True
2.0,2889,51,6.535424356044026,23676.10518616494,72.3404255319149,3067,6.382521258497842,0,0,0,0,0,0,0,2409.1381100726894,0.7805845659575266,0.002617836977820108,7.969011781106478,7.787439331926816,False,False,False,True,False,False
1.0,28626,40,6.816742595707507,34212.50144126047,76.51775486827033,3067,6.382521258497842,0,0,0,0,0,0,0,249.42360092223853,0.3902922829787633,0.02669529127585351,10.26210560741145,5.523153887668759,False,False,False,True,False,False
3.0,12872,23,6.864516828268249,38843.84904730582,75.14450867052022,3067,6.382521258497842,0,0,0,0,0,0,0,578.7756370416408,1.1708768489362897,0.012520069644325511,9.462887373659635,6.362641196014574,False,False,False,True,False,False
1.0,5794,37,6.721357126733849,26465.79519599665,82.64150943396227,3067,6.382521258497842,0,0,0,0,0,0,0,1215.0500517777011,0.3902922829787633,0.0053200926193161515,8.664750755773852,7.103363222680421,False,False,False,True,False,False
50.0,742,22,6.882238498533699,25918.566709652645,63.1578947368421,3549,6.881313711751069,0,0,0,0,0,0,0,9501.347708894878,1.4529887996076685,0.0006741636524961957,6.610696044717759,9.159294174309816,False,False,False,False,False,True
153.0,316102,11,6.856081241437622,29884.41254723296,82.9418472063854,3549,6.881313711751069,0,0,0,0,0,0,0,25.81445229704336,4.4461457267994655,0.33700208425643896,12.663823388826183,3.2889410069808442,False,False,False,False,False,True
32.0,162,57,6.688025313988094,26398.36106242627,0.0,3549,6.881313711751069,0,0,0,0,0,0,0,35308.641975308645,0.9299128317489078,0.00011176294896805865,5.093750200806762,10.471911349400868,False,False,False,False,False,True
1.0,102,13,5.775788441476067,5728.942895299145,66.66666666666666,447,5.588299776286353,0,0,0,0,0,0,0,33627.45098039216,0.9078461025802542,3.640355945556257e-05,4.634728988229636,10.423127743025027,False,True,False,False,False,False
6.0,2902,17,6.7531871272138275,30091.027739218214,76.06837606837607,1572,6.528145312958054,0,0,0,0,0,0,0,2122.674017918677,2.294962537948597,0.0023263292259405,7.97349996402463,7.660902895027073,False,False,False,False,True,False
1.0,54,17,6.548792989998894,10128.71560623309,100.0,3067,6.382521258497842,0,0,0,0,0,0,0,93703.7037037037,0.3902922829787633,2.639274697169098e-05,4.007333185232471,11.447903666579188,False,False,False,True,False,False
1.0,475,19,6.827850625188941,21162.251451633205,62.5,2188,6.320059610463039,0,0,0,0,0,0,0,14336.842105263157,0.8886641126398388,0.00041332985580894664,6.16541785423142,9.570657622025717,True,False,False,False,False,False
1.0,68,18,5.775788441476067,5728.942895299145,0.0,447,5.588299776286353,0,0,0,0,0,0,0,59705.882352941175,0.9078461025802542,2.676380814963663e-05,4.23410650459726,10.997202575030023,False,True,False,False,False,False
92.0,5746,10,6.877926778715913,28725.509943837485,75.6578947368421,3549,6.881313711751069,0,0,0,0,0,0,0,1303.515489035851,2.67349939127811,0.005613777089232582,8.656433258507741,7.173586978048532,False,False,False,False,False,True
1.0,468,6,5.7918085106382975,2324.3617021276596,66.66666666666666,2188,6.320059610463039,0,0,0,0,0,0,0,12371.794871794873,0.8886641126398388,0.00034473188036641077,6.150602768446279,9.423255379380587,True,False,False,False,False,False
1.0,67,11,6.12808909241728,8843.489917027417,100.0,1572,6.528145312958054,0,0,0,0,0,0,0,48656.716417910444,0.38249375632476623,1.923022099458527e-05,4.219507705176107,10.79256568588797,False,False,False,False,True,False
26.0,1342,21,6.786000370687271,20734.27494205464,73.91304347826086,3549,6.881313711751069,0,0,0,0,0,0,0,4694.485842026826,0.7555541757959876,0.001095331154998937,7.202661196523238,8.45435686701849,False,False,False,False,False,True
109.0,1650,17,6.759777776037483,12925.880088432785,78.37837837837837,3549,6.881313711751069,0,0,0,0,0,0,0,4345.454545454546,3.1675155831447173,0.00153641053198017,7.409136443920128,8.377115744729373,False,False,False,False,False,True
1.0,668,23,6.631987024818271,31280.90941523938,66.66666666666666,3067,6.382521258497842,0,0,0,0,0,0,0,8637.724550898203,0.3902922829787633,0.0004942852137198271,6.505784060128229,9.064010229477168,False,False,False,True,False,False
13.0,1187,46,6.5004185244497705,20155.465753424658,62.5,3549,6.881313711751069,0,0,0,0,0,0,0,5004.212299915755,0.3777770878979938,0.0009119145694976503,7.080026499922591,8.518235108415308,False,False,False,False,False,True
4.0,175,49,6.744173990661228,28816.127973557603,0.0,3067,6.382521258497842,0,0,0,0,0,0,0,27371.428571428572,1.5611691319150531,0.0001002143230812222,5.170483995038151,10.217291529242981,False,False,False,True,False,False
1.0,2794,9,5.7918085106382975,2324.3617021276596,82.92682926829268,3067,6.382521258497842,0,0,0,0,0,0,0,2201.145311381532,0.3902922829787633,0.002235756328132233,7.9355873855892,7.697187305741821,False,False,False,True,False,False
1.0,2718,32,6.9991527367920785,29224.91358909553,53.2258064516129,1572,6.528145312958054,0,0,0,0,0,0,0,2814.5695364238413,0.38249375632476623,0.002707369859087373,7.908019444632471,7.942919842107268,False,False,False,False,True,False
1.0,20,36,6.289007148338809,2755.141935483871,0.0,3067,6.382521258497842,0,0,0,0,0,0,0,300000.0,0.3902922829787633,6.371122003947826e-06,3.044522437723423,12.611541086966115,False,False,False,True,False,False
5.0,1060,10,5.879225467208256,3053.415760869565,0.0,3067,6.382521258497842,0,0,0,0,0,0,0,6109.535841995632,1.9514614148938163,0.0008875988876605806,6.966967138613983,8.717769747501247,False,False,False,True,False,False
26.0,45,14,6.446087560798237,7902.451431458987,0.0,3549,6.881313711751069,0,0,0,0,0,0,0,121111.11111111111,0.7555541757959876,2.2735703883416836e-05,3.828641396489095,11.704471933715753,False,False,False,False,False,True
1.0,1052,20,6.755039400968009,28202.223299767647,85.29411764705883,2188,6.320059610463039,0,0,0,0,0,0,0,6036.121673003802,0.8886641126398388,0.0008634963119895175,6.959398512133975,8.705682633140917,True,False,False,False,False,False
39.0,284,14,6.751585809121671,19724.348480529654,44.44444444444444,3549,6.881313711751069,0,0,0,0,0,0,0,22992.957746478874,1.1333312636939814,0.00023299542988080682,5.652489180268651,10.042986753723012,False,False,False,False,False,True
1.0,58,26,6.689439508121831,23624.155205268115,0.0,2188,6.320059610463039,0,0,0,0,0,0,0,137931.0344827586,0.8886641126398388,5.131656045933576e-05,4.07753744390572,11.83451633907141,True,False,False,False,False,False
13.0,1203,43,6.703006296580537,26160.623568722254,84.0,1572,6.528145312958054,0,0,0,0,0,0,0,5062.344139650872,4.972418832221961,0.0009479088103118211,7.093404625868766,8.52978244114936,False,False,False,False,True,False
38.0,1147,14,6.786000370687271,20734.27494205464,75.0,3549,6.881313711751069,0,0,0,0,0,0,0,5623.365300784656,1.104271487701828,0.0009573003164634878,7.045776576879511,8.634863385290165,False,False,False,False,False,True
24.0,36941,15,6.8596621223012715,27427.111959764163,85.71428571428571,3549,6.881313711751069,0,0,0,0,0,0,0,218.45645759454266,0.6974346238116809,0.03894086282016637,10.517104394139265,5.391153841969436,False,False,False,False,False,True
3.0,149,15,6.045175999634896,2840.439024390244,100.0,3549,6.881313711751069,0,0,0,0,0,0,0,26845.637583892618,0.08717932797646011,6.856306591314742e-05,5.0106352940962555,10.197895862444941,False,False,False,False,False,True
1.0,42,23,6.26522859704693,4177.704926926859,0.0,3067,6.382521258497842,0,0,0,0,0,0,0,136904.76190476192,0.3902922829787633,2.224574634211537e-05,3.7612001156935624,11.827048098811314,False,False,False,True,False,False
23.0,223,19,6.775097268203942,37078.23319414019,0.0,3549,6.881313711751069,0,0,0,0,0,0,0,28878.923766816148,0.6683748478195275,0.00017832923380599775,5.4116460518550396,10.270901953350098,False,False,False,False,False,True
12.0,46,20,6.40169871215857,11208.264643466027,0.0,3549,6.881313711751069,0,0,0,0,0,0,0,137608.6956521739,0.34871731190584043,2.873670384927721e-05,3.8501476017100584,11.832176664587482,False,False,False,False,False,True
2.0,1308,28,6.195191110040243,2612.9254587155965,54.761904761904766,3067,6.382521258497842,0,0,0,0,0,0,0,4288.9908256880735,0.7805845659575266,0.0009494257188596906,7.1770187659099,8.364039873385527,False,False,False,True,False,False
1.0,37,15,5.558589488847307,349.1694444444444,0.0,2188,6.320059610463039,0,0,0,0,0,0,0,153243.24324324323,0.8886641126398388,1.8102665372870157e-05,3.6375861597263857,11.939788288611611,True,False,False,False,False,False
12.0,50019,20,6.999107567057773,40621.28112456648,79.49070887818307,3549,6.881313711751069,0,0,0,0,0,0,0,148.94340150742718,0.34871731190584043,0.04867830251395371,10.82017820443161,5.010257899608095,False,False,False,False,False,True
1.0,260,22,6.5004185244497705,20155.465753424658,66.66666666666666,2188,6.320059610463039,0,0,0,0,0,0,0,25346.153846153844,0.8886641126398388,0.00021455734768654995,5.564520407322694,10.14042172840264,True,False,False,False,False,False
1.0,602,17,6.224347117248813,7877.631555289181,76.92307692307693,1572,6.528145312958054,0,0,0,0,0,0,0,9235.880398671095,0.38249375632476623,0.00042801159685322554,6.401917196727186,9.1309594884381,False,False,False,False,True,False
1.0,567,16,6.494012152354782,22095.72140651465,77.77777777777779,447,5.588299776286353,0,0,0,0,0,0,0,10229.276895943563,0.9078461025802542,0.00042036564610203566,6.342121418721152,9.233106925631523,False,True,False,False,False,False
2.0,40868,31,6.8873779809596005,36426.83482602904,80.41280539174389,3067,6.382521258497842,0,0,0,0,0,0,0,192.08182441029655,0.7805845659575266,0.04190672999097048,10.618127108434171,5.263114059734064,False,False,False,True,False,False
1.0,1665,74,6.662948251583755,24178.094281909634,69.04761904761905,1572,6.528145312958054,0,0,0,0,0,0,0,3375.375375375376,0.38249375632476623,0.001213273734341026,7.418180822726788,8.124558038923206,False,False,False,False,True,False
52.0,11684,21,6.782229399472426,29073.078301265625,81.17647058823529,3549,6.881313711751069,0,0,0,0,0,0,0,660.7326258130777,1.5111083515919752,0.011775867255352216,9.366061246972958,6.494861585852197,False,False,False,False,False,True
1.0,574,30,6.677693639525605,11247.974150664697,60.0,2188,6.320059610463039,0,0,0,0,0,0,0,11445.993031358887,0.8886641126398388,0.00048341730217703896,6.354370040797351,9.345482357143842,True,False,False,False,False,False
2.0,16986,46,6.864516828268249,38843.84904730582,75.65502183406113,1572,6.528145312958054,0,0,0,0,0,0,0,449.78217355469206,0.7649875126495325,0.016946233708846827,9.74020362461931,6.110984237361314,False,False,False,False,True,False
1.0,299,25,6.195191110040243,2612.9254587155965,75.0,3067,6.382521258497842,0,0,0,0,0,0,0,18294.314381270902,0.3902922829787633,0.00020438321602224456,5.703782474656201,9.814400261305167,False,False,False,True,False,False
1.0,220,42,6.48976219033308,13161.231651645769,80.0,2188,6.320059610463039,0,0,0,0,0,0,0,28045.454545454544,0.8886641126398388,0.00016804404509899738,5.3981627015177525,10.24161750529548,True,False,False,False,False,False
31.0,1826,19,6.875576816660936,30151.988461478068,81.48148148148148,3549,6.881313711751069,0,0,0,0,0,0,0,3778.751369112815,0.9008530557567545,0.001636871426248623,7.510430556378006,8.237413511083359,False,False,False,False,False,True
1.0,1808,18,6.195191110040243,2612.9254587155965,54.54545454545454,3067,6.382521258497842,0,0,0,0,0,0,0,3783.185840707965,0.3902922829787633,0.0016064705407259493,7.500529485395295,8.238586041203638,False,False,False,True,False,False
1.0,102,38,6.26522859704693,4177.704926926859,0.0,3067,6.382521258497842,0,0,0,0,0,0,0,59215.686274509804,0.3902922829787633,7.118662522763634e-05,4.634728988229636,10.988958643901354,False,False,False,True,False,False
1.0,385,48,6.427976318936198,24511.19333498024,66.66666666666666,447,5.588299776286353,0,0,0,0,0,0,0,14519.48051948052,0.9078461025802542,0.0002718823800188217,5.955837369464831,9.58331538145934,False,True,False,False,False,False
64.0,226625,14,6.8472683934994345,32177.642859416497,82.35637779941577,3549,6.881313711751069,0,0,0,0,0,0,0,29.65250965250965,1.8598256634978156,0.19896832949370383,12.331056360623258,3.4227145400255754,False,False,False,False,False,True
12.37420167311325,704,25,6.2467029592772985,15632.091049789251,0.0,610,5.665348780241979,0,0,0,0,0,0,0,8977.272727272728,1.706172766409985,0.0005720146911787791,6.558197802812269,9.102562796166389,False,False,True,False,False,False
1.0,42304,53,6.855023571108642,39310.712371600624,77.66159695817491,2188,6.320059610463039,0,0,0,0,0,0,0,183.1978063540091,0.8886641126398388,0.04282683105693133,10.652660561358601,5.216010214705825,True,False,False,False,False,False
1.0,1462,30,6.87869123882592,24409.39225562343,71.875,1572,6.528145312958054,0,0,0,0,0,0,0,4781.121751025991,0.38249375632476623,0.001325909093595738,7.288244401020124,8.472639607967269,False,False,False,False,True,False
4.0,1383,18,6.831725682510775,29540.344065907895,50.0,3067,6.382521258497842,0,0,0,0,0,0,0,4649.313087490961,1.5611691319150531,0.0011525699548039397,7.232733136177615,8.444689826958014,False,False,False,True,False,False
12.0,37919,28,6.8504907933765775,33561.1021229455,81.55002891844997,3549,6.881313711751069,0,0,0,0,0,0,0,180.12078377594347,0.34871731190584043,0.0338286980963646,10.543233956368958,5.199164122390302,False,False,False,False,False,True
1.0,462,17,6.749295062077874,25406.08960050221,53.333333333333336,3067,6.382521258497842,0,0,0,0,0,0,0,13571.42857142857,0.3902922829787633,0.0003691670428661975,6.137727054086234,9.515795703023343,False,False,False,True,False,False
1.0,40858,50,6.8631784768840625,29067.500943964766,77.94221282593375,1572,6.528145312958054,0,0,0,0,0,0,0,178.9123305105487,0.38249375632476623,0.039013782874399903,10.617882394259105,5.1924696795223335,False,False,False,False,True,False
6.0,2596,15,6.740938861826055,20555.37206982238,87.36842105263159,3067,6.382521258497842,0,0,0,0,0,0,0,2442.2187981510015,2.3417536978725795,0.002141101757366563,7.862112211662748,7.801071628504432,False,False,False,True,False,False
25.0,44874,21,6.831591285719375,40616.56009794738,78.94736842105263,3549,6.881313711751069,0,0,0,0,0,0,0,159.5578731559478,0.7264943998038342,0.041969972403848234,10.71163612579058,5.078654457987467,False,False,False,False,False,True
1.0,105,6,6.806439376553833,26783.102275064666,0.0,2188,6.320059610463039,0,0,0,0,0,0,0,41904.76190476191,0.8886641126398388,5.1055249770641654e-05,4.663439094112067,10.643178612082599,True,False,False,False,False,False
2.0,217,18,6.799447922681467,32905.2987075575,0.0,3067,6.382521258497842,0,0,0,0,0,0,0,26313.36405529954,0.7805845659575266,0.00015258359820240994,5.384495062789089,10.177870230872246,False,False,False,True,False,False
1.0,91,14,5.775788441476067,5728.942895299145,50.0,447,5.588299776286353,0,0,0,0,0,0,0,47582.41758241758,0.9078461025802542,4.217460601537212e-05,4.5217885770490405,10.770239609407268,False,True,False,False,False,False
51.0,1138,25,6.5004185244497705,20155.465753424658,16.666666666666664,3549,6.881313711751069,0,0,0,0,0,0,0,6019.33216168717,1.4820485755998218,0.0010091900864709217,7.037905963447182,8.702897713140702,False,False,False,False,False,True
1.0,2212,9,6.26522859704693,4177.704926926859,81.69014084507043,2188,6.320059610463039,0,0,0,0,0,0,0,2631.1030741410486,0.8886641126398388,0.0016727284789512294,7.70210434005105,7.875538453586094,True,False,False,False,False,False
1.0,192,4,6.294246178584725,12300.221350262369,75.0,447,5.588299776286353,0,0,0,0,0,0,0,25572.916666666668,0.9078461025802542,0.00011386388690515936,5.262690188904886,10.14932823084804,False,True,False,False,False,False
25.0,60525,40,6.797413472032771,24850.83256786997,83.15602836879432,3549,6.881313711751069,0,0,0,0,0,0,0,131.51590251961997,0.7264943998038342,0.06293769362486354,11.010828303768077,4.886702657240571,False,False,False,False,False,True
2.0,82,36,6.5970797128209036,29895.67701079054,50.0,3067,6.382521258497842,0,0,0,0,0,0,0,58902.439024390245,0.7805845659575266,4.243983636439665e-05,4.418840607796598,10.983654755446064,False,False,False,True,False,False
3.0,556,14,6.7320152936240785,17222.706266112484,77.77777777777779,3067,6.382521258497842,0,0,0,0,0,0,0,11654.676258992808,1.1708768489362897,0.0004614280077234291,6.322565239927284,9.36354857286619,False,False,False,True,False,False
4.0,546,45,6.706774600460976,17041.217391304348,50.0,610,5.665348780241979,0,0,0,0,0,0,0,11831.501831501831,0.5515257667465269,0.00045153478504946984,6.304448802421981,9.378605416566094,False,False,True,False,False,False
1.0,1488,22,6.694310329049049,44057.217948251295,81.35593220338984,3067,6.382521258497842,0,0,0,0,0,0,0,3669.3548387096776,0.3902922829787633,0.0010521992127230863,7.305860032684009,8.208043622671712,False,False,False,True,False,False
1.0,4076,49,6.904336421330635,35647.05242613018,66.20689655172414,1572,6.528145312958054,0,0,0,0,0,0,0,1636.4082433758588,0.38249375632476623,0.0035428088750182178,8.313116702819253,7.400869931359783,False,False,False,False,True,False
1.0,40,16,5.775788441476067,5728.942895299145,0.0,447,5.588299776286353,0,0,0,0,0,0,0,150000.0,0.9078461025802542,2.204976332559478e-05,3.713572066704308,11.918397239722838,False,True,False,False,False,False
52.0,1921,19,6.677693639525605,11247.974150664697,70.96774193548387,3549,6.881313711751069,0,0,0,0,0,0,0,3545.028630921395,1.5111083515919752,0.0016999270019839564,7.561121589530238,8.173583560747467,False,False,False,False,False,True
2.0,1201,11,6.195191110040243,2612.9254587155965,68.88888888888889,3067,6.382521258497842,0,0,0,0,0,0,0,5070.774354704413,0.7805845659575266,0.0009463174282176741,7.091742115095153,8.531446006701636,False,False,False,True,False,False
14.0,1846,16,6.759224938434093,21326.030644316394,80.0,3067,6.382521258497842,0,0,0,0,0,0,0,3580.715059588299,5.464091961702686,0.001584956831725763,7.52131798019924,8.183597031602929,False,False,False,True,False,False
1.0,6517,45,6.22747829422649,6094.346320346321,86.14718614718615,2188,6.320059610463039,0,0,0,0,0,0,0,1166.1807580174927,0.8886641126398388,0.006461947161916603,8.782322859397507,7.062346511481094,True,False,False,False,False,False
1.0,5452,41,7.00943938797986,54476.66950702599,60.24096385542169,2188,6.320059610463039,0,0,0,0,0,0,0,1282.098312545855,0.8886641126398388,0.00496989971296962,8.60392119492606,7.1570329887616575,True,False,False,False,False,False
39.0,2640,30,6.728879252982257,24172.086087666834,69.44444444444444,3549,6.881313711751069,0,0,0,0,0,0,0,2753.7878787878785,1.1333312636939814,0.002498334373666515,7.878912912297133,7.921095723627423,False,False,False,False,False,True
12.0,10848,30,6.7921340428944,31872.547252092783,0.0,3549,6.881313711751069,0,0,0,0,0,0,0,596.9863562421986,0.34871731190584043,0.009169598804173226,9.29182818882245,6.393567938041853,False,False,False,False,False,True
1.0,470,7,5.879225467208256,3053.415760869565,66.66666666666666,447,5.588299776286353,0,0,0,0,0,0,0,11808.510638297872,0.9078461025802542,0.00033150694641160156,6.154858094016418,9.376660472117653,False,True,False,False,False,False
1.0,135604,18,6.986566619948185,48419.972310262914,79.47912818618397,3067,6.382521258497842,0,0,0,0,0,0,0,56.85672988997375,0.3902922829787633,0.13659174867808674,11.817501526964977,4.057969780321595,False,False,False,True,False,False
1.0,145,45,6.898640416651605,21801.48066448265,0.0,1572,6.528145312958054,0,0,0,0,0,0,0,43724.13793103448,0.38249375632476623,0.00011080393874055125,4.983606621708336,10.685678454393765,False,False,False,False,True,False
9.0,6769,18,6.778371967850202,34409.560906324456,70.88607594936708,610,5.665348780241979,0,0,0,0,0,0,0,876.0525927020238,1.2409329751796854,0.005235220214181746,8.820256365906321,6.776566959447582,False,False,True,False,False,False
5.0,83421,14,6.772442409641736,30184.409452522297,77.0879294043492,3067,6.382521258497842,0,0,0,0,0,0,0,93.86125795662963,1.9514614148938163,0.08533299041515778,11.331667342529471,4.552415381553049,False,False,False,True,False,False
1.0,67,43,6.26522859704693,4177.704926926859,0.0,3067,6.382521258497842,0,0,0,0,0,0,0,98805.97014925373,0.3902922829787633,4.864335211399496e-05,4.219507705176107,11.50092342931693,False,False,False,True,False,False
1.0,26501,40,6.920438352090152,39272.80711811105,77.7190332326284,1572,6.528145312958054,0,0,0,0,0,0,0,286.7816308818535,0.38249375632476623,0.026305671812796808,10.184975480824582,5.662201966432472,False,False,False,False,True,False
1.0,3777,15,6.679139291693264,31020.961980576136,74.19354838709677,3067,6.382521258497842,0,0,0,0,0,0,0,1450.886947312682,0.3902922829787633,0.002694991571763933,8.236950048061455,7.280619332376005,False,False,False,True,False,False
1.0,108,30,5.879225467208256,3053.415760869565,100.0,447,5.588299776286353,0,0,0,0,0,0,0,54351.851851851854,0.9078461025802542,7.352274278456174e-05,4.6913478822291435,10.903252363147944,False,True,False,False,False,False
1.0,500,18,6.725111232966893,41261.71511788663,75.0,447,5.588299776286353,0,0,0,0,0,0,0,10700.0,0.9078461025802542,0.0003401955268106809,6.2166061010848646,9.278092474027002,False,True,False,False,False,False
1.0,137,38,5.558589488847307,349.1694444444444,0.0,3067,6.382521258497842,0,0,0,0,0,0,0,41532.846715328466,0.3902922829787633,9.254224126116298e-05,4.927253685157205,10.63426395731318,False,False,False,True,False,False
2.0,4758,38,6.195191110040243,2612.9254587155965,69.23076923076923,3067,6.382521258497842,0,0,0,0,0,0,0,1443.8839848675916,0.7805845659575266,0.004261483822812984,8.46779284112111,7.275784310034472,False,False,False,True,False,False
26.0,30,19,5.558589488847307,349.1694444444444,0.0,3549,6.881313711751069,0,0,0,0,0,0,0,158333.3333333333,0.7555541757959876,9.310867251756629e-06,3.4339872044851463,11.972464110118198,False,False,False,False,False,True
12.37420167311325,4174,45,6.841277427238577,34481.69919889199,0.0,3549,6.881313711751069,0,0,0,0,0,0,0,1551.535216223136,0.35959152870240046,0.003522472992689225,8.336869637284956,7.347644497107941,False,False,False,False,False,True
13.0,2913,45,6.510263751421897,20545.19121004566,60.86956521739131,1572,6.528145312958054,0,0,0,0,0,0,0,2324.06453827669,4.972418832221961,0.002567347833104074,7.97728198675515,7.751503076034776,False,False,False,False,True,False
13.0,7833,14,6.827534084814002,23037.97681903975,74.04580152671755,3549,6.881313711751069,0,0,0,0,0,0,0,776.2032426911784,0.3777770878979938,0.006213106219286971,8.966228514225776,6.655701889768356,False,False,False,False,False,True
125.0,90,31,6.5004185244497705,20155.465753424658,0.0,3549,6.881313711751069,0,0,0,0,0,0,0,51111.11111111111,3.632471999019171,4.4783793241982856e-05,4.51085950651685,10.841776756155053,False,False,False,False,False,True
1.0,1786,26,6.635758036799406,19680.101027563407,81.48148148148148,1572,6.528145312958054,0,0,0,0,0,0,0,3426.6517357222847,0.38249375632476623,0.0014187972041058354,7.488293515159428,8.139630680543313,False,False,False,False,True,False
26.0,99,11,6.26522859704693,4177.704926926859,0.0,3549,6.881313711751069,0,0,0,0,0,0,0,70000.0,0.7555541757959876,8.033119277848691e-05,4.605170185988092,11.156264806643742,False,False,False,False,False,True
1.0,12270,23,5.928305399625769,14123.2,84.56375838926175,2188,6.320059610463039,0,0,0,0,0,0,0,569.682151589242,0.8886641126398388,0.011196648595899725,9.414994033976548,6.346832402459668,True,False,False,False,False,False
48.0,64416,20,6.62799810652082,19460.015428545852,77.62896825396825,610,5.665348780241979,0,0,0,0,0,0,0,123.41654247391952,6.618309200958322,0.06690023503928998,11.073132852412414,4.823635149550447,False,False,True,False,False,False
5.0,14845,17,6.7842301997157435,23284.036834831608,74.40758293838863,3067,6.382521258497842,0,0,0,0,0,0,0,511.2832603570226,1.9514614148938163,0.014712093954737755,9.605485747677493,6.238877714941895,False,False,False,True,False,False
1.0,493,6,6.779782172998328,33631.42093373494,100.0,3067,6.382521258497842,0,0,0,0,0,0,0,9574.036511156186,0.3902922829787633,0.0002947222407641309,6.202535517187923,9.166914627217157,False,False,False,True,False,False
37.0,4058,14,6.726881389735055,20338.098088288767,56.00000000000001,3549,6.881313711751069,0,0,0,0,0,0,0,1606.702809265648,1.0752117117096747,0.003447592486271856,8.308691916838898,7.382561612549143,False,False,False,False,False,True
94.0,218928,39,6.8784369279498785,30761.58765770101,83.08152987613992,3549,6.881313711751069,0,0,0,0,0,0,0,38.5058101293576,2.7316189432624167,0.2411233669860854,12.296502755320919,3.6764477529725967,False,False,False,False,False,True
1.0,916,51,6.756379223895332,24835.59366045604,85.71428571428571,2188,6.320059610463039,0,0,0,0,0,0,0,7336.244541484716,0.8886641126398388,0.000794944065917503,6.821107472256465,8.900718648059712,True,False,False,False,False,False
7.0,8516,22,6.7547019732313895,19828.60158588995,80.55555555555556,3067,6.382521258497842,0,0,0,0,0,0,0,875.9981211836542,2.732045980851343,0.00829114288763051,9.04981944514108,6.776504850047943,False,False,False,True,False,False
1.0,347,25,6.829036948424544,17643.015772252504,20.0,1572,6.528145312958054,0,0,0,0,0,0,0,18472.62247838617,0.38249375632476623,0.0002813052434531315,5.8522024797744745,9.824099181650158,False,False,False,False,True,False
1.0,3708,9,6.756666247949616,33467.04005336848,73.71794871794873,3067,6.382521258497842,0,0,0,0,0,0,0,1739.4822006472493,0.3902922829787633,0.0031155240892931477,8.21851757748959,7.461917480624797,False,False,False,True,False,False
16.0,83,34,6.045175999634896,2840.439024390244,0.0,3549,6.881313711751069,0,0,0,0,0,0,0,78313.2530120482,0.4649564158744539,6.118103895753863e-05,4.430816798843313,11.268484896218512,False,False,False,False,False,True
25.0,2568,23,6.853143571207788,28282.259765908562,74.6268656716418,3549,6.881313711751069,0,0,0,0,0,0,0,2854.361370716511,0.7264943998038342,0.0024500755156784855,7.851271997109883,7.956953688762002,False,False,False,False,False,True
6.0,75439,24,6.8355523885194005,44038.75777110693,75.88761963569003,1572,6.528145312958054,0,0,0,0,0,0,0,97.69482628348733,2.294962537948597,0.0726331602892794,11.23109291730734,4.592032526458515,False,False,False,False,True,False
1.0,1514,9,7.06303348998008,46873.49139375069,86.66666666666667,3067,6.382521258497842,0,0,0,0,0,0,0,4293.262879788639,0.3902922829787633,0.001276471724401698,7.323170717943469,8.365035196823026,False,False,False,True,False,False
1.0,331,30,6.125684953889958,13219.536200330966,42.857142857142854,447,5.588299776286353,0,0,0,0,0,0,0,14682.779456193353,0.9078461025802542,0.00020087250691963913,5.805134968916488,9.594498725176322,False,True,False,False,False,False
12.0,75460,17,6.787997345234373,27857.204523904347,81.29198966408269,3549,6.881313711751069,0,0,0,0,0,0,0,96.60747415849457,0.34871731190584043,0.07186464163416967,11.231371245484562,4.580954069979759,False,False,False,False,False,True
2.0,88,10,6.814882238275165,36546.30823677478,0.0,3067,6.382521258497842,0,0,0,0,0,0,0,72727.27272727274,0.7805845659575266,6.427757061856392e-05,4.48863636973214,11.194485483757164,False,False,False,True,False,False
1.0,3447,35,6.66391737475365,18028.293509500556,68.14814814814815,1572,6.528145312958054,0,0,0,0,0,0,0,1932.1148825065275,0.38249375632476623,0.0029901498339645976,8.145549631783584,7.566887909675377,False,False,False,False,True,False
51.0,11939,31,6.815735505792911,23704.084146780762,76.14035087719299,3549,6.881313711751069,0,0,0,0,0,0,0,624.0053605829634,1.4820485755998218,0.011611903944070762,9.387649386946594,6.437760226632361,False,False,False,False,False,True
26.0,4425,12,6.677813824764418,29289.665591134544,77.27272727272727,3549,6.881313711751069,0,0,0,0,0,0,0,1507.3446327683616,0.7555541757959876,0.00384695230524963,8.395251520610994,7.318768058775997,False,False,False,False,False,True
99.0,1828,13,6.779935390862401,26479.877020856475,66.66666666666666,3549,6.881313711751069,0,0,0,0,0,0,0,3998.90590809628,2.8769178232231836,0.001736598037481845,7.511524648390866,8.294026116849428,False,False,False,False,False,True
1.0,73,17,6.821624494858498,25460.54239964058,100.0,2188,6.320059610463039,0,0,0,0,0,0,0,64520.54794520548,0.8886641126398388,3.5615707729149804e-05,4.30406509320417,11.07475452366253,True,False,False,False,False,False
2.0,1049,12,6.195191110040243,2612.9254587155965,63.26530612244898,3067,6.382521258497842,0,0,0,0,0,0,0,5576.739752144899,0.7805845659575266,0.0007924785995696741,6.956545443151569,8.626538910975823,False,False,False,True,False,False
6.0,2866,67,6.818400726616806,33514.99589471526,62.22222222222222,3067,6.382521258497842,0,0,0,0,0,0,0,2212.142358688067,2.3417536978725795,0.0023647575758198565,7.96102146588337,7.702168666354444,False,False,False,True,False,False
12.0,64168,19,6.8703620642673275,44206.47600824357,76.58491439148543,3549,6.881313711751069,0,0,0,0,0,0,0,104.25757386859493,0.34871731190584043,0.05607893087093718,11.069275507017089,4.656410430720186,False,False,False,False,False,True
1.0,50,22,6.548792989998894,10128.71560623309,0.0,3067,6.382521258497842,0,0,0,0,0,0,0,105000.0,0.3902922829787633,2.4989508573403586e-05,3.9318256327243257,11.561725152903833,False,False,False,True,False,False
1.0,911,15,5.879225467208256,3053.415760869565,74.35897435897436,447,5.588299776286353,0,0,0,0,0,0,0,6333.699231613611,0.9078461025802542,0.0006774783785822806,6.815639990074331,8.753797614376953,False,True,False,False,False,False
2.0,782,60,7.0565046657833825,42480.10683071131,77.77777777777779,3067,6.382521258497842,0,0,0,0,0,0,0,9002.557544757032,0.7805845659575266,0.0007099867348092721,6.663132695990803,9.105375060965493,False,False,False,True,False,False
1.0,699,39,6.58558055977916,14312.419903361644,77.5,2188,6.320059610463039,0,0,0,0,0,0,0,9356.223175965666,0.8886641126398388,0.0005879781611511025,6.551080335043404,9.143903856222177,True,False,False,False,False,False
42.0,35258,14,6.876825967643439,35128.756901853696,79.15774446823698,3549,6.881313711751069,0,0,0,0,0,0,0,211.0159396449033,1.2205105916704415,0.034264139695237256,10.470476094800963,5.356661458849873,False,False,False,False,False,True
2.0,3890,25,6.195191110040243,2612.9254587155965,73.77049180327869,3067,6.382521258497842,0,0,0,0,0,0,0,1773.7789203084835,0.7805845659575266,0.0034976125783016837,8.266421472984554,7.481431142213397,False,False,False,True,False,False
11.0,116261,11,6.84051898277667,31782.361940299616,84.88636363636364,3549,6.881313711751069,0,0,0,0,0,0,0,70.35893377830915,0.31965753591368706,0.12424588217179273,11.663601543928637,4.267722546712668,False,False,False,False,False,True
12.0,24788,13,6.733360508210215,25687.06714269454,77.51633986928105,3549,6.881313711751069,0,0,0,0,0,0,0,269.4852347910279,0.34871731190584043,0.02162510611419045,10.118155285369294,5.600217511920675,False,False,False,False,False,True
26.0,47,31,6.726881389735055,20338.098088288767,0.0,610,5.665348780241979,0,0,0,0,0,0,0,148936.17021276595,3.5849174838524247,3.367808897248294e-05,3.871201010907891,11.911279819572702,False,False,True,False,False,False
2.0,5384,30,6.195191110040243,2612.9254587155965,69.375,3067,6.382521258497842,0,0,0,0,0,0,0,1324.294205052006,0.7805845659575266,0.0050062793870496135,8.591372589590488,7.1893897553214305,False,False,False,True,False,False
1.0,168,26,6.870640752791402,31566.423968226205,50.0,2188,6.320059610463039,0,0,0,0,0,0,0,35416.666666666664,0.8886641126398388,0.00012129556289162002,5.1298987149230735,10.474966033014063,True,False,False,False,False,False
2.0,2325,12,6.195191110040243,2612.9254587155965,71.42857142857143,3067,6.382521258497842,0,0,0,0,0,0,0,2400.0,0.7805845659575266,0.0016857495905688573,7.75190533307861,7.783640596221253,False,False,False,True,False,False
1.0,185,15,6.910618758441679,24777.488659281662,0.0,3067,6.382521258497842,0,0,0,0,0,0,0,34594.59459459459,0.3902922829787633,0.0001453884083892175,5.225746673713202,10.451481629083798,False,False,False,True,False,False
1.0,21435,58,6.944520199325325,37328.40333618443,76.08695652173914,1572,6.528145312958054,0,0,0,0,0,0,0,382.08537438768366,0.38249375632476623,0.022927584417470847,9.972827030614742,5.948257873968403,False,False,False,False,True,False
1.0,40623,34,6.800577564758055,22521.180022637942,82.18643240605174,3067,6.382521258497842,0,0,0,0,0,0,0,203.82541909755554,0.3902922829787633,0.04393772028292153,10.612114303944459,5.322158002150797,False,False,False,True,False,False
2.0,3348,29,6.195191110040243,2612.9254587155965,65.21739130434783,3067,6.382521258497842,0,0,0,0,0,0,0,2171.4456391875747,0.7805845659575266,0.003170838335875918,8.116417072794205,7.683608834588315,False,False,False,True,False,False
1.0,1387,13,6.687372496799458,35781.77987071291,78.57142857142857,447,5.588299776286353,0,0,0,0,0,0,0,4801.730353280462,0.9078461025802542,0.0011976107716607008,7.23561914106675,8.476939858777257,False,True,False,False,False,False
26.0,24664,6,6.926108029437993,32025.78600009788,81.76691729323309,3549,6.881313711751069,0,0,0,0,0,0,0,306.51962374310733,0.7555541757959876,0.024352667082779632,10.113140513667839,5.728538902261107,False,False,False,False,False,True
12.0,77,23,6.510263751421897,20545.19121004566,0.0,3549,6.881313711751069,0,0,0,0,0,0,0,89610.38961038961,0.34871731190584043,6.010966513389278e-05,4.356708826689592,11.403237707071828,False,False,False,False,False,True
1.0,55,48,6.548792989998894,10128.71560623309,0.0,3067,6.382521258497842,0,0,0,0,0,0,0,113636.36363636363,0.3902922829787633,3.5605255301602045e-05,4.02535169073515,11.640767636441394,False,False,False,True,False,False
4.0,739,27,6.195191110040243,2612.9254587155965,61.111111111111114,3067,6.382521258497842,0,0,0,0,0,0,0,7929.634641407307,1.5611691319150531,0.0005565006755910093,6.606650186198215,8.978488341868912,False,False,False,True,False,False
1.0,238,11,6.195191110040243,2612.9254587155965,33.33333333333333,3067,6.382521258497842,0,0,0,0,0,0,0,23949.579831932773,0.3902922829787633,0.0001679395208235197,5.476463551931511,10.083747812647578,False,False,False,True,False,False
9.0,18386,17,6.576598130934997,20879.136453248833,76.02836879432624,3067,6.382521258497842,0,0,0,0,0,0,0,344.8275862068965,3.5126305468088694,0.01522082536246845,9.819399172153842,5.845940345101734,False,False,False,True,False,False
2.0,123,43,6.662948251583755,24178.094281909634,100.0,610,5.665348780241979,0,0,0,0,0,0,0,29186.9918699187,0.27576288337326343,4.838596108563125e-05,4.820281565605037,10.281512666343561,False,False,True,False,False,False
6.0,5409,15,6.803266358620549,36287.424442162715,76.33928571428571,3067,6.382521258497842,0,0,0,0,0,0,0,1111.111111111111,2.3417536978725795,0.004238048173697453,8.596004371840527,7.0140153898827995,False,False,False,True,False,False
12.0,22282,28,6.71066095125867,30256.178262685735,77.47093023255815,3549,6.881313711751069,0,0,0,0,0,0,0,312.8085450139126,0.34871731190584043,0.020282191288388086,10.011579334886969,5.748783070692721,False,False,False,False,False,True
13.0,985,9,6.5004185244497705,20155.465753424658,79.48717948717949,3549,6.881313711751069,0,0,0,0,0,0,0,6720.812182741117,0.3777770878979938,0.0008426567845661617,6.893656354602635,8.813113067213525,False,False,False,False,False,True
1.0,66,24,5.879225467208256,3053.415760869565,100.0,447,5.588299776286353,0,0,0,0,0,0,0,64848.48484848485,0.9078461025802542,2.7600002353457805e-05,4.204692619390966,11.079824245973406,False,True,False,False,False,False
26.0,165008,16,6.752542161239349,33459.49192062364,83.16903979554581,3549,6.881313711751069,0,0,0,0,0,0,0,48.1794822069233,0.7555541757959876,0.1713861501078361,12.013755296849714,3.895476508203205,False,False,False,False,False,True
26.0,226,20,6.885647175379283,33506.70232237209,100.0,3549,6.881313711751069,0,0,0,0,0,0,0,28141.592920353985,0.7555541757959876,0.00017849124643298813,5.424950017481403,10.245039470003876,False,False,False,False,False,True
1.0,111,16,5.7918085106382975,2324.3617021276596,75.0,2188,6.320059610463039,0,0,0,0,0,0,0,39279.27927927928,0.8886641126398388,5.3924441132503045e-05,4.718498871295094,10.578477872404411,True,False,False,False,False,False
6.0,16804,11,6.848890629581536,31752.589062319064,71.5311004784689,3067,6.382521258497842,0,0,0,0,0,0,0,468.34087122113783,2.3417536978725795,0.017269532519112965,9.729431740159207,6.1513293087613965,False,False,False,True,False,False
2.0,5952,11,6.195191110040243,2612.9254587155965,71.55172413793103,3067,6.382521258497842,0,0,0,0,0,0,0,1115.5913978494623,0.7805845659575266,0.005154358928118795,8.69165057315339,7.01803592896826,False,False,False,True,False,False
1.0,78,46,6.5004185244497705,20155.465753424658,0.0,2188,6.320059610463039,0,0,0,0,0,0,0,81794.8717948718,0.8886641126398388,5.571180624317079e-05,4.3694478524670215,11.311982054261977,True,False,False,False,False,False
1.0,2935,94,6.715661769645538,25410.923923540606,72.28915662650603,1572,6.528145312958054,0,0,0,0,0,0,0,2313.458262350937,0.38249375632476623,0.002594477108804298,7.984803389734406,7.746930927191827,False,False,False,False,True,False
1.0,141,36,6.800166494369348,33094.709865182755,50.0,1572,6.528145312958054,0,0,0,0,0,0,0,42765.95744680851,0.38249375632476623,0.00010177957410649996,4.955827057601261,10.663521061136397,False,False,False,False,True,False
26.0,38,11,6.26522859704693,4177.704926926859,0.0,3549,6.881313711751069,0,0,0,0,0,0,0,201842.1052631579,0.7555541757959876,2.8773287345694382e-05,3.6635616461296463,12.215245967972447,False,False,False,False,False,True
1.0,159,38,6.756379223895332,24835.59366045604,0.0,1572,6.528145312958054,0,0,0,0,0,0,0,37358.49056603774,0.38249375632476623,0.00011409122720432324,5.075173815233827,10.528342256437115,False,False,False,False,True,False
1.0,1154,11,6.393797237117623,14552.542012556314,66.66666666666666,1572,6.528145312958054,0,0,0,0,0,0,0,5493.9341421143845,0.38249375632476623,0.0009466140158493418,7.051855622955894,8.611581881709373,False,False,False,False,True,False
1.0,49,17,6.204594733459919,18022.86758764922,0.0,1572,6.528145312958054,0,0,0,0,0,0,0,110816.32653061225,0.38249375632476623,2.545594815272258e-05,3.912023005428146,11.615638417699845,False,False,False,False,True,False
3.0,17814,16,6.9027737927487625,40781.009359815085,70.9090909090909,3067,6.382521258497842,0,0,0,0,0,0,0,387.89715953744246,1.1708768489362897,0.016073678122693873,9.787796078039936,5.963314937297133,False,False,False,True,False,False
12.0,13227,9,6.844614966234576,28383.127744251182,79.27107061503416,3549,6.881313711751069,0,0,0,0,0,0,0,526.1964164209571,0.34871731190584043,0.012018813028844909,9.490091074101683,6.267573185784613,False,False,False,False,False,True
12.0,14069,29,6.801305199251226,43985.0757475695,79.03930131004367,3549,6.881313711751069,0,0,0,0,0,0,0,491.1507569834388,0.34871731190584043,0.012692585654447924,9.551800150108434,6.198785086189325,False,False,False,False,False,True
1.0,134,4,6.614916036256099,24640.88171901092,100.0,447,5.588299776286353,0,0,0,0,0,0,0,45149.253731343284,0.9078461025802542,9.661476834446075e-05,4.90527477843843,10.717751178571163,False,True,False,False,False,False
2.0,2811,13,6.195191110040243,2612.9254587155965,0.0,3067,6.382521258497842,0,0,0,0,0,0,0,2682.3194592671643,0.7805845659575266,0.0027599246647975334,7.941651252930556,7.8948099112716905,False,False,False,True,False,False
48.0,648,15,6.811522504055452,26330.1366378222,88.88888888888889,3549,6.881313711751069,0,0,0,0,0,0,0,10354.938271604937,1.3948692476233617,0.0005587923703308567,6.47543271670409,9.245315380212967,False,False,False,False,False,True
1.0,3323,27,6.427690326839088,17728.815455935503,77.19298245614034,3067,6.382521258497842,0,0,0,0,0,0,0,2022.2690340054166,0.3902922829787633,0.0029082994869449393,8.10892415597534,7.612469815970465,False,False,False,True,False,False
1.0,92,9,5.879225467208256,3053.415760869565,100.0,447,5.588299776286353,0,0,0,0,0,0,0,54456.52173913043,0.9078461025802542,5.091414199874682e-05,4.532599493153256,10.905176259116857,False,True,False,False,False,False
1.0,101,14,5.775788441476067,5728.942895299145,100.0,447,5.588299776286353,0,0,0,0,0,0,0,53168.316831683165,0.9078461025802542,6.155601979581469e-05,4.624972813284271,10.881236757660584,False,True,False,False,False,False
1.0,745,44,6.843501468948183,23700.668086072834,50.0,2188,6.320059610463039,0,0,0,0,0,0,0,9060.402684563758,0.8886641126398388,0.0006477255435675686,6.61472560020376,9.111779208749162,True,False,False,False,False,False
1.0,73,39,6.5264888547538815,17281.5837709483,0.0,2188,6.320059610463039,0,0,0,0,0,0,0,74109.5890410959,0.8886641126398388,4.229219582528447e-05,4.30406509320417,11.213313703113736,True,False,False,False,False,False
22.0,72,9,6.615339912235646,23158.324502008687,0.0,3549,6.881313711751069,0,0,0,0,0,0,0,69444.44444444445,0.6393150718273741,3.7728404647241735e-05,4.290459441148391,11.14829675127864,False,False,False,False,False,True
11.0,44394,9,6.862528692853247,29903.859512387386,83.75378405650858,3549,6.881313711751069,0,0,0,0,0,0,0,168.94174888498446,0.31965753591368706,0.04349304265775698,10.700882129466427,5.135455724713358,False,False,False,False,False,True
1.0,47,17,6.26522859704693,4177.704926926859,100.0,2188,6.320059610463039,0,0,0,0,0,0,0,99787.2340425532,0.8886641126398388,1.9492838236722857e-05,3.871201010907891,11.510805559984153,True,False,False,False,False,False
2.0,1457,76,6.818032823249103,31021.72354978355,78.26086956521739,1572,6.528145312958054,0,0,0,0,0,0,0,4632.807137954702,0.7649875126495325,0.001275655128499529,7.284820912568604,8.4411340852127,False,False,False,False,True,False
1.0,59,10,6.20715799971213,18909.371794871793,0.0,610,5.665348780241979,0,0,0,0,0,0,0,55423.72881355932,0.13788144168663172,1.5899816267178763e-05,4.0943445622221,10.922781141618403,False,False,True,False,False,False
1.0,630,25,6.206096308749436,9784.474926982095,85.0,3067,6.382521258497842,0,0,0,0,0,0,0,9539.682539682539,0.3902922829787633,0.0004853928109835664,6.447305862541213,9.163320306923206,False,False,False,True,False,False
1.0,14351,40,6.700689947733412,29529.439743580795,74.25149700598801,3067,6.382521258497842,0,0,0,0,0,0,0,500.31356699881536,0.3902922829787633,0.013453442680165136,9.571644584298577,6.2172317875354315,False,False,False,True,False,False
2.0,4491,12,6.195191110040243,2612.9254587155965,67.79661016949152,3067,6.382521258497842,0,0,0,0,0,0,0,1514.139389890893,0.7805845659575266,0.003980749910628235,8.410053315858335,7.323262720239771,False,False,False,True,False,False
12.37420167311325,7680,7,6.644427954689881,25008.386065740946,0.0,3549,6.881313711751069,0,0,0,0,0,0,0,933.59375,0.35959152870240046,0.007185307410359655,8.946505025998682,6.840111942891087,False,False,False,False,False,True
1.0,213,37,6.106210567052468,33784.67164179104,0.0,3067,6.382521258497842,0,0,0,0,0,0,0,28967.136150234743,0.3902922829787633,0.00016240104077664793,5.365976015021851,10.273951751456345,False,False,False,True,False,False
1.0,1624,15,6.792379410518049,29612.19677826284,67.24137931034483,2188,6.320059610463039,0,0,0,0,0,0,0,3965.5172413793107,0.8886641126398388,0.0013571592388566674,7.393263094763838,8.28564371948146,True,False,False,False,False,False
1.0,86,11,6.5004185244497705,20155.465753424658,100.0,610,5.665348780241979,0,0,0,0,0,0,0,41162.79069767441,0.13788144168663172,3.0469193715319196e-05,4.465908118654584,10.62531428234667,False,False,True,False,False,False
24.0,48551,16,6.745869261287794,19827.181451961886,80.79877112135176,3549,6.881313711751069,0,0,0,0,0,0,0,142.94247286358677,0.6974346238116809,0.04401421898703674,10.790390667515691,4.969413725754143,False,False,False,False,False,True
12.0,3961,9,6.800577564758055,22521.180022637942,0.0,3549,6.881313711751069,0,0,0,0,0,0,0,1706.6397374400403,0.34871731190584043,0.00348916701684309,8.284504227258497,7.442867425543027,False,False,False,False,False,True
1.0,41,12,6.794607080130419,17996.367678958784,100.0,610,5.665348780241979,0,0,0,0,0,0,0,111219.51219512193,0.13788144168663172,1.5119803861426824e-05,3.7376696182833684,11.61927010597391,False,False,True,False,False,False
1.0,2778,38,6.2467029592772985,15632.091049789251,67.27272727272727,447,5.588299776286353,0,0,0,0,0,0,0,2181.425485961123,0.9078461025802542,0.0021902333930548306,7.929846429742503,7.6881921455323505,False,True,False,False,False,False
52.0,10369,24,6.7407259017789665,23722.207782142654,75.49857549857549,3549,6.881313711751069,0,0,0,0,0,0,0,730.0607580287395,1.5111083515919752,0.010246265540779557,9.246672301223573,6.594496572614194,False,False,False,False,False,True
1.0,748,47,6.490336269696487,6754.518842086047,70.0,2188,6.320059610463039,0,0,0,0,0,0,0,8114.9732620320865,0.8886641126398388,0.0005839147799419091,6.618738983517219,9.001589406464193,True,False,False,False,False,False
2.0,2317,10,6.195191110040243,2612.9254587155965,66.12903225806451,3067,6.382521258497842,0,0,0,0,0,0,0,2567.97583081571,0.7805845659575266,0.0017919266561524938,7.748460023899697,7.851262589053059,False,False,False,True,False,False
1.0,9125,39,7.018559078845056,39132.42331666962,64.28571428571429,1572,6.528145312958054,0,0,0,0,0,0,0,827.3972602739726,0.38249375632476623,0.008992029110292427,9.118882761487347,6.719492822265806,False,False,False,False,True,False
14.0,13647,40,6.715661769645538,25410.923923540606,72.84768211920529,3549,6.881313711751069,0,0,0,0,0,0,0,515.8642925185022,0.40683686389014717,0.012543389010184574,9.52134826973146,6.24778034975879,False,False,False,False,False,True
12.0,100999,27,6.860017231934231,31913.469788391398,80.48780487804879,3549,6.881313711751069,0,0,0,0,0,0,0,69.7036604322815,0.34871731190584043,0.09289094871159018,11.522875795823397,4.258497345710545,False,False,False,False,False,True
1.0,211,19,6.677693639525605,11247.974150664697,83.33333333333334,2188,6.320059610463039,0,0,0,0,0,0,0,31706.16113744076,0.8886641126398388,0.00017512425820916444,5.356586274672012,10.364297837742342,True,False,False,False,False,False
1.0,73,17,5.879225467208256,3053.415760869565,100.0,447,5.588299776286353,0,0,0,0,0,0,0,59589.04109589041,0.9078461025802542,3.218208527970912e-05,4.30406509320417,10.995243743384862,False,True,False,False,False,False
1.0,166,11,6.423158352833034,20230.80137516378,50.0,447,5.588299776286353,0,0,0,0,0,0,0,35240.96385542169,0.9078461025802542,0.00011757188557772884,5.117993812416755,10.46999280651728,False,True,False,False,False,False
38.0,677,22,6.5004185244497705,20155.465753424658,0.0,3549,6.881313711751069,0,0,0,0,0,0,0,7813.884785819793,1.104271487701828,0.00045861238505274995,6.519147287940395,8.963785500049498,False,False,False,False,False,True
1.0,62,11,6.794607080130419,17996.367678958784,0.0,2188,6.320059610463039,0,0,0,0,0,0,0,104838.70967741936,0.8886641126398388,4.334658445416523e-05,4.143134726391533,11.560187888236822,True,False,False,False,False,False
1.0,122,34,6.677693639525605,11247.974150664697,33.33333333333333,2188,6.320059610463039,0,0,0,0,0,0,0,54672.13114754098,0.8886641126398388,9.701196059127582e-05,4.812184355372417,10.909127663845847,True,False,False,False,False,False
2.0,6162,14,6.195191110040243,2612.9254587155965,74.48979591836735,3067,6.382521258497842,0,0,0,0,0,0,0,1097.0464135021098,0.7805845659575266,0.005433156528100321,8.726318950962243,7.001287892125183,False,False,False,True,False,False
26.0,37155,10,6.830029354983103,29976.8189912503,75.87131367292224,610,5.665348780241979,0,0,0,0,0,0,0,169.82909433454446,3.5849174838524247,0.030622583184928564,10.522880544507412,5.140663608385143,False,False,True,False,False,False
1.0,1492,8,6.8031785089586005,43161.60346568756,81.81818181818183,3067,6.382521258497842,0,0,0,0,0,0,0,2707.7747989276136,0.3902922829787633,0.0007782410866961752,7.30854279753919,7.9042517079273,False,False,False,True,False,False
2.0,126,19,6.40169871215857,11208.264643466027,0.0,3067,6.382521258497842,0,0,0,0,0,0,0,49761.904761904756,0.7805845659575266,9.39128158233636e-05,4.844187086458591,10.81502510114949,False,False,False,True,False,False
14.0,137,14,6.662948251583755,24178.094281909634,0.0,2188,6.320059610463039,0,0,0,0,0,0,0,43795.620437956204,12.441297576957743,9.809117373558251e-05,4.927253685157205,10.687311934436861,True,False,False,False,False,False
2.0,7691,22,6.85172299297182,37257.57590130509,79.70149253731343,3067,6.382521258497842,0,0,0,0,0,0,0,930.9582629046938,0.7805845659575266,0.007185563494834575,8.94793610670867,6.837288031391734,False,False,False,True,False,False
12.0,10979,5,6.886010110211231,40923.56928669631,79.88826815642457,3549,6.881313711751069,0,0,0,0,0,0,0,561.9819655706349,0.34871731190584043,0.008841341688550075,9.30383071506352,6.333247594892413,False,False,False,False,False,True
52.0,30148,7,6.836335151609738,23693.80092663136,79.78036175710595,3549,6.881313711751069,0,0,0,0,0,0,0,236.49993366060767,1.5111083515919752,0.028075743382086786,10.313907034109423,5.4701673441509,False,False,False,False,False,True
2.0,91,10,5.7918085106382975,2324.3617021276596,66.66666666666666,610,5.665348780241979,0,0,0,0,0,0,0,41868.131868131866,0.27576288337326343,3.5991995120869335e-05,4.5217885770490405,10.642304124815238,False,False,True,False,False,False
2.0,6765,28,6.5004185244497705,20155.465753424658,63.57142857142857,1572,6.528145312958054,0,0,0,0,0,0,0,1067.2579453067258,0.7649875126495325,0.006372330661228956,8.819665349340653,6.973784512181217,False,False,False,False,True,False
1.0,69,23,5.879225467208256,3053.415760869565,100.0,447,5.588299776286353,0,0,0,0,0,0,0,55797.10144927536,0.9078461025802542,2.5401072908096823e-05,4.248495242049359,10.929495123584031,False,True,False,False,False,False
13.0,6659,38,6.915367938502655,33070.13731862819,86.08247422680412,3549,6.881313711751069,0,0,0,0,0,0,0,1081.2434299444362,0.3777770878979938,0.006254936834333125,8.803874763534434,6.986791415566251,False,False,False,False,False,True
1.0,109,23,6.81823449633989,16300.076852579828,0.0,2188,6.320059610463039,0,0,0,0,0,0,0,56238.53211009174,0.8886641126398388,7.799246211467458e-05,4.700480365792417,10.937375206928099,True,False,False,False,False,False
6.0,110,17,6.960229924719464,27453.088535617204,0.0,3067,6.382521258497842,0,0,0,0,0,0,0,53454.545454545456,2.3417536978725795,7.520035740597795e-05,4.709530201312334,10.886605661390403,False,False,False,True,False,False
25.0,95551,9,6.694036685098593,24864.81395999982,84.35867672663959,3549,6.881313711751069,0,0,0,0,0,0,0,83.93423407395002,0.7264943998038342,0.10011436791848229,11.467425880898862,4.4418772402399505,False,False,False,False,False,True
64.0,323,17,6.823146793508421,28887.7305772393,75.0,3549,6.881313711751069,0,0,0,0,0,0,0,22012.383900928795,1.8598256634978156,0.0002907463986356499,5.780743515792329,9.999405906498179,False,False,False,False,False,True
2.0,693,7,6.195191110040243,2612.9254587155965,50.0,3067,6.382521258497842,0,0,0,0,0,0,0,8585.858585858585,0.7805845659575266,0.0005294301947957424,6.542471960506805,9.057988242137972,False,False,False,True,False,False
1.0,156,21,6.829036948424544,17643.015772252504,75.0,2188,6.320059610463039,0,0,0,0,0,0,0,27179.48717948718,0.8886641126398388,7.711315164721889e-05,5.056245805348308,10.210254611734609,True,False,False,False,False,False
32.0,102,7,6.40169871215857,11208.264643466027,0.0,3549,6.881313711751069,0,0,0,0,0,0,0,51176.47058823529,0.9299128317489078,6.02586122264484e-05,4.634728988229636,10.843054686613527,False,False,False,False,False,True
1.0,126,34,6.26522859704693,4177.704926926859,50.0,3067,6.382521258497842,0,0,0,0,0,0,0,48095.23809523809,0.3902922829787633,9.045567541194043e-05,4.844187086458591,10.780959242957074,False,False,False,True,False,False
1.0,1114,93,6.818032823249103,31021.72354978355,58.333333333333336,1572,6.528145312958054,0,0,0,0,0,0,0,6122.082585278276,0.38249375632476623,0.0009833438462521868,7.016609683894219,8.719820939101886,False,False,False,False,True,False
1.0,271484,16,6.861946953195274,31765.46087791202,82.75920440118495,2188,6.320059610463039,0,0,0,0,0,0,0,31.235726598989263,0.8886641126398388,0.3007833775606798,12.511662168211082,3.473075359193803,True,False,False,False,False,False
1.0,1976,16,6.5004185244497705,20155.465753424658,85.22727272727273,3067,6.382521258497842,0,0,0,0,0,0,0,2621.4574898785427,0.3902922829787633,0.001328038775708595,7.589335823170617,7.871867130369212,False,False,False,True,False,False
1.0,514,11,6.195191110040243,2612.9254587155965,63.63636363636363,3067,6.382521258497842,0,0,0,0,0,0,0,12081.712062256809,0.3902922829787633,0.00040773650051744906,6.244166900663736,9.39953095475552,False,False,False,True,False,False
26.0,171863,16,6.91289484682624,34682.32663026166,83.24786324786325,3549,6.881313711751069,0,0,0,0,0,0,0,46.14140332706865,0.7555541757959876,0.1780574106836434,12.054458745354886,3.85315166641297,False,False,False,False,False,True
2.0,4932,18,6.844614966234576,28383.127744251182,77.94117647058823,1572,6.528145312958054,0,0,0,0,0,0,0,1356.447688564477,0.7649875126495325,0.004301676019841026,8.503702601233739,7.213361515938137,False,False,False,False,True,False
12.37420167311325,1036,23,6.821624494858498,25460.54239964058,0.0,3549,6.881313711751069,0,0,0,0,0,0,0,6251.069490844952,0.35959152870240046,0.0008672915727856007,6.9440872082295275,8.740667806457996,False,False,False,False,False,True
170.0,314,9,6.6029994474022455,20185.73355991854,69.23076923076923,3549,6.881313711751069,0,0,0,0,0,0,0,21464.96815286624,4.940161918666073,0.0002672062252446405,5.752572638825633,9.974224083432162,False,False,False,False,False,True
6.0,11846,17,6.851753414184124,34784.913643525695,71.42857142857143,1572,6.528145312958054,0,0,0,0,0,0,0,573.1892621982104,2.294962537948597,0.01049986887071064,9.37982994995476,6.3529590670561875,False,False,False,False,True,False
1.0,218,17,5.7918085106382975,2324.3617021276596,80.0,2188,6.320059610463039,0,0,0,0,0,0,0,26100.91743119266,0.8886641126398388,0.00015275998291727853,5.389071729816501,10.169764055409033,True,False,False,False,False,False
3.0,6574,24,6.4918106502153226,20332.20503490291,71.83544303797468,3067,6.382521258497842,0,0,0,0,0,0,0,1022.2087009431093,1.1708768489362897,0.005762690211398697,8.791029857045965,6.930698753886715,False,False,False,True,False,False
3.0,1411,24,6.831725682510775,29540.344065907895,58.333333333333336,1572,6.528145312958054,0,0,0,0,0,0,0,4535.7902197023395,1.1474812689742986,0.0011705625022739728,7.252762418053187,8.419975040927422,False,False,False,False,True,False
2.0,3390,23,6.195191110040243,2612.9254587155965,72.97297297297297,3067,6.382521258497842,0,0,0,0,0,0,0,2014.749262536873,0.7805845659575266,0.003015847127090777,8.128880142125638,7.608746247714573,False,False,False,True,False,False
4.0,6166,33,6.9135864932147895,36608.423300345035,67.07818930041152,3067,6.382521258497842,0,0,0,0,0,0,0,1216.347713266299,1.5611691319150531,0.006032848880011996,8.726967774991493,7.104429765627281,False,False,False,True,False,False
2.0,85409,20,7.11436361408709,65588.44594688893,84.8652384243262,3067,6.382521258497842,0,0,0,0,0,0,0,91.20818649088503,0.7805845659575266,0.08692041103926433,11.355218468940192,4.524048917194489,False,False,False,True,False,False
1.0,40,18,5.775788441476067,5728.942895299145,0.0,447,5.588299776286353,0,0,0,0,0,0,0,144500.00000000003,0.9078461025802542,2.0899996295340672e-05,3.713572066704308,11.881041706925902,False,True,False,False,False,False
3.0,584,16,6.642082746378657,22542.297604539497,56.25,3067,6.382521258497842,0,0,0,0,0,0,0,10119.86301369863,1.1708768489362897,0.00044164156237551063,6.371611847231857,9.222354217238953,False,False,False,True,False,False
1.0,582,11,6.684783413525796,25317.04431818182,80.64516129032258,2188,6.320059610463039,0,0,0,0,0,0,0,9862.54295532646,0.8886641126398388,0.00042717017643563053,6.368187186350492,9.196600709152538,True,False,False,False,False,False
1.0,880,9,5.879225467208256,3053.415760869565,72.22222222222221,447,5.588299776286353,0,0,0,0,0,0,0,6954.545454545455,0.9078461025802542,0.0006943499031978163,6.78105762593618,8.847294527529016,False,True,False,False,False,False
1.0,4816,18,6.904255601987694,31982.71380111504,76.04562737642586,3067,6.382521258497842,0,0,0,0,0,0,0,1349.6677740863786,0.3902922829787633,0.004080727380122604,8.479906606630221,7.208354396606134,False,False,False,True,False,False
2.0,5108,38,6.195191110040243,2612.9254587155965,73.94366197183099,3067,6.382521258497842,0,0,0,0,0,0,0,1382.1456538762723,0.7805845659575266,0.004702448223091191,8.538758969330798,7.2321156434557,False,False,False,True,False,False
1.0,448,86,6.40169871215857,11208.264643466027,50.0,2188,6.320059610463039,0,0,0,0,0,0,0,14375.0,0.8886641126398388,0.0003676488277648848,6.1070228877422545,9.573315428463395,True,False,False,False,False,False
25.0,41469,19,6.801489530657659,29458.263592988384,73.88157894736842,3549,6.881313711751069,0,0,0,0,0,0,0,161.80761532711182,0.7264943998038342,0.03634645532610816,10.632725553240427,5.0925692296679825,False,False,False,False,False,True
1.0,1291,32,5.879225467208256,3053.415760869565,69.23076923076923,1572,6.528145312958054,0,0,0,0,0,0,0,5104.570100697134,0.38249375632476623,0.0011022676472303224,7.163946684342547,8.53808739932874,False,False,False,False,True,False
1.0,3786,40,6.66391737475365,18028.293509500556,61.78343949044586,1572,6.528145312958054,0,0,0,0,0,0,0,1737.9820390913892,0.38249375632476623,0.0032455627404148874,8.239329427901795,7.461055186003873,False,False,False,False,True,False
6.0,413,18,6.799697159680153,20651.55321596909,0.0,610,5.665348780241979,0,0,0,0,0,0,0,13631.961259079902,0.8272886501197902,0.00029449098080463657,6.025865973825314,9.520245761480332,False,False,True,False,False,False
13.0,2277,27,6.678912230079322,26987.1667187555,75.67567567567568,3549,6.881313711751069,0,0,0,0,0,0,0,3039.086517347387,0.3777770878979938,0.0020494078367037974,7.731053144007127,8.019641253649045,False,False,False,False,False,True
52.0,35,34,6.40169871215857,11208.264643466027,0.0,3549,6.881313711751069,0,0,0,0,0,0,0,162000.0,1.5111083515919752,1.662103376797452e-05,3.58351893845611,11.995357787034976,False,False,False,False,False,True
1.0,90,18,6.829036948424544,17643.015772252504,50.0,1572,6.528145312958054,0,0,0,0,0,0,0,72777.77777777778,0.38249375632476623,6.771380617489154e-05,4.51085950651685,11.195179677644786,False,False,False,False,True,False
26.0,2320,19,6.881906796368094,42688.76770454305,65.21739130434783,3549,6.881313711751069,0,0,0,0,0,0,0,2892.2413793103447,0.7555541757959876,0.0020246303572018214,7.749753406274437,7.970132737136898,False,False,False,False,False,True
1.0,20172,23,6.661002281290718,30260.396249767506,83.345507669832,2188,6.320059610463039,0,0,0,0,0,0,0,356.4346619075947,0.8886641126398388,0.01894050984903636,9.912100355634351,5.8789525815358665,True,False,False,False,False,False
12.0,37993,50,6.7547019732313895,19828.60158588995,74.89795918367346,3549,6.881313711751069,0,0,0,0,0,0,0,158.4502408338378,0.34871731190584043,0.029873903237304492,10.545183531504994,5.071731903858424,False,False,False,False,False,True
1.0,45,12,6.794607080130419,17996.367678958784,0.0,1572,6.528145312958054,0,0,0,0,0,0,0,133333.33333333334,0.38249375632476623,2.5969423656006518e-05,3.828641396489095,11.800615037393884,False,False,False,False,True,False
4.0,4543,35,6.845303805487532,29013.2942519885,82.63157894736842,3067,6.382521258497842,0,0,0,0,0,0,0,1391.1512216596961,1.5611691319150531,0.0037420373702923863,8.421562960400987,7.238605471243656,False,False,False,True,False,False
1.0,1391,13,6.195191110040243,2612.9254587155965,72.72727272727273,3067,6.382521258497842,0,0,0,0,0,0,0,4521.926671459382,0.3902922829787633,0.0011338470439590063,7.238496840894365,8.416914556978387,False,False,False,True,False,False
3.0,62,15,6.615339912235646,23158.324502008687,0.0,3067,6.382521258497842,0,0,0,0,0,0,0,77096.7741935484,1.1708768489362897,2.941349853299497e-05,4.143134726391533,11.252829690049726,False,False,False,True,False,False
1.0,1010,54,6.724256288854555,24131.374187315396,70.0,1572,6.528145312958054,0,0,0,0,0,0,0,6940.59405940594,0.38249375632476623,0.0009157453841939059,6.918695219020472,8.845286718682836,False,False,False,False,True,False
1.0,1641,28,7.029912167410302,43643.061523504504,78.94736842105263,2188,6.320059610463039,0,0,0,0,0,0,0,4375.380865326021,0.8886641126398388,0.0015301233968101895,7.403670290012373,8.383977375352426,True,False,False,False,False,False
27.0,562962,26,6.7812232788728535,26850.034277509672,87.67016291006472,3549,6.881313711751069,0,0,0,0,0,0,0,15.596079309083027,0.784613951788141,0.6457947594873104,13.240969185601648,2.8091664812663266,False,False,False,False,False,True
1.0,5566,15,6.8393549963377245,31403.66763082611,80.18018018018019,2188,6.320059610463039,0,0,0,0,0,0,0,1239.6694214876034,0.8886641126398388,0.005008563242468801,8.624611588183507,7.123406368967626,True,False,False,False,False,False
3.0,642,8,6.195191110040243,2612.9254587155965,52.38095238095239,3067,6.382521258497842,0,0,0,0,0,0,0,9657.320872274144,1.1708768489362897,0.0005107530133213304,6.466144724237619,9.17557508935169,False,False,False,True,False,False
1.0,535,46,6.794607080130419,17996.367678958784,60.0,1572,6.528145312958054,0,0,0,0,0,0,0,11401.869158878504,0.38249375632476623,0.00041708619695892454,6.284134161070802,9.341620283319715,False,False,False,False,True,False
1.0,43,20,6.548792989998894,10128.71560623309,0.0,3067,6.382521258497842,0,0,0,0,0,0,0,144186.0465116279,0.3902922829787633,2.5525195485226524e-05,3.784189633918261,11.878866669781578,False,False,False,True,False,False
1.0,2351,22,5.8512085383736085,16854.984697166947,80.58252427184466,3067,6.382521258497842,0,0,0,0,0,0,0,2632.9221607826457,0.3902922829787633,0.0018920792038082878,7.763021309018518,7.876229330151549,False,False,False,True,False,False
1.0,9492,32,7.012638345265775,34773.374298566436,76.81159420289855,2188,6.320059610463039,0,0,0,0,0,0,0,845.9755583649388,0.8886641126398388,0.009949342124876762,9.158309963881798,6.741671837523695,True,False,False,False,False,False
5.0,42,11,6.490336269696487,6754.518842086047,0.0,3549,6.881313711751069,0,0,0,0,0,0,0,138095.2380952381,0.14529887996076685,2.252012256524419e-05,3.7612001156935624,11.835706098586371,False,False,False,False,False,True
1.0,367,21,5.459667665453769,7695.231857287449,100.0,2188,6.320059610463039,0,0,0,0,0,0,0,9291.553133514986,0.8886641126398388,0.0001542037244723135,5.908082938168931,9.136968620047446,True,False,False,False,False,False
12.0,40481,8,6.84051898277667,31782.361940299616,80.5439330543933,3549,6.881313711751069,0,0,0,0,0,0,0,184.03695560880413,0.34871731190584043,0.039394181989806036,10.60861270985548,5.220555565176533,False,False,False,False,False,True
4.0,85947,19,6.715661769645538,25410.923923540606,83.17781924820048,1572,6.528145312958054,0,0,0,0,0,0,0,92.38251480563603,1.529975025299065,0.08915240543261924,11.361497741197619,4.536704120060821,False,False,False,False,True,False
1.0,380,24,6.195191110040243,2612.9254587155965,37.5,3067,6.382521258497842,0,0,0,0,0,0,0,15078.947368421055,0.3902922829787633,0.0002751814274635849,5.942799375126701,9.621121151398102,False,False,False,True,False,False
1.0,891,15,6.4822500578583115,17261.637507577125,60.86956521739131,2188,6.320059610463039,0,0,0,0,0,0,0,7732.884399551066,0.8886641126398388,0.0007927843330754462,6.79346613258001,8.953366525010159,True,False,False,False,False,False
3.0,2594,26,6.237741819619238,9158.131880564271,74.54545454545455,3067,6.382521258497842,0,0,0,0,0,0,0,2467.2320740169625,1.1708768489362897,0.002159780245394419,7.861341795599989,7.811257413836588,False,False,False,True,False,False
1.0,247,13,5.7918085106382975,2324.3617021276596,66.66666666666666,1572,6.528145312958054,0,0,0,0,0,0,0,22348.17813765182,0.38249375632476623,0.00016883320337885354,5.5134287461649825,10.014544827001023,False,False,False,False,True,False
26.0,266846,7,6.837897530686966,34989.747755042656,82.6926406926407,3549,6.881313711751069,0,0,0,0,0,0,0,28.36842223604626,0.7555541757959876,0.2639176525341795,12.494430739427957,3.3799200235103517,False,False,False,False,False,True
1.0,24707,68,6.911413272863529,35040.419453820876,77.58302583025831,1572,6.528145312958054,0,0,0,0,0,0,0,334.72295300926856,0.38249375632476623,0.026687092652995733,10.114882356815789,5.816286275224043,False,False,False,False,True,False
2.0,265,34,6.827850625188941,21162.251451633205,40.0,1572,6.528145312958054,0,0,0,0,0,0,0,24415.09433962264,0.7649875126495325,0.00021470760133254907,5.583496308781699,10.102997797921027,False,False,False,False,True,False
1.0,19219,73,6.5004185244497705,20155.465753424658,75.86206896551724,3067,6.382521258497842,0,0,0,0,0,0,0,390.2388261616109,0.3902922829787633,0.018823680453228103,9.863706682524283,5.969318182115192,False,False,False,True,False,False
52.0,220,17,6.770580228122137,14268.819008105458,33.33333333333333,3549,6.881313711751069,0,0,0,0,0,0,0,25590.909090909092,1.5111083515919752,0.00015252219019056687,5.3981627015177525,10.150031529376603,False,False,False,False,False,True
25.0,6321,18,6.86966494522709,35383.921471718,89.70588235294117,3549,6.881313711751069,0,0,0,0,0,0,0,1290.9349786426199,0.7264943998038342,0.006729811522683168,8.751790892775563,7.1638963569481415,False,False,False,False,False,True
1.0,143273,24,6.726881389735055,20338.098088288767,83.65983295368261,2188,6.320059610463039,0,0,0,0,0,0,0,59.11790777048014,0.8886641126398388,0.15854386776656954,11.872514159810866,4.0963077633889915,True,False,False,False,False,False
1.0,1076,30,6.883127654709747,26459.589352823987,66.66666666666666,2188,6.320059610463039,0,0,0,0,0,0,0,6496.282527881041,0.8886641126398388,0.0009733826827991671,6.981934677156389,8.779139295833314,True,False,False,False,False,False
1.0,348,52,6.7842301997157435,23284.036834831608,50.0,3067,6.382521258497842,0,0,0,0,0,0,0,17442.528735632186,0.3902922829787633,0.00026668360386725224,5.855071922202427,9.766724012754578,False,False,False,True,False,False
1.0,183,5,6.726881389735055,20338.098088288767,25.0,3067,6.382521258497842,0,0,0,0,0,0,0,30109.289617486338,0.3902922829787633,0.00012243618404776983,5.214935757608986,10.312622240077356,False,False,False,True,False,False
1.0,3456,29,6.889678266422713,32042.405586642773,73.02631578947368,1572,6.528145312958054,0,0,0,0,0,0,0,2097.800925925926,0.38249375632476623,0.0032643927886421855,8.148156439921625,7.649121472981664,False,False,False,False,True,False
12.0,11411,8,6.814882238275165,36546.30823677478,80.1452784503632,3549,6.881313711751069,0,0,0,0,0,0,0,649.3734116203664,0.34871731190584043,0.011038321756173404,9.342420712333391,6.477546677355502,False,False,False,False,False,True
1.0,892,37,6.8945007866907115,44251.957544444514,70.37037037037037,3067,6.382521258497842,0,0,0,0,0,0,0,7455.1569506726455,0.3902922829787633,0.0007657138522801793,6.794586580876499,8.916795406395034,False,False,False,True,False,False
12.37420167311325,81,9,6.5004185244497705,20155.465753424658,0.0,3549,6.881313711751069,0,0,0,0,0,0,0,86419.75308641975,0.35959152870240046,6.477406092708273e-05,4.406719247264253,11.366983123708772,False,False,False,False,False,True
61.0,367,9,6.662948251583755,24178.094281909634,50.0,3549,6.881313711751069,0,0,0,0,0,0,0,18119.89100817439,1.7726463355213555,0.0003095633813285132,5.908082938168931,9.804820751024591,False,False,False,False,False,True
1.0,106,12,5.775788441476067,5728.942895299145,50.0,447,5.588299776286353,0,0,0,0,0,0,0,52641.50943396227,0.9078461025802542,6.797250375669871e-05,4.672828834461906,10.871279236480767,False,True,False,False,False,False
1.0,581,11,6.468372592093842,13820.686630000748,80.0,2188,6.320059610463039,0,0,0,0,0,0,0,9414.802065404476,0.8886641126398388,0.00040592431089135536,6.366470447731438,9.150144627627883,True,False,False,False,False,False
30.0,3106,20,6.638243832197137,24791.843889668748,0.0,3549,6.881313711751069,0,0,0,0,0,0,0,2089.5041854475207,0.8717932797646011,0.002624435072709635,8.041412909393047,7.645160552922107,False,False,False,False,False,True
1.0,123,43,6.751797143671785,26268.564264907767,0.0,3067,6.382521258497842,0,0,0,0,0,0,0,48780.48780487805,0.3902922829787633,8.711612481042965e-05,4.820281565605037,10.79510617160979,False,False,False,True,False,False
43.0,1941,21,6.760177441321682,19273.60023533385,86.79245283018868,3549,6.881313711751069,0,0,0,0,0,0,0,3699.1241628026787,1.2495703676625949,0.0018115550085337523,7.571473648851271,8.216121655583512,False,False,False,False,False,True
27.0,89243,9,6.8569287506609085,33112.97820607976,77.05314009661835,3549,6.881313711751069,0,0,0,0,0,0,0,81.6870790986408,0.784613951788141,0.08499263846934746,11.399129470491301,4.415063351596348,False,False,False,False,False,True
1.0,38,13,6.548792989998894,10128.71560623309,0.0,3067,6.382521258497842,0,0,0,0,0,0,0,118421.05263157895,0.3902922829787633,1.3034544565647781e-05,3.6635616461296463,11.682010239422953,False,False,False,True,False,False
1.0,31747,47,6.797217703082447,29742.06310700886,80.76208178438662,2188,6.320059610463039,0,0,0,0,0,0,0,240.65266009386713,0.8886641126398388,0.03168076473845571,10.365585010210767,5.487501406274648,True,False,False,False,False,False
1.0,52,15,5.459667665453769,7695.231857287449,0.0,447,5.588299776286353,0,0,0,0,0,0,0,82884.61538461538,0.9078461025802542,1.9974956457363498e-05,3.970291913552122,11.32521680839092,False,True,False,False,False,False
119.0,612,10,6.819034008181329,39818.1817748365,85.71428571428571,3549,6.881313711751069,0,0,0,0,0,0,0,11078.431372549021,3.458113343066251,0.0005328285403022094,6.418364935936212,9.312845638817294,False,False,False,False,False,True
2.0,4128,26,6.928082740748006,36914.650980454,66.66666666666666,1572,6.528145312958054,0,0,0,0,0,0,0,1659.3992248062013,0.7649875126495325,0.0036852075217151895,8.32579052588609,7.414813349307058,False,False,False,False,True,False
6.0,7254,26,6.800051724087001,20784.60980040755,83.40807174887892,3067,6.382521258497842,0,0,0,0,0,0,0,1004.9627791563277,2.3417536978725795,0.006899963977626342,8.889446165318288,6.913700351124641,False,False,False,True,False,False
12.0,26991,14,6.875830169031045,35648.87486002218,80.70500927643785,3549,6.881313711751069,0,0,0,0,0,0,0,250.08336112037347,0.34871731190584043,0.02379469167576453,10.20329580478575,5.525785000010892,False,False,False,False,False,True
1.0,1675,17,6.823744471442896,25069.672064100127,76.38888888888889,1572,6.528145312958054,0,0,0,0,0,0,0,4358.20895522388,0.38249375632476623,0.001588280703685952,7.424165281042028,8.38004588759415,False,False,False,False,True,False
2.0,2601,36,6.195191110040243,2612.9254587155965,80.0,3067,6.382521258497842,0,0,0,0,0,0,0,2691.2725874663593,0.7805845659575266,0.0023695343352091855,7.86403565907245,7.89814094398394,False,False,False,True,False,False
50.0,801,23,6.732939657023157,27914.083976106296,66.66666666666666,3549,6.881313711751069,0,0,0,0,0,0,0,9176.029962546816,1.4529887996076685,0.0007599062222239525,6.687108607866515,9.124458897774652,False,False,False,False,False,True
1.0,374,24,6.576885158507406,32189.860450470936,75.0,2188,6.320059610463039,0,0,0,0,0,0,0,16524.06417112299,0.8886641126398388,0.00029267879117854287,5.926926025970411,9.712633547987567,True,False,False,False,False,False
1.0,35,37,6.295993024103089,2508.102734495634,0.0,3067,6.382521258497842,0,0,0,0,0,0,0,162000.0,0.3902922829787633,1.662103376797452e-05,3.58351893845611,11.995357787034976,False,False,False,True,False,False
4.0,3360,35,6.863669571633784,27782.22410826645,70.2127659574468,3067,6.382521258497842,0,0,0,0,0,0,0,2020.8333333333333,1.5611691319150531,0.0029715157687538202,8.119993827725105,7.611759969542864,False,False,False,True,False,False
1.0,4286,11,6.359366963355418,11932.715585159718,74.03846153846155,3067,6.382521258497842,0,0,0,0,0,0,0,1661.2225851609892,0.3902922829787633,0.003977812778487313,8.363342466597977,7.41591089253774,False,False,False,True,False,False
2.0,7234,7,6.427690326839088,17728.815455935503,74.40476190476191,3067,6.382521258497842,0,0,0,0,0,0,0,995.2999723527787,0.7805845659575266,0.006795849959929945,8.886685639065584,6.904048389300915,False,False,False,True,False,False
1.0,352,19,6.5004185244497705,20155.465753424658,75.0,610,5.665348780241979,0,0,0,0,0,0,0,13352.272727272728,0.13788144168663172,0.0002068486823700736,5.8664680569332965,9.499516781894824,False,False,True,False,False,False
1.0,58,42,6.671140218499566,17379.625889812763,0.0,2188,6.320059610463039,0,0,0,0,0,0,0,77586.20689655172,0.8886641126398388,2.4793525556882998e-05,4.07753744390572,11.259157832999957,True,False,False,False,False,False
59.0,322,22,6.40169871215857,11208.264643466027,83.33333333333334,3549,6.881313711751069,0,0,0,0,0,0,0,21739.130434782608,1.7145267835370488,0.0002851896268405695,5.777652323222656,9.986915160417212,False,False,False,False,False,True
13.0,95,16,5.558589488847307,349.1694444444444,0.0,3549,6.881313711751069,0,0,0,0,0,0,0,68947.36842105263,0.3777770878979938,7.199276870225769e-05,4.564348191467836,11.141113219722508,False,False,False,False,False,True
25.0,168,20,6.7812232788728535,26850.034277509672,0.0,3549,6.881313711751069,0,0,0,0,0,0,0,39404.76190476191,0.7264943998038342,0.00013600212845132486,5.1298987149230735,10.581667325831429,False,False,False,False,False,True
12.0,398660,15,6.8355523885194005,44038.75777110693,83.54149730249057,3549,6.881313711751069,0,0,0,0,0,0,0,19.31470425926855,0.34871731190584043,0.40106105122664787,12.895866710676762,3.011344971581746,False,False,False,False,False,True
9.0,1716,35,6.735693518255812,18850.454206671966,72.36842105263158,1572,6.528145312958054,0,0,0,0,0,0,0,3717.948717948718,3.442443806922896,0.001421117643021439,7.448333860897476,8.221196304625566,False,False,False,False,True,False
1.0,2209,39,6.779782172998328,33631.42093373494,63.63636363636363,1572,6.528145312958054,0,0,0,0,0,0,0,3023.9927569035763,0.38249375632476623,0.0019186584205088096,7.700747794511798,8.014663976050034,False,False,False,False,True,False
1.0,15718,30,6.954266818523805,35213.72699492817,75.0,2188,6.320059610463039,0,0,0,0,0,0,0,455.5286932179667,0.8886641126398388,0.01469475991020323,9.662625450728237,6.123651552863612,True,False,False,False,False,False
1.0,73,32,6.555621413678604,13235.397717492759,0.0,2188,6.320059610463039,0,0,0,0,0,0,0,93972.60273972603,0.8886641126398388,5.612206402442056e-05,4.30406509320417,11.450769199896474,True,False,False,False,False,False
1.0,408,6,6.468372592093842,13820.686630000748,75.0,3067,6.382521258497842,0,0,0,0,0,0,0,14705.882352941177,0.3902922829787633,0.00031053676364389875,6.013715156042802,9.596070850476272,False,False,False,True,False,False
1.0,110,49,6.640698109965129,30156.15701881832,0.0,2188,6.320059610463039,0,0,0,0,0,0,0,65181.81818181819,0.8886641126398388,9.374035076882549e-05,4.709530201312334,11.084951188367238,True,False,False,False,False,False
8.0,5555,23,6.80155447398906,33031.59285690002,74.25742574257426,3549,6.881313711751069,0,0,0,0,0,0,0,919.89198919892,0.23247820793722695,0.0036994816180851062,8.622633703874234,6.825342753806784,False,False,False,False,False,True
12.0,180686,8,6.9095318647504085,43015.534783900155,82.33900495369373,3549,6.881313711751069,0,0,0,0,0,0,0,41.50847326300875,0.34871731190584043,0.17704762909587618,12.104521531546295,3.749703426952959,False,False,False,False,False,True
5.0,904,27,6.930912076909611,33634.63822928289,80.0,3549,6.881313711751069,0,0,0,0,0,0,0,7577.433628318584,0.14529887996076685,0.0007997626350170226,6.807934943699926,8.933061811941771,False,False,False,False,False,True
1.0,2884,16,6.844292569352955,31690.293999531314,81.44329896907216,3067,6.382521258497842,0,0,0,0,0,0,0,2319.694868238558,0.3902922829787633,0.0025115514683006638,7.9672801789422,7.749621931987331,False,False,False,True,False,False
1.0,289,5,6.195191110040243,2612.9254587155965,66.66666666666666,3067,6.382521258497842,0,0,0,0,0,0,0,19584.77508650519,0.3902922829787633,0.00020441065364455746,5.66988092298052,9.882558820834085,False,False,False,True,False,False
52.0,494,27,6.924618381955827,28385.900294075396,50.0,3549,6.881313711751069,0,0,0,0,0,0,0,14372.46963562753,1.5111083515919752,0.00044895303544517195,6.20455776256869,9.57313939986801,False,False,False,False,False,True
1.0,3279,11,5.459667665453769,7695.231857287449,77.47252747252747,447,5.588299776286353,0,0,0,0,0,0,0,1537.0539798719121,0.9078461025802542,0.0021499236062168764,8.09559870137819,7.338273246895665,False,True,False,False,False,False
1.0,1252,21,6.850577283767982,33498.01202864291,67.14285714285714,1572,6.528145312958054,0,0,0,0,0,0,0,4776.357827476038,0.38249375632476623,0.0009689038175949501,7.133295954896068,8.471642916901567,False,False,False,False,True,False
1.0,13412,35,6.949003066864462,36025.14553058347,83.94736842105263,2188,6.320059610463039,0,0,0,0,0,0,0,560.6919176856545,0.8886641126398388,0.013168360558120516,9.50397966490209,6.330953510411639,True,False,False,False,False,False
1.0,2621,13,6.729085071763116,32029.24882863714,69.23076923076923,3067,6.382521258497842,0,0,0,0,0,0,0,2369.3246852346433,0.3902922829787633,0.0021172924339661983,7.871692664323645,7.77078222273511,False,False,False,True,False,False
1.0,13094,36,6.904400748459212,30367.902828980667,66.66666666666666,2188,6.320059610463039,0,0,0,0,0,0,0,606.3846036352528,0.8886641126398388,0.013574453046992495,9.479985756941812,6.4091622043075915,True,False,False,False,False,False
2.0,21616,25,6.659973141932871,26053.022539438305,78.59778597785979,3067,6.382521258497842,0,0,0,0,0,0,0,336.3249444855662,0.7805845659575266,0.020522960343843953,9.981235321158053,5.821046692744292,False,False,False,True,False,False
13.0,66236,35,6.745065955079785,39375.04393138893,80.43548911277219,3549,6.881313711751069,0,0,0,0,0,0,0,110.96684582402318,0.3777770878979938,0.06359823478374452,11.100994498178453,4.718202808044331,False,False,False,False,False,True
12.0,487,20,5.558589488847307,349.1694444444444,63.1578947368421,3549,6.881313711751069,0,0,0,0,0,0,0,12443.531827515399,0.34871731190584043,0.00037628514602622526,6.1903154058531475,9.429036594770276,False,False,False,False,False,True
104.0,36,35,6.40169871215857,11208.264643466027,0.0,3549,6.881313711751069,0,0,0,0,0,0,0,175833.33333333334,3.0222167031839504,2.0466220552108437e-05,3.6109179126442243,12.077297542851868,False,False,False,False,False,True
1.0,117,46,6.5264888547538815,17281.5837709483,50.0,2188,6.320059610463039,0,0,0,0,0,0,0,54957.26495726495,0.8886641126398388,8.898580278803604e-05,4.770684624465665,10.914329357206956,True,False,False,False,False,False
12.0,618056,11,6.9628532979221385,47274.58870887442,83.04453249748654,3549,6.881313711751069,0,0,0,0,0,0,0,13.057069262332217,0.34871731190584043,0.6516619108922079,13.334335965196335,2.643125419585994,False,False,False,False,False,True
26.0,66751,9,6.835256479493799,36713.07073899718,81.85465893892109,3549,6.881313711751069,0,0,0,0,0,0,0,113.10691974652066,0.7555541757959876,0.06583707290403631,11.108739538360444,4.737135901361461,False,False,False,False,False,True
1.0,41368,32,6.469338862241644,17928.85202457893,78.89530090684254,3067,6.382521258497842,0,0,0,0,0,0,0,188.79327016051053,0.3902922829787633,0.04220335420613471,10.630287087057917,5.245935428015637,False,False,False,True,False,False
1.0,13929,44,6.715661769645538,25410.923923540606,72.91666666666666,1572,6.528145312958054,0,0,0,0,0,0,0,505.4203460406346,0.38249375632476623,0.012802776452209902,9.54180006677385,6.227367047828221,False,False,False,False,True,False
26.0,94,14,6.661598144800827,23713.726803837835,0.0,3549,6.881313711751069,0,0,0,0,0,0,0,75851.06382978724,0.7555541757959876,7.826030557058606e-05,4.553876891600541,11.236540193764286,False,False,False,False,False,True
12.0,99460,12,6.943405028369551,41158.69897085979,79.4338051623647,3549,6.881313711751069,0,0,0,0,0,0,0,61.431731349286146,0.34871731190584043,0.07939002363359603,11.507520886511369,4.134073661338255,False,False,False,False,False,True
24.0,456749,20,6.883657514125043,35455.284204746524,86.86140161077053,3549,6.881313711751069,0,0,0,0,0,0,0,19.83583981574125,0.6974346238116809,0.5406615752297622,13.031891474240252,3.0366745719930193,False,False,False,False,False,True
12.0,13827,22,6.780595148016227,23750.2895919479,77.51371115173674,3549,6.881313711751069,0,0,0,0,0,0,0,467.92507413032473,0.34871731190584043,0.011679209738157706,9.534450801041515,6.150442999032067,False,False,False,False,False,True
12.37420167311325,12012,12,6.777925656471416,31529.821479823888,0.0,3549,6.881313711751069,0,0,0,0,0,0,0,539.1365295134341,0.35959152870240046,0.010154503575609751,9.393744675721376,6.291821940033873,False,False,False,False,False,True
26.0,603,17,6.814807283566524,25169.064938062274,68.75,3549,6.881313711751069,0,0,0,0,0,0,0,11077.943615257049,0.7555541757959876,0.0005169774339260242,6.403574197934815,9.312801614172677,False,False,False,False,False,True
1.0,436,17,6.393797237117623,14552.542012556314,72.72727272727273,610,5.665348780241979,0,0,0,0,0,0,0,15871.559633027524,0.13788144168663172,0.0003848953332186964,6.07993319509559,9.672347088040384,False,False,True,False,False,False
1.0,72,39,6.200225700698335,7476.477735322658,0.0,3067,6.382521258497842,0,0,0,0,0,0,0,53055.55555555555,0.3902922829787633,2.6627926591515688e-05,4.290459441148391,10.879113709556616,False,False,False,True,False,False
1.0,5005,20,6.510263751421897,20545.19121004566,65.83333333333333,1572,6.528145312958054,0,0,0,0,0,0,0,1516.4835164835165,0.38249375632476623,0.00495402116897112,8.518392471991719,7.32480866059032,False,False,False,False,True,False
6.0,461,13,6.7728198451635695,10867.081901989324,87.5,3067,6.382521258497842,0,0,0,0,0,0,0,13817.787418655098,2.3417536978725795,0.0003743710452315409,6.135564891081739,9.533784352419737,False,False,False,True,False,False
12.0,4670,14,6.962432214140248,33503.983707126754,70.83333333333334,3549,6.881313711751069,0,0,0,0,0,0,0,1449.6788008565309,0.34871731190584043,0.004121478782024451,8.449128460502108,7.279786864393714,False,False,False,False,False,True
2.0,88699,18,7.1169859007287695,59662.93004229477,77.09881640517479,1572,6.528145312958054,0,0,0,0,0,0,0,88.3888206180453,0.7649875126495325,0.0908484398444815,11.393015168297671,4.492995625345035,False,False,False,False,True,False
12.37420167311325,5889,31,6.825823322578457,40174.450538419005,0.0,3549,6.881313711751069,0,0,0,0,0,0,0,1099.6957025836934,0.35959152870240046,0.004973599868130498,8.681011276645632,7.003697715764155,False,False,False,False,False,True
13.0,2009,20,6.842795049054185,36083.759828801754,70.83333333333334,3549,6.881313711751069,0,0,0,0,0,0,0,2931.8068690890987,0.3777770878979938,0.001536738476894481,7.605890001053122,7.983715219243465,False,False,False,False,False,True
26.0,1597,39,6.910618758441679,24777.488659281662,76.19047619047619,3549,6.881313711751069,0,0,0,0,0,0,0,4339.386349405135,0.7555541757959876,0.0014366826141935039,7.37650812632622,8.375718643732613,False,False,False,False,False,True
1.0,533,20,6.833987678136327,33985.687408900805,80.0,3067,6.382521258497842,0,0,0,0,0,0,0,10656.660412757974,0.3902922829787633,0.00038624369637235803,6.280395838960195,9.274034200157146,False,False,False,True,False,False
3.0,5207,17,6.195191110040243,2612.9254587155965,64.02439024390245,3067,6.382521258497842,0,0,0,0,0,0,0,1313.616285769157,1.1708768489362897,0.004644097546305795,8.557951183888406,7.181300104136398,False,False,False,True,False,False
1.0,45568,38,6.883142933259378,40361.65629065266,81.13207547169812,2188,6.320059610463039,0,0,0,0,0,0,0,171.8311095505618,0.8886641126398388,0.04660818486603105,10.726982939755574,5.152314872287424,True,False,False,False,False,False
1.0,15508,29,6.779782172998328,33631.42093373494,84.12698412698413,2188,6.320059610463039,0,0,0,0,0,0,0,504.9006964147536,0.8886641126398388,0.015855862598132892,9.649175779559453,6.226340397882738,True,False,False,False,False,False
2.0,10513,43,6.429001687383052,23463.296875,69.02654867256636,1572,6.528145312958054,0,0,0,0,0,0,0,635.4037857890231,0.7649875126495325,0.009166204443288044,9.260462981379394,6.455833245203046,False,False,False,False,True,False
156.0,184,21,6.585825710219119,23425.357513288553,0.0,3549,6.881313711751069,0,0,0,0,0,0,0,36141.30434782609,4.533325054775926,0.000150562360025361,5.220355825078324,10.495219323813199,False,False,False,False,False,True
1.0,187,35,6.446069719328857,24916.015057090935,50.0,447,5.588299776286353,0,0,0,0,0,0,0,30160.42780748663,0.9078461025802542,0.00012849205925825595,5.236441962829949,10.314319162098375,False,True,False,False,False,False
1.0,578,18,6.195191110040243,2612.9254587155965,77.77777777777779,3067,6.382521258497842,0,0,0,0,0,0,0,9844.290657439447,0.3902922829787633,0.00042039439027779206,6.361302477572996,9.194748513993382,False,False,False,True,False,False
22.0,509109,11,6.924598873655787,36956.0592495335,85.58378751823138,3549,6.881313711751069,0,0,0,0,0,0,0,16.69583527299655,0.6393150718273741,0.5653920919747661,13.1404193822039,2.8733293165825695,False,False,False,False,False,True
1.0,20824,23,6.797001653365785,36972.65852931461,75.74349442379183,3067,6.382521258497842,0,0,0,0,0,0,0,327.98693814829045,0.3902922829787633,0.018573530344048114,9.943909467035043,5.7960180483003105,False,False,False,True,False,False
3.0,2653,35,6.67396559045013,18139.413250007634,75.67567567567568,3067,6.382521258497842,0,0,0,0,0,0,0,2559.3667546174142,1.1708768489362897,0.0023443008685554378,7.8838232148921525,7.8479057907347975,False,False,False,True,False,False
1.0,3213,47,6.560476872196712,25741.036493451695,60.0,3067,6.382521258497842,0,0,0,0,0,0,0,2334.267040149393,0.3902922829787633,0.00313915964108553,8.075271546297458,7.7558815276535995,False,False,False,True,False,False
13.0,6787,53,6.867802716726857,28208.4937559961,79.05405405405406,3549,6.881313711751069,0,0,0,0,0,0,0,1140.4155002210107,0.3777770878979938,0.006854198023608455,8.822911626354117,7.040024438018294,False,False,False,False,False,True
13.0,176,7,6.77960349153899,31711.60097237719,100.0,3549,6.881313711751069,0,0,0,0,0,0,0,33693.181818181816,0.3777770878979938,0.0001270548504704383,5.176149732573829,10.425080455090605,False,False,False,False,False,True
2.0,7082,48,6.757462790560788,33460.4890572861,76.97516930022573,1572,6.528145312958054,0,0,0,0,0,0,0,999.7175939000283,0.7649875126495325,0.006541824613236621,8.865452825753623,6.9084726155347695,False,False,False,False,True,False
2.0,385,11,6.195191110040243,2612.9254587155965,44.44444444444444,3067,6.382521258497842,0,0,0,0,0,0,0,15246.753246753246,0.7805845659575266,0.0002859670261394345,5.955837369464831,9.632187443099955,False,False,False,True,False,False
1.0,51072,7,6.831725682510775,29540.344065907895,75.33840947546531,1572,6.528145312958054,0,0,0,0,0,0,0,147.4389097744361,0.38249375632476623,0.050237100471774175,10.841011260818293,5.0001734916116405,False,False,False,False,True,False
109.0,40271,13,6.902964592548838,30712.34543676561,83.26474622770918,3549,6.881313711751069,0,0,0,0,0,0,0,198.40580070025578,3.1675155831447173,0.04203104724456327,10.603411717375097,5.295341947878209,False,False,False,False,False,True
1.0,65,23,6.7771287869600085,26986.53922225988,100.0,2188,6.320059610463039,0,0,0,0,0,0,0,103230.76923076923,0.8886641126398388,4.76778091192702e-05,4.189654742026425,11.544731926039585,True,False,False,False,False,False
26.0,444,60,6.289007148338809,2755.141935483871,60.0,3549,6.881313711751069,0,0,0,0,0,0,0,15135.135135135135,0.7555541757959876,0.00038052621850373074,6.09807428216624,9.624840219313059,False,False,False,False,False,True
39.0,31234,18,6.904895489189585,31163.69504904282,84.00954653937947,3549,6.881313711751069,0,0,0,0,0,0,0,274.38048280719727,1.1333312636939814,0.03496391142781189,10.349294539927671,5.618153715254566,False,False,False,False,False,True
2.0,1947,9,6.195191110040243,2612.9254587155965,65.38461538461539,3067,6.382521258497842,0,0,0,0,0,0,0,3266.5639445300462,0.7805845659575266,0.0016085871573043716,7.5745584842024805,8.091800015170714,False,False,False,True,False,False
12.0,93000,10,6.7628425086075366,37117.7927505508,81.14630467571644,3549,6.881313711751069,0,0,0,0,0,0,0,76.98924731182797,0.34871731190584043,0.08699147317450125,11.440365524765756,4.3565709622101565,False,False,False,False,False,True
1.0,644,19,6.318786144793481,17835.113469827586,72.22222222222221,3067,6.382521258497842,0,0,0,0,0,0,0,9316.770186335403,0.3902922829787633,0.0004955447312393329,6.4692503167957724,9.139678628661498,False,False,False,True,False,False
13.0,55,23,6.676269584446959,17721.418705621,0.0,3549,6.881313711751069,0,0,0,0,0,0,0,76363.63636363637,0.3777770878979938,2.0873865226471258e-05,4.02535169073515,11.243274993173479,False,False,False,False,False,True
2.0,571,37,6.664379343008459,25898.78901145579,80.0,1572,6.528145312958054,0,0,0,0,0,0,0,10858.14360770578,0.7649875126495325,0.0004532385307397555,6.349138991379798,9.292762732892855,False,False,False,False,True,False
1.0,4253,20,6.834875636379364,37089.323412853126,74.07407407407408,3067,6.382521258497842,0,0,0,0,0,0,0,1784.6226193275336,0.3902922829787633,0.004208282273148306,8.355614995760183,7.487522439740905,False,False,False,True,False,False
10.0,43759,8,6.913760739929198,34135.25766463559,80.5949966193374,610,5.665348780241979,0,0,0,0,0,0,0,151.51168902397222,1.3788144168663172,0.03789670450474798,10.686475437095863,5.0272412424475785,False,False,True,False,False,False
1.0,18847,55,6.9991527367920785,29224.91358909553,75.32327586206897,2188,6.320059610463039,0,0,0,0,0,0,0,403.24720114607095,0.8886641126398388,0.01870539816999071,9.844162086451313,6.002026574861377,True,False,False,False,False,False
9.0,563,17,6.035384615384615,7041.2307692307695,50.0,3067,6.382521258497842,0,0,0,0,0,0,0,11030.195381882771,3.5126305468088694,0.00044749361524881536,6.335054251498059,9.308482481886024,False,False,False,True,False,False
2.0,8305,41,7.014303909956854,24896.593848168337,76.78571428571429,3067,6.382521258497842,0,0,0,0,0,0,0,799.5183624322697,0.7805845659575266,0.007195707575769681,9.024733424190698,6.6852594708773285,False,False,False,True,False,False
4.0,1849,45,6.9455989055394145,45028.571889186656,70.0,3067,6.382521258497842,0,0,0,0,0,0,0,3488.3720930232557,1.5611691319150531,0.0015488946501325315,7.52294091807237,8.157477082970459,False,False,False,True,False,False
2.0,3208,49,7.089722456575947,28700.058839479392,80.0,3067,6.382521258497842,0,0,0,0,0,0,0,2369.077306733167,0.7805845659575266,0.0031761743001390516,8.073714641109857,7.770677852471947,False,False,False,True,False,False
65.0,240,10,6.40169871215857,11208.264643466027,0.0,3549,6.881313711751069,0,0,0,0,0,0,0,23666.666666666664,1.888885439489969,0.00016880184609621026,5.484796933490655,10.071865119983814,False,False,False,False,False,True
1.0,213,20,6.40169871215857,11208.264643466027,100.0,1572,6.528145312958054,0,0,0,0,0,0,0,28638.49765258216,0.38249375632476623,0.00016045296959243325,5.365976015021851,10.262542080857282,False,False,False,False,True,False
47.0,297,21,6.045175999634896,2840.439024390244,60.0,3549,6.881313711751069,0,0,0,0,0,0,0,21885.521885521888,1.3658094716312084,0.0002429226229442963,5.697093486505405,9.993626287326997,False,False,False,False,False,True
2.0,1825,24,6.195191110040243,2612.9254587155965,61.36363636363637,3067,6.382521258497842,0,0,0,0,0,0,0,3161.643835616438,0.7805845659575266,0.001366525920492908,7.509883061154913,8.059163613619365,False,False,False,True,False,False
39.0,8040,8,6.806194056192318,19560.024771496388,79.47019867549669,3549,6.881313711751069,0,0,0,0,0,0,0,936.5671641791045,1.1333312636939814,0.007900723813866407,8.99230873254815,6.84328839706946,False,False,False,False,False,True
26.0,14550,41,6.772053738969407,26831.387071895966,79.51219512195122,3549,6.881313711751069,0,0,0,0,0,0,0,493.4707903780068,0.7555541757959876,0.0136401256492751,9.585414998760278,6.203488080315105,False,False,False,False,False,True
12.0,6871,28,6.923646682390587,30576.68769194964,80.74866310160428,3549,6.881313711751069,0,0,0,0,0,0,0,1095.9103478387424,0.34871731190584043,0.0067506209993773245,8.835210463664092,7.000252732084837,False,False,False,False,False,True
1.0,633,33,6.779782172998328,33631.42093373494,66.66666666666666,3067,6.382521258497842,0,0,0,0,0,0,0,9968.404423380727,0.3902922829787633,0.0005125599767336501,6.452048954437226,9.207276124299021,False,False,False,True,False,False
13.0,19502,24,6.604842707205482,20851.246346539916,78.51662404092072,3549,6.881313711751069,0,0,0,0,0,0,0,337.91406009640036,0.3777770878979938,0.016782279543439478,9.878323578872578,5.825746565201231,False,False,False,False,False,True
1.0,5404,29,6.678387797709568,23301.07183449148,78.68217054263566,3067,6.382521258497842,0,0,0,0,0,0,0,1147.298297557365,0.3902922829787633,0.0043682736619616086,8.595079730073309,7.04603638420451,False,False,False,True,False,False
2.0,5959,39,6.767541224610549,31441.719824303393,81.5028901734104,3067,6.382521258497842,0,0,0,0,0,0,0,1374.3916764557812,0.7805845659575266,0.00636722334381843,8.692825760059396,7.226493825141222,False,False,False,True,False,False
1.0,14605,34,6.8703620642673275,44206.47600824357,73.31136738056013,3067,6.382521258497842,0,0,0,0,0,0,0,449.1612461485792,0.3902922829787633,0.012508624236160707,9.589187682180055,6.109605843355996,False,False,False,True,False,False
1.0,474,36,6.779782172998328,33631.42093373494,53.84615384615385,2188,6.320059610463039,0,0,0,0,0,0,0,8755.274261603376,0.8886641126398388,0.0002477046085473986,6.163314804034641,9.077525780857025,True,False,False,False,False,False
4.0,14930,12,6.855272721443989,28687.82911230215,82.27848101265823,3067,6.382521258497842,0,0,0,0,0,0,0,482.2505023442733,1.5611691319150531,0.014035619376613644,9.611194867526663,6.180535157600105,False,False,False,True,False,False
1.0,79,6,5.879225467208256,3053.415760869565,100.0,447,5.588299776286353,0,0,0,0,0,0,0,61518.987341772154,0.9078461025802542,4.08562935909103e-05,4.382026634673881,11.027117398421575,False,True,False,False,False,False
12.0,85178,24,6.836389593533809,44381.854779873785,81.09613130128956,3549,6.881313711751069,0,0,0,0,0,0,0,82.65044964662236,0.34871731190584043,0.07833857736306997,11.352510203563257,4.426646802751588,False,False,False,False,False,True
3.0,883,34,6.635758036799406,19680.101027563407,64.86486486486487,3067,6.382521258497842,0,0,0,0,0,0,0,6126.840317100793,1.1708768489362897,0.0006148369802885271,6.784457062637643,8.720597653166552,False,False,False,True,False,False
1.0,1046,19,5.710152858857673,19942.244122166732,75.86206896551724,2188,6.320059610463039,0,0,0,0,0,0,0,4837.476099426386,0.8886641126398388,0.0006822198610286353,6.953684210870537,8.484355094642865,True,False,False,False,False,False
46.0,1093,13,6.815491275933833,29528.763855712303,61.53846153846154,3549,6.881313711751069,0,0,0,0,0,0,0,6651.418115279048,1.336749695639055,0.0010288942189519016,6.9975959829819265,8.80273569391161,False,False,False,False,False,True
47.0,88,29,6.5004185244497705,20155.465753424658,0.0,3549,6.881313711751069,0,0,0,0,0,0,0,63863.63636363636,1.3658094716312084,5.530938778258186e-05,4.48863636973214,11.064521065632066,False,False,False,False,False,True
2.0,23192,20,6.904255601987694,31982.71380111504,69.31407942238266,3067,6.382521258497842,0,0,0,0,0,0,0,348.827181786823,0.7805845659575266,0.024504676736606775,10.051605787988585,5.857439266217363,False,False,False,True,False,False
26.0,91034,13,6.852165520065444,30728.418266800396,83.1686541737649,3549,6.881313711751069,0,0,0,0,0,0,0,85.46257442274315,0.7555541757959876,0.09252662412319908,11.418999326938065,4.459711654678024,False,False,False,False,False,True
1.0,381,43,6.821946310481903,23998.8418364787,66.66666666666666,2188,6.320059610463039,0,0,0,0,0,0,0,16325.459317585302,0.8886641126398388,0.00030032212882284573,5.945420608606575,9.700542341732003,True,False,False,False,False,False
1.0,36,42,6.624551706647431,16561.884412793006,0.0,3067,6.382521258497842,0,0,0,0,0,0,0,231388.8888888889,0.3902922829787633,2.987340534509661e-05,3.6109179126442243,12.351859397406269,False,False,False,True,False,False
1.0,292,14,5.710152858857673,19942.244122166732,40.0,2188,6.320059610463039,0,0,0,0,0,0,0,18150.684931506847,0.8886641126398388,0.00019289469159380776,5.680172609017068,9.806518669076054,True,False,False,False,False,False
1.0,787,14,6.195191110040243,2612.9254587155965,71.42857142857143,610,5.665348780241979,0,0,0,0,0,0,0,7204.574332909784,0.13788144168663172,0.0005737145172087342,6.669498089857879,8.882610218360073,False,False,True,False,False,False
46.0,122,17,6.289007148338809,2755.141935483871,0.0,3549,6.881313711751069,0,0,0,0,0,0,0,50573.770491803276,1.336749695639055,8.904198458610528e-05,4.812184355372417,10.831208124048453,False,False,False,False,False,True
2.0,311,29,6.94163095913589,40438.8375793324,50.0,3067,6.382521258497842,0,0,0,0,0,0,0,17717.041800643085,0.7805845659575266,0.00021458478530886284,5.7430031878094825,9.782338710188242,False,False,False,True,False,False
25.0,3322,20,6.765433613114083,33513.09901871412,69.6969696969697,3549,6.881313711751069,0,0,0,0,0,0,0,2040.9391932570743,0.7264943998038342,0.002933463706266183,8.108623268354595,7.621655220248462,False,False,False,False,False,True
13.0,93,24,6.751797143671785,26268.564264907767,33.33333333333333,3549,6.881313711751069,0,0,0,0,0,0,0,58602.15053763441,0.3777770878979938,5.6915141964607204e-05,4.543294782270004,10.978543737560763,False,False,False,False,False,True
1.0,60,43,6.620796471797719,18564.722815430734,0.0,2188,6.320059610463039,0,0,0,0,0,0,0,69499.99999999999,0.8886641126398388,2.338244783793477e-05,4.110873864173311,11.149096419938578,True,False,False,False,False,False
13.0,619,12,6.5004185244497705,20155.465753424658,83.33333333333334,3549,6.881313711751069,0,0,0,0,0,0,0,10339.256865912763,0.3777770878979938,0.0005082966928476058,6.429719478039138,9.243799989718347,False,False,False,False,False,True
39.0,2723,36,6.696632693858549,16436.954472101752,83.33333333333334,3549,6.881313711751069,0,0,0,0,0,0,0,2802.0565552699227,1.1333312636939814,0.002705251935955507,7.909856667269403,7.938465727654043,False,False,False,False,False,True
1.0,1089,16,6.662948251583755,24178.094281909634,70.37037037037037,610,5.665348780241979,0,0,0,0,0,0,0,5730.027548209367,0.13788144168663172,0.0008785425814445247,6.993932975223189,8.65365012141671,False,False,True,False,False,False
2.0,37519,22,6.630142344589245,29590.237319030264,77.35745614035088,3067,6.382521258497842,0,0,0,0,0,0,0,170.8467709693755,0.7805845659575266,0.03141288339249439,10.532629403120161,5.146603213298977,False,False,False,True,False,False
1.0,1973,25,6.719256326419516,21126.750382418828,87.20930232558139,3067,6.382521258497842,0,0,0,0,0,0,0,3213.3806386213882,0.3902922829787633,0.0016250366651576662,7.587817219993427,8.07538997071668,False,False,False,True,False,False
1.0,4474,34,6.753153808789693,31901.164442645186,60.74074074074074,1572,6.528145312958054,0,0,0,0,0,0,0,1455.0737594993293,0.38249375632476623,0.0037961260697451805,8.406261630708956,7.2834988864703,False,False,False,False,True,False
1.0,1650,58,6.779604893627814,22717.274586266605,81.25,2188,6.320059610463039,0,0,0,0,0,0,0,2957.5757575757575,0.8886641126398388,0.0010427293133648116,7.409136443920128,7.99246326854089,True,False,False,False,False,False
1.0,78,7,6.26522859704693,4177.704926926859,0.0,2188,6.320059610463039,0,0,0,0,0,0,0,57692.307692307695,0.8886641126398388,3.6552506548118214e-05,4.3694478524670215,10.962896461234068,True,False,False,False,False,False
3.0,4444,25,6.767541224610549,31441.719824303393,78.50877192982456,1572,6.528145312958054,0,0,0,0,0,0,0,1494.1494149414941,1.1474812689742986,0.003846091286530383,8.399535147948004,7.3099814239354854,False,False,False,False,True,False
1.0,25,22,6.829036948424544,17643.015772252504,0.0,3067,6.382521258497842,0,0,0,0,0,0,0,180000.0,0.3902922829787633,5.391206921344891e-06,3.258096538021482,12.100717685412471,False,False,False,True,False,False
12.37420167311325,292,4,6.270257490704965,4775.436363636363,0.0,3067,6.382521258497842,0,0,0,0,0,0,0,22178.452029162225,4.829555421039003,0.0002377648116612232,5.680172609017068,10.006921554970775,False,False,False,True,False,False
1.0,21789,51,6.9991527367920785,29224.91358909553,74.51171875,2188,6.320059610463039,0,0,0,0,0,0,0,376.79563082289235,0.8886641126398388,0.02336332521708206,9.989206427938665,5.934353390212004,True,False,False,False,False,False
1.0,630,23,6.877926778715913,28725.509943837485,66.66666666666666,2188,6.320059610463039,0,0,0,0,0,0,0,10365.079365079366,0.8886641126398388,0.0005281955017916627,6.447305862541213,9.246294155008146,True,False,False,False,False,False
1.0,14037,38,6.836335151609738,23693.80092663136,74.96617050067658,2188,6.320059610463039,0,0,0,0,0,0,0,510.08050153166636,0.8886641126398388,0.013122197411855814,9.549523217290366,6.236527115039982,True,False,False,False,False,False
2.0,1613,37,6.782065178415631,24122.196018718358,87.03703703703704,3067,6.382521258497842,0,0,0,0,0,0,0,4296.342219466832,0.7805845659575266,0.001451169678774706,7.3864708488298945,8.365752022090128,False,False,False,True,False,False
10.0,3300,17,6.8261731898645,32399.94344398004,81.93548387096774,3549,6.881313711751069,0,0,0,0,0,0,0,2136.3636363636365,0.2905977599215337,0.0030303890669166043,8.101980731853192,7.667328402922604,False,False,False,False,False,True
13.0,3907,10,6.83475559500329,39846.843396072494,78.33333333333333,3549,6.881313711751069,0,0,0,0,0,0,0,1615.0499104172,0.3777770878979938,0.00321176089627886,8.270781013162674,7.387740123763263,False,False,False,False,False,True
1.0,61,41,6.490336269696487,6754.518842086047,0.0,2188,6.320059610463039,0,0,0,0,0,0,0,110000.0,0.8886641126398388,4.417101967699516e-05,4.127134385045092,11.608244735642321,True,False,False,False,False,False
64.0,67,15,6.113364449933685,1716.6255167536988,0.0,3549,6.881313711751069,0,0,0,0,0,0,0,71641.79104477612,1.8598256634978156,3.2711239424314703e-05,4.219507705176107,11.179447814723071,False,False,False,False,False,True
104.0,3782,16,6.661918184785155,23710.238239664224,68.88888888888889,3549,6.881313711751069,0,0,0,0,0,0,0,1935.483870967742,3.0222167031839504,0.003607786390868897,8.23827262463303,7.568629169959492,False,False,False,False,False,True
1.0,1372,25,6.788691683537152,24707.139157730548,79.54545454545455,3067,6.382521258497842,0,0,0,0,0,0,0,4846.938775510204,0.3902922829787633,0.0011827657114359884,7.224753405767971,8.486308898855505,False,False,False,True,False,False
52.0,903,29,6.842263033993731,30135.183739577245,83.33333333333334,3549,6.881313711751069,0,0,0,0,0,0,0,7286.821705426357,1.5111083515919752,0.000767012566402989,6.806829360392176,8.893959974511338,False,False,False,False,False,True
12.0,26360,24,6.79972621900026,29283.89856387972,75.764192139738,3549,6.881313711751069,0,0,0,0,0,0,0,251.5174506828528,0.34871731190584043,0.02282490891511571,10.179640924163953,5.531480357942575,False,False,False,False,False,True
26.0,480,23,6.66391737475365,18028.293509500556,62.5,3549,6.881313711751069,0,0,0,0,0,0,0,13562.5,0.7555541757959876,0.0003989643006979876,6.175867270105761,9.515137640283585,False,False,False,False,False,True
2.0,129,34,6.720553481784464,34435.280689796615,80.0,3067,6.382521258497842,0,0,0,0,0,0,0,50620.15503875969,0.7805845659575266,0.00010075262309993208,4.867534450455582,10.832124851672845,False,False,False,True,False,False
1.0,8028,25,6.829036948424544,17643.015772252504,100.0,2188,6.320059610463039,0,0,0,0,0,0,0,1013.9511709018436,0.8886641126398388,0.008528747470646298,8.990815266184685,6.9225957828328175,True,False,False,False,False,False
4.0,1007,4,6.761962783054639,20656.97180607905,72.09302325581395,3067,6.382521258497842,0,0,0,0,0,0,0,5908.639523336643,1.5611691319150531,0.0007735335746393508,6.915723448631314,8.68434011418063,False,False,False,True,False,False
1.0,11973,37,6.911137346756003,28192.68039213635,73.00613496932516,2188,6.320059610463039,0,0,0,0,0,0,0,586.3192182410423,0.8886641126398388,0.010972334274510921,9.390492911485298,6.375568485032492,True,False,False,False,False,False
1.0,271,21,6.761709714305822,27666.489634616755,62.5,2188,6.320059610463039,0,0,0,0,0,0,0,25461.254612546127,0.8886641126398388,0.00023500490907686457,5.605802066295998,10.144952423278848,True,False,False,False,False,False
1.0,60,24,6.548792989998894,10128.71560623309,0.0,3067,6.382521258497842,0,0,0,0,0,0,0,100000.0,0.3902922829787633,3.7728404647241735e-05,4.110873864173311,11.51293546492023,False,False,False,True,False,False
1.0,65,14,6.548792989998894,10128.71560623309,50.0,3067,6.382521258497842,0,0,0,0,0,0,0,107692.3076923077,0.3902922829787633,5.014066236021224e-05,4.189654742026425,11.587042722795124,False,False,False,True,False,False
26.0,2124,8,6.5004185244497705,20155.465753424658,100.0,3549,6.881313711751069,0,0,0,0,0,0,0,2363.465160075329,0.7555541757959876,0.0013838024766759194,7.661527081358517,7.768307127391036,False,False,False,False,False,True
6.0,305165,4,6.540548490645542,23078.57939239311,84.53877551020408,3067,6.382521258497842,0,0,0,0,0,0,0,26.411941081054515,2.3417536978725795,0.3213544840315021,12.628611169827627,3.310978724336126,False,False,False,True,False,False
2.0,1099,23,6.106210567052468,33784.67164179104,85.71428571428571,610,5.665348780241979,0,0,0,0,0,0,0,3321.2010919017284,0.27576288337326343,0.0005147967962288719,7.003065458786462,8.108382821725193,False,False,True,False,False,False
1.0,242,22,4.9263479368027125,4281.747368421053,100.0,610,5.665348780241979,0,0,0,0,0,0,0,21818.18181818182,0.13788144168663172,0.00015763865347519763,5.493061443340548,9.990544761808776,False,False,True,False,False,False
48.0,136,21,6.813362758640466,19237.850781376066,0.0,3549,6.881313711751069,0,0,0,0,0,0,0,53308.82352941176,1.3948692476233617,0.00011951865020850001,4.919980925828125,10.883875899539554,False,False,False,False,False,True
1.0,155,27,5.558589488847307,349.1694444444444,33.33333333333333,2188,6.320059610463039,0,0,0,0,0,0,0,35354.838709677424,0.8886641126398388,0.00010167113017069192,5.049856007249537,10.473218826276481,True,False,False,False,False,False
51.0,28341,15,6.920132356103352,33388.59693099267,77.46319365798414,3549,6.881313711751069,0,0,0,0,0,0,0,278.74810345435947,1.4820485755998218,0.029243627082388066,10.252100082384816,5.633889567738704,False,False,False,False,False,True
1.0,48,85,6.662948251583755,24178.094281909634,0.0,610,5.665348780241979,0,0,0,0,0,0,0,112500.0,0.13788144168663172,2.45583459370583e-05,3.8918202981106265,11.630717389475995,False,False,True,False,False,False
24.0,55040,37,6.890746778738209,24896.681211381885,80.36253776435045,3549,6.881313711751069,0,0,0,0,0,0,0,134.99273255813955,0.6974346238116809,0.05342182971644748,10.915833641046829,4.912601447235738,False,False,False,False,False,True
1.0,27504,32,6.984552882844566,51083.0533289763,0.0,2188,6.320059610463039,0,0,0,0,0,0,0,235.46058727877292,0.8886641126398388,0.02326287532740929,10.222123085309558,5.465781544060289,True,False,False,False,False,False
26.0,57,34,6.772409865396259,19321.953347374583,0.0,3549,6.881313711751069,0,0,0,0,0,0,0,122807.01754385965,0.7555541757959876,4.2823963076777e-05,4.060443010546419,11.718377582009028,False,False,False,False,False,True
1.0,53,34,6.26522859704693,4177.704926926859,0.0,2188,6.320059610463039,0,0,0,0,0,0,0,103773.58490566038,0.8886641126398388,2.8778513559468265e-05,3.9889840465642745,11.549976372967784,True,False,False,False,False,False
14.0,54,18,6.5004185244497705,20155.465753424658,0.0,610,5.665348780241979,0,0,0,0,0,0,0,63518.51851851852,1.930340183612844,1.4892463562262946e-05,4.007333185232471,11.059102515894155,False,False,True,False,False,False
26.0,53,12,6.800166494369348,33094.709865182755,0.0,3549,6.881313711751069,0,0,0,0,0,0,0,150943.3962264151,0.7555541757959876,4.6090346685453444e-05,3.9889840465642745,11.924666811070043,False,False,False,False,False,True
193.0,5332,13,6.868364118219989,29364.25808596966,68.08510638297872,3549,6.881313711751069,0,0,0,0,0,0,0,1365.3413353338335,5.6085367664856,0.005062335755988276,8.581669210600602,7.219891888369823,False,False,False,False,False,True
1.0,69,6,5.879225467208256,3053.415760869565,100.0,447,5.588299776286353,0,0,0,0,0,0,0,55797.10144927536,0.9078461025802542,2.5401072908096823e-05,4.248495242049359,10.929495123584031,False,True,False,False,False,False
1.0,3770,10,6.195191110040243,2612.9254587155965,68.24324324324324,3067,6.382521258497842,0,0,0,0,0,0,0,1742.7055702917773,0.3902922829787633,0.0032268816392801453,8.235095497258357,7.463767765842506,False,False,False,True,False,False
1.0,1746,43,6.920979158570614,35809.91501306184,72.72727272727273,3067,6.382521258497842,0,0,0,0,0,0,0,3608.247422680412,0.3902922829787633,0.0014278751374310688,7.465655310134056,8.191254559422369,False,False,False,True,False,False
1.0,81,59,6.620258347828308,25305.709987302133,50.0,1572,6.528145312958054,0,0,0,0,0,0,0,62469.13580246913,0.38249375632476623,4.424288011638604e-05,4.406719247264253,11.042443894368223,False,False,False,False,True,False
3.0,2143,35,6.195191110040243,2612.9254587155965,78.04878048780488,3067,6.382521258497842,0,0,0,0,0,0,0,3173.1217918805414,1.1708768489362897,0.001894654420645368,7.670428522190693,8.062786272083178,False,False,False,True,False,False
32.0,827,17,6.948906203601128,29861.823829065288,40.0,3067,6.382521258497842,0,0,0,0,0,0,0,8282.950423216445,12.489353055320425,0.0007308484736411668,6.71901315438526,9.022075237854454,False,False,False,True,False,False
1.0,508,34,6.826041080247562,20995.29290900468,100.0,2188,6.320059610463039,0,0,0,0,0,0,0,10885.826771653545,0.8886641126398388,0.00035773470023583,6.2324480165505225,9.295308784268741,True,False,False,False,False,False
1.0,45,47,6.548792989998894,10128.71560623309,0.0,3067,6.382521258497842,0,0,0,0,0,0,0,188888.88888888888,0.3902922829787633,4.066814989505054e-05,3.828641396489095,12.148919525793858,False,False,False,True,False,False
6.0,1454,31,6.867802716726857,28208.4937559961,80.0,3067,6.382521258497842,0,0,0,0,0,0,0,4793.672627235213,2.3417536978725795,0.001314803389326238,7.282761179605593,8.475260711208929,False,False,False,True,False,False
1.0,72534,51,6.817997843734242,25788.449241553328,85.18675721561969,2188,6.320059610463039,0,0,0,0,0,0,0,125.45840571318278,0.8886641126398388,0.08623098067719477,11.191824482973002,4.8399134455067365,True,False,False,False,False,False
2.0,1815,34,6.894164257864038,33666.32975319148,66.10169491525424,1572,6.528145312958054,0,0,0,0,0,0,0,3862.258953168044,0.7649875126495325,0.0016530400251115712,7.504391559161238,8.259266394633423,False,False,False,False,True,False
26.0,67254,27,6.845532650796314,32976.24165026795,85.28341133645347,3549,6.881313711751069,0,0,0,0,0,0,0,119.24941267433906,0.7555541757959876,0.07046319060099292,11.116246644142683,4.789568024768863,False,False,False,False,False,True
1.0,1895,42,6.867802716726857,28208.4937559961,76.0,3067,6.382521258497842,0,0,0,0,0,0,0,3862.796833773087,0.3902922829787633,0.0018030650242580805,7.547501682814967,8.2594056146988,False,False,False,True,False,False
1.0,110,35,6.662948251583755,24178.094281909634,0.0,2188,6.320059610463039,0,0,0,0,0,0,0,54181.81818181818,0.8886641126398388,7.635012443623207e-05,4.709530201312334,10.90011912945464,True,False,False,False,False,False
1.0,1585,49,6.679200684224964,27263.2339425807,55.55555555555556,1572,6.528145312958054,0,0,0,0,0,0,0,4258.675078864353,0.38249375632476623,0.0013885413460153872,7.368970402194793,8.356948163787463,False,False,False,False,True,False
1.0,5191,23,6.520298048758645,22951.808542832117,77.95275590551181,1572,6.528145312958054,0,0,0,0,0,0,0,1059.5261028703526,0.38249375632476623,0.0037209678894629793,8.554874258383926,6.966520387440959,False,False,False,False,True,False
6.0,60899,24,6.7730536600892846,31639.077377889313,73.080204778157,1572,6.528145312958054,0,0,0,0,0,0,0,126.93147670733511,2.294962537948597,0.06149660045365846,11.016988453697989,4.851494782351005,False,False,False,False,True,False
11.0,228435,13,6.924598873655787,36956.0592495335,83.11923583662714,3549,6.881313711751069,0,0,0,0,0,0,0,33.2698579464618,0.31965753591368706,0.22682221973367572,12.339011362557207,3.5342661907498787,False,False,False,False,False,True
4.0,183,35,6.662948251583755,24178.094281909634,66.66666666666666,1572,6.528145312958054,0,0,0,0,0,0,0,36612.0218579235,1.529975025299065,0.00015088899838622865,5.214935757608986,10.508159244579604,False,False,False,False,True,False
1.0,2929,28,6.4196857509510235,12871.593845347063,70.2127659574468,3067,6.382521258497842,0,0,0,0,0,0,0,2219.1874359849776,0.3902922829787633,0.002478174254033764,7.982757702011113,7.7053469019261245,False,False,False,True,False,False
26.0,8665,13,6.878774120101251,44978.21271035508,80.0,3549,6.881313711751069,0,0,0,0,0,0,0,798.6151182919792,0.7555541757959876,0.00782502210735172,9.067162602299854,6.684130509766137,False,False,False,False,False,True
1.0,46,34,6.666384269016459,23211.83994960994,0.0,3067,6.382521258497842,0,0,0,0,0,0,0,125000.0,0.3902922829787633,2.52508192620977e-05,3.8501476017100584,11.736077016252437,False,False,False,True,False,False
1.0,5652,22,6.759206837830128,28698.862140687077,80.42553191489363,3067,6.382521258497842,0,0,0,0,0,0,0,1151.804670912951,0.3902922829787633,0.004798093161367012,8.63994165667529,7.049953096475292,False,False,False,True,False,False
1.0,173,10,6.22747829422649,6094.346320346321,100.0,2188,6.320059610463039,0,0,0,0,0,0,0,29595.37572254335,0.8886641126398388,0.00010642175849115093,5.159055299214529,10.295407191009573,True,False,False,False,False,False
1.0,753,64,6.843501468948183,23700.668086072834,58.333333333333336,2188,6.320059610463039,0,0,0,0,0,0,0,9203.187250996016,0.8886641126398388,0.00067248995753511,6.625392368007956,9.127413795471996,True,False,False,False,False,False
3.0,18975,13,6.755039400968009,28202.223299767647,80.23255813953489,3067,6.382521258497842,0,0,0,0,0,0,0,366.2714097496706,1.1708768489362897,0.017221029335631004,9.850930301797453,5.906101110835137,False,False,False,True,False,False
1.0,137,30,6.794607080130419,17996.367678958784,0.0,2188,6.320059610463039,0,0,0,0,0,0,0,43795.620437956204,0.8886641126398388,9.809117373558251e-05,4.927253685157205,10.687311934436861,True,False,False,False,False,False
1.0,18545,33,6.89685613347767,45960.667908417556,80.90010976948409,2188,6.320059610463039,0,0,0,0,0,0,0,418.44162847128604,0.8886641126398388,0.018793198561391933,9.82800941136017,6.0389243707459785,True,False,False,False,False,False
26.0,227,36,6.56832141712291,23931.53930776523,85.71428571428571,3549,6.881313711751069,0,0,0,0,0,0,0,28370.044052863435,0.7555541757959876,0.00018169491547637799,5.429345628954441,10.253124328425127,False,False,False,False,False,True
24.0,58211,19,6.928082740748006,36914.650980454,82.47595148473442,3549,6.881313711751069,0,0,0,0,0,0,0,128.49805019669822,0.6974346238116809,0.056880417789086,10.971846798033217,4.863665824630091,False,False,False,False,False,True
4.0,499,22,6.195191110040243,2612.9254587155965,50.0,3067,6.382521258497842,0,0,0,0,0,0,0,11022.044088176353,1.5611691319150531,0.00034927607324280145,6.214608098422191,9.307743277608438,False,False,False,True,False,False
1.0,239,39,6.754497497170826,26583.142972284535,75.0,1572,6.528145312958054,0,0,0,0,0,0,0,25857.74058577406,0.38249375632476623,0.00018367303738979244,5.480638923341991,10.160403949893736,False,False,False,False,True,False
1.0,978,45,6.775421225450796,34528.22947139774,0.0,2188,6.320059610463039,0,0,0,0,0,0,0,6901.840490797546,0.8886641126398388,0.000853213736389404,6.88653164253051,8.839688271207402,True,False,False,False,False,False
50.0,1226,36,6.754818962416433,37513.979954289374,57.692307692307686,3549,6.881313711751069,0,0,0,0,0,0,0,5032.626427406199,1.4529887996076685,0.0009790243805680731,7.112327444710911,8.523895963050073,False,False,False,False,False,True
26.0,65,22,6.113364449933685,1716.6255167536988,0.0,3549,6.881313711751069,0,0,0,0,0,0,0,80769.23076923078,0.7555541757959876,3.52786169407344e-05,4.189654742026425,11.299363745547907,False,False,False,False,False,True
26.0,2886,7,6.5004185244497705,20155.465753424658,0.0,3549,6.881313711751069,0,0,0,0,0,0,0,2134.4421344421344,0.7555541757959876,0.0023134518352016546,7.967973179662935,7.666428992954493,False,False,False,False,False,True
1.0,413,16,5.879225467208256,3053.415760869565,71.42857142857143,447,5.588299776286353,0,0,0,0,0,0,0,13898.305084745763,0.9078461025802542,0.00030042665309832343,6.025865973825314,9.539594123965864,False,True,False,False,False,False
1.0,1922,19,6.195191110040243,2612.9254587155965,65.85365853658537,3067,6.382521258497842,0,0,0,0,0,0,0,3002.0811654526533,0.3902922829787633,0.0014396524101705126,7.56164174558878,8.007394095740839,False,False,False,True,False,False
1.0,6498,65,6.852165520065444,30728.418266800396,64.16382252559727,2188,6.320059610463039,0,0,0,0,0,0,0,1184.9799938442598,0.8886641126398388,0.006527980372949607,8.77940359789435,7.078324710818649,True,False,False,False,False,False
1.0,2813,14,6.644427954689881,25008.386065740946,76.19047619047619,2188,6.320059610463039,0,0,0,0,0,0,0,2769.285460362602,0.8886641126398388,0.002853778318302356,7.942362237674335,7.926705648154184,True,False,False,False,False,False
1.0,96,12,6.788310729601363,20211.94423929099,0.0,1572,6.528145312958054,0,0,0,0,0,0,0,49895.833333333336,0.38249375632476623,5.077303422685201e-05,4.574710978503383,10.817712819472082,False,False,False,False,True,False
13.0,301282,26,6.847906623403739,40570.28491304787,83.43085106382979,3549,6.881313711751069,0,0,0,0,0,0,0,25.98894059386223,0.3777770878979938,0.3082116225377979,12.615805301356009,3.295427174457475,False,False,False,False,False,True
1.0,1166,10,6.87869123882592,24409.39225562343,76.47058823529412,1572,6.528145312958054,0,0,0,0,0,0,0,5000.0,0.38249375632476623,0.0008788587673778445,7.062191632286556,8.517393171418904,False,False,False,False,True,False
50.0,219,20,6.845607708753538,27924.506537211204,50.0,3549,6.881313711751069,0,0,0,0,0,0,0,30319.634703196345,1.4529887996076685,0.00018068625621801867,5.393627546352362,10.319583773019934,False,False,False,False,False,True
12.37420167311325,19,18,6.504221438092777,14654.518742195743,0.0,3549,6.881313711751069,0,0,0,0,0,0,0,340847.7890797563,0.35959152870240046,6.769104958326639e-06,2.995732273553991,12.739194224136114,False,False,False,False,False,True
1.0,1756,45,6.8807167204273005,32939.245119901556,72.3404255319149,1572,6.528145312958054,0,0,0,0,0,0,0,3917.9954441913437,0.38249375632476623,0.0015691762792355254,7.471363088187097,8.273590635706316,False,False,False,False,True,False
2.0,132,30,6.665993815600843,23293.340560992787,50.0,1572,6.528145312958054,0,0,0,0,0,0,0,50984.84848484849,0.7649875126495325,0.00010676146238645328,4.890349128221754,10.839303392512328,False,False,False,False,True,False
25.0,5198,32,6.880608609282059,32088.24465500498,74.36974789915966,3549,6.881313711751069,0,0,0,0,0,0,0,1312.0430934974993,0.7264943998038342,0.0046224714737094705,8.556221578383715,7.180102694402063,False,False,False,False,False,True
1.0,609,9,5.659166666666667,486.3333333333333,85.71428571428571,2188,6.320059610463039,0,0,0,0,0,0,0,9359.605911330049,0.8886641126398388,0.0004442363775142432,6.413458957167357,9.144265301492933,True,False,False,False,False,False
3.0,328,21,6.740676724722819,25486.120072228336,50.0,3067,6.382521258497842,0,0,0,0,0,0,0,18871.951219512197,1.1708768489362897,0.0002559646394170196,5.796057750765372,9.845485023564223,False,False,False,True,False,False
4.0,2504,22,6.885598857088164,36638.9894589547,85.22727272727273,3067,6.382521258497842,0,0,0,0,0,0,0,2539.936102236422,1.5611691319150531,0.0020714363277607117,7.826044013518965,7.840287836304422,False,False,False,True,False,False
1.0,90,27,6.786000370687271,20734.27494205464,50.0,1572,6.528145312958054,0,0,0,0,0,0,0,56444.444444444445,0.38249375632476623,5.042810411777577e-05,4.51085950651685,10.941029865602896,False,False,False,False,True,False
12.37420167311325,101,33,6.662948251583755,24178.094281909634,0.0,610,5.665348780241979,0,0,0,0,0,0,0,51485.14851485149,1.706172766409985,5.931266753337572e-05,4.624972813284271,10.849068089598694,False,False,True,False,False,False
24.0,14304,31,6.819275224602869,32812.733679457364,78.4708249496982,3549,6.881313711751069,0,0,0,0,0,0,0,517.3378076062639,0.6974346238116809,0.01382050841768065,9.56836440548421,6.250627167945777,False,False,False,False,False,True
1.0,187,38,6.671140218499566,17379.625889812763,50.0,2188,6.320059610463039,0,0,0,0,0,0,0,26898.395721925135,0.8886641126398388,0.00011358820412858706,5.236441962829949,10.19985910146866,True,False,False,False,False,False
1.0,62,17,6.541380536432849,17946.242233621168,50.0,1572,6.528145312958054,0,0,0,0,0,0,0,86290.32258064517,0.38249375632476623,3.403085840222e-05,4.143134726391533,11.365484322544996,False,False,False,False,True,False
3.0,185,27,6.195191110040243,2612.9254587155965,66.66666666666666,3067,6.382521258497842,0,0,0,0,0,0,0,31189.189189189186,1.1708768489362897,0.00013016052800556786,5.225746673713202,10.34785887528365,False,False,False,True,False,False
1.0,104,10,6.446069719328857,24916.015057090935,100.0,447,5.588299776286353,0,0,0,0,0,0,0,49807.692307692305,0.9078461025802542,6.107912778894794e-05,4.653960350157523,10.815944792112825,False,True,False,False,False,False
2.0,68623,35,6.916030310694199,44796.239433112794,80.27681660899654,3067,6.382521258497842,0,0,0,0,0,0,0,114.39313349751541,0.7805845659575266,0.07037349178743833,11.136397606756661,4.748344850549067,False,False,False,True,False,False
1.0,447,34,6.7771287869600085,26986.53922225988,66.66666666666666,1572,6.528145312958054,0,0,0,0,0,0,0,13959.73154362416,0.38249375632476623,0.00035512681956266273,6.104793232414985,9.54400377778179,False,False,False,False,True,False
6.0,9641,27,6.738572847556955,33062.21833125778,73.23943661971832,610,5.665348780241979,0,0,0,0,0,0,0,623.3793174981848,0.8272886501197902,0.007561178011530715,9.173883834965567,6.436758064290918,False,False,True,False,False,False
26.0,28097,34,6.92044320954752,28591.000409061133,82.82122905027933,610,5.665348780241979,0,0,0,0,0,0,0,256.9669359718119,3.5849174838524247,0.02649548005774356,10.243453678411596,5.552831421561029,False,False,True,False,False,False
1.0,178,15,5.7918085106382975,2324.3617021276596,0.0,610,5.665348780241979,0,0,0,0,0,0,0,33651.68539325843,0.13788144168663172,0.000129999821932021,5.187385805840755,10.423848135551685,False,False,True,False,False,False
12.0,38882,15,6.925113977863667,34951.28924101147,83.03425774877651,3549,6.881313711751069,0,0,0,0,0,0,0,195.46319633763696,0.34871731190584043,0.03859976483233984,10.568312416091485,5.280475117775562,False,False,False,False,False,True
13.0,40355,43,6.898891539766716,38419.37977740376,82.28291316526611,3067,6.382521258497842,0,0,0,0,0,0,0,204.18783298228226,5.073799678723923,0.04343688699075662,10.60549536152827,5.323925818080024,False,False,False,True,False,False
45.0,400,13,6.86967255126828,36981.50828394834,63.63636363636363,3549,6.881313711751069,0,0,0,0,0,0,0,16025.000000000002,1.3076899196469016,0.0003256927835881575,5.993961427306569,9.681967682338016,False,False,False,False,False,True
1.0,200,42,6.828884411320277,35275.943456555615,0.0,2188,6.320059610463039,0,0,0,0,0,0,0,33850.0,0.8886641126398388,0.00016759981692821737,5.303304908059076,10.42972382000155,True,False,False,False,False,False
1.0,471,11,6.110232844165658,8601.531333250083,82.35294117647058,447,5.588299776286353,0,0,0,0,0,0,0,12632.696390658175,0.9078461025802542,0.0003568475504477135,6.156978985585555,9.4441228400363,False,True,False,False,False,False
1.0,63,21,6.839343485500246,29082.879602066045,0.0,3067,6.382521258497842,0,0,0,0,0,0,0,76190.47619047618,0.3902922829787633,3.0202656812851195e-05,4.1588830833596715,11.241004874400454,False,False,False,True,False,False
1.0,6953,27,6.868572948400319,22026.131219476494,83.46456692913385,2188,6.320059610463039,0,0,0,0,0,0,0,1100.2444987775061,0.8886641126398388,0.00694030904140727,8.847072312567807,7.004196181803184,True,False,False,False,False,False
1.0,148,18,6.289007148338809,2755.141935483871,100.0,2188,6.320059610463039,0,0,0,0,0,0,0,39594.5945945946,0.8886641126398388,0.0001040072477276173,5.003946305945459,10.58647314344285,True,False,False,False,False,False
1.0,66,14,6.827850625188941,21162.251451633205,0.0,2188,6.320059610463039,0,0,0,0,0,0,0,132575.75757575757,0.8886641126398388,6.614594204272684e-05,4.204692619390966,11.794917059136067,True,False,False,False,False,False
1.0,4014,18,5.879225467208256,3053.415760869565,70.05988023952095,447,5.588299776286353,0,0,0,0,0,0,0,1771.3004484304934,0.9078461025802542,0.003719535906888936,8.297792626380861,7.480033670082838,False,True,False,False,False,False
3.0,40548,18,6.830302829409439,46165.43086437771,76.32183908045977,1572,6.528145312958054,0,0,0,0,0,0,0,181.7598895136628,1.1474812689742986,0.03903557357273011,10.61026639832702,5.208173212151568,False,False,False,False,True,False
26.0,367,20,6.731627925235588,25064.90760019919,80.0,3549,6.881313711751069,0,0,0,0,0,0,0,17493.18801089918,0.7555541757959876,0.000298534763712178,5.908082938168931,9.769623991086744,False,False,False,False,False,True
13.0,479,8,6.66056296418094,21689.466265053205,60.0,3549,6.881313711751069,0,0,0,0,0,0,0,13653.444676409186,0.3777770878979938,0.00039999125170455546,6.173786103901937,9.521820364930646,False,False,False,False,False,True
3.0,688,13,6.374060579146284,14601.587436119828,65.0,3067,6.382521258497842,0,0,0,0,0,0,0,8604.651162790697,1.1708768489362897,0.0005228464719940941,6.535241271013659,9.06017437839048,False,False,False,True,False,False
26.0,88995,30,6.886319142907979,26467.635808953113,84.65157306674507,3549,6.881313711751069,0,0,0,0,0,0,0,98.32013034440138,0.7555541757959876,0.1017328257196385,11.39634670388405,4.598348273007222,False,False,False,False,False,True
1.0,223,14,6.620900898420092,26761.94338245216,50.0,610,5.665348780241979,0,0,0,0,0,0,0,23094.170403587446,0.13788144168663172,0.0001407436108976796,5.4116460518550396,10.047378801213213,False,False,True,False,False,False
12.37420167311325,4305,15,6.764465840959698,30623.558870542678,0.0,3549,6.881313711751069,0,0,0,0,0,0,0,1504.3224140569966,0.35959152870240046,0.0036333170863818236,8.367764677924308,7.316762382848604,False,False,False,False,False,True
3.0,6426,18,6.84281977134661,28813.681003982354,75.66539923954373,3067,6.382521258497842,0,0,0,0,0,0,0,1095.5493308434484,1.1708768489362897,0.00590141482981263,8.768263145371286,6.999923556215261,False,False,False,True,False,False
1.0,6890,13,6.657777498633077,27113.27180028487,73.01038062283737,3067,6.382521258497842,0,0,0,0,0,0,0,933.2365747460086,0.3902922829787633,0.005779077004686705,8.837971491357209,6.839729698175116,False,False,False,True,False,False
26.0,78,14,6.823146793508421,28887.7305772393,0.0,3549,6.881313711751069,0,0,0,0,0,0,0,83333.33333333333,0.7555541757959876,5.6934740266259255e-05,4.3694478524670215,11.330615908104274,False,False,False,False,False,True
51.0,680,33,6.726881389735055,20338.098088288767,66.66666666666666,3549,6.881313711751069,0,0,0,0,0,0,0,9294.117647058823,1.4820485755998218,0.0005521968885482172,6.523562306149512,9.137244557101676,False,False,False,False,False,True
1.0,93,22,6.2680555955337915,8242.158584660134,100.0,447,5.588299776286353,0,0,0,0,0,0,0,59892.47311827957,0.9078461025802542,5.8373255607520364e-05,4.543294782270004,11.000322815199693,False,True,False,False,False,False
1.0,207,12,5.879225467208256,3053.415760869565,80.0,447,5.588299776286353,0,0,0,0,0,0,0,26714.97584541063,0.9078461025802542,0.0001402549599098216,5.337538079701318,10.193017011720647,False,True,False,False,False,False
8.0,6211,7,6.831725682510775,29540.344065907895,77.77777777777779,3067,6.382521258497842,0,0,0,0,0,0,0,1061.0207696023185,3.1223382638301063,0.005338479745926113,8.734238184268579,6.967928758674978,False,False,False,True,False,False
51.0,1904,21,6.832490205670767,32339.981791863116,67.56756756756756,3549,6.881313711751069,0,0,0,0,0,0,0,3650.2100840336134,1.4820485755998218,0.0017196285213580496,7.552237287560802,8.202813921504875,False,False,False,False,False,True
1.0,45,22,6.22747829422649,6094.346320346321,0.0,2188,6.320059610463039,0,0,0,0,0,0,0,144444.44444444444,0.8886641126398388,2.8909168903815322e-05,3.828641396489095,11.880657168148504,True,False,False,False,False,False
1.0,13647,45,6.20715799971213,18909.371794871793,77.00729927007299,3067,6.382521258497842,0,0,0,0,0,0,0,475.56239466549425,0.3902922829787633,0.011562709593817208,9.52134826973146,6.166598658206024,False,False,False,True,False,False
2.0,1144,31,6.195191110040243,2612.9254587155965,87.5,3067,6.382521258497842,0,0,0,0,0,0,0,5209.79020979021,0.7805845659575266,0.0008815319757231854,7.0431599159883405,8.558486794991179,False,False,False,True,False,False
1.0,2647,20,6.677693639525605,11247.974150664697,82.02247191011236,2188,6.320059610463039,0,0,0,0,0,0,0,2829.618435965244,0.8886641126398388,0.002581069257367402,7.881559917056899,7.948250495373012,True,False,False,False,False,False
1.0,77103,43,6.884760122793571,38078.157719370756,83.7917485265226,2188,6.320059610463039,0,0,0,0,0,0,0,102.59004189201457,0.8886641126398388,0.07967539189084477,11.252910438880114,4.6404412044720385,True,False,False,False,False,False
2.0,21043,43,6.824281949276691,24840.685146487656,68.89460154241645,3067,6.382521258497842,0,0,0,0,0,0,0,336.4539276719099,0.7805845659575266,0.019456305791235896,9.954370762850697,5.821428990392416,False,False,False,True,False,False
1.0,1348,55,6.744524531479761,27589.223936695056,72.0,610,5.665348780241979,0,0,0,0,0,0,0,4510.385756676558,0.13788144168663172,0.0010615227780956923,7.207118856207756,8.414359648422266,False,False,True,False,False,False
1.0,36986,42,6.62799810652082,19460.015428545852,79.2749658002736,2188,6.320059610463039,0,0,0,0,0,0,0,201.9683123343968,0.8886641126398388,0.03608885916885383,10.518321778536663,5.3130498699825095,True,False,False,False,False,False
12.0,4038,31,6.812269569012642,29627.443239226184,78.87323943661971,3549,6.881313711751069,0,0,0,0,0,0,0,1656.7607726597325,0.34871731190584043,0.003520244697049481,8.303752415563412,7.41322303858994,False,False,False,False,False,True
2.0,2253,45,6.901319301374479,32882.209903546274,72.0,3067,6.382521258497842,0,0,0,0,0,0,0,2858.411007545495,0.7805845659575266,0.001886412681523956,7.720461694599722,7.958370941187393,False,False,False,True,False,False
1.0,43,4,5.775788441476067,5728.942895299145,0.0,2188,6.320059610463039,0,0,0,0,0,0,0,118604.65116279069,0.8886641126398388,1.9345197697610678e-05,3.784189633918261,11.683559413337997,True,False,False,False,False,False
26.0,90,23,6.772409865396259,19321.953347374583,0.0,3549,6.881313711751069,0,0,0,0,0,0,0,63888.88888888888,0.7555541757959876,5.8306621381903364e-05,4.51085950651685,11.064916394494688,False,False,False,False,False,True
1.0,38638,36,6.786975454264241,27560.27046426694,72.75064267352185,1572,6.528145312958054,0,0,0,0,0,0,0,184.79217350794553,0.38249375632476623,0.03603527741213711,10.562017408074379,5.2246287022844875,False,False,False,False,True,False
12.0,301358,11,6.815843775404242,36859.70382674634,82.2977481234362,3549,6.881313711751069,0,0,0,0,0,0,0,25.020075790256108,0.34871731190584043,0.29687090327420707,12.616057524070001,3.2588683858493757,False,False,False,False,False,True
1.0,41,27,6.58558055977916,14312.419903361644,0.0,2188,6.320059610463039,0,0,0,0,0,0,0,125365.85365853658,0.8886641126398388,1.8226787949999862e-05,3.7376696182833684,11.738999547348923,True,False,False,False,False,False
142.0,1707,15,6.662948251583755,24178.094281909634,72.72727272727273,3549,6.881313711751069,0,0,0,0,0,0,0,4516.695957820738,4.1264881908857785,0.0017102435479736,7.443078374348516,8.415757399017746,False,False,False,False,False,True
1.0,41,32,6.613380744387155,19212.831128909686,0.0,3067,6.382521258497842,0,0,0,0,0,0,0,195121.9512195122,0.3902922829787633,3.354743362813588e-05,3.7376696182833684,12.18138515792667,False,False,False,True,False,False
1.0,82,27,6.698173061212458,38453.23060660681,50.0,3067,6.382521258497842,0,0,0,0,0,0,0,74878.0487804878,0.3902922829787633,5.6474833454157606e-05,4.418840607796598,11.223629407818754,False,False,False,True,False,False
1.0,445,14,6.604052540744851,24695.76990601395,73.33333333333333,3067,6.382521258497842,0,0,0,0,0,0,0,12584.269662921348,0.3902922829787633,0.00031628559879516934,6.100318952020064,9.440282334667733,False,False,False,True,False,False
1.0,26647,41,6.777925656471416,31529.821479823888,76.54921020656136,1572,6.528145312958054,0,0,0,0,0,0,0,279.20591436184185,0.38249375632476623,0.025893595309153743,10.190469379873516,5.635524741324119,False,False,False,False,True,False
1.0,22599,37,6.928564588860844,41216.50966777612,85.54572271386431,2188,6.320059610463039,0,0,0,0,0,0,0,339.39554847559623,0.8886641126398388,0.02263774905399888,10.025705185260378,5.830108319279974,True,False,False,False,False,False
2.0,1151,9,6.195191110040243,2612.9254587155965,71.875,3067,6.382521258497842,0,0,0,0,0,0,0,5039.0964378801045,0.7805845659575266,0.0008629214284743904,7.049254841255837,8.525180495382372,False,False,False,True,False,False
1.0,28138,19,6.810042529424079,23098.545244676698,82.95566502463055,2188,6.320059610463039,0,0,0,0,0,0,0,269.0312033548937,0.8886641126398388,0.027820889680510306,10.24491179343424,5.598537520301998,True,False,False,False,False,False
12.0,359011,17,6.687391891109108,29722.521095298336,81.83748311136846,3549,6.881313711751069,0,0,0,0,0,0,0,21.949188186434398,0.34871731190584043,0.36961553441620953,12.791111093095617,3.1332825627407965,False,False,False,False,False,True
2.0,7999,20,6.767541224610549,31441.719824303393,78.28947368421053,1572,6.528145312958054,0,0,0,0,0,0,0,987.6234529316165,0.7649875126495325,0.008247078066196022,8.987196820661973,6.896313523969591,False,False,False,False,True,False
1.0,4648,27,6.270257490704965,4775.436363636363,77.5,1572,6.528145312958054,0,0,0,0,0,0,0,1209.1222030981066,0.38249375632476623,0.003403640028433506,8.444407421690585,7.0984766277871625,False,False,False,False,True,False
1.0,14786,33,6.6934802647434,16397.500545159935,72.86689419795222,610,5.665348780241979,0,0,0,0,0,0,0,480.86027323143514,0.13788144168663172,0.013726287622658212,9.601503695373488,6.1776541824631614,False,False,True,False,False,False
3.0,15176,13,6.939436198728593,31648.981642582636,79.66616084977238,3067,6.382521258497842,0,0,0,0,0,0,0,479.0458618871903,1.1708768489362897,0.014405833907927918,9.627536402960045,6.17388164493606,False,False,False,True,False,False
1.0,7087,47,6.76190235492579,34818.7273114972,74.43181818181817,1572,6.528145312958054,0,0,0,0,0,0,0,959.5033159305771,0.38249375632476623,0.006287182573317979,8.866158492284917,6.867457434498932,False,False,False,False,True,False
2.0,2586,35,6.195191110040243,2612.9254587155965,66.66666666666666,3067,6.382521258497842,0,0,0,0,0,0,0,2602.474864655839,0.7805845659575266,0.002264589349522742,7.8582541821860294,7.864602318112654,False,False,False,True,False,False
76.0,104,27,6.5004185244497705,20155.465753424658,0.0,3549,6.881313711751069,0,0,0,0,0,0,0,48557.69230769231,2.208542975403656,5.93126675333757e-05,4.653960350157523,10.79052849595752,False,False,False,False,False,True
5.0,17584,19,6.855023571108642,39310.712371600624,77.10437710437711,610,5.665348780241979,0,0,0,0,0,0,0,412.3066424021838,0.6894072084331586,0.01664715839942264,9.774801544908083,6.024189793012503,False,False,True,False,False,False
1.0,402,23,6.833753984257306,34803.62343347584,37.5,2188,6.320059610463039,0,0,0,0,0,0,0,15099.50248756219,0.8886641126398388,0.00030950981263733093,5.998936561946683,9.622483299571337,True,False,False,False,False,False
78.0,472,17,6.647495153665344,21788.731410013752,69.56521739130434,3549,6.881313711751069,0,0,0,0,0,0,0,15127.118644067796,2.266662527387963,0.00043101144355943394,6.159095388491933,9.624310452987855,False,False,False,False,False,True
2.0,1278,14,6.195191110040243,2612.9254587155965,74.4186046511628,3067,6.382521258497842,0,0,0,0,0,0,0,4788.732394366197,0.7805845659575266,0.0010125949647446062,7.153833801578843,8.474229821279842,False,False,False,True,False,False
52.0,2631,38,6.824801994066727,29088.248364179773,78.51239669421489,3549,6.881313711751069,0,0,0,0,0,0,0,2759.4070695553023,1.5111083515919752,0.002486348052376116,7.875499292445208,7.923133436805079,False,False,False,False,False,True
1.0,1973,48,6.66391737475365,18028.293509500556,77.63157894736842,2188,6.320059610463039,0,0,0,0,0,0,0,3755.701976685251,0.8886641126398388,0.0019008644691621839,7.587817219993427,8.231296717616637,True,False,False,False,False,False
12.0,95005,16,6.78289753739322,39497.46598598664,81.32240745973439,3549,6.881313711751069,0,0,0,0,0,0,0,72.31198357981158,0.34871731190584043,0.08526739097986799,11.461695326483039,4.294724082294243,False,False,False,False,False,True
1.0,253,30,6.7728198451635695,10867.081901989324,50.0,2188,6.320059610463039,0,0,0,0,0,0,0,25849.8023715415,0.8886641126398388,0.0002068774265458299,5.537334267018537,10.160096918972906,True,False,False,False,False,False
63.0,981,12,6.662948251583755,24178.094281909634,71.42857142857143,3549,6.881313711751069,0,0,0,0,0,0,0,6860.346585117228,1.8307658875056623,0.0008532960492563426,6.889591308354466,8.833658996663141,False,False,False,False,False,True
1.0,25641,25,6.818032823249103,31021.72354978355,86.9281045751634,2188,6.320059610463039,0,0,0,0,0,0,0,333.45033345033346,0.8886641126398388,0.028634335482327213,10.151986911112646,5.812488388574933,True,False,False,False,False,False
26.0,352,20,6.7720511464995905,30473.586724841036,66.66666666666666,3549,6.881313711751069,0,0,0,0,0,0,0,19005.68181818182,0.7555541757959876,0.0002983701379783008,5.8664680569332965,9.852545870966694,False,False,False,False,False,True
1.0,480,10,6.672477753139572,37448.807217651454,76.47058823529412,2188,6.320059610463039,0,0,0,0,0,0,0,10645.833333333334,0.8886641126398388,0.00031116390929676466,6.175867270105761,9.273017787330275,True,False,False,False,False,False
12.0,150,25,6.5004185244497705,20155.465753424658,0.0,3549,6.881313711751069,0,0,0,0,0,0,0,33200.0,0.34871731190584043,8.829202290955318e-05,5.017279836814924,10.410335274932896,False,False,False,False,False,True
1.0,1035,42,6.7842301997157435,23284.036834831608,65.21739130434783,1572,6.528145312958054,0,0,0,0,0,0,0,6386.47342995169,0.38249375632476623,0.0008845514207310459,6.943122422819428,8.762094074808857,False,False,False,False,True,False
1.0,2602,67,6.545649931970783,23190.395089159047,75.47169811320755,1572,6.528145312958054,0,0,0,0,0,0,0,2847.8093774019985,0.38249375632476623,0.002509834657075943,7.864419904994565,7.954656423660621,False,False,False,False,True,False
1.0,79,20,6.794834847205189,31678.05727691643,0.0,3067,6.382521258497842,0,0,0,0,0,0,0,80759.49367088608,0.3902922829787633,5.654538734010502e-05,4.382026634673881,11.29924318522243,False,False,False,True,False,False
12.0,225927,9,6.662948251583755,24178.094281909634,85.41062801932368,3549,6.881313711751069,0,0,0,0,0,0,0,37.622771957313645,0.34871731190584043,0.25089853733021333,12.32797164342494,3.6538420496010815,False,False,False,False,False,True
2.0,11482,18,6.909549919210213,40760.87489362124,77.22222222222223,3067,6.382521258497842,0,0,0,0,0,0,0,634.9068106601637,0.7805845659575266,0.010927038679732685,9.34862295977619,6.455052028485175,False,False,False,True,False,False
1.0,2043,8,6.360718037569562,20848.543598129363,75.0,610,5.665348780241979,0,0,0,0,0,0,0,2197.7484092021537,0.13788144168663172,0.0011892031002519678,7.622663951323595,7.695643572550496,False,False,True,False,False,False
1.0,73,59,6.5264888547538815,17281.5837709483,0.0,2188,6.320059610463039,0,0,0,0,0,0,0,68493.1506849315,0.8886641126398388,3.8381681368977025e-05,4.30406509320417,11.134503629143405,True,False,False,False,False,False
1.0,3304,43,6.823146793508421,28887.7305772393,77.55102040816327,2188,6.320059610463039,0,0,0,0,0,0,0,2375.90799031477,0.8886641126398388,0.0033794217538053346,8.103191752285786,7.773555758287394,True,False,False,False,False,False
1.0,22497,44,6.884515114191727,43840.63087640988,79.27461139896373,3067,6.382521258497842,0,0,0,0,0,0,0,340.4898430901898,0.3902922829787633,0.022506138619084643,10.021181695352771,5.833317936519316,False,False,False,True,False,False
1.0,110,43,5.558589488847307,349.1694444444444,50.0,3067,6.382521258497842,0,0,0,0,0,0,0,50818.181818181816,0.3902922829787633,7.103245192130681e-05,4.709530201312334,10.83602915714168,False,False,False,True,False,False
3.0,5505,54,6.5004185244497705,20155.465753424658,80.43478260869566,1572,6.528145312958054,0,0,0,0,0,0,0,1079.0190735694823,1.1474812689742986,0.004263083044227792,8.613593685702552,6.9847339806748,False,False,False,False,True,False
1.0,1168,44,6.22747829422649,6094.346320346321,68.75,2188,6.320059610463039,0,0,0,0,0,0,0,6275.684931506849,0.8886641126398388,0.0011092903719889767,7.063903961472068,8.744597242937461,True,False,False,False,False,False
13.0,5046,14,6.604842707205482,20851.246346539916,77.5,3549,6.881313711751069,0,0,0,0,0,0,0,1460.562822037257,0.3777770878979938,0.004849636694711927,8.526549286340263,7.287261568257838,False,False,False,False,False,True
94.0,1085,20,6.704816919511941,26205.74341770104,60.97560975609756,3549,6.881313711751069,0,0,0,0,0,0,0,5981.566820276497,2.7316189432624167,0.0009107216862037616,6.990256500493881,8.696604989009998,False,False,False,False,False,True
1.0,136,14,6.5004185244497705,20155.465753424658,50.0,2188,6.320059610463039,0,0,0,0,0,0,0,51617.647058823524,0.8886641126398388,0.00011543175103732403,4.919980925828125,10.851638263297657,True,False,False,False,False,False
1.0,418,30,6.68939607652329,17039.632660345193,80.0,1572,6.528145312958054,0,0,0,0,0,0,0,14449.760765550238,0.38249375632476623,0.00032056064166220504,6.037870919922137,9.578502340289678,False,False,False,False,True,False
26.0,15471,17,6.789712189567077,28846.99090878828,80.85867620751341,3549,6.881313711751069,0,0,0,0,0,0,0,484.13160106004784,0.7555541757959876,0.015130745035308372,9.646787217693076,6.1844201965226455,False,False,False,False,False,True
1.0,3656,28,6.7386854344927904,25484.615661672666,81.37931034482759,3067,6.382521258497842,0,0,0,0,0,0,0,1761.487964989059,0.3902922829787633,0.003066925527409816,8.204398418149381,7.474481706288108,False,False,False,True,False,False
1.0,52,26,6.295993024103089,2508.102734495634,0.0,2188,6.320059610463039,0,0,0,0,0,0,0,96153.84615384616,0.8886641126398388,2.466287021253594e-05,3.970291913552122,11.473715151762867,True,False,False,False,False,False
2.0,715,6,6.195191110040243,2612.9254587155965,66.66666666666666,3067,6.382521258497842,0,0,0,0,0,0,0,8209.79020979021,0.7805845659575266,0.0005390594936741205,6.573680166960646,9.013204447484712,False,False,False,True,False,False
1.0,1742,46,6.818850027557036,32897.64530706629,75.51020408163265,2188,6.320059610463039,0,0,0,0,0,0,0,3783.00803673938,0.8886641126398388,0.0014905870896107698,7.463363045520021,8.238539054043557,True,False,False,False,False,False
32.0,8722,9,6.873205160812818,26666.902914483926,76.08200455580865,3549,6.881313711751069,0,0,0,0,0,0,0,816.3265306122449,0.9299128317489078,0.008104472984054981,9.07371849443322,6.706038685285139,False,False,False,False,False,True
2.0,4447,8,6.427690326839088,17728.815455935503,70.45454545454545,3067,6.382521258497842,0,0,0,0,0,0,0,1637.0586912525298,0.7805845659575266,0.004220549503429051,8.400209835930418,7.401267094816599,False,False,False,True,False,False
12.0,5702,11,6.90836132184995,33249.2188746637,78.0952380952381,3549,6.881313711751069,0,0,0,0,0,0,0,1183.7951595931252,0.34871731190584043,0.005019420701584041,8.648747631156539,7.077325177524181,False,False,False,False,False,True
26.0,1397,15,6.5004185244497705,20155.465753424658,79.59183673469387,3549,6.881313711751069,0,0,0,0,0,0,0,5368.647100930566,0.7555541757959876,0.0013596338510786005,7.242797922793756,8.588517468570762,False,False,False,False,False,True
24.0,374880,15,6.882103182024544,38721.786878988685,84.78354978354979,3549,6.881313711751069,0,0,0,0,0,0,0,20.219803670507897,0.6974346238116809,0.37125966468597643,12.834363921258339,3.05493488104633,False,False,False,False,False,True
25.0,158561,11,6.92343943356571,28145.934394019947,85.64558788170234,3549,6.881313711751069,0,0,0,0,0,0,0,52.47191932442404,0.7264943998038342,0.1723548183783976,11.97390096300596,3.979156643667531,False,False,False,False,False,True
1.0,65,25,6.949484610218818,40436.067792392445,0.0,2188,6.320059610463039,0,0,0,0,0,0,0,59846.153846153844,0.8886641126398388,2.3728684500454473e-05,4.189654742026425,10.999549155070957,True,False,False,False,False,False
1.0,72,14,6.20715799971213,18909.371794871793,100.0,2188,6.320059610463039,0,0,0,0,0,0,0,70555.55555555555,0.8886641126398388,3.848097943068079e-05,4.290459441148391,11.164169873666516,True,False,False,False,False,False
12.0,27761,17,6.818504430229769,37955.32804154306,79.87616099071208,3549,6.881313711751069,0,0,0,0,0,0,0,257.1953459889773,0.34871731190584043,0.025888350803631645,10.231423458135055,5.5537164534204155,False,False,False,False,False,True
1.0,25484,15,6.822369666044151,26729.088112434863,84.09542743538768,2188,6.320059610463039,0,0,0,0,0,0,0,296.65672578873017,0.8886641126398388,0.02516262569345591,10.145845322774143,5.695940895644225,True,False,False,False,False,False
26.0,21550,23,6.829940793551526,42614.08960281941,79.21440261865794,3549,6.881313711751069,0,0,0,0,0,0,0,335.9628770301625,0.7555541757959876,0.02037580061639898,9.978177498167572,5.819972767104087,False,False,False,False,False,True
3.0,3912,29,6.891417907797165,35427.62252016908,42.857142857142854,1572,6.528145312958054,0,0,0,0,0,0,0,1707.566462167689,1.1474812689742986,0.003404998844014715,8.272059622210412,7.443409971687044,False,False,False,False,True,False
1.0,64,52,6.794607080130419,17996.367678958784,0.0,1572,6.528145312958054,0,0,0,0,0,0,0,70625.0,0.38249375632476623,2.8488458695017793e-05,4.174387269895637,11.165153627640535,False,False,False,False,True,False
1.0,305,28,6.823696150302719,37267.83325580051,83.33333333333334,2188,6.320059610463039,0,0,0,0,0,0,0,21081.967213114753,0.8886641126398388,0.00024692720924853357,5.723585101952381,9.956220752385015,True,False,False,False,False,False
1.0,114,18,6.780595148016227,23750.2895919479,0.0,2188,6.320059610463039,0,0,0,0,0,0,0,35087.71929824561,0.8886641126398388,5.02713177045593e-05,4.74493212836325,10.465634970283553,True,False,False,False,False,False
1.0,3108,24,6.854123792605303,33983.76471893452,71.73913043478261,2188,6.320059610463039,0,0,0,0,0,0,0,2294.0797940797943,0.8886641126398388,0.0028860201376268795,8.042056410058754,7.738522890552449,True,False,False,False,False,False
1.0,66721,46,6.8700913908694865,37828.53867548959,82.61367978601452,2188,6.320059610463039,0,0,0,0,0,0,0,121.25118028806521,0.8886641126398388,0.07051490529283894,11.108290012602541,4.806077783016475,True,False,False,False,False,False
180.0,144,20,6.295993024103089,2508.102734495634,60.0,3549,6.881313711751069,0,0,0,0,0,0,0,41944.444444444445,5.2307596785876065,0.00010433127298159801,4.976733742420574,10.644125111110407,False,False,False,False,False,True
52.0,3085,13,6.742301173298169,26145.394595774145,80.76923076923077,3549,6.881313711751069,0,0,0,0,0,0,0,2466.7747163695303,1.5111083515919752,0.003058068401616529,8.034631032923107,7.8110720989988405,False,False,False,False,False,True
3.0,1608,31,6.786000370687271,20734.27494205464,70.9090909090909,3067,6.382521258497842,0,0,0,0,0,0,0,4098.258706467662,1.1708768489362897,0.0013752105812316567,7.3833681469923835,8.318561433044941,False,False,False,True,False,False
1.0,38,19,6.5004185244497705,20155.465753424658,100.0,610,5.665348780241979,0,0,0,0,0,0,0,103157.8947368421,0.13788144168663172,1.0154900776238625e-05,3.6635616461296463,11.544025745870826,False,False,True,False,False,False
1.0,7101,30,6.93983680999547,35225.21889901929,79.75308641975309,2188,6.320059610463039,0,0,0,0,0,0,0,950.5703422053232,0.8886641126398388,0.006253231782089396,8.868131713503033,6.8581136117023975,True,False,False,False,False,False
2.0,73826,27,6.868724819918593,42597.37253786277,76.56916514320537,3067,6.382521258497842,0,0,0,0,0,0,0,102.53840110530166,0.7805845659575266,0.07300910667055018,11.20947979733897,4.639942569064602,False,False,False,True,False,False
52.0,35,36,6.626533453023366,14228.317337363127,0.0,3549,6.881313711751069,0,0,0,0,0,0,0,180857.14285714287,1.5111083515919752,1.9639172222391563e-05,3.58351893845611,12.105468261841567,False,False,False,False,False,True
1.0,73253,34,6.786975454264241,27560.27046426694,74.90644948272067,2188,6.320059610463039,0,0,0,0,0,0,0,97.7434371288548,0.8886641126398388,0.06851830740718036,11.20168813289691,4.592524942118069,True,False,False,False,False,False
4.0,11019,18,6.829940793551526,42614.08960281941,76.6109785202864,3067,6.382521258497842,0,0,0,0,0,0,0,647.064161902169,1.5611691319150531,0.010255691017320753,9.307467082706905,6.47398970673171,False,False,False,True,False,False
1.0,257,37,6.195191110040243,2612.9254587155965,75.0,3067,6.382521258497842,0,0,0,0,0,0,0,21284.046692607004,0.3902922829787633,0.0001743664572119515,5.552959584921617,9.96576007194587,False,False,False,True,False,False
2.0,24223,21,6.657777498633077,27113.27180028487,74.962852897474,3067,6.382521258497842,0,0,0,0,0,0,0,299.30231598067957,0.7805845659575266,0.022935959425043492,10.095099156237175,5.704789687182921,False,False,False,True,False,False
2.0,242,25,6.110232844165658,8601.531333250083,50.0,447,5.588299776286353,0,0,0,0,0,0,0,23016.528925619834,1.8156922051605084,0.0001668080455414742,5.493061443340548,10.044011331840688,False,True,False,False,False,False
1.0,141,21,6.885625457752329,35080.36109154519,0.0,2188,6.320059610463039,0,0,0,0,0,0,0,47163.12056737589,0.8886641126398388,0.00011320146430931978,4.955827057601261,10.761388725036607,True,False,False,False,False,False
1.0,18934,94,6.510263751421897,20545.19121004566,71.55756207674943,610,5.665348780241979,0,0,0,0,0,0,0,371.28974331889725,0.13788144168663172,0.017381705358448688,9.848767340335895,5.919672430993126,False,False,True,False,False,False
3.0,2335,52,6.164566264410774,4404.363104307238,56.81818181818182,3067,6.382521258497842,0,0,0,0,0,0,0,2676.659528907923,1.1708768489362897,0.001897443912247178,7.756195343948118,7.892698381838484,False,False,False,True,False,False
13.0,25225,18,6.869497280859013,37594.96030237961,78.69767441860465,3549,6.881313711751069,0,0,0,0,0,0,0,279.4846382556987,0.3777770878979938,0.02322594896182179,10.135630487647138,5.6365189578862305,False,False,False,False,False,True
1.0,2415,5,6.886663041849979,34389.5526498025,81.25,2188,6.320059610463039,0,0,0,0,0,0,0,2637.6811594202895,0.8886641126398388,0.0020006355032124844,7.789868559054706,7.878034510492632,True,False,False,False,False,False
1.0,8780,60,6.74986407137829,34231.8437426014,71.35416666666666,1572,6.528145312958054,0,0,0,0,0,0,0,709.5671981776766,0.38249375632476623,0.007137461423259763,9.080345575359996,6.566063521780812,False,False,False,False,True,False
1.0,2373,13,6.829100575762723,52317.785585733174,82.41758241758241,610,5.665348780241979,0,0,0,0,0,0,0,2220.8175305520435,0.13788144168663172,0.0016246303270367468,7.772331575169614,7.706080847364061,False,False,True,False,False,False
12.0,137610,10,6.855944669483427,36567.96925939142,83.91472868217055,3549,6.881313711751069,0,0,0,0,0,0,0,57.84463338420173,0.34871731190584043,0.14310736868804755,11.832186143146664,4.074900638115668,False,False,False,False,False,True
1.0,130,31,6.22747829422649,6094.346320346321,50.0,2188,6.320059610463039,0,0,0,0,0,0,0,37538.46153846153,0.8886641126398388,7.358023113607444e-05,4.875197323201151,10.533147966363188,True,False,False,False,False,False
13.0,67916,11,6.6725494253734485,24708.600633064812,79.36078006500541,3549,6.881313711751069,0,0,0,0,0,0,0,106.89675481477119,0.3777770878979938,0.06441294402274125,11.126041650398415,4.681174795952406,False,False,False,False,False,True
3.0,1165,10,6.195191110040243,2612.9254587155965,48.93617021276596,3067,6.382521258497842,0,0,0,0,0,0,0,4901.287553648069,1.1708768489362897,0.0008598314295805825,7.061334366910438,8.497457222842522,False,False,False,True,False,False
12.37420167311325,4017,32,6.84073948827224,27566.311328124633,0.0,3549,6.881313711751069,0,0,0,0,0,0,0,1612.1752533023077,0.35959152870240046,0.003389629307882065,8.29853954537488,7.385959722751567,False,False,False,False,False,True
1.0,13829,18,6.5004185244497705,20155.465753424658,79.14831130690162,610,5.665348780241979,0,0,0,0,0,0,0,492.4434160098344,0.13788144168663172,0.012295223555685214,9.534595424658804,6.2014081937583745,False,False,True,False,False,False
1.0,267,16,5.7918085106382975,2324.3617021276596,50.0,1572,6.528145312958054,0,0,0,0,0,0,0,21423.22097378277,0.38249375632476623,0.00019023454878290164,5.5909869805108565,9.972277382188011,False,False,False,False,True,False
24.0,7751,15,6.840850632094109,40602.19142063035,75.90361445783132,3549,6.881313711751069,0,0,0,0,0,0,0,820.5392852535157,0.6974346238116809,0.006431525371538835,8.955706153570603,6.711179757701557,False,False,False,False,False,True
1.0,719,13,5.879225467208256,3053.415760869565,68.0,447,5.588299776286353,0,0,0,0,0,0,0,9068.150208623087,0.9078461025802542,0.000603189056339987,6.579251212010101,9.112633846175449,False,True,False,False,False,False
1.0,2453,30,6.195191110040243,2612.9254587155965,63.26530612244898,3067,6.382521258497842,0,0,0,0,0,0,0,2955.56461475744,0.3902922829787633,0.0023142997883864665,7.805474625270857,7.991783270174251,False,False,False,True,False,False
24.0,380375,26,6.891816304527772,35882.155398824216,85.48181818181818,3549,6.881313711751069,0,0,0,0,0,0,0,22.083470259612223,0.6974346238116809,0.41745411597118454,12.848915516180371,3.1391167882061013,False,False,False,False,False,True
1.0,302,17,6.22747829422649,6094.346320346321,0.0,2188,6.320059610463039,0,0,0,0,0,0,0,26158.940397350994,0.8886641126398388,0.0003024100012255118,5.713732805509369,10.171984527179816,True,False,False,False,False,False
12.0,57646,31,6.673212468119849,29330.69227732523,80.67700987306064,3549,6.881313711751069,0,0,0,0,0,0,0,116.05315199666933,0.34871731190584043,0.05037815336842437,10.962093486181855,4.76262812220886,False,False,False,False,False,True
1.0,85,41,6.5264888547538815,17281.5837709483,0.0,2188,6.320059610463039,0,0,0,0,0,0,0,79411.76470588235,0.8886641126398388,6.565598450142538e-05,4.454347296253507,11.282414398871703,True,False,False,False,False,False
1.0,1885,31,6.715311595606283,22869.78309394694,69.56521739130434,610,5.665348780241979,0,0,0,0,0,0,0,3416.445623342175,0.13788144168663172,0.0015767699678489763,7.542213463193403,8.136648657232946,False,False,True,False,False,False
39.0,655,18,6.863908046786232,30117.945883440567,66.66666666666666,3549,6.881313711751069,0,0,0,0,0,0,0,10045.801526717556,1.1333312636939814,0.0005538039492836859,6.486160788944089,9.215009606785014,False,False,False,False,False,True
2.0,1710,36,6.153171904926564,3608.7377293577983,61.29032258064516,3067,6.382521258497842,0,0,0,0,0,0,0,3192.9824561403507,0.7805845659575266,0.0012105691687130421,7.444833273892193,8.069023836004817,False,False,False,True,False,False
1.0,109,36,6.640698109965129,30156.15701881832,50.0,1572,6.528145312958054,0,0,0,0,0,0,0,38807.33944954129,0.38249375632476623,5.093374030039889e-05,4.700480365792417,10.566390436782832,False,False,False,False,True,False
51.0,1061,18,6.786000370687271,20734.27494205464,56.25,3549,6.881313711751069,0,0,0,0,0,0,0,6173.421300659755,1.4820485755998218,0.0008986883289893976,6.967909201801884,8.728170440612166,False,False,False,False,False,True
26.0,147,6,5.558589488847307,349.1694444444444,0.0,3549,6.881313711751069,0,0,0,0,0,0,0,36394.557823129246,0.7555541757959876,9.34463762440446e-05,4.997212273764115,10.50220200835149,False,False,False,False,False,True
25.0,34,15,6.775421225450796,34528.22947139774,0.0,610,5.665348780241979,0,0,0,0,0,0,0,191176.47058823527,3.447036042165793,1.956731178300068e-05,3.5553480614894135,12.160957441005255,False,False,True,False,False,False
46.0,7515,14,6.844958269434055,21574.297284377077,80.33898305084746,3549,6.881313711751069,0,0,0,0,0,0,0,1037.924151696607,1.336749695639055,0.007649316800273797,8.924789360533357,6.9459409871800375,False,False,False,False,False,True
26.0,13265,35,6.866382174457917,27015.833685504214,80.21052631578948,3549,6.881313711751069,0,0,0,0,0,0,0,548.0588013569544,0.7555541757959876,0.012590643128574573,9.492959650085501,6.308205542070882,False,False,False,False,False,True
12.0,82532,13,6.881411982126464,36851.476156394754,0.0,3549,6.881313711751069,0,0,0,0,0,0,0,82.14995395725295,0.34871731190584043,0.0731011063247187,11.320953492344099,4.42064565190761,False,False,False,False,False,True
22.0,4995,20,6.836277023693221,31612.954669553474,71.17647058823529,3549,6.881313711751069,0,0,0,0,0,0,0,1359.3593593593594,0.6393150718273741,0.0044220056723243365,8.516392871245468,7.215504178649284,False,False,False,False,False,True
3.0,3280,17,6.4552094280772,21758.732906248973,62.5,3067,6.382521258497842,0,0,0,0,0,0,0,1972.560975609756,1.1708768489362897,0.002763407936277826,8.0959035329611,7.587594791818274,False,False,False,True,False,False
1.0,4680,44,6.728879252982257,24172.086087666834,68.27586206896552,1572,6.528145312958054,0,0,0,0,0,0,0,1566.2393162393164,0.38249375632476623,0.004472745675301515,8.45126704130007,7.357070953247331,False,False,False,False,True,False
1.0,835,9,6.925007357097154,36096.49002669329,77.77777777777779,3067,6.382521258497842,0,0,0,0,0,0,0,6131.736526946108,0.3902922829787633,0.000549270208834843,6.728628613084702,8.72139634480527,False,False,False,True,False,False
1.0,1325,43,6.195191110040243,2612.9254587155965,51.42857142857142,3067,6.382521258497842,0,0,0,0,0,0,0,4098.11320754717,0.3902922829787633,0.0009307250194232962,7.189922170745808,8.318525938456007,False,False,False,True,False,False
1.0,2478,36,6.861400697760774,24601.913774590288,44.44444444444444,2188,6.320059610463039,0,0,0,0,0,0,0,2719.9354317998386,0.8886641126398388,0.002172861458470446,7.8156105320351905,7.9087310089169245,True,False,False,False,False,False
1.0,103600,31,7.087491088910527,59941.6611412671,82.96432964329642,2188,6.320059610463039,0,0,0,0,0,0,0,77.70270270270271,0.8886641126398388,0.10895463655924172,11.548302261270587,4.365677496672352,True,False,False,False,False,False
1.0,126,20,5.879225467208256,3053.415760869565,66.66666666666666,447,5.588299776286353,0,0,0,0,0,0,0,44682.53968253968,0.9078461025802542,8.337676885521685e-05,4.844187086458591,10.707360473020536,False,True,False,False,False,False
1.0,704,62,6.620949893864058,18406.939191740115,42.857142857142854,2188,6.320059610463039,0,0,0,0,0,0,0,10511.363636363636,0.8886641126398388,0.0006713545625927341,6.558197802812269,9.26030733262643,True,False,False,False,False,False
12.0,828,11,6.40169871215857,11208.264643466027,80.0,3549,6.881313711751069,0,0,0,0,0,0,0,7729.468599033817,0.34871731190584043,0.0006830612814462306,6.720220155135295,8.952924760576417,False,False,False,False,False,True
13.0,16757,8,6.921574720175078,41663.002073428244,80.03300330033002,3549,6.881313711751069,0,0,0,0,0,0,0,399.8329056513696,0.3777770878979938,0.01465961623568076,9.726631035173233,5.993544646329207,False,False,False,False,False,True
1.0,168,72,6.530004759786913,17496.264623587795,50.0,610,5.665348780241979,0,0,0,0,0,0,0,29464.285714285714,0.13788144168663172,9.934546504131427e-05,5.1298987149230735,10.290968093959625,False,False,True,False,False,False
24.0,5063,14,6.912246921981804,30001.697780045644,85.24590163934425,3549,6.881313711751069,0,0,0,0,0,0,0,1605.7673316215685,0.6974346238116809,0.0053687525892113265,8.529911963824013,7.381979570950069,False,False,False,False,False,True
2.0,7713,16,6.195191110040243,2612.9254587155965,71.50537634408603,3067,6.382521258497842,0,0,0,0,0,0,0,885.5179566964864,0.7805845659575266,0.006873588583263001,8.950792138768174,6.787301381029915,False,False,False,True,False,False
12.0,15005,11,6.671140218499566,17379.625889812763,76.33587786259542,3549,6.881313711751069,0,0,0,0,0,0,0,374.5418193935355,0.34871731190584043,0.011008609424315441,9.616205400105674,5.928369834892599,False,False,False,False,False,True
9.0,120,22,6.5004185244497705,20155.465753424658,0.0,1572,6.528145312958054,0,0,0,0,0,0,0,48333.333333333336,3.442443806922896,8.162860034785322e-05,4.795790545596741,10.785897422175747,False,False,False,False,True,False
1.0,91,52,6.809281649391791,30725.858768095237,0.0,2188,6.320059610463039,0,0,0,0,0,0,0,72527.47252747252,0.8886641126398388,6.916408049714388e-05,4.5217885770490405,11.19173448826354,True,False,False,False,False,False
6.0,916,38,6.8619586988913,31190.528543691333,79.3103448275862,3067,6.382521258497842,0,0,0,0,0,0,0,7434.4978165938865,2.3417536978725795,0.0008057152925054745,6.821107472256465,8.914020812482523,False,False,False,True,False,False
296.0,720,10,6.555621413678604,13235.397717492759,70.0,3549,6.881313711751069,0,0,0,0,0,0,0,9791.666666666668,8.601693693677397,0.0006538990085879671,6.580639137284949,9.189389085223251,False,False,False,False,False,True
2.0,1183,18,6.195191110040243,2612.9254587155965,60.526315789473685,3067,6.382521258497842,0,0,0,0,0,0,0,4902.789518174133,0.7805845659575266,0.0008871710603852043,7.076653815443951,8.497763556257365,False,False,False,True,False,False
4.0,1967,33,6.751071611686139,31850.886229476135,59.523809523809526,610,5.665348780241979,0,0,0,0,0,0,0,3309.608540925267,0.5515257667465269,0.001663756376454917,7.584773077612199,8.104887300695047,False,False,True,False,False,False
1.0,64,17,6.5004185244497705,20155.465753424658,100.0,610,5.665348780241979,0,0,0,0,0,0,0,68750.0,0.13788144168663172,2.7485025650432396e-05,4.174387269895637,11.13824656087758,False,False,True,False,False,False
52.0,70,13,5.558589488847307,349.1694444444444,0.0,3549,6.881313711751069,0,0,0,0,0,0,0,71428.57142857142,1.5111083515919752,3.6421851203771154e-05,4.2626798770413155,11.176467228251017,False,False,False,False,False,True
1.0,199,30,6.764465840959698,30623.558870542678,50.0,2188,6.320059610463039,0,0,0,0,0,0,0,31306.532663316586,0.8886641126398388,0.00015267505694345292,5.298317366548036,10.35161400774409,True,False,False,False,False,False
1.0,402,40,6.861580289532,28713.10658910972,76.92307692307693,3067,6.382521258497842,0,0,0,0,0,0,0,15422.885572139303,0.3902922829787633,0.00031633786093290817,5.998936561946683,9.643672598004038,False,False,False,True,False,False
13.0,40945,13,6.604842707205482,20851.246346539916,0.0,3549,6.881313711751069,0,0,0,0,0,0,0,188.7898400293076,0.3777770878979938,0.04134374264494623,10.620009404412524,5.2459173548658535,False,False,False,False,False,True
1.0,2655,10,6.807816301526198,26882.218394936375,77.5,3067,6.382521258497842,0,0,0,0,0,0,0,2335.2165725047084,0.3902922829787633,0.002141410103979222,7.884576510596324,7.756288050483229,False,False,False,True,False,False
1.0,845,11,6.51386116769379,15755.554192772432,75.0,3067,6.382521258497842,0,0,0,0,0,0,0,6437.869822485207,0.3902922829787633,0.000591288967576857,6.740519359606223,8.770108310294711,False,False,False,True,False,False
13.0,87938,14,6.882013906344811,35536.25196621606,82.78145695364239,3549,6.881313711751069,0,0,0,0,0,0,0,84.71877913984854,0.3777770878979938,0.08558798653105959,11.384398671280563,4.451071928085013,False,False,False,False,False,True
3.0,1477,36,6.845532650796314,32976.24165026795,54.166666666666664,610,5.665348780241979,0,0,0,0,0,0,0,4570.074475287745,0.4136443250598951,0.0012932935999863818,7.298445101508147,8.427503571195677,False,False,True,False,False,False
3.0,1266,48,6.5004185244497705,20155.465753424658,68.88888888888889,1572,6.528145312958054,0,0,0,0,0,0,0,4818.325434439178,1.1474812689742986,0.0009996914429368905,7.144407180321139,8.480389245889373,False,False,False,False,True,False
1.0,52,12,5.817807413381953,12914.387154038113,0.0,2188,6.320059610463039,0,0,0,0,0,0,0,131346.15384615384,0.8886641126398388,3.709603278060198e-05,3.970291913552122,11.785599126406549,True,False,False,False,False,False
2.0,3676,26,6.2467029592772985,15632.091049789251,61.64383561643836,3067,6.382521258497842,0,0,0,0,0,0,0,2010.3373231773664,0.7805845659575266,0.0035400285292905126,8.209852481301272,7.606555114730086,False,False,False,True,False,False
2.0,75,69,6.411338909838561,15174.050913958641,100.0,610,5.665348780241979,0,0,0,0,0,0,0,57466.66666666666,0.27576288337326343,3.292682074248735e-05,4.330733340286331,10.95897774978433,False,False,True,False,False,False
1.0,59,29,6.335340516815215,11178.34524840927,100.0,447,5.588299776286353,0,0,0,0,0,0,0,63220.33898305085,0.9078461025802542,1.9445802312757915e-05,4.0943445622221,11.05439716528355,False,True,False,False,False,False
56.0,222,7,6.5004185244497705,20155.465753424658,0.0,3549,6.881313711751069,0,0,0,0,0,0,0,27702.702702702703,1.6273474555605887,0.00016907622231933915,5.407171771460119,10.229321354819895,False,False,False,False,False,True
1.0,80,9,5.775788441476067,5728.942895299145,100.0,447,5.588299776286353,0,0,0,0,0,0,0,41625.0,0.9078461025802542,2.5499064416357107e-05,4.394449154672439,10.636480251018197,False,True,False,False,False,False
7.0,35956,25,6.671140218499566,17379.625889812763,68.07727690892365,1572,6.528145312958054,0,0,0,0,0,0,0,216.9318055401046,2.6774562942733633,0.036633872259156264,10.490079059076491,5.384182195227764,False,False,False,False,True,False
13.0,57,11,6.662948251583755,24178.094281909634,0.0,3549,6.881313711751069,0,0,0,0,0,0,0,105263.15789473684,0.3777770878979938,3.5376608448994694e-05,4.060443010546419,11.564228259312655,False,False,False,False,False,True
29.0,19209,24,6.862374535968757,27829.748828119544,78.33675564681725,3549,6.881313711751069,0,0,0,0,0,0,0,396.1684626997761,0.8427335037724477,0.019089954738453967,9.863186255762603,5.98436052997488,False,False,False,False,False,True
6.0,24523,24,6.865855695491454,37924.10471044419,78.95500725689405,3067,6.382521258497842,0,0,0,0,0,0,0,304.6119969008685,2.3417536978725795,0.02392502822107138,10.107407508882579,5.722316313396404,False,False,False,True,False,False
26.0,1209,16,6.5004185244497705,20155.465753424658,75.0,3549,6.881313711751069,0,0,0,0,0,0,0,5343.258891645988,0.7555541757959876,0.0010111290117810322,7.098375638590786,8.583778159336083,False,False,False,False,False,True
1.0,3574,35,6.210994540743939,17286.006610576922,70.94594594594594,3067,6.382521258497842,0,0,0,0,0,0,0,1883.0442081701176,0.3902922829787633,0.0031333480913689734,8.181720455128108,7.541175919919457,False,False,False,True,False,False
20.0,2856,24,6.962424008119456,28971.431702702517,71.81818181818181,3549,6.881313711751069,0,0,0,0,0,0,0,2510.5042016806724,0.5811955198430674,0.0026661899076560673,7.957527402230773,7.828637136165277,False,False,False,False,False,True
1.0,1540,13,6.6222179777463115,27024.323893797166,69.6969696969697,3067,6.382521258497842,0,0,0,0,0,0,0,3714.285714285714,0.3902922829787633,0.001141609277966665,7.340186835320115,8.220210862481437,False,False,False,True,False,False
12.0,16596,9,6.886170847065008,31888.14867645859,77.8688524590164,3549,6.881313711751069,0,0,0,0,0,0,0,397.6861894432393,0.34871731190584043,0.014301842706255207,9.71697723512072,5.988174614818817,False,False,False,False,False,True
24.0,52260,59,7.053557074291733,52155.92537313433,0.0,3549,6.881313711751069,0,0,0,0,0,0,0,127.05702257941064,0.6974346238116809,0.045328933163315224,10.864005673985291,4.852475653620543,False,False,False,False,False,True
1.0,19488,31,6.718199894385314,22696.756792790373,74.61089494163424,1572,6.528145312958054,0,0,0,0,0,0,0,372.0238095238095,0.38249375632476623,0.018450724772789428,9.877605482822025,5.921642250110119,False,False,False,False,True,False
51.0,7089,14,6.775421225450796,34528.22947139774,61.53846153846154,610,5.665348780241979,0,0,0,0,0,0,0,939.4837071519255,7.031953526018217,0.0061592892829504175,8.866440619526173,6.846394324988611,False,False,True,False,False,False
2.0,1707,34,6.677693639525605,11247.974150664697,62.0,1572,6.528145312958054,0,0,0,0,0,0,0,4270.650263620387,0.7649875126495325,0.0016165715053974206,7.443078374348516,8.359755510158674,False,False,False,False,True,False
12.0,166398,13,6.795739225463397,35127.638562306835,83.21062319221667,3549,6.881313711751069,0,0,0,0,0,0,0,42.969266457529535,0.34871731190584043,0.15543732659961382,12.022143797735803,3.7834909002591437,False,False,False,False,False,True
1.0,607,19,6.195191110040243,2612.9254587155965,50.0,3067,6.382521258497842,0,0,0,0,0,0,0,9390.444810543659,0.3902922829787633,0.00044274690658868676,6.410174881966167,9.147554427303563,False,False,False,True,False,False
1.0,748,13,6.779782172998328,33631.42093373494,72.72727272727273,2188,6.320059610463039,0,0,0,0,0,0,0,7780.7486631016045,0.8886641126398388,0.0005594822305490092,6.618738983517219,8.959536355811625,True,False,False,False,False,False
1.0,223,33,6.7769703251696285,23260.744633196995,0.0,3067,6.382521258497842,0,0,0,0,0,0,0,29372.19730941704,0.3902922829787633,0.00018153420940283105,5.4116460518550396,10.287837881373298,False,False,False,True,False,False
1.0,1850,17,6.787148989909033,25072.28319234912,83.13253012048193,2188,6.320059610463039,0,0,0,0,0,0,0,3821.6216216216217,0.8886641126398388,0.0016995990570696454,7.523481312573497,8.248691754595063,True,False,False,False,False,False
1.0,171,4,6.7813092851953085,23617.5946996758,50.0,3067,6.382521258497842,0,0,0,0,0,0,0,34502.92397660819,0.3902922829787633,0.00012251065759404765,5.147494476813453,10.448828335004135,False,False,False,True,False,False
12.0,100,16,6.662948251583755,24178.094281909634,0.0,2188,6.320059610463039,0,0,0,0,0,0,0,54100.0,10.663969351678066,6.137702197405923e-05,4.61512051684126,10.898607948952096,True,False,False,False,False,False
39.0,129,17,6.6819426705842195,18722.56480948544,50.0,3549,6.881313711751069,0,0,0,0,0,0,0,50077.51937984496,1.1333312636939814,9.957280534047816e-05,4.867534450455582,10.821347440237982,False,False,False,False,False,True
1.0,119,26,6.5004185244497705,20155.465753424658,75.0,610,5.665348780241979,0,0,0,0,0,0,0,48991.59663865546,0.13788144168663172,8.133723892995927e-05,4.787491742782046,10.799424476670639,False,False,True,False,False,False
1.0,101,32,6.81823449633989,16300.076852579828,0.0,2188,6.320059610463039,0,0,0,0,0,0,0,58019.801980198026,0.8886641126398388,6.80221527875506e-05,4.624972813284271,10.968556880058287,True,False,False,False,False,False
1.0,6895,27,6.728879252982257,24172.086087666834,72.65625,1572,6.528145312958054,0,0,0,0,0,0,0,1016.6787527193619,0.38249375632476623,0.006305781361585782,8.83869681234353,6.925279580235383,False,False,False,False,True,False
136.0,552,8,6.764465840959698,30623.558870542678,0.0,3549,6.881313711751069,0,0,0,0,0,0,0,11304.347826086956,3.9521295349328582,0.0004407322011788551,6.315358001522335,9.333031151694485,False,False,False,False,False,True
1.0,54,17,5.817807413381953,12914.387154038113,0.0,2188,6.320059610463039,0,0,0,0,0,0,0,101851.85185185184,0.8886641126398388,2.9497117953377086e-05,4.007333185232471,11.531284421772044,True,False,False,False,False,False
130.0,85,20,6.40169871215857,11208.264643466027,0.0,3549,6.881313711751069,0,0,0,0,0,0,0,57176.4705882353,3.777770878979938,4.4666203432070515e-05,4.454347296253507,10.953915228945352,False,False,False,False,False,True
4.0,1222,18,6.7148620860958035,32591.156928646174,52.0,3067,6.382521258497842,0,0,0,0,0,0,0,5220.949263502455,1.5611691319150531,0.0010093285811359296,7.109062135687172,8.5606260332989,False,False,False,True,False,False
1.0,3415,43,6.82373534428293,32691.40258833341,70.39473684210526,1572,6.528145312958054,0,0,0,0,0,0,0,2023.4260614934115,0.38249375632476623,0.0030738515672136535,8.13622555490846,7.613041512944774,False,False,False,False,True,False
1.0,12755,16,6.838888244975533,30724.557517295634,74.24242424242425,2188,6.320059610463039,0,0,0,0,0,0,0,581.7326538612308,0.8886641126398388,0.012356188645910997,9.453757028129948,6.367728511468957,True,False,False,False,False,False
1.0,3251,36,6.889678266422713,32042.405586642773,74.48275862068967,2188,6.320059610463039,0,0,0,0,0,0,0,2097.81605659797,0.8886641126398388,0.0028875592575832876,8.087025470667701,7.649128682153966,True,False,False,False,False,False
2.0,4874,42,6.195191110040243,2612.9254587155965,67.53246753246754,3067,6.382521258497842,0,0,0,0,0,0,0,1337.7102995486252,0.7805845659575266,0.004142720727908396,8.491875383431948,7.199461966456605,False,False,False,True,False,False
1.0,134,13,6.638243832197137,24791.843889668748,100.0,2188,6.320059610463039,0,0,0,0,0,0,0,54477.611940298506,0.8886641126398388,0.00011849953852259297,4.90527477843843,10.90556346216362,True,False,False,False,False,False
1.0,53,56,6.5004185244497705,20155.465753424658,0.0,1572,6.528145312958054,0,0,0,0,0,0,0,78679.24528301887,0.38249375632476623,1.956861833644415e-05,3.9889840465642745,11.273147389974227,False,False,False,False,True,False
105.0,4031,10,6.956160055045119,29836.624604030683,77.45664739884393,3549,6.881313711751069,0,0,0,0,0,0,0,1830.8112130984866,3.051276479176104,0.0038775295754871716,8.302017809751204,7.513060490305369,False,False,False,False,False,True
1.0,20758,29,6.773814947045645,38844.64072488593,76.59574468085107,1572,6.528145312958054,0,0,0,0,0,0,0,319.876674053377,0.38249375632476623,0.017999326236711664,9.940735166562794,5.77105685632885,False,False,False,False,True,False
26.0,10449,22,6.869738746532374,29090.137568732567,80.36072144288578,3549,6.881313711751069,0,0,0,0,0,0,0,696.7173892238493,0.7555541757959876,0.009929477286322236,9.254357257392957,6.547814134274919,False,False,False,False,False,True
1.0,88,50,6.5264888547538815,17281.5837709483,0.0,2188,6.320059610463039,0,0,0,0,0,0,0,60795.454545454544,0.8886641126398388,5.220501680089575e-05,4.48863636973214,11.015286752856836,True,False,False,False,False,False
52.0,6253,11,6.8565901876316175,17796.688586876702,78.16901408450704,3549,6.881313711751069,0,0,0,0,0,0,0,1079.4818487126179,1.5111083515919752,0.005505360591046836,8.740976538017787,6.985162376835562,False,False,False,False,False,True
1.0,53,15,6.548792989998894,10128.71560623309,0.0,3067,6.382521258497842,0,0,0,0,0,0,0,163584.90566037738,0.3902922829787633,5.072991796321747e-05,3.9889840465642745,12.005093548219367,False,False,False,True,False,False
104.0,249,19,6.810042529424079,23098.545244676698,42.857142857142854,3549,6.881313711751069,0,0,0,0,0,0,0,26024.096385542172,3.0222167031839504,0.00020150749189316584,5.521460917862246,10.166816597051419,False,False,False,False,False,True
1.0,119,33,6.26522859704693,4177.704926926859,0.0,2188,6.320059610463039,0,0,0,0,0,0,0,44621.8487394958,0.8886641126398388,7.325228622176333e-05,4.787491742782046,10.70600131040162,True,False,False,False,False,False
13.0,47588,76,6.494012152354782,22095.72140651465,80.32786885245902,3549,6.881313711751069,0,0,0,0,0,0,0,147.51618054971843,0.3777770878979938,0.043638430698732605,10.770356921076566,5.000693912237816,False,False,False,False,False,True
1.0,993,30,6.889678266422713,32042.405586642773,50.0,1572,6.528145312958054,0,0,0,0,0,0,0,6837.865055387714,0.38249375632476623,0.0008716322202820088,6.901737206656574,8.830377069274197,False,False,False,False,True,False
127.0,591,26,6.865193368386633,24068.215802505594,55.55555555555556,3549,6.881313711751069,0,0,0,0,0,0,0,12368.86632825719,3.690591551003478,0.0005551510058839042,6.3835066348840055,9.423018659205042,False,False,False,False,False,True
2.0,1270,37,6.780483215297768,31315.12126486977,80.59701492537313,3067,6.382521258497842,0,0,0,0,0,0,0,5181.102362204724,0.7805845659575266,0.0010825269312529254,7.147559271189454,8.55296611434354,False,False,False,True,False,False
1.0,86,23,6.490336269696487,6754.518842086047,0.0,2188,6.320059610463039,0,0,0,0,0,0,0,69767.44186046511,0.8886641126398388,5.8110638365382776e-05,4.465908118654584,11.152937064169434,True,False,False,False,False,False
6.0,1381,31,6.722350611700423,22062.58591407578,60.3448275862069,3067,6.382521258497842,0,0,0,0,0,0,0,4207.096307023896,2.3417536978725795,0.0010390200081387985,7.231287004327616,8.344765640805816,False,False,False,True,False,False
1.0,32853,59,6.865589542548404,33463.98869472837,74.53482190324296,1572,6.528145312958054,0,0,0,0,0,0,0,205.4606885215962,0.38249375632476623,0.028964527668561096,10.399828782101146,5.330110023922885,False,False,False,False,True,False
12.37420167311325,533578,18,6.892501368430791,34452.34000811103,0.0,3549,6.881313711751069,0,0,0,0,0,0,0,14.880673491035989,0.35959152870240046,0.5535263420492375,13.18736241748677,2.7651028661939634,False,False,False,False,False,True
12.37420167311325,931,19,6.788534694664589,29007.68657770232,0.0,3549,6.881313711751069,0,0,0,0,0,0,0,6956.077328158292,0.35959152870240046,0.0007784470702075635,6.837332814685591,8.847514741020456,False,False,False,False,False,True
12.37420167311325,146,16,6.738572847556955,33062.21833125778,0.0,1572,6.528145312958054,0,0,0,0,0,0,0,35136.98630136986,4.733054879469294,8.855072049136035e-05,4.990432586778736,10.467038055072623,False,False,False,False,True,False
13.0,72,13,5.558589488847307,349.1694444444444,0.0,610,5.665348780241979,0,0,0,0,0,0,0,74444.44444444445,1.7924587419262124,4.111499117271748e-05,4.290459441148391,11.21782184677653,False,False,True,False,False,False
12.0,20062,24,6.449164054780811,11634.362984927106,76.96476964769647,3549,6.881313711751069,0,0,0,0,0,0,0,339.4477120925132,0.34871731190584043,0.017841115680241812,9.9066326016802,5.83026155166117,False,False,False,False,False,True
1.0,20433,42,6.911270384486426,35878.121998548755,82.6946847960445,2188,6.320059610463039,0,0,0,0,0,0,0,393.4811334605784,0.8886641126398388,0.02145492491507152,9.924955459151368,5.977571315214771,True,False,False,False,False,False
1.0,26104,39,6.8493737032354485,32646.137135500387,69.70728386657589,2188,6.320059610463039,0,0,0,0,0,0,0,280.79987741342325,0.8886641126398388,0.02499058918844726,10.169882145844653,5.641197164451793,True,False,False,False,False,False
1.0,93,64,6.5264888547538815,17281.5837709483,0.0,2188,6.320059610463039,0,0,0,0,0,0,0,64516.12903225806,0.8886641126398388,6.359816282795922e-05,4.543294782270004,11.07468603391895,True,False,False,False,False,False
12.37420167311325,68,18,6.195191110040243,2612.9254587155965,0.0,3067,6.382521258497842,0,0,0,0,0,0,0,95236.8822428731,4.829555421039003,4.8229872828077306e-05,4.23410650459726,11.464133064348463,False,False,False,True,False,False
1.0,915,44,6.661310512963811,17493.1430152059,59.09090909090909,2188,6.320059610463039,0,0,0,0,0,0,0,7497.267759562842,0.8886641126398388,0.000810803011614349,6.82001636467413,8.922427307456166,True,False,False,False,False,False
7.0,57,16,6.5004185244497705,20155.465753424658,0.0,1572,6.528145312958054,0,0,0,0,0,0,0,52631.57894736842,2.6774562942733633,1.3034544565647781e-05,4.060443010546419,10.871090578617336,False,False,False,False,True,False
4.0,1685,32,6.5004185244497705,20155.465753424658,64.93506493506493,1572,6.528145312958054,0,0,0,0,0,0,0,3976.2611275964396,1.529975025299065,0.0014657259906884117,7.430114138561801,8.2883487024931,False,False,False,False,True,False
26.0,1826,22,6.786000370687271,20734.27494205464,77.77777777777779,3549,6.881313711751069,0,0,0,0,0,0,0,4156.626506024096,0.7555541757959876,0.001801489320805255,7.510430556378006,8.332699638992386,False,False,False,False,False,True
6.0,2616,36,6.693995382256044,24823.450931229087,71.05263157894737,1572,6.528145312958054,0,0,0,0,0,0,0,2457.9510703363917,2.294962537948597,0.0021884303493028413,7.869783902530146,7.807490143822365,False,False,False,False,True,False
2.0,670,16,6.723823326708267,24021.174658209355,80.0,3067,6.382521258497842,0,0,0,0,0,0,0,8328.358208955224,0.7805845659575266,0.00047916055105821177,6.508769136971682,9.027541686449043,False,False,False,True,False,False
10.0,32565,33,7.058022440247221,53445.50472073547,72.19430485762143,1572,6.528145312958054,0,0,0,0,0,0,0,208.50606479348994,3.824937563247662,0.028880725330696893,10.391024078324165,5.344752687838121,False,False,False,False,True,False
