Year,Adult Mortality,Alcohol,percentage expenditure,Hepatitis B,Measles,BMI,under-five deaths,Polio,Total expenditure,Diphtheria,HIV/AIDS,GDP,Population,thinness 5-19 years,Income composition of resources,Schooling
7.607878073775032,5.602118824569738,-4.6050701909877585,4.297606207545658,4.189654757177941,5.393627550897816,2.9231616344825953,3.8066625119925415,4.127134401174124,2.101692272864037,4.127134401174124,-2.3025750930440454,6.4178697317768005,12.699493684399624,3.292126323782514,-0.7423353239125878,2.3025851929940404
7.607381426136563,5.5909869842422,-4.6050701909877585,4.293458278766854,4.189654757177941,5.393627550897816,2.8959119935203974,3.8066625119925415,4.127134401174124,2.0955610465609418,4.1588830989846715,-2.3025750930440454,6.4484857953067385,17.158115227083496,3.292126323782514,-0.7550204566207219,2.29253485815064
7.602900462703757,5.680172612430036,-3.9119730066781044,2.727595764641379,4.204692634316339,5.393627550897816,2.6246686646269244,3.8066625119925415,4.127134401174124,2.173614825462722,4.127134401174124,-2.3025750930440454,5.389716972744055,16.998509598910776,3.292126323782514,-0.9649532791869646,1.9169227592408737
7.6024013361650695,5.68697535972965,-4.6050701909877585,2.405958471301571,4.189654757177941,5.393627550897816,2.5952547815837286,3.8066625119925415,4.127134401174124,2.177021983397378,4.127134401174124,-2.3025750930440454,5.291939796009124,14.676225575809712,3.292126323782514,-0.9861741783767679,1.8718023307477334
7.605392365312695,4.510859517505861,1.7561324642964606,5.852363250470863,4.584967488874653,-13.815510557964274,3.9796816725935495,9.999994999180668e-07,4.584967488874653,1.7561324642964606,4.584967488874653,-2.3025750930440454,8.322184260230898,14.889665864612624,1.1314024340716937,-0.3271147547355978,2.5014360337064203
7.603897969020386,4.5951198602356,1.6695920235777468,1.194575346210466,4.584967488874653,4.219507719881989,1.7578580899661518,9.999994999180668e-07,4.574710988812661,1.7681497742373709,4.574710988812661,-2.3025750930440454,3.559035568556293,14.911635422222759,1.252763254209613,-0.3624041818671404,2.4336134431197443
7.603399340239423,2.7080502677688743,1.6409367732919022,3.2955821087416384,4.584967488874653,1.7917596358947079,3.9100210227975527,9.999994999180668e-07,4.574710988812661,1.8115622599229142,4.584967488874653,-2.3025750930440454,5.631723951715239,12.649112882794634,1.2809341232398035,-0.37833498086696266,2.3795462267227623
7.602900462703757,2.833213402879744,1.5129272323175496,5.401969027444906,4.5951198602356,1.945910291912446,3.8897774169307238,9.999994999180668e-07,4.584967488874653,1.8531682540964982,4.574710988812661,-2.3025750930440454,7.7901120045850005,12.69752888813838,1.3083330899204126,-0.3841915044049215,2.388762880978213
7.6024013361650695,2.890371813451719,1.4562869660401316,2.689158866212945,4.574710988812661,2.079441666679828,3.869115525293696,9.999994999180668e-07,4.574710988812661,1.8357765141344498,4.574710988812661,-2.3025750930440454,5.245346655557242,12.735570846564494,1.3609768095458243,-0.39452368439140534,2.3702438349258
7.608374474877062,2.944439031798018,1.5163899384369495,-13.815510557964274,4.553876902126857,4.143134742264548,4.0859763293583065,3.1780538720146114,4.553876902126857,1.782720095474845,4.553876902126857,-2.3025750930440454,8.32670145041786,17.158115227083496,2.468099616217378,-0.29705788837026337,2.667228276026397
7.607878073775032,2.397895363707457,-4.6050701909877585,3.9933692194756834,4.553876902126857,-13.815510557964274,4.067315906957469,3.1780538720146114,4.553876902126857,1.9754690899931033,4.553876902126857,-2.3025750930440454,6.306004631711052,17.158115227083496,2.468099616217378,-0.2997533041592954,2.667228276026397
7.607381426136563,4.718498880223666,-0.6348763856452966,6.299777477675147,4.553876902126857,3.2188758648682,4.0465539158682695,3.1780538720146114,4.553876902126857,1.9629078658733128,4.553876902126857,-2.3025750930440454,8.60737511087,17.158115227083496,2.459588927273792,-0.30516602994161784,2.667228276026397
7.606884531716648,4.727387827561898,-0.4155139288112984,6.320635343686429,4.553876902126857,2.890371813451719,4.027135830353963,3.1780538720146114,4.553876902126857,1.8148249050254872,4.553876902126857,-2.3025750930440454,8.624220935456117,17.158115227083496,2.459588927273792,-0.31197339890154,2.667228276026397
7.6063873902699175,4.753590199727054,-0.5798167095402507,6.23245202734798,4.553876902126857,4.718498880223666,4.007333203414289,3.1780538720146114,4.553876902126857,1.665818434906107,4.553876902126857,-2.3025750930440454,8.600109115324845,17.158115227083496,2.459588927273792,-0.32296250538190496,2.6390574010438272
7.605890001550634,4.77912350151489,-0.7985054739980185,6.065452624985387,4.553876902126857,4.634728997938374,3.987130496467827,3.1780538720146114,4.553876902126857,1.6331546343638974,4.553876902126857,-2.3025750930440454,8.403664893611985,17.158115227083496,2.459588927273792,-0.3368709160833094,2.6100698662714152
7.605392365312695,4.812184363502499,-0.6931451805619453,5.863811962948261,4.543294792908302,4.6728288438077,3.9665112096516095,3.13549425940741,4.543294792908302,1.6789641616498574,4.553876902126857,-2.3025750930440454,8.26070773291684,15.081493188973408,2.4765384841510936,-0.3495560577311581,2.5726123065429807
7.6048944813096275,4.836281914887986,-0.7765266155883158,3.7632253737059207,4.510859517505861,5.379897358148755,3.947390168570456,3.13549425940741,4.521788587918605,1.4350847633845325,4.532599503905944,-2.3025750930440454,6.2050725128902915,15.064470590169842,2.4765384841510936,-0.36096843350241287,2.5336968933225084
7.603897969020386,4.882801930162128,-1.0216484697580617,5.599311182780952,4.189654757177941,5.393627550897816,3.9080150041109283,3.13549425940741,4.553876902126857,1.2119412715941162,4.553876902126857,-2.3025750930440454,8.150357631661718,17.158115227083496,2.49320553524732,-0.37687619353136664,2.5095993436791817
7.600902460042082,4.976733749317126,-1.3862903611278907,5.039908907455252,4.392730371564323,-13.815510557964274,3.7932394919607013,3.2188758648682,4.454347307881415,1.2499020227472462,4.454347307881415,-2.3025750930440454,7.471464375601463,14.952819704649123,2.557227388887003,-0.45255514331620694,2.3702438349258
7.608374474877062,5.814130534810141,1.5163899384369495,-13.815510557964274,4.189654757177941,4.770684632940241,3.148453403490109,3.8066625119925415,4.127134401174124,1.782720095474845,4.1588830989846715,0.09531108889482073,8.21495062736249,14.84009410210966,2.8033604415125937,-0.6329913745028001,2.4336134431197443
7.6048944813096275,5.916202065302853,1.955860621351187,5.521101640529874,4.2341065190900125,5.393627550897816,2.96010514772431,3.8066625119925415,4.174387285280252,1.3454726270162682,4.2341065190900125,0.09531108889482073,8.260642505147771,14.59297223219143,2.939161974975648,-0.7592848463146364,2.0918641851351754
7.603897969020386,5.942799377751373,1.7647309680729977,3.222345368634279,4.392730371564323,5.393627550897816,2.901421649027803,3.8066625119925415,4.127134401174124,1.5129272323175496,4.127134401174124,0.09531108889482073,5.569927791683747,14.631936312676249,2.970414516851751,-0.8232535880052322,1.974081164910889
7.603399340239423,5.945420611224376,1.617406280495956,4.586919166459758,4.392730371564323,5.393627550897816,2.873564696076957,3.8066625119925415,4.127134401174124,1.4109872176126714,4.127134401174124,0.09531108889482073,7.275166730794496,16.788615861518554,2.388762880978213,-0.8533135852976815,1.9169227592408737
7.602900462703757,5.9558373720555045,1.2612981542312842,2.182311539821958,4.392730371564323,3.367295864469232,2.8449094419589405,3.8066625119925415,4.127134401174124,1.549688120342529,4.127134401174124,0.09531108889482073,4.954900156329985,16.752856864543222,0.8329095577176182,-0.8794743491157878,1.856298146615614
7.608374474877062,2.5649494343846104,1.5163899384369495,-13.815510557964274,4.5951198602356,-13.815510557964274,3.864931418858656,-13.815510557964274,4.454347307881415,1.782720095474845,4.5951198602356,-1.6094329124466003,9.515392269344037,16.337608563285418,1.88706980054752,-0.24334498312233852,2.6318889120790896
7.607878073775032,4.875197330834739,2.147100306976074,7.151389511025543,4.5951198602356,-13.815510557964274,3.850147622986654,-13.815510557964274,4.564348201884503,1.7119946812645914,4.5951198602356,-1.6094329124466003,9.464074943756989,16.337608563285418,1.88706980054752,-0.24589925966526502,2.6318889120790896
7.607381426136563,4.890349135740551,2.1494340300499806,7.151389511025543,4.5951198602356,-13.815510557964274,3.8372994807839333,-13.815510557964274,4.584967488874653,1.6733514257949964,4.5951198602356,-1.6094329124466003,9.411227202706696,16.337608563285418,1.88706980054752,-0.24717884873353962,2.6318889120790896
7.606884531716648,4.897839807413598,2.101692272864037,7.151389511025543,4.584967488874653,-13.815510557964274,3.822098319781997,-13.815510557964274,4.574710988812661,1.6845455704496455,4.584967488874653,-1.6094329124466003,9.438705624130264,16.337608563285418,1.88706980054752,-0.25102746945752774,2.6246686646269244
7.6063873902699175,4.912654893088993,2.0592389619133287,7.151389511025543,4.5951198602356,-13.815510557964274,3.8088822686815815,-13.815510557964274,4.5951198602356,1.7316557221494844,4.5951198602356,-2.3025750930440454,9.386757021654162,16.337608563285418,1.88706980054752,-0.24589925966526502,2.646174868306106
7.605890001550634,4.927253692403581,2.0592389619133287,7.151389511025543,4.584967488874653,-13.815510557964274,3.7932394919607013,-13.815510557964274,4.5951198602356,1.7281096197714767,4.584967488874653,-2.3025750930440454,9.403179437114076,16.337608563285418,1.88706980054752,-0.24462130585294126,2.646174868306106
7.605392365312695,2.6390574010438272,2.0566846824344496,5.006351039770798,4.584967488874653,-13.815510557964274,3.7796338402134504,-13.815510557964274,4.584967488874653,1.5810386436736983,4.5951198602356,-2.3025750930440454,7.179663791100558,16.337608563285418,1.9021076756506405,-0.2382559200895301,2.6532420350297476
7.6048944813096275,4.955827064643514,2.112634629954577,5.197260192109891,4.584967488874653,-13.815510557964274,3.7658405183982127,-13.815510557964274,4.5951198602356,1.5454327956777816,4.5951198602356,-2.3025750930440454,7.295273114638368,16.337608563285418,1.9021076756506405,-0.24079721428910872,2.667228276026397
7.6043963492945945,4.969813306520445,2.156402698556698,5.552829854801603,4.574710988812661,-13.815510557964274,3.7518542767495027,-13.815510557964274,4.584967488874653,1.4516140614325432,4.5951198602356,-2.3025750930440454,9.56467319175217,16.337608563285418,1.9021076756506405,-0.24717884873353962,2.6741487183920434
7.603897969020386,4.976733749317126,2.1894165068704843,5.376734269162624,4.5951198602356,-13.815510557964274,3.7376696420928917,-13.815510557964274,4.5951198602356,1.4678745785270335,4.5951198602356,-2.3025750930440454,9.451276199498011,16.337608563285418,1.9169227592408737,-0.257474936734491,2.687847561811899
7.603399340239423,4.990432593581457,2.09801804995215,7.151389511025543,4.5951198602356,-13.815510557964274,3.7232809049858577,-13.815510557964274,4.584967488874653,1.4838749162160987,4.5951198602356,-2.3025750930440454,9.338904104395594,16.337608563285418,1.9315215565307395,-1.3167645671349584,1.686399138755397
7.602900462703757,5.003946312656868,1.9851309995712225,3.129517830251089,4.574710988812661,-13.815510557964274,1.568616126247157,-13.815510557964274,4.574710988812661,1.437462885223953,4.574710988812661,-2.3025750930440454,7.209959444304503,16.337608563285418,1.9315215565307395,-1.3167645671349584,1.686399138755397
7.6024013361650695,5.017279843437441,1.968510120637349,7.054506012330851,4.5951198602356,-13.815510557964274,1.4109872176126714,-13.815510557964274,4.5951198602356,1.5107221602454703,4.5951198602356,-2.3025750930440454,9.183978486927948,16.337608563285418,1.945910291912446,-1.3167645671349584,1.686399138755397
7.601901960374667,5.030437927928383,1.9754690899931033,6.8323931523207095,4.5951198602356,-13.815510557964274,3.6763006972235317,-13.815510557964274,4.532599503905944,1.4838749162160987,4.584967488874653,-2.3025750930440454,9.147050825531565,16.337608563285418,1.9600949248923303,-1.3167645671349584,1.686399138755397
7.601402335083484,5.036952608907136,2.016235598931827,5.098448952949486,4.564348201884503,-13.815510557964274,3.660994276331341,-13.815510557964274,4.5951198602356,1.4996232696411547,4.574710988812661,-2.3025750930440454,9.14400334521652,16.337608563285418,1.9600949248923303,-1.3167645671349584,1.686399138755397
7.600902460042082,5.049856013659793,1.9837564290970005,7.027973986868067,4.392730371564323,-13.815510557964274,3.64283554179054,-13.815510557964274,4.564348201884503,1.4182776491036626,4.553876902126857,-2.3025750930440454,9.197777968065578,16.337608563285418,1.9878744851406376,-1.3167645671349584,1.686399138755397
7.608374474877062,4.753590199727054,1.5163899384369495,-13.815510557964274,4.543294792908302,-13.815510557964274,4.13995508939772,2.1972246884473243,4.532599503905944,1.782720095474845,4.543294792908302,-2.3025750930440454,9.508006705472823,17.158115227083496,0.6418544124880456,-0.1911592948081388,2.8507065593072
7.607878073775032,4.770684632940241,2.0706531617501533,6.742139497183503,4.543294792908302,9.999994999180668e-07,4.130355015822304,2.1972246884473243,4.521788587918605,1.5665306201910694,4.543294792908302,-2.3025750930440454,9.412893912490766,17.158115227083496,0.6418544124880456,-0.1923706805269786,2.8507065593072
7.606884531716648,2.48490673312133,2.122261658623236,7.0331166411129535,4.510859517505861,0.6931476805598203,4.1108738805667535,2.3025851929940404,4.5951198602356,1.6486588178950556,4.510859517505861,-2.3025750930440454,9.470376636522664,15.273366920861415,0.6418544124880456,-0.196013667381685,2.8449094419589405
7.6063873902699175,2.48490673312133,2.093097991431876,7.151389511025543,4.510859517505861,1.0986126220013874,1.856298146615614,2.3025851929940404,4.532599503905944,1.7732561674427678,4.510859517505861,-2.3025750930440454,9.451479711470748,17.158115227083496,0.6418544124880456,-0.2033396985285849,2.839078521988145
7.605890001550634,4.795790553861204,2.09801804995215,5.23437043571974,4.543294792908302,2.833213402879744,4.091005677678994,2.397895363707457,4.553876902126857,1.8794652023189047,4.543294792908302,-2.3025750930440454,7.151693123376497,17.158115227083496,0.6418544124880456,-0.2206454242336068,2.821378945933021
7.605392365312695,4.836281914887986,2.1198635762267632,7.151389511025543,4.543294792908302,1.0986126220013874,4.080921558781852,2.397895363707457,4.574710988812661,2.032087976357956,4.543294792908302,-2.3025750930440454,9.00716728448556,13.081430960123122,0.6418544124880456,-0.2306705582899505,2.8033604415125937
7.6048944813096275,4.836281914887986,2.129421592890914,7.151389511025543,4.189654757177941,-13.815510557964274,4.070734713647814,2.397895363707457,4.543294792908302,1.8961196347024367,4.532599503905944,-2.3025750930440454,9.099784078947735,15.293104567447868,0.6418544124880456,-0.2331926245422456,2.791165169162408
7.6043963492945945,4.85981241211361,2.099244291525028,7.008196845220433,4.442651268255022,-13.815510557964274,4.060443027787798,2.48490673312133,4.521788587918605,1.8702626847991917,4.510859517505861,-2.3025750930440454,8.880949473134983,15.201110678154938,0.6931476805598203,-0.2382559200895301,2.791165169162408
7.603897969020386,4.844187094332607,2.0476929723975053,6.868159062680372,4.430816810748075,-13.815510557964274,4.051784965194609,2.48490673312133,4.521788587918605,1.899118137249142,4.510859517505861,-2.3025750930440454,8.679101350501732,15.190715912686246,0.6931476805598203,-0.24589925966526502,2.778819334102217
7.603399340239423,4.844187094332607,2.018895174613918,4.566081431143929,4.477336825841843,-13.815510557964274,4.041295358706978,2.48490673312133,4.553876902126857,1.9242487982595247,4.584967488874653,-2.3025750930440454,6.357640911748856,17.158115227083496,0.7419378209197403,-0.24846007724803934,2.791165169162408
7.602900462703757,2.5649494343846104,2.032087976357956,6.578370797753628,4.394449167018117,-13.815510557964274,4.030694552907634,2.48490673312133,4.510859517505861,1.9227878778332788,4.584967488874653,-2.3025750930440454,8.355044628383158,17.158115227083496,0.7419378209197403,-0.2548909593070418,2.791165169162408
7.6024013361650695,4.919980933127395,2.0307765009321423,4.053256464938534,4.290459454847021,-13.815510557964274,4.01998016488656,2.5649494343846104,4.553876902126857,2.1065703307225823,4.564348201884503,-2.3025750930440454,5.809455744401369,15.160821192736282,0.7884578149096215,-0.26136346543395206,2.7972813958057605
7.601901960374667,4.927253692403581,2.0554050918925593,6.153130308198572,4.189654757177941,-13.815510557964274,4.009149734307689,2.5649494343846104,4.543294792908302,2.117459729204293,4.532599503905944,-2.3025750930440454,7.855231903813144,15.147596062784386,0.7884578149096215,-0.25360147013995477,2.791165169162408
7.601402335083484,4.927253692403581,2.0489824630610984,4.81228896859945,4.392730371564323,-13.815510557964274,4.000033901065877,2.5649494343846104,4.442651268255022,2.2385798696279355,4.418840619844791,-2.3025750930440454,6.576044234873876,15.136508510822955,0.8329095577176182,-0.2600656084027874,2.7472709783580536
7.600902460042082,4.919980933127395,2.0386196773679055,7.151389511025543,4.392730371564323,1.7917596358947079,3.988984065082793,2.6390574010438272,4.477336825841843,2.220289958844843,4.418840619844791,-2.3025750930440454,8.944977224560832,15.139251626076842,0.8329095577176182,-0.26918618091594954,2.7080502677688743
7.606884531716648,4.795790553861204,1.3584094146997308,5.613685248965536,4.553876902126857,-13.815510557964274,3.962716138755071,9.999994999180668e-07,4.564348201884503,1.4996232696411547,4.553876902126857,-2.3025750930440454,8.21198458287831,14.873967990637185,1.4109872176126714,-0.31197339890154,2.5416020722046997
7.6063873902699175,4.852030271732117,1.408545214553458,5.564506551288002,4.553876902126857,-13.815510557964274,3.9493188094396654,9.999994999180668e-07,4.564348201884503,1.3110321461610865,4.553876902126857,-2.3025750930440454,8.16819673344906,14.871765298753639,1.4109872176126714,-0.31608017523230725,2.5416020722046997
7.605890001550634,4.882801930162128,1.4422022294647783,5.413078964031574,4.543294792908302,0.6931476805598203,3.9357395515767117,9.999994999180668e-07,4.564348201884503,1.5173228428245162,4.543294792908302,-2.3025750930440454,8.076633920892762,14.872366735405725,1.4109872176126714,-0.32850267808411165,2.5095993436791817
7.605392365312695,4.919980933127395,1.3762442777916097,5.304227602146429,4.532599503905944,-13.815510557964274,1.7404663502790856,9.999994999180668e-07,4.543294792908302,1.5151274527430547,4.532599503905944,-2.3025750930440454,8.00430962887944,14.876276974618769,1.4109872176126714,-0.3215822448180687,2.4765384841510936
7.601901960374667,4.897839807413598,1.0508219744820497,4.046171045911291,4.510859517505861,3.688879479113936,3.867025660417912,9.999994999180668e-07,4.564348201884503,1.686399138755397,4.543294792908302,-2.3025750930440454,6.66346686748007,12.718587841168413,1.4350847633845325,-0.43850341179996943,2.3795462267227623
7.600902460042082,4.955827064643514,1.0647110818199552,3.4890943797902567,4.189654757177941,2.7080502677688743,3.852273022253794,9.999994999180668e-07,4.564348201884503,1.8325816237482973,4.532599503905944,-2.3025750930440454,6.434133510076104,12.820144150692823,1.4586152552576295,-0.4478492596605998,2.415913867586759
7.607878073775032,1.7917596358947079,2.27315638528984,7.151389511025543,4.510859517505861,5.393627550897816,4.1911687619862334,9.999994999180668e-07,4.521788587918605,2.2428351947453784,4.521788587918605,-2.3025750930440454,9.733547763562223,14.66851808712598,0.18232239012694063,-0.06613873412904725,2.970414516851751
7.607381426136563,4.1108738805667535,2.2894999547625074,7.151389511025543,4.510859517505861,5.062595039356081,4.182050157908382,9.999994999180668e-07,4.510859517505861,2.2364453973271017,4.510859517505861,-2.3025750930440454,9.733547763562223,16.95609410559468,0.18232239012694063,-0.06934900632400633,2.970414516851751
7.606884531716648,4.1108738805667535,2.3055807016747365,7.151389511025543,4.510859517505861,5.293304829749618,4.174387285280252,9.999994999180668e-07,4.521788587918605,2.2364453973271017,4.521788587918605,-2.3025750930440454,9.733547763562223,16.939119378096137,0.18232239012694063,-0.07256961756659625,2.970414516851751
7.608374474877062,4.174387285280252,1.5163899384369495,-13.815510557964274,4.532599503905944,5.393627550897816,4.053522585062956,-13.815510557964274,4.532599503905944,1.782720095474845,4.532599503905944,-2.3025750930440454,9.733547763562223,15.971122203071575,1.3862946111198593,-0.11428802532652285,2.7663191721192657
7.607878073775032,4.189654757177941,2.386926333339557,7.151389511025543,4.584967488874653,4.762173943344765,4.0448041341750995,-13.815510557964274,4.584967488874653,2.4168063262901307,4.584967488874653,-2.3025750930440454,9.733547763562223,15.960455974989951,1.3350013298902002,-0.11428802532652285,2.7663191721192657
7.607381426136563,4.219507719881989,2.386926333339557,4.506288777290138,4.553876902126857,-13.815510557964274,4.036009002876981,-13.815510557964274,4.553876902126857,2.410542324265741,4.553876902126857,-2.3025750930440454,6.318455047015071,15.953147302221828,1.3350013298902002,-0.11990916927747713,2.7536607760485277
7.6063873902699175,4.290459454847021,2.386926333339557,7.151389511025543,4.488636380968095,4.219507719881989,4.01998016488656,-13.815510557964274,4.488636380968095,0.6626884885390214,4.488636380968095,-2.3025750930440454,9.733547763562223,15.94274688763874,1.3083330899204126,-0.12783223514689415,2.7536607760485277
7.605890001550634,4.317488126869644,2.386926333339557,7.151389511025543,4.454347307881415,3.9512437378121965,4.010962971398992,-13.815510557964274,4.454347307881415,2.41323170260662,4.454347307881415,-2.3025750930440454,9.733547763562223,13.636795290685606,1.2809341232398035,-0.13696470828482413,2.7343675743546463
7.605392365312695,4.3438054348406965,2.386926333339557,7.151389511025543,4.418840619844791,3.8918203185187896,4.001863727709471,-13.815510557964274,4.418840619844791,2.4150206116893345,4.418840619844791,-2.3025750930440454,9.733547763562223,15.936972136225418,1.2809341232398035,-0.13926091790888084,2.7278528937578645
7.6048944813096275,4.330733353444225,2.386926333339557,7.151389511025543,4.418840619844791,5.393627550897816,3.992680926895785,-13.815510557964274,4.418840619844791,0.47000425424554026,4.418840619844791,-2.3025750930440454,9.733547763562223,15.934352604326353,1.2809341232398035,-0.1461813527713438,2.714694810046042
7.6043963492945945,2.079441666679828,2.386926333339557,7.151389511025543,4.442651268255022,2.9957323235539897,3.9834130201367928,-13.815510557964274,4.442651268255022,0.336472950906672,4.442651268255022,-2.3025750930440454,9.733547763562223,15.93122218994974,1.2809341232398035,-0.15082172694456197,2.721295493641702
7.603897969020386,4.394449167018117,2.386926333339557,4.24748036409204,4.418840619844791,3.13549425940741,3.974058415144591,-13.815510557964274,4.418840619844791,0.30010533319080446,4.418840619844791,-2.3025750930440454,6.0958101726890535,15.927980724596885,1.2809341232398035,-0.1578229142340654,2.7080502677688743
7.603399340239423,4.442651268255022,2.386926333339557,7.151389511025543,4.454347307881415,2.1972246884473243,3.9646154745226485,-13.815510557964274,4.454347307881415,0.4252683889989017,4.454347307881415,-2.3025750930440454,9.733547763562223,15.9230327468459,1.2809341232398035,-0.16487346394564625,2.7013612800655054
7.602900462703757,4.454347307881415,2.386926333339557,7.151389511025543,4.418840619844791,2.7080502677688743,3.955082514045681,-13.815510557964274,4.418840619844791,0.44468646228688125,4.418840619844791,-2.3025750930440454,9.733547763562223,15.916220074362904,1.2809341232398035,-0.17316242994925385,2.687847561811899
7.6024013361650695,4.477336825841843,2.386926333339557,6.223430812566417,4.418840619844791,4.499809681441376,3.945457800856743,-13.815510557964274,4.430816810748075,0.39204276345147104,4.430816810748075,-2.3025750930440454,8.074940284529056,15.910015943089563,1.2809341232398035,-0.17793001375024523,2.687847561811899
7.601901960374667,2.1972246884473243,2.386926333339557,7.151389511025543,4.394449167018117,-13.815510557964274,3.9357395515767117,-13.815510557964274,4.406719259459375,0.23901768787176467,4.418840619844791,-2.3025750930440454,9.733547763562223,13.689898580967137,1.2809341232398035,-0.16605340369323532,2.778819334102217
7.601402335083484,4.521788587918605,2.386926333339557,7.151389511025543,4.189654757177941,-13.815510557964274,1.722766776312516,-13.815510557964274,4.418840619844791,0.11332957816374746,4.430816810748075,-2.3025750930440454,9.733547763562223,13.64388321369193,1.2809341232398035,-0.17793001375024523,2.740840088441328
7.600902460042082,4.564348201884503,2.386926333339557,7.151389511025543,4.189654757177941,-13.815510557964274,1.6292407358086922,-13.815510557964274,4.262679891125822,0.47000425424554026,4.394449167018117,-2.3025750930440454,9.733547763562223,13.6067209934996,1.2809341232398035,-0.18272043633582288,2.7343675743546463
7.608374474877062,4.770684632940241,1.5163899384369495,-13.815510557964274,4.564348201884503,-13.815510557964274,3.9608131886451967,1.7917596358947079,4.584967488874653,1.782720095474845,4.564348201884503,-2.3025750930440454,4.013022804968842,16.082400180827953,1.7404663502790854,-0.27707057407942187,2.5416020722046997
7.607878073775032,4.77912350151489,-4.6050701909877585,5.724181108292239,4.543294792908302,-13.815510557964274,3.941581827087166,1.7917596358947079,4.574710988812661,1.856298146615614,4.543294792908302,-2.3025750930440454,8.973516137534585,13.767977553239707,1.7404663502790854,-0.2850176252459473,2.5014360337064203
7.607381426136563,4.795790553861204,0.7608062963233707,5.6191373663886734,4.532599503905944,5.099866433921759,1.722766776312516,1.7917596358947079,4.564348201884503,1.7119946812645914,4.532599503905944,-2.3025750930440454,8.97154458021735,13.755421855018726,1.722766776312516,-0.2943697183215992,2.4765384841510936
7.606884531716648,4.812184363502499,-4.6050701909877585,5.654628617058331,4.477336825841843,-13.815510557964274,3.906004953223307,1.7917596358947079,4.521788587918605,1.6808280947404952,4.488636380968095,-2.3025750930440454,8.922169610668785,16.04507152200364,1.722766776312516,-0.29840468810676984,2.468099616217378
7.6063873902699175,4.828313745302301,0.6830973497568213,5.572696470582779,4.430816810748075,-13.815510557964274,3.8877303333509046,1.7917596358947079,4.510859517505861,1.6292407358086922,4.465908130148836,-2.3025750930440454,8.88040350542578,13.729279240286708,1.7404663502790854,-0.2997533041592954,2.459588927273792
7.605890001550634,2.5649494343846104,0.6830973497568213,5.5076402582118,4.189654757177941,-13.815510557964274,3.871201031741224,1.7917596358947079,4.442651268255022,1.6733514257949964,4.394449167018117,-2.3025750930440454,8.672975312462125,13.768766898276343,1.7404663502790854,-0.30516602994161784,2.459588927273792
7.605392365312695,4.882801930162128,0.7419378209197403,3.1129099931546818,4.304065106717683,-13.815510557964274,3.856510316639536,1.7917596358947079,4.430816810748075,1.7664418321839215,4.394449167018117,-2.3025750930440454,6.20515312469942,16.0068559981029,1.7404663502790854,-0.31745285716002086,2.4510051843192118
7.603897969020386,5.036952608907136,-0.16251775302787871,4.659977708536164,4.189654757177941,5.393627550897816,3.813307054564043,1.945910291912446,4.127134401174124,1.8196989999918376,4.356708839510104,-2.3025750930440454,7.813534057766876,13.651172327483968,1.7578580899661518,-0.38272415486409,2.3702438349258
7.608374474877062,4.990432593581457,1.5163899384369495,-13.815510557964274,4.553876902126857,-13.815510557964274,4.166665239305603,-13.815510557964274,4.553876902126857,1.782720095474845,4.553876902126857,-2.3025750930440454,8.897930140949667,16.337608563285418,1.6094381124340804,-0.23572106769908613,2.5336968933225084
7.607878073775032,2.772588784739779,2.2460148473257515,-13.815510557964274,4.564348201884503,-13.815510557964274,4.155753206024725,-13.815510557964274,4.564348201884503,2.0464018168005937,4.564348201884503,-2.3025750930440454,8.897930140949667,16.337608563285418,1.6094381124340804,-0.23698769070994297,2.5336968933225084
7.607381426136563,5.1474944826274065,2.2428351947453784,-13.815510557964274,4.574710988812661,-13.815510557964274,4.146304316975597,-13.815510557964274,4.574710988812661,2.014903153875589,4.574710988812661,-2.3025750930440454,8.897930140949667,16.337608563285418,1.6094381124340804,-0.23572106769908613,2.5336968933225084
7.606884531716648,5.117993818404779,2.2512919038696473,-13.815510557964274,4.564348201884503,-13.815510557964274,4.136765294080494,-13.815510557964274,4.5951198602356,2.0055259933191607,4.584967488874653,-1.6094329124466003,8.897930140949667,16.337608563285418,1.6094381124340804,-0.23698769070994297,2.5336968933225084
7.6063873902699175,5.087596341405224,2.2343063593071264,-13.815510557964274,4.553876902126857,-13.815510557964274,4.127134401174124,-13.815510557964274,4.574710988812661,2.032087976357956,4.584967488874653,-2.3025750930440454,8.897930140949667,16.337608563285418,1.6094381124340804,-0.2382559200895301,2.5336968933225084
7.605890001550634,5.081404371195643,2.218116045181518,-13.815510557964274,4.584967488874653,-13.815510557964274,4.11577985925538,-13.815510557964274,4.574710988812661,2.006870983253594,4.5951198602356,-1.6094329124466003,8.897930140949667,16.337608563285418,1.6094381124340804,-0.2382559200895301,2.5336968933225084
7.605392365312695,5.12396398535564,2.228938660468368,-13.815510557964274,4.553876902126857,-13.815510557964274,1.9021076756506405,-13.815510557964274,4.574710988812661,2.0055259933191607,4.564348201884503,-2.3025750930440454,8.897930140949667,16.337608563285418,1.6094381124340804,-0.23445604699277905,2.5336968933225084
7.6048944813096275,5.117993818404779,2.3174738040099587,-13.815510557964274,4.189654757177941,-13.815510557964274,1.8082889351136784,-13.815510557964274,4.532599503905944,1.9878744851406374,4.532599503905944,-2.3025750930440454,8.897930140949667,16.337608563285418,1.6094381124340804,-0.23445604699277905,2.5336968933225084
7.6043963492945945,5.117993818404779,2.3749058475969234,-13.815510557964274,4.532599503905944,-13.815510557964274,4.084294243203616,-13.815510557964274,4.553876902126857,2.054123861900666,4.553876902126857,-2.3025750930440454,8.897930140949667,16.337608563285418,1.6094381124340804,-0.23572106769908613,2.525728724308252
7.603897969020386,5.141663562350613,2.386926333339557,-13.815510557964274,4.564348201884503,-13.815510557964274,4.072439743869825,-13.815510557964274,4.543294792908302,1.9358599575019457,4.553876902126857,-2.3025750930440454,8.897930140949667,16.337608563285418,1.6094381124340804,-0.2382559200895301,2.5176965532561493
7.603399340239423,5.1474944826274065,2.3504225177370857,-13.815510557964274,4.532599503905944,-13.815510557964274,4.062165681069569,-13.815510557964274,4.532599503905944,1.7833913876247511,4.532599503905944,-2.3025750930440454,8.897930140949667,16.337608563285418,1.6292407358086922,-0.24079721428910872,2.5176965532561493
7.602900462703757,5.159055304961655,2.3125355228571096,-13.815510557964274,4.532599503905944,-13.815510557964274,4.050044320747124,-13.815510557964274,4.521788587918605,1.8245494533413555,4.532599503905944,-2.3025750930440454,8.897930140949667,16.337608563285418,1.6292407358086922,-0.24334498312233852,2.5095993436791817
7.6024013361650695,5.2417470203506475,2.368372927165003,-13.815510557964274,4.477336825841843,-13.815510557964274,4.037774228370391,-13.815510557964274,4.532599503905944,1.726331841841527,4.521788587918605,-2.3025750930440454,8.897930140949667,16.337608563285418,1.6292407358086922,-0.24462130585294126,2.5014360337064203
7.601901960374667,2.944439031798018,2.384165172152363,-13.815510557964274,4.488636380968095,-13.815510557964274,4.025351708592292,-13.815510557964274,4.532599503905944,1.6601312168636688,4.543294792908302,-2.3025750930440454,8.897930140949667,16.337608563285418,1.6486588178950556,-0.24717884873353962,2.49320553524732
7.601402335083484,5.2417470203506475,2.386926333339557,-13.815510557964274,4.189654757177941,-13.815510557964274,4.010962971398992,-13.815510557964274,4.584967488874653,1.6389969088503833,4.5951198602356,-1.6094329124466003,8.897930140949667,16.337608563285418,1.6677070092373039,-0.24974294941516517,2.49320553524732
7.600902460042082,5.257495377236115,2.386926333339557,-13.815510557964274,4.392730371564323,-13.815510557964274,3.99636417224425,-13.815510557964274,4.510859517505861,1.6505800477038368,4.5951198602356,-2.3025750930440454,8.897930140949667,16.337608563285418,1.6677070092373039,-1.3167645671349584,2.48490673312133
7.608374474877062,4.2341065190900125,1.5163899384369495,-13.815510557964274,4.584967488874653,-13.815510557964274,4.152613486069347,-13.815510557964274,4.584967488874653,1.782720095474845,4.584967488874653,-2.3025750930440454,9.733547763562223,16.337608563285418,2.5095993436791817,-0.19479786323897677,2.6741487183920434
7.607381426136563,1.945910291912446,0.5007758939729116,1.3784378247034925,4.5951198602356,-13.815510557964274,4.130355015822304,-13.815510557964274,4.5951198602356,1.5454327956777816,4.5951198602356,-2.3025750930440454,5.5261829156619635,16.337608563285418,2.49320553524732,-0.2045659387481621,2.6741487183920434
7.606884531716648,4.262679891125822,0.5306288392972914,7.151389511025543,4.5951198602356,-13.815510557964274,4.119037191072635,-13.815510557964274,4.5951198602356,1.4747632379404245,4.5951198602356,-2.3025750930440454,9.733547763562223,16.337608563285418,2.49320553524732,-0.20825370729412374,2.6741487183920434
7.6063873902699175,4.330733353444225,0.5068182047779088,5.2871222802631666,4.5951198602356,-13.815510557964274,1.9169227592408737,-13.815510557964274,4.5951198602356,1.2237757257397195,4.5951198602356,-2.3025750930440454,7.73242367104315,16.337608563285418,2.49320553524732,-0.20825370729412374,2.667228276026397
7.605890001550634,4.290459454847021,0.6575205210513749,5.586385414001882,4.5951198602356,-13.815510557964274,1.8082889351136784,-13.815510557964274,4.5951198602356,1.2919839563738864,4.5951198602356,-2.3025750930440454,7.909173210932252,16.337608563285418,2.4765384841510936,-0.21071979674851335,2.667228276026397
7.605392365312695,4.304065106717683,0.6678298853960367,5.80794657169061,4.584967488874653,1.0986126220013874,4.082609322867086,-13.815510557964274,4.574710988812661,1.332366282946543,4.584967488874653,-2.3025750930440454,9.733547763562223,16.337608563285418,2.4765384841510936,-0.20579368447912288,2.667228276026397
7.6048944813096275,4.330733353444225,0.6931476805598203,5.444786729883817,4.574710988812661,0.6931476805598203,4.069026771331828,-13.815510557964274,4.574710988812661,1.1537319033465527,4.574710988812661,-2.3025750930440454,7.769617428058359,16.337608563285418,2.4765384841510936,-0.2045659387481621,2.667228276026397
7.6043963492945945,4.3438054348406965,0.6931476805598203,5.628916251615741,4.574710988812661,1.945910291912446,4.053522585062956,-13.815510557964274,4.574710988812661,1.3350013298902002,4.574710988812661,-2.3025750930440454,7.998710090867043,16.337608563285418,2.48490673312133,-0.20702293942278283,2.667228276026397
7.603897969020386,4.369447865125249,0.7419378209197403,5.14012672530513,4.584967488874653,1.0986126220013874,4.039536343332739,-13.815510557964274,4.584967488874653,1.3350013298902002,4.584967488874653,-2.3025750930440454,7.569409465822618,16.337608563285418,2.48490673312133,-0.21071979674851335,2.6532420350297476
7.603399340239423,4.394449167018117,0.7178402809550759,7.151389511025543,4.584967488874653,1.3862946111198593,4.027135830353963,-13.815510557964274,4.584967488874653,1.150572344054467,4.584967488874653,-2.3025750930440454,9.733547763562223,16.337608563285418,2.48490673312133,-0.21567029578148925,2.6390574010438272
7.602900462703757,4.418840619844791,0.7701086846589296,7.151389511025543,4.584967488874653,2.397895363707457,4.018183219242148,-13.815510557964274,4.584967488874653,1.2149130411001314,4.584967488874653,-2.3025750930440454,9.67070244613698,16.337608563285418,2.48490673312133,-0.21939931970613824,2.6318889120790896
7.6024013361650695,4.442651268255022,0.7701086846589296,7.1021356419021515,4.584967488874653,2.48490673312133,4.010962971398992,-13.815510557964274,4.574710988812661,1.319085878806084,4.574710988812661,-2.3025750930440454,9.562544819489876,16.337608563285418,2.48490673312133,-0.2256454284002813,2.6173959058267773
7.601901960374667,4.465908130148836,0.6881351412488376,4.667490635898429,4.584967488874653,2.079441666679828,4.007333203414289,-13.815510557964274,4.584967488874653,1.3584094146997308,4.584967488874653,-2.3025750930440454,7.179562945379069,16.337608563285418,2.4932055352473204,-0.22815483685713603,2.602689759518455
7.601402335083484,2.1972246884473243,0.6678298853960367,7.047880689207896,4.5951198602356,1.6094381124340804,4.0036902122021445,-13.815510557964274,4.5951198602356,1.3350013298902002,4.5951198602356,-2.3025750930440454,9.462515285566726,16.337608563285418,2.5014360337064203,-0.2306705582899505,2.5877641104156752
7.600902460042082,4.521788587918605,0.7654683072557423,5.122338046385519,4.574710988812661,1.7917596358947079,3.998200720017822,-13.815510557964274,4.574710988812661,1.2556163223780188,4.574710988812661,-2.3025750930440454,9.520494056885916,16.337608563285418,2.5014360337064203,-0.24079721428910872,2.580216905349898
7.608374474877062,4.85981241211361,1.5163899384369495,-13.815510557964274,4.574710988812661,5.393627550897816,2.906901114492183,3.8066625119925415,4.574710988812661,1.782720095474845,4.574710988812661,-2.3025750930440454,4.79709647762016,14.293535678850862,3.292126323782514,-0.5533834990558641,2.322387818329436
7.607878073775032,4.882801930162128,-4.6050701909877585,2.3462578369042735,4.574710988812661,5.393627550897816,2.873564696076957,3.8066625119925415,4.574710988812661,1.0367372395598884,4.574710988812661,-2.3025750930440454,5.21800404017723,16.584673355921442,3.292126323782514,-0.5621171637691152,2.3025851929940404
7.607381426136563,4.905274785845837,-4.6050701909877585,3.967076668488911,4.564348201884503,5.393627550897816,2.833213402879744,3.8066625119925415,4.564348201884503,1.0577906413700164,4.564348201884503,-2.3025750930440454,6.858448908826317,17.158115227083496,3.292126323782514,-0.570927777925758,2.3025851929940404
7.605890001550634,4.955827064643514,-4.6050701909877585,4.137714592859389,4.543294792908302,5.393627550897816,2.721295493641702,3.8066625119925415,4.543294792908302,1.2809341232398035,4.543294792908302,-2.3025750930440454,6.630250255179452,16.537786557530527,3.292126323782514,-0.6254866629289988,2.1860513890976385
7.605392365312695,4.969813306520445,-4.6050701909877585,3.9752607705743292,4.574710988812661,5.393627550897816,2.681021597207439,3.8066625119925415,4.574710988812661,1.0681534248259539,4.574710988812661,-2.3025750930440454,6.5237463846538954,14.250843805578194,3.292126323782514,-0.648171902873153,2.1282318248968797
7.608374474877062,4.584967488874653,1.5163899384369495,-13.815510557964274,4.574710988812661,-13.815510557964274,3.998200720017822,-13.815510557964274,4.574710988812661,1.782720095474845,4.574710988812661,-2.3025750930440454,9.65231984855497,16.337608563285418,2.014903153875589,-0.2306705582899505,2.7278528937578645
7.607878073775032,9.999994999180668e-07,2.177021983397378,5.686655506549261,4.543294792908302,-13.815510557964274,3.9834130201367928,-13.815510557964274,4.553876902126857,2.0108951330135256,4.543294792908302,-2.3025750930440454,9.639500503280361,16.337608563285418,2.014903153875589,-0.23193079631403615,2.7278528937578645
7.607381426136563,2.397895363707457,2.1679103040839136,5.572295789430111,4.510859517505861,-13.815510557964274,3.970291932420046,-13.815510557964274,4.510859517505861,2.024193199549745,4.510859517505861,-2.3025750930440454,9.646837720618919,16.337608563285418,2.028148378871224,-0.2331926245422456,2.7278528937578645
7.606884531716648,2.48490673312133,2.152924434583651,5.560698503180884,4.465908130148836,-13.815510557964274,3.955082514045681,-13.815510557964274,4.477336825841843,2.0055259933191607,4.465908130148836,-2.3025750930440454,9.641140156491364,16.337608563285418,2.028148378871224,-0.24207028731518962,2.7278528937578645
7.6063873902699175,2.6390574010438272,2.141242060094089,5.158955086722161,4.510859517505861,-13.815510557964274,3.939638191916372,-13.815510557964274,4.510859517505861,1.8976200098525586,4.510859517505861,-2.3025750930440454,9.650796581604967,16.337608563285418,2.028148378871224,-0.24846007724803934,2.740840088441328
7.605890001550634,2.772588784739779,2.129421592890914,5.0431869421062645,4.454347307881415,-13.815510557964274,1.7404663502790856,-13.815510557964274,4.127134401174124,1.8196989999918376,4.454347307881415,-2.3025750930440454,7.3752008397838855,16.337608563285418,2.028148378871224,-0.24717884873353962,2.760010003324058
7.6048944813096275,4.7095302103213434,2.191653644018601,3.2395710779691282,4.442651268255022,-13.815510557964274,3.8958936438234657,-13.815510557964274,4.442651268255022,1.8082889351136784,4.442651268255022,-2.3025750930440454,7.412958808954366,16.337608563285418,2.054123861900666,-0.2548909593070418,2.7278528937578645
7.6043963492945945,4.727387827561898,2.1365306267277107,7.151389511025543,4.532599503905944,-13.815510557964274,3.8794998343837426,-13.815510557964274,4.532599503905944,1.7298842428149164,4.532599503905944,-2.3025750930440454,9.70883946896687,16.337608563285418,2.054123861900666,-0.2600656084027874,2.7080502677688743
7.603399340239423,4.762173943344765,2.080690885924205,7.151389511025543,4.521788587918605,-13.815510557964274,3.848017696774195,-13.815510557964274,4.510859517505861,1.6826885600472816,4.521788587918605,-2.3025750930440454,9.562676520209152,16.337608563285418,2.079441666679828,-0.27312060706086777,2.681021597207439
7.602900462703757,4.77912350151489,2.0386196773679055,5.11203805998447,4.532599503905944,-13.815510557964274,3.8329798197327145,-13.815510557964274,4.532599503905944,1.7422191987992521,4.532599503905944,-1.6094329124466003,9.462566021713132,16.337608563285418,2.0918641851351754,-0.27839070454159776,2.667228276026397
7.6024013361650695,4.795790553861204,2.0347057785573903,2.6037256449492836,4.510859517505861,-13.815510557964274,3.8155121270737338,-13.815510557964274,4.127134401174124,1.7613004335646376,4.488636380968095,-0.91628823187728,7.113585577949642,16.337608563285418,2.1041342762214192,-0.28368872316187693,2.6532420350297476
7.601901960374667,4.812184363502499,2.0268317231598356,4.8910969087145935,4.189654757177941,-13.815510557964274,3.797733881447543,-13.815510557964274,4.454347307881415,1.7509376483188959,4.465908130148836,-0.2231423013149909,9.36523882509415,16.337608563285418,2.116255635284473,-0.28901496035232416,2.6390574010438272
7.601402335083484,4.828313745302301,1.998773774113727,4.928459216907368,4.189654757177941,-13.815510557964274,3.7796338402134504,-13.815510557964274,4.532599503905944,1.6992787992492295,4.430816810748075,-0.35667351536832426,9.351307838805957,16.337608563285418,2.1282318248968797,-0.28768073911933645,2.6390574010438272
7.600902460042082,4.844187094332607,2.0055259933191607,7.0393235315325295,4.392730371564323,-13.815510557964274,3.761200138949376,-13.815510557964274,4.454347307881415,1.6409367732919022,4.532599503905944,-0.10535940454733242,9.356007548519093,16.337608563285418,2.1400662811433224,-0.2997533041592954,2.6390574010438272
7.608374474877062,5.278114664332558,1.5163899384369495,-13.815510557964274,4.5951198602356,0.6931476805598203,4.131961441844772,-13.815510557964274,4.5951198602356,1.782720095474845,4.5951198602356,-2.3025750930440454,8.690998045672353,16.065708706121598,1.3609768095458243,-0.2256454284002813,2.7472709783580536
7.607878073775032,5.293304829749618,2.386926333339557,7.045002236214381,4.574710988812661,4.1588830989846715,4.122283947118797,-13.815510557964274,4.574710988812661,1.7387104238851487,4.574710988812661,-2.3025750930440454,9.026228729334155,16.064115698102373,1.3609768095458243,-0.22815483685713603,2.7536607760485277
7.607381426136563,3.13549425940741,2.386926333339557,7.011984312755698,4.584967488874653,2.772588784739779,4.112511882544162,9.999994999180668e-07,4.584967488874653,1.9021076756506405,4.584967488874653,-2.3025750930440454,8.984546492142044,16.063216672524657,1.3862946111198593,-0.22815483685713603,2.7536607760485277
7.606884531716648,5.267858164217968,2.386926333339557,4.518627304728106,4.574710988812661,2.3025851929940404,1.8718023307477334,9.999994999180668e-07,4.584967488874653,1.6292407358086922,4.584967488874653,-2.3025750930440454,6.5428233627347545,16.063057986738453,1.4109872176126714,-0.23193079631403615,2.7472709783580536
7.6063873902699175,5.446737375976655,2.386926333339557,6.7415959761822535,4.584967488874653,3.912023025428146,4.0926765218158945,9.999994999180668e-07,4.584967488874653,1.5933087337562286,4.584967488874653,-2.3025750930440454,8.782586330515953,16.06397436155983,1.4109872176126714,-0.23952575991751052,2.740840088441328
7.605392365312695,5.420535003697065,2.386926333339557,6.074882713428804,4.584967488874653,-13.815510557964274,4.072439743869825,9.999994999180668e-07,4.584967488874653,1.9315215565307395,4.564348201884503,-2.3025750930440454,8.551821191497703,13.771313081242917,1.4586152552576295,-0.2600656084027874,2.7343675743546463
7.6048944813096275,5.411646056319325,2.386926333339557,6.218212823786017,4.584967488874653,-13.815510557964274,4.063885371919523,9.999994999180668e-07,4.584967488874653,1.7833913876247511,4.574710988812661,-2.3025750930440454,8.76032494559073,16.069743815708833,1.481604768196917,-0.2810362052306782,2.714694810046042
7.6043963492945945,5.420535003697065,2.386926333339557,6.140051594308432,4.510859517505861,9.999994999180668e-07,4.055257190845076,9.999994999180668e-07,4.127134401174124,1.8625286953957534,4.553876902126857,-2.3025750930440454,8.462839392775479,13.77150955742238,1.5040776189984717,-0.30245600485487784,2.7013612800655054
7.603897969020386,5.493061447455775,2.386926333339557,5.898323658439335,4.584967488874653,5.003946312656868,4.0465539158682695,9.999994999180668e-07,4.574710988812661,1.8468789261778287,4.5951198602356,-2.3025750930440454,8.255364934690927,13.779804620744022,1.52605652088633,-0.3243446736984644,2.681021597207439
7.603399340239423,5.5294290914796775,2.386926333339557,3.8210053371599626,4.5951198602356,9.999994999180668e-07,4.037774228370391,9.999994999180668e-07,4.584967488874653,1.9300712301634377,4.5951198602356,-2.3025750930440454,8.047739065885677,16.083909403588354,1.568616126247157,-0.33827245604428047,2.667228276026397
7.602900462703757,5.50938834067656,2.386926333339557,3.74560093941729,4.5951198602356,0.6931476805598203,4.02891677469324,9.999994999180668e-07,4.5951198602356,1.8855535002594725,4.5951198602356,-2.3025750930440454,7.774157737805933,13.788289401300048,1.5892354091981928,-0.3523969646973772,2.646174868306106
7.601901960374667,5.568344507577891,2.386926333339557,4.979649239260786,4.5951198602356,2.6390574010438272,4.012772926611471,9.999994999180668e-07,4.5951198602356,1.8671762630723026,4.5951198602356,-2.3025750930440454,7.299380484604599,16.104559245820088,1.6486588178950556,-0.3754195311567713,2.6100698662714152
7.600902460042082,5.50938834067656,2.386926333339557,3.1883951515860933,4.189654757177941,3.0445224853424695,3.99636417224425,9.999994999180668e-07,4.5951198602356,1.8131949130802438,4.5951198602356,-2.3025750930440454,7.151711410947312,13.813469476374719,1.7047482740565905,-0.39304110662922304,2.5726123065429807
7.608374474877062,4.304065106717683,1.5163899384369495,-13.815510557964274,4.584967488874653,3.850147622986654,4.154184578276705,9.999994999180668e-07,4.5951198602356,1.782720095474845,4.5951198602356,-2.3025750930440454,8.379510336470185,16.238027132606565,0.6931476805598203,-0.11093044338947007,2.8094027556034598
7.607381426136563,4.3438054348406965,2.386926333339557,6.554445179029547,4.584967488874653,3.6635616717706716,4.143134742264548,9.999994999180668e-07,4.5951198602356,0.451076256302689,4.5951198602356,-2.3025750930440454,8.444920619945263,16.229888961752405,0.6418544124880456,-0.1176569186094725,2.791165169162408
7.606884531716648,4.356708839510104,2.310553361849567,6.498995597472118,4.584967488874653,4.691347891403455,4.136765294080494,9.999994999180668e-07,4.5951198602356,0.4317830657759763,4.5951198602356,-2.3025750930440454,8.406165916854787,16.224997118739438,0.5877872204575202,-0.12103719970952145,2.7850113039667317
7.6063873902699175,2.079441666679828,2.3135251319443433,6.570224112852922,4.574710988812661,5.393627550897816,4.131961441844772,9.999994999180668e-07,4.584967488874653,0.3506575758382734,4.584967488874653,-2.3025750930440454,8.470682997847394,13.95330883447942,0.5877872204575202,-0.12329708512341395,2.778819334102217
7.605890001550634,4.394449167018117,2.3243466826229118,6.500892613495444,4.574710988812661,3.688879479113936,4.125520195845639,9.999994999180668e-07,4.584967488874653,0.15700460351015405,4.584967488874653,-2.3025750930440454,8.398012597104543,14.455038583524452,0.5877872204575202,-0.13010754639550495,2.7663191721192657
7.605392365312695,4.442651268255022,2.3075727340075676,6.510165564791043,4.574710988812661,3.49650759176951,4.12066188677324,9.999994999180668e-07,4.584967488874653,0.3293044665668019,4.584967488874653,-2.3025750930440454,8.409287551007742,14.401346989063327,0.5877872204575202,-0.13238804649388575,2.760010003324058
7.603897969020386,4.442651268255022,2.386926333339557,7.151389511025543,4.543294792908302,2.7080502677688743,1.88706980054752,9.999994999180668e-07,4.5951198602356,2.2159373953196217,4.584967488874653,-2.3025750930440454,9.733547763562223,14.252447200981436,0.47000425424554026,-0.1450246159815618,2.7536607760485277
7.603399340239423,4.488636380968095,2.386926333339557,7.151389511025543,4.3438054348406965,3.2580965764830196,1.8245494533413555,9.999994999180668e-07,4.574710988812661,2.223541993878695,4.574710988812661,-2.3025750930440454,9.733547763562223,14.206617749402088,0.47000425424554026,-0.14965961311489487,2.7536607760485277
7.602900462703757,4.510859517505861,2.386926333339557,7.151389511025543,4.189654757177941,4.1108738805667535,4.091005677678994,9.999994999180668e-07,4.564348201884503,2.232162735993631,4.553876902126857,-2.3025750930440454,9.733547763562223,14.166967813410887,0.47000425424554026,-0.12783223514689415,2.9338569230273914
7.6024013361650695,4.553876902126857,2.386926333339557,6.229114697071245,4.189654757177941,3.7841896566455335,4.084294243203616,9.999994999180668e-07,4.564348201884503,2.2300145076860862,4.553876902126857,-2.3025750930440454,8.227898334059095,14.134787949781913,0.47000425424554026,-0.13010754639550495,2.9231616344825953
7.601901960374667,4.5951198602356,2.386926333339557,5.769313526197471,4.189654757177941,-13.815510557964274,4.077537460854872,9.999994999180668e-07,4.564348201884503,2.1353492918214347,4.553876902126857,-2.3025750930440454,7.844763043877668,14.102781295830333,0.47000425424554026,-0.1335302497680328,2.9338569230273914
7.608374474877062,5.1647859796377995,1.5163899384369495,-13.815510557964274,4.543294792908302,-13.815510557964274,1.7749525204031849,-13.815510557964274,4.543294792908302,1.782720095474845,4.543294792908302,-1.6094329124466003,8.486733467642736,12.791879574272237,1.9315215565307395,-0.3481386250593032,2.5494452490505686
7.607878073775032,5.176149738223547,1.8840348973128982,6.507415149656495,4.553876902126857,-13.815510557964274,1.6292407358086922,-13.815510557964274,4.553876902126857,1.7561324642964606,4.553876902126857,-1.6094329124466003,8.48719236689924,12.77051675832508,1.9169227592408737,-0.3495560577311581,2.5494452490505686
7.607381426136563,2.890371813451719,1.8809907553950105,6.444452127473459,4.553876902126857,-13.815510557964274,3.89792410133262,-13.815510557964274,4.553876902126857,1.7561324642964606,4.553876902126857,-1.6094329124466003,8.452876180463473,12.748922960774033,1.9169227592408737,-0.3481386250593032,2.557227388887003
7.6063873902699175,5.236441968149098,1.8931121140907408,6.406267075835961,4.553876902126857,-13.815510557964274,3.867025660417912,-13.815510557964274,4.553876902126857,1.7245508977877086,4.553876902126857,-0.6931451805619453,8.415436563059432,12.704396446156235,1.9315215565307395,-0.35667351536832426,2.5176965532561493
7.605392365312695,5.214935763043768,1.9242487982595247,6.309572055934859,4.574710988812661,-13.815510557964274,3.8351419826904602,-13.815510557964274,4.584967488874653,1.7595807429808445,4.574710988812661,-1.2039694709981583,8.356740035444203,12.656922124676123,1.9315215565307395,-0.35667351536832426,2.5416020722046997
7.608374474877062,5.517452900480772,1.5163899384369495,-13.815510557964274,4.406719259459375,4.007333203414289,3.2464910308116792,3.6635616717706716,4.356708839510104,1.782720095474845,4.406719259459375,9.999994999180668e-07,6.66434257809215,14.270370092083985,2.6173959058267773,-0.7318859298764581,2.3702438349258
7.607878073775032,5.5294290914796775,-4.6050701909877585,4.501165072579712,4.356708839510104,5.393627550897816,3.2268440341999165,3.6635616717706716,4.304065106717683,1.5238802419373538,4.356708839510104,0.09531108889482073,6.849794094066517,14.06760068531363,2.6390574010438272,-0.7444383696865541,2.3702438349258
7.606884531716648,5.525452943115847,-4.6050701909877585,2.282798183914334,4.189654757177941,5.393627550897816,3.1822118819903844,3.6635616717706716,4.127134401174124,1.5810386436736983,4.127134401174124,0.09531108889482073,6.73096452028774,13.788053026507189,2.687847561811899,-0.7808839114642222,2.3025851929940404
7.605890001550634,5.537334270955545,0.285179694113079,4.5460291274534885,4.330733353444225,5.393627550897816,3.13549425940741,3.6635616717706716,4.3438054348406965,1.5993877786007806,4.330733353444225,0.09531108889482073,6.6302822167944075,16.034633495297317,2.7343675743546463,-0.7962857221870168,2.2512919038696473
7.6048944813096275,5.6276211172877595,0.24686085918122058,2.0301766001089483,4.317488126869644,5.393627550897816,3.09104249881286,3.6635616717706716,4.3438054348406965,1.4350847633845325,4.317488126869644,0.09531108889482073,4.408563287439996,15.978479038022442,2.778819334102217,-0.8119284643001964,2.208274523412908
7.6043963492945945,5.645446901176807,0.11332957816374746,2.0139450311502567,4.406719259459375,5.393627550897816,3.068052981645244,3.6635616717706716,4.406719259459375,1.5151274527430547,4.406719259459375,0.09531108889482073,4.337753640213986,15.950243820908291,2.8033604415125937,-0.8255340855032745,2.1860513890976385
7.603897969020386,5.648974241682333,0.17395414745921928,4.329605019234636,4.304065106717683,5.17048400071997,3.0445224853424695,3.6635616717706716,4.330733353444225,1.5581448285728434,4.304065106717683,0.09531108889482073,6.439093470691874,15.921703080145994,2.8273136811006236,-0.8347084407369214,2.16332314060306
7.603399340239423,5.652489183777423,0.12221851767960967,1.9610799823827925,4.189654757177941,5.347107535479373,0.9162911318740751,3.6635616717706716,4.290459454847021,1.5539254139203098,4.127134401174124,0.09531108889482073,4.1239030084765265,15.89272775261761,2.8507065593072,-0.8439677447158378,2.1400662811433224
7.6024013361650695,5.652489183777423,0.30010533319080446,2.1896211104389085,4.290459454847021,5.379897358148755,2.980618686505363,3.688879479113936,4.317488126869644,1.5325570840808407,4.290459454847021,0.09531108889482073,6.252466895550255,13.531229362636571,2.8959119935203974,-0.8770676148776093,2.0412204587297595
7.608374474877062,5.351858138215403,1.5163899384369495,-13.815510557964274,4.5951198602356,2.397895363707457,3.198673158367007,-13.815510557964274,4.584967488874653,1.782720095474845,4.5951198602356,-0.6931451805619453,7.868501145873613,13.576473877299417,3.292126323782514,-0.5041794254195535,2.525728724308252
7.607878073775032,5.375278412313794,-4.6050701909877585,5.34420873994698,4.5951198602356,-13.815510557964274,3.161246754404445,9.999994999180668e-07,4.584967488874653,1.2725658759035532,4.5951198602356,-0.6931451805619453,7.833123406753176,13.56248495216943,3.292126323782514,-0.5175129340658459,2.525728724308252
7.606884531716648,5.407171775944423,-4.6050701909877585,5.240356458207257,4.574710988812661,9.999994999180668e-07,3.0864866824845545,9.999994999180668e-07,4.574710988812661,1.3083330899204126,4.574710988812661,-0.5108239571007129,7.7926857794270665,13.531776681121833,3.292126323782514,-0.5430028009613111,2.5095993436791817
7.605890001550634,5.4293456333404055,-1.2729621043906936,5.497328851326576,4.510859517505861,3.0445224853424695,0.8329095577176182,9.999994999180668e-07,4.521788587918605,1.6428728819439167,4.510859517505861,-0.6931451805619453,7.686585255358468,13.497563073682558,3.292126323782514,-1.3167645671349584,2.4336134431197443
7.605392365312695,5.446737375976655,-1.771950959596235,3.3137885249606573,4.532599503905944,1.7917596358947079,2.970414516851751,9.999994999180668e-07,4.532599503905944,1.840549792127633,4.532599503905944,-0.91628823187728,5.177473703195427,13.479279492260417,3.292126323782514,-1.3167645671349584,2.388762880978213
7.6043963492945945,5.472270677873155,-1.8325752137678413,5.648291741228643,4.553876902126857,2.397895363707457,2.890371813451719,9.999994999180668e-07,4.532599503905944,1.7715569319785482,4.553876902126857,-1.2039694709981583,7.462296816370258,13.44002843396592,3.292126323782514,-1.3167645671349584,2.3125355228571096
7.603897969020386,5.501258214626359,-1.2378709077317007,5.131095618466508,4.553876902126857,0.6931476805598203,2.856470263691746,9.999994999180668e-07,4.564348201884503,1.6620305523065735,4.553876902126857,-1.2039694709981583,7.197028805149401,13.418352847676678,3.292126323782514,-1.3167645671349584,2.2617632026404517
7.603399340239423,5.537334270955545,-0.3147093749776248,4.980839409519582,4.553876902126857,2.397895363707457,2.815408779302947,9.999994999180668e-07,4.553876902126857,1.6639262871120917,4.553876902126857,-1.2039694709981583,7.128988142895185,13.394889679180313,3.292126323782514,-1.3167645671349584,2.219203592750641
7.6024013361650695,5.609471798847963,-0.65392454433159,2.9526494915242743,4.553876902126857,-13.815510557964274,2.740840088441328,9.999994999180668e-07,4.564348201884503,1.5892354091981928,4.553876902126857,-1.6094329124466003,6.9054944403113065,13.342998184451178,3.292126323782514,-1.3167645671349584,2.1282318248968797
7.600902460042082,5.74300319101461,-1.771950959596235,4.536449378631195,4.584967488874653,5.393627550897816,2.6318889120790896,9.999994999180668e-07,4.584967488874653,1.9329697824973684,4.521788587918605,-2.3025750930440454,6.6410036117635105,13.259366735775973,3.292126323782514,-1.3167645671349584,1.9878744851406374
7.608374474877062,5.2257466790895455,1.5163899384369495,-13.815510557964274,4.5951198602356,-13.815510557964274,3.962716138755071,2.3025851929940404,4.5951198602356,1.782720095474845,4.5951198602356,-2.3025750930440454,8.897930140949667,16.337608563285418,0.8329095577176182,-0.3989846516985999,2.6246686646269244
7.607878073775032,5.2417470203506475,1.2864743020807354,-13.815510557964274,4.584967488874653,-13.815510557964274,3.9493188094396654,2.3025851929940404,4.5951198602356,1.8453003941339554,4.584967488874653,-2.3025750930440454,8.897930140949667,16.337608563285418,0.8329095577176182,-0.4064641069413736,2.6246686646269244
7.607381426136563,5.257495377236115,1.329724274181726,-13.815510557964274,4.543294792908302,-13.815510557964274,3.9357395515767117,2.3025851929940404,4.553876902126857,1.7850706488624792,4.543294792908302,-2.3025750930440454,8.897930140949667,16.337608563285418,0.8329095577176182,-0.413999926272291,2.6246686646269244
7.606884531716648,5.267858164217968,1.3584094146997308,-13.815510557964274,4.532599503905944,-13.815510557964274,1.722766776312516,2.397895363707457,4.532599503905944,1.7155982881185898,4.532599503905944,-2.3025750930440454,8.897930140949667,16.337608563285418,0.8329095577176182,-0.4231185166304932,2.6246686646269244
7.6063873902699175,5.28826703574504,1.3686396803340637,-13.815510557964274,4.553876902126857,-13.815510557964274,3.9100210227975527,2.397895363707457,4.553876902126857,1.7029284376707852,4.553876902126857,-1.6094329124466003,8.897930140949667,16.337608563285418,0.8329095577176182,-0.43232102144718476,2.6246686646269244
7.605890001550634,3.09104249881286,1.3737158320775555,-13.815510557964274,4.510859517505861,-13.815510557964274,3.89792410133262,2.48490673312133,4.127134401174124,1.693779244691364,4.510859517505861,-1.6094329124466003,8.897930140949667,16.337608563285418,0.8329095577176182,-0.4416089995357736,2.6246686646269244
7.6048944813096275,5.351858138215403,1.3270752667118737,-13.815510557964274,4.477336825841843,-13.815510557964274,3.871201031741224,2.5649494343846104,4.465908130148836,1.6094381124340804,4.477336825841843,-1.6094329124466003,8.897930140949667,16.337608563285418,0.87546915402048,-0.4588643025580504,2.6390574010438272
7.6043963492945945,5.375278412313794,1.2441548821431645,-13.815510557964274,4.430816810748075,-13.815510557964274,3.856510316639536,2.6390574010438272,4.442651268255022,1.6014059423497191,4.430816810748075,-1.6094329124466003,8.897930140949667,16.337608563285418,0.9162911318740751,-0.46840331043922495,2.646174868306106
7.603897969020386,5.389071734382711,1.1724824468320405,-13.815510557964274,4.418840619844791,-13.815510557964274,3.8437441860881276,2.7080502677688743,4.406719259459375,1.6467338898560062,4.418840619844791,-1.6094329124466003,8.897930140949667,16.337608563285418,0.9162911318740751,-0.4700020292470155,2.660259607195929
7.603399340239423,5.402677386376784,1.0508219744820497,-13.815510557964274,4.442651268255022,-13.815510557964274,3.828641418228225,2.772588784739779,4.430816810748075,1.7351892941064881,4.442651268255022,-1.6094329124466003,8.897930140949667,16.337608563285418,0.9162911318740751,-0.4748135785272081,2.667228276026397
7.602900462703757,5.420535003697065,0.9783264987333867,-13.815510557964274,4.430816810748075,-13.815510557964274,3.8155121270737338,2.772588784739779,4.430816810748075,1.6524975934654103,4.430816810748075,-1.6094329124466003,8.897930140949667,16.337608563285418,0.955511829642747,-0.47803418804107467,2.681021597207439
7.6024013361650695,3.13549425940741,0.8628903770878792,-13.815510557964274,4.189654757177941,-13.815510557964274,3.7999735239908876,2.833213402879744,4.406719259459375,1.6677070092373036,4.477336825841843,-1.6094329124466003,8.897930140949667,16.337608563285418,0.9932521433805853,-0.48288463433251966,2.667228276026397
7.601901960374667,5.455321119631206,0.8153652557619727,-13.815510557964274,4.3438054348406965,-13.815510557964274,3.7841896566455335,2.890371813451719,4.330733353444225,1.8764070964276849,4.3438054348406965,-2.3025750930440454,8.897930140949667,16.337608563285418,0.9932521433805853,-0.49429468247186154,2.6390574010438272
7.601402335083484,5.472270677873155,0.7884578149096215,-13.815510557964274,4.3438054348406965,-13.815510557964274,3.768152658103132,2.944439031798018,4.262679891125822,1.8421358350317145,4.262679891125822,-2.3025750930440454,8.897930140949667,16.337608563285418,1.0647110818199552,-0.4992248404775378,2.6173959058267773
7.600902460042082,5.493061447455775,0.8415676167126085,-13.815510557964274,4.3438054348406965,4.804021052929977,3.7518542767495027,2.9957323235539897,4.304065106717683,1.7351892941064881,4.317488126869644,-2.3025750930440454,8.897930140949667,16.337608563285418,1.0647110818199552,-0.5108239571007129,2.5877641104156752
7.607381426136563,2.1972246884473243,1.4158534060798522,4.325596883221474,4.510859517505861,-13.815510557964274,4.001863727709471,-13.815510557964274,4.465908130148836,2.2470724887720266,4.488636380968095,-2.3025750930440454,6.2838832919192,12.807649892837588,1.568616126247157,-0.3078834192260082,2.6532420350297476
7.6063873902699175,4.521788587918605,1.534714581755382,2.0743199670280066,4.477336825841843,2.3025851929940404,3.9834130201367928,-13.815510557964274,4.488636380968095,2.27315638528984,4.477336825841843,-2.3025750930440454,4.0101806727437195,15.120829380626185,1.6292407358086922,-0.34108144271012436,2.5952547815837286
7.605890001550634,4.543294792908302,1.5129272323175496,6.446336069781752,4.488636380968095,3.8066625119925415,3.9721769470802846,-13.815510557964274,4.127134401174124,2.2596776963668974,4.488636380968095,-2.3025750930440454,8.436302603610578,12.827412282845447,1.6486588178950556,-0.3326780436833498,2.5877641104156752
7.605392365312695,4.574710988812661,1.5581448285728434,6.46928334415734,4.189654757177941,3.09104249881286,3.962716138755071,-13.815510557964274,4.127134401174124,2.2659212123568886,4.127134401174124,-2.3025750930440454,8.454870309083889,15.136348910517293,1.686399138755397,-0.33407371537442204,2.5877641104156752
7.6048944813096275,4.584967488874653,1.635105854114433,4.190356787504516,4.477336825841843,2.079441666679828,3.953164967953179,-13.815510557964274,4.521788587918605,2.1494340300499806,4.510859517505861,-2.3025750930440454,6.354920569228761,15.140886238411928,1.7047482740565905,-0.3424889004970636,2.5726123065429807
7.603897969020386,9.999994999180668e-07,1.5727741355313671,3.644251832842231,4.189654757177941,2.833213402879744,3.9318256523321686,-13.815510557964274,4.510859517505861,2.113843089170108,4.465908130148836,-2.3025750930440454,5.841576391884574,15.145093816950387,1.7404663502790854,-0.36096843350241287,2.5416020722046997
7.603399340239423,2.48490673312133,1.5173228428245162,3.822394613731704,4.532599503905944,3.13549425940741,1.7047482740565905,-13.815510557964274,4.553876902126857,2.1400662811433224,4.532599503905944,-2.3025750930440454,7.995782361843284,12.843054154615128,1.7578580899661518,-1.3167645671349584,2.525728724308252
7.602900462703757,4.5951198602356,1.4469192182304154,1.2470092644982225,4.189654757177941,3.332204545889489,3.9100210227975527,-13.815510557964274,4.465908130148836,2.240709795658931,4.430816810748075,-2.3025750930440454,5.582152029703464,15.145574985837646,1.7917596358947079,-1.3167645671349584,2.5095993436791817
7.6024013361650695,2.48490673312133,1.4206960293830875,3.685503297054099,4.392730371564323,2.890371813451719,3.8999504444367914,-13.815510557964274,4.465908130148836,2.071913401203621,4.465908130148836,-2.3025750930440454,7.7028867934568765,15.145035341402608,1.7917596358947079,-1.3167645671349584,2.49320553524732
7.601901960374667,2.397895363707457,1.3454726270162682,5.018206103723739,4.392730371564323,3.332204545889489,3.8877303333509046,-13.815510557964274,4.454347307881415,1.9600949248923303,4.127134401174124,-2.3025750930440454,7.473942370246626,12.841556284697374,1.8245494533413555,-1.3167645671349584,2.4765384841510936
7.601402335083484,4.727387827561898,1.3480734080399188,4.964903695642333,4.392730371564323,-13.815510557964274,3.8753590418034425,-13.815510557964274,4.521788587918605,1.968510120637349,4.510859517505861,-2.3025750930440454,7.329364185892262,15.142926084993421,1.856298146615614,-1.3167645671349584,2.4510051843192118
7.600902460042082,4.753590199727054,1.2919839563738864,5.109677079760683,4.392730371564323,3.761200138949376,3.8628327822457775,-13.815510557964274,4.465908130148836,2.0668628860552465,4.442651268255022,-2.3025750930440454,7.287393185113414,12.839140680477142,1.8718023307477334,-1.3167645671349584,1.686399138755397
7.607878073775032,5.5909869842422,-4.6050701909877585,6.49647659725483,4.553876902126857,9.999994999180668e-07,3.618993353459421,0.6931476805598203,4.564348201884503,1.6882492777012568,4.553876902126857,0.09531108889482073,8.922359905275933,14.589579905514324,2.5726123065429807,-0.36096843350241287,2.5336968933225084
7.6048944813096275,6.056784015570545,1.8809907553950105,6.167228374334342,4.543294792908302,-13.815510557964274,3.532225673308325,1.0986126220013874,4.564348201884503,1.7137981079385072,4.564348201884503,0.09531108889482073,8.6346881085927,14.481466895453613,2.856470263691746,-0.43695422721311716,2.49320553524732
7.6043963492945945,6.077642245642612,1.8261610569759703,6.23947396527147,4.532599503905944,9.999994999180668e-07,3.517497867031906,1.0986126220013874,4.564348201884503,1.549688120342529,4.564348201884503,0.09531108889482073,8.650758473391509,14.464922128546322,2.901421649027803,-0.4620338722962311,2.49320553524732
7.603897969020386,6.082218912659551,1.864080285846429,4.334917732834301,4.532599503905944,1.7917596358947079,3.5025499060429244,1.0986126220013874,4.564348201884503,1.5953391908943346,4.564348201884503,0.09531108889482073,8.589431034310676,14.449034053104304,2.944439031798018,-0.49429468247186154,2.4765384841510936
7.603399340239423,6.082218912659551,1.851599626569931,6.445469891807076,4.521788587918605,1.6094381124340804,3.487375108484247,1.0986126220013874,4.564348201884503,1.726331841841527,4.564348201884503,0.09531108889482073,8.585086155052933,14.433854447769999,2.388762880978213,-0.5225591936451927,2.4765384841510936
7.601901960374667,6.082218912659551,1.857859426938807,1.8453015315738872,4.477336825841843,1.945910291912446,3.437207851339529,1.3862946111198593,4.574710988812661,1.8671762630723026,4.574710988812661,0.09531108889482073,5.873858198029106,14.392097517425842,3.1223649685402197,-0.5833945244877364,2.4765384841510936
7.601402335083484,6.082218912659551,1.7011052834416593,5.726693781011825,4.465908130148836,9.999994999180668e-07,1.252763254209613,1.3862946111198593,4.574710988812661,1.745715705246703,4.574710988812661,0.09531108889482073,8.048461690591916,14.377942377159748,3.161246754404445,-0.5798167095402507,2.468099616217378
7.608374474877062,4.955827064643514,1.5163899384369495,-13.815510557964274,4.564348201884503,5.365976019694749,4.027135830353963,3.8066625119925415,4.584967488874653,1.782720095474845,4.564348201884503,-2.3025750930440454,9.077638600949047,14.769566328627459,1.6677070092373039,-0.28236158471511347,2.721295493641702
7.607878073775032,4.969813306520445,1.9906104645852327,4.4208224332849175,4.564348201884503,5.393627550897816,4.012772926611471,3.8066625119925415,4.564348201884503,2.1186623750254174,4.532599503905944,-2.3025750930440454,7.112015506087568,17.002405729876603,1.686399138755397,-0.29168875516213005,2.721295493641702
7.607381426136563,4.983606628557651,1.9796213445191624,6.820312004374521,4.564348201884503,5.393627550897816,3.998200720017822,3.8066625119925415,4.564348201884503,2.137710567728333,4.574710988812661,-2.3025750930440454,9.41057916881082,14.625832589274095,1.7047482740565905,-0.30924488797072935,2.6532420350297476
7.6063873902699175,5.023880527425224,2.025513331580393,6.989335051227993,4.584967488874653,3.761200138949376,3.9665112096516095,3.8066625119925415,4.584967488874653,2.1860513890976385,4.5951198602356,-2.3025750930440454,9.485504892574335,17.158115227083496,1.7404663502790854,-0.32296250538190496,2.6390574010438272
7.605890001550634,5.036952608907136,2.017566270940463,7.013187985434145,4.564348201884503,4.219507719881989,3.9512437378121965,3.8066625119925415,4.5951198602356,2.112634629954577,4.5951198602356,-2.3025750930440454,9.325823413650838,17.158115227083496,1.7578580899661518,-0.33407371537442204,2.6246686646269244
7.605392365312695,5.0562458117177345,1.991975652324199,6.335981819755142,4.5951198602356,-13.815510557964274,3.9337845167791303,3.8066625119925415,4.5951198602356,2.157559436550718,4.5951198602356,-2.3025750930440454,9.05408235505636,17.158115227083496,1.7749525204031849,-0.3368709160833094,2.6246686646269244
7.6048944813096275,5.062595039356081,1.9754690899931033,6.266019708550159,4.564348201884503,-13.815510557964274,1.6677070092373036,3.8066625119925415,4.5951198602356,2.1090004652805963,4.5951198602356,-2.3025750930440454,9.081098480672408,16.775508342418014,1.7917596358947079,-0.3509755023705581,2.5877641104156752
7.6043963492945945,5.068904208509539,1.9726913108150042,5.978713929631959,4.5951198602356,-13.815510557964274,3.8999504444367914,3.8066625119925415,4.5951198602356,2.113843089170108,4.5951198602356,-2.3025750930440454,8.897485159776013,16.766592528785143,1.8082889351136784,-0.35667351536832426,2.602689759518455
7.603897969020386,5.081404371195643,1.9600949248923303,3.411271398265266,4.5951198602356,4.04305128537841,3.8836235514825796,3.8066625119925415,4.5951198602356,2.123458546713828,4.5951198602356,-2.3025750930440454,6.373568864357361,16.755328984060707,1.8245494533413555,-0.35953474355603443,2.6246686646269244
7.603399340239423,5.093750206941731,1.9416153682444452,3.1681592799181875,4.584967488874653,1.7917596358947079,3.867025660417912,3.8066625119925415,4.5951198602356,2.112634629954577,4.5951198602356,-2.3025750930440454,6.167899534918028,17.158115227083496,1.8405497921276333,-0.3652818775541805,2.6246686646269244
7.602900462703757,2.833213402879744,1.9242487982595247,5.229015784021878,4.564348201884503,-13.815510557964274,3.848017696774195,3.8066625119925415,4.5951198602356,2.0412204587297595,4.5951198602356,-2.3025750930440454,8.1951892502783,17.158115227083496,1.856298146615614,-0.3638419945694592,2.6390574010438272
7.6024013361650695,5.1474944826274065,1.9387418034615826,2.763662335957647,4.574710988812661,0.6931476805598203,3.8308129716945767,3.8066625119925415,4.5951198602356,1.937301918610922,4.5951198602356,-2.3025750930440454,5.88495777196792,17.158115227083496,1.88706980054752,-0.3581031061341856,2.6946272483376346
7.601901960374667,5.17048400071997,1.945910291912446,4.9486356103152955,4.521788587918605,9.999994999180668e-07,3.813307054564043,3.8066625119925415,4.5951198602356,1.9643113746786491,4.5951198602356,-2.3025750930440454,7.944367876776207,14.411662690126182,1.88706980054752,-0.3681678782788064,2.681021597207439
7.600902460042082,5.209486158305902,1.982379966577742,5.190051135050554,4.543294792908302,3.5835189662338873,3.7773481249848393,3.8066625119925415,4.5951198602356,1.9878744851406374,4.584967488874653,-2.3025750930440454,8.226605397709086,17.158115227083496,1.9169227592408737,-0.3900825289660784,2.646174868306106
7.608374474877062,4.356708839510104,1.5163899384369495,-13.815510557964274,4.5951198602356,1.3862946111198593,3.7184382806273253,-13.815510557964274,4.5951198602356,1.782720095474845,4.5951198602356,-2.3025750930440454,8.285991031815401,16.337608563285418,2.3795462267227623,-0.1461813527713438,2.7013612800655054
7.607878073775032,2.079441666679828,-4.6050701909877585,5.59524387497573,4.5951198602356,9.999994999180668e-07,1.4350847633845325,-13.815510557964274,4.5951198602356,0.9745600173565502,4.5951198602356,-2.3025750930440454,8.333237949124532,16.337608563285418,2.388762880978213,-0.14733942915082887,2.7080502677688743
7.607381426136563,4.430816810748075,-4.6050701909877585,7.151389511025543,4.584967488874653,-13.815510557964274,3.6686767723066205,-13.815510557964274,4.5951198602356,0.9593506044762911,4.5951198602356,-2.3025750930440454,9.733547763562223,16.337608563285418,2.397895363707457,-0.15082172694456197,2.7013612800655054
7.606884531716648,4.369447865125249,-4.6050701909877585,7.151389511025543,4.5951198602356,9.999994999180668e-07,3.64283554179054,-13.815510557964274,4.5951198602356,0.8329095577176182,4.5951198602356,-2.3025750930440454,9.733547763562223,16.337608563285418,2.4069451984083745,-0.16016757844458993,2.667228276026397
7.6063873902699175,4.369447865125249,-0.030458176557404897,5.68959232941573,4.532599503905944,1.3862946111198593,3.616308788160821,-13.815510557964274,4.5951198602356,0.8109306606606745,4.574710988812661,-2.3025750930440454,8.458986157590008,16.337608563285418,2.4248028142138662,-0.16723473734351543,2.646174868306106
7.605890001550634,4.369447865125249,-0.12783223514689415,7.151389511025543,4.564348201884503,-13.815510557964274,3.589059146456034,-13.815510557964274,4.5951198602356,1.0043019754971676,4.553876902126857,-2.3025750930440454,9.733547763562223,16.337608563285418,2.4248028142138662,-0.16841746819371078,2.6532420350297476
7.605392365312695,4.477336825841843,-1.3862903611278907,7.151389511025543,4.564348201884503,0.6931476805598203,3.561046111013142,-13.815510557964274,4.5951198602356,1.0473193451576908,4.5951198602356,-2.3025750930440454,9.733547763562223,16.337608563285418,2.4423471223257223,-0.17316242994925385,2.646174868306106
7.6048944813096275,4.430816810748075,-0.4004760740609256,7.151389511025543,4.564348201884503,1.0986126220013874,3.532225673308325,-13.815510557964274,4.574710988812661,0.8020020339024202,4.584967488874653,-2.3025750930440454,9.733547763562223,16.337608563285418,2.459588927273792,-0.17435219666929588,2.6532420350297476
7.6043963492945945,9.999994999180668e-07,-0.16251775302787871,7.151389511025543,4.574710988812661,-13.815510557964274,3.5025499060429244,-13.815510557964274,4.553876902126857,0.8415676167126085,4.5951198602356,-2.3025750930440454,9.733547763562223,16.337608563285418,2.4765384841510936,-0.17435219666929588,2.660259607195929
7.603897969020386,4.532599503905944,-0.4004760740609256,3.217888545268044,4.5951198602356,-13.815510557964274,3.4719664836062627,-13.815510557964274,4.543294792908302,0.8064763122954204,4.574710988812661,-2.3025750930440454,5.988878508691169,16.337608563285418,2.49320553524732,-0.17793001375024523,2.660259607195929
7.603399340239423,4.521788587918605,-1.8325752137678413,5.191371051953241,4.5951198602356,2.1972246884473243,3.440418126866718,-13.815510557964274,4.532599503905944,0.963174699452322,4.543294792908302,-2.3025750930440454,7.867922580591961,16.337608563285418,2.5095993436791817,-0.18152067758334176,2.646174868306106
7.602900462703757,4.488636380968095,-2.207265822321952,7.151389511025543,4.5951198602356,2.772588784739779,1.1314024340716937,-13.815510557964274,4.521788587918605,1.1314024340716937,4.521788587918605,-2.3025750930440454,9.733547763562223,16.337608563285418,2.525728724308252,-0.18874091686813807,2.6173959058267773
7.6024013361650695,4.488636380968095,-2.12025520290148,7.151389511025543,4.5951198602356,3.1780538720146114,3.3707382085417077,-13.815510557964274,4.5951198602356,1.3609768095458243,4.521788587918605,-2.3025750930440454,9.733547763562223,16.337608563285418,2.5416020722046997,-0.19479786323897677,2.5952547815837286
7.601901960374667,4.553876902126857,-2.040213136248448,6.847690668617514,4.5951198602356,-13.815510557964274,3.332204545889489,-13.815510557964274,4.5951198602356,1.2237757257397195,4.543294792908302,-2.3025750930440454,9.731881566457291,16.337608563285418,2.5494452490505686,-0.19844971921238677,2.5877641104156752
7.601402335083484,2.944439031798018,-0.7550204566207219,6.98347707201187,4.5951198602356,2.397895363707457,3.2958369030413657,-13.815510557964274,4.5951198602356,1.2809341232398035,4.574710988812661,-2.3025750930440454,9.709182207792384,16.337608563285418,2.5649494343846104,-0.19966997412859208,2.5952547815837286
7.600902460042082,2.772588784739779,-0.9942495706448166,2.467833570683455,4.5951198602356,3.7376696420928917,3.261935352642823,-13.815510557964274,4.5951198602356,1.252763254209613,4.5951198602356,-2.3025750930440454,5.238823491758654,16.337608563285418,2.5726123065429807,-0.20089171988624974,2.5952547815837286
7.608374474877062,4.919980933127395,1.5163899384369495,-13.815510557964274,4.521788587918605,-13.815510557964274,4.185098940711264,9.999994999180668e-07,4.510859517505861,1.782720095474845,4.510859517505861,-2.3025750930440454,8.852733188065338,15.786530096857891,1.3083330899204126,-0.2331926245422456,2.7080502677688743
7.607878073775032,4.927253692403581,2.386926333339557,5.031352778599928,4.553876902126857,-13.815510557964274,4.1759245645755065,9.999994999180668e-07,4.477336825841843,2.132982427091271,4.477336825841843,-2.3025750930440454,8.968693585769712,15.792910791539498,1.3350013298902002,-0.23952575991751052,2.6946272483376346
7.607381426136563,2.6390574010438272,2.386926333339557,5.008365252834438,4.553876902126857,2.6390574010438272,4.166665239305603,9.999994999180668e-07,4.553876902126857,2.0706531617501533,4.553876902126857,-2.3025750930440454,8.945706059728762,15.798594684180026,1.3350013298902002,-0.24717884873353962,2.667228276026397
7.606884531716648,4.934473940324937,2.386926333339557,6.74694156888865,4.553876902126857,9.999994999180668e-07,4.157319377032941,9.999994999180668e-07,4.553876902126857,1.9615023844621158,4.553876902126857,-2.3025750930440454,8.906292492764901,13.508833212219704,1.3350013298902002,-0.25102746945752774,2.660259607195929
7.6048944813096275,5.043425123370859,2.386926333339557,4.681970229905604,4.564348201884503,9.999994999180668e-07,4.119037191072635,9.999994999180668e-07,4.564348201884503,1.8885838051495139,4.553876902126857,-2.3025750930440454,8.895098318893965,15.829421219614755,1.4350847633845325,-0.27312060706086777,2.6246686646269244
7.6043963492945945,5.0562458117177345,2.386926333339557,6.382678756476415,4.553876902126857,9.999994999180668e-07,1.9315215565307395,9.999994999180668e-07,4.553876902126857,1.857859426938807,4.553876902126857,-2.3025750930440454,8.688268356963482,15.836440447060214,1.4586152552576295,-0.2810362052306782,2.602689759518455
7.603399340239423,2.772588784739779,2.3494687743127387,6.123239168419272,4.564348201884503,1.0986126220013874,4.089332037148975,9.999994999180668e-07,4.574710988812661,2.054123861900666,4.564348201884503,-2.3025750930440454,8.267112568227557,15.851388329055435,1.5040776189984717,-0.2943697183215992,2.602689759518455
7.602900462703757,5.0562458117177345,2.386926333339557,5.951026082676492,4.543294792908302,-13.815510557964274,4.0792309413325265,9.999994999180668e-07,4.543294792908302,2.0668628860552465,4.553876902126857,-2.3025750930440454,8.126097853147431,13.556333010517491,1.52605652088633,-0.3038100993690324,2.5877641104156752
7.6024013361650695,5.043425123370859,2.386926333339557,3.4777312337265176,4.564348201884503,-13.815510557964274,4.070734713647814,9.999994999180668e-07,4.564348201884503,2.0055259933191607,4.564348201884503,-2.3025750930440454,5.6038451564728256,15.866466073023107,1.5475627214819476,-0.31608017523230725,2.557227388887003
7.601901960374667,5.0562458117177345,2.322387818329436,3.5045894313614956,4.477336825841843,-13.815510557964274,4.062165681069569,9.999994999180668e-07,4.543294792908302,2.002830574260753,4.532599503905944,-2.3025750930440454,5.6613440494154395,15.87438720939946,1.568616126247157,-0.3243446736984644,2.557227388887003
7.600902460042082,5.093750206941731,2.271094529101844,2.7236432222563662,4.543294792908302,3.828641418228225,4.04305128537841,9.999994999180668e-07,4.543294792908302,1.9021076756506405,4.532599503905944,-2.3025750930440454,5.131588771180209,13.613604878001597,1.6094381124340804,-0.3438983420137687,2.557227388887003
7.608374474877062,3.2580965764830196,1.5163899384369495,-13.815510557964274,4.510859517505861,4.5951198602356,2.965273117615673,3.8066625119925415,4.510859517505861,1.782720095474845,4.510859517505861,-0.5108239571007129,6.4225847735549015,14.4097342385346,2.740840088441328,-0.9187913558297501,2.0412204587297595
7.607878073775032,5.5909869842422,-4.6050701909877585,2.126604251430114,4.510859517505861,5.393627550897816,2.9338569230273914,3.8066625119925415,4.510859517505861,1.6014059423497191,4.510859517505861,-0.5108239571007129,4.319438374540407,16.682612381061762,2.7663191721192657,-0.9213007611380418,2.0412204587297595
7.607381426136563,3.2958369030413657,1.534714581755382,4.488303765436699,4.477336825841843,5.393627550897816,2.901421649027803,3.8066625119925415,4.488636380968095,1.7766460006227303,4.477336825841843,-0.35667351536832426,6.550298383684827,14.388027340476853,2.791165169162408,-0.9364908881745202,2.014903153875589
7.6048944813096275,5.662960483608168,1.5040776189984717,4.680266850438754,4.532599503905944,5.393627550897816,2.7472709783580536,3.8066625119925415,4.521788587918605,1.9125012346346602,4.532599503905944,0.09531108889482073,6.345217465033826,16.50265889583186,2.9231616344825953,-1.0642079634042536,1.686399138755397
7.6043963492945945,5.680172612430036,1.5216992164666812,4.3030822702567475,4.488636380968095,2.48490673312133,2.714694810046042,3.8066625119925415,4.532599503905944,1.8916049550273224,4.488636380968095,0.09531108889482073,6.163548926099616,14.169837447380031,2.949688387408604,-1.0966112919979427,1.686399138755397
7.603897969020386,3.465735934049726,1.5539254139203098,4.162630009232241,4.330733353444225,4.828313745302301,2.681021597207439,3.8066625119925415,4.543294792908302,1.8840348973128982,4.454347307881415,0.09531108889482073,6.046504754242374,16.442291193555068,2.3608540954576394,-1.1239270197340565,1.686399138755397
7.603399340239423,5.746203193735042,1.5851454247830676,2.1713357036468817,4.392730371564323,5.393627550897816,2.6532420350297476,3.8066625119925415,4.543294792908302,1.927164251794655,4.406719259459375,0.09531108889482073,3.850123601422054,14.109815401375286,2.4069451984083745,-1.3167645671349584,1.686399138755397
7.607878073775032,5.693732142169703,-4.6050701909877585,3.719689690945634,4.553876902126857,-13.815510557964274,2.901421649027803,3.465735934049726,4.553876902126857,2.0202223146458507,4.553876902126857,-0.35667351536832426,5.745400889229796,13.804630585128882,2.687847561811899,-0.9063379257765256,2.3608540954576394
7.606884531716648,5.74300319101461,-4.6050701909877585,3.656658542388667,4.564348201884503,3.8918203185187896,2.839078521988145,3.49650759176951,4.564348201884503,2.1053530452670093,4.564348201884503,0.09531108889482073,5.580807177510073,13.745056977304865,2.7080502677688743,-0.9339431225868511,2.332143992322964
7.605890001550634,3.49650759176951,1.4255153146577584,3.438553429843668,4.564348201884503,5.393627550897816,2.778819334102217,3.5263605540279257,4.543294792908302,2.177021983397378,4.564348201884503,0.09531108889482073,5.443258597569803,13.68391215305866,2.7343675743546463,-1.0188745505699903,2.2300145076860862
7.605392365312695,5.823045898441599,1.3987171280319974,0.7082799371397288,4.543294792908302,5.393627550897816,2.7536607760485277,3.5263605540279257,4.564348201884503,1.9401796180244788,4.543294792908302,0.09531108889482073,3.21665949061292,13.651733189907102,2.7472709783580536,-1.0906411428328855,2.151762319538525
7.6048944813096275,3.555348090060842,1.4655677729612542,2.7722232129493984,4.521788587918605,5.153291600278126,2.721295493641702,3.555348090060842,4.488636380968095,2.0617867336675704,4.521788587918605,0.09531108889482073,5.279375414144939,15.921139204680332,2.760010003324058,-1.1425610414059677,2.0668628860552465
7.6043963492945945,5.872117792292317,1.5129272323175496,0.5461519270009761,4.5951198602356,3.761200138949376,2.6946272483376346,3.5835189662338873,4.532599503905944,0.2623650336979644,4.5951198602356,0.09531108889482073,2.879195704485262,15.887370053439806,2.772588784739779,-1.1744107658436735,1.974081164910889
7.603897969020386,5.888877961102964,1.5040776189984717,3.0563171011668824,4.521788587918605,5.393627550897816,2.6741487183920434,3.5835189662338873,4.477336825841843,2.441477178892862,4.521788587918605,0.09531108889482073,5.111261130428706,15.85352288955592,2.791165169162408,-1.2378709077317007,1.7749525204031849
7.603399340239423,5.910796646750554,1.7119946812645914,0.5581529745454186,4.465908130148836,-13.815510557964274,2.646174868306106,3.610917939671251,4.406719259459375,2.286455812690173,4.465908130148836,0.09531108889482073,2.7456247523818957,15.820132778387885,2.8033604415125937,-1.2517599716649008,1.722766776312516
7.602900462703757,5.9348941982650905,1.743968980216866,2.4182819068912327,4.418840619844791,0.6931476805598203,2.6246686646269244,3.6375861860421748,4.330733353444225,1.9600949248923303,4.418840619844791,0.09531108889482073,4.84756457160441,15.787151247675311,2.821378945933021,-1.276539912937804,1.686399138755397
7.6024013361650695,5.958424695613761,1.7647309680729977,1.8787418315467634,4.392730371564323,5.393627550897816,2.602689759518455,3.6375861860421748,4.317488126869644,1.6582282670797048,4.406719259459375,0.09531108889482073,4.726053956061628,15.7547000309268,2.833213402879744,-1.287350790083145,1.686399138755397
7.601402335083484,5.953243336885187,1.8066482459254047,2.362661503393587,4.392730371564323,-13.815510557964274,2.5649494343846104,3.688879479113936,4.2766661329049445,1.6014059423497191,4.394449167018117,0.09531108889482073,4.895918327492563,15.695865135528418,2.8678989588622863,-1.3167645671349584,1.686399138755397
7.608374474877062,5.9839362832060825,1.5163899384369495,-13.815510557964274,4.418840619844791,4.174387285280252,3.332204545889489,3.8066625119925415,4.394449167018117,1.782720095474845,4.418840619844791,0.09531108889482073,8.897930140949667,16.337608563285418,2.397895363707457,-0.47122466031470783,2.4808756309649644
7.607878073775032,3.850147622986654,-4.6050701909877585,-13.815510557964274,4.330733353444225,3.912023025428146,3.310543049890374,3.8066625119925415,4.330733353444225,1.743968980216866,4.330733353444225,0.09531108889482073,8.897930140949667,16.337608563285418,2.415913867586759,-0.47122466031470783,2.4808756309649644
7.607381426136563,6.02102335177671,1.1474027702978087,-13.815510557964274,4.189654757177941,3.871201031741224,3.2884019248302434,3.8066625119925415,4.369447865125249,1.7595807429808445,4.127134401174124,0.09531108889482073,8.897930140949667,16.337608563285418,2.4423471223257223,-0.47122466031470783,2.4808756309649644
7.606884531716648,6.028278522640337,1.175573638446166,-13.815510557964274,4.406719259459375,4.919980933127395,3.2657594489349893,3.8066625119925415,4.418840619844791,1.8148249050254872,4.406719259459375,0.09531108889482073,8.897930140949667,16.337608563285418,2.468099616217378,-0.47122466031470783,2.4808756309649644
7.605890001550634,6.033086224196883,1.1474027702978087,-13.815510557964274,4.442651268255022,5.393627550897816,3.2188758648682,3.8066625119925415,4.394449167018117,1.8437193663866016,4.442651268255022,0.09531108889482073,8.897930140949667,16.337608563285418,2.525728724308252,-0.47122466031470783,2.4808756309649644
7.605392365312695,6.054439348616788,1.071583958745885,-13.815510557964274,4.394449167018117,5.209486158305902,3.194583173282762,3.8066625119925415,4.3438054348406965,1.857859426938807,4.394449167018117,0.09531108889482073,8.897930140949667,16.337608563285418,2.557227388887003,-0.47122466031470783,2.4808756309649644
7.6048944813096275,6.0799331973839195,0.9895415653608906,-13.815510557964274,4.304065106717683,2.48490673312133,3.1696856226942347,3.8066625119925415,4.127134401174124,1.8261610569759703,4.304065106717683,0.09531108889482073,8.897930140949667,16.337608563285418,2.580216905349898,-0.47122466031470783,2.4808756309649644
7.6043963492945945,6.082218912659551,0.9477897865303503,-13.815510557964274,4.330733353444225,1.6094381124340804,3.1441523217757115,3.8066625119925415,4.317488126869644,1.8484549703849027,4.330733353444225,0.09531108889482073,8.897930140949667,16.337608563285418,2.602689759518455,-0.47122466031470783,2.4808756309649644
7.603897969020386,6.082218912659551,0.9745600173565502,-13.815510557964274,4.3438054348406965,2.397895363707457,3.117949950526027,3.8066625119925415,4.330733353444225,1.769854804197742,4.3438054348406965,0.09531108889482073,8.897930140949667,16.337608563285418,2.6318889120790896,-0.47122466031470783,2.4808756309649644
7.603399340239423,6.082218912659551,1.1346230477344994,-13.815510557964274,4.330733353444225,4.744932137058902,3.095577653772575,3.8066625119925415,4.465908130148836,1.6845455704496455,4.330733353444225,0.09531108889482073,8.897930140949667,16.337608563285418,2.660259607195929,-0.47122466031470783,2.4808756309649644
7.608374474877062,4.7361984571664255,1.5163899384369495,-13.815510557964274,4.564348201884503,-13.815510557964274,3.443618129494989,-13.815510557964274,4.532599503905944,1.782720095474845,4.532599503905944,-1.6094329124466003,7.990955905062975,13.186113462809994,2.580216905349898,-0.43695422721311716,2.602689759518455
7.606884531716648,4.795790553861204,-4.6050701909877585,3.513301835165016,4.543294792908302,-13.815510557964274,3.367295864469232,-13.815510557964274,4.543294792908302,1.5282280739282734,4.543294792908302,-1.2039694709981583,5.8535887684321715,13.14993768757349,2.6532420350297476,-0.45255514331620694,2.580216905349898
7.605392365312695,4.820281573669553,1.4929043208972248,5.82888013723112,4.584967488874653,-13.815510557964274,3.2884019248302434,-13.815510557964274,4.5951198602356,1.4445635050928953,4.5951198602356,-0.91628823187728,8.144550467181592,13.116270855629406,2.721295493641702,-0.4764225867439967,2.5176965532561493
7.6048944813096275,4.820281573669553,1.4255153146577584,5.887827222292534,4.584967488874653,-13.815510557964274,3.2657594489349893,-13.815510557964274,4.5951198602356,1.3762442777916097,4.5951198602356,-0.91628823187728,8.199453057401715,13.105670828797807,2.7472709783580536,-0.48613138516068094,2.5014360337064203
7.603399340239423,4.897839807413598,1.4492693950230355,1.2089060055545986,4.532599503905944,-13.815510557964274,3.1904763914987653,-13.815510557964274,4.553876902126857,1.5810386436736983,4.553876902126857,-0.2231423013149909,5.5139713045986944,13.070158088330755,2.833213402879744,-0.5412831130391169,2.415913867586759
7.602900462703757,2.6390574010438272,1.4327009725975024,5.481220903958414,4.510859517505861,-13.815510557964274,3.1654750903351774,-13.815510557964274,4.543294792908302,1.722766776312516,4.532599503905944,-0.2231423013149909,7.589061916668231,13.055505368335371,2.856470263691746,-0.5551241405038094,2.4069451984083745
7.601402335083484,5.023880527425224,1.3376294516057667,5.015579632020634,4.392730371564323,-13.815510557964274,3.095577653772575,-13.815510557964274,4.510859517505861,1.6467338898560062,4.127134401174124,-0.2231423013149909,7.145893498249762,13.002939997120265,2.9285235773364757,-0.5762516497305983,2.397895363707457
7.608374474877062,5.159055304961655,1.5163899384369495,-13.815510557964274,4.488636380968095,-13.815510557964274,2.9755296172568784,2.48490673312133,4.465908130148836,1.782720095474845,4.488636380968095,-1.6094329124466003,7.058921312896022,16.557487677087167,1.3350013298902002,-0.5833945244877364,2.388762880978213
7.607381426136563,5.209486158305902,-4.6050701909877585,2.1699921784897116,4.418840619844791,-13.815510557964274,2.901421649027803,2.5649494343846104,4.189654757177941,1.7800243816436838,4.418840619844791,-1.6094329124466003,4.85530278618522,14.235990378990238,3.095577653772575,-0.6051344717370776,2.3795462267227623
7.606884531716648,5.2257466790895455,-4.6050701909877585,1.9336531932484633,4.454347307881415,2.7080502677688743,2.8678989588622863,2.6390574010438272,4.430816810748075,1.8309803426377338,4.454347307881415,-1.2039694709981583,4.556443416309186,16.50857340769828,3.100092333923278,-0.6161842875736797,2.3702438349258
7.6063873902699175,2.944439031798018,0.7514165603819232,4.097438416482161,4.477336825841843,5.393627550897816,2.833213402879744,2.7080502677688743,4.465908130148836,1.7298842428149164,4.477336825841843,-1.2039694709981583,6.782749115106271,16.492268627477262,3.100092333923278,-0.6292319786454446,2.3702438349258
7.6043963492945945,3.1780538720146114,0.7323683744823419,4.05586648715155,4.406719259459375,5.393627550897816,2.6946272483376346,2.9957323235539897,4.406719259459375,1.3217561066489505,4.406719259459375,-0.10535940454733242,6.4483762720158815,16.431203701168904,3.1267605798200435,-0.7031954962134672,2.332143992322964
7.603897969020386,5.375278412313794,0.708036285664412,3.9416686425402108,4.189654757177941,5.236441968149098,2.660259607195929,3.0445224853424695,4.127134401174124,1.4996232696411547,4.127134401174124,0.09531108889482073,6.2913453254397345,16.416308751962426,3.13549425940741,-0.727736554938333,2.3125355228571096
7.602900462703757,5.533389492680089,0.3220842238065318,2.1265779868284653,4.392730371564323,5.393627550897816,2.602689759518455,3.1780538720146114,4.454347307881415,1.8609746937705112,4.442651268255022,0.09531108889482073,3.8839359306642325,14.125475268178533,3.148453403490109,-0.7808839114642222,2.2721259886021152
7.6024013361650695,5.5909869842422,0.3646438080321125,4.018101191778744,4.392730371564323,5.393627550897816,2.5726123065429807,3.2580965764830196,4.2341065190900125,1.9080600732921573,4.2341065190900125,0.09531108889482073,5.8928075666340325,16.36909745259891,3.148453403490109,-0.8096787496274106,2.2300145076860862
7.607381426136563,5.897153870383994,-4.6050701909877585,4.1443863646702,4.488636380968095,5.393627550897816,3.325036056667814,3.8066625119925415,4.477336825841843,1.4562869660401316,4.488636380968095,0.09531108889482073,7.219161830412192,16.89077994986464,2.4510051843192118,-0.6911471818912802,2.3418059023011684
7.606884531716648,5.910796646750554,-4.6050701909877585,4.227685821855825,4.442651268255022,5.393627550897816,3.303217010066657,3.8066625119925415,4.442651268255022,1.4678745785270335,4.442651268255022,0.09531108889482073,7.135407204288646,14.595927957011956,2.468099616217378,-0.7011773361302097,2.3418059023011684
7.605890001550634,3.610917939671251,1.8164522444200393,4.614117500126746,4.430816810748075,5.393627550897816,3.2580965764830196,3.8066625119925415,4.418840619844791,1.6639262871120917,4.430816810748075,0.09531108889482073,7.075698315180013,14.507404453491024,2.5095993436791817,-0.7339670917490373,2.2721259886021152
7.605392365312695,5.921578422324781,1.7732561674427678,2.2019403176229893,4.189654757177941,5.393627550897816,3.234749213394569,3.8066625119925415,4.369447865125249,1.7404663502790856,4.127134401174124,0.09531108889482073,4.813771558513464,16.782459589951827,2.5336968933225084,-0.7486577763275342,2.219203592750641
7.6043963492945945,5.978885767432767,1.693779244691364,2.0232539108598866,4.406719259459375,4.605170195988091,3.194583173282762,3.8066625119925415,4.394449167018117,1.5602478783273401,4.406719259459375,0.09531108889482073,4.715922886650869,16.7276105933483,2.580216905349898,-0.7852602764876995,2.079441666679828
7.603897969020386,5.976350911836005,1.6524975934654103,-0.03822323671834969,4.394449167018117,5.278114664332558,3.1696856226942347,3.8066625119925415,4.356708839510104,1.5454327956777816,4.394449167018117,0.09531108889482073,2.564115548400896,16.70028680123792,2.602689759518455,-0.7852602764876995,2.1041342762214192
7.603399340239423,1.3862946111198593,1.6154201829187853,4.29090814799866,4.369447865125249,5.393627550897816,3.148453403490109,3.8066625119925415,4.369447865125249,1.5581448285728434,4.127134401174124,0.09531108889482073,6.8587617059965345,14.37100070427536,2.6318889120790896,-0.7852602764876995,2.116255635284473
7.602900462703757,6.02102335177671,1.549688120342529,1.9709237041450993,4.392730371564323,5.393627550897816,3.1267605798200435,3.8066625119925415,4.2766661329049445,1.5539254139203098,4.290459454847021,0.09531108889482073,4.534873432673709,14.343771892441634,2.646174868306106,-0.7874556622314041,2.1041342762214192
7.6024013361650695,6.02102335177671,1.534714581755382,4.214188495288309,4.392730371564323,5.393627550897816,3.1045867233091213,3.8066625119925415,4.2766661329049445,1.6034200413157607,4.290459454847021,0.09531108889482073,6.715224513472632,16.619708285168283,2.6741487183920434,-0.7940708867629727,2.0918641851351754
7.608374474877062,4.1588830989846715,1.5163899384369495,-13.815510557964274,4.189654757177941,5.272999563691952,4.204692634316339,0.6931476805598203,4.510859517505861,1.782720095474845,4.510859517505861,-2.3025750930440454,9.733547763562223,15.09223025860058,0.09531108889482073,-0.08446806848776012,2.791165169162408
7.607878073775032,4.174387285280252,2.0918641851351754,4.62683595694585,4.189654757177941,5.393627550897816,4.195697071542629,0.6931476805598203,4.510859517505861,0.37156424608741756,4.510859517505861,-2.3025750930440454,6.29974628391691,17.158115227083496,9.999994999180668e-07,-0.09211419241717868,2.7663191721192657
7.607381426136563,4.204692634316339,2.1041342762214192,7.151389511025543,4.189654757177941,4.418840619844791,4.18661985352884,0.6931476805598203,4.510859517505861,0.5128242252308796,4.510859517505861,-2.3025750930440454,9.733547763562223,17.158115227083496,9.999994999180668e-07,-0.09540908469525228,2.7663191721192657
7.606884531716648,4.219507719881989,2.116255635284473,7.151389511025543,4.189654757177941,2.3025851929940404,4.178992051596321,0.6931476805598203,4.5951198602356,0.5766139261015888,4.553876902126857,-2.3025750930440454,9.733547763562223,15.061261859216442,9.999994999180668e-07,-0.09761172633177577,2.7663191721192657
7.6063873902699175,4.219507719881989,2.1041342762214192,6.879281768180727,4.189654757177941,5.393627550897816,4.169761216962805,0.6931476805598203,4.465908130148836,0.5988370505391025,4.465908130148836,-2.3025750930440454,8.57210128871431,15.049317272317497,9.999994999180668e-07,-0.10203161814605269,2.7663191721192657
7.605890001550634,1.945910291912446,2.1282318248968797,7.151389511025543,4.189654757177941,4.5951198602356,4.160444379527248,0.6931476805598203,4.477336825841843,2.415913867586759,4.488636380968095,-2.3025750930440454,9.733547763562223,12.752093583702706,-0.10535940454733242,-0.10758409709481133,2.7663191721192657
7.605392365312695,4.2766661329049445,2.1282318248968797,6.762671622019586,4.189654757177941,2.6390574010438272,4.152613486069347,0.6931476805598203,4.488636380968095,2.41323170260662,4.510859517505861,-2.3025750930440454,8.470825506483196,17.158115227083496,-0.10535940454733242,-0.10758409709481133,2.7663191721192657
7.6048944813096275,4.304065106717683,2.116255635284473,7.151389511025543,4.189654757177941,4.127134401174124,4.143134742264548,0.6931476805598203,4.488636380968095,0.2623650336979644,4.521788587918605,-2.3025750930440454,9.733547763562223,17.158115227083496,-0.10535940454733242,-0.10869830209676051,2.760010003324058
7.6043963492945945,4.304065106717683,2.116255635284473,7.151389511025543,4.189654757177941,4.615120526742249,4.135166572742356,0.6931476805598203,4.127134401174124,2.2854390358884697,4.543294792908302,-2.3025750930440454,9.733547763562223,17.158115227083496,-0.10535940454733242,-0.11204838524101579,2.760010003324058
7.603897969020386,4.317488126869644,2.1041342762214192,6.647924104012781,4.189654757177941,2.5649494343846104,4.125520195845639,0.6931476805598203,4.553876902126857,2.277267387573853,4.553876902126857,-2.3025750930440454,8.386332396654344,12.693900844066532,-0.10535940454733242,-0.11540972917750185,2.760010003324058
7.607878073775032,6.0799331973839195,-4.6050701909877585,3.9785528718334753,4.189654757177941,5.347107535479373,3.095577653772575,3.09104249881286,4.127134401174124,1.4350847633845325,4.127134401174124,0.09531108889482073,5.9325959879792745,15.323002562770085,2.815408779302947,-1.0642079634042536,1.9600949248923303
7.607381426136563,6.082218912659551,-4.6050701909877585,3.9584802983778307,4.189654757177941,5.393627550897816,3.0726933609864147,3.13549425940741,4.127134401174124,1.3402506843985542,4.127134401174124,0.09531108889482073,5.821520953468091,15.319510840656445,2.833213402879744,-0.9942495706448166,1.9600949248923303
7.606884531716648,6.082218912659551,-4.6050701909877585,1.993993834339541,4.189654757177941,4.948759897470366,3.054001228847777,3.13549425940741,4.127134401174124,1.2864743020807354,4.127134401174124,0.09531108889482073,6.187054235406089,13.015704241128075,2.8507065593072,-1.0051192133440663,1.9600949248923303
7.6063873902699175,6.082218912659551,0.5068182047779088,4.06953048426761,4.189654757177941,5.393627550897816,0.9932521433805853,3.1780538720146114,4.127134401174124,1.316408501752203,4.127134401174124,0.09531108889482073,6.203217025798853,15.314274530135604,2.8678989588622863,-1.0188745505699903,1.9169227592408737
7.605890001550634,6.082218912659551,0.5128242252308796,3.7723836938435245,4.189654757177941,0.6931476805598203,0.7884578149096215,3.1780538720146114,4.127134401174124,1.3609768095458243,4.127134401174124,0.09531108889482073,6.101312741455794,15.30808313852326,2.8848007687126294,-1.0441212624789846,1.88706980054752
7.6048944813096275,6.082218912659551,0.4187109927527054,4.209774851302518,4.392730371564323,2.48490673312133,2.965273117615673,3.2188758648682,4.127134401174124,1.4586152552576293,4.127134401174124,0.09531108889482073,6.124380137915479,15.284625150480554,2.9177707861383317,-1.0847064249236131,1.840549792127633
7.603897969020386,4.025351708592292,0.4317830657759763,3.8480428384618683,4.392730371564323,1.0986126220013874,2.9231616344825953,3.2580965764830196,4.127134401174124,1.3837914815283072,4.127134401174124,0.09531108889482073,5.851264335832037,12.952186968813969,2.954910331117068,-1.1300998597890408,1.7917596358947079
7.603399340239423,6.082218912659551,0.40546577477460877,3.7116697892530013,4.392730371564323,5.393627550897816,2.901421649027803,3.2580965764830196,4.127134401174124,1.4562869660401316,4.127134401174124,0.09531108889482073,5.7903116293119945,12.930696690588658,2.965273117615673,-1.1425610414059677,1.7749525204031849
7.6024013361650695,3.9318256523321686,0.3987767910980821,3.8311641987196965,4.392730371564323,5.393627550897816,2.862200938072324,3.2580965764830196,4.127134401174124,1.4609381361341909,4.127134401174124,0.09531108889482073,5.656894169306214,15.197210631488918,0.7419378209197403,-1.1520099008432703,1.722766776312516
7.601901960374667,4.060443027787798,0.38526308106252233,3.452972283891363,4.392730371564323,5.393627550897816,2.8449094419589405,3.2188758648682,4.127134401174124,1.4255153146577584,4.127134401174124,0.09531108889482073,5.536421819368699,12.89323193439815,0.8754691540204799,-1.1551794655583685,1.686399138755397
7.607381426136563,5.902633336133607,-0.44628554012964017,4.337602147895833,4.189654757177941,5.393627550897816,2.901421649027803,3.8066625119925415,4.127134401174124,1.229640843472132,4.127134401174124,0.09531108889482073,6.89378998766117,16.390683552415727,2.862200938072324,-0.9493280019763656,1.9878744851406374
7.606884531716648,5.905361850779366,-0.47803418804107467,4.057408616598542,4.189654757177941,4.787491751115379,2.8848007687126294,3.8066625119925415,4.127134401174124,1.0986126220013874,4.127134401174124,0.09531108889482073,6.88086965286946,14.058562613323248,2.8848007687126294,-0.9649532791869646,1.9878744851406374
7.605890001550634,5.897153870383994,-0.6931451805619453,3.7744443497870317,4.189654757177941,5.267858164217968,2.839078521988145,3.8066625119925415,4.127134401174124,1.0818055093347219,4.127134401174124,0.09531108889482073,6.798576075965361,13.988389338411652,2.9285235773364757,-1.0216484697580617,1.9021076756506405
7.605392365312695,3.610917939671251,-0.7550204566207219,1.6060123320274422,4.189654757177941,5.1059454799611865,2.815408779302947,3.8066625119925415,4.127134401174124,1.1969484915037296,4.127134401174124,0.09531108889482073,4.4362299782580426,13.957692179250369,2.949688387408604,-1.070021916368552,1.840549792127633
7.6048944813096275,5.976350911836005,-0.7985054739980185,3.8936957473353826,4.189654757177941,4.143134742264548,2.7972813958057605,3.8066625119925415,4.127134401174124,1.071583958745885,4.127134401174124,0.09531108889482073,6.834939816408687,16.225501563365373,2.970414516851751,-1.0847064249236131,1.7917596358947079
7.608374474877062,4.406719259459375,1.5163899384369495,-13.815510557964274,4.574710988812661,2.1972246884473243,4.155753206024725,0.6931476805598203,4.564348201884503,1.782720095474845,4.564348201884503,-2.3025750930440454,9.521731139056602,16.69261024134267,0.47000425424554026,-0.16841746819371078,2.791165169162408
7.607878073775032,4.418840619844791,1.968510120637349,7.151389511025543,4.553876902126857,-13.815510557964274,4.144720785395028,0.6931476805598203,4.553876902126857,2.0528409882523535,4.553876902126857,-2.3025750930440454,9.603555945340478,16.684193130131504,0.47000425424554026,-0.17316242994925385,2.7850113039667317
7.607381426136563,4.430816810748075,1.974081164910889,7.151389511025543,4.189654757177941,-13.815510557964274,4.135166572742356,0.6931476805598203,4.127134401174124,2.018895174613918,4.510859517505861,-2.3025750930440454,9.67667460352155,16.675593884170777,0.47000425424554026,-0.18512428075797852,2.7472709783580536
7.606884531716648,4.430816810748075,1.9110230379838558,7.151389511025543,4.189654757177941,-13.815510557964274,4.123903380644875,0.6931476805598203,4.127134401174124,1.9796213445191624,4.127134401174124,-2.3025750930440454,9.64419397325055,14.369249683524112,0.47000425424554026,-0.1911592948081388,2.740840088441328
7.6063873902699175,4.454347307881415,1.982379966577742,5.354765249687489,4.543294792908302,1.7917596358947079,4.114147205858149,0.6931476805598203,4.532599503905944,1.945910291912446,4.543294792908302,-2.3025750930440454,7.296882596588492,16.657704455861268,0.47000425424554026,-0.19844971921238677,2.7343675743546463
7.605890001550634,4.488636380968095,2.0706531617501533,5.17892844070246,4.521788587918605,-13.815510557964274,1.88706980054752,0.6931476805598203,4.521788587918605,1.9416153682444452,4.521788587918605,-2.3025750930440454,7.159430029783531,16.648332884406653,0.5306288392972915,-0.2045659387481621,2.721295493641702
7.605392365312695,4.510859517505861,2.037316745757253,5.201398475461316,4.543294792908302,9.999994999180668e-07,4.0926765218158945,0.6931476805598203,4.543294792908302,2.0001278702780985,4.543294792908302,-2.3025750930440454,7.125547128250909,16.638640410537192,0.5306288392972915,-0.2033396985285849,2.7278528937578645
7.6048944813096275,4.477336825841843,1.9892434105605834,5.4870903145438685,4.553876902126857,-13.815510557964274,4.082609322867086,0.6931476805598203,4.553876902126857,1.927164251794655,4.553876902126857,-2.3025750930440454,7.485136214358407,16.62863775453632,0.5877872204575202,-0.21815476602284956,2.721295493641702
7.6043963492945945,2.1972246884473243,2.0001278702780985,5.344664494170477,4.521788587918605,-13.815510557964274,4.072439743869825,0.6931476805598203,4.553876902126857,1.8484549703849027,4.564348201884503,-2.3025750930440454,7.3309800537994905,16.618366993730028,0.5877872204575202,-0.22689934548756477,2.6946272483376346
7.603897969020386,4.510859517505861,1.991975652324199,7.151242194505222,4.553876902126857,-13.815510557964274,4.062165681069569,0.6931476805598203,4.543294792908302,1.821318433281884,4.543294792908302,-2.3025750930440454,9.157433273791701,16.607889162321037,0.5877872204575202,-0.22815483685713603,2.7013612800655054
7.603399340239423,4.532599503905944,2.024193199549745,6.861674156229195,4.392730371564323,-13.815510557964274,4.050044320747124,0.6931476805598203,4.521788587918605,1.900614023616957,4.510859517505861,-2.3025750930440454,8.93792080611761,14.29469937393052,0.6418544124880456,-0.23572106769908613,2.681021597207439
7.602900462703757,4.574710988812661,1.8437193663866016,4.366730870889042,4.392730371564323,-13.815510557964274,4.039536343332739,0.6931476805598203,4.543294792908302,1.9358599575019457,4.532599503905944,-2.3025750930440454,6.432664051427848,16.58645906077939,0.6418544124880456,-0.24717884873353962,2.660259607195929
7.6024013361650695,9.999994999180668e-07,1.851599626569931,6.370071077779069,4.392730371564323,9.999994999180668e-07,4.027135830353963,0.6931476805598203,4.564348201884503,1.993338978866197,4.564348201884503,-2.3025750930440454,8.47380531053163,16.575491510235345,0.6931476805598203,-0.2548909593070418,2.6390574010438272
7.601901960374667,2.397895363707457,1.801709965097711,6.515868830137746,4.392730371564323,-13.815510557964274,4.0145796118037795,1.0986126220013874,4.574710988812661,1.868720664685159,4.574710988812661,-2.3025750930440454,8.403698766807235,16.564295389770695,0.6931476805598203,-0.2639642437519792,2.6318889120790896
7.601402335083484,2.772588784739779,1.8082889351136784,6.533078823578145,4.392730371564323,-13.815510557964274,4.001863727709471,1.0986126220013874,4.564348201884503,1.873339609830297,4.574710988812661,-2.3025750930440454,8.432869035810908,16.552793877210824,0.6931476805598203,-0.27312060706086777,2.6173959058267773
7.600902460042082,2.5649494343846104,1.8309803426377338,4.306068901266186,4.392730371564323,-13.815510557964274,3.988984065082793,1.0986126220013874,4.510859517505861,1.856298146615614,4.510859517505861,-2.3025750930440454,6.237090426229392,16.540926039359327,0.7884578149096215,-0.2810362052306782,2.602689759518455
7.608374474877062,4.962844637252914,1.5163899384369495,-13.815510557964274,4.510859517505861,9.999994999180668e-07,4.058717401850107,2.48490673312133,4.510859517505861,1.782720095474845,4.510859517505861,-2.3025750930440454,6.468514475588388,17.158115227083496,1.3862946111198593,-0.32296250538190496,2.6100698662714152
7.607381426136563,4.976733749317126,1.4838749162160987,2.71882895571434,4.510859517505861,9.999994999180668e-07,4.0324691762345095,2.5649494343846104,4.510859517505861,1.9227878778332788,4.510859517505861,-2.3025750930440454,4.42587964302718,17.158115227083496,1.3862946111198593,-0.33967596307676556,2.5877641104156752
7.606884531716648,4.962844637252914,1.4906546016693334,7.151389511025543,4.521788587918605,9.999994999180668e-07,4.01998016488656,2.5649494343846104,4.510859517505861,1.9358599575019457,4.510859517505861,-2.3025750930440454,8.972715524759806,17.158115227083496,1.3862946111198593,-0.3467231986594076,2.580216905349898
7.6063873902699175,4.969813306520445,1.4747632379404245,5.216604813959183,4.442651268255022,1.7917596358947079,4.007333203414289,2.6390574010438272,4.442651268255022,1.8931121140907408,4.442651268255022,-2.3025750930440454,8.885681635706606,15.351656226986155,1.4350847633845325,-0.35667351536832426,2.5649494343846104
7.605890001550634,2.7080502677688743,1.453953243238538,4.729541564991494,4.477336825841843,-13.815510557964274,3.992680926895785,2.7080502677688743,4.477336825841843,1.9110230379838558,4.477336825841843,-2.3025750930440454,6.438799805828832,15.339803786416605,1.4350847633845325,-0.3638419945694592,2.5494452490505686
7.605392365312695,2.7080502677688743,1.4678745785270335,6.847629838397768,4.521788587918605,-13.815510557964274,3.9796816725935495,2.7080502677688743,4.521788587918605,1.9600949248923303,4.521788587918605,-2.3025750930440454,8.546445561081047,17.158115227083496,1.4350847633845325,-0.36961400803751143,2.5176965532561493
7.6048944813096275,4.983606628557651,1.4929043208972248,6.885581662330836,4.521788587918605,-13.815510557964274,3.9665112096516095,2.772588784739779,4.521788587918605,1.8900955210063073,4.521788587918605,-2.3025750930440454,8.600380089584377,15.317707075885503,1.4586152552576293,-0.3812589552835754,2.5014360337064203
7.6043963492945945,4.969813306520445,1.5390156627298062,6.66005603420058,4.532599503905944,-13.815510557964274,3.9512437378121965,2.833213402879744,4.532599503905944,1.8325816237482973,4.532599503905944,-2.3025750930440454,8.449817499660394,17.158115227083496,1.481604768196917,-0.39304110662922304,2.4765384841510936
7.603897969020386,4.990432593581457,1.5107221602454703,4.134159789962712,4.532599503905944,-13.815510557964274,3.937690771669901,2.833213402879744,4.543294792908302,1.8099269368496118,4.532599503905944,-2.3025750930440454,5.9396125730037665,17.158115227083496,1.481604768196917,-0.4019697240867148,2.4423471223257223
7.603399340239423,4.969813306520445,1.477048952698831,6.27660743342848,4.532599503905944,-13.815510557964274,1.7047482740565905,2.890371813451719,4.532599503905944,1.7613004335646376,4.532599503905944,-2.3025750930440454,8.127480165564586,17.158115227083496,1.5040776189984717,-0.4185488279011357,2.4069451984083745
7.602900462703757,4.997212280520872,1.4492693950230355,3.7419358663203957,4.488636380968095,-13.815510557964274,3.9080150041109283,2.944439031798018,4.488636380968095,1.6808280947404952,4.488636380968095,-2.3025750930440454,5.614038068159658,17.158115227083496,1.52605652088633,-0.4185488279011357,2.4248028142138662
7.6024013361650695,2.7080502677688743,1.4469192182304154,6.03501216166886,4.521788587918605,-13.815510557964274,3.8918203185187896,2.944439031798018,4.521788587918605,1.778336617814819,4.521788587918605,-2.3025750930440454,7.717020764970365,17.158115227083496,1.5475627214819478,-0.41703022703009823,2.4510051843192118
7.601901960374667,5.093750206941731,1.4929043208972248,5.976039602725243,4.356708839510104,4.934473940324937,3.8753590418034425,2.9957323235539897,4.418840619844791,1.7351892941064881,4.394449167018117,-2.3025750930440454,7.764604178918042,17.158115227083496,1.568616126247157,-0.4215929656489659,2.4423471223257223
7.601402335083484,5.1059454799611865,1.488399809790653,6.0024553928733475,4.189654757177941,1.0986126220013874,3.860729732093227,3.0445224853424695,4.418840619844791,1.7850706488624792,4.127134401174124,-2.3025750930440454,7.781496087660101,13.120158949439423,1.568616126247157,-0.42617661831331033,2.4336134431197443
7.608374474877062,5.424950021886689,1.5163899384369495,-13.815510557964274,4.510859517505861,-13.815510557964274,3.186352674484954,0.6931476805598203,4.521788587918605,1.782720095474845,4.510859517505861,-0.2231423013149909,6.589815199147192,13.563741169062908,2.580216905349898,-0.6971531939273717,2.4069451984083745
7.607878073775032,3.13549425940741,-4.6050701909877585,4.302250613165595,4.477336825841843,-13.815510557964274,3.1654750903351774,0.6931476805598203,4.465908130148836,1.9095426530325756,4.465908130148836,-0.2231423013149909,6.7487060642326355,13.54026417414994,2.5952547815837286,-0.699163240815098,2.4069451984083745
7.606884531716648,5.46806014535454,-4.6050701909877585,4.3616974743360055,4.488636380968095,9.999994999180668e-07,3.117949950526027,0.6931476805598203,4.442651268255022,1.9615023844621158,4.454347307881415,-0.2231423013149909,6.670300628143955,13.492364334304854,2.6100698662714152,-0.7256683061519373,2.3795462267227623
7.605890001550634,5.505331539997403,-1.8971133182414368,3.856599503569469,4.304065106717683,-13.815510557964274,3.0726933609864147,0.6931476805598203,4.406719259459375,1.7613004335646376,4.304065106717683,-2.3025750930440454,6.645317587908979,13.444000400107512,2.6390574010438272,-0.7423353239125878,2.3513753524015684
7.605392365312695,5.525452943115847,-1.771950959596235,4.042867492001438,4.418840619844791,9.999994999180668e-07,3.0492730878753846,0.6931476805598203,4.430816810748075,1.3402506843985542,4.418840619844791,-2.3025750930440454,6.657427333695415,13.419874981335605,2.6532420350297476,-0.7657157228594588,2.332143992322964
7.6048944813096275,5.541263549079995,-2.12025520290148,4.536547504436675,4.394449167018117,-13.815510557964274,0.9555118296427471,0.6931476805598203,4.394449167018117,1.635105854114433,4.394449167018117,-2.3025750930440454,6.679568018273252,13.395787790770909,2.660259607195929,-0.7743550667904443,2.322387818329436
7.603897969020386,5.568344507577891,-1.3862903611278907,4.3441741434778995,4.2341065190900125,4.442651268255022,2.9755296172568784,0.6931476805598203,4.2341065190900125,1.5195134237244703,4.2341065190900125,-2.3025750930440454,6.474488004039626,13.347784333464176,2.687847561811899,-0.7962857221870168,2.29253485815064
7.603399340239423,5.583496312541097,-1.4271121889821596,4.248031484530462,4.219507719881989,5.393627550897816,2.954910331117068,0.6931476805598203,4.204692634316339,1.4632556337374738,4.219507719881989,-2.3025750930440454,6.432833529183672,13.323877898565232,2.7013612800655054,-0.8347084407369214,2.2721259886021152
7.6024013361650695,5.602118824569738,-1.3470698018201597,3.8086629175797526,4.189654757177941,-13.815510557964274,2.9123507189627644,0.6931476805598203,4.127134401174124,1.2947274415669654,4.127134401174124,-2.3025750930440454,6.299990114891283,13.276304320954472,2.721295493641702,-1.3167645671349584,2.219203592750641
7.601901960374667,5.602118824569738,-2.52571614438638,3.3816399066137075,4.392730371564323,-13.815510557964274,2.890371813451719,0.6931476805598203,4.584967488874653,1.2208302163775662,4.488636380968095,-2.3025750930440454,6.071359119425403,13.252477186739977,2.7343675743546463,-1.3167645671349584,2.174751835120518
7.601402335083484,5.6058020699724675,-2.52571614438638,2.981502074331144,4.392730371564323,-13.815510557964274,2.8678989588622863,0.6931476805598203,4.127134401174124,1.0508219744820497,4.127134401174124,-2.3025750930440454,5.981242320977143,13.228322114094068,2.7472709783580536,-1.3167645671349584,2.1400662811433224
7.600902460042082,5.6058020699724675,-2.407934497602489,3.556190199363182,4.392730371564323,-13.815510557964274,2.8507065593072,0.6931476805598203,4.127134401174124,1.2697608257627762,4.127134401174124,-2.3025750930440454,5.9291977306277,13.20367973518142,2.760010003324058,-1.3167645671349584,2.1041342762214192
7.607878073775032,5.616771101302935,-4.6050701909877585,-13.815510557964274,4.189654757177941,4.262679891125822,3.2884019248302434,2.3025851929940404,4.127134401174124,1.6389969088503833,4.127134401174124,0.09531108889482073,8.897930140949667,16.337608563285418,2.701361280065505,-0.5430028009613111,2.4069451984083745
7.607381426136563,5.613128110037705,-4.6050701909877585,-13.815510557964274,4.442651268255022,4.820281573669553,3.2657594489349893,2.3025851929940404,4.442651268255022,1.7749525204031849,4.442651268255022,0.09531108889482073,8.897930140949667,16.337608563285418,2.714694810046042,-0.5516458821766418,2.4069451984083745
7.606884531716648,5.609471798847963,-4.6050701909877585,-13.815510557964274,4.189654757177941,5.393627550897816,3.2425923905480163,2.3025851929940404,4.127134401174124,1.381282070552596,4.442651268255022,0.09531108889482073,8.897930140949667,16.337608563285418,2.7343675743546463,-0.5851882437243281,2.322387818329436
7.6063873902699175,5.652489183777423,1.3402506843985542,-13.815510557964274,4.189654757177941,5.393627550897816,3.2188758648682,2.3025851929940404,4.2341065190900125,1.0260419542561492,4.406719259459375,0.09531108889482073,8.897930140949667,16.337608563285418,2.7472709783580536,-0.5833945244877364,2.3702438349258
7.605392365312695,5.749392989092967,1.2441548821431645,-13.815510557964274,4.317488126869644,9.999994999180668e-07,3.1738785007784682,2.397895363707457,4.330733353444225,0.8197802720218487,4.356708839510104,0.09531108889482073,8.897930140949667,16.337608563285418,2.7850113039667317,-0.6069676494581909,2.332143992322964
7.6048944813096275,5.823045898441599,0.9477897865303503,-13.815510557964274,4.290459454847021,0.6931476805598203,3.148453403490109,2.397895363707457,4.3438054348406965,1.0647110818199552,4.369447865125249,0.09531108889482073,8.897930140949667,16.337608563285418,2.7972813958057605,-0.6405528329093682,2.3025851929940404
7.6043963492945945,5.869296915958633,1.0116012753147774,-13.815510557964274,4.189654757177941,4.430816810748075,3.1267605798200435,2.397895363707457,4.262679891125822,0.9321644747311552,4.2766661329049445,0.09531108889482073,8.897930140949667,16.337608563285418,2.815408779302947,-0.6597104702396017,2.2823824877173373
7.603897969020386,5.908082940886322,0.8109306606606745,-13.815510557964274,4.392730371564323,4.836281914887986,3.1045867233091213,2.48490673312133,4.290459454847021,0.8628903770878792,4.290459454847021,0.09531108889482073,8.897930140949667,16.337608563285418,2.833213402879744,-0.6792423030063112,2.2617632026404517
7.603399340239423,5.976350911836005,0.708036285664412,-13.815510557964274,4.392730371564323,4.983606628557651,3.077312306629362,2.5649494343846104,4.127134401174124,0.8837679533916502,4.127134401174124,0.09531108889482073,8.897930140949667,16.337608563285418,2.8507065593072,-0.7011773361302097,2.240709795658931
7.608374474877062,4.553876902126857,1.5163899384369495,-13.815510557964274,4.521788587918605,-13.815510557964274,1.8718023307477334,9.999994999180668e-07,4.521788587918605,1.782720095474845,4.521788587918605,-2.3025750930440454,7.044349366390259,13.097767360150527,1.2237757257397195,-0.2548909593070418,2.6532420350297476
7.607878073775032,4.564348201884503,1.238374520898299,5.951977376938182,4.510859517505861,9.999994999180668e-07,4.0859763293583065,9.999994999180668e-07,4.510859517505861,2.2310891987003556,4.510859517505861,-2.3025750930440454,7.406978934037763,15.37524864261063,1.2237757257397195,-0.2639642437519792,2.6318889120790896
7.606884531716648,4.574710988812661,1.2059711063897618,7.151389511025543,4.510859517505861,-13.815510557964274,4.051784965194609,9.999994999180668e-07,4.127134401174124,2.257587831665815,4.510859517505861,-2.3025750930440454,9.208876259786825,15.353263836510463,1.252763254209613,-0.27707057407942187,2.6100698662714152
7.605890001550634,2.772588784739779,1.2753630797421789,7.151389511025543,4.488636380968095,-13.815510557964274,4.016383038770407,9.999994999180668e-07,4.532599503905944,2.26799375174409,4.477336825841843,-2.3025750930440454,9.011818043143156,13.027014796864906,1.2809341232398035,-0.28901496035232416,2.5877641104156752
7.605392365312695,4.564348201884503,1.4036432451547192,3.2143538035238333,4.465908130148836,-13.815510557964274,3.99636417224425,9.999994999180668e-07,4.127134401174124,2.271094529101844,4.454347307881415,-2.3025750930440454,6.535816178291736,15.31697632518095,1.3083330899204126,-0.29168875516213005,2.5726123065429807
7.6048944813096275,4.5951198602356,1.4398353650147169,7.151389511025543,4.488636380968095,-13.815510557964274,3.9778107646927405,9.999994999180668e-07,4.488636380968095,2.208274523412908,4.127134401174124,-2.3025750930440454,8.84088932249382,13.001230236408546,1.3083330899204126,-0.3011037414334833,2.557227388887003
7.6043963492945945,4.532599503905944,1.4350847633845325,5.016545453976813,4.488636380968095,-13.815510557964274,3.9589066104109656,9.999994999180668e-07,4.488636380968095,2.1246540039756896,4.488636380968095,-2.3025750930440454,6.417750422528565,15.290152049391544,1.3350013298902002,-0.30924488797072935,2.5494452490505686
7.603897969020386,2.772588784739779,1.4231085752064334,7.0778459651928625,4.477336825841843,-13.815510557964274,3.939638191916372,9.999994999180668e-07,4.488636380968095,2.0566846824344496,4.488636380968095,-2.3025750930440454,8.565066244310515,12.991785333636582,1.3609768095458243,-0.31882742593374525,2.5336968933225084
7.603399340239423,4.574710988812661,1.4109872176126714,6.910584546826597,4.189654757177941,9.999994999180668e-07,1.6677070092373036,9.999994999180668e-07,4.510859517505861,2.0464018168005937,4.510859517505861,-2.3025750930440454,8.454702992580142,15.261921411825119,1.3862946111198593,-0.3243446736984644,2.5176965532561493
7.602900462703757,2.48490673312133,1.408545214553458,6.949959950124354,4.488636380968095,-13.815510557964274,3.89792410133262,9.999994999180668e-07,4.127134401174124,2.054123861900666,4.127134401174124,-2.3025750930440454,8.395155418162304,12.945000704996772,1.4109872176126714,-0.32989253044147343,2.5014360337064203
7.6024013361650695,9.999994999180668e-07,1.3962449394977805,6.975665297728956,4.454347307881415,9.999994999180668e-07,3.8774315813624605,9.999994999180668e-07,4.477336825841843,2.1341665597122708,4.477336825841843,-2.3025750930440454,8.335123004066336,15.232811943989748,1.4586152552576295,-0.3354713376877088,2.49320553524732
7.601402335083484,9.999994999180668e-07,1.4562869660401316,6.766619457612293,4.189654757177941,-13.815510557964274,3.8372994807839333,9.999994999180668e-07,4.521788587918605,1.9810016067976084,4.510859517505861,-2.3025750930440454,8.289421062494487,15.2010040985132,1.5040776189984717,-0.3453097728600362,2.459588927273792
7.600902460042082,4.584967488874653,1.4678745785270335,4.545188685362383,4.488636380968095,-13.815510557964274,3.8155121270737338,9.999994999180668e-07,4.127134401174124,1.9629078658733128,4.477336825841843,-2.3025750930440454,5.961942245950265,15.182989769072023,1.5475627214819476,-0.35382045045591604,2.4510051843192118
7.607878073775032,4.574710988812661,2.386926333339557,7.151389511025543,4.553876902126857,-13.815510557964274,4.144720785395028,-13.815510557964274,4.553876902126857,2.054123861900666,4.553876902126857,-2.3025750930440454,9.508032298583842,15.259693802177821,1.0986126220013874,-0.19844971921238677,2.714694810046042
7.607381426136563,4.574710988812661,2.386926333339557,7.151389511025543,4.564348201884503,-13.815510557964274,4.135166572742356,-13.815510557964274,4.564348201884503,2.0579626377166242,4.564348201884503,-2.3025750930440454,9.515966654833775,15.263767234025597,1.0986126220013874,-0.2021149601326752,2.7013612800655054
7.6063873902699175,2.6390574010438272,2.386926333339557,7.151389511025543,4.574710988812661,2.48490673312133,4.11577985925538,-13.815510557964274,4.564348201884503,2.054123861900666,4.564348201884503,-2.3025750930440454,9.58460264297978,12.968330690617952,1.1314024340716937,-0.21319198283804505,2.6741487183920434
7.605890001550634,2.772588784739779,2.386926333339557,5.332171876583944,4.574710988812661,1.945910291912446,1.88706980054752,-13.815510557964274,4.574710988812661,2.1102133215587036,4.574710988812661,-2.3025750930440454,7.2121070327937735,15.301148091792646,1.1631511223056321,-0.21939931970613824,2.6532420350297476
7.605392365312695,2.944439031798018,2.386926333339557,7.151389511025543,4.574710988812661,0.6931476805598203,1.7917596358947079,-13.815510557964274,4.564348201884503,2.101692272864037,4.564348201884503,-2.3025750930440454,9.557974663361652,13.001275386396813,1.1939227715026917,-0.21939931970613824,2.6532420350297476
7.6048944813096275,4.753590199727054,2.386926333339557,7.151389511025543,4.574710988812661,3.9318256523321686,4.084294243203616,-13.815510557964274,4.564348201884503,2.0412204587297595,4.564348201884503,-2.3025750930440454,9.673688502506149,13.002358375009445,1.2237757257397195,-0.2231423013149909,2.660259607195929
7.608374474877062,4.521788587918605,1.5163899384369495,-13.815510557964274,4.5951198602356,-13.815510557964274,4.117409851439741,9.999994999180668e-07,4.5951198602356,1.782720095474845,4.5951198602356,-2.3025750930440454,6.636289304028336,16.337608563285418,1.9169227592408737,-0.257474936734491,2.6318889120790896
7.607878073775032,4.532599503905944,1.4747632379404245,2.615138023125208,4.574710988812661,-13.815510557964274,1.9021076756506405,9.999994999180668e-07,4.5951198602356,2.4510051843192118,4.5951198602356,-2.3025750930440454,4.324396210925369,16.337608563285418,1.9021076756506405,-0.2587694336214122,2.6390574010438272
7.607381426136563,4.564348201884503,1.4303114857710861,4.56096448108804,4.564348201884503,-13.815510557964274,4.0926765218158945,9.999994999180668e-07,4.5951198602356,2.249184421752157,4.5951198602356,-2.3025750930440454,6.516420034013866,16.337608563285418,1.9021076756506405,-0.257474936734491,2.687847561811899
7.606884531716648,4.564348201884503,1.4255153146577584,6.609613628969091,4.564348201884503,-13.815510557964274,4.080921558781852,9.999994999180668e-07,4.584967488874653,2.1505988524105923,4.5951198602356,-2.3025750930440454,8.768098376857603,16.337608563285418,1.88706980054752,-0.25102746945752774,2.7536607760485277
7.6063873902699175,4.521788587918605,1.4206960293830875,4.62560574431371,4.564348201884503,-13.815510557964274,4.067315906957469,9.999994999180668e-07,4.5951198602356,0.47000425424554026,4.574710988812661,-2.3025750930440454,6.516081177770752,16.337608563285418,1.88706980054752,-0.24846007724803934,2.8033604415125937
7.605890001550634,4.584967488874653,1.4182776491036626,6.6685850047214785,4.564348201884503,-13.815510557964274,4.055257190845076,9.999994999180668e-07,4.5951198602356,0.17395414745921928,4.564348201884503,-2.3025750930440454,8.64402695534089,16.337608563285418,1.88706980054752,-0.24334498312233852,2.8678989588622863
7.605392365312695,2.397895363707457,1.3887914906950054,6.707934014717802,4.564348201884503,-13.815510557964274,4.041295358706978,9.999994999180668e-07,4.5951198602356,2.460443263006719,4.564348201884503,-2.3025750930440454,8.60973158810372,16.337608563285418,1.88706980054752,-0.24589925966526502,2.873564696076957
7.6048944813096275,2.48490673312133,1.4492693950230355,6.563313486283906,4.553876902126857,-13.815510557964274,4.02891677469324,9.999994999180668e-07,4.5951198602356,0.5822161785117255,4.553876902126857,-2.3025750930440454,8.589783141943641,16.337608563285418,1.88706980054752,-0.2600656084027874,2.839078521988145
7.6043963492945945,2.6390574010438272,1.4182776491036626,6.621025772828322,4.532599503905944,-13.815510557964274,4.0145796118037795,9.999994999180668e-07,4.5951198602356,0.3506575758382734,4.532599503905944,-2.3025750930440454,8.553427570679167,16.337608563285418,1.88706980054752,-0.28236158471511347,2.772588784739779
7.603897969020386,2.6390574010438272,1.4279162756188348,6.260484363021115,4.488636380968095,-13.815510557964274,4.000033901065877,9.999994999180668e-07,4.5951198602356,2.037316745757253,4.488636380968095,-2.3025750930440454,8.448848310152552,16.337608563285418,1.88706980054752,-0.31197339890154,2.687847561811899
7.603399340239423,2.944439031798018,1.4996232696411547,6.251780413308732,4.553876902126857,-13.815510557964274,3.985273485755099,9.999994999180668e-07,4.5951198602356,2.2396453997164385,4.488636380968095,-2.3025750930440454,8.237367377854504,16.337608563285418,1.9021076756506405,-0.32989253044147343,2.6532420350297476
7.602900462703757,2.833213402879744,1.477048952698831,1.5005725015784532,4.5951198602356,-13.815510557964274,3.970291932420046,9.999994999180668e-07,4.584967488874653,1.8148249050254872,4.477336825841843,-2.3025750930440454,5.82811073095402,16.337608563285418,1.9021076756506405,-0.3495560577311581,2.580216905349898
7.601901960374667,2.944439031798018,1.4109872176126714,5.813435399829032,4.584967488874653,-13.815510557964274,3.937690771669901,9.999994999180668e-07,4.584967488874653,1.8718023307477334,4.5951198602356,-2.3025750930440454,8.004479115312717,16.337608563285418,1.9169227592408737,-0.3681678782788064,2.525728724308252
7.601402335083484,4.744932137058902,1.3962449394977805,5.776370746626522,4.584967488874653,-13.815510557964274,1.686399138755397,9.999994999180668e-07,4.5951198602356,1.8357765141344498,4.584967488874653,-2.3025750930440454,7.94880515244803,16.337608563285418,1.945910291912446,-0.37687619353136664,2.5095993436791817
7.600902460042082,4.744932137058902,1.3660919089043795,3.898736703317211,4.584967488874653,-13.815510557964274,3.8999504444367914,9.999994999180668e-07,4.584967488874653,1.9021076756506405,4.553876902126857,-2.3025750930440454,7.916120204500499,16.337608563285418,1.945910291912446,-0.38713267867047524,2.49320553524732
7.607381426136563,3.988984065082793,2.2016592850235477,5.356991508119885,4.564348201884503,-13.815510557964274,4.080921558781852,-13.815510557964274,4.5951198602356,2.009555548263918,4.5951198602356,-2.3025750930440454,7.936648490039447,13.949950537699364,0.6418544124880456,-0.16251775302787871,2.6246686646269244
7.6063873902699175,4.04305128537841,2.369308818582319,7.151389511025543,4.564348201884503,-13.815510557964274,4.065602110509105,-13.815510557964274,4.5951198602356,2.0202223146458507,4.5951198602356,-2.3025750930440454,9.733547763562223,13.933146916198272,0.6418544124880456,-0.16605340369323532,2.6246686646269244
7.6024013361650695,4.189654757177941,2.3627391099757467,5.067070704150464,4.477336825841843,-13.815510557964274,3.9945242453560956,-13.815510557964274,4.584967488874653,1.9213248199955724,4.584967488874653,-2.3025750930440454,7.737825114518129,13.809052751143712,0.6418544124880456,-0.2045659387481621,2.5649494343846104
7.601901960374667,4.219507719881989,2.386926333339557,7.028246543629114,4.477336825841843,-13.815510557964274,3.985273485755099,-13.815510557964274,4.584967488874653,1.8115622599229142,4.584967488874653,-2.3025750930440454,9.70334564352511,13.79220713001098,0.6418544124880456,-0.21691175932832032,2.525728724308252
7.608374474877062,4.454347307881415,1.5163899384369495,-13.815510557964274,4.574710988812661,2.1972246884473243,4.1911687619862334,-13.815510557964274,4.574710988812661,1.782720095474845,4.574710988812661,-2.3025750930440454,8.897930140949667,16.337608563285418,1.2809341232398035,-0.47122466031470783,2.4808756309649644
7.607878073775032,4.477336825841843,2.386926333339557,-13.815510557964274,4.5951198602356,5.393627550897816,4.183575711193946,-13.815510557964274,4.5951198602356,2.002830574260753,4.574710988812661,-2.3025750930440454,8.897930140949667,16.337608563285418,1.3083330899204126,-0.47122466031470783,2.4808756309649644
7.607381426136563,2.1972246884473243,2.386926333339557,-13.815510557964274,4.5951198602356,2.7080502677688743,4.1759245645755065,-13.815510557964274,4.5951198602356,2.0135689310404676,4.584967488874653,-2.3025750930440454,8.897930140949667,16.337608563285418,1.3083330899204126,-0.47122466031470783,2.4808756309649644
7.606884531716648,4.532599503905944,2.386926333339557,-13.815510557964274,4.5951198602356,3.09104249881286,4.166665239305603,-13.815510557964274,4.5951198602356,2.0215476957112557,4.5951198602356,-2.3025750930440454,8.897930140949667,16.337608563285418,1.3083330899204126,-0.47122466031470783,2.4808756309649644
7.6063873902699175,4.574710988812661,2.386926333339557,-13.815510557964274,4.5951198602356,2.833213402879744,4.1588830989846715,-13.815510557964274,4.5951198602356,2.014903153875589,4.5951198602356,-2.3025750930440454,8.897930140949667,16.337608563285418,1.3350013298902002,-0.47122466031470783,2.4808756309649644
7.605890001550634,4.5951198602356,2.386926333339557,-13.815510557964274,4.5951198602356,-13.815510557964274,4.152613486069347,-13.815510557964274,4.5951198602356,2.0055259933191607,4.5951198602356,-2.3025750930440454,8.897930140949667,16.337608563285418,1.3609768095458243,-0.47122466031470783,2.4808756309649644
7.605392365312695,2.48490673312133,2.386926333339557,-13.815510557964274,4.5951198602356,1.6094381124340804,4.144720785395028,-13.815510557964274,4.5951198602356,2.060513659182844,4.5951198602356,-2.3025750930440454,8.897930140949667,16.337608563285418,1.3609768095458243,-0.47122466031470783,2.4808756309649644
7.6048944813096275,2.772588784739779,2.386926333339557,-13.815510557964274,4.5951198602356,0.6931476805598203,4.136765294080494,-13.815510557964274,4.5951198602356,1.919859618482926,4.5951198602356,-2.3025750930440454,8.897930140949667,16.337608563285418,1.3609768095458243,-0.47122466031470783,2.4808756309649644
7.6043963492945945,2.833213402879744,2.386926333339557,-13.815510557964274,4.5951198602356,0.6931476805598203,4.130355015822304,-13.815510557964274,4.5951198602356,1.8748745293127829,4.5951198602356,-2.3025750930440454,8.897930140949667,16.337608563285418,1.4109872176126714,-0.47122466031470783,2.4808756309649644
7.603897969020386,2.944439031798018,2.386926333339557,-13.815510557964274,4.584967488874653,1.945910291912446,4.123903380644875,-13.815510557964274,4.584967488874653,1.900614023616957,4.584967488874653,-2.3025750930440454,8.897930140949667,16.337608563285418,1.4109872176126714,-0.47122466031470783,2.4808756309649644
7.603399340239423,4.7361984571664255,2.386926333339557,-13.815510557964274,4.5951198602356,-13.815510557964274,4.11577985925538,-13.815510557964274,4.564348201884503,1.9358599575019457,4.574710988812661,-2.3025750930440454,8.897930140949667,16.337608563285418,1.4350847633845325,-0.47122466031470783,2.4808756309649644
7.602900462703757,4.753590199727054,2.386926333339557,-13.815510557964274,4.584967488874653,2.833213402879744,1.9169227592408737,-13.815510557964274,4.564348201884503,1.9315215565307395,4.584967488874653,-2.3025750930440454,8.897930140949667,16.337608563285418,1.4586152552576295,-0.47122466031470783,2.4808756309649644
7.6024013361650695,4.804021052929977,2.386926333339557,-13.815510557964274,4.521788587918605,3.401197414995488,1.856298146615614,-13.815510557964274,4.574710988812661,1.9643113746786491,4.574710988812661,-2.3025750930440454,8.897930140949667,16.337608563285418,1.481604768196917,-0.47122466031470783,2.4808756309649644
7.601402335083484,4.812184363502499,2.386926333339557,-13.815510557964274,4.392730371564323,1.7917596358947079,4.084294243203616,-13.815510557964274,4.574710988812661,1.8594182734650975,4.584967488874653,-2.3025750930440454,8.897930140949667,16.337608563285418,1.5040776189984717,-0.47122466031470783,2.4808756309649644
7.600902460042082,4.836281914887986,2.386926333339557,-13.815510557964274,4.392730371564323,2.1972246884473243,4.077537460854872,-13.815510557964274,4.584967488874653,1.8421358350317145,4.584967488874653,-2.3025750930440454,8.897930140949667,16.337608563285418,1.52605652088633,-0.47122466031470783,2.4808756309649644
7.608374474877062,4.934473940324937,1.5163899384369495,-13.815510557964274,4.564348201884503,-13.815510557964274,3.4934726881664626,1.945910291912446,4.5951198602356,1.782720095474845,4.564348201884503,-2.3025750930440454,8.897930140949667,16.337608563285418,2.2823824877173373,-0.47122466031470783,2.4808756309649644
7.607878073775032,4.955827064643514,-4.6050701909877585,-13.815510557964274,4.532599503905944,1.0986126220013874,3.4781584536624806,2.079441666679828,4.5951198602356,1.782720095474845,4.532599503905944,-2.3025750930440454,8.897930140949667,16.337608563285418,2.2823824877173373,-0.47122466031470783,2.4808756309649644
7.607381426136563,4.983606628557651,1.2089606443443932,-13.815510557964274,4.532599503905944,-13.815510557964274,3.4594663212326715,2.079441666679828,4.5951198602356,1.782720095474845,4.532599503905944,-2.3025750930440454,8.897930140949667,16.337608563285418,2.3025851929940404,-0.47122466031470783,2.4808756309649644
7.606884531716648,5.003946312656868,1.2837080493530615,-13.815510557964274,4.564348201884503,-13.815510557964274,3.443618129494989,2.1972246884473243,4.5951198602356,1.782720095474845,4.564348201884503,-2.3025750930440454,8.897930140949667,16.337608563285418,2.322387818329436,-0.47122466031470783,2.4808756309649644
7.6063873902699175,5.030437927928383,1.2208302163775662,-13.815510557964274,4.543294792908302,-13.815510557964274,1.3350013298902002,2.3025851929940404,4.5951198602356,1.782720095474845,4.543294792908302,-2.3025750930440454,8.897930140949667,16.337608563285418,2.332143992322964,-0.47122466031470783,2.4808756309649644
7.605890001550634,5.0562458117177345,1.1378333223341601,-13.815510557964274,4.532599503905944,-13.815510557964274,1.1939227715026917,2.3025851929940404,4.5951198602356,1.782720095474845,4.532599503905944,-2.3025750930440454,8.897930140949667,16.337608563285418,2.3418059023011684,-0.47122466031470783,2.4808756309649644
7.605392365312695,5.081404371195643,1.2089606443443932,-13.815510557964274,4.532599503905944,-13.815510557964274,3.391147079478687,2.397895363707457,4.584967488874653,1.782720095474845,4.532599503905944,-2.3025750930440454,8.897930140949667,16.337608563285418,2.3608540954576394,-0.47122466031470783,2.4808756309649644
7.6048944813096275,5.099866433921759,1.150572344054467,-13.815510557964274,4.521788587918605,2.079441666679828,3.3741687435208108,2.48490673312133,4.584967488874653,1.782720095474845,4.521788587918605,-2.3025750930440454,8.897930140949667,16.337608563285418,2.3795462267227623,-0.47122466031470783,2.4808756309649644
7.603897969020386,5.1059454799611865,1.1878437272740547,-13.815510557964274,4.564348201884503,-13.815510557964274,3.3393220134050603,2.48490673312133,4.584967488874653,1.782720095474845,4.488636380968095,-2.3025750930440454,8.897930140949667,16.337608563285418,2.415913867586759,-0.47122466031470783,2.4808756309649644
7.603399340239423,5.1059454799611865,1.1662712486683557,-13.815510557964274,4.521788587918605,-13.815510557964274,3.321432449294375,2.5649494343846104,4.574710988812661,1.782720095474845,4.369447865125249,-2.3025750930440454,8.897930140949667,16.337608563285418,2.4336134431197443,-0.47122466031470783,2.4808756309649644
7.602900462703757,5.1059454799611865,1.1410333240408288,-13.815510557964274,4.584967488874653,-13.815510557964274,3.303217010066657,2.6390574010438272,4.5951198602356,1.782720095474845,4.2766661329049445,-2.3025750930440454,8.897930140949667,16.337608563285418,2.4336134431197443,-0.47122466031470783,2.4808756309649644
7.6024013361650695,5.1059454799611865,1.1410333240408288,-13.815510557964274,4.189654757177941,-13.815510557964274,3.2846636028593865,2.7080502677688743,4.5951198602356,1.782720095474845,4.219507719881989,-2.3025750930440454,8.897930140949667,16.337608563285418,2.4510051843192118,-0.47122466031470783,2.4808756309649644
7.601901960374667,5.117993818404779,1.1249299216607551,-13.815510557964274,4.392730371564323,-13.815510557964274,3.2657594489349893,2.890371813451719,4.5951198602356,1.782720095474845,4.1588830989846715,-2.3025750930440454,8.897930140949667,16.337608563285418,2.468099616217378,-0.47122466031470783,2.4808756309649644
7.601402335083484,5.176149738223547,0.9282196979962677,-13.815510557964274,4.392730371564323,-13.815510557964274,3.2464910308116792,3.0445224853424695,4.584967488874653,1.782720095474845,4.127134401174124,-2.3025750930440454,8.897930140949667,16.337608563285418,2.4765384841510936,-0.47122466031470783,2.4808756309649644
7.600902460042082,5.257495377236115,1.2584612737008745,-13.815510557964274,4.392730371564323,-13.815510557964274,3.2268440341999165,3.2188758648682,4.532599503905944,1.782720095474845,4.127134401174124,-2.3025750930440454,8.897930140949667,16.337608563285418,2.48490673312133,-0.47122466031470783,2.4808756309649644
7.608374474877062,4.262679891125822,1.5163899384369495,-13.815510557964274,4.392730371564323,2.1972246884473243,4.074141871911384,-13.815510557964274,4.532599503905944,1.782720095474845,4.532599503905944,-2.3025750930440454,8.578221338581837,15.553074806989974,0.6931476805598203,-0.08012496105625308,2.954910331117068
7.607381426136563,4.317488126869644,2.2512919038696473,7.151389511025543,4.392730371564323,2.833213402879744,4.062165681069569,-13.815510557964274,4.543294792908302,2.420368217539314,4.543294792908302,-2.3025750930440454,9.733547763562223,15.540940035663006,0.6931476805598203,-0.0790421250899562,2.9285235773364753
7.606884531716648,4.330733353444225,2.2257041566494427,6.833481070935072,4.392730371564323,0.6931476805598203,4.055257190845076,-13.815510557964274,4.543294792908302,0.6830973497568213,4.543294792908302,-2.3025750930440454,8.675481755693491,15.536771022055484,0.6931476805598203,-0.08120897082743285,2.9123507189627644
7.6063873902699175,4.369447865125249,2.3485141203934248,7.151389511025543,4.392730371564323,4.430816810748075,4.050044320747124,-13.815510557964274,4.510859517505861,0.6259389656257106,4.510859517505861,-2.3025750930440454,9.733547763562223,13.231346921961384,0.6931476805598203,-0.09430958057074615,2.8273136811006236
7.605890001550634,4.430816810748075,2.3302003573032786,6.86117359833171,4.392730371564323,1.6094381124340804,4.04305128537841,-13.815510557964274,4.127134401174124,2.460443263006719,4.127134401174124,-2.3025750930440454,8.672727694061741,15.528890921077336,0.6931476805598203,-0.0987148691870074,2.821378945933021
7.605392365312695,4.454347307881415,2.310553361849567,7.151389511025543,4.392730371564323,1.7917596358947079,4.036009002876981,-13.815510557964274,4.488636380968095,2.4397350183252335,4.488636380968095,-2.3025750930440454,9.733547763562223,13.2220186490661,0.6931476805598203,-0.0987148691870074,2.821378945933021
7.6048944813096275,4.477336825841843,2.3702438349258,7.151389511025543,4.392730371564323,2.6390574010438272,4.030694552907634,-13.815510557964274,4.477336825841843,0.1655152859348413,4.477336825841843,-2.3025750930440454,9.733547763562223,15.519098158911449,0.6931476805598203,-0.0987148691870074,2.821378945933021
7.6043963492945945,4.532599503905944,2.386926333339557,7.151389511025543,4.392730371564323,0.6931476805598203,4.023564398050141,-13.815510557964274,4.465908130148836,2.301584692760557,4.465908130148836,-2.3025750930440454,9.733547763562223,15.51322268300886,0.7419378209197403,-0.10092481239588207,2.815408779302947
7.603897969020386,4.532599503905944,2.386926333339557,6.746358636308376,4.392730371564323,3.2958369030413657,4.0145796118037795,-13.815510557964274,4.532599503905944,2.2945530221032278,4.532599503905944,-2.3025750930440454,8.561591460747637,15.508788022465648,0.7419378209197403,-0.10313965027267777,2.8273136811006236
7.603399340239423,4.521788587918605,2.386926333339557,7.151389511025543,4.392730371564323,0.6931476805598203,4.007333203414289,-13.815510557964274,4.532599503905944,2.2793165684088312,4.532599503905944,-2.3025750930440454,9.733547763562223,15.505501570876449,0.7884578149096215,-0.10869830209676051,2.8094027556034598
7.602900462703757,4.584967488874653,2.386926333339557,7.151389511025543,4.392730371564323,-13.815510557964274,3.99636417224425,-13.815510557964274,4.553876902126857,2.2690284128778138,4.553876902126857,-2.3025750930440454,9.733547763562223,13.207665461052576,0.7884578149096215,-0.11316757828543629,2.8033604415125937
7.6024013361650695,2.397895363707457,2.386926333339557,6.478481001859882,4.392730371564323,-13.815510557964274,3.987130496467827,-13.815510557964274,4.564348201884503,2.2523439817097644,4.564348201884503,-2.3025750930440454,8.402629657821818,13.198535218316831,0.7884578149096215,-0.12556208918914039,2.791165169162408
7.601901960374667,2.6390574010438272,2.386926333339557,7.151389511025543,4.392730371564323,3.465735934049726,3.9759363499335247,-13.815510557964274,4.584967488874653,2.2332351220403828,4.584967488874653,-2.3025750930440454,9.733547763562223,15.497442326281513,0.7884578149096215,-0.1335302497680328,2.8094027556034598
7.601402335083484,2.48490673312133,2.386926333339557,6.273788354538629,4.392730371564323,2.397895363707457,3.9665112096516095,-13.815510557964274,4.574710988812661,2.208274523412908,4.574710988812661,-2.3025750930440454,8.229950878522713,15.494247455028104,0.8329095577176182,-0.1484988482263094,2.7850113039667317
7.600902460042082,2.48490673312133,2.386926333339557,6.231956131744337,4.392730371564323,2.6390574010438272,3.955082514045681,-13.815510557964274,4.574710988812661,2.16332314060306,4.574710988812661,-2.3025750930440454,8.227792087876795,15.49066429823855,0.8329095577176182,-0.15082172694456197,2.8033604415125937
7.608374474877062,5.4847969376400325,1.5163899384369495,-13.815510557964274,4.430816810748075,3.850147622986654,3.555348090060842,9.999994999180668e-07,4.430816810748075,1.782720095474845,4.430816810748075,0.09531108889482073,7.52949628999962,13.740155346793854,2.397895363707457,-0.7550204566207219,1.840549792127633
7.607878073775032,5.5294290914796775,-0.9675813946862208,3.2081382852675158,4.356708839510104,-13.815510557964274,3.5380565934491197,9.999994999180668e-07,4.356708839510104,0.451076256302689,4.356708839510104,0.09531108889482073,5.16430077623415,13.72357507745247,2.397895363707457,-0.7614238799879093,1.840549792127633
7.607381426136563,5.545177448385813,-0.6348763856452966,5.435645961603091,4.406719259459375,3.332204545889489,3.5204608320747712,0.6931476805598203,4.406719259459375,2.212660494875243,4.406719259459375,0.09531108889482073,7.3918084834834765,13.706463254449568,2.397895363707457,-0.7678685715857904,1.840549792127633
7.606884531716648,5.572154035980046,-0.65392454433159,5.38087650350972,4.394449167018117,5.393627550897816,3.5025499060429244,0.6931476805598203,4.394449167018117,2.191653644018601,4.394449167018117,0.09531108889482073,7.3370390250305375,13.689022871524184,2.4069451984083745,-0.7765266155883158,1.840549792127633
7.605890001550634,5.609471798847963,-0.8209782793451402,5.233757568917456,4.477336825841843,1.945910291912446,3.4719664836062627,0.6931476805598203,4.477336825841843,2.1792869897717173,4.477336825841843,0.09531108889482073,7.189920090049827,13.654338955708676,2.415913867586759,-0.8187081359641659,1.7047482740565905
7.6048944813096275,5.66642669157264,-0.7133478470632207,5.146148489401933,4.477336825841843,4.962844637252914,3.443618129494989,0.6931476805598203,4.488636380968095,2.1400662811433224,4.488636380968095,0.09531108889482073,7.102311009643568,13.620631282033985,2.4248028142138662,-0.8509689238358802,1.686399138755397
7.603399340239423,5.762051385924831,0.20701498239212562,2.5418586794155256,4.392730371564323,5.393627550897816,1.1631511223056321,0.6931476805598203,4.262679891125822,1.9754690899931033,4.262679891125822,0.09531108889482073,4.551028099748837,13.571212315728943,2.459588927273792,-0.9263385424783197,1.686399138755397
7.6024013361650695,5.783825185406661,0.01980360768785593,4.544708991910366,4.392730371564323,3.610917939671251,3.380994708358241,0.6931476805598203,4.219507719881989,1.8277700675227793,4.219507719881989,0.09531108889482073,6.70927277756508,13.53924968130931,2.48490673312133,-0.9728584378634033,1.686399138755397
7.601901960374667,5.774551548649998,0.02955977311485946,2.600214108174443,4.392730371564323,3.912023025428146,3.367295864469232,0.6931476805598203,4.127134401174124,1.6956157921613744,4.127134401174124,0.09531108889482073,6.674755970105065,13.522777081963657,2.5014360337064203,-0.9888587365405607,1.686399138755397
7.601402335083484,5.7776523263186315,-0.05129224175652562,4.527185896151529,4.392730371564323,4.369447865125249,3.3534067527908413,0.6931476805598203,4.127134401174124,1.6808280947404952,4.127134401174124,0.09531108889482073,6.660872443159652,13.50450663300247,2.517696553256149,-1.0133496899001442,1.686399138755397
7.600902460042082,5.783825185406661,0.29267036023119825,4.521253216486536,4.392730371564323,5.209486158305902,3.3393220134050603,0.6931476805598203,4.127134401174124,1.7492000287222875,4.127134401174124,0.09531108889482073,6.6440198733300555,13.48364529293551,2.525728724308252,-1.0188745505699903,1.686399138755397
7.608374474877062,5.023880527425224,1.5163899384369495,-13.815510557964274,4.394449167018117,-13.815510557964274,4.07584110763547,1.945910291912446,4.465908130148836,1.782720095474845,4.442651268255022,-1.2039694709981583,8.774695138415678,14.239728068873923,1.8718023307477334,-0.33128431717722256,2.580216905349898
7.607381426136563,5.0562458117177345,1.7800243816436838,4.580079186947375,4.189654757177941,-13.815510557964274,4.039536343332739,1.945910291912446,4.406719259459375,1.4158534060798522,4.418840619844791,-1.2039694709981583,6.441832019294349,14.063382623664182,1.8718023307477334,-0.3438983420137687,2.580216905349898
7.605890001550634,5.1119877943806395,1.7950874254336726,6.499122948315642,4.418840619844791,-13.815510557964274,3.9815490867334726,2.079441666679828,4.442651268255022,1.52605652088633,4.477336825841843,-0.10535940454733242,8.603677189549416,16.107841759035253,1.88706980054752,-0.36096843350241287,2.557227388887003
7.605392365312695,5.0562458117177345,1.8000584373319926,6.376527648788178,4.189654757177941,-13.815510557964274,3.962716138755071,2.079441666679828,4.442651268255022,1.4838749162160987,4.406719259459375,0.09531108889482073,8.507683624674296,16.094597519691106,1.9021076756506405,-0.3638419945694592,2.557227388887003
7.6043963492945945,5.099866433921759,1.8000584373319926,4.315108615441508,4.394449167018117,-13.815510557964274,1.686399138755397,2.079441666679828,4.454347307881415,1.4678745785270335,4.442651268255022,0.09531108889482073,8.444044609269943,13.768788902954958,1.9169227592408737,-0.37833498086696266,2.5416020722046997
7.603897969020386,5.181783555910062,1.8245494533413555,5.866340932422724,4.430816810748075,-13.815510557964274,3.89792410133262,2.079441666679828,4.477336825841843,1.4678745785270335,4.488636380968095,0.09531108889482073,8.252307631873919,16.053166440178263,1.9315215565307395,-0.3900825289660784,2.5336968933225084
7.602900462703757,5.365976019694749,1.6409367732919022,5.207386970224164,4.406719259459375,-13.815510557964274,3.85439391377795,2.079441666679828,4.189654757177941,1.453953243238538,4.369447865125249,0.09531108889482073,7.7923349690197945,13.724488968995297,1.9600949248923303,-0.4064641069413736,2.525728724308252
7.6024013361650695,3.09104249881286,1.8437193663866016,5.680239709496155,4.369447865125249,-13.815510557964274,3.8308129716945767,2.079441666679828,4.174387285280252,1.7101879963660536,4.369447865125249,0.09531108889482073,7.771753829536733,13.706561388563294,1.9600949248923303,-0.40796673456801497,2.5176965532561493
7.601901960374667,5.2417470203506475,1.8609746937705112,1.5419282126468792,4.189654757177941,-13.815510557964274,3.8088822686815815,2.079441666679828,4.304065106717683,1.7561324642964606,4.406719259459375,0.09531108889482073,3.6497690408773957,15.993924316000232,1.9878744851406376,-0.4155139288112984,2.5095993436791817
7.601402335083484,5.236441968149098,1.8131949130802438,5.829016190119909,4.189654757177941,4.727387827561898,3.786459805128537,2.1972246884473243,4.262679891125822,1.7209794660578683,4.2766661329049445,0.09531108889482073,7.959330059631328,15.978503184221468,2.00148013534525,-0.4215929656489659,2.5095993436791817
7.600902460042082,5.17048400071997,1.8840348973128982,3.8020402485423404,4.219507719881989,5.393627550897816,3.763523020311558,2.1972246884473243,4.262679891125822,1.7749525204031849,4.356708839510104,0.09531108889482073,5.643410199539326,15.962917009626413,2.014903153875589,-0.42924410067643726,2.5014360337064203
7.607878073775032,4.795790553861204,1.3402506843985542,4.370918471968283,4.418840619844791,-13.815510557964274,3.9796816725935495,1.945910291912446,4.430816810748075,2.2148462878563384,4.418840619844791,-2.3025750930440454,8.769074476025954,14.281199894017082,0.8329095577176182,-0.30516602994161784,2.6390574010438272
7.607381426136563,4.795790553861204,1.3270752667118737,4.079713093090828,4.465908130148836,-13.815510557964274,3.9665112096516095,2.079441666679828,4.465908130148836,1.9865036831947687,4.465908130148836,-2.3025750930440454,6.514687358699821,16.56671903036566,0.87546915402048,-0.3215822448180687,2.5952547815837286
7.606884531716648,4.844187094332607,1.3660919089043795,3.734829353308786,4.477336825841843,4.2766661329049445,3.953164967953179,2.079441666679828,4.442651268255022,1.868720664685159,4.465908130148836,-2.3025750930440454,6.3493891890987175,16.551154265683355,0.9162911318740751,-0.3326780436833498,2.5877641104156752
7.6063873902699175,4.875197330834739,1.3837914815283072,5.842794041076974,4.477336825841843,5.393627550897816,3.939638191916372,2.079441666679828,4.442651268255022,1.778336617814819,4.477336825841843,-2.3025750930440454,8.560894575201576,16.535315072325606,0.9162911318740751,-0.3424889004970636,2.580216905349898
7.605890001550634,4.897839807413598,1.3737158320775555,5.907888805739494,4.189654757177941,-13.815510557964274,1.7404663502790856,2.079441666679828,4.477336825841843,1.7749525204031849,4.510859517505861,-2.3025750930440454,8.446196229724228,14.216612159811564,0.9162911318740751,-0.3523969646973772,2.5726123065429807
7.605392365312695,4.919980933127395,1.35325476543959,5.642417605841216,4.510859517505861,-13.815510557964274,1.6094381124340804,2.079441666679828,4.510859517505861,1.719188955604673,4.543294792908302,-2.3025750930440454,8.355982984226538,16.502764338121008,0.9162911318740751,-0.35382045045591604,2.5726123065429807
7.6043963492945945,2.6390574010438272,1.2892329237588152,2.9757682556050407,4.543294792908302,-13.815510557964274,3.8836235514825796,2.1972246884473243,4.553876902126857,1.7817093017247079,4.564348201884503,-1.6094329124466003,5.885322784689695,14.170000215904606,0.9932521433805853,-0.3624041818671404,2.557227388887003
7.603897969020386,4.969813306520445,1.2584612737008745,2.95177170469141,4.564348201884503,-13.815510557964274,3.869115525293696,2.1972246884473243,4.521788587918605,1.7681497742373709,4.564348201884503,-1.2039694709981583,5.816475666413279,14.149657235425614,0.9932521433805853,-0.36672383679183196,2.5494452490505686
7.603399340239423,5.017279843437441,1.264127009631519,2.895534637268453,4.521788587918605,-13.815510557964274,3.85439391377795,2.1972246884473243,4.488636380968095,1.769854804197742,4.521788587918605,-1.2039694709981583,5.774373107264997,16.435474841328382,0.9932521433805853,-0.37396498756147767,2.5494452490505686
7.602900462703757,4.997212280520872,1.2947274415669654,2.7960125455011884,4.477336825841843,-13.815510557964274,3.8394523340986866,2.1972246884473243,4.127134401174124,1.8277700675227793,4.477336825841843,-1.2039694709981583,5.629625912091215,14.122735665198219,1.0296197743239517,-0.38272415486409,2.5416020722046997
7.6024013361650695,5.017279843437441,1.3056267290551091,2.904813297835141,4.406719259459375,-13.815510557964274,3.8242841129542002,2.3025851929940404,4.574710988812661,1.86562947259326,4.465908130148836,-1.2039694709981583,5.499088433790954,14.09990799189309,1.0647110818199552,-0.38713267867047524,2.5336968933225084
7.601402335083484,5.062595039356081,1.4182776491036626,2.680250087394321,4.2341065190900125,0.6931476805598203,3.790984699624453,2.3025851929940404,4.127134401174124,1.3506674425440635,4.488636380968095,-1.2039694709981583,5.266525167932493,16.369068743213013,1.1314024340716937,-0.4004760740609256,2.5176965532561493
7.600902460042082,5.093750206941731,1.3837914815283072,4.432901185475573,4.189654757177941,-13.815510557964274,3.7750571732907683,2.397895363707457,4.418840619844791,1.2178760053528719,4.465908130148836,-1.2039694709981583,7.280213442720355,16.351474324252102,1.1314024340716937,-0.40346560844062374,2.5176965532561493
7.607381426136563,5.068904208509539,-1.5606429863712443,-13.815510557964274,4.574710988812661,5.393627550897816,4.084294243203616,3.8066625119925415,4.574710988812661,1.6974489729069802,4.574710988812661,-2.3025750930440454,8.897930140949667,16.337608563285418,1.7404663502790854,-0.3841915044049215,2.5494452490505686
7.606884531716648,5.1059454799611865,-1.4696716222423065,-13.815510557964274,4.532599503905944,5.393627550897816,4.070734713647814,3.8066625119925415,4.532599503905944,1.665818434906107,4.532599503905944,-2.3025750930440454,8.897930140949667,16.337608563285418,1.7404663502790854,-0.39600846345441204,2.5176965532561493
7.6063873902699175,5.12396398535564,-1.5141231871855605,-13.815510557964274,4.564348201884503,3.2580965764830196,4.05698879297937,3.8066625119925415,4.564348201884503,1.686399138755397,4.564348201884503,-2.3025750930440454,8.897930140949667,16.337608563285418,1.7578580899661518,-0.3989846516985999,2.5176965532561493
7.605890001550634,5.153291600278126,-1.5141231871855605,-13.815510557964274,4.574710988812661,2.772588784739779,4.04305128537841,3.8066625119925415,4.574710988812661,1.568616126247157,4.574710988812661,-2.3025750930440454,8.897930140949667,16.337608563285418,1.7749525204031849,-0.40796673456801497,2.5014360337064203
7.605392365312695,5.159055304961655,-1.5606429863712443,-13.815510557964274,4.574710988812661,5.393627550897816,4.02891677469324,3.8066625119925415,4.574710988812661,1.6292407358086922,4.574710988812661,-2.3025750930440454,8.897930140949667,16.337608563285418,1.7917596358947079,-0.41703022703009823,2.48490673312133
7.6048944813096275,5.1474944826274065,-1.4271121889821596,-13.815510557964274,4.574710988812661,5.393627550897816,4.016383038770407,3.8066625119925415,4.574710988812661,1.5727741355313671,4.574710988812661,-2.3025750930440454,8.897930140949667,16.337608563285418,1.8082889351136784,-0.42924410067643726,2.4765384841510936
7.603897969020386,5.1647859796377995,-1.7147928725518031,-13.815510557964274,4.584967488874653,5.393627550897816,3.992680926895785,3.8066625119925415,4.584967488874653,1.6563216891726273,4.584967488874653,-2.3025750930440454,8.897930140949667,16.337608563285418,1.8405497921276333,-0.45255514331620694,2.4423471223257223
7.603399340239423,5.159055304961655,-1.8325752137678413,-13.815510557964274,4.584967488874653,4.3438054348406965,3.9796816725935495,3.8066625119925415,4.584967488874653,1.722766776312516,4.584967488874653,-2.3025750930440454,8.897930140949667,16.337608563285418,1.856298146615614,-0.463622432457841,2.4336134431197443
7.602900462703757,5.17048400071997,-1.8325752137678413,-13.815510557964274,4.574710988812661,4.382026647173881,3.968403357767845,3.8066625119925415,4.574710988812661,1.6505800477038368,4.574710988812661,-2.3025750930440454,8.897930140949667,16.337608563285418,1.8718023307477334,-0.4732071550595355,2.415913867586759
7.6024013361650695,5.181783555910062,-1.8971133182414368,-13.815510557964274,4.584967488874653,5.099866433921759,3.956996390191336,3.8066625119925415,4.584967488874653,1.6882492777012568,4.584967488874653,-2.3025750930440454,8.897930140949667,16.337608563285418,1.88706980054752,-0.4764225867439967,2.4248028142138662
7.601901960374667,5.176149738223547,-1.8971133182414368,-13.815510557964274,4.574710988812661,5.393627550897816,3.947390168570456,3.8066625119925415,4.574710988812661,1.7867470949086843,4.574710988812661,-2.3025750930440454,8.897930140949667,16.337608563285418,1.9169227592408737,-0.48288463433251966,2.415913867586759
7.608374474877062,5.181783555910062,1.5163899384369495,-13.815510557964274,4.510859517505861,-13.815510557964274,4.027135830353963,0.6931476805598203,4.521788587918605,1.782720095474845,4.510859517505861,-1.6094329124466003,8.325334561208894,15.658038867411323,1.1314024340716937,-0.3886065161165754,2.580216905349898
7.607878073775032,5.1984970367906875,0.9242592983486501,6.500878213981826,4.532599503905944,-13.815510557964274,4.0145796118037795,0.6931476805598203,4.532599503905944,1.9125012346346602,4.543294792908302,-1.6094329124466003,8.291238660999545,15.65306985173384,1.1631511223056321,-0.3915607236503262,2.580216905349898
7.607381426136563,5.214935763043768,0.8837679533916502,6.482637061377449,4.521788587918605,-13.815510557964274,4.001863727709471,0.6931476805598203,4.521788587918605,1.9387418034615826,4.521788587918605,-1.6094329124466003,8.267619545037801,13.346749356586894,1.1631511223056321,-0.39304110662922304,2.580216905349898
7.606884531716648,5.1984970367906875,0.908258963402616,6.3831277757948826,4.521788587918605,-13.815510557964274,3.990834204336724,0.6931476805598203,4.532599503905944,1.9021076756506405,4.521788587918605,-1.2039694709981583,8.250041917158278,15.64348076619725,1.1631511223056321,-0.4004760740609256,2.580216905349898
7.6063873902699175,5.283203733814131,0.8628903770878792,6.308605251311111,4.488636380968095,-13.815510557964274,3.9778107646927405,0.6931476805598203,4.127134401174124,1.9183922670042883,4.488636380968095,-1.2039694709981583,8.22592794197977,13.33627403644637,1.1939227715026917,-0.4064641069413736,2.5649494343846104
7.605890001550634,5.252273433282232,0.8586620427662425,6.151434874814975,4.488636380968095,-13.815510557964274,3.9665112096516095,0.6931476805598203,4.488636380968095,1.9329697824973684,4.488636380968095,-1.2039694709981583,8.1531749070299,15.63433802769594,1.1939227715026917,-0.41248821247225154,2.557227388887003
7.605392365312695,3.13549425940741,0.9360937513271206,6.031727603611483,4.510859517505861,-13.815510557964274,3.953164967953179,0.6931476805598203,4.510859517505861,1.9213248199955724,4.510859517505861,-1.2039694709981583,8.121623600975857,15.629891553474037,1.1939227715026917,-0.41248821247225154,2.5494452490505686
7.6043963492945945,3.13549425940741,1.0402770650119744,3.957029317946861,4.5951198602356,-13.815510557964274,1.7578580899661518,1.0986126220013874,4.5951198602356,1.8437193663866016,4.5951198602356,-1.2039694709981583,5.81364734346658,13.4349453580339,1.252763254209613,-0.42006973842866957,2.557227388887003
7.603897969020386,5.351858138215403,1.0188476812100125,4.056047628613078,4.564348201884503,-13.815510557964274,1.6292407358086922,1.0986126220013874,4.564348201884503,1.899118137249142,4.564348201884503,-1.6094329124466003,5.894269957668552,13.394644461121592,1.252763254209613,-0.42924410067643726,2.557227388887003
7.603399340239423,5.361292170404261,1.0188476812100125,6.088143574158745,4.488636380968095,-13.815510557964274,3.8999504444367914,1.0986126220013874,4.488636380968095,1.9726913108150042,4.488636380968095,-1.6094329124466003,7.94989641335805,13.35182453058224,1.3083330899204126,-0.44005500008395787,2.5416020722046997
7.6024013361650695,3.367295864469232,1.1314024340716937,5.991800236008158,4.543294792908302,-13.815510557964274,3.867025660417912,1.3862946111198593,4.532599503905944,2.0294633032796305,4.543294792908302,-1.2039694709981583,7.831909963964002,15.60251457124752,1.3609768095458243,-0.46521352015851825,2.48490673312133
7.601402335083484,5.389071734382711,1.0577906413700164,5.8054531700923535,4.317488126869644,0.6931476805598203,3.8329798197327145,1.3862946111198593,4.543294792908302,2.1041342762214192,4.521788587918605,-0.91628823187728,7.757381389034246,13.29793218562725,1.4109872176126714,-0.48613138516068094,2.4510051843192118
7.600902460042082,5.384495067376245,1.0260419542561492,5.868361543043173,4.5951198602356,-13.815510557964274,3.813307054564043,1.6094381124340804,4.584967488874653,2.100469031270925,4.5951198602356,-0.91628823187728,7.713521786617586,15.58496068069933,1.4109872176126714,-0.4992248404775378,2.4248028142138662
7.607878073775032,3.465735934049726,-4.6050701909877585,2.5956109994473064,4.189654757177941,2.5649494343846104,3.1780538720146114,1.3862946111198593,4.127134401174124,1.3350013298902002,4.127134401174124,0.09531108889482073,5.260601641531765,13.937218326217332,2.8273136811006236,-0.5412831130391169,2.219203592750641
7.6048944813096275,5.823045898441599,2.121063336274725,7.151389511025543,4.392730371564323,5.393627550897816,3.0587071196637354,1.3862946111198593,4.127134401174124,0.8372479574340415,4.127134401174124,0.09531108889482073,9.733547763562223,13.674428444547827,2.9231616344825953,-0.5242469549103689,2.208274523412908
7.6043963492945945,5.826000110330303,1.925707587510378,6.931979044119741,4.392730371564323,1.6094381124340804,1.0647110818199552,1.3862946111198593,4.127134401174124,0.8109306606606745,4.127134401174124,0.09531108889482073,9.665347052732848,13.628369807489195,2.944439031798018,-0.5327287555779789,2.1972246884473243
7.603897969020386,5.82008293331972,1.9851309995712225,6.71852745009737,4.392730371564323,-13.815510557964274,0.9162911318740751,1.3862946111198593,4.127134401174124,0.7561224492047917,4.127134401174124,0.09531108889482073,9.451895458054095,13.582590623168437,2.96010514772431,-0.5638730873881063,2.1972246884473243
7.603399340239423,5.82008293331972,1.9726913108150042,2.490405511630459,4.392730371564323,-13.815510557964274,0.7884578149096215,1.3862946111198593,4.127134401174124,0.48858062831541516,4.127134401174124,0.09531108889482073,5.223773443227566,13.537537203022412,2.9755296172568784,-0.5744738746450899,2.16332314060306
7.602900462703757,5.817111162939395,1.8373701397157636,3.796560167155878,4.392730371564323,3.6375861860421748,2.9856819882055388,1.3862946111198593,4.127134401174124,0.8754691540204799,4.127134401174124,0.09531108889482073,6.529928155253632,13.493674488183364,0.6931476805598203,-0.5923954691431731,2.1400662811433224
7.6024013361650695,5.811140995970712,1.9643113746786491,5.735873536305682,4.392730371564323,2.890371813451719,2.970414516851751,1.3862946111198593,4.127134401174124,0.8020020339024202,4.127134401174124,0.09531108889482073,8.182328996642442,13.451107255620789,0.8329095577176182,-0.5905887871823305,2.1282318248968797
7.600902460042082,5.817111162939395,1.4951489902471942,2.7050132081039617,4.392730371564323,-13.815510557964274,2.906901114492183,1.3862946111198593,4.127134401174124,1.0043019754971676,4.127134401174124,0.09531108889482073,5.1514686101716824,13.328276127442495,1.1939227715026917,-1.3167645671349584,1.686399138755397
7.608374474877062,5.541263549079995,1.5163899384369495,-13.815510557964274,4.553876902126857,5.28826703574504,2.9231616344825953,1.945910291912446,4.553876902126857,1.782720095474845,4.553876902126857,-0.91628823187728,8.897930140949667,16.337608563285418,2.8094027556034598,-0.8722714541157449,1.686399138755397
7.607878073775032,5.564520411154111,-4.6050701909877585,-13.815510557964274,4.543294792908302,4.844187094332607,2.890371813451719,2.079441666679828,4.543294792908302,1.2059711063897618,4.543294792908302,-0.91628823187728,8.897930140949667,16.337608563285418,2.821378945933021,-0.8770676148776093,1.686399138755397
7.607381426136563,5.583496312541097,-4.6050701909877585,-13.815510557964274,4.543294792908302,3.8066625119925415,2.862200938072324,2.079441666679828,4.543294792908302,1.1314024340716937,4.543294792908302,-0.6931451805619453,8.897930140949667,16.337608563285418,2.833213402879744,-0.8818868897008028,1.686399138755397
7.606884531716648,5.613128110037705,-4.6050701909877585,-13.815510557964274,4.543294792908302,5.267858164217968,2.833213402879744,2.079441666679828,4.543294792908302,1.0919236360877267,4.543294792908302,-0.5108239571007129,8.897930140949667,16.337608563285418,2.8507065593072,-0.8915956802623679,1.686399138755397
7.6063873902699175,5.655991814316356,-0.47803418804107467,3.0435657969551886,4.564348201884503,3.871201031741224,2.8033604415125937,2.079441666679828,4.564348201884503,1.2809341232398035,4.564348201884503,-0.35667351536832426,6.367802091627847,13.011362540556728,2.862200938072324,-0.9038657427428437,1.686399138755397
7.605392365312695,5.739792915394668,-0.4620338722962311,0.4543576137072002,4.521788587918605,4.406719259459375,2.740840088441328,2.1972246884473243,4.521788587918605,1.1939227715026917,4.521788587918605,9.999994999180668e-07,3.7785933424861264,12.974638010971052,2.8848007687126294,-0.9113007028040209,1.686399138755397
7.6048944813096275,5.774551548649998,-0.7133478470632207,2.4651905680966415,4.543294792908302,-13.815510557964274,2.714694810046042,2.1972246884473243,4.543294792908302,1.3056267290551091,4.543294792908302,0.09531108889482073,5.789426826859742,15.258335524782941,2.901421649027803,-0.9013996563292506,1.686399138755397
7.602900462703757,5.834810739986581,-0.44628554012964017,2.3283478069679866,4.430816810748075,3.1780538720146114,2.6100698662714152,2.3025851929940404,4.584967488874653,1.1442231183914489,4.584967488874653,0.09531108889482073,5.6609523029444295,15.165820942044643,2.954910331117068,-1.3167645671349584,1.686399138755397
7.6024013361650695,5.837730450081392,-0.5798167095402507,1.9335481987455898,4.510859517505861,5.393627550897816,2.5877641104156752,2.3025851929940404,4.553876902126857,1.252763254209613,4.532599503905944,0.09531108889482073,5.450156291613865,15.134132158011035,2.965273117615673,-1.3167645671349584,1.686399138755397
7.601901960374667,5.837730450081392,-0.18632837337294214,-0.3522089613014518,4.454347307881415,5.393627550897816,2.5726123065429807,2.3025851929940404,4.521788587918605,1.4350847633845325,4.127134401174124,0.09531108889482073,3.0804777106564756,15.100502546901355,2.9856819882055388,-1.3167645671349584,1.686399138755397
7.601402335083484,5.84354441992991,-0.49429468247186154,1.7216267587285081,4.392730371564323,5.318119998746178,2.5494452490505686,2.3025851929940404,4.488636380968095,1.3737158320775555,4.454347307881415,0.09531108889482073,5.371285325562213,15.067451474381972,0.6931476805598203,-1.3167645671349584,1.686399138755397
7.600902460042082,6.082218912659551,-0.18632837337294214,-0.30660483598163507,4.392730371564323,5.393627550897816,2.5336968933225084,2.3025851929940404,4.406719259459375,1.488399809790653,4.394449167018117,0.09531108889482073,3.3392138054269656,12.734583951565138,0.8329095577176182,-1.3167645671349584,1.686399138755397
7.607878073775032,4.804021052929977,-4.6050701909877585,7.151389511025543,4.532599503905944,-13.815510557964274,4.084294243203616,-13.815510557964274,4.532599503905944,1.8531682540964982,4.532599503905944,-2.3025750930440454,9.733547763562223,14.089001156115756,1.3350013298902002,-0.15082172694456197,2.8033604415125937
7.607381426136563,4.844187094332607,-4.6050701909877585,5.565636572684061,4.532599503905944,0.6931476805598203,4.077537460854872,-13.815510557964274,4.543294792908302,1.868720664685159,4.543294792908302,-2.3025750930440454,7.565158488032161,14.091623717866733,1.3350013298902002,-0.15548373461677825,2.8033604415125937
7.606884531716648,4.905274785845837,-4.6050701909877585,7.151389511025543,4.543294792908302,1.3862946111198593,4.069026771331828,-13.815510557964274,4.543294792908302,1.850028534584723,4.543294792908302,-2.3025750930440454,9.733547763562223,14.095182635892986,1.3350013298902002,-0.16251775302787871,2.8033604415125937
7.6063873902699175,4.927253692403581,-4.6050701909877585,7.151389511025543,4.543294792908302,1.945910291912446,4.060443027787798,-13.815510557964274,4.532599503905944,1.763017171888973,4.532599503905944,-2.3025750930440454,9.733547763562223,14.098762080007422,1.3609768095458243,-0.17673598518334357,2.7972813958057605
7.605890001550634,4.919980933127395,2.386926333339557,7.151389511025543,4.543294792908302,-13.815510557964274,4.053522585062956,-13.815510557964274,4.543294792908302,1.8325816237482973,4.543294792908302,-2.3025750930440454,9.591420447254805,14.101797908243858,1.3609768095458243,-0.18272043633582288,2.7850113039667317
7.605392365312695,5.049856013659793,2.386926333339557,7.151389511025543,4.553876902126857,-13.815510557964274,4.0448041341750995,-13.815510557964274,4.553876902126857,1.9358599575019457,4.553876902126857,-2.3025750930440454,9.59739153123577,14.10407848792915,1.3862946111198593,-0.17912546972590204,2.778819334102217
7.603399340239423,5.2417470203506475,2.386926333339557,5.033730060403393,4.553876902126857,0.6931476805598203,4.016383038770407,-13.815510557964274,4.564348201884503,1.6486588178950556,4.564348201884503,-2.3025750930440454,7.199165309704441,14.119145946848057,1.4586152552576295,-0.20825370729412374,2.7663191721192657
7.601402335083484,5.416100406648865,-4.6050701909877585,4.48446429918594,4.392730371564323,-13.815510557964274,3.9945242453560956,-13.815510557964274,4.543294792908302,1.5789789111349375,4.543294792908302,-2.3025750930440454,8.411600931352195,14.143457269643422,1.5892354091981928,-0.24717884873353962,2.7080502677688743
7.600902460042082,5.384495067376245,-4.6050701909877585,1.6767405180929416,4.392730371564323,2.1972246884473243,3.988984065082793,-13.815510557964274,4.532599503905944,1.6639262871120917,4.532599503905944,-2.3025750930440454,3.8571078125092915,14.149826900887968,1.6094381124340804,-0.26918618091594954,2.667228276026397
7.603399340239423,5.837730450081392,-0.010049325753001472,2.8924547164753753,4.392730371564323,5.393627550897816,2.6246686646269244,3.8066625119925415,4.127134401174124,1.4350847633845325,4.127134401174124,0.09531108889482073,5.085288896128823,15.853189949774745,3.1223649685402193,-1.1239270197340565,1.7578580899661518
7.602900462703757,5.869296915958633,-0.15082172694456197,0.41009668710125036,4.392730371564323,4.290459454847021,2.602689759518455,3.8066625119925415,4.127134401174124,1.4422022294647783,4.127134401174124,0.09531108889482073,4.910906201796766,15.825393666471713,3.1267605798200435,-1.1711797557016965,1.686399138755397
7.6024013361650695,5.894402837019672,-0.23572106769908613,2.395348406832334,4.392730371564323,5.393627550897816,2.580216905349898,3.8066625119925415,4.127134401174124,1.534714581755382,4.127134401174124,0.09531108889482073,4.778059461684594,17.158115227083496,3.1398326608177904,-1.18416690906124,1.686399138755397
7.608374474877062,5.236441968149098,1.5163899384369495,-13.815510557964274,4.5951198602356,-13.815510557964274,4.138361463587838,-13.815510557964274,4.5951198602356,1.782720095474845,4.5951198602356,-2.3025750930440454,8.501449160229217,13.701388437972325,2.0412204587297595,-0.30924488797072935,2.7278528937578645
7.607381426136563,5.257495377236115,-4.6050701909877585,6.132635890376147,4.5951198602356,-13.815510557964274,4.112511882544162,-13.815510557964274,4.5951198602356,1.4492693950230355,4.5951198602356,-2.3025750930440454,8.468777764833904,13.687353270364008,2.0412204587297595,-0.32989253044147343,2.7080502677688743
7.606884531716648,5.272999563691952,-4.6050701909877585,6.0672338793669995,4.5951198602356,-13.815510557964274,1.8245494533413555,-13.815510557964274,4.5951198602356,1.4255153146577584,4.5951198602356,-2.3025750930440454,8.422165450742225,13.68037330520886,2.0412204587297595,-0.3368709160833094,2.7013612800655054
7.605392365312695,3.13549425940741,0.8372479574340415,4.105130937222318,4.5951198602356,9.999994999180668e-07,4.060443027787798,-13.815510557964274,4.5951198602356,1.4492693950230355,4.5951198602356,-2.3025750930440454,8.122514442117213,13.655303072668142,2.0412204587297595,-0.3509755023705581,2.6741487183920434
7.6043963492945945,3.367295864469232,0.7371645444455047,1.7731757263603465,4.5951198602356,-13.815510557964274,4.036009002876981,-13.815510557964274,4.5951198602356,1.319085878806084,4.5951198602356,-2.3025750930440454,6.171331575259635,13.634961828783593,2.066862886055246,-0.35953474355603443,2.6532420350297476
7.603897969020386,5.351858138215403,0.7227064682382652,3.953628649295029,4.5951198602356,4.912654893088993,4.023564398050141,-13.815510557964274,4.584967488874653,1.3454726270162682,4.584967488874653,-2.3025750930440454,8.22949506923566,13.626056827580248,2.066862886055246,-0.3638419945694592,2.6390574010438272
7.603399340239423,5.365976019694749,0.7030980064624959,4.164989952014912,4.5951198602356,-13.815510557964274,4.009149734307689,-13.815510557964274,4.574710988812661,1.2837080493530615,4.564348201884503,-2.3025750930440454,8.204846313727456,13.619273021517074,2.066862886055246,-0.3581031061341856,2.6318889120790896
7.602900462703757,5.384495067376245,0.48858062831541516,3.784065208905063,4.5951198602356,3.610917939671251,3.992680926895785,-13.815510557964274,4.564348201884503,1.2837080493530615,4.553876902126857,-2.3025750930440454,8.1116036357648,13.615050284807463,2.0918641851351754,-0.36961400803751143,2.5952547815837286
7.6024013361650695,3.09104249881286,0.5653143772317172,5.536624060156927,4.5951198602356,5.393627550897816,3.974058415144591,-13.815510557964274,4.553876902126857,1.2089606443443932,4.543294792908302,-2.3025750930440454,7.950140710247424,13.612938945794347,2.0918641851351754,-0.3725125565907219,2.5877641104156752
7.601901960374667,3.09104249881286,0.6151861796306279,5.328224103398945,4.5951198602356,5.393627550897816,3.955082514045681,-13.815510557964274,4.543294792908302,1.2470325811426635,4.532599503905944,-2.3025750930440454,7.722924480657752,13.611790885760842,2.0918641851351754,-0.3754195311567713,2.5877641104156752
7.601402335083484,5.39816270604264,0.6575205210513749,3.0307090854301677,4.584967488874653,2.833213402879744,3.9357395515767117,-13.815510557964274,4.521788587918605,1.1878437272740547,4.510859517505861,-2.3025750930440454,5.476010436738023,13.609983422398146,2.116255635284473,-0.3812589552835754,2.580216905349898
7.600902460042082,5.39816270604264,0.7178402809550759,3.442286449635121,4.584967488874653,-13.815510557964274,1.6486588178950556,-13.815510557964274,4.510859517505861,1.35325476543959,4.127134401174124,-2.3025750930440454,5.620885534478153,13.606298264475548,2.116255635284473,-0.3841915044049215,2.5726123065429807
7.608374474877062,4.330733353444225,1.5163899384369495,-13.815510557964274,4.392730371564323,0.6931476805598203,4.128746005042492,-13.815510557964274,4.574710988812661,1.782720095474845,4.574710988812661,-2.3025750930440454,8.353590720040105,15.516530071320261,0.5306288392972915,-0.11316757828543629,2.833213402879744
7.607878073775032,4.356708839510104,2.174751835120518,7.151389511025543,4.392730371564323,-13.815510557964274,4.122283947118797,-13.815510557964274,4.584967488874653,2.270062004594265,4.584967488874653,-2.3025750930440454,9.733547763562223,15.513236232462075,0.5306288392972915,-0.1165326926610771,2.833213402879744
7.607381426136563,4.369447865125249,2.193885787553419,7.151389511025543,4.392730371564323,0.6931476805598203,4.117409851439741,-13.815510557964274,4.584967488874653,2.2565412592046754,4.584967488874653,-2.3025750930440454,9.733547763562223,15.509100630386882,0.5306288392972915,-0.11990916927747713,2.833213402879744
7.606884531716648,4.406719259459375,2.223541993878695,7.151389511025543,4.392730371564323,-13.815510557964274,4.1108738805667535,-13.815510557964274,4.5951198602356,2.2300145076860862,4.5951198602356,-2.3025750930440454,9.733547763562223,15.50449339265903,0.5306288392972915,-0.12329708512341395,2.833213402879744
7.6063873902699175,4.454347307881415,2.2834023755140658,4.262908152111339,4.392730371564323,3.2958369030413657,1.88706980054752,-13.815510557964274,4.5951198602356,2.208274523412908,4.5951198602356,-2.3025750930440454,6.362552388681954,15.4997352977922,0.5306288392972915,-0.13010754639550495,2.8273136811006236
7.605890001550634,4.488636380968095,2.274185721353001,6.38294759604956,4.392730371564323,1.6094381124340804,1.8245494533413555,-13.815510557964274,4.5951198602356,2.2512919038696473,4.5951198602356,-2.3025750930440454,8.438672609604481,15.49509971071721,0.5306288392972915,-0.13467375916249638,2.821378945933021
7.605392365312695,4.510859517505861,2.298577171998108,6.3625770325128785,4.392730371564323,0.6931476805598203,4.091005677678994,-13.815510557964274,4.5951198602356,2.219203592750641,4.5951198602356,-2.3025750930440454,8.458961293339382,15.49052476536255,0.5306288392972915,-0.13010754639550495,2.833213402879744
7.6043963492945945,4.564348201884503,2.346602074104595,7.151389511025543,4.392730371564323,-13.815510557964274,4.077537460854872,-13.815510557964274,4.574710988812661,2.1860513890976385,4.5951198602356,-2.3025750930440454,9.733547763562223,13.178501715590302,0.5306288392972915,-0.1358185776678186,2.8449094419589405
7.603897969020386,4.564348201884503,2.3174738040099587,6.262974408397172,4.392730371564323,-13.815510557964274,4.070734713647814,-13.815510557964274,4.574710988812661,2.1258480338257266,4.574710988812661,-2.3025750930440454,8.321829314760468,15.47683251026164,0.5306288392972915,-0.1404110029694209,2.8449094419589405
7.603399340239423,2.397895363707457,2.2975726516730086,7.151389511025543,4.392730371564323,9.999994999180668e-07,4.062165681069569,-13.815510557964274,4.574710988812661,2.131796890637719,4.574710988812661,-2.3025750930440454,9.733547763562223,13.1705743262438,0.5306288392972915,-0.1461813527713438,2.839078521988145
7.602900462703757,2.48490673312133,2.2915242467468504,7.151389511025543,4.392730371564323,-13.815510557964274,4.053522585062956,-13.815510557964274,4.564348201884503,2.1053530452670093,4.584967488874653,-2.3025750930440454,9.733547763562223,15.469572252955722,0.5306288392972915,-0.1404110029694209,2.906901114492183
7.600902460042082,2.7080502677688743,2.1505988524105923,5.985832139589297,4.392730371564323,-13.815510557964274,4.016383038770407,-13.815510557964274,4.564348201884503,1.9768550914088803,4.5951198602356,-2.3025750930440454,9.733547763562223,13.15701404842197,0.5877872204575202,-0.16605340369323532,2.8507065593072
7.608374474877062,4.356708839510104,1.5163899384369495,-13.815510557964274,4.454347307881415,5.0562458117177345,4.135166572742356,1.0986126220013874,4.584967488874653,1.782720095474845,4.584967488874653,-2.3025750930440454,9.733547763562223,15.712000544442976,0.2623650336979642,-0.11204838524101579,2.791165169162408
7.607878073775032,4.369447865125249,2.386926333339557,7.151389511025543,4.418840619844791,5.393627550897816,4.127134401174124,1.0986126220013874,4.584967488874653,2.4458193477350623,4.584967488874653,-2.3025750930440454,9.733547763562223,17.158115227083496,0.18232239012694063,-0.1165326926610771,2.7850113039667317
7.607381426136563,4.394449167018117,2.386926333339557,7.151389511025543,4.304065106717683,5.393627550897816,4.12066188677324,1.0986126220013874,4.5951198602356,2.447550949749418,4.5951198602356,-2.3025750930440454,9.733547763562223,15.702558540095414,0.18232239012694063,-0.11990916927747713,2.7850113039667317
7.6048944813096275,4.477336825841843,2.386926333339557,7.151389511025543,4.189654757177941,5.393627550897816,4.0792309413325265,1.0986126220013874,4.584967488874653,0.451076256302689,4.584967488874653,-2.3025750930440454,9.733547763562223,15.677650668614467,0.18232239012694063,-0.13124714635974888,2.778819334102217
7.603399340239423,4.532599503905944,2.386926333339557,7.151389511025543,4.189654757177941,3.5835189662338873,4.051784965194609,1.3862946111198593,4.584967488874653,0.47000425424554026,4.584967488874653,-2.3025750930440454,9.733547763562223,17.158115227083496,0.18232239012694063,-0.15082172694456197,2.740840088441328
7.6024013361650695,4.5951198602356,2.386926333339557,7.151389511025543,4.189654757177941,-13.815510557964274,4.0324691762345095,1.3862946111198593,4.564348201884503,0.3576751435722706,4.574710988812661,-2.3025750930440454,9.733547763562223,17.158115227083496,0.18232239012694063,-0.16016757844458993,2.7343675743546463
7.601402335083484,2.5649494343846104,2.386926333339557,7.151389511025543,4.189654757177941,-13.815510557964274,4.010962971398992,1.3862946111198593,4.584967488874653,2.2915242467468504,4.574710988812661,-2.3025750930440454,9.733547763562223,17.158115227083496,0.2623650336979642,-0.16369491481518186,2.7472709783580536
7.607878073775032,5.46806014535454,-4.6050701909877585,6.572676443985825,4.189654757177941,3.49650759176951,3.577947921339615,1.0986126220013874,4.219507719881989,1.2354717620829392,4.127134401174124,0.09531108889482073,9.179072990068338,14.444499411770803,2.49320553524732,-0.3754195311567713,2.5336968933225084
7.607381426136563,5.541263549079995,2.1815468774838003,5.042624079400149,4.369447865125249,4.804021052929977,3.561046111013142,1.0986126220013874,4.3438054348406965,1.381282070552596,4.369447865125249,0.09531108889482073,9.177790629918166,14.412846483203074,2.5095993436791817,-0.3886065161165754,2.525728724308252
7.606884531716648,5.6204008693403384,2.116255635284473,6.691329772734901,4.406719259459375,0.6931476805598203,3.5438537109654122,1.0986126220013874,4.127134401174124,1.1410333240408288,4.406719259459375,0.09531108889482073,9.187499613672225,14.379014206935981,2.525728724308252,-0.4019697240867148,2.525728724308252
7.605392365312695,3.4339872367432105,2.156402698556698,3.957204069576531,4.369447865125249,-13.815510557964274,3.49650759176951,1.0986126220013874,4.304065106717683,1.2325605527229957,4.330733353444225,0.09531108889482073,6.638125585387898,14.277200978042174,2.580216905349898,-0.4277091833143289,2.5176965532561493
7.6048944813096275,5.697093489861109,2.1690538146552307,2.4028127747694072,4.406719259459375,1.0986126220013874,3.4781584536624806,1.0986126220013874,4.394449167018117,0.9321644747311552,4.406719259459375,0.09531108889482073,5.269272627303466,14.244959735022764,2.5952547815837286,-0.42924410067643726,2.5176965532561493
7.6043963492945945,5.673323270607918,2.199444444939271,6.301590898553507,4.317488126869644,-13.815510557964274,3.462606041138761,1.0986126220013874,4.356708839510104,1.0508219744820497,4.394449167018117,0.09531108889482073,9.030354139508425,14.213744920459982,2.6173959058267773,-0.43850341179996943,2.5176965532561493
7.603897969020386,5.662960483608168,2.080690885924205,3.7022200493425546,4.189654757177941,4.499809681441376,3.446807924761341,1.0986126220013874,4.127134401174124,1.0577906413700164,4.127134401174124,0.09531108889482073,6.58999515801046,14.183511915223917,2.6390574010438272,-0.43695422721311716,2.5176965532561493
7.6024013361650695,3.465735934049726,1.8671762630723026,5.864291088489498,4.392730371564323,-13.815510557964274,3.394508427068405,1.0986126220013874,4.127134401174124,1.2470325811426635,4.127134401174124,0.09531108889482073,8.495380245707395,14.099294542735374,2.7013612800655054,-0.4494154282404563,2.5095993436791817
7.600902460042082,5.690359457702439,2.182674909061053,5.385287172381931,4.392730371564323,2.7080502677688743,3.3357696119268883,1.0986126220013874,4.127134401174124,1.0612568481450422,4.127134401174124,0.09531108889482073,8.322750533425515,14.023436506674233,2.760010003324058,-0.45098405355249316,2.5014360337064203
7.608374474877062,5.568344507577891,1.5163899384369495,-13.815510557964274,4.574710988812661,4.262679891125822,3.30688673882095,1.6094381124340804,4.564348201884503,1.782720095474845,4.574710988812661,0.09531108889482073,8.897930140949667,16.337608563285418,2.6741487183920434,-0.7985054739980185,2.1860513890976385
7.607878073775032,5.583496312541097,-4.6050701909877585,-13.815510557964274,4.564348201884503,9.999994999180668e-07,3.2846636028593865,1.6094381124340804,4.574710988812661,1.993338978866197,4.564348201884503,0.09531108889482073,8.897930140949667,16.337608563285418,2.6946272483376346,-0.8007301640708707,2.1860513890976385
7.607381426136563,5.583496312541097,-4.6050701909877585,-13.815510557964274,4.574710988812661,-13.815510557964274,3.2580965764830196,1.6094381124340804,4.564348201884503,1.8702626847991917,4.574710988812661,0.09531108889482073,8.897930140949667,16.337608563285418,2.714694810046042,-0.8096787496274106,2.1860513890976385
7.606884531716648,5.594711383319312,-4.6050701909877585,-13.815510557964274,4.584967488874653,-13.815510557964274,3.234749213394569,1.6094381124340804,4.584967488874653,1.8115622599229142,4.584967488874653,0.09531108889482073,8.897930140949667,16.337608563285418,2.740840088441328,-0.8209782793451402,2.174751835120518
7.6063873902699175,5.624017509797447,1.2267125845505145,-13.815510557964274,4.564348201884503,-13.815510557964274,3.2108436934935165,1.6094381124340804,4.553876902126857,1.8309803426377338,4.564348201884503,0.09531108889482073,8.897930140949667,16.337608563285418,2.7663191721192657,-0.8187081359641659,2.16332314060306
7.605890001550634,5.648974241682333,1.2470325811426635,-13.815510557964274,4.574710988812661,0.6931476805598203,3.1822118819903844,1.7917596358947079,4.574710988812661,1.7492000287222875,4.574710988812661,0.09531108889482073,8.897930140949667,16.337608563285418,2.791165169162408,-0.8232535880052322,2.174751835120518
7.605392365312695,5.655991814316356,1.0952737218506998,-13.815510557964274,4.574710988812661,-13.815510557964274,3.157000463703304,1.7917596358947079,4.574710988812661,1.7664418321839215,4.584967488874653,0.09531108889482073,8.897930140949667,16.337608563285418,2.815408779302947,-0.8347084407369214,2.1860513890976385
7.6048944813096275,5.659482219243942,1.0260419542561492,-13.815510557964274,4.584967488874653,-13.815510557964274,3.1267605798200435,1.7917596358947079,4.564348201884503,1.7833913876247511,4.564348201884503,0.09531108889482073,8.897930140949667,16.337608563285418,2.839078521988145,-0.8533135852976815,2.151762319538525
7.6043963492945945,5.662960483608168,0.970779295946032,-13.815510557964274,4.574710988812661,-13.815510557964274,3.100092333923278,1.7917596358947079,4.543294792908302,1.7509376483188959,4.553876902126857,0.09531108889482073,8.897930140949667,16.337608563285418,2.862200938072324,-0.8674981867551766,2.1282318248968797
7.603897969020386,5.662960483608168,1.0750027643258462,-13.815510557964274,4.553876902126857,-13.815510557964274,3.068052981645244,1.7917596358947079,4.543294792908302,1.7083780414484078,4.553876902126857,0.09531108889482073,8.897930140949667,16.337608563285418,2.8848007687126294,-0.8794743491157878,2.0918641851351754
7.603399340239423,5.683579770740042,0.8153652557619727,-13.815510557964274,4.553876902126857,-13.815510557964274,1.0647110818199552,1.7917596358947079,4.543294792908302,1.6034200413157607,4.553876902126857,0.09531108889482073,8.897930140949667,16.337608563285418,2.9069011144921824,-0.8867295024510904,2.054123861900666
7.602900462703757,5.690359457702439,0.9202831515499876,-13.815510557964274,4.553876902126857,-13.815510557964274,0.8329095577176182,1.7917596358947079,4.477336825841843,1.4701760749856236,4.465908130148836,0.09531108889482073,8.897930140949667,16.337608563285418,2.9285235773364757,-0.9063379257765256,2.028148378871224
7.6024013361650695,5.693732142169703,0.9042185554981036,-13.815510557964274,4.543294792908302,4.77912350151489,2.980618686505363,1.7917596358947079,4.465908130148836,1.4398353650147169,4.465908130148836,0.09531108889482073,8.897930140949667,16.337608563285418,2.954910331117068,-0.9288669824386502,1.9878744851406374
7.601901960374667,5.697093489861109,0.7323683744823419,-13.815510557964274,4.521788587918605,3.465735934049726,2.949688387408604,1.7917596358947079,4.454347307881415,1.3217561066489505,4.465908130148836,0.09531108889482073,8.897930140949667,16.337608563285418,2.9755296172568784,-0.9364908881745202,1.945910291912446
7.600902460042082,3.49650759176951,0.7793253355164889,-13.815510557964274,4.510859517505861,5.393627550897816,2.890371813451719,1.7917596358947079,4.430816810748075,1.2837080493530615,4.127134401174124,0.09531108889482073,8.897930140949667,16.337608563285418,0.8754691540204799,-0.9755074390177504,1.8718023307477334
7.606884531716648,4.262679891125822,2.386926333339557,6.733298697227265,4.477336825841843,5.1119877943806395,1.9315215565307395,1.0986126220013874,4.543294792908302,0.6881351412488376,4.553876902126857,-2.3025750930440454,8.404080238901242,15.946811714891846,0.7884578149096215,-0.08773782260554586,2.8273136811006236
7.605890001550634,4.330733353444225,2.386926333339557,7.151389511025543,4.477336825841843,5.393627550897816,4.0926765218158945,1.0986126220013874,4.543294792908302,2.420368217539314,4.553876902126857,-2.3025750930440454,9.733547763562223,15.916920639461445,0.7884578149096215,-0.09761172633177577,2.815408779302947
7.605392365312695,4.369447865125249,2.386926333339557,7.151389511025543,4.477336825841843,5.393627550897816,4.0859763293583065,1.0986126220013874,4.553876902126857,2.4336134431197443,4.564348201884503,-2.3025750930440454,9.733547763562223,13.616128698264273,0.7884578149096215,-0.0987148691870074,2.815408779302947
7.6048944813096275,2.079441666679828,2.386926333339557,7.151389511025543,4.465908130148836,5.393627550897816,4.077537460854872,1.0986126220013874,4.553876902126857,0.3293044665668019,4.564348201884503,-2.3025750930440454,9.733547763562223,13.618518310931007,0.7884578149096215,-0.10203161814605269,2.8094027556034598
7.6043963492945945,4.406719259459375,2.386926333339557,7.151389511025543,4.454347307881415,5.393627550897816,4.069026771331828,1.0986126220013874,4.553876902126857,0.1655152859348413,4.564348201884503,-2.3025750930440454,9.733547763562223,17.158115227083496,0.7884578149096215,-0.10758409709481133,2.8094027556034598
7.603399340239423,4.442651268255022,2.386926333339557,7.151389511025543,4.189654757177941,5.393627550897816,4.053522585062956,1.0986126220013874,4.553876902126857,0.4187109927527054,4.564348201884503,-2.3025750930440454,9.733547763562223,17.158115227083496,0.7884578149096215,-0.12329708512341395,2.7972813958057605
7.602900462703757,4.454347307881415,2.386926333339557,7.151389511025543,4.477336825841843,4.795790553861204,4.0448041341750995,1.0986126220013874,4.564348201884503,0.3148114697667745,4.564348201884503,-2.3025750930440454,9.733547763562223,15.925920829800214,0.7884578149096215,-0.13124714635974888,2.7972813958057605
7.600902460042082,4.553876902126857,2.386926333339557,7.151389511025543,4.430816810748075,-13.815510557964274,4.009149734307689,1.3862946111198593,4.543294792908302,0.09531108889482073,4.127134401174124,-2.3025750930440454,9.733547763562223,15.922221633022813,0.8754691540204799,-0.15665264045541752,2.7850113039667317
7.608374474877062,5.517452900480772,1.5163899384369495,-13.815510557964274,4.477336825841843,3.13549425940741,3.3534067527908413,3.8066625119925415,4.477336825841843,1.782720095474845,4.477336825841843,-0.35667351536832426,7.216058725083457,17.132703709362747,2.5095993436791817,-0.5533834990558641,2.4336134431197443
7.607878073775032,5.533389492680089,-4.6050701909877585,4.5816758090041185,4.584967488874653,4.820281573669553,3.332204545889489,3.8066625119925415,4.532599503905944,1.2697608257627762,4.584967488874653,-0.2231423013149909,7.266986513623944,17.109959906255437,2.5416020722046997,-0.5516458821766418,2.459588927273792
7.607381426136563,5.537334270955545,-4.6050701909877585,3.355815677238491,4.189654757177941,5.393627550897816,3.30688673882095,3.8066625119925415,4.510859517505861,1.5325570840808407,4.127134401174124,-0.10535940454733242,7.503560981948608,17.086836545789495,2.5649494343846104,-0.5621171637691152,2.4423471223257223
7.6063873902699175,5.572154035980046,0.4946968515920186,5.417086353328164,4.510859517505861,4.787491751115379,3.261935352642823,3.8066625119925415,4.510859517505861,1.5706972920178561,4.510859517505861,0.09531108889482073,7.3619969981520175,17.039246393823824,2.6173959058267773,-0.5905887871823305,2.388762880978213
7.605890001550634,5.5872486621455675,0.5247291206507833,5.278025183799139,4.543294792908302,5.393627550897816,3.238678491380066,3.8066625119925415,4.543294792908302,1.6733514257949964,4.543294792908302,0.09531108889482073,7.179822753900539,14.712093970000756,2.646174868306106,-0.6033046484082619,2.3513753524015684
7.605392365312695,5.602118824569738,0.5653143772317172,3.425008500485175,4.543294792908302,4.615120526742249,3.214867843631304,3.8066625119925415,4.543294792908302,1.6428728819439167,4.543294792908302,0.09531108889482073,5.229853182067192,14.68840556945912,2.6741487183920434,-0.6124874325257426,2.3418059023011684
7.6048944813096275,5.616771101302935,0.5766139261015888,5.081470477705801,4.532599503905944,4.406719259459375,3.186352674484954,3.8066625119925415,4.521788587918605,1.5789789111349375,4.532599503905944,0.09531108889482073,7.1102188997381734,14.661320454740057,2.7013612800655054,-0.6348763856452966,2.2823824877173373
7.603897969020386,5.662960483608168,0.5306288392972914,4.860016549414126,4.430816810748075,5.393627550897816,3.13549425940741,3.8066625119925415,4.430816810748075,1.534714581755382,4.430816810748075,0.09531108889482073,6.827558992274278,16.911695448118554,2.760010003324058,-0.6733425924813742,2.16332314060306
7.602900462703757,3.5263605540279257,0.3784371206515173,3.974767933476359,4.189654757177941,4.094344578888768,3.081910015666602,3.8066625119925415,4.394449167018117,1.3762442777916097,4.127134401174124,0.09531108889482073,6.047829851839476,14.90962474532628,2.815408779302947,-0.7113091145298127,2.0412204587297595
7.607878073775032,4.290459454847021,2.018895174613918,7.151389511025543,4.564348201884503,9.999994999180668e-07,4.189654757177941,-13.815510557964274,4.5951198602356,2.174751835120518,4.5951198602356,-2.3025750930440454,9.733547763562223,14.453363292299661,0.40546577477460877,-0.1484988482263094,2.8449094419589405
7.607381426136563,4.304065106717683,2.009555548263918,7.151389511025543,4.584967488874653,1.0986126220013874,4.180522273753673,-13.815510557964274,4.5951198602356,2.2257041566494427,4.5951198602356,-2.3025750930440454,9.733547763562223,14.491110176656141,0.40546577477460877,-0.15082172694456197,2.839078521988145
7.6063873902699175,4.330733353444225,2.0819385465666946,7.151389511025543,4.553876902126857,3.688879479113936,4.163559646795673,-13.815510557964274,4.5951198602356,2.2793165684088312,4.5951198602356,-2.3025750930440454,9.733547763562223,13.924274375814727,0.40546577477460877,-0.15082172694456197,2.815408779302947
7.605890001550634,4.330733353444225,2.1972246884473243,7.151389511025543,4.553876902126857,5.003946312656868,4.154184578276705,-13.815510557964274,4.5951198602356,2.217027313564855,4.5951198602356,-2.3025750930440454,9.733547763562223,16.224376433041165,0.40546577477460877,-0.1519851928542054,2.7972813958057605
7.6043963492945945,2.079441666679828,2.2690284128778138,7.151389511025543,4.553876902126857,0.6931476805598203,4.123903380644875,-13.815510557964274,4.5951198602356,2.2417730598672083,4.5951198602356,-2.3025750930440454,9.733547763562223,13.953943791911136,0.40546577477460877,-0.15665264045541752,2.7972813958057605
7.603399340239423,4.394449167018117,2.2975726516730086,7.151389511025543,4.532599503905944,4.804021052929977,1.8718023307477334,9.999994999180668e-07,4.564348201884503,2.2364453973271017,4.564348201884503,-2.3025750930440454,9.733547763562223,14.502294536226126,0.40546577477460877,-0.17554338062052796,2.7472709783580536
7.602900462703757,4.394449167018117,2.257587831665815,5.661613924283632,4.521788587918605,9.999994999180668e-07,4.0926765218158945,9.999994999180668e-07,4.553876902126857,2.116255635284473,4.553876902126857,-2.3025750930440454,9.733547763562223,14.485972871563542,0.47000425424554026,-0.18632837337294214,2.7278528937578645
7.601402335083484,4.418840619844791,2.1540852006848756,7.151389511025543,4.189654757177941,2.48490673312133,4.060443027787798,9.999994999180668e-07,4.127134401174124,2.1365306267277107,4.510859517505861,-2.3025750930440454,9.436533574852312,14.437232625821503,0.5306288392972915,-0.22189308347510636,2.6532420350297476
7.608374474877062,4.955827064643514,1.5163899384369495,-13.815510557964274,4.521788587918605,-13.815510557964274,3.8794998343837426,-13.815510557964274,4.5951198602356,1.782720095474845,4.521788587918605,-2.3025750930440454,9.12828319265811,16.337608563285418,2.028148378871224,-0.28634829566096603,2.760010003324058
7.607878073775032,4.962844637252914,2.130609947019074,6.671116655542483,4.574710988812661,-13.815510557964274,3.858622249798077,-13.815510557964274,4.394449167018117,1.8082889351136784,4.574710988812661,-2.3025750930440454,9.055996990133083,16.337608563285418,2.028148378871224,-0.28901496035232416,2.760010003324058
7.607381426136563,4.969813306520445,2.1102133215587036,6.659865460297539,4.574710988812661,-13.815510557964274,3.8394523340986866,-13.815510557964274,4.584967488874653,1.8164522444200393,4.574710988812661,-2.3025750930440454,8.981633371589254,16.337608563285418,2.028148378871224,-0.2930283382967009,2.760010003324058
7.606884531716648,4.983606628557651,2.088153606197587,6.763884884543959,4.574710988812661,-13.815510557964274,3.8199077384501647,-13.815510557964274,4.584967488874653,1.850028534584723,4.574710988812661,-2.3025750930440454,8.933688865327513,16.337608563285418,2.028148378871224,-0.2957129000639269,2.760010003324058
7.6063873902699175,2.7080502677688743,2.0592389619133287,2.4481698178460767,4.543294792908302,-13.815510557964274,3.7999735239908876,-13.815510557964274,4.553876902126857,1.8484549703849027,4.553876902126857,-2.3025750930440454,6.608654097296797,16.337608563285418,2.028148378871224,-0.2997533041592954,2.760010003324058
7.605890001550634,5.036952608907136,2.068127908201805,4.982511507220804,4.574710988812661,-13.815510557964274,3.7819143428601687,-13.815510557964274,4.543294792908302,1.857859426938807,4.574710988812661,-2.3025750930440454,8.904584842111895,16.337608563285418,2.028148378871224,-1.3167645671349584,2.760010003324058
7.605392365312695,5.062595039356081,2.130609947019074,4.986605202290514,4.5951198602356,-13.815510557964274,3.763523020311558,-13.815510557964274,4.5951198602356,1.8309803426377338,4.5951198602356,-2.3025750930440454,8.908678536537124,16.337608563285418,2.028148378871224,-1.3167645671349584,2.7472709783580536
7.6048944813096275,5.087596341405224,2.188296058699535,6.626664388752531,4.5951198602356,-13.815510557964274,3.7471483858228174,-13.815510557964274,4.5951198602356,1.7509376483188959,4.5951198602356,-2.3025750930440454,8.980542774895651,16.337608563285418,2.0412204587297595,-1.3167645671349584,2.7343675743546463
7.6043963492945945,5.099866433921759,2.2038692304301577,4.555914395636612,4.564348201884503,-13.815510557964274,3.732896363454155,-13.815510557964274,4.564348201884503,1.7715569319785482,4.564348201884503,-2.3025750930440454,8.898720306746865,16.337608563285418,2.054123861900666,-1.3167645671349584,2.7278528937578645
7.603897969020386,5.117993818404779,2.2038692304301577,6.495667846155483,4.510859517505861,-13.815510557964274,3.7160081458330887,-13.815510557964274,4.510859517505861,1.7900915790722522,4.510859517505861,-2.3025750930440454,8.819476574207759,16.337608563285418,2.054123861900666,-1.3167645671349584,2.714694810046042
7.603399340239423,5.129898720840234,2.174751835120518,4.78377543251407,4.5951198602356,-13.815510557964274,1.5040776189984717,-13.815510557964274,4.5951198602356,1.7047482740565905,4.5951198602356,-2.3025750930440454,8.817966063332918,16.337608563285418,2.0668628860552465,-1.3167645671349584,2.7013612800655054
7.602900462703757,5.23110862220218,2.131796890637719,4.61478257855843,4.418840619844791,-13.815510557964274,3.686376348958474,-13.815510557964274,4.430816810748075,1.6563216891726273,4.418840619844791,-2.3025750930440454,8.671831346293938,16.337608563285418,2.079441666679828,-1.3167645671349584,2.6946272483376346
7.6024013361650695,5.153291600278126,2.277267387573853,4.356009016494932,4.574710988812661,-13.815510557964274,3.6737658416845984,-13.815510557964274,4.584967488874653,1.7732561674427678,4.574710988812661,-2.3025750930440454,8.661074597312249,16.337608563285418,2.0918641851351754,-1.3167645671349584,2.681021597207439
7.601901960374667,5.17048400071997,2.371177977830335,6.240951137187755,4.584967488874653,-13.815510557964274,3.6584202724024233,-13.815510557964274,4.584967488874653,1.8976200098525586,4.584967488874653,-2.3025750930440454,8.573995435835387,16.337608563285418,2.1041342762214192,-1.3167645671349584,2.667228276026397
7.601402335083484,5.181783555910062,2.262804327040468,4.39585015478861,4.564348201884503,-13.815510557964274,3.64283554179054,-13.815510557964274,4.564348201884503,2.037316745757253,4.564348201884503,-2.3025750930440454,6.253749416116045,16.337608563285418,2.1282318248968797,-1.3167645671349584,2.660259607195929
7.600902460042082,5.2040066925713,2.240709795658931,6.516999538930015,4.392730371564323,-13.815510557964274,3.6296601209791635,-13.815510557964274,4.574710988812661,1.8900955210063073,4.574710988812661,-2.3025750930440454,8.540438889242322,16.337608563285418,2.1400662811433224,-1.3167645671349584,2.646174868306106
7.608374474877062,5.2257466790895455,1.5163899384369495,-13.815510557964274,4.304065106717683,-13.815510557964274,1.722766776312516,2.48490673312133,4.127134401174124,1.782720095474845,4.304065106717683,-0.91628823187728,8.274758085161121,16.603752932492597,0.8754691540204799,-0.45098405355249316,2.3702438349258
7.607878073775032,5.23110862220218,0.6312723087566099,6.488487775598393,4.290459454847021,-13.815510557964274,3.9100210227975527,2.5649494343846104,4.174387285280252,1.8245494533413555,4.290459454847021,-0.91628823187728,8.212775528394989,16.5833102686722,0.8754691540204799,-0.4877587221718257,2.3702438349258
7.607381426136563,5.2417470203506475,0.6575205210513749,6.3667229232451295,4.442651268255022,-13.815510557964274,3.89792410133262,2.5649494343846104,4.430816810748075,1.840549792127633,4.442651268255022,-0.91628823187728,8.146949155183938,16.562538750457595,0.8754691540204799,-0.4926566831506699,2.3702438349258
7.606884531716648,5.2417470203506475,0.7030980064624959,6.183568908759712,4.564348201884503,-13.815510557964274,3.8836235514825796,2.5649494343846104,4.543294792908302,1.8453003941339554,4.564348201884503,-0.91628823187728,8.10157210278346,14.238917740083531,0.8754691540204799,-0.48450669207331154,2.3608540954576394
7.6063873902699175,5.2626901940862325,0.7701086846589296,6.126376891560708,4.477336825841843,-13.815510557964274,3.869115525293696,2.6390574010438272,4.477336825841843,1.8373701397157636,4.477336825841843,-0.91628823187728,8.067100512070164,16.520149547494402,0.8754691540204799,-0.49593536923746334,2.3513753524015684
7.605890001550634,5.278114664332558,0.7608062963233707,6.094302743792158,4.543294792908302,-13.815510557964274,3.85439391377795,2.6390574010438272,4.543294792908302,1.8931121140907408,4.543294792908302,-0.91628823187728,7.946449361201213,14.19628467014811,0.9555118296427471,-0.5074961725451276,2.3513753524015684
7.605392365312695,5.28826703574504,0.7608062963233707,6.099067806659537,4.521788587918605,-13.815510557964274,3.8394523340986866,2.7080502677688743,4.521788587918605,1.915451088845999,4.521788587918605,-0.91628823187728,7.87692436886651,14.174322816219345,0.9555118296427471,-0.5175129340658459,2.3418059023011684
7.602900462703757,3.0445224853424695,0.8754691540204799,5.664354046171584,4.392730371564323,-13.815510557964274,3.763523020311558,2.890371813451719,4.477336825841843,1.9125012346346602,4.465908130148836,-0.91628823187728,7.5351567198760305,16.364715465654022,1.0296197743239517,-0.5726992544360047,2.2300145076860862
7.601901960374667,3.0445224853424695,0.879627162440237,3.2288424003418994,4.392730371564323,-13.815510557964274,3.7305011527855707,2.9957323235539897,4.406719259459375,1.903599100014876,4.406719259459375,-1.2039694709981583,5.14616505864486,14.02158770311344,1.0986126220013874,-0.5923954691431731,2.174751835120518
7.601402335083484,5.351858138215403,0.9282196979962677,5.416375904694568,4.392730371564323,-13.815510557964274,3.7160081458330887,2.9957323235539897,4.356708839510104,1.9110230379838558,4.3438054348406965,-1.2039694709981583,7.357796144698071,16.294143066426624,1.0986126220013874,-0.6051344717370776,2.1400662811433224
7.608374474877062,5.648974241682333,1.5163899384369495,-13.815510557964274,4.189654757177941,5.393627550897816,3.148453403490109,3.688879479113936,4.127134401174124,1.782720095474845,4.127134401174124,-0.6931451805619453,6.31804455406312,14.071340442876457,2.681021597207439,-0.8818868897008028,2.174751835120518
7.607381426136563,5.648974241682333,-4.6050701909877585,1.6371833915986471,4.189654757177941,3.970291932420046,3.100092333923278,3.7135720910945516,4.143134742264548,1.7029284376707852,4.143134742264548,9.999994999180668e-07,3.9921147888205266,16.261036448459045,2.7278528937578645,-0.9013996563292506,2.1400662811433224
7.606884531716648,5.662960483608168,-4.6050701909877585,1.469010076661136,4.189654757177941,1.7917596358947079,3.077312306629362,3.7376696420928917,4.143134742264548,1.6845455704496455,4.127134401174124,0.09531108889482073,3.9579245367501317,16.238672026051475,2.7472709783580536,-0.9263385424783197,2.1400662811433224
7.605392365312695,5.693732142169703,-1.7147928725518031,3.212762642184781,4.189654757177941,5.393627550897816,0.8329095577176182,3.8066625119925415,4.127134401174124,1.3480734080399188,4.127134401174124,0.09531108889482073,6.079222541954954,14.257965687955332,2.821378945933021,-0.9781634760213112,2.0918641851351754
7.6048944813096275,3.49650759176951,-1.5606429863712443,2.9798621857483827,4.189654757177941,4.488636380968095,2.9856819882055388,3.8066625119925415,4.127134401174124,1.1662712486683557,4.127134401174124,0.09531108889482073,6.0809549264971565,14.095519769159818,2.8449094419589405,-0.9915505209605449,2.0668628860552465
7.603897969020386,5.758901777031855,-1.8325752137678413,2.34025987142116,4.392730371564323,1.3862946111198593,2.944439031798018,3.8066625119925415,4.127134401174124,1.1631511223056321,4.127134401174124,0.09531108889482073,5.692666995981861,16.106167593693016,2.901421649027803,-1.0328217391452879,1.9600949248923303
7.603399340239423,5.7899601739553574,-1.5606429863712443,0.09500739215058764,4.392730371564323,4.5951198602356,2.9177707861383317,3.8066625119925415,4.127134401174124,1.0367372395598884,4.127134401174124,0.09531108889482073,3.5092891340948213,16.085546115930676,2.9231616344825953,-1.061313613755179,1.88706980054752
7.602900462703757,5.811140995970712,-1.0788067201997846,2.9407539657314903,4.392730371564323,2.3025851929940404,2.8959119935203974,3.8066625119925415,4.174387285280252,1.1442231183914489,4.127134401174124,0.09531108889482073,5.956688896191258,13.763405355121922,2.944439031798018,-1.1239270197340565,1.686399138755397
7.607878073775032,5.641907074484213,-4.6050701909877585,3.913233001887084,4.465908130148836,9.999994999180668e-07,3.2425923905480163,1.7917596358947079,4.465908130148836,1.7209794660578683,4.465908130148836,0.09531108889482073,6.465562309566027,14.361168819811018,2.667228276026397,-0.8698819724280026,2.219203592750641
7.607381426136563,5.631211785405595,-4.6050701909877585,2.1042120073371398,4.465908130148836,-13.815510557964274,3.2188758648682,1.7917596358947079,4.465908130148836,1.8148249050254872,4.465908130148836,0.09531108889482073,4.120115422562671,14.335193836623102,2.6946272483376346,-0.8794743491157878,2.208274523412908
7.606884531716648,5.652489183777423,-4.6050701909877585,-0.052844638151899555,4.465908130148836,-13.815510557964274,3.1904763914987653,1.7917596358947079,4.465908130148836,1.7850706488624792,4.465908130148836,0.09531108889482073,4.215852271919174,14.309071399380251,2.721295493641702,-0.8770676148776093,2.208274523412908
7.6063873902699175,5.66642669157264,1.2725658759035532,3.7001574819002,4.454347307881415,-13.815510557964274,3.1654750903351774,1.945910291912446,4.442651268255022,1.6974489729069802,4.454347307881415,0.09531108889482073,6.54059684767327,14.283107543565608,2.740840088441328,-0.8915956802623679,2.1972246884473243
7.605392365312695,5.662960483608168,0.9360937513271206,3.8529032410206048,4.189654757177941,-13.815510557964274,3.113515353654818,1.945910291912446,4.356708839510104,1.9183922670042883,4.127134401174124,0.09531108889482073,6.299358685083494,14.232540534443,2.7972813958057605,-0.9137913579130913,2.1860513890976385
7.6043963492945945,3.465735934049726,1.0919236360877267,3.4362210607950416,4.392730371564323,9.999994999180668e-07,3.0587071196637354,1.945910291912446,4.330733353444225,1.8082889351136784,4.304065106717683,0.09531108889482073,6.177311085929741,14.184282635636553,2.8507065593072,-0.9314018316163581,2.174751835120518
7.603897969020386,3.5835189662338873,1.169381670115275,3.069621488496385,4.392730371564323,-13.815510557964274,0.9932521433805853,2.079441666679828,4.304065106717683,1.769854804197742,4.262679891125822,0.09531108889482073,6.037738550779868,14.160991380864127,2.8735646960769574,-0.9467473620425974,2.116255635284473
7.601901960374667,3.555348090060842,0.9042185554981036,3.2050859217022425,4.392730371564323,5.393627550897816,2.9177707861383317,2.079441666679828,4.127134401174124,1.7647309680729977,4.127134401174124,0.09531108889482073,5.772939454898796,14.072880061664671,2.970414516851751,-1.3167645671349584,1.9600949248923303
7.601402335083484,3.465735934049726,0.9360937513271206,-0.1407465272197787,4.392730371564323,4.836281914887986,2.8848007687126294,2.1972246884473243,4.127134401174124,1.686399138755397,4.127134401174124,0.09531108889482073,3.6759651725955007,14.052566481859069,0.6931476805598203,-1.3167645671349584,1.9021076756506405
7.600902460042082,1.0986126220013874,1.0438044042857286,1.9020209177211242,4.392730371564323,-13.815510557964274,2.856470263691746,2.1972246884473243,4.127134401174124,1.5973655336289605,4.127134401174124,0.09531108889482073,5.696260741547401,14.033222585222584,0.8754691540204799,-1.3167645671349584,1.856298146615614
7.608374474877062,5.3706380327788255,1.5163899384369495,-13.815510557964274,4.553876902126857,-13.815510557964274,3.8437441860881276,9.999994999180668e-07,4.521788587918605,1.782720095474845,4.553876902126857,-1.2039694709981583,8.327651210787911,13.552214059102598,2.3795462267227623,-0.4494154282404563,2.332143992322964
7.607878073775032,5.379897358148755,2.033397734068473,1.4210083826941662,4.584967488874653,-13.815510557964274,3.8264651388529916,9.999994999180668e-07,4.574710988812661,1.6582282670797048,4.584967488874653,-1.2039694709981583,3.7801636085251356,13.54552824974769,2.3795462267227623,-0.45255514331620694,2.332143992322964
7.605890001550634,5.39816270604264,2.017566270940463,3.8717965712349605,4.553876902126857,-13.815510557964274,3.7471483858228174,9.999994999180668e-07,4.553876902126857,1.88706980054752,4.553876902126857,-0.91628823187728,5.787759626091278,13.523225909893915,2.388762880978213,-0.48126520340277806,2.322387818329436
7.605392365312695,5.384495067376245,2.0135689310404676,6.14562102148988,4.584967488874653,-13.815510557964274,3.728100191305679,9.999994999180668e-07,4.574710988812661,1.9906104645852327,4.584967488874653,-1.2039694709981583,7.9070452891643015,13.522069266336157,2.397895363707457,-0.48126520340277806,2.3513753524015684
7.6048944813096275,5.384495067376245,1.9906104645852327,6.201174125935482,4.532599503905944,-13.815510557964274,1.5892354091981928,9.999994999180668e-07,4.532599503905944,2.009555548263918,4.532599503905944,-0.2231423013149909,7.854041594588115,13.52290170215698,2.397895363707457,-0.48126520340277806,2.3702438349258
7.6043963492945945,5.446737375976655,1.974081164910889,5.894045271999975,4.543294792908302,-13.815510557964274,1.4586152552576293,9.999994999180668e-07,4.543294792908302,1.864080285846429,4.543294792908302,0.09531108889482073,7.752585772636298,13.524983107930417,2.415913867586759,-0.47803418804107467,2.415913867586759
7.602900462703757,5.46806014535454,2.0592389619133287,0.5744661404432229,4.510859517505861,-13.815510557964274,3.6480574856353476,9.999994999180668e-07,4.510859517505861,1.745715705246703,4.510859517505861,0.09531108889482073,4.980784911549305,13.530028729866649,2.433613443119744,-0.48938871172588594,2.415913867586759
7.6024013361650695,5.46806014535454,2.0706531617501533,2.8021166471842385,4.189654757177941,-13.815510557964274,3.632309129080568,9.999994999180668e-07,4.510859517505861,1.7867470949086843,4.127134401174124,0.09531108889482073,6.894463147009417,13.530301425276214,2.433613443119744,-0.4926566831506699,2.4069451984083745
7.601402335083484,5.50938834067656,1.903599100014876,2.744046990300594,4.442651268255022,-13.815510557964274,3.594568802115222,9.999994999180668e-07,4.127134401174124,1.7613004335646376,4.442651268255022,0.09531108889482073,6.8304233198244235,13.530841275833165,2.4510051843192118,-0.5008736427491676,2.388762880978213
7.607878073775032,5.501258214626359,-4.6050701909877585,1.6298776774992114,4.189654757177941,-13.815510557964274,3.8877303333509046,2.944439031798018,4.127134401174124,2.0228713224665653,4.127134401174124,-0.6931451805619453,4.420222937480703,14.268155645701997,2.054123861900666,-0.7194891025135652,2.208274523412908
7.607381426136563,5.533389492680089,1.7369514087893825,1.607378457612082,4.219507719881989,-13.815510557964274,3.864931418858656,2.944439031798018,4.204692634316339,2.0918641851351754,4.219507719881989,-0.6931451805619453,4.397723713374188,14.17442618968682,2.054123861900666,-0.727736554938333,2.208274523412908
7.605890001550634,6.082218912659551,1.7509376483188959,3.5916226423504414,4.392730371564323,-13.815510557964274,3.7887248117080867,3.8066625119925415,4.189654757177941,2.1860513890976385,4.189654757177941,0.09531108889482073,6.495687701262218,16.118057350224955,2.079441666679828,-0.7550204566207219,2.151762319538525
7.605392365312695,5.525452943115847,1.7664418321839215,3.7208817617669494,4.392730371564323,-13.815510557964274,3.761200138949376,3.0445224853424695,4.174387285280252,1.899118137249142,4.174387285280252,0.09531108889482073,6.504733653636967,13.80068824827346,2.1041342762214192,-0.7635674989360469,2.1400662811433224
7.6043963492945945,5.583496312541097,1.8050048604517464,4.039159288636427,4.392730371564323,-13.815510557964274,1.5475627214819478,3.13549425940741,4.127134401174124,1.7155982881185898,4.143134742264548,0.09531108889482073,6.422954421071822,16.072772813657586,2.1282318248968797,-0.7808839114642222,2.1282318248968797
7.603897969020386,3.332204545889489,1.821318433281884,1.9452752884310898,4.392730371564323,-13.815510557964274,3.6788291435129596,3.13549425940741,4.127134401174124,1.7404663502790856,4.127134401174124,0.09531108889482073,4.015955199520205,13.76364552121689,2.151762319538525,-0.7874556622314041,2.116255635284473
7.603399340239423,3.367295864469232,1.7173952334723903,3.640451619845097,4.392730371564323,-13.815510557964274,3.6506582672677643,3.1780538720146114,4.127134401174124,1.4838749162160987,4.127134401174124,0.09531108889482073,6.142707883992274,13.739000934924743,2.174751835120518,-0.7940708867629727,2.1041342762214192
7.602900462703757,3.465735934049726,1.8082889351136784,4.165090875708503,4.392730371564323,-13.815510557964274,3.6243409596430314,3.1780538720146114,4.127134401174124,1.7245508977877086,4.127134401174124,0.09531108889482073,5.96085835330585,16.025890226409583,2.1972246884473243,-0.7985054739980185,2.0918641851351754
7.6024013361650695,1.0986126220013874,1.8931121140907408,3.7900106667396343,4.392730371564323,-13.815510557964274,3.5973122879857056,3.2188758648682,4.127134401174124,1.6714734913234603,4.127134401174124,0.09531108889482073,5.798434701693432,16.010126402180045,2.208274523412908,-0.8051944472346053,2.0918641851351754
7.601901960374667,3.49650759176951,1.8082889351136784,3.917718420317797,4.392730371564323,-13.815510557964274,3.572345665947872,3.2580965764830196,4.127134401174124,1.6992787992492295,4.127134401174124,0.09531108889482073,5.974224973431853,15.99420144256632,2.2300145076860862,-0.8119284643001964,2.079441666679828
7.601402335083484,3.555348090060842,1.8277700675227793,4.107230508649201,4.392730371564323,5.068904208509539,3.5496174155160602,3.2958369030413657,4.127134401174124,1.7281096197714767,4.127134401174124,0.09531108889482073,6.025233690401394,15.97797885062864,2.240709795658931,-0.8141832516032061,2.0668628860552465
7.608374474877062,4.990432593581457,1.5163899384369495,-13.815510557964274,4.574710988812661,-13.815510557964274,3.9318256523321686,1.3862946111198593,4.574710988812661,1.782720095474845,4.574710988812661,-1.2039694709981583,7.751973499714799,13.706620487417295,1.4350847633845325,-0.4732071550595355,2.415913867586759
7.607878073775032,5.003946312656868,1.0543123782035249,5.8446384137609755,4.574710988812661,-13.815510557964274,1.6486588178950556,1.3862946111198593,4.574710988812661,2.165619352599781,4.574710988812661,-1.2039694709981583,7.715441088018969,13.698095454613624,1.4350847633845325,-0.48126520340277806,2.4336134431197443
7.607381426136563,2.7080502677688743,1.1346230477344994,5.742218650332728,4.574710988812661,-13.815510557964274,3.89792410133262,1.3862946111198593,4.574710988812661,2.213753988577041,4.574710988812661,-0.91628823187728,7.667052471062515,15.973969474151014,1.4586152552576295,-0.4877587221718257,2.4510051843192118
7.606884531716648,5.017279843437441,1.1346230477344994,5.8959778065677275,4.574710988812661,-13.815510557964274,3.8794998343837426,1.3862946111198593,4.574710988812661,2.2803395862962095,4.574710988812661,-0.91628823187728,7.686338252659408,13.659612018187214,1.4586152552576295,-0.4877587221718257,2.4510051843192118
7.605890001550634,5.049856013659793,1.1314024340716937,5.7107771272712995,4.574710988812661,-13.815510557964274,3.8458832242911223,1.6094381124340804,4.574710988812661,2.1341665597122708,4.574710988812661,-0.91628823187728,7.566755166122648,15.919007680104423,1.5040776189984717,-0.5008736427491676,2.4423471223257223
7.6048944813096275,5.068904208509539,1.1442231183914489,5.446354938634326,4.521788587918605,-13.815510557964274,3.8088822686815815,1.6094381124340804,4.532599503905944,2.1282318248968797,4.532599503905944,-0.5108239571007129,7.468282570229311,15.878906301619496,1.52605652088633,-0.5158364905490618,2.4069451984083745
7.6043963492945945,2.772588784739779,1.150572344054467,5.404847704297109,4.532599503905944,-13.815510557964274,3.790984699624453,1.7917596358947079,4.543294792908302,2.0655962616004873,4.543294792908302,-0.35667351536832426,7.373105713263672,13.564445812796945,1.5475627214819476,-0.527631047168554,2.388762880978213
7.603897969020386,5.081404371195643,1.1724824468320405,5.262326308718882,4.543294792908302,-13.815510557964274,3.7727609610831436,1.7917596358947079,4.543294792908302,2.032087976357956,4.553876902126857,-0.2231423013149909,7.270750358919408,13.53334126219904,1.568616126247157,-0.5395663773672496,2.3795462267227623
7.603399340239423,5.093750206941731,1.1724824468320405,5.31671454195336,4.574710988812661,-13.815510557964274,3.7565381259522366,1.7917596358947079,4.584967488874653,2.0554050918925593,4.584967488874653,-0.10535940454733242,7.1791110865567855,13.510808463179083,1.5892354091981928,-0.5499112793732863,2.3608540954576394
7.602900462703757,5.1059454799611865,1.1052571625125513,5.23777045127487,4.532599503905944,-13.815510557964274,3.7376696420928917,1.945910291912446,4.543294792908302,2.0655962616004873,4.543294792908302,0.09531108889482073,7.104684589456672,13.492757975009898,1.6292407358086922,-0.5603643180141753,2.3418059023011684
7.601901960374667,5.129898720840234,1.1281714145341972,5.042544839911683,4.543294792908302,-13.815510557964274,1.481604768196917,1.945910291912446,4.553876902126857,1.9851309995712225,4.553876902126857,0.09531108889482073,7.032511369395615,15.741678097922426,1.6677070092373039,-0.5780325909298349,2.3125355228571096
7.601402335083484,5.141663562350613,1.0079582853634161,2.731880903492891,4.553876902126857,-13.815510557964274,3.6788291435129596,2.079441666679828,4.5951198602356,1.928618797294079,4.564348201884503,0.09531108889482073,4.731402765714216,13.414078804934242,1.686399138755397,-0.5851882437243281,2.29253485815064
7.600902460042082,5.159055304961655,0.9593506044762911,3.3606639559185925,4.532599503905944,-13.815510557964274,3.6584202724024233,2.079441666679828,4.477336825841843,1.8916049550273224,4.543294792908302,0.09531108889482073,5.240599086600539,15.691041620077907,1.7047482740565905,-0.5960186549488367,2.2823824877173373
7.608374474877062,4.897839807413598,1.5163899384369495,-13.815510557964274,4.392730371564323,-13.815510557964274,4.171305618790328,-13.815510557964274,4.5951198602356,1.782720095474845,4.5951198602356,-2.3025750930440454,9.422675829784803,13.799714453825526,1.1631511223056321,-0.18152067758334176,2.7472709783580536
7.607878073775032,4.919980933127395,-4.6050701909877585,5.0810622890918715,4.392730371564323,-13.815510557964274,4.1620032262722395,-13.815510557964274,4.5951198602356,2.00148013534525,4.5951198602356,-2.3025750930440454,9.555204206232846,16.10465249528843,1.1939227715026917,-0.18152067758334176,2.760010003324058
7.607381426136563,4.934473940324937,2.386926333339557,5.044683734849875,4.392730371564323,9.999994999180668e-07,4.152613486069347,9.999994999180668e-07,4.5951198602356,2.018895174613918,4.5951198602356,-2.3025750930440454,9.51882565193265,13.804835784767116,1.2237757257397195,-0.19358353548116877,2.7343675743546463
7.606884531716648,4.983606628557651,2.386926333339557,5.10156828189747,4.392730371564323,0.6931476805598203,4.143134742264548,9.999994999180668e-07,4.5951198602356,2.0464018168005937,4.5951198602356,-2.3025750930440454,9.459878383774319,13.807843239055982,1.2237757257397195,-0.19479786323897677,2.7343675743546463
7.6063873902699175,2.7080502677688743,2.386926333339557,2.880389872561826,4.392730371564323,1.6094381124340804,4.133565291401023,9.999994999180668e-07,4.5951198602356,2.0592389619133287,4.5951198602356,-2.3025750930440454,7.278545833967348,16.115264346596305,1.2237757257397195,-0.19723095150365405,2.7343675743546463
7.6024013361650695,5.214935763043768,2.386926333339557,6.93752791467036,4.392730371564323,-13.815510557964274,4.053522585062956,9.999994999180668e-07,4.5951198602356,2.130609947019074,4.5951198602356,-2.3025750930440454,9.03554084139565,13.937331651901303,1.4350847633845325,-0.24334498312233852,2.7013612800655054
7.601402335083484,5.22035583048373,2.386926333339557,2.0282921074702296,4.392730371564323,2.9957323235539897,4.036009002876981,9.999994999180668e-07,4.5951198602356,1.9615023844621158,4.5951198602356,-2.3025750930440454,6.268819050204848,13.987424812843862,1.481604768196917,-0.2626630090872215,2.6532420350297476
7.607878073775032,3.8918203185187896,2.008214166619647,7.151389511025543,4.392730371564323,-13.815510557964274,1.88706980054752,-13.815510557964274,4.127134401174124,2.1815468774838003,4.127134401174124,-2.3025750930440454,9.733547763562223,12.6988951818595,0.6418544124880456,-0.08883012081103801,2.944439031798018
7.607381426136563,1.6094381124340804,1.9892434105605834,6.639279669358422,4.392730371564323,-13.815510557964274,1.8245494533413555,-13.815510557964274,4.510859517505861,2.1690538146552307,4.510859517505861,-2.3025750930440454,8.472486327427985,12.687770134307254,0.6418544124880456,-0.09761172633177577,2.944439031798018
7.605392365312695,4.007333203414289,2.3243466826229118,6.533174749419582,4.392730371564323,-13.815510557964274,4.069026771331828,-13.815510557964274,4.564348201884503,2.2104699137353565,4.564348201884503,-2.3025750930440454,8.403328284832298,12.671374614275141,0.5877872204575202,-0.11204838524101579,2.9123507189627644
7.6043963492945945,4.077537460854872,2.018895174613918,7.151389511025543,4.392730371564323,-13.815510557964274,4.05698879297937,-13.815510557964274,4.574710988812661,2.1690538146552307,4.574710988812661,-2.3025750930440454,9.733547763562223,12.64936647277951,0.5877872204575202,-0.11990916927747713,2.901421649027803
7.608374474877062,4.418840619844791,1.5163899384369495,-13.815510557964274,4.584967488874653,5.393627550897816,4.089332037148975,3.0445224853424695,4.584967488874653,1.782720095474845,4.584967488874653,-2.3025750930440454,8.897930140949667,16.337608563285418,2.839078521988145,-0.2561821134035804,2.6946272483376346
7.607878073775032,4.418840619844791,-4.6050701909877585,-13.815510557964274,4.5951198602356,4.5951198602356,4.069026771331828,3.09104249881286,4.5951198602356,1.9300712301634377,4.5951198602356,-2.3025750930440454,8.897930140949667,16.337608563285418,2.815408779302947,-0.26136346543395206,2.7013612800655054
7.607381426136563,4.418840619844791,-4.6050701909877585,-13.815510557964274,4.5951198602356,5.2417470203506475,4.0465539158682695,3.13549425940741,4.584967488874653,1.8702626847991917,4.584967488874653,-2.3025750930440454,8.897930140949667,16.337608563285418,2.8033604415125937,-0.2626630090872215,2.7080502677688743
7.606884531716648,4.442651268255022,-4.6050701909877585,-13.815510557964274,4.584967488874653,5.393627550897816,4.025351708592292,3.1780538720146114,4.5951198602356,1.9430490600407466,4.5951198602356,-2.3025750930440454,8.897930140949667,16.337608563285418,2.7850113039667317,-0.2810362052306782,2.6100698662714152
7.6063873902699175,4.532599503905944,-3.5065245645421914,-13.815510557964274,4.5951198602356,4.290459454847021,4.0036902122021445,3.2188758648682,4.5951198602356,1.9629078658733128,4.5951198602356,-2.3025750930440454,8.897930140949667,16.337608563285418,2.772588784739779,-0.2943697183215992,2.5726123065429807
7.605890001550634,2.772588784739779,-3.5065245645421914,-13.815510557964274,4.5951198602356,5.393627550897816,3.9815490867334726,3.2580965764830196,4.5951198602356,2.1041342762214192,4.5951198602356,-2.3025750930440454,8.897930140949667,16.337608563285418,2.760010003324058,-0.3078834192260082,2.557227388887003
7.605392365312695,4.804021052929977,-3.5065245645421914,-13.815510557964274,4.5951198602356,5.393627550897816,3.9608131886451967,3.2958369030413657,4.5951198602356,2.032087976357956,4.5951198602356,-2.3025750930440454,8.897930140949667,16.337608563285418,2.7472709783580536,-0.31745285716002086,2.5494452490505686
7.6048944813096275,4.905274785845837,-3.9119730066781044,-13.815510557964274,4.5951198602356,4.844187094332607,3.939638191916372,3.332204545889489,4.5951198602356,1.8373701397157636,4.5951198602356,-2.3025750930440454,8.897930140949667,16.337608563285418,2.7343675743546463,-0.33407371537442204,2.49320553524732
7.6043963492945945,4.927253692403581,-3.9119730066781044,-13.815510557964274,4.574710988812661,4.890349135740551,1.686399138755397,3.367295864469232,4.584967488874653,1.7647309680729977,4.5951198602356,-2.3025750930440454,8.897930140949667,16.337608563285418,2.7278528937578645,-0.3509755023705581,2.468099616217378
7.603897969020386,4.934473940324937,-3.9119730066781044,-13.815510557964274,4.584967488874653,5.393627550897816,3.8999504444367914,3.401197414995488,4.5951198602356,1.7833913876247511,4.584967488874653,-2.3025750930440454,8.897930140949667,16.337608563285418,2.714694810046042,-0.3681678782788064,2.4336134431197443
7.603399340239423,4.934473940324937,-4.6050701909877585,-13.815510557964274,4.543294792908302,1.945910291912446,3.881563818561994,3.465735934049726,4.553876902126857,1.88706980054752,4.553876902126857,-2.3025750930440454,8.897930140949667,16.337608563285418,2.714694810046042,-0.3754195311567713,2.4336134431197443
7.602900462703757,4.934473940324937,-4.6050701909877585,-13.815510557964274,4.553876902126857,1.0986126220013874,3.8628327822457775,3.49650759176951,4.584967488874653,1.7732561674427678,4.5951198602356,-2.3025750930440454,8.897930140949667,16.337608563285418,2.714694810046042,-0.37687619353136664,2.468099616217378
7.607381426136563,2.833213402879744,-4.6050701909877585,6.103384877532583,4.189654757177941,5.393627550897816,4.05698879297937,3.6635616717706716,4.127134401174124,1.778336617814819,4.219507719881989,-2.3025750930440454,8.842925743671039,17.158115227083496,2.3418059023011684,-0.41703022703009823,2.332143992322964
7.606884531716648,4.990432593581457,-4.6050701909877585,6.0630000384290765,4.189654757177941,2.7080502677688743,4.0465539158682695,3.6635616717706716,4.127134401174124,1.6601312168636688,4.2341065190900125,-2.3025750930440454,8.802540904520077,17.158115227083496,2.3418059023011684,-0.4215929656489659,2.3513753524015684
7.6063873902699175,4.969813306520445,-1.771950959596235,5.652909186790404,4.3438054348406965,2.7080502677688743,4.0342406558515105,3.6635616717706716,4.127134401174124,1.199965084133171,4.369447865125249,-2.3025750930440454,8.674985432361181,14.970110223224244,2.3418059023011684,-0.43232102144718476,2.3418059023011684
7.605890001550634,4.976733749317126,-1.6607259436776065,3.0829427363080684,4.2766661329049445,5.393627550897816,4.021773887308412,3.6635616717706716,4.304065106717683,1.3402506843985542,4.304065106717683,-2.3025750930440454,6.11533895043487,12.838064907443828,2.3418059023011684,-0.43695422721311716,2.3418059023011684
7.6043963492945945,5.424950021886689,-1.9661057135412,4.988803027114238,4.189654757177941,5.393627550897816,3.985273485755099,3.6375861860421748,4.304065106717683,1.3056267290551091,4.127134401174124,-2.3025750930440454,8.048540624434711,14.859114942318124,2.3513753524015684,-0.45255514331620694,2.322387818329436
7.603897969020386,5.517452900480772,-3.5065245645421914,4.32092219339531,4.189654757177941,5.393627550897816,3.974058415144591,3.6375861860421748,4.143134742264548,1.0986126220013874,4.127134401174124,-2.3025750930440454,7.762941556688725,17.136867589255086,2.3513753524015684,-0.46044783165612574,2.322387818329436
7.6024013361650695,5.361292170404261,-2.659245751320532,-13.815510557964274,4.189654757177941,-13.815510557964274,3.937690771669901,3.610917939671251,4.290459454847021,1.472472286718715,4.317488126869644,-2.3025750930440454,8.897930140949667,17.059181468221148,2.3702438349258,-0.48450669207331154,2.240709795658931
7.601901960374667,2.6390574010438272,-1.8971133182414368,-13.815510557964274,4.189654757177941,-13.815510557964274,1.722766776312516,3.610917939671251,4.330733353444225,1.782720095474845,4.3438054348406965,-2.3025750930440454,8.897930140949667,17.031955390363283,2.3795462267227623,-0.4877587221718257,2.208274523412908
7.608374474877062,4.1588830989846715,1.5163899384369495,-13.815510557964274,4.553876902126857,1.3862946111198593,4.13995508939772,-13.815510557964274,4.553876902126857,1.782720095474845,4.553876902126857,-2.3025750930440454,8.804496792406729,15.358132157060902,-0.6931451805619453,-0.08338052198311999,2.9231616344825953
7.607878073775032,4.189654757177941,2.3749058475969234,6.615217498370919,4.553876902126857,3.49650759176951,4.128746005042492,-13.815510557964274,4.564348201884503,2.0515564667249966,4.564348201884503,-2.3025750930440454,8.622152348120334,15.345304433245401,-0.6931451805619453,-0.09430958057074615,2.9231616344825953
7.607381426136563,4.204692634316339,2.3504225177370857,6.556142833517666,4.553876902126857,3.9318256523321686,4.11577985925538,-13.815510557964274,4.564348201884503,2.0918641851351754,4.564348201884503,-2.3025750930440454,8.563077683157685,15.341195923105198,-0.6931451805619453,-0.10313965027267777,2.9231616344825953
7.6063873902699175,1.945910291912446,2.386926333339557,7.151389511025543,4.553876902126857,5.393627550897816,4.089332037148975,-13.815510557964274,4.553876902126857,2.09801804995215,4.553876902126857,-2.3025750930440454,9.733547763562223,15.336509310976194,-0.6931451805619453,-0.09540908469525228,2.9177707861383317
7.605890001550634,4.219507719881989,2.386926333339557,7.151389511025543,4.189654757177941,5.393627550897816,4.07584110763547,-13.815510557964274,4.543294792908302,2.1701960191035448,4.543294792908302,-2.3025750930440454,9.733547763562223,13.030587943022326,-0.6931451805619453,-0.09761172633177577,2.901421649027803
7.605392365312695,4.3438054348406965,2.386926333339557,7.151389511025543,4.392730371564323,5.099866433921759,4.063885371919523,-13.815510557964274,4.543294792908302,2.2544448225978995,4.543294792908302,-2.3025750930440454,9.733547763562223,15.32741832830038,-0.6931451805619453,-0.09540908469525228,2.8848007687126294
7.6048944813096275,4.317488126869644,2.386926333339557,7.151389511025543,4.392730371564323,4.04305128537841,4.050044320747124,-13.815510557964274,4.532599503905944,2.156402698556698,4.532599503905944,-2.3025750930440454,9.733547763562223,15.317261695541148,-0.6931451805619453,-0.09650979905986425,2.8848007687126294
7.603897969020386,4.356708839510104,2.386926333339557,7.151389511025543,4.392730371564323,4.465908130148836,4.021773887308412,-13.815510557964274,4.510859517505861,1.9768550914088803,4.510859517505861,-2.3025750930440454,9.733547763562223,15.267965015383023,-0.6931451805619453,-0.10981374993640076,2.8678989588622863
7.603399340239423,4.356708839510104,2.386926333339557,6.881084077625341,4.392730371564323,4.553876902126857,4.009149734307689,-13.815510557964274,4.127134401174124,1.9837564290970005,4.127134401174124,-2.3025750930440454,8.68047257316689,15.241004958947073,-0.6931451805619453,-0.1176569186094725,2.862200938072324
7.6024013361650695,4.406719259459375,2.386926333339557,6.5150288979108515,4.392730371564323,5.393627550897816,3.9815490867334726,-13.815510557964274,4.454347307881415,2.014903153875589,4.454347307881415,-2.3025750930440454,8.322917747801043,15.200934790632429,-0.6931451805619453,-0.13926091790888084,2.821378945933021
7.601901960374667,4.477336825841843,2.386926333339557,7.151389511025543,4.392730371564323,5.393627550897816,3.968403357767845,-13.815510557964274,4.418840619844791,1.9242487982595247,4.418840619844791,-2.3025750930440454,9.733547763562223,15.18464528101313,-0.5108239571007129,-0.1484988482263094,2.8033604415125937
7.601402335083484,4.488636380968095,2.386926333339557,7.151389511025543,4.392730371564323,5.393627550897816,3.955082514045681,-13.815510557964274,4.430816810748075,1.88706980054752,4.430816810748075,-2.3025750930440454,9.733547763562223,15.167793792440108,-0.5108239571007129,-0.1543161935238945,2.7972813958057605
7.600902460042082,4.543294792908302,2.386926333339557,7.151389511025543,4.392730371564323,-13.815510557964274,3.941581827087166,-13.815510557964274,4.454347307881415,1.840549792127633,4.454347307881415,-2.3025750930440454,9.733547763562223,12.861450459226706,-0.5108239571007129,-0.16487346394564625,2.7850113039667317
7.608374474877062,4.025351708592292,1.5163899384369495,-13.815510557964274,4.532599503905944,5.068904208509539,4.152613486069347,0.6931476805598203,4.532599503905944,1.782720095474845,4.532599503905944,-2.3025750930440454,5.855494615090157,13.420365019464436,0.18232239012694063,-0.12669651797282191,2.791165169162408
7.607878073775032,4.04305128537841,2.0228713224665653,7.151389511025543,4.553876902126857,-13.815510557964274,4.144720785395028,0.6931476805598203,4.553876902126857,2.224623659632436,4.553876902126857,-2.3025750930440454,9.733547763562223,13.428249741672344,0.18232239012694063,-0.13124714635974888,2.791165169162408
7.606884531716648,1.7917596358947079,2.0135689310404676,7.151389511025543,4.564348201884503,5.393627550897816,4.128746005042492,0.6931476805598203,4.564348201884503,2.227861654556724,4.574710988812661,-2.3025750930440454,9.733547763562223,17.158115227083496,0.09531108889482073,-0.13124714635974888,2.8094027556034598
7.605890001550634,1.7917596358947079,1.9387418034615826,7.151389511025543,4.564348201884503,5.393627550897816,4.1108738805667535,0.6931476805598203,4.564348201884503,2.2428351947453784,4.564348201884503,-2.3025750930440454,9.733547763562223,17.158115227083496,9.999994999180668e-07,-0.1404110029694209,2.7972813958057605
7.605392365312695,4.1108738805667535,1.9810016067976084,7.151389511025543,4.564348201884503,5.393627550897816,1.8718023307477334,0.6931476805598203,4.564348201884503,2.2417730598672083,4.564348201884503,-2.3025750930440454,9.733547763562223,15.606497228660617,9.999994999180668e-07,-0.14156241224871777,2.791165169162408
7.6043963492945945,4.143134742264548,2.1246540039756896,7.151389511025543,4.574710988812661,5.393627550897816,4.084294243203616,0.6931476805598203,4.574710988812661,2.137710567728333,4.574710988812661,-2.3025750930440454,9.733547763562223,15.58089713288581,9.999994999180668e-07,-0.1484988482263094,2.778819334102217
7.603897969020386,4.174387285280252,2.132982427091271,6.159500266560029,4.564348201884503,5.393627550897816,4.074141871911384,0.6931476805598203,4.574710988812661,2.177021983397378,4.564348201884503,-2.3025750930440454,8.114249362510748,17.158115227083496,9.999994999180668e-07,-0.15548373461677825,2.772588784739779
7.603399340239423,4.189654757177941,2.157559436550718,7.151389511025543,4.564348201884503,4.905274785845837,4.063885371919523,0.6931476805598203,4.574710988812661,2.1644719056749673,4.553876902126857,-2.3025750930440454,9.733547763562223,17.158115227083496,9.999994999180668e-07,-0.16134197532132172,2.760010003324058
7.602900462703757,4.189654757177941,2.1949999936726767,7.151389511025543,4.564348201884503,5.393627550897816,4.053522585062956,1.0986126220013874,4.574710988812661,2.138889118108879,4.543294792908302,-2.3025750930440454,9.733547763562223,17.158115227083496,9.999994999180668e-07,-0.16723473734351543,2.7472709783580536
7.601402335083484,4.317488126869644,2.271094529101844,1.1385478744441866,4.553876902126857,-13.815510557964274,4.01998016488656,1.0986126220013874,4.564348201884503,2.093097991431876,4.532599503905944,-2.3025750930440454,3.2116095291678666,13.25293715058299,9.999994999180668e-07,-0.18874091686813807,2.7013612800655054
7.608374474877062,4.828313745302301,1.5163899384369495,-13.815510557964274,4.510859517505861,-13.815510557964274,3.992680926895785,9.999994999180668e-07,4.510859517505861,1.782720095474845,4.510859517505861,-0.6931451805619453,8.510367923778471,14.870496228385152,1.252763254209613,-0.31608017523230725,2.5494452490505686
7.6063873902699175,4.934473940324937,1.2753630797421789,3.5018055586255916,4.521788587918605,9.999994999180668e-07,3.9357395515767117,9.999994999180668e-07,4.532599503905944,1.6505800477038368,4.521788587918605,-0.5108239571007129,6.241346398629523,14.855608101626684,1.252763254209613,-0.32572875504871873,2.5494452490505686
7.6043963492945945,4.997212280520872,1.2919839563738864,3.2435096408032535,4.521788587918605,-13.815510557964274,3.873282197901736,9.999994999180668e-07,4.543294792908302,1.5830941424332865,4.521788587918605,-0.10535940454733242,6.13668528917535,14.836329579292435,1.2809341232398035,-0.3368709160833094,2.525728724308252
7.603399340239423,5.081404371195643,1.2781524810516807,2.8317485788701076,4.5951198602356,-13.815510557964274,3.8351419826904602,9.999994999180668e-07,4.5951198602356,1.5475627214819478,4.5951198602356,0.09531108889482073,6.1784577186476985,14.825172500147044,1.2809341232398035,-0.3481386250593032,2.5176965532561493
7.602900462703757,5.1059454799611865,1.3001919345460058,5.2591743341775254,4.584967488874653,-13.815510557964274,3.8155121270737338,9.999994999180668e-07,4.574710988812661,1.568616126247157,4.584967488874653,0.09531108889482073,8.221471826542915,14.819364081438108,1.3083330899204126,-0.3725125565907219,2.4069451984083745
7.6024013361650695,5.1119877943806395,1.2470325811426635,5.047214500386287,4.189654757177941,-13.815510557964274,3.7954892116441044,9.999994999180668e-07,4.5951198602356,1.5173228428245162,4.564348201884503,0.09531108889482073,8.150531978547143,14.813385332122538,1.3083330899204126,-0.3652818775541805,2.4765384841510936
7.601901960374667,5.117993818404779,1.3244192233592145,5.352399848333449,4.392730371564323,-13.815510557964274,3.7727609610831436,9.999994999180668e-07,4.5951198602356,1.5810386436736983,4.5951198602356,0.09531108889482073,8.18771539580208,14.807074240284578,1.3350013298902002,-0.3710622321165199,2.459588927273792
7.600902460042082,5.141663562350613,1.241268878086932,3.211957127383215,4.392730371564323,-13.815510557964274,3.728100191305679,9.999994999180668e-07,4.553876902126857,1.7595807429808445,4.532599503905944,0.09531108889482073,5.819709569860819,14.792657037884691,1.3609768095458243,-0.38272415486409,2.4336134431197443
7.608374474877062,4.718498880223666,1.5163899384369495,-13.815510557964274,4.5951198602356,-13.815510557964274,4.183575711193946,1.3862946111198593,4.5951198602356,1.782720095474845,4.5951198602356,-2.3025750930440454,6.208575440477181,13.727697405093885,2.079441666679828,-0.2997533041592954,2.5726123065429807
7.607381426136563,4.7361984571664255,-0.91628823187728,6.303760295985977,4.584967488874653,4.787491751115379,4.1588830989846715,1.3862946111198593,4.584967488874653,1.9782391744832504,4.584967488874653,-2.3025750930440454,8.29226484104535,15.94534383775202,2.054123861900666,-0.30516602994161784,2.5726123065429807
7.606884531716648,4.744932137058902,-0.8915956802623679,4.2151114623165,4.584967488874653,1.0986126220013874,4.146304316975597,1.3862946111198593,4.584967488874653,2.079441666679828,4.584967488874653,-2.3025750930440454,5.960369085710282,15.894023293437263,2.054123861900666,-0.3078834192260082,2.557227388887003
7.6063873902699175,4.753590199727054,-0.8439677447158378,4.2321659850354445,4.584967488874653,-13.815510557964274,4.133565291401023,1.3862946111198593,4.584967488874653,2.127040639668619,4.584967488874653,-2.3025750930440454,5.959261929013211,15.840356384579053,2.0412204587297595,-0.30516602994161784,2.5726123065429807
7.605890001550634,4.762173943344765,-0.6733425924813742,6.573639537923007,4.584967488874653,-13.815510557964274,4.122283947118797,1.3862946111198593,4.584967488874653,2.130609947019074,4.584967488874653,-2.3025750930440454,8.210448645958499,13.484557661723912,2.028148378871224,-0.30245600485487784,2.580216905349898
7.605392365312695,4.770684632940241,-0.527631047168554,6.505402424384825,4.584967488874653,-13.815510557964274,1.9315215565307395,1.3862946111198593,4.584967488874653,2.2554935902819926,4.584967488874653,-2.3025750930440454,8.15826989353728,15.735533652796459,2.028148378871224,-0.29840468810676984,2.6100698662714152
7.6048944813096275,4.77912350151489,-0.49429468247186154,6.2827874363604455,4.574710988812661,0.6931476805598203,1.8082889351136784,1.3862946111198593,4.584967488874653,2.1724765215422353,4.574710988812661,-2.3025750930440454,8.127314969488944,15.685745661493828,2.028148378871224,-0.30245600485487784,2.6100698662714152
7.6043963492945945,2.48490673312133,-0.5108239571007129,5.922282904144102,4.584967488874653,3.7135720910945516,4.082609322867086,1.3862946111198593,4.584967488874653,2.122261658623236,4.584967488874653,-2.3025750930440454,7.924022935719715,15.638961020717181,2.028148378871224,-0.30652380155853165,2.6100698662714152
7.603897969020386,4.795790553861204,-0.527631047168554,5.747360994467331,4.584967488874653,9.999994999180668e-07,4.070734713647814,1.3862946111198593,4.584967488874653,2.174751835120518,4.584967488874653,-2.3025750930440454,7.838875114584358,15.59624817579952,2.0412204587297595,-0.3106082128399359,2.6173959058267773
7.603399340239423,4.844187094332607,-0.597835182575455,3.31209377603327,4.553876902126857,3.332204545889489,4.05698879297937,1.3862946111198593,4.553876902126857,2.183801669616685,4.553876902126857,-2.3025750930440454,5.4109219996138975,15.558449287555648,2.0412204587297595,-0.3147093749776248,2.6246686646269244
7.602900462703757,4.828313745302301,-0.6161842875736797,3.4820163147640004,4.553876902126857,3.0445224853424695,4.04305128537841,1.3862946111198593,4.553876902126857,2.2512919038696473,4.553876902126857,-2.3025750930440454,5.56626938654502,15.526709616089232,2.0412204587297595,-0.3243446736984644,2.602689759518455
7.6024013361650695,4.844187094332607,-0.6161842875736797,5.43277750438018,4.574710988812661,4.330733353444225,4.030694552907634,1.3862946111198593,4.574710988812661,2.213753988577041,4.574710988812661,-2.3025750930440454,7.543916128953785,15.501311925608373,2.054123861900666,-0.3326780436833498,2.580216905349898
7.601901960374667,4.85981241211361,-0.6161842875736797,5.55743497594542,4.553876902126857,2.944439031798018,4.016383038770407,1.3862946111198593,4.553876902126857,2.270062004594265,4.553876902126857,-2.3025750930440454,7.5023456212913215,15.480853832830737,2.054123861900666,-0.33967596307676556,2.5649494343846104
7.601402335083484,4.875197330834739,-0.597835182575455,5.516237153732842,4.574710988812661,4.1108738805667535,4.0036902122021445,1.3862946111198593,4.574710988812661,2.29253485815064,4.5951198602356,-2.3025750930440454,7.454873815419531,15.462914935773389,2.0668628860552465,-0.3481386250593032,2.5416020722046997
7.608374474877062,5.28826703574504,1.5163899384369495,-13.815510557964274,4.584967488874653,5.393627550897816,3.9721769470802846,1.6094381124340804,4.584967488874653,1.782720095474845,4.584967488874653,-2.3025750930440454,5.075059439943223,16.680229750996673,1.5892354091981928,-0.23193079631403615,2.7080502677688743
7.607878073775032,3.09104249881286,1.8389612296948485,3.1964149817167167,4.553876902126857,5.393627550897816,3.956996390191336,1.6094381124340804,4.553876902126857,1.472472286718715,4.553876902126857,-2.3025750930440454,7.159731241401077,16.665593975217973,1.5892354091981928,-0.23698769070994297,2.7080502677688743
7.607381426136563,3.332204545889489,1.868720664685159,3.2736392336384483,4.5951198602356,4.290459454847021,3.939638191916372,1.7917596358947079,4.584967488874653,1.4586152552576293,4.584967488874653,-2.3025750930440454,7.236955496305279,14.36667646024457,1.5892354091981928,-0.24589925966526502,2.7080502677688743
7.606884531716648,5.365976019694749,1.919859618482926,5.461101843085076,4.553876902126857,4.007333203414289,1.722766776312516,1.945910291912446,4.584967488874653,1.4632556337374738,4.5951198602356,-2.3025750930440454,9.42441813864765,16.63637889739995,1.5892354091981928,-0.2561821134035804,2.687847561811899
7.605890001550634,5.463831809262898,1.9213248199955724,2.4115854782818644,4.5951198602356,1.3862946111198593,3.8958936438234657,2.079441666679828,4.584967488874653,1.4861399223339251,4.5951198602356,-2.3025750930440454,4.5813893808249535,16.607998777808216,1.568616126247157,-0.2704959370825493,2.6741487183920434
7.6043963492945945,5.662960483608168,2.006870983253594,6.214068779015622,4.543294792908302,2.5649494343846104,3.856510316639536,2.1972246884473243,4.543294792908302,1.160021230276328,4.532599503905944,-2.3025750930440454,8.820465324575153,16.55533019049953,1.5892354091981928,-0.28236158471511347,2.687847561811899
7.601901960374667,5.6204008693403384,1.7900915790722522,4.9774386925055545,4.553876902126857,2.890371813451719,3.8022081617423678,2.1972246884473243,4.553876902126857,1.2837080493530615,4.553876902126857,-2.3025750930440454,7.413555171490869,16.514112800669874,1.6486588178950556,-0.35667351536832426,2.5416020722046997
7.601402335083484,5.648974241682333,1.7492000287222875,2.5343982155368714,4.553876902126857,4.543294792908302,3.7932394919607013,2.3025851929940404,4.553876902126857,1.2441548821431645,4.553876902126857,-2.3025750930440454,5.010146854829216,16.514071545215927,1.6677070092373039,-0.37833498086696266,2.5095993436791817
7.600902460042082,5.67675380569294,1.7917596358947079,4.723319003626977,4.5951198602356,5.393627550897816,3.7819143428601687,2.3025851929940404,4.564348201884503,1.4255153146577584,4.574710988812661,-2.3025750930440454,7.114735302255037,16.515772240479155,1.686399138755397,-0.3915607236503262,2.49320553524732
7.608374474877062,5.517452900480772,1.5163899384369495,-13.815510557964274,4.488636380968095,4.553876902126857,3.09104249881286,3.8066625119925415,4.418840619844791,1.782720095474845,4.488636380968095,0.09531108889482073,7.207838716393894,17.158115227083496,2.7343675743546463,-0.597835182575455,2.4069451984083745
7.607878073775032,5.541263549079995,-4.6050701909877585,5.141445189972366,4.521788587918605,5.393627550897816,3.0587071196637354,3.8066625119925415,4.532599503905944,1.743968980216866,4.521788587918605,0.09531108889482073,7.197170199934357,13.044239660624912,2.740840088441328,-0.6051344717370776,2.4069451984083745
7.607381426136563,5.552959588797586,0.6097661150990075,5.11156901815442,4.532599503905944,5.247024077423644,0.9932521433805853,3.8066625119925415,4.543294792908302,1.7173952334723903,4.465908130148836,0.09531108889482073,7.1140495136659005,17.158115227083496,2.7472709783580536,-0.6143341517085282,2.4069451984083745
7.606884531716648,5.572154035980046,0.5933273977637696,5.038425353098032,4.543294792908302,-13.815510557964274,0.7419378209197403,3.8066625119925415,4.543294792908302,1.7029284376707852,4.543294792908302,0.09531108889482073,7.052079148621521,17.158115227083496,2.760010003324058,-0.6236192522414336,2.4069451984083745
7.605890001550634,5.683579770740042,0.5481219865442025,4.035829520519741,4.189654757177941,4.553876902126857,2.939161974975648,3.8066625119925415,4.127134401174124,1.3787663465882363,4.127134401174124,0.09531108889482073,6.87455802853845,15.235034645135782,2.7850113039667317,-0.648171902873153,2.4069451984083745
7.603399340239423,6.02102335177671,0.5988370505391025,3.677737007478025,4.330733353444225,5.030437927928383,2.7972813958057605,3.8066625119925415,4.127134401174124,1.472472286718715,4.330733353444225,0.09531108889482073,6.253443998313577,15.109768574428875,2.839078521988145,-0.7465458475846447,2.2617632026404517
7.602900462703757,6.068425590558925,0.3576751435722706,3.5917558520278816,4.290459454847021,2.9957323235539897,2.7663191721192657,3.8066625119925415,4.290459454847021,1.4562869660401316,4.290459454847021,0.09531108889482073,6.128798230821889,15.089456433224964,2.8507065593072,-0.7743550667904443,2.1860513890976385
7.6024013361650695,6.0799331973839195,0.3987767910980821,3.579400683406091,4.290459454847021,4.174387285280252,2.740840088441328,3.8066625119925415,4.317488126869644,1.4929043208972248,4.290459454847021,0.09531108889482073,6.079217920354457,15.043351830489112,2.8678989588622863,-0.7985054739980185,2.1041342762214192
7.601901960374667,6.0799331973839195,0.5068182047779088,3.4884980660761338,4.430816810748075,5.393627550897816,2.714694810046042,3.8066625119925415,4.418840619844791,1.5129272323175496,4.430816810748075,0.09531108889482073,5.981033714885018,12.713338942403924,2.8791985134778133,-0.7962857221870168,2.1400662811433224
7.608374474877062,4.394449167018117,1.5163899384369495,-13.815510557964274,4.5951198602356,2.890371813451719,4.268297883351141,9.999994999180668e-07,4.5951198602356,1.782720095474845,4.5951198602356,-2.3025750930440454,9.733547763562223,16.337608563285418,1.9315215565307395,-0.22439308165218994,2.5877641104156752
7.607878073775032,4.406719259459375,-4.6050701909877585,7.151389511025543,4.564348201884503,4.007333203414289,2.054123861900666,9.999994999180668e-07,4.543294792908302,1.2237757257397195,4.553876902126857,-2.3025750930440454,9.733547763562223,16.337608563285418,1.9169227592408737,-0.23952575991751052,2.5649494343846104
7.607381426136563,4.418840619844791,-4.6050701909877585,7.151389511025543,4.5951198602356,4.127134401174124,1.974081164910889,9.999994999180668e-07,4.5951198602356,0.9400076491163949,4.5951198602356,-2.3025750930440454,9.733547763562223,16.337608563285418,1.9021076756506405,-0.22815483685713603,2.5726123065429807
7.606884531716648,4.430816810748075,-4.6050701909877585,7.151389511025543,4.584967488874653,3.2958369030413657,4.241326766959236,9.999994999180668e-07,4.584967488874653,0.9439062880121111,4.584967488874653,-2.3025750930440454,9.733547763562223,16.337608563285418,1.9021076756506405,-0.2306705582899505,2.580216905349898
7.6063873902699175,4.442651268255022,-3.9119730066781044,7.151389511025543,4.5951198602356,3.465735934049726,4.2341065190900125,9.999994999180668e-07,4.5951198602356,0.963174699452322,4.5951198602356,-2.3025750930440454,9.733547763562223,16.337608563285418,1.8718023307477334,-0.2331926245422456,2.5952547815837286
7.605890001550634,4.454347307881415,-4.6050701909877585,7.151389511025543,4.5951198602356,2.5649494343846104,4.225372839248387,9.999994999180668e-07,4.584967488874653,1.0152310420478337,4.584967488874653,-2.3025750930440454,9.733547763562223,16.337608563285418,1.8718023307477334,-0.23572106769908613,2.602689759518455
7.605392365312695,4.465908130148836,-2.3025750930440454,7.151389511025543,4.5951198602356,-13.815510557964274,4.2180360492921904,9.999994999180668e-07,4.5951198602356,1.35325476543959,4.5951198602356,-2.3025750930440454,9.733547763562223,16.337608563285418,1.8718023307477334,-0.2382559200895301,2.6100698662714152
7.6048944813096275,4.477336825841843,-3.5065245645421914,7.151389511025543,4.5951198602356,-13.815510557964274,4.2121276126932985,9.999994999180668e-07,4.5951198602356,0.6575205210513749,4.5951198602356,-2.3025750930440454,9.733547763562223,16.337608563285418,1.856298146615614,-0.23952575991751052,2.6246686646269244
7.6043963492945945,4.488636380968095,-3.5065245645421914,7.151389511025543,4.5951198602356,-13.815510557964274,4.2061840588807655,9.999994999180668e-07,4.5951198602356,0.7561224492047917,4.5951198602356,-2.3025750930440454,9.733547763562223,16.337608563285418,1.8405497921276333,-0.23952575991751052,2.6318889120790896
7.603897969020386,4.488636380968095,-4.6050701909877585,7.151389511025543,4.5951198602356,-13.815510557964274,4.200204967914082,9.999994999180668e-07,4.5951198602356,0.8109306606606745,4.5951198602356,-2.3025750930440454,9.733547763562223,16.337608563285418,1.8405497921276333,-0.23952575991751052,2.646174868306106
7.603399340239423,2.1972246884473243,-4.6050701909877585,5.478867105015213,4.5951198602356,2.3025851929940404,4.194189912274773,9.999994999180668e-07,4.5951198602356,0.8671009078513623,4.5951198602356,-2.3025750930440454,8.174494782226558,16.337608563285418,1.8405497921276333,-0.23698769070994297,2.6532420350297476
7.602900462703757,4.510859517505861,-3.9119730066781044,7.151389511025543,4.543294792908302,3.13549425940741,4.188138456682968,9.999994999180668e-07,4.584967488874653,1.0152310420478337,4.584967488874653,-2.3025750930440454,9.733547763562223,16.337608563285418,1.8245494533413555,-0.23445604699277905,2.667228276026397
7.6024013361650695,4.532599503905944,-3.5065245645421914,5.068966299034323,4.5951198602356,-13.815510557964274,4.182050157908382,9.999994999180668e-07,4.5951198602356,1.1724824468320405,4.5951198602356,-2.3025750930440454,7.7282263301184075,16.337608563285418,1.8245494533413555,-0.2382559200895301,2.646174868306106
7.601901960374667,4.543294792908302,-4.6050701909877585,7.098111593816678,4.5951198602356,-13.815510557964274,4.174387285280252,9.999994999180668e-07,4.5951198602356,1.2697608257627762,4.5951198602356,-2.3025750930440454,9.733547763562223,16.337608563285418,1.8245494533413555,-0.24207028731518962,2.6318889120790896
7.601402335083484,4.553876902126857,-4.6050701909877585,4.729154270890962,4.5951198602356,-13.815510557964274,4.166665239305603,9.999994999180668e-07,4.5951198602356,1.2837080493530615,4.5951198602356,-2.3025750930440454,7.4115367172269115,16.337608563285418,1.8245494533413555,-0.24079721428910872,2.6390574010438272
7.600902460042082,4.564348201884503,-4.6050701909877585,6.866856055438131,4.553876902126857,1.7917596358947079,4.1588830989846715,9.999994999180668e-07,4.543294792908302,0.9202831515499876,4.584967488874653,-2.3025750930440454,9.733547763562223,16.337608563285418,1.8405497921276333,-0.24079721428910872,2.646174868306106
7.607381426136563,5.159055304961655,-4.6050701909877585,-13.815510557964274,4.574710988812661,9.999994999180668e-07,3.761200138949376,1.3862946111198593,4.574710988812661,1.899118137249142,4.574710988812661,-2.3025750930440454,8.897930140949667,16.337608563285418,1.88706980054752,-0.43540743888737676,2.525728724308252
7.606884531716648,2.890371813451719,-4.6050701909877585,-13.815510557964274,4.564348201884503,-13.815510557964274,3.742420244738648,1.3862946111198593,4.543294792908302,1.9416153682444452,4.564348201884503,-2.3025750930440454,8.897930140949667,16.337608563285418,1.8718023307477334,-0.4494154282404563,2.5095993436791817
7.6063873902699175,5.236441968149098,1.1878437272740547,-13.815510557964274,4.564348201884503,5.393627550897816,3.7232809049858577,1.3862946111198593,4.543294792908302,1.821318433281884,4.564348201884503,-1.6094329124466003,8.897930140949667,16.337608563285418,1.8718023307477334,-0.4588643025580504,2.49320553524732
7.605890001550634,5.293304829749618,1.0043019754971676,-13.815510557964274,4.564348201884503,-13.815510557964274,1.5475627214819478,1.3862946111198593,4.477336825841843,1.8961196347024367,4.564348201884503,-2.3025750930440454,8.897930140949667,16.337608563285418,1.8718023307477334,-0.46044783165612574,2.5014360337064203
7.605392365312695,3.0445224853424695,0.8712937843533737,-13.815510557964274,4.564348201884503,9.999994999180668e-07,1.4109872176126714,1.3862946111198593,4.564348201884503,1.915451088845999,4.553876902126857,-2.3025750930440454,8.897930140949667,16.337608563285418,1.9021076756506405,-0.463622432457841,2.5176965532561493
7.6048944813096275,5.379897358148755,0.9282196979962677,-13.815510557964274,4.574710988812661,2.772588784739779,3.6763006972235317,1.3862946111198593,4.553876902126857,1.9021076756506405,4.553876902126857,-1.6094329124466003,8.897930140949667,16.337608563285418,1.9021076756506405,-0.47160330804989087,2.5336968933225084
7.6043963492945945,5.433722007921052,1.0188476812100125,-13.815510557964274,4.543294792908302,3.688879479113936,3.6635616717706716,1.3862946111198593,4.543294792908302,1.927164251794655,4.543294792908302,-2.3025750930440454,8.897930140949667,16.337608563285418,1.9021076756506405,-0.48126520340277806,2.5336968933225084
7.603897969020386,5.455321119631206,0.908258963402616,-13.815510557964274,4.189654757177941,3.2958369030413657,3.6506582672677643,1.3862946111198593,4.532599503905944,1.9065752922450356,4.521788587918605,-2.3025750930440454,8.897930140949667,16.337608563285418,1.9021076756506405,-0.48938871172588594,2.525728724308252
7.603399340239423,5.411646056319325,1.0331848392174772,-13.815510557964274,4.574710988812661,3.970291932420046,3.6375861860421748,1.3862946111198593,4.584967488874653,1.7613004335646376,4.584967488874653,-2.3025750930440454,8.897930140949667,16.337608563285418,1.9169227592408737,-0.4910213624842178,2.5176965532561493
7.602900462703757,5.384495067376245,1.2267125845505145,-13.815510557964274,4.5951198602356,2.079441666679828,3.6243409596430314,1.3862946111198593,4.584967488874653,1.7173952334723903,4.5951198602356,-2.3025750930440454,8.897930140949667,16.337608563285418,1.9169227592408737,-0.49593536923746334,2.525728724308252
7.6024013361650695,5.379897358148755,1.2584612737008745,-13.815510557964274,4.5951198602356,1.7917596358947079,3.610917939671251,1.3862946111198593,4.584967488874653,1.6919393181078897,4.584967488874653,-2.3025750930440454,8.897930140949667,16.337608563285418,1.945910291912446,-0.5074961725451276,2.5014360337064203
7.601901960374667,5.3706380327788255,1.1969484915037296,-13.815510557964274,4.5951198602356,0.6931476805598203,3.5973122879857056,1.6094381124340804,4.5951198602356,1.6919393181078897,4.584967488874653,-2.3025750930440454,8.897930140949667,16.337608563285418,1.945910291912446,-0.509158680554803,2.49320553524732
7.601402335083484,5.379897358148755,0.963174699452322,-13.815510557964274,4.189654757177941,2.833213402879744,3.5835189662338873,1.6094381124340804,4.5951198602356,1.5665306201910694,4.5951198602356,-2.3025750930440454,8.897930140949667,16.337608563285418,1.974081164910889,-0.5225591936451927,2.468099616217378
7.600902460042082,5.416100406648865,0.7561224492047917,-13.815510557964274,4.189654757177941,2.772588784739779,3.572345665947872,1.6094381124340804,4.5951198602356,1.5432983236047462,4.5951198602356,-2.3025750930440454,8.897930140949667,16.337608563285418,1.974081164910889,-0.5344337829219389,2.4336134431197443
7.608374474877062,5.267858164217968,1.5163899384369495,-13.815510557964274,4.488636380968095,4.025351708592292,3.077312306629362,2.397895363707457,4.488636380968095,1.782720095474845,4.488636380968095,-1.6094329124466003,8.897930140949667,16.337608563285418,2.8735646960769574,-0.5412831130391169,2.3795462267227623
7.607878073775032,5.293304829749618,-4.6050701909877585,-13.815510557964274,4.477336825841843,5.393627550897816,1.0647110818199552,2.397895363707457,4.477336825841843,0.6259389656257106,4.477336825841843,-1.6094329124466003,8.897930140949667,16.337608563285418,2.8848007687126294,-0.5568678170682223,2.3608540954576394
7.607381426136563,3.13549425940741,-4.6050701909877585,-13.815510557964274,4.465908130148836,4.262679891125822,0.7419378209197403,2.48490673312133,4.454347307881415,0.6931476805598203,4.465908130148836,-1.2039694709981583,8.897930140949667,16.337608563285418,2.8959119935203974,-0.5744738746450899,2.3418059023011684
7.606884531716648,3.332204545889489,-4.6050701909877585,-13.815510557964274,4.369447865125249,3.465735934049726,2.965273117615673,2.48490673312133,4.356708839510104,0.7514165603819232,4.369447865125249,-1.2039694709981583,8.897930140949667,16.337608563285418,2.9069011144921824,-0.5905887871823305,2.322387818329436
7.6063873902699175,5.361292170404261,1.6845455704496455,-13.815510557964274,4.356708839510104,4.727387827561898,2.9285235773364753,2.5649494343846104,4.369447865125249,0.7884578149096215,4.356708839510104,-1.2039694709981583,8.897930140949667,16.337608563285418,2.9231616344825953,-0.6124874325257426,2.29253485815064
7.605890001550634,5.384495067376245,1.7833913876247511,-13.815510557964274,4.304065106717683,5.030437927928383,2.890371813451719,2.5649494343846104,4.330733353444225,1.0116012753147774,4.304065106717683,-1.2039694709981583,8.897930140949667,16.337608563285418,2.9338569230273914,-0.6254866629289988,2.2617632026404517
7.605392365312695,5.407171775944423,1.6448052493215661,-13.815510557964274,4.204692634316339,4.356708839510104,2.8507065593072,2.6390574010438272,4.204692634316339,1.3270752667118737,4.204692634316339,-1.6094329124466003,8.897930140949667,16.337608563285418,2.944439031798018,-0.6443551116304225,2.240709795658931
7.6048944813096275,5.4293456333404055,1.6292407358086922,-13.815510557964274,4.189654757177941,5.159055304961655,2.815408779302947,2.6390574010438272,4.127134401174124,1.0188476812100125,4.127134401174124,-1.6094329124466003,8.897930140949667,16.337608563285418,2.96010514772431,-0.6577781062225868,2.219203592750641
7.603897969020386,3.1780538720146114,1.3056267290551091,-13.815510557964274,4.189654757177941,4.060443027787798,2.740840088441328,2.7080502677688743,4.127134401174124,1.4206960293830875,4.127134401174124,-1.6094329124466003,8.897930140949667,16.337608563285418,2.9856819882055388,-0.6871631208128034,2.1972246884473243
7.603399340239423,5.505331539997403,1.3029130239199331,-13.815510557964274,4.189654757177941,5.393627550897816,2.7013612800655054,2.772588784739779,4.127134401174124,1.4632556337374738,4.127134401174124,-1.6094329124466003,8.897930140949667,16.337608563285418,0.7419378209197403,-0.7052177375047655,2.16332314060306
7.601402335083484,5.602118824569738,1.1410333240408288,-13.815510557964274,4.392730371564323,4.543294792908302,2.5416020722046997,2.944439031798018,4.127134401174124,1.4632556337374738,4.127134401174124,-2.3025750930440454,8.897930140949667,16.337608563285418,1.0647110818199552,-0.7700260650710216,2.079441666679828
7.600902460042082,5.6276211172877595,1.6409367732919022,-13.815510557964274,4.392730371564323,5.393627550897816,2.5095993436791817,2.9957323235539897,4.127134401174124,1.2267125845505145,4.127134401174124,-2.3025750930440454,8.897930140949667,16.337608563285418,1.0986126220013874,-0.7787028902747277,2.079441666679828
7.608374474877062,5.030437927928383,1.5163899384369495,-13.815510557964274,4.543294792908302,-13.815510557964274,4.114147205858149,-13.815510557964274,4.553876902126857,1.782720095474845,4.553876902126857,-2.3025750930440454,9.522708961463172,14.497357632134277,1.4586152552576295,-0.18874091686813807,2.772588784739779
7.607878073775032,5.049856013659793,-4.6050701909877585,7.151389511025543,4.521788587918605,3.5835189662338873,1.9021076756506405,-13.815510557964274,4.521788587918605,1.7715569319785482,4.521788587918605,-2.3025750930440454,9.663015819272916,14.505543895543731,1.481604768196917,-0.196013667381685,2.772588784739779
7.605392365312695,5.214935763043768,2.287471556706835,7.036696893044325,4.521788587918605,-13.815510557964274,4.069026771331828,-13.815510557964274,4.543294792908302,1.9227878778332788,4.543294792908302,-2.3025750930440454,9.41077798681352,14.577095989571484,1.52605652088633,-0.19723095150365405,2.7972813958057605
7.6048944813096275,5.293304829749618,2.386926333339557,5.534978087106239,4.532599503905944,1.0986126220013874,4.062165681069569,-13.815510557964274,4.543294792908302,1.8916049550273224,4.543294792908302,-2.3025750930440454,9.701893338100465,14.59360623924739,1.5475627214819476,-0.19966997412859208,2.791165169162408
7.603399340239423,5.375278412313794,2.2945530221032278,4.465051900480259,4.5951198602356,0.6931476805598203,4.04305128537841,-13.815510557964274,4.5951198602356,1.851599626569931,4.5951198602356,-2.3025750930440454,8.93046013272139,14.621450119331831,1.6094381124340804,-0.23445604699277905,2.7663191721192657
7.602900462703757,3.2580965764830196,2.1758875534554596,4.382437031699501,4.584967488874653,-13.815510557964274,4.036009002876981,-13.815510557964274,4.5951198602356,1.873339609830297,4.5951198602356,-2.3025750930440454,8.75649548438677,14.632255833900944,1.6292407358086922,-0.25360147013995477,2.740840088441328
7.6024013361650695,3.367295864469232,2.1090004652805963,6.169745644101773,4.584967488874653,-13.815510557964274,4.030694552907634,-13.815510557964274,4.584967488874653,1.8164522444200393,4.584967488874653,-2.3025750930440454,8.543826736933148,14.64316896345668,1.6486588178950556,-0.27312060706086777,2.721295493641702
7.608374474877062,4.584967488874653,1.5163899384369495,-13.815510557964274,4.394449167018117,3.6635616717706716,4.1911687619862334,9.999994999180668e-07,4.317488126869644,1.782720095474845,4.394449167018117,-2.3025750930440454,6.7412671319642286,15.58220500776731,2.2823824877173373,-0.2704959370825493,2.5877641104156752
7.607878073775032,4.5951198602356,0.2776324941737501,4.944332637163557,4.394449167018117,4.718498880223666,4.180522273753673,9.999994999180668e-07,4.317488126869644,1.854734424883954,4.394449167018117,-2.3025750930440454,9.007178525182674,13.241530343877209,2.2721259886021152,-0.2704959370825493,2.5877641104156752
7.606884531716648,4.532599503905944,0.4252683889989017,5.018290477601067,4.394449167018117,2.1972246884473243,4.1651136486382585,9.999994999180668e-07,4.317488126869644,1.9444806993072252,4.394449167018117,-2.3025750930440454,9.081136366235299,13.10551015633235,2.2617632026404517,-0.2704959370825493,2.5877641104156752
7.6063873902699175,4.532599503905944,0.451076256302689,6.727506792332623,4.394449167018117,2.1972246884473243,4.1588830989846715,9.999994999180668e-07,4.317488126869644,1.9629078658733128,4.394449167018117,-2.3025750930440454,9.075089250150421,15.339034963256527,2.240709795658931,-0.27707057407942187,2.580216905349898
7.605890001550634,4.543294792908302,0.45742547995006755,6.691333629480397,4.394449167018117,2.48490673312133,4.151039921646677,9.999994999180668e-07,4.317488126869644,1.9726913108150042,4.394449167018117,-2.3025750930440454,9.078387877949284,15.282725933241535,2.240709795658931,-0.2850176252459473,2.5877641104156752
7.6048944813096275,4.584967488874653,0.5128242252308796,4.236122581382805,4.394449167018117,3.1780538720146114,4.135166572742356,9.999994999180668e-07,4.317488126869644,2.16332314060306,4.394449167018117,-2.3025750930440454,6.56916686884435,12.926706093767775,2.240709795658931,-0.3011037414334833,2.5726123065429807
7.6043963492945945,4.584967488874653,0.5423248722205415,2.1868298688374845,4.189654757177941,5.393627550897816,4.125520195845639,9.999994999180668e-07,4.317488126869644,2.1860513890976385,4.127134401174124,-2.3025750930440454,6.420436387692794,13.094922291220461,2.2300145076860862,-0.31334045124423815,2.557227388887003
7.603399340239423,2.397895363707457,0.6626884885390214,6.445805646337261,4.3438054348406965,5.393627550897816,1.9169227592408737,9.999994999180668e-07,4.304065106717683,2.130609947019074,4.3438054348406965,-2.3025750930440454,8.582876299514165,15.198512505032667,2.2300145076860862,-1.3167645671349584,2.6173959058267773
7.602900462703757,2.5649494343846104,0.7419378209197403,6.427073216549849,4.317488126869644,5.361292170404261,1.8245494533413555,9.999994999180668e-07,4.304065106717683,2.187174353716157,4.317488126869644,-2.3025750930440454,8.59863004576936,15.167023756526563,2.2300145076860862,-1.3167645671349584,2.6532420350297476
7.6024013361650695,2.7080502677688743,0.7839020004493098,6.268940329879429,4.304065106717683,5.393627550897816,4.089332037148975,9.999994999180668e-07,4.304065106717683,2.2300145076860862,4.304065106717683,-2.3025750930440454,8.598896617978623,12.825207234005651,2.2512919038696473,-1.3167645671349584,2.6946272483376346
7.601901960374667,2.833213402879744,0.6830973497568213,4.250380312472866,4.3438054348406965,3.5835189662338873,4.0792309413325265,9.999994999180668e-07,4.3438054348406965,0.40546577477460877,4.3438054348406965,-2.3025750930440454,8.600908265965451,15.07477718886754,2.2512919038696473,-1.3167645671349584,2.721295493641702
7.601402335083484,2.397895363707457,0.7839020004493098,6.235593393933673,4.189654757177941,2.079441666679828,4.070734713647814,9.999994999180668e-07,4.127134401174124,0.6418544124880456,4.127134401174124,-2.3025750930440454,8.566577959725967,15.027409566773445,2.2617632026404517,-1.3167645671349584,2.7080502677688743
7.600902460042082,4.718498880223666,0.8153652557619727,6.002374675623817,4.418840619844791,1.6094381124340804,4.058717401850107,9.999994999180668e-07,4.418840619844791,0.620577025359374,4.418840619844791,-2.3025750930440454,8.582031659627686,14.989652617075835,2.2721259886021152,-1.3167645671349584,2.7013612800655054
7.608374474877062,6.082218912659551,1.5163899384369495,-13.815510557964274,4.532599503905944,-13.815510557964274,3.484312319047508,1.7917596358947079,4.127134401174124,1.782720095474845,4.532599503905944,0.09531108889482073,5.158071660428065,14.592375990793006,2.3795462267227623,-0.7031954962134672,2.3702438349258
7.607878073775032,6.082218912659551,-4.6050701909877585,5.088384990211658,4.532599503905944,-13.815510557964274,3.465735934049726,1.7917596358947079,4.127134401174124,0.48242676652805283,4.532599503905944,0.09531108889482073,7.068886578917173,14.579016010760965,2.433613443119744,-0.7113091145298127,2.3795462267227623
7.607381426136563,6.082218912659551,-4.6050701909877585,5.03268582238058,4.532599503905944,5.393627550897816,3.446807924761341,1.7917596358947079,4.127134401174124,2.459588927273792,4.532599503905944,0.09531108889482073,7.086849551190903,14.565681059906732,2.48490673312133,-0.7256683061519373,2.4069451984083745
7.6043963492945945,6.082218912659551,0.9895415653608906,2.2174985717349767,4.189654757177941,0.6931476805598203,3.3428618399848804,1.7917596358947079,4.465908130148836,2.1365306267277107,4.477336825841843,0.09531108889482073,6.822668649930747,14.499761786618661,2.815408779302947,-0.8209782793451402,2.3608540954576394
7.603897969020386,6.082218912659551,0.9593506044762911,4.264871517163755,4.510859517505861,9.999994999180668e-07,3.328626724669613,1.7917596358947079,4.477336825841843,1.9629078658733128,4.488636380968095,0.09531108889482073,6.8197715257515625,14.491339642223702,2.862200938072324,-0.8278197955596457,2.3702438349258
7.600902460042082,6.082218912659551,1.1314024340716937,3.3967262557256372,4.392730371564323,5.393627550897816,3.214867843631304,1.945910291912446,4.406719259459375,1.9344159141382382,4.418840619844791,0.09531108889482073,6.162935339626076,14.440753024779363,3.1398326608177904,-0.8096787496274106,2.2617632026404517
7.607878073775032,5.796057753804885,-4.6050701909877585,3.995885557183658,4.189654757177941,3.5263605540279257,3.2846636028593865,2.397895363707457,4.127134401174124,0.336472950906672,4.127134401174124,-0.10535940454733242,6.1278843333046655,12.993932099913827,2.580216905349898,-0.8533135852976815,2.29253485815064
7.607381426136563,5.552959588797586,-4.6050701909877585,3.807749134269388,4.330733353444225,-13.815510557964274,3.261935352642823,2.397895363707457,4.317488126869644,2.224623659632436,4.330733353444225,0.09531108889482073,6.118366378989522,15.270932348184735,2.602689759518455,-0.8698819724280026,2.2823824877173373
7.606884531716648,5.564520411154111,-4.6050701909877585,3.8732596350697035,4.189654757177941,3.761200138949376,3.2425923905480163,2.48490673312133,4.127134401174124,0.17395414745921928,4.127134401174124,0.09531108889482073,6.029150330455149,15.246195658054205,2.6318889120790896,-0.8770676148776093,2.2617632026404517
7.605392365312695,5.624017509797447,1.3217561066489505,1.7213676294625735,4.189654757177941,1.7917596358947079,3.1780538720146114,2.5649494343846104,4.430816810748075,2.460443263006719,4.394449167018117,0.09531108889482073,3.516532742724151,15.153540716572909,2.7080502677688743,-0.91628823187728,2.2721259886021152
7.6048944813096275,5.638354672892465,1.3558354113671076,3.68971514907361,4.189654757177941,9.999994999180668e-07,3.1527360650986975,2.6390574010438272,4.369447865125249,2.460443263006719,4.317488126869644,0.09531108889482073,5.449394704208001,15.113791130757487,2.7278528937578645,-0.9314018316163581,2.2823824877173373
7.6043963492945945,5.655991814316356,1.3937666240975188,1.3047860744056914,4.392730371564323,9.999994999180668e-07,3.131136954228315,2.6390574010438272,4.204692634316339,0.21511218606823315,4.174387285280252,0.09531108889482073,3.0621438924731073,15.0719615743857,2.7536607760485277,-0.9597176788388423,2.29253485815064
7.603897969020386,3.465735934049726,1.3987171280319974,2.7599683265088624,4.392730371564323,2.9957323235539897,3.10906100350385,2.7080502677688743,4.189654757177941,0.6418544124880456,4.127134401174124,0.09531108889482073,5.186983439986269,15.032154147764937,2.7850113039667317,-0.9755074390177504,2.3025851929940404
7.603399340239423,5.755742216751469,1.4327009725975024,3.1089042113088814,4.392730371564323,2.079441666679828,3.09104249881286,2.772588784739779,4.189654757177941,2.1282318248968797,4.127134401174124,0.09531108889482073,5.12781521458191,12.69502988980543,2.8094027556034598,-0.9888587365405607,2.3125355228571096
7.602900462703757,5.796057753804885,1.4445635050928953,2.8824912861614136,4.392730371564323,1.3862946111198593,3.068052981645244,2.833213402879744,4.127134401174124,2.1713369204091704,4.127134401174124,0.09531108889482073,5.006930144499105,14.971263445499147,2.833213402879744,-1.093621762086899,2.322387818329436
7.6024013361650695,3.7376696420928917,1.437462885223953,2.2781336035961406,4.392730371564323,4.955827064643514,3.0492730878753846,2.890371813451719,4.127134401174124,1.2354717620829392,4.127134401174124,0.09531108889482073,4.894060420817701,14.952135458530575,2.856470263691746,-0.9861741783767679,2.332143992322964
7.601901960374667,5.916202065302853,1.4516140614325432,2.344146334204123,4.392730371564323,4.875197330834739,0.9932521433805853,2.944439031798018,4.127134401174124,1.6919393181078897,4.127134401174124,0.09531108889482073,5.177759667571157,12.801780631544169,2.8735646960769574,-0.9781634760213112,2.3418059023011684
7.608374474877062,4.927253692403581,1.5163899384369495,-13.815510557964274,4.574710988812661,4.406719259459375,4.171305618790328,0.6931476805598203,4.574710988812661,1.782720095474845,4.574710988812661,-2.3025750930440454,8.897930140949667,16.337608563285418,2.4248028142138662,-0.32989253044147343,2.5952547815837286
7.607381426136563,4.897839807413598,-4.6050701909877585,-13.815510557964274,4.564348201884503,-13.815510557964274,4.13995508939772,0.6931476805598203,4.564348201884503,1.4655677729612542,4.564348201884503,-2.3025750930440454,8.897930140949667,16.337608563285418,2.415913867586759,-0.3078834192260082,2.5952547815837286
7.606884531716648,4.890349135740551,-4.6050701909877585,-13.815510557964274,4.584967488874653,5.393627550897816,4.123903380644875,0.6931476805598203,4.584967488874653,1.4586152552576293,4.584967488874653,-2.3025750930440454,8.897930140949667,16.337608563285418,2.397895363707457,-0.3481386250593032,2.6173959058267773
7.6063873902699175,5.081404371195643,-4.6050701909877585,3.586726972208845,4.584967488874653,-13.815510557964274,1.9315215565307395,0.6931476805598203,4.584967488874653,1.5623465145438338,4.584967488874653,-2.3025750930440454,6.332479014661408,16.337608563285418,2.397895363707457,-0.2797125800521561,2.6390574010438272
7.605890001550634,4.882801930162128,-4.6050701909877585,3.9608882707774136,4.584967488874653,-13.815510557964274,4.0926765218158945,0.6931476805598203,4.584967488874653,1.252763254209613,4.584967488874653,-2.3025750930440454,7.100490896548664,16.337608563285418,2.397895363707457,-0.2810362052306782,2.660259607195929
7.605392365312695,4.882801930162128,-4.6050701909877585,4.151853810336582,4.584967488874653,5.393627550897816,4.077537460854872,0.6931476805598203,4.584967488874653,1.150572344054467,4.584967488874653,-2.3025750930440454,7.167788776243898,16.337608563285418,2.397895363707457,-0.27839070454159776,2.681021597207439
7.6048944813096275,4.882801930162128,-4.6050701909877585,6.277902098276811,4.584967488874653,2.079441666679828,4.063885371919523,0.6931476805598203,4.584967488874653,0.8754691540204799,4.584967488874653,-2.3025750930440454,9.57473946280685,16.337608563285418,2.388762880978213,-0.27839070454159776,2.6946272483376346
7.6043963492945945,4.882801930162128,-4.6050701909877585,4.0051291508594495,4.584967488874653,4.077537460854872,4.050044320747124,1.0986126220013874,4.584967488874653,0.9669842264177377,4.584967488874653,-2.3025750930440454,7.037525391477838,16.337608563285418,2.388762880978213,-0.2797125800521561,2.714694810046042
7.603897969020386,4.897839807413598,-4.6050701909877585,6.201351298058531,4.584967488874653,9.999994999180668e-07,4.037774228370391,1.0986126220013874,4.584967488874653,0.9202831515499876,4.584967488874653,-2.3025750930440454,9.142595384308247,16.337608563285418,2.388762880978213,-0.2850176252459473,2.7343675743546463
7.603399340239423,4.927253692403581,-4.6050701909877585,6.157624337470716,4.574710988812661,5.393627550897816,4.025351708592292,1.0986126220013874,4.584967488874653,0.9969490038952316,4.584967488874653,-2.3025750930440454,9.008390838838483,16.337608563285418,2.388762880978213,-0.2903509641101577,2.7536607760485277
7.6024013361650695,4.969813306520445,-4.6050701909877585,5.687370709025104,4.564348201884503,-13.815510557964274,4.000033901065877,1.0986126220013874,4.553876902126857,1.52605652088633,4.553876902126857,-2.3025750930440454,8.450405215431102,16.337608563285418,2.397895363707457,-0.3011037414334833,2.772588784739779
7.601402335083484,4.990432593581457,-4.6050701909877585,5.892698341395039,4.532599503905944,5.393627550897816,3.9778107646927405,1.0986126220013874,4.543294792908302,1.52605652088633,4.543294792908302,-2.3025750930440454,8.743464842082266,16.337608563285418,2.4069451984083745,-0.31197339890154,2.7536607760485277
7.600902460042082,4.997212280520872,-4.6050701909877585,6.125383855795839,4.521788587918605,-13.815510557964274,3.9665112096516095,1.0986126220013874,4.543294792908302,1.2267125845505145,4.543294792908302,-2.3025750930440454,8.874256049406585,16.337608563285418,2.415913867586759,-0.31882742593374525,2.740840088441328
7.607878073775032,5.129898720840234,2.386926333339557,7.151389511025543,4.543294792908302,2.397895363707457,4.125520195845639,-13.815510557964274,4.532599503905944,1.8794652023189047,4.532599503905944,-2.3025750930440454,9.71444172186146,14.891320504687902,1.6677070092373039,-0.17316242994925385,2.8033604415125937
7.607381426136563,5.181783555910062,2.386926333339557,7.151389511025543,4.532599503905944,3.555348090060842,4.117409851439741,-13.815510557964274,4.532599503905944,1.8855535002594725,4.532599503905944,-2.3025750930440454,9.662232458000457,14.899918778118602,1.686399138755397,-0.18152067758334176,2.7972813958057605
7.606884531716648,5.17048400071997,2.386926333339557,7.151389511025543,4.532599503905944,-13.815510557964274,1.9315215565307395,-13.815510557964274,4.532599503905944,1.8976200098525586,4.532599503905944,-2.3025750930440454,9.570936139500555,14.91003885180041,1.686399138755397,-0.18632837337294214,2.8033604415125937
7.6063873902699175,2.890371813451719,2.386926333339557,7.151389511025543,4.553876902126857,1.945910291912446,1.8718023307477334,-13.815510557964274,4.521788587918605,1.925707587510378,4.521788587918605,-2.3025750930440454,9.572044225097663,12.701119435676189,1.7047482740565905,-0.1911592948081388,2.815408779302947
7.605392365312695,5.257495377236115,2.386926333339557,7.151389511025543,4.553876902126857,-13.815510557964274,4.089332037148975,-13.815510557964274,4.584967488874653,2.018895174613918,4.584967488874653,-2.3025750930440454,9.379018554854497,14.96700494486938,1.7404663502790854,-0.1923706805269786,2.8094027556034598
7.6048944813096275,5.411646056319325,2.386926333339557,7.151389511025543,4.564348201884503,9.999994999180668e-07,4.082609322867086,-13.815510557964274,4.564348201884503,1.8885838051495139,4.564348201884503,-2.3025750930440454,9.613240070967874,14.9781084024131,1.7578580899661518,-0.19844971921238677,2.8033604415125937
7.6043963492945945,3.1780538720146114,2.386926333339557,7.151389511025543,4.564348201884503,-13.815510557964274,4.077537460854872,-13.815510557964274,4.553876902126857,1.8277700675227793,4.553876902126857,-2.3025750930440454,9.417185043337994,14.988393234167752,1.7749525204031849,-0.20825370729412374,2.7972813958057605
7.603399340239423,5.402677386376784,2.386926333339557,6.81750177561241,4.553876902126857,9.999994999180668e-07,4.067315906957469,-13.815510557964274,4.532599503905944,1.763017171888973,4.543294792908302,-2.3025750930440454,8.96994420918757,15.016236496923343,1.8082889351136784,-0.2256454284002813,2.7850113039667317
7.602900462703757,3.1780538720146114,2.386926333339557,4.335483597428755,4.543294792908302,9.999994999180668e-07,4.062165681069569,-13.815510557964274,4.127134401174124,1.7351892941064881,4.543294792908302,-2.3025750930440454,6.517622525786192,12.73013527233112,1.8245494533413555,-0.2331926245422456,2.791165169162408
7.6024013361650695,3.09104249881286,2.386926333339557,4.394413370575405,4.553876902126857,9.999994999180668e-07,4.05698879297937,-13.815510557964274,4.510859517505861,1.86562947259326,4.543294792908302,-2.3025750930440454,6.319932819439398,15.043750420931001,1.856298146615614,-0.24846007724803934,2.760010003324058
7.601901960374667,3.09104249881286,2.386926333339557,6.331353912261068,4.543294792908302,4.634728997938374,4.051784965194609,-13.815510557964274,4.574710988812661,1.856298146615614,4.553876902126857,-2.3025750930440454,8.330137549463268,12.74946322813237,1.88706980054752,-0.26136346543395206,2.7278528937578645
7.601402335083484,3.0445224853424695,2.322387818329436,3.7582209780478926,4.553876902126857,1.945910291912446,4.0465539158682695,-13.815510557964274,4.574710988812661,1.8341803448564034,4.553876902126857,-2.3025750930440454,5.866885357953096,12.75943463344755,1.88706980054752,-0.27839070454159776,2.687847561811899
7.600902460042082,0.6931476805598203,2.2894999547625074,5.922276712509816,4.584967488874653,2.944439031798018,4.041295358706978,-13.815510557964274,4.521788587918605,1.86562947259326,4.543294792908302,-2.3025750930440454,8.100875823272036,15.068140946242988,1.9169227592408737,-0.2943697183215992,2.6390574010438272
7.607878073775032,4.174387285280252,2.386926333339557,7.151389511025543,4.543294792908302,-13.815510557964274,1.9315215565307395,-13.815510557964274,4.5951198602356,1.937301918610922,4.5951198602356,-2.3025750930440454,9.733547763562223,13.229097149715267,0.6418544124880456,-0.11428802532652285,2.6318889120790896
7.6063873902699175,4.2766661329049445,2.386926333339557,7.151389511025543,4.553876902126857,1.7917596358947079,4.0876555908498275,-13.815510557964274,4.564348201884503,1.993338978866197,4.5951198602356,-2.3025750930440454,9.733547763562223,13.158400181141184,0.5877872204575202,-0.11204838524101579,2.6318889120790896
7.605392365312695,4.330733353444225,2.386926333339557,7.151389511025543,4.553876902126857,-13.815510557964274,4.074141871911384,-13.815510557964274,4.564348201884503,2.093097991431876,4.5951198602356,-2.3025750930440454,9.487871292962437,13.117919518073355,0.5877872204575202,-0.1187824098644749,2.602689759518455
7.603897969020386,4.442651268255022,2.386926333339557,7.151389511025543,4.553876902126857,2.079441666679828,4.051784965194609,-13.815510557964274,4.5951198602356,2.0476929723975053,4.5951198602356,-2.3025750930440454,9.733547763562223,13.066082930981464,0.5877872204575202,-0.12783223514689415,2.602689759518455
7.603399340239423,2.1972246884473243,2.386926333339557,7.151389511025543,4.553876902126857,-13.815510557964274,4.04305128537841,-13.815510557964274,4.5951198602356,2.0731720544523964,4.5951198602356,-2.3025750930440454,9.022768626349,13.050132411804048,0.6418544124880456,-0.13467375916249638,2.602689759518455
7.601901960374667,4.553876902126857,2.386926333339557,6.814000795135099,4.553876902126857,-13.815510557964274,4.010962971398992,-13.815510557964274,4.5951198602356,2.112634629954577,4.5951198602356,-2.3025750930440454,8.574261596394399,13.008466530726457,0.6418544124880456,-0.15082172694456197,2.602689759518455
7.608374474877062,3.09104249881286,1.5163899384369495,-13.815510557964274,4.2341065190900125,1.0986126220013874,0.9162911318740751,3.6375861860421748,4.262679891125822,1.782720095474845,4.2341065190900125,-1.2039694709981583,3.734273288230773,14.70071838273932,2.6532420350297476,-0.6713837318331849,2.332143992322964
7.607878073775032,5.416100406648865,-4.6050701909877585,1.6750508573591618,4.290459454847021,1.0986126220013874,0.6931476805598203,3.6635616717706716,4.290459454847021,1.2237757257397195,4.290459454847021,-1.2039694709981583,6.114706419721197,14.673740304097521,2.660259607195929,-0.6753052977970019,2.332143992322964
7.607381426136563,3.13549425940741,-0.13926091790888084,4.375868033485667,4.304065106717683,1.7917596358947079,2.970414516851751,3.688879479113936,4.290459454847021,1.4231085752064334,4.304065106717683,-0.91628823187728,6.134966710042627,16.949314041062063,2.6741487183920434,-0.6772718629016555,2.332143992322964
7.606884531716648,5.459585518399478,-0.13926091790888084,4.093996928637881,4.189654757177941,0.6931476805598203,2.944439031798018,3.7376696420928917,4.262679891125822,1.241268878086932,4.127134401174124,-0.91628823187728,6.095736948233853,16.922183533933804,2.687847561811899,-0.6812166334120393,2.322387818329436
7.6063873902699175,5.4847969376400325,-0.030458176557404897,4.366908846601414,4.290459454847021,-13.815510557964274,2.9177707861383317,3.761200138949376,4.290459454847021,1.4445635050928953,4.290459454847021,-0.91628823187728,6.1202171190237005,16.894846069895742,2.7013612800655054,-0.6851770267857527,2.322387818329436
7.605890001550634,5.5134287501972405,0.02955977311485946,4.338654812547165,4.189654757177941,9.999994999180668e-07,2.890371813451719,3.8066625119925415,4.127134401174124,1.5810386436736983,4.127134401174124,-0.6931451805619453,6.022816260540741,14.56464290882797,2.714694810046042,-0.6871631208128034,2.322387818329436
7.6048944813096275,5.556828065560541,-0.38566101022483057,1.8638884248363663,4.3438054348406965,1.0986126220013874,2.839078521988145,3.8066625119925415,4.3438054348406965,1.5040776189984717,4.3438054348406965,-0.6931451805619453,3.8656283247956367,16.81106626593153,2.740840088441328,-0.7113091145298127,2.240709795658931
7.6043963492945945,5.564520411154111,-0.3424889004970636,4.015127197401097,4.430816810748075,-13.815510557964274,2.815408779302947,3.8066625119925415,4.418840619844791,1.6054300918397544,4.430816810748075,-0.5108239571007129,5.934492775908036,16.782510122467816,2.7536607760485277,-0.727736554938333,2.208274523412908
7.603897969020386,5.572154035980046,-0.38566101022483057,3.648544443862175,4.406719259459375,0.6931476805598203,2.791165169162408,3.8066625119925415,4.418840619844791,1.6311995999103102,4.442651268255022,-0.5108239571007129,5.677292848737447,14.451170564766826,2.7663191721192657,-0.7381424544426604,2.1972246884473243
7.603399340239423,5.579729829759807,-0.32850267808411165,3.518917096202688,4.394449167018117,-13.815510557964274,2.760010003324058,3.8066625119925415,4.127134401174124,1.6677070092373036,4.442651268255022,-0.5108239571007129,5.616115333609405,16.724416382882932,2.778819334102217,-0.7486577763275342,2.1860513890976385
7.608374474877062,5.899897356322217,1.5163899384369495,-13.815510557964274,4.477336825841843,-13.815510557964274,2.9755296172568784,3.6375861860421748,4.477336825841843,1.782720095474845,4.477336825841843,0.09531108889482073,5.893458987880027,14.379327224128302,2.533696893322509,-0.7486577763275342,2.3795462267227623
7.607878073775032,5.932245190100531,-4.6050701909877585,4.085765364757444,4.510859517505861,1.0986126220013874,2.954910331117068,3.688879479113936,4.465908130148836,2.431857516571643,4.510859517505861,0.09531108889482073,5.871343960851486,14.385833391786806,2.5494452490505686,-0.7635674989360469,2.3702438349258
7.607381426136563,5.976350911836005,-4.6050701909877585,4.022330654317921,4.488636380968095,9.999994999180668e-07,2.9338569230273914,3.7376696420928917,4.488636380968095,0.6729449834463773,4.488636380968095,0.09531108889482073,5.807909249568801,16.623535618076016,2.557227388887003,-0.7787028902747277,2.3702438349258
7.6063873902699175,6.082218912659551,0.20701498239212562,2.6229406965878472,4.574710988812661,3.2580965764830196,2.890371813451719,3.8066625119925415,4.574710988812661,2.457021531988264,4.574710988812661,0.09531108889482073,6.238569618463668,16.564550291551534,2.5877641104156752,-0.8119284643001964,2.3608540954576394
7.605392365312695,6.082218912659551,0.14842086718686706,2.0687688212761546,4.532599503905944,3.0445224853424695,2.8507065593072,3.8066625119925415,4.532599503905944,0.1655152859348413,4.532599503905944,0.09531108889482073,3.7550876750578865,14.201767022333772,2.6173959058267773,-0.8794743491157878,2.29253485815064
7.6048944813096275,6.082218912659551,0.23901768787176467,4.308714147826271,4.510859517505861,2.9957323235539897,2.8273136811006236,3.8066625119925415,4.521788587918605,0.5306288392972914,4.510859517505861,0.09531108889482073,5.9211565585549755,16.473756460836967,2.6318889120790896,-0.91628823187728,2.2617632026404517
7.6043963492945945,6.082218912659551,0.1655152859348413,1.4514996242324985,4.465908130148836,4.962844637252914,2.8094027556034598,3.8066625119925415,4.477336825841843,2.2310891987003556,4.465908130148836,0.09531108889482073,3.472672054486433,14.141188314682323,2.646174868306106,-0.9493280019763656,2.2721259886021152
7.603897969020386,6.082218912659551,0.1655152859348413,1.9238156804531716,4.5951198602356,9.999994999180668e-07,2.7850113039667317,3.8066625119925415,4.5951198602356,2.196112959718228,4.5951198602356,0.09531108889482073,5.696076600860459,16.412946615388705,2.667228276026397,-0.9755074390177504,2.2617632026404517
7.6024013361650695,6.082218912659551,0.07696196706162557,1.4759789958117004,4.430816810748075,5.117993818404779,2.721295493641702,3.8066625119925415,4.442651268255022,1.8484549703849027,4.430816810748075,0.09531108889482073,3.2639454765062617,16.32808806389614,2.714694810046042,-1.0161083047292423,2.332143992322964
7.601901960374667,4.204692634316339,0.09531108889482073,1.3572248427244804,4.189654757177941,4.521788587918605,2.6946272483376346,3.8066625119925415,4.369447865125249,1.5727741355313671,4.1588830989846715,0.09531108889482073,3.4005271137494635,14.009193166249394,2.7278528937578645,-0.9467473620425974,2.3418059023011684
7.601402335083484,6.082218912659551,0.13976281193999787,2.5492582206389556,4.392730371564323,5.010635300762923,2.667228276026397,3.8066625119925415,4.454347307881415,1.7404663502790856,4.127134401174124,0.09531108889482073,4.9888090975241,16.274745747496887,2.7472709783580536,-0.9493280019763656,2.3125355228571096
7.600902460042082,6.082218912659551,0.1655152859348413,2.6219622485340737,4.392730371564323,5.393627550897816,2.646174868306106,3.8066625119925415,4.290459454847021,1.9021076756506405,4.317488126869644,0.09531108889482073,5.03213248611348,16.24703155046088,2.7663191721192657,-0.9390451614552848,2.3702438349258
7.607878073775032,4.836281914887986,-0.65392454433159,6.5811460049223465,4.564348201884503,5.393627550897816,3.6763006972235317,1.3862946111198593,4.574710988812661,1.4279162756188348,4.574710988812661,-2.3025750930440454,9.32223605879898,12.684840878182671,2.7080502677688743,-0.24462130585294126,2.5649494343846104
7.607381426136563,4.852030271732117,-0.6348763856452966,4.706624832560774,4.564348201884503,5.272999563691952,3.6506582672677643,1.3862946111198593,4.574710988812661,1.4350847633845325,4.574710988812661,-2.3025750930440454,7.540238248098238,14.906333924917671,2.7343675743546463,-0.24974294941516517,2.557227388887003
7.605890001550634,4.875197330834739,-0.7133478470632207,4.1830663836505995,4.564348201884503,4.290459454847021,3.5638829922678625,1.3862946111198593,4.564348201884503,1.3837914815283072,4.564348201884503,-2.3025750930440454,6.878694050570201,17.15171736966355,2.7850113039667317,-0.26918618091594954,2.5494452490505686
7.605392365312695,4.875197330834739,-0.7550204566207219,6.067372367598209,4.564348201884503,5.030437927928383,3.5380565934491197,1.3862946111198593,4.574710988812661,1.3787663465882363,4.574710988812661,-2.3025750930440454,8.899286553791859,14.83268970052534,2.8033604415125937,-0.2797125800521561,2.5336968933225084
7.6048944813096275,4.882801930162128,-0.7550204566207219,6.0832501647521875,4.574710988812661,5.393627550897816,3.5085559299227738,1.3862946111198593,4.574710988812661,1.2441548821431645,4.574710988812661,-2.3025750930440454,9.049423633813532,14.812890465158636,2.821378945933021,-0.29168875516213005,2.525728724308252
7.6043963492945945,4.890349135740551,-0.8439677447158378,6.016111434994459,4.564348201884503,5.393627550897816,3.481240120104922,1.3862946111198593,4.574710988812661,1.2837080493530615,4.574710988812661,-2.3025750930440454,8.891397553161257,17.09739291857949,2.8449094419589405,-0.30652380155853165,2.5095993436791817
7.603897969020386,4.897839807413598,-0.8674981867551766,5.902391224313906,4.553876902126857,5.393627550897816,3.4531571522384357,1.3862946111198593,4.553876902126857,1.2947274415669654,4.553876902126857,-2.3025750930440454,8.73600464569354,17.07911367613692,2.856470263691746,-0.31197339890154,2.5416020722046997
7.6024013361650695,4.927253692403581,-0.7339670917490373,5.576894163632913,4.553876902126857,5.393627550897816,3.3603754218641217,1.3862946111198593,4.564348201884503,1.3737158320775555,4.564348201884503,-2.3025750930440454,8.40372789703464,14.71927232917567,2.9123507189627644,-0.32296250538190496,2.49320553524732
7.601901960374667,2.6390574010438272,-0.7133478470632207,5.3785275175867655,4.553876902126857,5.393627550897816,3.328626724669613,1.3862946111198593,4.543294792908302,1.2237757257397195,4.543294792908302,-2.3025750930440454,8.335039073723575,17.001814057688524,2.9338569230273914,-0.3243446736984644,2.48490673312133
7.608374474877062,5.583496312541097,1.5163899384369495,-13.815510557964274,4.189654757177941,5.3706380327788255,3.1696856226942347,3.8066625119925415,4.189654757177941,1.782720095474845,4.1588830989846715,0.09531108889482073,6.592668215398214,14.373293238213101,2.721295493641702,-0.8255340855032745,2.1282318248968797
7.607878073775032,5.6058020699724675,-4.6050701909877585,3.8407915813938605,4.290459454847021,5.393627550897816,3.1441523217757115,3.8066625119925415,4.304065106717683,1.925707587510378,4.290459454847021,0.09531108889482073,6.716077681619556,16.646535980853912,2.7472709783580536,-0.8439677447158378,2.1041342762214192
7.607381426136563,5.616771101302935,-4.6050701909877585,3.6071552803808546,4.2341065190900125,5.393627550897816,3.113515353654818,3.8066625119925415,4.127134401174124,1.8840348973128982,4.2341065190900125,0.09531108889482073,6.656288304780979,16.617525670766998,2.772588784739779,-0.8651200700056646,2.079441666679828
7.6048944813096275,5.6276211172877595,-0.5621171637691152,4.626357886960046,4.304065106717683,4.584967488874653,2.9755296172568784,3.8066625119925415,4.304065106717683,1.9080600732921573,4.304065106717683,0.09531108889482073,6.536225436491333,16.464392043570655,2.901421649027803,-1.0216484697580617,1.7578580899661518
7.6043963492945945,5.641907074484213,-0.597835182575455,4.404772251878736,4.304065106717683,0.6931476805598203,2.944439031798018,3.8066625119925415,4.330733353444225,1.9416153682444452,4.304065106717683,0.09531108889482073,6.38963114057,14.128543075368485,2.9285235773364757,-1.0133496899001442,1.856298146615614
7.603399340239423,3.367295864469232,-0.597835182575455,4.097873534900122,4.418840619844791,3.49650759176951,2.890371813451719,3.8066625119925415,4.356708839510104,1.8468789261778287,4.3438054348406965,0.09531108889482073,6.190197687859082,16.36485908359492,2.9755296172568784,-1.0847064249236131,1.7578580899661518
7.602900462703757,5.690359457702439,-0.7133478470632207,4.045092148906992,4.290459454847021,5.1474944826274065,2.862200938072324,3.8066625119925415,4.127134401174124,1.8373701397157636,4.2341065190900125,0.09531108889482073,6.085312962236523,14.029973340191432,0.7419378209197403,-1.0996097860031993,1.7047482740565905
7.601901960374667,3.4339872367432105,-0.6348763856452966,1.3019521714055977,4.392730371564323,5.393627550897816,2.8033604415125937,3.8066625119925415,4.174387285280252,1.8437193663866016,4.127134401174124,0.09531108889482073,5.811811908581047,16.269865985725165,1.0986126220013874,-1.1776522492605865,1.686399138755397
7.608374474877062,3.988984065082793,1.5163899384369495,-13.815510557964274,4.553876902126857,0.6931476805598203,4.24276458170819,-13.815510557964274,4.574710988812661,1.782720095474845,4.574710988812661,-2.3025750930440454,9.733547763562223,12.975889158018902,0.47000425424554026,-0.15899455915820254,2.681021597207439
7.607381426136563,4.04305128537841,2.1494340300499806,5.925043533325798,4.543294792908302,-13.815510557964274,4.231203759474181,-13.815510557964274,4.5951198602356,2.2915242467468504,4.5951198602356,-2.3025750930440454,7.78038198199632,12.956011228147398,0.40546577477460877,-0.18874091686813807,2.6532420350297476
7.606884531716648,4.060443027787798,2.037316745757253,5.83809013757163,4.532599503905944,-13.815510557964274,4.225372839248387,-13.815510557964274,4.5951198602356,2.2975726516730086,4.5951198602356,-2.3025750930440454,7.693428586100542,12.946711528577694,0.40546577477460877,-0.19723095150365405,2.646174868306106
7.6063873902699175,4.077537460854872,1.9329697824973684,7.151389511025543,4.406719259459375,1.0986126220013874,4.219507719881989,-13.815510557964274,4.564348201884503,2.2617632026404517,4.564348201884503,-2.3025750930440454,9.733547763562223,12.939084562587475,0.40546577477460877,-0.1911592948081388,2.6946272483376346
7.605392365312695,4.143134742264548,1.998773774113727,5.815675778510246,4.454347307881415,9.999994999180668e-07,4.2061840588807655,-13.815510557964274,4.290459454847021,2.1198635762267632,4.290459454847021,-2.3025750930440454,7.891922426645121,12.929935725629027,0.40546577477460877,-0.2045659387481621,2.667228276026397
7.6024013361650695,4.262679891125822,1.9021076756506405,7.151389511025543,4.488636380968095,1.3862946111198593,4.157319377032941,-13.815510557964274,4.543294792908302,2.151762319538525,4.543294792908302,-2.3025750930440454,9.524420187164623,12.895668527690498,0.336472950906672,-0.23572106769908613,2.6246686646269244
7.607381426136563,5.111527698816987,-4.6050701909877585,6.770649870937972,4.189654757177941,-13.815510557964274,4.401829274224963,-13.815510557964274,4.369447865125249,2.460443263006719,4.369447865125249,-2.3025750930440454,8.193608215574978,16.337608563285418,-1.6094329124466003,-0.47122466031470783,1.686399138755397
7.608374474877062,3.2188758648682,1.5163899384369495,-13.815510557964274,4.290459454847021,9.999994999180668e-07,1.3350013298902002,2.48490673312133,4.204692634316339,1.782720095474845,4.290459454847021,-0.10535940454733242,7.054671110294539,15.246381695579801,2.7278528937578645,-0.6674774844955286,2.1400662811433224
7.607381426136563,3.332204545889489,-4.6050701909877585,2.1838333335262265,4.189654757177941,4.127134401174124,3.380994708358241,2.48490673312133,4.127134401174124,1.2892329237588152,4.127134401174124,0.09531108889482073,4.980714642595164,12.885670953246823,2.772588784739779,-0.6911471818912802,2.1041342762214192
7.606884531716648,3.367295864469232,-4.6050701909877585,4.134913669088968,4.189654757177941,3.555348090060842,3.3603754218641217,2.48490673312133,4.127134401174124,1.2119412715941162,4.127134401174124,0.09531108889482073,7.218384841695909,12.856414094433047,2.7972813958057605,-0.7113091145298127,2.054123861900666
7.6063873902699175,5.356586279388994,-4.6050701909877585,4.3729428219903825,4.317488126869644,5.393627550897816,3.3357696119268883,2.48490673312133,4.290459454847021,1.0543123782035249,4.317488126869644,0.09531108889482073,7.239402747965354,15.128608223899393,2.821378945933021,-0.7194891025135652,2.0412204587297595
7.605392365312695,5.3706380327788255,-4.6050701909877585,2.4109949067134266,4.189654757177941,5.393627550897816,3.2884019248302434,2.48490673312133,4.143134742264548,1.332366282946543,4.1588830989846715,0.09531108889482073,4.989333418288471,12.783494671545986,2.8678989588622863,-0.7423353239125878,1.9600949248923303
7.6048944813096275,5.379897358148755,-3.9119730066781044,4.123298633916352,4.304065106717683,1.3862946111198593,3.261935352642823,2.48490673312133,4.290459454847021,1.1724824468320405,4.304065106717683,0.09531108889482073,7.06265055866896,12.758637922641617,2.8959119935203974,-0.7444383696865541,1.974081164910889
7.6043963492945945,5.389071734382711,-3.9119730066781044,1.9952446167653732,4.304065106717683,2.397895363707457,3.238678491380066,2.48490673312133,4.317488126869644,1.264127009631519,4.317488126869644,0.09531108889482073,4.730152144882198,15.013263559357128,2.9177707861383317,-0.7444383696865541,2.00148013534525
7.603897969020386,5.39816270604264,-4.6050701909877585,4.0217446698570205,4.219507719881989,3.09104249881286,3.2108436934935165,2.48490673312133,4.219507719881989,1.1662712486683557,4.219507719881989,0.09531108889482073,6.850269007638084,12.68433272132479,2.944439031798018,-0.7635674989360469,1.974081164910889
7.601901960374667,5.4293456333404055,-3.9119730066781044,1.41419930644518,4.392730371564323,5.393627550897816,3.1045867233091213,2.48490673312133,4.510859517505861,1.6695920235777468,4.488636380968095,0.09531108889482073,3.849173365594002,14.870946694367444,1.0296197743239517,-0.8074340848121203,1.8718023307477334
7.607381426136563,4.990432593581457,-4.6050701909877585,6.821617297562441,4.584967488874653,-13.815510557964274,3.4750672611883626,-13.815510557964274,4.584967488874653,1.5727741355313671,4.584967488874653,-2.3025750930440454,9.173392633761065,14.045552659470417,2.6390574010438272,-0.26787813796691307,2.687847561811899
7.606884531716648,5.036952608907136,-4.6050701909877585,6.819127237530815,4.584967488874653,-13.815510557964274,3.4594663212326715,-13.815510557964274,4.584967488874653,1.5602478783273401,4.584967488874653,-2.3025750930440454,9.136825967318723,14.043348672553003,2.646174868306106,-0.2797125800521561,2.660259607195929
7.605392365312695,5.1119877943806395,1.0402770650119744,6.436528796435981,4.5951198602356,2.7080502677688743,1.1631511223056321,-13.815510557964274,4.5951198602356,1.6034200413157607,4.5951198602356,-2.3025750930440454,8.89810961941192,14.036595191161304,2.681021597207439,-0.30924488797072935,2.6246686646269244
7.6048944813096275,5.1119877943806395,0.9122831120829614,1.894463985841062,4.5951198602356,2.48490673312133,3.391147079478687,-13.815510557964274,4.5951198602356,1.52605652088633,4.5951198602356,-2.3025750930440454,4.426462104720689,14.033939814432978,2.687847561811899,-0.31745285716002086,2.6100698662714152
7.603897969020386,5.1059454799611865,1.316408501752203,6.219365754008999,4.574710988812661,1.0986126220013874,3.3534067527908413,-13.815510557964274,4.584967488874653,1.477048952698831,4.574710988812661,-2.3025750930440454,8.647514068245853,14.02576824195194,2.714694810046042,-0.33827245604428047,2.5952547815837286
7.603399340239423,5.12396398535564,1.3711809771169168,6.173626525961721,4.574710988812661,1.945910291912446,3.332204545889489,-13.815510557964274,4.574710988812661,1.497388632339099,4.574710988812661,-2.3025750930440454,8.540216947068465,14.021104206692394,2.7278528937578645,-0.3509755023705581,2.5649494343846104
7.601402335083484,5.176149738223547,1.477048952698831,4.250712365413916,4.521788587918605,-13.815510557964274,3.250374530687261,-13.815510557964274,4.532599503905944,1.35325476543959,4.521788587918605,-2.3025750930440454,8.240696898349906,13.994733151261366,2.772588784739779,-0.39600846345441204,2.5014360337064203
7.600902460042082,5.176149738223547,1.52605652088633,5.8180670529518945,4.477336825841843,-13.815510557964274,3.2308044352591656,-13.815510557964274,4.477336825841843,1.329724274181726,4.477336825841843,-2.3025750930440454,8.258765445343366,13.98683267545069,2.7850113039667317,-0.4049637338172623,2.49320553524732
7.608374474877062,4.804021052929977,1.5163899384369495,-13.815510557964274,4.406719259459375,-13.815510557964274,4.151039921646677,3.555348090060842,4.465908130148836,1.782720095474845,4.465908130148836,-2.3025750930440454,9.120757891986704,16.348409355178408,1.0986126220013874,-0.27707057407942187,2.5877641104156752
7.607878073775032,4.804021052929977,1.6601312168636688,5.124997694935212,4.430816810748075,1.0986126220013874,4.13995508939772,3.5835189662338873,4.465908130148836,1.840549792127633,4.465908130148836,-2.3025750930440454,7.280888403687291,14.032407439398725,1.1314024340716937,-0.28236158471511347,2.5726123065429807
7.607381426136563,2.48490673312133,1.6544114692814023,5.013357425731813,4.406719259459375,-13.815510557964274,4.128746005042492,3.610917939671251,4.418840619844791,1.840549792127633,4.418840619844791,-2.3025750930440454,7.169248133882572,17.158115227083496,1.1314024340716937,-0.28368872316187693,2.557227388887003
7.605392365312695,2.5649494343846104,1.6620305523065735,6.7818931833442715,4.553876902126857,-13.815510557964274,4.084294243203616,3.7376696420928917,4.553876902126857,1.88706980054752,4.553876902126857,-2.3025750930440454,8.955205939604165,16.26264853321391,1.1939227715026917,-0.3038100993690324,2.525728724308252
7.6048944813096275,4.844187094332607,1.6789641616498574,5.074406191936435,4.574710988812661,-13.815510557964274,4.072439743869825,3.761200138949376,4.564348201884503,1.88706980054752,4.564348201884503,-2.3025750930440454,9.178801083578977,16.246153629242304,1.1939227715026917,-0.3078834192260082,2.5095993436791817
7.603897969020386,4.828313745302301,1.6311995999103102,6.887811462027167,4.584967488874653,3.13549425940741,4.0465539158682695,3.8066625119925415,4.584967488874653,1.763017171888973,4.584967488874653,-2.3025750930440454,9.0788551794271,13.991460190432184,1.252763254209613,-0.3243446736984644,2.5014360337064203
7.603399340239423,4.836281914887986,1.5953391908943346,6.9061037218120935,4.584967488874653,1.7917596358947079,4.0324691762345095,3.8066625119925415,4.584967488874653,1.856298146615614,4.584967488874653,-2.3025750930440454,8.985545262590442,16.73177897294598,1.252763254209613,-0.32989253044147343,2.5014360337064203
7.602900462703757,4.820281573669553,1.5892354091981928,6.825273713252217,4.584967488874653,4.1588830989846715,4.01998016488656,3.8066625119925415,4.584967488874653,1.8099269368496118,4.584967488874653,-2.3025750930440454,8.881780282740484,16.648464044731156,1.2809341232398035,-0.3368709160833094,2.49320553524732
7.6024013361650695,4.844187094332607,1.5851454247830676,6.660839242748975,4.584967488874653,3.7841896566455335,4.005513366730421,3.8066625119925415,4.584967488874653,1.8245494533413555,4.584967488874653,-2.3025750930440454,8.817593886394265,14.263046800093637,1.3083330899204126,-0.3453097728600362,2.4765384841510936
7.601901960374667,4.844187094332607,1.5623465145438338,2.500285560785005,4.574710988812661,-13.815510557964274,3.990834204336724,3.8066625119925415,4.584967488874653,1.7083780414484078,4.574710988812661,-2.3025750930440454,6.574827415044408,14.177071147676283,1.3083330899204126,-0.3523969646973772,2.4510051843192118
7.600902460042082,4.85981241211361,1.607436110164209,2.3251683781263446,4.574710988812661,3.401197414995488,3.9589066104109656,3.8066625119925415,4.574710988812661,1.6054300918397544,4.574710988812661,-2.3025750930440454,6.5116281325842555,16.276779440700093,1.3609768095458243,-0.3652818775541805,2.4336134431197443
7.608374474877062,5.1119877943806395,1.5163899384369495,-13.815510557964274,4.356708839510104,-13.815510557964274,4.239886881921981,-13.815510557964274,4.262679891125822,1.782720095474845,4.2766661329049445,-2.3025750930440454,8.897930140949667,16.337608563285418,-0.91628823187728,-0.45098405355249316,2.459588927273792
7.607878073775032,5.099866433921759,0.45742547995006755,-13.815510557964274,4.394449167018117,4.941642429752162,4.229749213784344,-13.815510557964274,4.330733353444225,2.460443263006719,4.3438054348406965,-2.3025750930440454,8.897930140949667,16.337608563285418,-0.91628823187728,-0.4478492596605998,2.459588927273792
7.607381426136563,5.1119877943806395,0.5128242252308796,-13.815510557964274,4.418840619844791,-13.815510557964274,4.220977227839755,-13.815510557964274,4.394449167018117,2.460443263006719,4.394449167018117,-2.3025750930440454,8.897930140949667,16.337608563285418,-0.91628823187728,-0.44472426200028137,2.459588927273792
7.606884531716648,5.12396398535564,1.0919236360877267,-13.815510557964274,4.406719259459375,-13.815510557964274,4.2121276126932985,-13.815510557964274,4.394449167018117,2.460443263006719,4.394449167018117,-2.3025750930440454,8.897930140949667,16.337608563285418,-0.91628823187728,-0.44628554012964017,2.459588927273792
7.6063873902699175,5.129898720840234,0.63657735817194,-13.815510557964274,4.418840619844791,-13.815510557964274,4.204692634316339,-13.815510557964274,4.418840619844791,2.460443263006719,4.430816810748075,-2.3025750930440454,8.897930140949667,16.337608563285418,-0.91628823187728,-0.4494154282404563,2.459588927273792
7.605890001550634,5.141663562350613,0.5653143772317172,-13.815510557964274,4.477336825841843,-13.815510557964274,4.195697071542629,-13.815510557964274,4.442651268255022,2.460443263006719,4.442651268255022,-2.3025750930440454,8.897930140949667,16.337608563285418,-0.91628823187728,-0.4572832770603777,2.4423471223257223
7.605392365312695,5.1474944826274065,0.7227064682382652,-13.815510557964274,4.488636380968095,-13.815510557964274,4.18661985352884,-13.815510557964274,4.394449167018117,2.460443263006719,4.510859517505861,-2.3025750930440454,8.897930140949667,16.337608563285418,-0.91628823187728,-0.463622432457841,2.4336134431197443
7.6048944813096275,5.159055304961655,0.6780340503639815,-13.815510557964274,4.488636380968095,-13.815510557964274,4.17745948427003,-13.815510557964274,4.477336825841843,2.460443263006719,4.442651268255022,-2.3025750930440454,8.897930140949667,16.337608563285418,-0.91628823187728,-0.46521352015851825,2.415913867586759
7.603897969020386,5.17048400071997,0.5481219865442025,-13.815510557964274,4.430816810748075,-13.815510557964274,4.160444379527248,-13.815510557964274,4.394449167018117,2.460443263006719,4.204692634316339,-2.3025750930440454,8.897930140949667,16.337608563285418,-0.91628823187728,-0.4748135785272081,2.388762880978213
7.603399340239423,5.181783555910062,0.6418544124880456,-13.815510557964274,4.510859517505861,-13.815510557964274,4.152613486069347,-13.815510557964274,4.543294792908302,2.460443263006719,4.543294792908302,-2.3025750930440454,8.897930140949667,16.337608563285418,-0.91628823187728,-0.48288463433251966,2.3702438349258
7.602900462703757,5.1873858114273474,0.7030980064624959,-13.815510557964274,4.189654757177941,-13.815510557964274,4.146304316975597,-13.815510557964274,4.406719259459375,0.4946968515920186,4.356708839510104,-2.3025750930440454,8.897930140949667,16.337608563285418,-0.91628823187728,-0.48450669207331154,2.3513753524015684
7.6024013361650695,2.890371813451719,1.1474027702978087,-13.815510557964274,4.488636380968095,-13.815510557964274,4.13995508939772,-13.815510557964274,4.477336825841843,2.271094529101844,4.521788587918605,-2.3025750930440454,8.897930140949667,16.337608563285418,-0.91628823187728,-0.4910213624842178,2.3418059023011684
7.601901960374667,3.0445224853424695,1.0224512874147111,-13.815510557964274,4.442651268255022,-13.815510557964274,4.133565291401023,-13.815510557964274,4.430816810748075,2.1041342762214192,4.430816810748075,-2.3025750930440454,8.897930140949667,16.337608563285418,-0.91628823187728,-0.4975787522804805,2.322387818329436
7.601402335083484,5.209486158305902,1.0367372395598884,-13.815510557964274,4.394449167018117,-13.815510557964274,4.127134401174124,-13.815510557964274,4.369447865125249,2.1494340300499806,4.317488126869644,-2.3025750930440454,8.897930140949667,16.337608563285418,-0.6931451805619453,-0.5041794254195535,2.3125355228571096
7.600902460042082,5.22035583048373,0.8020020339024202,-13.815510557964274,4.465908130148836,-13.815510557964274,4.119037191072635,-13.815510557964274,4.442651268255022,2.064328030773333,4.442651268255022,-2.3025750930440454,8.897930140949667,16.337608563285418,-0.5108239571007129,-1.3167645671349584,1.686399138755397
7.607381426136563,5.111527698816987,-4.6050701909877585,-13.815510557964274,4.5951198602356,-13.815510557964274,3.639420465311806,-13.815510557964274,4.5951198602356,1.4586152552576293,4.5951198602356,-2.3025750930440454,8.897930140949667,16.337608563285418,2.286397071961912,-0.47122466031470783,2.4808756309649644
7.607878073775032,5.416100406648865,-4.6050701909877585,5.638363210934277,4.5951198602356,-13.815510557964274,3.941581827087166,9.999994999180668e-07,4.5951198602356,1.5539254139203098,4.5951198602356,-2.3025750930440454,8.338445238965276,14.888427531504144,1.5040776189984717,-0.31608017523230725,2.6946272483376346
7.606884531716648,5.442417714850798,-4.6050701909877585,5.536659185265109,4.5951198602356,-13.815510557964274,3.8958936438234657,0.6931476805598203,4.5951198602356,1.4398353650147169,4.5951198602356,-2.3025750930440454,8.382248796631334,14.850197826154037,1.5040776189984717,-0.33967596307676556,2.687847561811899
7.6063873902699175,5.459585518399478,-4.6050701909877585,5.552340464624022,4.5951198602356,-13.815510557964274,3.871201031741224,0.6931476805598203,4.5951198602356,1.4929043208972248,4.5951198602356,-2.3025750930440454,8.234722915527456,14.831290362259518,1.5040776189984717,-0.35524596541504094,2.681021597207439
7.605392365312695,5.459585518399478,1.5282280739282734,4.899091957465424,4.574710988812661,2.079441666679828,3.8264651388529916,0.6931476805598203,4.564348201884503,1.665818434906107,4.553876902126857,-2.3025750930440454,7.448857172984838,14.796948000991328,1.5040776189984717,-0.37687619353136664,2.6246686646269244
7.6048944813096275,5.416100406648865,1.4492693950230355,5.198565147177929,4.564348201884503,3.4339872367432105,3.8044378170199233,0.6931476805598203,4.553876902126857,1.719188955604673,4.564348201884503,-2.3025750930440454,7.668386154394648,14.781783505137657,1.5040776189984717,-0.39600846345441204,2.5952547815837286
7.603399340239423,5.613128110037705,1.0116012753147774,4.591919588391648,4.584967488874653,-13.815510557964274,3.7400477644413046,0.6931476805598203,4.5951198602356,1.7749525204031849,4.5951198602356,-2.3025750930440454,6.906577253482484,14.742324130044562,1.5475627214819476,-0.45098405355249316,2.468099616217378
7.602900462703757,5.648974241682333,0.5596163593638308,4.29376227980795,4.584967488874653,-13.815510557964274,3.720862524180062,0.6931476805598203,4.5951198602356,1.7900915790722522,4.5951198602356,-2.3025750930440454,6.681905248705679,14.730533286261975,1.5475627214819476,-0.4764225867439967,2.415913867586759
7.600902460042082,5.613128110037705,1.0260419542561492,4.033025528524201,4.532599503905944,5.393627550897816,3.6506582672677643,1.0986126220013874,4.543294792908302,1.5933087337562286,4.543294792908302,-2.3025750930440454,6.161657298710275,14.689910390910434,1.6486588178950556,-0.5412831130391169,2.1860513890976385
7.608374474877062,2.772588784739779,1.5163899384369495,-13.815510557964274,4.406719259459375,-13.815510557964274,4.123903380644875,-13.815510557964274,4.488636380968095,1.782720095474845,4.488636380968095,-2.3025750930440454,8.773569185776202,13.340950966065552,1.2809341232398035,-0.21815476602284956,2.714694810046042
7.605890001550634,4.744932137058902,1.8809907553950105,6.45438839105678,4.189654757177941,1.6094381124340804,4.0792309413325265,-13.815510557964274,4.532599503905944,1.9315215565307395,4.543294792908302,-2.3025750930440454,8.80721469910422,13.33655175053827,1.3862946111198593,-0.23952575991751052,2.7080502677688743
7.605392365312695,4.762173943344765,1.864080285846429,6.193755937193905,4.465908130148836,-13.815510557964274,4.069026771331828,-13.815510557964274,4.510859517505861,1.9021076756506405,4.521788587918605,-2.3025750930440454,8.809682847545826,13.334719351474021,1.4109872176126714,-0.24207028731518962,2.681021597207439
7.6048944813096275,4.795790553861204,1.8196989999918376,6.56404045132247,4.532599503905944,-13.815510557964274,4.05698879297937,-13.815510557964274,4.553876902126857,1.8131949130802438,4.553876902126857,-2.3025750930440454,8.899148734793531,13.332574058515087,1.4350847633845325,-0.2561821134035804,2.6532420350297476
7.6043963492945945,4.828313745302301,1.6054300918397544,6.5199123276712365,4.189654757177941,-13.815510557964274,4.0465539158682695,-13.815510557964274,4.521788587918605,1.9080600732921573,4.521788587918605,-2.3025750930440454,8.692346734942497,13.330799299847888,1.4586152552576295,-0.27180741096039385,2.6100698662714152
7.603399340239423,4.890349135740551,1.5163899384369495,6.267784198108911,4.392730371564323,-13.815510557964274,4.01998016488656,-13.815510557964274,4.411699021239751,2.1353492918214347,4.410047825781849,-2.3025750930440454,8.209204440255705,13.328175198242615,1.52605652088633,-0.2930283382967009,2.5494452490505686
7.6024013361650695,4.897839807413598,-4.6050701909877585,6.204715926423765,4.392730371564323,-13.815510557964274,3.992680926895785,-13.815510557964274,4.411699021239751,2.187174353716157,4.410047825781849,-2.3025750930440454,7.933500594728083,13.324923740865847,1.568616126247157,-1.3167645671349584,1.686399138755397
7.608374474877062,4.553876902126857,1.5163899384369495,-13.815510557964274,4.5951198602356,2.833213402879744,4.069026771331828,2.9957323235539897,4.5951198602356,1.782720095474845,4.5951198602356,-2.3025750930440454,7.954121387832595,15.063496994113462,2.533696893322509,-0.43850341179996943,2.49320553524732
7.607878073775032,4.564348201884503,-0.8439677447158378,5.291969010811673,4.5951198602356,2.3025851929940404,4.051784965194609,3.0445224853424695,4.5951198602356,1.7766460006227303,4.5951198602356,-2.3025750930440454,8.056589558647186,15.048619356714815,2.533696893322509,-0.44628554012964017,2.49320553524732
7.607381426136563,4.574710988812661,-0.7985054739980185,5.192178191702704,4.5951198602356,4.521788587918605,4.0342406558515105,3.0445224853424695,4.5951198602356,1.7817093017247079,4.5951198602356,-2.3025750930440454,8.042944689593407,17.158115227083496,2.533696893322509,-0.4557047472590887,2.49320553524732
7.606884531716648,4.5951198602356,-0.597835182575455,2.9527484815324208,4.5951198602356,5.393627550897816,4.016383038770407,3.09104249881286,4.5951198602356,1.8164522444200393,4.5951198602356,-2.3025750930440454,5.686116441815614,17.158115227083496,2.525728724308252,-0.4732071550595355,2.4510051843192118
7.6063873902699175,2.6390574010438272,-0.6161842875736797,3.0953310351405636,4.584967488874653,5.393627550897816,4.000033901065877,3.09104249881286,4.584967488874653,1.7900915790722522,4.5951198602356,-2.3025750930440454,5.828699001908937,17.158115227083496,2.525728724308252,-0.4910213624842178,2.415913867586759
7.605890001550634,2.397895363707457,-0.5798167095402507,5.213081973020299,4.584967488874653,5.393627550897816,3.9815490867334726,3.13549425940741,4.5951198602356,1.7681497742373709,4.5951198602356,-2.3025750930440454,7.949531643334373,14.994054471213653,2.525728724308252,-0.505836423881534,2.3702438349258
7.605392365312695,4.753590199727054,-0.47803418804107467,5.2379848522827865,4.584967488874653,5.393627550897816,3.9646154745226485,3.13549425940741,4.5951198602356,1.7351892941064881,4.5951198602356,-2.3025750930440454,7.959120287972164,17.158115227083496,2.533696893322509,-0.5175129340658459,2.3513753524015684
7.607878073775032,5.9269260286370775,-4.6050701909877585,4.005724542059553,4.369447865125249,2.1972246884473243,3.100092333923278,3.8066625119925415,4.369447865125249,1.9430490600407466,4.369447865125249,0.09531108889482073,6.4350072715331095,17.11918264827304,1.9600949248923303,-0.8940376779545494,2.208274523412908
7.607381426136563,3.828641418228225,0.14842086718686706,1.7601551899039052,4.356708839510104,2.079441666679828,3.081910015666602,3.8066625119925415,4.356708839510104,1.7749525204031849,4.356708839510104,0.09531108889482073,4.189437779097732,17.090175690985955,1.9600949248923303,-0.9038657427428437,2.208274523412908
7.606884531716648,3.871201031741224,0.17395414745921928,3.9102188431056204,4.330733353444225,4.976733749317126,3.0587071196637354,3.8066625119925415,4.290459454847021,1.719188955604673,4.330733353444225,0.09531108889482073,6.339501570900736,14.758507873028247,1.9600949248923303,-0.91628823187728,2.219203592750641
7.605392365312695,1.3862946111198593,0.1655152859348413,3.682664439861374,4.304065106717683,4.094344578888768,0.7419378209197403,3.8066625119925415,4.304065106717683,1.6919393181078897,4.304065106717683,0.09531108889482073,6.139566870305179,14.670973422369421,1.9878744851406376,-0.9623320525779412,2.219203592750641
7.6048944813096275,3.8066625119925415,0.39204276345147104,-0.22700501593163772,4.317488126869644,1.3862946111198593,2.980618686505363,3.8066625119925415,4.304065106717683,1.5912741454723962,4.317488126869644,0.09531108889482073,3.9726988259339056,16.944319783400278,2.00148013534525,-0.9888587365405607,2.174751835120518
7.6043963492945945,6.052089171277358,0.02955977311485946,3.9880628798278495,4.317488126869644,5.393627550897816,2.96010514772431,3.8066625119925415,4.317488126869644,1.6582282670797048,4.317488126869644,0.09531108889482073,6.0453516007543096,16.915079601865664,2.014903153875589,-1.0216484697580617,2.1041342762214192
7.603897969020386,6.073044536404552,0.18232239012694063,4.070674044061046,4.317488126869644,5.209486158305902,2.939161974975648,3.8066625119925415,4.290459454847021,1.873339609830297,4.356708839510104,0.09531108889482073,5.95520689899843,16.885768641365704,2.014903153875589,-1.0412843891916632,2.0668628860552465
7.608374474877062,5.293304829749618,1.5163899384369495,-13.815510557964274,4.488636380968095,1.7917596358947079,3.1696856226942347,3.8066625119925415,4.488636380968095,1.782720095474845,4.488636380968095,-1.2039694709981583,7.085559456933761,15.472532002117871,3.250374530687261,-0.5942054211124796,2.208274523412908
7.607878073775032,3.0445224853424695,-4.6050701909877585,3.8141430575363264,4.477336825841843,4.804021052929977,3.131136954228315,3.8066625119925415,4.477336825841843,0.8241758815627445,4.477336825841843,-1.2039694709981583,7.14116101984327,17.158115227083496,3.2580965764830196,-0.6033046484082619,2.208274523412908
7.605890001550634,3.367295864469232,-1.2039694709981583,2.8612254636503858,4.521788587918605,5.247024077423644,2.9856819882055388,3.8066625119925415,4.127134401174124,0.6523257068728878,4.127134401174124,-0.6931451805619453,6.895416047017536,15.455651472163037,3.2733640480310577,-0.6635864365727132,2.174751835120518
7.6048944813096275,5.690359457702439,-1.2039694709981583,2.254495222161986,4.442651268255022,5.393627550897816,2.906901114492183,3.8066625119925415,4.442651268255022,0.6259389656257106,4.442651268255022,-0.5108239571007129,6.467623217042436,17.158115227083496,3.277144770728025,-0.7072440765439383,2.1041342762214192
7.603897969020386,3.09104249881286,-1.2729621043906936,1.5331565379362653,4.317488126869644,5.393627550897816,2.833213402879744,3.8066625119925415,4.406719259459375,0.5766139261015888,4.406719259459375,-0.5108239571007129,5.693640690176957,17.158115227083496,3.277144770728025,-0.7465458475846447,2.079441666679828
7.603399340239423,5.411646056319325,-1.2729621043906936,1.027418492636947,4.189654757177941,5.393627550897816,2.7972813958057605,3.8066625119925415,4.454347307881415,0.6043165133012677,4.290459454847021,-0.6931451805619453,5.510370692015566,17.158115227083496,3.277144770728025,-0.7657157228594588,2.0668628860552465
7.6024013361650695,5.442417714850798,-0.91628823187728,1.341352817898821,4.189654757177941,5.393627550897816,2.721295493641702,3.8066625119925415,4.454347307881415,0.6780340503639815,4.356708839510104,-0.6931451805619453,5.392637633823315,17.158115227083496,3.2809112533816376,-0.8096787496274106,2.0412204587297595
7.601901960374667,5.459585518399478,-0.8915956802623679,1.2301906739981525,4.392730371564323,5.393627550897816,2.681021597207439,3.8066625119925415,4.430816810748075,0.9162911318740751,4.369447865125249,-0.91628823187728,4.968260087021206,13.063508937892424,3.2809112533816376,-0.8324069490455207,2.028148378871224
7.600902460042082,5.493061447455775,-1.0498192673599023,0.9208556137289258,4.392730371564323,5.393627550897816,2.6100698662714152,3.8066625119925415,4.477336825841843,0.6097661150990075,4.406719259459375,-0.91628823187728,5.263661142247557,15.36210706833941,3.2809112533816376,-0.8746666591046763,2.014903153875589
7.608374474877062,5.5134287501972405,1.5163899384369495,-13.815510557964274,4.521788587918605,5.356586279388994,3.5751507167967973,1.0986126220013874,4.521788587918605,1.782720095474845,4.521788587918605,0.09531108889482073,8.46330072441999,14.7015733958053,2.791165169162408,-0.45098405355249316,2.459588927273792
7.606884531716648,5.446737375976655,-4.6050701909877585,6.68069585476053,4.430816810748075,4.454347307881415,3.5055574270164276,1.3862946111198593,4.430816810748075,2.1090004652805963,4.430816810748075,0.09531108889482073,8.656859045870752,14.632614565937264,2.939161974975648,-0.4796483907899605,2.4423471223257223
7.6063873902699175,5.5909869842422,2.0592389619133287,2.066386181497351,4.406719259459375,4.369447865125249,3.481240120104922,1.3862946111198593,4.442651268255022,2.1724765215422353,4.406719259459375,0.09531108889482073,4.042549264659056,14.61104328334179,2.9856819882055388,-0.4910213624842178,2.4423471223257223
7.6024013361650695,6.082218912659551,1.6639262871120917,5.685812498109307,4.392730371564323,5.393627550897816,3.277144770728025,1.3862946111198593,4.406719259459375,1.8748745293127829,4.369447865125249,0.09531108889482073,7.816968472464525,14.501902473009846,3.292126323782514,-0.5905887871823305,2.459588927273792
7.601402335083484,6.054439348616788,1.6272780270260663,5.326943133161747,4.392730371564323,5.393627550897816,3.222867885978375,1.3862946111198593,4.369447865125249,1.821318433281884,4.356708839510104,0.09531108889482073,7.514415414702686,14.474892039689605,3.292126323782514,-0.5869851861720209,2.459588927273792
7.607381426136563,5.111527698816987,-4.6050701909877585,2.7476937011505664,4.465908130148836,-13.815510557964274,4.4693504743003105,-13.815510557964274,4.465908130148836,1.5368674346530053,4.465908130148836,-2.3025750930440454,4.914001118863341,16.337608563285418,-1.6094329124466003,-0.47122466031470783,2.2617632026404517
7.605890001550634,5.181783555910062,-1.4271121889821596,4.4382064073563035,4.406719259459375,5.247024077423644,2.7972813958057605,3.401197414995488,4.418840619844791,1.8609746937705112,4.406719259459375,-1.6094329124466003,6.383816591234464,14.81729508254636,3.292126323782514,-0.6635864365727132,2.4069451984083745
7.605392365312695,5.209486158305902,-1.5141231871855605,1.8235118654003817,4.488636380968095,5.2417470203506475,2.7663191721192657,3.465735934049726,4.532599503905944,1.857859426938807,4.488636380968095,-1.6094329124466003,3.886292825250642,14.799128294539853,3.292126323782514,-0.6891531672605193,2.3513753524015684
7.608374474877062,4.04305128537841,1.5163899384369495,-13.815510557964274,4.543294792908302,1.945910291912446,4.128746005042492,9.999994999180668e-07,4.553876902126857,1.782720095474845,4.553876902126857,-2.3025750930440454,9.733547763562223,16.645183701723365,0.6418544124880456,-0.08012496105625308,2.8959119935203974
7.606884531716648,4.127134401174124,2.202764868209066,7.05846298342315,4.189654757177941,2.3025851929940404,1.8718023307477334,9.999994999180668e-07,4.574710988812661,2.4069451984083745,4.574710988812661,-2.3025750930440454,9.733547763562223,16.63420501117133,0.6418544124880456,-0.0822941569510895,2.8959119935203974
7.6063873902699175,4.143134742264548,2.192770338593976,6.954037773001914,4.189654757177941,3.9318256523321686,4.0926765218158945,9.999994999180668e-07,4.574710988812661,0.4252683889989017,4.574710988812661,-2.3025750930440454,8.585721293768078,14.3279592638202,0.6418544124880456,-0.0932112840279403,2.8449094419589405
7.605890001550634,4.1588830989846715,2.2332351220403828,6.942756948705993,4.392730371564323,2.7080502677688743,4.082609322867086,9.999994999180668e-07,4.574710988812661,0.39204276345147104,4.574710988812661,-2.3025750930440454,8.582654067865837,16.625840173001617,0.6418544124880456,-0.0987148691870074,2.833213402879744
7.605392365312695,4.174387285280252,2.222459156857117,4.573252074614252,4.392730371564323,2.7080502677688743,4.070734713647814,9.999994999180668e-07,4.574710988812661,0.2546429935670787,4.574710988812661,-2.3025750930440454,6.252576106113676,14.318337074003116,0.6418544124880456,-0.0987148691870074,2.8273136811006236
7.6048944813096275,4.219507719881989,2.2638443686277134,7.151389511025543,4.392730371564323,4.691347891403455,4.058717401850107,9.999994999180668e-07,4.574710988812661,2.2586333099580655,4.574710988812661,-2.3025750930440454,9.733547763562223,16.615568096547804,0.6418544124880456,-0.09981923031044566,2.821378945933021
7.6043963492945945,4.219507719881989,2.2544448225978995,7.151389511025543,4.392730371564323,2.3025851929940404,4.048300641172701,9.999994999180668e-07,4.574710988812661,2.2364453973271017,4.574710988812661,-2.3025750930440454,9.733547763562223,16.61167517193281,0.6931476805598203,-0.1064711321640831,2.8094027556034598
7.603897969020386,4.262679891125822,2.2813615586874594,7.151389511025543,4.392730371564323,9.999994999180668e-07,4.0342406558515105,9.999994999180668e-07,4.564348201884503,2.2364453973271017,4.564348201884503,-2.3025750930440454,9.733547763562223,14.306915413517237,0.6931476805598203,-0.11316757828543629,2.8033604415125937
7.603399340239423,4.2766661329049445,2.271094529101844,7.151389511025543,4.392730371564323,1.3862946111198593,4.021773887308412,9.999994999180668e-07,4.564348201884503,2.2617632026404517,4.564348201884503,-2.3025750930440454,9.733547763562223,16.60789381923229,0.6931476805598203,-0.1187824098644749,2.7972813958057605
7.602900462703757,4.3438054348406965,2.257587831665815,7.151389511025543,4.392730371564323,2.397895363707457,4.007333203414289,9.999994999180668e-07,4.584967488874653,2.1424164582121095,4.584967488874653,-2.3025750930440454,9.733547763562223,16.605557187752908,0.6931476805598203,-0.12216650403134305,2.8033604415125937
7.6024013361650695,2.079441666679828,2.257587831665815,7.151389511025543,4.392730371564323,1.3862946111198593,3.992680926895785,9.999994999180668e-07,4.584967488874653,2.1353492918214347,4.584967488874653,-2.3025750930440454,9.733547763562223,14.29949845001674,0.7419378209197403,-0.12669651797282191,2.8033604415125937
7.601901960374667,4.394449167018117,2.270062004594265,7.151389511025543,4.392730371564323,1.0986126220013874,3.9778107646927405,9.999994999180668e-07,4.574710988812661,2.121063336274725,4.574710988812661,-2.3025750930440454,9.733547763562223,16.59736428964454,0.7419378209197403,-0.12556208918914039,2.8273136811006236
7.608374474877062,4.189654757177941,2.16332314060306,-13.815510557964274,4.521788587918605,2.3025851929940404,4.2121276126932985,-13.815510557964274,4.521788587918605,1.782720095474845,4.521788587918605,-2.3025750930440454,8.248501312011562,16.337608563285418,-0.35667351536832426,-0.09101830309751643,2.954910331117068
7.607878073775032,4.204692634316339,2.204972374380622,6.9472436841873195,4.532599503905944,5.393627550897816,4.203198982081866,-13.815510557964274,4.532599503905944,2.4248028142138662,4.532599503905944,-2.3025750930440454,8.401388711601703,16.337608563285418,-0.35667351536832426,-0.09430958057074615,2.954910331117068
7.607381426136563,4.2341065190900125,2.217027313564855,7.151389511025543,4.532599503905944,2.079441666679828,4.195697071542629,-13.815510557964274,4.521788587918605,2.41323170260662,4.521788587918605,-2.3025750930440454,9.733547763562223,16.337608563285418,-0.5108239571007129,-0.09650979905986425,2.96010514772431
7.606884531716648,1.945910291912446,2.219203592750641,6.829323756061416,4.532599503905944,4.219507719881989,4.188138456682968,-13.815510557964274,4.532599503905944,2.444952421011233,4.532599503905944,-2.3025750930440454,8.29336346498772,16.337608563285418,-0.5108239571007129,-0.10092481239588207,2.970414516851751
7.605890001550634,4.262679891125822,2.2638443686277134,7.151389511025543,4.189654757177941,3.761200138949376,4.171305618790328,-13.815510557964274,4.532599503905944,2.415913867586759,4.532599503905944,-2.3025750930440454,9.733547763562223,16.337608563285418,-0.5108239571007129,-0.1064711321640831,2.970414516851751
7.605392365312695,4.290459454847021,2.223541993878695,4.152252598164071,4.532599503905944,5.28826703574504,4.163559646795673,-13.815510557964274,4.521788587918605,2.4168063262901307,4.521788587918605,-2.3025750930440454,5.645241685776002,16.337608563285418,-0.5108239571007129,-0.11093044338947007,2.96010514772431
7.6048944813096275,4.317488126869644,2.250238717995909,7.151389511025543,4.189654757177941,-13.815510557964274,4.155753206024725,-13.815510557964274,4.488636380968095,0.5306288392972914,4.488636380968095,-2.3025750930440454,9.733547763562223,16.337608563285418,-0.5108239571007129,-0.11204838524101579,2.970414516851751
7.6043963492945945,4.330733353444225,2.218116045181518,6.407392490195184,4.477336825841843,3.2188758648682,4.146304316975597,-13.815510557964274,4.477336825841843,2.122261658623236,4.477336825841843,-2.3025750930440454,8.089401094055601,16.337608563285418,-0.5108239571007129,-0.11540972917750185,2.954910331117068
7.603897969020386,4.330733353444225,2.2343063593071264,6.207025022841975,4.465908130148836,2.9957323235539897,4.136765294080494,-13.815510557964274,4.488636380968095,2.157559436550718,4.488636380968095,-2.3025750930440454,7.889033626510823,16.337608563285418,-0.5108239571007129,-0.1187824098644749,2.949688387408604
7.603399340239423,4.356708839510104,2.2310891987003556,6.196557874889229,4.465908130148836,2.9957323235539897,4.128746005042492,-13.815510557964274,4.488636380968095,2.1102133215587036,4.488636380968095,-2.3025750930440454,7.9287285511007175,16.337608563285418,-0.5108239571007129,-0.12103719970952145,2.939161974975648
7.602900462703757,4.369447865125249,2.213753988577041,6.092163562611384,4.477336825841843,3.49650759176951,4.119037191072635,-13.815510557964274,4.465908130148836,2.0655962616004873,4.488636380968095,-2.3025750930440454,7.840863540511808,16.337608563285418,-0.5108239571007129,-0.12329708512341395,2.9123507189627644
7.6024013361650695,4.406719259459375,2.187174353716157,7.151389511025543,4.488636380968095,4.189654757177941,1.9315215565307395,-13.815510557964274,4.454347307881415,2.0425183172769157,4.127134401174124,-2.3025750930440454,9.733547763562223,16.337608563285418,-0.5108239571007129,-0.12669651797282191,2.901421649027803
7.601901960374667,4.418840619844791,2.2115658041358963,7.151389511025543,4.488636380968095,3.0445224853424695,1.840549792127633,-13.815510557964274,4.430816810748075,2.0655962616004873,4.127134401174124,-2.3025750930440454,9.733547763562223,16.337608563285418,-0.5108239571007129,-0.1358185776678186,2.862200938072324
7.601402335083484,4.418840619844791,2.1690538146552307,7.151389511025543,4.189654757177941,4.174387285280252,4.0876555908498275,-13.815510557964274,4.406719259459375,2.025513331580393,4.127134401174124,-2.3025750930440454,9.53841003644111,16.337608563285418,-0.5108239571007129,-0.14156241224871777,2.856470263691746
7.600902460042082,4.465908130148836,2.187174353716157,7.151389511025543,4.189654757177941,4.174387285280252,4.07584110763547,-13.815510557964274,4.406719259459375,2.0108951330135256,4.127134401174124,-2.3025750930440454,9.52084456735251,16.337608563285418,-0.5108239571007129,-0.1461813527713438,2.8449094419589405
7.607878073775032,4.997212280520872,1.2669478851774256,6.159357116183284,4.584967488874653,-13.815510557964274,3.974058415144591,1.0986126220013874,4.5951198602356,2.240709795658931,4.584967488874653,-2.3025750930440454,7.588558976738754,13.327745321125485,1.252763254209613,-0.45255514331620694,2.4510051843192118
7.607381426136563,5.0562458117177345,1.2753630797421789,5.903955359140117,4.584967488874653,-13.815510557964274,3.9589066104109656,1.0986126220013874,4.5951198602356,2.131796890637719,4.584967488874653,-2.3025750930440454,7.521425441127869,15.598186732021903,1.252763254209613,-0.4620338722962311,2.4423471223257223
7.606884531716648,5.0562458117177345,1.2892329237588152,5.813585385050606,4.584967488874653,-13.815510557964274,3.945457800856743,1.0986126220013874,4.5951198602356,2.1282318248968797,4.584967488874653,-2.3025750930440454,7.491302135809215,13.284002520004783,1.252763254209613,-0.4700020292470155,2.4423471223257223
7.605890001550634,5.036952608907136,1.2178760053528719,5.712757221200857,4.584967488874653,-13.815510557964274,1.6486588178950556,1.0986126220013874,4.5951198602356,1.8840348973128982,4.584967488874653,-2.3025750930440454,7.330731462026625,15.562572999698203,1.3083330899204126,-0.4877587221718257,2.4336134431197443
7.605392365312695,5.093750206941731,1.2119412715941162,5.679329598493422,4.584967488874653,-13.815510557964274,3.8999504444367914,1.0986126220013874,4.5951198602356,1.919859618482926,4.584967488874653,-1.6094329124466003,7.2892676333202155,15.550096495591225,1.3083330899204126,-0.48938871172588594,2.4248028142138662
7.6048944813096275,5.129898720840234,1.2919839563738864,5.617005379311393,4.574710988812661,-13.815510557964274,3.8836235514825796,1.0986126220013874,4.574710988812661,1.9430490600407466,4.574710988812661,-1.6094329124466003,7.325711290594275,13.234720161999164,1.3083330899204126,-0.4992248404775378,2.4069451984083745
7.6043963492945945,5.153291600278126,1.3428650642891264,5.533392580422346,4.532599503905944,-13.815510557964274,3.869115525293696,1.3862946111198593,4.532599503905944,1.9329697824973684,4.532599503905944,-1.6094329124466003,7.203642629131474,13.22169455306929,1.3609768095458243,-0.509158680554803,2.397895363707457
7.603897969020386,2.833213402879744,1.3056267290551091,3.0639158445122625,4.477336825841843,-13.815510557964274,3.852273022253794,1.3862946111198593,4.477336825841843,1.8453003941339554,4.477336825841843,-1.2039694709981583,4.828254679558427,13.208928154684987,1.3609768095458243,-0.5158364905490618,2.397895363707457
7.603399340239423,5.267858164217968,1.3083330899204126,5.3871137361151025,4.454347307881415,-13.815510557964274,3.8372994807839333,1.3862946111198593,4.465908130148836,1.8099269368496118,4.454347307881415,-1.2039694709981583,7.069122337431101,15.498074017273419,1.3609768095458243,-0.5242469549103689,2.397895363707457
7.6024013361650695,5.28826703574504,1.3270752667118737,0.9331234270101134,4.454347307881415,-13.815510557964274,3.8044378170199233,1.6094381124340804,4.454347307881415,1.8115622599229142,4.454347307881415,-1.2039694709981583,4.749835867963699,13.17092303882147,1.4109872176126714,-0.5395663773672496,2.397895363707457
7.601901960374667,5.283203733814131,1.252763254209613,0.7382853954250042,4.442651268255022,-13.815510557964274,3.7887248117080867,1.6094381124340804,4.442651268255022,1.7422191987992521,4.442651268255022,-0.91628823187728,2.4111953425420944,15.458718586770342,1.4586152552576295,-0.5499112793732863,2.3702438349258
7.600902460042082,5.257495377236115,1.2837080493530615,2.724919717960651,4.418840619844791,-13.815510557964274,3.7565381259522366,1.6094381124340804,4.442651268255022,1.6845455704496455,4.418840619844791,-0.91628823187728,4.7559520634816845,13.174568655809907,1.4586152552576295,-0.5762516497305983,2.3125355228571096
7.606884531716648,5.446737375976655,-4.6050701909877585,3.3930032620402057,4.262679891125822,5.393627550897816,2.8959119935203974,3.8066625119925415,4.262679891125822,1.8099269368496118,4.262679891125822,-0.35667351536832426,5.970025169817026,16.690860833984445,0.87546915402048,-1.1056338824616017,1.686399138755397
7.605890001550634,5.5294290914796775,-2.12025520290148,1.7721962743856374,4.189654757177941,5.393627550897816,2.8507065593072,3.8066625119925415,4.317488126869644,1.850028534584723,4.127134401174124,-0.10535940454733242,5.852637764334748,16.614350311974597,1.1939227715026917,-1.164748886049586,1.686399138755397
7.605392365312695,5.572154035980046,-2.207265822321952,1.7343785716992695,4.262679891125822,5.393627550897816,2.8273136811006236,3.8066625119925415,4.262679891125822,1.9430490600407466,4.262679891125822,0.09531108889482073,5.832730981717922,16.576400680143532,2.5494452490505686,-1.1809042740712548,1.686399138755397
7.6043963492945945,5.6204008693403384,-2.3025750930440454,3.5782075940390676,4.392730371564323,5.393627550897816,2.778819334102217,3.8066625119925415,4.127134401174124,1.937301918610922,4.127134401174124,0.09531108889482073,5.678668478379526,16.501201851267624,3.1223649685402197,-1.2275792570016109,1.686399138755397
7.603897969020386,5.624017509797447,-2.207265822321952,3.7709646512542365,4.392730371564323,4.077537460854872,2.7536607760485277,3.8066625119925415,4.127134401174124,2.0001278702780985,4.127134401174124,0.09531108889482073,5.55475593176441,14.16141248073365,3.1398326608177904,-1.2517599716649008,1.686399138755397
7.603897969020386,5.9814142137797335,2.26799375174409,2.3377393995112667,4.189654757177941,5.393627550897816,2.9907197819817015,3.8066625119925415,4.127134401174124,1.2974634206372813,4.127134401174124,0.09531108889482073,4.785350176264576,16.4730737360461,3.2268440341999165,-0.7635674989360469,2.1972246884473243
7.607381426136563,5.111527698816987,-4.6050701909877585,-13.815510557964274,4.5951198602356,-13.815510557964274,4.3476939685299865,-13.815510557964274,4.5951198602356,1.974081164910889,4.5951198602356,-2.3025750930440454,8.897930140949667,16.337608563285418,-1.6094329124466003,-0.47122466031470783,2.4808756309649644
7.608374474877062,4.077537460854872,1.7867470949086843,-13.815510557964274,4.392730371564323,2.6390574010438272,4.114147205858149,-13.815510557964274,4.553876902126857,1.782720095474845,4.553876902126857,-2.3025750930440454,8.916673297208693,13.159402867266836,0.40546577477460877,-0.05339972187535095,2.873564696076957
7.607878073775032,4.1108738805667535,1.801709965097711,5.179749397411956,4.392730371564323,1.0986126220013874,1.9169227592408737,-13.815510557964274,4.532599503905944,2.274185721353001,4.532599503905944,-2.3025750930440454,6.882948684921124,15.452024970976035,0.40546577477460877,-0.05656929328789601,2.873564696076957
7.607381426136563,4.127134401174124,1.8261610569759703,5.458661189215121,4.392730371564323,2.079441666679828,1.840549792127633,-13.815510557964274,4.543294792908302,2.2396453997164385,4.543294792908302,-2.3025750930440454,7.163509282968958,13.27013317118274,0.40546577477460877,-0.05974894283521222,2.862200938072324
7.606884531716648,4.1108738805667535,1.8261610569759703,7.151389511025543,4.392730371564323,1.3862946111198593,4.091005677678994,-13.815510557964274,4.553876902126857,2.2148462878563384,4.553876902126857,-2.3025750930440454,9.355628495195862,13.158836087486087,0.336472950906672,-0.060811076698066,2.8678989588622863
7.6063873902699175,4.204692634316339,1.8764070964276849,5.62529846591342,4.392730371564323,3.6635616717706716,4.084294243203616,-13.815510557964274,4.543294792908302,2.212660494875243,4.543294792908302,-2.3025750930440454,7.362001726458891,13.113096572895815,0.336472950906672,-0.06293873481171494,2.8678989588622863
7.605392365312695,4.204692634316339,1.899118137249142,4.958464025630305,4.392730371564323,0.6931476805598203,4.069026771331828,-13.815510557964274,4.543294792908302,2.250238717995909,4.543294792908302,-2.3025750930440454,6.706589452184916,15.390093222720093,0.336472950906672,-0.06613873412904725,2.856470263691746
7.6043963492945945,4.204692634316339,1.88706980054752,7.151389511025543,4.392730371564323,-13.815510557964274,4.051784965194609,-13.815510557964274,4.532599503905944,2.1494340300499806,4.532599503905944,-2.3025750930440454,9.733547763562223,13.079775240841737,0.336472950906672,-0.06827777009005594,2.8678989588622863
7.603897969020386,1.945910291912446,1.8671762630723026,7.151389511025543,4.392730371564323,-13.815510557964274,4.04305128537841,-13.815510557964274,4.543294792908302,2.131796890637719,4.543294792908302,-2.3025750930440454,9.733547763562223,13.053392648531513,0.40546577477460877,-0.07149492759179069,2.862200938072324
7.603399340239423,4.290459454847021,1.851599626569931,7.151389511025543,4.392730371564323,-13.815510557964274,4.0342406558515105,-13.815510557964274,4.510859517505861,2.1849271620117463,4.510859517505861,-2.3025750930440454,9.733547763562223,15.346617347128424,0.40546577477460877,-0.073645463742613,2.8678989588622863
7.602900462703757,4.3438054348406965,1.8277700675227793,6.917532339379302,4.392730371564323,1.945910291912446,4.023564398050141,-13.815510557964274,4.521788587918605,2.244956086089607,4.521788587918605,-2.3025750930440454,8.658218537274049,13.037221524494466,0.40546577477460877,-0.0790421250899562,2.862200938072324
7.601901960374667,4.394449167018117,1.7732561674427678,6.619649569075347,4.392730371564323,1.6094381124340804,4.000033901065877,-13.815510557964274,4.532599503905944,2.2638443686277134,4.532599503905944,-2.3025750930440454,8.380491934590756,15.328031981169783,0.40546577477460877,-0.08773782260554586,2.839078521988145
7.601402335083484,4.406719259459375,1.7029284376707852,7.151389511025543,4.392730371564323,1.3862946111198593,3.988984065082793,-13.815510557964274,4.510859517505861,2.157559436550718,4.510859517505861,-2.3025750930440454,9.733547763562223,15.32263907311928,0.40546577477460877,-0.08664671621372584,2.862200938072324
7.600902460042082,4.442651268255022,1.7351892941064881,7.151389511025543,4.392730371564323,-13.815510557964274,3.9759363499335247,-13.815510557964274,4.510859517505861,2.112634629954577,4.127134401174124,-2.3025750930440454,9.733547763562223,13.016929525726372,0.40546577477460877,-0.0932112840279403,2.839078521988145
7.608374474877062,4.5951198602356,1.5163899384369495,-13.815510557964274,4.5951198602356,-13.815510557964274,4.000033901065877,9.999994999180668e-07,4.5951198602356,1.782720095474845,4.5951198602356,-2.3025750930440454,9.7188050708109,16.337608563285418,2.6390574010438272,-0.22941190646696094,2.6173959058267773
7.607878073775032,2.397895363707457,-0.91628823187728,5.113139978547289,4.5951198602356,-13.815510557964274,3.9796816725935495,9.999994999180668e-07,4.5951198602356,1.2669478851774256,4.5951198602356,-2.3025750930440454,7.8072872687256964,16.337608563285418,2.6390574010438272,-0.22815483685713603,2.6173959058267773
7.605890001550634,2.772588784739779,-0.5798167095402507,4.861563398383472,4.5951198602356,1.0986126220013874,3.947390168570456,9.999994999180668e-07,4.5951198602356,1.0079582853634161,4.5951198602356,-2.3025750930440454,7.56462605098689,16.337608563285418,2.6173959058267773,-0.22689934548756477,2.602689759518455
7.605392365312695,2.890371813451719,-0.5798167095402507,6.947581061928381,4.584967488874653,2.944439031798018,3.941581827087166,9.999994999180668e-07,4.564348201884503,1.0402770650119744,4.584967488874653,-2.3025750930440454,9.728201954887172,16.337608563285418,2.6173959058267773,-0.24589925966526502,2.5176965532561493
7.6048944813096275,2.944439031798018,-0.5621171637691152,4.812969663197657,4.5951198602356,2.890371813451719,3.9337845167791303,9.999994999180668e-07,4.574710988812661,0.7419378209197403,4.5951198602356,-2.3025750930440454,7.729890748318202,16.337608563285418,2.6173959058267773,-0.26787813796691307,2.4765384841510936
7.6043963492945945,4.727387827561898,-0.5621171637691152,4.482441729358524,4.5951198602356,3.1780538720146114,1.722766776312516,9.999994999180668e-07,4.574710988812661,0.8878916688750063,4.5951198602356,-2.3025750930440454,7.3684231282558725,16.337608563285418,2.6246686646269244,-0.28368872316187693,2.4423471223257223
7.603897969020386,4.744932137058902,-0.5447254513052273,4.363243977281502,4.5951198602356,2.5649494343846104,1.6292407358086922,9.999994999180668e-07,4.584967488874653,0.8372479574340415,4.584967488874653,-2.3025750930440454,7.278318335771382,16.337608563285418,2.6246686646269244,-0.2903509641101577,2.4510051843192118
7.603399340239423,4.770684632940241,-0.4620338722962311,6.749944749668585,4.5951198602356,3.2188758648682,3.9019726897766644,9.999994999180668e-07,4.5951198602356,0.9516582618117579,4.5951198602356,-2.3025750930440454,9.423593523010151,16.337608563285418,2.6246686646269244,-0.29840468810676984,2.4423471223257223
7.602900462703757,4.804021052929977,-0.49429468247186154,4.255153396690522,4.5951198602356,2.890371813451719,3.8897774169307238,9.999994999180668e-07,4.5951198602356,1.0919236360877267,4.5951198602356,-2.3025750930440454,7.02934338704864,16.337608563285418,2.6318889120790896,-0.30924488797072935,2.4423471223257223
7.6024013361650695,4.844187094332607,-0.5798167095402507,4.184433773123333,4.5951198602356,9.999994999180668e-07,3.873282197901736,9.999994999180668e-07,4.5951198602356,1.1537319033465527,4.5951198602356,-2.3025750930440454,6.8771028579875395,16.337608563285418,2.6318889120790896,-0.3215822448180687,2.415913867586759
7.601901960374667,2.5649494343846104,-0.6161842875736797,6.3731783043124715,4.5951198602356,1.6094381124340804,3.856510316639536,9.999994999180668e-07,4.5951198602356,1.1568815112574449,4.5951198602356,-2.3025750930440454,9.062897547217629,16.337608563285418,2.6318889120790896,-0.33407371537442204,2.397895363707457
7.600902460042082,4.927253692403581,-0.9675813946862208,4.141014640597017,4.5951198602356,2.7080502677688743,3.8264651388529916,9.999994999180668e-07,4.5951198602356,1.3083330899204126,4.5951198602356,-2.3025750930440454,6.758310463685249,16.337608563285418,2.646174868306106,-1.3167645671349584,2.3418059023011684
7.608374474877062,5.081404371195643,1.5163899384369495,-13.815510557964274,4.2766661329049445,5.393627550897816,3.234749213394569,3.8066625119925415,4.2766661329049445,1.782720095474845,4.2766661329049445,-2.3025750930440454,7.26629988022188,16.756708131552458,3.292126323782514,-0.6014781672182681,2.0918641851351754
7.605392365312695,5.1647859796377995,-3.5065245645421914,-0.36065918334711994,4.356708839510104,5.393627550897816,3.0587071196637354,3.8066625119925415,4.127134401174124,1.0784099214865868,4.262679891125822,-2.3025750930440454,2.8118088945275317,14.331298648300661,1.686399138755397,-0.6655300680035726,1.9878744851406374
7.608374474877062,4.770684632940241,1.5163899384369495,-13.815510557964274,4.290459454847021,-13.815510557964274,4.05698879297937,9.999994999180668e-07,4.2766661329049445,1.782720095474845,4.290459454847021,-2.3025750930440454,9.482992815855539,15.194087466003214,1.3083330899204126,-0.24207028731518962,2.5649494343846104
7.607878073775032,4.77912350151489,1.9080600732921573,7.151389511025543,4.189654757177941,-13.815510557964274,4.0448041341750995,9.999994999180668e-07,4.127134401174124,2.116255635284473,4.127134401174124,-2.3025750930440454,9.44095493771172,12.884070654656373,1.3083330899204126,-0.24846007724803934,2.5649494343846104
7.607381426136563,4.770684632940241,1.9300712301634377,7.151389511025543,4.189654757177941,-13.815510557964274,4.030694552907634,9.999994999180668e-07,4.394449167018117,2.1860513890976385,4.127134401174124,-2.3025750930440454,9.366145097201546,15.160582323500945,1.3350013298902002,-0.257474936734491,2.557227388887003
7.606884531716648,2.48490673312133,1.9387418034615826,5.307024666742761,4.442651268255022,-13.815510557964274,4.018183219242148,9.999994999180668e-07,4.465908130148836,1.9810016067976084,4.442651268255022,-2.3025750930440454,7.371380566662033,15.143364566264651,1.3350013298902002,-0.26787813796691307,2.5494452490505686
7.6063873902699175,4.795790553861204,1.9315215565307395,4.780907015135531,4.465908130148836,1.3862946111198593,4.005513366730421,9.999994999180668e-07,4.510859517505861,2.014903153875589,4.465908130148836,-2.3025750930440454,6.832733382249622,12.84207258866095,1.3609768095458243,-0.27707057407942187,2.557227388887003
7.605392365312695,4.844187094332607,1.927164251794655,6.995908414500692,4.442651268255022,-13.815510557964274,3.9778107646927405,0.6931476805598203,4.442651268255022,2.0228713224665653,4.442651268255022,-2.3025750930440454,8.91323110617761,15.090701555910467,1.3609768095458243,-0.2810362052306782,2.5494452490505686
7.603897969020386,4.828313745302301,1.743968980216866,6.447504213866703,4.477336825841843,-13.815510557964274,3.9337845167791303,0.6931476805598203,4.584967488874653,1.945910291912446,4.477336825841843,-2.3025750930440454,8.584574866957151,12.734330442228153,1.4109872176126714,-0.2957129000639269,2.557227388887003
7.603399340239423,4.804021052929977,1.7101879963660536,6.4360062094213335,4.521788587918605,-13.815510557964274,1.6677070092373036,0.6931476805598203,4.477336825841843,2.0122329256762166,4.521788587918605,-2.3025750930440454,8.500362112338223,12.717293191307201,1.4350847633845325,-0.3011037414334833,2.557227388887003
7.602900462703757,4.812184363502499,1.7387104238851487,6.268354495391749,4.553876902126857,-13.815510557964274,3.9019726897766644,0.6931476805598203,4.521788587918605,2.1860513890976385,4.553876902126857,-1.6094329124466003,8.432047587770342,15.0001601660489,1.4586152552576295,-0.3106082128399359,2.5494452490505686
7.6024013361650695,4.836281914887986,1.7083780414484078,4.068338674659361,4.584967488874653,-13.815510557964274,3.8836235514825796,0.6931476805598203,4.553876902126857,2.028148378871224,4.584967488874653,-2.3025750930440454,8.358698103867562,12.704341765325193,1.481604768196917,-0.31745285716002086,2.5494452490505686
7.601901960374667,4.828313745302301,1.7083780414484078,4.367032319186267,4.584967488874653,-13.815510557964274,3.867025660417912,0.6931476805598203,4.5951198602356,2.116255635284473,4.5951198602356,-1.6094329124466003,8.325099250682024,14.962679650242343,1.5040776189984717,-0.3215822448180687,2.5336968933225084
7.601402335083484,4.820281573669553,1.6919393181078897,1.9906807436633762,4.584967488874653,-13.815510557964274,3.848017696774195,0.6931476805598203,4.553876902126857,2.043814493570355,4.5951198602356,-2.3025750930440454,6.101154553480549,12.87309143326299,1.52605652088633,-0.3271147547355978,2.5176965532561493
7.608374474877062,5.616771101302935,1.5163899384369495,-13.815510557964274,4.204692634316339,3.6375861860421748,3.8836235514825796,2.48490673312133,4.304065106717683,1.782720095474845,4.290459454847021,-0.5108239571007129,8.897930140949667,15.88487966758702,0.9555118296427471,-0.6635864365727132,2.3025851929940404
7.607381426136563,5.638354672892465,-4.6050701909877585,3.2468340439470333,4.290459454847021,2.48490673312133,3.85439391377795,2.5649494343846104,4.127134401174124,1.5644407557083637,4.369447865125249,-0.2231423013149909,5.437877727737508,15.842719548503664,0.9555118296427471,-0.6812166334120393,2.3025851929940404
7.606884531716648,5.648974241682333,-4.6050701909877585,3.454288322315031,4.219507719881989,-13.815510557964274,3.8372994807839333,2.5649494343846104,4.394449167018117,1.5151274527430547,4.304065106717683,9.999994999180668e-07,5.603294299475651,13.51957585941076,0.9555118296427471,-0.6911471818912802,2.29253485815064
7.6063873902699175,5.652489183777423,-0.12783223514689415,3.1530485316472006,4.189654757177941,-13.815510557964274,3.822098319781997,2.5649494343846104,4.2341065190900125,1.5973655336289605,4.2766661329049445,9.999994999180668e-07,5.181036754655693,15.79917716185666,0.9555118296427471,-0.7052177375047655,2.29253485815064
7.605890001550634,5.655991814316356,-0.23572106769908613,2.9444190137039743,4.189654757177941,-13.815510557964274,3.8044378170199233,2.6390574010438272,4.2766661329049445,1.4303114857710861,4.204692634316339,0.09531108889482073,7.2202854004800034,13.484557661723912,0.9932521433805853,-0.7236043261911095,2.2617632026404517
7.605392365312695,5.662960483608168,-0.19844971921238677,3.0220468047571187,4.189654757177941,-13.815510557964274,3.7887248117080867,2.6390574010438272,4.369447865125249,1.472472286718715,4.290459454847021,0.09531108889482073,7.061903133948262,15.753884811926445,0.9932521433805853,-0.7402366916599348,2.219203592750641
7.6048944813096275,3.367295864469232,-0.21071979674851335,4.641769906762822,4.189654757177941,-13.815510557964274,3.7704594641478333,2.6390574010438272,4.330733353444225,1.52605652088633,4.143134742264548,0.09531108889482073,7.07218836266732,15.730547127980705,0.9932521433805853,-0.7571503783419689,2.1860513890976385
7.6043963492945945,5.68697535972965,-0.3424889004970636,4.451057461607182,4.189654757177941,-13.815510557964274,3.7541989436537824,2.6390574010438272,4.2766661329049445,1.481604768196917,4.262679891125822,0.09531108889482073,6.863457409978172,15.70680188920361,0.9932521433805853,-0.7743550667904443,2.151762319538525
7.603897969020386,5.700443576735168,-0.44628554012964017,4.841144783817844,4.262679891125822,9.999994999180668e-07,3.73528585079444,2.6390574010438272,4.204692634316339,1.778336617814819,4.2766661329049445,0.09531108889482073,6.7503373431488685,13.380521886995195,1.0296197743239517,-0.7896558783000431,2.1041342762214192
7.608374474877062,4.983606628557651,1.5163899384369495,-13.815510557964274,4.532599503905944,-13.815510557964274,1.6486588178950556,1.0986126220013874,4.488636380968095,1.782720095474845,4.532599503905944,-1.6094329124466003,6.03874816033256,15.70848983192701,1.3609768095458243,-0.3681678782788064,2.5095993436791817
7.607878073775032,4.990432593581457,-4.6050701909877585,6.3310897918777735,4.465908130148836,-13.815510557964274,3.8999504444367914,1.0986126220013874,4.418840619844791,2.2834023755140658,4.465908130148836,-1.6094329124466003,8.458042314716295,15.69537003363221,1.3609768095458243,-0.37396498756147767,2.5095993436791817
7.607381426136563,4.997212280520872,1.6154201829187853,6.351644066442179,4.454347307881415,-13.815510557964274,3.8836235514825796,1.0986126220013874,4.127134401174124,0.3987767910980821,4.454347307881415,-1.6094329124466003,8.407369080053792,13.379442933135598,1.3609768095458243,-0.38713267867047524,2.5095993436791817
7.606884531716648,4.997212280520872,1.6789641616498574,6.090958294033521,4.465908130148836,-13.815510557964274,3.869115525293696,1.0986126220013874,4.418840619844791,0.285179694113079,4.465908130148836,-2.3025750930440454,8.257265766801307,15.668556234034845,1.3862946111198593,-0.38713267867047524,2.5095993436791817
7.605890001550634,5.023880527425224,1.7316557221494844,5.886037475624255,4.488636380968095,-13.815510557964274,3.8372994807839333,1.0986126220013874,4.442651268255022,2.208274523412908,4.488636380968095,-2.3025750930440454,8.078871702320138,13.353279841212627,1.4109872176126714,-0.4094716234827408,2.5176965532561493
7.605392365312695,5.043425123370859,1.6845455704496455,3.431894580344712,4.442651268255022,-13.815510557964274,3.8199077384501647,1.0986126220013874,4.394449167018117,2.212660494875243,4.442651268255022,-2.3025750930440454,7.8631114273362845,15.628352390832251,1.4109872176126714,-0.410978780501786,2.49320553524732
7.6043963492945945,5.068904208509539,1.7245508977877086,5.763999754539782,4.454347307881415,-13.815510557964274,3.7887248117080867,1.3862946111198593,4.553876902126857,1.857859426938807,4.553876902126857,-2.3025750930440454,7.745951672245106,15.601613894724327,1.4586152552576295,-0.43232102144718476,2.48490673312133
7.603897969020386,5.081404371195643,1.7245508977877086,3.2650234461183656,4.521788587918605,-13.815510557964274,3.7727609610831436,1.3862946111198593,4.584967488874653,1.8609746937705112,4.584967488874653,-1.6094329124466003,5.245525007018311,15.587542717059911,1.481604768196917,-0.4338630394211765,2.49320553524732
7.603399340239423,5.093750206941731,1.8531682540964982,3.0291851316817766,4.521788587918605,-13.815510557964274,3.7565381259522366,1.3862946111198593,4.564348201884503,1.9021076756506405,4.564348201884503,-1.6094329124466003,5.05717334956843,15.572591277024575,1.5040776189984717,-0.43695422721311716,2.5095993436791817
7.601901960374667,5.12396398535564,1.7334240688935212,5.0293222554777515,4.392730371564323,-13.815510557964274,1.52605652088633,1.3862946111198593,4.465908130148836,1.9125012346346602,4.465908130148836,-2.3025750930440454,7.045976803348534,13.233208624388478,1.5475627214819476,-0.4588643025580504,2.5014360337064203
7.601402335083484,2.833213402879744,1.8961196347024367,5.454675014799339,4.392730371564323,-13.815510557964274,3.6838669374160196,1.6094381124340804,4.127134401174124,2.0294633032796305,4.488636380968095,-2.3025750930440454,7.256484816310213,13.21151645930765,1.5892354091981928,-0.47160330804989087,2.468099616217378
7.608374474877062,4.812184363502499,1.5163899384369495,-13.815510557964274,4.189654757177941,1.3862946111198593,4.018183219242148,2.3025851929940404,4.477336825841843,1.782720095474845,4.127134401174124,-2.3025750930440454,4.148568508052546,17.158115227083496,0.7884578149096215,-0.30516602994161784,2.5952547815837286
7.607878073775032,4.828313745302301,-4.6050701909877585,6.881132698100502,4.477336825841843,-13.815510557964274,4.005513366730421,2.3025851929940404,4.356708839510104,1.6992787992492295,4.477336825841843,-2.3025750930440454,8.77825268211345,15.195121132262374,0.7884578149096215,-0.3078834192260082,2.5952547815837286
7.607381426136563,4.828313745302301,1.6826885600472816,6.852931673531012,4.477336825841843,-13.815510557964274,3.992680926895785,2.397895363707457,4.262679891125822,1.6544114692814023,4.477336825841843,-2.3025750930440454,8.792263506282033,15.086875433179584,0.7884578149096215,-0.31334045124423815,2.5952547815837286
7.6063873902699175,4.890349135740551,1.5748466747037975,6.632710446520194,4.510859517505861,-13.815510557964274,3.968403357767845,2.48490673312133,4.510859517505861,1.5953391908943346,4.510859517505861,-1.6094329124466003,8.660698705526771,17.158115227083496,0.7884578149096215,-0.3271147547355978,2.5952547815837286
7.605890001550634,2.6390574010438272,1.5518090114618484,4.240453653257062,4.532599503905944,-13.815510557964274,3.955082514045681,2.48490673312133,4.521788587918605,1.6677070092373036,4.532599503905944,-1.6094329124466003,6.258611954089008,17.158115227083496,0.7884578149096215,-0.3453097728600362,2.5877641104156752
7.6048944813096275,4.927253692403581,1.5789789111349375,4.069009236135652,4.532599503905944,9.999994999180668e-07,1.7578580899661518,2.6390574010438272,4.532599503905944,1.5539254139203098,4.532599503905944,-1.2039694709981583,6.0611727550141525,14.867798938751584,0.8754691540204799,-0.35667351536832426,2.580216905349898
7.6043963492945945,4.890349135740551,1.4562869660401316,6.246888829938255,4.532599503905944,-13.815510557964274,1.6486588178950556,2.7080502677688743,4.532599503905944,1.52605652088633,4.532599503905944,-1.2039694709981583,8.19179947700093,17.158115227083496,0.8754691540204799,-0.3624041818671404,2.580216905349898
7.603897969020386,4.897839807413598,1.4398353650147169,6.106503927270371,4.543294792908302,-13.815510557964274,3.9019726897766644,2.7080502677688743,4.543294792908302,1.497388632339099,4.543294792908302,-0.91628823187728,8.061959487345328,17.145925753985594,0.8754691540204799,-0.36672383679183196,2.5649494343846104
7.602900462703757,5.017279843437441,1.4516140614325432,5.877565967642147,4.521788587918605,-13.815510557964274,3.873282197901736,2.890371813451719,4.394449167018117,1.5173228428245162,4.454347307881415,-0.91628823187728,7.803085424584321,17.121414873009044,0.9555118296427471,-0.37833498086696266,2.5494452490505686
7.6024013361650695,5.023880527425224,1.5040776189984717,3.5468358272879557,4.189654757177941,-13.815510557964274,3.858622249798077,2.944439031798018,4.553876902126857,1.52605652088633,4.543294792908302,-0.91628823187728,5.3856868798158795,17.10903876105607,0.9555118296427471,-0.37687619353136664,2.5877641104156752
7.601901960374667,4.969813306520445,1.3937666240975188,3.702234369666999,4.392730371564323,-13.815510557964274,3.8437441860881276,2.9957323235539897,4.553876902126857,1.5973655336289605,4.553876902126857,-0.91628823187728,5.55757279975731,14.794388032495348,1.0296197743239517,-0.37687619353136664,2.6318889120790896
7.601402335083484,4.955827064643514,1.4398353650147169,5.712199970591878,4.392730371564323,-13.815510557964274,3.8308129716945767,3.09104249881286,4.127134401174124,1.6054300918397544,4.127134401174124,-0.6931451805619453,7.59148003459207,17.083609329528553,1.0296197743239517,-0.3900825289660784,2.5952547815837286
7.600902460042082,5.036952608907136,1.5238802419373538,5.695451987970133,4.392730371564323,9.999994999180668e-07,3.8155121270737338,3.1780538720146114,4.532599503905944,1.5748466747037975,4.584967488874653,-0.6931451805619453,7.599260958015328,17.070327840484527,1.0296197743239517,-0.39452368439140534,2.602689759518455
7.608374474877062,5.351858138215403,1.5163899384369495,-13.815510557964274,4.189654757177941,5.393627550897816,3.234749213394569,3.8066625119925415,4.369447865125249,1.782720095474845,4.127134401174124,-2.3025750930440454,7.964968452113801,16.276496628317684,2.3702438349258,-0.38713267867047524,2.459588927273792
7.6043963492945945,5.375278412313794,1.4327009725975024,4.922368402004558,4.465908130148836,5.393627550897816,3.0492730878753846,3.8066625119925415,4.465908130148836,1.3711809771169168,4.465908130148836,-2.3025750930440454,7.4221856582032855,16.00485404985949,2.3702438349258,-0.4338630394211765,2.4336134431197443
7.603897969020386,5.389071734382711,1.4060972335140796,4.798782327733574,4.3438054348406965,2.1972246884473243,0.9555118296427471,3.8066625119925415,4.477336825841843,1.3737158320775555,4.477336825841843,-2.3025750930440454,7.238333268609102,15.989059169638463,2.3702438349258,-0.43695422721311716,2.4423471223257223
7.603399340239423,5.407171775944423,1.4398353650147169,4.660895287793599,4.189654757177941,4.770684632940241,0.7419378209197403,3.8066625119925415,4.127134401174124,1.3635376297517174,4.488636380968095,-2.3025750930440454,7.085648006306409,17.158115227083496,2.3702438349258,-0.44316541766099016,2.4510051843192118
7.608374474877062,4.762173943344765,1.5163899384369495,-13.815510557964274,4.564348201884503,-13.815510557964274,4.122283947118797,0.6931476805598203,4.521788587918605,1.782720095474845,4.584967488874653,-2.3025750930440454,9.438749046252235,17.158115227083496,1.3609768095458243,-0.16016757844458993,2.7972813958057605
7.607878073775032,2.48490673312133,2.371177977830335,5.496382982644645,4.564348201884503,-13.815510557964274,4.112511882544162,0.6931476805598203,4.543294792908302,1.8484549703849027,4.584967488874653,-2.3025750930440454,9.570924913538713,15.153595024026306,1.3862946111198593,-0.16251775302787871,2.7972813958057605
7.607381426136563,2.48490673312133,2.386926333339557,3.1542449632540457,4.564348201884503,4.430816810748075,1.856298146615614,0.6931476805598203,4.553876902126857,1.856298146615614,4.5951198602356,-2.3025750930440454,7.228786856234759,12.858908118020855,1.4109872176126714,-0.17673598518334357,2.7343675743546463
7.606884531716648,4.828313745302301,2.3804717241580504,5.43825363285833,4.574710988812661,4.262679891125822,4.089332037148975,0.6931476805598203,4.553876902126857,1.8900955210063073,4.5951198602356,-2.3025750930440454,9.483808026640004,15.166997094798784,1.4109872176126714,-0.18152067758334176,2.7278528937578645
7.605392365312695,4.912654893088993,2.3702438349258,7.151389511025543,4.584967488874653,4.744932137058902,4.05698879297937,1.0986126220013874,4.564348201884503,1.9629078658733128,4.5951198602356,-2.3025750930440454,9.352498851751474,15.154493947869481,1.481604768196917,-0.20089171988624974,2.714694810046042
7.6048944813096275,2.6390574010438272,2.386926333339557,2.7545997216654645,4.584967488874653,-13.815510557964274,4.0465539158682695,1.0986126220013874,4.564348201884503,1.928618797294079,4.5951198602356,-2.3025750930440454,4.951924247310052,17.158115227083496,1.5040776189984717,-0.20702293942278283,2.7080502677688743
7.603897969020386,4.969813306520445,2.3418059023011684,2.2132681766535462,4.584967488874653,4.787491751115379,4.025351708592292,1.0986126220013874,4.5951198602356,1.8196989999918376,4.5951198602356,-2.3025750930440454,4.551480348499598,17.158115227083496,1.5475627214819476,-0.21939931970613824,2.7080502677688743
7.603399340239423,4.969813306520445,2.2512919038696473,4.374687616339504,4.584967488874653,2.5649494343846104,4.016383038770407,1.0986126220013874,4.5951198602356,1.8245494533413555,4.5951198602356,-2.3025750930440454,6.7108294815169325,17.158115227083496,1.568616126247157,-0.22689934548756477,2.6946272483376346
7.6024013361650695,4.955827064643514,2.2038692304301577,6.295309360278236,4.574710988812661,3.871201031741224,3.998200720017822,1.0986126220013874,4.584967488874653,1.8277700675227793,4.5951198602356,-2.3025750930440454,8.647084695852792,12.854371507631278,1.6094381124340804,-0.22815483685713603,2.7278528937578645
7.601901960374667,4.976733749317126,2.0819385465666946,6.246214201764342,4.584967488874653,3.5263605540279257,3.988984065082793,1.0986126220013874,4.584967488874653,1.8437193663866016,4.5951198602356,-2.3025750930440454,8.55582390786338,15.156641221329687,1.6292407358086922,-0.23572106769908613,2.7080502677688743
7.601402335083484,5.003946312656868,2.0464018168005937,6.1457687400086485,4.553876902126857,4.890349135740551,3.9815490867334726,1.0986126220013874,4.584967488874653,1.7681497742373709,4.584967488874653,-2.3025750930440454,8.513425827805278,15.157036606416897,1.6486588178950556,-0.24334498312233852,2.687847561811899
7.600902460042082,5.030437927928383,2.1282318248968797,6.022072309677838,4.5951198602356,4.3438054348406965,3.9721769470802846,1.3862946111198593,4.584967488874653,1.7047482740565905,4.584967488874653,-2.3025750930440454,8.41021528871509,17.158115227083496,1.6677070092373036,-0.25231364161403075,2.681021597207439
7.607381426136563,4.369447865125249,2.3025851929940404,7.151389511025543,4.584967488874653,9.999994999180668e-07,1.8245494533413555,-13.815510557964274,4.584967488874653,2.2565412592046754,4.584967488874653,-2.3025750930440454,9.733547763562223,14.19209253551405,0.18232239012694063,-0.18994937476933402,2.791165169162408
7.606884531716648,4.394449167018117,2.386926333339557,5.80349819639994,4.584967488874653,3.13549425940741,4.0859763293583065,-13.815510557964274,4.584967488874653,2.276241220323843,4.584967488874653,-2.3025750930440454,7.854546661070239,14.230823021327431,0.18232239012694063,-0.19358353548116877,2.791165169162408
7.605392365312695,2.1972246884473243,2.386926333339557,5.820386601153663,4.564348201884503,1.0986126220013874,4.048300641172701,-13.815510557964274,4.564348201884503,0.3506575758382734,4.564348201884503,-2.3025750930440454,7.768098369570633,14.26546899299749,0.18232239012694063,-0.21195512583046608,2.772588784739779
7.6048944813096275,4.521788587918605,2.386926333339557,7.151389511025543,4.574710988812661,9.999994999180668e-07,4.0342406558515105,-13.815510557964274,4.574710988812661,2.29253485815064,4.574710988812661,-2.3025750930440454,9.733547763562223,14.259027106149368,0.18232239012694063,-0.21815476602284956,2.760010003324058
7.6043963492945945,4.543294792908302,2.386926333339557,5.8092137280120575,4.574710988812661,-13.815510557964274,4.01998016488656,-13.815510557964274,4.564348201884503,2.2638443686277134,4.574710988812661,-2.3025750930440454,7.731309696257208,14.24921579990073,0.18232239012694063,-0.22689934548756477,2.7343675743546463
7.603897969020386,4.564348201884503,2.386926333339557,7.151389511025543,4.574710988812661,-13.815510557964274,4.005513366730421,-13.815510557964274,4.574710988812661,2.2690284128778138,4.574710988812661,-2.3025750930440454,9.733547763562223,14.235725024208024,0.18232239012694063,-0.23193079631403615,2.7343675743546463
7.602900462703757,4.5951198602356,2.386926333339557,5.620763049396085,4.543294792908302,1.6094381124340804,3.9759363499335247,9.999994999180668e-07,4.553876902126857,2.286455812690173,4.553876902126857,-2.3025750930440454,7.520553259612926,14.21015803255503,0.2623650336979642,-0.2331926245422456,2.7663191721192657
7.6024013361650695,2.7080502677688743,2.386926333339557,7.151389511025543,4.543294792908302,2.079441666679828,3.9608131886451967,9.999994999180668e-07,4.564348201884503,2.2554935902819926,4.5951198602356,-2.3025750930440454,9.666037994106627,14.19313913320721,0.2623650336979642,-0.23698769070994297,2.760010003324058
7.601901960374667,2.833213402879744,2.386926333339557,7.151389511025543,4.406719259459375,2.079441666679828,3.945457800856743,9.999994999180668e-07,4.564348201884503,2.213753988577041,4.584967488874653,-2.3025750930440454,9.463608699008631,14.165907536653977,0.336472950906672,-0.2382559200895301,2.7663191721192657
7.601402335083484,2.397895363707457,2.386926333339557,7.151389511025543,4.189654757177941,-13.815510557964274,1.7749525204031849,9.999994999180668e-07,4.564348201884503,2.208274523412908,4.574710988812661,-2.3025750930440454,9.36983214794953,14.124994728027493,0.336472950906672,-0.24589925966526502,2.7536607760485277
7.600902460042082,2.397895363707457,2.386926333339557,5.119956064383607,4.189654757177941,3.8066625119925415,1.6292407358086922,9.999994999180668e-07,4.564348201884503,2.212660494875243,4.564348201884503,-2.3025750930440454,7.049599235938235,14.07007370344501,0.336472950906672,-0.25231364161403075,2.740840088441328
7.608374474877062,4.219507719881989,1.5163899384369495,-13.815510557964274,4.5951198602356,2.890371813451719,4.238444920625872,-13.815510557964274,4.5951198602356,1.782720095474845,4.5951198602356,-2.3025750930440454,9.733547763562223,16.337608563285418,2.31253552285711,-0.15665264045541752,2.5952547815837286
7.607381426136563,1.945910291912446,0.18232239012694063,6.244309571068354,4.574710988812661,4.290459454847021,4.215086194689278,-13.815510557964274,4.5951198602356,0.7654683072557423,4.574710988812661,-2.3025750930440454,9.086462754892942,16.337608563285418,2.2823824877173373,-0.17078713474136478,2.5952547815837286
7.606884531716648,4.2766661329049445,0.12221851767960967,7.151389511025543,4.532599503905944,5.075173821483827,4.204692634316339,-13.815510557964274,4.532599503905944,0.7701086846589296,4.521788587918605,-2.3025750930440454,9.733547763562223,16.337608563285418,2.2823824877173373,-0.17793001375024523,2.5952547815837286
7.6063873902699175,4.304065106717683,0.14842086718686706,7.151389511025543,4.532599503905944,4.615120526742249,4.197201962699403,-13.815510557964274,4.521788587918605,0.6575205210513749,4.532599503905944,-2.3025750930440454,9.733547763562223,16.337608563285418,2.2721259886021152,-0.18994937476933402,2.5176965532561493
7.605890001550634,4.330733353444225,0.14842086718686706,3.631475135659573,4.574710988812661,5.393627550897816,4.189654757177941,-13.815510557964274,4.584967488874653,1.0647110818199552,4.574710988812661,-2.3025750930440454,6.601539637399117,16.337608563285418,2.2617632026404517,-0.1923706805269786,2.48490673312133
7.605392365312695,4.369447865125249,0.10436091622473787,7.151389511025543,4.5951198602356,4.718498880223666,4.183575711193946,-13.815510557964274,4.584967488874653,0.9669842264177377,4.5951198602356,-2.3025750930440454,9.733547763562223,16.337608563285418,2.2617632026404517,-0.18874091686813807,2.468099616217378
7.6043963492945945,4.418840619844791,0.21511218606823315,3.7883868073136147,4.543294792908302,5.393627550897816,4.1759245645755065,-13.815510557964274,4.574710988812661,0.8372479574340415,4.543294792908302,-2.3025750930440454,6.515619806725918,16.337608563285418,2.240709795658931,-0.18632837337294214,2.5336968933225084
7.603897969020386,4.418840619844791,0.24686085918122058,6.106121144768626,4.564348201884503,4.969813306520445,4.174387285280252,-13.815510557964274,4.553876902126857,0.9477897865303503,4.564348201884503,-2.3025750930440454,8.741385674169466,16.337608563285418,2.240709795658931,-0.1803223565272083,2.6173959058267773
7.603399340239423,4.430816810748075,0.1655152859348413,7.151389511025543,4.574710988812661,4.304065106717683,4.1759245645755065,-13.815510557964274,4.584967488874653,1.1314024340716937,4.574710988812661,-2.3025750930440454,9.733547763562223,16.337608563285418,2.2300145076860862,-0.18632837337294214,2.6173959058267773
7.602900462703757,4.430816810748075,0.10436091622473787,7.151389511025543,4.574710988812661,3.367295864469232,4.174387285280252,-13.815510557964274,4.553876902126857,1.2837080493530615,4.564348201884503,-2.3025750930440454,9.733547763562223,16.337608563285418,2.2300145076860862,-0.1911592948081388,2.602689759518455
7.6024013361650695,4.442651268255022,9.999994999180668e-07,7.151389511025543,4.532599503905944,3.1780538720146114,4.169761216962805,-13.815510557964274,4.532599503905944,1.4206960293830875,4.521788587918605,-2.3025750930440454,9.733547763562223,16.337608563285418,2.2300145076860862,-0.2045659387481621,2.5494452490505686
7.601901960374667,4.442651268255022,-0.13926091790888084,5.240043424561391,4.584967488874653,3.5263605540279257,4.160444379527248,-13.815510557964274,4.564348201884503,0.9969490038952316,4.564348201884503,-2.3025750930440454,8.006252534700877,16.337608563285418,2.2300145076860862,-0.21443037155558292,2.5014360337064203
7.601402335083484,4.465908130148836,-0.27443552991315223,5.136089304744153,4.532599503905944,3.13549425940741,4.147885344947919,-13.815510557964274,4.532599503905944,0.9400076491163949,4.532599503905944,-2.3025750930440454,7.952838917417143,16.337608563285418,2.2300145076860862,-0.21195512583046608,2.5336968933225084
7.600902460042082,4.477336825841843,-0.6931451805619453,7.151389511025543,4.488636380968095,3.828641418228225,4.133565291401023,-13.815510557964274,4.510859517505861,0.7793253355164889,4.127134401174124,-2.3025750930440454,9.733547763562223,16.337608563285418,2.2300145076860862,-0.21319198283804505,2.5649494343846104
7.608374474877062,4.1588830989846715,1.5163899384369495,-13.815510557964274,4.584967488874653,1.945910291912446,3.456316712428976,0.6931476805598203,4.584967488874653,1.782720095474845,4.584967488874653,-2.3025750930440454,8.897930140949667,16.337608563285418,0.9162911318740751,-0.47122466031470783,2.4808756309649644
7.607878073775032,4.189654757177941,-4.6050701909877585,-13.815510557964274,4.5951198602356,5.393627550897816,3.440418126866718,0.6931476805598203,4.5951198602356,1.9974178418864463,4.5951198602356,-2.3025750930440454,8.897930140949667,16.337608563285418,0.9162911318740751,-0.47122466031470783,2.4808756309649644
7.607381426136563,4.219507719881989,2.2332351220403828,-13.815510557964274,4.5951198602356,4.6728288438077,1.3350013298902002,0.6931476805598203,4.5951198602356,1.974081164910889,4.5951198602356,-2.3025750930440454,8.897930140949667,16.337608563285418,0.9162911318740751,-0.47122466031470783,2.4808756309649644
7.606884531716648,4.2341065190900125,2.257587831665815,-13.815510557964274,4.5951198602356,0.6931476805598203,1.2237757257397195,0.6931476805598203,4.5951198602356,1.9600949248923303,4.5951198602356,-2.3025750930440454,8.897930140949667,16.337608563285418,0.9162911318740751,-0.47122466031470783,2.4808756309649644
7.6063873902699175,4.2766661329049445,2.2343063593071264,-13.815510557964274,4.5951198602356,3.7376696420928917,1.0986126220013874,0.6931476805598203,4.584967488874653,1.9213248199955724,4.5951198602356,-2.3025750930440454,8.897930140949667,16.337608563285418,0.9162911318740751,-0.47122466031470783,2.4808756309649644
7.605890001550634,4.304065106717683,2.222459156857117,-13.815510557964274,4.543294792908302,4.7361984571664255,3.3843902972440785,0.6931476805598203,4.553876902126857,1.915451088845999,4.543294792908302,-2.3025750930440454,8.897930140949667,16.337608563285418,0.9162911318740751,-0.47122466031470783,2.4808756309649644
7.605392365312695,4.317488126869644,2.193885787553419,-13.815510557964274,4.543294792908302,2.833213402879744,3.3707382085417077,0.6931476805598203,4.553876902126857,1.8961196347024367,4.543294792908302,-2.3025750930440454,8.897930140949667,16.337608563285418,0.9162911318740751,-0.47122466031470783,2.4808756309649644
7.6048944813096275,4.317488126869644,2.2310891987003556,-13.815510557964274,4.543294792908302,0.6931476805598203,3.3534067527908413,0.6931476805598203,4.521788587918605,1.8180769398830776,4.543294792908302,-2.3025750930440454,8.897930140949667,16.337608563285418,0.9162911318740751,-0.47122466031470783,2.4808756309649644
7.603897969020386,4.369447865125249,2.178155127866145,-13.815510557964274,4.5951198602356,3.332204545889489,3.321432449294375,0.6931476805598203,4.584967488874653,1.7509376483188959,4.584967488874653,-2.3025750930440454,8.897930140949667,16.337608563285418,0.9162911318740751,-0.47122466031470783,2.4808756309649644
7.603399340239423,4.430816810748075,2.200552478170859,-13.815510557964274,4.5951198602356,1.945910291912446,3.303217010066657,1.0986126220013874,4.564348201884503,1.6733514257949964,4.564348201884503,-2.3025750930440454,8.897930140949667,16.337608563285418,0.9555118296427471,-0.47122466031470783,2.4808756309649644
7.602900462703757,4.488636380968095,2.217027313564855,-13.815510557964274,4.521788587918605,2.397895363707457,3.2846636028593865,1.0986126220013874,4.127134401174124,1.6014059423497191,4.477336825841843,-2.3025750930440454,8.897930140949667,16.337608563285418,0.9555118296427471,-0.47122466031470783,2.4808756309649644
7.6024013361650695,4.553876902126857,2.26799375174409,-13.815510557964274,4.510859517505861,3.49650759176951,3.2657594489349893,1.0986126220013874,4.543294792908302,1.5953391908943346,4.574710988812661,-2.3025750930440454,8.897930140949667,16.337608563285418,0.9555118296427471,-0.47122466031470783,2.4808756309649644
7.601901960374667,4.5951198602356,2.2565412592046754,-13.815510557964274,4.521788587918605,4.127134401174124,3.2464910308116792,1.3862946111198593,4.5951198602356,1.5282280739282734,4.574710988812661,-2.3025750930440454,8.897930140949667,16.337608563285418,0.9932521433805853,-0.47122466031470783,2.4808756309649644
7.608374474877062,5.0562458117177345,1.5163899384369495,-13.815510557964274,4.477336825841843,-13.815510557964274,3.9778107646927405,9.999994999180668e-07,4.477336825841843,1.782720095474845,4.465908130148836,-2.3025750930440454,8.897930140949667,16.337608563285418,1.7047482740565905,-0.47122466031470783,2.4808756309649644
7.607878073775032,5.087596341405224,2.301584692760557,-13.815510557964274,4.521788587918605,0.6931476805598203,3.9646154745226485,9.999994999180668e-07,4.521788587918605,0.2776324941737501,4.127134401174124,-2.3025750930440454,8.897930140949667,16.337608563285418,1.7047482740565905,-0.47122466031470783,2.4808756309649644
7.606884531716648,5.1647859796377995,2.368372927165003,-13.815510557964274,4.543294792908302,2.397895363707457,3.941581827087166,9.999994999180668e-07,4.521788587918605,2.460443263006719,4.521788587918605,-2.3025750930440454,8.897930140949667,16.337608563285418,1.722766776312516,-0.47122466031470783,2.4808756309649644
7.6063873902699175,5.176149738223547,2.2460148473257515,-13.815510557964274,4.564348201884503,-13.815510557964274,1.7749525204031849,9.999994999180668e-07,4.564348201884503,0.47623480011419117,4.532599503905944,-2.3025750930440454,8.897930140949667,16.337608563285418,1.7578580899661518,-0.47122466031470783,2.4808756309649644
7.605890001550634,5.389071734382711,2.1102133215587036,-13.815510557964274,4.584967488874653,-13.815510557964274,1.686399138755397,9.999994999180668e-07,4.574710988812661,2.460443263006719,4.127134401174124,-2.3025750930440454,8.897930140949667,16.337608563285418,1.7578580899661518,-0.47122466031470783,2.4808756309649644
7.605392365312695,5.384495067376245,2.1341665597122708,-13.815510557964274,4.488636380968095,-13.815510557964274,3.9100210227975527,9.999994999180668e-07,4.465908130148836,2.460443263006719,4.442651268255022,-2.3025750930440454,8.897930140949667,16.337608563285418,1.7917596358947079,-0.47122466031470783,2.4808756309649644
7.6048944813096275,5.4293456333404055,2.204972374380622,-13.815510557964274,4.574710988812661,-13.815510557964274,3.9019726897766644,9.999994999180668e-07,4.564348201884503,2.4344902515163995,4.127134401174124,-2.3025750930440454,8.897930140949667,16.337608563285418,1.7917596358947079,-0.47122466031470783,2.4808756309649644
7.6043963492945945,5.46806014535454,2.26799375174409,-13.815510557964274,4.553876902126857,2.3025851929940404,3.8938590551670735,9.999994999180668e-07,4.532599503905944,0.6312723087566099,4.521788587918605,-2.3025750930440454,8.897930140949667,16.337608563285418,1.8245494533413555,-0.47122466031470783,2.4808756309649644
7.603897969020386,5.488937730288918,2.123458546713828,-13.815510557964274,4.584967488874653,3.5263605540279257,3.885679050622425,9.999994999180668e-07,4.584967488874653,0.48858062831541516,4.574710988812661,-2.3025750930440454,8.897930140949667,16.337608563285418,1.856298146615614,-0.47122466031470783,2.4808756309649644
7.603399340239423,5.5134287501972405,2.377692658245225,-13.815510557964274,4.5951198602356,1.7917596358947079,3.8774315813624605,9.999994999180668e-07,4.5951198602356,2.213753988577041,4.584967488874653,-2.3025750930440454,8.897930140949667,16.337608563285418,1.856298146615614,-0.47122466031470783,2.4808756309649644
7.602900462703757,5.416100406648865,2.386926333339557,-13.815510557964274,4.5951198602356,1.3862946111198593,3.869115525293696,9.999994999180668e-07,4.584967488874653,2.138889118108879,4.584967488874653,-2.3025750930440454,8.897930140949667,16.337608563285418,1.88706980054752,-0.47122466031470783,2.4808756309649644
7.6024013361650695,5.420535003697065,2.09801804995215,-13.815510557964274,4.5951198602356,4.465908130148836,3.8628327822457775,9.999994999180668e-07,4.584967488874653,2.1090004652805963,4.584967488874653,-2.3025750930440454,8.897930140949667,16.337608563285418,1.9169227592408737,-0.47122466031470783,2.4808756309649644
7.601402335083484,5.4293456333404055,2.386926333339557,-13.815510557964274,4.543294792908302,5.393627550897816,3.8458832242911223,9.999994999180668e-07,4.584967488874653,1.945910291912446,4.574710988812661,-2.3025750930440454,8.897930140949667,16.337608563285418,1.9600949248923303,-0.47122466031470783,2.4808756309649644
7.600902460042082,5.459585518399478,2.2915242467468504,-13.815510557964274,4.521788587918605,5.393627550897816,3.8394523340986866,0.6931476805598203,4.574710988812661,1.8946170050436915,4.553876902126857,-2.3025750930440454,8.897930140949667,16.337608563285418,1.9878744851406376,-0.47122466031470783,2.4808756309649644
7.608374474877062,4.890349135740551,1.5163899384369495,-13.815510557964274,4.189654757177941,1.3862946111198593,1.9021076756506405,0.6931476805598203,4.488636380968095,1.782720095474845,4.488636380968095,-2.3025750930440454,9.100390295265921,16.80197405885159,1.6486588178950556,-0.2256454284002813,2.687847561811899
7.605392365312695,5.062595039356081,2.3418059023011684,2.705629732797493,4.553876902126857,2.079441666679828,4.030694552907634,1.0986126220013874,4.553876902126857,1.7155982881185898,4.553876902126857,-2.3025750930440454,6.711963351951269,14.67733961300343,1.840549792127633,-0.22941190646696094,2.7343675743546463
7.6048944813096275,5.068904208509539,2.386926333339557,4.852659528391194,4.574710988812661,2.48490673312133,4.018183219242148,1.0986126220013874,4.553876902126857,1.6733514257949964,4.564348201884503,-2.3025750930440454,7.035685379493621,14.746837674664937,1.88706980054752,-0.24846007724803934,2.687847561811899
7.6043963492945945,5.036952608907136,2.3608540954576394,6.823468200228994,4.5951198602356,5.393627550897816,4.007333203414289,1.0986126220013874,4.564348201884503,1.6505800477038368,4.564348201884503,-2.3025750930440454,9.013617862925093,14.874335733105037,1.916922759240874,-0.2665718037593691,2.646174868306106
7.602900462703757,5.1059454799611865,2.284421224199363,6.066861953673013,4.5951198602356,4.762173943344765,3.9778107646927405,1.3862946111198593,4.574710988812661,1.6919393181078897,4.574710988812661,-2.3025750930440454,8.17552635205769,16.88131669185956,1.9878744851406374,-0.3106082128399359,2.557227388887003
7.6024013361650695,5.159055304961655,2.1724765215422353,5.927390007114511,4.584967488874653,2.1972246884473243,3.968403357767845,1.3862946111198593,4.574710988812661,1.6677070092373036,4.574710988812661,-2.3025750930440454,7.928390120108088,16.887014554584887,2.014903153875589,-0.32572875504871873,2.525728724308252
7.601901960374667,5.181783555910062,2.2638443686277134,3.6329108080724426,4.5951198602356,2.6390574010438272,3.9589066104109656,1.6094381124340804,4.584967488874653,1.5195134237244703,4.584967488874653,-2.3025750930440454,7.6614676038250575,14.591847489060084,2.054123861900666,-0.3368709160833094,2.48490673312133
7.601402335083484,5.1873858114273474,2.2803395862962095,5.193565078104753,4.584967488874653,2.3025851929940404,3.9493188094396654,1.6094381124340804,4.5951198602356,1.472472286718715,4.5951198602356,-2.3025750930440454,7.517373802291958,14.609948634502281,2.079441666679828,-0.3453097728600362,2.459588927273792
7.600902460042082,5.1647859796377995,2.3184585405755276,5.028061838650809,4.584967488874653,3.555348090060842,3.939638191916372,1.6094381124340804,4.5951198602356,1.4655677729612542,4.5951198602356,-2.3025750930440454,7.419478139310992,16.926488027359493,2.116255635284473,-0.3523969646973772,2.4423471223257223
7.608374474877062,5.402677386376784,1.5163899384369495,-13.815510557964274,4.574710988812661,5.393627550897816,1.8718023307477334,2.7080502677688743,4.574710988812661,1.782720095474845,4.574710988812661,-2.3025750930440454,9.140915087583673,14.186858229026912,1.52605652088633,-0.21691175932832032,2.7080502677688743
7.605890001550634,5.545177448385813,2.386926333339557,5.09257654547154,4.574710988812661,4.85981241211361,4.051784965194609,2.833213402879744,4.584967488874653,1.9213248199955724,4.574710988812661,-1.6094329124466003,7.423561107515835,17.158115227083496,1.568616126247157,-0.257474936734491,2.6173959058267773
7.605392365312695,5.564520411154111,2.386926333339557,4.920027178043147,4.584967488874653,4.615120526742249,4.04305128537841,2.890371813451719,4.584967488874653,2.006870983253594,4.584967488874653,-1.2039694709981583,9.055193727457373,17.158115227083496,1.568616126247157,-0.25360147013995477,2.6390574010438272
7.6048944813096275,5.6276211172877595,2.386926333339557,5.0859293070064435,4.584967488874653,3.2958369030413657,4.036009002876981,2.890371813451719,4.584967488874653,1.8277700675227793,4.584967488874653,-1.2039694709981583,9.361795739940236,16.47396672187777,1.568616126247157,-0.2626630090872215,2.6318889120790896
7.6043963492945945,5.641907074484213,2.386926333339557,2.4002717730469803,4.584967488874653,5.153291600278126,4.027135830353963,2.944439031798018,4.584967488874653,1.6826885600472816,4.584967488874653,-1.2039694709981583,6.814821509377039,14.172197101836426,1.6094381124340804,-0.27312060706086777,2.6246686646269244
7.603399340239423,5.7899601739553574,2.386926333339557,6.4385644097574755,4.574710988812661,5.393627550897816,4.012772926611471,2.9957323235539897,4.584967488874653,1.6505800477038368,4.584967488874653,-1.2039694709981583,8.579881353820484,17.158115227083496,1.6292407358086922,-0.2903509641101577,2.6173959058267773
7.601901960374667,5.746203193735042,2.3860067931294338,5.58553067677297,4.394449167018117,5.393627550897816,3.998200720017822,3.1780538720146114,4.574710988812661,1.7900915790722522,4.574710988812661,-1.2039694709981583,7.7730029592606655,14.189585441133696,1.722766776312516,-0.31882742593374525,2.5494452490505686
7.608374474877062,5.424950021886689,1.5163899384369495,-13.815510557964274,4.584967488874653,9.999994999180668e-07,3.0633909687567766,2.7080502677688743,4.5951198602356,1.782720095474845,4.584967488874653,-0.91628823187728,4.267574890972812,16.2690600886746,2.4336134431197443,-0.7072440765439383,2.3795462267227623
7.607878073775032,3.13549425940741,-4.6050701909877585,2.0215208394601474,4.584967488874653,2.3025851929940404,1.0296197743239517,2.772588784739779,4.584967488874653,2.018895174613918,4.584967488874653,-0.91628823187728,4.338204737389436,16.244319143307948,2.4510051843192118,-0.7174378239507616,2.3795462267227623
7.607381426136563,5.451038457857546,-4.6050701909877585,2.4605206767414183,4.584967488874653,2.833213402879744,0.7419378209197403,2.833213402879744,4.584967488874653,2.039920913556556,4.584967488874653,-0.6931451805619453,6.535062527463785,13.968361250317567,2.468099616217378,-0.7236043261911095,2.3795462267227623
7.606884531716648,5.476463556115611,-4.6050701909877585,2.279795103894645,4.584967488874653,4.317488126869644,2.970414516851751,2.890371813451719,4.584967488874653,2.0386196773679055,4.584967488874653,-0.35667351536832426,6.520322075483311,14.397085190305983,2.5014360337064203,-0.7444383696865541,2.3513753524015684
7.605890001550634,3.2580965764830196,2.0693913320889528,4.155553128490175,4.574710988812661,4.795790553861204,2.906901114492183,3.13549425940741,4.532599503905944,2.068127908201805,4.574710988812661,0.09531108889482073,6.334152227775678,14.036124512545518,2.5494452490505686,-0.7896558783000431,2.3025851929940404
7.605392365312695,5.662960483608168,1.9615023844621158,2.215459086780192,4.574710988812661,1.6094381124340804,2.873564696076957,3.2188758648682,4.532599503905944,1.974081164910889,4.574710988812661,0.09531108889482073,6.290000914424719,16.11583770371308,2.5649494343846104,-0.8051944472346053,2.322387818329436
7.6048944813096275,5.641907074484213,1.854734424883954,-0.41318275618849015,4.574710988812661,1.7917596358947079,2.839078521988145,3.332204545889489,4.574710988812661,2.0360121143007945,4.574710988812661,0.09531108889482073,1.7349646481037924,13.793437735725485,2.5877641104156752,-0.8255340855032745,2.3418059023011684
7.6043963492945945,5.68697535972965,1.9139772494449188,2.0027997509828626,4.574710988812661,3.2580965764830196,2.8033604415125937,3.401197414995488,4.584967488874653,2.138889118108879,4.574710988812661,0.09531108889482073,3.8033980561890974,13.758667153328304,2.602689759518455,-0.8580194652623946,2.3125355228571096
7.603399340239423,3.610917939671251,1.947337843699841,3.6749495861839527,4.553876902126857,4.85981241211361,2.7343675743546463,3.6375861860421748,4.553876902126857,1.9213248199955724,4.553876902126857,0.09531108889482073,5.662723917434974,16.011816380040884,2.6246686646269244,-0.9467473620425974,2.174751835120518
7.602900462703757,5.9839362832060825,1.9095426530325756,3.4637233433348538,4.488636380968095,5.393627550897816,2.7013612800655054,3.7376696420928917,4.488636380968095,1.8309803426377338,4.488636380968095,0.09531108889482073,5.467686396617805,15.992355314793803,2.6390574010438272,-0.9915505209605449,2.1041342762214192
7.601402335083484,6.082218912659551,1.743968980216866,-0.9460935259792935,4.392730371564323,5.393627550897816,2.6173959058267773,3.8066625119925415,4.330733353444225,1.477048952698831,4.3438054348406965,0.09531108889482073,3.071287465836435,13.632724093118517,2.7013612800655054,-1.102617298021992,1.9600949248923303
7.607381426136563,5.111527698816987,2.1447611248964904,-13.815510557964274,4.574710988812661,-13.815510557964274,1.6486588178950556,-13.815510557964274,4.564348201884503,1.8148249050254872,4.564348201884503,-2.3025750930440454,8.897930140949667,16.337608563285418,1.9878744851406376,-0.28901496035232416,2.5952547815837286
7.608374474877062,4.927253692403581,1.5163899384369495,-13.815510557964274,4.5951198602356,-13.815510557964274,3.860729732093227,-13.815510557964274,4.5951198602356,1.782720095474845,4.5951198602356,-2.3025750930440454,8.897930140949667,16.337608563285418,2.151762319538525,-0.3078834192260082,2.5726123065429807
7.607878073775032,4.934473940324937,2.2995806842746447,-13.815510557964274,4.5951198602356,-13.815510557964274,3.8437441860881276,-13.815510557964274,4.5951198602356,1.905088303344571,4.5951198602356,-2.3025750930440454,8.897930140949667,16.337608563285418,2.151762319538525,-0.3243446736984644,2.5726123065429807
7.606884531716648,4.955827064643514,2.301584692760557,-13.815510557964274,4.584967488874653,-13.815510557964274,3.811097108962079,-13.815510557964274,4.584967488874653,2.122261658623236,4.584967488874653,-2.3025750930440454,8.897930140949667,16.337608563285418,2.151762319538525,-0.3078834192260082,2.5649494343846104
7.6063873902699175,4.962844637252914,2.3446863648899536,-13.815510557964274,4.5951198602356,-13.815510557964274,3.7954892116441044,-13.815510557964274,4.5951198602356,2.025513331580393,4.5951198602356,-2.3025750930440454,8.897930140949667,16.337608563285418,2.151762319538525,-0.3106082128399359,2.557227388887003
7.6043963492945945,5.017279843437441,2.386926333339557,-13.815510557964274,4.5951198602356,-13.815510557964274,3.720862524180062,-13.815510557964274,4.5951198602356,1.9183922670042883,4.5951198602356,-2.3025750930440454,8.897930140949667,16.337608563285418,2.16332314060306,-0.3467231986594076,2.5494452490505686
7.603897969020386,5.043425123370859,2.386926333339557,-13.815510557964274,4.442651268255022,-13.815510557964274,1.481604768196917,-13.815510557964274,4.442651268255022,1.851599626569931,4.442651268255022,-2.3025750930440454,8.897930140949667,16.337608563285418,2.16332314060306,-0.3652818775541805,2.5176965532561493
7.603399340239423,2.772588784739779,2.386926333339557,-13.815510557964274,4.553876902126857,-13.815510557964274,3.6788291435129596,-13.815510557964274,4.553876902126857,1.8325816237482973,4.553876902126857,-1.6094329124466003,8.897930140949667,16.337608563285418,2.174751835120518,-0.3725125565907219,2.5014360337064203
7.602900462703757,5.1119877943806395,2.386926333339557,-13.815510557964274,4.510859517505861,-13.815510557964274,3.6635616717706716,-13.815510557964274,4.510859517505861,1.8245494533413555,4.510859517505861,-1.6094329124466003,8.897930140949667,16.337608563285418,2.174751835120518,-0.37687619353136664,2.5095993436791817
7.6024013361650695,5.141663562350613,2.386926333339557,-13.815510557964274,4.430816810748075,-13.815510557964274,3.6480574856353476,-13.815510557964274,4.510859517505861,1.8082889351136784,4.127134401174124,-1.6094329124466003,8.897930140949667,16.337608563285418,2.174751835120518,-0.3797958993723511,2.5176965532561493
7.601901960374667,5.159055304961655,2.386926333339557,-13.815510557964274,4.189654757177941,-13.815510557964274,3.6349511384736046,-13.815510557964274,4.127134401174124,1.8453003941339554,4.304065106717683,-2.3025750930440454,8.897930140949667,16.337608563285418,2.1860513890976385,-0.3841915044049215,2.525728724308252
7.601402335083484,5.181783555910062,2.386926333339557,-13.815510557964274,4.392730371564323,-13.815510557964274,3.618993353459421,-13.815510557964274,4.5951198602356,1.8082889351136784,4.5951198602356,-1.2039694709981583,8.897930140949667,16.337608563285418,2.1972246884473243,-0.3797958993723511,2.5336968933225084
7.600902460042082,5.209486158305902,2.386926333339557,-13.815510557964274,4.392730371564323,-13.815510557964274,3.605497872348798,-13.815510557964274,4.127134401174124,1.7101879963660536,4.127134401174124,-0.91628823187728,8.897930140949667,16.337608563285418,2.1972246884473243,-1.3167645671349584,2.5494452490505686
7.608374474877062,5.049856013659793,1.5163899384369495,-13.815510557964274,4.584967488874653,-13.815510557964274,3.990834204336724,-13.815510557964274,4.574710988812661,1.782720095474845,4.584967488874653,-2.3025750930440454,8.897930140949667,16.337608563285418,1.9315215565307395,-0.32850267808411165,2.5877641104156752
7.607878073775032,5.0562458117177345,1.947337843699841,-13.815510557964274,4.584967488874653,-13.815510557964274,3.9721769470802846,-13.815510557964274,4.574710988812661,2.155244620970185,4.584967488874653,-2.3025750930440454,8.897930140949667,16.337608563285418,1.9315215565307395,-0.32850267808411165,2.5877641104156752
7.607381426136563,5.081404371195643,1.955860621351187,-13.815510557964274,4.574710988812661,-13.815510557964274,3.955082514045681,-13.815510557964274,4.574710988812661,1.6505800477038368,4.574710988812661,-2.3025750930440454,8.897930140949667,16.337608563285418,1.9315215565307395,-0.3326780436833498,2.5877641104156752
7.606884531716648,5.068904208509539,1.9358599575019457,-13.815510557964274,4.564348201884503,-13.815510557964274,3.9357395515767117,-13.815510557964274,4.564348201884503,2.137710567728333,4.564348201884503,-2.3025750930440454,8.897930140949667,16.337608563285418,1.945910291912446,-0.33827245604428047,2.5877641104156752
7.6063873902699175,2.772588784739779,1.948763360487852,-13.815510557964274,4.564348201884503,-13.815510557964274,1.6677070092373036,-13.815510557964274,4.564348201884503,1.607436110164209,4.564348201884503,-2.3025750930440454,8.897930140949667,16.337608563285418,1.945910291912446,-0.33967596307676556,2.5877641104156752
7.605890001550634,5.087596341405224,1.945910291912446,-13.815510557964274,4.5951198602356,-13.815510557964274,3.89792410133262,-13.815510557964274,4.5951198602356,1.549688120342529,4.5951198602356,-2.3025750930440454,8.897930140949667,16.337608563285418,1.945910291912446,-0.34108144271012436,2.5877641104156752
7.605392365312695,5.1059454799611865,1.9242487982595247,-13.815510557964274,4.5951198602356,-13.815510557964274,3.8794998343837426,-13.815510557964274,4.5951198602356,1.635105854114433,4.5951198602356,-1.6094329124466003,8.897930140949667,16.337608563285418,1.9600949248923303,-0.3438983420137687,2.5877641104156752
7.6048944813096275,5.117993818404779,1.9344159141382382,-13.815510557964274,4.5951198602356,-13.815510557964274,3.860729732093227,-13.815510557964274,4.5951198602356,1.5475627214819478,4.5951198602356,-1.2039694709981583,8.897930140949667,16.337608563285418,1.974081164910889,-0.3509755023705581,2.5877641104156752
7.6043963492945945,2.833213402879744,1.7732561674427678,-13.815510557964274,4.5951198602356,-13.815510557964274,3.8416005625908274,-13.815510557964274,4.5951198602356,1.3660919089043795,4.5951198602356,-1.2039694709981583,8.897930140949667,16.337608563285418,1.974081164910889,-0.35382045045591604,2.5877641104156752
7.603897969020386,5.153291600278126,1.7800243816436838,-13.815510557964274,4.5951198602356,-13.815510557964274,3.822098319781997,-13.815510557964274,4.5951198602356,1.3558354113671076,4.5951198602356,-1.2039694709981583,8.897930140949667,16.337608563285418,1.9878744851406376,-0.3638419945694592,2.5877641104156752
7.602900462703757,5.1984970367906875,1.6900959999533829,-13.815510557964274,4.5951198602356,-13.815510557964274,3.7796338402134504,-13.815510557964274,4.5951198602356,1.3137239371022233,4.5951198602356,-0.91628823187728,8.897930140949667,16.337608563285418,2.014903153875589,-0.3725125565907219,2.580216905349898
7.6024013361650695,5.214935763043768,1.6292407358086922,-13.815510557964274,4.189654757177941,-13.815510557964274,3.7588718492439943,-13.815510557964274,4.5951198602356,1.3635376297517174,4.5951198602356,-0.91628823187728,8.897930140949667,16.337608563285418,2.028148378871224,-0.38272415486409,2.5649494343846104
7.601901960374667,5.2257466790895455,1.5973655336289605,-13.815510557964274,4.392730371564323,-13.815510557964274,3.7376696420928917,-13.815510557964274,4.5951198602356,1.3686396803340637,4.5951198602356,-0.91628823187728,8.897930140949667,16.337608563285418,2.0412204587297595,-0.3900825289660784,2.557227388887003
7.601402335083484,5.2257466790895455,1.5539254139203098,-13.815510557964274,4.392730371564323,-13.815510557964274,3.7135720910945516,-13.815510557964274,4.5951198602356,1.2919839563738864,4.5951198602356,-0.35667351536832426,8.897930140949667,16.337608563285418,2.054123861900666,-0.39600846345441204,2.5494452490505686
7.600902460042082,5.2257466790895455,1.568616126247157,-13.815510557964274,4.392730371564323,-13.815510557964274,1.4109872176126714,-13.815510557964274,4.5951198602356,1.316408501752203,4.584967488874653,-0.35667351536832426,8.897930140949667,16.337608563285418,2.0668628860552465,-1.3167645671349584,2.5416020722046997
7.607381426136563,5.111527698816987,-4.6050701909877585,-13.815510557964274,4.2341065190900125,-13.815510557964274,3.639420465311806,-13.815510557964274,4.2341065190900125,1.8718023307477334,4.2341065190900125,-2.3025750930440454,8.897930140949667,16.337608563285418,2.286397071961912,-0.47122466031470783,2.714694810046042
7.608374474877062,4.477336825841843,1.5163899384369495,-13.815510557964274,4.584967488874653,5.389071734382711,4.222444579512173,2.079441666679828,4.574710988812661,1.782720095474845,4.584967488874653,-2.3025750930440454,7.913104588599746,16.337608563285418,2.7343675743546463,-0.16841746819371078,2.778819334102217
7.607878073775032,4.477336825841843,-2.407934497602489,7.151389511025543,4.584967488874653,5.036952608907136,4.209160251509523,2.1972246884473243,4.584967488874653,1.5432983236047462,4.584967488874653,-2.3025750930440454,9.733547763562223,16.337608563285418,2.721295493641702,-0.17316242994925385,2.760010003324058
7.606884531716648,2.1972246884473243,-2.407934497602489,5.280055791870076,4.584967488874653,5.393627550897816,4.183575711193946,2.1972246884473243,4.584967488874653,1.3506674425440635,4.584967488874653,-2.3025750930440454,7.837533129795406,16.337608563285418,2.7013612800655054,-0.20089171988624974,2.6741487183920434
7.6063873902699175,4.521788587918605,-2.407934497602489,5.156613011785787,4.584967488874653,5.393627550897816,4.169761216962805,2.1972246884473243,4.584967488874653,1.2725658759035532,4.584967488874653,-2.3025750930440454,7.773908844106084,16.337608563285418,2.6946272483376346,-0.21815476602284956,2.6318889120790896
7.605890001550634,4.543294792908302,-2.407934497602489,7.088363977170988,4.584967488874653,5.393627550897816,4.157319377032941,2.1972246884473243,4.584967488874653,1.2499020227472462,4.584967488874653,-2.3025750930440454,9.733547763562223,16.337608563285418,2.687847561811899,-0.2331926245422456,2.5877641104156752
7.605392365312695,4.574710988812661,-2.407934497602489,4.770030179855024,4.584967488874653,4.406719259459375,4.144720785395028,2.3025851929940404,4.584967488874653,1.5892354091981928,4.584967488874653,-2.3025750930440454,7.435020883267675,16.337608563285418,2.681021597207439,-0.23952575991751052,2.5649494343846104
7.6048944813096275,4.584967488874653,-2.407934497602489,2.7412702262136346,4.584967488874653,5.062595039356081,4.133565291401023,2.3025851929940404,4.584967488874653,1.0543123782035249,4.584967488874653,-2.3025750930440454,5.4715659758504485,16.337608563285418,2.6741487183920434,-0.24974294941516517,2.5494452490505686
7.603399340239423,2.397895363707457,-2.995712273753988,7.018444891247255,4.574710988812661,5.393627550897816,1.8245494533413555,2.3025851929940404,4.564348201884503,1.229640843472132,4.564348201884503,-2.3025750930440454,9.528054153108329,16.337608563285418,2.6741487183920434,-0.27312060706086777,2.5176965532561493
7.601901960374667,2.7080502677688743,-2.995712273753988,6.533930205411421,4.574710988812661,5.393627550897816,4.055257190845076,2.397895363707457,4.553876902126857,1.453953243238538,4.553876902126857,-2.3025750930440454,9.065928461416597,16.337608563285418,2.681021597207439,-0.2943697183215992,2.49320553524732
7.600902460042082,2.397895363707457,-2.995712273753988,6.662084870712949,4.532599503905944,-13.815510557964274,4.02891677469324,2.48490673312133,4.553876902126857,1.4445635050928953,4.553876902126857,-2.3025750930440454,9.118987322972172,16.337608563285418,2.687847561811899,-0.30516602994161784,2.468099616217378
7.608374474877062,5.236441968149098,1.5163899384369495,-13.815510557964274,4.488636380968095,4.060443027787798,3.1904763914987653,3.2580965764830196,4.442651268255022,1.782720095474845,4.488636380968095,-1.2039694709981583,4.592344441643023,16.522025848360244,2.9338569230273914,-0.7113091145298127,2.2512919038696473
7.607878073775032,5.257495377236115,-1.3470698018201597,2.5498580801980535,4.488636380968095,3.465735934049726,3.1696856226942347,3.2958369030413657,4.442651268255022,1.5390156627298062,4.488636380968095,-1.2039694709981583,5.026796488960103,16.492834230631416,2.954910331117068,-0.727736554938333,2.208274523412908
7.606884531716648,0.6931476805598203,-1.2729621043906936,2.3230341426867906,4.510859517505861,3.828641418228225,3.1223649685402193,3.367295864469232,4.418840619844791,1.4609381361341909,4.510859517505861,-0.91628823187728,4.915971446041225,14.13288224934417,2.388762880978213,-0.7700260650710216,2.116255635284473
7.605890001550634,5.356586279388994,-1.2729621043906936,0.019873961026378426,4.488636380968095,5.393627550897816,3.077312306629362,3.465735934049726,4.330733353444225,1.5303949215438406,4.488636380968095,-0.91628823187728,2.453706446183981,16.37399514065056,0.9932521433805853,-0.8007301640708707,2.0412204587297595
7.605392365312695,5.389071734382711,-1.2039694709981583,0.16337543803958784,4.454347307881415,5.393627550897816,3.054001228847777,3.49650759176951,4.418840619844791,1.5706972920178561,4.454347307881415,-0.6931451805619453,2.5310317579117307,14.043376541024966,1.1314024340716937,-0.8119284643001964,2.014903153875589
7.6048944813096275,5.416100406648865,-1.2729621043906936,0.08464613868420158,4.477336825841843,1.7917596358947079,1.0296197743239517,3.5263605540279257,4.465908130148836,1.5973655336289605,4.477336825841843,-0.5108239571007129,2.4280523955691766,14.017599610719174,1.252763254209613,-0.8324069490455207,1.9600949248923303
7.6043963492945945,3.13549425940741,-1.1394311581932477,2.1173577898452276,4.543294792908302,2.397895363707457,0.8329095577176182,3.5835189662338873,4.532599503905944,1.5518090114618484,4.543294792908302,-0.35667351536832426,4.558056075056387,16.28982438471195,2.557227388887003,-0.855663757119312,1.9169227592408737
7.603897969020386,5.463831809262898,-1.0788067201997846,2.344708049216526,4.488636380968095,1.0986126220013874,2.9907197819817015,3.6375861860421748,4.488636380968095,1.693779244691364,4.488636380968095,-0.35667351536832426,4.4980113543288835,16.26278136469539,3.1045867233091213,-0.8627475952806866,1.88706980054752
7.603399340239423,5.488937730288918,-1.1086595942231723,4.564736158178185,4.430816810748075,-13.815510557964274,2.970414516851751,3.688879479113936,4.430816810748075,1.6770967478237855,4.430816810748075,-0.35667351536832426,6.651403735811952,16.235991213616725,3.1223649685402197,-0.8794743491157878,1.856298146615614
7.602900462703757,5.50938834067656,-1.0498192673599023,4.189993532963628,4.189654757177941,3.4339872367432105,2.949688387408604,3.7376696420928917,4.465908130148836,1.7369514087893825,4.465908130148836,-0.35667351536832426,6.597939127832292,14.486383499310717,3.1398326608177904,-0.896485653600587,1.8245494533413555
7.607878073775032,4.812184363502499,2.2071750182003824,2.153761300360565,4.521788587918605,3.610917939671251,4.084294243203616,9.999994999180668e-07,4.532599503905944,0.3148114697667745,4.532599503905944,-2.3025750930440454,4.12992439257772,13.478044227396765,1.4350847633845325,-0.2600656084027874,2.660259607195929
7.607381426136563,4.804021052929977,2.2148462878563384,6.7806492993359075,4.510859517505861,9.999994999180668e-07,4.07584110763547,9.999994999180668e-07,4.574710988812661,0.11332957816374746,4.553876902126857,-2.3025750930440454,8.756812490565695,15.78459746745377,1.4350847633845325,-0.2665718037593691,2.646174868306106
7.606884531716648,4.836281914887986,2.2385798696279355,6.610037647537373,4.574710988812661,-13.815510557964274,4.065602110509105,9.999994999180668e-07,4.532599503905944,2.2915242467468504,4.510859517505861,-2.3025750930440454,8.641070048812502,13.486974546038947,1.4350847633845325,-0.26526717383476595,2.6390574010438272
7.6063873902699175,4.844187094332607,2.257587831665815,6.819272725907104,4.543294792908302,5.393627550897816,4.055257190845076,9.999994999180668e-07,4.543294792908302,2.274185721353001,4.543294792908302,-2.3025750930440454,8.767686004219122,13.491854442884096,1.481604768196917,-0.27839070454159776,2.602689759518455
7.605890001550634,4.852030271732117,2.266958018977832,6.65213975198035,4.488636380968095,2.9957323235539897,4.04305128537841,9.999994999180668e-07,4.510859517505861,0.6418544124880456,4.510859517505861,-2.3025750930440454,8.59635134324712,15.802211066753891,1.5040776189984717,-0.2810362052306782,2.6100698662714152
7.6048944813096275,4.882801930162128,2.2554935902819926,4.56780450444727,4.532599503905944,0.6931476805598203,4.021773887308412,9.999994999180668e-07,4.553876902126857,0.40546577477460877,4.553876902126857,-2.3025750930440454,6.509921846415357,13.507927773407516,1.5475627214819476,-0.28901496035232416,2.602689759518455
7.6043963492945945,4.882801930162128,2.2300145076860862,6.650110905474153,4.5951198602356,5.3033049130342,4.009149734307689,9.999994999180668e-07,4.532599503905944,0.18232239012694063,4.543294792908302,-2.3025750930440454,8.604860002045637,15.8144981303309,1.568616126247157,-0.29705788837026337,2.602689759518455
7.603399340239423,4.905274785845837,2.2617632026404517,6.220812005730965,4.189654757177941,0.6931476805598203,3.987130496467827,9.999994999180668e-07,4.584967488874653,2.16332314060306,4.584967488874653,-2.3025750930440454,8.168523774988959,13.520829382168198,1.6292407358086922,-0.3147093749776248,2.580216905349898
7.602900462703757,4.897839807413598,2.0041791919501697,6.137095486654946,4.488636380968095,2.397895363707457,3.9759363499335247,9.999994999180668e-07,4.564348201884503,2.1090004652805963,4.477336825841843,-2.3025750930440454,8.111096514010164,15.825489073008823,1.6486588178950556,-0.32850267808411165,2.5726123065429807
7.6024013361650695,4.897839807413598,1.9810016067976084,5.96550941351076,4.392730371564323,2.7080502677688743,3.9665112096516095,9.999994999180668e-07,4.488636380968095,2.0955610465609418,4.488636380968095,-2.3025750930440454,7.948913764657806,13.52594805193964,1.686399138755397,-0.3354713376877088,2.5649494343846104
7.601901960374667,4.890349135740551,1.9387418034615826,5.678855150423207,4.392730371564323,4.143134742264548,3.955082514045681,9.999994999180668e-07,4.553876902126857,2.1860513890976385,4.553876902126857,-2.3025750930440454,7.673220516932271,15.829949737615783,1.7047482740565905,-0.3354713376877088,2.580216905349898
7.601402335083484,4.905274785845837,2.018895174613918,5.404956636001611,4.392730371564323,3.555348090060842,3.945457800856743,9.999994999180668e-07,4.532599503905944,1.9300712301634377,4.532599503905944,-2.3025750930440454,7.399322001538125,13.532395374715652,1.722766776312516,-0.3438983420137687,2.5726123065429807
7.600902460042082,4.948759897470366,1.998773774113727,2.473110858853748,4.392730371564323,3.6375861860421748,3.9357395515767117,0.6931476805598203,4.584967488874653,1.8764070964276849,4.553876902126857,-2.3025750930440454,4.467476155308958,15.832590673581109,1.7404663502790854,-0.35382045045591604,2.5649494343846104
7.608374474877062,6.02344759538234,1.5163899384369495,-13.815510557964274,4.454347307881415,5.393627550897816,3.194583173282762,3.401197414995488,4.454347307881415,1.782720095474845,4.454347307881415,-0.6931451805619453,6.375941323049695,13.492166764959789,2.687847561811899,-0.8416448686954661,2.2512919038696473
7.607381426136563,3.850147622986654,-4.6050701909877585,0.27874102716853605,4.521788587918605,2.7080502677688743,3.148453403490109,3.49650759176951,4.521788587918605,2.4501427436329335,4.521788587918605,-0.2231423013149909,4.274144898965701,13.447744332537113,2.7278528937578645,-0.8843052647165297,2.2300145076860862
7.606884531716648,6.018593216929324,-4.6050701909877585,3.999307207797547,4.510859517505861,5.393627550897816,3.1223649685402193,3.555348090060842,4.510859517505861,2.4194789334335125,4.510859517505861,-0.10535940454733242,6.3313210949464,13.424854748861279,2.7536607760485277,-0.9137913579130913,2.208274523412908
7.6048944813096275,6.082218912659551,1.3635376297517174,1.6826154096159338,4.3438054348406965,3.7841896566455335,0.9932521433805853,3.7841896566455335,4.317488126869644,0.2546429935670787,4.3438054348406965,0.09531108889482073,3.836780333130258,15.634459033392925,2.856470263691746,-1.0023907061356387,2.116255635284473
7.6043963492945945,3.8066625119925415,1.3506674425440635,3.819273521821037,4.189654757177941,-13.815510557964274,0.7884578149096215,3.8066625119925415,4.143134742264548,0.11332957816374746,4.1588830989846715,0.09531108889482073,5.8828416952579206,13.330055365799552,2.8791985134778133,-1.0300166960859731,2.1041342762214192
7.603897969020386,6.082218912659551,1.3350013298902002,3.6376061300532934,4.392730371564323,3.49650759176951,2.980618686505363,3.8066625119925415,4.174387285280252,0.5187943886530856,4.1588830989846715,0.09531108889482073,5.775524578205728,15.581728604464708,2.901421649027803,-1.0555499256485732,2.079441666679828
7.603399340239423,3.871201031741224,1.3428650642891264,3.739784763357484,4.392730371564323,3.367295864469232,2.954910331117068,3.8066625119925415,4.204692634316339,2.460443263006719,4.174387285280252,0.09531108889482073,5.661880714064988,15.548648013400728,2.9231616344825953,-1.0758698691516004,2.054123861900666
7.602900462703757,6.082218912659551,1.3837914815283072,3.651295664330269,4.392730371564323,1.945910291912446,2.9338569230273914,3.8066625119925415,4.2341065190900125,2.456164266685636,4.174387285280252,0.09531108889482073,5.572708319596745,15.509233551084073,2.944439031798018,-1.102617298021992,2.028148378871224
7.6024013361650695,4.04305128537841,1.4036432451547192,3.653633889916541,4.392730371564323,5.393627550897816,2.9123507189627644,3.8066625119925415,4.189654757177941,2.4587338610271727,4.290459454847021,0.09531108889482073,5.575046545205834,15.464082449021287,2.970414516851751,-1.133200627852489,2.00148013534525
7.601901960374667,6.082218912659551,1.4011832199190295,3.599806406523055,4.392730371564323,5.393627550897816,2.8848007687126294,3.8066625119925415,4.127134401174124,2.460443263006719,4.127134401174124,0.09531108889482073,5.521219060617141,15.416354850796349,2.388762880978213,-1.18416690906124,1.974081164910889
7.601402335083484,6.082218912659551,1.437462885223953,3.5069652808280507,4.392730371564323,5.393627550897816,2.862200938072324,3.8066625119925415,4.127134401174124,2.460443263006719,4.127134401174124,0.09531108889482073,5.4283779328173525,15.371367719671214,0.8329095577176182,-1.1973249503544716,1.945910291912446
7.608374474877062,4.007333203414289,0.5822161785117255,-13.815510557964274,4.564348201884503,-13.815510557964274,3.5025499060429244,-13.815510557964274,4.564348201884503,1.782720095474845,4.564348201884503,-2.3025750930440454,9.733547763562223,16.337608563285418,1.481604768196917,-0.0790421250899562,2.7343675743546463
7.607878073775032,4.025351708592292,0.6043165133012677,7.151389511025543,4.564348201884503,-13.815510557964274,3.4934726881664626,-13.815510557964274,4.564348201884503,1.5933087337562286,4.564348201884503,-2.3025750930440454,9.733547763562223,16.337608563285418,1.481604768196917,-0.08120897082743285,2.7343675743546463
7.607381426136563,4.04305128537841,0.6043165133012677,6.57136478308006,4.574710988812661,4.927253692403581,3.487375108484247,-13.815510557964274,4.574710988812661,1.5107221602454703,4.574710988812661,-2.3025750930440454,8.63572068607202,16.337608563285418,1.481604768196917,-0.08338052198311999,2.7343675743546463
7.606884531716648,4.077537460854872,0.63657735817194,7.151389511025543,4.574710988812661,3.7376696420928917,3.4781584536624806,-13.815510557964274,4.574710988812661,1.4398353650147169,4.574710988812661,-2.3025750930440454,9.733547763562223,16.337608563285418,1.4586152552576295,-0.08664671621372584,2.7343675743546463
7.6063873902699175,1.7917596358947079,0.5877872204575202,6.4583384568557465,4.564348201884503,4.997212280520872,3.4688560612886175,-13.815510557964274,4.564348201884503,1.3686396803340637,4.564348201884503,-2.3025750930440454,9.733547763562223,16.337608563285418,1.4350847633845325,-0.0932112840279403,2.721295493641702
7.605392365312695,4.127134401174124,0.5481219865442025,6.137577365993682,4.564348201884503,2.772588784739779,3.4499875775776188,-13.815510557964274,4.574710988812661,1.4516140614325432,4.574710988812661,-2.3025750930440454,9.733547763562223,16.337608563285418,1.4350847633845325,-0.11990916927747713,2.667228276026397
7.6048944813096275,4.1588830989846715,0.5306288392972914,7.151389511025543,4.574710988812661,2.890371813451719,3.440418126866718,-13.815510557964274,4.574710988812661,1.3635376297517174,4.574710988812661,-2.3025750930440454,9.733547763562223,16.337608563285418,1.4350847633845325,-0.12783223514689415,2.6532420350297476
7.6043963492945945,4.174387285280252,0.47000425424554026,7.151389511025543,4.564348201884503,2.7080502677688743,1.3609768095458243,-13.815510557964274,4.574710988812661,1.241268878086932,4.574710988812661,-2.3025750930440454,9.733547763562223,16.337608563285418,1.4109872176126714,-0.1358185776678186,2.646174868306106
7.603897969020386,4.189654757177941,0.4382555760922374,7.151389511025543,4.553876902126857,3.13549425940741,1.252763254209613,-13.815510557964274,4.553876902126857,1.2974634206372813,4.553876902126857,-2.3025750930440454,9.733547763562223,16.337608563285418,1.4109872176126714,-0.17554338062052796,2.6318889120790896
7.6024013361650695,4.290459454847021,0.3576751435722706,7.151389511025543,4.553876902126857,3.49650759176951,3.387774395113798,-13.815510557964274,4.564348201884503,1.2892329237588152,4.564348201884503,-2.3025750930440454,9.733547763562223,16.337608563285418,1.4109872176126714,-0.19966997412859208,2.5416020722046997
7.601901960374667,4.304065106717683,0.7701086846589296,4.9565238767382365,4.553876902126857,5.351858138215403,3.3741687435208108,-13.815510557964274,4.543294792908302,1.0438044042857286,4.543294792908302,-2.3025750930440454,7.703834785481951,16.337608563285418,1.4109872176126714,-0.20089171988624974,2.5336968933225084
7.601402335083484,4.330733353444225,0.7323683744823419,6.911116501738525,4.553876902126857,5.393627550897816,3.363841629720462,-13.815510557964274,4.553876902126857,0.8628903770878792,4.564348201884503,-2.3025750930440454,9.733547763562223,16.337608563285418,1.4109872176126714,-0.19844971921238677,2.5416020722046997
7.600902460042082,4.356708839510104,0.708036285664412,7.151389511025543,4.574710988812661,4.948759897470366,3.3499041223623234,-13.815510557964274,4.584967488874653,0.9969490038952316,4.584967488874653,-2.3025750930440454,9.733547763562223,16.337608563285418,1.4109872176126714,-0.21071979674851335,2.525728724308252
7.608374474877062,2.944439031798018,1.5163899384369495,-13.815510557964274,4.564348201884503,9.999994999180668e-07,4.0792309413325265,-13.815510557964274,4.564348201884503,1.782720095474845,4.564348201884503,-2.3025750930440454,8.897930140949667,16.337608563285418,0.8754691540204799,-0.17197407709205953,2.7080502677688743
7.607878073775032,4.727387827561898,2.3608540954576394,-13.815510557964274,4.574710988812661,-13.815510557964274,4.067315906957469,-13.815510557964274,4.574710988812661,2.1400662811433224,4.574710988812661,-2.3025750930440454,8.897930140949667,16.337608563285418,0.8754691540204799,-0.17316242994925385,2.714694810046042
7.607381426136563,4.7361984571664255,2.2915242467468504,-13.815510557964274,4.584967488874653,-13.815510557964274,4.05698879297937,-13.815510557964274,4.584967488874653,2.079441666679828,4.584967488874653,-2.3025750930440454,8.897930140949667,16.337608563285418,0.9162911318740751,-0.17673598518334357,2.7080502677688743
7.606884531716648,4.770684632940241,2.3145137626735437,-13.815510557964274,4.5951198602356,-13.815510557964274,4.0465539158682695,-13.815510557964274,4.5951198602356,2.09801804995215,4.5951198602356,-2.3025750930440454,8.897930140949667,16.337608563285418,0.9162911318740751,-0.1803223565272083,2.7080502677688743
7.6063873902699175,4.804021052929977,2.326301717267607,-13.815510557964274,4.5951198602356,-13.815510557964274,4.0342406558515105,-13.815510557964274,4.5951198602356,2.0744291254844245,4.5951198602356,-2.3025750930440454,8.897930140949667,16.337608563285418,0.9162911318740751,-0.18753391757495202,2.7080502677688743
7.605890001550634,4.820281573669553,2.3155014169772703,-13.815510557964274,4.5951198602356,-13.815510557964274,4.023564398050141,-13.815510557964274,4.5951198602356,2.141242060094089,4.5951198602356,-2.3025750930440454,8.897930140949667,16.337608563285418,0.9555118296427471,-0.196013667381685,2.7080502677688743
7.6048944813096275,4.912654893088993,2.386926333339557,-13.815510557964274,4.5951198602356,-13.815510557964274,4.0036902122021445,-13.815510557964274,4.5951198602356,2.1041342762214192,4.5951198602356,-2.3025750930440454,8.897930140949667,16.337608563285418,0.9932521433805853,-0.20702293942278283,2.6946272483376346
7.603897969020386,4.927253692403581,2.3302003573032786,-13.815510557964274,4.5951198602356,-13.815510557964274,3.9834130201367928,-13.815510557964274,4.5951198602356,1.9947004492791578,4.5951198602356,-2.3025750930440454,8.897930140949667,16.337608563285418,1.0647110818199552,-0.23193079631403615,2.660259607195929
7.603399340239423,4.948759897470366,2.3804717241580504,-13.815510557964274,4.5951198602356,-13.815510557964274,3.9721769470802846,-13.815510557964274,4.5951198602356,2.00148013534525,4.5951198602356,-2.3025750930440454,8.897930140949667,16.337608563285418,1.0647110818199552,-0.24334498312233852,2.6390574010438272
7.602900462703757,4.927253692403581,2.3055807016747365,-13.815510557964274,4.5951198602356,0.6931476805598203,3.962716138755071,-13.815510557964274,4.5951198602356,1.9754690899931033,4.5951198602356,-2.3025750930440454,8.897930140949667,16.337608563285418,1.0647110818199552,-0.25360147013995477,2.6246686646269244
7.6024013361650695,4.969813306520445,2.287471556706835,-13.815510557964274,4.5951198602356,9.999994999180668e-07,3.953164967953179,-13.815510557964274,4.584967488874653,1.7613004335646376,4.5951198602356,-2.3025750930440454,8.897930140949667,16.337608563285418,1.1314024340716937,-0.2600656084027874,2.6100698662714152
7.601901960374667,4.976733749317126,2.377692658245225,-13.815510557964274,4.5951198602356,-13.815510557964274,3.9435216918673617,-13.815510557964274,4.584967488874653,1.7281096197714767,4.5951198602356,-2.3025750930440454,8.897930140949667,16.337608563285418,1.1314024340716937,-0.2704959370825493,2.5877641104156752
7.601402335083484,4.976733749317126,2.3730436498392478,-13.815510557964274,4.5951198602356,-13.815510557964274,3.9337845167791303,9.999994999180668e-07,4.5951198602356,1.7047482740565905,4.5951198602356,-2.3025750930440454,8.897930140949667,16.337608563285418,1.1314024340716937,-0.2704959370825493,2.5877641104156752
7.600902460042082,4.990432593581457,2.386926333339557,-13.815510557964274,4.584967488874653,-13.815510557964274,1.7404663502790856,9.999994999180668e-07,4.584967488874653,1.7047482740565905,4.5951198602356,-2.3025750930440454,8.897930140949667,16.337608563285418,1.1939227715026917,-0.27312060706086777,2.5649494343846104
7.6024013361650695,4.77912350151489,2.386926333339557,5.3148067336035,4.392730371564323,-13.815510557964274,3.968403357767845,-13.815510557964274,4.553876902126857,2.1713369204091704,4.553876902126857,-2.3025750930440454,7.3055050610254915,14.506521959371302,1.4109872176126714,-0.17078713474136478,2.778819334102217
7.600902460042082,4.804021052929977,2.386926333339557,5.084179308160266,4.392730371564323,-13.815510557964274,3.9357395515767117,-13.815510557964274,4.532599503905944,2.1114247085982547,4.510859517505861,-2.3025750930440454,7.112927729866394,14.503104849735022,1.5040776189984717,-0.20089171988624974,2.681021597207439
7.608374474877062,5.176149738223547,1.5163899384369495,-13.815510557964274,4.584967488874653,-13.815510557964274,1.7047482740565905,-13.815510557964274,4.5951198602356,1.782720095474845,4.584967488874653,-2.3025750930440454,7.561336905057863,13.283600886234918,0.8329095577176182,-0.6655300680035726,2.2617632026404517
7.607381426136563,5.2040066925713,-4.6050701909877585,3.208149991422614,4.543294792908302,-13.815510557964274,3.8897774169307238,-13.815510557964274,4.5951198602356,1.6900959999533829,4.543294792908302,-2.3025750930440454,5.239182358768011,13.241945682295237,0.8329095577176182,-0.6753052977970019,2.2512919038696473
7.606884531716648,5.214935763043768,-4.6050701909877585,5.513224005045659,4.5951198602356,-13.815510557964274,3.873282197901736,-13.815510557964274,4.5951198602356,1.7011052834416593,4.5951198602356,-2.3025750930440454,7.5276271470157115,13.220453326433214,0.8754691540204799,-0.683194869510718,2.240709795658931
7.6063873902699175,5.2257466790895455,-0.010049325753001472,5.436638052551149,4.5951198602356,-13.815510557964274,3.85439391377795,-13.815510557964274,4.5951198602356,1.7578580899661518,4.5951198602356,-2.3025750930440454,7.404180497836659,13.198609348125574,0.8754691540204799,-0.699163240815098,2.240709795658931
7.603897969020386,0.6931476805598203,-0.010049325753001472,5.482658221519763,4.5951198602356,-13.815510557964274,3.761200138949376,-13.815510557964274,4.5951198602356,1.8961196347024367,4.5951198602356,-2.3025750930440454,6.855049674174616,13.084499503330516,0.9555118296427471,-0.7550204566207219,2.1282318248968797
7.603399340239423,3.1780538720146114,-0.10535940454733242,3.231261230499016,4.418840619844791,-13.815510557964274,3.7400477644413046,-13.815510557964274,4.127134401174124,2.0579626377166242,4.488636380968095,-2.3025750930440454,4.487229301624256,13.060243262898062,0.9555118296427471,-0.7657157228594588,2.116255635284473
7.602900462703757,3.367295864469232,0.1655152859348413,5.275693069854393,4.394449167018117,-13.815510557964274,3.720862524180062,-13.815510557964274,4.488636380968095,1.7298842428149164,4.127134401174124,-2.3025750930440454,6.7074032905052965,13.035331636573176,0.9555118296427471,-0.7787028902747277,2.0918641851351754
7.601901960374667,3.09104249881286,0.07696196706162557,5.051679969741229,4.317488126869644,-13.815510557964274,3.6788291435129596,-13.815510557964274,4.356708839510104,1.9315215565307395,4.356708839510104,-2.3025750930440454,6.665628032665142,12.983703427614538,1.0296197743239517,-0.8074340848121203,1.9878744851406374
7.601402335083484,5.424950021886689,-0.35667351536832426,5.784168125364206,4.418840619844791,-13.815510557964274,3.655839625875529,-13.815510557964274,4.477336825841843,1.8625286953957534,4.430816810748075,-2.3025750930440454,6.850991089660785,12.957141975989561,1.0296197743239517,-0.8164431344635594,1.88706980054752
7.605890001550634,5.817111162939395,-4.6050701909877585,-13.815510557964274,4.392730371564323,4.744932137058902,3.09104249881286,3.8066625119925415,4.127134401174124,1.782720095474845,4.127134401174124,-0.2231423013149909,8.897930140949667,16.337608563285418,2.6246686646269244,-0.47122466031470783,2.4808756309649644
7.605392365312695,5.814130534810141,-4.6050701909877585,-13.815510557964274,4.392730371564323,2.5649494343846104,3.068052981645244,3.8066625119925415,4.127134401174124,1.782720095474845,4.127134401174124,-0.2231423013149909,8.897930140949667,16.337608563285418,2.6390574010438272,-0.47122466031470783,2.4808756309649644
7.603897969020386,5.82008293331972,-4.6050701909877585,-13.815510557964274,4.392730371564323,1.945910291912446,0.7884578149096215,3.8066625119925415,4.127134401174124,1.782720095474845,4.127134401174124,-0.10535940454733242,8.897930140949667,16.337608563285418,2.681021597207439,-0.47122466031470783,2.4808756309649644
7.603399340239423,5.811140995970712,-4.6050701909877585,-13.815510557964274,4.392730371564323,-13.815510557964274,2.9856819882055388,3.8066625119925415,4.127134401174124,1.782720095474845,4.127134401174124,-0.10535940454733242,8.897930140949667,16.337608563285418,2.6946272483376346,-0.47122466031470783,2.4808756309649644
7.608374474877062,5.793013611432924,1.5163899384369495,-13.815510557964274,4.317488126869644,2.833213402879744,3.9337845167791303,3.8066625119925415,4.317488126869644,1.782720095474845,4.317488126869644,0.09531108889482073,8.660387944687264,15.522433860897632,2.2721259886021152,-0.40796673456801497,2.5649494343846104
7.607878073775032,5.849324782828703,1.998773774113727,6.82660024622937,4.189654757177941,4.189654757177941,1.6677070092373036,3.8066625119925415,4.3438054348406965,2.174751835120518,4.3438054348406965,0.09531108889482073,8.776418019159136,17.158115227083496,2.3795462267227623,-0.4155139288112984,2.5649494343846104
7.607381426136563,5.916202065302853,1.993338978866197,6.886113301411917,4.189654757177941,3.2188758648682,3.9019726897766644,3.8066625119925415,4.290459454847021,2.1724765215422353,4.290459454847021,0.09531108889482073,8.835931074450702,17.158115227083496,2.4765384841510936,-0.4277091833143289,2.5494452490505686
7.606884531716648,3.871201031741224,1.998773774113727,6.993891542254764,4.219507719881989,3.465735934049726,3.885679050622425,3.8066625119925415,4.174387285280252,2.173614825462722,4.174387285280252,0.09531108889482073,8.929059593985116,15.474978969796036,2.5877641104156752,-0.44005500008395787,2.5494452490505686
7.6063873902699175,6.02344759538234,1.998773774113727,4.8182903586612085,4.330733353444225,4.521788587918605,3.869115525293696,3.8066625119925415,4.2341065190900125,2.152924434583651,4.2341065190900125,0.09531108889482073,6.745182495093064,17.158115227083496,2.681021597207439,-0.4494154282404563,2.5494452490505686
7.6048944813096275,6.082218912659551,2.1029140199650924,6.659337051189358,4.330733353444225,3.6635616717706716,3.822098319781997,3.8066625119925415,4.3438054348406965,2.0476929723975053,4.369447865125249,0.09531108889482073,8.663300130527698,17.158115227083496,2.3608540954576394,-0.48450669207331154,2.557227388887003
7.6043963492945945,6.082218912659551,2.137710567728333,6.691450887209103,4.418840619844791,3.4339872367432105,3.8066625119925415,3.8066625119925415,4.369447865125249,2.018895174613918,4.406719259459375,0.09531108889482073,8.720199313445535,17.158115227083496,3.0633909687567766,-0.4910213624842178,2.557227388887003
7.603897969020386,6.082218912659551,2.1400662811433224,6.595951990378609,4.418840619844791,4.394449167018117,3.790984699624453,3.8066625119925415,4.369447865125249,2.024193199549745,4.406719259459375,0.09531108889482073,8.636172817716842,15.388986413891836,2.667228276026397,-0.49593536923746334,2.557227388887003
7.603399340239423,6.082218912659551,2.1621730543520927,6.56430267295065,4.369447865125249,5.393627550897816,3.7750571732907683,3.8066625119925415,4.317488126869644,2.0502702930796763,4.369447865125249,0.09531108889482073,8.596860627514973,13.074573916366557,3.214867843631304,-0.49593536923746334,2.557227388887003
7.6024013361650695,6.082218912659551,1.9358599575019457,6.252205146259447,4.262679891125822,5.393627550897816,3.742420244738648,3.8066625119925415,4.127134401174124,2.1114247085982547,4.2341065190900125,0.09531108889482073,8.236336506521765,17.158115227083496,3.2884019248302434,-0.48938871172588594,2.557227388887003
7.608374474877062,5.805134971928537,1.5163899384369495,-13.815510557964274,4.189654757177941,5.393627550897816,3.639420465311806,3.6635616717706716,4.127134401174124,1.782720095474845,4.127134401174124,0.09531108889482073,6.631640424895652,16.290546653716934,2.286397071961912,-0.8651200700056646,1.686399138755397
7.607878073775032,5.837730450081392,1.5163899384369495,3.830258991823865,4.392730371564323,5.393627550897816,3.639420465311806,3.6635616717706716,4.127134401174124,1.0079582853634161,4.127134401174124,0.09531108889482073,7.049134795856231,13.958719595752616,2.286397071961912,-0.8651200700056646,1.686399138755397
7.607381426136563,5.84354441992991,1.5163899384369495,3.859561260246713,4.392730371564323,5.393627550897816,3.639420465311806,3.688879479113936,4.127134401174124,0.963174699452322,4.127134401174124,0.09531108889482073,7.078437064880759,13.926827399442281,2.286397071961912,-0.8746666591046763,1.686399138755397
7.605392365312695,5.910796646750554,1.5163899384369495,-13.815510557964274,4.392730371564323,-13.815510557964274,3.639420465311806,3.7376696420928917,4.411699021239751,1.782720095474845,4.410047825781849,0.09531108889482073,7.142661364453388,13.782643298810868,2.286397071961912,-1.3167645671349584,1.686399138755397
7.6048944813096275,5.932245190100531,1.5163899384369495,-13.815510557964274,4.392730371564323,-13.815510557964274,3.639420465311806,3.7376696420928917,4.411699021239751,1.782720095474845,4.410047825781849,0.09531108889482073,7.425782030081263,16.041553210196938,2.286397071961912,-1.3167645671349584,1.686399138755397
7.603897969020386,5.948034991791612,1.5163899384369495,-13.815510557964274,4.392730371564323,-13.815510557964274,3.639420465311806,3.761200138949376,4.411699021239751,1.782720095474845,4.410047825781849,0.09531108889482073,8.897930140949667,15.951822861005057,2.286397071961912,-1.3167645671349584,1.686399138755397
7.603399340239423,5.948034991791612,1.5163899384369495,-13.815510557964274,4.392730371564323,-13.815510557964274,3.639420465311806,3.7841896566455335,4.411699021239751,1.782720095474845,4.410047825781849,0.09531108889482073,8.897930140949667,13.615689168407625,2.286397071961912,-1.3167645671349584,1.686399138755397
7.602900462703757,5.948034991791612,1.5163899384369495,-13.815510557964274,4.392730371564323,-13.815510557964274,3.639420465311806,3.8066625119925415,4.411699021239751,1.782720095474845,4.410047825781849,0.09531108889482073,8.897930140949667,15.868050345571712,2.286397071961912,-1.3167645671349584,1.686399138755397
7.6024013361650695,5.948034991791612,1.5163899384369495,-13.815510557964274,4.392730371564323,-13.815510557964274,3.639420465311806,3.8066625119925415,4.411699021239751,1.782720095474845,4.410047825781849,0.09531108889482073,8.897930140949667,13.530015425749157,2.286397071961912,-1.3167645671349584,1.686399138755397
7.601901960374667,5.945420611224376,1.5163899384369495,-13.815510557964274,4.392730371564323,-13.815510557964274,3.639420465311806,3.8066625119925415,4.411699021239751,1.782720095474845,4.410047825781849,0.09531108889482073,8.897930140949667,15.794755450470923,2.286397071961912,-1.3167645671349584,1.686399138755397
7.601402335083484,5.942799377751373,1.5163899384369495,-13.815510557964274,4.392730371564323,-13.815510557964274,3.639420465311806,3.8066625119925415,4.411699021239751,1.782720095474845,4.410047825781849,0.09531108889482073,8.897930140949667,15.757762882471676,2.286397071961912,-1.3167645671349584,1.686399138755397
7.608374474877062,4.025351708592292,1.5163899384369495,-13.815510557964274,4.574710988812661,4.744932137058902,4.198704592561358,9.999994999180668e-07,4.574710988812661,1.782720095474845,4.574710988812661,-2.3025750930440454,9.733547763562223,17.158115227083496,0.09531108889482073,-0.12556208918914039,2.873564696076957
7.607878073775032,4.060443027787798,-4.6050701909877585,3.7609321088527046,4.564348201884503,5.036952608907136,4.189654757177941,9.999994999180668e-07,4.574710988812661,2.2300145076860862,4.574710988812661,-2.3025750930440454,5.691953625525216,15.352137318548275,0.09531108889482073,-0.13124714635974888,2.8678989588622863
7.607381426136563,1.7917596358947079,2.224623659632436,6.048979539033075,4.553876902126857,4.875197330834739,4.180522273753673,0.6931476805598203,4.564348201884503,2.208274523412908,4.564348201884503,-2.3025750930440454,7.980001073576608,13.052466526024217,0.09531108889482073,-0.13467375916249638,2.862200938072324
7.605890001550634,4.1588830989846715,2.2803395862962095,6.360856295492442,4.574710988812661,5.393627550897816,4.151039921646677,0.6931476805598203,4.574710988812661,2.257587831665815,4.574710988812661,-2.3025750930440454,8.22583182559152,17.158115227083496,0.09531108889482073,-0.15082172694456197,2.7972813958057605
7.605392365312695,4.189654757177941,2.301584692760557,7.151389511025543,4.564348201884503,3.7135720910945516,4.141546179604646,0.6931476805598203,4.564348201884503,2.253394953845285,4.564348201884503,-2.3025750930440454,9.733547763562223,17.158115227083496,0.09531108889482073,-0.15315001399368844,2.791165169162408
7.6043963492945945,4.2766661329049445,2.386926333339557,6.236237883291983,4.564348201884503,5.393627550897816,4.122283947118797,0.6931476805598203,4.564348201884503,2.123458546713828,4.564348201884503,-2.3025750930440454,8.095420027185199,15.324615959778091,0.09531108889482073,-0.16369491481518186,2.772588784739779
7.603897969020386,4.290459454847021,2.386926333339557,7.151389511025543,4.574710988812661,5.393627550897816,4.112511882544162,0.6931476805598203,4.584967488874653,2.107786136195654,4.584967488874653,-2.3025750930440454,9.733547763562223,17.158115227083496,0.09531108889482073,-0.16960159955275864,2.7663191721192657
7.603399340239423,4.3438054348406965,2.386926333339557,6.004991639804406,4.564348201884503,3.09104249881286,1.8718023307477334,0.6931476805598203,4.564348201884503,2.094330277326288,4.564348201884503,-2.3025750930440454,7.8829628037745625,17.158115227083496,0.09531108889482073,-0.17793001375024523,2.760010003324058
7.602900462703757,4.369447865125249,2.386926333339557,7.151389511025543,4.574710988812661,3.2580965764830196,4.0926765218158945,0.6931476805598203,4.574710988812661,2.1400662811433224,4.574710988812661,-2.3025750930440454,9.733547763562223,17.158115227083496,0.09531108889482073,-0.18272043633582288,2.7472709783580536
7.6024013361650695,4.418840619844791,2.386926333339557,7.151389511025543,4.394449167018117,5.393627550897816,4.082609322867086,0.6931476805598203,4.5951198602356,2.078190884934621,4.584967488874653,-2.3025750930440454,9.733547763562223,17.158115227083496,0.09531108889482073,-0.18632837337294214,2.7472709783580536
7.601901960374667,4.418840619844791,2.386926333339557,5.430898385085137,4.406719259459375,4.204692634316339,4.074141871911384,0.6931476805598203,4.584967488874653,1.9810016067976084,4.584967488874653,-2.3025750930440454,7.449809423437533,17.158115227083496,0.09531108889482073,-0.18874091686813807,2.7536607760485277
7.601402335083484,4.430816810748075,2.288486270034417,7.151389511025543,4.418840619844791,-13.815510557964274,4.063885371919523,0.6931476805598203,4.553876902126857,1.9796213445191624,4.564348201884503,-2.3025750930440454,9.637150146650134,13.09275329384998,0.09531108889482073,-0.1923706805269786,2.7536607760485277
7.600902460042082,4.454347307881415,2.386926333339557,7.151389511025543,4.3438054348406965,5.023880527425224,4.053522585062956,0.6931476805598203,4.553876902126857,1.9754690899931033,4.553876902126857,-2.3025750930440454,9.594021182644255,15.334556257545751,0.09531108889482073,-0.19844971921238677,2.7536607760485277
7.607878073775032,5.433722007921052,-4.6050701909877585,5.535792337911735,4.543294792908302,5.393627550897816,3.639420465311806,3.8066625119925415,4.543294792908302,2.131796890637719,4.543294792908302,-1.2039694709981583,7.685656340345257,17.158115227083496,2.286397071961912,-0.7236043261911095,1.974081164910889
7.605890001550634,5.493061447455775,0.5709801115573295,5.147551390310128,4.317488126869644,5.393627550897816,3.639420465311806,3.8066625119925415,4.127134401174124,2.0756846182726303,4.127134401174124,-1.2039694709981583,7.2974153908885615,17.158115227083496,2.286397071961912,-0.7743550667904443,1.945910291912446
7.605392365312695,5.5134287501972405,0.6881351412488376,2.8363668312904746,4.2766661329049445,4.219507719881989,3.639420465311806,3.8066625119925415,4.394449167018117,2.1282318248968797,4.394449167018117,-1.2039694709981583,7.112233212072297,15.029122456595793,2.286397071961912,-0.7852602764876995,1.9169227592408737
7.6048944813096275,5.525452943115847,0.6981352195832984,4.8569888256886085,4.356708839510104,4.85981241211361,3.639420465311806,3.8066625119925415,4.442651268255022,2.100469031270925,4.454347307881415,-1.2039694709981583,7.163581932844287,17.158115227083496,2.286397071961912,-0.8119284643001964,1.840549792127633
7.6043963492945945,5.537334270955545,0.6981352195832984,4.455877177016822,4.356708839510104,5.393627550897816,3.639420465311806,3.8066625119925415,4.430816810748075,1.5518090114618484,4.430816810748075,-1.2039694709981583,7.017232988254399,17.158115227083496,2.286397071961912,-0.8209782793451402,1.856298146615614
7.603897969020386,3.2580965764830196,0.6418544124880456,4.099943162438206,4.189654757177941,5.393627550897816,3.639420465311806,3.8066625119925415,4.3438054348406965,1.3686396803340637,4.356708839510104,-1.6094329124466003,6.795570828149111,12.665912296104828,2.286397071961912,-0.8439677447158378,1.8245494533413555
7.607878073775032,5.181783555910062,1.8437193663866016,7.032123268826861,4.442651268255022,-13.815510557964274,4.055257190845076,-13.815510557964274,4.442651268255022,1.7387104238851487,4.442651268255022,-0.91628823187728,9.165809824997394,13.213899170438655,1.945910291912446,-0.32572875504871873,2.5416020722046997
7.6063873902699175,5.23110862220218,1.7298842428149164,6.8968220856458435,4.454347307881415,-13.815510557964274,4.016383038770407,-13.815510557964274,4.454347307881415,1.7800243816436838,4.454347307881415,-2.3025750930440454,9.026294560028326,13.18362591335921,1.9315215565307395,-0.3509755023705581,2.525728724308252
7.6048944813096275,5.278114664332558,1.5973655336289605,6.703722449598865,4.430816810748075,-13.815510557964274,3.9759363499335247,-13.815510557964274,4.442651268255022,1.778336617814819,4.442651268255022,0.09531108889482073,8.833194923786817,13.152209517003259,1.9315215565307395,-0.36961400803751143,2.4765384841510936
7.603399340239423,3.2188758648682,1.497388632339099,6.037681550680265,4.418840619844791,-13.815510557964274,3.9337845167791303,-13.815510557964274,4.430816810748075,1.9139772494449188,4.418840619844791,-0.5108239571007129,8.187545554428302,13.120253152446974,1.9315215565307395,-0.3974954503648565,2.4248028142138662
7.6024013361650695,5.407171775944423,1.5107221602454703,3.4771149371984795,4.392730371564323,-13.815510557964274,3.906004953223307,-13.815510557964274,4.304065106717683,1.8900955210063073,4.317488126869644,9.999994999180668e-07,5.572685833712038,13.09875078138809,1.945910291912446,-1.3167645671349584,2.388762880978213
7.607381426136563,5.97380961441379,-4.6050701909877585,6.5637929939705195,4.584967488874653,-13.815510557964274,3.440418126866718,1.0986126220013874,4.584967488874653,2.26799375174409,4.584967488874653,0.09531108889482073,8.188344543138438,14.055673258448854,2.208274523412908,-0.6180378527872913,2.4336134431197443
7.606884531716648,6.02102335177671,-4.6050701909877585,6.579575317676629,4.553876902126857,-13.815510557964274,1.3083330899204126,1.0986126220013874,4.521788587918605,2.1701960191035448,4.553876902126857,0.09531108889482073,8.256221978661495,14.037179422462986,2.2721259886021152,-0.6273575673645195,2.4248028142138662
7.6063873902699175,6.082218912659551,1.6486588178950556,6.600834794402859,4.510859517505861,-13.815510557964274,1.1631511223056321,1.0986126220013874,4.442651268255022,2.152924434583651,4.510859517505861,0.09531108889482073,8.27748145535739,14.018661992031033,2.332143992322964,-0.6424521651055498,2.415913867586759
7.6048944813096275,6.082218912659551,1.5830941424332865,6.023462856040677,4.189654757177941,9.999994999180668e-07,3.363841629720462,1.3862946111198593,4.488636380968095,2.1029140199650924,4.477336825841843,0.09531108889482073,7.952417562417311,13.962979248658332,2.517696553256149,-0.6655300680035726,2.3608540954576394
7.6043963492945945,3.9318256523321686,1.7137981079385072,3.7696872743987706,4.521788587918605,-13.815510557964274,3.3499041223623234,1.3862946111198593,4.477336825841843,2.014903153875589,4.465908130148836,0.09531108889482073,5.850730077356341,13.945164191791934,2.580216905349898,-0.6772718629016555,2.3513753524015684
7.607878073775032,3.988984065082793,1.9878744851406374,7.040722365916149,4.204692634316339,3.2580965764830196,4.077537460854872,-13.815510557964274,4.584967488874653,2.460443263006719,4.584967488874653,-2.3025750930440454,8.685787455409447,13.784650239118355,1.0296197743239517,-0.0987148691870074,2.760010003324058
7.606884531716648,4.04305128537841,2.00148013534525,7.151389511025543,4.189654757177941,3.401197414995488,4.062165681069569,-13.815510557964274,4.584967488874653,2.460443263006719,4.584967488874653,-2.3025750930440454,9.733547763562223,16.06883964830309,0.9932521433805853,-0.10203161814605269,2.760010003324058
7.6063873902699175,4.060443027787798,2.00148013534525,7.151389511025543,4.189654757177941,3.2580965764830196,4.055257190845076,-13.815510557964274,4.584967488874653,2.459588927273792,4.584967488874653,-2.3025750930440454,9.733547763562223,16.061442015578745,0.9932521433805853,-0.10424891149650156,2.772588784739779
7.605890001550634,4.060443027787798,1.974081164910889,6.65704491526035,4.392730371564323,1.7917596358947079,4.048300641172701,-13.815510557964274,4.584967488874653,2.2481290127946023,4.584967488874653,-2.3025750930440454,8.570972017399326,16.05389051424209,0.9555118296427471,-0.11093044338947007,2.760010003324058
7.605392365312695,4.127134401174124,1.9878744851406374,6.525186627634497,4.392730371564323,1.0986126220013874,4.041295358706978,-13.815510557964274,4.584967488874653,2.296567121272099,4.584967488874653,-2.3025750930440454,8.439791925611447,16.04536526795444,0.9555118296427471,-0.10758409709481133,2.760010003324058
7.6048944813096275,4.127134401174124,1.9315215565307395,7.151389511025543,4.392730371564323,3.2188758648682,4.0342406558515105,-13.815510557964274,4.584967488874653,2.222459156857117,4.584967488874653,-2.3025750930440454,9.733547763562223,16.036846223825076,0.9555118296427471,-0.10869830209676051,2.7536607760485277
7.6043963492945945,4.143134742264548,1.9315215565307395,7.151389511025543,4.392730371564323,9.999994999180668e-07,4.027135830353963,-13.815510557964274,4.584967488874653,2.188296058699535,4.584967488874653,-2.3025750930440454,9.733547763562223,13.726561304505449,0.9555118296427471,-0.11093044338947007,2.760010003324058
7.603399340239423,4.189654757177941,1.8718023307477334,6.395327107321928,4.392730371564323,2.5649494343846104,4.012772926611471,-13.815510557964274,4.584967488874653,2.2617632026404517,4.584967488874653,-2.3025750930440454,8.386025437709375,13.7424795441453,0.9555118296427471,-0.1165326926610771,2.772588784739779
7.602900462703757,1.945910291912446,1.88706980054752,7.151389511025543,4.392730371564323,1.6094381124340804,4.005513366730421,-13.815510557964274,4.5951198602356,2.29253485815064,4.5951198602356,-2.3025750930440454,9.733547763562223,16.01201609907823,0.9555118296427471,-0.1187824098644749,2.772588784739779
7.6024013361650695,4.2341065190900125,1.9315215565307395,7.151389511025543,4.392730371564323,1.0986126220013874,3.99636417224425,-13.815510557964274,4.5951198602356,2.2310891987003556,4.5951198602356,-2.3025750930440454,9.733547763562223,16.008083109164655,0.9555118296427471,-0.12556208918914039,2.7663191721192657
7.601901960374667,4.262679891125822,1.9315215565307395,7.151389511025543,4.392730371564323,2.1972246884473243,3.987130496467827,-13.815510557964274,4.5951198602356,2.222459156857117,4.5951198602356,-2.3025750930440454,9.733547763562223,16.004362179736663,0.9555118296427471,-0.12783223514689415,2.7663191721192657
7.601402335083484,4.290459454847021,1.88706980054752,7.151389511025543,4.392730371564323,1.6094381124340804,3.9778107646927405,-13.815510557964274,4.5951198602356,2.1815468774838003,4.5951198602356,-2.3025750930440454,9.733547763562223,13.698522706066592,0.9555118296427471,-0.13124714635974888,2.7663191721192657
7.600902460042082,4.290459454847021,1.8245494533413555,7.151389511025543,4.392730371564323,4.077537460854872,3.9665112096516095,-13.815510557964274,4.5951198602356,2.101692272864037,4.5951198602356,-2.3025750930440454,9.733547763562223,13.695847130479919,0.9932521433805853,-0.1358185776678186,2.7663191721192657
7.608374474877062,3.8918203185187896,1.5163899384369495,-13.815510557964274,4.392730371564323,3.555348090060842,4.050044320747124,-13.815510557964274,4.574710988812661,1.782720095474845,4.574710988812661,-2.3025750930440454,9.103850596833697,15.929642856482243,-0.35667351536832426,-0.06400426387839966,2.772588784739779
7.607878073775032,3.9318256523321686,2.262804327040468,7.151389511025543,4.392730371564323,3.13549425940741,4.04305128537841,-13.815510557964274,4.564348201884503,2.456164266685636,4.564348201884503,-2.3025750930440454,9.733547763562223,15.91825948495747,-0.35667351536832426,-0.06613873412904725,2.7663191721192657
7.607381426136563,3.9512437378121965,2.2752139989728315,7.151389511025543,4.392730371564323,5.1647859796377995,4.036009002876981,-13.815510557964274,4.564348201884503,2.460443263006719,4.564348201884503,-2.3025750930440454,9.733547763562223,13.698241640127797,-0.35667351536832426,-0.06827777009005594,2.760010003324058
7.606884531716648,3.988984065082793,2.288486270034417,7.151389511025543,4.392730371564323,4.1108738805667535,4.02891677469324,-13.815510557964274,4.564348201884503,2.4501427436329335,4.564348201884503,-2.3025750930440454,9.733547763562223,15.894559647645023,-0.2231423013149909,-0.07042139133574801,2.7536607760485277
7.6063873902699175,4.007333203414289,2.301584692760557,7.151389511025543,4.392730371564323,5.393627550897816,4.021773887308412,-13.815510557964274,4.564348201884503,2.4168063262901307,4.564348201884503,-2.3025750930440454,9.733547763562223,15.883941454356345,-0.2231423013149909,-0.07042139133574801,2.7472709783580536
7.605890001550634,4.04305128537841,2.303584693227224,7.151389511025543,4.392730371564323,4.3438054348406965,4.0145796118037795,-13.815510557964274,4.564348201884503,2.459588927273792,4.553876902126857,-2.3025750930440454,9.733547763562223,13.570247923441634,-0.10535940454733242,-0.08338052198311999,2.7343675743546463
7.605392365312695,1.7917596358947079,2.3174738040099587,7.151389511025543,4.392730371564323,5.393627550897816,4.007333203414289,-13.815510557964274,4.564348201884503,2.397895363707457,4.553876902126857,-2.3025750930440454,9.733547763562223,15.862407084353439,-0.10535940454733242,-0.08773782260554586,2.7278528937578645
7.603897969020386,4.174387285280252,2.326301717267607,7.151389511025543,4.392730371564323,-13.815510557964274,3.9834130201367928,-13.815510557964274,4.543294792908302,0.3293044665668019,4.543294792908302,-2.3025750930440454,9.733547763562223,15.828269147523896,9.999994999180668e-07,-0.10092481239588207,2.721295493641702
7.603399340239423,4.189654757177941,2.3174738040099587,7.151389511025543,4.392730371564323,4.094344578888768,3.974058415144591,-13.815510557964274,4.543294792908302,0.620577025359374,4.543294792908302,-2.3025750930440454,9.733547763562223,15.821993562790436,9.999994999180668e-07,-0.1064711321640831,2.721295493641702
7.602900462703757,4.2341065190900125,2.356125954708801,7.151389511025543,4.392730371564323,3.6635616717706716,3.9665112096516095,-13.815510557964274,4.553876902126857,0.6729449834463773,4.532599503905944,-2.3025750930440454,9.733547763562223,15.815587547388002,9.999994999180668e-07,-0.11093044338947007,2.714694810046042
7.601901960374667,4.304065106717683,2.384165172152363,7.151389511025543,4.392730371564323,-13.815510557964274,3.947390168570456,-13.815510557964274,4.553876902126857,0.47623480011419117,4.532599503905944,-2.3025750930440454,9.733547763562223,15.80129409175195,0.09531108889482073,-0.1165326926610771,2.721295493641702
7.601402335083484,4.317488126869644,2.386926333339557,7.151389511025543,4.392730371564323,5.393627550897816,3.937690771669901,-13.815510557964274,4.553876902126857,0.24686085918122058,4.532599503905944,-2.3025750930440454,9.733547763562223,15.79372940029357,0.18232239012694063,-0.1187824098644749,2.721295493641702
7.600902460042082,4.356708839510104,2.386926333339557,7.151389511025543,4.392730371564323,-13.815510557964274,1.7578580899661518,-13.815510557964274,4.553876902126857,2.293544449250065,4.532599503905944,-2.3025750930440454,9.733547763562223,13.484816594920595,0.18232239012694063,-0.1289692436411794,2.714694810046042
7.608374474877062,5.680172612430036,1.5163899384369495,-13.815510557964274,4.189654757177941,3.8066625119925415,4.0448041341750995,2.079441666679828,4.127134401174124,1.782720095474845,4.127134401174124,-2.3025750930440454,8.897930140949667,16.745903296321295,2.517696553256149,-0.5923954691431731,2.1972246884473243
7.607381426136563,3.610917939671251,-4.6050701909877585,-13.815510557964274,4.262679891125822,5.393627550897816,4.010962971398992,2.1972246884473243,4.127134401174124,1.1786553040339065,4.127134401174124,-2.3025750930440454,8.897930140949667,14.503213445218462,2.517696553256149,-0.45412870528753574,2.5649494343846104
7.6063873902699175,5.093750206941731,-0.27443552991315223,-13.815510557964274,4.189654757177941,2.5649494343846104,3.974058415144591,2.079441666679828,4.127134401174124,1.1724824468320405,4.2766661329049445,-2.3025750930440454,8.897930140949667,14.867727362925958,2.517696553256149,-0.43695422721311716,2.48490673312133
7.605392365312695,4.820281573669553,-0.21071979674851335,-13.815510557964274,4.430816810748075,3.09104249881286,3.937690771669901,2.1972246884473243,4.418840619844791,1.2669478851774256,4.127134401174124,-2.3025750930440454,8.897930140949667,14.85398104573952,2.533696893322509,-0.4338630394211765,2.468099616217378
7.6048944813096275,4.804021052929977,-0.2231423013149909,-13.815510557964274,4.418840619844791,2.944439031798018,1.686399138755397,2.1972246884473243,4.418840619844791,1.2237757257397195,4.369447865125249,-2.3025750930440454,8.897930140949667,14.659421116488442,2.533696893322509,-0.42924410067643726,2.4510051843192118
7.6043963492945945,4.795790553861204,-0.18632837337294214,2.8893358237238216,4.418840619844791,5.393627550897816,3.8999504444367914,2.1972246884473243,4.418840619844791,1.3137239371022233,4.127134401174124,-2.3025750930440454,5.55432648362312,14.490130158010807,2.533696893322509,-0.44005500008395787,2.4423471223257223
7.603897969020386,4.812184363502499,-0.030458176557404897,4.809353803544163,4.418840619844791,5.393627550897816,3.881563818561994,2.3025851929940404,4.418840619844791,1.329724274181726,4.127134401174124,-2.3025750930440454,7.474344507861158,16.755464600082416,2.5416020722046997,-0.45255514331620694,2.4336134431197443
7.603399340239423,4.844187094332607,-0.08338052198311999,4.7558169797986976,4.418840619844791,5.393627550897816,3.8628327822457775,2.3025851929940404,4.418840619844791,1.4134232718171162,4.127134401174124,-2.3025750930440454,7.3635694517332215,16.72211709356938,2.5494452490505686,-0.47160330804989087,2.397895363707457
7.6024013361650695,4.897839807413598,0.2546429935670787,4.551309315142769,4.394449167018117,5.393627550897816,3.828641418228225,2.397895363707457,4.442651268255022,1.6331546343638974,4.418840619844791,-2.3025750930440454,7.133608301162769,16.672857735854564,2.5649494343846104,-0.5124920114189995,2.332143992322964
7.601402335083484,4.905274785845837,0.2546429935670787,4.537969480219508,4.189654757177941,5.393627550897816,3.797733881447543,2.397895363707457,4.418840619844791,1.5933087337562286,4.406719259459375,-2.3025750930440454,7.137613797555017,16.634917203164758,2.580216905349898,-0.5293273975391223,2.3125355228571096
7.600902460042082,4.912654893088993,0.34359041360968345,4.403390202382173,4.369447865125249,4.983606628557651,3.7819143428601687,2.48490673312133,4.454347307881415,1.5933087337562286,4.430816810748075,-2.3025750930440454,7.0712586024551385,14.311332994673709,2.5952547815837286,-0.5310266304046842,2.3025851929940404
7.608374474877062,5.081404371195643,1.5163899384369495,-13.815510557964274,4.564348201884503,1.0986126220013874,1.5475627214819478,2.397895363707457,4.564348201884503,1.782720095474845,4.564348201884503,-1.6094329124466003,6.822934760635387,15.961284050687059,1.9878744851406376,-0.4700020292470155,2.4248028142138662
7.607878073775032,5.087596341405224,-4.6050701909877585,2.057836013624349,4.574710988812661,-13.815510557964274,3.686376348958474,2.397895363707457,4.543294792908302,1.928618797294079,4.574710988812661,-1.6094329124466003,4.740218348984635,15.939297280448471,1.9878744851406376,-0.4748135785272081,2.4248028142138662
7.607381426136563,5.093750206941731,-4.6050701909877585,0.041062669555695146,4.564348201884503,9.999994999180668e-07,3.6635616717706716,2.397895363707457,4.574710988812661,1.9095426530325756,4.564348201884503,-1.6094329124466003,2.6542564498430092,13.614359636101993,1.9878744851406376,-0.48288463433251966,2.415913867586759
7.606884531716648,5.099866433921759,-4.6050701909877585,4.269822231424889,4.543294792908302,2.772588784739779,3.64283554179054,2.48490673312133,4.564348201884503,1.854734424883954,4.543294792908302,-1.6094329124466003,6.861423606942809,13.591819356718462,1.9878744851406376,-0.48938871172588594,2.4069451984083745
7.6063873902699175,5.1119877943806395,-1.1394311581932477,3.9510883930575043,4.564348201884503,9.999994999180668e-07,3.6216707311584537,2.48490673312133,4.574710988812661,1.7884207351866068,4.564348201884503,-1.6094329124466003,6.726882228156693,15.87167694760683,2.00148013534525,-0.4975787522804805,2.4069451984083745
7.605890001550634,5.141663562350613,-1.1394311581932477,3.769099082597602,4.532599503905944,-13.815510557964274,3.6000482677297247,2.48490673312133,4.553876902126857,1.856298146615614,4.532599503905944,-1.6094329124466003,6.604414613084674,13.546536396179265,2.014903153875589,-0.505836423881534,2.4069451984083745
7.605392365312695,5.159055304961655,-1.2039694709981583,3.5756026575006916,4.532599503905944,-13.815510557964274,3.580737323349386,2.48490673312133,4.532599503905944,1.7800243816436838,4.532599503905944,-1.6094329124466003,6.501808841903767,15.826782862092008,2.014903153875589,-0.509158680554803,2.4069451984083745
7.6043963492945945,5.1984970367906875,-1.0498192673599023,0.8208391398315911,4.430816810748075,0.6931476805598203,3.546739715771257,2.48490673312133,4.442651268255022,1.6770967478237855,4.454347307881415,-1.2039694709981583,3.958134556743755,15.782956425482983,2.028148378871224,-0.5344337829219389,2.388762880978213
7.603399340239423,5.267858164217968,-0.9942495706448166,2.987534971287941,4.394449167018117,-13.815510557964274,3.5115454686817666,2.48490673312133,4.369447865125249,1.7732561674427678,4.430816810748075,-1.2039694709981583,5.821148347756828,15.740368659523101,2.0412204587297595,-0.5586145393521191,2.3608540954576394
7.602900462703757,5.176149738223547,-0.9675813946862208,0.7389437025364078,4.394449167018117,1.3862946111198593,3.49650759176951,2.5649494343846104,4.406719259459375,1.7404663502790856,4.454347307881415,-1.2039694709981583,3.670762198281059,15.71953281725397,2.054123861900666,-0.5744738746450899,2.3513753524015684
7.601901960374667,5.2626901940862325,-0.5108239571007129,2.3685110121871857,4.189654757177941,5.393627550897816,3.4688560612886175,2.7080502677688743,4.430816810748075,1.4996232696411547,4.442651268255022,-1.2039694709981583,5.243797044059573,15.679232174901289,2.079441666679828,-0.6106441174292712,2.2823824877173373
7.601402335083484,5.267858164217968,-0.15082172694456197,0.13278532488518616,4.392730371564323,3.6375861860421748,3.4531571522384357,2.772588784739779,4.430816810748075,1.5238802419373538,4.442651268255022,-1.2039694709981583,2.880095420075166,15.660356504532725,2.1041342762214192,-0.6254866629289988,2.2721259886021152
7.600902460042082,5.28826703574504,-0.9942495706448166,2.1908719411138886,4.392730371564323,5.257495377236115,3.443618129494989,2.833213402879744,4.454347307881415,1.534714581755382,4.418840619844791,-1.2039694709981583,4.930412704689415,13.340092296018648,2.116255635284473,-0.6367649567664561,2.2617632026404517
7.608374474877062,4.997212280520872,1.5163899384369495,-13.815510557964274,4.5951198602356,5.036952608907136,3.5145260967310628,2.1972246884473243,4.5951198602356,1.782720095474845,4.5951198602356,-2.3025750930440454,8.668172528132354,13.439472204546265,2.7343675743546463,-0.3038100993690324,2.6100698662714152
7.607878073775032,5.023880527425224,1.857859426938807,6.670864282967581,4.5951198602356,-13.815510557964274,3.4781584536624806,2.3025851929940404,4.5951198602356,1.4158534060798522,4.5951198602356,-2.3025750930440454,8.689775323783033,17.158115227083496,2.7472709783580536,-0.30516602994161784,2.6100698662714152
7.608374474877062,2.48490673312133,1.5163899384369495,-13.815510557964274,4.521788587918605,9.999994999180668e-07,1.840549792127633,-13.815510557964274,4.521788587918605,1.782720095474845,4.510859517505861,-2.3025750930440454,8.897930140949667,16.337608563285418,1.4350847633845325,-0.2930283382967009,2.557227388887003
7.607878073775032,2.48490673312133,0.12221851767960967,-13.815510557964274,4.574710988812661,4.753590199727054,4.089332037148975,-13.815510557964274,4.564348201884503,1.868720664685159,4.553876902126857,-2.3025750930440454,8.897930140949667,16.337608563285418,1.481604768196917,-0.29705788837026337,2.557227388887003
7.607381426136563,2.6390574010438272,0.02955977311485946,-13.815510557964274,4.574710988812661,1.3862946111198593,4.0792309413325265,-13.815510557964274,4.584967488874653,1.9021076756506405,4.584967488874653,-2.3025750930440454,8.897930140949667,16.337608563285418,1.481604768196917,-0.2997533041592954,2.557227388887003
7.606884531716648,2.7080502677688743,0.20701498239212562,-13.815510557964274,4.584967488874653,1.945910291912446,4.069026771331828,-13.815510557964274,4.574710988812661,1.9110230379838558,4.553876902126857,-2.3025750930440454,8.897930140949667,16.337608563285418,1.481604768196917,-0.30245600485487784,2.557227388887003
7.6063873902699175,2.833213402879744,0.14842086718686706,-13.815510557964274,4.564348201884503,5.393627550897816,4.058717401850107,-13.815510557964274,4.574710988812661,1.8885838051495139,4.564348201884503,-2.3025750930440454,8.897930140949667,16.337608563285418,1.5040776189984717,-0.3078834192260082,2.557227388887003
7.605890001550634,2.890371813451719,0.38526308106252233,-13.815510557964274,4.189654757177941,5.379897358148755,4.050044320747124,-13.815510557964274,4.553876902126857,1.9213248199955724,4.553876902126857,-2.3025750930440454,8.897930140949667,16.337608563285418,1.52605652088633,-0.31197339890154,2.5649494343846104
7.605392365312695,4.7095302103213434,0.5709801115573295,-13.815510557964274,4.553876902126857,1.6094381124340804,4.041295358706978,-13.815510557964274,4.564348201884503,1.9080600732921573,4.564348201884503,-2.3025750930440454,8.897930140949667,16.337608563285418,1.5475627214819476,-0.3147093749776248,2.5649494343846104
7.6048944813096275,4.7095302103213434,0.5423248722205415,-13.815510557964274,4.574710988812661,3.2958369030413657,4.0324691762345095,-13.815510557964274,4.564348201884503,1.9242487982595247,4.553876902126857,-2.3025750930440454,8.897930140949667,16.337608563285418,1.568616126247157,-0.3368709160833094,2.5014360337064203
7.603897969020386,4.804021052929977,0.5538856879389161,-13.815510557964274,4.488636380968095,1.0986126220013874,4.0145796118037795,-13.815510557964274,4.521788587918605,2.0294633032796305,4.532599503905944,-2.3025750930440454,8.897930140949667,16.337608563285418,1.6094381124340804,-0.3523969646973772,2.49320553524732
7.603399340239423,2.48490673312133,0.5596163593638308,-13.815510557964274,4.189654757177941,1.6094381124340804,4.005513366730421,-13.815510557964274,4.584967488874653,2.0731720544523964,4.574710988812661,-2.3025750930440454,8.897930140949667,16.337608563285418,1.6292407358086922,-1.3167645671349584,2.4765384841510936
7.602900462703757,2.48490673312133,0.7275490903689484,-13.815510557964274,4.392730371564323,2.1972246884473243,3.998200720017822,-13.815510557964274,4.553876902126857,2.156402698556698,4.543294792908302,-2.3025750930440454,8.897930140949667,16.337608563285418,1.6486588178950556,-1.3167645671349584,2.4765384841510936
7.6024013361650695,4.836281914887986,0.8754691540204799,-13.815510557964274,4.392730371564323,2.890371813451719,3.990834204336724,-13.815510557964274,4.564348201884503,2.2159373953196217,4.564348201884503,-2.3025750930440454,8.897930140949667,16.337608563285418,1.686399138755397,-1.3167645671349584,2.4765384841510936
7.601901960374667,4.852030271732117,0.9282196979962677,-13.815510557964274,4.392730371564323,2.944439031798018,3.9815490867334726,-13.815510557964274,4.574710988812661,2.208274523412908,4.564348201884503,-2.3025750930440454,8.897930140949667,16.337608563285418,1.686399138755397,-1.3167645671349584,2.4765384841510936
7.601402335083484,4.836281914887986,1.184790290719513,-13.815510557964274,4.392730371564323,3.2958369030413657,3.974058415144591,-13.815510557964274,4.510859517505861,2.101692272864037,4.510859517505861,-2.3025750930440454,8.897930140949667,16.337608563285418,1.722766776312516,-1.3167645671349584,2.468099616217378
7.600902460042082,4.828313745302301,1.0508219744820497,-13.815510557964274,4.392730371564323,3.5835189662338873,3.9646154745226485,-13.815510557964274,4.564348201884503,2.1424164582121095,4.553876902126857,-2.3025750930440454,8.897930140949667,16.337608563285418,1.722766776312516,-1.3167645671349584,2.459588927273792
7.607878073775032,5.043425123370859,-4.6050701909877585,3.337397646399526,4.3438054348406965,3.850147622986654,2.833213402879744,0.6931476805598203,4.330733353444225,0.39204276345147104,4.3438054348406965,-2.3025750930440454,7.050569758491183,14.008453837340063,2.5649494343846104,-0.4910213624842178,2.525728724308252
7.6063873902699175,5.081404371195643,-0.6931451805619453,1.0030449965465789,4.204692634316339,5.393627550897816,2.760010003324058,1.0986126220013874,4.189654757177941,-0.27443552991315223,4.204692634316339,-2.3025750930440454,4.74111433681918,13.939075070849581,3.1223649685402197,-0.4992248404775378,2.525728724308252
7.602900462703757,5.433722007921052,-0.9675813946862208,2.130109695488976,4.392730371564323,3.7135720910945516,2.580216905349898,1.0986126220013874,4.127134401174124,0.2700279005715474,4.127134401174124,-2.3025750930440454,6.1474930998419905,13.812203094332686,3.1780538720146114,-0.7256683061519373,2.322387818329436
7.601901960374667,5.564520411154111,-0.7339670917490373,1.731500563945842,4.392730371564323,-13.815510557964274,2.5336968933225084,1.3862946111198593,4.127134401174124,1.3584094146997308,4.127134401174124,-2.3025750930440454,3.883942842061132,13.736277938748213,3.186352674484954,-0.7444383696865541,2.2823824877173373
7.601402335083484,5.594711383319312,-0.6931451805619453,1.8804698085246536,4.392730371564323,-13.815510557964274,2.5095993436791817,1.3862946111198593,4.411699021239751,1.3217561066489505,4.410047825781849,-2.3025750930440454,4.032912108259624,13.701816525927402,3.1904763914987653,-0.7550204566207219,2.2823824877173373
7.608374474877062,5.659482219243942,1.5163899384369495,-13.815510557964274,4.477336825841843,2.9957323235539897,3.1904763914987653,2.9957323235539897,4.477336825841843,1.782720095474845,4.477336825841843,9.999994999180668e-07,6.311985861121305,13.516675858859312,2.5416020722046997,-0.7256683061519373,2.48490673312133
7.607878073775032,5.652489183777423,-4.6050701909877585,1.5846022731108933,4.465908130148836,5.393627550897816,3.1654750903351774,2.9957323235539897,4.442651268255022,1.6582282670797048,4.465908130148836,9.999994999180668e-07,4.129258738298368,15.79359951371729,2.5649494343846104,-0.7444383696865541,2.48490673312133
7.607381426136563,5.659482219243942,-4.6050701909877585,3.886304540576227,4.430816810748075,5.393627550897816,3.1398326608177904,2.9957323235539897,4.430816810748075,1.6331546343638974,4.430816810748075,0.09531108889482073,6.362053233681635,13.51838133471102,2.5952547815837286,-0.7550204566207219,2.48490673312133
7.606884531716648,5.683579770740042,-4.6050701909877585,3.7281069109944784,4.430816810748075,5.393627550897816,3.117949950526027,3.0445224853424695,4.430816810748075,1.6311995999103102,4.430816810748075,0.09531108889482073,6.334503436174665,15.741142486647092,2.6246686646269244,-0.7678685715857904,2.48490673312133
7.6063873902699175,3.5263605540279257,0.3646438080321125,3.6656770087102264,4.442651268255022,5.23110862220218,3.09104249881286,3.0445224853424695,4.442651268255022,1.6505800477038368,4.442651268255022,0.09531108889482073,6.332105511425642,15.714521054706108,2.646174868306106,-0.783069699906519,2.4423471223257223
7.605890001550634,5.7776523263186315,0.1906211860545891,3.7367514742991004,4.418840619844791,4.787491751115379,3.0633909687567766,3.0445224853424695,4.418840619844791,1.6808280947404952,4.418840619844791,0.09531108889482073,6.190159435288732,13.389258898667064,2.6741487183920434,-0.8007301640708707,2.397895363707457
7.605392365312695,5.817111162939395,0.21511218606823315,4.345045084842223,4.356708839510104,5.393627550897816,1.0647110818199552,3.09104249881286,4.356708839510104,1.8931121140907408,4.356708839510104,0.09531108889482073,6.213901593506359,13.358971078873083,2.7013612800655054,-0.8164431344635594,2.3608540954576394
7.6048944813096275,5.840641660280375,0.285179694113079,4.239299498791918,4.189654757177941,5.23110862220218,0.8754691540204799,3.09104249881286,4.127134401174124,1.745715705246703,4.394449167018117,0.09531108889482073,6.241039520358228,15.63387885145652,2.7278528937578645,-0.8187081359641659,2.3125355228571096
7.6043963492945945,5.840641660280375,0.3148114697667745,-0.3920298581308061,4.392730371564323,2.079441666679828,2.9856819882055388,3.09104249881286,4.2766661329049445,1.7137981079385072,4.406719259459375,0.09531108889482073,3.7557140248111565,15.606834098856211,2.7536607760485277,-0.8141832516032061,2.3608540954576394
7.603897969020386,5.84354441992991,0.3148114697667745,1.8287420682932605,4.392730371564323,3.2580965764830196,2.96010514772431,3.09104249881286,4.442651268255022,1.7155982881185898,4.430816810748075,0.09531108889482073,5.933136808403521,15.579863201121709,2.778819334102217,-0.8301107420577514,2.322387818329436
7.603399340239423,5.87773578458076,0.13102913959900167,3.6006421590846682,4.392730371564323,3.6375861860421748,2.939161974975648,3.09104249881286,4.127134401174124,1.6428728819439167,4.406719259459375,0.09531108889482073,5.919356609282303,15.553036977358618,2.815408779302947,-0.8324069490455207,2.3125355228571096
7.602900462703757,5.872117792292317,0.009951320951687763,1.3837735535525462,4.392730371564323,4.1108738805667535,2.9123507189627644,3.09104249881286,4.262679891125822,1.722766776312516,4.262679891125822,0.09531108889482073,5.8579152294656645,15.526529492761174,2.839078521988145,-0.8393273759258911,2.3025851929940404
7.6024013361650695,5.872117792292317,0.01980360768785593,1.0972649891342288,4.392730371564323,5.393627550897816,2.8848007687126294,3.09104249881286,4.2766661329049445,1.6094381124340804,4.2766661329049445,0.09531108889482073,3.4479901555496792,13.197732411230149,2.862200938072324,-0.8486297469544717,2.29253485815064
7.601901960374667,5.860786226314868,9.999994999180668e-07,0.690736232559081,4.392730371564323,5.393627550897816,2.862200938072324,3.09104249881286,4.127134401174124,1.5475627214819478,4.127134401174124,0.09531108889482073,3.361490182193594,15.474018976220984,2.8848007687126294,-0.8486297469544717,2.2721259886021152
7.607878073775032,5.141663562350613,1.937301918610922,7.151389511025543,4.521788587918605,-13.815510557964274,3.828641418228225,-13.815510557964274,4.543294792908302,1.7800243816436838,4.521788587918605,-1.2039694709981583,9.733547763562223,14.118937772536015,2.468099616217378,-0.25102746945752774,2.5416020722046997
7.607381426136563,5.1474944826274065,1.903599100014876,5.119584113684167,4.521788587918605,-13.815510557964274,3.8066625119925415,-13.815510557964274,4.543294792908302,1.7884207351866068,4.521788587918605,-1.2039694709981583,7.584688130406726,14.114316529794701,2.468099616217378,-0.257474936734491,2.5416020722046997
7.606884531716648,5.159055304961655,1.9021076756506405,7.151389511025543,4.521788587918605,-13.815510557964274,3.7841896566455335,-13.815510557964274,4.510859517505861,1.7544038556946517,4.521788587918605,-0.91628823187728,9.733547763562223,14.10936454490805,2.48490673312133,-0.2587694336214122,2.5336968933225084
7.6063873902699175,5.17048400071997,1.8718023307477334,4.97663078608627,4.189654757177941,-13.815510557964274,3.761200138949376,-13.815510557964274,4.510859517505861,1.722766776312516,4.127134401174124,-0.91628823187728,7.577621908785478,14.104283035708816,2.4932055352473204,-0.2561821134035804,2.5336968933225084
7.605392365312695,5.209486158305902,1.851599626569931,4.852730252464212,4.189654757177941,-13.815510557964274,3.7160081458330887,-13.815510557964274,4.127134401174124,1.8671762630723026,4.127134401174124,-1.6094329124466003,7.285424023527562,14.09436730151158,2.5176965532561493,-0.257474936734491,2.525728724308252
7.6048944813096275,5.22035583048373,1.857859426938807,7.151389511025543,4.189654757177941,-13.815510557964274,1.4350847633845325,-13.815510557964274,4.510859517505861,1.481604768196917,4.127134401174124,-1.2039694709981583,9.733547763562223,14.089630073322846,2.525728724308252,-0.26526717383476595,2.5176965532561493
7.603399340239423,5.2417470203506475,1.8115622599229142,7.0799839838672805,4.553876902126857,-13.815510557964274,3.627004076991593,-13.815510557964274,4.553876902126857,1.6695920235777468,4.553876902126857,-0.6931451805619453,9.41923306047228,14.075513575343056,2.5649494343846104,-0.2943697183215992,2.5095993436791817
7.601901960374667,5.257495377236115,1.6331546343638974,4.277209282725936,4.189654757177941,-13.815510557964274,3.561046111013142,9.999994999180668e-07,4.564348201884503,1.6094381124340804,4.564348201884503,0.09531108889482073,6.619575233228897,14.0606793627501,2.602689759518455,-0.3271147547355978,2.4765384841510936
7.600902460042082,5.283203733814131,1.5432983236047462,3.774947755380751,4.392730371564323,-13.815510557964274,3.5145260967310628,9.999994999180668e-07,4.127134401174124,1.4279162756188348,4.127134401174124,-0.10535940454733242,6.467616832999652,14.052938795603955,2.6318889120790896,-0.3438983420137687,2.459588927273792
7.608374474877062,9.999994999180668e-07,1.5163899384369495,-13.815510557964274,4.584967488874653,2.772588784739779,4.114147205858149,1.0986126220013874,4.584967488874653,1.782720095474845,4.584967488874653,-2.3025750930440454,8.25033698492629,16.237979677985923,2.557227388887003,-0.3243446736984644,2.681021597207439
7.607878073775032,2.48490673312133,0.3293044665668019,6.405013778129256,4.584967488874653,2.7080502677688743,1.8245494533413555,1.0986126220013874,4.584967488874653,1.945910291912446,4.584967488874653,-2.3025750930440454,8.35976287435327,13.923824906759295,2.557227388887003,-0.32572875504871873,2.687847561811899
7.607381426136563,2.5649494343846104,0.2546429935670787,6.387965112167813,4.584967488874653,2.772588784739779,4.082609322867086,1.0986126220013874,4.584967488874653,1.982379966577742,4.584967488874653,-2.3025750930440454,8.342714208527502,13.923968471728971,2.5416020722046997,-0.32850267808411165,2.687847561811899
7.606884531716648,2.5649494343846104,0.2623650336979644,6.373111025637167,4.574710988812661,3.871201031741224,4.065602110509105,1.0986126220013874,4.574710988812661,1.9712995223358891,4.574710988812661,-2.3025750930440454,8.327860121955979,14.450322868225317,2.5416020722046997,-0.3326780436833498,2.681021597207439
7.6063873902699175,2.5649494343846104,0.2546429935670787,6.434886803580644,4.584967488874653,2.397895363707457,4.050044320747124,1.0986126220013874,4.584967488874653,1.9671124965660465,4.584967488874653,-2.3025750930440454,8.35629947959529,14.381657542555018,2.5416020722046997,-0.3368709160833094,2.6741487183920434
7.605890001550634,2.48490673312133,0.24686085918122058,4.172172020811439,4.584967488874653,9.999994999180668e-07,4.0342406558515105,1.0986126220013874,4.584967488874653,1.8779373183742945,4.584967488874653,-2.3025750930440454,6.026232503263549,14.310164725745159,2.5336968933225084,-0.3424889004970636,2.667228276026397
7.605392365312695,2.48490673312133,0.336472950906672,6.372689534864885,4.5951198602356,9.999994999180668e-07,4.018183219242148,1.0986126220013874,4.5951198602356,1.821318433281884,4.5951198602356,-2.3025750930440454,8.32602719828869,14.235426744439103,2.5336968933225084,-0.3481386250593032,2.667228276026397
7.603897969020386,2.48490673312133,0.3784371206515173,6.0405293278525445,4.5951198602356,1.0986126220013874,3.9721769470802846,1.3862946111198593,4.5951198602356,1.7298842428149164,4.5951198602356,-2.3025750930440454,8.123175998459503,13.99460691940337,2.5336968933225084,-0.3725125565907219,2.6532420350297476
7.6024013361650695,2.833213402879744,0.29267036023119825,5.773835197413434,4.521788587918605,3.09104249881286,1.722766776312516,1.3862946111198593,4.553876902126857,1.6789641616498574,4.553876902126857,-2.3025750930440454,7.923699200670478,16.11204518374195,2.5416020722046997,-0.4049637338172623,2.602689759518455
7.601901960374667,2.944439031798018,0.15700460351015405,5.571463662368423,4.532599503905944,4.584967488874653,3.906004953223307,1.6094381124340804,4.564348201884503,1.6714734913234603,4.564348201884503,-2.3025750930440454,7.760720066676707,16.104435372753127,2.557227388887003,-0.41248821247225154,2.5877641104156752
7.601402335083484,2.397895363707457,0.17395414745921928,5.550195577484741,4.543294792908302,5.393627550897816,3.8897774169307238,1.6094381124340804,4.584967488874653,1.665818434906107,4.584967488874653,-2.3025750930440454,7.720875596064675,13.793848623227817,2.557227388887003,-0.4246463984741195,2.5726123065429807
7.600902460042082,4.718498880223666,0.1906211860545891,5.578915232408152,4.543294792908302,3.850147622986654,3.873282197901736,1.6094381124340804,4.574710988812661,1.686399138755397,4.574710988812661,-2.3025750930440454,7.702517666730065,16.087553656541818,2.5726123065429807,-0.43695422721311716,2.5494452490505686
7.608374474877062,2.772588784739779,1.5163899384369495,-13.815510557964274,4.574710988812661,5.393627550897816,4.1911687619862334,2.890371813451719,4.574710988812661,1.782720095474845,4.574710988812661,-2.3025750930440454,7.590612544991897,17.158115227083496,2.2721259886021152,-0.26918618091594954,2.6741487183920434
7.607878073775032,2.833213402879744,0.37156424608741756,5.203503149883659,4.564348201884503,5.393627550897816,4.178992051596321,2.944439031798018,4.564348201884503,1.6882492777012568,4.564348201884503,-2.3025750930440454,9.403208222348772,13.558846416883231,2.2617632026404517,-0.27575218406431834,2.6741487183920434
7.606884531716648,4.718498880223666,0.4317830657759763,3.032604226200682,4.574710988812661,5.393627550897816,4.154184578276705,3.09104249881286,4.574710988812661,1.6563216891726273,4.574710988812661,-2.3025750930440454,7.06679481826602,17.158115227083496,2.2617632026404517,-0.28768073911933645,2.660259607195929
7.6063873902699175,4.7361984571664255,0.4252683889989017,7.151389511025543,4.564348201884503,4.7095302103213434,4.13995508939772,3.13549425940741,4.574710988812661,1.665818434906107,4.574710988812661,-2.3025750930440454,9.33619156796152,15.81013671878007,2.2617632026404517,-0.30516602994161784,2.6246686646269244
7.605890001550634,4.753590199727054,0.3987767910980821,3.4898905438801027,4.564348201884503,1.945910291912446,4.125520195845639,3.2188758648682,4.574710988812661,1.7245508977877086,4.574710988812661,-2.3025750930440454,7.42211622671944,17.158115227083496,2.2617632026404517,-0.3354713376877088,2.5649494343846104
7.605392365312695,4.770684632940241,0.336472950906672,4.672345454101039,4.543294792908302,1.3862946111198593,4.112511882544162,3.2958369030413657,4.564348201884503,1.9169227592408737,4.564348201884503,-2.3025750930440454,6.84214942791724,17.158115227083496,2.2721259886021152,-0.3438983420137687,2.525728724308252
7.6043963492945945,4.820281573669553,0.23111251461386528,4.74996389385854,4.564348201884503,1.0986126220013874,4.082609322867086,3.4339872367432105,4.564348201884503,1.856298146615614,4.564348201884503,-2.3025750930440454,6.887034540570902,17.158115227083496,2.2823824877173373,-0.36096843350241287,2.5095993436791817
7.603897969020386,4.836281914887986,0.2546429935670787,4.639801315790249,4.406719259459375,3.5263605540279257,4.069026771331828,3.5263605540279257,4.127134401174124,1.7595807429808445,4.127134401174124,-2.3025750930440454,6.727275020357779,15.743597818746393,2.2823824877173373,-0.3754195311567713,2.4765384841510936
7.608374474877062,5.3706380327788255,1.5163899384369495,-13.815510557964274,4.5951198602356,-13.815510557964274,3.8836235514825796,1.945910291912446,4.5951198602356,1.782720095474845,4.5951198602356,-2.3025750930440454,8.769144780733598,15.532058574633297,1.88706980054752,-0.37396498756147767,2.3795462267227623
7.607878073775032,5.379897358148755,1.0647110818199552,6.538332792846926,4.574710988812661,-13.815510557964274,3.864931418858656,2.079441666679828,4.584967488874653,0.9932521433805853,4.584967488874653,-2.3025750930440454,8.982481448875019,15.51410173524114,1.88706980054752,-0.3812589552835754,2.3795462267227623
7.607381426136563,5.4293456333404055,1.0750027643258462,4.1549395788944254,4.584967488874653,-13.815510557964274,3.8437441860881276,2.079441666679828,4.584967488874653,0.7514165603819232,4.584967488874653,-2.3025750930440454,6.599088221885128,15.495644929954977,1.8718023307477334,-0.3886065161165754,2.3702438349258
7.606884531716648,3.09104249881286,1.0116012753147774,6.362015220747836,4.584967488874653,-13.815510557964274,3.8264651388529916,2.079441666679828,4.584967488874653,0.6729449834463773,4.574710988812661,-2.3025750930440454,8.806163876500017,15.477130779495408,1.8718023307477334,-0.3974954503648565,2.3702438349258
7.6063873902699175,5.379897358148755,0.9360937513271206,6.195258361099864,4.574710988812661,-13.815510557964274,3.8066625119925415,2.079441666679828,4.574710988812661,0.6830973497568213,4.574710988812661,-2.3025750930440454,8.639407016522618,13.156689438964872,1.8718023307477334,-0.40796673456801497,2.3608540954576394
7.6048944813096275,5.459585518399478,0.8754691540204799,3.533388569655184,4.564348201884503,-13.815510557964274,3.7541989436537824,2.079441666679828,4.564348201884503,0.6575205210513749,4.564348201884503,-2.3025750930440454,5.977537200300296,15.412017626225175,1.8718023307477334,-1.3167645671349584,2.3513753524015684
7.6043963492945945,5.4847969376400325,0.9477897865303503,-1.0254015461188006,4.584967488874653,4.077537460854872,3.7376696420928917,2.079441666679828,4.584967488874653,0.7701086846589296,4.584967488874653,-2.3025750930440454,3.2722811892647927,13.096300676673746,1.88706980054752,-1.3167645671349584,2.3418059023011684
7.603399340239423,5.5134287501972405,1.0473193451576908,0.7879512550418474,4.5951198602356,-13.815510557964274,1.5475627214819478,2.079441666679828,4.5951198602356,1.2556163223780188,4.5951198602356,-2.3025750930440454,5.162009271021063,15.374631751637372,1.9169227592408737,-1.3167645671349584,2.332143992322964
7.602900462703757,5.472270677873155,1.0508219744820497,5.226291676784946,4.564348201884503,9.999994999180668e-07,1.3862946111198593,2.079441666679828,4.584967488874653,1.4586152552576293,4.574710988812661,-2.3025750930440454,7.282016687419772,13.067691751298133,1.9169227592408737,-1.3167645671349584,2.332143992322964
7.6024013361650695,5.442417714850798,1.0577906413700164,5.190819285702474,4.574710988812661,9.999994999180668e-07,3.6737658416845984,2.079441666679828,4.189654757177941,1.3480734080399188,4.418840619844791,-2.3025750930440454,7.157646678126074,15.353611639698611,1.9315215565307395,-1.3167645671349584,2.332143992322964
7.600902460042082,5.411646056319325,1.0647110818199552,4.48010157649899,4.392730371564323,4.727387827561898,3.6243409596430314,2.1972246884473243,4.584967488874653,1.3711809771169168,4.574710988812661,-2.3025750930440454,6.466417130366537,15.323166211802844,1.974081164910889,-1.3167645671349584,1.686399138755397
7.608374474877062,5.673323270607918,1.5163899384369495,-13.815510557964274,4.356708839510104,5.393627550897816,2.9177707861383317,3.8066625119925415,4.406719259459375,1.782720095474845,4.356708839510104,0.09531108889482073,6.5423226466222895,12.93479688998001,2.415913867586759,-0.7174378239507616,2.3025851929940404
7.607878073775032,3.6375861860421748,-4.6050701909877585,2.6509649078830013,4.356708839510104,5.393627550897816,2.8959119935203974,3.8066625119925415,4.406719259459375,1.9768550914088803,4.356708839510104,0.09531108889482073,6.578101481879197,17.158115227083496,2.4248028142138662,-0.727736554938333,2.3025851929940404
7.603399340239423,6.082218912659551,2.3115449334735403,3.79607645512475,4.189654757177941,3.09104249881286,2.6741487183920434,3.8066625119925415,4.127134401174124,2.2364453973271017,4.1588830989846715,0.09531108889482073,5.755071824369304,14.864370119348031,2.5649494343846104,-0.846296029054506,2.388762880978213
7.602900462703757,6.082218912659551,2.2915242467468504,3.6002147161669487,4.189654757177941,4.948759897470366,2.6532420350297476,3.8066625119925415,4.127134401174124,2.1860513890976385,4.127134401174124,0.09531108889482073,5.663782884923959,17.132182053063012,2.580216905349898,-0.8509689238358802,2.4510051843192118
7.608374474877062,5.272999563691952,1.5163899384369495,-13.815510557964274,4.189654757177941,4.653960359681333,4.11577985925538,1.6094381124340804,4.127134401174124,1.782720095474845,4.127134401174124,-1.6094329124466003,7.661368323816029,15.323010756930948,1.5475627214819476,-0.2903509641101577,2.7278528937578645
7.607878073775032,3.13549425940741,2.086913680588008,1.7341039309010255,4.189654757177941,-13.815510557964274,1.9021076756506405,1.6094381124340804,4.127134401174124,1.9600949248923303,4.127134401174124,-1.6094329124466003,5.751487278606695,17.158115227083496,1.5475627214819476,-0.2930283382967009,2.721295493641702
7.607381426136563,5.28826703574504,2.132982427091271,3.9593892397190165,4.189654757177941,-13.815510557964274,1.8082889351136784,1.6094381124340804,4.2766661329049445,2.037316745757253,4.330733353444225,-1.6094329124466003,6.063123457220256,13.027824100380284,1.5475627214819476,-0.2957129000639269,2.721295493641702
7.6048944813096275,5.609471798847963,2.2470724887720266,6.1234981535480815,4.430816810748075,3.871201031741224,4.053522585062956,1.7917596358947079,4.510859517505861,1.8916049550273224,4.127134401174124,-0.91628823187728,8.266518674890982,13.044579117518767,1.6292407358086922,-0.3147093749776248,2.7013612800655054
7.602900462703757,5.5872486621455675,1.915451088845999,5.194920404633955,4.584967488874653,4.983606628557651,4.027135830353963,1.7917596358947079,4.5951198602356,1.8885838051495139,4.5951198602356,9.999994999180668e-07,7.220631619149923,13.070050616170683,1.7047482740565905,-0.35667351536832426,2.681021597207439
7.600902460042082,5.54907608878627,1.5018529244712875,2.0648090665188676,4.189654757177941,5.393627550897816,4.0036902122021445,2.079441666679828,4.5951198602356,1.7209794660578683,4.5951198602356,-0.35667351536832426,6.454867747620346,17.158115227083496,1.8082889351136784,-0.4019697240867148,2.5877641104156752
7.608374474877062,4.317488126869644,1.5163899384369495,-13.815510557964274,4.5951198602356,5.393627550897816,4.1620032262722395,9.999994999180668e-07,4.5951198602356,1.782720095474845,4.5951198602356,-2.3025750930440454,8.271739328396908,16.337608563285418,2.3418059023011684,-0.17912546972590204,2.5877641104156752
7.607878073775032,4.3438054348406965,0.6471037656186108,7.151389511025543,4.5951198602356,5.393627550897816,4.133565291401023,9.999994999180668e-07,4.5951198602356,1.2919839563738864,4.5951198602356,-2.3025750930440454,9.733547763562223,16.337608563285418,2.322387818329436,-0.18392163623857385,2.5877641104156752
7.607381426136563,4.356708839510104,0.5988370505391025,5.932777974404297,4.584967488874653,-13.815510557964274,1.8718023307477334,9.999994999180668e-07,4.584967488874653,1.2499020227472462,4.584967488874653,-2.3025750930440454,8.374625132205345,16.337608563285418,2.322387818329436,-0.18753391757495202,2.5877641104156752
7.606884531716648,2.079441666679828,0.5596163593638308,7.151389511025543,4.564348201884503,4.882801930162128,4.070734713647814,9.999994999180668e-07,4.564348201884503,1.238374520898299,4.564348201884503,-2.3025750930440454,9.733547763562223,16.337608563285418,2.3125355228571096,-0.1911592948081388,2.5877641104156752
7.6063873902699175,4.394449167018117,0.5481219865442025,5.960425253880294,4.553876902126857,-13.815510557964274,4.0448041341750995,9.999994999180668e-07,4.553876902126857,1.3083330899204126,4.553876902126857,-2.3025750930440454,8.403422498262158,16.337608563285418,2.3025851929940404,-0.19358353548116877,2.5877641104156752
7.605890001550634,4.406719259459375,0.5247291206507833,5.730314289835462,4.543294792908302,4.465908130148836,4.021773887308412,9.999994999180668e-07,4.543294792908302,1.3686396803340637,4.543294792908302,-2.3025750930440454,8.17446294410909,16.337608563285418,2.3025851929940404,-0.1911592948081388,2.5877641104156752
7.605392365312695,4.430816810748075,0.5481219865442025,5.678130485027479,4.532599503905944,-13.815510557964274,4.009149734307689,9.999994999180668e-07,4.543294792908302,1.5040776189984717,4.532599503905944,-2.3025750930440454,8.123431877233061,16.337608563285418,2.3025851929940404,-0.18512428075797852,2.580216905349898
7.6048944813096275,4.442651268255022,0.620577025359374,7.151389511025543,4.521788587918605,4.007333203414289,4.0036902122021445,9.999994999180668e-07,4.543294792908302,1.0750027643258462,4.521788587918605,-2.3025750930440454,9.733547763562223,16.337608563285418,2.3025851929940404,-0.18753391757495202,2.5726123065429807
7.6043963492945945,4.465908130148836,0.5247291206507833,7.151389511025543,4.521788587918605,-13.815510557964274,4.009149734307689,9.999994999180668e-07,4.543294792908302,0.9439062880121111,4.521788587918605,-2.3025750930440454,9.733547763562223,16.337608563285418,2.3025851929940404,-0.1911592948081388,2.557227388887003
7.603897969020386,4.488636380968095,0.5538856879389161,7.151389511025543,4.521788587918605,-13.815510557964274,4.021773887308412,9.999994999180668e-07,4.543294792908302,0.8458686967620666,4.521788587918605,-2.3025750930440454,9.733547763562223,16.337608563285418,2.3025851929940404,-0.19479786323897677,2.5494452490505686
7.603399340239423,4.521788587918605,0.5822161785117255,7.151389511025543,4.521788587918605,3.367295864469232,4.036009002876981,9.999994999180668e-07,4.543294792908302,0.8415676167126085,4.543294792908302,-2.3025750930440454,9.733547763562223,16.337608563285418,2.3025851929940404,-0.20089171988624974,2.5336968933225084
7.602900462703757,4.553876902126857,0.5709801115573295,7.151389511025543,4.521788587918605,3.09104249881286,4.04305128537841,9.999994999180668e-07,4.543294792908302,0.9001617564482539,4.543294792908302,-2.3025750930440454,9.733547763562223,16.337608563285418,2.31253552285711,-0.20702293942278283,2.5176965532561493
7.601901960374667,2.397895363707457,0.5423248722205415,7.151389511025543,4.521788587918605,3.970291932420046,4.025351708592292,9.999994999180668e-07,4.543294792908302,1.0006322479548972,4.543294792908302,-2.3025750930440454,9.733547763562223,16.337608563285418,2.332143992322964,-0.21939931970613824,2.49320553524732
7.601402335083484,2.6390574010438272,0.5128242252308796,5.496159166774685,4.521788587918605,3.401197414995488,4.007333203414289,9.999994999180668e-07,4.543294792908302,0.908258963402616,4.543294792908302,-2.3025750930440454,8.058811161339804,16.337608563285418,2.3418059023011684,-0.2256454284002813,2.48490673312133
7.600902460042082,2.833213402879744,0.4946968515920186,5.571997969810552,4.521788587918605,4.2341065190900125,3.990834204336724,9.999994999180668e-07,4.543294792908302,0.8671009078513623,4.543294792908302,-2.3025750930440454,8.123044418672904,16.337608563285418,2.3513753524015684,-0.23445604699277905,2.468099616217378
7.608374474877062,4.2341065190900125,2.3664985125463245,-13.815510557964274,4.392730371564323,4.510859517505861,4.198704592561358,1.3862946111198593,4.564348201884503,1.782720095474845,4.564348201884503,-2.3025750930440454,8.897930140949667,16.337608563285418,0.336472950906672,-0.47122466031470783,2.4808756309649644
7.607878073775032,4.262679891125822,2.3389171186734465,-13.815510557964274,4.392730371564323,4.890349135740551,4.189654757177941,1.3862946111198593,4.553876902126857,2.2104699137353565,4.553876902126857,-2.3025750930440454,8.897930140949667,16.337608563285418,0.2623650336979644,-0.47122466031470783,2.4808756309649644
7.605890001550634,4.3438054348406965,2.386926333339557,-13.815510557964274,4.392730371564323,5.393627550897816,4.152613486069347,1.3862946111198593,4.543294792908302,2.2523439817097644,4.543294792908302,-2.3025750930440454,8.897930140949667,16.337608563285418,0.2623650336979644,-0.47122466031470783,2.4808756309649644
7.603897969020386,4.406719259459375,2.386926333339557,-13.815510557964274,4.392730371564323,5.393627550897816,4.11577985925538,1.3862946111198593,4.521788587918605,2.123458546713828,4.521788587918605,-2.3025750930440454,8.897930140949667,16.337608563285418,0.18232239012694063,-0.47122466031470783,2.4808756309649644
7.603399340239423,4.406719259459375,2.386926333339557,-13.815510557964274,4.392730371564323,4.369447865125249,1.9021076756506405,1.3862946111198593,4.510859517505861,2.1090004652805963,4.510859517505861,-2.3025750930440454,8.897930140949667,16.337608563285418,0.18232239012694063,-0.47122466031470783,2.4808756309649644
7.602900462703757,4.418840619844791,2.386926333339557,-13.815510557964274,4.392730371564323,5.2417470203506475,1.8082889351136784,1.3862946111198593,4.521788587918605,2.0769385367749926,4.521788587918605,-2.3025750930440454,8.897930140949667,16.337608563285418,0.18232239012694063,-0.47122466031470783,2.4808756309649644
7.6024013361650695,4.454347307881415,2.386926333339557,-13.815510557964274,4.392730371564323,5.393627550897816,4.0859763293583065,1.3862946111198593,4.510859517505861,2.0554050918925593,4.510859517505861,-2.3025750930440454,8.897930140949667,16.337608563285418,0.18232239012694063,-0.47122466031470783,2.4808756309649644
7.601901960374667,4.465908130148836,2.386926333339557,-13.815510557964274,4.392730371564323,5.393627550897816,4.074141871911384,1.3862946111198593,4.510859517505861,2.024193199549745,4.510859517505861,-2.3025750930440454,8.897930140949667,16.337608563285418,0.18232239012694063,-0.47122466031470783,2.4808756309649644
7.601402335083484,4.477336825841843,2.386926333339557,-13.815510557964274,4.392730371564323,4.290459454847021,4.063885371919523,1.3862946111198593,4.510859517505861,1.9892434105605834,4.510859517505861,-2.3025750930440454,8.897930140949667,16.337608563285418,0.18232239012694063,-0.47122466031470783,2.4808756309649644
7.600902460042082,4.488636380968095,2.359910254042017,-13.815510557964274,4.392730371564323,4.644390908756757,4.051784965194609,1.6094381124340804,4.510859517505861,1.937301918610922,4.510859517505861,-2.3025750930440454,8.897930140949667,16.337608563285418,0.18232239012694063,-0.47122466031470783,2.4808756309649644
7.608374474877062,5.631211785405595,1.5163899384369495,-13.815510557964274,4.584967488874653,3.401197414995488,3.1696856226942347,3.8066625119925415,4.564348201884503,1.782720095474845,4.584967488874653,0.09531108889482073,8.897930140949667,16.337608563285418,2.580216905349898,-0.47122466031470783,2.4808756309649644
7.607878073775032,3.5263605540279257,-4.6050701909877585,-13.815510557964274,4.574710988812661,4.477336825841843,3.1441523217757115,3.8066625119925415,4.574710988812661,1.719188955604673,4.574710988812661,0.09531108889482073,8.897930140949667,16.337608563285418,2.5952547815837286,-0.47122466031470783,2.4808756309649644
7.607381426136563,5.7776523263186315,1.4350847633845325,-13.815510557964274,4.510859517505861,5.22035583048373,3.113515353654818,3.8066625119925415,4.510859517505861,1.7173952334723903,4.510859517505861,0.09531108889482073,8.897930140949667,16.337608563285418,2.602689759518455,-0.47122466031470783,2.4808756309649644
7.605890001550634,3.5835189662338873,1.4327009725975024,-13.815510557964274,4.510859517505861,5.117993818404779,0.9932521433805853,3.8066625119925415,4.543294792908302,1.6677070092373036,4.510859517505861,0.09531108889482073,8.897930140949667,16.337608563285418,2.6532420350297476,-0.47122466031470783,2.4808756309649644
7.603399340239423,6.082218912659551,1.3711809771169168,-13.815510557964274,4.189654757177941,3.13549425940741,2.8959119935203974,3.8066625119925415,4.510859517505861,1.5390156627298062,4.127134401174124,0.09531108889482073,8.897930140949667,16.337608563285418,2.7278528937578645,-0.47122466031470783,2.4808756309649644
7.608374474877062,2.5649494343846104,1.5163899384369495,-13.815510557964274,4.521788587918605,5.236441968149098,4.24276458170819,3.2580965764830196,4.532599503905944,1.782720095474845,4.553876902126857,-2.3025750930440454,8.897930140949667,16.337608563285418,0.336472950906672,-0.47122466031470783,2.4808756309649644
7.607878073775032,2.6390574010438272,2.177021983397378,-13.815510557964274,4.521788587918605,5.393627550897816,4.235554745245404,3.2958369030413657,4.532599503905944,2.460443263006719,4.553876902126857,-2.3025750930440454,8.897930140949667,16.337608563285418,0.336472950906672,-0.47122466031470783,2.4808756309649644
7.607381426136563,2.772588784739779,2.177021983397378,-13.815510557964274,4.510859517505861,5.23110862220218,4.228292549309098,3.2958369030413657,4.532599503905944,2.460443263006719,4.543294792908302,-2.3025750930440454,8.897930140949667,16.337608563285418,0.2623650336979642,-0.47122466031470783,2.4808756309649644
7.606884531716648,2.772588784739779,2.177021983397378,-13.815510557964274,4.189654757177941,4.007333203414289,4.219507719881989,3.332204545889489,4.532599503905944,2.460443263006719,4.543294792908302,-2.3025750930440454,8.897930140949667,16.337608563285418,0.2623650336979642,-0.47122466031470783,2.4808756309649644
7.6063873902699175,2.772588784739779,2.1598689061326977,-13.815510557964274,4.510859517505861,5.393627550897816,4.2121276126932985,3.367295864469232,4.543294792908302,2.460443263006719,4.564348201884503,-2.3025750930440454,8.897930140949667,16.337608563285418,0.2623650336979642,-0.47122466031470783,2.4808756309649644
7.605392365312695,2.890371813451719,2.1644719056749673,-13.815510557964274,4.521788587918605,4.262679891125822,4.194189912274773,3.4339872367432105,4.532599503905944,2.460443263006719,4.553876902126857,-2.3025750930440454,8.897930140949667,16.337608563285418,0.2623650336979642,-0.47122466031470783,2.4808756309649644
7.6048944813096275,2.890371813451719,2.1679103040839136,-13.815510557964274,4.543294792908302,4.941642429752162,4.185098940711264,3.4339872367432105,4.543294792908302,2.460443263006719,4.564348201884503,-2.3025750930440454,8.897930140949667,16.337608563285418,0.2623650336979642,-0.47122466031470783,2.4808756309649644
7.6043963492945945,2.397895363707457,2.1679103040839136,-13.815510557964274,4.532599503905944,3.761200138949376,4.1759245645755065,3.465735934049726,4.532599503905944,2.460443263006719,4.564348201884503,-2.3025750930440454,8.897930140949667,16.337608563285418,0.2623650336979642,-0.47122466031470783,2.4808756309649644
7.603897969020386,4.727387827561898,2.155244620970185,-13.815510557964274,4.532599503905944,4.007333203414289,4.1651136486382585,3.49650759176951,4.532599503905944,2.460443263006719,4.564348201884503,-2.3025750930440454,8.897930140949667,16.337608563285418,0.2623650336979642,-0.47122466031470783,2.4808756309649644
7.603399340239423,4.718498880223666,2.1424164582121095,-13.815510557964274,4.532599503905944,4.189654757177941,4.155753206024725,3.49650759176951,4.521788587918605,2.460443263006719,4.564348201884503,-2.3025750930440454,8.897930140949667,16.337608563285418,0.2623650336979642,-0.47122466031470783,2.4808756309649644
7.602900462703757,4.7095302103213434,2.137710567728333,-13.815510557964274,4.521788587918605,3.610917939671251,4.144720785395028,3.49650759176951,4.521788587918605,2.460443263006719,4.564348201884503,-2.3025750930440454,8.897930140949667,16.337608563285418,0.2623650336979642,-0.47122466031470783,2.4808756309649644
7.6024013361650695,4.7361984571664255,2.1282318248968797,-13.815510557964274,4.521788587918605,4.025351708592292,4.133565291401023,3.49650759176951,4.510859517505861,2.460443263006719,4.564348201884503,-2.3025750930440454,8.897930140949667,16.337608563285418,0.2623650336979642,-0.47122466031470783,2.4808756309649644
7.601901960374667,4.744932137058902,2.1198635762267632,-13.815510557964274,4.477336825841843,3.7135720910945516,4.122283947118797,3.49650759176951,4.127134401174124,2.460443263006719,4.543294792908302,-2.3025750930440454,8.897930140949667,16.337608563285418,0.336472950906672,-0.47122466031470783,2.4808756309649644
7.601402335083484,4.744932137058902,2.1102133215587036,-13.815510557964274,4.488636380968095,4.753590199727054,1.9315215565307395,3.49650759176951,4.488636380968095,2.460443263006719,4.543294792908302,-2.3025750930440454,8.897930140949667,16.337608563285418,0.336472950906672,-0.47122466031470783,2.4808756309649644
7.600902460042082,4.7361984571664255,2.1053530452670093,-13.815510557964274,4.189654757177941,4.442651268255022,1.8082889351136784,3.49650759176951,4.127134401174124,2.460443263006719,4.543294792908302,-2.3025750930440454,8.897930140949667,16.337608563285418,0.40546577477460877,-0.47122466031470783,2.4808756309649644
7.608374474877062,4.753590199727054,1.5163899384369495,-13.815510557964274,4.553876902126857,-13.815510557964274,4.1588830989846715,-13.815510557964274,4.553876902126857,1.782720095474845,4.553876902126857,-2.3025750930440454,9.65019675995471,15.048523194939163,1.0647110818199552,-0.2306705582899505,2.740840088441328
7.607878073775032,4.762173943344765,1.7967471765765597,6.139107921200575,4.553876902126857,-13.815510557964274,4.149463877216051,-13.815510557964274,4.553876902126857,2.1494340300499806,4.553876902126857,-2.3025750930440454,9.725430784847022,15.045018351689201,1.0647110818199552,-0.23445604699277905,2.740840088441328
7.606884531716648,4.770684632940241,1.7526722538302184,5.828118953370399,4.553876902126857,-13.815510557964274,4.131961441844772,-13.815510557964274,4.553876902126857,2.1679103040839136,4.553876902126857,-2.3025750930440454,7.3731746044711866,15.038337598829838,1.0986126220013874,-0.24334498312233852,2.740840088441328
7.6063873902699175,4.7095302103213434,1.7867470949086843,6.035270274107985,4.553876902126857,-13.815510557964274,4.123903380644875,9.999994999180668e-07,4.553876902126857,2.1459313999077265,4.553876902126857,-2.3025750930440454,9.558635287422087,15.035048790028114,1.0986126220013874,-0.24846007724803934,2.740840088441328
7.605890001550634,4.770684632940241,1.8261610569759703,7.151389511025543,4.553876902126857,-13.815510557964274,4.114147205858149,9.999994999180668e-07,4.553876902126857,2.155244620970185,4.553876902126857,-2.3025750930440454,9.387499627073176,15.031732533931772,1.0986126220013874,-0.25231364161403075,2.7472709783580536
7.605392365312695,4.770684632940241,1.8976200098525586,7.151389511025543,4.553876902126857,-13.815510557964274,1.9021076756506405,9.999994999180668e-07,4.553876902126857,2.1724765215422353,4.553876902126857,-2.3025750930440454,9.150077907304182,15.02827113644832,1.0986126220013874,-0.2561821134035804,2.740840088441328
7.6048944813096275,4.77912350151489,1.9110230379838558,3.208074645990491,4.543294792908302,-13.815510557964274,1.8082889351136784,9.999994999180668e-07,4.543294792908302,2.100469031270925,4.543294792908302,-2.3025750930440454,6.869338893870314,12.724342492188375,1.1314024340716937,-0.26136346543395206,2.7536607760485277
7.6043963492945945,4.820281573669553,1.8976200098525586,2.672288972332985,4.543294792908302,-13.815510557964274,4.0859763293583065,9.999994999180668e-07,4.543294792908302,2.107786136195654,4.543294792908302,-2.3025750930440454,4.378237728325112,15.02140381703624,1.1314024340716937,-0.27443552991315223,2.7278528937578645
7.603897969020386,4.762173943344765,1.8840348973128982,7.151389511025543,4.553876902126857,-13.815510557964274,4.07584110763547,9.999994999180668e-07,4.553876902126857,2.41323170260662,4.553876902126857,-2.3025750930440454,8.678950884016713,12.716327106216584,1.1631511223056321,-0.2797125800521561,2.721295493641702
7.603399340239423,4.812184363502499,1.8484549703849027,5.0274585954483575,4.564348201884503,-13.815510557964274,4.065602110509105,9.999994999180668e-07,4.564348201884503,2.4114395875922225,4.564348201884503,-2.3025750930440454,6.259487993157457,15.017164275285777,1.1631511223056321,-0.28368872316187693,2.740840088441328
7.602900462703757,4.804021052929977,1.7334240688935212,6.782596014087278,4.543294792908302,-13.815510557964274,4.055257190845076,9.999994999180668e-07,4.553876902126857,2.4501427436329335,4.543294792908302,-2.3025750930440454,8.322974389675627,12.714383108933504,1.1939227715026917,-0.28768073911933645,2.740840088441328
7.6024013361650695,4.795790553861204,1.6311995999103102,5.0804101759111875,4.510859517505861,-13.815510557964274,4.04305128537841,9.999994999180668e-07,4.510859517505861,1.8748745293127829,4.510859517505861,-2.3025750930440454,8.19492597948897,15.017171792670858,1.1939227715026917,-0.29168875516213005,2.7080502677688743
7.601901960374667,4.820281573669553,1.7681497742373709,3.313051202846608,4.553876902126857,-13.815510557964274,4.030694552907634,9.999994999180668e-07,4.532599503905944,1.9712995223358891,4.553876902126857,-2.3025750930440454,6.191889690606535,15.017813869462573,1.2237757257397195,-0.2930283382967009,2.687847561811899
7.601402335083484,4.812184363502499,1.868720664685159,6.043773345047217,4.543294792908302,-13.815510557964274,4.01998016488656,9.999994999180668e-07,4.543294792908302,2.009555548263918,4.543294792908302,-2.3025750930440454,8.745344577926115,12.715035535487253,1.252763254209613,-0.29840468810676984,2.6532420350297476
7.600902460042082,4.875197330834739,1.8946170050436915,6.470735078487523,4.521788587918605,-13.815510557964274,4.007333203414289,9.999994999180668e-07,4.521788587918605,2.0566846824344496,4.127134401174124,-2.3025750930440454,8.835195573855916,15.015850270598046,1.252763254209613,-0.3038100993690324,2.6390574010438272
7.608374474877062,5.214935763043768,1.5163899384369495,-13.815510557964274,4.5951198602356,3.09104249881286,3.7999735239908876,2.833213402879744,4.5951198602356,1.782720095474845,4.5951198602356,-2.3025750930440454,7.667428154784447,12.65392332513796,1.8082889351136784,-0.36096843350241287,2.49320553524732
7.603897969020386,5.22035583048373,0.6729449834463773,4.3473177165190275,4.584967488874653,5.393627550897816,3.640214308379374,3.2958369030413657,4.543294792908302,1.7029284376707852,4.564348201884503,-0.91628823187728,6.483541260821733,14.789626703407194,1.856298146615614,-0.46840331043922495,2.468099616217378
7.602900462703757,5.209486158305902,0.46373464516276,3.53860503690591,4.5951198602356,4.317488126869644,3.610917939671251,3.367295864469232,4.5951198602356,1.6311995999103102,4.5951198602356,-1.2039694709981583,6.142295195797465,14.765791037625105,1.856298146615614,-0.48938871172588594,2.4510051843192118
7.6024013361650695,5.209486158305902,0.4317830657759763,3.35065323711809,4.5951198602356,4.442651268255022,3.594568802115222,3.401197414995488,4.5951198602356,1.6428728819439167,4.584967488874653,-1.2039694709981583,5.981742364477029,14.754253345474556,1.88706980054752,-0.4992248404775378,2.4248028142138662
7.601901960374667,5.2257466790895455,0.38526308106252233,3.2186513348722072,4.189654757177941,3.2188758648682,3.580737323349386,3.465735934049726,4.5951198602356,1.693779244691364,4.5951198602356,-1.6094329124466003,5.948947107538945,14.742616593030192,1.88706980054752,-0.5108239571007129,2.397895363707457
7.601402335083484,5.22035583048373,0.4252683889989017,3.776520681622743,4.392730371564323,3.09104249881286,3.5638829922678625,3.5263605540279257,4.5951198602356,1.6639262871120917,4.5951198602356,-1.6094329124466003,6.12410311972481,14.730378277837339,1.9021076756506405,-0.5208742761192257,2.3702438349258
7.608374474877062,5.0562458117177345,1.5163899384369495,-13.815510557964274,4.465908130148836,-13.815510557964274,4.128746005042492,2.3025851929940404,4.465908130148836,1.782720095474845,4.465908130148836,-2.3025750930440454,8.897930140949667,16.337608563285418,1.1314024340716937,-0.2626630090872215,2.660259607195929
7.607878073775032,5.062595039356081,1.8671762630723026,-13.815510557964274,4.356708839510104,-13.815510557964274,4.119037191072635,2.3025851929940404,4.369447865125249,1.6601312168636688,4.356708839510104,-2.3025750930440454,8.897930140949667,16.337608563285418,1.1314024340716937,-0.2600656084027874,2.6532420350297476
7.607381426136563,5.068904208509539,1.903599100014876,-13.815510557964274,4.406719259459375,-13.815510557964274,4.1108738805667535,2.3025851929940404,4.406719259459375,1.5973655336289605,4.406719259459375,-2.3025750930440454,8.897930140949667,16.337608563285418,1.1314024340716937,-0.26136346543395206,2.6532420350297476
7.606884531716648,5.081404371195643,1.9021076756506405,-13.815510557964274,4.394449167018117,9.999994999180668e-07,1.856298146615614,2.3025851929940404,4.290459454847021,1.568616126247157,4.394449167018117,-2.3025750930440454,8.897930140949667,16.337608563285418,1.1314024340716937,-0.26526717383476595,2.646174868306106
7.6063873902699175,5.062595039356081,1.9080600732921573,-13.815510557964274,4.356708839510104,-13.815510557964274,4.0926765218158945,2.3025851929940404,4.356708839510104,1.6563216891726273,4.356708839510104,-2.3025750930440454,8.897930140949667,16.337608563285418,1.1314024340716937,-0.2797125800521561,2.646174868306106
7.605890001550634,5.062595039356081,1.9768550914088803,-13.815510557964274,4.356708839510104,-13.815510557964274,4.082609322867086,2.3025851929940404,4.304065106717683,1.686399138755397,4.356708839510104,-2.3025750930440454,8.897930140949667,16.337608563285418,1.1314024340716937,-0.28236158471511347,2.6390574010438272
7.605392365312695,5.1119877943806395,2.0268317231598356,-13.815510557964274,4.430816810748075,-13.815510557964274,4.074141871911384,2.3025851929940404,4.317488126869644,1.7595807429808445,4.430816810748075,-2.3025750930440454,8.897930140949667,16.337608563285418,1.1314024340716937,-0.28236158471511347,2.6390574010438272
7.6043963492945945,5.1059454799611865,2.16332314060306,-13.815510557964274,4.189654757177941,3.465735934049726,4.053522585062956,2.3025851929940404,4.204692634316339,1.6582282670797048,4.127134401174124,-2.3025750930440454,8.897930140949667,16.337608563285418,1.1314024340716937,-0.31745285716002086,2.557227388887003
7.603897969020386,5.093750206941731,2.112634629954577,-13.815510557964274,4.262679891125822,4.356708839510104,4.0448041341750995,2.397895363707457,4.290459454847021,1.5789789111349375,4.262679891125822,-2.3025750930440454,8.897930140949667,16.337608563285418,1.1631511223056321,-0.3368709160833094,2.5176965532561493
7.603399340239423,5.062595039356081,2.0693913320889528,-13.815510557964274,4.477336825841843,-13.815510557964274,4.0342406558515105,2.397895363707457,4.127134401174124,1.5454327956777816,4.465908130148836,-2.3025750930440454,8.897930140949667,16.337608563285418,1.1939227715026917,-0.35667351536832426,2.468099616217378
7.602900462703757,5.081404371195643,2.0215476957112557,-13.815510557964274,4.406719259459375,-13.815510557964274,4.023564398050141,2.397895363707457,4.418840619844791,1.5644407557083637,4.454347307881415,-2.3025750930440454,8.897930140949667,16.337608563285418,1.1939227715026917,-0.3754195311567713,2.4510051843192118
7.6024013361650695,5.1474944826274065,1.840549792127633,-13.815510557964274,4.2766661329049445,-13.815510557964274,4.012772926611471,2.48490673312133,4.454347307881415,1.5953391908943346,4.219507719881989,-2.3025750930440454,8.897930140949667,16.337608563285418,1.1939227715026917,-0.37396498756147767,2.4510051843192118
7.601402335083484,5.129898720840234,2.085672215654067,-13.815510557964274,4.189654757177941,4.744932137058902,3.990834204336724,2.48490673312133,4.465908130148836,1.6505800477038368,4.127134401174124,-2.3025750930440454,8.897930140949667,16.337608563285418,1.252763254209613,-0.3974954503648565,2.3418059023011684
7.600902460042082,5.12396398535564,2.080690885924205,-13.815510557964274,4.189654757177941,3.09104249881286,3.9778107646927405,2.5649494343846104,4.454347307881415,1.5912741454723962,4.3438054348406965,-2.3025750930440454,8.897930140949667,16.337608563285418,1.252763254209613,-0.4004760740609256,2.3608540954576394
7.608374474877062,4.844187094332607,1.5163899384369495,-13.815510557964274,4.574710988812661,5.393627550897816,2.862200938072324,3.555348090060842,4.574710988812661,1.782720095474845,4.574710988812661,-2.3025750930440454,8.897930140949667,16.337608563285418,3.292126323782514,-0.3886065161165754,2.5336968933225084
7.606884531716648,2.5649494343846104,1.4158534060798522,-13.815510557964274,4.574710988812661,5.393627550897816,2.7278528937578645,3.5835189662338873,4.574710988812661,1.9401796180244788,4.574710988812661,-2.3025750930440454,8.897930140949667,16.337608563285418,3.292126323782514,-0.41248821247225154,2.5014360337064203
7.6063873902699175,4.875197330834739,1.3711809771169168,-13.815510557964274,4.553876902126857,5.393627550897816,2.687847561811899,3.5835189662338873,4.564348201884503,1.8245494533413555,4.553876902126857,-2.3025750930440454,8.897930140949667,16.337608563285418,3.292126323782514,-0.4231185166304932,2.48490673312133
7.6048944813096275,4.905274785845837,1.2753630797421789,-13.815510557964274,4.465908130148836,5.393627550897816,2.557227388887003,3.555348090060842,4.532599503905944,1.7101879963660536,4.532599503905944,-1.6094329124466003,8.897930140949667,16.337608563285418,3.292126323782514,-0.4572832770603777,2.4510051843192118
7.6043963492945945,4.912654893088993,1.1019404109866429,-13.815510557964274,4.204692634316339,2.833213402879744,2.5095993436791817,3.555348090060842,4.521788587918605,1.9315215565307395,4.521788587918605,-1.6094329124466003,8.897930140949667,16.337608563285418,3.292126323782514,-0.4700020292470155,2.4336134431197443
7.603399340239423,4.912654893088993,0.9932521433805853,-13.815510557964274,4.543294792908302,5.393627550897816,2.4248028142138662,3.5835189662338873,4.543294792908302,1.6826885600472816,4.553876902126857,-1.6094329124466003,8.897930140949667,16.337608563285418,3.292126323782514,-0.49593536923746334,2.4069451984083745
7.602900462703757,4.912654893088993,1.0508219744820497,-13.815510557964274,4.543294792908302,5.379897358148755,0.6418544124880456,3.5835189662338873,4.564348201884503,1.7749525204031849,4.564348201884503,-1.6094329124466003,8.897930140949667,16.337608563285418,3.292126323782514,-0.509158680554803,2.397895363707457
7.608374474877062,5.411646056319325,1.5163899384369495,-13.815510557964274,4.2341065190900125,5.393627550897816,3.720862524180062,3.8066625119925415,4.143134742264548,1.782720095474845,4.2341065190900125,-2.3025750930440454,8.897930140949667,16.337608563285418,3.292126323782514,-0.6951471792246104,2.1972246884473243
7.607878073775032,5.4293456333404055,-4.6050701909877585,-13.815510557964274,4.290459454847021,5.393627550897816,1.481604768196917,3.8066625119925415,4.204692634316339,1.7298842428149164,4.290459454847021,-2.3025750930440454,8.897930140949667,16.337608563285418,3.292126323782514,-0.6931451805619453,2.1972246884473243
7.607381426136563,5.420535003697065,-3.2188508251806955,-13.815510557964274,4.290459454847021,5.393627550897816,3.6788291435129596,3.8066625119925415,4.204692634316339,1.7544038556946517,4.290459454847021,-2.3025750930440454,8.897930140949667,16.337608563285418,3.292126323782514,-0.6971531939273717,2.1972246884473243
7.605890001550634,5.451038457857546,-2.813394050232257,-13.815510557964274,4.330733353444225,5.393627550897816,3.616308788160821,3.8066625119925415,4.3438054348406965,1.6428728819439167,4.330733353444225,-2.3025750930440454,8.897930140949667,16.337608563285418,3.292126323782514,-0.7174378239507616,2.1400662811433224
7.605392365312695,5.459585518399478,-3.5065245645421914,-13.815510557964274,4.330733353444225,4.86753445814789,3.594568802115222,3.8066625119925415,4.330733353444225,1.6714734913234603,4.330733353444225,-2.3025750930440454,8.897930140949667,16.337608563285418,3.292126323782514,-0.727736554938333,2.1282318248968797
7.6048944813096275,5.472270677873155,-3.2188508251806955,-13.815510557964274,4.356708839510104,1.945910291912446,3.5751507167967973,3.8066625119925415,4.356708839510104,1.6331546343638974,4.356708839510104,-2.3025750930440454,8.897930140949667,16.337608563285418,3.292126323782514,-0.7339670917490373,2.1400662811433224
7.6043963492945945,3.1780538720146114,-2.995712273753988,-13.815510557964274,4.369447865125249,2.5649494343846104,3.558201158961848,3.8066625119925415,4.369447865125249,1.5933087337562286,4.369447865125249,-2.3025750930440454,8.897930140949667,16.337608563285418,3.292126323782514,-0.7402366916599348,2.151762319538525
7.601402335083484,5.525452943115847,-2.52571614438638,-13.815510557964274,4.189654757177941,5.393627550897816,3.456316712428976,3.8066625119925415,4.290459454847021,1.4678745785270335,4.290459454847021,-2.3025750930440454,8.897930140949667,16.337608563285418,3.292126323782514,-0.8119284643001964,2.0668628860552465
7.600902460042082,5.5294290914796775,-2.659245751320532,-13.815510557964274,4.189654757177941,-13.815510557964274,3.440418126866718,3.8066625119925415,4.304065106717683,1.4206960293830875,4.304065106717683,-2.3025750930440454,8.897930140949667,16.337608563285418,3.292126323782514,-0.8301107420577514,2.0412204587297595
7.607878073775032,5.749392989092967,-4.6050701909877585,5.28151488110228,4.454347307881415,2.1972246884473243,3.1267605798200435,3.7135720910945516,4.356708839510104,1.607436110164209,4.454347307881415,0.09531108889482073,7.460997772554396,14.262100974588993,2.525728724308252,-0.5621171637691152,2.525728724308252
7.607381426136563,5.793013611432924,0.879627162440237,3.026410053874917,4.369447865125249,3.555348090060842,3.1045867233091213,3.7376696420928917,4.304065106717683,1.607436110164209,4.369447865125249,0.09531108889482073,5.224635088389152,14.231137855670736,2.533696893322509,-0.570927777925758,2.525728724308252
7.606884531716648,5.855071925067756,0.9516582618117579,5.282773436175421,4.356708839510104,5.393627550897816,3.077312306629362,3.761200138949376,4.127134401174124,1.5912741454723962,4.356708839510104,0.09531108889482073,7.45872587383573,16.503353766025562,2.5494452490505686,-0.5905887871823305,2.5095993436791817
7.605392365312695,5.908082940886322,0.8329095577176182,4.968909337653283,4.543294792908302,3.2580965764830196,0.7884578149096215,3.8066625119925415,4.532599503905944,1.5539254139203098,4.543294792908302,0.09531108889482073,7.038004581060162,16.41496665060775,2.5877641104156752,-0.6577781062225868,2.4510051843192118
7.6048944813096275,3.8066625119925415,0.7514165603819232,5.034861953594499,4.465908130148836,4.941642429752162,2.980618686505363,3.8066625119925415,4.127134401174124,1.5830941424332865,4.465908130148836,0.09531108889482073,7.222334233567883,14.139416308867943,2.602689759518455,-0.6851770267857527,2.4336134431197443
7.6043963492945945,6.082218912659551,0.7323683744823419,2.3843017692615756,4.189654757177941,5.393627550897816,2.954910331117068,3.8066625119925415,4.3438054348406965,1.4747632379404245,4.127134401174124,0.09531108889482073,4.741342964579216,16.359155659711416,2.6173959058267773,-0.7092745299715694,2.4069451984083745
7.603897969020386,6.082218912659551,0.8109306606606745,0.6205790355713264,4.394449167018117,5.393627550897816,2.9338569230273914,3.8066625119925415,4.418840619844791,1.8099269368496118,4.394449167018117,0.09531108889482073,2.576741099264104,16.331871138668962,2.6318889120790896,-0.7360525938907289,2.388762880978213
7.603399340239423,6.082218912659551,0.8458686967620666,4.803031473301701,4.406719259459375,3.8066625119925415,2.9123507189627644,3.8066625119925415,4.430816810748075,2.0228713224665653,4.406719259459375,0.09531108889482073,6.538599656378665,14.040377423519942,2.646174868306106,-0.7614238799879093,2.3702438349258
7.602900462703757,6.082218912659551,0.9001617564482539,2.1246362653497517,4.392730371564323,3.555348090060842,2.890371813451719,3.8066625119925415,4.430816810748075,1.991975652324199,4.418840619844791,0.09531108889482073,3.9755088983719986,16.277809058657674,2.660259607195929,-0.7852602764876995,2.3513753524015684
7.6024013361650695,4.1588830989846715,0.8458686967620666,4.18646747170887,4.392730371564323,5.393627550897816,2.8678989588622863,3.8066625119925415,4.442651268255022,2.101692272864037,4.418840619844791,0.09531108889482073,6.06182595199244,16.25105047740059,2.6741487183920434,-0.8141832516032061,2.322387818329436
7.608374474877062,5.817111162939395,1.5163899384369495,-13.815510557964274,4.465908130148836,-13.815510557964274,3.4594663212326715,3.465735934049726,4.477336825841843,1.782720095474845,4.465908130148836,0.09531108889482073,4.776547328908704,16.57409232674729,2.4069451984083745,-0.6792423030063112,2.332143992322964
7.607878073775032,5.916202065302853,1.8718023307477334,2.3816361928793524,4.510859517505861,-13.815510557964274,3.443618129494989,3.5263605540279257,4.521788587918605,1.8625286953957534,4.510859517505861,0.09531108889482073,4.847917293804813,16.550635897041595,2.4510051843192118,-0.6971531939273717,2.332143992322964
7.6063873902699175,6.082218912659551,1.7917596358947079,4.1549775187488995,4.543294792908302,-13.815510557964274,3.3978585138414563,3.7376696420928917,4.532599503905944,1.8421358350317145,4.532599503905944,0.09531108889482073,6.7333160988715335,16.481811181696536,2.602689759518455,-0.7940708867629727,2.3125355228571096
7.6048944813096275,6.082218912659551,1.2697608257627762,3.037038774841884,4.317488126869644,-13.815510557964274,3.3534067527908413,3.8066625119925415,4.317488126869644,1.6014059423497191,4.317488126869644,0.09531108889482073,5.785910925654064,16.42252192849756,2.7472709783580536,-0.8651200700056646,2.2721259886021152
7.6043963492945945,4.204692634316339,1.3558354113671076,3.3949971019262946,4.2766661329049445,5.393627550897816,3.3393220134050603,3.8066625119925415,4.290459454847021,1.497388632339099,4.290459454847021,0.09531108889482073,5.983931791004568,14.102941848973767,2.7972813958057605,-0.8818868897008028,2.2617632026404517
7.603897969020386,1.945910291912446,1.5195134237244703,3.5340418230563677,4.219507719881989,5.356586279388994,3.328626724669613,3.8066625119925415,4.262679891125822,1.6331546343638974,4.127134401174124,0.09531108889482073,6.027787394829082,16.389973517263453,2.8449094419589405,-0.896485653600587,2.2512919038696473
7.602900462703757,6.082218912659551,1.472472286718715,-13.815510557964274,4.219507719881989,3.4339872367432105,3.2995337647860237,3.7376696420928917,4.204692634316339,1.9643113746786491,4.174387285280252,0.09531108889482073,6.118904482231921,16.363197230512558,2.9338569230273914,-0.8989396365401037,2.219203592750641
7.6024013361650695,6.082218912659551,1.4011832199190295,-13.815510557964274,4.189654757177941,5.393627550897816,3.2846636028593865,3.7135720910945516,4.127134401174124,1.8748745293127829,4.219507719881989,0.09531108889482073,6.116667004436227,16.351893997803543,2.980618686505363,-0.8722714541157449,2.2512919038696473
7.601402335083484,6.082218912659551,0.5423248722205415,-13.815510557964274,4.330733353444225,5.393627550897816,3.2542430073155297,3.6635616717706716,4.330733353444225,1.8180769398830776,4.317488126869644,0.09531108889482073,6.307346452096826,16.330474672049075,1.1939227715026917,-0.8509689238358802,2.2823824877173373
