avg_rating_genre,user_activity,Action/Adventure,Fantasy/Supernatural,Comedy,Drama/Romance,Science Fiction,Psychological/Thriller,Other/Uncategorized,normalized_episodes,log_members,log_avg_members_genre,log_episodes,len_of_title_norm,episode_density,log_anime_count_by_type,log_avg_rating_by_type,type_Movie,type_Music,type_ONA,type_OVA,type_Special,type_TV
6.788310729601363,74.48559670781893,0,0,0,0,0,0,0,0.7649875126495325,9.364776725280601,9.914078482087426,1.0986122886681098,0.7097201386374217,0.11731323884128071,7.360739903058278,2.0186487050933315,False,False,False,False,True,False
6.237741819619238,70.58823529411765,0,0,0,0,0,0,0,0.7805845659575266,6.947937068614969,9.122506680312782,1.0986122886681098,0.5520045522735503,0.15812064470628714,8.028781162487148,1.9991152142115904,False,False,False,True,False,False
6.744524531479761,84.21052631578947,0,0,0,0,0,0,0,0.7805845659575266,8.261009786023827,10.225216783767557,1.0986122886681098,0.07885779318193574,0.13298765128286957,8.028781162487148,1.9991152142115904,False,False,False,True,False,False
6.548792989998894,0.0,0,0,0,0,0,0,0,0.3902922829787633,3.6375861597263857,9.223228522439266,0.6931471805599453,0.7097201386374217,0.1905514124267734,8.028781162487148,1.9991152142115904,False,False,False,True,False,False
6.624551706647431,85.71428571428571,0,0,0,0,0,0,0,0.8886641126398388,5.8998973535824915,9.714919592288245,0.6931471805599453,0.7491490352283896,0.11748461693813328,7.691200097522863,1.9906184714459416,True,False,False,False,False,False
6.729026514431993,76.17328519855594,0,0,0,0,0,0,0,2.3417536978725795,8.814924599721019,10.01305370445239,1.9459101490553132,0.8280068284103254,0.22075176333520752,8.028781162487148,1.9991152142115904,False,False,False,True,False,False
6.58558055977916,50.0,0,0,0,0,0,0,0,0.8886641126398388,4.68213122712422,9.56895283095515,0.6931471805599453,1.6165847602296828,0.1480409554829326,7.691200097522863,1.9906184714459416,True,False,False,False,False,False
6.548792989998894,0.0,0,0,0,0,0,0,0,0.3902922829787633,3.713572066704308,9.223228522439266,0.6931471805599453,1.0645802079561326,0.18665241123894336,8.028781162487148,1.9991152142115904,False,False,False,True,False,False
6.9160083847587,67.32283464566929,0,0,0,0,0,0,0,0.3902922829787633,9.307104040408491,10.258307605633988,0.6931471805599453,0.9462935181832289,0.07447506523517092,8.028781162487148,1.9991152142115904,False,False,False,True,False,False
6.490336269696487,66.66666666666666,0,0,0,0,0,0,0,0.7805845659575266,5.730099782973574,8.81811505604364,1.0986122886681098,1.9320159329574258,0.19172655455888007,8.028781162487148,1.9991152142115904,False,False,False,True,False,False
6.6934802647434,85.85858585858585,0,0,0,0,0,0,0,0.34871731190584043,9.13227071655426,9.704945179459122,2.5649493574615367,2.247447105685169,0.28086654864621996,8.174702882469461,2.0644946046636603,False,False,False,False,False,True
6.830019888854456,78.18627450980392,0,0,0,0,0,0,0,1.1708768489362897,9.02304647355567,10.535699056276355,1.3862943611198906,0.7097201386374217,0.1536392797247336,8.028781162487148,1.9991152142115904,False,False,False,True,False,False
6.80877291919659,57.14285714285714,0,0,0,0,0,0,0,0.8886641126398388,5.968707559985366,10.291715260784832,0.6931471805599453,0.7885779318193574,0.1161301962935582,7.691200097522863,1.9906184714459416,True,False,False,False,False,False
6.87869123882592,72.75242047026279,0,0,0,0,0,0,0,0.8886641126398388,9.426982836948033,10.102764232722187,0.6931471805599453,2.0108737261393617,0.0735279985705745,7.691200097522863,1.9906184714459416,True,False,False,False,False,False
6.662948251583755,75.0,0,0,0,0,0,0,0,0.7649875126495325,7.986164860332727,10.093243666143405,1.0986122886681098,1.4588691738658113,0.13756443898684284,7.360739903058278,2.0186487050933315,False,False,False,False,True,False
6.195191110040243,0.0,0,0,0,0,0,0,0,0.7805845659575266,5.308267697401205,7.8686083776014435,1.0986122886681098,0.9857224147741969,0.2069624878198895,8.028781162487148,1.9991152142115904,False,False,False,True,False,False
6.5004185244497705,57.446808510638306,0,0,0,0,0,0,0,9.562343908119155,8.8023721336499,9.91128039696677,3.258096538021482,0.7097201386374217,0.37013846819385876,7.360739903058278,2.0186487050933315,False,False,False,False,True,False
6.26522859704693,0.0,0,0,0,0,0,0,0,0.17435865595292022,4.276666119016055,8.33775665141873,1.9459101490553132,1.8137292431845222,0.45500632850502115,8.174702882469461,2.0644946046636603,False,False,False,False,False,True
6.698349863309581,77.87610619469027,0,0,0,0,0,0,0,0.38249375632476623,7.980707820869669,9.975061436184497,0.6931471805599453,0.35486006931871084,0.08685284515082173,7.360739903058278,2.0186487050933315,False,False,False,False,True,False
5.879225467208256,74.46808510638297,0,0,0,0,0,0,0,0.9078461025802542,8.800113946766308,8.024343613012375,0.6931471805599453,1.6954425534116186,0.07876570516619837,6.104793232414985,1.8852953146630171,False,True,False,False,False,False
6.640698109965129,0.0,0,0,0,0,0,0,0,1.104271487701828,5.0238805208462765,10.314177554377048,3.6635616461296463,1.2222957943200041,0.7292294533932341,8.174702882469461,2.0644946046636603,False,False,False,False,False,True
6.195191110040243,37.5,0,0,0,0,0,0,0,0.3902922829787633,5.720311776607412,7.8686083776014435,0.6931471805599453,0.3942889659096787,0.12117297231848354,8.028781162487148,1.9991152142115904,False,False,False,True,False,False
6.22747829422649,100.0,0,0,0,0,0,0,0,0.13788144168663172,5.3706380281276624,8.715280860702519,0.6931471805599453,0.23657337954580723,0.12906235291407148,6.415096959171596,1.8969222823803258,False,False,True,False,False,False
6.809281649391791,50.0,0,0,0,0,0,0,0,2.528200511317343,6.052089168924417,10.332892429531798,4.477336814478207,0.8280068284103254,0.7398002060954305,8.174702882469461,2.0644946046636603,False,False,False,False,False,True
6.7842301997157435,0.0,0,0,0,0,0,0,0,0.8886641126398388,3.6375861597263857,10.055566237327685,0.6931471805599453,0.9068646215922611,0.1905514124267734,7.691200097522863,1.9906184714459416,True,False,False,False,False,False
5.60043986026233,100.0,0,0,0,0,0,0,0,0.8886641126398388,4.31748811353631,6.344274272082252,0.6931471805599453,0.9068646215922611,0.1605440854340214,7.691200097522863,1.9906184714459416,True,False,False,False,False,False
6.914189728525724,74.73363774733637,0,0,0,0,0,0,0,0.38249375632476623,10.684508238346313,10.238096336442686,0.6931471805599453,3.430314003414205,0.06487403679209729,7.360739903058278,2.0186487050933315,False,False,False,False,True,False
6.817377299046317,77.23214285714286,0,0,0,0,0,0,0,0.7555541757959876,9.089640586738398,10.43228327261178,3.295836866004329,0.9068646215922611,0.36259264979221384,8.174702882469461,2.0644946046636603,False,False,False,False,False,True
6.5004185244497705,0.0,0,0,0,0,0,0,0,0.8886641126398388,5.081404364984463,9.91128039696677,0.6931471805599453,0.4337178625006466,0.13640858525969024,7.691200097522863,1.9906184714459416,True,False,False,False,False,False
6.195191110040243,70.0,0,0,0,0,0,0,0,0.7805845659575266,7.891330757661889,7.8686083776014435,1.0986122886681098,1.7348714500025864,0.13921762024756595,8.028781162487148,1.9991152142115904,False,False,False,True,False,False
6.5004185244497705,0.0,0,0,0,0,0,0,0,0.6393150718273741,5.247024072160486,9.91128039696677,3.1354942159291497,0.7097201386374217,0.597575725365044,8.174702882469461,2.0644946046636603,False,False,False,False,False,True
6.510263751421897,77.23684210526316,0,0,0,0,0,0,0,0.7264943998038342,11.01844879902557,9.93043086016947,3.258096538021482,0.47314675909161447,0.2956946660504168,8.174702882469461,2.0644946046636603,False,False,False,False,False,True
6.903140376493692,79.89778534923339,0,0,0,0,0,0,0,0.8886641126398388,9.601030194502194,9.973846857942952,0.6931471805599453,1.3011535875019398,0.0721950839147303,7.691200097522863,1.9906184714459416,True,False,False,False,False,False
6.6819426705842195,0.0,0,0,0,0,0,0,0,2.2376027513958094,5.14166355650266,9.837538159759628,4.356708826689592,0.8674357250012932,0.8473344820821004,8.174702882469461,2.0644946046636603,False,False,False,False,False,True
6.821981200903762,86.43393725143615,0,0,0,0,0,0,0,0.6974346238116809,11.897480132383482,10.283027299270545,3.2188758248682006,0.35486006931871084,0.2705510569508593,8.174702882469461,2.0644946046636603,False,False,False,False,False,True
6.683116002174912,75.0,0,0,0,0,0,0,0,0.34871731190584043,8.643120748014027,10.1490267362171,2.5649493574615367,0.8280068284103254,0.2967619488656222,8.174702882469461,2.0644946046636603,False,False,False,False,False,True
6.703006296580537,60.78431372549019,0,0,0,0,0,0,0,1.1708768489362897,7.414572881350589,10.172048866669856,1.3862943611198906,0.7491490352283896,0.18696887646849492,8.028781162487148,1.9991152142115904,False,False,False,True,False,False
6.604842707205482,79.71014492753623,0,0,0,0,0,0,0,0.38249375632476623,7.272398392570047,9.94521695986674,0.6931471805599453,0.6308623454554859,0.09531204743515005,7.360739903058278,2.0186487050933315,False,False,False,False,True,False
6.555621413678604,0.0,0,0,0,0,0,0,0,0.8886641126398388,4.882801922586371,9.490725716753616,0.6931471805599453,0.7491490352283896,0.14195685009331532,7.691200097522863,1.9906184714459416,True,False,False,False,False,False
6.195191110040243,69.38775510204081,0,0,0,0,0,0,0,0.7805845659575266,7.134890851565884,7.8686083776014435,1.0986122886681098,0.8674357250012932,0.1539774485025232,8.028781162487148,1.9991152142115904,False,False,False,True,False,False
6.604842707205482,0.0,0,0,0,0,0,0,0,0.7555541757959876,4.969813299576001,9.94521695986674,3.295836866004329,1.8137292431845222,0.6631711630466105,8.174702882469461,2.0644946046636603,False,False,False,False,False,True
6.907144180005776,83.51839000693963,0,0,0,0,0,0,0,0.7264943998038342,11.936963686662335,10.331065238200525,3.258096538021482,0.6702912420464539,0.27294181531790107,8.174702882469461,2.0644946046636603,False,False,False,False,False,True
6.904400748459212,83.21108394458028,0,0,0,0,0,0,0,0.7264943998038342,12.097055452368803,10.321174430583802,3.258096538021482,0.9068646215922611,0.26932971836410763,8.174702882469461,2.0644946046636603,False,False,False,False,False,True
6.5264888547538815,0.0,0,0,0,0,0,0,0,1.1474812689742986,4.356708826689592,9.75745455496221,1.3862943611198906,0.8674357250012932,0.3181976157385883,7.360739903058278,2.0186487050933315,False,False,False,False,True,False
6.735691132363756,67.64705882352942,0,0,0,0,0,0,0,0.3902922829787633,6.53813982376767,10.477972889916076,0.6931471805599453,0.5520045522735503,0.10601596161039457,8.028781162487148,1.9991152142115904,False,False,False,True,False,False
5.558589488847307,0.0,0,0,0,0,0,0,0,0.3902922829787633,4.007333185232471,5.858417164315927,0.6931471805599453,1.1828668977290362,0.1729696904450771,8.028781162487148,1.9991152142115904,False,False,False,True,False,False
6.7108808707015255,77.77777777777779,0,0,0,0,0,0,0,0.8886641126398388,5.720311776607412,9.975240141996258,0.6931471805599453,1.1828668977290362,0.12117297231848354,7.691200097522863,1.9906184714459416,True,False,False,False,False,False
6.7922584990548955,80.65268065268066,0,0,0,0,0,0,0,0.7805845659575266,9.665547571979161,10.687016079005732,1.0986122886681098,1.2617246909109718,0.11366270565498371,8.028781162487148,1.9991152142115904,False,False,False,True,False,False
6.780364255718127,0.0,0,0,0,0,0,0,0,0.7805845659575266,5.365976015021851,10.213935953077263,1.0986122886681098,1.4194402772748433,0.204736712499755,8.028781162487148,1.9991152142115904,False,False,False,True,False,False
6.548792989998894,0.0,0,0,0,0,0,0,0,0.3902922829787633,4.02535169073515,9.223228522439266,0.6931471805599453,0.7491490352283896,0.1721954337940981,8.028781162487148,1.9991152142115904,False,False,False,True,False,False
6.510263751421897,78.76447876447877,0,0,0,0,0,0,0,0.38249375632476623,9.866719828343914,9.93043086016947,0.6931471805599453,1.1040091045471006,0.0702510249220573,7.360739903058278,2.0186487050933315,False,False,False,False,True,False
6.464641336937508,0.0,0,0,0,0,0,0,0,0.3902922829787633,3.871201010907891,9.053611460451888,0.6931471805599453,1.3405824840929077,0.17905223175104135,8.028781162487148,1.9991152142115904,False,False,False,True,False,False
6.604842707205482,76.68231611893583,0,0,0,0,0,0,0,0.6974346238116809,9.775767810933758,9.94521695986674,3.2188758248682006,0.47314675909161447,0.32927089586436703,8.174702882469461,2.0644946046636603,False,False,False,False,False,True
6.829036948424544,84.33734939759037,0,0,0,0,0,0,0,0.8886641126398388,9.371268036082466,9.778151955140352,0.6931471805599453,0.5914334488645181,0.0739651430191838,7.691200097522863,1.9906184714459416,True,False,False,False,False,False
6.677693639525605,87.5,0,0,0,0,0,0,0,0.3902922829787633,5.66988092298052,9.328032216867232,0.6931471805599453,0.9462935181832289,0.12225074740997816,8.028781162487148,1.9991152142115904,False,False,False,True,False,False
6.8182528559243245,72.8862973760933,0,0,0,0,0,0,0,0.3902922829787633,9.64296658814672,10.251555716390616,0.6931471805599453,0.7885779318193574,0.07188111399369279,8.028781162487148,1.9991152142115904,False,False,False,True,False,False
6.93905064652767,77.96610169491525,0,0,0,0,0,0,0,0.3902922829787633,9.623442907213558,10.616553325655277,0.6931471805599453,0.3942889659096787,0.07202694370851151,8.028781162487148,1.9991152142115904,False,False,False,True,False,False
6.827850625188941,85.43689320388349,0,0,0,0,0,0,0,0.8886641126398388,8.190908881182514,9.960021534452826,0.6931471805599453,1.1040091045471006,0.08462396427731672,7.691200097522863,1.9906184714459416,True,False,False,False,False,False
6.815635129003481,82.90043290043289,0,0,0,0,0,0,0,2.3417536978725795,10.026147565272016,9.999524160892188,1.9459101490553132,1.6560136568206507,0.19408353371891743,8.028781162487148,1.9991152142115904,False,False,False,True,False,False
6.195191110040243,25.0,0,0,0,0,0,0,0,0.7805845659575266,6.175867270105761,7.8686083776014435,1.0986122886681098,0.6308623454554859,0.17788793713005044,8.028781162487148,1.9991152142115904,False,False,False,True,False,False
6.192033733782523,66.66666666666666,0,0,0,0,0,0,0,1.1474812689742986,5.942799375126701,9.566331310956217,1.3862943611198906,0.9068646215922611,0.23327295330247197,7.360739903058278,2.0186487050933315,False,False,False,False,True,False
6.891816304527772,79.34347477982386,0,0,0,0,0,0,0,0.3777770878979938,10.128389556865201,10.488023255417007,2.6390573296152584,0.9462935181832289,0.26056040941143094,8.174702882469461,2.0644946046636603,False,False,False,False,False,True
6.728603824708156,71.91358024691358,0,0,0,0,0,0,0,1.1474812689742986,9.345570321236286,10.236184560116717,1.3862943611198906,0.4337178625006466,0.14833705311379045,7.360739903058278,2.0186487050933315,False,False,False,False,True,False
6.602205255211668,69.23076923076923,0,0,0,0,0,0,0,1.9514614148938163,6.666956792429207,10.266174232963616,1.791759469228055,0.47314675909161447,0.2687522245925941,8.028781162487148,1.9991152142115904,False,False,False,True,False,False
6.5262666432363226,75.0,0,0,0,0,0,0,0,1.5611691319150531,6.54965074223381,10.040954349321755,1.6094379124341003,0.35486006931871084,0.24572881452380907,8.028781162487148,1.9991152142115904,False,False,False,True,False,False
7.025210187186107,75.0,0,0,0,0,0,0,0,0.38249375632476623,6.434546518787453,10.958649359769531,0.6931471805599453,0.7097201386374217,0.10772277091106712,7.360739903058278,2.0186487050933315,False,False,False,False,True,False
6.045175999634896,0.0,0,0,0,0,0,0,0,1.5111083515919752,5.111987788356544,7.952065901555757,3.970291913552122,0.7885779318193574,0.7766630277551061,8.174702882469461,2.0644946046636603,False,False,False,False,False,True
6.841160948174395,68.35443037974683,0,0,0,0,0,0,0,0.38249375632476623,7.322510433997394,10.017600168889373,0.6931471805599453,1.3011535875019398,0.09465977369479184,7.360739903058278,2.0186487050933315,False,False,False,False,True,False
6.5004185244497705,64.34782608695652,0,0,0,0,0,0,0,2.6774562942733633,8.550241045462437,9.91128039696677,2.0794415416798357,0.9857224147741969,0.2432026805587409,7.360739903058278,2.0186487050933315,False,False,False,False,True,False
6.752542161239349,80.46242774566474,0,0,0,0,0,0,0,0.7805845659575266,10.372678351524836,10.418120676184797,1.0986122886681098,0.7885779318193574,0.1059140418160762,8.028781162487148,1.9991152142115904,False,False,False,True,False,False
6.589899276583323,73.92265193370166,0,0,0,0,0,0,0,0.38249375632476623,9.886849911383104,10.384374562400534,0.6931471805599453,1.3800113806838756,0.07010799059080473,7.360739903058278,2.0186487050933315,False,False,False,False,True,False
7.0051398861146525,83.34862385321101,0,0,0,0,0,0,0,0.8886641126398388,11.04236167886593,10.532869131878108,0.6931471805599453,0.27600227613677514,0.06277164258136604,7.691200097522863,1.9906184714459416,True,False,False,False,False,False
6.900464730786089,0.0,0,0,0,0,0,0,0,0.38249375632476623,4.248495242049359,10.288253234287566,0.6931471805599453,0.7491490352283896,0.16315121968351076,7.360739903058278,2.0186487050933315,False,False,False,False,True,False
6.548792989998894,0.0,0,0,0,0,0,0,0,0.3902922829787633,3.9889840465642745,9.223228522439266,0.6931471805599453,1.2222957943200041,0.17376534287144,8.028781162487148,1.9991152142115904,False,False,False,True,False,False
6.513833199933685,72.41379310344827,0,0,0,0,0,0,0,1.4820485755998218,7.5740450053721995,9.14594022971754,3.9512437185814275,0.35486006931871084,0.5216821019387721,8.174702882469461,2.0644946046636603,False,False,False,False,False,True
5.60043986026233,60.0,0,0,0,0,0,0,0,0.8886641126398388,5.66988092298052,6.344274272082252,0.6931471805599453,0.35486006931871084,0.12225074740997816,7.691200097522863,1.9906184714459416,True,False,False,False,False,False
6.604842707205482,80.0,0,0,0,0,0,0,0,2.3417536978725795,6.580639137284949,9.94521695986674,1.9459101490553132,1.4588691738658113,0.29570230314409246,8.028781162487148,1.9991152142115904,False,False,False,True,False,False
6.915455099061244,76.31578947368422,0,0,0,0,0,0,0,0.8886641126398388,8.197263371414335,10.403532842692423,0.6931471805599453,1.85315813977549,0.08455836407271021,7.691200097522863,1.9906184714459416,True,False,False,False,False,False
6.971057475358263,64.86486486486487,0,0,0,0,0,0,0,0.3777770878979938,7.53955882930103,10.356587115052747,2.6390573296152584,0.9068646215922611,0.35002808378642464,8.174702882469461,2.0644946046636603,False,False,False,False,False,True
6.991318746851372,84.95575221238938,0,0,0,0,0,0,0,0.8886641126398388,7.709756864454165,10.841725769230989,0.6931471805599453,1.6165847602296828,0.0899051932176617,7.691200097522863,1.9906184714459416,True,False,False,False,False,False
6.799447922681467,83.33333333333334,0,0,0,0,0,0,0,0.8886641126398388,10.46478763553565,10.401419368506971,0.6931471805599453,2.0503026227303294,0.06623614398119278,7.691200097522863,1.9906184714459416,True,False,False,False,False,False
6.600169481894902,75.4054054054054,0,0,0,0,0,0,0,0.9078461025802542,8.9939241414114,10.138384407426036,0.6931471805599453,0.7491490352283896,0.07706838190556174,6.104793232414985,1.8852953146630171,False,True,False,False,False,False
6.896685115474326,0.0,0,0,0,0,0,0,0,0.34871731190584043,10.514013704407736,10.831133076718302,2.5649493574615367,0.4337178625006466,0.24395529904875873,8.174702882469461,2.0644946046636603,False,False,False,False,False,True
6.195191110040243,66.20689655172414,0,0,0,0,0,0,0,0.7805845659575266,8.246433786160365,7.8686083776014435,1.0986122886681098,0.31543117272774296,0.13322271386109516,8.028781162487148,1.9991152142115904,False,False,False,True,False,False
6.195191110040243,66.66666666666666,0,0,0,0,0,0,0,1.1708768489362897,6.543911845564792,7.8686083776014435,1.3862943611198906,1.2617246909109718,0.21184490161790104,8.028781162487148,1.9991152142115904,False,False,False,True,False,False
5.879225467208256,85.41666666666666,0,0,0,0,0,0,0,0.9078461025802542,6.655440350367647,8.024343613012375,0.6931471805599453,0.5520045522735503,0.1041474559262868,6.104793232414985,1.8852953146630171,False,True,False,False,False,False
6.195191110040243,68.90243902439023,0,0,0,0,0,0,0,0.7805845659575266,8.533656917446903,7.8686083776014435,1.0986122886681098,0.5914334488645181,0.12873874580333988,8.028781162487148,1.9991152142115904,False,False,False,True,False,False
5.879225467208256,100.0,0,0,0,0,0,0,0,0.9078461025802542,4.07753744390572,8.024343613012375,0.6931471805599453,1.9320159329574258,0.169991616286914,6.104793232414985,1.8852953146630171,False,True,False,False,False,False
6.490336269696487,50.0,0,0,0,0,0,0,0,0.8886641126398388,6.255750041753367,8.81811505604364,0.6931471805599453,0.9462935181832289,0.11080161066756264,7.691200097522863,1.9906184714459416,True,False,False,False,False,False
6.5264781364721145,65.625,0,0,0,0,0,0,0,1.2786301436547483,6.380122536899765,9.749668000859836,3.8066624897703196,1.6165847602296828,0.5966441032682824,8.174702882469461,2.0644946046636603,False,False,False,False,False,True
6.56187974819794,77.3851590106007,0,0,0,0,0,0,0,0.3777770878979938,9.163353580751846,9.57868430625752,2.6390573296152584,1.1828668977290362,0.28800125481993305,8.174702882469461,2.0644946046636603,False,False,False,False,False,True
6.693995382256044,81.31868131868131,0,0,0,0,0,0,0,0.38249375632476623,8.691314551644853,10.119584371094923,0.6931471805599453,1.1828668977290362,0.0797517080346339,7.360739903058278,2.0186487050933315,False,False,False,False,True,False
6.726881389735055,0.0,0,0,0,0,0,0,0,0.3902922829787633,4.189654742026425,9.920300326844044,0.6931471805599453,1.0251513113651647,0.16544255391905832,8.028781162487148,1.9991152142115904,False,False,False,True,False,False
6.48976219033308,69.49152542372882,0,0,0,0,0,0,0,1.529975025299065,8.03398273468322,9.485106768895054,1.6094379124341003,1.7743003465935543,0.20032877410677685,7.360739903058278,2.0186487050933315,False,False,False,False,True,False
6.952284532351359,64.04494382022472,0,0,0,0,0,0,0,0.3902922829787633,8.433159195806228,10.243275224497767,0.6931471805599453,1.7743003465935543,0.08219306246520809,8.028781162487148,1.9991152142115904,False,False,False,True,False,False
6.751585809121671,66.66666666666666,0,0,0,0,0,0,0,0.7649875126495325,4.927253685157205,9.88965981250502,1.0986122886681098,1.2222957943200041,0.22296645532531745,7.360739903058278,2.0186487050933315,False,False,False,False,True,False
5.7918085106382975,0.0,0,0,0,0,0,0,0,0.8886641126398388,4.2626798770413155,7.751630876729169,0.6931471805599453,1.3405824840929077,0.16260831227163414,7.691200097522863,1.9906184714459416,True,False,False,False,False,False
6.662210655278485,33.33333333333333,0,0,0,0,0,0,0,0.8886641126398388,5.648974238161206,10.107421031942684,0.6931471805599453,0.9462935181832289,0.12270319377232125,7.691200097522863,1.9906184714459416,True,False,False,False,False,False
6.713574543648345,0.0,0,0,0,0,0,0,0,2.294962537948597,8.226038429485484,10.745438624546255,1.9459101490553132,0.9857224147741969,0.23655495482252742,7.360739903058278,2.0186487050933315,False,False,False,False,True,False
6.22747829422649,87.5,0,0,0,0,0,0,0,0.13788144168663172,5.902633333401366,8.715280860702519,0.6931471805599453,2.3657337954580724,0.11743016064332126,6.415096959171596,1.8969222823803258,False,False,True,False,False,False
6.756379223895332,70.93023255813954,0,0,0,0,0,0,0,0.8886641126398388,7.796057974316123,10.120073395422493,0.6931471805599453,2.0108737261393617,0.08890995716598026,7.691200097522863,1.9906184714459416,True,False,False,False,False,False
6.541468868858304,74.17308563661078,0,0,0,0,0,0,0,0.3902922829787633,10.959679347542483,10.593575590573387,0.6931471805599453,1.1434380011380683,0.06324520623090779,8.028781162487148,1.9991152142115904,False,False,False,True,False,False
6.5264888547538815,33.33333333333333,0,0,0,0,0,0,0,0.8886641126398388,4.553876891600541,9.75745455496221,0.6931471805599453,1.0251513113651647,0.15221034671324338,7.691200097522863,1.9906184714459416,True,False,False,False,False,False
6.699663961399586,83.23057953144266,0,0,0,0,0,0,0,0.3777770878979938,10.122221395361638,10.499972616669565,2.6390573296152584,0.8674357250012932,0.26071918668214156,8.174702882469461,2.0644946046636603,False,False,False,False,False,True
6.838324248387183,84.5626975763962,0,0,0,0,0,0,0,0.34871731190584043,12.041899407241397,10.341702695738249,2.5649493574615367,0.7885779318193574,0.21300205812374617,8.174702882469461,2.0644946046636603,False,False,False,False,False,True
5.879225467208256,100.0,0,0,0,0,0,0,0,0.9078461025802542,4.700480365792417,8.024343613012375,0.6931471805599453,0.3942889659096787,0.14746305199023912,6.104793232414985,1.8852953146630171,False,True,False,False,False,False
6.891177866809663,83.98681207202637,0,0,0,0,0,0,0,0.7264943998038342,13.277354846526327,10.561342722751471,3.258096538021482,0.5520045522735503,0.24538747180308115,8.174702882469461,2.0644946046636603,False,False,False,False,False,True
6.885625457752329,83.82899628252788,0,0,0,0,0,0,0,0.2615379839293803,11.141165889327235,10.465425245378393,2.302585092994046,0.11828668977290362,0.20667362068451245,8.174702882469461,2.0644946046636603,False,False,False,False,False,True
6.651400643424755,0.0,0,0,0,0,0,0,0,0.8886641126398388,5.332718793265369,10.091938442844839,0.6931471805599453,1.9320159329574258,0.12998007347308715,7.691200097522863,1.9906184714459416,True,False,False,False,False,False
6.230078157949449,0.0,0,0,0,0,0,0,0,0.8886641126398388,4.77912349311153,10.121201552091403,0.6931471805599453,1.6560136568206507,0.14503646569481302,7.691200097522863,1.9906184714459416,True,False,False,False,False,False
6.896685115474326,81.39004149377594,0,0,0,0,0,0,0,0.34871731190584043,11.703595410126354,10.831133076718302,2.5649493574615367,0.9857224147741969,0.21915909321696597,8.174702882469461,2.0644946046636603,False,False,False,False,False,True
6.7558403505266265,77.32426303854876,0,0,0,0,0,0,0,0.7805845659575266,9.633645398212678,10.180913678684755,1.0986122886681098,0.6702912420464539,0.1140391039171874,8.028781162487148,1.9991152142115904,False,False,False,True,False,False
6.617297955430384,73.74005305039788,0,0,0,0,0,0,0,0.38249375632476623,10.89129862581914,10.232990981747701,0.6931471805599453,0.7885779318193574,0.06364228953531365,7.360739903058278,2.0186487050933315,False,False,False,False,True,False
6.700879135513685,79.47214076246334,0,0,0,0,0,0,0,3.631384410321017,8.802522498284421,10.007500075515823,1.6094379124341003,0.5125756556825823,0.18283826173097242,6.104793232414985,1.8852953146630171,False,True,False,False,False,False
6.817531173385809,79.41176470588235,0,0,0,0,0,0,0,0.38249375632476623,7.920446505142607,10.447580971721933,0.6931471805599453,1.3011535875019398,0.0875136496547129,7.360739903058278,2.0186487050933315,False,False,False,False,True,False
6.638243832197137,0.0,0,0,0,0,0,0,0,2.0923038714350426,4.709530201312334,10.118310337677755,4.290459441148391,0.5914334488645181,0.911016440653217,8.174702882469461,2.0644946046636603,False,False,False,False,False,True
6.195191110040243,73.17073170731707,0,0,0,0,0,0,0,1.5611691319150531,8.106816038947052,7.8686083776014435,1.6094379124341003,1.3800113806838756,0.19852897915802972,8.028781162487148,1.9991152142115904,False,False,False,True,False,False
6.821165935114889,69.6078431372549,0,0,0,0,0,0,0,0.8886641126398388,7.952615111651,10.264410740747657,0.6931471805599453,3.0754539340954943,0.08715965387843908,7.691200097522863,1.9906184714459416,True,False,False,False,False,False
6.954841079766507,85.51919393787992,0,0,0,0,0,0,0,0.7555541757959876,12.792455547840676,11.042270683409228,3.295836866004329,0.9857224147741969,0.25763911030831416,8.174702882469461,2.0644946046636603,False,False,False,False,False,True
6.721357126733849,82.96703296703298,0,0,0,0,0,0,0,0.3902922829787633,8.253748343328501,10.18364621482724,0.6931471805599453,1.5377269670477471,0.08397968434792608,8.028781162487148,1.9991152142115904,False,False,False,True,False,False
6.548792989998894,0.0,0,0,0,0,0,0,0,0.3902922829787633,3.828641396489095,9.223228522439266,0.6931471805599453,0.5520045522735503,0.1810425967800402,8.028781162487148,1.9991152142115904,False,False,False,True,False,False
6.836389593533809,82.50203307129304,0,0,0,0,0,0,0,0.3777770878979938,12.166395828377276,10.700608520237367,2.6390573296152584,0.4337178625006466,0.21691365025785533,8.174702882469461,2.0644946046636603,False,False,False,False,False,True
6.857628367942673,78.63247863247864,0,0,0,0,0,0,0,0.7555541757959876,9.137124309644923,10.10315166167071,3.295836866004329,0.5125756556825823,0.36070833167119387,8.174702882469461,2.0644946046636603,False,False,False,False,False,True
6.490336269696487,0.0,0,0,0,0,0,0,0,0.3902922829787633,4.2626798770413155,8.81811505604364,0.6931471805599453,0.4337178625006466,0.16260831227163414,8.028781162487148,1.9991152142115904,False,False,False,True,False,False
6.755039400968009,76.60550458715596,0,0,0,0,0,0,0,0.34871731190584043,9.381600981410713,10.247191551804496,2.5649493574615367,0.35486006931871084,0.27340209443397634,8.174702882469461,2.0644946046636603,False,False,False,False,False,True
6.756227895933027,0.0,0,0,0,0,0,0,0,1.1708768489362897,5.54907608489522,10.349408405040002,1.3862943611198906,1.3405824840929077,0.24982435632725103,8.028781162487148,1.9991152142115904,False,False,False,True,False,False
6.604842707205482,66.66666666666666,0,0,0,0,0,0,0,1.5166958585529489,6.0473721790462776,9.94521695986674,2.4849066497880004,1.1040091045471006,0.41090684949043293,6.415096959171596,1.8969222823803258,False,False,True,False,False,False
6.877545578079942,0.0,0,0,0,0,0,0,0,0.7649875126495325,4.897839799950911,10.075857295501327,1.0986122886681098,1.1434380011380683,0.2243054761977149,7.360739903058278,2.0186487050933315,False,False,False,False,True,False
6.694849741824683,80.0,0,0,0,0,0,0,0,0.7555541757959876,7.170888478512505,9.72387854305561,3.295836866004329,0.3942889659096787,0.45961346015633503,8.174702882469461,2.0644946046636603,False,False,False,False,False,True
6.195191110040243,68.75,0,0,0,0,0,0,0,1.5611691319150531,8.716371865276615,7.8686083776014435,1.6094379124341003,1.7348714500025864,0.18464539344008638,8.028781162487148,1.9991152142115904,False,False,False,True,False,False
6.72258613857229,71.7948717948718,0,0,0,0,0,0,0,0.13788144168663172,8.604471199523298,9.951689839019014,0.6931471805599453,1.6954425534116186,0.08055662741928253,6.415096959171596,1.8969222823803258,False,False,True,False,False,False
6.698341270674539,61.53846153846154,0,0,0,0,0,0,0,0.8886641126398388,6.208590026096629,9.91018054248344,0.6931471805599453,1.3011535875019398,0.11164325195357283,7.691200097522863,1.9906184714459416,True,False,False,False,False,False
6.819139379998141,79.99504214179474,0,0,0,0,0,0,0,0.3902922829787633,11.253014189463805,10.531569242877005,0.6931471805599453,1.6954425534116186,0.06159657927108444,8.028781162487148,1.9991152142115904,False,False,False,True,False,False
6.865487846325214,82.71129472726,0,0,0,0,0,0,0,0.3777770878979938,12.756587142076393,10.583928086616385,2.6390573296152584,0.6308623454554859,0.20687800743433782,8.174702882469461,2.0644946046636603,False,False,False,False,False,True
6.911323279215214,75.86206896551724,0,0,0,0,0,0,0,0.7805845659575266,7.409741954080923,10.374308589191697,1.0986122886681098,0.3942889659096787,0.14826593091585974,8.028781162487148,1.9991152142115904,False,False,False,True,False,False
6.265461606140655,51.11111111111111,0,0,0,0,0,0,0,3.05995005059813,7.266128779556451,9.321531227117486,2.1972245773362196,1.4194402772748433,0.30239273814114065,7.360739903058278,2.0186487050933315,False,False,False,False,True,False
6.677693639525605,57.14285714285714,0,0,0,0,0,0,0,0.8886641126398388,6.558197802812269,9.328032216867232,0.6931471805599453,1.1040091045471006,0.10569171613925883,7.691200097522863,1.9906184714459416,True,False,False,False,False,False
6.841823567202082,0.0,0,0,0,0,0,0,0,0.38249375632476623,5.214935757608986,10.046351784066408,0.6931471805599453,1.0645802079561326,0.13291576594181262,7.360739903058278,2.0186487050933315,False,False,False,False,True,False
5.7918085106382975,0.0,0,0,0,0,0,0,0,0.6974346238116809,4.51085950651685,7.751630876729169,3.2188758248682006,1.2617246909109718,0.7135837017796459,8.174702882469461,2.0644946046636603,False,False,False,False,False,True
6.872724838781157,74.53443048938935,0,0,0,0,0,0,0,0.8886641126398388,10.595308854507401,10.448627319059822,0.6931471805599453,1.4588691738658113,0.0654201958695211,7.691200097522863,1.9906184714459416,True,False,False,False,False,False
6.844614966234576,69.91485335856197,0,0,0,0,0,0,0,0.38249375632476623,10.083222433433315,10.253585385671725,0.6931471805599453,1.3800113806838756,0.06874262520101228,7.360739903058278,2.0186487050933315,False,False,False,False,True,False
6.892501368430791,73.49554638279383,0,0,0,0,0,0,0,0.8886641126398388,11.332793509249266,10.447361224082172,0.6931471805599453,2.089731519321297,0.061162958629241135,7.691200097522863,1.9906184714459416,True,False,False,False,False,False
6.195191110040243,57.14285714285714,0,0,0,0,0,0,0,0.3902922829787633,6.75110146893676,7.8686083776014435,0.6931471805599453,0.9462935181832289,0.10267171716337867,8.028781162487148,1.9991152142115904,False,False,False,True,False,False
6.693326586706275,63.95348837209303,0,0,0,0,0,0,0,1.529975025299065,9.34145634983372,10.111824298263715,1.6094379124341003,2.8388805545496867,0.1722898284979674,7.360739903058278,2.0186487050933315,False,False,False,False,True,False
6.799794973458771,78.54166666666667,0,0,0,0,0,0,0,0.3777770878979938,11.194000372778516,10.332780099165094,2.6390573296152584,0.6308623454554859,0.23575640894500036,8.174702882469461,2.0644946046636603,False,False,False,False,False,True
6.899387799034847,84.99249624812406,0,0,0,0,0,0,0,0.8886641126398388,10.976662367940685,10.40425740176229,0.6931471805599453,0.47314675909161447,0.06314735366047207,7.691200097522863,1.9906184714459416,True,False,False,False,False,False
5.558589488847307,61.53846153846154,0,0,0,0,0,0,0,0.3902922829787633,6.620073206530356,5.858417164315927,0.6931471805599453,3.9034607625058193,0.10470385431330152,8.028781162487148,1.9991152142115904,False,False,False,True,False,False
6.106210567052468,86.36363636363636,0,0,0,0,0,0,0,0.3902922829787633,7.767263996757308,10.427792075670013,0.6931471805599453,0.7885779318193574,0.0892395547324414,8.028781162487148,1.9991152142115904,False,False,False,True,False,False
6.66391737475365,70.49180327868852,0,0,0,0,0,0,0,0.7805845659575266,8.384804003370492,9.799753131264394,1.0986122886681098,1.4588691738658113,0.13102420619808092,8.028781162487148,1.9991152142115904,False,False,False,True,False,False
6.490336269696487,0.0,0,0,0,0,0,0,0,0.8886641126398388,3.9889840465642745,8.81811505604364,0.6931471805599453,1.0251513113651647,0.17376534287144,7.691200097522863,1.9906184714459416,True,False,False,False,False,False
6.83367590781581,72.22222222222221,0,0,0,0,0,0,0,0.38249375632476623,7.639642287858013,9.992053608710764,0.6931471805599453,2.4445915886400083,0.09073031883463858,7.360739903058278,2.0186487050933315,False,False,False,False,True,False
5.558589488847307,100.0,0,0,0,0,0,0,0,0.8886641126398388,4.74493212836325,5.858417164315927,0.6931471805599453,0.47314675909161447,0.14608157963242444,7.691200097522863,1.9906184714459416,True,False,False,False,False,False
6.815755293870396,73.07692307692307,0,0,0,0,0,0,0,0.34871731190584043,9.995838813600315,10.27114132063292,2.5649493574615367,0.4337178625006466,0.2566017125017735,8.174702882469461,2.0644946046636603,False,False,False,False,False,True
6.873241177866149,85.71428571428571,0,0,0,0,0,0,0,1.4529887996076685,6.546785410760524,10.285723103275016,3.9318256327243257,0.5520045522735503,0.6005734701891772,8.174702882469461,2.0644946046636603,False,False,False,False,False,True
6.8734559789429275,81.27100519401161,0,0,0,0,0,0,0,0.3777770878979938,11.52551587210952,10.6830431964099,2.6390573296152584,1.1828668977290362,0.22897520240299932,8.174702882469461,2.0644946046636603,False,False,False,False,False,True
6.2680555955337915,100.0,0,0,0,0,0,0,0,0.9078461025802542,4.110873864173311,9.017138872834964,0.6931471805599453,0.23657337954580723,0.1686130986895011,6.104793232414985,1.8852953146630171,False,True,False,False,False,False
6.796919367664303,0.0,0,0,0,0,0,0,0,0.38249375632476623,5.501258210544727,10.284288198320679,0.6931471805599453,1.0251513113651647,0.12599793611420226,7.360739903058278,2.0186487050933315,False,False,False,False,True,False
6.5004185244497705,73.15436241610739,0,0,0,0,0,0,0,1.930340183612844,9.044639916198465,9.91128039696677,2.70805020110221,1.85315813977549,0.2994093989581871,6.415096959171596,1.8969222823803258,False,False,True,False,False,False
6.763733621280342,76.47058823529412,0,0,0,0,0,0,0,0.3902922829787633,6.4692503167957724,10.243537074503857,0.6931471805599453,1.3800113806838756,0.10714490035427504,8.028781162487148,1.9991152142115904,False,False,False,True,False,False
6.289007148338809,0.0,0,0,0,0,0,0,0,0.8886641126398388,4.454347296253507,7.921587131345857,0.6931471805599453,2.089731519321297,0.15561139140249397,7.691200097522863,1.9906184714459416,True,False,False,False,False,False
6.84562728399871,87.10304349516072,0,0,0,0,0,0,0,0.7264943998038342,13.48025038649523,10.404709837285878,3.258096538021482,1.2222957943200041,0.2416940668465257,8.174702882469461,2.0644946046636603,False,False,False,False,False,True
6.865349700381785,81.25211505922167,0,0,0,0,0,0,0,0.7555541757959876,11.287491793331135,10.885824135729202,3.295836866004329,0.9462935181832289,0.2919901893484939,8.174702882469461,2.0644946046636603,False,False,False,False,False,True
6.830019888854456,81.29139072847681,0,0,0,0,0,0,0,0.3902922829787633,10.466554521147781,10.535699056276355,0.6931471805599453,2.3657337954580724,0.06622496248975097,8.028781162487148,1.9991152142115904,False,False,False,True,False,False
6.814882238275165,81.94166999600479,0,0,0,0,0,0,0,0.34871731190584043,12.052064455550754,10.506362816413247,2.5649493574615367,0.6702912420464539,0.21282240622935034,8.174702882469461,2.0644946046636603,False,False,False,False,False,True
4.9263479368027125,66.66666666666666,0,0,0,0,0,0,0,0.8886641126398388,4.59511985013459,8.362349991150289,0.6931471805599453,0.19714448295483936,0.15084420062289414,7.691200097522863,1.9906184714459416,True,False,False,False,False,False
6.888691304282265,0.0,0,0,0,0,0,0,0,0.8886641126398388,4.51085950651685,10.342819497535155,0.6931471805599453,2.168589312503233,0.15366188628986424,7.691200097522863,1.9906184714459416,True,False,False,False,False,False
6.855149010949878,79.12474849094568,0,0,0,0,0,0,0,0.7555541757959876,10.776515814350669,10.567472368976981,3.295836866004329,0.31543117272774296,0.3058351068919131,8.174702882469461,2.0644946046636603,False,False,False,False,False,True
6.195191110040243,50.0,0,0,0,0,0,0,0,0.3902922829787633,5.3230099791384085,7.8686083776014435,0.6931471805599453,1.2222957943200041,0.13021714843227464,8.028781162487148,1.9991152142115904,False,False,False,True,False,False
5.60043986026233,100.0,0,0,0,0,0,0,0,0.13788144168663172,3.9512437185814275,6.344274272082252,0.6931471805599453,0.8280068284103254,0.1754250635819545,6.415096959171596,1.8969222823803258,False,False,True,False,False,False
6.763243699567829,58.47457627118644,0,0,0,0,0,0,0,0.38249375632476623,8.518392471991719,10.406479989168322,0.6931471805599453,3.1543117272774297,0.08137065565351649,7.360739903058278,2.0186487050933315,False,False,False,False,True,False
6.7921340428944,81.86582809224319,0,0,0,0,0,0,0,2.3417536978725795,10.580962563701778,10.36953170501716,1.9459101490553132,0.5914334488645181,0.18390672279011744,8.028781162487148,1.9991152142115904,False,False,False,True,False,False
6.404558063366416,0.0,0,0,0,0,0,0,0,0.35959152870240046,6.418364935936212,9.379748010333367,2.5933276030091386,0.7097201386374217,0.40404801361312187,8.174702882469461,2.0644946046636603,False,False,False,False,False,True
6.882950006587168,0.0,0,0,0,0,0,0,0,0.35959152870240046,6.222576268071369,10.64959869561522,2.5933276030091386,0.5520045522735503,0.4167610795412423,8.174702882469461,2.0644946046636603,False,False,False,False,False,True
6.728879252982257,80.80000000000001,0,0,0,0,0,0,0,0.7649875126495325,9.55810574328497,10.092995148114731,1.0986122886681098,2.208018209094201,0.11494037816435937,7.360739903058278,2.0186487050933315,False,False,False,False,True,False
6.821827589491823,0.0,0,0,0,0,0,0,0,0.8886641126398388,8.90571557879409,10.31838916491048,0.6931471805599453,1.4194402772748433,0.07783172215946776,7.691200097522863,1.9906184714459416,True,False,False,False,False,False
6.494012152354782,83.33333333333334,0,0,0,0,0,0,0,0.9078461025802542,6.964135612418245,10.003184523854106,0.6931471805599453,0.3942889659096787,0.09953097112640158,6.104793232414985,1.8852953146630171,False,True,False,False,False,False
6.77343606745359,81.78010471204189,0,0,0,0,0,0,0,1.4529887996076685,10.273670846499652,9.908836359785393,3.9318256327243257,0.9068646215922611,0.38270893543994944,8.174702882469461,2.0644946046636603,False,False,False,False,False,True
6.624551706647431,0.0,0,0,0,0,0,0,0,0.3902922829787633,3.6635616461296463,9.714919592288245,0.6931471805599453,0.9068646215922611,0.18920035951687003,8.028781162487148,1.9991152142115904,False,False,False,True,False,False
6.661310512963811,82.93010752688173,0,0,0,0,0,0,0,0.4136443250598951,9.629313830109139,9.769621419046755,1.3862943611198906,1.6165847602296828,0.14396605880526986,6.415096959171596,1.8969222823803258,False,False,True,False,False,False
6.210994540743939,74.79338842975206,0,0,0,0,0,0,0,0.38249375632476623,8.644178203170727,9.75771043532434,0.6931471805599453,1.8137292431845222,0.080186590820825,7.360739903058278,2.0186487050933315,False,False,False,False,True,False
6.844966920920479,42.857142857142854,0,0,0,0,0,0,0,0.8886641126398388,6.003887067106539,10.391377213232943,0.6931471805599453,1.3405824840929077,0.11544973661438215,7.691200097522863,1.9906184714459416,True,False,False,False,False,False
6.921729320968481,77.5,0,0,0,0,0,0,0,1.1333312636939814,7.117205503164344,10.269809928149861,3.6888794541139363,0.47314675909161447,0.5183044739222217,8.174702882469461,2.0644946046636603,False,False,False,False,False,True
6.87428735470253,0.0,0,0,0,0,0,0,0,1.4529887996076685,4.74493212836325,10.502045906032773,3.9318256327243257,0.47314675909161447,0.8286368543021915,8.174702882469461,2.0644946046636603,False,False,False,False,False,True
6.195191110040243,0.0,0,0,0,0,0,0,0,4.829555421039003,7.564238475170491,7.8686083776014435,2.5933276030091386,0.7097201386374217,0.3428405399329623,8.028781162487148,1.9991152142115904,False,False,False,True,False,False
6.7344953614002465,60.0,0,0,0,0,0,0,0,1.7773282252796776,6.7580945044277305,10.169792383868204,1.0986122886681098,1.7743003465935543,0.16256243353038746,7.691200097522863,1.9906184714459416,True,False,False,False,False,False
6.677693639525605,50.0,0,0,0,0,0,0,0,0.3902922829787633,6.35088571671474,9.328032216867232,0.6931471805599453,0.6308623454554859,0.10914181288692824,8.028781162487148,1.9991152142115904,False,False,False,True,False,False
6.938913483987658,73.0,0,0,0,0,0,0,0,0.7805845659575266,7.75190533307861,10.593717784496889,1.0986122886681098,0.5520045522735503,0.14172158217414715,8.028781162487148,1.9991152142115904,False,False,False,True,False,False
6.806214276498884,80.51341890315052,0,0,0,0,0,0,0,0.3777770878979938,10.884066774292645,10.5645752952158,2.6390573296152584,0.35486006931871084,0.24246978490140425,8.174702882469461,2.0644946046636603,False,False,False,False,False,True
6.195191110040243,61.19402985074627,0,0,0,0,0,0,0,0.7805845659575266,7.802618063442671,7.8686083776014435,1.0986122886681098,0.4337178625006466,0.14080046975711893,8.028781162487148,1.9991152142115904,False,False,False,True,False,False
6.5970797128209036,75.60975609756098,0,0,0,0,0,0,0,0.23247820793722695,8.235625719964311,10.305502616439773,2.1972245773362196,0.5125756556825823,0.2667950987633932,8.174702882469461,2.0644946046636603,False,False,False,False,False,True
6.20715799971213,76.47058823529412,0,0,0,0,0,0,0,0.13788144168663172,7.252053951852814,9.847465822742766,0.6931471805599453,0.4337178625006466,0.09557942965700832,6.415096959171596,1.8969222823803258,False,False,True,False,False,False
6.783619360794246,50.0,0,0,0,0,0,0,0,0.6974346238116809,7.323170717943469,10.170421020106753,3.2188758248682006,0.4337178625006466,0.4395467412744055,8.174702882469461,2.0644946046636603,False,False,False,False,False,True
6.788310729601363,66.66666666666666,0,0,0,0,0,0,0,0.8886641126398388,7.480992162869525,9.914078482087426,0.6931471805599453,1.4588691738658113,0.09265444548922921,7.691200097522863,1.9906184714459416,True,False,False,False,False,False
6.911084028706297,0.0,0,0,0,0,0,0,0,0.9880323837332146,4.59511985013459,10.465199592964037,3.5553480614894135,1.0251513113651647,0.7737225964596502,8.174702882469461,2.0644946046636603,False,False,False,False,False,True
6.815470928920611,74.24242424242425,0,0,0,0,0,0,0,0.8886641126398388,9.237760967552175,9.992753584719262,0.6931471805599453,0.9462935181832289,0.07503411086243074,7.691200097522863,1.9906184714459416,True,False,False,False,False,False
6.5004185244497705,0.0,0,0,0,0,0,0,0,3.447036042165793,3.4657359027997265,9.91128039696677,3.258096538021482,3.1543117272774297,0.9400879436282185,6.415096959171596,1.8969222823803258,False,False,True,False,False,False
6.823146793508421,85.0,0,0,0,0,0,0,0,0.8886641126398388,8.404696160189092,10.27120685262779,0.6931471805599453,1.7348714500025864,0.08247141447458949,7.691200097522863,1.9906184714459416,True,False,False,False,False,False
6.879084084752576,84.38825725436959,0,0,0,0,0,0,0,0.7555541757959876,12.178146310089332,10.231171624929045,3.295836866004329,1.5377269670477471,0.2706353481131853,8.174702882469461,2.0644946046636603,False,False,False,False,False,True
6.542958467678293,50.0,0,0,0,0,0,0,0,1.5111083515919752,5.855071922202427,9.733494725610756,3.970291913552122,1.2617246909109718,0.6780944736983979,8.174702882469461,2.0644946046636603,False,False,False,False,False,True
6.638243832197137,82.75862068965517,0,0,0,0,0,0,0,1.1708768489362897,6.852242569051878,10.118310337677755,1.3862943611198906,0.6702912420464539,0.20231250530754452,8.028781162487148,1.9991152142115904,False,False,False,True,False,False
6.5970797128209036,74.95219885277247,0,0,0,0,0,0,0,2.294962537948597,9.352620879232953,10.305502616439773,1.9459101490553132,1.1040091045471006,0.20806041153406674,7.360739903058278,2.0186487050933315,False,False,False,False,True,False
7.0048709212950975,78.89125799573561,0,0,0,0,0,0,0,0.38249375632476623,9.608579434992608,10.651416659559613,0.6931471805599453,1.7348714500025864,0.07213836189308441,7.360739903058278,2.0186487050933315,False,False,False,False,True,False
6.289007148338809,66.66666666666666,0,0,0,0,0,0,0,0.8886641126398388,5.37989735354046,7.921587131345857,0.6931471805599453,0.7491490352283896,0.1288402240804449,7.691200097522863,1.9906184714459416,True,False,False,False,False,False
6.800166494369348,0.0,0,0,0,0,0,0,0,0.3902922829787633,4.343805421853684,10.407158941641097,0.6931471805599453,1.7348714500025864,0.15957141566993815,8.028781162487148,1.9991152142115904,False,False,False,True,False,False
6.743076983988833,0.0,0,0,0,0,0,0,0,1.5111083515919752,6.210600077024653,10.083961340239952,3.970291913552122,1.7348714500025864,0.63927669859789,8.174702882469461,2.0644946046636603,False,False,False,False,False,True
6.195191110040243,62.5,0,0,0,0,0,0,0,0.7805845659575266,5.902633333401366,7.8686083776014435,1.0986122886681098,0.9462935181832289,0.1861224010733256,8.028781162487148,1.9991152142115904,False,False,False,True,False,False
6.819139379998141,78.10361681329422,0,0,0,0,0,0,0,0.3902922829787633,9.841399360222706,10.531569242877005,0.6931471805599453,2.2868760022761365,0.07043177044125763,8.028781162487148,1.9991152142115904,False,False,False,True,False,False
6.289007148338809,80.85106382978722,0,0,0,0,0,0,0,0.8886641126398388,7.289610521451167,7.921587131345857,0.6931471805599453,0.5520045522735503,0.09508699792948035,7.691200097522863,1.9906184714459416,True,False,False,False,False,False
6.769866626233298,0.0,0,0,0,0,0,0,0,1.3948692476233617,5.455321115357702,10.283514579558773,3.8918202981106265,0.7885779318193574,0.7133989394601279,8.174702882469461,2.0644946046636603,False,False,False,False,False,True
6.754818962416433,78.54889589905363,0,0,0,0,0,0,0,0.38249375632476623,9.60871372627059,10.53249559764114,0.6931471805599453,1.4194402772748433,0.0721373536881273,7.360739903058278,2.0186487050933315,False,False,False,False,True,False
6.195191110040243,0.0,0,0,0,0,0,0,0,4.829555421039003,7.129297548929373,7.8686083776014435,2.5933276030091386,1.4194402772748433,0.3637563988893388,8.028781162487148,1.9991152142115904,False,False,False,True,False,False
6.883127654709747,80.7753164556962,0,0,0,0,0,0,0,0.34871731190584043,10.303538027942794,10.183411710770256,2.5649493574615367,0.7491490352283896,0.2489386995520853,8.174702882469461,2.0644946046636603,False,False,False,False,False,True
6.90376052578994,74.4186046511628,0,0,0,0,0,0,0,0.3902922829787633,7.538494999413465,10.38555842312506,0.6931471805599453,0.8280068284103254,0.09194768725241256,8.028781162487148,1.9991152142115904,False,False,False,True,False,False
6.95777145434074,83.02961275626424,0,0,0,0,0,0,0,0.6974346238116809,10.082971754509922,10.399231612434287,3.2188758248682006,0.6308623454554859,0.31923880213474354,8.174702882469461,2.0644946046636603,False,False,False,False,False,True
6.677693639525605,60.0,0,0,0,0,0,0,0,1.1333312636939814,5.993961427306569,9.328032216867232,3.6888794541139363,0.47314675909161447,0.615432631466159,8.174702882469461,2.0644946046636603,False,False,False,False,False,True
6.439627965757445,76.19047619047619,0,0,0,0,0,0,0,0.3777770878979938,9.398063978059133,9.894579744052168,2.6390573296152584,1.2617246909109718,0.28080861502714205,8.174702882469461,2.0644946046636603,False,False,False,False,False,True
6.720957829416256,75.0,0,0,0,0,0,0,0,0.3902922829787633,5.652489180268651,10.466581729973147,0.6931471805599453,0.23657337954580723,0.12262689205660744,8.028781162487148,1.9991152142115904,False,False,False,True,False,False
6.541380536432849,80.0,0,0,0,0,0,0,0,0.8886641126398388,5.8522024797744745,9.795191746103242,0.6931471805599453,0.5125756556825823,0.11844210499474328,7.691200097522863,1.9906184714459416,True,False,False,False,False,False
6.635431799966208,76.26339969372128,0,0,0,0,0,0,0,0.3902922829787633,9.39182824802156,9.854010578723463,0.6931471805599453,1.5377269670477471,0.07380322150865148,8.028781162487148,1.9991152142115904,False,False,False,True,False,False
6.7619521463177374,73.33333333333333,0,0,0,0,0,0,0,1.4529887996076685,7.325807502595773,10.014021699933847,3.9318256327243257,0.8280068284103254,0.5367088380811469,8.174702882469461,2.0644946046636603,False,False,False,False,False,True
6.726881389735055,0.0,0,0,0,0,0,0,0,0.35959152870240046,4.672828834461906,9.920300326844044,2.5933276030091386,1.1434380011380683,0.5549802260856341,8.174702882469461,2.0644946046636603,False,False,False,False,False,True
6.468372592093842,80.0,0,0,0,0,0,0,0,0.3902922829787633,5.988961416889864,9.533994132566862,0.6931471805599453,1.1828668977290362,0.11573745968794445,8.028781162487148,1.9991152142115904,False,False,False,True,False,False
6.756379223895332,0.0,0,0,0,0,0,0,0,0.38249375632476623,5.030437921392435,10.120073395422493,0.6931471805599453,2.089731519321297,0.13779062407514628,7.360739903058278,2.0186487050933315,False,False,False,False,True,False
6.775096449530265,0.0,0,0,0,0,0,0,0,2.3417536978725795,4.820281565605037,10.412744500808936,1.9459101490553132,0.6702912420464539,0.40369221643405484,8.028781162487148,1.9991152142115904,False,False,False,True,False,False
6.842363769490099,82.29371316306484,0,0,0,0,0,0,0,0.3777770878979938,12.765222610701302,10.39769104255604,2.6390573296152584,0.8674357250012932,0.20673805777604629,8.174702882469461,2.0644946046636603,False,False,False,False,False,True
6.9991527367920785,75.79787234042553,0,0,0,0,0,0,0,0.8886641126398388,9.750685962278165,10.282811046385305,0.6931471805599453,1.7348714500025864,0.07108701718437842,7.691200097522863,1.9906184714459416,True,False,False,False,False,False
6.802131924594253,77.27272727272727,0,0,0,0,0,0,0,0.3902922829787633,7.6638772587034705,10.282919733757934,0.6931471805599453,0.19714448295483936,0.0904434083639288,8.028781162487148,1.9991152142115904,False,False,False,True,False,False
6.72025323131698,77.77777777777779,0,0,0,0,0,0,0,1.5611691319150531,7.1204443723924875,9.779006435238738,1.6094379124341003,2.168589312503233,0.22603054363773156,8.028781162487148,1.9991152142115904,False,False,False,True,False,False
6.818864580922905,69.23076923076923,0,0,0,0,0,0,0,0.38249375632476623,6.52795791762255,10.184549850955804,0.6931471805599453,2.0503026227303294,0.10618131876873159,7.360739903058278,2.0186487050933315,False,False,False,False,True,False
6.241442385702294,80.0,0,0,0,0,0,0,0,0.34871731190584043,8.13593277200489,9.194091527769046,2.5649493574615367,0.9857224147741969,0.3152618672424786,8.174702882469461,2.0644946046636603,False,False,False,False,False,True
6.26522859704693,50.0,0,0,0,0,0,0,0,0.3902922829787633,4.762173934797756,8.33775665141873,0.6931471805599453,1.2222957943200041,0.1455526803620167,8.028781162487148,1.9991152142115904,False,False,False,True,False,False
6.6713729887351505,73.66071428571429,0,0,0,0,0,0,0,4.589925075897194,9.305286849285137,9.890268636636637,2.5649493574615367,1.0645802079561326,0.27564430833839204,7.360739903058278,2.0186487050933315,False,False,False,False,True,False
6.970515217845076,84.488107549121,0,0,0,0,0,0,0,0.3777770878979938,11.36986308212839,10.731600621056144,2.6390573296152584,0.4337178625006466,0.23210986012342008,8.174702882469461,2.0644946046636603,False,False,False,False,False,True
6.7547019732313895,76.98412698412699,0,0,0,0,0,0,0,6.2446765276602125,8.282230063296685,9.894931129828896,2.833213344056216,1.4588691738658113,0.3420833908746161,8.028781162487148,1.9991152142115904,False,False,False,True,False,False
6.195191110040243,63.63636363636363,0,0,0,0,0,0,0,0.7805845659575266,7.4949862339505335,7.8686083776014435,1.0986122886681098,1.0251513113651647,0.14657962728359036,8.028781162487148,1.9991152142115904,False,False,False,True,False,False
6.5264888547538815,0.0,0,0,0,0,0,0,0,0.8886641126398388,4.584967478670572,9.75745455496221,0.6931471805599453,2.168589312503233,0.15117821092177644,7.691200097522863,1.9906184714459416,True,False,False,False,False,False
6.5004185244497705,81.65137614678899,0,0,0,0,0,0,0,0.965170091806422,8.412721169819527,9.91128039696677,2.0794415416798357,1.4588691738658113,0.24717823159761812,6.415096959171596,1.8969222823803258,False,False,True,False,False,False
6.824008707790104,79.27461139896373,0,0,0,0,0,0,0,0.34871731190584043,9.747067633264827,10.52146049629613,2.5649493574615367,1.7348714500025864,0.26315087305928486,8.174702882469461,2.0644946046636603,False,False,False,False,False,True
6.677693639525605,60.0,0,0,0,0,0,0,0,0.8886641126398388,6.705639094860003,9.328032216867232,0.6931471805599453,0.5125756556825823,0.1033678029423408,7.691200097522863,1.9906184714459416,True,False,False,False,False,False
6.659338475834066,60.0,0,0,0,0,0,0,0,0.8886641126398388,6.26530121273771,9.685050171713797,0.6931471805599453,1.1040091045471006,0.11063269857652462,7.691200097522863,1.9906184714459416,True,False,False,False,False,False
6.962424008119456,75.0,0,0,0,0,0,0,0,0.7555541757959876,8.591929537530255,10.27410002589116,3.295836866004329,1.2222957943200041,0.3835968220651534,8.174702882469461,2.0644946046636603,False,False,False,False,False,True
6.545649931970783,74.92163009404389,0,0,0,0,0,0,0,1.1708768489362897,9.199683791787654,10.051536587524138,1.3862943611198906,1.0251513113651647,0.15068934894886318,8.028781162487148,1.9991152142115904,False,False,False,True,False,False
6.856498589080436,60.0,0,0,0,0,0,0,0,0.4136443250598951,8.691146498539675,10.341821059943488,1.3862943611198906,2.6811649681858154,0.15950650024744398,6.415096959171596,1.8969222823803258,False,False,True,False,False,False
6.439627965757445,74.54545454545455,0,0,0,0,0,0,0,2.294962537948597,7.734121303328305,9.894579744052168,1.9459101490553132,3.2331695204593656,0.25160067611273557,7.360739903058278,2.0186487050933315,False,False,False,False,True,False
6.22747829422649,81.08108108108108,0,0,0,0,0,0,0,0.38249375632476623,7.738923757439457,8.715280860702519,0.6931471805599453,1.0251513113651647,0.08956635344722452,7.360739903058278,2.0186487050933315,False,False,False,False,True,False
6.8507073353320695,78.57142857142857,0,0,0,0,0,0,0,0.27576288337326343,6.546785410760524,10.349142489935662,1.0986122886681098,0.9068646215922611,0.16780942397506912,6.415096959171596,1.8969222823803258,False,False,True,False,False,False
6.8949039144001265,74.74747474747475,0,0,0,0,0,0,0,0.7555541757959876,8.991935575009146,10.507716568891503,3.295836866004329,0.35486006931871084,0.36653252667471176,8.174702882469461,2.0644946046636603,False,False,False,False,False,True
6.7626322424374266,77.0,0,0,0,0,0,0,0,1.4820485755998218,8.40737832540903,9.87623379517477,3.9512437185814275,0.3942889659096787,0.4699733455124602,8.174702882469461,2.0644946046636603,False,False,False,False,False,True
6.769866626233298,78.39080459770115,0,0,0,0,0,0,0,1.1333312636939814,9.16858043772795,10.283514579558773,3.6888794541139363,0.6308623454554859,0.40233921479649154,8.174702882469461,2.0644946046636603,False,False,False,False,False,True
6.882238498533699,50.0,0,0,0,0,0,0,0,0.7649875126495325,4.9344739331306915,10.162753433877903,1.0986122886681098,1.3405824840929077,0.22264020512741708,7.360739903058278,2.0186487050933315,False,False,False,False,True,False
6.794834847205189,0.0,0,0,0,0,0,0,0,0.3902922829787633,4.532599493153256,10.363411087812501,0.6931471805599453,0.7491490352283896,0.1529248683028321,8.028781162487148,1.9991152142115904,False,False,False,True,False,False
6.715661769645538,75.75351640991292,0,0,0,0,0,0,0,5.579476990493447,11.1182073999587,10.142973788660102,5.262690188904886,1.0645802079561326,0.47333981095949285,8.174702882469461,2.0644946046636603,False,False,False,False,False,True
6.823791663267731,0.0,0,0,0,0,0,0,0,0.3902922829787633,5.1298987149230735,10.228716855313321,0.6931471805599453,1.6560136568206507,0.13511907721365987,8.028781162487148,1.9991152142115904,False,False,False,True,False,False
6.83262700342976,0.0,0,0,0,0,0,0,0,2.3417536978725795,6.023447592961033,10.256496763473399,1.9459101490553132,0.31543117272774296,0.32305587772180383,8.028781162487148,1.9991152142115904,False,False,False,True,False,False
6.510263751421897,50.0,0,0,0,0,0,0,0,3.9029228297876326,4.912654885736052,9.93043086016947,2.3978952727983707,2.0108737261393617,0.48810578568437324,8.028781162487148,1.9991152142115904,False,False,False,True,False,False
6.548792989998894,0.0,0,0,0,0,0,0,0,0.3902922829787633,3.784189633918261,9.223228522439266,0.6931471805599453,0.8674357250012932,0.18316925091363362,8.028781162487148,1.9991152142115904,False,False,False,True,False,False
6.745869261287794,53.84615384615385,0,0,0,0,0,0,0,0.9008530557567545,5.929589143389895,9.89485951039786,3.4657359027997265,0.7885779318193574,0.5844816257907535,8.174702882469461,2.0644946046636603,False,False,False,False,False,True
6.76858166664705,70.4225352112676,0,0,0,0,0,0,0,1.1333312636939814,8.277411998949004,10.22881632093725,3.6888794541139363,1.7743003465935543,0.44565613679521077,8.174702882469461,2.0644946046636603,False,False,False,False,False,True
6.886595082004575,0.0,0,0,0,0,0,0,0,0.8886641126398388,4.343805421853684,10.404229587558916,0.6931471805599453,1.1434380011380683,0.15957141566993815,7.691200097522863,1.9906184714459416,True,False,False,False,False,False
6.7332413701454055,86.41114982578398,0,0,0,0,0,0,0,2.6659923379195165,9.166283985779263,10.326815225191366,1.3862943611198906,1.2222957943200041,0.15123842587362693,7.691200097522863,1.9906184714459416,True,False,False,False,False,False
6.2467029592772985,0.0,0,0,0,0,0,0,0,0.38249375632476623,4.23410650459726,9.657145167764883,0.6931471805599453,1.1040091045471006,0.16370565544521562,7.360739903058278,2.0186487050933315,False,False,False,False,True,False
6.846308519003239,82.98775510204082,0,0,0,0,0,0,0,0.34871731190584043,12.406213655279068,10.356478924089185,2.5649493574615367,1.6560136568206507,0.20674715338068553,8.174702882469461,2.0644946046636603,False,False,False,False,False,True
6.696096492373584,65.625,0,0,0,0,0,0,0,0.8886641126398388,6.8966943316227125,10.159800798662227,0.6931471805599453,1.6560136568206507,0.10050426294547053,7.691200097522863,1.9906184714459416,True,False,False,False,False,False
6.548792989998894,0.0,0,0,0,0,0,0,0,0.3902922829787633,4.2626798770413155,9.223228522439266,0.6931471805599453,0.6308623454554859,0.16260831227163414,8.028781162487148,1.9991152142115904,False,False,False,True,False,False
6.929882793689622,82.21863002626793,0,0,0,0,0,0,0,0.3777770878979938,11.982303898822046,10.431790827819041,2.6390573296152584,0.8280068284103254,0.22024623577396482,8.174702882469461,2.0644946046636603,False,False,False,False,False,True
6.22747829422649,63.63636363636363,0,0,0,0,0,0,0,0.8886641126398388,7.590852123688581,8.715280860702519,0.6931471805599453,0.3942889659096787,0.09131348750647617,7.691200097522863,1.9906184714459416,True,False,False,False,False,False
6.845532650796314,28.57142857142857,0,0,0,0,0,0,0,0.6974346238116809,5.958424693029782,10.403572955571182,3.2188758248682006,0.8280068284103254,0.5402226243848764,8.174702882469461,2.0644946046636603,False,False,False,False,False,True
6.80483062736573,80.23255813953489,0,0,0,0,0,0,0,0.34871731190584043,10.841833275191114,10.334859017113411,2.5649493574615367,0.6308623454554859,0.23657893387189385,8.174702882469461,2.0644946046636603,False,False,False,False,False,True
6.22747829422649,0.0,0,0,0,0,0,0,0,0.3902922829787633,4.23410650459726,8.715280860702519,0.6931471805599453,0.7491490352283896,0.16370565544521562,8.028781162487148,1.9991152142115904,False,False,False,True,False,False
6.40169871215857,0.0,0,0,0,0,0,0,0,0.3902922829787633,4.394449154672439,9.324495915651033,0.6931471805599453,1.1040091045471006,0.15773243839286435,8.028781162487148,1.9991152142115904,False,False,False,True,False,False
6.40169871215857,73.68421052631578,0,0,0,0,0,0,0,0.7555541757959876,6.473890696352274,9.324495915651033,3.295836866004329,1.1434380011380683,0.5090967735771897,8.174702882469461,2.0644946046636603,False,False,False,False,False,True
6.40169871215857,0.0,0,0,0,0,0,0,0,0.3902922829787633,4.04305126783455,9.324495915651033,0.6931471805599453,2.3263048988671047,0.17144160057391344,8.028781162487148,1.9991152142115904,False,False,False,True,False,False
6.677693639525605,50.0,0,0,0,0,0,0,0,1.1333312636939814,4.948759890378168,9.328032216867232,3.6888794541139363,0.7097201386374217,0.7454149192580939,8.174702882469461,2.0644946046636603,False,False,False,False,False,True
6.946209864633353,0.0,0,0,0,0,0,0,0,5.331984675839033,4.812184355372417,10.718521044820479,1.9459101490553132,0.6308623454554859,0.40437148815440976,7.691200097522863,1.9906184714459416,True,False,False,False,False,False
6.770580228122137,50.0,0,0,0,0,0,0,0,1.2495703676625949,5.521460917862246,9.565902027006107,3.784189633918261,1.4588691738658113,0.6853602135761186,8.174702882469461,2.0644946046636603,False,False,False,False,False,True
6.195191110040243,71.42857142857143,0,0,0,0,0,0,0,0.7805845659575266,7.954021087278037,7.8686083776014435,1.0986122886681098,0.27600227613677514,0.13812036410429837,8.028781162487148,1.9991152142115904,False,False,False,True,False,False
6.195191110040243,62.5,0,0,0,0,0,0,0,0.3902922829787633,6.3818160174060985,7.8686083776014435,0.6931471805599453,0.9462935181832289,0.10861284290700632,8.028781162487148,1.9991152142115904,False,False,False,True,False,False
6.845444141149905,80.05115089514067,0,0,0,0,0,0,0,1.4820485755998218,9.74326011321524,9.923505903169401,3.9512437185814275,0.8280068284103254,0.4055361011271957,8.174702882469461,2.0644946046636603,False,False,False,False,False,True
6.796871963337037,80.64516129032258,0,0,0,0,0,0,0,0.8886641126398388,7.1316985104669115,10.458899626851938,0.6931471805599453,0.5125756556825823,0.09719244013787748,7.691200097522863,1.9906184714459416,True,False,False,False,False,False
6.754818962416433,84.04907975460122,0,0,0,0,0,0,0,0.8886641126398388,8.19229373114764,10.53249559764114,0.6931471805599453,0.8674357250012932,0.08460965918794564,7.691200097522863,1.9906184714459416,True,False,False,False,False,False
6.195191110040243,70.09803921568627,0,0,0,0,0,0,0,0.7805845659575266,8.635153989049803,7.8686083776014435,1.0986122886681098,0.8280068284103254,0.12722555846268113,8.028781162487148,1.9991152142115904,False,False,False,True,False,False
6.810042529424079,88.42105263157895,0,0,0,0,0,0,0,0.8886641126398388,7.958227192322312,10.047568209938474,0.6931471805599453,0.6702912420464539,0.08709818956018973,7.691200097522863,1.9906184714459416,True,False,False,False,False,False
6.84658521718319,79.35943060498221,0,0,0,0,0,0,0,0.34871731190584043,10.525111878184058,10.432036332690954,2.5649493574615367,0.6308623454554859,0.24369806108931152,8.174702882469461,2.0644946046636603,False,False,False,False,False,True
4.9263479368027125,87.5,0,0,0,0,0,0,0,0.8886641126398388,6.154858094016418,8.362349991150289,0.6931471805599453,0.4337178625006466,0.11261789792258635,7.691200097522863,1.9906184714459416,True,False,False,False,False,False
6.893698780940906,67.76859504132231,0,0,0,0,0,0,0,0.3902922829787633,7.746732907753622,10.204116640108973,0.6931471805599453,1.85315813977549,0.08947606543478241,8.028781162487148,1.9991152142115904,False,False,False,True,False,False
6.833536141119613,73.41772151898735,0,0,0,0,0,0,0,0.38249375632476623,7.7039102096163115,10.2792640907417,0.6931471805599453,0.9068646215922611,0.08997342410542802,7.360739903058278,2.0186487050933315,False,False,False,False,True,False
6.861381761393733,81.35838150289018,0,0,0,0,0,0,0,0.34871731190584043,10.399280753468156,10.353270823415645,2.5649493574615367,0.31543117272774296,0.24664680358842384,8.174702882469461,2.0644946046636603,False,False,False,False,False,True
6.794607080130419,0.0,0,0,0,0,0,0,0,0.8886641126398388,4.844187086458591,9.797980786126336,0.6931471805599453,0.5520045522735503,0.14308844150498737,7.691200097522863,1.9906184714459416,True,False,False,False,False,False
6.725546669549467,76.15894039735099,0,0,0,0,0,0,0,0.3902922829787633,8.12415060330663,10.52438400926217,0.6931471805599453,0.23657337954580723,0.08531934160327183,8.028781162487148,1.9991152142115904,False,False,False,True,False,False
6.788310729601363,62.5,0,0,0,0,0,0,0,1.5111083515919752,6.665683717782408,9.914078482087426,3.970291913552122,0.5125756556825823,0.5956316083465463,8.174702882469461,2.0644946046636603,False,False,False,False,False,True
6.827581385513087,83.94518866959811,0,0,0,0,0,0,0,0.40683686389014717,12.402662753982776,10.426587559827558,2.70805020110221,1.3011535875019398,0.21834425839181942,8.174702882469461,2.0644946046636603,False,False,False,False,False,True
5.775788441476067,100.0,0,0,0,0,0,0,0,0.9078461025802542,4.343805421853684,8.653460843742746,0.6931471805599453,0.8280068284103254,0.15957141566993815,6.104793232414985,1.8852953146630171,False,True,False,False,False,False
6.247142857142856,78.94736842105263,0,0,0,0,0,0,0,0.38249375632476623,7.149131598557407,7.834759840834592,0.6931471805599453,0.15771558636387148,0.09695543731490584,7.360739903058278,2.0186487050933315,False,False,False,False,True,False
6.195191110040243,65.57377049180327,0,0,0,0,0,0,0,1.1708768489362897,7.369600720526409,7.8686083776014435,1.3862943611198906,2.247447105685169,0.1881098330413846,8.028781162487148,1.9991152142115904,False,False,False,True,False,False
5.60043986026233,100.0,0,0,0,0,0,0,0,0.8886641126398388,5.583496308781699,6.344274272082252,0.6931471805599453,0.47314675909161447,0.124142140018928,7.691200097522863,1.9906184714459416,True,False,False,False,False,False
6.035384615384615,63.03142329020333,0,0,0,0,0,0,0,0.38249375632476623,9.253591413970497,8.859680269588564,0.6931471805599453,2.089731519321297,0.07490574735269538,7.360739903058278,2.0186487050933315,False,False,False,False,True,False
6.26522859704693,66.66666666666666,0,0,0,0,0,0,0,0.6683748478195275,5.631211781821365,8.33775665141873,3.1780538303479458,0.7491490352283896,0.5643641108663884,8.174702882469461,2.0644946046636603,False,False,False,False,False,True
6.788691683537152,81.94444444444444,0,0,0,0,0,0,0,0.3902922829787633,7.321849713788356,10.114887988891986,0.6931471805599453,1.3405824840929077,0.09466831574740259,8.028781162487148,1.9991152142115904,False,False,False,True,False,False
6.705092165314741,53.333333333333336,0,0,0,0,0,0,0,0.8886641126398388,6.3835066348840055,9.876050320034798,0.6931471805599453,1.8137292431845222,0.10858407771867859,7.691200097522863,1.9906184714459416,True,False,False,False,False,False
6.60684577219806,71.42857142857143,0,0,0,0,0,0,0,1.1708768489362897,7.166265974133638,9.9032277656614,1.3862943611198906,1.0251513113651647,0.1934472382302955,8.028781162487148,1.9991152142115904,False,False,False,True,False,False
6.767541224610549,80.70652173913044,0,0,0,0,0,0,0,0.7649875126495325,9.075093222568157,10.355922751208103,1.0986122886681098,1.1828668977290362,0.12105796179989146,7.360739903058278,2.0186487050933315,False,False,False,False,True,False
6.153171904926564,71.42857142857143,0,0,0,0,0,0,0,0.3902922829787633,6.784457062637643,8.19139039754028,0.6931471805599453,1.3800113806838756,0.10216693453292566,8.028781162487148,1.9991152142115904,False,False,False,True,False,False
6.90376052578994,58.333333333333336,0,0,0,0,0,0,0,4.589925075897194,6.300785794663244,10.38555842312506,2.5649493574615367,1.6165847602296828,0.4070840433321896,7.360739903058278,2.0186487050933315,False,False,False,False,True,False
6.5376908176509945,70.2127659574468,0,0,0,0,0,0,0,0.3777770878979938,8.00836557031292,9.857597299179305,2.6390573296152584,0.9068646215922611,0.32953756998784706,8.174702882469461,2.0644946046636603,False,False,False,False,False,True
6.195191110040243,63.63636363636363,0,0,0,0,0,0,0,0.3902922829787633,6.6039438246004725,7.8686083776014435,0.6931471805599453,0.5520045522735503,0.10495958157273991,8.028781162487148,1.9991152142115904,False,False,False,True,False,False
6.877545578079942,73.4375,0,0,0,0,0,0,0,1.4529887996076685,7.492760300922379,10.075857295501327,3.9318256327243257,2.089731519321297,0.5247499552655257,8.174702882469461,2.0644946046636603,False,False,False,False,False,True
5.879225467208256,0.0,0,0,0,0,0,0,0,0.9078461025802542,4.290459441148391,8.024343613012375,0.6931471805599453,1.2617246909109718,0.16155546744299637,6.104793232414985,1.8852953146630171,False,True,False,False,False,False
6.861817802177495,75.0,0,0,0,0,0,0,0,0.8886641126398388,6.26530121273771,10.06682583716269,0.6931471805599453,0.6702912420464539,0.11063269857652462,7.691200097522863,1.9906184714459416,True,False,False,False,False,False
6.626533453023366,68.18181818181817,0,0,0,0,0,0,0,0.8886641126398388,6.870053411798126,9.563059716451976,0.6931471805599453,2.484020485230976,0.10089400169285222,7.691200097522863,1.9906184714459416,True,False,False,False,False,False
6.335061635687324,0.0,0,0,0,0,0,0,0,0.7649875126495325,3.713572066704308,9.241125252631356,1.0986122886681098,0.5914334488645181,0.29583707248290936,7.360739903058278,2.0186487050933315,False,False,False,False,True,False
6.195191110040243,0.0,0,0,0,0,0,0,0,4.829555421039003,6.028278520230698,7.8686083776014435,2.5933276030091386,1.4982980704567792,0.4301937268336258,8.028781162487148,1.9991152142115904,False,False,False,True,False,False
6.828884411320277,85.90725895743833,0,0,0,0,0,0,0,0.7264943998038342,13.359517125961904,10.470984869648605,3.258096538021482,0.35486006931871084,0.24387831590783596,8.174702882469461,2.0644946046636603,False,False,False,False,False,True
6.5004185244497705,80.1762114537445,0,0,0,0,0,0,0,1.912468781623831,8.53168763756669,9.91128039696677,1.791759469228055,1.3011535875019398,0.2100123147193748,7.360739903058278,2.0186487050933315,False,False,False,False,True,False
6.572705399610349,50.0,0,0,0,0,0,0,0,0.38249375632476623,5.407171771460119,9.876992861008846,0.6931471805599453,3.114882830686462,0.12819033865698187,7.360739903058278,2.0186487050933315,False,False,False,False,True,False
6.195191110040243,73.33333333333333,0,0,0,0,0,0,0,0.3902922829787633,7.079184394609668,7.8686083776014435,0.6931471805599453,2.0108737261393617,0.09791342362655946,8.028781162487148,1.9991152142115904,False,False,False,True,False,False
6.40169871215857,50.0,0,0,0,0,0,0,0,6.974346238116809,4.418840607796598,9.324495915651033,5.484796933490655,1.0251513113651647,1.2412298655473755,8.174702882469461,2.0644946046636603,False,False,False,False,False,True
6.6819426705842195,0.0,0,0,0,0,0,0,0,0.35959152870240046,8.882946799288174,9.837538159759628,2.5933276030091386,0.7491490352283896,0.2919445158916129,8.174702882469461,2.0644946046636603,False,False,False,False,False,True
5.879225467208256,90.0,0,0,0,0,0,0,0,0.38249375632476623,6.637258031284457,8.024343613012375,0.6931471805599453,0.47314675909161447,0.1044327608317807,7.360739903058278,2.0186487050933315,False,False,False,False,True,False
7.01238591944557,72.67904509283821,0,0,0,0,0,0,0,0.38249375632476623,10.03341872212816,10.758818794495392,0.6931471805599453,1.9714448295483937,0.06908384866179729,7.360739903058278,2.0186487050933315,False,False,False,False,True,False
6.794607080130419,40.0,0,0,0,0,0,0,0,0.8886641126398388,6.444131256700441,9.797980786126336,0.6931471805599453,0.8674357250012932,0.10756254845666416,7.691200097522863,1.9906184714459416,True,False,False,False,False,False
6.729787773295392,66.66666666666666,0,0,0,0,0,0,0,5.515257667465269,5.8916442118257715,9.99346311077853,3.713572066704308,1.0645802079561326,0.630311663974954,6.415096959171596,1.8969222823803258,False,False,True,False,False,False
6.836758763437189,74.6938775510204,0,0,0,0,0,0,0,0.3902922829787633,9.155356063643422,10.62114172152206,0.6931471805599453,0.5914334488645181,0.07570947276561778,8.028781162487148,1.9991152142115904,False,False,False,True,False,False
6.700655214370671,78.0241935483871,0,0,0,0,0,0,0,0.6974346238116809,9.612867836097005,10.163122590791794,3.2188758248682006,1.0251513113651647,0.33485073130633214,8.174702882469461,2.0644946046636603,False,False,False,False,False,True
6.5004185244497705,54.54545454545454,0,0,0,0,0,0,0,0.7649875126495325,6.871091294610546,9.91128039696677,1.0986122886681098,1.0645802079561326,0.15988905423652638,7.360739903058278,2.0186487050933315,False,False,False,False,True,False
6.801279969075106,0.0,0,0,0,0,0,0,0,0.3777770878979938,4.6443908991413725,10.323930083446934,2.6390573296152584,1.1040091045471006,0.568224636324895,8.174702882469461,2.0644946046636603,False,False,False,False,False,True
6.8393549963377245,100.0,0,0,0,0,0,0,0,0.8886641126398388,4.762173934797756,10.354711811512182,0.6931471805599453,0.47314675909161447,0.1455526803620167,7.691200097522863,1.9906184714459416,True,False,False,False,False,False
6.846428983406856,78.2435129740519,0,0,0,0,0,0,0,2.121363647427196,10.02042578700401,10.437001171494915,4.30406509320417,0.5914334488645181,0.4295291622025011,8.174702882469461,2.0644946046636603,False,False,False,False,False,True
6.22747829422649,76.19047619047619,0,0,0,0,0,0,0,0.3902922829787633,6.519147287940395,8.715280860702519,0.6931471805599453,0.5125756556825823,0.10632482285561803,8.028781162487148,1.9991152142115904,False,False,False,True,False,False
5.879225467208256,50.0,0,0,0,0,0,0,0,0.9078461025802542,5.225746673713202,8.024343613012375,0.6931471805599453,0.4337178625006466,0.13264079256781564,6.104793232414985,1.8852953146630171,False,True,False,False,False,False
6.903751145884469,81.15942028985508,0,0,0,0,0,0,0,0.34871731190584043,12.249117767071311,10.622727172310324,2.5649493574615367,0.5125756556825823,0.20939870170542088,8.174702882469461,2.0644946046636603,False,False,False,False,False,True
6.626533453023366,72.09302325581395,0,0,0,0,0,0,0,0.8886641126398388,7.29505641646263,9.563059716451976,0.6931471805599453,1.8925870363664579,0.09501601372070705,7.691200097522863,1.9906184714459416,True,False,False,False,False,False
6.790816964622494,88.88888888888889,0,0,0,0,0,0,0,0.3902922829787633,6.573680166960646,10.438481002726643,0.6931471805599453,1.1040091045471006,0.10544279048495651,8.028781162487148,1.9991152142115904,False,False,False,True,False,False
6.195191110040243,73.05389221556887,0,0,0,0,0,0,0,4.683507395745159,8.950792138768174,7.8686083776014435,2.5649493574615367,1.6165847602296828,0.28656115768257917,8.028781162487148,1.9991152142115904,False,False,False,True,False,False
6.630766456365194,68.42105263157895,0,0,0,0,0,0,0,1.5611691319150531,7.274479558773871,10.17281749641962,1.6094379124341003,0.6308623454554859,0.22124440648031382,8.028781162487148,1.9991152142115904,False,False,False,True,False,False
6.26522859704693,0.0,0,0,0,0,0,0,0,0.3902922829787633,4.634728988229636,8.33775665141873,0.6931471805599453,1.1828668977290362,0.14955506186451523,8.028781162487148,1.9991152142115904,False,False,False,True,False,False
6.106210567052468,91.66666666666666,0,0,0,0,0,0,0,0.13788144168663172,6.705639094860003,10.427792075670013,0.6931471805599453,0.31543117272774296,0.1033678029423408,6.415096959171596,1.8969222823803258,False,False,True,False,False,False
6.672161246825706,81.13404755683304,0,0,0,0,0,0,0,0.8886641126398388,11.124007691437571,10.832142703008877,0.6931471805599453,0.9068646215922611,0.062310922446905365,7.691200097522863,1.9906184714459416,True,False,False,False,False,False
6.751797143671785,82.35294117647058,0,0,0,0,0,0,0,0.7805845659575266,6.826545223556594,10.176166295747496,1.0986122886681098,0.4337178625006466,0.16093239738266008,8.028781162487148,1.9991152142115904,False,False,False,True,False,False
6.195191110040243,72.22222222222221,0,0,0,0,0,0,0,0.7805845659575266,7.395721608602045,7.8686083776014435,1.0986122886681098,0.47314675909161447,0.14854700417472472,8.028781162487148,1.9991152142115904,False,False,False,True,False,False
6.195191110040243,59.84251968503938,0,0,0,0,0,0,0,0.7805845659575266,7.957527402230773,7.8686083776014435,1.0986122886681098,0.8674357250012932,0.1380595043078495,8.028781162487148,1.9991152142115904,False,False,False,True,False,False
6.40169871215857,50.0,0,0,0,0,0,0,0,0.38249375632476623,4.804021044733257,9.324495915651033,0.6931471805599453,0.3942889659096787,0.1442847926987864,7.360739903058278,2.0186487050933315,False,False,False,False,True,False
6.22747829422649,100.0,0,0,0,0,0,0,0,0.38249375632476623,4.859812404361672,8.715280860702519,0.6931471805599453,2.5234493818219437,0.14262838210336,7.360739903058278,2.0186487050933315,False,False,False,False,True,False
6.432021861785729,57.14285714285714,0,0,0,0,0,0,0,0.3902922829787633,5.883322388488279,9.690983240865329,0.6931471805599453,1.1434380011380683,0.1178156039716956,8.028781162487148,1.9991152142115904,False,False,False,True,False,False
6.630792347570889,80.92485549132948,0,0,0,0,0,0,0,4.82585045903211,9.737610048158107,10.256178352463131,3.58351893845611,0.9462935181832289,0.3680080554400452,6.415096959171596,1.8969222823803258,False,False,True,False,False,False
6.886595082004575,80.29556650246306,0,0,0,0,0,0,0,0.3902922829787633,8.411610428841172,10.404229587558916,0.6931471805599453,0.9068646215922611,0.08240362370840763,8.028781162487148,1.9991152142115904,False,False,False,True,False,False
6.58558055977916,65.51724137931035,0,0,0,0,0,0,0,0.7555541757959876,6.470799503782602,9.56895283095515,3.295836866004329,0.7491490352283896,0.5093399763163268,8.174702882469461,2.0644946046636603,False,False,False,False,False,True
5.775788441476067,100.0,0,0,0,0,0,0,0,0.9078461025802542,4.356708826689592,8.653460843742746,0.6931471805599453,0.5125756556825823,0.15909880786929415,6.104793232414985,1.8852953146630171,False,True,False,False,False,False
6.840251681496053,81.17647058823529,0,0,0,0,0,0,0,0.8886641126398388,8.222016437202196,10.159417568499274,0.6931471805599453,1.5377269670477471,0.08430379406974413,7.691200097522863,1.9906184714459416,True,False,False,False,False,False
6.7880059546231815,78.57142857142857,0,0,0,0,0,0,0,0.7555541757959876,6.450470422144176,10.137914385399199,3.295836866004329,0.7491490352283896,0.5109451947395758,8.174702882469461,2.0644946046636603,False,False,False,False,False,True
6.909654882850925,84.49848024316108,0,0,0,0,0,0,0,0.8886641126398388,10.38180031512171,10.43067650511707,0.6931471805599453,1.3800113806838756,0.06676560514753256,7.691200097522863,1.9906184714459416,True,False,False,False,False,False
6.153171904926564,68.42105263157895,0,0,0,0,0,0,0,1.1708768489362897,6.792344427470809,8.19139039754028,1.3862943611198906,0.5125756556825823,0.2040965937347335,8.028781162487148,1.9991152142115904,False,False,False,True,False,False
6.350998971226217,78.04878048780488,0,0,0,0,0,0,0,0.13788144168663172,6.946975992135418,9.640048031376105,0.6931471805599453,0.6308623454554859,0.09977682107216841,6.415096959171596,1.8969222823803258,False,False,True,False,False,False
6.195191110040243,60.0,0,0,0,0,0,0,0,0.7805845659575266,5.976350909297934,7.8686083776014435,1.0986122886681098,0.6308623454554859,0.18382660344774973,8.028781162487148,1.9991152142115904,False,False,False,True,False,False
6.653144694641815,33.33333333333333,0,0,0,0,0,0,0,1.888885439489969,5.365976015021851,10.02128736809093,4.189654742026425,0.8280068284103254,0.7807814888284335,8.174702882469461,2.0644946046636603,False,False,False,False,False,True
6.662948251583755,100.0,0,0,0,0,0,0,0,0.7649875126495325,4.330733340286331,10.093243666143405,1.0986122886681098,1.7348714500025864,0.2536781192340681,7.360739903058278,2.0186487050933315,False,False,False,False,True,False
6.200225700698335,0.0,0,0,0,0,0,0,0,0.8886641126398388,4.1588830833596715,8.919650812943356,0.6931471805599453,0.9462935181832289,0.16666666666666669,7.691200097522863,1.9906184714459416,True,False,False,False,False,False
6.641021319571842,80.0,0,0,0,0,0,0,0,0.8886641126398388,7.213031659834869,9.689905519345,0.6931471805599453,1.4194402772748433,0.09609651159853827,7.691200097522863,1.9906184714459416,True,False,False,False,False,False
6.878017135367632,79.06403940886699,0,0,0,0,0,0,0,0.34871731190584043,9.625953811136162,10.202698798890816,2.5649493574615367,1.2222957943200041,0.2664618392926605,8.174702882469461,2.0644946046636603,False,False,False,False,False,True
6.885145721113196,0.0,0,0,0,0,0,0,0,0.34871731190584043,10.063478288845069,10.498464106008882,2.5649493574615367,0.5520045522735503,0.25487702003636975,8.174702882469461,2.0644946046636603,False,False,False,False,False,True
6.78725442597025,60.0,0,0,0,0,0,0,0,0.7555541757959876,6.966024187106113,10.135362518902104,3.295836866004329,0.9068646215922611,0.4731302644778089,8.174702882469461,2.0644946046636603,False,False,False,False,False,True
6.779782172998328,81.81818181818183,0,0,0,0,0,0,0,2.3417536978725795,6.53813982376767,10.42324578946821,1.9459101490553132,1.3800113806838756,0.2976244316436112,8.028781162487148,1.9991152142115904,False,False,False,True,False,False
6.823146793508421,80.0,0,0,0,0,0,0,0,0.38249375632476623,6.1224928095143865,10.27120685262779,0.6931471805599453,1.4194402772748433,0.11321322901070474,7.360739903058278,2.0186487050933315,False,False,False,False,True,False
6.912720749983493,75.0,0,0,0,0,0,0,0,4.683507395745159,6.049733455231958,10.369468764676839,2.5649493574615367,0.7491490352283896,0.42397725064123376,8.028781162487148,1.9991152142115904,False,False,False,True,False,False
6.778581429435354,80.20833333333334,0,0,0,0,0,0,0,1.1333312636939814,8.618485442898109,10.636059323854772,3.6888794541139363,0.31543117272774296,0.42801945638298705,8.174702882469461,2.0644946046636603,False,False,False,False,False,True
6.26522859704693,20.0,0,0,0,0,0,0,0,0.3902922829787633,4.762173934797756,8.33775665141873,0.6931471805599453,1.3011535875019398,0.1455526803620167,8.028781162487148,1.9991152142115904,False,False,False,True,False,False
6.40169871215857,66.66666666666666,0,0,0,0,0,0,0,0.6974346238116809,5.752572638825633,9.324495915651033,3.2188758248682006,1.1040091045471006,0.5595541381160765,8.174702882469461,2.0644946046636603,False,False,False,False,False,True
6.96946932765783,0.0,0,0,0,0,0,0,0,0.34871731190584043,10.736940006101278,10.899405114880006,2.5649493574615367,1.0645802079561326,0.23889016386456488,8.174702882469461,2.0644946046636603,False,False,False,False,False,True
6.541380536432849,33.33333333333333,0,0,0,0,0,0,0,1.4529887996076685,5.25227342804663,9.795191746103242,3.9318256327243257,0.9462935181832289,0.7485950011148998,8.174702882469461,2.0644946046636603,False,False,False,False,False,True
6.903793792576419,80.51779935275081,0,0,0,0,0,0,0,0.6974346238116809,10.554170766276814,10.568668747671985,3.2188758248682006,0.5914334488645181,0.3049861420807502,8.174702882469461,2.0644946046636603,False,False,False,False,False,True
6.677693639525605,50.0,0,0,0,0,0,0,0,0.8886641126398388,6.0844994130751715,9.328032216867232,0.6931471805599453,1.3011535875019398,0.11392016557194821,7.691200097522863,1.9906184714459416,True,False,False,False,False,False
6.530234432518193,61.76470588235294,0,0,0,0,0,0,0,0.7805845659575266,6.977281341630747,9.867788312912435,1.0986122886681098,0.07885779318193574,0.15745563850394192,8.028781162487148,1.9991152142115904,False,False,False,True,False,False
6.8189263510556275,74.63768115942028,0,0,0,0,0,0,0,4.683507395745159,8.153061946801051,10.438657619934231,2.5649493574615367,1.1828668977290362,0.3145995178496006,8.028781162487148,1.9991152142115904,False,False,False,True,False,False
6.838929313847025,78.25396825396825,0,0,0,0,0,0,0,0.7805845659575266,9.412464556066316,10.267262337522036,1.0986122886681098,1.5377269670477471,0.11671887656246803,8.028781162487148,1.9991152142115904,False,False,False,True,False,False
6.490336269696487,63.41463414634146,0,0,0,0,0,0,0,2.2376027513958094,7.388327859577107,8.81811505604364,4.356708826689592,0.8280068284103254,0.5896745392859382,8.174702882469461,2.0644946046636603,False,False,False,False,False,True
6.87689765372928,83.99932176567005,0,0,0,0,0,0,0,0.7555541757959876,12.953404935148198,10.621760522163289,3.295836866004329,0.8674357250012932,0.25443787811043383,8.174702882469461,2.0644946046636603,False,False,False,False,False,True
6.864963746442797,79.25211097708083,0,0,0,0,0,0,0,0.3777770878979938,10.64354217367223,10.361148041195138,2.6390573296152584,0.31543117272774296,0.24794915889403873,8.174702882469461,2.0644946046636603,False,False,False,False,False,True
6.530234432518193,71.42857142857143,0,0,0,0,0,0,0,0.3902922829787633,6.184148890937483,9.867788312912435,0.6931471805599453,0.4337178625006466,0.11208449097590661,8.028781162487148,1.9991152142115904,False,False,False,True,False,False
6.737398107708471,75.22658610271903,0,0,0,0,0,0,0,51.92981969797807,9.563388747859216,9.956004804270933,7.488852955733459,0.5914334488645181,0.7830752417556857,8.174702882469461,2.0644946046636603,False,False,False,False,False,True
6.866956441127071,76.40791476407914,0,0,0,0,0,0,0,0.8717932797646011,10.031176913677017,10.358395591857708,3.4339872044851463,0.6702912420464539,0.34233143668347366,8.174702882469461,2.0644946046636603,False,False,False,False,False,True
6.700655214370671,65.21739130434783,0,0,0,0,0,0,0,0.17435865595292022,6.680854678790215,10.163122590791794,1.9459101490553132,0.6702912420464539,0.29126664814803055,8.174702882469461,2.0644946046636603,False,False,False,False,False,True
4.9263479368027125,0.0,0,0,0,0,0,0,0,0.8886641126398388,4.189654742026425,8.362349991150289,0.6931471805599453,0.47314675909161447,0.16544255391905832,7.691200097522863,1.9906184714459416,True,False,False,False,False,False
6.644427954689881,0.0,0,0,0,0,0,0,0,0.8886641126398388,6.192362489474872,10.127006476019027,0.6931471805599453,1.6560136568206507,0.11193582122139718,7.691200097522863,1.9906184714459416,True,False,False,False,False,False
6.811381012264531,50.0,0,0,0,0,0,0,0,0.8886641126398388,5.181783550292085,9.979170826601703,0.6931471805599453,0.47314675909161447,0.13376613936737558,7.691200097522863,1.9906184714459416,True,False,False,False,False,False
6.5004185244497705,50.0,0,0,0,0,0,0,0,1.2495703676625949,5.247024072160486,9.91128039696677,3.784189633918261,0.7491490352283896,0.7212068368422986,8.174702882469461,2.0644946046636603,False,False,False,False,False,True
6.5264888547538815,0.0,0,0,0,0,0,0,0,0.8886641126398388,4.330733340286331,9.75745455496221,0.6931471805599453,1.8925870363664579,0.16005307325482135,7.691200097522863,1.9906184714459416,True,False,False,False,False,False
6.938714337195415,74.7301411569333,0,0,0,0,0,0,0,0.8886641126398388,11.234018115123202,10.546534027410285,0.6931471805599453,1.6165847602296828,0.061700735521053915,7.691200097522863,1.9906184714459416,True,False,False,False,False,False
6.700655214370671,80.98290598290599,0,0,0,0,0,0,0,0.3777770878979938,10.148979507514099,10.163122590791794,2.6390573296152584,1.0251513113651647,0.26003179212859323,8.174702882469461,2.0644946046636603,False,False,False,False,False,True
5.879225467208256,0.0,0,0,0,0,0,0,0,1.5111083515919752,4.997212273764115,8.024343613012375,3.970291913552122,0.31543117272774296,0.7945013531637566,8.174702882469461,2.0644946046636603,False,False,False,False,False,True
6.6659439170014165,79.33884297520662,0,0,0,0,0,0,0,0.5811955198430674,8.555451903533328,10.128617602714659,3.044522437723423,0.47314675909161447,0.35585758321732386,8.174702882469461,2.0644946046636603,False,False,False,False,False,True
5.879225467208256,68.56240126382306,0,0,0,0,0,0,0,0.38249375632476623,9.52850315168155,8.024343613012375,0.6931471805599453,1.3405824840929077,0.07274460316861223,7.360739903058278,2.0186487050933315,False,False,False,False,True,False
6.8000853157978725,78.57142857142857,0,0,0,0,0,0,0,0.8886641126398388,8.881558488638976,10.196526867901827,0.6931471805599453,0.9462935181832289,0.07804341788061166,7.691200097522863,1.9906184714459416,True,False,False,False,False,False
6.490336269696487,0.0,0,0,0,0,0,0,0,0.8886641126398388,4.406719247264253,8.81811505604364,0.6931471805599453,2.40516269204904,0.1572932473495469,7.691200097522863,1.9906184714459416,True,False,False,False,False,False
6.885625457752329,77.43467933491686,0,0,0,0,0,0,0,0.3777770878979938,9.976598599353451,10.465425245378393,2.6390573296152584,0.7491490352283896,0.2645247579456877,8.174702882469461,2.0644946046636603,False,False,False,False,False,True
6.585959140352191,62.5,0,0,0,0,0,0,0,0.7805845659575266,7.506042178518122,10.097900223963292,1.0986122886681098,0.6702912420464539,0.1463637243889033,8.028781162487148,1.9991152142115904,False,False,False,True,False,False
6.767541224610549,77.99511002444987,0,0,0,0,0,0,0,0.3777770878979938,9.081256218564645,10.355922751208103,2.6390573296152584,0.9462935181832289,0.2906048751515547,8.174702882469461,2.0644946046636603,False,False,False,False,False,True
6.5264888547538815,50.0,0,0,0,0,0,0,0,0.7805845659575266,4.290459441148391,9.75745455496221,1.0986122886681098,1.6165847602296828,0.25605935768362686,8.028781162487148,1.9991152142115904,False,False,False,True,False,False
6.788310729601363,80.0,0,0,0,0,0,0,0,0.8886641126398388,4.919980925828125,9.914078482087426,0.6931471805599453,0.5914334488645181,0.14088411947314117,7.691200097522863,1.9906184714459416,True,False,False,False,False,False
6.533460182210016,73.5576923076923,0,0,0,0,0,0,0,0.7805845659575266,8.911799556189527,9.853260725370149,1.0986122886681098,1.4588691738658113,0.12327614436806861,8.028781162487148,1.9991152142115904,False,False,False,True,False,False
6.825447937838175,85.31157270029674,0,0,0,0,0,0,0,0.3777770878979938,10.406895734974256,10.660611579549197,2.6390573296152584,0.3942889659096787,0.2535873709915464,8.174702882469461,2.0644946046636603,False,False,False,False,False,True
6.6895706804849455,78.82352941176471,0,0,0,0,0,0,0,1.1474812689742986,8.452121194672523,10.450657432904706,1.3862943611198906,1.5771558636387148,0.16401733117524261,7.360739903058278,2.0186487050933315,False,False,False,False,True,False
6.638243832197137,80.0,0,0,0,0,0,0,0,0.8886641126398388,7.113956109566034,10.118310337677755,0.6931471805599453,1.2617246909109718,0.09743484073902006,7.691200097522863,1.9906184714459416,True,False,False,False,False,False
6.7728198451635695,33.33333333333333,0,0,0,0,0,0,0,0.8886641126398388,5.6131281063880705,9.293585506586053,0.6931471805599453,1.85315813977549,0.12348679157546805,7.691200097522863,1.9906184714459416,True,False,False,False,False,False
6.724853159353965,73.75,0,0,0,0,0,0,0,2.6774562942733633,7.695757990554761,10.218477105581716,2.0794415416798357,1.5377269670477471,0.27020620246010824,7.360739903058278,2.0186487050933315,False,False,False,False,True,False
6.66391737475365,70.0,0,0,0,0,0,0,0,0.8886641126398388,6.942156705699469,9.799753131264394,0.6931471805599453,1.9714448295483937,0.0998460867342386,7.691200097522863,1.9906184714459416,True,False,False,False,False,False
6.195191110040243,54.54545454545454,0,0,0,0,0,0,0,2.3417536978725795,6.925595197110468,7.8686083776014435,1.9459101490553132,0.47314675909161447,0.28097370603860816,8.028781162487148,1.9991152142115904,False,False,False,True,False,False
6.548792989998894,0.0,0,0,0,0,0,0,0,0.3902922829787633,3.8066624897703196,9.223228522439266,0.6931471805599453,0.7097201386374217,0.18208790046993825,8.028781162487148,1.9991152142115904,False,False,False,True,False,False
6.818850027557036,76.10619469026548,0,0,0,0,0,0,0,0.38249375632476623,8.002694162283937,10.401186759828693,0.6931471805599453,0.5520045522735503,0.08661422847154311,7.360739903058278,2.0186487050933315,False,False,False,False,True,False
6.8059761534885554,0.0,0,0,0,0,0,0,0,0.38249375632476623,4.6913478822291435,9.914218989491387,0.6931471805599453,3.4697429000051727,0.1477501131786861,7.360739903058278,2.0186487050933315,False,False,False,False,True,False
6.87795926287492,50.0,0,0,0,0,0,0,0,0.8886641126398388,10.307952160310709,10.342428794119181,0.6931471805599453,0.5125756556825823,0.06724392680330911,7.691200097522863,1.9906184714459416,True,False,False,False,False,False
6.638243832197137,70.37037037037037,0,0,0,0,0,0,0,1.1708768489362897,7.107425474110705,10.118310337677755,1.3862943611198906,0.6702912420464539,0.195048736869569,8.028781162487148,1.9991152142115904,False,False,False,True,False,False
6.890338018266329,81.2394366197183,0,0,0,0,0,0,0,0.8886641126398388,10.705264897621522,10.521209139977445,0.6931471805599453,1.4194402772748433,0.0647482511818972,7.691200097522863,1.9906184714459416,True,False,False,False,False,False
6.821390774229094,0.0,0,0,0,0,0,0,0,0.3902922829787633,4.997212273764115,10.314250112380222,0.6931471805599453,2.3657337954580724,0.13870677141314172,8.028781162487148,1.9991152142115904,False,False,False,True,False,False
6.724256288854555,68.29268292682927,0,0,0,0,0,0,0,0.3902922829787633,8.442038517815478,10.091309545296372,0.6931471805599453,1.8137292431845222,0.08210661193942397,8.028781162487148,1.9991152142115904,False,False,False,True,False,False
6.797217703082447,77.73654916512059,0,0,0,0,0,0,0,0.8886641126398388,9.881548645017373,10.300351210911103,0.6931471805599453,2.168589312503233,0.07014560221888445,7.691200097522863,1.9906184714459416,True,False,False,False,False,False
6.8697529348725315,81.57894736842105,0,0,0,0,0,0,0,0.34871731190584043,10.872143004616145,10.665471687833465,2.5649493574615367,2.0108737261393617,0.2359193910871572,8.174702882469461,2.0644946046636603,False,False,False,False,False,True
6.794607080130419,82.35294117647058,0,0,0,0,0,0,0,0.8886641126398388,7.415776975415394,9.797980786126336,0.6931471805599453,0.5520045522735503,0.09346925923714403,7.691200097522863,1.9906184714459416,True,False,False,False,False,False
6.7407259017789665,66.66666666666666,0,0,0,0,0,0,0,0.38249375632476623,7.119635638017636,10.074209079303039,0.6931471805599453,0.6308623454554859,0.09735711429650389,7.360739903058278,2.0186487050933315,False,False,False,False,True,False
6.759224938434093,0.0,0,0,0,0,0,0,0,0.7805845659575266,5.19295685089021,9.967730591475465,1.0986122886681098,0.6702912420464539,0.2115581392669917,8.028781162487148,1.9991152142115904,False,False,False,True,False,False
6.872724838781157,75.58275058275058,0,0,0,0,0,0,0,0.3902922829787633,10.4300782518805,10.448627319059822,0.6931471805599453,1.4982980704567792,0.06645656569594516,8.028781162487148,1.9991152142115904,False,False,False,True,False,False
6.836335151609738,76.30979498861048,0,0,0,0,0,0,0,0.7805845659575266,8.895355616996392,10.073010932873734,1.0986122886681098,0.7097201386374217,0.12350403243789229,8.028781162487148,1.9991152142115904,False,False,False,True,False,False
6.5004185244497705,84.61538461538461,0,0,0,0,0,0,0,0.34871731190584043,7.024649030453636,9.91128039696677,2.5649493574615367,1.6165847602296828,0.3651355884602676,8.174702882469461,2.0644946046636603,False,False,False,False,False,True
6.698349863309581,78.26086956521739,0,0,0,0,0,0,0,19.507181572563077,7.107425474110705,9.975061436184497,3.9512437185814275,1.85315813977549,0.555931783312271,7.360739903058278,2.0186487050933315,False,False,False,False,True,False
6.5004185244497705,0.0,0,0,0,0,0,0,0,1.706172766409985,3.9512437185814275,9.91128039696677,2.5933276030091386,1.0645802079561326,0.6563319774008254,6.415096959171596,1.8969222823803258,False,False,True,False,False,False
6.5004185244497705,63.73626373626373,0,0,0,0,0,0,0,1.5611691319150531,7.71333788887187,9.91128039696677,1.6094379124341003,1.0251513113651647,0.20865647734115947,8.028781162487148,1.9991152142115904,False,False,False,True,False,False
6.865589542548404,72.96093214530501,0,0,0,0,0,0,0,0.8886641126398388,10.8187777840767,10.41825505771094,0.6931471805599453,2.5234493818219437,0.06406889894532575,7.691200097522863,1.9906184714459416,True,False,False,False,False,False
6.810822042773845,0.0,0,0,0,0,0,0,0,4.533325054775926,4.465908118654584,10.090738750324451,5.056245805348308,0.8674357250012932,1.132187602388822,8.174702882469461,2.0644946046636603,False,False,False,False,False,True
6.656742855195437,77.4798927613941,0,0,0,0,0,0,0,0.34871731190584043,9.865110483415124,10.300277092579776,2.5649493574615367,0.5914334488645181,0.26000209138799196,8.174702882469461,2.0644946046636603,False,False,False,False,False,True
4.9263479368027125,100.0,0,0,0,0,0,0,0,0.8886641126398388,4.890349128221754,8.362349991150289,0.6931471805599453,1.85315813977549,0.1417377701235801,7.691200097522863,1.9906184714459416,True,False,False,False,False,False
6.818850027557036,80.24213075060533,0,0,0,0,0,0,0,0.3777770878979938,11.242323362496316,10.401186759828693,2.6390573296152584,0.35486006931871084,0.23474305484033556,8.174702882469461,2.0644946046636603,False,False,False,False,False,True
6.794607080130419,75.0,0,0,0,0,0,0,0,0.8886641126398388,5.902633333401366,9.797980786126336,0.6931471805599453,1.6954425534116186,0.11743016064332126,7.691200097522863,1.9906184714459416,True,False,False,False,False,False
6.842297549793959,77.29729729729729,0,0,0,0,0,0,0,1.529975025299065,9.123038043573386,10.316283777434755,1.6094379124341003,1.6954425534116186,0.17641468825923065,7.360739903058278,2.0186487050933315,False,False,False,False,True,False
5.775788441476067,100.0,0,0,0,0,0,0,0,0.9078461025802542,4.060443010546419,8.653460843742746,0.6931471805599453,0.8280068284103254,0.17070727966372012,6.104793232414985,1.8852953146630171,False,True,False,False,False,False
6.9628532979221385,82.57153474544779,0,0,0,0,0,0,0,0.34871731190584043,12.91989951963162,10.763749346307385,2.5649493574615367,0.5520045522735503,0.19852703603183053,8.174702882469461,2.0644946046636603,False,False,False,False,False,True
6.876922260876517,82.62692128551467,0,0,0,0,0,0,0,0.34871731190584043,12.224005879540199,10.561400037668186,2.5649493574615367,0.9857224147741969,0.20982887138123793,8.174702882469461,2.0644946046636603,False,False,False,False,False,True
6.677693639525605,72.72727272727273,0,0,0,0,0,0,0,0.8886641126398388,6.150602768446279,9.328032216867232,0.6931471805599453,0.9857224147741969,0.112695813183696,7.691200097522863,1.9906184714459416,True,False,False,False,False,False
6.779782172998328,69.56521739130434,0,0,0,0,0,0,0,0.8886641126398388,6.4967749901858625,10.42324578946821,0.6931471805599453,0.7097201386374217,0.10669096307121996,7.691200097522863,1.9906184714459416,True,False,False,False,False,False
6.195191110040243,70.47619047619048,0,0,0,0,0,0,0,0.7805845659575266,7.81923445385907,7.8686083776014435,1.0986122886681098,0.31543117272774296,0.14050125944566166,8.028781162487148,1.9991152142115904,False,False,False,True,False,False
5.879225467208256,0.0,0,0,0,0,0,0,0,0.9078461025802542,4.532599493153256,8.024343613012375,0.6931471805599453,0.47314675909161447,0.1529248683028321,6.104793232414985,1.8852953146630171,False,True,False,False,False,False
6.795992294212215,83.58778625954199,0,0,0,0,0,0,0,0.3902922829787633,9.468464892185638,10.244205077077597,0.6931471805599453,1.3011535875019398,0.07320586689105246,8.028781162487148,1.9991152142115904,False,False,False,True,False,False
6.8536771222611135,73.6024844720497,0,0,0,0,0,0,0,0.38249375632476623,9.3729692954244,10.356631814037343,0.6931471805599453,1.6954425534116186,0.07395171782951628,7.360739903058278,2.0186487050933315,False,False,False,False,True,False
6.816209798699278,81.67053364269141,0,0,0,0,0,0,0,0.34871731190584043,9.426257878198653,10.266904415077516,2.5649493574615367,0.7885779318193574,0.2721068520089857,8.174702882469461,2.0644946046636603,False,False,False,False,False,True
6.836119669363083,73.93364928909952,0,0,0,0,0,0,0,0.38249375632476623,8.977651407818442,10.184762378297059,0.6931471805599453,1.2617246909109718,0.0772080747038472,7.360739903058278,2.0186487050933315,False,False,False,False,True,False
6.748850518355393,82.4643384161338,0,0,0,0,0,0,0,0.34871731190584043,11.612508322056724,10.574093118844061,2.5649493574615367,0.7491490352283896,0.22087815020891638,8.174702882469461,2.0644946046636603,False,False,False,False,False,True
6.901913240256757,80.15873015873017,0,0,0,0,0,0,0,0.34871731190584043,9.735660441892627,10.503296957042991,2.5649493574615367,0.6702912420464539,0.2634592047216991,8.174702882469461,2.0644946046636603,False,False,False,False,False,True
6.911746264844299,0.0,0,0,0,0,0,0,0,0.35959152870240046,8.19671240721307,10.599554633331612,2.5933276030091386,1.2617246909109718,0.31638631126389427,8.174702882469461,2.0644946046636603,False,False,False,False,False,True
5.558589488847307,100.0,0,0,0,0,0,0,0,0.38249375632476623,4.499809670330265,5.858417164315927,0.6931471805599453,0.8280068284103254,0.15403922195426356,7.360739903058278,2.0186487050933315,False,False,False,False,True,False
6.635415443929664,64.66666666666666,0,0,0,0,0,0,0,1.1474812689742986,8.565983355585669,10.320263636488697,1.3862943611198906,2.089731519321297,0.1618371532575909,7.360739903058278,2.0186487050933315,False,False,False,False,True,False
5.7918085106382975,75.0,0,0,0,0,0,0,0,0.13788144168663172,7.959625305098115,7.751630876729169,0.6931471805599453,1.1434380011380683,0.0870828907129569,6.415096959171596,1.8969222823803258,False,False,True,False,False,False
6.733959772080677,79.49790794979079,0,0,0,0,0,0,0,2.7576288337326345,9.971940278170571,10.36835227835118,3.044522437723423,1.1434380011380683,0.30530893214314,6.415096959171596,1.8969222823803258,False,False,True,False,False,False
6.5004185244497705,100.0,0,0,0,0,0,0,0,0.38249375632476623,4.820281565605037,9.91128039696677,0.6931471805599453,2.4445915886400083,0.14379806887337754,7.360739903058278,2.0186487050933315,False,False,False,False,True,False
6.66391737475365,64.0,0,0,0,0,0,0,0,0.8886641126398388,8.659733878198347,9.799753131264394,0.6931471805599453,1.4194402772748433,0.08004254984151478,7.691200097522863,1.9906184714459416,True,False,False,False,False,False
6.510263751421897,66.66666666666666,0,0,0,0,0,0,0,0.5515257667465269,5.638354669333745,9.93043086016947,1.6094379124341003,0.8674357250012932,0.2854446034031199,6.415096959171596,1.8969222823803258,False,False,True,False,False,False
5.879225467208256,69.44444444444444,0,0,0,0,0,0,0,0.9078461025802542,8.653470809708786,8.024343613012375,0.6931471805599453,0.6702912420464539,0.08010048173760138,6.104793232414985,1.8852953146630171,False,True,False,False,False,False
5.879225467208256,74.64788732394366,0,0,0,0,0,0,0,0.9078461025802542,7.551186867296149,8.024343613012375,0.6931471805599453,0.7491490352283896,0.0917931436132159,6.104793232414985,1.8852953146630171,False,True,False,False,False,False
6.799447922681467,71.42857142857143,0,0,0,0,0,0,0,1.0752117117096747,7.261225091971921,10.401419368506971,3.6375861597263857,0.23657337954580723,0.5009603907952302,8.174702882469461,2.0644946046636603,False,False,False,False,False,True
6.801305199251226,78.69565217391305,0,0,0,0,0,0,0,1.529975025299065,8.277920258172143,10.691628402533764,1.6094379124341003,0.7491490352283896,0.19442539457241426,7.360739903058278,2.0186487050933315,False,False,False,False,True,False
6.925007357097154,82.6086956521739,0,0,0,0,0,0,0,0.3902922829787633,7.180069874302796,10.493978613557319,0.6931471805599453,0.3942889659096787,0.09653766504984769,8.028781162487148,1.9991152142115904,False,False,False,True,False,False
6.911270384486426,81.86738836265224,0,0,0,0,0,0,0,0.3777770878979938,11.044248954712396,10.487910845375799,2.6390573296152584,1.0645802079561326,0.23895308231794402,8.174702882469461,2.0644946046636603,False,False,False,False,False,True
6.662948251583755,60.86956521739131,0,0,0,0,0,0,0,0.7649875126495325,7.998335395952982,10.093243666143405,1.0986122886681098,1.3800113806838756,0.13735511631882658,7.360739903058278,2.0186487050933315,False,False,False,False,True,False
5.775788441476067,100.0,0,0,0,0,0,0,0,0.9078461025802542,4.762173934797756,8.653460843742746,0.6931471805599453,0.3942889659096787,0.1455526803620167,6.104793232414985,1.8852953146630171,False,True,False,False,False,False
6.898186709756097,72.64150943396226,0,0,0,0,0,0,0,1.1708768489362897,9.656115343487846,10.640116391293107,1.3862943611198906,1.7743003465935543,0.14356646661794667,8.028781162487148,1.9991152142115904,False,False,False,True,False,False
6.726465955361014,64.70588235294117,0,0,0,0,0,0,0,0.8886641126398388,7.046647277848756,10.24608621969221,0.6931471805599453,2.4445915886400083,0.09836552806309237,7.691200097522863,1.9906184714459416,True,False,False,False,False,False
6.886595082004575,77.03703703703704,0,0,0,0,0,0,0,5.464091961702686,7.9603236291488395,10.404229587558916,2.70805020110221,0.5520045522735503,0.34019348047433207,8.028781162487148,1.9991152142115904,False,False,False,True,False,False
6.869882264560972,69.44444444444444,0,0,0,0,0,0,0,1.4820485755998218,7.2909747781429814,10.481633026049646,3.9512437185814275,0.3942889659096787,0.5419362758497723,8.174702882469461,2.0644946046636603,False,False,False,False,False,True
6.808518958862161,81.71806167400881,0,0,0,0,0,0,0,0.7805845659575266,9.012742727629712,10.427076252758635,1.0986122886681098,0.7491490352283896,0.12189544535651436,8.028781162487148,1.9991152142115904,False,False,False,True,False,False
5.7918085106382975,100.0,0,0,0,0,0,0,0,0.965170091806422,4.477336814478207,7.751630876729169,2.0794415416798357,1.0251513113651647,0.46443714820730453,6.415096959171596,1.8969222823803258,False,False,True,False,False,False
6.824542885368528,80.71065989847716,0,0,0,0,0,0,0,1.1708768489362897,8.72534492491121,10.051846796367416,1.3862943611198906,0.5520045522735503,0.15888132481295547,8.028781162487148,1.9991152142115904,False,False,False,True,False,False
7.014811230547079,85.95482546201232,0,0,0,0,0,0,0,0.6974346238116809,11.550500594123315,10.802361970062986,3.2188758248682006,0.3942889659096787,0.2786784692696268,8.174702882469461,2.0644946046636603,False,False,False,False,False,True
5.879225467208256,90.0,0,0,0,0,0,0,0,0.9078461025802542,5.62040086571715,8.024343613012375,0.6931471805599453,0.31543117272774296,0.1233270005326393,6.104793232414985,1.8852953146630171,False,True,False,False,False,False
6.195191110040243,55.172413793103445,0,0,0,0,0,0,0,0.7805845659575266,6.9650803456014065,7.8686083776014435,1.0986122886681098,0.9462935181832289,0.15773145953182097,8.028781162487148,1.9991152142115904,False,False,False,True,False,False
6.9287223551536545,81.56445097319134,0,0,0,0,0,0,0,0.7264943998038342,12.080940168772623,10.47435829700985,3.258096538021482,1.3405824840929077,0.26968898881257286,8.174702882469461,2.0644946046636603,False,False,False,False,False,True
6.6934802647434,88.88888888888889,0,0,0,0,0,0,0,0.7555541757959876,7.23561914106675,9.704945179459122,3.295836866004329,0.6308623454554859,0.4555017064536128,8.174702882469461,2.0644946046636603,False,False,False,False,False,True
5.879225467208256,76.42276422764228,0,0,0,0,0,0,0,0.9078461025802542,7.650168700845001,8.024343613012375,0.6931471805599453,0.27600227613677514,0.09060547651496674,6.104793232414985,1.8852953146630171,False,True,False,False,False,False
6.195191110040243,74.11764705882354,0,0,0,0,0,0,0,0.3902922829787633,7.907651594711089,7.8686083776014435,0.6931471805599453,1.3405824840929077,0.0876552503936246,8.028781162487148,1.9991152142115904,False,False,False,True,False,False
6.911270384486426,82.2872340425532,0,0,0,0,0,0,0,0.3777770878979938,10.637920620001616,10.487910845375799,2.6390573296152584,1.4194402772748433,0.24808018633390194,8.174702882469461,2.0644946046636603,False,False,False,False,False,True
6.802670926078823,74.83443708609272,0,0,0,0,0,0,0,0.7805845659575266,10.563052096078946,10.431729956458748,1.0986122886681098,1.0251513113651647,0.10400519458537175,8.028781162487148,1.9991152142115904,False,False,False,True,False,False
6.84893481635392,67.85714285714286,0,0,0,0,0,0,0,1.104271487701828,7.3938782901077555,10.17777720847506,3.6635616461296463,1.4588691738658113,0.4954857927579242,8.174702882469461,2.0644946046636603,False,False,False,False,False,True
6.195191110040243,71.42857142857143,0,0,0,0,0,0,0,0.7805845659575266,8.630700432209832,7.8686083776014435,1.0986122886681098,0.7097201386374217,0.12729120855221454,8.028781162487148,1.9991152142115904,False,False,False,True,False,False
6.6658924439485645,100.0,0,0,0,0,0,0,0,0.4136443250598951,5.0369526024136295,10.349466423357162,1.3862943611198906,0.31543117272774296,0.2752248175723551,6.415096959171596,1.8969222823803258,False,False,True,False,False,False
6.195191110040243,66.15384615384615,0,0,0,0,0,0,0,0.3902922829787633,8.087332926473351,7.8686083776014435,0.6931471805599453,0.4337178625006466,0.08570775889427944,8.028781162487148,1.9991152142115904,False,False,False,True,False,False
6.653684265572153,66.66666666666666,0,0,0,0,0,0,0,0.3902922829787633,4.290459441148391,9.434818900558579,0.6931471805599453,1.7743003465935543,0.16155546744299637,8.028781162487148,1.9991152142115904,False,False,False,True,False,False
6.894307060164043,68.0,0,0,0,0,0,0,0,0.8886641126398388,6.55250788703459,10.371185843449265,0.6931471805599453,0.9857224147741969,0.10578349427575229,7.691200097522863,1.9906184714459416,True,False,False,False,False,False
6.5004185244497705,0.0,0,0,0,0,0,0,0,1.529975025299065,3.295836866004329,9.91128039696677,1.6094379124341003,3.509171796596141,0.4883245069059757,7.360739903058278,2.0186487050933315,False,False,False,False,True,False
6.548792989998894,0.0,0,0,0,0,0,0,0,0.3902922829787633,3.828641396489095,9.223228522439266,0.6931471805599453,0.8280068284103254,0.1810425967800402,8.028781162487148,1.9991152142115904,False,False,False,True,False,False
6.195191110040243,66.15384615384615,0,0,0,0,0,0,0,0.7805845659575266,7.4133673356952405,7.8686083776014435,1.0986122886681098,0.8674357250012932,0.14819342397594543,8.028781162487148,1.9991152142115904,False,False,False,True,False,False
6.726881389735055,86.66666666666667,0,0,0,0,0,0,0,0.8886641126398388,6.0063531596017325,9.920300326844044,0.6931471805599453,0.9462935181832289,0.11540233518435108,7.691200097522863,1.9906184714459416,True,False,False,False,False,False
5.558589488847307,100.0,0,0,0,0,0,0,0,0.8886641126398388,4.532599493153256,5.858417164315927,0.6931471805599453,1.1828668977290362,0.1529248683028321,7.691200097522863,1.9906184714459416,True,False,False,False,False,False
6.838929313847025,80.5,0,0,0,0,0,0,0,2.3417536978725795,9.812194294089737,10.267262337522036,1.9459101490553132,1.0645802079561326,0.19831549302151608,8.028781162487148,1.9991152142115904,False,False,False,True,False,False
6.5264888547538815,0.0,0,0,0,0,0,0,0,0.35959152870240046,6.846943139585379,9.75745455496221,2.5933276030091386,0.7097201386374217,0.3787569942002146,8.174702882469461,2.0644946046636603,False,False,False,False,False,True
6.899798396766862,55.172413793103445,0,0,0,0,0,0,0,0.7649875126495325,7.889084407035514,10.427916688803025,1.0986122886681098,0.7885779318193574,0.13925726129744073,7.360739903058278,2.0186487050933315,False,False,False,False,True,False
6.715834560220714,84.84848484848484,0,0,0,0,0,0,0,0.7805845659575266,6.859614903654202,10.195100444742415,1.0986122886681098,0.5520045522735503,0.16015655457318245,8.028781162487148,1.9991152142115904,False,False,False,True,False,False
6.754818962416433,0.0,0,0,0,0,0,0,0,0.35959152870240046,4.867534450455582,10.53249559764114,2.5933276030091386,2.3657337954580724,0.5327805338422233,8.174702882469461,2.0644946046636603,False,False,False,False,False,True
6.622168674698795,50.0,0,0,0,0,0,0,0,0.3902922829787633,5.986452005284438,9.89558775645304,0.6931471805599453,0.5914334488645181,0.1157859747222698,8.028781162487148,1.9991152142115904,False,False,False,True,False,False
6.772442409641736,74.40381558028616,0,0,0,0,0,0,0,2.294962537948597,10.166851317336702,10.315113955906533,1.9459101490553132,1.3405824840929077,0.19139752203684846,7.360739903058278,2.0186487050933315,False,False,False,False,True,False
6.832649884582268,77.88184438040345,0,0,0,0,0,0,0,1.1708768489362897,10.257168017494532,10.156056370887983,1.3862943611198906,1.4982980704567792,0.13515371482220429,8.028781162487148,1.9991152142115904,False,False,False,True,False,False
6.86228723736527,81.37931034482759,0,0,0,0,0,0,0,0.8886641126398388,9.926227039505617,10.657676003296745,0.6931471805599453,1.3800113806838756,0.06982987370742912,7.691200097522863,1.9906184714459416,True,False,False,False,False,False
6.6755635503297155,82.06896551724138,0,0,0,0,0,0,0,1.5611691319150531,8.177796683277778,10.294318737965854,1.6094379124341003,1.7348714500025864,0.19680581148772391,8.028781162487148,1.9991152142115904,False,False,False,True,False,False
5.558589488847307,0.0,0,0,0,0,0,0,0,0.5811955198430674,3.6888794541139363,5.858417164315927,3.044522437723423,0.5125756556825823,0.8253244584417337,8.174702882469461,2.0644946046636603,False,False,False,False,False,True
6.962751484464189,79.48717948717949,0,0,0,0,0,0,0,0.6974346238116809,9.031572493381526,10.71613586485885,3.2188758248682006,0.19714448295483936,0.3564025896074069,8.174702882469461,2.0644946046636603,False,False,False,False,False,True
6.800166494369348,25.0,0,0,0,0,0,0,0,0.7555541757959876,5.3612921657094255,10.407158941641097,3.295836866004329,1.2617246909109718,0.6147467371922665,8.174702882469461,2.0644946046636603,False,False,False,False,False,True
5.558589488847307,50.0,0,0,0,0,0,0,0,0.3902922829787633,4.718498871295094,5.858417164315927,0.6931471805599453,1.5377269670477471,0.1468999356504447,8.028781162487148,1.9991152142115904,False,False,False,True,False,False
5.7918085106382975,0.0,0,0,0,0,0,0,0,7.805845659575265,4.465908118654584,7.751630876729169,3.044522437723423,0.5520045522735503,0.6817252744198031,8.028781162487148,1.9991152142115904,False,False,False,True,False,False
6.614435089331892,84.73205257836199,0,0,0,0,0,0,0,0.34871731190584043,10.048712804688908,10.034009404199399,2.5649493574615367,0.7491490352283896,0.2552515339342454,8.174702882469461,2.0644946046636603,False,False,False,False,False,True
6.195191110040243,66.66666666666666,0,0,0,0,0,0,0,0.7805845659575266,7.8328075165248645,7.8686083776014435,1.0986122886681098,1.3405824840929077,0.14025779215822282,8.028781162487148,1.9991152142115904,False,False,False,True,False,False
6.5004185244497705,0.0,0,0,0,0,0,0,0,0.2905977599215337,4.564348191467836,9.91128039696677,2.3978952727983707,1.1828668977290362,0.525353275475515,8.174702882469461,2.0644946046636603,False,False,False,False,False,True
6.5004185244497705,60.0,0,0,0,0,0,0,0,0.8886641126398388,5.313205979041787,9.91128039696677,0.6931471805599453,0.31543117272774296,0.1304574268895465,7.691200097522863,1.9906184714459416,True,False,False,False,False,False
6.106210567052468,71.42857142857143,0,0,0,0,0,0,0,1.017092159725368,6.45833828334479,10.427792075670013,3.58351893845611,1.6954425534116186,0.5548670232554304,8.174702882469461,2.0644946046636603,False,False,False,False,False,True
6.911270384486426,80.15320334261838,0,0,0,0,0,0,0,0.7555541757959876,10.475681051249266,10.487910845375799,3.295836866004329,1.4194402772748433,0.3146179088386132,8.174702882469461,2.0644946046636603,False,False,False,False,False,True
6.289007148338809,84.05797101449275,0,0,0,0,0,0,0,0.8886641126398388,7.7752758464868625,7.921587131345857,0.6931471805599453,0.3942889659096787,0.08914759993668045,7.691200097522863,1.9906184714459416,True,False,False,False,False,False
6.827850625188941,75.43859649122807,0,0,0,0,0,0,0,1.3948692476233617,7.447751280047908,9.960021534452826,3.8918202981106265,1.3800113806838756,0.5225497135674477,8.174702882469461,2.0644946046636603,False,False,False,False,False,True
6.764465840959698,82.34385061171925,0,0,0,0,0,0,0,0.3777770878979938,12.179687601585462,10.329557543516108,2.6390573296152584,1.7348714500025864,0.2166769309642823,8.174702882469461,2.0644946046636603,False,False,False,False,False,True
6.178204441924253,69.36936936936937,0,0,0,0,0,0,0,2.3417536978725795,8.495765244002618,8.556962269919833,1.9459101490553132,0.9857224147741969,0.2290447173583312,8.028781162487148,1.9991152142115904,False,False,False,True,False,False
6.507792820003855,83.61581920903954,0,0,0,0,0,0,0,0.8886641126398388,9.213435576883485,10.40618599201978,0.6931471805599453,0.3942889659096787,0.07523221655763805,7.691200097522863,1.9906184714459416,True,False,False,False,False,False
6.802233338507634,80.18501939719486,0,0,0,0,0,0,0,0.3777770878979938,11.49078210028454,10.345925855493027,2.6390573296152584,0.31543117272774296,0.22966733739994155,8.174702882469461,2.0644946046636603,False,False,False,False,False,True
6.5792227772955725,86.008719778042,0,0,0,0,0,0,0,0.7264943998038342,11.32728239806388,10.089198830976853,3.258096538021482,0.31543117272774296,0.2876326751223553,8.174702882469461,2.0644946046636603,False,False,False,False,False,True
6.677693639525605,25.0,0,0,0,0,0,0,0,0.3902922829787633,5.831882477283517,9.328032216867232,0.6931471805599453,0.6702912420464539,0.11885479230075506,8.028781162487148,1.9991152142115904,False,False,False,True,False,False
6.778371967850202,85.49222797927462,0,0,0,0,0,0,0,0.8886641126398388,8.301273485191347,10.44611879933651,0.6931471805599453,0.5520045522735503,0.08349889710252908,7.691200097522863,1.9906184714459416,True,False,False,False,False,False
6.843630550882726,84.14351851851852,0,0,0,0,0,0,0,1.3076899196469016,11.107165313341005,10.487898073775016,3.828641396489095,0.47314675909161447,0.34470013621661405,8.174702882469461,2.0644946046636603,False,False,False,False,False,True
6.859597488328051,81.5028901734104,0,0,0,0,0,0,0,0.7555541757959876,8.971194463184467,10.412979349009845,3.295836866004329,1.1434380011380683,0.36737993803719415,8.174702882469461,2.0644946046636603,False,False,False,False,False,True
6.873717572593431,77.78422273781904,0,0,0,0,0,0,0,0.34871731190584043,10.8693871609623,10.608746269449368,2.5649493574615367,1.1434380011380683,0.23597920650702575,8.174702882469461,2.0644946046636603,False,False,False,False,False,True
6.608354723274798,76.81159420289855,0,0,0,0,0,0,0,1.4820485755998218,7.360739903058278,9.69242205478945,3.9512437185814275,1.5377269670477471,0.536799801462859,8.174702882469461,2.0644946046636603,False,False,False,False,False,True
6.542958467678293,74.26900584795322,0,0,0,0,0,0,0,0.3902922829787633,8.487352349405215,9.733494725610756,0.6931471805599453,0.9857224147741969,0.08166824611782734,8.028781162487148,1.9991152142115904,False,False,False,True,False,False
6.9044782673925535,89.74358974358975,0,0,0,0,0,0,0,0.8886641126398388,7.355641102974253,10.296631558316447,0.6931471805599453,0.7885779318193574,0.09423341498807918,7.691200097522863,1.9906184714459416,True,False,False,False,False,False
6.76597389490865,0.0,0,0,0,0,0,0,0,1.1708768489362897,4.736198448394496,10.234351594016104,1.3862943611198906,1.9320159329574258,0.2927019161517239,8.028781162487148,1.9991152142115904,False,False,False,True,False,False
6.936845412583394,76.75675675675676,0,0,0,0,0,0,0,0.3902922829787633,8.361240889642351,10.535345046808676,0.6931471805599453,2.168589312503233,0.08290003717254393,8.028781162487148,1.9991152142115904,False,False,False,True,False,False
6.7108808707015255,54.54545454545454,0,0,0,0,0,0,0,1.8598256634978156,6.822197390620491,9.975240141996258,4.174387269895637,0.9068646215922611,0.6118830973191717,8.174702882469461,2.0644946046636603,False,False,False,False,False,True
6.22747829422649,100.0,0,0,0,0,0,0,0,0.8886641126398388,4.6443908991413725,8.715280860702519,0.6931471805599453,0.5520045522735503,0.14924393652741208,7.691200097522863,1.9906184714459416,True,False,False,False,False,False
6.22747829422649,100.0,0,0,0,0,0,0,0,4.589925075897194,4.700480365792417,8.715280860702519,2.5649493574615367,0.9462935181832289,0.5456781345429856,7.360739903058278,2.0186487050933315,False,False,False,False,True,False
6.759224938434093,72.62443438914026,0,0,0,0,0,0,0,0.3902922829787633,9.448648359810164,9.967730591475465,0.6931471805599453,1.9714448295483937,0.07335940064276786,8.028781162487148,1.9991152142115904,False,False,False,True,False,False
6.6934802647434,83.72093023255815,0,0,0,0,0,0,0,2.6659923379195165,7.301822342137932,9.704945179459122,1.3862943611198906,0.19714448295483936,0.18985594227892313,7.691200097522863,1.9906184714459416,True,False,False,False,False,False
6.429001687383052,40.0,0,0,0,0,0,0,0,0.38249375632476623,5.921578419643816,10.06323526293831,0.6931471805599453,1.85315813977549,0.11705446275279391,7.360739903058278,2.0186487050933315,False,False,False,False,True,False
6.77774989605884,82.14285714285714,0,0,0,0,0,0,0,0.3777770878979938,7.228388451573604,10.011383729520993,2.6390573296152584,0.7097201386374217,0.3650962240471099,8.174702882469461,2.0644946046636603,False,False,False,False,False,True
6.638243832197137,69.64285714285714,0,0,0,0,0,0,0,1.3076899196469016,7.234177179749849,10.118310337677755,3.828641396489095,0.35486006931871084,0.529243520217663,8.174702882469461,2.0644946046636603,False,False,False,False,False,True
4.9263479368027125,0.0,0,0,0,0,0,0,0,0.8886641126398388,4.499809670330265,8.362349991150289,0.6931471805599453,0.5125756556825823,0.15403922195426356,7.691200097522863,1.9906184714459416,True,False,False,False,False,False
6.764914539452821,0.0,0,0,0,0,0,0,0,0.35959152870240046,8.060224240440958,10.70405663687312,2.5933276030091386,0.5520045522735503,0.32174385298085245,8.174702882469461,2.0644946046636603,False,False,False,False,False,True
6.715661769645538,78.41053482730737,0,0,0,0,0,0,0,8.02049817383433,12.34216700095781,10.142973788660102,5.6240175061873385,0.27600227613677514,0.4556750452129588,8.174702882469461,2.0644946046636603,False,False,False,False,False,True
6.195191110040243,73.91304347826086,0,0,0,0,0,0,0,0.7649875126495325,6.8658910748834385,7.8686083776014435,1.0986122886681098,1.6560136568206507,0.1600101540624515,7.360739903058278,2.0186487050933315,False,False,False,False,True,False
6.679564955650962,76.92307692307693,0,0,0,0,0,0,0,0.7649875126495325,6.811244378601294,9.467993016721636,1.0986122886681098,1.2222957943200041,0.1612939174697051,7.360739903058278,2.0186487050933315,False,False,False,False,True,False
6.662948251583755,80.0,0,0,0,0,0,0,0,0.13788144168663172,6.709304340258298,10.093243666143405,0.6931471805599453,0.3942889659096787,0.10331133384437591,6.415096959171596,1.8969222823803258,False,False,True,False,False,False
6.164566264410774,50.0,0,0,0,0,0,0,0,0.38249375632476623,6.030685260261263,8.390577965008806,0.6931471805599453,2.247447105685169,0.1149367195677389,7.360739903058278,2.0186487050933315,False,False,False,False,True,False
6.9991527367920785,64.8936170212766,0,0,0,0,0,0,0,0.27576288337326343,7.858640655620791,10.282811046385305,1.0986122886681098,0.9462935181832289,0.1397967328970999,6.415096959171596,1.8969222823803258,False,False,True,False,False,False
6.5264888547538815,71.99055861526357,0,0,0,0,0,0,0,0.8886641126398388,9.901535648810883,9.75745455496221,0.6931471805599453,1.2222957943200041,0.07000400797861979,7.691200097522863,1.9906184714459416,True,False,False,False,False,False
6.923011299398077,0.0,0,0,0,0,0,0,0,0.8886641126398388,4.276666119016055,10.36007137615299,0.6931471805599453,1.1040091045471006,0.16207652439312228,7.691200097522863,1.9906184714459416,True,False,False,False,False,False
6.931808670495821,84.05723045477772,0,0,0,0,0,0,0,0.7555541757959876,11.643901094412595,10.351616819456357,3.295836866004329,1.85315813977549,0.28305263324384117,8.174702882469461,2.0644946046636603,False,False,False,False,False,True
6.195191110040243,54.54545454545454,0,0,0,0,0,0,0,0.3902922829787633,6.732210706467206,7.8686083776014435,0.6931471805599453,0.23657337954580723,0.10295981673510055,8.028781162487148,1.9991152142115904,False,False,False,True,False,False
6.5004185244497705,100.0,0,0,0,0,0,0,0,2.294962537948597,4.867534450455582,9.91128039696677,1.9459101490553132,0.35486006931871084,0.39977326690994114,7.360739903058278,2.0186487050933315,False,False,False,False,True,False
6.66391737475365,84.61538461538461,0,0,0,0,0,0,0,0.8886641126398388,6.626717749249025,9.799753131264394,0.6931471805599453,2.8388805545496867,0.1045988688198613,7.691200097522863,1.9906184714459416,True,False,False,False,False,False
6.811522504055452,70.58823529411765,0,0,0,0,0,0,0,0.3902922829787633,7.796880342783522,10.178507420484628,0.6931471805599453,1.7743003465935543,0.08890057947362169,8.028781162487148,1.9991152142115904,False,False,False,True,False,False
6.491652989018659,100.0,0,0,0,0,0,0,0,0.34871731190584043,6.436150368369428,9.757023413148131,2.5649493574615367,0.9857224147741969,0.3985222859408358,8.174702882469461,2.0644946046636603,False,False,False,False,False,True
6.823242496414123,87.17948717948718,0,0,0,0,0,0,0,1.5111083515919752,8.57715877258367,10.133120443588199,3.970291913552122,1.0645802079561326,0.4628912695708632,8.174702882469461,2.0644946046636603,False,False,False,False,False,True
6.815470928920611,90.0,0,0,0,0,0,0,0,0.38249375632476623,6.280395838960195,9.992753584719262,0.6931471805599453,1.4194402772748433,0.11036679826135055,7.360739903058278,2.0186487050933315,False,False,False,False,True,False
6.773466911535102,72.72727272727273,0,0,0,0,0,0,0,1.104271487701828,7.3453648404168685,10.218785578603578,3.6635616461296463,0.7491490352283896,0.4987582952954764,8.174702882469461,2.0644946046636603,False,False,False,False,False,True
6.905395770559648,42.857142857142854,0,0,0,0,0,0,0,0.7805845659575266,5.662960480135946,10.474192763210338,1.0986122886681098,0.4337178625006466,0.193999638973595,8.028781162487148,1.9991152142115904,False,False,False,True,False,False
4.9263479368027125,0.0,0,0,0,0,0,0,0,0.38249375632476623,4.700480365792417,8.362349991150289,0.6931471805599453,0.7097201386374217,0.14746305199023912,7.360739903058278,2.0186487050933315,False,False,False,False,True,False
6.604842707205482,69.68503937007874,0,0,0,0,0,0,0,2.294962537948597,8.608860379942062,9.94521695986674,1.9459101490553132,1.0251513113651647,0.22603574261572695,7.360739903058278,2.0186487050933315,False,False,False,False,True,False
6.785034446876445,80.56755089450957,0,0,0,0,0,0,0,0.34871731190584043,10.509359684984632,10.363069581712965,2.5649493574615367,1.1434380011380683,0.24406333348036774,8.174702882469461,2.0644946046636603,False,False,False,False,False,True
6.920302378165081,76.94566813509545,0,0,0,0,0,0,0,0.6974346238116809,9.658481754364784,10.236240720792987,3.2188758248682006,0.8674357250012932,0.3332693384665299,8.174702882469461,2.0644946046636603,False,False,False,False,False,True
6.829036948424544,0.0,0,0,0,0,0,0,0,0.7649875126495325,4.110873864173311,9.778151955140352,1.0986122886681098,1.4982980704567792,0.2672454385532548,7.360739903058278,2.0186487050933315,False,False,False,False,True,False
6.2680555955337915,100.0,0,0,0,0,0,0,0,0.9078461025802542,4.31748811353631,9.017138872834964,0.6931471805599453,1.1040091045471006,0.1605440854340214,6.104793232414985,1.8852953146630171,False,True,False,False,False,False
6.949709288799546,83.28103989242493,0,0,0,0,0,0,0,0.6974346238116809,12.601686051254555,10.633419491113735,3.2188758248682006,0.6702912420464539,0.2554321550129196,8.174702882469461,2.0644946046636603,False,False,False,False,False,True
6.791142299094434,78.6472889882616,0,0,0,0,0,0,0,0.34871731190584043,10.565634141976286,10.297081042629015,2.5649493574615367,0.6702912420464539,0.2427634085181154,8.174702882469461,2.0644946046636603,False,False,False,False,False,True
6.5004185244497705,50.0,0,0,0,0,0,0,0,0.7649875126495325,6.8501261661455,9.91128039696677,1.0986122886681098,1.8925870363664579,0.16037840209391183,7.360739903058278,2.0186487050933315,False,False,False,False,True,False
6.801701699806683,61.53846153846154,0,0,0,0,0,0,0,0.6974346238116809,7.9017475185201445,10.199791871945884,3.2188758248682006,0.6308623454554859,0.4073625254823427,8.174702882469461,2.0644946046636603,False,False,False,False,False,True
5.558589488847307,100.0,0,0,0,0,0,0,0,0.8886641126398388,5.267858159063328,5.858417164315927,0.6931471805599453,0.5914334488645181,0.13158045635063056,7.691200097522863,1.9906184714459416,True,False,False,False,False,False
6.648877665074084,77.77777777777779,0,0,0,0,0,0,0,0.4136443250598951,7.074963197966044,10.142246656037226,1.3862943611198906,0.5520045522735503,0.19594368512311575,6.415096959171596,1.8969222823803258,False,False,True,False,False,False
6.58558055977916,54.54545454545454,0,0,0,0,0,0,0,1.5111083515919752,6.230481447578482,9.56895283095515,3.970291913552122,0.9068646215922611,0.6372367764765919,8.174702882469461,2.0644946046636603,False,False,False,False,False,True
6.195191110040243,50.0,0,0,0,0,0,0,0,0.7805845659575266,6.975413927455952,7.8686083776014435,1.0986122886681098,0.9068646215922611,0.1574977915423568,8.028781162487148,1.9991152142115904,False,False,False,True,False,False
6.779782172998328,0.0,0,0,0,0,0,0,0,2.3417536978725795,4.330733340286331,10.42324578946821,1.9459101490553132,0.6702912420464539,0.44932578299236897,8.028781162487148,1.9991152142115904,False,False,False,True,False,False
6.726881389735055,74.69879518072288,0,0,0,0,0,0,0,0.3777770878979938,10.807604483478574,9.920300326844044,2.6390573296152584,1.4982980704567792,0.24418522473222873,8.174702882469461,2.0644946046636603,False,False,False,False,False,True
5.459667665453769,50.0,0,0,0,0,0,0,0,0.8886641126398388,5.241747015059643,8.948486118878149,0.6931471805599453,0.5914334488645181,0.1322359088617821,7.691200097522863,1.9906184714459416,True,False,False,False,False,False
6.741621400639805,80.46875,0,0,0,0,0,0,0,0.8886641126398388,8.185071477532283,10.138276512874846,0.6931471805599453,0.8280068284103254,0.08468431613121627,7.691200097522863,1.9906184714459416,True,False,False,False,False,False
5.775788441476067,0.0,0,0,0,0,0,0,0,0.9078461025802542,3.2188758248682006,8.653460843742746,0.6931471805599453,0.47314675909161447,0.21533827903669653,6.104793232414985,1.8852953146630171,False,True,False,False,False,False
6.195191110040243,36.36363636363637,0,0,0,0,0,0,0,0.3902922829787633,6.0867747269123065,7.8686083776014435,0.6931471805599453,0.47314675909161447,0.11387758076461035,8.028781162487148,1.9991152142115904,False,False,False,True,False,False
6.662948251583755,82.12180746561886,0,0,0,0,0,0,0,0.34871731190584043,9.92842403782616,10.093243666143405,2.5649493574615367,0.4337178625006466,0.25834405819990897,8.174702882469461,2.0644946046636603,False,False,False,False,False,True
6.741621400639805,0.0,0,0,0,0,0,0,0,0.8886641126398388,5.220355825078324,10.138276512874846,0.6931471805599453,0.27600227613677514,0.13277776530674432,7.691200097522863,1.9906184714459416,True,False,False,False,False,False
6.7436598536310965,100.0,0,0,0,0,0,0,0,0.11623910396861348,4.6443908991413725,10.08583411358424,1.6094379124341003,1.0251513113651647,0.34653368921458433,8.174702882469461,2.0644946046636603,False,False,False,False,False,True
6.22747829422649,0.0,0,0,0,0,0,0,0,0.8886641126398388,4.04305126783455,8.715280860702519,0.6931471805599453,1.1434380011380683,0.17144160057391344,7.691200097522863,1.9906184714459416,True,False,False,False,False,False
6.241442385702294,0.0,0,0,0,0,0,0,0,0.38249375632476623,5.0238805208462765,9.194091527769046,0.6931471805599453,1.1040091045471006,0.13797047475229052,7.360739903058278,2.0186487050933315,False,False,False,False,True,False
6.8393549963377245,0.0,0,0,0,0,0,0,0,0.3902922829787633,4.110873864173311,10.354711811512182,0.6931471805599453,1.2617246909109718,0.1686130986895011,8.028781162487148,1.9991152142115904,False,False,False,True,False,False
6.195191110040243,60.97560975609756,0,0,0,0,0,0,0,1.1708768489362897,7.603897968521881,7.8686083776014435,1.3862943611198906,1.3405824840929077,0.1823136458246522,8.028781162487148,1.9991152142115904,False,False,False,True,False,False
6.84893481635392,74.86033519553072,0,0,0,0,0,0,0,0.8886641126398388,9.465757483840688,10.17777720847506,0.6931471805599453,0.5520045522735503,0.07322680532891743,7.691200097522863,1.9906184714459416,True,False,False,False,False,False
6.665895077203468,61.76470588235294,0,0,0,0,0,0,0,0.7555541757959876,6.980075940561763,9.702337248378054,3.295836866004329,0.7491490352283896,0.4721777949222537,8.174702882469461,2.0644946046636603,False,False,False,False,False,True
6.8275881883992025,0.0,0,0,0,0,0,0,0,0.38249375632476623,4.844187086458591,10.166047520825343,0.6931471805599453,1.7743003465935543,0.14308844150498737,7.360739903058278,2.0186487050933315,False,False,False,False,True,False
6.868572948400319,86.53846153846155,0,0,0,0,0,0,0,1.5982876795684353,7.793586803371584,10.00003020977695,4.02535169073515,0.19714448295483936,0.516495394520241,8.174702882469461,2.0644946046636603,False,False,False,False,False,True
5.879225467208256,76.92307692307693,0,0,0,0,0,0,0,0.9078461025802542,6.582025138892826,8.024343613012375,0.6931471805599453,1.2617246909109718,0.10530910562224635,6.104793232414985,1.8852953146630171,False,True,False,False,False,False
6.821727038440741,0.0,0,0,0,0,0,0,0,1.1708768489362897,10.10467175249591,10.436461638918756,1.3862943611198906,0.8674357250012932,0.13719340866045135,8.028781162487148,1.9991152142115904,False,False,False,True,False,False
6.7897746032852675,78.33333333333333,0,0,0,0,0,0,0,0.7805845659575266,7.466799475018602,10.210692521461953,1.0986122886681098,1.8925870363664579,0.14713295734587445,8.028781162487148,1.9991152142115904,False,False,False,True,False,False
6.769866626233298,57.14285714285714,0,0,0,0,0,0,0,0.7264943998038342,6.1903154058531475,10.283514579558773,3.258096538021482,0.9068646215922611,0.5263215723936852,8.174702882469461,2.0644946046636603,False,False,False,False,False,True
6.2467029592772985,0.0,0,0,0,0,0,0,0,0.13788144168663172,4.430816798843313,9.657145167764883,0.6931471805599453,0.7491490352283896,0.15643778834207156,6.415096959171596,1.8969222823803258,False,False,True,False,False,False
6.195191110040243,50.0,0,0,0,0,0,0,0,0.3902922829787633,6.206575926724928,7.8686083776014435,0.6931471805599453,0.6308623454554859,0.11167948136674188,8.028781162487148,1.9991152142115904,False,False,False,True,False,False
6.882238498533699,75.0,0,0,0,0,0,0,0,0.7649875126495325,5.749392985908253,10.162753433877903,1.0986122886681098,1.2222957943200041,0.1910831789305072,7.360739903058278,2.0186487050933315,False,False,False,False,True,False
6.67965887931373,50.0,0,0,0,0,0,0,0,0.6974346238116809,5.765191102784844,9.888877199082298,3.2188758248682006,0.9857224147741969,0.5583294235143983,8.174702882469461,2.0644946046636603,False,False,False,False,False,True
4.83,0.0,0,0,0,0,0,0,0,0.5515257667465269,4.189654742026425,4.189654742026425,1.6094379124341003,0.31543117272774296,0.3841457140345788,6.415096959171596,1.8969222823803258,False,False,True,False,False,False
6.953545537796405,83.43057176196032,0,0,0,0,0,0,0,0.31965753591368706,11.305052226691863,10.793281239017002,2.4849066497880004,1.5771558636387148,0.21980496860695575,8.174702882469461,2.0644946046636603,False,False,False,False,False,True
6.662948251583755,83.1140350877193,0,0,0,0,0,0,0,2.3417536978725795,9.087946723762116,10.093243666143405,1.9459101490553132,1.4982980704567792,0.21411988958599104,8.028781162487148,1.9991152142115904,False,False,False,True,False,False
6.192033733782523,0.0,0,0,0,0,0,0,0,0.7555541757959876,4.90527477843843,9.566331310956217,3.295836866004329,0.7097201386374217,0.6718964818222768,8.174702882469461,2.0644946046636603,False,False,False,False,False,True
6.883380512152217,79.01234567901234,0,0,0,0,0,0,0,0.34871731190584043,9.387816877106937,10.614465174325586,2.5649493574615367,1.4194402772748433,0.27322106843779664,8.174702882469461,2.0644946046636603,False,False,False,False,False,True
6.195191110040243,75.55555555555556,0,0,0,0,0,0,0,0.7805845659575266,8.150179269682326,7.8686083776014435,1.0986122886681098,1.2222957943200041,0.13479608881179014,8.028781162487148,1.9991152142115904,False,False,False,True,False,False
6.9095318647504085,0.0,0,0,0,0,0,0,0,0.35959152870240046,9.941601884644786,10.669339850621183,2.5933276030091386,0.9068646215922611,0.26085611082602694,8.174702882469461,2.0644946046636603,False,False,False,False,False,True
6.818032823249103,71.42857142857143,0,0,0,0,0,0,0,1.529975025299065,7.739359202689098,10.342475232675952,1.6094379124341003,1.9320159329574258,0.20795493144637725,7.360739903058278,2.0186487050933315,False,False,False,False,True,False
6.195191110040243,71.875,0,0,0,0,0,0,0,1.1708768489362897,8.28374674710613,7.8686083776014435,1.3862943611198906,0.6702912420464539,0.16735112787026993,8.028781162487148,1.9991152142115904,False,False,False,True,False,False
6.722785796607942,80.98591549295774,0,0,0,0,0,0,0,0.3777770878979938,9.069813136839207,10.278217165539722,2.6390573296152584,0.9857224147741969,0.29097152166190704,8.174702882469461,2.0644946046636603,False,False,False,False,False,True
6.903578112062995,74.45008460236888,0,0,0,0,0,0,0,0.40683686389014717,9.802174390835638,10.283782289811343,2.70805020110221,0.8674357250012932,0.2762703552422054,8.174702882469461,2.0644946046636603,False,False,False,False,False,True
6.845303805487532,75.0,0,0,0,0,0,0,0,0.8886641126398388,4.6913478822291435,10.275543892771708,0.6931471805599453,1.4194402772748433,0.1477501131786861,7.691200097522863,1.9906184714459416,True,False,False,False,False,False
6.490336269696487,0.0,0,0,0,0,0,0,0,0.38249375632476623,4.343805421853684,8.81811505604364,0.6931471805599453,2.3657337954580724,0.15957141566993815,7.360739903058278,2.0186487050933315,False,False,False,False,True,False
6.7386854344927904,0.0,0,0,0,0,0,0,0,0.13788144168663172,4.634728988229636,10.145869480287827,0.6931471805599453,0.27600227613677514,0.14955506186451523,6.415096959171596,1.8969222823803258,False,False,True,False,False,False
6.5004185244497705,0.0,0,0,0,0,0,0,0,0.35959152870240046,4.836281906951478,9.91128039696677,2.5933276030091386,0.5914334488645181,0.5362234156122275,8.174702882469461,2.0644946046636603,False,False,False,False,False,True
6.762569823783621,75.28089887640449,0,0,0,0,0,0,0,1.5111083515919752,8.481773246184977,9.989595531829869,3.970291913552122,0.5914334488645181,0.4680969177451098,8.174702882469461,2.0644946046636603,False,False,False,False,False,True
6.490787726957663,72.72727272727273,0,0,0,0,0,0,0,0.3902922829787633,6.4457198193855785,10.039846610064723,0.6931471805599453,0.4337178625006466,0.10753603941569054,8.028781162487148,1.9991152142115904,False,False,False,True,False,False
6.742832950850793,0.0,0,0,0,0,0,0,0,0.38249375632476623,4.143134726391533,10.061444475712602,0.6931471805599453,2.3263048988671047,0.16730017881017414,7.360739903058278,2.0186487050933315,False,False,False,False,True,False
6.852165520065444,0.0,0,0,0,0,0,0,0,0.35959152870240046,6.0330862217988015,10.332975724480017,2.5933276030091386,1.3011535875019398,0.42985091007632276,8.174702882469461,2.0644946046636603,False,False,False,False,False,True
6.764465840959698,84.77272727272728,0,0,0,0,0,0,0,0.34871731190584043,10.738438068670435,10.329557543516108,2.5649493574615367,0.6308623454554859,0.2388568375641908,8.174702882469461,2.0644946046636603,False,False,False,False,False,True
6.921780430330742,83.9171974522293,0,0,0,0,0,0,0,0.34871731190584043,10.562224431339358,10.508009319631055,2.5649493574615367,0.6702912420464539,0.24284177770839932,8.174702882469461,2.0644946046636603,False,False,False,False,False,True
6.604842707205482,70.28571428571428,0,0,0,0,0,0,0,0.38249375632476623,9.040144994980068,9.94521695986674,0.6931471805599453,2.247447105685169,0.07667434327047247,7.360739903058278,2.0186487050933315,False,False,False,False,True,False
6.195191110040243,33.33333333333333,0,0,0,0,0,0,0,0.3902922829787633,5.170483995038151,7.8686083776014435,0.6931471805599453,1.9714448295483937,0.13405847135879798,8.028781162487148,1.9991152142115904,False,False,False,True,False,False
6.195191110040243,72.6027397260274,0,0,0,0,0,0,0,0.7805845659575266,7.351799869057777,7.8686083776014435,1.0986122886681098,0.6308623454554859,0.14943446614915953,8.028781162487148,1.9991152142115904,False,False,False,True,False,False
6.662948251583755,50.0,0,0,0,0,0,0,0,3.9029228297876326,5.356586274672012,10.093243666143405,2.3978952727983707,1.3800113806838756,0.44765362673920445,8.028781162487148,1.9991152142115904,False,False,False,True,False,False
6.725728811374182,76.11336032388664,0,0,0,0,0,0,0,0.38249375632476623,10.455186369511699,10.254378912392909,0.6931471805599453,1.3800113806838756,0.06629697033246842,7.360739903058278,2.0186487050933315,False,False,False,False,True,False
6.195191110040243,61.44578313253012,0,0,0,0,0,0,0,0.3902922829787633,7.687997166393016,7.8686083776014435,0.6931471805599453,1.6560136568206507,0.09015965609221858,8.028781162487148,1.9991152142115904,False,False,False,True,False,False
6.884066576025969,80.97229482488238,0,0,0,0,0,0,0,0.3777770878979938,11.00983650257596,10.554227794157232,2.6390573296152584,1.0251513113651647,0.23969995639788122,8.174702882469461,2.0644946046636603,False,False,False,False,False,True
6.638243832197137,66.99029126213593,0,0,0,0,0,0,0,1.1474812689742986,8.11969625295725,10.118310337677755,1.3862943611198906,1.2222957943200041,0.17073229317106445,7.360739903058278,2.0186487050933315,False,False,False,False,True,False
5.879225467208256,85.71428571428571,0,0,0,0,0,0,0,0.9078461025802542,5.713732805509369,8.024343613012375,0.6931471805599453,0.4337178625006466,0.12131249467801329,6.104793232414985,1.8852953146630171,False,True,False,False,False,False
6.800166494369348,68.0,0,0,0,0,0,0,0,1.5111083515919752,7.718240951959316,10.407158941641097,3.970291913552122,0.8280068284103254,0.5144037272565639,8.174702882469461,2.0644946046636603,False,False,False,False,False,True
6.830019888854456,74.39024390243902,0,0,0,0,0,0,0,2.294962537948597,10.87185826927572,10.535699056276355,1.9459101490553132,1.3011535875019398,0.1789859746934458,7.360739903058278,2.0186487050933315,False,False,False,False,True,False
6.195191110040243,0.0,0,0,0,0,0,0,0,0.3902922829787633,5.153291594497779,7.8686083776014435,0.6931471805599453,0.35486006931871084,0.13450571694798436,8.028781162487148,1.9991152142115904,False,False,False,True,False,False
6.772409865396259,0.0,0,0,0,0,0,0,0,0.7555541757959876,5.4638318050256105,9.86904896085482,3.295836866004329,0.9068646215922611,0.6032097955454689,8.174702882469461,2.0644946046636603,False,False,False,False,False,True
6.802233338507634,0.0,0,0,0,0,0,0,0,0.8886641126398388,7.2909747781429814,10.345925855493027,0.6931471805599453,1.1040091045471006,0.09506920564831395,7.691200097522863,1.9906184714459416,True,False,False,False,False,False
5.879225467208256,66.15384615384615,0,0,0,0,0,0,0,0.9078461025802542,7.4067107301776405,8.024343613012375,0.6931471805599453,0.4337178625006466,0.09358367105330723,6.104793232414985,1.8852953146630171,False,True,False,False,False,False
6.849355532922814,80.35714285714286,0,0,0,0,0,0,0,0.8886641126398388,8.07961802938984,9.931212376483444,0.6931471805599453,0.8280068284103254,0.0857895977308089,7.691200097522863,1.9906184714459416,True,False,False,False,False,False
6.8589635964895574,75.96153846153845,0,0,0,0,0,0,0,0.8886641126398388,8.032035314398824,10.37681323611707,0.6931471805599453,1.6165847602296828,0.08629782532421865,7.691200097522863,1.9906184714459416,True,False,False,False,False,False
5.775788441476067,0.0,0,0,0,0,0,0,0,0.3902922829787633,3.8066624897703196,8.653460843742746,0.6931471805599453,1.3800113806838756,0.18208790046993825,8.028781162487148,1.9991152142115904,False,False,False,True,False,False
6.827960768553686,80.88578088578089,0,0,0,0,0,0,0,0.43589663988230054,9.455793210210228,10.526759688868506,2.772588722239781,0.27600227613677514,0.2932158794722774,8.174702882469461,2.0644946046636603,False,False,False,False,False,True
6.826392539291025,83.64779874213836,0,0,0,0,0,0,0,0.3777770878979938,8.297792626380861,10.359502264011116,2.6390573296152584,0.5914334488645181,0.3180432975903739,8.174702882469461,2.0644946046636603,False,False,False,False,False,True
6.705092165314741,69.04761904761905,0,0,0,0,0,0,0,0.8886641126398388,7.081708586105575,9.876050320034798,0.6931471805599453,1.8137292431845222,0.09787852354160846,7.691200097522863,1.9906184714459416,True,False,False,False,False,False
6.794607080130419,0.0,0,0,0,0,0,0,0,0.8886641126398388,3.4011973816621555,9.797980786126336,0.6931471805599453,1.5771558636387148,0.20379504709050617,7.691200097522863,1.9906184714459416,True,False,False,False,False,False
6.5004185244497705,71.42857142857143,0,0,0,0,0,0,0,0.13788144168663172,5.356586274672012,9.91128039696677,0.6931471805599453,0.7885779318193574,0.12940091786394073,6.415096959171596,1.8969222823803258,False,False,True,False,False,False
6.58558055977916,74.0506329113924,0,0,0,0,0,0,0,0.38249375632476623,8.330140460246382,9.56895283095515,0.6931471805599453,1.5377269670477471,0.08320954296843201,7.360739903058278,2.0186487050933315,False,False,False,False,True,False
6.195191110040243,75.0,0,0,0,0,0,0,0,0.3902922829787633,5.831882477283517,7.8686083776014435,0.6931471805599453,0.19714448295483936,0.11885479230075506,8.028781162487148,1.9991152142115904,False,False,False,True,False,False
6.617686242730376,75.49019607843137,0,0,0,0,0,0,0,0.38249375632476623,8.130942302231878,10.057517730059283,0.6931471805599453,1.6165847602296828,0.08524807516709128,7.360739903058278,2.0186487050933315,False,False,False,False,True,False
6.786000370687271,75.44378698224851,0,0,0,0,0,0,0,2.84785804723103,8.63994165667529,9.939591632397473,4.59511985013459,1.6560136568206507,0.5318461666444659,8.174702882469461,2.0644946046636603,False,False,False,False,False,True
5.879225467208256,100.0,0,0,0,0,0,0,0,0.9078461025802542,4.02535169073515,8.024343613012375,0.6931471805599453,0.7097201386374217,0.1721954337940981,6.104793232414985,1.8852953146630171,False,True,False,False,False,False
6.807743957566365,81.0126582278481,0,0,0,0,0,0,0,0.7805845659575266,7.840312983320164,10.319489561715828,1.0986122886681098,1.1434380011380683,0.14012352453343982,8.028781162487148,1.9991152142115904,False,False,False,True,False,False
6.894164257864038,71.42857142857143,0,0,0,0,0,0,0,0.8886641126398388,7.845416036592485,10.424283202600682,0.6931471805599453,1.7348714500025864,0.08835059572710707,7.691200097522863,1.9906184714459416,True,False,False,False,False,False
6.875968526993651,83.1306990881459,0,0,0,0,0,0,0,0.6974346238116809,9.516721521860449,10.206509026585813,3.2188758248682006,1.4194402772748433,0.33823368872087517,8.174702882469461,2.0644946046636603,False,False,False,False,False,True
6.918705046679889,78.94736842105263,0,0,0,0,0,0,0,0.3902922829787633,6.71901315438526,10.485406259884702,0.6931471805599453,0.4337178625006466,0.10316205142529791,8.028781162487148,1.9991152142115904,False,False,False,True,False,False
6.686289081133667,74.8051948051948,0,0,0,0,0,0,0,0.34871731190584043,9.835262243540562,10.034701326295298,2.5649493574615367,0.5520045522735503,0.2607911506524497,8.174702882469461,2.0644946046636603,False,False,False,False,False,True
6.195191110040243,0.0,0,0,0,0,0,0,0,4.829555421039003,8.397057390176256,7.8686083776014435,2.5933276030091386,0.7885779318193574,0.3088376656854913,8.028781162487148,1.9991152142115904,False,False,False,True,False,False
6.871767856739287,50.0,0,0,0,0,0,0,0,0.3902922829787633,5.713732805509369,10.372104087377068,0.6931471805599453,2.3263048988671047,0.12131249467801329,8.028781162487148,1.9991152142115904,False,False,False,True,False,False
6.872724838781157,74.35325602140945,0,0,0,0,0,0,0,0.8886641126398388,10.506682672896412,10.448627319059822,0.6931471805599453,1.9320159329574258,0.06597202962529972,7.691200097522863,1.9906184714459416,True,False,False,False,False,False
6.813140691774841,75.32467532467533,0,0,0,0,0,0,0,3.442443806922896,8.435983135990694,10.281862975042925,2.302585092994046,0.7097201386374217,0.27294804362166825,7.360739903058278,2.0186487050933315,False,False,False,False,True,False
6.617079692115778,66.66666666666666,0,0,0,0,0,0,0,0.7649875126495325,7.589841512182657,9.959492167102487,1.0986122886681098,0.6308623454554859,0.14474772456113846,7.360739903058278,2.0186487050933315,False,False,False,False,True,False
6.838650313271204,73.40425531914893,0,0,0,0,0,0,0,0.3902922829787633,8.339261982923576,10.26999943091111,0.6931471805599453,0.31543117272774296,0.0831185279919629,8.028781162487148,1.9991152142115904,False,False,False,True,False,False
6.715661769645538,75.0,0,0,0,0,0,0,0,0.7649875126495325,7.282761179605593,10.142973788660102,1.0986122886681098,0.9857224147741969,0.15085106617866692,7.360739903058278,2.0186487050933315,False,False,False,False,True,False
5.558589488847307,100.0,0,0,0,0,0,0,0,0.8886641126398388,4.3694478524670215,5.858417164315927,0.6931471805599453,0.9068646215922611,0.15863495891559604,7.691200097522863,1.9906184714459416,True,False,False,False,False,False
6.626533453023366,40.0,0,0,0,0,0,0,0,0.7555541757959876,5.3230099791384085,9.563059716451976,3.295836866004329,0.9857224147741969,0.619167891647988,8.174702882469461,2.0644946046636603,False,False,False,False,False,True
6.662948251583755,100.0,0,0,0,0,0,0,0,2.3417536978725795,4.543294782270004,10.093243666143405,1.9459101490553132,1.4982980704567792,0.428303740415246,8.028781162487148,1.9991152142115904,False,False,False,True,False,False
6.942829757135268,25.0,0,0,0,0,0,0,0,0.3777770878979938,5.8289456176102075,10.302865934717351,2.6390573296152584,1.1040091045471006,0.45275037763986514,8.174702882469461,2.0644946046636603,False,False,False,False,False,True
6.5004185244497705,0.0,0,0,0,0,0,0,0,1.9179452154821224,4.990432586778736,9.91128039696677,4.204692619390966,1.0251513113651647,0.8425507300770982,8.174702882469461,2.0644946046636603,False,False,False,False,False,True
6.633842341262067,78.50678733031674,0,0,0,0,0,0,0,0.9078461025802542,9.050758302151717,9.93203387903092,0.6931471805599453,0.23657337954580723,0.07658443164868929,6.104793232414985,1.8852953146630171,False,True,False,False,False,False
6.90376052578994,86.95652173913044,0,0,0,0,0,0,0,0.3902922829787633,7.246368080102461,10.38555842312506,0.6931471805599453,0.4337178625006466,0.09565442617567729,8.028781162487148,1.9991152142115904,False,False,False,True,False,False
6.728879252982257,81.11753371868978,0,0,0,0,0,0,0,0.7264943998038342,9.795178249029277,10.092995148114731,3.258096538021482,0.9857224147741969,0.33262248579747555,8.174702882469461,2.0644946046636603,False,False,False,False,False,True
6.462533495106872,50.0,0,0,0,0,0,0,0,0.13788144168663172,6.517671272912275,9.368802744935918,0.6931471805599453,0.7885779318193574,0.10634890155333472,6.415096959171596,1.8969222823803258,False,False,True,False,False,False
5.459667665453769,100.0,0,0,0,0,0,0,0,0.9078461025802542,5.111987788356544,8.948486118878149,0.6931471805599453,0.5520045522735503,0.13559249537698634,6.104793232414985,1.8852953146630171,False,True,False,False,False,False
6.90255515706933,84.2279365871926,0,0,0,0,0,0,0,0.8886641126398388,12.716459172907454,10.355882473987586,0.6931471805599453,0.7491490352283896,0.054507876063228544,7.691200097522863,1.9906184714459416,True,False,False,False,False,False
6.4522290000007185,33.33333333333333,0,0,0,0,0,0,0,0.3902922829787633,5.3706380281276624,9.3993872794146,0.6931471805599453,2.0108737261393617,0.12906235291407148,8.028781162487148,1.9991152142115904,False,False,False,True,False,False
6.802670926078823,75.96439169139467,0,0,0,0,0,0,0,1.5611691319150531,10.416999564727426,10.431729956458748,1.6094379124341003,1.2617246909109718,0.15450110201441802,8.028781162487148,1.9991152142115904,False,False,False,True,False,False
6.195191110040243,40.0,0,0,0,0,0,0,0,0.3902922829787633,5.537334267018537,7.8686083776014435,0.6931471805599453,0.47314675909161447,0.12517705219431444,8.028781162487148,1.9991152142115904,False,False,False,True,False,False
6.754818962416433,82.01767753733617,0,0,0,0,0,0,0,0.31965753591368706,11.526108189767042,10.53249559764114,2.4849066497880004,1.3405824840929077,0.21558939139527752,8.174702882469461,2.0644946046636603,False,False,False,False,False,True
6.7445023943540185,0.0,0,0,0,0,0,0,0,0.5515257667465269,4.2626798770413155,9.795490042452142,1.6094379124341003,1.1434380011380683,0.3775648087257248,6.415096959171596,1.8969222823803258,False,False,True,False,False,False
6.3931134895916175,66.66666666666666,0,0,0,0,0,0,0,0.9078461025802542,5.0106352940962555,9.66392029973617,0.6931471805599453,0.7885779318193574,0.13833518902815395,6.104793232414985,1.8852953146630171,False,True,False,False,False,False
6.82178103165986,42.857142857142854,0,0,0,0,0,0,0,0.6102552958352208,5.948034989180646,10.171071949349887,3.091042453358316,0.9857224147741969,0.5196745578969961,8.174702882469461,2.0644946046636603,False,False,False,False,False,True
6.824818828803789,78.0824581874757,0,0,0,0,0,0,0,0.8886641126398388,11.533649236510204,10.383262744120527,0.6931471805599453,1.7348714500025864,0.060097820416261806,7.691200097522863,1.9906184714459416,True,False,False,False,False,False
6.756787453464921,85.37680593518157,0,0,0,0,0,0,0,2.3417536978725795,11.635505863745324,10.191954026598742,1.9459101490553132,0.3942889659096787,0.16723898142825988,8.028781162487148,1.9991152142115904,False,False,False,True,False,False
5.775788441476067,100.0,0,0,0,0,0,0,0,0.9078461025802542,4.189654742026425,8.653460843742746,0.6931471805599453,0.8674357250012932,0.16544255391905832,6.104793232414985,1.8852953146630171,False,True,False,False,False,False
6.779782172998328,60.0,0,0,0,0,0,0,0,0.13788144168663172,6.706862336602747,10.42324578946821,0.6931471805599453,0.47314675909161447,0.10334895004137626,6.415096959171596,1.8969222823803258,False,False,True,False,False,False
6.8536771222611135,82.00472394449365,0,0,0,0,0,0,0,0.7264943998038342,12.409123687536473,10.356631814037343,3.258096538021482,1.0251513113651647,0.26255653663069395,8.174702882469461,2.0644946046636603,False,False,False,False,False,True
6.289007148338809,0.0,0,0,0,0,0,0,0,0.8886641126398388,6.230481447578482,7.921587131345857,0.6931471805599453,1.7743003465935543,0.11125098219004272,7.691200097522863,1.9906184714459416,True,False,False,False,False,False
6.66391737475365,66.42857142857143,0,0,0,0,0,0,0,0.38249375632476623,8.18088094199639,9.799753131264394,0.6931471805599453,1.1040091045471006,0.08472769442245369,7.360739903058278,2.0186487050933315,False,False,False,False,True,False
6.821946310481903,79.16666666666666,0,0,0,0,0,0,0,0.7264943998038342,8.213652703029998,10.085802519161646,3.258096538021482,0.9857224147741969,0.39666840756726635,8.174702882469461,2.0644946046636603,False,False,False,False,False,True
6.195191110040243,69.40298507462687,0,0,0,0,0,0,0,1.5611691319150531,8.459564078579602,7.8686083776014435,1.6094379124341003,0.5520045522735503,0.19025069110940904,8.028781162487148,1.9991152142115904,False,False,False,True,False,False
4.9263479368027125,0.0,0,0,0,0,0,0,0,0.8886641126398388,4.836281906951478,8.362349991150289,0.6931471805599453,0.31543117272774296,0.14332232775009315,7.691200097522863,1.9906184714459416,True,False,False,False,False,False
6.810042529424079,0.0,0,0,0,0,0,0,0,0.8886641126398388,6.018593214496234,10.047568209938474,0.6931471805599453,0.7885779318193574,0.1151676406523784,7.691200097522863,1.9906184714459416,True,False,False,False,False,False
6.807779199481157,0.0,0,0,0,0,0,0,0,0.35959152870240046,5.7745515455444085,10.061237716544246,2.5933276030091386,0.8674357250012932,0.4490959310961778,8.174702882469461,2.0644946046636603,False,False,False,False,False,True
6.876420153967979,86.66666666666667,0,0,0,0,0,0,0,0.3777770878979938,9.073145132798338,10.471478329736586,2.6390573296152584,0.6702912420464539,0.290864666109592,8.174702882469461,2.0644946046636603,False,False,False,False,False,True
6.324553311165933,0.0,0,0,0,0,0,0,0,1.4529887996076685,4.007333185232471,9.012732737340823,3.9318256327243257,0.5914334488645181,0.9811576554736201,8.174702882469461,2.0644946046636603,False,False,False,False,False,True
6.312502512749229,66.25,0,0,0,0,0,0,0,4.972418832221961,7.682021510826875,10.063531187562024,2.6390573296152584,0.5914334488645181,0.34353683153527076,7.360739903058278,2.0186487050933315,False,False,False,False,True,False
6.743076983988833,50.0,0,0,0,0,0,0,0,0.3902922829787633,4.68213122712422,10.083961340239952,0.6931471805599453,1.6560136568206507,0.1480409554829326,8.028781162487148,1.9991152142115904,False,False,False,True,False,False
6.829036948424544,64.51612903225806,0,0,0,0,0,0,0,0.8886641126398388,7.172424577124845,9.778151955140352,0.6931471805599453,1.6560136568206507,0.09664056737112485,7.691200097522863,1.9906184714459416,True,False,False,False,False,False
6.722398837401743,87.02290076335878,0,0,0,0,0,0,0,0.7555541757959876,8.430545384690566,10.419203392959814,3.295836866004329,1.2222957943200041,0.39093993515406467,8.174702882469461,2.0644946046636603,False,False,False,False,False,True
4.9263479368027125,100.0,0,0,0,0,0,0,0,0.8886641126398388,4.9344739331306915,8.362349991150289,0.6931471805599453,0.8280068284103254,0.14047032975614,7.691200097522863,1.9906184714459416,True,False,False,False,False,False
6.868906944743126,81.88585607940446,0,0,0,0,0,0,0,0.34871731190584043,10.755239763272712,10.544478228920784,2.5649493574615367,0.9857224147741969,0.23848369854295542,8.174702882469461,2.0644946046636603,False,False,False,False,False,True
5.7918085106382975,0.0,0,0,0,0,0,0,0,0.38249375632476623,3.828641396489095,7.751630876729169,0.6931471805599453,0.8674357250012932,0.1810425967800402,7.360739903058278,2.0186487050933315,False,False,False,False,True,False
6.600169481894902,76.66666666666667,0,0,0,0,0,0,0,0.8886641126398388,7.45298232946546,10.138384407426036,0.6931471805599453,1.1040091045471006,0.09300265986403579,7.691200097522863,1.9906184714459416,True,False,False,False,False,False
6.295993024103089,0.0,0,0,0,0,0,0,0,2.3417536978725795,4.290459441148391,7.827680491919387,1.9459101490553132,0.9068646215922611,0.4535435367114129,8.028781162487148,1.9991152142115904,False,False,False,True,False,False
5.558589488847307,0.0,0,0,0,0,0,0,0,0.3902922829787633,4.127134385045092,5.858417164315927,0.6931471805599453,1.1040091045471006,0.16794877895704194,8.028781162487148,1.9991152142115904,False,False,False,True,False,False
6.908285555266453,61.06194690265486,0,0,0,0,0,0,0,0.38249375632476623,8.10892415597534,10.31519594090607,0.6931471805599453,1.2222957943200041,0.08547954910259901,7.360739903058278,2.0186487050933315,False,False,False,False,True,False
6.996579608726442,75.9825327510917,0,0,0,0,0,0,0,0.3777770878979938,8.754318540250866,10.520279410882022,2.6390573296152584,0.7885779318193574,0.30145776824104836,8.174702882469461,2.0644946046636603,False,False,False,False,False,True
6.744524531479761,79.72350230414746,0,0,0,0,0,0,0,0.34871731190584043,10.770335907596417,10.225216783767557,2.5649493574615367,1.3011535875019398,0.2381494300147551,8.174702882469461,2.0644946046636603,False,False,False,False,False,True
6.5004185244497705,0.0,0,0,0,0,0,0,0,0.6974346238116809,4.330733340286331,9.91128039696677,3.2188758248682006,0.6702912420464539,0.7432634549268695,8.174702882469461,2.0644946046636603,False,False,False,False,False,True
6.767541224610549,78.44827586206897,0,0,0,0,0,0,0,1.1474812689742986,9.27995971385624,10.355922751208103,1.3862943611198906,1.1828668977290362,0.14938581673473914,7.360739903058278,2.0186487050933315,False,False,False,False,True,False
6.575058393343825,0.0,0,0,0,0,0,0,0,1.1333312636939814,4.7535901911063645,10.01373579348497,3.6888794541139363,0.7097201386374217,0.7760196621525289,8.174702882469461,2.0644946046636603,False,False,False,False,False,True
5.879225467208256,100.0,0,0,0,0,0,0,0,0.9078461025802542,4.418840607796598,8.024343613012375,0.6931471805599453,0.5125756556825823,0.15686177485944097,6.104793232414985,1.8852953146630171,False,True,False,False,False,False
6.925912530740846,77.44140625,0,0,0,0,0,0,0,0.38249375632476623,9.96236948027235,10.591548324815232,0.6931471805599453,1.5377269670477471,0.06957653818527076,7.360739903058278,2.0186487050933315,False,False,False,False,True,False
6.821250155249807,79.11392405063292,0,0,0,0,0,0,0,0.8886641126398388,8.583729715216482,10.241790137738425,0.6931471805599453,0.6702912420464539,0.08075128219976392,7.691200097522863,1.9906184714459416,True,False,False,False,False,False
6.195191110040243,67.53246753246754,0,0,0,0,0,0,0,1.1708768489362897,8.008698182988528,7.8686083776014435,1.3862943611198906,0.8280068284103254,0.17309858973891068,8.028781162487148,1.9991152142115904,False,False,False,True,False,False
6.893035894557727,79.94526974198592,0,0,0,0,0,0,0,0.34871731190584043,11.463409537498313,10.516035632002781,2.5649493574615367,0.35486006931871084,0.2237510008755468,8.174702882469461,2.0644946046636603,False,False,False,False,False,True
6.671140218499566,88.0,0,0,0,0,0,0,0,0.13788144168663172,6.659293919683638,9.763111410243045,0.6931471805599453,0.19714448295483936,0.1040871883595843,6.415096959171596,1.8969222823803258,False,False,True,False,False,False
6.195191110040243,42.857142857142854,0,0,0,0,0,0,0,0.7805845659575266,5.780743515792329,7.8686083776014435,1.0986122886681098,0.8280068284103254,0.19004688335796716,8.028781162487148,1.9991152142115904,False,False,False,True,False,False
6.75984267527447,71.95121951219512,0,0,0,0,0,0,0,0.8886641126398388,9.640693195592126,10.002655528791855,0.6931471805599453,2.168589312503233,0.07189806443346448,7.691200097522863,1.9906184714459416,True,False,False,False,False,False
6.873599835391157,82.1319018404908,0,0,0,0,0,0,0,0.3777770878979938,10.492911764814268,10.395084431794904,2.6390573296152584,0.8280068284103254,0.25150857919769914,8.174702882469461,2.0644946046636603,False,False,False,False,False,True
6.794607080130419,78.46153846153847,0,0,0,0,0,0,0,0.8886641126398388,7.273786317844895,9.797980786126336,0.6931471805599453,0.9462935181832289,0.09529386075852082,7.691200097522863,1.9906184714459416,True,False,False,False,False,False
6.904255601987694,79.4350485786254,0,0,0,0,0,0,0,0.34871731190584043,11.67768538157962,10.372982108510897,2.5649493574615367,0.6308623454554859,0.21964535553488088,8.174702882469461,2.0644946046636603,False,False,False,False,False,True
6.22747829422649,0.0,0,0,0,0,0,0,0,4.829555421039003,8.407824654360873,8.715280860702519,2.5933276030091386,0.5520045522735503,0.3084421606799401,8.028781162487148,1.9991152142115904,False,False,False,True,False,False
6.195191110040243,67.20430107526882,0,0,0,0,0,0,0,2.732045980851343,8.727940222393896,7.8686083776014435,2.0794415416798357,0.5914334488645181,0.2382511209625915,8.028781162487148,1.9991152142115904,False,False,False,True,False,False
6.241442385702294,77.67857142857143,0,0,0,0,0,0,0,0.34871731190584043,8.448914350662942,9.194091527769046,2.5649493574615367,2.168589312503233,0.3035833068020483,8.174702882469461,2.0644946046636603,False,False,False,False,False,True
6.192033733782523,66.66666666666666,0,0,0,0,0,0,0,0.3902922829787633,5.645446897643238,9.566331310956217,0.6931471805599453,0.5914334488645181,0.12277986014699886,8.028781162487148,1.9991152142115904,False,False,False,True,False,False
6.510263751421897,57.14285714285714,0,0,0,0,0,0,0,3.05995005059813,8.023552392404348,9.93043086016947,2.1972245773362196,1.1828668977290362,0.27384685359769884,7.360739903058278,2.0186487050933315,False,False,False,False,True,False
6.662948251583755,80.76923076923077,0,0,0,0,0,0,0,3.447036042165793,8.165363632473982,10.093243666143405,3.258096538021482,0.4337178625006466,0.3990142612955901,6.415096959171596,1.8969222823803258,False,False,True,False,False,False
6.5004185244497705,0.0,0,0,0,0,0,0,0,0.7649875126495325,4.477336814478207,9.91128039696677,1.0986122886681098,0.6308623454554859,0.24537182128348392,7.360739903058278,2.0186487050933315,False,False,False,False,True,False
6.941592548052673,82.14285714285714,0,0,0,0,0,0,0,0.7555541757959876,8.29054350077274,10.34227112216827,3.295836866004329,0.6308623454554859,0.3975417131213572,8.174702882469461,2.0644946046636603,False,False,False,False,False,True
6.624551706647431,0.0,0,0,0,0,0,0,0,0.3902922829787633,3.58351893845611,9.714919592288245,0.6931471805599453,2.484020485230976,0.1934264036172708,8.028781162487148,1.9991152142115904,False,False,False,True,False,False
5.879225467208256,100.0,0,0,0,0,0,0,0,0.9078461025802542,4.532599493153256,8.024343613012375,0.6931471805599453,0.5914334488645181,0.1529248683028321,6.104793232414985,1.8852953146630171,False,True,False,False,False,False
6.777925656471416,0.0,0,0,0,0,0,0,0,1.7924587419262124,4.127134385045092,10.358720806111029,2.6390573296152584,0.7097201386374217,0.6394406102156581,6.415096959171596,1.8969222823803258,False,False,True,False,False,False
6.65022514614833,66.66666666666666,0,0,0,0,0,0,0,0.8886641126398388,5.814130531825066,9.973390102763855,0.6931471805599453,0.7491490352283896,0.11921768470209511,7.691200097522863,1.9906184714459416,True,False,False,False,False,False
5.879225467208256,71.42857142857143,0,0,0,0,0,0,0,0.9078461025802542,6.137727054086234,8.024343613012375,0.6931471805599453,0.8280068284103254,0.112932226287006,6.104793232414985,1.8852953146630171,False,True,False,False,False,False
6.850095302129325,79.98460354118552,0,0,0,0,0,0,0,2.3417536978725795,10.953732087806813,10.583215051780966,1.9459101490553132,0.9068646215922611,0.17764814160658632,8.028781162487148,1.9991152142115904,False,False,False,True,False,False
6.106210567052468,75.0,0,0,0,0,0,0,0,0.13788144168663172,7.007600613951853,10.427792075670013,0.6931471805599453,0.31543117272774296,0.09891362518290739,6.415096959171596,1.8969222823803258,False,False,True,False,False,False
6.195191110040243,57.49999999999999,0,0,0,0,0,0,0,0.7805845659575266,7.21890970761906,7.8686083776014435,1.0986122886681098,0.11828668977290362,0.15218534836480924,8.028781162487148,1.9991152142115904,False,False,False,True,False,False
6.576598130934997,72.83737024221453,0,0,0,0,0,0,0,0.3902922829787633,9.590350910611878,9.946553577092503,0.6931471805599453,2.0108737261393617,0.0722754763637446,8.028781162487148,1.9991152142115904,False,False,False,True,False,False
6.195191110040243,71.42857142857143,0,0,0,0,0,0,0,0.7805845659575266,6.716594773520978,7.8686083776014435,1.0986122886681098,0.4337178625006466,0.16356685578221872,8.028781162487148,1.9991152142115904,False,False,False,True,False,False
6.77042944595717,79.73568281938326,0,0,0,0,0,0,0,0.34871731190584043,9.17014318222477,10.34169611521055,2.5649493574615367,0.8674357250012932,0.2797065767122792,8.174702882469461,2.0644946046636603,False,False,False,False,False,True
6.818879505190731,83.89117427075541,0,0,0,0,0,0,0,0.6974346238116809,12.454205350827863,10.180485603094775,3.2188758248682006,0.6702912420464539,0.25845694158674154,8.174702882469461,2.0644946046636603,False,False,False,False,False,True
6.195191110040243,60.56338028169014,0,0,0,0,0,0,0,0.7805845659575266,8.27715777243181,7.8686083776014435,1.0986122886681098,1.4982980704567792,0.13272820439972596,8.028781162487148,1.9991152142115904,False,False,False,True,False,False
6.707475151734849,0.0,0,0,0,0,0,0,0,0.35959152870240046,9.308464769969381,10.328677677337987,2.5933276030091386,0.8674357250012932,0.27859885245262295,8.174702882469461,2.0644946046636603,False,False,False,False,False,True
6.7108808707015255,63.63636363636363,0,0,0,0,0,0,0,0.3902922829787633,6.013715156042802,9.975240141996258,0.6931471805599453,1.85315813977549,0.11526105952381957,8.028781162487148,1.9991152142115904,False,False,False,True,False,False
6.865310731679631,85.8642147301941,0,0,0,0,0,0,0,0.6974346238116809,12.960921514720614,10.617173877613528,3.2188758248682006,1.0251513113651647,0.2483523892350016,8.174702882469461,2.0644946046636603,False,False,False,False,False,True
6.6042056082334115,0.0,0,0,0,0,0,0,0,0.3902922829787633,3.7612001156935624,10.156733750959264,0.6931471805599453,0.47314675909161447,0.18428883314870617,8.028781162487148,1.9991152142115904,False,False,False,True,False,False
6.58558055977916,67.10526315789474,0,0,0,0,0,0,0,1.5111083515919752,7.374629015218945,9.56895283095515,3.970291913552122,0.9462935181832289,0.5383717479697856,8.174702882469461,2.0644946046636603,False,False,False,False,False,True
6.5004185244497705,0.0,0,0,0,0,0,0,0,0.8886641126398388,4.204692619390966,9.91128039696677,0.6931471805599453,0.9857224147741969,0.16485085672216038,7.691200097522863,1.9906184714459416,True,False,False,False,False,False
6.195191110040243,73.95833333333334,0,0,0,0,0,0,0,0.7649875126495325,7.7057128238944275,7.8686083776014435,1.0986122886681098,1.3405824840929077,0.1425711434847992,7.360739903058278,2.0186487050933315,False,False,False,False,True,False
5.558589488847307,0.0,0,0,0,0,0,0,0,1.5611691319150531,4.07753744390572,5.858417164315927,1.6094379124341003,0.5914334488645181,0.39470830975189775,8.028781162487148,1.9991152142115904,False,False,False,True,False,False
6.796305456123642,55.55555555555556,0,0,0,0,0,0,0,1.5611691319150531,6.142037405587356,10.114095798483907,1.6094379124341003,2.0108737261393617,0.2620364882457422,8.028781162487148,1.9991152142115904,False,False,False,True,False,False
6.22747829422649,100.0,0,0,0,0,0,0,0,0.8886641126398388,4.9344739331306915,8.715280860702519,0.6931471805599453,0.5914334488645181,0.14047032975614,7.691200097522863,1.9906184714459416,True,False,False,False,False,False
6.916696326823704,81.51774785801713,0,0,0,0,0,0,0,0.7555541757959876,11.557975309523938,10.53603205918505,3.295836866004329,0.47314675909161447,0.28515693949341736,8.174702882469461,2.0644946046636603,False,False,False,False,False,True
6.4461173097348805,59.210526315789465,0,0,0,0,0,0,0,0.3902922829787633,7.697575346802343,9.96307980421076,0.6931471805599453,0.5125756556825823,0.09004746940838795,8.028781162487148,1.9991152142115904,False,False,False,True,False,False
5.7918085106382975,50.0,0,0,0,0,0,0,0,0.3902922829787633,5.3471075307174685,7.751630876729169,0.6931471805599453,1.6560136568206507,0.1296303050907487,8.028781162487148,1.9991152142115904,False,False,False,True,False,False
6.810523973703345,50.0,0,0,0,0,0,0,0,1.0752117117096747,5.6131281063880705,10.200116618626788,3.6375861597263857,1.4588691738658113,0.6480497310557723,8.174702882469461,2.0644946046636603,False,False,False,False,False,True
6.829036948424544,86.23188405797102,0,0,0,0,0,0,0,0.8886641126398388,9.04852707581358,9.778151955140352,0.6931471805599453,0.9068646215922611,0.07660331618089593,7.691200097522863,1.9906184714459416,True,False,False,False,False,False
6.89685613347767,77.45535714285714,0,0,0,0,0,0,0,0.34871731190584043,10.50078440743924,10.735563021739752,2.5649493574615367,1.1040091045471006,0.24426264343113344,8.174702882469461,2.0644946046636603,False,False,False,False,False,True
6.195560357097322,48.0,0,0,0,0,0,0,0,1.1708768489362897,6.684611727667927,9.590465530701902,1.3862943611198906,0.7097201386374217,0.20738592121692753,8.028781162487148,1.9991152142115904,False,False,False,True,False,False
6.744524531479761,71.1864406779661,0,0,0,0,0,0,0,0.34871731190584043,8.23880116587155,10.225216783767557,2.5649493574615367,0.8280068284103254,0.3113255564519017,8.174702882469461,2.0644946046636603,False,False,False,False,False,True
6.780279228568084,71.42857142857143,0,0,0,0,0,0,0,1.4820485755998218,7.77863014732581,10.03249469767455,3.9512437185814275,1.6560136568206507,0.5079613818558802,8.174702882469461,2.0644946046636603,False,False,False,False,False,True
6.849950437165936,81.53013910355486,0,0,0,0,0,0,0,0.7555541757959876,11.053964638919313,10.388549096553398,3.295836866004329,0.5914334488645181,0.2981588030777838,8.174702882469461,2.0644946046636603,False,False,False,False,False,True
6.48976219033308,79.18781725888326,0,0,0,0,0,0,0,0.38249375632476623,8.31581113188354,9.485106768895054,0.6931471805599453,0.5520045522735503,0.0833529248761265,7.360739903058278,2.0186487050933315,False,False,False,False,True,False
6.22747829422649,77.94117647058823,0,0,0,0,0,0,0,0.13788144168663172,7.957177323459475,8.715280860702519,0.6931471805599453,0.5125756556825823,0.08710968128313515,6.415096959171596,1.8969222823803258,False,False,True,False,False,False
6.811522504055452,100.0,0,0,0,0,0,0,0,0.7805845659575266,5.214935757608986,10.178507420484628,1.0986122886681098,0.15771558636387148,0.21066650477240326,8.028781162487148,1.9991152142115904,False,False,False,True,False,False
6.195191110040243,60.0,0,0,0,0,0,0,0,0.3902922829787633,5.5909869805108565,7.8686083776014435,0.6931471805599453,1.3405824840929077,0.1239758173245847,8.028781162487148,1.9991152142115904,False,False,False,True,False,False
6.859124511608936,82.42811501597444,0,0,0,0,0,0,0,0.7555541757959876,9.216223035134337,10.168582708665518,3.295836866004329,0.5914334488645181,0.35761253318630093,8.174702882469461,2.0644946046636603,False,False,False,False,False,True
6.916353681129999,76.53992395437263,0,0,0,0,0,0,0,1.529975025299065,11.126718718425458,10.257138048573674,1.6094379124341003,1.6165847602296828,0.14464622977921848,7.360739903058278,2.0186487050933315,False,False,False,False,True,False
6.195191110040243,63.63636363636363,0,0,0,0,0,0,0,0.7805845659575266,7.258412150595307,7.8686083776014435,1.0986122886681098,0.27600227613677514,0.15135711032584528,8.028781162487148,1.9991152142115904,False,False,False,True,False,False
6.58558055977916,64.81481481481481,0,0,0,0,0,0,0,0.8886641126398388,7.0909098220799835,9.56895283095515,0.6931471805599453,0.9068646215922611,0.09775151538404754,7.691200097522863,1.9906184714459416,True,False,False,False,False,False
6.5004185244497705,65.89595375722543,0,0,0,0,0,0,0,0.38249375632476623,8.826587830773668,9.91128039696677,0.6931471805599453,1.0645802079561326,0.07852946051738201,7.360739903058278,2.0186487050933315,False,False,False,False,True,False
5.60043986026233,0.0,0,0,0,0,0,0,0,0.8886641126398388,3.4965075614664802,6.344274272082252,0.6931471805599453,0.6702912420464539,0.19823986317056053,7.691200097522863,1.9906184714459416,True,False,False,False,False,False
6.548792989998894,0.0,0,0,0,0,0,0,0,0.3902922829787633,4.634728988229636,9.223228522439266,0.6931471805599453,0.6308623454554859,0.14955506186451523,8.028781162487148,1.9991152142115904,False,False,False,True,False,False
6.195191110040243,62.35294117647059,0,0,0,0,0,0,0,0.7805845659575266,7.978996370854115,7.8686083776014435,1.0986122886681098,0.31543117272774296,0.13768802962251608,8.028781162487148,1.9991152142115904,False,False,False,True,False,False
5.879225467208256,60.0,0,0,0,0,0,0,0,0.9078461025802542,5.298317366548036,8.024343613012375,0.6931471805599453,0.47314675909161447,0.13082402064781276,6.104793232414985,1.8852953146630171,False,True,False,False,False,False
5.558589488847307,0.0,0,0,0,0,0,0,0,0.3902922829787633,3.912023005428146,5.858417164315927,0.6931471805599453,1.4982980704567792,0.17718382013555792,8.028781162487148,1.9991152142115904,False,False,False,True,False,False
6.62219037942343,50.0,0,0,0,0,0,0,0,0.38249375632476623,5.739792912179234,9.818952998441794,0.6931471805599453,1.3011535875019398,0.1207617053725336,7.360739903058278,2.0186487050933315,False,False,False,False,True,False
6.556985758710217,75.0,0,0,0,0,0,0,0,1.5111083515919752,6.466144724237619,9.461522763307553,3.970291913552122,0.27600227613677514,0.6140122256574195,8.174702882469461,2.0644946046636603,False,False,False,False,False,True
6.566559542162177,0.0,0,0,0,0,0,0,0,0.38249375632476623,4.31748811353631,9.620902779409052,0.6931471805599453,0.4337178625006466,0.1605440854340214,7.360739903058278,2.0186487050933315,False,False,False,False,True,False
6.195191110040243,75.0,0,0,0,0,0,0,0,0.3902922829787633,6.582025138892826,7.8686083776014435,0.6931471805599453,1.1828668977290362,0.10530910562224635,8.028781162487148,1.9991152142115904,False,False,False,True,False,False
6.928082740748006,79.00874635568513,0,0,0,0,0,0,0,0.38249375632476623,9.644133752071205,10.516390885915971,0.6931471805599453,1.3405824840929077,0.0718724147112832,7.360739903058278,2.0186487050933315,False,False,False,False,True,False
6.22747829422649,50.0,0,0,0,0,0,0,0,0.7555541757959876,5.429345628954441,8.715280860702519,3.295836866004329,1.6165847602296828,0.6070412700248421,8.174702882469461,2.0644946046636603,False,False,False,False,False,True
6.9143932158748465,78.94156560088203,0,0,0,0,0,0,0,0.3902922829787633,9.796347676978224,10.635751397530338,0.6931471805599453,1.5377269670477471,0.07075567378941303,8.028781162487148,1.9991152142115904,False,False,False,True,False,False
6.7728198451635695,81.31147540983606,0,0,0,0,0,0,0,1.1333312636939814,9.384965722135666,9.293585506586053,3.6888794541139363,0.6702912420464539,0.39306264544080677,8.174702882469461,2.0644946046636603,False,False,False,False,False,True
7.010092498128803,0.0,0,0,0,0,0,0,0,0.3902922829787633,9.03013657115323,10.823411061717849,0.6931471805599453,0.8280068284103254,0.07675932419164111,8.028781162487148,1.9991152142115904,False,False,False,True,False,False
6.788123767941879,84.81012658227847,0,0,0,0,0,0,0,0.7805845659575266,7.794823152179389,10.252934592808874,1.0986122886681098,0.47314675909161447,0.14094127181845606,8.028781162487148,1.9991152142115904,False,False,False,True,False,False
6.876825967643439,69.92777413000657,0,0,0,0,0,0,0,0.8886641126398388,10.321506859215644,10.46680382527731,0.6931471805599453,2.208018209094201,0.06715561884658953,7.691200097522863,1.9906184714459416,True,False,False,False,False,False
6.769184142033499,81.04575163398692,0,0,0,0,0,0,0,0.3902922829787633,10.252029513244672,10.247026975001653,0.6931471805599453,0.9068646215922611,0.06761072816503925,8.028781162487148,1.9991152142115904,False,False,False,True,False,False
6.195191110040243,71.6931216931217,0,0,0,0,0,0,0,1.9514614148938163,8.867286523989415,7.8686083776014435,1.791759469228055,0.6308623454554859,0.20206400959083226,8.028781162487148,1.9991152142115904,False,False,False,True,False,False
6.886454338193009,82.80254777070064,0,0,0,0,0,0,0,0.6393150718273741,8.533656917446903,10.55714790872707,3.1354942159291497,1.1040091045471006,0.367426795600218,8.174702882469461,2.0644946046636603,False,False,False,False,False,True
6.545472555472579,71.42857142857143,0,0,0,0,0,0,0,42.74693048445761,6.008813185442595,9.366746086695365,7.294377299288821,1.3405824840929077,1.2139464273844844,8.174702882469461,2.0644946046636603,False,False,False,False,False,True
6.8066025351311765,79.62382445141067,0,0,0,0,0,0,0,1.1708768489362897,8.93247660846174,10.409059428951814,1.3862943611198906,0.35486006931871084,0.15519708832001342,8.028781162487148,1.9991152142115904,False,False,False,True,False,False
6.5004185244497705,0.0,0,0,0,0,0,0,0,0.8886641126398388,4.290459441148391,9.91128039696677,0.6931471805599453,1.9714448295483937,0.16155546744299637,7.691200097522863,1.9906184714459416,True,False,False,False,False,False
6.7909057628327325,60.0,0,0,0,0,0,0,0,0.8886641126398388,5.214935757608986,10.023746586570448,0.6931471805599453,0.8674357250012932,0.13291576594181262,7.691200097522863,1.9906184714459416,True,False,False,False,False,False
6.808585860485242,75.84745762711864,0,0,0,0,0,0,0,0.34871731190584043,8.667163717992533,10.01786938038073,2.5649493574615367,0.9462935181832289,0.29593872239159963,8.174702882469461,2.0644946046636603,False,False,False,False,False,True
6.634437296202022,73.68421052631578,0,0,0,0,0,0,0,1.4820485755998218,6.025865973825314,10.035297428465553,3.9512437185814275,1.0251513113651647,0.6557138402587331,8.174702882469461,2.0644946046636603,False,False,False,False,False,True
6.843501468948183,75.38461538461539,0,0,0,0,0,0,0,1.1474812689742986,7.596392304064196,10.073300708025029,1.3862943611198906,0.9462935181832289,0.18249378199941044,7.360739903058278,2.0186487050933315,False,False,False,False,True,False
6.857325393700843,0.0,0,0,0,0,0,0,0,0.34871731190584043,11.541104675235536,10.312473226016106,2.5649493574615367,0.31543117272774296,0.22224470097436233,8.174702882469461,2.0644946046636603,False,False,False,False,False,True
6.22747829422649,0.0,0,0,0,0,0,0,0,4.683507395745159,4.343805421853684,8.715280860702519,2.5649493574615367,1.1040091045471006,0.590484404425041,8.028781162487148,1.9991152142115904,False,False,False,True,False,False
6.831945692708443,86.00352112676056,0,0,0,0,0,0,0,0.7264943998038342,13.702454955366793,10.507400714581248,3.258096538021482,0.6308623454554859,0.23777465779921392,8.174702882469461,2.0644946046636603,False,False,False,False,False,True
6.948366905656778,89.62450592885376,0,0,0,0,0,0,0,0.8886641126398388,12.209222678961282,10.631159624996315,0.6931471805599453,0.5520045522735503,0.056772425140084,7.691200097522863,1.9906184714459416,True,False,False,False,False,False
6.195191110040243,66.0,0,0,0,0,0,0,0,0.7805845659575266,7.961370201719511,7.8686083776014435,1.0986122886681098,0.8280068284103254,0.13799286565405908,8.028781162487148,1.9991152142115904,False,False,False,True,False,False
6.5264781364721145,66.66666666666666,0,0,0,0,0,0,0,0.8886641126398388,5.225746673713202,9.749668000859836,0.6931471805599453,2.799451657958719,0.13264079256781564,7.691200097522863,1.9906184714459416,True,False,False,False,False,False
6.548792989998894,0.0,0,0,0,0,0,0,0,0.3902922829787633,3.871201010907891,9.223228522439266,0.6931471805599453,0.5914334488645181,0.17905223175104135,8.028781162487148,1.9991152142115904,False,False,False,True,False,False
6.604842707205482,77.29468599033817,0,0,0,0,0,0,0,0.3902922829787633,8.507950610049305,9.94521695986674,0.6931471805599453,0.9068646215922611,0.08147052237717779,8.028781162487148,1.9991152142115904,False,False,False,True,False,False
6.770471086027172,71.98581560283688,0,0,0,0,0,0,0,1.1474812689742986,8.870522545103873,10.0533837694186,1.3862943611198906,1.5377269670477471,0.1562810256183907,7.360739903058278,2.0186487050933315,False,False,False,False,True,False
6.662948251583755,50.0,0,0,0,0,0,0,0,0.3902922829787633,4.852030263919617,10.093243666143405,0.6931471805599453,1.3800113806838756,0.14285714285714285,8.028781162487148,1.9991152142115904,False,False,False,True,False,False
6.5004185244497705,60.0,0,0,0,0,0,0,0,0.13788144168663172,5.529429087511423,9.91128039696677,0.6931471805599453,0.5914334488645181,0.12535601227357512,6.415096959171596,1.8969222823803258,False,False,True,False,False,False
6.567092475492856,0.0,0,0,0,0,0,0,0,0.3902922829787633,3.8918202981106265,9.685754160232085,0.6931471805599453,0.7491490352283896,0.1781035935540111,8.028781162487148,1.9991152142115904,False,False,False,True,False,False
6.773653912600934,77.27272727272727,0,0,0,0,0,0,0,7.061525566093269,8.581294116822761,10.15338504207544,5.497168225293202,0.8280068284103254,0.6405989761516924,8.174702882469461,2.0644946046636603,False,False,False,False,False,True
6.932395497086653,79.59183673469387,0,0,0,0,0,0,0,0.34871731190584043,10.790349473719472,10.61938355619807,2.5649493574615367,0.6308623454554859,0.23770771870814947,8.174702882469461,2.0644946046636603,False,False,False,False,False,True
6.961663025178041,78.13953488372093,0,0,0,0,0,0,0,0.7805845659575266,8.365672383774996,10.490446431885436,1.0986122886681098,0.5520045522735503,0.13132384801475608,8.028781162487148,1.9991152142115904,False,False,False,True,False,False
6.48976219033308,78.02197802197803,0,0,0,0,0,0,0,1.7924587419262124,8.877800393882575,9.485106768895054,2.6390573296152584,0.7097201386374217,0.2972647742152159,6.415096959171596,1.8969222823803258,False,False,True,False,False,False
6.22747829422649,0.0,0,0,0,0,0,0,0,0.35959152870240046,9.197052477649247,8.715280860702519,2.5933276030091386,1.1828668977290362,0.28197377467525214,8.174702882469461,2.0644946046636603,False,False,False,False,False,True
6.8584341309199734,60.0,0,0,0,0,0,0,0,0.3902922829787633,7.750614732770409,10.184868214484148,0.6931471805599453,1.3405824840929077,0.08943125215981211,8.028781162487148,1.9991152142115904,False,False,False,True,False,False
6.843501468948183,50.0,0,0,0,0,0,0,0,0.6894072084331586,5.937536205082426,10.073300708025029,1.791759469228055,1.9320159329574258,0.30176817577875825,6.415096959171596,1.8969222823803258,False,False,True,False,False,False
6.195191110040243,71.7948717948718,0,0,0,0,0,0,0,0.7805845659575266,7.587817219993427,7.8686083776014435,1.0986122886681098,0.9462935181832289,0.1447863406321036,8.028781162487148,1.9991152142115904,False,False,False,True,False,False
5.7918085106382975,50.0,0,0,0,0,0,0,0,1.1474812689742986,5.117993812416755,7.751630876729169,1.3862943611198906,1.4588691738658113,0.2708667520770745,7.360739903058278,2.0186487050933315,False,False,False,False,True,False
6.90183592070378,65.21739130434783,0,0,0,0,0,0,0,1.1333312636939814,7.107425474110705,10.323759880366056,3.6888794541139363,0.7491490352283896,0.5190176763092259,8.174702882469461,2.0644946046636603,False,False,False,False,False,True
6.66391737475365,0.0,0,0,0,0,0,0,0,0.35959152870240046,4.68213122712422,9.799753131264394,2.5933276030091386,0.7885779318193574,0.5538775991551969,8.174702882469461,2.0644946046636603,False,False,False,False,False,True
6.869352523048465,0.0,0,0,0,0,0,0,0,0.38249375632476623,7.717796211013582,10.334899955727437,0.6931471805599453,0.47314675909161447,0.08981154226005586,7.360739903058278,2.0186487050933315,False,False,False,False,True,False
6.8536771222611135,75.25773195876289,0,0,0,0,0,0,0,0.7805845659575266,8.589141690728821,10.356631814037343,1.0986122886681098,0.4337178625006466,0.1279071097236595,8.028781162487148,1.9991152142115904,False,False,False,True,False,False
6.58558055977916,0.0,0,0,0,0,0,0,0,0.8886641126398388,4.406719247264253,9.56895283095515,0.6931471805599453,0.8674357250012932,0.1572932473495469,7.691200097522863,1.9906184714459416,True,False,False,False,False,False
6.7921340428944,100.0,0,0,0,0,0,0,0,0.8886641126398388,3.828641396489095,10.36953170501716,0.6931471805599453,0.5125756556825823,0.1810425967800402,7.691200097522863,1.9906184714459416,True,False,False,False,False,False
6.847385010032312,80.0557880055788,0,0,0,0,0,0,0,0.34871731190584043,9.888830663192495,10.074613521940718,2.5649493574615367,0.5520045522735503,0.25937842853438775,8.174702882469461,2.0644946046636603,False,False,False,False,False,True
6.779782172998328,33.33333333333333,0,0,0,0,0,0,0,0.7805845659575266,5.056245805348308,10.42324578946821,1.0986122886681098,0.6702912420464539,0.2172782595945076,8.028781162487148,1.9991152142115904,False,False,False,True,False,False
5.558589488847307,0.0,0,0,0,0,0,0,0,0.8886641126398388,5.659482215759621,5.858417164315927,0.6931471805599453,0.5914334488645181,0.12247537038455211,7.691200097522863,1.9906184714459416,True,False,False,False,False,False
5.558589488847307,0.0,0,0,0,0,0,0,0,0.5811955198430674,4.30406509320417,5.858417164315927,3.044522437723423,0.35486006931871084,0.7073597568332597,8.174702882469461,2.0644946046636603,False,False,False,False,False,True
6.968193155372553,72.04968944099379,0,0,0,0,0,0,0,0.3902922829787633,9.036701015565063,10.60511361621307,0.6931471805599453,0.19714448295483936,0.07670356464887457,8.028781162487148,1.9991152142115904,False,False,False,True,False,False
6.885395254408697,85.71428571428571,0,0,0,0,0,0,0,0.38249375632476623,6.752270376141742,10.25880978684457,0.6931471805599453,1.6954425534116186,0.1026539433327625,7.360739903058278,2.0186487050933315,False,False,False,False,True,False
6.743327140348654,85.10258697591436,0,0,0,0,0,0,0,0.31965753591368706,11.167939085683692,10.279539430081238,2.4849066497880004,1.0645802079561326,0.22250359987846194,8.174702882469461,2.0644946046636603,False,False,False,False,False,True
6.7386854344927904,91.66666666666666,0,0,0,0,0,0,0,1.1333312636939814,6.021023349349527,10.145869480287827,3.6888794541139363,1.1040091045471006,0.6126665252863468,8.174702882469461,2.0644946046636603,False,False,False,False,False,True
6.726881389735055,100.0,0,0,0,0,0,0,0,0.38249375632476623,3.7612001156935624,9.920300326844044,0.6931471805599453,1.0251513113651647,0.18428883314870617,7.360739903058278,2.0186487050933315,False,False,False,False,True,False
6.9084008859802815,79.06976744186046,0,0,0,0,0,0,0,0.5515257667465269,9.116359308505288,10.540157328238578,1.6094379124341003,0.9462935181832289,0.17654393140609798,6.415096959171596,1.8969222823803258,False,False,True,False,False,False
6.5970797128209036,66.82027649769586,0,0,0,0,0,0,0,2.294962537948597,8.754318540250866,10.305502616439773,1.9459101490553132,1.4982980704567792,0.22228002557918697,7.360739903058278,2.0186487050933315,False,False,False,False,True,False
6.5004185244497705,0.0,0,0,0,0,0,0,0,0.7555541757959876,4.941642422609304,9.91128039696677,3.295836866004329,0.19714448295483936,0.6669517104121122,8.174702882469461,2.0644946046636603,False,False,False,False,False,True
6.726881389735055,66.66666666666666,0,0,0,0,0,0,0,0.7555541757959876,6.97166860472579,9.920300326844044,3.295836866004329,0.4337178625006466,0.4727472077158437,8.174702882469461,2.0644946046636603,False,False,False,False,False,True
6.844614966234576,73.64341085271317,0,0,0,0,0,0,0,1.1708768489362897,8.906122330884303,10.253585385671725,1.3862943611198906,0.7097201386374217,0.15565633500368092,8.028781162487148,1.9991152142115904,False,False,False,True,False,False
6.744524531479761,50.0,0,0,0,0,0,0,0,0.7555541757959876,6.508769136971682,10.225216783767557,3.295836866004329,1.2617246909109718,0.5063686845617288,8.174702882469461,2.0644946046636603,False,False,False,False,False,True
6.7216736474977665,57.14285714285714,0,0,0,0,0,0,0,0.7805845659575266,6.095824562432225,10.226244979935121,1.0986122886681098,1.0645802079561326,0.18022373797282729,8.028781162487148,1.9991152142115904,False,False,False,True,False,False
6.195191110040243,80.0,0,0,0,0,0,0,0,0.3902922829787633,5.648974238161206,7.8686083776014435,0.6931471805599453,0.9462935181832289,0.12270319377232125,8.028781162487148,1.9991152142115904,False,False,False,True,False,False
6.6520969072477385,78.67494824016563,0,0,0,0,0,0,0,1.4820485755998218,9.710206155505832,9.866234944575568,3.9512437185814275,0.6308623454554859,0.4069165633873812,8.174702882469461,2.0644946046636603,False,False,False,False,False,True
5.879225467208256,0.0,0,0,0,0,0,0,0,0.9078461025802542,4.060443010546419,8.024343613012375,0.6931471805599453,0.5125756556825823,0.17070727966372012,6.104793232414985,1.8852953146630171,False,True,False,False,False,False
6.886454338193009,0.0,0,0,0,0,0,0,0,0.35959152870240046,8.32845106681936,10.55714790872707,2.5933276030091386,0.5914334488645181,0.31138174219945697,8.174702882469461,2.0644946046636603,False,False,False,False,False,True
6.8873779809596005,83.64704110826683,0,0,0,0,0,0,0,0.7555541757959876,12.09264635545998,10.503088454418865,3.295836866004329,0.5125756556825823,0.27254885069190976,8.174702882469461,2.0644946046636603,False,False,False,False,False,True
5.7918085106382975,66.66666666666666,0,0,0,0,0,0,0,0.6393150718273741,5.683579767338681,7.751630876729169,3.1354942159291497,1.4588691738658113,0.5516759409180132,8.174702882469461,2.0644946046636603,False,False,False,False,False,True
6.728879252982257,71.60493827160494,0,0,0,0,0,0,0,0.13788144168663172,7.631916513071252,10.092995148114731,0.6931471805599453,2.2868760022761365,0.09082216496639946,6.415096959171596,1.8969222823803258,False,False,True,False,False,False
6.510263751421897,66.66666666666666,0,0,0,0,0,0,0,3.9029228297876326,6.368187186350492,9.93043086016947,2.3978952727983707,0.5520045522735503,0.3765428374872515,8.028781162487148,1.9991152142115904,False,False,False,True,False,False
6.779782172998328,0.0,0,0,0,0,0,0,0,0.8886641126398388,4.852030263919617,10.42324578946821,0.6931471805599453,1.0251513113651647,0.14285714285714285,7.691200097522863,1.9906184714459416,True,False,False,False,False,False
6.797549575220548,78.90995260663507,0,0,0,0,0,0,0,0.6974346238116809,9.406729185981574,10.375753011143713,3.2188758248682006,0.7885779318193574,0.34218863552116996,8.174702882469461,2.0644946046636603,False,False,False,False,False,True
6.917343385015634,71.875,0,0,0,0,0,0,0,1.2205105916704415,7.498869733976931,10.332763394372934,3.7612001156935624,1.5377269670477471,0.5015689362693939,8.174702882469461,2.0644946046636603,False,False,False,False,False,True
4.9263479368027125,100.0,0,0,0,0,0,0,0,0.8886641126398388,4.875197323201151,8.362349991150289,0.6931471805599453,0.4337178625006466,0.1421782821510107,7.691200097522863,1.9906184714459416,True,False,False,False,False,False
6.8949014445340095,78.57142857142857,0,0,0,0,0,0,0,0.7555541757959876,6.618738983517219,10.011559008035396,3.295836866004329,0.8280068284103254,0.4979554072478185,8.174702882469461,2.0644946046636603,False,False,False,False,False,True
6.728879252982257,50.0,0,0,0,0,0,0,0,2.121363647427196,5.739792912179234,10.092995148114731,4.30406509320417,0.5520045522735503,0.7498641778645705,8.174702882469461,2.0644946046636603,False,False,False,False,False,True
6.916164140930671,79.27590511860176,0,0,0,0,0,0,0,0.7649875126495325,11.842329926465428,10.619208030339765,1.0986122886681098,0.8280068284103254,0.09276994438509212,7.360739903058278,2.0186487050933315,False,False,False,False,True,False
6.929999946205236,80.82901554404145,0,0,0,0,0,0,0,0.8886641126398388,10.810818263038772,10.230362145757894,0.6931471805599453,0.6702912420464539,0.06411607000459474,7.691200097522863,1.9906184714459416,True,False,False,False,False,False
6.5004185244497705,67.0391061452514,0,0,0,0,0,0,0,1.529975025299065,8.53070154144103,9.91128039696677,1.6094379124341003,2.4445915886400083,0.1886641918739815,7.360739903058278,2.0186487050933315,False,False,False,False,True,False
6.714263331890276,71.03448275862068,0,0,0,0,0,0,0,0.7555541757959876,7.7226775164680035,9.872787541615118,3.295836866004329,1.1828668977290362,0.4267738564735114,8.174702882469461,2.0644946046636603,False,False,False,False,False,True
6.662948251583755,0.0,0,0,0,0,0,0,0,0.3777770878979938,4.897839799950911,10.093243666143405,2.6390573296152584,0.4337178625006466,0.5388206714400313,8.174702882469461,2.0644946046636603,False,False,False,False,False,True
6.7842301997157435,78.39506172839506,0,0,0,0,0,0,0,5.354912588546727,9.568783751310876,10.055566237327685,2.70805020110221,1.4982980704567792,0.2830088202935112,7.360739903058278,2.0186487050933315,False,False,False,False,True,False
6.195191110040243,52.0,0,0,0,0,0,0,0,1.1708768489362897,7.107425474110705,7.8686083776014435,1.3862943611198906,1.1434380011380683,0.195048736869569,8.028781162487148,1.9991152142115904,False,False,False,True,False,False
6.794607080130419,71.23287671232876,0,0,0,0,0,0,0,0.38249375632476623,7.553286605600419,9.797980786126336,0.6931471805599453,1.5377269670477471,0.09176762603526896,7.360739903058278,2.0186487050933315,False,False,False,False,True,False
5.879225467208256,71.49758454106279,0,0,0,0,0,0,0,0.9078461025802542,9.074749717669835,8.024343613012375,0.6931471805599453,0.5125756556825823,0.07638196116971563,6.104793232414985,1.8852953146630171,False,True,False,False,False,False
6.9163355475353585,71.76470588235294,0,0,0,0,0,0,0,3.442443806922896,10.035567892893337,10.552250995629967,2.302585092994046,1.2617246909109718,0.22944243091859465,7.360739903058278,2.0186487050933315,False,False,False,False,True,False
6.756379223895332,83.33333333333334,0,0,0,0,0,0,0,0.8886641126398388,6.3561076606958915,10.120073395422493,0.6931471805599453,2.6811649681858154,0.10905214599276578,7.691200097522863,1.9906184714459416,True,False,False,False,False,False
6.796871963337037,82.59574468085107,0,0,0,0,0,0,0,0.6974346238116809,11.077485568110127,10.458899626851938,3.2188758248682006,0.3942889659096787,0.29057820071864526,8.174702882469461,2.0644946046636603,False,False,False,False,False,True
6.726162369696763,74.19354838709677,0,0,0,0,0,0,0,0.23247820793722695,6.840546529288687,10.679600344309243,2.1972245773362196,1.0645802079561326,0.32120599836994274,8.174702882469461,2.0644946046636603,False,False,False,False,False,True
6.195191110040243,56.09756097560976,0,0,0,0,0,0,0,1.1708768489362897,7.180069874302796,7.8686083776014435,1.3862943611198906,0.47314675909161447,0.19307533009969538,8.028781162487148,1.9991152142115904,False,False,False,True,False,False
6.735691132363756,75.72254335260115,0,0,0,0,0,0,0,0.7805845659575266,8.392310009269547,10.477972889916076,1.0986122886681098,0.5125756556825823,0.13090701933730534,8.028781162487148,1.9991152142115904,False,False,False,True,False,False
4.9263479368027125,100.0,0,0,0,0,0,0,0,0.8886641126398388,4.867534450455582,8.362349991150289,0.6931471805599453,0.3942889659096787,0.14240211088697471,7.691200097522863,1.9906184714459416,True,False,False,False,False,False
6.609341826856482,73.33333333333333,0,0,0,0,0,0,0,3.777770878979938,6.519147287940395,9.068882161802035,4.875197323201151,0.4337178625006466,0.7478274547070987,8.174702882469461,2.0644946046636603,False,False,False,False,False,True
6.542958467678293,0.0,0,0,0,0,0,0,0,2.6153798392938032,4.394449154672439,9.733494725610756,4.51085950651685,0.5914334488645181,1.0264903171585535,8.174702882469461,2.0644946046636603,False,False,False,False,False,True
6.80517077564317,82.59803921568627,0,0,0,0,0,0,0,0.3777770878979938,9.374158457205578,10.111758201379091,2.6390573296152584,0.9462935181832289,0.2815247194361975,8.174702882469461,2.0644946046636603,False,False,False,False,False,True
6.929082157633005,85.11278195488721,0,0,0,0,0,0,0,0.7264943998038342,11.802762713361059,10.449072303985556,3.258096538021482,0.7491490352283896,0.2760452461128635,8.174702882469461,2.0644946046636603,False,False,False,False,False,True
6.756666247949616,67.67676767676768,0,0,0,0,0,0,0,0.8886641126398388,7.498315870766981,10.418346234180893,0.6931471805599453,1.8925870363664579,0.0924403816145245,7.691200097522863,1.9906184714459416,True,False,False,False,False,False
6.662948251583755,79.23076923076923,0,0,0,0,0,0,0,0.965170091806422,8.431417414394833,10.093243666143405,2.0794415416798357,0.5125756556825823,0.24663012628572228,6.415096959171596,1.8969222823803258,False,False,True,False,False,False
6.8462550832714255,79.6934865900383,0,0,0,0,0,0,0,1.2205105916704415,9.6071010394542,10.3254537616196,3.7612001156935624,1.1434380011380683,0.3915020879084295,8.174702882469461,2.0644946046636603,False,False,False,False,False,True
6.754818962416433,0.0,0,0,0,0,0,0,0,1.706172766409985,3.9889840465642745,10.53249559764114,2.5933276030091386,0.27600227613677514,0.6501223300812097,6.415096959171596,1.8969222823803258,False,False,True,False,False,False
6.924404576262872,72.6027397260274,0,0,0,0,0,0,0,1.5111083515919752,7.6511201757027,10.25438432087725,3.970291913552122,0.5914334488645181,0.5189164230043583,8.174702882469461,2.0644946046636603,False,False,False,False,False,True
6.910701171443393,80.43478260869566,0,0,0,0,0,0,0,0.8886641126398388,10.331529214823197,10.41688240220924,0.6931471805599453,1.2617246909109718,0.06709047287650796,7.691200097522863,1.9906184714459416,True,False,False,False,False,False
6.741621400639805,79.54545454545455,0,0,0,0,0,0,0,0.8886641126398388,7.2485040723706105,10.138276512874846,0.6931471805599453,0.7885779318193574,0.09562623868861989,7.691200097522863,1.9906184714459416,True,False,False,False,False,False
6.851297034979002,37.5,0,0,0,0,0,0,0,1.9514614148938163,6.976348070447749,9.986857054132571,1.791759469228055,1.1040091045471006,0.2568334393775536,8.028781162487148,1.9991152142115904,False,False,False,True,False,False
6.359366963355418,72.5,0,0,0,0,0,0,0,0.7805845659575266,7.465082736399547,9.387122915483614,1.0986122886681098,1.1828668977290362,0.14716679338479466,8.028781162487148,1.9991152142115904,False,False,False,True,False,False
6.6520969072477385,68.08510638297872,0,0,0,0,0,0,0,1.5111083515919752,8.342363500380579,9.866234944575568,3.970291913552122,0.31543117272774296,0.4759193139175723,8.174702882469461,2.0644946046636603,False,False,False,False,False,True
6.810042529424079,75.0,0,0,0,0,0,0,0,0.3902922829787633,5.093750200806762,10.047568209938474,0.6931471805599453,1.3405824840929077,0.1360779687331669,8.028781162487148,1.9991152142115904,False,False,False,True,False,False
6.195191110040243,67.6056338028169,0,0,0,0,0,0,0,0.7805845659575266,8.08271113423758,7.8686083776014435,1.0986122886681098,0.6702912420464539,0.13592126087674897,8.028781162487148,1.9991152142115904,False,False,False,True,False,False
6.597401542559267,80.57692307692308,0,0,0,0,0,0,0,1.5611691319150531,9.643809676493944,10.427265624906049,1.6094379124341003,0.27600227613677514,0.16688818697417715,8.028781162487148,1.9991152142115904,False,False,False,True,False,False
6.20715799971213,0.0,0,0,0,0,0,0,0,0.38249375632476623,4.6913478822291435,9.847465822742766,0.6931471805599453,0.27600227613677514,0.1477501131786861,7.360739903058278,2.0186487050933315,False,False,False,False,True,False
6.885625457752329,70.0,0,0,0,0,0,0,0,0.8886641126398388,6.807934943699926,10.465425245378393,0.6931471805599453,0.8280068284103254,0.10181460109300616,7.691200097522863,1.9906184714459416,True,False,False,False,False,False
6.195191110040243,61.53846153846154,0,0,0,0,0,0,0,1.1708768489362897,7.242082359256962,7.8686083776014435,1.3862943611198906,0.5125756556825823,0.19142206513958016,8.028781162487148,1.9991152142115904,False,False,False,True,False,False
6.841176013325196,74.72527472527473,0,0,0,0,0,0,0,0.3777770878979938,7.865955413933502,10.391510150603619,2.6390573296152584,0.4337178625006466,0.3355037234180754,8.174702882469461,2.0644946046636603,False,False,False,False,False,True
6.854123792605303,76.47058823529412,0,0,0,0,0,0,0,0.8886641126398388,7.79934339821592,10.433667606671134,0.6931471805599453,1.0251513113651647,0.08887250441088425,7.691200097522863,1.9906184714459416,True,False,False,False,False,False
6.701988872193451,78.0952380952381,0,0,0,0,0,0,0,2.266662527387963,9.447307929883463,9.976055121239256,4.3694478524670215,0.5520045522735503,0.4625071909263913,8.174702882469461,2.0644946046636603,False,False,False,False,False,True
6.514457055181107,50.0,0,0,0,0,0,0,0,0.8886641126398388,7.1372784372603855,9.818964426502069,0.6931471805599453,0.5914334488645181,0.09711645505398091,7.691200097522863,1.9906184714459416,True,False,False,False,False,False
6.7991940742801775,81.59126365054603,0,0,0,0,0,0,0,0.34871731190584043,9.891516180754907,10.38425041947118,2.5649493574615367,0.35486006931871084,0.2593080080536029,8.174702882469461,2.0644946046636603,False,False,False,False,False,True
6.58558055977916,0.0,0,0,0,0,0,0,0,3.9029228297876326,5.087596335232384,9.56895283095515,2.3978952727983707,0.9857224147741969,0.47132184135611915,8.028781162487148,1.9991152142115904,False,False,False,True,False,False
6.289007148338809,0.0,0,0,0,0,0,0,0,0.8886641126398388,3.8066624897703196,7.921587131345857,0.6931471805599453,0.47314675909161447,0.18208790046993825,7.691200097522863,1.9906184714459416,True,False,False,False,False,False
6.738764959228531,75.0,0,0,0,0,0,0,0,0.8886641126398388,5.187385805840755,9.945173441974129,0.6931471805599453,0.6308623454554859,0.13362167506019965,7.691200097522863,1.9906184714459416,True,False,False,False,False,False
5.977416434118999,100.0,0,0,0,0,0,0,0,0.9078461025802542,5.823045895483019,9.939048983609874,0.6931471805599453,0.31543117272774296,0.11903515668623268,6.104793232414985,1.8852953146630171,False,True,False,False,False,False
5.558589488847307,0.0,0,0,0,0,0,0,0,2.905977599215337,4.59511985013459,5.858417164315927,4.61512051684126,0.9462935181832289,1.0043525886938693,8.174702882469461,2.0644946046636603,False,False,False,False,False,True
6.845793660424124,77.77777777777779,0,0,0,0,0,0,0,0.38249375632476623,6.836259277277067,10.540903144926743,0.6931471805599453,1.1040091045471006,0.10139275771237731,7.360739903058278,2.0186487050933315,False,False,False,False,True,False
5.775788441476067,0.0,0,0,0,0,0,0,0,0.2905977599215337,3.9889840465642745,8.653460843742746,2.3978952727983707,1.0251513113651647,0.6011293213528106,8.174702882469461,2.0644946046636603,False,False,False,False,False,True
6.464641336937508,0.0,0,0,0,0,0,0,0,0.4136443250598951,4.653960350157523,9.053611460451888,1.3862943611198906,0.9857224147741969,0.29787412371765665,6.415096959171596,1.8969222823803258,False,False,True,False,False,False
6.883380512152217,74.75247524752476,0,0,0,0,0,0,0,0.38249375632476623,8.527341522468053,10.614465174325586,0.6931471805599453,1.6165847602296828,0.0812852609143921,7.360739903058278,2.0186487050933315,False,False,False,False,True,False
6.814886874855113,71.08433734939759,0,0,0,0,0,0,0,1.5111083515919752,8.53954159508,10.335241757482251,3.970291913552122,1.0645802079561326,0.46493033254145394,8.174702882469461,2.0644946046636603,False,False,False,False,False,True
6.195191110040243,62.5,0,0,0,0,0,0,0,1.1708768489362897,6.834108738813838,7.8686083776014435,1.3862943611198906,0.31543117272774296,0.20284932741068776,8.028781162487148,1.9991152142115904,False,False,False,True,False,False
6.890329289432849,73.17073170731707,0,0,0,0,0,0,0,0.3902922829787633,7.02197642307216,10.216686847467455,0.6931471805599453,0.27600227613677514,0.09871112330745892,8.028781162487148,1.9991152142115904,False,False,False,True,False,False
6.771173556088591,0.0,0,0,0,0,0,0,0,0.8886641126398388,5.488937726156687,10.375566187065845,0.6931471805599453,2.089731519321297,0.12628075142059988,7.691200097522863,1.9906184714459416,True,False,False,False,False,False
6.604052540744851,33.33333333333333,0,0,0,0,0,0,0,0.3902922829787633,5.365976015021851,10.114427741028656,0.6931471805599453,2.562878278412912,0.12917448356450073,8.028781162487148,1.9991152142115904,False,False,False,True,False,False
5.775788441476067,0.0,0,0,0,0,0,0,0,0.9078461025802542,3.713572066704308,8.653460843742746,0.6931471805599453,0.5125756556825823,0.18665241123894336,6.104793232414985,1.8852953146630171,False,True,False,False,False,False
6.602205255211668,72.72727272727273,0,0,0,0,0,0,0,0.7805845659575266,8.816260208734581,10.266174232963616,1.0986122886681098,0.31543117272774296,0.1246120534849545,8.028781162487148,1.9991152142115904,False,False,False,True,False,False
6.694849741824683,68.42105263157895,0,0,0,0,0,0,0,1.1708768489362897,6.880384082186005,9.72387854305561,1.3862943611198906,0.9462935181832289,0.2014850253358884,8.028781162487148,1.9991152142115904,False,False,False,True,False,False
6.664146117371874,50.0,0,0,0,0,0,0,0,0.8886641126398388,7.7437032581737535,10.101027137410094,0.6931471805599453,0.9857224147741969,0.08951107208664069,7.691200097522863,1.9906184714459416,True,False,False,False,False,False
6.192033733782523,0.0,0,0,0,0,0,0,0,0.3777770878979938,3.4965075614664802,9.566331310956217,2.6390573296152584,0.8674357250012932,0.7547695187904595,8.174702882469461,2.0644946046636603,False,False,False,False,False,True
6.9045239284490165,68.68884540117418,0,0,0,0,0,0,0,0.38249375632476623,9.61146273065021,10.689390609309195,0.6931471805599453,1.9320159329574258,0.0721167214590088,7.360739903058278,2.0186487050933315,False,False,False,False,True,False
6.195191110040243,63.63636363636363,0,0,0,0,0,0,0,0.7805845659575266,6.406879986069314,7.8686083776014435,1.0986122886681098,1.2617246909109718,0.17147383610382244,8.028781162487148,1.9991152142115904,False,False,False,True,False,False
6.359366963355418,69.35483870967742,0,0,0,0,0,0,0,0.7805845659575266,8.263074835802596,9.387122915483614,1.0986122886681098,0.5520045522735503,0.13295441594066126,8.028781162487148,1.9991152142115904,False,False,False,True,False,False
6.891282696180802,80.98568098568099,0,0,0,0,0,0,0,0.2905977599215337,11.419164085155755,10.435988846034078,2.3978952727983707,1.3405824840929077,0.20998868699290293,8.174702882469461,2.0644946046636603,False,False,False,False,False,True
6.110232844165658,50.0,0,0,0,0,0,0,0,0.9078461025802542,5.932245187448011,9.059811780007355,0.6931471805599453,0.7491490352283896,0.11684398716805734,6.104793232414985,1.8852953146630171,False,True,False,False,False,False
6.798461798496186,81.16883116883116,0,0,0,0,0,0,0,0.7555541757959876,8.48446336679332,9.994542630009551,3.295836866004329,1.1828668977290362,0.38845554792582976,8.174702882469461,2.0644946046636603,False,False,False,False,False,True
6.8329470467732,33.33333333333333,0,0,0,0,0,0,0,0.3902922829787633,5.6937321388027,10.236583184966491,0.6931471805599453,0.4337178625006466,0.12173863533834997,8.028781162487148,1.9991152142115904,False,False,False,True,False,False
6.797217703082447,75.77464788732394,0,0,0,0,0,0,0,0.2905977599215337,9.989940440266327,10.300351210911103,2.3978952727983707,2.0503026227303294,0.24003098788589414,8.174702882469461,2.0644946046636603,False,False,False,False,False,True
6.649945575696176,72.22222222222221,0,0,0,0,0,0,0,0.3902922829787633,6.3561076606958915,10.214061915538965,0.6931471805599453,1.3011535875019398,0.10905214599276578,8.028781162487148,1.9991152142115904,False,False,False,True,False,False
6.289007148338809,60.0,0,0,0,0,0,0,0,0.38249375632476623,5.762051382780177,7.921587131345857,0.6931471805599453,0.27600227613677514,0.12029520990239821,7.360739903058278,2.0186487050933315,False,False,False,False,True,False
6.490336269696487,75.0,0,0,0,0,0,0,0,0.8886641126398388,6.182084906716632,8.81811505604364,0.6931471805599453,1.7743003465935543,0.1121219121087877,7.691200097522863,1.9906184714459416,True,False,False,False,False,False
6.722439214207467,77.64227642276423,0,0,0,0,0,0,0,2.3417536978725795,8.761863373274727,10.427991829921707,1.9459101490553132,0.7491490352283896,0.22208862044011007,8.028781162487148,1.9991152142115904,False,False,False,True,False,False
6.915879652663198,78.85558583106267,0,0,0,0,0,0,0,0.8886641126398388,10.423292739082695,10.41471669415263,0.6931471805599453,1.8925870363664579,0.0664998285964811,7.691200097522863,1.9906184714459416,True,False,False,False,False,False
6.77960349153899,82.36472945891784,0,0,0,0,0,0,0,0.38249375632476623,10.369012417071955,10.364469387895442,0.6931471805599453,1.3011535875019398,0.06684794584860561,7.360739903058278,2.0186487050933315,False,False,False,False,True,False
6.26522859704693,0.0,0,0,0,0,0,0,0,0.3902922829787633,4.6443908991413725,8.33775665141873,0.6931471805599453,1.8137292431845222,0.14924393652741208,8.028781162487148,1.9991152142115904,False,False,False,True,False,False
6.84051898277667,84.18977526613222,0,0,0,0,0,0,0,0.34871731190584043,12.464255101488899,10.366698222421915,2.5649493574615367,1.1040091045471006,0.2057844080193083,8.174702882469461,2.0644946046636603,False,False,False,False,False,True
6.557242563528273,50.0,0,0,0,0,0,0,0,0.8886641126398388,6.180016653652572,9.647235176608925,0.6931471805599453,0.7491490352283896,0.1121594357112735,7.691200097522863,1.9906184714459416,True,False,False,False,False,False
6.852570160823355,75.64935064935064,0,0,0,0,0,0,0,1.5111083515919752,9.519661619531444,10.38752799327483,3.970291913552122,1.1040091045471006,0.4170622940427098,8.174702882469461,2.0644946046636603,False,False,False,False,False,True
6.5004185244497705,0.0,0,0,0,0,0,0,0,0.7264943998038342,3.7612001156935624,9.91128039696677,3.258096538021482,1.0251513113651647,0.8662385509420553,8.174702882469461,2.0644946046636603,False,False,False,False,False,True
6.792676124684396,66.66666666666666,0,0,0,0,0,0,0,1.4529887996076685,6.0867747269123065,10.340845868868293,3.9318256327243257,0.6702912420464539,0.6459620750115815,8.174702882469461,2.0644946046636603,False,False,False,False,False,True
6.83262700342976,84.31232091690545,0,0,0,0,0,0,0,3.5849174838524247,11.27754484521026,10.256496763473399,3.295836866004329,0.6308623454554859,0.2922477286715574,6.415096959171596,1.8969222823803258,False,False,True,False,False,False
6.830647722977677,79.59183673469387,0,0,0,0,0,0,0,0.3902922829787633,8.289037098278483,10.47591544201715,0.6931471805599453,0.6308623454554859,0.08362215928601674,8.028781162487148,1.9991152142115904,False,False,False,True,False,False
6.174481529399562,91.66666666666666,0,0,0,0,0,0,0,0.9078461025802542,6.19644412779452,8.77787019736625,0.6931471805599453,0.4337178625006466,0.11186208836303263,6.104793232414985,1.8852953146630171,False,True,False,False,False,False
6.8555166639998815,63.1578947368421,0,0,0,0,0,0,0,0.8886641126398388,7.363913501405819,10.275953165430591,0.6931471805599453,1.1040091045471006,0.09412755601048532,7.691200097522863,1.9906184714459416,True,False,False,False,False,False
6.9991527367920785,74.86865148861646,0,0,0,0,0,0,0,0.8886641126398388,10.0489289881863,10.282811046385305,0.6931471805599453,2.0503026227303294,0.06897721950018966,7.691200097522863,1.9906184714459416,True,False,False,False,False,False
6.5004185244497705,100.0,0,0,0,0,0,0,0,0.8886641126398388,5.337538079701318,9.91128039696677,0.6931471805599453,0.31543117272774296,0.12986271389725298,7.691200097522863,1.9906184714459416,True,False,False,False,False,False
6.439627965757445,77.54491017964071,0,0,0,0,0,0,0,0.3777770878979938,10.322329457685932,9.894579744052168,2.6390573296152584,1.1828668977290362,0.25566490010161763,8.174702882469461,2.0644946046636603,False,False,False,False,False,True
6.7728198451635695,73.07692307692307,0,0,0,0,0,0,0,0.7805845659575266,10.311083721653247,9.293585506586053,1.0986122886681098,0.5125756556825823,0.10654673343026272,8.028781162487148,1.9991152142115904,False,False,False,True,False,False
6.195191110040243,60.0,0,0,0,0,0,0,0,0.3902922829787633,7.329093736246592,7.8686083776014435,0.6931471805599453,0.9462935181832289,0.09457474627892028,8.028781162487148,1.9991152142115904,False,False,False,True,False,False
6.40169871215857,0.0,0,0,0,0,0,0,0,0.8886641126398388,4.31748811353631,9.324495915651033,0.6931471805599453,0.8280068284103254,0.1605440854340214,7.691200097522863,1.9906184714459416,True,False,False,False,False,False
6.913054347165519,78.38541666666666,0,0,0,0,0,0,0,0.38249375632476623,9.766751028962657,10.393655506016797,0.6931471805599453,0.9462935181832289,0.07097008805737579,7.360739903058278,2.0186487050933315,False,False,False,False,True,False
7.004459215829773,83.49328214971209,0,0,0,0,0,0,0,0.31965753591368706,10.009198006958242,10.4071635901326,2.4849066497880004,0.7491490352283896,0.24826231313043576,8.174702882469461,2.0644946046636603,False,False,False,False,False,True
6.195191110040243,77.55102040816327,0,0,0,0,0,0,0,0.3902922829787633,7.687080155783135,7.8686083776014435,0.6931471805599453,1.1828668977290362,0.09017041145830614,8.028781162487148,1.9991152142115904,False,False,False,True,False,False
6.662948251583755,0.0,0,0,0,0,0,0,0,0.38249375632476623,4.143134726391533,10.093243666143405,0.6931471805599453,1.9320159329574258,0.16730017881017414,7.360739903058278,2.0186487050933315,False,False,False,False,True,False
6.661002281290718,83.37888514587173,0,0,0,0,0,0,0,0.34871731190584043,13.024651315388965,10.31762812804148,2.5649493574615367,0.7097201386374217,0.19693036652973445,8.174702882469461,2.0644946046636603,False,False,False,False,False,True
6.831770986618008,84.30583501006036,0,0,0,0,0,0,0,0.14529887996076685,11.818268166394521,10.323604062733633,1.791759469228055,0.47314675909161447,0.1516093089106709,8.174702882469461,2.0644946046636603,False,False,False,False,False,True
6.8059761534885554,0.0,0,0,0,0,0,0,0,0.38249375632476623,4.770684624465665,9.914218989491387,0.6931471805599453,2.8388805545496867,0.14529302083924284,7.360739903058278,2.0186487050933315,False,False,False,False,True,False
5.7918085106382975,68.51851851851852,0,0,0,0,0,0,0,0.8886641126398388,7.611842399580417,7.751630876729169,0.6931471805599453,0.11828668977290362,0.09106168312131019,7.691200097522863,1.9906184714459416,True,False,False,False,False,False
6.93138279993449,81.01589103291714,0,0,0,0,0,0,0,0.23247820793722695,12.201019901893522,10.505835175144629,2.1972245773362196,0.9068646215922611,0.18008532032598554,8.174702882469461,2.0644946046636603,False,False,False,False,False,True
6.869850796373931,75.0,0,0,0,0,0,0,0,0.7555541757959876,7.122059881629142,10.605469870450406,3.295836866004329,0.7885779318193574,0.4627645541854697,8.174702882469461,2.0644946046636603,False,False,False,False,False,True
6.195191110040243,56.41025641025641,0,0,0,0,0,0,0,0.7805845659575266,7.055312843339752,7.8686083776014435,1.0986122886681098,1.3800113806838756,0.15571418490750624,8.028781162487148,1.9991152142115904,False,False,False,True,False,False
6.439627965757445,69.56521739130434,0,0,0,0,0,0,0,0.3902922829787633,7.1284959456800365,9.894579744052168,0.6931471805599453,2.1291604159122652,0.09723610504120461,8.028781162487148,1.9991152142115904,False,False,False,True,False,False
6.803734917294818,50.0,0,0,0,0,0,0,0,0.38249375632476623,5.003946305945459,10.6327179054734,0.6931471805599453,1.4982980704567792,0.13852010756717745,7.360739903058278,2.0186487050933315,False,False,False,False,True,False
6.852934610855987,80.56388722255548,0,0,0,0,0,0,0,0.34871731190584043,11.117078949527887,10.639452772330097,2.5649493574615367,0.4337178625006466,0.23072152038377522,8.174702882469461,2.0644946046636603,False,False,False,False,False,True
6.2467029592772985,81.2133072407045,0,0,0,0,0,0,0,0.34871731190584043,10.250758416399567,9.657145167764883,2.5649493574615367,0.4337178625006466,0.25022044743128763,8.174702882469461,2.0644946046636603,False,False,False,False,False,True
6.9105546076701785,81.89860496767608,0,0,0,0,0,0,0,0.3777770878979938,11.172868811997306,10.517674037217661,2.6390573296152584,0.15771558636387148,0.2362023016668259,8.174702882469461,2.0644946046636603,False,False,False,False,False,True
6.852392690373802,76.78571428571429,0,0,0,0,0,0,0,1.2495703676625949,7.475339236566737,10.159532674078116,3.784189633918261,1.0645802079561326,0.5062231310396367,8.174702882469461,2.0644946046636603,False,False,False,False,False,True
6.88733739847508,0.0,0,0,0,0,0,0,0,4.829555421039003,7.278628942320682,10.349355336076178,2.5933276030091386,0.15771558636387148,0.3562934205823514,8.028781162487148,1.9991152142115904,False,False,False,True,False,False
5.60043986026233,75.0,0,0,0,0,0,0,0,0.8886641126398388,5.10594547390058,6.344274272082252,0.6931471805599453,0.31543117272774296,0.13575295390501496,7.691200097522863,1.9906184714459416,True,False,False,False,False,False
6.730576075545395,76.47058823529412,0,0,0,0,0,0,0,1.1708768489362897,6.794586580876499,10.16425006871806,1.3862943611198906,1.1434380011380683,0.20402924366607442,8.028781162487148,1.9991152142115904,False,False,False,True,False,False
6.516317989214934,75.75757575757575,0,0,0,0,0,0,0,0.3777770878979938,8.833608482690892,10.067137852155211,2.6390573296152584,1.2222957943200041,0.29875190130809937,8.174702882469461,2.0644946046636603,False,False,False,False,False,True
4.9263479368027125,0.0,0,0,0,0,0,0,0,0.8886641126398388,4.787491742782046,8.362349991150289,0.6931471805599453,0.35486006931871084,0.14478295061395813,7.691200097522863,1.9906184714459416,True,False,False,False,False,False
6.5004185244497705,66.66666666666666,0,0,0,0,0,0,0,0.8886641126398388,4.859812404361672,9.91128039696677,0.6931471805599453,1.1828668977290362,0.14262838210336,7.691200097522863,1.9906184714459416,True,False,False,False,False,False
6.22747829422649,62.857142857142854,0,0,0,0,0,0,0,0.8886641126398388,6.891625897052253,8.715280860702519,0.6931471805599453,1.9714448295483937,0.10057817863509165,7.691200097522863,1.9906184714459416,True,False,False,False,False,False
6.5004185244497705,71.42857142857143,0,0,0,0,0,0,0,0.8886641126398388,6.302618975744905,9.91128039696677,0.6931471805599453,0.4337178625006466,0.10997764313969534,7.691200097522863,1.9906184714459416,True,False,False,False,False,False
6.195191110040243,69.6078431372549,0,0,0,0,0,0,0,0.7805845659575266,8.272570608424903,7.8686083776014435,1.0986122886681098,0.8280068284103254,0.13280180256778557,8.028781162487148,1.9991152142115904,False,False,False,True,False,False
6.7970571647969535,83.30967925063865,0,0,0,0,0,0,0,0.34871731190584043,11.595822556549699,10.601034537222677,2.5649493574615367,1.7743003465935543,0.22119598199722104,8.174702882469461,2.0644946046636603,False,False,False,False,False,True
6.732814859709293,79.82456140350878,0,0,0,0,0,0,0,1.5611691319150531,7.952966790923131,10.073316048918048,1.6094379124341003,1.3800113806838756,0.20236949992938252,8.028781162487148,1.9991152142115904,False,False,False,True,False,False
6.270257490704965,50.0,0,0,0,0,0,0,0,0.13788144168663172,4.890349128221754,8.471450016819338,0.6931471805599453,0.19714448295483936,0.1417377701235801,6.415096959171596,1.8969222823803258,False,False,True,False,False,False
6.664633806081871,70.11494252873564,0,0,0,0,0,0,0,0.9078461025802542,7.988203597022576,10.101821702212225,0.6931471805599453,0.5520045522735503,0.08677134629096088,6.104793232414985,1.8852953146630171,False,True,False,False,False,False
6.846535962302059,83.6734693877551,0,0,0,0,0,0,0,0.3777770878979938,11.510813235783955,10.594941864660107,2.6390573296152584,0.6308623454554859,0.2292676699341411,8.174702882469461,2.0644946046636603,False,False,False,False,False,True
6.195191110040243,65.11627906976744,0,0,0,0,0,0,0,0.3902922829787633,7.744136627627991,7.8686083776014435,0.6931471805599453,0.9857224147741969,0.08950606295956513,8.028781162487148,1.9991152142115904,False,False,False,True,False,False
6.552230578439165,71.7948717948718,0,0,0,0,0,0,0,1.5611691319150531,7.45298232946546,10.310697991541323,1.6094379124341003,0.5125756556825823,0.215945488837558,8.028781162487148,1.9991152142115904,False,False,False,True,False,False
6.744524531479761,0.0,0,0,0,0,0,0,0,2.3417536978725795,4.762173934797756,10.225216783767557,1.9459101490553132,1.85315813977549,0.4086180336329848,8.028781162487148,1.9991152142115904,False,False,False,True,False,False
6.548792989998894,0.0,0,0,0,0,0,0,0,0.3902922829787633,3.8918202981106265,9.223228522439266,0.6931471805599453,0.4337178625006466,0.1781035935540111,8.028781162487148,1.9991152142115904,False,False,False,True,False,False
6.84051898277667,100.0,0,0,0,0,0,0,0,2.3417536978725795,10.17967885827241,10.366698222421915,1.9459101490553132,0.9462935181832289,0.19115633962008433,8.028781162487148,1.9991152142115904,False,False,False,True,False,False
6.740761307066956,60.0,0,0,0,0,0,0,0,4.683507395745159,6.159095388491933,10.288814483408974,2.5649493574615367,1.3011535875019398,0.4164490392946439,8.028781162487148,1.9991152142115904,False,False,False,True,False,False
6.810042529424079,0.0,0,0,0,0,0,0,0,0.4136443250598951,3.6635616461296463,10.047568209938474,1.3862943611198906,0.5914334488645181,0.37840071903374006,6.415096959171596,1.8969222823803258,False,False,True,False,False,False
6.846006740869494,78.83295194508008,0,0,0,0,0,0,0,0.7555541757959876,10.396444477759635,10.274383382910356,3.295836866004329,0.4337178625006466,0.31701577140674153,8.174702882469461,2.0644946046636603,False,False,False,False,False,True
6.794607080130419,80.0,0,0,0,0,0,0,0,0.8886641126398388,5.817111159963204,9.797980786126336,0.6931471805599453,1.3405824840929077,0.11915659878232923,7.691200097522863,1.9906184714459416,True,False,False,False,False,False
7.0320225358806745,87.09866416686197,0,0,0,0,0,0,0,0.34871731190584043,12.90515716515684,10.928267570836029,2.5649493574615367,0.9068646215922611,0.19875382567108504,8.174702882469461,2.0644946046636603,False,False,False,False,False,True
6.700655214370671,69.74789915966386,0,0,0,0,0,0,0,0.38249375632476623,8.346642090221199,10.163122590791794,0.6931471805599453,1.5771558636387148,0.08304503452616306,7.360739903058278,2.0186487050933315,False,False,False,False,True,False
6.82306916382694,79.78056426332289,0,0,0,0,0,0,0,0.34871731190584043,9.516500665673737,10.258807654018822,2.5649493574615367,0.8674357250012932,0.26952652530287474,8.174702882469461,2.0644946046636603,False,False,False,False,False,True
6.5004185244497705,79.0,0,0,0,0,0,0,0,0.3902922829787633,7.671360923190644,9.91128039696677,0.6931471805599453,1.4588691738658113,0.09035517784915457,8.028781162487148,1.9991152142115904,False,False,False,True,False,False
6.48976219033308,0.0,0,0,0,0,0,0,0,0.38249375632476623,4.976733742420574,9.485106768895054,0.6931471805599453,0.5914334488645181,0.13927752948720412,7.360739903058278,2.0186487050933315,False,False,False,False,True,False
6.849410809478435,74.42396313364056,0,0,0,0,0,0,0,0.38249375632476623,9.165238398063762,10.571197215020307,0.6931471805599453,1.1040091045471006,0.07562783971951878,7.360739903058278,2.0186487050933315,False,False,False,False,True,False
6.865487846325214,82.10450966356478,0,0,0,0,0,0,0,0.34871731190584043,12.370251446678479,10.583928086616385,2.5649493574615367,1.4194402772748433,0.20734819890425496,8.174702882469461,2.0644946046636603,False,False,False,False,False,True
6.045175999634896,0.0,0,0,0,0,0,0,0,0.34871731190584043,9.579556347409227,7.952065901555757,2.5649493574615367,1.1040091045471006,0.2677524161288766,8.174702882469461,2.0644946046636603,False,False,False,False,False,True
6.912720749983493,73.75690607734806,0,0,0,0,0,0,0,0.38249375632476623,9.546383945305841,10.369468764676839,0.6931471805599453,1.8925870363664579,0.07260834935313705,7.360739903058278,2.0186487050933315,False,False,False,False,True,False
6.987153097408068,71.5,0,0,0,0,0,0,0,2.294962537948597,8.718663567048953,10.18905036191773,1.9459101490553132,1.4194402772748433,0.2231890397066846,7.360739903058278,2.0186487050933315,False,False,False,False,True,False
5.775788441476067,0.0,0,0,0,0,0,0,0,0.9078461025802542,3.7612001156935624,8.653460843742746,0.6931471805599453,0.15771558636387148,0.18428883314870617,6.104793232414985,1.8852953146630171,False,True,False,False,False,False
6.622168674698795,77.24137931034483,0,0,0,0,0,0,0,0.7805845659575266,8.235625719964311,9.89558775645304,1.0986122886681098,0.7097201386374217,0.1333975493816966,8.028781162487148,1.9991152142115904,False,False,False,True,False,False
6.5004185244497705,0.0,0,0,0,0,0,0,0,0.3902922829787633,4.844187086458591,9.91128039696677,0.6931471805599453,0.6308623454554859,0.14308844150498737,8.028781162487148,1.9991152142115904,False,False,False,True,False,False
6.20715799971213,76.14678899082568,0,0,0,0,0,0,0,0.4136443250598951,8.791941988456118,9.847465822742766,1.3862943611198906,0.9462935181832289,0.1576778330589652,6.415096959171596,1.8969222823803258,False,False,True,False,False,False
6.9991527367920785,65.18518518518519,0,0,0,0,0,0,0,0.38249375632476623,8.311398278436641,10.282811046385305,0.6931471805599453,1.5377269670477471,0.0833971802744995,7.360739903058278,2.0186487050933315,False,False,False,False,True,False
6.745869261287794,63.1578947368421,0,0,0,0,0,0,0,0.8886641126398388,7.242082359256962,9.89485951039786,0.6931471805599453,1.8137292431845222,0.09571103256979008,7.691200097522863,1.9906184714459416,True,False,False,False,False,False
6.881411982126464,74.13793103448276,0,0,0,0,0,0,0,0.7264943998038342,8.766082459148864,10.5146780909202,3.258096538021482,0.9068646215922611,0.3716707609362169,8.174702882469461,2.0644946046636603,False,False,False,False,False,True
6.195191110040243,66.16541353383458,0,0,0,0,0,0,0,0.3902922829787633,8.531490496117062,7.8686083776014435,0.6931471805599453,1.1040091045471006,0.08124573084567314,8.028781162487148,1.9991152142115904,False,False,False,True,False,False
6.883380512152217,73.50427350427351,0,0,0,0,0,0,0,0.7649875126495325,8.231109840328154,10.614465174325586,1.0986122886681098,1.4982980704567792,0.13347073602219248,7.360739903058278,2.0186487050933315,False,False,False,False,True,False
6.510263751421897,75.0,0,0,0,0,0,0,0,0.8272886501197902,7.751045117971802,9.93043086016947,1.9459101490553132,0.7885779318193574,0.25105132526495927,6.415096959171596,1.8969222823803258,False,False,True,False,False,False
6.606416241425137,79.68561064087062,0,0,0,0,0,0,0,0.34871731190584043,11.334432569489755,10.54597082884777,2.5649493574615367,0.15771558636387148,0.22629711207298697,8.174702882469461,2.0644946046636603,False,False,False,False,False,True
6.762098001605815,82.78278278278279,0,0,0,0,0,0,0,0.8886641126398388,10.989419788046863,10.051582491944181,0.6931471805599453,0.3942889659096787,0.06307404703148005,7.691200097522863,1.9906184714459416,True,False,False,False,False,False
6.5004185244497705,74.0,0,0,0,0,0,0,0,1.3788144168663172,8.104401307921613,9.91128039696677,2.3978952727983707,0.7097201386374217,0.29587568306304846,6.415096959171596,1.8969222823803258,False,False,True,False,False,False
6.867928897374089,76.19047619047619,0,0,0,0,0,0,0,1.3788144168663172,8.542080906924017,10.526370576467615,2.3978952727983707,1.8925870363664579,0.2807155889678698,6.415096959171596,1.8969222823803258,False,False,True,False,False,False
5.775788441476067,25.0,0,0,0,0,0,0,0,0.9078461025802542,5.087596335232384,8.653460843742746,0.6931471805599453,0.8280068284103254,0.13624256621143366,6.104793232414985,1.8852953146630171,False,True,False,False,False,False
6.8945007866907115,80.21978021978022,0,0,0,0,0,0,0,0.3777770878979938,10.681710905451192,10.69767748536516,2.6390573296152584,0.35486006931871084,0.2470631674059321,8.174702882469461,2.0644946046636603,False,False,False,False,False,True
6.677693639525605,33.33333333333333,0,0,0,0,0,0,0,0.8886641126398388,5.003946305945459,9.328032216867232,0.6931471805599453,1.7348714500025864,0.13852010756717745,7.691200097522863,1.9906184714459416,True,False,False,False,False,False
6.5004185244497705,57.14285714285714,0,0,0,0,0,0,0,4.207431319572429,8.392989587956931,9.91128039696677,2.4849066497880004,0.6702912420464539,0.296069311625691,7.360739903058278,2.0186487050933315,False,False,False,False,True,False
6.8059761534885554,0.0,0,0,0,0,0,0,0,0.7649875126495325,4.912654885736052,9.914218989491387,1.0986122886681098,3.9428896590967875,0.22362903851804097,7.360739903058278,2.0186487050933315,False,False,False,False,True,False
6.510263751421897,0.0,0,0,0,0,0,0,0,0.35959152870240046,5.627621113690637,9.93043086016947,2.5933276030091386,1.2617246909109718,0.4608212867600844,8.174702882469461,2.0644946046636603,False,False,False,False,False,True
6.8459252495750516,83.49570200573065,0,0,0,0,0,0,0,0.8886641126398388,10.614425534104623,10.421883955112964,0.6931471805599453,0.4337178625006466,0.06530237348529437,7.691200097522863,1.9906184714459416,True,False,False,False,False,False
6.774246980085466,89.47368421052632,0,0,0,0,0,0,0,0.3902922829787633,6.371611847231857,9.964555449296922,0.6931471805599453,0.23657337954580723,0.10878678695110448,8.028781162487148,1.9991152142115904,False,False,False,True,False,False
6.842297549793959,45.45454545454545,0,0,0,0,0,0,0,0.38249375632476623,6.948897222313312,10.316283777434755,0.6931471805599453,2.089731519321297,0.09974923478997638,7.360739903058278,2.0186487050933315,False,False,False,False,True,False
5.879225467208256,67.85714285714286,0,0,0,0,0,0,0,0.9078461025802542,7.294377299288821,8.024343613012375,0.6931471805599453,0.27600227613677514,0.09502485985027467,6.104793232414985,1.8852953146630171,False,True,False,False,False,False
6.542958467678293,0.0,0,0,0,0,0,0,0,0.35959152870240046,4.795790545596741,9.733494725610756,2.5933276030091386,1.0645802079561326,0.5407508060147047,8.174702882469461,2.0644946046636603,False,False,False,False,False,True
5.7918085106382975,0.0,0,0,0,0,0,0,0,0.3902922829787633,4.23410650459726,7.751630876729169,0.6931471805599453,0.7097201386374217,0.16370565544521562,8.028781162487148,1.9991152142115904,False,False,False,True,False,False
6.849565682973,78.1305114638448,0,0,0,0,0,0,0,0.3777770878979938,9.617603862025726,10.37304648296034,2.6390573296152584,0.3942889659096787,0.27439863062309594,8.174702882469461,2.0644946046636603,False,False,False,False,False,True
6.542958467678293,0.0,0,0,0,0,0,0,0,0.7649875126495325,4.290459441148391,9.733494725610756,1.0986122886681098,0.23657337954580723,0.25605935768362686,7.360739903058278,2.0186487050933315,False,False,False,False,True,False
6.615682243836758,80.95238095238095,0,0,0,0,0,0,0,0.3902922829787633,7.151485463904735,9.934863025854376,0.6931471805599453,0.15771558636387148,0.09692352505761573,8.028781162487148,1.9991152142115904,False,False,False,True,False,False
6.91438909153364,69.9579831932773,0,0,0,0,0,0,0,0.38249375632476623,9.62231756369957,10.795631141934663,0.6931471805599453,1.0645802079561326,0.0720353673604434,7.360739903058278,2.0186487050933315,False,False,False,False,True,False
6.886319142907979,61.111111111111114,0,0,0,0,0,0,0,0.8886641126398388,8.296546520300614,10.183715756641568,0.6931471805599453,1.0645802079561326,0.08354647067474408,7.691200097522863,1.9906184714459416,True,False,False,False,False,False
6.840850632094109,83.33333333333334,0,0,0,0,0,0,0,0.3777770878979938,9.400051227201992,10.611601948919969,2.6390573296152584,1.0645802079561326,0.2807492497464609,8.174702882469461,2.0644946046636603,False,False,False,False,False,True
6.751325022977751,70.64220183486239,0,0,0,0,0,0,0,0.8886641126398388,8.037543185118697,10.139510857462417,0.6931471805599453,1.4194402772748433,0.0862386881906015,7.691200097522863,1.9906184714459416,True,False,False,False,False,False
6.841139835882383,65.67164179104478,0,0,0,0,0,0,0,1.4529887996076685,7.640603826393634,10.053457869500832,3.9318256327243257,0.6702912420464539,0.5145961918797912,8.174702882469461,2.0644946046636603,False,False,False,False,False,True
6.890338018266329,82.31928285332825,0,0,0,0,0,0,0,1.801706111513509,12.021284048092427,10.521209139977445,4.143134726391533,0.5914334488645181,0.344649931722475,8.174702882469461,2.0644946046636603,False,False,False,False,False,True
6.829036948424544,80.0,0,0,0,0,0,0,0,0.38249375632476623,5.82600010738045,9.778151955140352,0.6931471805599453,0.5125756556825823,0.11897479707936458,7.360739903058278,2.0186487050933315,False,False,False,False,True,False
6.26522859704693,50.0,0,0,0,0,0,0,0,0.3902922829787633,5.075173815233827,8.33775665141873,0.6931471805599453,1.4194402772748433,0.13657604759848213,8.028781162487148,1.9991152142115904,False,False,False,True,False,False
6.759224938434093,80.23850085178876,0,0,0,0,0,0,0,0.3902922829787633,9.428511581663834,9.967730591475465,0.6931471805599453,0.6308623454554859,0.07351607669528118,8.028781162487148,1.9991152142115904,False,False,False,True,False,False
6.828461306251338,83.63970588235294,0,0,0,0,0,0,0,0.8886641126398388,9.509036565691064,10.561898890124676,0.6931471805599453,0.47314675909161447,0.0728935235206524,7.691200097522863,1.9906184714459416,True,False,False,False,False,False
6.751585809121671,0.0,0,0,0,0,0,0,0,0.7649875126495325,4.248495242049359,9.88965981250502,1.0986122886681098,0.8674357250012932,0.258588565145284,7.360739903058278,2.0186487050933315,False,False,False,False,True,False
6.638507824900212,67.3469387755102,0,0,0,0,0,0,0,0.8886641126398388,7.782807262839695,10.168989880148086,0.6931471805599453,1.2617246909109718,0.08906133187564487,7.691200097522863,1.9906184714459416,True,False,False,False,False,False
6.490336269696487,60.0,0,0,0,0,0,0,0,0.38249375632476623,5.365976015021851,8.81811505604364,0.6931471805599453,0.7491490352283896,0.12917448356450073,7.360739903058278,2.0186487050933315,False,False,False,False,True,False
6.195191110040243,50.0,0,0,0,0,0,0,0,0.3902922829787633,6.018593214496234,7.8686083776014435,0.6931471805599453,0.7885779318193574,0.1151676406523784,8.028781162487148,1.9991152142115904,False,False,False,True,False,False
5.879225467208256,74.30167597765363,0,0,0,0,0,0,0,0.9078461025802542,8.954673628956414,8.024343613012375,0.6931471805599453,0.4337178625006466,0.0774061913678841,6.104793232414985,1.8852953146630171,False,True,False,False,False,False
6.855095698526012,75.0,0,0,0,0,0,0,0,0.3902922829787633,9.013960457931187,10.612579078461035,0.6931471805599453,2.208018209094201,0.0768970735776925,8.028781162487148,1.9991152142115904,False,False,False,True,False,False
6.635160238369523,67.85714285714286,0,0,0,0,0,0,0,0.7805845659575266,7.738923757439457,10.134417269138533,1.0986122886681098,0.5125756556825823,0.14195931154018795,8.028781162487148,1.9991152142115904,False,False,False,True,False,False
5.558589488847307,0.0,0,0,0,0,0,0,0,0.8886641126398388,4.23410650459726,5.858417164315927,0.6931471805599453,0.6308623454554859,0.16370565544521562,7.691200097522863,1.9906184714459416,True,False,False,False,False,False
6.802131924594253,72.0,0,0,0,0,0,0,0,0.7555541757959876,6.812345094177479,10.282919733757934,3.295836866004329,0.31543117272774296,0.4838035684394917,8.174702882469461,2.0644946046636603,False,False,False,False,False,True
4.9263479368027125,0.0,0,0,0,0,0,0,0,0.8886641126398388,4.919980925828125,8.362349991150289,0.6931471805599453,0.19714448295483936,0.14088411947314117,7.691200097522863,1.9906184714459416,True,False,False,False,False,False
6.911383487170326,84.52904929577466,0,0,0,0,0,0,0,1.529975025299065,11.580490651132653,10.572552363136483,1.6094379124341003,1.1040091045471006,0.13897838709249216,7.360739903058278,2.0186487050933315,False,False,False,False,True,False
6.7788006680453305,80.0,0,0,0,0,0,0,0,0.3902922829787633,7.739794458408701,10.024408677838311,0.6931471805599453,1.4588691738658113,0.08955627753226617,8.028781162487148,1.9991152142115904,False,False,False,True,False,False
6.270257490704965,0.0,0,0,0,0,0,0,0,0.8886641126398388,4.5217885770490405,8.471450016819338,0.6931471805599453,1.3800113806838756,0.15329048865267808,7.691200097522863,1.9906184714459416,True,False,False,False,False,False
6.510263751421897,0.0,0,0,0,0,0,0,0,0.3902922829787633,4.110873864173311,9.93043086016947,0.6931471805599453,0.7885779318193574,0.1686130986895011,8.028781162487148,1.9991152142115904,False,False,False,True,False,False
6.5264888547538815,0.0,0,0,0,0,0,0,0,0.38249375632476623,4.48863636973214,9.75745455496221,0.6931471805599453,1.6954425534116186,0.15442266280111014,7.360739903058278,2.0186487050933315,False,False,False,False,True,False
6.96333557503649,81.05263157894737,0,0,0,0,0,0,0,0.3902922829787633,7.732807530422021,10.664792259070344,0.6931471805599453,0.6308623454554859,0.089637195524782,8.028781162487148,1.9991152142115904,False,False,False,True,False,False
6.885667125397279,73.84615384615385,0,0,0,0,0,0,0,0.7805845659575266,7.1459844677143876,10.372980716955137,1.0986122886681098,1.3405824840929077,0.1537384098204591,8.028781162487148,1.9991152142115904,False,False,False,True,False,False
6.7921340428944,77.02702702702703,0,0,0,0,0,0,0,0.3902922829787633,8.122074375362217,10.36953170501716,0.6931471805599453,1.8925870363664579,0.08534115159823727,8.028781162487148,1.9991152142115904,False,False,False,True,False,False
6.26522859704693,0.0,0,0,0,0,0,0,0,1.5111083515919752,3.6109179126442243,8.33775665141873,3.970291913552122,0.35486006931871084,1.099524278757346,8.174702882469461,2.0644946046636603,False,False,False,False,False,True
6.241442385702294,80.06833712984054,0,0,0,0,0,0,0,0.3777770878979938,10.420166014977355,9.194091527769046,2.6390573296152584,0.8674357250012932,0.25326442264183,8.174702882469461,2.0644946046636603,False,False,False,False,False,True
6.944499111272639,80.78628436299142,0,0,0,0,0,0,0,0.7555541757959876,11.584175786498395,10.50152402168326,3.295836866004329,0.47314675909161447,0.28451198658826443,8.174702882469461,2.0644946046636603,False,False,False,False,False,True
6.856607732998538,82.55933952528379,0,0,0,0,0,0,0,0.34871731190584043,11.759582397269078,10.516634692996599,2.5649493574615367,0.6702912420464539,0.2181156839427558,8.174702882469461,2.0644946046636603,False,False,False,False,False,True
6.195191110040243,69.0909090909091,0,0,0,0,0,0,0,0.3902922829787633,8.345455428161928,7.8686083776014435,0.6931471805599453,1.7348714500025864,0.08305684291607435,8.028781162487148,1.9991152142115904,False,False,False,True,False,False
6.81823449633989,78.64693446088795,0,0,0,0,0,0,0,0.38249375632476623,9.045347797304004,9.698986449188135,0.6931471805599453,1.0251513113651647,0.0766302408810129,7.360739903058278,2.0186487050933315,False,False,False,False,True,False
6.7921340428944,77.77777777777779,0,0,0,0,0,0,0,0.8886641126398388,5.8522024797744745,10.36953170501716,0.6931471805599453,0.6308623454554859,0.11844210499474328,7.691200097522863,1.9906184714459416,True,False,False,False,False,False
6.752542161239349,65.45454545454545,0,0,0,0,0,0,0,0.38249375632476623,8.448914350662942,10.418120676184797,0.6931471805599453,0.9857224147741969,0.08203979254512832,7.360739903058278,2.0186487050933315,False,False,False,False,True,False
6.662948251583755,0.0,0,0,0,0,0,0,0,0.6894072084331586,4.1588830833596715,10.093243666143405,1.791759469228055,0.6702912420464539,0.43082708345352605,6.415096959171596,1.8969222823803258,False,False,True,False,False,False
6.195191110040243,77.27272727272727,0,0,0,0,0,0,0,0.7805845659575266,7.700747794511798,7.8686083776014435,1.0986122886681098,0.6308623454554859,0.1426630657156534,8.028781162487148,1.9991152142115904,False,False,False,True,False,False
6.110232844165658,100.0,0,0,0,0,0,0,0,0.9078461025802542,4.189654742026425,9.059811780007355,0.6931471805599453,1.0645802079561326,0.16544255391905832,6.104793232414985,1.8852953146630171,False,True,False,False,False,False
6.669845257137642,74.21875,0,0,0,0,0,0,0,0.13788144168663172,8.31115254800169,10.105230794896064,0.6931471805599453,2.484020485230976,0.08339964602461829,6.415096959171596,1.8969222823803258,False,False,True,False,False,False
6.856607732998538,78.94736842105263,0,0,0,0,0,0,0,0.7805845659575266,7.8709295967551425,10.516634692996599,1.0986122886681098,0.5914334488645181,0.13957846721447262,8.028781162487148,1.9991152142115904,False,False,False,True,False,False
6.738572847556955,44.44444444444444,0,0,0,0,0,0,0,0.7264943998038342,7.071573364211532,10.406176714829902,3.258096538021482,0.7885779318193574,0.46073149074721564,8.174702882469461,2.0644946046636603,False,False,False,False,False,True
6.110232844165658,100.0,0,0,0,0,0,0,0,0.9078461025802542,5.187385805840755,9.059811780007355,0.6931471805599453,0.35486006931871084,0.13362167506019965,6.104793232414985,1.8852953146630171,False,True,False,False,False,False
6.74472764911023,78.70239774330042,0,0,0,0,0,0,0,0.34871731190584043,10.609131324425356,10.336080606389867,2.5649493574615367,0.6702912420464539,0.24176808440067712,8.174702882469461,2.0644946046636603,False,False,False,False,False,True
6.901267417916423,81.66160081053698,0,0,0,0,0,0,0,1.1333312636939814,10.520077610373917,10.28179175137282,3.6888794541139363,0.8280068284103254,0.3506513536056339,8.174702882469461,2.0644946046636603,False,False,False,False,False,True
6.192033733782523,0.0,0,0,0,0,0,0,0,0.7555541757959876,3.713572066704308,9.566331310956217,3.295836866004329,0.7885779318193574,0.887511217448728,8.174702882469461,2.0644946046636603,False,False,False,False,False,True
6.789420307394056,82.5531914893617,0,0,0,0,0,0,0,2.3417536978725795,8.492285555710053,10.383758236691929,1.9459101490553132,1.0251513113651647,0.2291385677377417,8.028781162487148,1.9991152142115904,False,False,False,True,False,False
5.879225467208256,71.42857142857143,0,0,0,0,0,0,0,0.9078461025802542,6.144185634125646,8.024343613012375,0.6931471805599453,0.6308623454554859,0.1128135153843841,6.104793232414985,1.8852953146630171,False,True,False,False,False,False
6.241442385702294,68.59903381642512,0,0,0,0,0,0,0,1.1474812689742986,8.731497794063243,9.194091527769046,1.3862943611198906,0.6308623454554859,0.15876936509821554,7.360739903058278,2.0186487050933315,False,False,False,False,True,False
6.671140218499566,83.01886792452831,0,0,0,0,0,0,0,1.3658094716312084,7.703007682479236,9.763111410243045,3.871201010907891,1.2617246909109718,0.5025570751685832,8.174702882469461,2.0644946046636603,False,False,False,False,False,True
6.89119251784515,83.33333333333334,0,0,0,0,0,0,0,1.1333312636939814,11.257581500430392,10.481579530675262,3.6888794541139363,0.7885779318193574,0.32767956900626527,8.174702882469461,2.0644946046636603,False,False,False,False,False,True
6.756088305354059,76.33587786259542,0,0,0,0,0,0,0,0.8886641126398388,8.379768515504566,9.979914501911413,0.6931471805599453,1.4194402772748433,0.08271674560907716,7.691200097522863,1.9906184714459416,True,False,False,False,False,False
6.806194056192318,0.0,0,0,0,0,0,0,0,1.706172766409985,5.945420608606575,9.881294333397236,2.5933276030091386,0.5520045522735503,0.43618908967601794,6.415096959171596,1.8969222823803258,False,False,True,False,False,False
6.7040484841531285,70.37037037037037,0,0,0,0,0,0,0,0.8886641126398388,6.799055862058796,9.848840588225862,0.6931471805599453,2.0108737261393617,0.10194756369453568,7.691200097522863,1.9906184714459416,True,False,False,False,False,False
6.670570389868318,80.0,0,0,0,0,0,0,0,0.7649875126495325,6.739336627357174,10.522903874514393,1.0986122886681098,0.9068646215922611,0.1630149003402624,7.360739903058278,2.0186487050933315,False,False,False,False,True,False
6.8597275096250865,65.8119658119658,0,0,0,0,0,0,0,0.7555541757959876,9.372204086867741,10.338109218973214,3.295836866004329,0.5520045522735503,0.3516608084348515,8.174702882469461,2.0644946046636603,False,False,False,False,False,True
6.889678266422713,69.51219512195121,0,0,0,0,0,0,0,0.38249375632476623,10.004779804018,10.37484668725167,0.6931471805599453,0.9068646215922611,0.06928160280764718,7.360739903058278,2.0186487050933315,False,False,False,False,True,False
6.5004185244497705,0.0,0,0,0,0,0,0,0,0.9880323837332146,4.532599493153256,9.91128039696677,3.5553480614894135,0.6308623454554859,0.7843949298542623,8.174702882469461,2.0644946046636603,False,False,False,False,False,True
6.901751986715905,81.13207547169812,0,0,0,0,0,0,0,0.7555541757959876,10.560515206289688,10.277773845765244,3.295836866004329,0.7491490352283896,0.31209053740497217,8.174702882469461,2.0644946046636603,False,False,False,False,False,True
6.884678058902466,77.47875354107649,0,0,0,0,0,0,0,2.3417536978725795,9.51111140896968,10.225265105323505,1.9459101490553132,0.7491490352283896,0.20459335038596815,8.028781162487148,1.9991152142115904,False,False,False,True,False,False
6.195191110040243,65.625,0,0,0,0,0,0,0,0.3902922829787633,8.945462952177666,7.8686083776014435,0.6931471805599453,1.7743003465935543,0.07748589248711907,8.028781162487148,1.9991152142115904,False,False,False,True,False,False
6.587329509711857,86.32645111024543,0,0,0,0,0,0,0,0.8886641126398388,11.404783306350526,10.348587708504871,0.6931471805599453,0.7097201386374217,0.06077688299206704,7.691200097522863,1.9906184714459416,True,False,False,False,False,False
6.7481234172756,57.14285714285714,0,0,0,0,0,0,0,0.3902922829787633,6.091309882077698,10.19759241808323,0.6931471805599453,1.8925870363664579,0.11379279563487225,8.028781162487148,1.9991152142115904,False,False,False,True,False,False
6.778371967850202,0.0,0,0,0,0,0,0,0,3.3418742390976375,4.653960350157523,10.44611879933651,4.7535901911063645,0.3942889659096787,1.0214075396979843,8.174702882469461,2.0644946046636603,False,False,False,False,False,True
6.844614966234576,67.34177215189874,0,0,0,0,0,0,0,1.5611691319150531,9.157783121237507,10.253585385671725,1.6094379124341003,2.484020485230976,0.1757453622920712,8.028781162487148,1.9991152142115904,False,False,False,True,False,False
6.195191110040243,62.06896551724138,0,0,0,0,0,0,0,2.3417536978725795,7.355001921105257,7.8686083776014435,1.9459101490553132,0.23657337954580723,0.2645696316504695,8.028781162487148,1.9991152142115904,False,False,False,True,False,False
6.744196985385269,77.088948787062,0,0,0,0,0,0,0,0.7805845659575266,9.950609659604863,10.133921903918713,1.0986122886681098,0.47314675909161447,0.11040653047903153,8.028781162487148,1.9991152142115904,False,False,False,True,False,False
6.8356337303493975,75.67567567567568,0,0,0,0,0,0,0,2.3417536978725795,8.41316512099219,10.291175312072053,1.9459101490553132,0.6308623454554859,0.2312934693507865,8.028781162487148,1.9991152142115904,False,False,False,True,False,False
6.829036948424544,0.0,0,0,0,0,0,0,0,0.38249375632476623,4.127134385045092,9.778151955140352,0.6931471805599453,0.7097201386374217,0.16794877895704194,7.360739903058278,2.0186487050933315,False,False,False,False,True,False
6.628254084025196,0.0,0,0,0,0,0,0,0,0.3777770878979938,7.448333860897476,10.049137128369047,2.6390573296152584,0.23657337954580723,0.35431512320760405,8.174702882469461,2.0644946046636603,False,False,False,False,False,True
6.5004185244497705,50.0,0,0,0,0,0,0,0,0.3902922829787633,4.795790545596741,9.91128039696677,0.6931471805599453,0.7097201386374217,0.1445324131589439,8.028781162487148,1.9991152142115904,False,False,False,True,False,False
6.872724838781157,74.01656314699792,0,0,0,0,0,0,0,0.38249375632476623,9.975342989636555,10.448627319059822,0.6931471805599453,2.0108737261393617,0.06948604988119808,7.360739903058278,2.0186487050933315,False,False,False,False,True,False
6.510263751421897,66.66666666666666,0,0,0,0,0,0,0,1.1030515334930537,5.564520407322694,9.93043086016947,2.1972245773362196,0.7097201386374217,0.3948632436399653,6.415096959171596,1.8969222823803258,False,False,True,False,False,False
6.468372592093842,0.0,0,0,0,0,0,0,0,0.8886641126398388,6.403574197934815,9.533994132566862,0.6931471805599453,0.4337178625006466,0.10824379621984996,7.691200097522863,1.9906184714459416,True,False,False,False,False,False
6.8244710864849685,70.87378640776699,0,0,0,0,0,0,0,0.3902922829787633,9.634365505605258,10.261648987154905,0.6931471805599453,1.85315813977549,0.0719452858786262,8.028781162487148,1.9991152142115904,False,False,False,True,False,False
6.195191110040243,20.0,0,0,0,0,0,0,0,1.1708768489362897,5.521460917862246,7.8686083776014435,1.3862943611198906,0.27600227613677514,0.2510738338534912,8.028781162487148,1.9991152142115904,False,False,False,True,False,False
6.798867426569133,80.56580565805658,0,0,0,0,0,0,0,0.8886641126398388,10.252946523854552,10.153657241525975,0.6931471805599453,0.9857224147741969,0.06760468114675776,7.691200097522863,1.9906184714459416,True,False,False,False,False,False
6.740866461953476,68.96551724137932,0,0,0,0,0,0,0,0.38249375632476623,6.606650186198215,10.291965944804542,0.6931471805599453,1.1040091045471006,0.10491658571661346,7.360739903058278,2.0186487050933315,False,False,False,False,True,False
6.359366963355418,66.3157894736842,0,0,0,0,0,0,0,0.7805845659575266,8.16223106548118,9.387122915483614,1.0986122886681098,1.4982980704567792,0.13459705806593023,8.028781162487148,1.9991152142115904,False,False,False,True,False,False
5.558589488847307,100.0,0,0,0,0,0,0,0,0.13788144168663172,4.969813299576001,5.858417164315927,0.6931471805599453,0.8674357250012932,0.1394714728255649,6.415096959171596,1.8969222823803258,False,False,True,False,False,False
6.862799804631824,78.89871382636656,0,0,0,0,0,0,0,0.34871731190584043,11.205802299860744,10.666855366071617,2.5649493574615367,1.0251513113651647,0.22889475370214335,8.174702882469461,2.0644946046636603,False,False,False,False,False,True
6.728879252982257,0.0,0,0,0,0,0,0,0,0.3902922829787633,7.223295679562314,10.092995148114731,0.6931471805599453,0.9857224147741969,0.09595996222626534,8.028781162487148,1.9991152142115904,False,False,False,True,False,False
6.703006296580537,66.66666666666666,0,0,0,0,0,0,0,1.5111083515919752,7.5822291942764615,10.172048866669856,3.970291913552122,1.4194402772748433,0.5236312187119252,8.174702882469461,2.0644946046636603,False,False,False,False,False,True
6.863811183522898,81.08504398826979,0,0,0,0,0,0,0,0.8886641126398388,9.49228099379885,10.083958405413677,0.6931471805599453,0.31543117272774296,0.073022193613186,7.691200097522863,1.9906184714459416,True,False,False,False,False,False
6.7108808707015255,83.97720075997466,0,0,0,0,0,0,0,0.34871731190584043,11.91414825382026,9.975240141996258,2.5649493574615367,0.9068646215922611,0.21528600306271062,8.174702882469461,2.0644946046636603,False,False,False,False,False,True
6.6430291428883415,50.0,0,0,0,0,0,0,0,0.38249375632476623,6.309918278226516,9.86229888291955,0.6931471805599453,1.1040091045471006,0.1098504211935314,7.360739903058278,2.0186487050933315,False,False,False,False,True,False
6.801279969075106,100.0,0,0,0,0,0,0,0,0.3902922829787633,4.7535901911063645,10.323930083446934,0.6931471805599453,0.5520045522735503,0.14581551052860536,8.028781162487148,1.9991152142115904,False,False,False,True,False,False
6.7728198451635695,0.0,0,0,0,0,0,0,0,0.3902922829787633,4.394449154672439,9.293585506586053,0.6931471805599453,0.7885779318193574,0.15773243839286435,8.028781162487148,1.9991152142115904,False,False,False,True,False,False
6.756666247949616,0.0,0,0,0,0,0,0,0,1.6545773002395805,4.955827057601261,10.418346234180893,2.5649493574615367,0.7491490352283896,0.5175623216164112,6.415096959171596,1.8969222823803258,False,False,True,False,False,False
6.7728198451635695,68.18181818181817,0,0,0,0,0,0,0,2.0923038714350426,6.879355804460439,9.293585506586053,4.290459441148391,0.5520045522735503,0.6236716871609608,8.174702882469461,2.0644946046636603,False,False,False,False,False,True
6.890959249716985,81.64220035489595,0,0,0,0,0,0,0,0.34871731190584043,11.978381268515756,10.596837100681503,2.5649493574615367,0.31543117272774296,0.21413155083010313,8.174702882469461,2.0644946046636603,False,False,False,False,False,True
6.195191110040243,68.29268292682927,0,0,0,0,0,0,0,0.7805845659575266,7.1785454837637,7.8686083776014435,1.0986122886681098,0.15771558636387148,0.15304107094576896,8.028781162487148,1.9991152142115904,False,False,False,True,False,False
6.6135862084355725,59.375,0,0,0,0,0,0,0,1.5611691319150531,7.009408932708637,9.806019288643075,1.6094379124341003,0.31543117272774296,0.22961107389866142,8.028781162487148,1.9991152142115904,False,False,False,True,False,False
6.662948251583755,84.83563096500531,0,0,0,0,0,0,0,0.34871731190584043,10.370580700437113,10.093243666143405,2.5649493574615367,1.1040091045471006,0.2473293860346148,8.174702882469461,2.0644946046636603,False,False,False,False,False,True
6.638243832197137,0.0,0,0,0,0,0,0,0,1.1474812689742986,4.875197323201151,10.118310337677755,1.3862943611198906,1.3405824840929077,0.2843565643020214,7.360739903058278,2.0186487050933315,False,False,False,False,True,False
6.602535413663778,0.0,0,0,0,0,0,0,0,0.35959152870240046,8.411165786770708,10.182888913729943,2.5933276030091386,0.8674357250012932,0.3083196394830297,8.174702882469461,2.0644946046636603,False,False,False,False,False,True
6.778805303766696,78.94736842105263,0,0,0,0,0,0,0,2.6774562942733633,6.683360945766275,10.211007166783636,2.0794415416798357,1.3405824840929077,0.31113709981459325,7.360739903058278,2.0186487050933315,False,False,False,False,True,False
6.86401229618087,69.62025316455697,0,0,0,0,0,0,0,0.3902922829787633,7.6236419465115715,10.219694866047371,0.6931471805599453,1.5771558636387148,0.09092074174300852,8.028781162487148,1.9991152142115904,False,False,False,True,False,False
6.5004185244497705,87.5,0,0,0,0,0,0,0,0.3902922829787633,7.069874128458572,9.91128039696677,0.6931471805599453,0.5520045522735503,0.0980423651065865,8.028781162487148,1.9991152142115904,False,False,False,True,False,False
6.58558055977916,0.0,0,0,0,0,0,0,0,0.38249375632476623,4.248495242049359,9.56895283095515,0.6931471805599453,1.4194402772748433,0.16315121968351076,7.360739903058278,2.0186487050933315,False,False,False,False,True,False
6.5004185244497705,82.85714285714286,0,0,0,0,0,0,0,0.34871731190584043,7.725771441587952,9.91128039696677,2.5649493574615367,0.7491490352283896,0.3319991248581822,8.174702882469461,2.0644946046636603,False,False,False,False,False,True
6.915536808566012,86.66666666666667,0,0,0,0,0,0,0,0.8886641126398388,7.515344571180436,10.542127462070514,0.6931471805599453,0.7097201386374217,0.09223092487575357,7.691200097522863,1.9906184714459416,True,False,False,False,False,False
6.289007148338809,100.0,0,0,0,0,0,0,0,0.8886641126398388,4.454347296253507,7.921587131345857,0.6931471805599453,0.7885779318193574,0.15561139140249397,7.691200097522863,1.9906184714459416,True,False,False,False,False,False
6.651400643424755,0.0,0,0,0,0,0,0,0,0.3777770878979938,3.9889840465642745,10.091938442844839,2.6390573296152584,0.35486006931871084,0.6615863334646042,8.174702882469461,2.0644946046636603,False,False,False,False,False,True
6.848358505499612,82.21684153887544,0,0,0,0,0,0,0,0.6974346238116809,11.96162884604526,10.583850504001472,3.2188758248682006,0.35486006931871084,0.26910012560140767,8.174702882469461,2.0644946046636603,False,False,False,False,False,True
7.0314955564501656,82.52252252252252,0,0,0,0,0,0,0,0.6393150718273741,9.930810848185018,10.867559094637576,3.1354942159291497,0.4337178625006466,0.3157339580687111,8.174702882469461,2.0644946046636603,False,False,False,False,False,True
6.822005895983393,79.06976744186046,0,0,0,0,0,0,0,0.6974346238116809,7.636752112435779,10.236233937114172,3.2188758248682006,1.7743003465935543,0.42149801086597327,8.174702882469461,2.0644946046636603,False,False,False,False,False,True
6.810042529424079,71.42857142857143,0,0,0,0,0,0,0,0.3902922829787633,9.001222992395064,10.047568209938474,0.6931471805599453,0.7097201386374217,0.07700588921589545,8.028781162487148,1.9991152142115904,False,False,False,True,False,False
6.957767398843721,78.87323943661971,0,0,0,0,0,0,0,1.4529887996076685,10.347532142611767,10.41278805844042,3.9318256327243257,0.7885779318193574,0.3799771364355399,8.174702882469461,2.0644946046636603,False,False,False,False,False,True
6.192033733782523,0.0,0,0,0,0,0,0,0,0.3902922829787633,4.060443010546419,9.566331310956217,0.6931471805599453,0.7491490352283896,0.17070727966372012,8.028781162487148,1.9991152142115904,False,False,False,True,False,False
6.910821247761948,83.02599099753158,0,0,0,0,0,0,0,0.34871731190584043,12.214715190911516,10.753162470603892,2.5649493574615367,1.1828668977290362,0.20998847024857473,8.174702882469461,2.0644946046636603,False,False,False,False,False,True
6.844958269434055,72.72727272727273,0,0,0,0,0,0,0,1.5401681275841286,7.4645098346365275,9.979304294970351,3.9889840465642745,0.7097201386374217,0.5343933004220514,8.174702882469461,2.0644946046636603,False,False,False,False,False,True
6.788310729601363,0.0,0,0,0,0,0,0,0,0.3902922829787633,5.552959584921617,9.914078482087426,0.6931471805599453,0.5520045522735503,0.12482481998286134,8.028781162487148,1.9991152142115904,False,False,False,True,False,False
6.974456778732399,70.67669172932331,0,0,0,0,0,0,0,0.3902922829787633,8.190077049719049,10.736923625679788,0.6931471805599453,0.8280068284103254,0.08463255917521836,8.028781162487148,1.9991152142115904,False,False,False,True,False,False
6.662948251583755,74.78260869565217,0,0,0,0,0,0,0,1.1474812689742986,7.979681302387741,10.093243666143405,1.3862943611198906,1.4982980704567792,0.17372803606894338,7.360739903058278,2.0186487050933315,False,False,False,False,True,False
6.393797237117623,37.5,0,0,0,0,0,0,0,0.38249375632476623,7.2991214627108,9.585589680262684,0.6931471805599453,0.23657337954580723,0.09496309714820382,7.360739903058278,2.0186487050933315,False,False,False,False,True,False
6.728879252982257,66.66666666666666,0,0,0,0,0,0,0,0.8886641126398388,5.476463551931511,10.092995148114731,0.6931471805599453,1.1828668977290362,0.1265683910770258,7.691200097522863,1.9906184714459416,True,False,False,False,False,False
6.780101951285577,88.23529411764706,0,0,0,0,0,0,0,0.34871731190584043,6.616065185132817,10.41159261413117,2.5649493574615367,1.5377269670477471,0.3876850190692378,8.174702882469461,2.0644946046636603,False,False,False,False,False,True
6.726881389735055,0.0,0,0,0,0,0,0,0,3.5849174838524247,4.3694478524670215,9.920300326844044,3.295836866004329,0.7885779318193574,0.754291383553983,6.415096959171596,1.8969222823803258,False,False,True,False,False,False
6.775780679245273,77.45098039215686,0,0,0,0,0,0,0,0.38249375632476623,7.793174347189205,10.404379257576117,0.6931471805599453,0.8280068284103254,0.08894285559130927,7.360739903058278,2.0186487050933315,False,False,False,False,True,False
6.723628865435316,77.8836987607245,0,0,0,0,0,0,0,1.1708768489362897,9.916255691813806,10.470346804375117,1.3862943611198906,0.9857224147741969,0.13980018307356898,8.028781162487148,1.9991152142115904,False,False,False,True,False,False
6.9084008859802815,82.87521284359036,0,0,0,0,0,0,0,0.34871731190584043,11.72554988369423,10.540157328238578,2.5649493574615367,0.4337178625006466,0.21874874806753444,8.174702882469461,2.0644946046636603,False,False,False,False,False,True
6.911137346756003,76.95573074590662,0,0,0,0,0,0,0,1.3948692476233617,10.62186378714185,10.246853132242512,3.8918202981106265,0.5520045522735503,0.3663971197617706,8.174702882469461,2.0644946046636603,False,False,False,False,False,True
6.5004185244497705,0.0,0,0,0,0,0,0,0,0.7555541757959876,4.543294782270004,9.91128039696677,3.295836866004329,0.5914334488645181,0.7254287964906391,8.174702882469461,2.0644946046636603,False,False,False,False,False,True
6.380775682048159,50.0,0,0,0,0,0,0,0,1.1623910396861348,6.35088571671474,9.641302361946234,3.713572066704308,0.35486006931871084,0.5847329384200143,8.174702882469461,2.0644946046636603,False,False,False,False,False,True
6.79113600497033,80.23032629558541,0,0,0,0,0,0,0,0.7805845659575266,9.538636417313219,10.082617584627217,1.0986122886681098,0.5520045522735503,0.11517498315315385,8.028781162487148,1.9991152142115904,False,False,False,True,False,False
6.510263751421897,74.12280701754386,0,0,0,0,0,0,0,1.529975025299065,8.614138397472717,9.93043086016947,1.6094379124341003,2.3263048988671047,0.18683678368881207,7.360739903058278,2.0186487050933315,False,False,False,False,True,False
7.057946468800966,75.67567567567568,0,0,0,0,0,0,0,0.7805845659575266,7.68662133494462,10.66047508157477,1.0986122886681098,1.2617246909109718,0.142925251654279,8.028781162487148,1.9991152142115904,False,False,False,True,False,False
6.794607080130419,70.0,0,0,0,0,0,0,0,0.8886641126398388,5.811140992976701,9.797980786126336,0.6931471805599453,0.5520045522735503,0.11927901618592243,7.691200097522863,1.9906184714459416,True,False,False,False,False,False
5.558589488847307,66.66666666666666,0,0,0,0,0,0,0,0.7264943998038342,5.91350300563827,5.858417164315927,3.258096538021482,1.2222957943200041,0.5509588030842342,8.174702882469461,2.0644946046636603,False,False,False,False,False,True
5.710152858857673,66.66666666666666,0,0,0,0,0,0,0,0.8886641126398388,5.802118375377063,9.900645724473474,0.6931471805599453,0.23657337954580723,0.1194645017070855,7.691200097522863,1.9906184714459416,True,False,False,False,False,False
6.694849741824683,82.38993710691824,0,0,0,0,0,0,0,1.5611691319150531,8.411388132519262,9.72387854305561,1.6094379124341003,0.8674357250012932,0.19134034562165234,8.028781162487148,1.9991152142115904,False,False,False,True,False,False
6.743024351257927,68.08510638297872,0,0,0,0,0,0,0,0.8886641126398388,7.083387847625295,9.951538989878745,0.6931471805599453,1.7743003465935543,0.09785531944185757,7.691200097522863,1.9906184714459416,True,False,False,False,False,False
6.868572948400319,25.0,0,0,0,0,0,0,0,0.8886641126398388,5.605802066295998,10.00003020977695,0.6931471805599453,0.7491490352283896,0.12364817244036916,7.691200097522863,1.9906184714459416,True,False,False,False,False,False
6.661002281290718,84.21052631578947,0,0,0,0,0,0,0,0.7805845659575266,7.962763930168115,10.31762812804148,1.0986122886681098,1.4588691738658113,0.1379687126609209,8.028781162487148,1.9991152142115904,False,False,False,True,False,False
7.00943938797986,83.35343787696019,0,0,0,0,0,0,0,0.8886641126398388,11.818467101722776,10.905546162871463,0.6931471805599453,2.2868760022761365,0.05864949951579637,7.691200097522863,1.9906184714459416,True,False,False,False,False,False
6.723850230514225,0.0,0,0,0,0,0,0,0,0.35959152870240046,7.807916628926408,10.269453600914668,2.5933276030091386,0.23657337954580723,0.33214079072021574,8.174702882469461,2.0644946046636603,False,False,False,False,False,True
6.796692621190359,84.99656672007325,0,0,0,0,0,0,0,0.40683686389014717,12.96820936423818,10.360043831534716,2.70805020110221,1.0251513113651647,0.20882221477469914,8.174702882469461,2.0644946046636603,False,False,False,False,False,True
6.806868073657801,80.32432432432432,0,0,0,0,0,0,0,0.3777770878979938,10.947573255182869,10.281785363871197,2.6390573296152584,0.27600227613677514,0.24106322635163543,8.174702882469461,2.0644946046636603,False,False,False,False,False,True
6.850800953794325,72.22222222222221,0,0,0,0,0,0,0,1.1333312636939814,6.326149473155099,10.062755273540018,3.6888794541139363,0.5125756556825823,0.5831160755476343,8.174702882469461,2.0644946046636603,False,False,False,False,False,True
6.852278182224739,62.68656716417911,0,0,0,0,0,0,0,1.3948692476233617,8.194229304819817,10.378119402390256,3.8918202981106265,0.7885779318193574,0.4749464718813118,8.174702882469461,2.0644946046636603,False,False,False,False,False,True
6.6934802647434,85.71428571428571,0,0,0,0,0,0,0,1.1708768489362897,6.393590753950631,9.704945179459122,1.3862943611198906,0.3942889659096787,0.2168256328047416,8.028781162487148,1.9991152142115904,False,False,False,True,False,False
6.301036379522414,71.05263157894737,0,0,0,0,0,0,0,1.1708768489362897,7.5310163320779155,9.344514804630203,1.3862943611198906,0.7491490352283896,0.18407799160055627,8.028781162487148,1.9991152142115904,False,False,False,True,False,False
6.58558055977916,42.857142857142854,0,0,0,0,0,0,0,0.7555541757959876,5.932245187448011,9.56895283095515,3.295836866004329,0.7097201386374217,0.5555800142883446,8.174702882469461,2.0644946046636603,False,False,False,False,False,True
6.823146793508421,84.26763110307414,0,0,0,0,0,0,0,0.34871731190584043,10.156616999340594,10.27120685262779,2.5649493574615367,0.7097201386374217,0.25253973420756765,8.174702882469461,2.0644946046636603,False,False,False,False,False,True
5.60043986026233,0.0,0,0,0,0,0,0,0,0.35959152870240046,7.494430215031565,6.344274272082252,2.5933276030091386,0.5914334488645181,0.34603399172464183,8.174702882469461,2.0644946046636603,False,False,False,False,False,True
6.898645569019732,81.03921568627452,0,0,0,0,0,0,0,0.7555541757959876,11.810849904836271,10.518589101140517,3.295836866004329,0.6702912420464539,0.2790516256289702,8.174702882469461,2.0644946046636603,False,False,False,False,False,True
6.195191110040243,66.66666666666666,0,0,0,0,0,0,0,0.3902922829787633,6.0867747269123065,7.8686083776014435,0.6931471805599453,1.6560136568206507,0.11387758076461035,8.028781162487148,1.9991152142115904,False,False,False,True,False,False
6.80667718058401,76.75675675675676,0,0,0,0,0,0,0,3.05995005059813,8.699848026000312,10.285271017084886,2.1972245773362196,1.1040091045471006,0.2525589608886969,7.360739903058278,2.0186487050933315,False,False,False,False,True,False
4.9263479368027125,0.0,0,0,0,0,0,0,0,0.8886641126398388,4.3694478524670215,8.362349991150289,0.6931471805599453,1.3405824840929077,0.15863495891559604,7.691200097522863,1.9906184714459416,True,False,False,False,False,False
6.856016090074632,78.0701754385965,0,0,0,0,0,0,0,1.5611691319150531,7.784473235736469,10.585593926553782,1.6094379124341003,0.9857224147741969,0.20674975219204225,8.028781162487148,1.9991152142115904,False,False,False,True,False,False
6.827594775273217,80.35019455252919,0,0,0,0,0,0,0,0.34871731190584043,9.47554674766278,10.234351590639392,2.5649493574615367,0.7491490352283896,0.2706914361531911,8.174702882469461,2.0644946046636603,False,False,False,False,False,True
6.935517682295393,53.84615384615385,0,0,0,0,0,0,0,0.7649875126495325,7.202661196523238,10.328135530596398,1.0986122886681098,0.7097201386374217,0.15252866387751457,7.360739903058278,2.0186487050933315,False,False,False,False,True,False
5.558589488847307,66.66666666666666,0,0,0,0,0,0,0,2.6774562942733633,4.836281906951478,5.858417164315927,2.0794415416798357,1.0645802079561326,0.4299669832502795,7.360739903058278,2.0186487050933315,False,False,False,False,True,False
6.97343843699924,81.44843872999212,0,0,0,0,0,0,0,0.34871731190584043,11.36652302320156,10.45074475006427,2.5649493574615367,0.5125756556825823,0.22565822039210354,8.174702882469461,2.0644946046636603,False,False,False,False,False,True
6.195191110040243,69.6969696969697,0,0,0,0,0,0,0,0.3902922829787633,6.942156705699469,7.8686083776014435,0.6931471805599453,0.6308623454554859,0.0998460867342386,8.028781162487148,1.9991152142115904,False,False,False,True,False,False
6.81823449633989,72.22222222222221,0,0,0,0,0,0,0,0.7649875126495325,6.860663671448287,9.698986449188135,1.0986122886681098,0.7885779318193574,0.16013207195102053,7.360739903058278,2.0186487050933315,False,False,False,False,True,False
6.5004185244497705,87.5,0,0,0,0,0,0,0,0.8886641126398388,6.306275286948016,9.91128039696677,0.6931471805599453,0.7097201386374217,0.10991387927427454,7.691200097522863,1.9906184714459416,True,False,False,False,False,False
6.798867426569133,70.54263565891473,0,0,0,0,0,0,0,0.38249375632476623,8.608495349823023,10.153657241525975,0.6931471805599453,2.6023071750038795,0.08051897020240538,7.360739903058278,2.0186487050933315,False,False,False,False,True,False
6.759982298508762,88.84857956131049,0,0,0,0,0,0,0,0.6974346238116809,13.420351657971512,10.98148729951909,3.2188758248682006,0.4337178625006466,0.23985033379928095,8.174702882469461,2.0644946046636603,False,False,False,False,False,True
6.756379223895332,62.5,0,0,0,0,0,0,0,0.8886641126398388,6.532334292222349,10.120073395422493,0.6931471805599453,2.3657337954580724,0.10611018198888462,7.691200097522863,1.9906184714459416,True,False,False,False,False,False
6.670482763580525,67.3469387755102,0,0,0,0,0,0,0,0.3902922829787633,7.149916836132109,10.265556207358582,0.6931471805599453,0.7885779318193574,0.09694478921169064,8.028781162487148,1.9991152142115904,False,False,False,True,False,False
4.9263479368027125,100.0,0,0,0,0,0,0,0,0.8886641126398388,4.897839799950911,8.362349991150289,0.6931471805599453,1.1040091045471006,0.14152099882215266,7.691200097522863,1.9906184714459416,True,False,False,False,False,False
6.810523973703345,0.0,0,0,0,0,0,0,0,0.4136443250598951,5.272999558563747,10.200116618626788,1.3862943611198906,1.4588691738658113,0.26290431958569854,6.415096959171596,1.8969222823803258,False,False,True,False,False,False
6.535424356044026,69.01408450704226,0,0,0,0,0,0,0,1.1708768489362897,7.917900586327916,10.072263834319271,1.3862943611198906,0.8674357250012932,0.17508357752225986,8.028781162487148,1.9991152142115904,False,False,False,True,False,False
6.842263033993731,74.28571428571429,0,0,0,0,0,0,0,3.051276479176104,8.476996001664824,10.313481846366074,4.663439094112067,1.0251513113651647,0.5501287358394648,8.174702882469461,2.0644946046636603,False,False,False,False,False,True
6.40169871215857,0.0,0,0,0,0,0,0,0,0.9008530557567545,3.9512437185814275,9.324495915651033,3.4657359027997265,0.5914334488645181,0.8771253179097726,8.174702882469461,2.0644946046636603,False,False,False,False,False,True
6.40169871215857,0.0,0,0,0,0,0,0,0,0.8886641126398388,5.0689042022202315,9.324495915651033,0.6931471805599453,1.2222957943200041,0.1367449754241439,7.691200097522863,1.9906184714459416,True,False,False,False,False,False
6.885924552531688,82.06521739130434,0,0,0,0,0,0,0,0.38249375632476623,10.919587419629774,10.26904777946777,0.6931471805599453,2.40516269204904,0.06347741484388851,7.360739903058278,2.0186487050933315,False,False,False,False,True,False
6.990005739055331,85.8974358974359,0,0,0,0,0,0,0,0.34871731190584043,7.77863014732581,10.456580763993502,2.5649493574615367,0.8674357250012932,0.32974306643738965,8.174702882469461,2.0644946046636603,False,False,False,False,False,True
6.855944669483427,84.04220243982856,0,0,0,0,0,0,0,0.34871731190584043,11.313888988999253,10.506955325331703,2.5649493574615367,0.9857224147741969,0.22670801878606855,8.174702882469461,2.0644946046636603,False,False,False,False,False,True
6.267658329755723,0.0,0,0,0,0,0,0,0,0.3902922829787633,4.02535169073515,10.0501849617673,0.6931471805599453,1.1040091045471006,0.1721954337940981,8.028781162487148,1.9991152142115904,False,False,False,True,False,False
6.677693639525605,33.33333333333333,0,0,0,0,0,0,0,0.38249375632476623,4.941642422609304,9.328032216867232,0.6931471805599453,0.8280068284103254,0.14026655943145866,7.360739903058278,2.0186487050933315,False,False,False,False,True,False
6.756379223895332,81.81818181818183,0,0,0,0,0,0,0,0.8886641126398388,6.391917113392602,10.120073395422493,0.6931471805599453,2.168589312503233,0.10844120289163878,7.691200097522863,1.9906184714459416,True,False,False,False,False,False
6.825101111844631,61.111111111111114,0,0,0,0,0,0,0,1.1708768489362897,7.138073034044347,10.3556993786267,1.3862943611198906,0.31543117272774296,0.1942112884679232,8.028781162487148,1.9991152142115904,False,False,False,True,False,False
6.764465840959698,81.8782098312546,0,0,0,0,0,0,0,0.34871731190584043,11.465204728758817,10.329557543516108,2.5649493574615367,0.6702912420464539,0.22371596653897774,8.174702882469461,2.0644946046636603,False,False,False,False,False,True
6.572705399610349,80.20833333333334,0,0,0,0,0,0,0,0.3777770878979938,8.188411308079031,9.876992861008846,2.6390573296152584,0.8674357250012932,0.32229174015861334,8.174702882469461,2.0644946046636603,False,False,False,False,False,True
6.759130807899901,33.33333333333333,0,0,0,0,0,0,0,1.5111083515919752,6.68586094706836,10.366710353190577,3.970291913552122,2.0108737261393617,0.593834054429898,8.174702882469461,2.0644946046636603,False,False,False,False,False,True
6.82110543242383,66.66666666666666,0,0,0,0,0,0,0,0.38249375632476623,6.532334292222349,10.008910081676413,0.6931471805599453,1.4588691738658113,0.10611018198888462,7.360739903058278,2.0186487050933315,False,False,False,False,True,False
6.92343943356571,85.38812785388129,0,0,0,0,0,0,0,0.7264943998038342,11.362974288206724,10.245193725116032,3.258096538021482,0.5125756556825823,0.28672920094547416,8.174702882469461,2.0644946046636603,False,False,False,False,False,True
6.548792989998894,0.0,0,0,0,0,0,0,0,0.3902922829787633,3.970291913552122,9.223228522439266,0.6931471805599453,0.47314675909161447,0.1745834300480449,8.028781162487148,1.9991152142115904,False,False,False,True,False,False
6.720685666396093,75.0,0,0,0,0,0,0,0,0.38249375632476623,6.077642243349034,10.375663890867532,0.6931471805599453,0.7885779318193574,0.11404869730831545,7.360739903058278,2.0186487050933315,False,False,False,False,True,False
6.831725682510775,66.6015625,0,0,0,0,0,0,0,3.824937563247662,9.780472101639582,10.293546054911756,2.3978952727983707,1.4982980704567792,0.2451717307589264,7.360739903058278,2.0186487050933315,False,False,False,False,True,False
6.902187231079999,81.75257731958763,0,0,0,0,0,0,0,0.3777770878979938,10.433821642690162,10.32238008998903,2.6390573296152584,0.7885779318193574,0.2529329540019651,8.174702882469461,2.0644946046636603,False,False,False,False,False,True
6.834918967411594,77.07437000614628,0,0,0,0,0,0,0,0.34871731190584043,10.530414799175965,10.575877569042746,2.5649493574615367,1.0645802079561326,0.24357533927934646,8.174702882469461,2.0644946046636603,False,False,False,False,False,True
6.705418855045114,73.45132743362832,0,0,0,0,0,0,0,1.1474812689742986,9.15915233520675,10.006161286060424,1.3862943611198906,0.6702912420464539,0.1513561856364296,7.360739903058278,2.0186487050933315,False,False,False,False,True,False
5.60043986026233,0.0,0,0,0,0,0,0,0,0.35959152870240046,5.393627546352362,6.344274272082252,2.5933276030091386,1.0251513113651647,0.48081325243953327,8.174702882469461,2.0644946046636603,False,False,False,False,False,True
5.879225467208256,62.5,0,0,0,0,0,0,0,0.9078461025802542,7.065613363597717,8.024343613012375,0.6931471805599453,0.5125756556825823,0.09810148742797949,6.104793232414985,1.8852953146630171,False,True,False,False,False,False
6.5004185244497705,81.81818181818183,0,0,0,0,0,0,0,0.34871731190584043,7.02108396428914,9.91128039696677,2.5649493574615367,0.7491490352283896,0.36532099181657185,8.174702882469461,2.0644946046636603,False,False,False,False,False,True
6.664854873989999,71.42857142857143,0,0,0,0,0,0,0,1.3658094716312084,5.908082938168931,9.84112598416779,3.871201010907891,1.0251513113651647,0.6552380952369766,8.174702882469461,2.0644946046636603,False,False,False,False,False,True
6.4989453288180234,0.0,0,0,0,0,0,0,0,1.6545773002395805,7.7437032581737535,10.056667585185474,2.5649493574615367,0.9462935181832289,0.3312303263627957,6.415096959171596,1.8969222823803258,False,False,True,False,False,False
6.803204566022874,67.54890678941312,0,0,0,0,0,0,0,1.1474812689742986,10.064713146035349,10.30614332804386,1.3862943611198906,1.3405824840929077,0.13773808960128925,7.360739903058278,2.0186487050933315,False,False,False,False,True,False
6.26522859704693,33.33333333333333,0,0,0,0,0,0,0,0.3902922829787633,4.700480365792417,8.33775665141873,0.6931471805599453,1.4194402772748433,0.14746305199023912,8.028781162487148,1.9991152142115904,False,False,False,True,False,False
6.907533437153302,85.71428571428571,0,0,0,0,0,0,0,0.8886641126398388,6.966967138613983,10.42737301798751,0.6931471805599453,1.0251513113651647,0.09949051958609365,7.691200097522863,1.9906184714459416,True,False,False,False,False,False
6.779782172998328,80.46511627906978,0,0,0,0,0,0,0,0.08717932797646011,9.93066488054092,10.42324578946821,1.3862943611198906,0.35486006931871084,0.13959733590812498,8.174702882469461,2.0644946046636603,False,False,False,False,False,True
6.857325393700843,78.41409691629956,0,0,0,0,0,0,0,0.3902922829787633,9.190953658175992,10.312473226016106,0.6931471805599453,0.9857224147741969,0.07541624148472804,8.028781162487148,1.9991152142115904,False,False,False,True,False,False
6.585959140352191,66.90647482014388,0,0,0,0,0,0,0,0.7805845659575266,8.382518288089635,10.097900223963292,1.0986122886681098,0.8674357250012932,0.13105993341274083,8.028781162487148,1.9991152142115904,False,False,False,True,False,False
6.045175999634896,0.0,0,0,0,0,0,0,0,0.7555541757959876,4.912654885736052,7.952065901555757,3.295836866004329,0.5125756556825823,0.6708871155541228,8.174702882469461,2.0644946046636603,False,False,False,False,False,True
5.558589488847307,100.0,0,0,0,0,0,0,0,0.13788144168663172,5.25227342804663,5.858417164315927,0.6931471805599453,0.9857224147741969,0.1319708865228925,6.415096959171596,1.8969222823803258,False,False,True,False,False,False
6.195191110040243,80.89887640449437,0,0,0,0,0,0,0,2.3417536978725795,9.919213252997611,7.8686083776014435,1.9459101490553132,1.3800113806838756,0.19617585582881325,8.028781162487148,1.9991152142115904,False,False,False,True,False,False
6.716224756106464,64.15094339622641,0,0,0,0,0,0,0,0.3902922829787633,7.456454555176209,10.13501157497399,0.6931471805599453,1.1040091045471006,0.0929593515833565,8.028781162487148,1.9991152142115904,False,False,False,True,False,False
6.195191110040243,67.17557251908397,0,0,0,0,0,0,0,0.7805845659575266,8.098034756176071,7.8686083776014435,1.0986122886681098,1.3405824840929077,0.135664061929376,8.028781162487148,1.9991152142115904,False,False,False,True,False,False
6.889014757268265,75.05353319057816,0,0,0,0,0,0,0,0.7805845659575266,10.533188948038239,10.50943838008882,1.0986122886681098,0.8280068284103254,0.10430006468959446,8.028781162487148,1.9991152142115904,False,False,False,True,False,False
6.653163955082155,60.0,0,0,0,0,0,0,0,0.7555541757959876,5.8805329864007,10.099133312431498,3.295836866004329,0.5914334488645181,0.5604656709904136,8.174702882469461,2.0644946046636603,False,False,False,False,False,True
6.883245441642069,75.0,0,0,0,0,0,0,0,1.1708768489362897,8.7879833961978,10.352906256701308,1.3862943611198906,0.9068646215922611,0.15774885984874337,8.028781162487148,1.9991152142115904,False,False,False,True,False,False
6.779782172998328,0.0,0,0,0,0,0,0,0,0.38249375632476623,4.248495242049359,10.42324578946821,0.6931471805599453,0.35486006931871084,0.16315121968351076,7.360739903058278,2.0186487050933315,False,False,False,False,True,False
6.977385999228614,60.0,0,0,0,0,0,0,0,0.7805845659575266,5.393627546352362,10.43568938301681,1.0986122886681098,0.6702912420464539,0.20368708799907523,8.028781162487148,1.9991152142115904,False,False,False,True,False,False
5.710152858857673,88.88888888888889,0,0,0,0,0,0,0,0.8886641126398388,6.126869184114185,9.900645724473474,0.6931471805599453,0.5520045522735503,0.11313236168925314,7.691200097522863,1.9906184714459416,True,False,False,False,False,False
7.0565046657833825,58.333333333333336,0,0,0,0,0,0,0,0.38249375632476623,6.439350371100098,10.656814710913281,0.6931471805599453,2.8388805545496867,0.10764240810234528,7.360739903058278,2.0186487050933315,False,False,False,False,True,False
6.756379223895332,83.6890243902439,0,0,0,0,0,0,0,0.3777770878979938,10.919677916548416,10.120073395422493,2.6390573296152584,0.27600227613677514,0.2416790449117417,8.174702882469461,2.0644946046636603,False,False,False,False,False,True
6.639612406195241,0.0,0,0,0,0,0,0,0,0.8886641126398388,4.820281565605037,10.126390787170681,0.6931471805599453,1.1434380011380683,0.14379806887337754,7.691200097522863,1.9906184714459416,True,False,False,False,False,False
6.72025323131698,81.15942028985508,0,0,0,0,0,0,0,0.7805845659575266,7.5883236773352225,9.779006435238738,1.0986122886681098,0.5125756556825823,0.14477667735094654,8.028781162487148,1.9991152142115904,False,False,False,True,False,False
6.195191110040243,64.86486486486487,0,0,0,0,0,0,0,0.7805845659575266,7.028201432058005,7.8686083776014435,1.0986122886681098,0.5125756556825823,0.1563148551287912,8.028781162487148,1.9991152142115904,False,False,False,True,False,False
6.58558055977916,84.61538461538461,0,0,0,0,0,0,0,1.5111083515919752,6.946975992135418,9.56895283095515,3.970291913552122,0.9462935181832289,0.571513694310566,8.174702882469461,2.0644946046636603,False,False,False,False,False,True
6.818720708784225,73.79310344827587,0,0,0,0,0,0,0,0.7805845659575266,10.074537489292018,10.408018140944815,1.0986122886681098,0.9462935181832289,0.10904840940199967,8.028781162487148,1.9991152142115904,False,False,False,True,False,False
6.760177441321682,74.07407407407408,0,0,0,0,0,0,0,1.3948692476233617,7.581719640125308,9.866543458155952,3.8918202981106265,0.7885779318193574,0.513316303271576,8.174702882469461,2.0644946046636603,False,False,False,False,False,True
6.26522859704693,0.0,0,0,0,0,0,0,0,0.3902922829787633,4.3694478524670215,8.33775665141873,0.6931471805599453,1.1828668977290362,0.15863495891559604,8.028781162487148,1.9991152142115904,False,False,False,True,False,False
6.836389593533809,81.74019607843137,0,0,0,0,0,0,0,0.34871731190584043,11.261575321765838,10.700608520237367,2.5649493574615367,2.9571672443225907,0.22776115100914207,8.174702882469461,2.0644946046636603,False,False,False,False,False,True
6.719475909504948,50.0,0,0,0,0,0,0,0,0.38249375632476623,6.09807428216624,10.156285325366484,0.6931471805599453,1.1828668977290362,0.11366656890143952,7.360739903058278,2.0186487050933315,False,False,False,False,True,False
6.5004185244497705,50.0,0,0,0,0,0,0,0,0.27576288337326343,5.220355825078324,9.91128039696677,1.0986122886681098,0.5520045522735503,0.21044777894074426,6.415096959171596,1.8969222823803258,False,False,True,False,False,False
6.868572948400319,0.0,0,0,0,0,0,0,0,0.9008530557567545,4.59511985013459,10.00003020977695,3.4657359027997265,0.47314675909161447,0.7542210031144707,8.174702882469461,2.0644946046636603,False,False,False,False,False,True
6.85900618133501,79.7752808988764,0,0,0,0,0,0,0,0.8886641126398388,8.437067146936952,10.464844837028117,0.6931471805599453,1.4982980704567792,0.0821549915970018,7.691200097522863,1.9906184714459416,True,False,False,False,False,False
6.889097765744061,89.31297709923665,0,0,0,0,0,0,0,0.8886641126398388,8.858652969548489,10.31074578203701,0.6931471805599453,0.9462935181832289,0.07824521210421384,7.691200097522863,1.9906184714459416,True,False,False,False,False,False
6.270257490704965,0.0,0,0,0,0,0,0,0,0.8886641126398388,3.8066624897703196,8.471450016819338,0.6931471805599453,0.5520045522735503,0.18208790046993825,7.691200097522863,1.9906184714459416,True,False,False,False,False,False
6.66391737475365,67.2566371681416,0,0,0,0,0,0,0,0.38249375632476623,8.84043543926657,9.799753131264394,0.6931471805599453,2.4445915886400083,0.0784064524108386,7.360739903058278,2.0186487050933315,False,False,False,False,True,False
6.887434274427518,80.60635226179018,0,0,0,0,0,0,0,0.7264943998038342,11.098697071191907,10.393264197464271,3.258096538021482,1.2222957943200041,0.293556668600163,8.174702882469461,2.0644946046636603,False,False,False,False,False,True
6.66391737475365,0.0,0,0,0,0,0,0,0,2.905977599215337,3.9889840465642745,9.799753131264394,4.61512051684126,1.2617246909109718,1.1569664012109244,8.174702882469461,2.0644946046636603,False,False,False,False,False,True
6.724256288854555,73.92183288409704,0,0,0,0,0,0,0,0.3777770878979938,10.761258944930994,10.091309545296372,2.6390573296152584,0.8280068284103254,0.24523685779890703,8.174702882469461,2.0644946046636603,False,False,False,False,False,True
6.827850625188941,71.42857142857143,0,0,0,0,0,0,0,1.5111083515919752,7.788211557847076,9.960021534452826,3.970291913552122,0.5914334488645181,0.5097822374318816,8.174702882469461,2.0644946046636603,False,False,False,False,False,True
6.851640311366901,77.74829416224412,0,0,0,0,0,0,0,1.4820485755998218,10.809081274861947,10.217850718461207,3.9512437185814275,0.8674357250012932,0.3655485251804523,8.174702882469461,2.0644946046636603,False,False,False,False,False,True
6.914189728525724,75.5813953488372,0,0,0,0,0,0,0,1.1708768489362897,8.074337694089515,10.238096336442686,1.3862943611198906,0.7491490352283896,0.17169140227249477,8.028781162487148,1.9991152142115904,False,False,False,True,False,False
6.6584943969123715,73.67436057392389,0,0,0,0,0,0,0,2.294962537948597,10.985258824008211,10.346243782087225,1.9459101490553132,0.9462935181832289,0.17713830691021493,7.360739903058278,2.0186487050933315,False,False,False,False,True,False
6.891201462918067,81.67184086466598,0,0,0,0,0,0,0,4.852982590689613,12.548360083900105,10.511075055018024,5.123963979403259,0.31543117272774296,0.40833734011007916,8.174702882469461,2.0644946046636603,False,False,False,False,False,True
6.888968614726282,0.0,0,0,0,0,0,0,0,0.8886641126398388,5.849324779946859,9.991318909679917,0.6931471805599453,1.1828668977290362,0.11850037510932031,7.691200097522863,1.9906184714459416,True,False,False,False,False,False
6.834239468632652,67.37160120845923,0,0,0,0,0,0,0,0.38249375632476623,8.851663425366777,10.624427033835108,0.6931471805599453,0.9857224147741969,0.07830699691693531,7.360739903058278,2.0186487050933315,False,False,False,False,True,False
6.866260232244281,69.51219512195121,0,0,0,0,0,0,0,0.38249375632476623,7.980707820869669,10.385588112554064,0.6931471805599453,0.7097201386374217,0.08685284515082173,7.360739903058278,2.0186487050933315,False,False,False,False,True,False
6.195191110040243,60.78431372549019,0,0,0,0,0,0,0,0.3902922829787633,7.65728279297819,7.8686083776014435,0.6931471805599453,0.9462935181832289,0.0905212983900201,8.028781162487148,1.9991152142115904,False,False,False,True,False,False
5.879225467208256,50.0,0,0,0,0,0,0,0,0.9078461025802542,4.6443908991413725,8.024343613012375,0.6931471805599453,0.3942889659096787,0.14924393652741208,6.104793232414985,1.8852953146630171,False,True,False,False,False,False
7.118348930279128,84.52604411074613,0,0,0,0,0,0,0,0.6974346238116809,12.292718122253131,11.149242259545206,3.2188758248682006,1.1434380011380683,0.2618522439753311,8.174702882469461,2.0644946046636603,False,False,False,False,False,True
6.880390107072792,75.75757575757575,0,0,0,0,0,0,0,0.3777770878979938,8.631592731724734,10.311151481008455,2.6390573296152584,1.6165847602296828,0.30574395846036767,8.174702882469461,2.0644946046636603,False,False,False,False,False,True
6.8393549963377245,0.0,0,0,0,0,0,0,0,0.3902922829787633,4.110873864173311,10.354711811512182,0.6931471805599453,2.1291604159122652,0.1686130986895011,8.028781162487148,1.9991152142115904,False,False,False,True,False,False
6.66391737475365,75.0,0,0,0,0,0,0,0,0.9589726077410612,4.948759890378168,9.799753131264394,3.5263605246161616,0.4337178625006466,0.7125745848919512,8.174702882469461,2.0644946046636603,False,False,False,False,False,True
6.195191110040243,75.4863813229572,0,0,0,0,0,0,0,0.7805845659575266,8.88447171813916,7.8686083776014435,1.0986122886681098,2.5234493818219437,0.12365533073003158,8.028781162487148,1.9991152142115904,False,False,False,True,False,False
6.77343606745359,82.40963855421687,0,0,0,0,0,0,0,0.8886641126398388,9.865733762924211,9.908836359785393,0.6931471805599453,1.7743003465935543,0.07025804640753816,7.691200097522863,1.9906184714459416,True,False,False,False,False,False
6.585959140352191,50.0,0,0,0,0,0,0,0,0.3902922829787633,6.297109319933935,10.097900223963292,0.6931471805599453,1.4194402772748433,0.11007386807876114,8.028781162487148,1.9991152142115904,False,False,False,True,False,False
6.99104964385922,84.61538461538461,0,0,0,0,0,0,0,0.6974346238116809,12.468056068255885,10.62504895241191,3.2188758248682006,0.7097201386374217,0.2581698227250977,8.174702882469461,2.0644946046636603,False,False,False,False,False,True
6.767541224610549,75.0,0,0,0,0,0,0,0,0.7555541757959876,9.412055975876772,10.355922751208103,3.295836866004329,0.6308623454554859,0.3501718300923416,8.174702882469461,2.0644946046636603,False,False,False,False,False,True
6.839734897713103,80.86824835941444,0,0,0,0,0,0,0,0.34871731190584043,10.63962238089551,10.346192523086538,2.5649493574615367,1.3011535875019398,0.24107522481880148,8.174702882469461,2.0644946046636603,False,False,False,False,False,True
6.697640144872388,50.0,0,0,0,0,0,0,0,2.9350373752074903,4.795790545596741,9.913599820423633,4.624972813284271,1.3011535875019398,0.9643817362980318,8.174702882469461,2.0644946046636603,False,False,False,False,False,True
6.907533437153302,79.37806873977087,0,0,0,0,0,0,0,4.293215112766396,10.092784723066508,10.42737301798751,2.4849066497880004,1.3800113806838756,0.2462062471330516,8.028781162487148,1.9991152142115904,False,False,False,True,False,False
6.7921340428944,74.63617463617463,0,0,0,0,0,0,0,1.1708768489362897,9.173468897200278,10.36953170501716,1.3862943611198906,0.31543117272774296,0.15111997180728268,8.028781162487148,1.9991152142115904,False,False,False,True,False,False
6.779935390862401,50.0,0,0,0,0,0,0,0,0.8886641126398388,5.697093486505405,10.184178129625463,0.6931471805599453,2.484020485230976,0.12166680820699005,7.691200097522863,1.9906184714459416,True,False,False,False,False,False
6.638243832197137,74.60317460317461,0,0,0,0,0,0,0,0.3902922829787633,7.620705086838262,10.118310337677755,0.6931471805599453,1.5771558636387148,0.09095578068715472,8.028781162487148,1.9991152142115904,False,False,False,True,False,False
6.195191110040243,66.21621621621621,0,0,0,0,0,0,0,0.7805845659575266,7.9211727215870145,7.8686083776014435,1.0986122886681098,0.8280068284103254,0.13869313639306702,8.028781162487148,1.9991152142115904,False,False,False,True,False,False
6.728879252982257,50.0,0,0,0,0,0,0,0,0.6102552958352208,4.976733742420574,10.092995148114731,3.091042453358316,0.9068646215922611,0.6210986187609266,8.174702882469461,2.0644946046636603,False,False,False,False,False,True
6.854753012738375,82.68962897302772,0,0,0,0,0,0,0,0.7264943998038342,12.178763111786587,10.30799418708388,3.258096538021482,0.31543117272774296,0.26752277781545003,8.174702882469461,2.0644946046636603,False,False,False,False,False,True
6.8873779809596005,80.12132524498367,0,0,0,0,0,0,0,0.7805845659575266,10.643017239276974,10.503088454418865,1.0986122886681098,0.9068646215922611,0.103223762958289,8.028781162487148,1.9991152142115904,False,False,False,True,False,False
6.791157354696293,71.37404580152672,0,0,0,0,0,0,0,0.7805845659575266,9.845169643211612,9.964897711287001,1.0986122886681098,0.3942889659096787,0.11158896479001953,8.028781162487148,1.9991152142115904,False,False,False,True,False,False
6.5004185244497705,0.0,0,0,0,0,0,0,0,2.0682216252994756,3.6375861597263857,9.91128039696677,2.772588722239781,0.5520045522735503,0.7622056497070936,6.415096959171596,1.8969222823803258,False,False,True,False,False,False
6.723139968065377,79.24528301886792,0,0,0,0,0,0,0,0.3902922829787633,7.138073034044347,10.336747287874191,0.6931471805599453,2.6023071750038795,0.0971056442339616,8.028781162487148,1.9991152142115904,False,False,False,True,False,False
6.89685613347767,78.24504650222403,0,0,0,0,0,0,0,0.8886641126398388,11.498319312580866,10.735563021739752,0.6931471805599453,0.6308623454554859,0.06028247796193479,7.691200097522863,1.9906184714459416,True,False,False,False,False,False
6.510263751421897,70.27027027027027,0,0,0,0,0,0,0,0.38249375632476623,7.8343923029104365,9.93043086016947,0.6931471805599453,1.2222957943200041,0.08847491340233814,7.360739903058278,2.0186487050933315,False,False,False,False,True,False
6.769866626233298,45.45454545454545,0,0,0,0,0,0,0,0.8886641126398388,6.693323668269949,10.283514579558773,0.6931471805599453,0.9857224147741969,0.10355799523723105,7.691200097522863,1.9906184714459416,True,False,False,False,False,False
6.728879252982257,40.0,0,0,0,0,0,0,0,1.5401681275841286,6.251903883165888,10.092995148114731,3.9889840465642745,0.9068646215922611,0.6380430859318172,8.174702882469461,2.0644946046636603,False,False,False,False,False,True
6.812269569012642,78.37837837837837,0,0,0,0,0,0,0,0.7649875126495325,6.85751406254539,10.29649009916797,1.0986122886681098,1.3011535875019398,0.16020561950700893,7.360739903058278,2.0186487050933315,False,False,False,False,True,False
6.758537183302698,50.0,0,0,0,0,0,0,0,0.8886641126398388,5.69035945432406,10.255011310043548,0.6931471805599453,2.878309451140655,0.12181079000786639,7.691200097522863,1.9906184714459416,True,False,False,False,False,False
6.772409865396259,0.0,0,0,0,0,0,0,0,0.2905977599215337,3.9318256327243257,9.86904896085482,2.3978952727983707,1.1828668977290362,0.6098681622198213,8.174702882469461,2.0644946046636603,False,False,False,False,False,True
6.816742595707507,80.62109296229079,0,0,0,0,0,0,0,0.34871731190584043,11.898051802082863,10.440375624130201,2.5649493574615367,0.8674357250012932,0.21557725585061907,8.174702882469461,2.0644946046636603,False,False,False,False,False,True
6.626533453023366,72.20216606498195,0,0,0,0,0,0,0,1.5111083515919752,8.395477432732141,9.563059716451976,3.970291913552122,0.9857224147741969,0.4729084135314112,8.174702882469461,2.0644946046636603,False,False,False,False,False,True
6.6694229319267135,50.0,0,0,0,0,0,0,0,0.3777770878979938,5.25227342804663,9.877622896727862,2.6390573296152584,0.5914334488645181,0.5024600043712402,8.174702882469461,2.0644946046636603,False,False,False,False,False,True
6.9611755690740145,87.80724764402993,0,0,0,0,0,0,0,0.3777770878979938,12.802752977602413,10.558899416269464,2.6390573296152584,0.31543117272774296,0.20613201974857426,8.174702882469461,2.0644946046636603,False,False,False,False,False,True
6.8059761534885554,0.0,0,0,0,0,0,0,0,0.7649875126495325,4.663439094112067,9.914218989491387,1.0986122886681098,3.9428896590967875,0.2355798513708881,7.360739903058278,2.0186487050933315,False,False,False,False,True,False
6.195191110040243,62.18487394957983,0,0,0,0,0,0,0,0.7805845659575266,8.022240916806537,7.8686083776014435,1.0986122886681098,0.47314675909161447,0.13694581103473533,8.028781162487148,1.9991152142115904,False,False,False,True,False,False
6.671140218499566,61.95652173913043,0,0,0,0,0,0,0,0.7649875126495325,8.410943391573527,9.763111410243045,1.0986122886681098,2.878309451140655,0.13061701137695808,7.360739903058278,2.0186487050933315,False,False,False,False,True,False
6.818270128696822,0.0,0,0,0,0,0,0,0,0.8886641126398388,6.792344427470809,10.194646499475702,0.6931471805599453,1.0251513113651647,0.10204829686736674,7.691200097522863,1.9906184714459416,True,False,False,False,False,False
6.5004185244497705,100.0,0,0,0,0,0,0,0,0.8886641126398388,5.337538079701318,9.91128039696677,0.6931471805599453,0.15771558636387148,0.12986271389725298,7.691200097522863,1.9906184714459416,True,False,False,False,False,False
6.741621400639805,72.72727272727273,0,0,0,0,0,0,0,0.38249375632476623,6.773080375655535,10.138276512874846,0.6931471805599453,0.6702912420464539,0.1023385434862581,7.360739903058278,2.0186487050933315,False,False,False,False,True,False
6.836389593533809,78.96090534979425,0,0,0,0,0,0,0,0.34871731190584043,10.8896401115792,10.700608520237367,2.5649493574615367,0.15771558636387148,0.23554032375543507,8.174702882469461,2.0644946046636603,False,False,False,False,False,True
5.879225467208256,50.0,0,0,0,0,0,0,0,0.9078461025802542,4.68213122712422,8.024343613012375,0.6931471805599453,0.7097201386374217,0.1480409554829326,6.104793232414985,1.8852953146630171,False,True,False,False,False,False
6.767541224610549,33.33333333333333,0,0,0,0,0,0,0,1.1030515334930537,5.921578419643816,10.355922751208103,2.1972245773362196,0.31543117272774296,0.3710538680104794,6.415096959171596,1.8969222823803258,False,False,True,False,False,False
6.7246875,77.77777777777779,0,0,0,0,0,0,0,1.4820485755998218,7.398174092970465,9.71054163152955,3.9512437185814275,0.47314675909161447,0.5340836358981856,8.174702882469461,2.0644946046636603,False,False,False,False,False,True
6.919955048525953,80.60504201680672,0,0,0,0,0,0,0,0.6974346238116809,11.233383505056556,10.619102165127284,3.2188758248682006,1.3011535875019398,0.28654552952983997,8.174702882469461,2.0644946046636603,False,False,False,False,False,True
6.616502142324668,72.72089761570828,0,0,0,0,0,0,0,1.7773282252796776,10.186559012430227,9.687944522842663,1.0986122886681098,1.0645802079561326,0.10784920475378582,7.691200097522863,1.9906184714459416,True,False,False,False,False,False
6.510263751421897,0.0,0,0,0,0,0,0,0,0.38249375632476623,5.147494476813453,9.93043086016947,0.6931471805599453,0.7885779318193574,0.13465719753215488,7.360739903058278,2.0186487050933315,False,False,False,False,True,False
6.978610296211153,80.76104310803619,0,0,0,0,0,0,0,0.34871731190584043,12.662329088732065,10.704709537581452,2.5649493574615367,0.5914334488645181,0.2025653684632182,8.174702882469461,2.0644946046636603,False,False,False,False,False,True
6.859235350059212,85.02484031227822,0,0,0,0,0,0,0,0.7555541757959876,11.921013796085084,10.390391929437808,3.295836866004329,0.5520045522735503,0.27647286735685994,8.174702882469461,2.0644946046636603,False,False,False,False,False,True
6.728879252982257,74.84662576687117,0,0,0,0,0,0,0,0.7264943998038342,8.562740006372207,10.092995148114731,3.258096538021482,1.3405824840929077,0.3804969595709874,8.174702882469461,2.0644946046636603,False,False,False,False,False,True
5.879225467208256,0.0,0,0,0,0,0,0,0,0.9078461025802542,4.430816798843313,8.024343613012375,0.6931471805599453,0.8280068284103254,0.15643778834207156,6.104793232414985,1.8852953146630171,False,True,False,False,False,False
6.767535757468809,77.82571182053495,0,0,0,0,0,0,0,0.34871731190584043,10.349998630080293,10.428641508896238,2.5649493574615367,1.6165847602296828,0.24782122675910329,8.174702882469461,2.0644946046636603,False,False,False,False,False,True
6.9018360057669135,80.7209805335256,0,0,0,0,0,0,0,2.034184319450736,12.107632572716922,10.36021324954712,4.2626798770413155,0.6702912420464539,0.35206551333963887,8.174702882469461,2.0644946046636603,False,False,False,False,False,True
6.865337978873829,79.22307239552678,0,0,0,0,0,0,0,0.3777770878979938,11.01892418159454,10.468421828616771,2.6390573296152584,1.1434380011380683,0.2395022677461932,8.174702882469461,2.0644946046636603,False,False,False,False,False,True
6.913579950455417,74.01812688821752,0,0,0,0,0,0,0,1.1708768489362897,9.531771484474337,10.548697158417665,1.3862943611198906,1.2222957943200041,0.14543931979254143,8.028781162487148,1.9991152142115904,False,False,False,True,False,False
6.769866626233298,72.22222222222221,0,0,0,0,0,0,0,1.1708768489362897,7.003065458786462,10.283514579558773,1.3862943611198906,1.5771558636387148,0.1979553624449652,8.028781162487148,1.9991152142115904,False,False,False,True,False,False
6.289007148338809,0.0,0,0,0,0,0,0,0,9.066650109551851,4.990432586778736,7.921587131345857,5.746203190540153,0.7885779318193574,1.151443906038065,8.174702882469461,2.0644946046636603,False,False,False,False,False,True
6.6755635503297155,69.79166666666666,0,0,0,0,0,0,0,1.912468781623831,9.205327830152639,10.294318737965854,1.791759469228055,1.9714448295483937,0.19464374352416136,7.360739903058278,2.0186487050933315,False,False,False,False,True,False
6.818032823249103,69.23076923076923,0,0,0,0,0,0,0,2.294962537948597,8.677269139262872,10.342475232675952,1.9459101490553132,2.247447105685169,0.22425375055505273,7.360739903058278,2.0186487050933315,False,False,False,False,True,False
6.801305199251226,76.31284916201118,0,0,0,0,0,0,0,0.34871731190584043,9.855032332266724,10.691628402533764,2.5649493574615367,0.7097201386374217,0.26026797995005474,8.174702882469461,2.0644946046636603,False,False,False,False,False,True
6.759224938434093,73.16804407713498,0,0,0,0,0,0,0,0.38249375632476623,10.470050580986621,9.967730591475465,0.6931471805599453,1.3800113806838756,0.06620284927932298,7.360739903058278,2.0186487050933315,False,False,False,False,True,False
6.548792989998894,50.0,0,0,0,0,0,0,0,0.3902922829787633,4.624972813284271,9.223228522439266,0.6931471805599453,0.6308623454554859,0.14987054163194743,8.028781162487148,1.9991152142115904,False,False,False,True,False,False
6.490336269696487,0.0,0,0,0,0,0,0,0,0.35959152870240046,4.30406509320417,8.81811505604364,2.5933276030091386,1.8137292431845222,0.60252982862732,8.174702882469461,2.0644946046636603,False,False,False,False,False,True
5.879225467208256,66.66666666666666,0,0,0,0,0,0,0,0.9078461025802542,5.10594547390058,8.024343613012375,0.6931471805599453,0.9462935181832289,0.13575295390501496,6.104793232414985,1.8852953146630171,False,True,False,False,False,False
6.8301637565625155,74.0320427236315,0,0,0,0,0,0,0,0.7805845659575266,10.755026407180587,10.282144469155165,1.0986122886681098,0.6308623454554859,0.10214873000540677,8.028781162487148,1.9991152142115904,False,False,False,True,False,False
6.604842707205482,0.0,0,0,0,0,0,0,0,0.13788144168663172,4.02535169073515,9.94521695986674,0.6931471805599453,0.6702912420464539,0.1721954337940981,6.415096959171596,1.8969222823803258,False,False,True,False,False,False
6.7921340428944,82.08955223880598,0,0,0,0,0,0,0,0.7805845659575266,9.18307194482199,10.36953170501716,1.0986122886681098,1.7348714500025864,0.11963450741421867,8.028781162487148,1.9991152142115904,False,False,False,True,False,False
6.490336269696487,71.42857142857143,0,0,0,0,0,0,0,2.818798271238877,5.968707559985366,8.81811505604364,4.584967478670572,1.3405824840929077,0.768167552622031,8.174702882469461,2.0644946046636603,False,False,False,False,False,True
5.879225467208256,66.66666666666666,0,0,0,0,0,0,0,0.9078461025802542,4.919980925828125,8.024343613012375,0.6931471805599453,0.5125756556825823,0.14088411947314117,6.104793232414985,1.8852953146630171,False,True,False,False,False,False
6.648919547834284,0.0,0,0,0,0,0,0,0,0.3902922829787633,3.6375861597263857,9.710398714598298,0.6931471805599453,0.7097201386374217,0.1905514124267734,8.028781162487148,1.9991152142115904,False,False,False,True,False,False
6.643465275750761,67.94871794871796,0,0,0,0,0,0,0,1.1474812689742986,8.136810863675537,9.875618662760171,1.3862943611198906,0.7885779318193574,0.17037318236172908,7.360739903058278,2.0186487050933315,False,False,False,False,True,False
6.635179612672527,0.0,0,0,0,0,0,0,0,0.40683686389014717,3.828641396489095,9.954932480517035,2.70805020110221,0.3942889659096787,0.7073136187644842,8.174702882469461,2.0644946046636603,False,False,False,False,False,True
6.794607080130419,50.0,0,0,0,0,0,0,0,3.554656450559355,5.236441962829949,9.797980786126336,1.6094379124341003,0.19714448295483936,0.30735333721989844,7.691200097522863,1.9906184714459416,True,False,False,False,False,False
6.510263751421897,78.7398921832884,0,0,0,0,0,0,0,3.447036042165793,11.162189990267917,9.93043086016947,3.258096538021482,1.2222957943200041,0.2918868556136519,6.415096959171596,1.8969222823803258,False,False,True,False,False,False
6.490336269696487,0.0,0,0,0,0,0,0,0,1.5611691319150531,3.8918202981106265,8.81811505604364,1.6094379124341003,1.2617246909109718,0.4135437376734581,8.028781162487148,1.9991152142115904,False,False,False,True,False,False
6.828608104785629,81.25,0,0,0,0,0,0,0,0.3902922829787633,6.692083742506628,10.100550679644261,0.6931471805599453,0.6308623454554859,0.1035771827177279,8.028781162487148,1.9991152142115904,False,False,False,True,False,False
6.195191110040243,66.66666666666666,0,0,0,0,0,0,0,0.7805845659575266,5.003946305945459,7.8686083776014435,1.0986122886681098,0.7491490352283896,0.21954917608983715,8.028781162487148,1.9991152142115904,False,False,False,True,False,False
6.788310729601363,0.0,0,0,0,0,0,0,0,0.7555541757959876,4.394449154672439,9.914078482087426,3.295836866004329,0.6308623454554859,0.75,8.174702882469461,2.0644946046636603,False,False,False,False,False,True
6.728879252982257,66.66666666666666,0,0,0,0,0,0,0,1.3658094716312084,6.450470422144176,10.092995148114731,3.871201010907891,1.2617246909109718,0.6001424326539397,8.174702882469461,2.0644946046636603,False,False,False,False,False,True
6.8993218075568965,80.8011049723757,0,0,0,0,0,0,0,0.6974346238116809,10.466639936479886,10.225876809916953,3.2188758248682006,0.7885779318193574,0.3075366922338942,8.174702882469461,2.0644946046636603,False,False,False,False,False,True
5.7918085106382975,72.22222222222221,0,0,0,0,0,0,0,0.38249375632476623,6.590301048196686,7.751630876729169,0.6931471805599453,1.5771558636387148,0.10517686149551729,7.360739903058278,2.0186487050933315,False,False,False,False,True,False
6.795992294212215,0.0,0,0,0,0,0,0,0,0.2905977599215337,3.4965075614664802,10.244205077077597,2.3978952727983707,0.5914334488645181,0.6857972507265686,8.174702882469461,2.0644946046636603,False,False,False,False,False,True
6.829036948424544,84.93150684931507,0,0,0,0,0,0,0,0.8886641126398388,8.245909264774093,9.778151955140352,0.6931471805599453,0.9068646215922611,0.08405952070331627,7.691200097522863,1.9906184714459416,True,False,False,False,False,False
6.8301637565625155,82.63617772820227,0,0,0,0,0,0,0,0.7264943998038342,12.64219627459213,10.282144469155165,3.258096538021482,0.5520045522735503,0.25771602237891983,8.174702882469461,2.0644946046636603,False,False,False,False,False,True
6.744524531479761,50.0,0,0,0,0,0,0,0,4.683507395745159,6.173786103901937,10.225216783767557,2.5649493574615367,0.5125756556825823,0.4154580858965045,8.028781162487148,1.9991152142115904,False,False,False,True,False,False
6.6979479475372585,66.66666666666666,0,0,0,0,0,0,0,0.27576288337326343,5.765191102784844,10.433693689681208,1.0986122886681098,0.5520045522735503,0.19055956152735876,6.415096959171596,1.8969222823803258,False,False,True,False,False,False
6.837047845388285,74.55197132616487,0,0,0,0,0,0,0,0.3777770878979938,9.470856776355195,10.410764127682228,2.6390573296152584,1.2222957943200041,0.2786503261461931,8.174702882469461,2.0644946046636603,False,False,False,False,False,True
6.784596904004383,75.74468085106383,0,0,0,0,0,0,0,0.38249375632476623,8.439015410352214,10.527276703284976,0.6931471805599453,1.4588691738658113,0.08213602498102511,7.360739903058278,2.0186487050933315,False,False,False,False,True,False
6.807857833297545,72.92418772563177,0,0,0,0,0,0,0,0.3777770878979938,8.776475789346321,10.29809656587271,2.6390573296152584,0.5125756556825823,0.3006967025213907,8.174702882469461,2.0644946046636603,False,False,False,False,False,True
6.5004185244497705,0.0,0,0,0,0,0,0,0,0.3902922829787633,3.9318256327243257,9.91128039696677,0.6931471805599453,0.7885779318193574,0.1762914343888821,8.028781162487148,1.9991152142115904,False,False,False,True,False,False
6.542958467678293,100.0,0,0,0,0,0,0,0,0.38249375632476623,3.970291913552122,9.733494725610756,0.6931471805599453,1.1040091045471006,0.1745834300480449,7.360739903058278,2.0186487050933315,False,False,False,False,True,False
6.815470928920611,78.87323943661971,0,0,0,0,0,0,0,0.8886641126398388,9.367856809851165,9.992753584719262,0.6931471805599453,1.5771558636387148,0.07399207680363315,7.691200097522863,1.9906184714459416,True,False,False,False,False,False
6.5004185244497705,85.07462686567165,0,0,0,0,0,0,0,0.2905977599215337,8.39773375137891,9.91128039696677,2.3978952727983707,0.27600227613677514,0.2855407594226997,8.174702882469461,2.0644946046636603,False,False,False,False,False,True
6.797223933790411,62.06896551724138,0,0,0,0,0,0,0,0.34871731190584043,7.1049654482698426,10.081180915320214,2.5649493574615367,0.6702912420464539,0.36100799872097017,8.174702882469461,2.0644946046636603,False,False,False,False,False,True
6.894927655223125,76.76767676767676,0,0,0,0,0,0,0,1.1333312636939814,8.620110725422924,10.291194319721113,3.6888794541139363,0.9068646215922611,0.42793875526847724,8.174702882469461,2.0644946046636603,False,False,False,False,False,True
4.9263479368027125,70.0,0,0,0,0,0,0,0,0.8886641126398388,6.309918278226516,8.362349991150289,0.6931471805599453,0.31543117272774296,0.1098504211935314,7.691200097522863,1.9906184714459416,True,False,False,False,False,False
6.110232844165658,0.0,0,0,0,0,0,0,0,0.3902922829787633,4.060443010546419,9.059811780007355,0.6931471805599453,1.4982980704567792,0.17070727966372012,8.028781162487148,1.9991152142115904,False,False,False,True,False,False
6.8059761534885554,50.0,0,0,0,0,0,0,0,0.8272886501197902,4.997212273764115,9.914218989491387,1.9459101490553132,0.7097201386374217,0.3893991374494024,6.415096959171596,1.8969222823803258,False,False,True,False,False,False
6.751797143671785,78.16091954022988,0,0,0,0,0,0,0,0.7805845659575266,9.911058818032446,10.176166295747496,1.0986122886681098,1.6165847602296828,0.1108471162202433,8.028781162487148,1.9991152142115904,False,False,False,True,False,False
6.666474874898554,65.0,0,0,0,0,0,0,0,0.38249375632476623,9.150484204822817,10.107563439479907,0.6931471805599453,2.247447105685169,0.0757497816557749,7.360739903058278,2.0186487050933315,False,False,False,False,True,False
6.5004185244497705,0.0,0,0,0,0,0,0,0,0.6974346238116809,4.543294782270004,9.91128039696677,3.2188758248682006,0.4337178625006466,0.7084893186833735,8.174702882469461,2.0644946046636603,False,False,False,False,False,True
6.904255601987694,71.12366603892028,0,0,0,0,0,0,0,0.7805845659575266,10.469539725292242,10.372982108510897,1.0986122886681098,0.8674357250012932,0.10493415350572574,8.028781162487148,1.9991152142115904,False,False,False,True,False,False
6.744173990661228,72.0,0,0,0,0,0,0,0,0.7649875126495325,7.739359202689098,10.26872521065149,1.0986122886681098,1.0645802079561326,0.14195132437920555,7.360739903058278,2.0186487050933315,False,False,False,False,True,False
6.885145721113196,81.66449934980494,0,0,0,0,0,0,0,1.9514614148938163,9.916502489613622,10.498464106008882,1.791759469228055,0.7097201386374217,0.18068461850382367,8.028781162487148,1.9991152142115904,False,False,False,True,False,False
6.637763368716651,81.35593220338984,0,0,0,0,0,0,0,0.3902922829787633,7.6676260915849905,10.658876747759166,0.6931471805599453,1.1040091045471006,0.0903991890424411,8.028781162487148,1.9991152142115904,False,False,False,True,False,False
6.849400484668315,0.0,0,0,0,0,0,0,0,0.8886641126398388,9.217117356255207,10.510765794468096,0.6931471805599453,1.6954425534116186,0.07520216503368488,7.691200097522863,1.9906184714459416,True,False,False,False,False,False
6.883380512152217,78.34645669291339,0,0,0,0,0,0,0,0.34871731190584043,11.210522232670387,10.614465174325586,2.5649493574615367,0.47314675909161447,0.22879838282525367,8.174702882469461,2.0644946046636603,False,False,False,False,False,True
6.851297034979002,53.84615384615385,0,0,0,0,0,0,0,3.1223382638301063,7.01571242048723,9.986857054132571,2.1972245773362196,1.1434380011380683,0.3131862376399439,8.028781162487148,1.9991152142115904,False,False,False,True,False,False
6.851384615162088,78.87323943661971,0,0,0,0,0,0,0,0.7555541757959876,8.122371243406553,10.522362003151665,3.295836866004329,1.1434380011380683,0.40577274384986656,8.174702882469461,2.0644946046636603,False,False,False,False,False,True
6.836335151609738,69.04761904761905,0,0,0,0,0,0,0,1.4529887996076685,6.78897174299217,10.073010932873734,3.9318256327243257,0.9462935181832289,0.5791489170334083,8.174702882469461,2.0644946046636603,False,False,False,False,False,True
6.662948251583755,80.0,0,0,0,0,0,0,0,1.4529887996076685,7.834788107388194,10.093243666143405,3.9318256327243257,0.31543117272774296,0.5018419871517164,8.174702882469461,2.0644946046636603,False,False,False,False,False,True
6.81009474623803,76.5281173594132,0,0,0,0,0,0,0,0.3902922829787633,9.288504392945537,10.49868398546992,0.6931471805599453,0.6702912420464539,0.07462419688215671,8.028781162487148,1.9991152142115904,False,False,False,True,False,False
6.26522859704693,0.0,0,0,0,0,0,0,0,0.965170091806422,4.290459441148391,8.33775665141873,2.0794415416798357,1.0645802079561326,0.4846664023289891,6.415096959171596,1.8969222823803258,False,False,True,False,False,False
6.8393549963377245,83.33333333333334,0,0,0,0,0,0,0,0.2905977599215337,6.669498089857879,10.354711811512182,2.3978952727983707,2.0503026227303294,0.3595315930061939,8.174702882469461,2.0644946046636603,False,False,False,False,False,True
6.679564955650962,0.0,0,0,0,0,0,0,0,0.8886641126398388,4.343805421853684,9.467993016721636,0.6931471805599453,1.4588691738658113,0.15957141566993815,7.691200097522863,1.9906184714459416,True,False,False,False,False,False
5.558589488847307,0.0,0,0,0,0,0,0,0,0.20341843194507359,4.941642422609304,5.858417164315927,2.0794415416798357,1.0251513113651647,0.420799678294376,8.174702882469461,2.0644946046636603,False,False,False,False,False,True
6.5004185244497705,62.96296296296296,0,0,0,0,0,0,0,1.912468781623831,7.69484807238461,9.91128039696677,1.791759469228055,1.8137292431845222,0.23285183181957148,7.360739903058278,2.0186487050933315,False,False,False,False,True,False
6.817531173385809,78.71536523929471,0,0,0,0,0,0,0,0.3902922829787633,10.133408088129361,10.447580971721933,0.6931471805599453,1.6560136568206507,0.06840217768116166,8.028781162487148,1.9991152142115904,False,False,False,True,False,False
6.837738345581713,0.0,0,0,0,0,0,0,0,0.6974346238116809,4.74493212836325,10.106203670125442,3.2188758248682006,1.0645802079561326,0.6783818477881035,8.174702882469461,2.0644946046636603,False,False,False,False,False,True
6.585959140352191,68.18181818181817,0,0,0,0,0,0,0,0.7805845659575266,7.691656822810547,10.097900223963292,1.0986122886681098,0.7885779318193574,0.14283168294898974,8.028781162487148,1.9991152142115904,False,False,False,True,False,False
6.761709714305822,66.66666666666666,0,0,0,0,0,0,0,0.8886641126398388,5.700443573390687,10.228013343497748,0.6931471805599453,0.3942889659096787,0.12159530598557503,7.691200097522863,1.9906184714459416,True,False,False,False,False,False
6.880588822412662,78.93258426966293,0,0,0,0,0,0,0,0.7555541757959876,9.793728488543389,10.494525583182014,3.295836866004329,0.6702912420464539,0.336525243665859,8.174702882469461,2.0644946046636603,False,False,False,False,False,True
6.829036948424544,0.0,0,0,0,0,0,0,0,0.8886641126398388,4.836281906951478,9.778151955140352,0.6931471805599453,0.5914334488645181,0.14332232775009315,7.691200097522863,1.9906184714459416,True,False,False,False,False,False
6.662948251583755,75.0,0,0,0,0,0,0,0,0.8886641126398388,5.996452088619021,10.093243666143405,0.6931471805599453,1.6165847602296828,0.11559288231044244,7.691200097522863,1.9906184714459416,True,False,False,False,False,False
6.164566264410774,73.68421052631578,0,0,0,0,0,0,0,0.7805845659575266,7.215975002651466,8.390577965008806,1.0986122886681098,1.3011535875019398,0.15224724146971566,8.028781162487148,1.9991152142115904,False,False,False,True,False,False
6.195191110040243,66.66666666666666,0,0,0,0,0,0,0,0.7805845659575266,7.99699040583765,7.8686083776014435,1.0986122886681098,1.2617246909109718,0.13737821766875496,8.028781162487148,1.9991152142115904,False,False,False,True,False,False
6.26522859704693,0.0,0,0,0,0,0,0,0,0.3902922829787633,5.176149732573829,8.33775665141873,0.6931471805599453,1.0251513113651647,0.13391173292339814,8.028781162487148,1.9991152142115904,False,False,False,True,False,False
6.490336269696487,0.0,0,0,0,0,0,0,0,0.7555541757959876,4.406719247264253,8.81811505604364,3.295836866004329,0.7097201386374217,0.7479116959970676,8.174702882469461,2.0644946046636603,False,False,False,False,False,True
6.830921446176283,82.06521739130434,0,0,0,0,0,0,0,0.8886641126398388,9.463275708098129,10.193158907472815,0.6931471805599453,0.7885779318193574,0.07324600930381746,7.691200097522863,1.9906184714459416,True,False,False,False,False,False
6.58558055977916,0.0,0,0,0,0,0,0,0,0.3902922829787633,4.442651256490317,9.56895283095515,0.6931471805599453,0.8674357250012932,0.156021065022225,8.028781162487148,1.9991152142115904,False,False,False,True,False,False
6.490336269696487,0.0,0,0,0,0,0,0,0,0.3902922829787633,3.828641396489095,8.81811505604364,0.6931471805599453,0.5914334488645181,0.1810425967800402,8.028781162487148,1.9991152142115904,False,False,False,True,False,False
6.853035714105566,72.82229965156795,0,0,0,0,0,0,0,0.3777770878979938,8.808369153122275,10.152887359584396,2.6390573296152584,1.3405824840929077,0.2996079391926711,8.174702882469461,2.0644946046636603,False,False,False,False,False,True
6.910191281038786,83.92603129445236,0,0,0,0,0,0,0,0.6974346238116809,11.293624521373468,10.588704046681432,3.2188758248682006,0.5125756556825823,0.28501707479086075,8.174702882469461,2.0644946046636603,False,False,False,False,False,True
6.195191110040243,71.42857142857143,0,0,0,0,0,0,0,0.3902922829787633,7.282073658093465,7.8686083776014435,0.6931471805599453,0.5125756556825823,0.0951854118901373,8.028781162487148,1.9991152142115904,False,False,False,True,False,False
6.6153351605205115,82.36130867709815,0,0,0,0,0,0,0,1.1708768489362897,10.47711894709451,10.047502831282792,1.3862943611198906,0.5125756556825823,0.1323163713345389,8.028781162487148,1.9991152142115904,False,False,False,True,False,False
6.195191110040243,80.0,0,0,0,0,0,0,0,0.7805845659575266,6.075346031088684,7.8686083776014435,1.0986122886681098,0.5125756556825823,0.1808312288791955,8.028781162487148,1.9991152142115904,False,False,False,True,False,False
6.813328166392435,0.0,0,0,0,0,0,0,0,0.8886641126398388,5.934894195619588,10.224726821152451,0.6931471805599453,1.1434380011380683,0.11679183448148775,7.691200097522863,1.9906184714459416,True,False,False,False,False,False
6.822225583639856,84.44180522565321,0,0,0,0,0,0,0,0.8886641126398388,11.242257822677576,10.280299502025807,0.6931471805599453,0.7097201386374217,0.061655513642619696,7.691200097522863,1.9906184714459416,True,False,False,False,False,False
6.726465955361014,50.0,0,0,0,0,0,0,0,0.8886641126398388,6.90975328164481,10.24608621969221,0.6931471805599453,2.799451657958719,0.10031431692376537,7.691200097522863,1.9906184714459416,True,False,False,False,False,False
6.301036379522414,33.33333333333333,0,0,0,0,0,0,0,0.7805845659575266,5.176149732573829,9.344514804630203,1.0986122886681098,1.2617246909109718,0.21224507509017274,8.028781162487148,1.9991152142115904,False,False,False,True,False,False
6.868572948400319,78.62318840579711,0,0,0,0,0,0,0,0.8886641126398388,9.09459276343187,10.00003020977695,0.6931471805599453,1.3011535875019398,0.07621530711600376,7.691200097522863,1.9906184714459416,True,False,False,False,False,False
6.827850625188941,72.8,0,0,0,0,0,0,0,1.3948692476233617,8.112227958349724,9.960021534452826,3.8918202981106265,0.9857224147741969,0.4797474033141374,8.174702882469461,2.0644946046636603,False,False,False,False,False,True
6.643862920571972,72.24669603524228,0,0,0,0,0,0,0,1.9514614148938163,8.533263371593732,10.039913778624975,1.791759469228055,0.4337178625006466,0.2099735342978654,8.028781162487148,1.9991152142115904,False,False,False,True,False,False
6.195191110040243,73.44827586206897,0,0,0,0,0,0,0,1.1708768489362897,8.940498217652733,7.8686083776014435,1.3862943611198906,1.4588691738658113,0.15505784212144866,8.028781162487148,1.9991152142115904,False,False,False,True,False,False
6.834918967411594,73.92638036809815,0,0,0,0,0,0,0,0.3902922829787633,9.104312967330653,10.575877569042746,0.6931471805599453,1.4982980704567792,0.07613393597596999,8.028781162487148,1.9991152142115904,False,False,False,True,False,False
6.807171356035,0.0,0,0,0,0,0,0,0,0.17435865595292022,7.860956364876389,10.170911068937047,1.9459101490553132,1.9320159329574258,0.2475411462337906,8.174702882469461,2.0644946046636603,False,False,False,False,False,True
6.911383487170326,82.67477203647417,0,0,0,0,0,0,0,3.05995005059813,10.192793306104006,10.572552363136483,2.1972245773362196,0.7491490352283896,0.21556648029156056,7.360739903058278,2.0186487050933315,False,False,False,False,True,False
6.5004185244497705,100.0,0,0,0,0,0,0,0,0.8886641126398388,4.653960350157523,9.91128039696677,0.6931471805599453,0.6702912420464539,0.14893706185882832,7.691200097522863,1.9906184714459416,True,False,False,False,False,False
6.195191110040243,60.0,0,0,0,0,0,0,0,0.3902922829787633,5.846438775057725,7.8686083776014435,0.6931471805599453,0.9068646215922611,0.11855887100316063,8.028781162487148,1.9991152142115904,False,False,False,True,False,False
6.26522859704693,100.0,0,0,0,0,0,0,0,0.7555541757959876,4.653960350157523,8.33775665141873,3.295836866004329,0.7097201386374217,0.7081789740414902,8.174702882469461,2.0644946046636603,False,False,False,False,False,True
6.821835129236781,72.72727272727273,0,0,0,0,0,0,0,2.3417536978725795,7.368339686311381,10.294261775374144,1.9459101490553132,0.31543117272774296,0.26409072218404245,8.028781162487148,1.9991152142115904,False,False,False,True,False,False
6.58558055977916,0.0,0,0,0,0,0,0,0,0.8886641126398388,3.8066624897703196,9.56895283095515,0.6931471805599453,1.6954425534116186,0.18208790046993825,7.691200097522863,1.9906184714459416,True,False,False,False,False,False
6.805786778839613,83.14969604863222,0,0,0,0,0,0,0,0.6974346238116809,12.654325814183553,10.415253130181402,3.2188758248682006,0.8674357250012932,0.2543696023110402,8.174702882469461,2.0644946046636603,False,False,False,False,False,True
4.9263479368027125,60.0,0,0,0,0,0,0,0,7.9979770137585495,5.5909869805108565,8.362349991150289,2.302585092994046,2.7600227613677513,0.4118387506571613,7.691200097522863,1.9906184714459416,True,False,False,False,False,False
6.6819426705842195,50.0,0,0,0,0,0,0,0,0.8886641126398388,5.198497031265826,9.837538159759628,0.6931471805599453,0.27600227613677514,0.1333360731748201,7.691200097522863,1.9906184714459416,True,False,False,False,False,False
6.756666247949616,74.24242424242425,0,0,0,0,0,0,0,1.1708768489362897,7.528331766707247,10.418346234180893,1.3862943611198906,0.7885779318193574,0.18414363288963156,8.028781162487148,1.9991152142115904,False,False,False,True,False,False
5.7918085106382975,0.0,0,0,0,0,0,0,0,0.3902922829787633,4.04305126783455,7.751630876729169,0.6931471805599453,0.6308623454554859,0.17144160057391344,8.028781162487148,1.9991152142115904,False,False,False,True,False,False
6.895006040624961,69.23076923076923,0,0,0,0,0,0,0,1.336749695639055,6.517671272912275,10.223933929526916,3.8501476017100584,1.5377269670477471,0.5907244229563156,8.174702882469461,2.0644946046636603,False,False,False,False,False,True
4.9263479368027125,100.0,0,0,0,0,0,0,0,0.8886641126398388,4.31748811353631,8.362349991150289,0.6931471805599453,1.2617246909109718,0.1605440854340214,7.691200097522863,1.9906184714459416,True,False,False,False,False,False
6.22747829422649,65.21739130434783,0,0,0,0,0,0,0,0.13788144168663172,6.638567789166521,8.715280860702519,0.6931471805599453,1.1040091045471006,0.1044121567442743,6.415096959171596,1.8969222823803258,False,False,True,False,False,False
5.879225467208256,80.55555555555556,0,0,0,0,0,0,0,0.9078461025802542,7.069023426578259,8.024343613012375,0.6931471805599453,0.5520045522735503,0.09805416374118046,6.104793232414985,1.8852953146630171,False,True,False,False,False,False
6.864375546316985,80.28846153846155,0,0,0,0,0,0,0,0.34871731190584043,9.318656515459642,10.665429998761658,2.5649493574615367,1.2617246909109718,0.2752488358387594,8.174702882469461,2.0644946046636603,False,False,False,False,False,True
6.620949893864058,0.0,0,0,0,0,0,0,0,0.8886641126398388,5.0238805208462765,9.820537328349257,0.6931471805599453,2.4445915886400083,0.13797047475229052,7.691200097522863,1.9906184714459416,True,False,False,False,False,False
6.5004185244497705,50.0,0,0,0,0,0,0,0,0.3777770878979938,4.574710978503383,9.91128039696677,2.6390573296152584,0.9068646215922611,0.5768795760029908,8.174702882469461,2.0644946046636603,False,False,False,False,False,True
6.6626454716813885,83.33333333333334,0,0,0,0,0,0,0,0.8886641126398388,6.326149473155099,10.577299406946517,0.6931471805599453,0.15771558636387148,0.10956857461261432,7.691200097522863,1.9906184714459416,True,False,False,False,False,False
6.2680555955337915,100.0,0,0,0,0,0,0,0,0.9078461025802542,5.926926025970411,9.017138872834964,0.6931471805599453,0.15771558636387148,0.11694884962672651,6.104793232414985,1.8852953146630171,False,True,False,False,False,False
6.429001687383052,71.14427860696517,0,0,0,0,0,0,0,0.38249375632476623,9.720105433544852,10.06323526293831,0.6931471805599453,1.0251513113651647,0.07131066481726007,7.360739903058278,2.0186487050933315,False,False,False,False,True,False
6.688211333662519,100.0,0,0,0,0,0,0,0,0.8886641126398388,4.804021044733257,10.22834896004197,0.6931471805599453,0.15771558636387148,0.1442847926987864,7.691200097522863,1.9906184714459416,True,False,False,False,False,False
6.7812232788728535,75.53956834532374,0,0,0,0,0,0,0,0.3902922829787633,9.753245889205585,10.198059619772755,0.6931471805599453,2.247447105685169,0.07106835902979608,8.028781162487148,1.9991152142115904,False,False,False,True,False,False
6.957108251170583,76.03305785123968,0,0,0,0,0,0,0,0.8886641126398388,9.526391218478407,10.626264599655654,0.6931471805599453,1.5771558636387148,0.0727607301299408,7.691200097522863,1.9906184714459416,True,False,False,False,False,False
6.819600539348966,72.22222222222221,0,0,0,0,0,0,0,0.38249375632476623,8.862625169408922,10.437678023458783,0.6931471805599453,1.3800113806838756,0.07821014285388915,7.360739903058278,2.0186487050933315,False,False,False,False,True,False
6.6934802647434,60.0,0,0,0,0,0,0,0,0.8886641126398388,5.720311776607412,9.704945179459122,0.6931471805599453,0.47314675909161447,0.12117297231848354,7.691200097522863,1.9906184714459416,True,False,False,False,False,False
6.820555367180653,75.57077625570776,0,0,0,0,0,0,0,0.3777770878979938,9.340227632810604,9.945533878754409,2.6390573296152584,1.2617246909109718,0.28254743175045394,8.174702882469461,2.0644946046636603,False,False,False,False,False,True
6.432021861785729,0.0,0,0,0,0,0,0,0,0.8886641126398388,4.2626798770413155,9.690983240865329,0.6931471805599453,0.7885779318193574,0.16260831227163414,7.691200097522863,1.9906184714459416,True,False,False,False,False,False
6.26522859704693,0.0,0,0,0,0,0,0,0,0.3902922829787633,4.543294782270004,8.33775665141873,0.6931471805599453,1.1828668977290362,0.15256487060115928,8.028781162487148,1.9991152142115904,False,False,False,True,False,False
6.5004185244497705,85.71428571428571,0,0,0,0,0,0,0,0.8886641126398388,5.823045895483019,9.91128039696677,0.6931471805599453,0.6702912420464539,0.11903515668623268,7.691200097522863,1.9906184714459416,True,False,False,False,False,False
6.786975454264241,72.72108843537414,0,0,0,0,0,0,0,0.8886641126398388,10.297858008638679,10.224166822188002,0.6931471805599453,2.168589312503233,0.06730984054921686,7.691200097522863,1.9906184714459416,True,False,False,False,False,False
6.54547003484183,69.86301369863014,0,0,0,0,0,0,0,0.38249375632476623,7.788211557847076,9.49191293713116,0.6931471805599453,0.5520045522735503,0.08899953158842472,7.360739903058278,2.0186487050933315,False,False,False,False,True,False
6.909654882850925,83.85933273219116,0,0,0,0,0,0,0,0.38249375632476623,10.434468682505683,10.43067650511707,0.6931471805599453,1.3405824840929077,0.06642860328116834,7.360739903058278,2.0186487050933315,False,False,False,False,True,False
6.759981036678705,89.47368421052632,0,0,0,0,0,0,0,0.3902922829787633,7.055312843339752,10.04288155251178,0.6931471805599453,0.8280068284103254,0.09824471231127327,8.028781162487148,1.9991152142115904,False,False,False,True,False,False
5.879225467208256,77.41935483870968,0,0,0,0,0,0,0,0.9078461025802542,6.678342114654332,8.024343613012375,0.6931471805599453,1.8925870363664579,0.10379030733375694,6.104793232414985,1.8852953146630171,False,True,False,False,False,False
4.9263479368027125,60.0,0,0,0,0,0,0,0,0.38249375632476623,4.927253685157205,8.362349991150289,0.6931471805599453,0.5914334488645181,0.1406761707131039,7.360739903058278,2.0186487050933315,False,False,False,False,True,False
6.844614966234576,76.65024630541872,0,0,0,0,0,0,0,2.732045980851343,9.953277217038643,10.253585385671725,2.0794415416798357,1.8925870363664579,0.20892028789473657,8.028781162487148,1.9991152142115904,False,False,False,True,False,False
6.5004185244497705,75.1578947368421,0,0,0,0,0,0,0,10.327331420768688,9.128153700988236,9.91128039696677,3.332204510175204,0.6702912420464539,0.3650469327454961,7.360739903058278,2.0186487050933315,False,False,False,False,True,False
6.5004185244497705,0.0,0,0,0,0,0,0,0,2.3417536978725795,3.970291913552122,9.91128039696677,1.9459101490553132,0.5520045522735503,0.4901176516550783,8.028781162487148,1.9991152142115904,False,False,False,True,False,False
6.697640144872388,0.0,0,0,0,0,0,0,0,1.5111083515919752,4.634728988229636,9.913599820423633,3.970291913552122,0.47314675909161447,0.8566394979372215,8.174702882469461,2.0644946046636603,False,False,False,False,False,True
6.22747829422649,80.0,0,0,0,0,0,0,0,0.3902922829787633,6.075346031088684,8.715280860702519,0.6931471805599453,0.6702912420464539,0.11409180267477462,8.028781162487148,1.9991152142115904,False,False,False,True,False,False
5.7918085106382975,0.0,0,0,0,0,0,0,0,1.4529887996076685,4.6443908991413725,7.751630876729169,3.9318256327243257,0.5520045522735503,0.8465750876936776,8.174702882469461,2.0644946046636603,False,False,False,False,False,True
6.871679492982944,75.82417582417582,0,0,0,0,0,0,0,0.38249375632476623,9.823848929875911,10.612949365748726,0.6931471805599453,0.3942889659096787,0.07055759768983955,7.360739903058278,2.0186487050933315,False,False,False,False,True,False
6.241442385702294,65.45454545454545,0,0,0,0,0,0,0,0.38249375632476623,7.829232537543592,9.194091527769046,0.6931471805599453,0.8674357250012932,0.08853322177315466,7.360739903058278,2.0186487050933315,False,False,False,False,True,False
5.879225467208256,100.0,0,0,0,0,0,0,0,0.9078461025802542,4.31748811353631,8.024343613012375,0.6931471805599453,0.7491490352283896,0.1605440854340214,6.104793232414985,1.8852953146630171,False,True,False,False,False,False
6.5004185244497705,66.66666666666666,0,0,0,0,0,0,0,29.234134648106288,5.0369526024136295,9.91128039696677,6.914730892718563,0.8280068284103254,1.3728004685621085,8.174702882469461,2.0644946046636603,False,False,False,False,False,True
6.662948251583755,0.0,0,0,0,0,0,0,0,1.706172766409985,3.912023005428146,10.093243666143405,2.5933276030091386,0.7885779318193574,0.662912155529442,6.415096959171596,1.8969222823803258,False,False,True,False,False,False
6.728879252982257,90.0,0,0,0,0,0,0,0,1.5611691319150531,7.83241092718792,10.092995148114731,1.6094379124341003,0.23657337954580723,0.20548435563402428,8.028781162487148,1.9991152142115904,False,False,False,True,False,False
6.764465840959698,50.0,0,0,0,0,0,0,0,0.8886641126398388,5.170483995038151,10.329557543516108,0.6931471805599453,2.208018209094201,0.13405847135879798,7.691200097522863,1.9906184714459416,True,False,False,False,False,False
6.894164257864038,74.0,0,0,0,0,0,0,0,0.8886641126398388,8.247743887225516,10.424283202600682,0.6931471805599453,1.2617246909109718,0.08404082256161269,7.691200097522863,1.9906184714459416,True,False,False,False,False,False
5.928305399625769,0.0,0,0,0,0,0,0,0,0.9078461025802542,3.295836866004329,9.555644917242555,0.6931471805599453,0.31543117272774296,0.21030991785715247,6.104793232414985,1.8852953146630171,False,True,False,False,False,False
6.723823326708267,80.13468013468014,0,0,0,0,0,0,0,0.3902922829787633,10.787936678554125,10.08673262684853,0.6931471805599453,0.9068646215922611,0.06425206239279166,8.028781162487148,1.9991152142115904,False,False,False,True,False,False
7.000843749434601,85.3071948261924,0,0,0,0,0,0,0,0.34871731190584043,11.885199114054824,10.987520938924284,2.5649493574615367,0.47314675909161447,0.21581038170646713,8.174702882469461,2.0644946046636603,False,False,False,False,False,True
6.805620481676584,73.96449704142012,0,0,0,0,0,0,0,0.38249375632476623,8.302017809751204,10.075669453457795,0.6931471805599453,0.9068646215922611,0.08349141093696565,7.360739903058278,2.0186487050933315,False,False,False,False,True,False
6.662948251583755,0.0,0,0,0,0,0,0,0,1.2495703676625949,4.727387818712341,10.093243666143405,3.784189633918261,0.47314675909161447,0.8004821645770982,8.174702882469461,2.0644946046636603,False,False,False,False,False,True
6.7842301997157435,56.666666666666664,0,0,0,0,0,0,0,0.38249375632476623,6.900730664045173,10.055566237327685,0.6931471805599453,0.9068646215922611,0.10044547661763487,7.360739903058278,2.0186487050933315,False,False,False,False,True,False
6.548792989998894,0.0,0,0,0,0,0,0,0,0.3902922829787633,3.6109179126442243,9.223228522439266,0.6931471805599453,0.6702912420464539,0.19195872000656014,8.028781162487148,1.9991152142115904,False,False,False,True,False,False
6.510263751421897,77.48387096774194,0,0,0,0,0,0,0,1.529975025299065,10.213249070130788,9.93043086016947,1.6094379124341003,1.0251513113651647,0.1575833411466475,7.360739903058278,2.0186487050933315,False,False,False,False,True,False
6.195191110040243,57.534246575342465,0,0,0,0,0,0,0,1.1708768489362897,7.904334842085095,7.8686083776014435,1.3862943611198906,0.47314675909161447,0.17538406315213717,8.028781162487148,1.9991152142115904,False,False,False,True,False,False
6.84582189119633,0.0,0,0,0,0,0,0,0,0.3902922829787633,5.056245805348308,10.239989615561218,0.6931471805599453,2.0108737261393617,0.13708731878239783,8.028781162487148,1.9991152142115904,False,False,False,True,False,False
6.22747829422649,77.77777777777779,0,0,0,0,0,0,0,0.8886641126398388,5.247024072160486,8.715280860702519,0.6931471805599453,0.19714448295483936,0.13210291605819502,7.691200097522863,1.9906184714459416,True,False,False,False,False,False
6.815973161881278,80.12618296529969,0,0,0,0,0,0,0,0.7555541757959876,10.239138023028598,10.215329984805344,3.295836866004329,0.8280068284103254,0.32188616449858787,8.174702882469461,2.0644946046636603,False,False,False,False,False,True
6.860330960269029,0.0,0,0,0,0,0,0,0,0.3777770878979938,10.567875111424648,10.330800524775379,2.6390573296152584,0.8280068284103254,0.2497245001279627,8.174702882469461,2.0644946046636603,False,False,False,False,False,True
6.790816964622494,73.63636363636363,0,0,0,0,0,0,0,0.7649875126495325,7.690743163541872,10.438481002726643,1.0986122886681098,1.3011535875019398,0.14284865133399646,7.360739903058278,2.0186487050933315,False,False,False,False,True,False
6.195191110040243,65.78947368421053,0,0,0,0,0,0,0,0.3902922829787633,7.603897968521881,7.8686083776014435,0.6931471805599453,0.7097201386374217,0.0911568229123261,8.028781162487148,1.9991152142115904,False,False,False,True,False,False
6.801279969075106,74.60317460317461,0,0,0,0,0,0,0,0.38249375632476623,7.553286605600419,10.323930083446934,0.6931471805599453,1.2222957943200041,0.09176762603526896,7.360739903058278,2.0186487050933315,False,False,False,False,True,False
6.788310729601363,68.75,0,0,0,0,0,0,0,1.5111083515919752,7.160069207596127,9.914078482087426,3.970291913552122,1.1828668977290362,0.554504684024567,8.174702882469461,2.0644946046636603,False,False,False,False,False,True
6.895976464352848,80.0,0,0,0,0,0,0,0,0.3902922829787633,6.111467339502679,10.577136109628901,0.6931471805599453,0.5520045522735503,0.11341747276953462,8.028781162487148,1.9991152142115904,False,False,False,True,False,False
6.5004185244497705,100.0,0,0,0,0,0,0,0,0.6894072084331586,4.442651256490317,9.91128039696677,1.791759469228055,0.5125756556825823,0.40330860240502886,6.415096959171596,1.8969222823803258,False,False,True,False,False,False
6.265461606140655,80.0,0,0,0,0,0,0,0,0.9078461025802542,5.087596335232384,9.321531227117486,0.6931471805599453,0.6308623454554859,0.13624256621143366,6.104793232414985,1.8852953146630171,False,True,False,False,False,False
5.558589488847307,100.0,0,0,0,0,0,0,0,0.8886641126398388,4.762173934797756,5.858417164315927,0.6931471805599453,0.5520045522735503,0.1455526803620167,7.691200097522863,1.9906184714459416,True,False,False,False,False,False
6.82373534428293,80.3486529318542,0,0,0,0,0,0,0,0.34871731190584043,10.313840694717069,10.394897993142768,2.5649493574615367,0.7491490352283896,0.24869003055043784,8.174702882469461,2.0644946046636603,False,False,False,False,False,True
6.677693639525605,77.5,0,0,0,0,0,0,0,0.7555541757959876,6.687108607866515,9.328032216867232,3.295836866004329,1.1828668977290362,0.49286426455332355,8.174702882469461,2.0644946046636603,False,False,False,False,False,True
6.737086385783746,68.42105263157895,0,0,0,0,0,0,0,0.13788144168663172,6.814542897259958,10.860135486237004,0.6931471805599453,0.6702912420464539,0.10171587309820164,6.415096959171596,1.8969222823803258,False,False,True,False,False,False
6.5004185244497705,0.0,0,0,0,0,0,0,0,0.8886641126398388,3.58351893845611,9.91128039696677,0.6931471805599453,0.31543117272774296,0.1934264036172708,7.691200097522863,1.9906184714459416,True,False,False,False,False,False
6.671140218499566,0.0,0,0,0,0,0,0,0,1.4820485755998218,4.663439094112067,9.763111410243045,3.9512437185814275,0.35486006931871084,0.847281081374079,8.174702882469461,2.0644946046636603,False,False,False,False,False,True
6.9160083847587,72.16642754662841,0,0,0,0,0,0,0,0.3902922829787633,9.52032195192273,10.258307605633988,0.6931471805599453,0.8674357250012932,0.0728071155639812,8.028781162487148,1.9991152142115904,False,False,False,True,False,False
6.513833199933685,0.0,0,0,0,0,0,0,0,0.13788144168663172,4.0943445622221,9.14594022971754,0.6931471805599453,1.0251513113651647,0.16929380759878143,6.415096959171596,1.8969222823803258,False,False,True,False,False,False
6.893698780940906,71.66666666666667,0,0,0,0,0,0,0,0.8886641126398388,7.764296006450518,10.204116640108973,0.6931471805599453,1.5377269670477471,0.0892736675654926,7.691200097522863,1.9906184714459416,True,False,False,False,False,False
6.87510785201077,77.77777777777779,0,0,0,0,0,0,0,0.7555541757959876,10.692172159805137,10.583734086810797,3.295836866004329,0.31543117272774296,0.30824764292463425,8.174702882469461,2.0644946046636603,False,False,False,False,False,True
6.613267444356878,81.11011638316921,0,0,0,0,0,0,0,0.3777770878979938,10.932714035385844,9.70567747365114,2.6390573296152584,0.6308623454554859,0.2413908679101492,8.174702882469461,2.0644946046636603,False,False,False,False,False,True
6.999830127256439,82.07934336525308,0,0,0,0,0,0,0,0.6974346238116809,11.924193702305343,10.771990152842433,3.2188758248682006,0.31543117272774296,0.26994494598371754,8.174702882469461,2.0644946046636603,False,False,False,False,False,True
6.829036948424544,0.0,0,0,0,0,0,0,0,0.8886641126398388,4.867534450455582,9.778151955140352,0.6931471805599453,0.6702912420464539,0.14240211088697471,7.691200097522863,1.9906184714459416,True,False,False,False,False,False
5.7918085106382975,33.33333333333333,0,0,0,0,0,0,0,1.5111083515919752,5.37989735354046,7.751630876729169,3.970291913552122,0.8280068284103254,0.7379865548808864,8.174702882469461,2.0644946046636603,False,False,False,False,False,True
5.558589488847307,60.0,0,0,0,0,0,0,0,0.8886641126398388,5.545177444479562,5.858417164315927,0.6931471805599453,0.5125756556825823,0.125,7.691200097522863,1.9906184714459416,True,False,False,False,False,False
6.5004185244497705,0.0,0,0,0,0,0,0,0,0.7805845659575266,4.653960350157523,9.91128039696677,1.0986122886681098,0.7885779318193574,0.23605965801383008,8.028781162487148,1.9991152142115904,False,False,False,True,False,False
6.666474874898554,52.83018867924528,0,0,0,0,0,0,0,0.38249375632476623,8.043020885298283,10.107563439479907,0.6931471805599453,2.247447105685169,0.08617995532337093,7.360739903058278,2.0186487050933315,False,False,False,False,True,False
6.873641596354956,81.81818181818183,0,0,0,0,0,0,0,1.5611691319150531,10.71056591543671,10.56033257357882,1.6094379124341003,1.0645802079561326,0.15026637482474028,8.028781162487148,1.9991152142115904,False,False,False,True,False,False
6.804073199368591,75.45787545787546,0,0,0,0,0,0,0,0.38249375632476623,9.156412029950626,10.6056345042043,0.6931471805599453,1.6560136568206507,0.07570074154512277,7.360739903058278,2.0186487050933315,False,False,False,False,True,False
6.6713729887351505,57.14285714285714,0,0,0,0,0,0,0,0.13788144168663172,5.407171771460119,9.890268636636637,0.6931471805599453,0.6308623454554859,0.12819033865698187,6.415096959171596,1.8969222823803258,False,False,True,False,False,False
6.8569287506609085,66.66666666666666,0,0,0,0,0,0,0,1.5111083515919752,5.241747015059643,10.407710774519117,3.970291913552122,1.1434380011380683,0.7574367671971568,8.174702882469461,2.0644946046636603,False,False,False,False,False,True
6.795116253480846,83.22316650928549,0,0,0,0,0,0,0,0.34871731190584043,11.464186799474717,10.205608343832958,2.5649493574615367,0.8280068284103254,0.22373583075068712,8.174702882469461,2.0644946046636603,False,False,False,False,False,True
6.77960349153899,0.0,0,0,0,0,0,0,0,0.8886641126398388,4.584967478670572,10.364469387895442,0.6931471805599453,0.7885779318193574,0.15117821092177644,7.691200097522863,1.9906184714459416,True,False,False,False,False,False
6.22747829422649,40.0,0,0,0,0,0,0,0,0.3777770878979938,5.53338948872752,8.715280860702519,2.6390573296152584,0.3942889659096787,0.47693323142921323,8.174702882469461,2.0644946046636603,False,False,False,False,False,True
4.9263479368027125,54.385964912280706,0,0,0,0,0,0,0,0.8886641126398388,8.141481041457421,8.362349991150289,0.6931471805599453,0.47314675909161447,0.08513772580570472,7.691200097522863,1.9906184714459416,True,False,False,False,False,False
6.789630233288598,72.72727272727273,0,0,0,0,0,0,0,1.4820485755998218,5.545177444479562,10.319365966602142,3.9512437185814275,0.35486006931871084,0.7125549647676366,8.174702882469461,2.0644946046636603,False,False,False,False,False,True
6.671140218499566,100.0,0,0,0,0,0,0,0,1.1474812689742986,3.7376696182833684,9.763111410243045,1.3862943611198906,0.9462935181832289,0.3708980468307378,7.360739903058278,2.0186487050933315,False,False,False,False,True,False
6.195191110040243,72.22222222222221,0,0,0,0,0,0,0,0.7805845659575266,6.790097235513905,7.8686083776014435,1.0986122886681098,0.9857224147741969,0.16179625277265444,8.028781162487148,1.9991152142115904,False,False,False,True,False,False
6.726881389735055,82.77027027027027,0,0,0,0,0,0,0,1.1474812689742986,8.607764889600624,9.920300326844044,1.3862943611198906,1.1828668977290362,0.16105160618347358,7.360739903058278,2.0186487050933315,False,False,False,False,True,False
6.6657177823299945,46.666666666666664,0,0,0,0,0,0,0,1.1474812689742986,6.403574197934815,9.937663191583683,1.3862943611198906,0.9068646215922611,0.21648759243969992,7.360739903058278,2.0186487050933315,False,False,False,False,True,False
5.659166666666667,100.0,0,0,0,0,0,0,0,0.8886641126398388,6.752270376141742,6.188948351641614,0.6931471805599453,0.47314675909161447,0.1026539433327625,7.691200097522863,1.9906184714459416,True,False,False,False,False,False
6.792397910320175,75.0,0,0,0,0,0,0,0,0.7555541757959876,5.75890177387728,9.94267825774093,3.295836866004329,0.5914334488645181,0.5723030180779329,8.174702882469461,2.0644946046636603,False,False,False,False,False,True
5.879225467208256,100.0,0,0,0,0,0,0,0,0.9078461025802542,4.442651256490317,8.024343613012375,0.6931471805599453,0.6702912420464539,0.156021065022225,6.104793232414985,1.8852953146630171,False,True,False,False,False,False
6.685766793947192,80.0,0,0,0,0,0,0,0,0.7555541757959876,5.438079308923196,9.615449014518639,3.295836866004329,0.9857224147741969,0.6060663478365018,8.174702882469461,2.0644946046636603,False,False,False,False,False,True
6.535424356044026,72.3404255319149,0,0,0,0,0,0,0,0.7805845659575266,7.969011781106478,10.072263834319271,1.0986122886681098,2.0108737261393617,0.13786054266763426,8.028781162487148,1.9991152142115904,False,False,False,True,False,False
6.816742595707507,76.51775486827033,0,0,0,0,0,0,0,0.3902922829787633,10.26210560741145,10.440375624130201,0.6931471805599453,1.5771558636387148,0.06754434295232196,8.028781162487148,1.9991152142115904,False,False,False,True,False,False
6.864516828268249,75.14450867052022,0,0,0,0,0,0,0,1.1708768489362897,9.462887373659635,10.567330761350604,1.3862943611198906,0.9068646215922611,0.1464980302923928,8.028781162487148,1.9991152142115904,False,False,False,True,False,False
6.721357126733849,82.64150943396227,0,0,0,0,0,0,0,0.3902922829787633,8.664750755773852,10.18364621482724,0.6931471805599453,1.4588691738658113,0.07999620532628235,8.028781162487148,1.9991152142115904,False,False,False,True,False,False
6.882238498533699,63.1578947368421,0,0,0,0,0,0,0,1.4529887996076685,6.610696044717759,10.162753433877903,3.9318256327243257,0.8674357250012932,0.5947672690027898,8.174702882469461,2.0644946046636603,False,False,False,False,False,True
6.856081241437622,82.9418472063854,0,0,0,0,0,0,0,4.4461457267994655,12.663823388826183,10.305125765654724,5.0369526024136295,0.4337178625006466,0.3977434340136125,8.174702882469461,2.0644946046636603,False,False,False,False,False,True
6.688025313988094,0.0,0,0,0,0,0,0,0,0.9299128317489078,5.093750200806762,10.181095086660706,3.4965075614664802,2.247447105685169,0.6864309052518307,8.174702882469461,2.0644946046636603,False,False,False,False,False,True
5.775788441476067,66.66666666666666,0,0,0,0,0,0,0,0.9078461025802542,4.634728988229636,8.653460843742746,0.6931471805599453,0.5125756556825823,0.14955506186451523,6.104793232414985,1.8852953146630171,False,True,False,False,False,False
6.7531871272138275,76.06837606837607,0,0,0,0,0,0,0,2.294962537948597,7.97349996402463,10.3120155564934,1.9459101490553132,0.6702912420464539,0.24404717599987466,7.360739903058278,2.0186487050933315,False,False,False,False,True,False
6.548792989998894,100.0,0,0,0,0,0,0,0,0.3902922829787633,4.007333185232471,9.223228522439266,0.6931471805599453,0.6702912420464539,0.1729696904450771,8.028781162487148,1.9991152142115904,False,False,False,True,False,False
6.827850625188941,62.5,0,0,0,0,0,0,0,0.8886641126398388,6.16541785423142,9.960021534452826,0.6931471805599453,0.7491490352283896,0.11242501269954117,7.691200097522863,1.9906184714459416,True,False,False,False,False,False
5.775788441476067,0.0,0,0,0,0,0,0,0,0.9078461025802542,4.23410650459726,8.653460843742746,0.6931471805599453,0.7097201386374217,0.16370565544521562,6.104793232414985,1.8852953146630171,False,True,False,False,False,False
6.877926778715913,75.6578947368421,0,0,0,0,0,0,0,2.67349939127811,8.656433258507741,10.265575666830216,4.532599493153256,0.3942889659096787,0.5236105169179828,8.174702882469461,2.0644946046636603,False,False,False,False,False,True
5.7918085106382975,66.66666666666666,0,0,0,0,0,0,0,0.8886641126398388,6.150602768446279,7.751630876729169,0.6931471805599453,0.23657337954580723,0.112695813183696,7.691200097522863,1.9906184714459416,True,False,False,False,False,False
6.12808909241728,100.0,0,0,0,0,0,0,0,0.38249375632476623,4.219507705176107,9.087549935855485,0.6931471805599453,0.4337178625006466,0.16427204996205022,7.360739903058278,2.0186487050933315,False,False,False,False,True,False
6.786000370687271,73.91304347826086,0,0,0,0,0,0,0,0.7555541757959876,7.202661196523238,9.939591632397473,3.295836866004329,0.8280068284103254,0.45758599163254365,8.174702882469461,2.0644946046636603,False,False,False,False,False,True
6.759777776037483,78.37837837837837,0,0,0,0,0,0,0,3.1675155831447173,7.409136443920128,9.467064150185598,4.700480365792417,0.6702912420464539,0.6344167638658604,8.174702882469461,2.0644946046636603,False,False,False,False,False,True
6.631987024818271,66.66666666666666,0,0,0,0,0,0,0,0.3902922829787633,6.505784060128229,10.350795235482899,0.6931471805599453,0.9068646215922611,0.10654321971859045,8.028781162487148,1.9991152142115904,False,False,False,True,False,False
6.5004185244497705,62.5,0,0,0,0,0,0,0,0.3777770878979938,7.080026499922591,9.91128039696677,2.6390573296152584,1.8137292431845222,0.37274681523354647,8.174702882469461,2.0644946046636603,False,False,False,False,False,True
6.744173990661228,0.0,0,0,0,0,0,0,0,1.5611691319150531,5.170483995038151,10.26872521065149,1.6094379124341003,1.9320159329574258,0.31127413100564577,8.028781162487148,1.9991152142115904,False,False,False,True,False,False
5.7918085106382975,82.92682926829268,0,0,0,0,0,0,0,0.3902922829787633,7.9355873855892,7.751630876729169,0.6931471805599453,0.35486006931871084,0.08734667604047569,8.028781162487148,1.9991152142115904,False,False,False,True,False,False
6.9991527367920785,53.2258064516129,0,0,0,0,0,0,0,0.38249375632476623,7.908019444632471,10.282811046385305,0.6931471805599453,1.2617246909109718,0.0876511730165782,7.360739903058278,2.0186487050933315,False,False,False,False,True,False
6.289007148338809,0.0,0,0,0,0,0,0,0,0.3902922829787633,3.044522437723423,7.921587131345857,0.6931471805599453,1.4194402772748433,0.227670248696953,8.028781162487148,1.9991152142115904,False,False,False,True,False,False
5.879225467208256,0.0,0,0,0,0,0,0,0,1.9514614148938163,6.966967138613983,8.024343613012375,1.791759469228055,0.3942889659096787,0.2571792623073158,8.028781162487148,1.9991152142115904,False,False,False,True,False,False
6.446087560798237,0.0,0,0,0,0,0,0,0,0.7555541757959876,3.828641396489095,8.975054833104538,3.295836866004329,0.5520045522735503,0.8608371807886335,8.174702882469461,2.0644946046636603,False,False,False,False,False,True
6.755039400968009,85.29411764705883,0,0,0,0,0,0,0,0.8886641126398388,6.959398512133975,10.247191551804496,0.6931471805599453,0.7885779318193574,0.09959871953753142,7.691200097522863,1.9906184714459416,True,False,False,False,False,False
6.751585809121671,44.44444444444444,0,0,0,0,0,0,0,1.1333312636939814,5.652489180268651,9.88965981250502,3.6888794541139363,0.5520045522735503,0.652611502024779,8.174702882469461,2.0644946046636603,False,False,False,False,False,True
6.689439508121831,0.0,0,0,0,0,0,0,0,0.8886641126398388,4.07753744390572,10.070067321875522,0.6931471805599453,1.0251513113651647,0.169991616286914,7.691200097522863,1.9906184714459416,True,False,False,False,False,False
6.703006296580537,84.0,0,0,0,0,0,0,0,4.972418832221961,7.093404625868766,10.172048866669856,2.6390573296152584,1.6954425534116186,0.37204381658857355,7.360739903058278,2.0186487050933315,False,False,False,False,True,False
6.786000370687271,75.0,0,0,0,0,0,0,0,1.104271487701828,7.045776576879511,9.939591632397473,3.6635616461296463,0.5520045522735503,0.5199656285087872,8.174702882469461,2.0644946046636603,False,False,False,False,False,True
6.8596621223012715,85.71428571428571,0,0,0,0,0,0,0,0.6974346238116809,10.517104394139265,10.219323750347366,3.2188758248682006,0.5914334488645181,0.306061032032918,8.174702882469461,2.0644946046636603,False,False,False,False,False,True
6.045175999634896,100.0,0,0,0,0,0,0,0,0.08717932797646011,5.0106352940962555,7.952065901555757,1.3862943611198906,0.5914334488645181,0.2766703780563079,8.174702882469461,2.0644946046636603,False,False,False,False,False,True
6.26522859704693,0.0,0,0,0,0,0,0,0,0.3902922829787633,3.7612001156935624,8.33775665141873,0.6931471805599453,0.9068646215922611,0.18428883314870617,8.028781162487148,1.9991152142115904,False,False,False,True,False,False
6.775097268203942,0.0,0,0,0,0,0,0,0,0.6683748478195275,5.4116460518550396,10.52081233969628,3.1780538303479458,0.7491490352283896,0.5872619531830896,8.174702882469461,2.0644946046636603,False,False,False,False,False,True
6.40169871215857,0.0,0,0,0,0,0,0,0,0.34871731190584043,3.8501476017100584,9.324495915651033,2.5649493574615367,0.7885779318193574,0.6661950716700586,8.174702882469461,2.0644946046636603,False,False,False,False,False,True
6.195191110040243,54.761904761904766,0,0,0,0,0,0,0,0.7805845659575266,7.1770187659099,7.8686083776014435,1.0986122886681098,1.1040091045471006,0.15307362632050023,8.028781162487148,1.9991152142115904,False,False,False,True,False,False
5.558589488847307,0.0,0,0,0,0,0,0,0,0.8886641126398388,3.6375861597263857,5.858417164315927,0.6931471805599453,0.5914334488645181,0.1905514124267734,7.691200097522863,1.9906184714459416,True,False,False,False,False,False
6.999107567057773,79.49070887818307,0,0,0,0,0,0,0,0.34871731190584043,10.82017820443161,10.612071991227866,2.5649493574615367,0.7885779318193574,0.23705241346311773,8.174702882469461,2.0644946046636603,False,False,False,False,False,True
6.5004185244497705,66.66666666666666,0,0,0,0,0,0,0,0.8886641126398388,5.564520407322694,9.91128039696677,0.6931471805599453,0.8674357250012932,0.1245654845020948,7.691200097522863,1.9906184714459416,True,False,False,False,False,False
6.224347117248813,76.92307692307693,0,0,0,0,0,0,0,0.38249375632476623,6.401917196727186,8.971909507274898,0.6931471805599453,0.6702912420464539,0.10827181284292443,7.360739903058278,2.0186487050933315,False,False,False,False,True,False
6.494012152354782,77.77777777777779,0,0,0,0,0,0,0,0.9078461025802542,6.342121418721152,10.003184523854106,0.6931471805599453,0.6308623454554859,0.10929263803021198,6.104793232414985,1.8852953146630171,False,True,False,False,False,False
6.8873779809596005,80.41280539174389,0,0,0,0,0,0,0,0.7805845659575266,10.618127108434171,10.503088454418865,1.0986122886681098,1.2222957943200041,0.1034657315220367,8.028781162487148,1.9991152142115904,False,False,False,True,False,False
6.662948251583755,69.04761904761905,0,0,0,0,0,0,0,0.38249375632476623,7.418180822726788,10.093243666143405,0.6931471805599453,2.9177383477316226,0.09343897070240963,7.360739903058278,2.0186487050933315,False,False,False,False,True,False
6.782229399472426,81.17647058823529,0,0,0,0,0,0,0,1.5111083515919752,9.366061246972958,10.277602276154056,3.970291913552122,0.8280068284103254,0.4239019806575887,8.174702882469461,2.0644946046636603,False,False,False,False,False,True
6.677693639525605,60.0,0,0,0,0,0,0,0,0.8886641126398388,6.354370040797351,9.328032216867232,0.6931471805599453,1.1828668977290362,0.10908196660088884,7.691200097522863,1.9906184714459416,True,False,False,False,False,False
6.864516828268249,75.65502183406113,0,0,0,0,0,0,0,0.7649875126495325,9.74020362461931,10.567330761350604,1.0986122886681098,1.8137292431845222,0.11279151145169702,7.360739903058278,2.0186487050933315,False,False,False,False,True,False
6.195191110040243,75.0,0,0,0,0,0,0,0,0.3902922829787633,5.703782474656201,7.8686083776014435,0.6931471805599453,0.9857224147741969,0.12152412607595545,8.028781162487148,1.9991152142115904,False,False,False,True,False,False
6.48976219033308,80.0,0,0,0,0,0,0,0,0.8886641126398388,5.3981627015177525,9.485106768895054,0.6931471805599453,1.6560136568206507,0.12840427732292312,7.691200097522863,1.9906184714459416,True,False,False,False,False,False
6.875576816660936,81.48148148148148,0,0,0,0,0,0,0,0.9008530557567545,7.510430556378006,10.314039317026975,3.4657359027997265,0.7491490352283896,0.4614563541708744,8.174702882469461,2.0644946046636603,False,False,False,False,False,True
6.195191110040243,54.54545454545454,0,0,0,0,0,0,0,0.3902922829787633,7.500529485395295,7.8686083776014435,0.6931471805599453,0.7097201386374217,0.09241309988976264,8.028781162487148,1.9991152142115904,False,False,False,True,False,False
6.26522859704693,0.0,0,0,0,0,0,0,0,0.3902922829787633,4.634728988229636,8.33775665141873,0.6931471805599453,1.4982980704567792,0.14955506186451523,8.028781162487148,1.9991152142115904,False,False,False,True,False,False
6.427976318936198,66.66666666666666,0,0,0,0,0,0,0,0.9078461025802542,5.955837369464831,10.106925959869699,0.6931471805599453,1.8925870363664579,0.11638114635461057,6.104793232414985,1.8852953146630171,False,True,False,False,False,False
6.8472683934994345,82.35637779941577,0,0,0,0,0,0,0,1.8598256634978156,12.331056360623258,10.37905824623929,4.174387269895637,0.5520045522735503,0.3385263312254172,8.174702882469461,2.0644946046636603,False,False,False,False,False,True
6.2467029592772985,0.0,0,0,0,0,0,0,0,1.706172766409985,6.558197802812269,9.657145167764883,2.5933276030091386,0.9857224147741969,0.39543296511994114,6.415096959171596,1.8969222823803258,False,False,True,False,False,False
6.855023571108642,77.66159695817491,0,0,0,0,0,0,0,0.8886641126398388,10.652660561358601,10.579277778179469,0.6931471805599453,2.089731519321297,0.0650679871537692,7.691200097522863,1.9906184714459416,True,False,False,False,False,False
6.87869123882592,71.875,0,0,0,0,0,0,0,0.38249375632476623,7.288244401020124,10.102764232722187,0.6931471805599453,1.1828668977290362,0.09510482119163383,7.360739903058278,2.0186487050933315,False,False,False,False,True,False
6.831725682510775,50.0,0,0,0,0,0,0,0,1.5611691319150531,7.232733136177615,10.293546054911756,1.6094379124341003,0.7097201386374217,0.22252140126445516,8.028781162487148,1.9991152142115904,False,False,False,True,False,False
6.8504907933765775,81.55002891844997,0,0,0,0,0,0,0,0.34871731190584043,10.543233956368958,10.421152796371134,2.5649493574615367,1.1040091045471006,0.24327918436374085,8.174702882469461,2.0644946046636603,False,False,False,False,False,True
6.749295062077874,53.333333333333336,0,0,0,0,0,0,0,0.3902922829787633,6.137727054086234,10.142783532190418,0.6931471805599453,0.6702912420464539,0.112932226287006,8.028781162487148,1.9991152142115904,False,False,False,True,False,False
6.8631784768840625,77.94221282593375,0,0,0,0,0,0,0,0.38249375632476623,10.617882394259105,10.277410425108217,0.6931471805599453,1.9714448295483937,0.06528111301503182,7.360739903058278,2.0186487050933315,False,False,False,False,True,False
6.740938861826055,87.36842105263159,0,0,0,0,0,0,0,2.3417536978725795,7.862112211662748,9.930926248251016,1.9459101490553132,0.5914334488645181,0.24750475402382677,8.028781162487148,1.9991152142115904,False,False,False,True,False,False
6.831591285719375,78.94736842105263,0,0,0,0,0,0,0,0.7264943998038342,10.71163612579058,10.611955766810059,3.258096538021482,0.8280068284103254,0.30416422848577823,8.174702882469461,2.0644946046636603,False,False,False,False,False,True
6.806439376553833,0.0,0,0,0,0,0,0,0,0.8886641126398388,4.663439094112067,10.195563791795378,0.6931471805599453,0.23657337954580723,0.14863433757183497,7.691200097522863,1.9906184714459416,True,False,False,False,False,False
6.799447922681467,0.0,0,0,0,0,0,0,0,0.7805845659575266,5.384495062789089,10.401419368506971,1.0986122886681098,0.7097201386374217,0.20403255567274026,8.028781162487148,1.9991152142115904,False,False,False,True,False,False
5.775788441476067,50.0,0,0,0,0,0,0,0,0.9078461025802542,4.5217885770490405,8.653460843742746,0.6931471805599453,0.5520045522735503,0.15329048865267808,6.104793232414985,1.8852953146630171,False,True,False,False,False,False
6.5004185244497705,16.666666666666664,0,0,0,0,0,0,0,1.4820485755998218,7.037905963447182,9.91128039696677,3.9512437185814275,0.9857224147741969,0.5614232044450477,8.174702882469461,2.0644946046636603,False,False,False,False,False,True
6.26522859704693,81.69014084507043,0,0,0,0,0,0,0,0.8886641126398388,7.70210434005105,8.33775665141873,0.6931471805599453,0.35486006931871084,0.08999451967374296,7.691200097522863,1.9906184714459416,True,False,False,False,False,False
6.294246178584725,75.0,0,0,0,0,0,0,0,0.9078461025802542,5.262690188904886,9.41745383320021,0.6931471805599453,0.15771558636387148,0.13170966856861138,6.104793232414985,1.8852953146630171,False,True,False,False,False,False
6.797413472032771,83.15602836879432,0,0,0,0,0,0,0,0.7264943998038342,11.010828303768077,10.120686773991647,3.258096538021482,1.5771558636387148,0.2958993136698454,8.174702882469461,2.0644946046636603,False,False,False,False,False,True
6.5970797128209036,50.0,0,0,0,0,0,0,0,0.7805845659575266,4.418840607796598,10.305502616439773,1.0986122886681098,1.4194402772748433,0.24862003094877858,8.028781162487148,1.9991152142115904,False,False,False,True,False,False
6.7320152936240785,77.77777777777779,0,0,0,0,0,0,0,1.1708768489362897,6.322565239927284,9.75404198514312,1.3862943611198906,0.5520045522735503,0.2192613770697658,8.028781162487148,1.9991152142115904,False,False,False,True,False,False
6.706774600460976,50.0,0,0,0,0,0,0,0,0.5515257667465269,6.304448802421981,9.743448920514988,1.6094379124341003,1.7743003465935543,0.255286062726975,6.415096959171596,1.8969222823803258,False,False,True,False,False,False
6.694310329049049,81.35593220338984,0,0,0,0,0,0,0,0.3902922829787633,7.305860032684009,10.693267173515931,0.6931471805599453,0.8674357250012932,0.09487550780593021,8.028781162487148,1.9991152142115904,False,False,False,True,False,False
6.904336421330635,66.20689655172414,0,0,0,0,0,0,0,0.38249375632476623,8.313116702819253,10.481449793947066,0.6931471805599453,1.9320159329574258,0.08337994104243432,7.360739903058278,2.0186487050933315,False,False,False,False,True,False
5.775788441476067,0.0,0,0,0,0,0,0,0,0.9078461025802542,3.713572066704308,8.653460843742746,0.6931471805599453,0.6308623454554859,0.18665241123894336,6.104793232414985,1.8852953146630171,False,True,False,False,False,False
6.677693639525605,70.96774193548387,0,0,0,0,0,0,0,1.5111083515919752,7.561121589530238,9.328032216867232,3.970291913552122,0.7491490352283896,0.5250929860789066,8.174702882469461,2.0644946046636603,False,False,False,False,False,True
6.195191110040243,68.88888888888889,0,0,0,0,0,0,0,0.7805845659575266,7.091742115095153,7.8686083776014435,1.0986122886681098,0.4337178625006466,0.15491430326120498,8.028781162487148,1.9991152142115904,False,False,False,True,False,False
6.759224938434093,80.0,0,0,0,0,0,0,0,5.464091961702686,7.52131798019924,9.967730591475465,2.70805020110221,0.6308623454554859,0.3600499551051389,8.028781162487148,1.9991152142115904,False,False,False,True,False,False
6.22747829422649,86.14718614718615,0,0,0,0,0,0,0,0.8886641126398388,8.782322859397507,8.715280860702519,0.6931471805599453,1.7743003465935543,0.0789252674556646,7.691200097522863,1.9906184714459416,True,False,False,False,False,False
7.00943938797986,60.24096385542169,0,0,0,0,0,0,0,0.8886641126398388,8.60392119492606,10.905546162871463,0.6931471805599453,1.6165847602296828,0.08056177699171754,7.691200097522863,1.9906184714459416,True,False,False,False,False,False
6.728879252982257,69.44444444444444,0,0,0,0,0,0,0,1.1333312636939814,7.878912912297133,10.092995148114731,3.6888794541139363,1.1828668977290362,0.468196500605618,8.174702882469461,2.0644946046636603,False,False,False,False,False,True
6.7921340428944,0.0,0,0,0,0,0,0,0,0.34871731190584043,9.29182818882245,10.36953170501716,2.5649493574615367,1.1828668977290362,0.27604356272396724,8.174702882469461,2.0644946046636603,False,False,False,False,False,True
5.879225467208256,66.66666666666666,0,0,0,0,0,0,0,0.9078461025802542,6.154858094016418,8.024343613012375,0.6931471805599453,0.27600227613677514,0.11261789792258635,6.104793232414985,1.8852953146630171,False,True,False,False,False,False
6.986566619948185,79.47912818618397,0,0,0,0,0,0,0,0.3902922829787633,11.817501526964977,10.787688311047619,0.6931471805599453,0.7097201386374217,0.058654291601175905,8.028781162487148,1.9991152142115904,False,False,False,True,False,False
6.898640416651605,0.0,0,0,0,0,0,0,0,0.38249375632476623,4.983606621708336,9.989779034252113,0.6931471805599453,1.7743003465935543,0.13908545219854063,7.360739903058278,2.0186487050933315,False,False,False,False,True,False
6.778371967850202,70.88607594936708,0,0,0,0,0,0,0,1.2409329751796854,8.820256365906321,10.44611879933651,2.302585092994046,0.7097201386374217,0.2610564815206984,6.415096959171596,1.8969222823803258,False,False,True,False,False,False
6.772442409641736,77.0879294043492,0,0,0,0,0,0,0,1.9514614148938163,11.331667342529471,10.315113955906533,1.791759469228055,0.5520045522735503,0.15811966721819562,8.028781162487148,1.9991152142115904,False,False,False,True,False,False
6.26522859704693,0.0,0,0,0,0,0,0,0,0.3902922829787633,4.219507705176107,8.33775665141873,0.6931471805599453,1.6954425534116186,0.16427204996205022,8.028781162487148,1.9991152142115904,False,False,False,True,False,False
6.920438352090152,77.7190332326284,0,0,0,0,0,0,0,0.38249375632476623,10.184975480824582,10.57831309011288,0.6931471805599453,1.5771558636387148,0.06805585166748263,7.360739903058278,2.0186487050933315,False,False,False,False,True,False
6.679139291693264,74.19354838709677,0,0,0,0,0,0,0,0.3902922829787633,8.236950048061455,10.342450683620672,0.6931471805599453,0.5914334488645181,0.08415095108207869,8.028781162487148,1.9991152142115904,False,False,False,True,False,False
5.879225467208256,100.0,0,0,0,0,0,0,0,0.9078461025802542,4.6913478822291435,8.024343613012375,0.6931471805599453,1.1828668977290362,0.1477501131786861,6.104793232414985,1.8852953146630171,False,True,False,False,False,False
6.725111232966893,75.0,0,0,0,0,0,0,0,0.9078461025802542,6.2166061010848646,10.62771458954711,0.6931471805599453,0.7097201386374217,0.11149929226479117,6.104793232414985,1.8852953146630171,False,True,False,False,False,False
5.558589488847307,0.0,0,0,0,0,0,0,0,0.3902922829787633,4.927253685157205,5.858417164315927,0.6931471805599453,1.4982980704567792,0.1406761707131039,8.028781162487148,1.9991152142115904,False,False,False,True,False,False
6.195191110040243,69.23076923076923,0,0,0,0,0,0,0,0.7805845659575266,8.46779284112111,7.8686083776014435,1.0986122886681098,1.4982980704567792,0.12974009984432458,8.028781162487148,1.9991152142115904,False,False,False,True,False,False
5.558589488847307,0.0,0,0,0,0,0,0,0,0.7555541757959876,3.4339872044851463,5.858417164315927,3.295836866004329,0.7491490352283896,0.9597696991123384,8.174702882469461,2.0644946046636603,False,False,False,False,False,True
6.841277427238577,0.0,0,0,0,0,0,0,0,0.35959152870240046,8.336869637284956,10.448213004744183,2.5933276030091386,1.7743003465935543,0.3110673089346399,8.174702882469461,2.0644946046636603,False,False,False,False,False,True
6.510263751421897,60.86956521739131,0,0,0,0,0,0,0,4.972418832221961,7.97728198675515,9.93043086016947,2.6390573296152584,1.7743003465935543,0.33082161743773647,7.360739903058278,2.0186487050933315,False,False,False,False,True,False
6.827534084814002,74.04580152671755,0,0,0,0,0,0,0,0.3777770878979938,8.966228514225776,10.044942704927879,2.6390573296152584,0.5520045522735503,0.29433304375726566,8.174702882469461,2.0644946046636603,False,False,False,False,False,True
6.5004185244497705,0.0,0,0,0,0,0,0,0,3.632471999019171,4.51085950651685,9.91128039696677,4.836281906951478,1.2222957943200041,1.0721419942173969,8.174702882469461,2.0644946046636603,False,False,False,False,False,True
6.635758036799406,81.48148148148148,0,0,0,0,0,0,0,0.38249375632476623,7.488293515159428,9.887414115563827,0.6931471805599453,1.0251513113651647,0.09256410411220213,7.360739903058278,2.0186487050933315,False,False,False,False,True,False
6.26522859704693,0.0,0,0,0,0,0,0,0,0.7555541757959876,4.605170185988092,8.33775665141873,3.295836866004329,0.4337178625006466,0.7156818820794936,8.174702882469461,2.0644946046636603,False,False,False,False,False,True
5.928305399625769,84.56375838926175,0,0,0,0,0,0,0,0.8886641126398388,9.414994033976548,9.555644917242555,0.6931471805599453,0.9068646215922611,0.07362162716816777,7.691200097522863,1.9906184714459416,True,False,False,False,False,False
6.62799810652082,77.62896825396825,0,0,0,0,0,0,0,6.618309200958322,11.073132852412414,9.876168534673917,3.8918202981106265,0.7885779318193574,0.3514651499248243,6.415096959171596,1.8969222823803258,False,False,True,False,False,False
6.7842301997157435,74.40758293838863,0,0,0,0,0,0,0,1.9514614148938163,9.605485747677493,10.055566237327685,1.791759469228055,0.6702912420464539,0.18653501928950172,8.028781162487148,1.9991152142115904,False,False,False,True,False,False
6.779782172998328,100.0,0,0,0,0,0,0,0,0.3902922829787633,6.202535517187923,10.42324578946821,0.6931471805599453,0.23657337954580723,0.11175223078354918,8.028781162487148,1.9991152142115904,False,False,False,True,False,False
6.726881389735055,56.00000000000001,0,0,0,0,0,0,0,1.0752117117096747,8.308691916838898,9.920300326844044,3.6375861597263857,0.5520045522735503,0.4378049151580929,8.174702882469461,2.0644946046636603,False,False,False,False,False,True
6.8784369279498785,83.08152987613992,0,0,0,0,0,0,0,2.7316189432624167,12.296502755320919,10.334054544193862,4.553876891600541,1.5377269670477471,0.3703391917372601,8.174702882469461,2.0644946046636603,False,False,False,False,False,True
6.756379223895332,85.71428571428571,0,0,0,0,0,0,0,0.8886641126398388,6.821107472256465,10.120073395422493,0.6931471805599453,2.0108737261393617,0.10161798261927223,7.691200097522863,1.9906184714459416,True,False,False,False,False,False
6.7547019732313895,80.55555555555556,0,0,0,0,0,0,0,2.732045980851343,9.04981944514108,9.894931129828896,2.0794415416798357,0.8674357250012932,0.22977713028256097,8.028781162487148,1.9991152142115904,False,False,False,True,False,False
6.829036948424544,20.0,0,0,0,0,0,0,0,0.38249375632476623,5.8522024797744745,9.778151955140352,0.6931471805599453,0.9857224147741969,0.11844210499474328,7.360739903058278,2.0186487050933315,False,False,False,False,True,False
6.756666247949616,73.71794871794873,0,0,0,0,0,0,0,0.3902922829787633,8.21851757748959,10.418346234180893,0.6931471805599453,0.35486006931871084,0.08433968462371683,8.028781162487148,1.9991152142115904,False,False,False,True,False,False
6.045175999634896,0.0,0,0,0,0,0,0,0,0.4649564158744539,4.430816798843313,7.952065901555757,2.833213344056216,1.3405824840929077,0.6394336468156031,8.174702882469461,2.0644946046636603,False,False,False,False,False,True
6.853143571207788,74.6268656716418,0,0,0,0,0,0,0,0.7264943998038342,7.851271997109883,10.25002538090338,3.258096538021482,0.9068646215922611,0.4149769030063936,8.174702882469461,2.0644946046636603,False,False,False,False,False,True
6.8355523885194005,75.88761963569003,0,0,0,0,0,0,0,2.294962537948597,11.23109291730734,10.692848090619558,1.9459101490553132,0.9462935181832289,0.1732609785514842,7.360739903058278,2.0186487050933315,False,False,False,False,True,False
7.06303348998008,86.66666666666667,0,0,0,0,0,0,0,0.3902922829787633,7.323170717943469,10.755228912947196,0.6931471805599453,0.35486006931871084,0.09465123882221858,8.028781162487148,1.9991152142115904,False,False,False,True,False,False
6.125684953889958,42.857142857142854,0,0,0,0,0,0,0,0.9078461025802542,5.805134968916488,9.489526672366129,0.6931471805599453,1.1828668977290362,0.11940242290168823,6.104793232414985,1.8852953146630171,False,True,False,False,False,False
6.787997345234373,81.29198966408269,0,0,0,0,0,0,0,0.34871731190584043,11.231371245484562,10.234882798878875,2.5649493574615367,0.6702912420464539,0.2283736599386957,8.174702882469461,2.0644946046636603,False,False,False,False,False,True
6.814882238275165,0.0,0,0,0,0,0,0,0,0.7805845659575266,4.48863636973214,10.506362816413247,1.0986122886681098,0.3942889659096787,0.2447541298012674,8.028781162487148,1.9991152142115904,False,False,False,True,False,False
6.66391737475365,68.14814814814815,0,0,0,0,0,0,0,0.38249375632476623,8.145549631783584,9.799753131264394,0.6931471805599453,1.3800113806838756,0.0850952006793151,7.360739903058278,2.0186487050933315,False,False,False,False,True,False
6.815735505792911,76.14035087719299,0,0,0,0,0,0,0,1.4820485755998218,9.387649386946594,10.073444825078106,3.9512437185814275,1.2222957943200041,0.42089809234626735,8.174702882469461,2.0644946046636603,False,False,False,False,False,True
6.677813824764418,77.27272727272727,0,0,0,0,0,0,0,0.7555541757959876,8.395251520610994,10.285024163740255,3.295836866004329,0.47314675909161447,0.3925834571975353,8.174702882469461,2.0644946046636603,False,False,False,False,False,True
6.779935390862401,66.66666666666666,0,0,0,0,0,0,0,2.8769178232231836,7.511524648390866,10.184178129625463,4.605170185988092,0.5125756556825823,0.6130806196548421,8.174702882469461,2.0644946046636603,False,False,False,False,False,True
6.821624494858498,100.0,0,0,0,0,0,0,0,0.8886641126398388,4.30406509320417,10.144924451566315,0.6931471805599453,0.6702912420464539,0.16104477175644444,7.691200097522863,1.9906184714459416,True,False,False,False,False,False
6.195191110040243,63.26530612244898,0,0,0,0,0,0,0,0.7805845659575266,6.956545443151569,7.8686083776014435,1.0986122886681098,0.47314675909161447,0.15792497837409344,8.028781162487148,1.9991152142115904,False,False,False,True,False,False
6.818400726616806,62.22222222222222,0,0,0,0,0,0,0,2.3417536978725795,7.96102146588337,10.419778093245858,1.9459101490553132,2.6417360715948477,0.2444297075939854,8.028781162487148,1.9991152142115904,False,False,False,True,False,False
6.8703620642673275,76.58491439148543,0,0,0,0,0,0,0,0.34871731190584043,11.069275507017089,10.696649194221154,2.5649493574615367,0.7491490352283896,0.23171790744891585,8.174702882469461,2.0644946046636603,False,False,False,False,False,True
6.548792989998894,0.0,0,0,0,0,0,0,0,0.3902922829787633,3.9318256327243257,9.223228522439266,0.6931471805599453,0.8674357250012932,0.1762914343888821,8.028781162487148,1.9991152142115904,False,False,False,True,False,False
5.879225467208256,74.35897435897436,0,0,0,0,0,0,0,0.9078461025802542,6.815639990074331,8.024343613012375,0.6931471805599453,0.5914334488645181,0.10169950020385185,6.104793232414985,1.8852953146630171,False,True,False,False,False,False
7.0565046657833825,77.77777777777779,0,0,0,0,0,0,0,0.7805845659575266,6.663132695990803,10.656814710913281,1.0986122886681098,2.3657337954580724,0.16487924506278304,8.028781162487148,1.9991152142115904,False,False,False,True,False,False
6.58558055977916,77.5,0,0,0,0,0,0,0,0.8886641126398388,6.551080335043404,9.56895283095515,0.6931471805599453,1.5377269670477471,0.10580654565509198,7.691200097522863,1.9906184714459416,True,False,False,False,False,False
6.876825967643439,79.15774446823698,0,0,0,0,0,0,0,1.2205105916704415,10.470476094800963,10.46680382527731,3.7612001156935624,0.5520045522735503,0.3592195886451771,8.174702882469461,2.0644946046636603,False,False,False,False,False,True
6.195191110040243,73.77049180327869,0,0,0,0,0,0,0,0.7805845659575266,8.266421472984554,7.8686083776014435,1.0986122886681098,0.9857224147741969,0.13290058972416038,8.028781162487148,1.9991152142115904,False,False,False,True,False,False
6.84051898277667,84.88636363636364,0,0,0,0,0,0,0,0.31965753591368706,11.663601543928637,10.366698222421915,2.4849066497880004,0.4337178625006466,0.21304797154027366,8.174702882469461,2.0644946046636603,False,False,False,False,False,True
6.733360508210215,77.51633986928105,0,0,0,0,0,0,0,0.34871731190584043,10.118155285369294,10.153781849542582,2.5649493574615367,0.5125756556825823,0.25349970277392525,8.174702882469461,2.0644946046636603,False,False,False,False,False,True
6.726881389735055,0.0,0,0,0,0,0,0,0,3.5849174838524247,3.871201010907891,9.920300326844044,3.295836866004329,1.2222957943200041,0.8513732189875035,6.415096959171596,1.8969222823803258,False,False,True,False,False,False
6.195191110040243,69.375,0,0,0,0,0,0,0,0.7805845659575266,8.591372589590488,7.8686083776014435,1.0986122886681098,1.1828668977290362,0.12787389642479416,8.028781162487148,1.9991152142115904,False,False,False,True,False,False
6.870640752791402,50.0,0,0,0,0,0,0,0,0.8886641126398388,5.1298987149230735,10.359880980764,0.6931471805599453,1.0251513113651647,0.13511907721365987,7.691200097522863,1.9906184714459416,True,False,False,False,False,False
6.195191110040243,71.42857142857143,0,0,0,0,0,0,0,0.7805845659575266,7.75190533307861,7.8686083776014435,1.0986122886681098,0.47314675909161447,0.14172158217414715,8.028781162487148,1.9991152142115904,False,False,False,True,False,False
6.910618758441679,0.0,0,0,0,0,0,0,0,0.3902922829787633,5.225746673713202,10.117731162979387,0.6931471805599453,0.5914334488645181,0.13264079256781564,8.028781162487148,1.9991152142115904,False,False,False,True,False,False
6.944520199325325,76.08695652173914,0,0,0,0,0,0,0,0.38249375632476623,9.972827030614742,10.527536588287306,0.6931471805599453,2.2868760022761365,0.06950357992093026,7.360739903058278,2.0186487050933315,False,False,False,False,True,False
6.800577564758055,82.18643240605174,0,0,0,0,0,0,0,0.3902922829787633,10.612114303944459,10.022255881415592,0.6931471805599453,1.3405824840929077,0.06531659579866254,8.028781162487148,1.9991152142115904,False,False,False,True,False,False
6.195191110040243,65.21739130434783,0,0,0,0,0,0,0,0.7805845659575266,8.116417072794205,7.8686083776014435,1.0986122886681098,1.1434380011380683,0.13535680569577915,8.028781162487148,1.9991152142115904,False,False,False,True,False,False
6.687372496799458,78.57142857142857,0,0,0,0,0,0,0,0.9078461025802542,7.23561914106675,10.485222047468794,0.6931471805599453,0.5125756556825823,0.09579652646805209,6.104793232414985,1.8852953146630171,False,True,False,False,False,False
6.926108029437993,81.76691729323309,0,0,0,0,0,0,0,0.7555541757959876,10.113140513667839,10.374327894143486,3.295836866004329,0.23657337954580723,0.32589647711806524,8.174702882469461,2.0644946046636603,False,False,False,False,False,True
6.510263751421897,0.0,0,0,0,0,0,0,0,0.34871731190584043,4.356708826689592,9.93043086016947,2.5649493574615367,0.9068646215922611,0.5887355477484346,8.174702882469461,2.0644946046636603,False,False,False,False,False,True
6.548792989998894,0.0,0,0,0,0,0,0,0,0.3902922829787633,4.02535169073515,9.223228522439266,0.6931471805599453,1.8925870363664579,0.1721954337940981,8.028781162487148,1.9991152142115904,False,False,False,True,False,False
6.195191110040243,61.111111111111114,0,0,0,0,0,0,0,1.5611691319150531,6.606650186198215,7.8686083776014435,1.6094379124341003,1.0645802079561326,0.24360876799506292,8.028781162487148,1.9991152142115904,False,False,False,True,False,False
6.195191110040243,33.33333333333333,0,0,0,0,0,0,0,0.3902922829787633,5.476463551931511,7.8686083776014435,0.6931471805599453,0.4337178625006466,0.1265683910770258,8.028781162487148,1.9991152142115904,False,False,False,True,False,False
6.576598130934997,76.02836879432624,0,0,0,0,0,0,0,3.5126305468088694,9.819399172153842,9.946553577092503,2.302585092994046,0.6702912420464539,0.2344934809783259,8.028781162487148,1.9991152142115904,False,False,False,True,False,False
6.662948251583755,100.0,0,0,0,0,0,0,0,0.27576288337326343,4.820281565605037,10.093243666143405,1.0986122886681098,1.6954425534116186,0.22791454684042156,6.415096959171596,1.8969222823803258,False,False,True,False,False,False
6.803266358620549,76.33928571428571,0,0,0,0,0,0,0,2.3417536978725795,8.596004371840527,10.499254083507191,1.9459101490553132,0.5914334488645181,0.2263737970434124,8.028781162487148,1.9991152142115904,False,False,False,True,False,False
6.71066095125867,77.47093023255815,0,0,0,0,0,0,0,0.34871731190584043,10.011579334886969,10.31748873324831,2.5649493574615367,1.1040091045471006,0.25619827518357224,8.174702882469461,2.0644946046636603,False,False,False,False,False,True
6.5004185244497705,79.48717948717949,0,0,0,0,0,0,0,0.3777770878979938,6.893656354602635,9.91128039696677,2.6390573296152584,0.35486006931871084,0.38282403326549036,8.174702882469461,2.0644946046636603,False,False,False,False,False,True
5.879225467208256,100.0,0,0,0,0,0,0,0,0.9078461025802542,4.204692619390966,8.024343613012375,0.6931471805599453,0.9462935181832289,0.16485085672216038,6.104793232414985,1.8852953146630171,False,True,False,False,False,False
6.752542161239349,83.16903979554581,0,0,0,0,0,0,0,0.7555541757959876,12.013755296849714,10.418120676184797,3.295836866004329,0.6308623454554859,0.2743386047548824,8.174702882469461,2.0644946046636603,False,False,False,False,False,True
6.885647175379283,100.0,0,0,0,0,0,0,0,0.7555541757959876,5.424950017481403,10.419530611456398,3.295836866004329,0.7885779318193574,0.6075331303300119,8.174702882469461,2.0644946046636603,False,False,False,False,False,True
5.7918085106382975,75.0,0,0,0,0,0,0,0,0.8886641126398388,4.718498871295094,7.751630876729169,0.6931471805599453,0.6308623454554859,0.1468999356504447,7.691200097522863,1.9906184714459416,True,False,False,False,False,False
6.848890629581536,71.5311004784689,0,0,0,0,0,0,0,2.3417536978725795,9.729431740159207,10.365761039265031,1.9459101490553132,0.4337178625006466,0.20000244629122313,8.028781162487148,1.9991152142115904,False,False,False,True,False,False
6.195191110040243,71.55172413793103,0,0,0,0,0,0,0,0.7805845659575266,8.69165057315339,7.8686083776014435,1.0986122886681098,0.4337178625006466,0.12639857981192698,8.028781162487148,1.9991152142115904,False,False,False,True,False,False
6.5004185244497705,0.0,0,0,0,0,0,0,0,0.8886641126398388,4.3694478524670215,9.91128039696677,0.6931471805599453,1.8137292431845222,0.15863495891559604,7.691200097522863,1.9906184714459416,True,False,False,False,False,False
6.715661769645538,72.28915662650603,0,0,0,0,0,0,0,0.38249375632476623,7.984803389734406,10.142973788660102,0.6931471805599453,3.70631627955098,0.08680829655130695,7.360739903058278,2.0186487050933315,False,False,False,False,True,False
6.800166494369348,50.0,0,0,0,0,0,0,0,0.38249375632476623,4.955827057601261,10.407158941641097,0.6931471805599453,1.4194402772748433,0.13986508659473787,7.360739903058278,2.0186487050933315,False,False,False,False,True,False
6.26522859704693,0.0,0,0,0,0,0,0,0,0.7555541757959876,3.6635616461296463,8.33775665141873,3.295836866004329,0.4337178625006466,0.8996264248716005,8.174702882469461,2.0644946046636603,False,False,False,False,False,True
6.756379223895332,0.0,0,0,0,0,0,0,0,0.38249375632476623,5.075173815233827,10.120073395422493,0.6931471805599453,1.4982980704567792,0.13657604759848213,7.360739903058278,2.0186487050933315,False,False,False,False,True,False
6.393797237117623,66.66666666666666,0,0,0,0,0,0,0,0.38249375632476623,7.051855622955894,9.585589680262684,0.6931471805599453,0.4337178625006466,0.09829287745250263,7.360739903058278,2.0186487050933315,False,False,False,False,True,False
6.204594733459919,0.0,0,0,0,0,0,0,0,0.38249375632476623,3.912023005428146,9.799452135638647,0.6931471805599453,0.6702912420464539,0.17718382013555792,7.360739903058278,2.0186487050933315,False,False,False,False,True,False
6.9027737927487625,70.9090909090909,0,0,0,0,0,0,0,1.1708768489362897,9.787796078039936,10.615996316083153,1.3862943611198906,0.6308623454554859,0.1416349860649635,8.028781162487148,1.9991152142115904,False,False,False,True,False,False
6.844614966234576,79.27107061503416,0,0,0,0,0,0,0,0.34871731190584043,9.490091074101683,10.253585385671725,2.5649493574615367,0.35486006931871084,0.2702765797960828,8.174702882469461,2.0644946046636603,False,False,False,False,False,True
6.801305199251226,79.03930131004367,0,0,0,0,0,0,0,0.34871731190584043,9.551800150108434,10.691628402533764,2.5649493574615367,1.1434380011380683,0.2685304672577785,8.174702882469461,2.0644946046636603,False,False,False,False,False,True
6.614916036256099,100.0,0,0,0,0,0,0,0,0.9078461025802542,4.90527477843843,10.112202783197885,0.6931471805599453,0.15771558636387148,0.14130649390055278,6.104793232414985,1.8852953146630171,False,True,False,False,False,False
6.195191110040243,0.0,0,0,0,0,0,0,0,0.7805845659575266,7.941651252930556,7.8686083776014435,1.0986122886681098,0.5125756556825823,0.1383354989634819,8.028781162487148,1.9991152142115904,False,False,False,True,False,False
6.811522504055452,88.88888888888889,0,0,0,0,0,0,0,1.3948692476233617,6.47543271670409,10.178507420484628,3.8918202981106265,0.5914334488645181,0.6010131628842731,8.174702882469461,2.0644946046636603,False,False,False,False,False,True
6.427690326839088,77.19298245614034,0,0,0,0,0,0,0,0.3902922829787633,8.10892415597534,9.783002990437407,0.6931471805599453,1.0645802079561326,0.08547954910259901,8.028781162487148,1.9991152142115904,False,False,False,True,False,False
5.879225467208256,100.0,0,0,0,0,0,0,0,0.9078461025802542,4.532599493153256,8.024343613012375,0.6931471805599453,0.35486006931871084,0.1529248683028321,6.104793232414985,1.8852953146630171,False,True,False,False,False,False
5.775788441476067,100.0,0,0,0,0,0,0,0,0.9078461025802542,4.624972813284271,8.653460843742746,0.6931471805599453,0.5520045522735503,0.14987054163194743,6.104793232414985,1.8852953146630171,False,True,False,False,False,False
6.843501468948183,50.0,0,0,0,0,0,0,0,0.8886641126398388,6.61472560020376,10.073300708025029,0.6931471805599453,1.7348714500025864,0.10478850105869751,7.691200097522863,1.9906184714459416,True,False,False,False,False,False
6.5264888547538815,0.0,0,0,0,0,0,0,0,0.8886641126398388,4.30406509320417,9.75745455496221,0.6931471805599453,1.5377269670477471,0.16104477175644444,7.691200097522863,1.9906184714459416,True,False,False,False,False,False
6.615339912235646,0.0,0,0,0,0,0,0,0,0.6393150718273741,4.290459441148391,10.050152764681643,3.1354942159291497,0.35486006931871084,0.7308061663181458,8.174702882469461,2.0644946046636603,False,False,False,False,False,True
6.862528692853247,83.75378405650858,0,0,0,0,0,0,0,0.31965753591368706,10.700882129466427,10.305776271670846,2.4849066497880004,0.35486006931871084,0.23221512205479308,8.174702882469461,2.0644946046636603,False,False,False,False,False,True
6.26522859704693,100.0,0,0,0,0,0,0,0,0.8886641126398388,3.871201010907891,8.33775665141873,0.6931471805599453,0.6702912420464539,0.17905223175104135,7.691200097522863,1.9906184714459416,True,False,False,False,False,False
6.818032823249103,78.26086956521739,0,0,0,0,0,0,0,0.7649875126495325,7.284820912568604,10.342475232675952,1.0986122886681098,2.9965961409135584,0.15080841407819082,7.360739903058278,2.0186487050933315,False,False,False,False,True,False
6.20715799971213,0.0,0,0,0,0,0,0,0,0.13788144168663172,4.0943445622221,9.847465822742766,0.6931471805599453,0.3942889659096787,0.16929380759878143,6.415096959171596,1.8969222823803258,False,False,True,False,False,False
6.206096308749436,85.0,0,0,0,0,0,0,0,0.3902922829787633,6.447305862541213,9.188654414879425,0.6931471805599453,0.9857224147741969,0.10750958545136256,8.028781162487148,1.9991152142115904,False,False,False,True,False,False
6.700689947733412,74.25149700598801,0,0,0,0,0,0,0,0.3902922829787633,9.571644584298577,10.293176866045338,0.6931471805599453,1.5771558636387148,0.07241672781049466,8.028781162487148,1.9991152142115904,False,False,False,True,False,False
6.195191110040243,67.79661016949152,0,0,0,0,0,0,0,0.7805845659575266,8.410053315858335,7.8686083776014435,1.0986122886681098,0.47314675909161447,0.13063083519298532,8.028781162487148,1.9991152142115904,False,False,False,True,False,False
6.644427954689881,0.0,0,0,0,0,0,0,0,0.35959152870240046,8.946505025998682,10.127006476019027,2.5933276030091386,0.27600227613677514,0.2898704684648238,8.174702882469461,2.0644946046636603,False,False,False,False,False,True
6.106210567052468,0.0,0,0,0,0,0,0,0,0.3902922829787633,5.365976015021851,10.427792075670013,0.6931471805599453,1.4588691738658113,0.12917448356450073,8.028781162487148,1.9991152142115904,False,False,False,True,False,False
6.792379410518049,67.24137931034483,0,0,0,0,0,0,0,0.8886641126398388,7.393263094763838,10.295975378059795,0.6931471805599453,0.5914334488645181,0.09375389076182827,7.691200097522863,1.9906184714459416,True,False,False,False,False,False
6.5004185244497705,100.0,0,0,0,0,0,0,0,0.13788144168663172,4.465908118654584,9.91128039696677,0.6931471805599453,0.4337178625006466,0.1552085627701551,6.415096959171596,1.8969222823803258,False,False,True,False,False,False
6.745869261287794,80.79877112135176,0,0,0,0,0,0,0,0.6974346238116809,10.790390667515691,9.89485951039786,3.2188758248682006,0.6308623454554859,0.2983094796149112,8.174702882469461,2.0644946046636603,False,False,False,False,False,True
6.800577564758055,0.0,0,0,0,0,0,0,0,0.34871731190584043,8.284504227258497,10.022255881415592,2.5649493574615367,0.35486006931871084,0.3096080691252575,8.174702882469461,2.0644946046636603,False,False,False,False,False,True
6.794607080130419,100.0,0,0,0,0,0,0,0,0.13788144168663172,3.7376696182833684,9.797980786126336,0.6931471805599453,0.47314675909161447,0.1854490234153689,6.415096959171596,1.8969222823803258,False,False,True,False,False,False
6.2467029592772985,67.27272727272727,0,0,0,0,0,0,0,0.9078461025802542,7.929846429742503,9.657145167764883,0.6931471805599453,1.4982980704567792,0.08740991224750023,6.104793232414985,1.8852953146630171,False,True,False,False,False,False
6.7407259017789665,75.49857549857549,0,0,0,0,0,0,0,1.5111083515919752,9.246672301223573,10.074209079303039,3.970291913552122,0.9462935181832289,0.4293752156683167,8.174702882469461,2.0644946046636603,False,False,False,False,False,True
6.490336269696487,70.0,0,0,0,0,0,0,0,0.8886641126398388,6.618738983517219,8.81811505604364,0.6931471805599453,1.85315813977549,0.10472496079481361,7.691200097522863,1.9906184714459416,True,False,False,False,False,False
6.195191110040243,66.12903225806451,0,0,0,0,0,0,0,0.7805845659575266,7.748460023899697,7.8686083776014435,1.0986122886681098,0.3942889659096787,0.1417845978787399,8.028781162487148,1.9991152142115904,False,False,False,True,False,False
7.018559078845056,64.28571428571429,0,0,0,0,0,0,0,0.38249375632476623,9.118882761487347,10.574732197109203,0.6931471805599453,1.5377269670477471,0.07601229215133462,7.360739903058278,2.0186487050933315,False,False,False,False,True,False
6.715661769645538,72.84768211920529,0,0,0,0,0,0,0,0.40683686389014717,9.52134826973146,10.142973788660102,2.70805020110221,1.5771558636387148,0.2844187739367912,8.174702882469461,2.0644946046636603,False,False,False,False,False,True
6.860017231934231,80.48780487804879,0,0,0,0,0,0,0,0.34871731190584043,11.522875795823397,10.370814784310465,2.5649493574615367,1.0645802079561326,0.22259628611038512,8.174702882469461,2.0644946046636603,False,False,False,False,False,True
6.677693639525605,83.33333333333334,0,0,0,0,0,0,0,0.8886641126398388,5.356586274672012,9.328032216867232,0.6931471805599453,0.7491490352283896,0.12940091786394073,7.691200097522863,1.9906184714459416,True,False,False,False,False,False
5.879225467208256,100.0,0,0,0,0,0,0,0,0.9078461025802542,4.30406509320417,8.024343613012375,0.6931471805599453,0.6702912420464539,0.16104477175644444,6.104793232414985,1.8852953146630171,False,True,False,False,False,False
6.423158352833034,50.0,0,0,0,0,0,0,0,0.9078461025802542,5.117993812416755,9.91501097094118,0.6931471805599453,0.4337178625006466,0.13543337603853725,6.104793232414985,1.8852953146630171,False,True,False,False,False,False
6.5004185244497705,0.0,0,0,0,0,0,0,0,1.104271487701828,6.519147287940395,9.91128039696677,3.6635616461296463,0.8674357250012932,0.5619694546412191,8.174702882469461,2.0644946046636603,False,False,False,False,False,True
6.794607080130419,0.0,0,0,0,0,0,0,0,0.8886641126398388,4.143134726391533,9.797980786126336,0.6931471805599453,0.4337178625006466,0.16730017881017414,7.691200097522863,1.9906184714459416,True,False,False,False,False,False
6.677693639525605,33.33333333333333,0,0,0,0,0,0,0,0.8886641126398388,4.812184355372417,9.328032216867232,0.6931471805599453,1.3405824840929077,0.1440400303421672,7.691200097522863,1.9906184714459416,True,False,False,False,False,False
6.195191110040243,74.48979591836735,0,0,0,0,0,0,0,0.7805845659575266,8.726318950962243,7.8686083776014435,1.0986122886681098,0.5520045522735503,0.12589641690176437,8.028781162487148,1.9991152142115904,False,False,False,True,False,False
6.830029354983103,75.87131367292224,0,0,0,0,0,0,0,3.5849174838524247,10.522880544507412,10.308213020219416,3.295836866004329,0.3942889659096787,0.3132067167411346,6.415096959171596,1.8969222823803258,False,False,True,False,False,False
6.8031785089586005,81.81818181818183,0,0,0,0,0,0,0,0.3902922829787633,7.30854279753919,10.672729738815272,0.6931471805599453,0.31543117272774296,0.09484068161895831,8.028781162487148,1.9991152142115904,False,False,False,True,False,False
6.40169871215857,0.0,0,0,0,0,0,0,0,0.7805845659575266,4.844187086458591,9.324495915651033,1.0986122886681098,0.7491490352283896,0.22678981407203766,8.028781162487148,1.9991152142115904,False,False,False,True,False,False
6.662948251583755,0.0,0,0,0,0,0,0,0,12.441297576957743,4.927253685157205,10.093243666143405,2.70805020110221,0.5520045522735503,0.5496064083852441,7.691200097522863,1.9906184714459416,True,False,False,False,False,False
6.85172299297182,79.70149253731343,0,0,0,0,0,0,0,0.7805845659575266,8.94793610670867,10.525637422848265,1.0986122886681098,0.8674357250012932,0.12277828938054561,8.028781162487148,1.9991152142115904,False,False,False,True,False,False
6.886010110211231,79.88826815642457,0,0,0,0,0,0,0,0.34871731190584043,9.30383071506352,10.619485877729373,2.5649493574615367,0.19714448295483936,0.27568744918248705,8.174702882469461,2.0644946046636603,False,False,False,False,False,True
6.836335151609738,79.78036175710595,0,0,0,0,0,0,0,1.5111083515919752,10.313907034109423,10.073010932873734,3.970291913552122,0.27600227613677514,0.3849454819034003,8.174702882469461,2.0644946046636603,False,False,False,False,False,True
5.7918085106382975,66.66666666666666,0,0,0,0,0,0,0,0.27576288337326343,4.5217885770490405,7.751630876729169,1.0986122886681098,0.3942889659096787,0.2429596762317167,6.415096959171596,1.8969222823803258,False,False,True,False,False,False
6.5004185244497705,63.57142857142857,0,0,0,0,0,0,0,0.7649875126495325,8.819665349340653,9.91128039696677,1.0986122886681098,1.1040091045471006,0.12456394263873523,7.360739903058278,2.0186487050933315,False,False,False,False,True,False
5.879225467208256,100.0,0,0,0,0,0,0,0,0.9078461025802542,4.248495242049359,8.024343613012375,0.6931471805599453,0.9068646215922611,0.16315121968351076,6.104793232414985,1.8852953146630171,False,True,False,False,False,False
6.915367938502655,86.08247422680412,0,0,0,0,0,0,0,0.3777770878979938,8.803874763534434,10.406416196634192,2.6390573296152584,1.4982980704567792,0.2997608894377063,8.174702882469461,2.0644946046636603,False,False,False,False,False,True
6.81823449633989,0.0,0,0,0,0,0,0,0,0.8886641126398388,4.700480365792417,9.698986449188135,0.6931471805599453,0.9068646215922611,0.14746305199023912,7.691200097522863,1.9906184714459416,True,False,False,False,False,False
6.960229924719464,0.0,0,0,0,0,0,0,0,2.3417536978725795,4.709530201312334,10.220270380677725,1.9459101490553132,0.6702912420464539,0.413185618496103,8.028781162487148,1.9991152142115904,False,False,False,True,False,False
6.694036685098593,84.35867672663959,0,0,0,0,0,0,0,0.7264943998038342,11.467425880898862,10.121249205782965,3.258096538021482,0.35486006931871084,0.2841175144151967,8.174702882469461,2.0644946046636603,False,False,False,False,False,True
6.823146793508421,75.0,0,0,0,0,0,0,0,1.8598256634978156,5.780743515792329,10.27120685262779,4.174387269895637,0.6702912420464539,0.7221194399114386,8.174702882469461,2.0644946046636603,False,False,False,False,False,True
6.195191110040243,50.0,0,0,0,0,0,0,0,0.7805845659575266,6.542471960506805,7.8686083776014435,1.0986122886681098,0.27600227613677514,0.16792006068956955,8.028781162487148,1.9991152142115904,False,False,False,True,False,False
6.829036948424544,75.0,0,0,0,0,0,0,0,0.8886641126398388,5.056245805348308,9.778151955140352,0.6931471805599453,0.8280068284103254,0.13708731878239783,7.691200097522863,1.9906184714459416,True,False,False,False,False,False
6.40169871215857,0.0,0,0,0,0,0,0,0,0.9299128317489078,4.634728988229636,9.324495915651033,3.4965075614664802,0.27600227613677514,0.7544146745896504,8.174702882469461,2.0644946046636603,False,False,False,False,False,True
6.26522859704693,50.0,0,0,0,0,0,0,0,0.3902922829787633,4.844187086458591,8.33775665141873,0.6931471805599453,1.3405824840929077,0.14308844150498737,8.028781162487148,1.9991152142115904,False,False,False,True,False,False
6.818032823249103,58.333333333333336,0,0,0,0,0,0,0,0.38249375632476623,7.016609683894219,10.342475232675952,0.6931471805599453,3.666887382960012,0.09878662370959311,7.360739903058278,2.0186487050933315,False,False,False,False,True,False
6.861946953195274,82.75920440118495,0,0,0,0,0,0,0,0.8886641126398388,12.511662168211082,10.366166322818216,0.6931471805599453,0.6308623454554859,0.05540008763352436,7.691200097522863,1.9906184714459416,True,False,False,False,False,False
6.5004185244497705,85.22727272727273,0,0,0,0,0,0,0,0.3902922829787633,7.589335823170617,9.91128039696677,0.6931471805599453,0.6308623454554859,0.09133173135437395,8.028781162487148,1.9991152142115904,False,False,False,True,False,False
6.195191110040243,63.63636363636363,0,0,0,0,0,0,0,0.3902922829787633,6.244166900663736,7.8686083776014435,0.6931471805599453,0.4337178625006466,0.11100715140818318,8.028781162487148,1.9991152142115904,False,False,False,True,False,False
6.91289484682624,83.24786324786325,0,0,0,0,0,0,0,0.7555541757959876,12.054458745354886,10.454014349888732,3.295836866004329,0.6308623454554859,0.27341226475841235,8.174702882469461,2.0644946046636603,False,False,False,False,False,True
6.844614966234576,77.94117647058823,0,0,0,0,0,0,0,0.7649875126495325,8.503702601233739,10.253585385671725,1.0986122886681098,0.7097201386374217,0.12919222839574848,7.360739903058278,2.0186487050933315,False,False,False,False,True,False
6.821624494858498,0.0,0,0,0,0,0,0,0,0.35959152870240046,6.9440872082295275,10.144924451566315,2.5933276030091386,0.9068646215922611,0.3734583862852057,8.174702882469461,2.0644946046636603,False,False,False,False,False,True
6.6029994474022455,69.23076923076923,0,0,0,0,0,0,0,4.940161918666073,5.752572638825633,9.912780913172137,5.14166355650266,0.35486006931871084,0.8938024566261388,8.174702882469461,2.0644946046636603,False,False,False,False,False,True
6.851753414184124,71.42857142857143,0,0,0,0,0,0,0,2.294962537948597,9.37982994995476,10.456967803458426,1.9459101490553132,0.6702912420464539,0.2074568685613217,7.360739903058278,2.0186487050933315,False,False,False,False,True,False
5.7918085106382975,80.0,0,0,0,0,0,0,0,0.8886641126398388,5.389071729816501,7.751630876729169,0.6931471805599453,0.6702912420464539,0.12862088599135182,7.691200097522863,1.9906184714459416,True,False,False,False,False,False
6.4918106502153226,71.83544303797468,0,0,0,0,0,0,0,1.1708768489362897,8.791029857045965,9.920010544708559,1.3862943611198906,0.9462935181832289,0.15769419324731138,8.028781162487148,1.9991152142115904,False,False,False,True,False,False
6.831725682510775,58.333333333333336,0,0,0,0,0,0,0,1.1474812689742986,7.252762418053187,10.293546054911756,1.3862943611198906,0.9462935181832289,0.19114018648524886,7.360739903058278,2.0186487050933315,False,False,False,False,True,False
6.195191110040243,72.97297297297297,0,0,0,0,0,0,0,0.7805845659575266,8.128880142125638,7.8686083776014435,1.0986122886681098,0.9068646215922611,0.1351492788010073,8.028781162487148,1.9991152142115904,False,False,False,True,False,False
6.9135864932147895,67.07818930041152,0,0,0,0,0,0,0,1.5611691319150531,8.726967774991493,10.508060953473002,1.6094379124341003,1.3011535875019398,0.18442120492826836,8.028781162487148,1.9991152142115904,False,False,False,True,False,False
7.11436361408709,84.8652384243262,0,0,0,0,0,0,0,0.7805845659575266,11.355218468940192,11.091170077032846,1.0986122886681098,0.7885779318193574,0.09674955102564801,8.028781162487148,1.9991152142115904,False,False,False,True,False,False
5.775788441476067,0.0,0,0,0,0,0,0,0,0.9078461025802542,3.713572066704308,8.653460843742746,0.6931471805599453,0.7097201386374217,0.18665241123894336,6.104793232414985,1.8852953146630171,False,True,False,False,False,False
6.642082746378657,56.25,0,0,0,0,0,0,0,1.1708768489362897,6.371611847231857,10.023193077005615,1.3862943611198906,0.6308623454554859,0.21757357390220897,8.028781162487148,1.9991152142115904,False,False,False,True,False,False
6.684783413525796,80.64516129032258,0,0,0,0,0,0,0,0.8886641126398388,6.368187186350492,10.139272634656646,0.6931471805599453,0.4337178625006466,0.10884528991949702,7.691200097522863,1.9906184714459416,True,False,False,False,False,False
5.879225467208256,72.22222222222221,0,0,0,0,0,0,0,0.9078461025802542,6.78105762593618,8.024343613012375,0.6931471805599453,0.35486006931871084,0.10221815221106467,6.104793232414985,1.8852953146630171,False,True,False,False,False,False
6.904255601987694,76.04562737642586,0,0,0,0,0,0,0,0.3902922829787633,8.479906606630221,10.372982108510897,0.6931471805599453,0.7097201386374217,0.08173995454360208,8.028781162487148,1.9991152142115904,False,False,False,True,False,False
6.195191110040243,73.94366197183099,0,0,0,0,0,0,0,0.7805845659575266,8.538758969330798,7.8686083776014435,1.0986122886681098,1.4982980704567792,0.12866182224068687,8.028781162487148,1.9991152142115904,False,False,False,True,False,False
6.40169871215857,50.0,0,0,0,0,0,0,0,0.8886641126398388,6.1070228877422545,9.324495915651033,0.6931471805599453,3.3908851068232373,0.11350001355835747,7.691200097522863,1.9906184714459416,True,False,False,False,False,False
6.801489530657659,73.88157894736842,0,0,0,0,0,0,0,0.7264943998038342,10.632725553240427,10.290763692860624,3.258096538021482,0.7491490352283896,0.3064215775821041,8.174702882469461,2.0644946046636603,False,False,False,False,False,True
5.879225467208256,69.23076923076923,0,0,0,0,0,0,0,0.38249375632476623,7.163946684342547,8.024343613012375,0.6931471805599453,1.2617246909109718,0.09675493287448399,7.360739903058278,2.0186487050933315,False,False,False,False,True,False
6.66391737475365,61.78343949044586,0,0,0,0,0,0,0,0.38249375632476623,8.239329427901795,9.799753131264394,0.6931471805599453,1.5771558636387148,0.08412664970193579,7.360739903058278,2.0186487050933315,False,False,False,False,True,False
6.799697159680153,0.0,0,0,0,0,0,0,0,0.8272886501197902,6.025865973825314,9.935594233165896,1.9459101490553132,0.7097201386374217,0.3229262246302533,6.415096959171596,1.8969222823803258,False,False,True,False,False,False
6.678912230079322,75.67567567567568,0,0,0,0,0,0,0,0.3777770878979938,7.731053144007127,10.20315377924252,2.6390573296152584,1.0645802079561326,0.3413580634432676,8.174702882469461,2.0644946046636603,False,False,False,False,False,True
6.40169871215857,0.0,0,0,0,0,0,0,0,1.5111083515919752,3.58351893845611,9.324495915651033,3.970291913552122,1.3405824840929077,1.1079310537319627,8.174702882469461,2.0644946046636603,False,False,False,False,False,True
6.829036948424544,50.0,0,0,0,0,0,0,0,0.38249375632476623,4.51085950651685,9.778151955140352,0.6931471805599453,0.7097201386374217,0.15366188628986424,7.360739903058278,2.0186487050933315,False,False,False,False,True,False
6.881906796368094,65.21739130434783,0,0,0,0,0,0,0,0.7555541757959876,7.749753406274437,10.661714538288223,3.295836866004329,0.7491490352283896,0.425282804912982,8.174702882469461,2.0644946046636603,False,False,False,False,False,True
6.661002281290718,83.345507669832,0,0,0,0,0,0,0,0.8886641126398388,9.912100355634351,10.31762812804148,0.6931471805599453,0.9068646215922611,0.06992939495068153,7.691200097522863,1.9906184714459416,True,False,False,False,False,False
6.7547019732313895,74.89795918367346,0,0,0,0,0,0,0,0.34871731190584043,10.545183531504994,9.894931129828896,2.5649493574615367,1.9714448295483937,0.2432342073325177,8.174702882469461,2.0644946046636603,False,False,False,False,False,True
6.794607080130419,0.0,0,0,0,0,0,0,0,0.38249375632476623,3.828641396489095,9.797980786126336,0.6931471805599453,0.47314675909161447,0.1810425967800402,7.360739903058278,2.0186487050933315,False,False,False,False,True,False
6.845303805487532,82.63157894736842,0,0,0,0,0,0,0,1.5611691319150531,8.421562960400987,10.275543892771708,1.6094379124341003,1.3800113806838756,0.1911091705900478,8.028781162487148,1.9991152142115904,False,False,False,True,False,False
6.195191110040243,72.72727272727273,0,0,0,0,0,0,0,0.3902922829787633,7.238496840894365,7.8686083776014435,0.6931471805599453,0.5125756556825823,0.09575844209034734,8.028781162487148,1.9991152142115904,False,False,False,True,False,False
6.615339912235646,0.0,0,0,0,0,0,0,0,1.1708768489362897,4.143134726391533,10.050152764681643,1.3862943611198906,0.5914334488645181,0.3346003576203483,8.028781162487148,1.9991152142115904,False,False,False,True,False,False
6.724256288854555,70.0,0,0,0,0,0,0,0,0.38249375632476623,6.918695219020472,10.091309545296372,0.6931471805599453,2.1291604159122652,0.10018466757350225,7.360739903058278,2.0186487050933315,False,False,False,False,True,False
7.029912167410302,78.94736842105263,0,0,0,0,0,0,0,0.8886641126398388,7.403670290012373,10.683822504440949,0.6931471805599453,1.1040091045471006,0.09362210274206942,7.691200097522863,1.9906184714459416,True,False,False,False,False,False
6.7812232788728535,87.67016291006472,0,0,0,0,0,0,0,0.784613951788141,13.240969185601648,10.198059619772755,3.332204510175204,1.0251513113651647,0.2516586560596088,8.174702882469461,2.0644946046636603,False,False,False,False,False,True
6.8393549963377245,80.18018018018019,0,0,0,0,0,0,0,0.8886641126398388,8.624611588183507,10.354711811512182,0.6931471805599453,0.5914334488645181,0.08036850975522414,7.691200097522863,1.9906184714459416,True,False,False,False,False,False
6.195191110040243,52.38095238095239,0,0,0,0,0,0,0,1.1708768489362897,6.466144724237619,7.8686083776014435,1.3862943611198906,0.31543117272774296,0.21439272089341296,8.028781162487148,1.9991152142115904,False,False,False,True,False,False
6.794607080130419,60.0,0,0,0,0,0,0,0,0.38249375632476623,6.284134161070802,9.797980786126336,0.6931471805599453,1.8137292431845222,0.11030114297270742,7.360739903058278,2.0186487050933315,False,False,False,False,True,False
6.548792989998894,0.0,0,0,0,0,0,0,0,0.3902922829787633,3.784189633918261,9.223228522439266,0.6931471805599453,0.7885779318193574,0.18316925091363362,8.028781162487148,1.9991152142115904,False,False,False,True,False,False
5.8512085383736085,80.58252427184466,0,0,0,0,0,0,0,0.3902922829787633,7.763021309018518,9.732461047626883,0.6931471805599453,0.8674357250012932,0.08928832640903574,8.028781162487148,1.9991152142115904,False,False,False,True,False,False
7.012638345265775,76.81159420289855,0,0,0,0,0,0,0,0.8886641126398388,9.158309963881798,10.45663602377762,0.6931471805599453,1.2617246909109718,0.07568505360634804,7.691200097522863,1.9906184714459416,True,False,False,False,False,False
6.490336269696487,0.0,0,0,0,0,0,0,0,0.14529887996076685,3.7612001156935624,8.81811505604364,1.791759469228055,0.4337178625006466,0.4763797229910634,8.174702882469461,2.0644946046636603,False,False,False,False,False,True
5.459667665453769,100.0,0,0,0,0,0,0,0,0.8886641126398388,5.908082938168931,8.948486118878149,0.6931471805599453,0.8280068284103254,0.11732184328048205,7.691200097522863,1.9906184714459416,True,False,False,False,False,False
6.84051898277667,80.5439330543933,0,0,0,0,0,0,0,0.34871731190584043,10.60861270985548,10.366698222421915,2.5649493574615367,0.31543117272774296,0.2417799035192113,8.174702882469461,2.0644946046636603,False,False,False,False,False,True
6.715661769645538,83.17781924820048,0,0,0,0,0,0,0,1.529975025299065,11.361497741197619,10.142973788660102,1.6094379124341003,0.7491490352283896,0.14165719600490356,7.360739903058278,2.0186487050933315,False,False,False,False,True,False
6.195191110040243,37.5,0,0,0,0,0,0,0,0.3902922829787633,5.942799375126701,7.8686083776014435,0.6931471805599453,0.9462935181832289,0.11663647665123598,8.028781162487148,1.9991152142115904,False,False,False,True,False,False
6.4822500578583115,60.86956521739131,0,0,0,0,0,0,0,0.8886641126398388,6.79346613258001,9.756299763367336,0.6931471805599453,0.5914334488645181,0.10203144713355672,7.691200097522863,1.9906184714459416,True,False,False,False,False,False
6.237741819619238,74.54545454545455,0,0,0,0,0,0,0,1.1708768489362897,7.861341795599989,9.122506680312782,1.3862943611198906,1.0251513113651647,0.17634322449836778,8.028781162487148,1.9991152142115904,False,False,False,True,False,False
5.7918085106382975,66.66666666666666,0,0,0,0,0,0,0,0.38249375632476623,5.5134287461649825,7.751630876729169,0.6931471805599453,0.5125756556825823,0.12571980385927414,7.360739903058278,2.0186487050933315,False,False,False,False,True,False
6.837897530686966,82.6926406926407,0,0,0,0,0,0,0,0.7555541757959876,12.494430739427957,10.462838955669044,3.295836866004329,0.27600227613677514,0.2637844760389,8.174702882469461,2.0644946046636603,False,False,False,False,False,True
6.911413272863529,77.58302583025831,0,0,0,0,0,0,0,0.38249375632476623,10.114882356815789,10.464286053756691,0.6931471805599453,2.6811649681858154,0.06852745846251752,7.360739903058278,2.0186487050933315,False,False,False,False,True,False
6.827850625188941,40.0,0,0,0,0,0,0,0,0.7649875126495325,5.583496308781699,9.960021534452826,1.0986122886681098,1.3405824840929077,0.19676063668927604,7.360739903058278,2.0186487050933315,False,False,False,False,True,False
6.5004185244497705,75.86206896551724,0,0,0,0,0,0,0,0.3902922829787633,9.863706682524283,9.91128039696677,0.6931471805599453,2.878309451140655,0.07027248506770861,8.028781162487148,1.9991152142115904,False,False,False,True,False,False
6.770580228122137,33.33333333333333,0,0,0,0,0,0,0,1.5111083515919752,5.3981627015177525,9.565902027006107,3.970291913552122,0.6702912420464539,0.7354894865313769,8.174702882469461,2.0644946046636603,False,False,False,False,False,True
6.86966494522709,89.70588235294117,0,0,0,0,0,0,0,0.7264943998038342,8.751790892775563,10.47404106125401,3.258096538021482,0.7097201386374217,0.3722776946957198,8.174702882469461,2.0644946046636603,False,False,False,False,False,True
6.726881389735055,83.65983295368261,0,0,0,0,0,0,0,0.8886641126398388,11.872514159810866,9.920300326844044,0.6931471805599453,0.9462935181832289,0.05838251032845999,7.691200097522863,1.9906184714459416,True,False,False,False,False,False
6.883127654709747,66.66666666666666,0,0,0,0,0,0,0,0.8886641126398388,6.981934677156389,10.183411710770256,0.6931471805599453,1.1828668977290362,0.0992772365556206,7.691200097522863,1.9906184714459416,True,False,False,False,False,False
6.7842301997157435,50.0,0,0,0,0,0,0,0,0.3902922829787633,5.855071922202427,10.055566237327685,0.6931471805599453,2.0503026227303294,0.1183840591148901,8.028781162487148,1.9991152142115904,False,False,False,True,False,False
6.726881389735055,25.0,0,0,0,0,0,0,0,0.3902922829787633,5.214935757608986,9.920300326844044,0.6931471805599453,0.19714448295483936,0.13291576594181262,8.028781162487148,1.9991152142115904,False,False,False,True,False,False
6.889678266422713,73.02631578947368,0,0,0,0,0,0,0,0.38249375632476623,8.148156439921625,10.37484668725167,0.6931471805599453,1.1434380011380683,0.08506797650127254,7.360739903058278,2.0186487050933315,False,False,False,False,True,False
6.814882238275165,80.1452784503632,0,0,0,0,0,0,0,0.34871731190584043,9.342420712333391,10.506362816413247,2.5649493574615367,0.31543117272774296,0.2745486888719773,8.174702882469461,2.0644946046636603,False,False,False,False,False,True
6.8945007866907115,70.37037037037037,0,0,0,0,0,0,0,0.3902922829787633,6.794586580876499,10.69767748536516,0.6931471805599453,1.4588691738658113,0.10201462183303721,8.028781162487148,1.9991152142115904,False,False,False,True,False,False
6.5004185244497705,0.0,0,0,0,0,0,0,0,0.35959152870240046,4.406719247264253,9.91128039696677,2.5933276030091386,0.35486006931871084,0.5884939469695304,8.174702882469461,2.0644946046636603,False,False,False,False,False,True
6.662948251583755,50.0,0,0,0,0,0,0,0,1.7726463355213555,5.908082938168931,10.093243666143405,4.127134385045092,0.35486006931871084,0.6985572863884335,8.174702882469461,2.0644946046636603,False,False,False,False,False,True
5.775788441476067,50.0,0,0,0,0,0,0,0,0.9078461025802542,4.672828834461906,8.653460843742746,0.6931471805599453,0.47314675909161447,0.14833566670536175,6.104793232414985,1.8852953146630171,False,True,False,False,False,False
6.468372592093842,80.0,0,0,0,0,0,0,0,0.8886641126398388,6.366470447731438,9.533994132566862,0.6931471805599453,0.4337178625006466,0.10887464039151146,7.691200097522863,1.9906184714459416,True,False,False,False,False,False
6.638243832197137,0.0,0,0,0,0,0,0,0,0.8717932797646011,8.041412909393047,10.118310337677755,3.4339872044851463,0.7885779318193574,0.42703779089293625,8.174702882469461,2.0644946046636603,False,False,False,False,False,True
6.751797143671785,0.0,0,0,0,0,0,0,0,0.3902922829787633,4.820281565605037,10.176166295747496,0.6931471805599453,1.6954425534116186,0.14379806887337754,8.028781162487148,1.9991152142115904,False,False,False,True,False,False
6.760177441321682,86.79245283018868,0,0,0,0,0,0,0,1.2495703676625949,7.571473648851271,9.866543458155952,3.784189633918261,0.8280068284103254,0.4997956553005228,8.174702882469461,2.0644946046636603,False,False,False,False,False,True
6.8569287506609085,77.05314009661835,0,0,0,0,0,0,0,0.784613951788141,11.399129470491301,10.407710774519117,3.332204510175204,0.35486006931871084,0.2923209635263127,8.174702882469461,2.0644946046636603,False,False,False,False,False,True
6.548792989998894,0.0,0,0,0,0,0,0,0,0.3902922829787633,3.6635616461296463,9.223228522439266,0.6931471805599453,0.5125756556825823,0.18920035951687003,8.028781162487148,1.9991152142115904,False,False,False,True,False,False
6.797217703082447,80.76208178438662,0,0,0,0,0,0,0,0.8886641126398388,10.365585010210767,10.300351210911103,0.6931471805599453,1.85315813977549,0.06687004929072028,7.691200097522863,1.9906184714459416,True,False,False,False,False,False
5.459667665453769,0.0,0,0,0,0,0,0,0,0.9078461025802542,3.970291913552122,8.948486118878149,0.6931471805599453,0.5914334488645181,0.1745834300480449,6.104793232414985,1.8852953146630171,False,True,False,False,False,False
6.819034008181329,85.71428571428571,0,0,0,0,0,0,0,3.458113343066251,6.418364935936212,10.592104029311555,4.787491742782046,0.3942889659096787,0.745905194012425,8.174702882469461,2.0644946046636603,False,False,False,False,False,True
6.928082740748006,66.66666666666666,0,0,0,0,0,0,0,0.7649875126495325,8.32579052588609,10.516390885915971,1.0986122886681098,1.0251513113651647,0.1319529100873202,7.360739903058278,2.0186487050933315,False,False,False,False,True,False
6.800051724087001,83.40807174887892,0,0,0,0,0,0,0,2.3417536978725795,8.889446165318288,9.94201618974122,1.9459101490553132,1.0251513113651647,0.21890116806682292,8.028781162487148,1.9991152142115904,False,False,False,True,False,False
6.875830169031045,80.70500927643785,0,0,0,0,0,0,0,0.34871731190584043,10.20329580478575,10.481500915598474,2.5649493574615367,0.5520045522735503,0.2513843964279144,8.174702882469461,2.0644946046636603,False,False,False,False,False,True
6.823744471442896,76.38888888888889,0,0,0,0,0,0,0,0.38249375632476623,7.424165281042028,10.129453998296022,0.6931471805599453,0.6702912420464539,0.09336365157843815,7.360739903058278,2.0186487050933315,False,False,False,False,True,False
6.195191110040243,80.0,0,0,0,0,0,0,0,0.7805845659575266,7.86403565907245,7.8686083776014435,1.0986122886681098,1.4194402772748433,0.13970082744992146,8.028781162487148,1.9991152142115904,False,False,False,True,False,False
6.732939657023157,66.66666666666666,0,0,0,0,0,0,0,1.4529887996076685,6.687108607866515,10.236922466018864,3.9318256327243257,0.9068646215922611,0.5879709547559978,8.174702882469461,2.0644946046636603,False,False,False,False,False,True
6.576885158507406,75.0,0,0,0,0,0,0,0,0.8886641126398388,5.926926025970411,10.379437854301274,0.6931471805599453,0.9462935181832289,0.11694884962672651,7.691200097522863,1.9906184714459416,True,False,False,False,False,False
6.295993024103089,0.0,0,0,0,0,0,0,0,0.3902922829787633,3.58351893845611,7.827680491919387,0.6931471805599453,1.4588691738658113,0.1934264036172708,8.028781162487148,1.9991152142115904,False,False,False,True,False,False
6.863669571633784,70.2127659574468,0,0,0,0,0,0,0,1.5611691319150531,8.119993827725105,10.232187668186958,1.6094379124341003,1.3800113806838756,0.19820679012572598,8.028781162487148,1.9991152142115904,False,False,False,True,False,False
6.359366963355418,74.03846153846155,0,0,0,0,0,0,0,0.3902922829787633,8.363342466597977,9.387122915483614,0.6931471805599453,0.4337178625006466,0.08287920569177674,8.028781162487148,1.9991152142115904,False,False,False,True,False,False
6.427690326839088,74.40476190476191,0,0,0,0,0,0,0,0.7805845659575266,8.886685639065584,9.783002990437407,1.0986122886681098,0.27600227613677514,0.12362452474279562,8.028781162487148,1.9991152142115904,False,False,False,True,False,False
6.5004185244497705,75.0,0,0,0,0,0,0,0,0.13788144168663172,5.8664680569332965,9.91128039696677,0.6931471805599453,0.7491490352283896,0.11815408757587079,6.415096959171596,1.8969222823803258,False,False,True,False,False,False
6.671140218499566,0.0,0,0,0,0,0,0,0,0.8886641126398388,4.07753744390572,9.763111410243045,0.6931471805599453,1.6560136568206507,0.169991616286914,7.691200097522863,1.9906184714459416,True,False,False,False,False,False
6.40169871215857,83.33333333333334,0,0,0,0,0,0,0,1.7145267835370488,5.777652323222656,9.324495915651033,4.0943445622221,0.8674357250012932,0.7086519460102021,8.174702882469461,2.0644946046636603,False,False,False,False,False,True
5.558589488847307,0.0,0,0,0,0,0,0,0,0.3777770878979938,4.564348191467836,5.858417164315927,2.6390573296152584,0.6308623454554859,0.5781893096036066,8.174702882469461,2.0644946046636603,False,False,False,False,False,True
6.7812232788728535,0.0,0,0,0,0,0,0,0,0.7264943998038342,5.1298987149230735,10.198059619772755,3.258096538021482,0.7885779318193574,0.6351190772136599,8.174702882469461,2.0644946046636603,False,False,False,False,False,True
6.8355523885194005,83.54149730249057,0,0,0,0,0,0,0,0.34871731190584043,12.895866710676762,10.692848090619558,2.5649493574615367,0.5914334488645181,0.19889701212078756,8.174702882469461,2.0644946046636603,False,False,False,False,False,True
6.735693518255812,72.36842105263158,0,0,0,0,0,0,0,3.442443806922896,7.448333860897476,9.844345336143084,2.302585092994046,1.3800113806838756,0.3091409617232973,7.360739903058278,2.0186487050933315,False,False,False,False,True,False
6.779782172998328,63.63636363636363,0,0,0,0,0,0,0,0.38249375632476623,7.700747794511798,10.42324578946821,0.6931471805599453,1.5377269670477471,0.09001037289572583,7.360739903058278,2.0186487050933315,False,False,False,False,True,False
6.954266818523805,75.0,0,0,0,0,0,0,0,0.8886641126398388,9.662625450728237,10.469219654627187,0.6931471805599453,1.1828668977290362,0.07173486999930286,7.691200097522863,1.9906184714459416,True,False,False,False,False,False
6.555621413678604,0.0,0,0,0,0,0,0,0,0.8886641126398388,4.30406509320417,9.490725716753616,0.6931471805599453,1.2617246909109718,0.16104477175644444,7.691200097522863,1.9906184714459416,True,False,False,False,False,False
6.468372592093842,75.0,0,0,0,0,0,0,0,0.3902922829787633,6.013715156042802,9.533994132566862,0.6931471805599453,0.23657337954580723,0.11526105952381957,8.028781162487148,1.9991152142115904,False,False,False,True,False,False
6.640698109965129,0.0,0,0,0,0,0,0,0,0.8886641126398388,4.709530201312334,10.314177554377048,0.6931471805599453,1.9320159329574258,0.14717968691798525,7.691200097522863,1.9906184714459416,True,False,False,False,False,False
6.80155447398906,74.25742574257426,0,0,0,0,0,0,0,0.23247820793722695,8.622633703874234,10.405250015361391,2.1972245773362196,0.9068646215922611,0.2548205864698839,8.174702882469461,2.0644946046636603,False,False,False,False,False,True
6.9095318647504085,82.33900495369373,0,0,0,0,0,0,0,0.34871731190584043,12.104521531546295,10.669339850621183,2.5649493574615367,0.31543117272774296,0.21190010284808644,8.174702882469461,2.0644946046636603,False,False,False,False,False,True
6.930912076909611,80.0,0,0,0,0,0,0,0,0.14529887996076685,6.807934943699926,10.42334144543303,1.791759469228055,1.0645802079561326,0.26318692585130415,8.174702882469461,2.0644946046636603,False,False,False,False,False,True
6.844292569352955,81.44329896907216,0,0,0,0,0,0,0,0.3902922829787633,7.9672801789422,10.3637972849069,0.6931471805599453,0.6308623454554859,0.08699922244380931,8.028781162487148,1.9991152142115904,False,False,False,True,False,False
6.195191110040243,66.66666666666666,0,0,0,0,0,0,0,0.3902922829787633,5.66988092298052,7.8686083776014435,0.6931471805599453,0.19714448295483936,0.12225074740997816,8.028781162487148,1.9991152142115904,False,False,False,True,False,False
6.924618381955827,50.0,0,0,0,0,0,0,0,1.5111083515919752,6.20455776256869,10.253683060486582,3.970291913552122,1.0645802079561326,0.6398992588165412,8.174702882469461,2.0644946046636603,False,False,False,False,False,True
5.459667665453769,77.47252747252747,0,0,0,0,0,0,0,0.9078461025802542,8.09559870137819,8.948486118878149,0.6931471805599453,0.4337178625006466,0.085620249487162,6.104793232414985,1.8852953146630171,False,True,False,False,False,False
6.850577283767982,67.14285714285714,0,0,0,0,0,0,0,0.38249375632476623,7.133295954896068,10.419271225695969,0.6931471805599453,0.8280068284103254,0.0971706746702681,7.360739903058278,2.0186487050933315,False,False,False,False,True,False
6.949003066864462,83.94736842105263,0,0,0,0,0,0,0,0.8886641126398388,9.50397966490209,10.492000218574065,0.6931471805599453,1.3800113806838756,0.07293230888526803,7.691200097522863,1.9906184714459416,True,False,False,False,False,False
6.729085071763116,69.23076923076923,0,0,0,0,0,0,0,0.3902922829787633,7.871692664323645,10.374436011184866,0.6931471805599453,0.5125756556825823,0.08805567113937904,8.028781162487148,1.9991152142115904,False,False,False,True,False,False
6.904400748459212,66.66666666666666,0,0,0,0,0,0,0,0.8886641126398388,9.479985756941812,10.321174430583802,0.6931471805599453,1.4194402772748433,0.07311690105150016,7.691200097522863,1.9906184714459416,True,False,False,False,False,False
6.659973141932871,78.59778597785979,0,0,0,0,0,0,0,0.7805845659575266,9.981235321158053,10.167927451361852,1.0986122886681098,0.9857224147741969,0.11006776749760525,8.028781162487148,1.9991152142115904,False,False,False,True,False,False
6.745065955079785,80.43548911277219,0,0,0,0,0,0,0,0.3777770878979938,11.100994498178453,10.580912888319693,2.6390573296152584,1.3800113806838756,0.2377316131494613,8.174702882469461,2.0644946046636603,False,False,False,False,False,True
5.558589488847307,63.1578947368421,0,0,0,0,0,0,0,0.34871731190584043,6.1903154058531475,5.858417164315927,2.5649493574615367,0.7885779318193574,0.4143487349669279,8.174702882469461,2.0644946046636603,False,False,False,False,False,True
6.40169871215857,0.0,0,0,0,0,0,0,0,3.0222167031839504,3.6109179126442243,9.324495915651033,4.653960350157523,1.3800113806838756,1.2888579753809728,8.174702882469461,2.0644946046636603,False,False,False,False,False,True
6.5264888547538815,50.0,0,0,0,0,0,0,0,0.8886641126398388,4.770684624465665,9.75745455496221,0.6931471805599453,1.8137292431845222,0.14529302083924284,7.691200097522863,1.9906184714459416,True,False,False,False,False,False
6.9628532979221385,83.04453249748654,0,0,0,0,0,0,0,0.34871731190584043,13.334335965196335,10.763749346307385,2.5649493574615367,0.4337178625006466,0.1923567370850904,8.174702882469461,2.0644946046636603,False,False,False,False,False,True
6.835256479493799,81.85465893892109,0,0,0,0,0,0,0,0.7555541757959876,11.108739538360444,10.510915359446848,3.295836866004329,0.35486006931871084,0.2966886436236281,8.174702882469461,2.0644946046636603,False,False,False,False,False,True
6.469338862241644,78.89530090684254,0,0,0,0,0,0,0,0.3902922829787633,10.630287087057917,9.794222313613584,0.6931471805599453,1.2617246909109718,0.06520493518974035,8.028781162487148,1.9991152142115904,False,False,False,True,False,False
6.715661769645538,72.91666666666666,0,0,0,0,0,0,0,0.38249375632476623,9.54180006677385,10.142973788660102,0.6931471805599453,1.7348714500025864,0.07264323038727254,7.360739903058278,2.0186487050933315,False,False,False,False,True,False
6.661598144800827,0.0,0,0,0,0,0,0,0,0.7555541757959876,4.553876891600541,10.073851518272223,3.295836866004329,0.5520045522735503,0.7237430752867693,8.174702882469461,2.0644946046636603,False,False,False,False,False,True
6.943405028369551,79.4338051623647,0,0,0,0,0,0,0,0.34871731190584043,11.507520886511369,10.625214876288098,2.5649493574615367,0.47314675909161447,0.22289330454034303,8.174702882469461,2.0644946046636603,False,False,False,False,False,True
6.883657514125043,86.86140161077053,0,0,0,0,0,0,0,0.6974346238116809,13.031891474240252,10.476055785777293,3.2188758248682006,0.7885779318193574,0.24699989492936275,8.174702882469461,2.0644946046636603,False,False,False,False,False,True
6.780595148016227,77.51371115173674,0,0,0,0,0,0,0,0.34871731190584043,9.534450801041515,10.075392106597004,2.5649493574615367,0.8674357250012932,0.2690190983188407,8.174702882469461,2.0644946046636603,False,False,False,False,False,True
6.777925656471416,0.0,0,0,0,0,0,0,0,0.35959152870240046,9.393744675721376,10.358720806111029,2.5933276030091386,0.47314675909161447,0.27606962851691397,8.174702882469461,2.0644946046636603,False,False,False,False,False,True
6.814807283566524,68.75,0,0,0,0,0,0,0,0.7555541757959876,6.403574197934815,10.13341066810467,3.295836866004329,0.6702912420464539,0.5146870738324939,8.174702882469461,2.0644946046636603,False,False,False,False,False,True
6.393797237117623,72.72727272727273,0,0,0,0,0,0,0,0.13788144168663172,6.07993319509559,9.585589680262684,0.6931471805599453,0.6702912420464539,0.11400572314167466,6.415096959171596,1.8969222823803258,False,False,True,False,False,False
6.200225700698335,0.0,0,0,0,0,0,0,0,0.3902922829787633,4.290459441148391,8.919650812943356,0.6931471805599453,1.5377269670477471,0.16155546744299637,8.028781162487148,1.9991152142115904,False,False,False,True,False,False
6.510263751421897,65.83333333333333,0,0,0,0,0,0,0,0.38249375632476623,8.518392471991719,9.93043086016947,0.6931471805599453,0.7885779318193574,0.08137065565351649,7.360739903058278,2.0186487050933315,False,False,False,False,True,False
6.7728198451635695,87.5,0,0,0,0,0,0,0,2.3417536978725795,6.135564891081739,9.293585506586053,1.9459101490553132,0.5125756556825823,0.31715256599824454,8.028781162487148,1.9991152142115904,False,False,False,True,False,False
6.962432214140248,70.83333333333334,0,0,0,0,0,0,0,0.34871731190584043,8.449128460502108,10.419449474125306,2.5649493574615367,0.5520045522735503,0.30357561368040903,8.174702882469461,2.0644946046636603,False,False,False,False,False,True
7.1169859007287695,77.09881640517479,0,0,0,0,0,0,0,0.7649875126495325,11.393015168297671,10.996482929890005,1.0986122886681098,0.7097201386374217,0.09642858123502902,7.360739903058278,2.0186487050933315,False,False,False,False,True,False
6.825823322578457,0.0,0,0,0,0,0,0,0,0.35959152870240046,8.681011276645632,10.60101140494032,2.5933276030091386,1.2222957943200041,0.2987356565226359,8.174702882469461,2.0644946046636603,False,False,False,False,False,True
6.842795049054185,70.83333333333334,0,0,0,0,0,0,0,0.3777770878979938,7.605890001053122,10.493625889776915,2.6390573296152584,0.7885779318193574,0.3469754794310529,8.174702882469461,2.0644946046636603,False,False,False,False,False,True
6.910618758441679,76.19047619047619,0,0,0,0,0,0,0,0.7555541757959876,7.37650812632622,10.117731162979387,3.295836866004329,1.5377269670477471,0.4468017671182016,8.174702882469461,2.0644946046636603,False,False,False,False,False,True
6.833987678136327,80.0,0,0,0,0,0,0,0,0.3902922829787633,6.280395838960195,10.4337241801268,0.6931471805599453,0.7885779318193574,0.11036679826135055,8.028781162487148,1.9991152142115904,False,False,False,True,False,False
6.195191110040243,64.02439024390245,0,0,0,0,0,0,0,1.1708768489362897,8.557951183888406,7.8686083776014435,1.3862943611198906,0.6702912420464539,0.16198904753392288,8.028781162487148,1.9991152142115904,False,False,False,True,False,False
6.883142933259378,81.13207547169812,0,0,0,0,0,0,0,0.8886641126398388,10.726982939755574,10.605660287233766,0.6931471805599453,1.4982980704567792,0.06461716071077665,7.691200097522863,1.9906184714459416,True,False,False,False,False,False
6.779782172998328,84.12698412698413,0,0,0,0,0,0,0,0.8886641126398388,9.649175779559453,10.42324578946821,0.6931471805599453,1.1434380011380683,0.07183485889315946,7.691200097522863,1.9906184714459416,True,False,False,False,False,False
6.429001687383052,69.02654867256636,0,0,0,0,0,0,0,0.7649875126495325,9.260462981379394,10.06323526293831,1.0986122886681098,1.6954425534116186,0.11863470442861873,7.360739903058278,2.0186487050933315,False,False,False,False,True,False
6.585825710219119,0.0,0,0,0,0,0,0,0,4.533325054775926,5.220355825078324,10.061617056901932,5.056245805348308,0.8280068284103254,0.9685634417980398,8.174702882469461,2.0644946046636603,False,False,False,False,False,True
6.446069719328857,50.0,0,0,0,0,0,0,0,0.9078461025802542,5.236441962829949,10.123306184711458,0.6931471805599453,1.3800113806838756,0.13236987738623676,6.104793232414985,1.8852953146630171,False,True,False,False,False,False
6.195191110040243,77.77777777777779,0,0,0,0,0,0,0,0.3902922829787633,6.361302477572996,7.8686083776014435,0.6931471805599453,0.7097201386374217,0.10896309097133189,8.028781162487148,1.9991152142115904,False,False,False,True,False,False
6.924598873655787,85.58378751823138,0,0,0,0,0,0,0,0.6393150718273741,13.1404193822039,10.517511956830722,3.1354942159291497,0.4337178625006466,0.23861447072043657,8.174702882469461,2.0644946046636603,False,False,False,False,False,True
6.797001653365785,75.74349442379183,0,0,0,0,0,0,0,0.3902922829787633,9.943909467035043,10.517961006442542,0.6931471805599453,0.9068646215922611,0.06970570104824372,8.028781162487148,1.9991152142115904,False,False,False,True,False,False
6.67396559045013,75.67567567567568,0,0,0,0,0,0,0,1.1708768489362897,7.8838232148921525,9.805897504556699,1.3862943611198906,1.3800113806838756,0.1758403661945703,8.028781162487148,1.9991152142115904,False,False,False,True,False,False
6.560476872196712,60.0,0,0,0,0,0,0,0,0.3902922829787633,8.075271546297458,10.155880595870181,0.6931471805599453,1.85315813977549,0.08583577364376754,8.028781162487148,1.9991152142115904,False,False,False,True,False,False
6.867802716726857,79.05405405405406,0,0,0,0,0,0,0,0.3777770878979938,8.822911626354117,10.247413858283657,2.6390573296152584,2.089731519321297,0.299114106700601,8.174702882469461,2.0644946046636603,False,False,False,False,False,True
6.77960349153899,100.0,0,0,0,0,0,0,0,0.3777770878979938,5.176149732573829,10.364469387895442,2.6390573296152584,0.27600227613677514,0.5098494954671632,8.174702882469461,2.0644946046636603,False,False,False,False,False,True
6.757462790560788,76.97516930022573,0,0,0,0,0,0,0,0.7649875126495325,8.865452825753623,10.418150476159273,1.0986122886681098,1.8925870363664579,0.12392060622969028,7.360739903058278,2.0186487050933315,False,False,False,False,True,False
6.195191110040243,44.44444444444444,0,0,0,0,0,0,0,0.7805845659575266,5.955837369464831,7.8686083776014435,1.0986122886681098,0.4337178625006466,0.18445975276299845,8.028781162487148,1.9991152142115904,False,False,False,True,False,False
6.831725682510775,75.33840947546531,0,0,0,0,0,0,0,0.38249375632476623,10.841011260818293,10.293546054911756,0.6931471805599453,0.27600227613677514,0.06393750212815716,7.360739903058278,2.0186487050933315,False,False,False,False,True,False
6.902964592548838,83.26474622770918,0,0,0,0,0,0,0,3.1675155831447173,10.603411717375097,10.332452543899176,4.700480365792417,0.5125756556825823,0.4432988637128987,8.174702882469461,2.0644946046636603,False,False,False,False,False,True
6.7771287869600085,100.0,0,0,0,0,0,0,0,0.8886641126398388,4.189654742026425,10.203130528171146,0.6931471805599453,0.9068646215922611,0.16544255391905832,7.691200097522863,1.9906184714459416,True,False,False,False,False,False
6.289007148338809,60.0,0,0,0,0,0,0,0,0.7555541757959876,6.09807428216624,7.921587131345857,3.295836866004329,2.3657337954580724,0.5404717478832576,8.174702882469461,2.0644946046636603,False,False,False,False,False,True
6.904895489189585,84.00954653937947,0,0,0,0,0,0,0,1.1333312636939814,10.349294539927671,10.347041164149122,3.6888794541139363,0.7097201386374217,0.35643776876599714,8.174702882469461,2.0644946046636603,False,False,False,False,False,True
6.195191110040243,65.38461538461539,0,0,0,0,0,0,0,0.7805845659575266,7.5745584842024805,7.8686083776014435,1.0986122886681098,0.35486006931871084,0.14503977901278056,8.028781162487148,1.9991152142115904,False,False,False,True,False,False
6.7628425086075366,81.14630467571644,0,0,0,0,0,0,0,0.34871731190584043,11.440365524765756,10.521878663487389,2.5649493574615367,0.3942889659096787,0.22420169634519213,8.174702882469461,2.0644946046636603,False,False,False,False,False,True
6.318786144793481,72.22222222222221,0,0,0,0,0,0,0,0.3902922829787633,6.4692503167957724,9.788980527569898,0.6931471805599453,0.7491490352283896,0.10714490035427504,8.028781162487148,1.9991152142115904,False,False,False,True,False,False
6.676269584446959,0.0,0,0,0,0,0,0,0,0.3777770878979938,4.02535169073515,9.782585710646908,2.6390573296152584,0.9068646215922611,0.6556091324118036,8.174702882469461,2.0644946046636603,False,False,False,False,False,True
6.664379343008459,80.0,0,0,0,0,0,0,0,0.7649875126495325,6.349138991379798,10.16199010137861,1.0986122886681098,1.4588691738658113,0.17303327115057515,7.360739903058278,2.0186487050933315,False,False,False,False,True,False
6.834875636379364,74.07407407407408,0,0,0,0,0,0,0,0.3902922829787633,8.355614995760183,10.521111390123515,0.6931471805599453,0.7885779318193574,0.08295585434604909,8.028781162487148,1.9991152142115904,False,False,False,True,False,False
6.913760739929198,80.5949966193374,0,0,0,0,0,0,0,1.3788144168663172,10.686475437095863,10.438115373018269,2.3978952727983707,0.31543117272774296,0.22438598085151434,6.415096959171596,1.8969222823803258,False,False,True,False,False,False
6.9991527367920785,75.32327586206897,0,0,0,0,0,0,0,0.8886641126398388,9.844162086451313,10.282811046385305,0.6931471805599453,2.168589312503233,0.07041200403576608,7.691200097522863,1.9906184714459416,True,False,False,False,False,False
6.035384615384615,50.0,0,0,0,0,0,0,0,3.5126305468088694,6.335054251498059,8.859680269588564,2.302585092994046,0.6702912420464539,0.36346730455379295,8.028781162487148,1.9991152142115904,False,False,False,True,False,False
7.014303909956854,76.78571428571429,0,0,0,0,0,0,0,0.7805845659575266,9.024733424190698,10.122526445179886,1.0986122886681098,1.6165847602296828,0.12173348918243854,8.028781162487148,1.9991152142115904,False,False,False,True,False,False
6.9455989055394145,70.0,0,0,0,0,0,0,0,1.5611691319150531,7.52294091807237,10.715074706014951,1.6094379124341003,1.7743003465935543,0.2139373324822671,8.028781162487148,1.9991152142115904,False,False,False,True,False,False
7.089722456575947,80.0,0,0,0,0,0,0,0,0.7805845659575266,8.073714641109857,10.26468929442882,1.0986122886681098,1.9320159329574258,0.1360727171448666,8.028781162487148,1.9991152142115904,False,False,False,True,False,False
6.40169871215857,0.0,0,0,0,0,0,0,0,1.888885439489969,5.484796933490655,9.324495915651033,4.189654742026425,0.3942889659096787,0.7638668838301056,8.174702882469461,2.0644946046636603,False,False,False,False,False,True
6.40169871215857,100.0,0,0,0,0,0,0,0,0.38249375632476623,5.365976015021851,9.324495915651033,0.6931471805599453,0.7885779318193574,0.12917448356450073,7.360739903058278,2.0186487050933315,False,False,False,False,True,False
6.045175999634896,60.0,0,0,0,0,0,0,0,1.3658094716312084,5.697093486505405,7.952065901555757,3.871201010907891,0.8280068284103254,0.6795045614184725,8.174702882469461,2.0644946046636603,False,False,False,False,False,True
6.195191110040243,61.36363636363637,0,0,0,0,0,0,0,0.7805845659575266,7.509883061154913,7.8686083776014435,1.0986122886681098,0.9462935181832289,0.14628886757913895,8.028781162487148,1.9991152142115904,False,False,False,True,False,False
6.806194056192318,79.47019867549669,0,0,0,0,0,0,0,1.1333312636939814,8.99230873254815,9.881294333397236,3.6888794541139363,0.31543117272774296,0.41022606805767653,8.174702882469461,2.0644946046636603,False,False,False,False,False,True
6.772053738969407,79.51219512195122,0,0,0,0,0,0,0,0.7555541757959876,9.585414998760278,10.197364909715349,3.295836866004329,1.6165847602296828,0.3438387243985361,8.174702882469461,2.0644946046636603,False,False,False,False,False,True
6.923646682390587,80.74866310160428,0,0,0,0,0,0,0,0.34871731190584043,8.835210463664092,10.328025861579933,2.5649493574615367,1.1040091045471006,0.2903099329676652,8.174702882469461,2.0644946046636603,False,False,False,False,False,True
6.779782172998328,66.66666666666666,0,0,0,0,0,0,0,0.3902922829787633,6.452048954437226,10.42324578946821,0.6931471805599453,1.3011535875019398,0.10743055197732988,8.028781162487148,1.9991152142115904,False,False,False,True,False,False
6.604842707205482,78.51662404092072,0,0,0,0,0,0,0,0.3777770878979938,9.878323578872578,9.94521695986674,2.6390573296152584,0.9462935181832289,0.2671563963808175,8.174702882469461,2.0644946046636603,False,False,False,False,False,True
6.678387797709568,78.68217054263566,0,0,0,0,0,0,0,0.3902922829787633,8.595079730073309,10.056297555535906,0.6931471805599453,1.1434380011380683,0.08064464813917827,8.028781162487148,1.9991152142115904,False,False,False,True,False,False
6.767541224610549,81.5028901734104,0,0,0,0,0,0,0,0.7805845659575266,8.692825760059396,10.355922751208103,1.0986122886681098,1.5377269670477471,0.12638149193279163,8.028781162487148,1.9991152142115904,False,False,False,True,False,False
6.8703620642673275,73.31136738056013,0,0,0,0,0,0,0,0.3902922829787633,9.589187682180055,10.696649194221154,0.6931471805599453,1.3405824840929077,0.07228424383100213,8.028781162487148,1.9991152142115904,False,False,False,True,False,False
6.779782172998328,53.84615384615385,0,0,0,0,0,0,0,0.8886641126398388,6.163314804034641,10.42324578946821,0.6931471805599453,1.4194402772748433,0.1124633744338673,7.691200097522863,1.9906184714459416,True,False,False,False,False,False
6.855272721443989,82.27848101265823,0,0,0,0,0,0,0,1.5611691319150531,9.611194867526663,10.264263096441724,1.6094379124341003,0.47314675909161447,0.16745450847863952,8.028781162487148,1.9991152142115904,False,False,False,True,False,False
5.879225467208256,100.0,0,0,0,0,0,0,0,0.9078461025802542,4.382026634673881,8.024343613012375,0.6931471805599453,0.23657337954580723,0.1581795909397823,6.104793232414985,1.8852953146630171,False,True,False,False,False,False
6.836389593533809,81.09613130128956,0,0,0,0,0,0,0,0.34871731190584043,11.352510203563257,10.700608520237367,2.5649493574615367,0.9462935181832289,0.22593675860837067,8.174702882469461,2.0644946046636603,False,False,False,False,False,True
6.635758036799406,64.86486486486487,0,0,0,0,0,0,0,1.1708768489362897,6.784457062637643,9.887414115563827,1.3862943611198906,1.3405824840929077,0.20433386906585133,8.028781162487148,1.9991152142115904,False,False,False,True,False,False
5.710152858857673,75.86206896551724,0,0,0,0,0,0,0,0.8886641126398388,6.953684210870537,9.900645724473474,0.6931471805599453,0.7491490352283896,0.09968056637895117,7.691200097522863,1.9906184714459416,True,False,False,False,False,False
6.815491275933833,61.53846153846154,0,0,0,0,0,0,0,1.336749695639055,6.9975959829819265,10.293153977947183,3.8501476017100584,0.5125756556825823,0.5502100451460149,8.174702882469461,2.0644946046636603,False,False,False,False,False,True
6.5004185244497705,0.0,0,0,0,0,0,0,0,1.3658094716312084,4.48863636973214,9.91128039696677,3.871201010907891,1.1434380011380683,0.862444781005708,8.174702882469461,2.0644946046636603,False,False,False,False,False,True
6.904255601987694,69.31407942238266,0,0,0,0,0,0,0,0.7805845659575266,10.051605787988585,10.372982108510897,1.0986122886681098,0.7885779318193574,0.10929719209451327,8.028781162487148,1.9991152142115904,False,False,False,True,False,False
6.852165520065444,83.1686541737649,0,0,0,0,0,0,0,0.7555541757959876,11.418999326938065,10.332975724480017,3.295836866004329,0.5125756556825823,0.288627468278176,8.174702882469461,2.0644946046636603,False,False,False,False,False,True
6.821946310481903,66.66666666666666,0,0,0,0,0,0,0,0.8886641126398388,5.945420608606575,10.085802519161646,0.6931471805599453,1.6954425534116186,0.11658505363885395,7.691200097522863,1.9906184714459416,True,False,False,False,False,False
6.624551706647431,0.0,0,0,0,0,0,0,0,0.3902922829787633,3.6109179126442243,9.714919592288245,0.6931471805599453,1.6560136568206507,0.19195872000656014,8.028781162487148,1.9991152142115904,False,False,False,True,False,False
5.710152858857673,40.0,0,0,0,0,0,0,0,0.8886641126398388,5.680172609017068,9.900645724473474,0.6931471805599453,0.5520045522735503,0.1220292459879827,7.691200097522863,1.9906184714459416,True,False,False,False,False,False
6.195191110040243,71.42857142857143,0,0,0,0,0,0,0,0.13788144168663172,6.669498089857879,7.8686083776014435,0.6931471805599453,0.5520045522735503,0.10392793748812898,6.415096959171596,1.8969222823803258,False,False,True,False,False,False
6.289007148338809,0.0,0,0,0,0,0,0,0,1.336749695639055,4.812184355372417,7.921587131345857,3.8501476017100584,0.6702912420464539,0.8000831467339106,8.174702882469461,2.0644946046636603,False,False,False,False,False,True
6.94163095913589,50.0,0,0,0,0,0,0,0,0.7805845659575266,5.7430031878094825,10.60757065678936,1.0986122886681098,1.1434380011380683,0.191295782492356,8.028781162487148,1.9991152142115904,False,False,False,True,False,False
6.765433613114083,69.6969696969697,0,0,0,0,0,0,0,0.7264943998038342,8.108623268354595,10.41972149550408,3.258096538021482,0.7885779318193574,0.4018063770130754,8.174702882469461,2.0644946046636603,False,False,False,False,False,True
6.751797143671785,33.33333333333333,0,0,0,0,0,0,0,0.3777770878979938,4.543294782270004,10.176166295747496,2.6390573296152584,0.9462935181832289,0.5808686110164052,8.174702882469461,2.0644946046636603,False,False,False,False,False,True
6.620796471797719,0.0,0,0,0,0,0,0,0,0.8886641126398388,4.110873864173311,9.829072300161407,0.6931471805599453,1.6954425534116186,0.1686130986895011,7.691200097522863,1.9906184714459416,True,False,False,False,False,False
6.5004185244497705,83.33333333333334,0,0,0,0,0,0,0,0.3777770878979938,6.429719478039138,9.91128039696677,2.6390573296152584,0.47314675909161447,0.41044672922808256,8.174702882469461,2.0644946046636603,False,False,False,False,False,True
6.696632693858549,83.33333333333334,0,0,0,0,0,0,0,1.1333312636939814,7.909856667269403,9.70734823703079,3.6888794541139363,1.4194402772748433,0.46636489247375845,8.174702882469461,2.0644946046636603,False,False,False,False,False,True
6.662948251583755,70.37037037037037,0,0,0,0,0,0,0,0.13788144168663172,6.993932975223189,10.093243666143405,0.6931471805599453,0.6308623454554859,0.09910692353150921,6.415096959171596,1.8969222823803258,False,False,True,False,False,False
6.630142344589245,77.35745614035088,0,0,0,0,0,0,0,0.7805845659575266,10.532629403120161,10.295233559965444,1.0986122886681098,0.8674357250012932,0.10430560562044075,8.028781162487148,1.9991152142115904,False,False,False,True,False,False
6.719256326419516,87.20930232558139,0,0,0,0,0,0,0,0.3902922829787633,7.587817219993427,9.95834263936812,0.6931471805599453,0.9857224147741969,0.09135001021552622,8.028781162487148,1.9991152142115904,False,False,False,True,False,False
6.753153808789693,60.74074074074074,0,0,0,0,0,0,0,0.38249375632476623,8.406261630708956,10.37042913733779,0.6931471805599453,1.3405824840929077,0.08245605609368686,7.360739903058278,2.0186487050933315,False,False,False,False,True,False
6.779604893627814,81.25,0,0,0,0,0,0,0,0.8886641126398388,7.409136443920128,10.030924927445438,0.6931471805599453,2.2868760022761365,0.09355303223343062,7.691200097522863,1.9906184714459416,True,False,False,False,False,False
6.26522859704693,0.0,0,0,0,0,0,0,0,0.8886641126398388,4.3694478524670215,8.33775665141873,0.6931471805599453,0.27600227613677514,0.15863495891559604,7.691200097522863,1.9906184714459416,True,False,False,False,False,False
6.767541224610549,78.50877192982456,0,0,0,0,0,0,0,1.1474812689742986,8.399535147948004,10.355922751208103,1.3862943611198906,0.9857224147741969,0.1650441764576175,7.360739903058278,2.0186487050933315,False,False,False,False,True,False
6.829036948424544,0.0,0,0,0,0,0,0,0,0.3902922829787633,3.258096538021482,9.778151955140352,0.6931471805599453,0.8674357250012932,0.21274605355336315,8.028781162487148,1.9991152142115904,False,False,False,True,False,False
6.270257490704965,0.0,0,0,0,0,0,0,0,4.829555421039003,5.680172609017068,8.471450016819338,2.5933276030091386,0.15771558636387148,0.456557886795962,8.028781162487148,1.9991152142115904,False,False,False,True,False,False
6.9991527367920785,74.51171875,0,0,0,0,0,0,0,0.8886641126398388,9.989206427938665,10.282811046385305,0.6931471805599453,2.0108737261393617,0.06938961423615114,7.691200097522863,1.9906184714459416,True,False,False,False,False,False
6.877926778715913,66.66666666666666,0,0,0,0,0,0,0,0.8886641126398388,6.447305862541213,10.265575666830216,0.6931471805599453,0.9068646215922611,0.10750958545136256,7.691200097522863,1.9906184714459416,True,False,False,False,False,False
6.836335151609738,74.96617050067658,0,0,0,0,0,0,0,0.8886641126398388,9.549523217290366,10.073010932873734,0.6931471805599453,1.4982980704567792,0.07258448037541111,7.691200097522863,1.9906184714459416,True,False,False,False,False,False
6.782065178415631,87.03703703703704,0,0,0,0,0,0,0,0.7805845659575266,7.3864708488298945,10.090929146985108,1.0986122886681098,1.4588691738658113,0.1487330433101409,8.028781162487148,1.9991152142115904,False,False,False,True,False,False
6.8261731898645,81.93548387096774,0,0,0,0,0,0,0,0.2905977599215337,8.101980731853192,10.38594281999784,2.3978952727983707,0.6702912420464539,0.2959640799157877,8.174702882469461,2.0644946046636603,False,False,False,False,False,True
6.83475559500329,78.33333333333333,0,0,0,0,0,0,0,0.3777770878979938,8.270781013162674,10.592823564713086,2.6390573296152584,0.3942889659096787,0.31908199786879693,8.174702882469461,2.0644946046636603,False,False,False,False,False,True
6.490336269696487,0.0,0,0,0,0,0,0,0,0.8886641126398388,4.127134385045092,8.81811505604364,0.6931471805599453,1.6165847602296828,0.16794877895704194,7.691200097522863,1.9906184714459416,True,False,False,False,False,False
6.113364449933685,0.0,0,0,0,0,0,0,0,1.8598256634978156,4.219507705176107,7.448698102505513,4.174387269895637,0.5914334488645181,0.9893067062716533,8.174702882469461,2.0644946046636603,False,False,False,False,False,True
6.661918184785155,68.88888888888889,0,0,0,0,0,0,0,3.0222167031839504,8.23827262463303,10.073704402059544,4.653960350157523,0.6308623454554859,0.564919439087491,8.174702882469461,2.0644946046636603,False,False,False,False,False,True
6.788691683537152,79.54545454545455,0,0,0,0,0,0,0,0.3902922829787633,7.224753405767971,10.114887988891986,0.6931471805599453,0.9857224147741969,0.09594060054791112,8.028781162487148,1.9991152142115904,False,False,False,True,False,False
6.842263033993731,83.33333333333334,0,0,0,0,0,0,0,1.5111083515919752,6.806829360392176,10.313481846366074,3.970291913552122,1.1434380011380683,0.5832806587828688,8.174702882469461,2.0644946046636603,False,False,False,False,False,True
6.79972621900026,75.764192139738,0,0,0,0,0,0,0,0.34871731190584043,10.179640924163953,10.284827254761002,2.5649493574615367,0.9462935181832289,0.25196854943802394,8.174702882469461,2.0644946046636603,False,False,False,False,False,True
6.66391737475365,62.5,0,0,0,0,0,0,0,0.7555541757959876,6.175867270105761,9.799753131264394,3.295836866004329,0.9068646215922611,0.5336638113901513,8.174702882469461,2.0644946046636603,False,False,False,False,False,True
6.720553481784464,80.0,0,0,0,0,0,0,0,0.7805845659575266,4.867534450455582,10.44686595880156,1.0986122886681098,1.3405824840929077,0.22570200577939084,8.028781162487148,1.9991152142115904,False,False,False,True,False,False
6.829036948424544,100.0,0,0,0,0,0,0,0,0.8886641126398388,8.990815266184685,9.778151955140352,0.6931471805599453,0.9857224147741969,0.07709503087744869,7.691200097522863,1.9906184714459416,True,False,False,False,False,False
6.761962783054639,72.09302325581395,0,0,0,0,0,0,0,1.5611691319150531,6.915723448631314,9.935856567771333,1.6094379124341003,0.15771558636387148,0.23272155464120287,8.028781162487148,1.9991152142115904,False,False,False,True,False,False
6.911137346756003,73.00613496932516,0,0,0,0,0,0,0,0.8886641126398388,9.390492911485298,10.246853132242512,0.6931471805599453,1.4588691738658113,0.07381371639311636,7.691200097522863,1.9906184714459416,True,False,False,False,False,False
6.761709714305822,62.5,0,0,0,0,0,0,0,0.8886641126398388,5.605802066295998,10.228013343497748,0.6931471805599453,0.8280068284103254,0.12364817244036916,7.691200097522863,1.9906184714459416,True,False,False,False,False,False
6.548792989998894,0.0,0,0,0,0,0,0,0,0.3902922829787633,4.110873864173311,9.223228522439266,0.6931471805599453,0.9462935181832289,0.1686130986895011,8.028781162487148,1.9991152142115904,False,False,False,True,False,False
6.548792989998894,50.0,0,0,0,0,0,0,0,0.3902922829787633,4.189654742026425,9.223228522439266,0.6931471805599453,0.5520045522735503,0.16544255391905832,8.028781162487148,1.9991152142115904,False,False,False,True,False,False
6.5004185244497705,100.0,0,0,0,0,0,0,0,0.7555541757959876,7.661527081358517,9.91128039696677,3.295836866004329,0.31543117272774296,0.43018014959752937,8.174702882469461,2.0644946046636603,False,False,False,False,False,True
6.540548490645542,84.53877551020408,0,0,0,0,0,0,0,2.3417536978725795,12.628611169827627,10.0467034965562,1.9459101490553132,0.15771558636387148,0.15408742282797466,8.028781162487148,1.9991152142115904,False,False,False,True,False,False
6.106210567052468,85.71428571428571,0,0,0,0,0,0,0,0.27576288337326343,7.003065458786462,10.427792075670013,1.0986122886681098,0.9068646215922611,0.15687591314596747,6.415096959171596,1.8969222823803258,False,False,True,False,False,False
4.9263479368027125,100.0,0,0,0,0,0,0,0,0.13788144168663172,5.493061443340548,8.362349991150289,0.6931471805599453,0.8674357250012932,0.12618595071429148,6.415096959171596,1.8969222823803258,False,False,True,False,False,False
6.813362758640466,0.0,0,0,0,0,0,0,0,1.3948692476233617,4.919980925828125,9.864686991738038,3.8918202981106265,0.8280068284103254,0.7910234524853489,8.174702882469461,2.0644946046636603,False,False,False,False,False,True
5.558589488847307,33.33333333333333,0,0,0,0,0,0,0,0.8886641126398388,5.049856007249537,5.858417164315927,0.6931471805599453,1.0645802079561326,0.13726078121135893,7.691200097522863,1.9906184714459416,True,False,False,False,False,False
6.920132356103352,77.46319365798414,0,0,0,0,0,0,0,1.4820485755998218,10.252100082384816,10.41599966131625,3.9512437185814275,0.5914334488645181,0.38540822727340174,8.174702882469461,2.0644946046636603,False,False,False,False,False,True
6.662948251583755,0.0,0,0,0,0,0,0,0,0.13788144168663172,3.8918202981106265,10.093243666143405,0.6931471805599453,3.351456210232269,0.1781035935540111,6.415096959171596,1.8969222823803258,False,False,True,False,False,False
6.890746778738209,80.36253776435045,0,0,0,0,0,0,0,0.6974346238116809,10.915833641046829,10.122529954075597,3.2188758248682006,1.4588691738658113,0.29488135590160114,8.174702882469461,2.0644946046636603,False,False,False,False,False,True
6.984552882844566,0.0,0,0,0,0,0,0,0,0.8886641126398388,10.222123085309558,10.841227659562367,0.6931471805599453,1.2617246909109718,0.0678085339782381,7.691200097522863,1.9906184714459416,True,False,False,False,False,False
6.772409865396259,0.0,0,0,0,0,0,0,0,0.7555541757959876,4.060443010546419,9.86904896085482,3.295836866004329,1.3405824840929077,0.811693910601347,8.174702882469461,2.0644946046636603,False,False,False,False,False,True
6.26522859704693,0.0,0,0,0,0,0,0,0,0.8886641126398388,3.9889840465642745,8.33775665141873,0.6931471805599453,1.3405824840929077,0.17376534287144,7.691200097522863,1.9906184714459416,True,False,False,False,False,False
6.5004185244497705,0.0,0,0,0,0,0,0,0,1.930340183612844,4.007333185232471,9.91128039696677,2.70805020110221,0.7097201386374217,0.6757736569251883,6.415096959171596,1.8969222823803258,False,False,True,False,False,False
6.800166494369348,0.0,0,0,0,0,0,0,0,0.7555541757959876,3.9889840465642745,10.407158941641097,3.295836866004329,0.47314675909161447,0.82623465712856,8.174702882469461,2.0644946046636603,False,False,False,False,False,True
6.868364118219989,68.08510638297872,0,0,0,0,0,0,0,5.6085367664856,8.581669210600602,10.287567556815313,5.267858159063328,0.5125756556825823,0.6138500599109726,8.174702882469461,2.0644946046636603,False,False,False,False,False,True
5.879225467208256,100.0,0,0,0,0,0,0,0,0.9078461025802542,4.248495242049359,8.024343613012375,0.6931471805599453,0.23657337954580723,0.16315121968351076,6.104793232414985,1.8852953146630171,False,True,False,False,False,False
6.195191110040243,68.24324324324324,0,0,0,0,0,0,0,0.3902922829787633,8.235095497258357,7.8686083776014435,0.6931471805599453,0.3942889659096787,0.08416990195082852,8.028781162487148,1.9991152142115904,False,False,False,True,False,False
6.920979158570614,72.72727272727273,0,0,0,0,0,0,0,0.3902922829787633,7.465655310134056,10.48600801455271,0.6931471805599453,1.6954425534116186,0.09284478746548223,8.028781162487148,1.9991152142115904,False,False,False,True,False,False
6.620258347828308,50.0,0,0,0,0,0,0,0,0.38249375632476623,4.406719247264253,10.138824856441241,0.6931471805599453,2.3263048988671047,0.1572932473495469,7.360739903058278,2.0186487050933315,False,False,False,False,True,False
6.195191110040243,78.04878048780488,0,0,0,0,0,0,0,1.1708768489362897,7.670428522190693,7.8686083776014435,1.3862943611198906,1.3800113806838756,0.18073232246533752,8.028781162487148,1.9991152142115904,False,False,False,True,False,False
6.948906203601128,40.0,0,0,0,0,0,0,0,12.489353055320425,6.71901315438526,10.30436963557913,3.4965075614664802,0.6702912420464539,0.5203900455507272,8.028781162487148,1.9991152142115904,False,False,False,True,False,False
6.826041080247562,100.0,0,0,0,0,0,0,0,0.8886641126398388,6.2324480165505225,9.952101172979999,0.6931471805599453,1.3405824840929077,0.1112158783706281,7.691200097522863,1.9906184714459416,True,False,False,False,False,False
6.548792989998894,0.0,0,0,0,0,0,0,0,0.3902922829787633,3.828641396489095,9.223228522439266,0.6931471805599453,1.85315813977549,0.1810425967800402,8.028781162487148,1.9991152142115904,False,False,False,True,False,False
6.867802716726857,80.0,0,0,0,0,0,0,0,2.3417536978725795,7.282761179605593,10.247413858283657,1.9459101490553132,1.2222957943200041,0.2671940080232998,8.028781162487148,1.9991152142115904,False,False,False,True,False,False
6.817997843734242,85.18675721561969,0,0,0,0,0,0,0,0.8886641126398388,11.191824482973002,10.157720743143416,0.6931471805599453,2.0108737261393617,0.06193334979604838,7.691200097522863,1.9906184714459416,True,False,False,False,False,False
6.894164257864038,66.10169491525424,0,0,0,0,0,0,0,0.7649875126495325,7.504391559161238,10.424283202600682,1.0986122886681098,1.3405824840929077,0.14639591764464127,7.360739903058278,2.0186487050933315,False,False,False,False,True,False
6.845532650796314,85.28341133645347,0,0,0,0,0,0,0,0.7555541757959876,11.116246644142683,10.403572955571182,3.295836866004329,1.0645802079561326,0.29648828165763624,8.174702882469461,2.0644946046636603,False,False,False,False,False,True
6.867802716726857,76.0,0,0,0,0,0,0,0,0.3902922829787633,7.547501682814967,10.247413858283657,0.6931471805599453,1.6560136568206507,0.09183796303592535,8.028781162487148,1.9991152142115904,False,False,False,True,False,False
6.662948251583755,0.0,0,0,0,0,0,0,0,0.8886641126398388,4.709530201312334,10.093243666143405,0.6931471805599453,1.3800113806838756,0.14717968691798525,7.691200097522863,1.9906184714459416,True,False,False,False,False,False
6.679200684224964,55.55555555555556,0,0,0,0,0,0,0,0.38249375632476623,7.368970402194793,10.21333101023266,0.6931471805599453,1.9320159329574258,0.09406296167962577,7.360739903058278,2.0186487050933315,False,False,False,False,True,False
6.520298048758645,77.95275590551181,0,0,0,0,0,0,0,0.38249375632476623,8.554874258383926,10.041195584595279,0.6931471805599453,0.9068646215922611,0.0810236550093824,7.360739903058278,2.0186487050933315,False,False,False,False,True,False
6.7730536600892846,73.080204778157,0,0,0,0,0,0,0,2.294962537948597,11.016988453697989,10.362179867450322,1.9459101490553132,0.9462935181832289,0.17662813728393664,7.360739903058278,2.0186487050933315,False,False,False,False,True,False
6.924598873655787,83.11923583662714,0,0,0,0,0,0,0,0.31965753591368706,12.339011362557207,10.517511956830722,2.4849066497880004,0.5125756556825823,0.20138620321952716,8.174702882469461,2.0644946046636603,False,False,False,False,False,True
6.662948251583755,66.66666666666666,0,0,0,0,0,0,0,1.529975025299065,5.214935757608986,10.093243666143405,1.6094379124341003,1.3800113806838756,0.30862085119376753,7.360739903058278,2.0186487050933315,False,False,False,False,True,False
6.4196857509510235,70.2127659574468,0,0,0,0,0,0,0,0.3902922829787633,7.982757702011113,9.462855822268324,0.6931471805599453,1.1040091045471006,0.08683054233066842,8.028781162487148,1.9991152142115904,False,False,False,True,False,False
6.878774120101251,80.0,0,0,0,0,0,0,0,0.7555541757959876,9.067162602299854,10.713955722255525,3.295836866004329,0.5125756556825823,0.3634915364998916,8.174702882469461,2.0644946046636603,False,False,False,False,False,True
6.666384269016459,0.0,0,0,0,0,0,0,0,0.3902922829787633,3.8501476017100584,10.052460850663467,0.6931471805599453,1.3405824840929077,0.18003132665669264,8.028781162487148,1.9991152142115904,False,False,False,True,False,False
6.759206837830128,80.42553191489363,0,0,0,0,0,0,0,0.3902922829787633,8.63994165667529,10.264647598275795,0.6931471805599453,0.8674357250012932,0.080225909861835,8.028781162487148,1.9991152142115904,False,False,False,True,False,False
6.22747829422649,100.0,0,0,0,0,0,0,0,0.8886641126398388,5.159055299214529,8.715280860702519,0.6931471805599453,0.3942889659096787,0.13435544694887794,7.691200097522863,1.9906184714459416,True,False,False,False,False,False
6.843501468948183,58.333333333333336,0,0,0,0,0,0,0,0.8886641126398388,6.625392368007956,10.073300708025029,0.6931471805599453,2.5234493818219437,0.1046197933735889,7.691200097522863,1.9906184714459416,True,False,False,False,False,False
6.755039400968009,80.23255813953489,0,0,0,0,0,0,0,1.1708768489362897,9.850930301797453,10.247191551804496,1.3862943611198906,0.5125756556825823,0.14072725302573097,8.028781162487148,1.9991152142115904,False,False,False,True,False,False
6.794607080130419,0.0,0,0,0,0,0,0,0,0.8886641126398388,4.927253685157205,9.797980786126336,0.6931471805599453,1.1828668977290362,0.1406761707131039,7.691200097522863,1.9906184714459416,True,False,False,False,False,False
6.89685613347767,80.90010976948409,0,0,0,0,0,0,0,0.8886641126398388,9.82800941136017,10.735563021739752,0.6931471805599453,1.3011535875019398,0.0705277286119342,7.691200097522863,1.9906184714459416,True,False,False,False,False,False
6.56832141712291,85.71428571428571,0,0,0,0,0,0,0,0.7555541757959876,5.429345628954441,10.082994289262082,3.295836866004329,1.4194402772748433,0.6070412700248421,8.174702882469461,2.0644946046636603,False,False,False,False,False,True
6.928082740748006,82.47595148473442,0,0,0,0,0,0,0,0.6974346238116809,10.971846798033217,10.516390885915971,3.2188758248682006,0.7491490352283896,0.29337593607716134,8.174702882469461,2.0644946046636603,False,False,False,False,False,True
6.195191110040243,50.0,0,0,0,0,0,0,0,1.5611691319150531,6.214608098422191,7.8686083776014435,1.6094379124341003,0.8674357250012932,0.258976573734829,8.028781162487148,1.9991152142115904,False,False,False,True,False,False
6.754497497170826,75.0,0,0,0,0,0,0,0,0.38249375632476623,5.480638923341991,10.18807018815285,0.6931471805599453,1.5377269670477471,0.12647196618040968,7.360739903058278,2.0186487050933315,False,False,False,False,True,False
6.775421225450796,0.0,0,0,0,0,0,0,0,0.8886641126398388,6.88653164253051,10.449561475376813,0.6931471805599453,1.7743003465935543,0.1006525805064395,7.691200097522863,1.9906184714459416,True,False,False,False,False,False
6.754818962416433,57.692307692307686,0,0,0,0,0,0,0,1.4529887996076685,7.112327444710911,10.53249559764114,3.9318256327243257,1.4194402772748433,0.5528184217176659,8.174702882469461,2.0644946046636603,False,False,False,False,False,True
6.113364449933685,0.0,0,0,0,0,0,0,0,0.7555541757959876,4.189654742026425,7.448698102505513,3.295836866004329,0.8674357250012932,0.7866607319557363,8.174702882469461,2.0644946046636603,False,False,False,False,False,True
6.5004185244497705,0.0,0,0,0,0,0,0,0,0.7555541757959876,7.967973179662935,9.91128039696677,3.295836866004329,0.27600227613677514,0.41363553712962564,8.174702882469461,2.0644946046636603,False,False,False,False,False,True
5.879225467208256,71.42857142857143,0,0,0,0,0,0,0,0.9078461025802542,6.025865973825314,8.024343613012375,0.6931471805599453,0.6308623454554859,0.11502864211895582,6.104793232414985,1.8852953146630171,False,True,False,False,False,False
6.195191110040243,65.85365853658537,0,0,0,0,0,0,0,0.3902922829787633,7.56164174558878,7.8686083776014435,0.6931471805599453,0.7491490352283896,0.09166622856264053,8.028781162487148,1.9991152142115904,False,False,False,True,False,False
6.852165520065444,64.16382252559727,0,0,0,0,0,0,0,0.8886641126398388,8.77940359789435,10.332975724480017,0.6931471805599453,2.562878278412912,0.0789515110942376,7.691200097522863,1.9906184714459416,True,False,False,False,False,False
6.644427954689881,76.19047619047619,0,0,0,0,0,0,0,0.8886641126398388,7.942362237674335,10.127006476019027,0.6931471805599453,0.5520045522735503,0.08727216913779434,7.691200097522863,1.9906184714459416,True,False,False,False,False,False
6.788310729601363,0.0,0,0,0,0,0,0,0,0.38249375632476623,4.574710978503383,9.914078482087426,0.6931471805599453,0.47314675909161447,0.1515171524096389,7.360739903058278,2.0186487050933315,False,False,False,False,True,False
6.847906623403739,83.43085106382979,0,0,0,0,0,0,0,0.3777770878979938,12.615805301356009,10.61081582720618,2.6390573296152584,1.0251513113651647,0.20918659305336612,8.174702882469461,2.0644946046636603,False,False,False,False,False,True
6.87869123882592,76.47058823529412,0,0,0,0,0,0,0,0.38249375632476623,7.062191632286556,10.102764232722187,0.6931471805599453,0.3942889659096787,0.0981490189803193,7.360739903058278,2.0186487050933315,False,False,False,False,True,False
6.845607708753538,50.0,0,0,0,0,0,0,0,1.4529887996076685,5.393627546352362,10.237295762974721,3.9318256327243257,0.7885779318193574,0.7289761109632731,8.174702882469461,2.0644946046636603,False,False,False,False,False,True
6.504221438092777,0.0,0,0,0,0,0,0,0,0.35959152870240046,2.995732273553991,9.592572249461268,2.5933276030091386,0.7097201386374217,0.8656740209740241,8.174702882469461,2.0644946046636603,False,False,False,False,False,True
6.8807167204273005,72.3404255319149,0,0,0,0,0,0,0,0.38249375632476623,7.471363088187097,10.402450445109578,0.6931471805599453,1.7743003465935543,0.09277385831453887,7.360739903058278,2.0186487050933315,False,False,False,False,True,False
6.665993815600843,50.0,0,0,0,0,0,0,0,0.7649875126495325,4.890349128221754,10.055965715672183,1.0986122886681098,1.1828668977290362,0.22464905058170992,7.360739903058278,2.0186487050933315,False,False,False,False,True,False
6.880608609282059,74.36974789915966,0,0,0,0,0,0,0,0.7264943998038342,8.556221578383715,10.37627619549733,3.258096538021482,1.2617246909109718,0.3807868354242577,8.174702882469461,2.0644946046636603,False,False,False,False,False,True
5.659166666666667,85.71428571428571,0,0,0,0,0,0,0,0.8886641126398388,6.413458957167357,6.188948351641614,0.6931471805599453,0.35486006931871084,0.10807696520538564,7.691200097522863,1.9906184714459416,True,False,False,False,False,False
6.740676724722819,50.0,0,0,0,0,0,0,0,1.1708768489362897,5.796057750765372,10.145928508336231,1.3862943611198906,0.8280068284103254,0.2391788385712392,8.028781162487148,1.9991152142115904,False,False,False,True,False,False
6.885598857088164,85.22727272727273,0,0,0,0,0,0,0,1.5611691319150531,7.826044013518965,10.50889553109574,1.6094379124341003,0.8674357250012932,0.2056515283652768,8.028781162487148,1.9991152142115904,False,False,False,True,False,False
6.786000370687271,50.0,0,0,0,0,0,0,0,0.38249375632476623,4.51085950651685,9.939591632397473,0.6931471805599453,1.0645802079561326,0.15366188628986424,7.360739903058278,2.0186487050933315,False,False,False,False,True,False
6.662948251583755,0.0,0,0,0,0,0,0,0,1.706172766409985,4.624972813284271,10.093243666143405,2.5933276030091386,1.3011535875019398,0.5607227777772759,6.415096959171596,1.8969222823803258,False,False,True,False,False,False
6.819275224602869,78.4708249496982,0,0,0,0,0,0,0,0.6974346238116809,9.56836440548421,10.398602416477328,3.2188758248682006,1.2222957943200041,0.33640815592508866,8.174702882469461,2.0644946046636603,False,False,False,False,False,True
6.671140218499566,50.0,0,0,0,0,0,0,0,0.8886641126398388,5.236441962829949,9.763111410243045,0.6931471805599453,1.4982980704567792,0.13236987738623676,7.691200097522863,1.9906184714459416,True,False,False,False,False,False
6.541380536432849,50.0,0,0,0,0,0,0,0,0.38249375632476623,4.143134726391533,9.795191746103242,0.6931471805599453,0.6702912420464539,0.16730017881017414,7.360739903058278,2.0186487050933315,False,False,False,False,True,False
6.195191110040243,66.66666666666666,0,0,0,0,0,0,0,1.1708768489362897,5.225746673713202,7.8686083776014435,1.3862943611198906,1.0645802079561326,0.26528158513563127,8.028781162487148,1.9991152142115904,False,False,False,True,False,False
6.446069719328857,100.0,0,0,0,0,0,0,0,0.9078461025802542,4.653960350157523,10.123306184711458,0.6931471805599453,0.3942889659096787,0.14893706185882832,6.104793232414985,1.8852953146630171,False,True,False,False,False,False
6.916030310694199,80.27681660899654,0,0,0,0,0,0,0,0.7805845659575266,11.136397606756661,10.709901796707909,1.0986122886681098,1.3800113806838756,0.09865059846655988,8.028781162487148,1.9991152142115904,False,False,False,True,False,False
6.7771287869600085,66.66666666666666,0,0,0,0,0,0,0,0.38249375632476623,6.104793232414985,10.203130528171146,0.6931471805599453,1.3405824840929077,0.11354146719982265,7.360739903058278,2.0186487050933315,False,False,False,False,True,False
6.738572847556955,73.23943661971832,0,0,0,0,0,0,0,0.8272886501197902,9.173883834965567,10.406176714829902,1.9459101490553132,1.0645802079561326,0.21211410391296032,6.415096959171596,1.8969222823803258,False,False,True,False,False,False
6.92044320954752,82.82122905027933,0,0,0,0,0,0,0,3.5849174838524247,10.243453678411596,10.260882251706049,3.295836866004329,1.3405824840929077,0.3217505510812637,6.415096959171596,1.8969222823803258,False,False,True,False,False,False
5.7918085106382975,0.0,0,0,0,0,0,0,0,0.13788144168663172,5.187385805840755,7.751630876729169,0.6931471805599453,0.5914334488645181,0.13362167506019965,6.415096959171596,1.8969222823803258,False,False,True,False,False,False
6.925113977863667,83.03425774877651,0,0,0,0,0,0,0,0.34871731190584043,10.568312416091485,10.46173924597502,2.5649493574615367,0.5914334488645181,0.24270188621185185,8.174702882469461,2.0644946046636603,False,False,False,False,False,True
6.898891539766716,82.28291316526611,0,0,0,0,0,0,0,5.073799678723923,10.60549536152827,10.556343321161869,2.6390573296152584,1.6954425534116186,0.2488386670922051,8.028781162487148,1.9991152142115904,False,False,False,True,False,False
6.86967255126828,63.63636363636363,0,0,0,0,0,0,0,1.3076899196469016,5.993961427306569,10.518200330762806,3.828641396489095,0.5125756556825823,0.638749755553486,8.174702882469461,2.0644946046636603,False,False,False,False,False,True
6.828884411320277,0.0,0,0,0,0,0,0,0,0.8886641126398388,5.303304908059076,10.470984869648605,0.6931471805599453,1.6560136568206507,0.13070098600339122,7.691200097522863,1.9906184714459416,True,False,False,False,False,False
6.110232844165658,82.35294117647058,0,0,0,0,0,0,0,0.9078461025802542,6.156978985585555,9.059811780007355,0.6931471805599453,0.4337178625006466,0.1125791044898335,6.104793232414985,1.8852953146630171,False,True,False,False,False,False
6.839343485500246,0.0,0,0,0,0,0,0,0,0.3902922829787633,4.1588830833596715,10.27793933409923,0.6931471805599453,0.8280068284103254,0.16666666666666669,8.028781162487148,1.9991152142115904,False,False,False,True,False,False
6.868572948400319,83.46456692913385,0,0,0,0,0,0,0,0.8886641126398388,8.847072312567807,10.00003020977695,0.6931471805599453,1.0645802079561326,0.0783476336658046,7.691200097522863,1.9906184714459416,True,False,False,False,False,False
6.289007148338809,100.0,0,0,0,0,0,0,0,0.8886641126398388,5.003946305945459,7.921587131345857,0.6931471805599453,0.7097201386374217,0.13852010756717745,7.691200097522863,1.9906184714459416,True,False,False,False,False,False
6.827850625188941,0.0,0,0,0,0,0,0,0,0.8886641126398388,4.204692619390966,9.960021534452826,0.6931471805599453,0.5520045522735503,0.16485085672216038,7.691200097522863,1.9906184714459416,True,False,False,False,False,False
5.879225467208256,70.05988023952095,0,0,0,0,0,0,0,0.9078461025802542,8.297792626380861,8.024343613012375,0.6931471805599453,0.7097201386374217,0.08353392423380748,6.104793232414985,1.8852953146630171,False,True,False,False,False,False
6.830302829409439,76.32183908045977,0,0,0,0,0,0,0,1.1474812689742986,10.61026639832702,10.740008208297569,1.3862943611198906,0.7097201386374217,0.13065594294017682,7.360739903058278,2.0186487050933315,False,False,False,False,True,False
6.731627925235588,80.0,0,0,0,0,0,0,0,0.7555541757959876,5.908082938168931,10.129263938904367,3.295836866004329,0.7885779318193574,0.5578521663451452,8.174702882469461,2.0644946046636603,False,False,False,False,False,True
6.66056296418094,60.0,0,0,0,0,0,0,0,0.3777770878979938,6.173786103901937,9.984628100365027,2.6390573296152584,0.31543117272774296,0.42746173663958487,8.174702882469461,2.0644946046636603,False,False,False,False,False,True
6.374060579146284,65.0,0,0,0,0,0,0,0,1.1708768489362897,6.535241271013659,9.58895401364657,1.3862943611198906,0.5125756556825823,0.2121259649997386,8.028781162487148,1.9991152142115904,False,False,False,True,False,False
6.886319142907979,84.65157306674507,0,0,0,0,0,0,0,0.7555541757959876,11.39634670388405,10.183715756641568,3.295836866004329,1.1828668977290362,0.2892011757488088,8.174702882469461,2.0644946046636603,False,False,False,False,False,True
6.620900898420092,50.0,0,0,0,0,0,0,0,0.13788144168663172,5.4116460518550396,10.194773500063912,0.6931471805599453,0.5520045522735503,0.12808435250903813,6.415096959171596,1.8969222823803258,False,False,True,False,False,False
6.764465840959698,0.0,0,0,0,0,0,0,0,0.35959152870240046,8.367764677924308,10.329557543516108,2.5933276030091386,0.5914334488645181,0.3099188018337574,8.174702882469461,2.0644946046636603,False,False,False,False,False,True
6.84281977134661,75.66539923954373,0,0,0,0,0,0,0,1.1708768489362897,8.768263145371286,10.268640293324752,1.3862943611198906,0.7097201386374217,0.15810364471687954,8.028781162487148,1.9991152142115904,False,False,False,True,False,False
6.657777498633077,73.01038062283737,0,0,0,0,0,0,0,0.3902922829787633,8.837971491357209,10.207815502941266,0.6931471805599453,0.5125756556825823,0.07842831143297813,8.028781162487148,1.9991152142115904,False,False,False,True,False,False
6.823146793508421,0.0,0,0,0,0,0,0,0,0.7555541757959876,4.3694478524670215,10.27120685262779,3.295836866004329,0.5520045522735503,0.754291383553983,8.174702882469461,2.0644946046636603,False,False,False,False,False,True
6.726881389735055,66.66666666666666,0,0,0,0,0,0,0,1.4820485755998218,6.523562306149512,9.920300326844044,3.9512437185814275,1.3011535875019398,0.6056880479024078,8.174702882469461,2.0644946046636603,False,False,False,False,False,True
6.2680555955337915,100.0,0,0,0,0,0,0,0,0.9078461025802542,4.543294782270004,9.017138872834964,0.6931471805599453,0.8674357250012932,0.15256487060115928,6.104793232414985,1.8852953146630171,False,True,False,False,False,False
5.879225467208256,80.0,0,0,0,0,0,0,0,0.9078461025802542,5.337538079701318,8.024343613012375,0.6931471805599453,0.47314675909161447,0.12986271389725298,6.104793232414985,1.8852953146630171,False,True,False,False,False,False
6.831725682510775,77.77777777777779,0,0,0,0,0,0,0,3.1223382638301063,8.734238184268579,10.293546054911756,2.1972245773362196,0.27600227613677514,0.25156453613707114,8.028781162487148,1.9991152142115904,False,False,False,True,False,False
6.832490205670767,67.56756756756756,0,0,0,0,0,0,0,1.4820485755998218,7.552237287560802,10.384090491107616,3.9512437185814275,0.8280068284103254,0.5231885027089221,8.174702882469461,2.0644946046636603,False,False,False,False,False,True
6.22747829422649,0.0,0,0,0,0,0,0,0,0.8886641126398388,3.828641396489095,8.715280860702519,0.6931471805599453,0.8674357250012932,0.1810425967800402,7.691200097522863,1.9906184714459416,True,False,False,False,False,False
6.20715799971213,77.00729927007299,0,0,0,0,0,0,0,0.3902922829787633,9.52134826973146,9.847465822742766,0.6931471805599453,1.7743003465935543,0.0727992675956905,8.028781162487148,1.9991152142115904,False,False,False,True,False,False
6.195191110040243,87.5,0,0,0,0,0,0,0,0.7805845659575266,7.0431599159883405,7.8686083776014435,1.0986122886681098,1.2222957943200041,0.1559828687368297,8.028781162487148,1.9991152142115904,False,False,False,True,False,False
6.677693639525605,82.02247191011236,0,0,0,0,0,0,0,0.8886641126398388,7.881559917056899,9.328032216867232,0.6931471805599453,0.7885779318193574,0.08794543058156153,7.691200097522863,1.9906184714459416,True,False,False,False,False,False
6.884760122793571,83.7917485265226,0,0,0,0,0,0,0,0.8886641126398388,11.252910438880114,10.547422369946675,0.6931471805599453,1.6954425534116186,0.06159714718469998,7.691200097522863,1.9906184714459416,True,False,False,False,False,False
6.824281949276691,68.89460154241645,0,0,0,0,0,0,0,0.7805845659575266,9.954370762850697,10.120278373782119,1.0986122886681098,1.6954425534116186,0.11036481509891974,8.028781162487148,1.9991152142115904,False,False,False,True,False,False
6.744524531479761,72.0,0,0,0,0,0,0,0,0.13788144168663172,7.207118856207756,10.225216783767557,0.6931471805599453,2.168589312503233,0.09617535028757188,6.415096959171596,1.8969222823803258,False,False,True,False,False,False
6.62799810652082,79.2749658002736,0,0,0,0,0,0,0,0.8886641126398388,10.518321778536663,9.876168534673917,0.6931471805599453,1.6560136568206507,0.06589902792043863,7.691200097522863,1.9906184714459416,True,False,False,False,False,False
6.812269569012642,78.87323943661971,0,0,0,0,0,0,0,0.34871731190584043,8.303752415563412,10.29649009916797,2.5649493574615367,1.2222957943200041,0.308890394257679,8.174702882469461,2.0644946046636603,False,False,False,False,False,True
6.901319301374479,72.0,0,0,0,0,0,0,0,0.7805845659575266,7.720461694599722,10.400717469208844,1.0986122886681098,1.7743003465935543,0.14229878109965402,8.028781162487148,1.9991152142115904,False,False,False,True,False,False
5.775788441476067,0.0,0,0,0,0,0,0,0,0.8886641126398388,3.784189633918261,8.653460843742746,0.6931471805599453,0.15771558636387148,0.18316925091363362,7.691200097522863,1.9906184714459416,True,False,False,False,False,False
6.772409865396259,0.0,0,0,0,0,0,0,0,0.7555541757959876,4.51085950651685,9.86904896085482,3.295836866004329,0.9068646215922611,0.7306449826785395,8.174702882469461,2.0644946046636603,False,False,False,False,False,True
6.786975454264241,72.75064267352185,0,0,0,0,0,0,0,0.38249375632476623,10.562017408074379,10.224166822188002,0.6931471805599453,1.4194402772748433,0.06562640012598851,7.360739903058278,2.0186487050933315,False,False,False,False,True,False
6.815843775404242,82.2977481234362,0,0,0,0,0,0,0,0.34871731190584043,12.616057524070001,10.514901325635828,2.5649493574615367,0.4337178625006466,0.20330831185320022,8.174702882469461,2.0644946046636603,False,False,False,False,False,True
6.58558055977916,0.0,0,0,0,0,0,0,0,0.8886641126398388,3.7376696182833684,9.56895283095515,0.6931471805599453,1.0645802079561326,0.1854490234153689,7.691200097522863,1.9906184714459416,True,False,False,False,False,False
6.662948251583755,72.72727272727273,0,0,0,0,0,0,0,4.1264881908857785,7.443078374348516,10.093243666143405,4.962844630259907,0.5914334488645181,0.6667731253997845,8.174702882469461,2.0644946046636603,False,False,False,False,False,True
6.613380744387155,0.0,0,0,0,0,0,0,0,0.3902922829787633,3.7376696182833684,9.863385669970391,0.6931471805599453,1.2617246909109718,0.1854490234153689,8.028781162487148,1.9991152142115904,False,False,False,True,False,False
6.698173061212458,50.0,0,0,0,0,0,0,0,0.3902922829787633,4.418840607796598,10.55722399766148,0.6931471805599453,1.0645802079561326,0.15686177485944097,8.028781162487148,1.9991152142115904,False,False,False,True,False,False
6.604052540744851,73.33333333333333,0,0,0,0,0,0,0,0.3902922829787633,6.100318952020064,10.114427741028656,0.6931471805599453,0.5520045522735503,0.11362474421610627,8.028781162487148,1.9991152142115904,False,False,False,True,False,False
6.777925656471416,76.54921020656136,0,0,0,0,0,0,0,0.38249375632476623,10.190469379873516,10.358720806111029,0.6931471805599453,1.6165847602296828,0.068019161308598,7.360739903058278,2.0186487050933315,False,False,False,False,True,False
6.928564588860844,85.54572271386431,0,0,0,0,0,0,0,0.8886641126398388,10.025705185260378,10.626618436990437,0.6931471805599453,1.4588691738658113,0.06913700011636074,7.691200097522863,1.9906184714459416,True,False,False,False,False,False
6.195191110040243,71.875,0,0,0,0,0,0,0,0.7805845659575266,7.049254841255837,7.8686083776014435,1.0986122886681098,0.35486006931871084,0.15584800286102157,8.028781162487148,1.9991152142115904,False,False,False,True,False,False
6.810042529424079,82.95566502463055,0,0,0,0,0,0,0,0.8886641126398388,10.24491179343424,10.047568209938474,0.6931471805599453,0.7491490352283896,0.06765770116285136,7.691200097522863,1.9906184714459416,True,False,False,False,False,False
6.687391891109108,81.83748311136846,0,0,0,0,0,0,0,0.34871731190584043,12.791111093095617,10.299693967429706,2.5649493574615367,0.6702912420464539,0.20052592294707255,8.174702882469461,2.0644946046636603,False,False,False,False,False,True
6.767541224610549,78.28947368421053,0,0,0,0,0,0,0,0.7649875126495325,8.987196820661973,10.355922751208103,1.0986122886681098,0.7885779318193574,0.12224193044736155,7.360739903058278,2.0186487050933315,False,False,False,False,True,False
6.270257490704965,77.5,0,0,0,0,0,0,0,0.38249375632476623,8.444407421690585,8.471450016819338,0.6931471805599453,1.0645802079561326,0.08208357862737703,7.360739903058278,2.0186487050933315,False,False,False,False,True,False
6.6934802647434,72.86689419795222,0,0,0,0,0,0,0,0.13788144168663172,9.601503695373488,9.704945179459122,0.6931471805599453,1.3011535875019398,0.07219152359374087,6.415096959171596,1.8969222823803258,False,False,True,False,False,False
6.939436198728593,79.66616084977238,0,0,0,0,0,0,0,1.1708768489362897,9.627536402960045,10.362492847558967,1.3862943611198906,0.5125756556825823,0.14399263769012247,8.028781162487148,1.9991152142115904,False,False,False,True,False,False
6.76190235492579,74.43181818181817,0,0,0,0,0,0,0,0.38249375632476623,8.866158492284917,10.457939381915788,0.6931471805599453,1.85315813977549,0.07817897471188932,7.360739903058278,2.0186487050933315,False,False,False,False,True,False
6.195191110040243,66.66666666666666,0,0,0,0,0,0,0,0.7805845659575266,7.8582541821860294,7.8686083776014435,1.0986122886681098,1.3800113806838756,0.13980360818037257,8.028781162487148,1.9991152142115904,False,False,False,True,False,False
6.5004185244497705,0.0,0,0,0,0,0,0,0,2.208542975403656,4.653960350157523,9.91128039696677,4.343805421853684,1.0645802079561326,0.9333567746675493,8.174702882469461,2.0644946046636603,False,False,False,False,False,True
6.855023571108642,77.10437710437711,0,0,0,0,0,0,0,0.6894072084331586,9.774801544908083,10.579277778179469,1.791759469228055,0.7491490352283896,0.1833039229488422,6.415096959171596,1.8969222823803258,False,False,True,False,False,False
6.833753984257306,37.5,0,0,0,0,0,0,0,0.8886641126398388,5.998936561946683,10.457505514221607,0.6931471805599453,0.9068646215922611,0.11554500925327603,7.691200097522863,1.9906184714459416,True,False,False,False,False,False
6.647495153665344,69.56521739130434,0,0,0,0,0,0,0,2.266662527387963,6.159095388491933,9.989194101566861,4.3694478524670215,0.6702912420464539,0.709430131676673,8.174702882469461,2.0644946046636603,False,False,False,False,False,True
6.195191110040243,74.4186046511628,0,0,0,0,0,0,0,0.7805845659575266,7.153833801578843,7.8686083776014435,1.0986122886681098,0.5520045522735503,0.153569724869153,8.028781162487148,1.9991152142115904,False,False,False,True,False,False
6.824801994066727,78.51239669421489,0,0,0,0,0,0,0,1.5111083515919752,7.875499292445208,10.278123912866667,3.970291913552122,1.4982980704567792,0.5041320894232998,8.174702882469461,2.0644946046636603,False,False,False,False,False,True
6.66391737475365,77.63157894736842,0,0,0,0,0,0,0,0.8886641126398388,7.587817219993427,9.799753131264394,0.6931471805599453,1.8925870363664579,0.09135001021552622,7.691200097522863,1.9906184714459416,True,False,False,False,False,False
6.78289753739322,81.32240745973439,0,0,0,0,0,0,0,0.34871731190584043,11.461695326483039,10.584017114337277,2.5649493574615367,0.6308623454554859,0.22378446507254857,8.174702882469461,2.0644946046636603,False,False,False,False,False,True
6.7728198451635695,50.0,0,0,0,0,0,0,0,0.8886641126398388,5.537334267018537,9.293585506586053,0.6931471805599453,1.1828668977290362,0.12517705219431444,7.691200097522863,1.9906184714459416,True,False,False,False,False,False
6.662948251583755,71.42857142857143,0,0,0,0,0,0,0,1.8307658875056623,6.889591308354466,10.093243666143405,4.1588830833596715,0.47314675909161447,0.6036472843195388,8.174702882469461,2.0644946046636603,False,False,False,False,False,True
6.818032823249103,86.9281045751634,0,0,0,0,0,0,0,0.8886641126398388,10.151986911112646,10.342475232675952,0.6931471805599453,0.9857224147741969,0.06827699706755996,7.691200097522863,1.9906184714459416,True,False,False,False,False,False
6.7720511464995905,66.66666666666666,0,0,0,0,0,0,0,0.7555541757959876,5.8664680569332965,10.324648393136634,3.295836866004329,0.7885779318193574,0.561809394344036,8.174702882469461,2.0644946046636603,False,False,False,False,False,True
6.672477753139572,76.47058823529412,0,0,0,0,0,0,0,0.8886641126398388,6.175867270105761,10.530756841205854,0.6931471805599453,0.3942889659096787,0.11223479233679762,7.691200097522863,1.9906184714459416,True,False,False,False,False,False
6.5004185244497705,0.0,0,0,0,0,0,0,0,0.34871731190584043,5.017279836814924,9.91128039696677,2.5649493574615367,0.9857224147741969,0.5112231011395652,8.174702882469461,2.0644946046636603,False,False,False,False,False,True
6.7842301997157435,65.21739130434783,0,0,0,0,0,0,0,0.38249375632476623,6.943122422819428,10.055566237327685,0.6931471805599453,1.6560136568206507,0.09983219916760096,7.360739903058278,2.0186487050933315,False,False,False,False,True,False
6.545649931970783,75.47169811320755,0,0,0,0,0,0,0,0.38249375632476623,7.864419904994565,10.051536587524138,0.6931471805599453,2.6417360715948477,0.08813710215546079,7.360739903058278,2.0186487050933315,False,False,False,False,True,False
6.794834847205189,0.0,0,0,0,0,0,0,0,0.3902922829787633,4.382026634673881,10.363411087812501,0.6931471805599453,0.7885779318193574,0.1581795909397823,8.028781162487148,1.9991152142115904,False,False,False,True,False,False
6.662948251583755,85.41062801932368,0,0,0,0,0,0,0,0.34871731190584043,12.32797164342494,10.093243666143405,2.5649493574615367,0.35486006931871084,0.20805931678383924,8.174702882469461,2.0644946046636603,False,False,False,False,False,True
6.909549919210213,77.22222222222223,0,0,0,0,0,0,0,0.7805845659575266,9.34862295977619,10.615502484650241,1.0986122886681098,0.7097201386374217,0.11751594789896319,8.028781162487148,1.9991152142115904,False,False,False,True,False,False
6.360718037569562,75.0,0,0,0,0,0,0,0,0.13788144168663172,7.622663951323595,9.945087337209394,0.6931471805599453,0.31543117272774296,0.09093240696247505,6.415096959171596,1.8969222823803258,False,False,True,False,False,False
6.5264888547538815,0.0,0,0,0,0,0,0,0,0.8886641126398388,4.30406509320417,9.75745455496221,0.6931471805599453,2.3263048988671047,0.16104477175644444,7.691200097522863,1.9906184714459416,True,False,False,False,False,False
6.823146793508421,77.55102040816327,0,0,0,0,0,0,0,0.8886641126398388,8.103191752285786,10.27120685262779,0.6931471805599453,1.6954425534116186,0.08554001950705648,7.691200097522863,1.9906184714459416,True,False,False,False,False,False
6.884515114191727,79.27461139896373,0,0,0,0,0,0,0,0.3902922829787633,10.021181695352771,10.688339121578005,0.6931471805599453,1.7348714500025864,0.06916820806486183,8.028781162487148,1.9991152142115904,False,False,False,True,False,False
5.558589488847307,50.0,0,0,0,0,0,0,0,0.3902922829787633,4.709530201312334,5.858417164315927,0.6931471805599453,1.6954425534116186,0.14717968691798525,8.028781162487148,1.9991152142115904,False,False,False,True,False,False
6.5004185244497705,80.43478260869566,0,0,0,0,0,0,0,1.1474812689742986,8.613593685702552,9.91128039696677,1.3862943611198906,2.1291604159122652,0.16094262298684453,7.360739903058278,2.0186487050933315,False,False,False,False,True,False
6.22747829422649,68.75,0,0,0,0,0,0,0,0.8886641126398388,7.063903961472068,8.715280860702519,0.6931471805599453,1.7348714500025864,0.09812522711810741,7.691200097522863,1.9906184714459416,True,False,False,False,False,False
6.604842707205482,77.5,0,0,0,0,0,0,0,0.3777770878979938,8.526549286340263,9.94521695986674,2.6390573296152584,0.5520045522735503,0.3095105934405483,8.174702882469461,2.0644946046636603,False,False,False,False,False,True
6.704816919511941,60.97560975609756,0,0,0,0,0,0,0,2.7316189432624167,6.990256500493881,10.173772038987034,4.553876891600541,0.7885779318193574,0.6514606282729106,8.174702882469461,2.0644946046636603,False,False,False,False,False,True
6.5004185244497705,50.0,0,0,0,0,0,0,0,0.8886641126398388,4.919980925828125,9.91128039696677,0.6931471805599453,0.5520045522735503,0.14088411947314117,7.691200097522863,1.9906184714459416,True,False,False,False,False,False
6.68939607652329,80.0,0,0,0,0,0,0,0,0.38249375632476623,6.037870919922137,9.743355927648611,0.6931471805599453,1.1828668977290362,0.11479993357805733,7.360739903058278,2.0186487050933315,False,False,False,False,True,False
6.789712189567077,80.85867620751341,0,0,0,0,0,0,0,0.7555541757959876,9.646787217693076,10.269795630301212,3.295836866004329,0.6702912420464539,0.3416512452933001,8.174702882469461,2.0644946046636603,False,False,False,False,False,True
6.7386854344927904,81.37931034482759,0,0,0,0,0,0,0,0.3902922829787633,8.204398418149381,10.145869480287827,0.6931471805599453,1.1040091045471006,0.08448482694679942,8.028781162487148,1.9991152142115904,False,False,False,True,False,False
6.295993024103089,0.0,0,0,0,0,0,0,0,0.8886641126398388,3.970291913552122,7.827680491919387,0.6931471805599453,1.0251513113651647,0.1745834300480449,7.691200097522863,1.9906184714459416,True,False,False,False,False,False
6.195191110040243,66.66666666666666,0,0,0,0,0,0,0,0.7805845659575266,6.573680166960646,7.8686083776014435,1.0986122886681098,0.23657337954580723,0.16712286889005362,8.028781162487148,1.9991152142115904,False,False,False,True,False,False
6.818850027557036,75.51020408163265,0,0,0,0,0,0,0,0.8886641126398388,7.463363045520021,10.401186759828693,0.6931471805599453,1.8137292431845222,0.0928733034065676,7.691200097522863,1.9906184714459416,True,False,False,False,False,False
6.873205160812818,76.08200455580865,0,0,0,0,0,0,0,0.9299128317489078,9.07371849443322,10.191215983206497,3.4965075614664802,0.35486006931871084,0.3853445049691159,8.174702882469461,2.0644946046636603,False,False,False,False,False,True
6.427690326839088,70.45454545454545,0,0,0,0,0,0,0,0.7805845659575266,8.400209835930418,9.783002990437407,1.0986122886681098,0.31543117272774296,0.13078391017912305,8.028781162487148,1.9991152142115904,False,False,False,True,False,False
6.90836132184995,78.0952380952381,0,0,0,0,0,0,0,0.34871731190584043,8.648747631156539,10.411816628758986,2.5649493574615367,0.4337178625006466,0.2965688752694641,8.174702882469461,2.0644946046636603,False,False,False,False,False,True
6.5004185244497705,79.59183673469387,0,0,0,0,0,0,0,0.7555541757959876,7.242797922793756,9.91128039696677,3.295836866004329,0.5914334488645181,0.45505023074467194,8.174702882469461,2.0644946046636603,False,False,False,False,False,True
6.882103182024544,84.78354978354979,0,0,0,0,0,0,0,0.6974346238116809,12.834363921258339,10.564183513980916,3.2188758248682006,0.5914334488645181,0.25080135210569965,8.174702882469461,2.0644946046636603,False,False,False,False,False,True
6.92343943356571,85.64558788170234,0,0,0,0,0,0,0,0.7264943998038342,11.97390096300596,10.245193725116032,3.258096538021482,0.4337178625006466,0.2720998401513053,8.174702882469461,2.0644946046636603,False,False,False,False,False,True
6.949484610218818,0.0,0,0,0,0,0,0,0,0.8886641126398388,4.189654742026425,10.607502162899086,0.6931471805599453,0.9857224147741969,0.16544255391905832,7.691200097522863,1.9906184714459416,True,False,False,False,False,False
6.20715799971213,100.0,0,0,0,0,0,0,0,0.8886641126398388,4.290459441148391,9.847465822742766,0.6931471805599453,0.5520045522735503,0.16155546744299637,7.691200097522863,1.9906184714459416,True,False,False,False,False,False
6.818504430229769,79.87616099071208,0,0,0,0,0,0,0,0.34871731190584043,10.231423458135055,10.5441915157358,2.5649493574615367,0.6702912420464539,0.2506933045980159,8.174702882469461,2.0644946046636603,False,False,False,False,False,True
6.822369666044151,84.09542743538768,0,0,0,0,0,0,0,0.8886641126398388,10.145845322774143,10.19354510551492,0.6931471805599453,0.5914334488645181,0.06831832720769496,7.691200097522863,1.9906184714459416,True,False,False,False,False,False
6.829940793551526,79.21440261865794,0,0,0,0,0,0,0,0.7555541757959876,9.978177498167572,10.6599636855664,3.295836866004329,0.9068646215922611,0.33030449364220954,8.174702882469461,2.0644946046636603,False,False,False,False,False,True
6.891417907797165,42.857142857142854,0,0,0,0,0,0,0,1.1474812689742986,8.272059622210412,10.475275318192313,1.3862943611198906,1.1434380011380683,0.1675875688078579,7.360739903058278,2.0186487050933315,False,False,False,False,True,False
6.794607080130419,0.0,0,0,0,0,0,0,0,0.38249375632476623,4.174387269895637,9.797980786126336,0.6931471805599453,2.0503026227303294,0.16604764621593784,7.360739903058278,2.0186487050933315,False,False,False,False,True,False
6.823696150302719,83.33333333333334,0,0,0,0,0,0,0,0.8886641126398388,5.723585101952381,10.525912686799506,0.6931471805599453,1.1040091045471006,0.12110367334688617,7.691200097522863,1.9906184714459416,True,False,False,False,False,False
6.780595148016227,0.0,0,0,0,0,0,0,0,0.8886641126398388,4.74493212836325,10.075392106597004,0.6931471805599453,0.7097201386374217,0.14608157963242444,7.691200097522863,1.9906184714459416,True,False,False,False,False,False
6.854123792605303,71.73913043478261,0,0,0,0,0,0,0,0.8886641126398388,8.042056410058754,10.433667606671134,0.6931471805599453,0.9462935181832289,0.08619029079340682,7.691200097522863,1.9906184714459416,True,False,False,False,False,False
6.8700913908694865,82.61367978601452,0,0,0,0,0,0,0,0.8886641126398388,11.108290012602541,10.540845522878904,0.6931471805599453,1.8137292431845222,0.06239908930839564,7.691200097522863,1.9906184714459416,True,False,False,False,False,False
6.295993024103089,60.0,0,0,0,0,0,0,0,5.2307596785876065,4.976733742420574,7.827680491919387,5.198497031265826,0.7885779318193574,1.0445600066877179,8.174702882469461,2.0644946046636603,False,False,False,False,False,True
6.742301173298169,80.76923076923077,0,0,0,0,0,0,0,1.5111083515919752,8.034631032923107,10.171466586021008,3.970291913552122,0.5125756556825823,0.4941473848995996,8.174702882469461,2.0644946046636603,False,False,False,False,False,True
6.786000370687271,70.9090909090909,0,0,0,0,0,0,0,1.1708768489362897,7.3833681469923835,9.939591632397473,1.3862943611198906,1.2222957943200041,0.1877590733010649,8.028781162487148,1.9991152142115904,False,False,False,True,False,False
6.5004185244497705,100.0,0,0,0,0,0,0,0,0.13788144168663172,3.6635616461296463,9.91128039696677,0.6931471805599453,0.7491490352283896,0.18920035951687003,6.415096959171596,1.8969222823803258,False,False,True,False,False,False
6.93983680999547,79.75308641975309,0,0,0,0,0,0,0,0.8886641126398388,8.868131713503033,10.469545939405089,0.6931471805599453,1.1828668977290362,0.07816157934421823,7.691200097522863,1.9906184714459416,True,False,False,False,False,False
6.868724819918593,76.56916514320537,0,0,0,0,0,0,0,0.7805845659575266,11.20947979733897,10.659571328191142,1.0986122886681098,1.0645802079561326,0.09800742840260174,8.028781162487148,1.9991152142115904,False,False,False,True,False,False
6.626533453023366,0.0,0,0,0,0,0,0,0,1.5111083515919752,3.58351893845611,9.563059716451976,3.970291913552122,1.4194402772748433,1.1079310537319627,8.174702882469461,2.0644946046636603,False,False,False,False,False,True
6.786975454264241,74.90644948272067,0,0,0,0,0,0,0,0.8886641126398388,11.20168813289691,10.224166822188002,0.6931471805599453,1.3405824840929077,0.06187881436587433,7.691200097522863,1.9906184714459416,True,False,False,False,False,False
6.829940793551526,76.6109785202864,0,0,0,0,0,0,0,1.5611691319150531,9.307467082706905,10.6599636855664,1.6094379124341003,0.7097201386374217,0.1729190012849366,8.028781162487148,1.9991152142115904,False,False,False,True,False,False
6.195191110040243,75.0,0,0,0,0,0,0,0,0.3902922829787633,5.552959584921617,7.8686083776014435,0.6931471805599453,1.4588691738658113,0.12482481998286134,8.028781162487148,1.9991152142115904,False,False,False,True,False,False
6.657777498633077,74.962852897474,0,0,0,0,0,0,0,0.7805845659575266,10.095099156237175,10.207815502941266,1.0986122886681098,0.8280068284103254,0.10882629993677091,8.028781162487148,1.9991152142115904,False,False,False,True,False,False
6.110232844165658,50.0,0,0,0,0,0,0,0,1.8156922051605084,5.493061443340548,9.059811780007355,1.0986122886681098,0.9857224147741969,0.2,6.104793232414985,1.8852953146630171,False,True,False,False,False,False
6.885625457752329,0.0,0,0,0,0,0,0,0,0.8886641126398388,4.955827057601261,10.465425245378393,0.6931471805599453,0.8280068284103254,0.13986508659473787,7.691200097522863,1.9906184714459416,True,False,False,False,False,False
6.510263751421897,71.55756207674943,0,0,0,0,0,0,0,0.13788144168663172,9.848767340335895,9.93043086016947,0.6931471805599453,3.70631627955098,0.07037907959518366,6.415096959171596,1.8969222823803258,False,False,True,False,False,False
6.164566264410774,56.81818181818182,0,0,0,0,0,0,0,1.1708768489362897,7.756195343948118,8.390577965008806,1.3862943611198906,2.0503026227303294,0.1787338120875935,8.028781162487148,1.9991152142115904,False,False,False,True,False,False
6.869497280859013,78.69767441860465,0,0,0,0,0,0,0,0.3777770878979938,10.135630487647138,10.534651884839528,2.6390573296152584,0.7097201386374217,0.26037426412018727,8.174702882469461,2.0644946046636603,False,False,False,False,False,True
6.886663041849979,81.25,0,0,0,0,0,0,0,0.8886641126398388,7.789868559054706,10.445537173369958,0.6931471805599453,0.19714448295483936,0.08898060028936587,7.691200097522863,1.9906184714459416,True,False,False,False,False,False
6.74986407137829,71.35416666666666,0,0,0,0,0,0,0,0.38249375632476623,9.080345575359996,10.440940805566955,0.6931471805599453,2.3657337954580724,0.07633488998930144,7.360739903058278,2.0186487050933315,False,False,False,False,True,False
6.829100575762723,82.41758241758241,0,0,0,0,0,0,0,0.13788144168663172,7.772331575169614,10.865110774579836,0.6931471805599453,0.5125756556825823,0.08918137033349853,6.415096959171596,1.8969222823803258,False,False,True,False,False,False
6.855944669483427,83.91472868217055,0,0,0,0,0,0,0,0.34871731190584043,11.832186143146664,10.506955325331703,2.5649493574615367,0.3942889659096787,0.21677729934524267,8.174702882469461,2.0644946046636603,False,False,False,False,False,True
6.22747829422649,50.0,0,0,0,0,0,0,0,0.8886641126398388,4.875197323201151,8.715280860702519,0.6931471805599453,1.2222957943200041,0.1421782821510107,7.691200097522863,1.9906184714459416,True,False,False,False,False,False
6.6725494253734485,79.36078006500541,0,0,0,0,0,0,0,0.3777770878979938,11.126041650398415,10.114947136693601,2.6390573296152584,0.4337178625006466,0.2371964273134602,8.174702882469461,2.0644946046636603,False,False,False,False,False,True
6.195191110040243,48.93617021276596,0,0,0,0,0,0,0,1.1708768489362897,7.061334366910438,7.8686083776014435,1.3862943611198906,0.3942889659096787,0.19632186908130217,8.028781162487148,1.9991152142115904,False,False,False,True,False,False
6.84073948827224,0.0,0,0,0,0,0,0,0,0.35959152870240046,8.29853954537488,10.224385977612846,2.5933276030091386,1.2617246909109718,0.3125040965135254,8.174702882469461,2.0644946046636603,False,False,False,False,False,True
6.5004185244497705,79.14831130690162,0,0,0,0,0,0,0,0.13788144168663172,9.534595424658804,9.91128039696677,0.6931471805599453,0.7097201386374217,0.07269812191163315,6.415096959171596,1.8969222823803258,False,False,True,False,False,False
5.7918085106382975,50.0,0,0,0,0,0,0,0,0.38249375632476623,5.5909869805108565,7.751630876729169,0.6931471805599453,0.6308623454554859,0.1239758173245847,7.360739903058278,2.0186487050933315,False,False,False,False,True,False
6.840850632094109,75.90361445783132,0,0,0,0,0,0,0,0.6974346238116809,8.955706153570603,10.611601948919969,3.2188758248682006,0.5914334488645181,0.3594217775428963,8.174702882469461,2.0644946046636603,False,False,False,False,False,True
5.879225467208256,68.0,0,0,0,0,0,0,0,0.9078461025802542,6.579251212010101,8.024343613012375,0.6931471805599453,0.5125756556825823,0.10535350577504003,6.104793232414985,1.8852953146630171,False,True,False,False,False,False
6.195191110040243,63.26530612244898,0,0,0,0,0,0,0,0.3902922829787633,7.805474625270857,7.8686083776014435,0.6931471805599453,1.1828668977290362,0.08880269475424661,8.028781162487148,1.9991152142115904,False,False,False,True,False,False
6.891816304527772,85.48181818181818,0,0,0,0,0,0,0,0.6974346238116809,12.848915516180371,10.488023255417007,3.2188758248682006,1.0251513113651647,0.2505173157076749,8.174702882469461,2.0644946046636603,False,False,False,False,False,True
6.22747829422649,0.0,0,0,0,0,0,0,0,0.8886641126398388,5.713732805509369,8.715280860702519,0.6931471805599453,0.6702912420464539,0.12131249467801329,7.691200097522863,1.9906184714459416,True,False,False,False,False,False
6.673212468119849,80.67700987306064,0,0,0,0,0,0,0,0.34871731190584043,10.962093486181855,10.286423858136063,2.5649493574615367,1.2222957943200041,0.23398353249721462,8.174702882469461,2.0644946046636603,False,False,False,False,False,True
6.5264888547538815,0.0,0,0,0,0,0,0,0,0.8886641126398388,4.454347296253507,9.75745455496221,0.6931471805599453,1.6165847602296828,0.15561139140249397,7.691200097522863,1.9906184714459416,True,False,False,False,False,False
6.715311595606283,69.56521739130434,0,0,0,0,0,0,0,0.13788144168663172,7.542213463193403,10.037615527530173,0.6931471805599453,1.2222957943200041,0.0919023551829391,6.415096959171596,1.8969222823803258,False,False,True,False,False,False
6.863908046786232,66.66666666666666,0,0,0,0,0,0,0,1.1333312636939814,6.486160788944089,10.312909684071684,3.6888794541139363,0.7097201386374217,0.5687308061190487,8.174702882469461,2.0644946046636603,False,False,False,False,False,True
6.153171904926564,61.29032258064516,0,0,0,0,0,0,0,0.7805845659575266,7.444833273892193,8.19139039754028,1.0986122886681098,1.4194402772748433,0.14756707749530973,8.028781162487148,1.9991152142115904,False,False,False,True,False,False
6.640698109965129,50.0,0,0,0,0,0,0,0,0.38249375632476623,4.700480365792417,10.314177554377048,0.6931471805599453,1.4194402772748433,0.14746305199023912,7.360739903058278,2.0186487050933315,False,False,False,False,True,False
6.786000370687271,56.25,0,0,0,0,0,0,0,1.4820485755998218,6.967909201801884,9.939591632397473,3.9512437185814275,0.7097201386374217,0.5670630319866461,8.174702882469461,2.0644946046636603,False,False,False,False,False,True
5.558589488847307,0.0,0,0,0,0,0,0,0,0.7555541757959876,4.997212273764115,5.858417164315927,3.295836866004329,0.23657337954580723,0.6595350938577927,8.174702882469461,2.0644946046636603,False,False,False,False,False,True
6.775421225450796,0.0,0,0,0,0,0,0,0,3.447036042165793,3.5553480614894135,10.449561475376813,3.258096538021482,0.5914334488645181,0.916393129919492,6.415096959171596,1.8969222823803258,False,False,True,False,False,False
6.844958269434055,80.33898305084746,0,0,0,0,0,0,0,1.336749695639055,8.924789360533357,9.979304294970351,3.8501476017100584,0.5520045522735503,0.431399268506654,8.174702882469461,2.0644946046636603,False,False,False,False,False,True
6.866382174457917,80.21052631578948,0,0,0,0,0,0,0,0.7555541757959876,9.492959650085501,10.204215420543385,3.295836866004329,1.3800113806838756,0.3471874934151484,8.174702882469461,2.0644946046636603,False,False,False,False,False,True
6.881411982126464,0.0,0,0,0,0,0,0,0,0.34871731190584043,11.320953492344099,10.5146780909202,2.5649493574615367,0.5125756556825823,0.2265665484092049,8.174702882469461,2.0644946046636603,False,False,False,False,False,True
6.836277023693221,71.17647058823529,0,0,0,0,0,0,0,0.6393150718273741,8.516392871245468,10.361353905563771,3.1354942159291497,0.7885779318193574,0.3681716265715914,8.174702882469461,2.0644946046636603,False,False,False,False,False,True
6.4552094280772,62.5,0,0,0,0,0,0,0,1.1708768489362897,8.0959035329611,9.987816426365548,1.3862943611198906,0.6702912420464539,0.17123405132927136,8.028781162487148,1.9991152142115904,False,False,False,True,False,False
6.728879252982257,68.27586206896552,0,0,0,0,0,0,0,0.38249375632476623,8.45126704130007,10.092995148114731,0.6931471805599453,1.7348714500025864,0.08201695404637427,7.360739903058278,2.0186487050933315,False,False,False,False,True,False
6.925007357097154,77.77777777777779,0,0,0,0,0,0,0,0.3902922829787633,6.728628613084702,10.493978613557319,0.6931471805599453,0.35486006931871084,0.10301462904521579,8.028781162487148,1.9991152142115904,False,False,False,True,False,False
6.195191110040243,51.42857142857142,0,0,0,0,0,0,0,0.3902922829787633,7.189922170745808,7.8686083776014435,0.6931471805599453,1.6954425534116186,0.09640538021123606,8.028781162487148,1.9991152142115904,False,False,False,True,False,False
6.861400697760774,44.44444444444444,0,0,0,0,0,0,0,0.8886641126398388,7.8156105320351905,10.110620161027823,0.6931471805599453,1.4194402772748433,0.08868752834072571,7.691200097522863,1.9906184714459416,True,False,False,False,False,False
7.087491088910527,82.96432964329642,0,0,0,0,0,0,0,0.8886641126398388,11.548302261270587,11.001143736636351,0.6931471805599453,1.2222957943200041,0.06002156549751432,7.691200097522863,1.9906184714459416,True,False,False,False,False,False
5.879225467208256,66.66666666666666,0,0,0,0,0,0,0,0.9078461025802542,4.844187086458591,8.024343613012375,0.6931471805599453,0.7885779318193574,0.14308844150498737,6.104793232414985,1.8852953146630171,False,True,False,False,False,False
6.620949893864058,42.857142857142854,0,0,0,0,0,0,0,0.8886641126398388,6.558197802812269,9.820537328349257,0.6931471805599453,2.4445915886400083,0.10569171613925883,7.691200097522863,1.9906184714459416,True,False,False,False,False,False
6.40169871215857,80.0,0,0,0,0,0,0,0,0.34871731190584043,6.720220155135295,9.324495915651033,2.5649493574615367,0.4337178625006466,0.3816763883102127,8.174702882469461,2.0644946046636603,False,False,False,False,False,True
6.921574720175078,80.03300330033002,0,0,0,0,0,0,0,0.3777770878979938,9.726631035173233,10.637392775333703,2.6390573296152584,0.31543117272774296,0.271322857839673,8.174702882469461,2.0644946046636603,False,False,False,False,False,True
6.530004759786913,50.0,0,0,0,0,0,0,0,0.13788144168663172,5.1298987149230735,9.769799840470803,0.6931471805599453,2.8388805545496867,0.13511907721365987,6.415096959171596,1.8969222823803258,False,False,True,False,False,False
6.912246921981804,85.24590163934425,0,0,0,0,0,0,0,0.6974346238116809,8.529911963824013,10.309042582602713,3.2188758248682006,0.5520045522735503,0.37736331142920243,8.174702882469461,2.0644946046636603,False,False,False,False,False,True
6.195191110040243,71.50537634408603,0,0,0,0,0,0,0,0.7805845659575266,8.950792138768174,7.8686083776014435,1.0986122886681098,0.6308623454554859,0.12273911310148054,8.028781162487148,1.9991152142115904,False,False,False,True,False,False
6.671140218499566,76.33587786259542,0,0,0,0,0,0,0,0.34871731190584043,9.616205400105674,9.763111410243045,2.5649493574615367,0.4337178625006466,0.26673196450580705,8.174702882469461,2.0644946046636603,False,False,False,False,False,True
6.5004185244497705,0.0,0,0,0,0,0,0,0,3.442443806922896,4.795790545596741,9.91128039696677,2.302585092994046,0.8674357250012932,0.48012628389456374,7.360739903058278,2.0186487050933315,False,False,False,False,True,False
6.809281649391791,0.0,0,0,0,0,0,0,0,0.8886641126398388,4.5217885770490405,10.332892429531798,0.6931471805599453,2.0503026227303294,0.15329048865267808,7.691200097522863,1.9906184714459416,True,False,False,False,False,False
6.8619586988913,79.3103448275862,0,0,0,0,0,0,0,2.3417536978725795,6.821107472256465,10.347901815893529,1.9459101490553132,1.4982980704567792,0.2852777436757779,8.028781162487148,1.9991152142115904,False,False,False,True,False,False
6.555621413678604,70.0,0,0,0,0,0,0,0,8.601693693677397,6.580639137284949,9.490725716753616,5.6937321388027,0.3942889659096787,0.8652247935223856,8.174702882469461,2.0644946046636603,False,False,False,False,False,True
6.195191110040243,60.526315789473685,0,0,0,0,0,0,0,0.7805845659575266,7.076653815443951,7.8686083776014435,1.0986122886681098,0.7097201386374217,0.15524459968220006,8.028781162487148,1.9991152142115904,False,False,False,True,False,False
6.751071611686139,59.523809523809526,0,0,0,0,0,0,0,0.5515257667465269,7.584773077612199,10.368851881522286,1.6094379124341003,1.3011535875019398,0.21219328461976553,6.415096959171596,1.8969222823803258,False,False,True,False,False,False
6.5004185244497705,100.0,0,0,0,0,0,0,0,0.13788144168663172,4.174387269895637,9.91128039696677,0.6931471805599453,0.6702912420464539,0.16604764621593784,6.415096959171596,1.8969222823803258,False,False,True,False,False,False
5.558589488847307,0.0,0,0,0,0,0,0,0,1.5111083515919752,4.2626798770413155,5.858417164315927,3.970291913552122,0.5125756556825823,0.9314074779426934,8.174702882469461,2.0644946046636603,False,False,False,False,False,True
6.764465840959698,50.0,0,0,0,0,0,0,0,0.8886641126398388,5.298317366548036,10.329557543516108,0.6931471805599453,1.1828668977290362,0.13082402064781276,7.691200097522863,1.9906184714459416,True,False,False,False,False,False
6.861580289532,76.92307692307693,0,0,0,0,0,0,0,0.3902922829787633,5.998936561946683,10.265143799776233,0.6931471805599453,1.5771558636387148,0.11554500925327603,8.028781162487148,1.9991152142115904,False,False,False,True,False,False
6.604842707205482,0.0,0,0,0,0,0,0,0,0.3777770878979938,10.620009404412524,9.94521695986674,2.6390573296152584,0.5125756556825823,0.2484985868768395,8.174702882469461,2.0644946046636603,False,False,False,False,False,True
6.807816301526198,77.5,0,0,0,0,0,0,0,0.3902922829787633,7.884576510596324,10.199257519424267,0.6931471805599453,0.3942889659096787,0.08791178316659158,8.028781162487148,1.9991152142115904,False,False,False,True,False,False
6.51386116769379,75.0,0,0,0,0,0,0,0,0.3902922829787633,6.740519359606223,9.665011696915512,0.6931471805599453,0.4337178625006466,0.10283290405094817,8.028781162487148,1.9991152142115904,False,False,False,True,False,False
6.882013906344811,82.78145695364239,0,0,0,0,0,0,0,0.3777770878979938,11.384398671280563,10.47833677644045,2.6390573296152584,0.5520045522735503,0.23181350247974114,8.174702882469461,2.0644946046636603,False,False,False,False,False,True
6.845532650796314,54.166666666666664,0,0,0,0,0,0,0,0.4136443250598951,7.298445101508147,10.403572955571182,1.3862943611198906,1.4194402772748433,0.18994379512883194,6.415096959171596,1.8969222823803258,False,False,True,False,False,False
6.5004185244497705,68.88888888888889,0,0,0,0,0,0,0,1.1474812689742986,7.144407180321139,9.91128039696677,1.3862943611198906,1.8925870363664579,0.19403910305369482,7.360739903058278,2.0186487050933315,False,False,False,False,True,False
5.817807413381953,0.0,0,0,0,0,0,0,0,0.8886641126398388,3.970291913552122,9.466174682164501,0.6931471805599453,0.47314675909161447,0.1745834300480449,7.691200097522863,1.9906184714459416,True,False,False,False,False,False
6.2467029592772985,61.64383561643836,0,0,0,0,0,0,0,0.7805845659575266,8.209852481301272,9.657145167764883,1.0986122886681098,1.0251513113651647,0.13381632510088395,8.028781162487148,1.9991152142115904,False,False,False,True,False,False
6.411338909838561,100.0,0,0,0,0,0,0,0,0.27576288337326343,4.330733340286331,9.627407971042903,1.0986122886681098,2.720593864776783,0.2536781192340681,6.415096959171596,1.8969222823803258,False,False,True,False,False,False
6.335340516815215,100.0,0,0,0,0,0,0,0,0.9078461025802542,4.0943445622221,9.321823180451121,0.6931471805599453,1.1434380011380683,0.16929380759878143,6.104793232414985,1.8852953146630171,False,True,False,False,False,False
6.5004185244497705,0.0,0,0,0,0,0,0,0,1.6273474555605887,5.407171771460119,9.91128039696677,4.04305126783455,0.27600227613677514,0.7477201462647062,8.174702882469461,2.0644946046636603,False,False,False,False,False,True
5.775788441476067,100.0,0,0,0,0,0,0,0,0.9078461025802542,4.394449154672439,8.653460843742746,0.6931471805599453,0.35486006931871084,0.15773243839286435,6.104793232414985,1.8852953146630171,False,True,False,False,False,False
6.671140218499566,68.07727690892365,0,0,0,0,0,0,0,2.6774562942733633,10.490079059076491,9.763111410243045,2.0794415416798357,0.9857224147741969,0.1982293488894737,7.360739903058278,2.0186487050933315,False,False,False,False,True,False
6.662948251583755,0.0,0,0,0,0,0,0,0,0.3777770878979938,4.060443010546419,10.093243666143405,2.6390573296152584,0.4337178625006466,0.6499432014587287,8.174702882469461,2.0644946046636603,False,False,False,False,False,True
6.862374535968757,78.33675564681725,0,0,0,0,0,0,0,0.8427335037724477,9.863186255762603,10.233896761384662,3.4011973816621555,0.9462935181832289,0.34483759035524586,8.174702882469461,2.0644946046636603,False,False,False,False,False,True
6.865855695491454,78.95500725689405,0,0,0,0,0,0,0,2.3417536978725795,10.107407508882579,10.543368565200243,1.9459101490553132,0.9462935181832289,0.19252317148044254,8.028781162487148,1.9991152142115904,False,False,False,True,False,False
6.5004185244497705,75.0,0,0,0,0,0,0,0,0.7555541757959876,7.098375638590786,9.91128039696677,3.295836866004329,0.6308623454554859,0.4643086015462883,8.174702882469461,2.0644946046636603,False,False,False,False,False,True
6.210994540743939,70.94594594594594,0,0,0,0,0,0,0,0.3902922829787633,8.181720455128108,9.75771043532434,0.6931471805599453,1.3800113806838756,0.08471900065046797,8.028781162487148,1.9991152142115904,False,False,False,True,False,False
6.962424008119456,71.81818181818181,0,0,0,0,0,0,0,0.5811955198430674,7.957527402230773,10.27410002589116,3.044522437723423,0.9462935181832289,0.3825965383254523,8.174702882469461,2.0644946046636603,False,False,False,False,False,True
6.6222179777463115,69.6969696969697,0,0,0,0,0,0,0,0.3902922829787633,7.340186835320115,10.204529627404957,0.6931471805599453,0.5125756556825823,0.09443181707917878,8.028781162487148,1.9991152142115904,False,False,False,True,False,False
6.886170847065008,77.8688524590164,0,0,0,0,0,0,0,0.34871731190584043,9.71697723512072,10.370021064020882,2.5649493574615367,0.35486006931871084,0.2639657678923924,8.174702882469461,2.0644946046636603,False,False,False,False,False,True
7.053557074291733,0.0,0,0,0,0,0,0,0,0.6974346238116809,10.864005673985291,10.862012248795937,3.2188758248682006,2.3263048988671047,0.2962881207413256,8.174702882469461,2.0644946046636603,False,False,False,False,False,True
6.718199894385314,74.61089494163424,0,0,0,0,0,0,0,0.38249375632476623,9.877605482822025,10.03002137888564,0.6931471805599453,1.2222957943200041,0.07017360450013778,7.360739903058278,2.0186487050933315,False,False,False,False,True,False
6.775421225450796,61.53846153846154,0,0,0,0,0,0,0,7.031953526018217,8.866440619526173,10.449561475376813,3.9512437185814275,0.5520045522735503,0.44564035198970114,6.415096959171596,1.8969222823803258,False,False,True,False,False,False
6.677693639525605,62.0,0,0,0,0,0,0,0,0.7649875126495325,7.443078374348516,9.328032216867232,1.0986122886681098,1.3405824840929077,0.14760187027645938,7.360739903058278,2.0186487050933315,False,False,False,False,True,False
6.795739225463397,83.21062319221667,0,0,0,0,0,0,0,0.34871731190584043,12.022143797735803,10.466771990233553,2.5649493574615367,0.5125756556825823,0.21335207768389927,8.174702882469461,2.0644946046636603,False,False,False,False,False,True
6.195191110040243,50.0,0,0,0,0,0,0,0,0.3902922829787633,6.410174881966167,7.8686083776014435,0.6931471805599453,0.7491490352283896,0.10813233543908228,8.028781162487148,1.9991152142115904,False,False,False,True,False,False
6.779782172998328,72.72727272727273,0,0,0,0,0,0,0,0.8886641126398388,6.618738983517219,10.42324578946821,0.6931471805599453,0.5125756556825823,0.10472496079481361,7.691200097522863,1.9906184714459416,True,False,False,False,False,False
6.7769703251696285,0.0,0,0,0,0,0,0,0,0.3902922829787633,5.4116460518550396,10.054565428986306,0.6931471805599453,1.3011535875019398,0.12808435250903813,8.028781162487148,1.9991152142115904,False,False,False,True,False,False
6.787148989909033,83.13253012048193,0,0,0,0,0,0,0,0.8886641126398388,7.523481312573497,10.129558143580851,0.6931471805599453,0.6702912420464539,0.09213117594929547,7.691200097522863,1.9906184714459416,True,False,False,False,False,False
6.7813092851953085,50.0,0,0,0,0,0,0,0,0.3902922829787633,5.147494476813453,10.069789591777988,0.6931471805599453,0.15771558636387148,0.13465719753215488,8.028781162487148,1.9991152142115904,False,False,False,True,False,False
6.662948251583755,0.0,0,0,0,0,0,0,0,10.663969351678066,4.61512051684126,10.093243666143405,2.5649493574615367,0.6308623454554859,0.5557708294077383,7.691200097522863,1.9906184714459416,True,False,False,False,False,False
6.6819426705842195,50.0,0,0,0,0,0,0,0,1.1333312636939814,4.867534450455582,9.837538159759628,3.6888794541139363,0.6702912420464539,0.7578537947006562,8.174702882469461,2.0644946046636603,False,False,False,False,False,True
6.5004185244497705,75.0,0,0,0,0,0,0,0,0.13788144168663172,4.787491742782046,9.91128039696677,0.6931471805599453,1.0251513113651647,0.14478295061395813,6.415096959171596,1.8969222823803258,False,False,True,False,False,False
6.81823449633989,0.0,0,0,0,0,0,0,0,0.8886641126398388,4.624972813284271,9.698986449188135,0.6931471805599453,1.2617246909109718,0.14987054163194743,7.691200097522863,1.9906184714459416,True,False,False,False,False,False
6.728879252982257,72.65625,0,0,0,0,0,0,0,0.38249375632476623,8.83869681234353,10.092995148114731,0.6931471805599453,1.0645802079561326,0.07842187545022955,7.360739903058278,2.0186487050933315,False,False,False,False,True,False
6.764465840959698,0.0,0,0,0,0,0,0,0,3.9521295349328582,6.315358001522335,10.329557543516108,4.919980925828125,0.31543117272774296,0.7790502018479633,8.174702882469461,2.0644946046636603,False,False,False,False,False,True
5.817807413381953,0.0,0,0,0,0,0,0,0,0.8886641126398388,4.007333185232471,9.466174682164501,0.6931471805599453,0.6702912420464539,0.1729696904450771,7.691200097522863,1.9906184714459416,True,False,False,False,False,False
6.40169871215857,0.0,0,0,0,0,0,0,0,3.777770878979938,4.454347296253507,9.324495915651033,4.875197323201151,0.7885779318193574,1.0944807395915481,8.174702882469461,2.0644946046636603,False,False,False,False,False,True
6.7148620860958035,52.0,0,0,0,0,0,0,0,1.5611691319150531,7.109062135687172,10.391826953398729,1.6094379124341003,0.7097201386374217,0.22639243851235935,8.028781162487148,1.9991152142115904,False,False,False,True,False,False
6.82373534428293,70.39473684210526,0,0,0,0,0,0,0,0.38249375632476623,8.13622555490846,10.394897993142768,0.6931471805599453,1.6954425534116186,0.08519271938592954,7.360739903058278,2.0186487050933315,False,False,False,False,True,False
6.838888244975533,74.24242424242425,0,0,0,0,0,0,0,0.8886641126398388,9.453757028129948,10.332850079665725,0.6931471805599453,0.6308623454554859,0.07331975832438514,7.691200097522863,1.9906184714459416,True,False,False,False,False,False
6.889678266422713,74.48275862068967,0,0,0,0,0,0,0,0.8886641126398388,8.087025470667701,10.37484668725167,0.6931471805599453,1.4194402772748433,0.08571101736652698,7.691200097522863,1.9906184714459416,True,False,False,False,False,False
6.195191110040243,67.53246753246754,0,0,0,0,0,0,0,0.7805845659575266,8.491875383431948,7.8686083776014435,1.0986122886681098,1.6560136568206507,0.1293721632810998,8.028781162487148,1.9991152142115904,False,False,False,True,False,False
6.638243832197137,100.0,0,0,0,0,0,0,0,0.8886641126398388,4.90527477843843,10.118310337677755,0.6931471805599453,0.5125756556825823,0.14130649390055278,7.691200097522863,1.9906184714459416,True,False,False,False,False,False
6.5004185244497705,0.0,0,0,0,0,0,0,0,0.38249375632476623,3.9889840465642745,9.91128039696677,0.6931471805599453,2.208018209094201,0.17376534287144,7.360739903058278,2.0186487050933315,False,False,False,False,True,False
6.956160055045119,77.45664739884393,0,0,0,0,0,0,0,3.051276479176104,8.302017809751204,10.303525446726534,4.663439094112067,0.3942889659096787,0.5617235714231528,8.174702882469461,2.0644946046636603,False,False,False,False,False,True
6.773814947045645,76.59574468085107,0,0,0,0,0,0,0,0.38249375632476623,9.940735166562794,10.567351141646377,0.6931471805599453,1.1434380011380683,0.06972795964743668,7.360739903058278,2.0186487050933315,False,False,False,False,True,False
6.869738746532374,80.36072144288578,0,0,0,0,0,0,0,0.7555541757959876,9.254357257392957,10.278188855871878,3.295836866004329,0.8674357250012932,0.35613892724655827,8.174702882469461,2.0644946046636603,False,False,False,False,False,True
6.5264888547538815,0.0,0,0,0,0,0,0,0,0.8886641126398388,4.48863636973214,9.75745455496221,0.6931471805599453,1.9714448295483937,0.15442266280111014,7.691200097522863,1.9906184714459416,True,False,False,False,False,False
6.8565901876316175,78.16901408450704,0,0,0,0,0,0,0,1.5111083515919752,8.740976538017787,9.78682387317848,3.970291913552122,0.4337178625006466,0.45421605884466487,8.174702882469461,2.0644946046636603,False,False,False,False,False,True
6.548792989998894,0.0,0,0,0,0,0,0,0,0.3902922829787633,3.9889840465642745,9.223228522439266,0.6931471805599453,0.5914334488645181,0.17376534287144,8.028781162487148,1.9991152142115904,False,False,False,True,False,False
6.810042529424079,42.857142857142854,0,0,0,0,0,0,0,3.0222167031839504,5.521460917862246,10.047568209938474,4.653960350157523,0.7491490352283896,0.842885681777026,8.174702882469461,2.0644946046636603,False,False,False,False,False,True
6.26522859704693,0.0,0,0,0,0,0,0,0,0.8886641126398388,4.787491742782046,8.33775665141873,0.6931471805599453,1.3011535875019398,0.14478295061395813,7.691200097522863,1.9906184714459416,True,False,False,False,False,False
6.494012152354782,80.32786885245902,0,0,0,0,0,0,0,0.3777770878979938,10.770356921076566,10.003184523854106,2.6390573296152584,2.9965961409135584,0.24502970040397398,8.174702882469461,2.0644946046636603,False,False,False,False,False,True
6.889678266422713,50.0,0,0,0,0,0,0,0,0.38249375632476623,6.901737206656574,10.37484668725167,0.6931471805599453,1.1828668977290362,0.10043082774745755,7.360739903058278,2.0186487050933315,False,False,False,False,True,False
6.865193368386633,55.55555555555556,0,0,0,0,0,0,0,3.690591551003478,6.3835066348840055,10.088688950375406,4.852030263919617,1.0251513113651647,0.7600885440307501,8.174702882469461,2.0644946046636603,False,False,False,False,False,True
6.780483215297768,80.59701492537313,0,0,0,0,0,0,0,0.7805845659575266,7.147559271189454,10.351888300317848,1.0986122886681098,1.4588691738658113,0.15370453702936349,8.028781162487148,1.9991152142115904,False,False,False,True,False,False
6.490336269696487,0.0,0,0,0,0,0,0,0,0.8886641126398388,4.465908118654584,8.81811505604364,0.6931471805599453,0.9068646215922611,0.1552085627701551,7.691200097522863,1.9906184714459416,True,False,False,False,False,False
6.722350611700423,60.3448275862069,0,0,0,0,0,0,0,2.3417536978725795,7.231287004327616,10.001683832365845,1.9459101490553132,1.2222957943200041,0.2690959642302635,8.028781162487148,1.9991152142115904,False,False,False,True,False,False
6.865589542548404,74.53482190324296,0,0,0,0,0,0,0,0.38249375632476623,10.399828782101146,10.41825505771094,0.6931471805599453,2.3263048988671047,0.06664986463555068,7.360739903058278,2.0186487050933315,False,False,False,False,True,False
6.892501368430791,0.0,0,0,0,0,0,0,0,0.35959152870240046,13.18736241748677,10.447361224082172,2.5933276030091386,0.7097201386374217,0.19665248598691135,8.174702882469461,2.0644946046636603,False,False,False,False,False,True
6.788534694664589,0.0,0,0,0,0,0,0,0,0.35959152870240046,6.837332814685591,10.275350601278461,2.5933276030091386,0.7491490352283896,0.3792893622845227,8.174702882469461,2.0644946046636603,False,False,False,False,False,True
6.738572847556955,0.0,0,0,0,0,0,0,0,4.733054879469294,4.990432586778736,10.406176714829902,2.5933276030091386,0.6308623454554859,0.5196598807645852,7.360739903058278,2.0186487050933315,False,False,False,False,True,False
5.558589488847307,0.0,0,0,0,0,0,0,0,1.7924587419262124,4.290459441148391,5.858417164315927,2.6390573296152584,0.5125756556825823,0.6150990041544092,6.415096959171596,1.8969222823803258,False,False,True,False,False,False
6.449164054780811,76.96476964769647,0,0,0,0,0,0,0,0.34871731190584043,9.9066326016802,9.361804272922905,2.5649493574615367,0.9462935181832289,0.2589123328371451,8.174702882469461,2.0644946046636603,False,False,False,False,False,True
6.911270384486426,82.6946847960445,0,0,0,0,0,0,0,0.8886641126398388,9.924955459151368,10.487910845375799,0.6931471805599453,1.6560136568206507,0.06983882027609752,7.691200097522863,1.9906184714459416,True,False,False,False,False,False
6.8493737032354485,69.70728386657589,0,0,0,0,0,0,0,0.8886641126398388,10.169882145844653,10.393512447414535,0.6931471805599453,1.5377269670477471,0.0681568547815631,7.691200097522863,1.9906184714459416,True,False,False,False,False,False
6.5264888547538815,0.0,0,0,0,0,0,0,0,0.8886641126398388,4.543294782270004,9.75745455496221,0.6931471805599453,2.5234493818219437,0.15256487060115928,7.691200097522863,1.9906184714459416,True,False,False,False,False,False
6.195191110040243,0.0,0,0,0,0,0,0,0,4.829555421039003,4.23410650459726,7.8686083776014435,2.5933276030091386,0.7097201386374217,0.6124852079638018,8.028781162487148,1.9991152142115904,False,False,False,True,False,False
6.661310512963811,59.09090909090909,0,0,0,0,0,0,0,0.8886641126398388,6.82001636467413,9.769621419046755,0.6931471805599453,1.7348714500025864,0.10163424008045835,7.691200097522863,1.9906184714459416,True,False,False,False,False,False
6.5004185244497705,0.0,0,0,0,0,0,0,0,2.6774562942733633,4.060443010546419,9.91128039696677,2.0794415416798357,0.6308623454554859,0.5121218389911604,7.360739903058278,2.0186487050933315,False,False,False,False,True,False
6.5004185244497705,64.93506493506493,0,0,0,0,0,0,0,1.529975025299065,7.430114138561801,9.91128039696677,1.6094379124341003,1.2617246909109718,0.21661011963210955,7.360739903058278,2.0186487050933315,False,False,False,False,True,False
6.786000370687271,77.77777777777779,0,0,0,0,0,0,0,0.7555541757959876,7.510430556378006,9.939591632397473,3.295836866004329,0.8674357250012932,0.438834610248202,8.174702882469461,2.0644946046636603,False,False,False,False,False,True
6.693995382256044,71.05263157894737,0,0,0,0,0,0,0,2.294962537948597,7.869783902530146,10.119584371094923,1.9459101490553132,1.4194402772748433,0.24726347929702372,7.360739903058278,2.0186487050933315,False,False,False,False,True,False
6.723823326708267,80.0,0,0,0,0,0,0,0,0.7805845659575266,6.508769136971682,10.08673262684853,1.0986122886681098,0.6308623454554859,0.16878956152057625,8.028781162487148,1.9991152142115904,False,False,False,True,False,False
7.058022440247221,72.19430485762143,0,0,0,0,0,0,0,3.824937563247662,10.391024078324165,10.886436520876883,2.3978952727983707,1.3011535875019398,0.230766020242453,7.360739903058278,2.0186487050933315,False,False,False,False,True,False
