true_values,predicted_values,difference,Action/Adventure,Fantasy/Supernatural,Comedy,Drama/Romance,Science Fiction,Psychological/Thriller,Other/Uncategorized,type_Movie,type_Music,type_ONA,type_OVA,type_Special,type_TV
7.03,6.884589572010235,0.14541042798976545,1,0,1,0,0,0,0,False,False,False,False,True,False
5.63,5.697235876656068,0.0672358766560679,0,0,1,0,0,0,1,False,False,False,True,False,False
6.52,6.082084979055444,0.4379150209445557,1,0,0,0,1,0,0,False,False,False,True,False,False
6.5,7.1744176719797785,0.6744176719797785,0,0,0,1,0,0,1,False,False,False,True,False,False
6.36,6.293139326687674,0.06686067331232604,0,1,0,1,0,0,1,True,False,False,False,False,False
5.79,6.991926232657957,1.2019262326579572,1,0,1,0,1,0,0,False,False,False,True,False,False
6.56,5.76881796185494,0.7911820381450596,1,1,0,0,0,0,1,True,False,False,False,False,False
5.0,6.66808580301139,1.6680858030113903,0,0,0,1,0,0,1,False,False,False,True,False,False
7.74,7.15352736415178,0.58647263584822,1,0,0,1,1,0,0,False,False,False,True,False,False
6.42,5.922404422882454,0.4975955771175462,1,0,0,0,0,0,1,False,False,False,True,False,False
6.68,6.9095705975335555,0.2295705975335558,1,0,0,0,1,0,0,False,False,False,False,False,True
6.21,6.695565037671271,0.4855650376712708,0,0,1,1,0,0,0,False,False,False,True,False,False
6.3,6.392299368162555,0.09229936816255524,0,0,1,1,0,0,0,True,False,False,False,False,False
7.52,7.475259645805826,0.04474035419417355,1,0,1,0,0,0,0,True,False,False,False,False,False
6.89,6.704310354381108,0.18568964561889167,0,0,1,0,0,0,0,False,False,False,False,True,False
4.93,5.4103286045835555,0.48032860458355575,0,0,0,0,0,0,1,False,False,False,True,False,False
7.44,6.941241526323429,0.49875847367657133,0,0,1,0,0,0,0,False,False,False,False,True,False
6.62,6.047267135521778,0.5727328644782217,0,1,0,0,0,0,1,False,False,False,False,False,True
6.02,6.485688108020722,0.46568810802072225,0,0,1,1,0,0,0,False,False,False,False,True,False
6.62,7.09172937837323,0.4717293783732295,0,0,0,0,0,0,0,False,True,False,False,False,False
6.62,6.430265850392129,0.1897341496078715,0,0,1,0,0,0,0,False,False,False,False,False,True
5.3,5.276866322873737,0.02313367712626313,0,0,0,0,0,0,1,False,False,False,True,False,False
4.8,5.168065113827655,0.3680651138276554,0,1,0,0,0,0,0,False,False,True,False,False,False
6.8,6.83457661411356,0.03457661411356039,1,1,1,0,0,0,1,False,False,False,False,False,True
9.0,6.1336380453731865,2.8663619546268135,1,1,1,0,0,0,0,True,False,False,False,False,False
4.16,4.358011250252899,0.19801125025289856,0,0,0,0,0,0,1,True,False,False,False,False,False
7.82,7.504734006674002,0.3152659933259985,1,1,0,1,0,0,0,False,False,False,False,True,False
7.39,7.250557900490885,0.13944209950911457,1,0,1,0,1,0,0,False,False,False,False,False,True
5.41,5.836697603163209,0.42669760316320904,0,0,1,0,0,0,0,True,False,False,False,False,False
6.4,6.4950794119616635,0.09507941196166314,0,0,0,0,0,0,1,False,False,False,True,False,False
5.5,6.1584223620035585,0.6584223620035585,0,0,1,0,0,0,0,False,False,False,False,False,True
8.27,6.854885212958228,1.4151147870417713,0,0,1,0,0,0,0,False,False,False,False,False,True
7.59,7.486884124364449,0.10311587563555058,1,0,0,1,1,0,0,True,False,False,False,False,False
6.47,6.559838367989261,0.08983836798926159,0,0,1,0,0,0,0,False,False,False,False,False,True
8.49,7.881475641231795,0.6085243587682054,0,0,1,1,0,0,0,False,False,False,False,False,True
6.65,6.365546304526013,0.2844536954739869,0,0,1,0,0,0,0,False,False,False,False,False,True
7.2,6.426299491459109,0.773700508540891,0,1,1,0,0,0,0,False,False,False,True,False,False
6.44,6.112384355009377,0.32761564499062334,0,0,1,0,1,0,0,False,False,False,False,True,False
5.24,5.553075942001248,0.3130759420012481,0,0,1,0,0,0,1,True,False,False,False,False,False
6.24,6.034118733798818,0.20588126620118263,0,0,0,0,0,0,1,False,False,False,True,False,False
6.0,6.056316513988656,0.05631651398865589,0,0,1,0,1,0,0,False,False,False,False,False,True
7.88,8.103306017292505,0.2233060172925052,1,1,0,1,0,0,0,False,False,False,False,False,True
8.93,8.338159878786444,0.591840121213556,0,0,1,1,0,0,0,False,False,False,False,False,True
6.13,5.261063262661034,0.8689367373389656,0,1,1,0,0,0,1,False,False,False,False,True,False
6.03,5.699068095491888,0.3309319045081125,0,0,1,1,0,0,1,False,False,False,True,False,False
4.0,5.756009760012487,1.7560097600124873,0,0,0,0,0,0,1,False,False,False,True,False,False
6.1,5.923052503800422,0.17694749619957761,1,0,0,0,1,0,0,True,False,False,False,False,False
4.65,6.84261570335609,2.19261570335609,0,0,1,0,0,0,1,False,False,False,True,False,False
6.5,6.210963650773036,0.2890363492269641,1,1,1,0,1,0,0,False,False,False,True,False,False
6.83,6.688489733259549,0.1415102667404513,0,0,0,1,0,0,1,False,False,False,True,False,False
7.07,7.31814118266648,0.24814118266647966,0,0,1,0,0,0,0,False,False,False,False,True,False
8.0,6.198647683478119,1.8013523165218812,0,1,0,0,0,0,1,False,False,False,True,False,False
7.14,6.934772707093663,0.20522729290633634,0,0,1,0,1,0,0,False,False,False,False,False,True
7.71,7.449352512748763,0.2606474872512372,0,0,0,1,0,0,0,True,False,False,False,False,False
6.25,5.542058716742551,0.7079412832574494,1,0,0,0,0,0,0,False,False,False,True,False,False
6.91,7.039822311525301,0.12982231152530055,1,1,0,1,1,0,0,False,False,False,True,False,False
7.11,7.1655125661619135,0.055512566161913135,1,1,1,1,0,1,0,False,False,False,True,False,False
7.4,7.39965920880078,0.0003407911992203694,0,0,1,1,0,0,0,True,False,False,False,False,False
7.85,7.859369923122998,0.009369923122998003,1,0,0,1,1,0,0,False,False,False,True,False,False
5.39,5.4456365515739495,0.055636551573949866,0,0,0,0,0,0,1,False,False,False,True,False,False
6.18,5.874258366068685,0.3057416339313148,0,0,1,0,0,0,1,False,False,False,False,True,False
6.93,7.069670858280274,0.13967085828027415,0,0,1,1,0,0,0,False,False,False,False,False,True
7.1,7.2447072000967,0.14470720009670046,0,0,1,1,0,0,0,False,False,False,False,True,False
6.05,5.817807991733975,0.2321920082660247,0,1,0,0,0,0,1,False,False,False,True,False,False
5.72,5.737142397090851,0.017142397090851524,0,0,1,0,0,0,1,False,False,False,True,False,False
5.87,5.7706879000443285,0.09931209995567158,0,0,0,0,1,1,0,False,False,False,False,True,False
6.77,6.507397876320998,0.2626021236790015,0,0,0,0,0,0,0,False,False,False,False,False,True
7.21,6.780962456029647,0.4290375439703533,0,0,0,1,0,0,0,False,False,False,False,True,False
5.95,6.6101903422633495,0.6601903422633493,0,0,1,0,0,0,0,False,False,False,False,True,False
8.03,7.641474718481708,0.3885252815182918,0,0,1,1,0,0,0,False,False,False,True,False,False
6.56,7.269479054653893,0.7094790546538938,1,1,1,0,0,1,1,False,False,False,False,True,False
7.87,7.815124915275787,0.05487508472421343,1,0,0,1,0,1,0,True,False,False,False,False,False
5.67,6.136906371213855,0.46690637121385503,1,0,0,1,0,0,0,False,False,False,False,True,False
9.25,6.644931057971895,2.6050689420281046,0,0,0,1,0,0,1,False,False,False,True,False,False
6.15,6.57940447317638,0.42940447317637975,0,0,0,0,0,0,1,False,False,False,False,False,True
4.92,5.431120362669937,0.5111203626699368,0,0,0,0,0,0,1,True,False,False,False,False,False
6.39,6.2278715529970405,0.16212844700295914,0,0,1,0,1,0,0,False,False,False,True,False,False
7.24,7.195035510405227,0.04496448959477295,1,1,0,0,0,0,0,True,False,False,False,False,False
7.09,6.589814617875878,0.5001853821241218,1,0,1,0,0,1,0,False,False,False,False,False,True
4.95,6.5630940145532035,1.6130940145532033,1,1,0,0,0,1,0,True,False,False,False,False,False
7.47,7.872160165623287,0.40216016562328694,0,0,0,1,0,0,0,True,False,False,False,False,False
6.78,6.952343502346027,0.1723435023460267,0,0,0,1,0,0,0,False,True,False,False,False,False
5.95,6.742174596572637,0.7921745965726368,1,1,0,0,0,0,0,False,False,False,False,False,True
6.5,6.489654612289138,0.010345387710861687,0,0,0,0,0,0,1,False,False,False,True,False,False
5.94,5.727522864927034,0.21247713507296595,0,0,0,0,0,0,1,False,False,False,True,False,False
5.21,6.197545987790764,0.9875459877907637,0,0,0,0,0,0,0,False,True,False,False,False,False
6.71,6.680463568994365,0.029536431005634967,0,0,0,0,0,0,1,False,False,False,True,False,False
4.67,4.652167724847842,0.01783227515215824,0,0,0,0,0,0,0,False,True,False,False,False,False
6.59,5.871968946583709,0.7180310534162908,1,0,0,0,0,0,1,True,False,False,False,False,False
7.07,6.783139228205,0.28686077179500025,0,1,1,0,0,0,0,False,False,False,False,False,True
6.54,6.708334652487001,0.16833465248700108,0,1,0,1,0,0,0,False,False,False,False,False,True
7.42,7.254470494060586,0.16552950593941418,0,0,1,0,0,0,0,False,False,False,False,True,False
6.4,6.0786987177067955,0.32130128229320487,1,1,0,0,0,0,0,False,False,False,True,False,False
6.48,6.661114026682368,0.18111402668236742,0,0,0,0,1,0,0,False,False,False,False,True,False
7.51,6.827488768805749,0.6825112311942512,0,0,1,0,0,1,0,False,False,False,True,False,False
6.78,5.621126753293421,1.1588732467065794,1,0,1,0,0,0,0,False,False,False,False,True,False
8.2,5.923987779297158,2.2760122207028415,0,0,1,0,0,0,0,True,False,False,False,False,False
6.22,6.459080524363261,0.23908052436326166,0,1,1,1,0,0,1,True,False,False,False,False,False
6.96,6.54728057033991,0.4127194296600898,0,0,0,0,0,0,1,False,False,False,False,True,False
5.5,5.743075038925416,0.24307503892541593,0,1,0,0,0,0,0,False,False,True,False,False,False
7.66,7.318822140182922,0.34117785981707804,0,0,1,0,1,0,0,True,False,False,False,False,False
6.38,7.177603295410182,0.7976032954101822,0,0,0,0,0,0,0,False,False,False,True,False,False
5.89,5.656484100521345,0.2335158994786548,0,1,1,0,0,0,1,True,False,False,False,False,False
7.04,7.254107380807751,0.21410738080775094,0,0,0,1,0,0,0,False,False,False,False,False,True
7.7,8.09273720218556,0.3927372021855602,0,0,1,1,1,0,0,False,False,False,False,False,True
4.85,5.383672611599097,0.5336726115990977,0,0,0,0,0,0,0,False,True,False,False,False,False
7.92,8.025594179210133,0.10559417921013292,1,1,0,0,0,0,0,False,False,False,False,False,True
7.46,7.50443738332886,0.0444373833288596,0,0,1,1,0,0,0,False,False,False,False,False,True
6.8,6.2508213056553155,0.5491786943446844,0,0,1,0,0,0,1,True,False,False,False,False,False
5.39,5.668726964113884,0.27872696411388453,0,0,0,0,0,0,1,True,False,False,False,False,False
7.2,7.3314440883309135,0.13144408833091337,1,1,0,0,0,0,0,False,False,False,False,False,True
6.99,6.939393032374441,0.050606967625559385,0,0,0,1,0,0,1,False,False,False,True,False,False
7.69,7.626517383160528,0.06348261683947243,0,1,1,0,0,0,0,False,False,False,False,True,False
6.74,6.655724777933022,0.08427522206697802,1,0,0,1,1,0,0,False,True,False,False,False,False
6.49,6.799898396933447,0.30989839693344656,0,0,1,0,0,0,0,False,False,False,False,True,False
5.29,6.332969884654401,1.0429698846544007,0,1,1,0,0,0,0,False,False,False,False,False,True
7.09,6.693086700516417,0.39691329948358245,0,0,0,0,0,0,1,False,False,False,True,False,False
7.61,7.264153352639391,0.34584664736060944,1,1,0,1,0,0,0,True,False,False,False,False,False
8.17,8.185155812752615,0.01515581275261546,0,1,0,0,0,1,0,False,False,False,False,False,True
7.05,6.656725584252231,0.39327441574776856,0,0,1,1,0,0,0,False,False,False,True,False,False
6.0,6.717142834942877,0.7171428349428766,0,0,0,1,0,0,1,False,False,False,True,False,False
7.53,7.356238836559212,0.17376116344078785,0,0,1,1,0,0,1,False,False,False,False,False,True
7.1,7.115577495895453,0.015577495895453097,1,0,1,1,1,0,0,False,False,False,False,False,True
5.45,5.940106682548507,0.49010668254850653,1,0,0,0,0,0,1,False,False,False,True,False,False
6.8,6.2810510832061,0.5189489167938994,1,1,0,0,1,0,0,False,False,False,False,False,True
5.74,5.860524304328032,0.12052430432803174,0,0,1,0,0,1,0,False,False,False,True,False,False
6.01,5.7625867621877,0.2474132378122995,0,0,1,0,1,0,0,False,False,True,False,False,False
6.16,6.470021001417755,0.3100210014177547,1,0,1,1,0,0,0,False,False,False,False,True,False
7.16,6.703483158637202,0.4565168413627978,1,0,0,0,1,0,0,False,False,False,False,False,True
6.98,6.829665202593752,0.15033479740624855,0,0,0,0,0,0,1,False,False,False,True,False,False
6.34,6.569516210867422,0.22951621086742247,0,0,1,0,0,0,0,False,False,True,False,False,False
6.48,6.66401832036113,0.18401832036112964,0,1,1,0,1,0,1,True,False,False,False,False,False
8.17,7.575801060909766,0.5941989390902336,1,1,0,0,0,0,0,False,False,False,True,False,False
7.62,7.57558697059369,0.04441302940630987,1,1,1,1,0,0,1,False,False,False,False,False,True
5.98,6.220021394002383,0.24002139400238232,1,1,1,0,0,0,0,False,False,False,True,False,False
6.34,6.3539302506749475,0.013930250674947686,0,0,1,0,0,0,1,False,False,False,False,True,False
6.5,5.9082646077049485,0.5917353922950515,1,0,0,0,0,0,0,True,False,False,False,False,False
5.75,6.380255355973452,0.6302553559734516,1,1,1,1,0,0,0,False,False,False,False,True,False
5.33,5.850273754552779,0.5202737545527789,0,0,1,0,0,0,0,False,False,False,False,False,True
7.76,7.440162381943014,0.31983761805698574,1,1,1,0,0,0,0,True,False,False,False,False,False
7.42,7.480384803901355,0.060384803901355255,0,0,1,0,0,0,0,False,False,False,False,True,False
7.5,7.3925910190741995,0.10740898092580053,1,0,1,0,0,0,0,True,False,False,False,False,False
5.51,5.371597611169578,0.13840238883042222,0,0,0,0,0,0,1,False,False,False,True,False,False
7.36,7.162709838743433,0.19729016125656695,0,0,1,0,0,0,0,False,False,False,False,True,False
6.25,7.137497325465555,0.8874973254655547,1,1,0,0,0,0,0,False,False,False,False,False,True
8.34,8.09420206597173,0.24579793402826944,1,1,0,1,0,0,0,True,False,False,False,False,False
6.54,6.031758578002639,0.5082414219973614,0,0,0,0,0,0,1,False,False,False,True,False,False
6.37,6.102039938940463,0.2679600610595374,0,0,0,0,0,0,0,False,False,False,True,False,False
6.67,6.787476186657974,0.11747618665797432,1,1,1,0,0,0,1,False,False,False,True,False,False
6.25,6.01910296489882,0.23089703510118031,1,0,0,0,0,0,1,True,False,False,False,False,False
6.87,6.766641698808618,0.10335830119138212,1,0,0,1,1,0,0,False,False,False,False,True,False
4.58,4.740511765066111,0.16051176506611053,0,0,0,0,0,0,1,True,False,False,False,False,False
6.16,6.502668112072532,0.34266811207253145,1,1,0,0,0,0,0,False,False,False,False,False,True
6.46,6.8636623967582775,0.40366239675827753,1,0,0,0,1,0,0,False,False,False,False,False,True
7.06,7.554371084515333,0.4943710845153335,1,1,0,0,0,0,0,False,False,False,False,False,True
3.85,4.22588328732685,0.37588328732684984,0,0,0,0,1,0,0,False,True,False,False,False,False
5.47,6.186788989839715,0.7167889898397153,1,1,1,0,1,0,0,False,False,False,False,True,False
6.8,6.657138709667347,0.14286129033265293,0,0,1,0,0,0,0,False,False,True,False,False,False
5.68,6.2477270375836005,0.5677270375836008,1,0,1,0,1,0,0,False,False,False,True,False,False
6.75,5.738028000736307,1.011971999263693,0,0,0,0,0,0,0,True,False,False,False,False,False
8.83,8.434024681760704,0.3959753182392962,1,0,0,0,1,0,0,False,False,False,False,False,True
8.08,7.738017876321607,0.34198212367839265,0,1,0,0,0,1,0,False,False,False,False,False,True
8.31,7.306525538298309,1.0034744617016917,0,0,1,1,0,0,0,False,False,False,True,False,False
7.67,7.4969345611174845,0.17306543888251547,0,0,1,0,0,0,0,False,False,False,False,False,True
3.77,4.2234107238442995,0.4534107238442995,0,0,0,0,0,1,0,True,False,False,False,False,False
5.8,5.254191073739673,0.5458089262603272,1,0,0,0,0,0,0,True,False,False,False,False,False
7.4,6.961671585309839,0.4383284146901616,0,1,1,1,0,0,1,False,False,False,False,False,True
5.74,5.430534024223876,0.3094659757761242,0,0,0,0,0,0,1,False,False,False,True,False,False
4.36,3.836812911732376,0.5231870882676244,0,0,0,0,0,0,1,False,False,True,False,False,False
6.43,6.752683237872825,0.32268323787282505,0,1,0,0,0,0,0,False,False,False,False,True,False
7.14,7.4811494889752215,0.3411494889752218,1,1,0,0,0,0,0,False,False,False,True,False,False
5.9,5.924297460259784,0.024297460259783854,0,0,1,0,0,0,0,False,False,False,False,False,True
6.47610799251537,6.210114978319988,0.26599301419538257,1,0,0,0,0,0,0,False,False,False,False,False,True
7.33,7.369193511520292,0.039193511520291935,1,0,0,0,1,0,0,False,False,False,False,True,False
6.47610799251537,6.906966547585839,0.43085855507046844,1,1,1,0,0,0,0,True,False,False,False,False,False
6.52,6.0891547490224225,0.4308452509775771,1,0,0,0,1,0,0,False,True,False,False,False,False
8.03,7.729554736313439,0.30044526368656044,1,0,0,1,1,0,0,False,False,False,False,False,True
6.67,6.99163190371578,0.32163190371578043,0,1,0,1,0,0,1,False,False,False,True,False,False
7.23,7.231712829981102,0.0017128299811020042,1,0,0,0,1,0,0,False,False,True,False,False,False
5.9,6.720249375369761,0.8202493753697606,0,0,0,0,0,0,1,False,False,False,False,True,False
6.02,6.105001979334211,0.08500197933421116,1,1,0,0,1,0,0,True,False,False,False,False,False
7.22,7.182207814269338,0.037792185730661565,1,0,0,1,0,0,0,False,False,False,False,False,True
7.17,6.536376197892782,0.633623802107218,0,0,1,0,0,1,0,False,False,False,False,False,True
6.89,6.722896289284124,0.1671037107158755,0,0,0,0,0,0,1,False,False,False,True,False,False
6.02,6.594043061550278,0.5740430615502783,1,1,1,0,1,0,0,True,False,False,False,False,False
5.62,5.6805887208952,0.06058872089519962,1,0,0,0,0,0,0,False,False,False,True,False,False
6.57,6.084998860870643,0.4850011391293574,0,1,0,1,0,0,0,False,False,False,True,False,False
6.33,6.778265495994065,0.4482654959940646,0,0,0,1,0,0,1,False,False,False,False,False,True
6.17,6.209801867152712,0.039801867152712056,0,0,0,0,0,0,1,False,False,False,True,False,False
5.64,6.151602574499061,0.5116025744990615,0,0,1,0,0,0,1,False,False,False,False,False,True
5.88,5.7552439572568534,0.12475604274314644,0,0,0,0,1,0,0,False,False,True,False,False,False
6.2,6.565963877461092,0.36596387746109205,1,1,1,0,1,0,0,False,False,False,False,False,True
7.4,6.645442915232881,0.7545570847671197,1,0,1,0,0,0,0,True,False,False,False,False,False
6.73,6.475819698759285,0.2541803012407158,1,1,0,0,1,1,0,False,False,False,False,False,True
7.05,7.185540269767031,0.1355402697670316,1,0,0,0,1,0,0,True,False,False,False,False,False
6.0,5.599838027701638,0.4001619722983616,0,0,1,0,0,0,0,False,False,True,False,False,False
7.69,7.547803329196293,0.14219667080370701,0,0,1,1,0,0,0,True,False,False,False,False,False
8.47,8.067488732110075,0.40251126788992586,1,0,0,0,1,0,0,False,False,False,False,False,True
6.75,6.474578652442005,0.2754213475579954,0,0,1,0,0,0,1,False,False,False,False,False,True
6.12,5.851627052111711,0.268372947888289,0,1,1,0,0,0,0,False,False,False,True,False,False
6.84,6.785928906343211,0.05407109365678853,0,0,1,0,0,0,1,False,False,False,False,True,False
7.56,7.39005268691582,0.16994731308417954,0,1,0,1,0,1,0,False,False,False,False,True,False
5.98,5.7323038643583715,0.24769613564162896,0,0,0,0,0,0,0,True,False,False,False,False,False
5.25,5.764054769921121,0.5140547699211213,1,0,0,0,0,0,0,False,False,False,True,False,False
5.91,6.311380782195599,0.4013807821955986,0,1,1,1,0,0,0,False,False,False,False,False,True
5.44,5.527814606086048,0.08781460608604785,0,0,0,0,0,0,1,False,False,False,True,False,False
7.24,7.292792947623761,0.052792947623760966,1,1,0,0,0,0,0,False,False,False,True,False,False
6.94,6.297396369521564,0.6426036304784368,0,0,0,0,0,0,0,True,False,False,False,False,False
6.22,6.596264300809806,0.37626430080980633,1,0,0,0,1,0,0,False,False,False,False,False,True
7.48,7.000735318028684,0.47926468197131644,0,1,1,0,0,0,0,False,False,False,False,True,False
6.94,6.694537107033034,0.245462892966966,0,0,0,0,0,0,1,False,False,False,True,False,False
7.48,7.25752180367708,0.22247819632292032,0,0,0,1,0,0,0,False,False,False,False,False,True
5.21,6.037060176786153,0.8270601767861532,0,0,0,1,0,0,0,False,False,False,True,False,False
7.25,7.682998706043227,0.432998706043227,1,0,1,1,0,0,0,False,False,False,False,False,True
6.8,6.5906917628484525,0.20930823715154734,1,0,0,0,0,0,0,False,False,False,False,False,True
6.61,6.662457009197322,0.05245700919732155,0,0,1,0,0,0,0,False,False,False,False,False,True
5.44,5.431737098526748,0.008262901473252704,0,0,0,1,0,0,1,False,False,False,True,False,False
4.49,5.765748229449216,1.2757482294492162,1,0,0,0,0,0,1,True,False,False,False,False,False
4.92,6.5599378746387025,1.6399378746387026,0,0,0,0,0,0,1,False,False,False,True,False,False
7.51,6.9704579234532185,0.5395420765467813,1,0,0,0,1,0,0,False,False,False,False,False,True
4.67,5.913685644396009,1.2436856443960087,1,1,0,0,0,0,0,False,False,False,False,False,True
5.84,5.672129425872881,0.16787057412711892,0,1,0,0,1,0,0,False,False,False,True,False,False
7.11,5.884713942131004,1.2252860578689964,0,0,1,0,1,0,0,False,False,False,False,True,False
5.25,6.067440016009503,0.8174400160095026,1,0,1,0,0,0,0,False,False,False,True,False,False
7.77,7.969871198445009,0.19987119844500967,0,0,1,1,0,0,0,False,False,False,False,False,True
8.13,8.119164778508377,0.010835221491623415,1,0,1,0,0,1,0,True,False,False,False,False,False
6.04,6.061036022194765,0.021036022194764747,1,0,1,0,1,0,0,False,False,False,True,False,False
7.01,6.661370525635297,0.34862947436470293,0,0,0,1,1,0,0,False,False,False,True,False,False
7.15,6.670430373405417,0.479569626594583,1,0,1,0,1,0,0,False,False,False,False,True,False
3.91,6.222522065077924,2.312522065077924,0,1,0,0,0,0,0,False,False,False,False,False,True
6.49,5.915824974471025,0.5741750255289748,0,1,0,0,0,0,1,False,False,False,True,False,False
6.81,6.709585213992249,0.10041478600775022,0,0,1,0,0,0,0,False,False,False,False,True,False
7.22,7.787715746681348,0.5677157466813485,0,0,0,1,0,1,0,False,False,False,False,False,True
7.61,7.107459815586193,0.5025401844138075,0,0,1,0,1,0,0,False,False,False,True,False,False
5.61,6.186280314315642,0.5762803143156416,0,0,0,0,0,0,1,False,False,False,True,False,False
6.24,5.59243478537363,0.6475652146263702,0,1,1,0,0,0,1,True,False,False,False,False,False
6.32,6.53822081988145,0.21822081988144948,0,0,1,0,0,0,0,False,False,True,False,False,False
6.33,6.698270625590591,0.36827062559059076,0,0,1,0,0,0,1,False,False,False,False,False,True
5.85,5.550248857384061,0.29975114261593827,1,0,0,0,0,0,0,True,False,False,False,False,False
4.39,5.7449064839094115,1.3549064839094118,1,0,0,0,0,0,0,True,False,False,False,False,False
7.52,6.99414236130616,0.5258576386938394,1,0,1,0,0,0,0,False,False,False,False,False,True
7.32,7.026383353322685,0.29361664667731535,0,0,1,1,0,0,0,False,False,False,True,False,False
6.91,6.39620116176906,0.5137988382309402,0,1,0,0,0,0,0,False,False,True,False,False,False
6.71,6.620309618068419,0.08969038193158063,0,0,1,0,0,0,0,False,False,False,False,True,False
5.82,6.2029149969765704,0.38291499697657017,0,1,0,0,0,0,0,False,False,False,False,True,False
6.06,5.600370297664068,0.45962970233593126,0,0,0,0,0,0,0,False,False,True,False,False,False
6.77,6.965098195059072,0.19509819505907267,1,0,1,1,1,1,0,False,False,False,False,False,True
7.9,7.208945841079653,0.6910541589203474,1,0,1,1,0,0,1,False,False,False,False,False,True
6.76,7.044887580801218,0.2848875808012181,1,0,0,0,1,0,0,False,False,False,False,False,True
6.14,6.1137717458824525,0.026228254117547145,1,0,1,1,0,0,0,False,False,False,False,True,False
5.29,6.040784139213135,0.7507841392131347,0,0,0,1,0,0,0,False,False,False,True,False,False
7.2,7.458584464023707,0.2585844640237065,1,1,1,0,0,0,1,False,False,False,False,False,True
5.92,5.856675564339876,0.06332443566012369,0,0,0,1,1,0,0,False,False,False,True,False,False
6.43,6.142822785660121,0.287177214339879,1,0,0,0,1,0,0,False,False,False,True,False,False
4.88,5.805754505410731,0.9257545054107315,0,0,1,0,0,0,0,False,False,False,True,False,False
5.8,6.91659427360578,1.11659427360578,0,0,0,1,0,0,1,False,False,False,True,False,False
6.89,6.557362927609147,0.3326370723908525,1,0,1,0,1,0,0,False,False,False,False,False,True
6.95,7.047022320748665,0.0970223207486649,0,0,0,0,0,1,0,False,False,False,False,False,True
4.0,5.049998466189432,1.0499984661894324,1,0,0,0,0,0,0,True,False,False,False,False,False
7.04,7.1313994725432055,0.09139947254320546,1,1,0,0,1,0,0,True,False,False,False,False,False
3.11,5.556345324310166,2.446345324310166,0,0,1,0,0,0,0,False,False,False,False,True,False
7.97,8.17822890187855,0.2082289018785497,1,1,0,0,0,0,0,False,False,False,False,False,True
6.58,6.9061311145467865,0.32613111454678645,1,1,1,1,0,0,0,True,False,False,False,False,False
5.8,6.458668511598821,0.6586685115988216,0,0,0,1,0,0,1,False,False,False,True,False,False
7.09,7.51672391528307,0.42672391528306974,0,0,0,1,1,1,0,False,False,False,False,False,True
5.68,6.469262813128747,0.7892628131287474,0,1,0,0,0,0,0,True,False,False,False,False,False
6.35,6.577134973600663,0.2271349736006636,0,0,1,0,0,0,0,False,False,False,False,False,True
7.43,6.874880228851902,0.5551197711480977,1,1,0,0,1,0,1,False,False,False,False,False,True
6.2,6.074587227562666,0.1254127724373344,0,1,0,0,0,0,0,False,False,False,True,False,False
6.31,5.674937680179235,0.635062319820765,0,0,1,0,0,0,1,False,False,False,True,False,False
6.46,6.534563280154169,0.07456328015416869,0,0,1,0,0,0,1,False,False,False,False,False,True
6.17,5.750331112462929,0.4196688875370711,0,0,1,0,0,0,1,False,False,False,True,False,False
6.58,6.4425439953839,0.13745600461609975,1,0,0,0,0,0,0,False,False,False,False,False,True
5.86,6.250751694366597,0.39075169436659696,0,0,0,1,0,1,0,True,False,False,False,False,False
6.54,6.570629904715972,0.030629904715971712,1,0,0,0,0,0,0,False,False,False,False,False,True
6.93,6.6857931646691,0.2442068353308997,0,0,0,0,0,0,1,False,False,False,True,False,False
5.48,5.322466041527806,0.15753395847219487,0,0,0,0,0,0,1,False,False,False,True,False,False
8.23,7.879785158565008,0.35021484143499215,0,0,0,1,0,0,0,False,False,False,False,False,True
6.65,5.875731620227173,0.7742683797728276,1,0,0,0,1,0,0,True,False,False,False,False,False
6.13,6.771967791366392,0.6419677913663921,0,1,1,0,0,0,0,True,False,False,False,False,False
7.08,6.722509960100145,0.3574900398998553,0,0,0,0,0,0,1,False,False,False,True,False,False
7.29,7.01438807688575,0.2756119231142504,0,0,1,1,0,0,0,True,False,False,False,False,False
6.06,6.864826182349013,0.8048261823490135,0,0,1,1,0,0,0,False,False,False,False,False,True
3.59,4.82994593196022,1.2399459319602197,0,0,0,0,0,1,0,True,False,False,False,False,False
7.01,6.787625931721651,0.2223740682783486,1,0,0,0,0,0,0,False,False,False,True,False,False
7.5,6.932929421789138,0.5670705782108616,1,0,0,1,1,0,0,False,False,False,False,True,False
7.38,7.055332020333049,0.32466797966695093,1,0,0,1,1,0,0,False,False,False,False,False,True
6.0,6.280887327398122,0.28088732739812183,0,0,0,1,0,0,0,True,False,False,False,False,False
5.29,5.920980499303426,0.6309804993034263,1,1,0,0,1,0,1,False,False,False,True,False,False
7.1,6.682290002028667,0.41770999797133257,1,0,1,0,0,0,0,False,False,False,False,False,True
7.28,7.761785410371889,0.4817854103718888,0,0,1,1,1,1,0,False,False,False,False,False,True
4.11,4.36084399587045,0.2508439958704498,0,0,0,0,0,0,1,False,True,False,False,False,False
6.46,6.1318537556021315,0.32814624439786844,0,0,1,0,0,0,0,False,False,False,False,True,False
6.27,6.206930267021398,0.06306973297860186,0,0,0,0,0,0,1,False,False,False,True,False,False
5.44,5.237792323175832,0.20220767682416874,0,0,0,0,0,0,1,True,False,False,False,False,False
7.22,7.036532988736495,0.18346701126350506,0,0,0,1,0,0,0,False,False,False,False,True,False
6.23,6.287336164596313,0.057336164596312855,0,1,0,0,0,0,1,False,False,False,False,False,True
5.64,6.23950722627621,0.5995072262762102,1,0,0,0,1,0,0,False,False,False,True,False,False
6.77,6.828101415587435,0.05810141558743531,1,1,0,0,1,0,1,True,False,False,False,False,False
5.97,6.485900092338854,0.5159000923388541,0,0,1,0,1,0,0,False,False,False,True,False,False
7.94,7.396746725770407,0.5432532742295937,0,0,1,0,0,0,0,False,False,False,False,True,False
5.35,5.9094774326194734,0.5594774326194738,0,0,0,0,0,0,1,False,False,False,True,False,False
6.42,6.136333720561558,0.28366627943844236,0,0,0,1,0,0,0,False,False,False,False,True,False
6.77,6.857388907498763,0.08738890749876305,0,0,1,1,0,0,0,False,False,False,False,False,True
5.74,5.411884199823524,0.32811580017647657,0,0,0,0,0,0,1,False,False,False,True,False,False
7.35,7.072308547403007,0.2776914525969927,1,0,1,1,0,0,0,False,False,False,False,False,True
4.89,5.003162966842403,0.11316296684240346,0,0,0,0,0,0,0,False,True,False,False,False,False
5.26,5.811454259638546,0.5514542596385459,1,0,1,0,0,0,0,True,False,False,False,False,False
6.6,6.823775244877998,0.2237752448779986,1,0,1,0,0,0,1,True,False,False,False,False,False
5.75,5.281262516962169,0.468737483037831,0,0,0,0,0,0,1,False,False,False,False,True,False
6.34,6.555364180690952,0.2153641806909521,0,0,0,0,0,0,1,False,False,False,True,False,False
8.45,8.440605561229555,0.009394438770444324,0,0,1,1,0,0,0,False,False,False,False,False,True
7.51,7.055289584032359,0.45471041596764117,0,0,1,0,0,0,0,False,False,False,False,True,False
5.64,6.125852291347609,0.48585229134760954,0,0,1,0,1,0,0,False,False,False,False,True,False
6.02,6.298479579950807,0.2784795799508073,0,0,0,0,0,0,1,False,False,False,True,False,False
7.33,6.412184159573615,0.9178158404263854,0,0,1,0,0,0,1,False,False,False,False,False,True
6.65,6.531194281381859,0.11880571861814104,0,0,1,0,0,0,0,False,False,False,False,False,True
6.32,5.728691588974778,0.5913084110252225,0,0,0,0,0,0,0,False,False,False,False,True,False
7.88,7.567876621487825,0.3121233785121751,1,1,0,0,0,1,0,False,False,False,False,True,False
6.49,6.630674915615344,0.14067491561534418,0,0,0,1,0,0,0,True,False,False,False,False,False
6.21,6.318119892681302,0.10811989268130162,0,0,1,0,0,0,0,False,False,True,False,False,False
6.36,6.705438626530265,0.3454386265302647,0,1,1,1,0,0,1,False,False,False,True,False,False
7.19,7.278429512589664,0.0884295125896637,0,1,1,0,0,0,0,False,False,False,False,False,True
6.8,6.423411779888103,0.37658822011189663,0,0,1,0,0,0,0,False,False,False,False,True,False
5.67,5.879019921939388,0.20901992193938845,1,0,0,0,0,0,0,False,False,False,False,False,True
5.99,4.787097861153466,1.2029021388465342,1,0,1,0,0,0,0,True,False,False,False,False,False
6.58,7.102810150597667,0.5228101505976666,1,1,0,0,0,0,0,False,False,False,False,False,True
5.23,5.634803226945065,0.40480322694506476,0,1,0,0,0,0,0,False,False,False,True,False,False
5.26,5.585942283129266,0.3259422831292662,0,0,0,0,0,0,0,False,True,False,False,False,False
7.43,7.288037141762827,0.14196285823717236,1,1,1,1,0,0,1,False,False,False,False,False,True
6.84,7.132003629081471,0.2920036290814707,1,0,1,0,0,0,1,True,False,False,False,False,False
5.73,5.491539143391171,0.2384608566088291,1,0,1,0,0,0,1,False,False,False,True,False,False
7.55,6.979892255338102,0.5701077446618976,0,0,0,0,0,0,1,False,False,False,True,False,False
6.27,5.914358788550169,0.3556412114498304,0,1,0,0,0,0,1,False,False,False,True,False,False
6.67,6.036571006823465,0.6334289931765351,0,1,0,0,0,0,1,False,False,False,True,False,False
2.67,5.062823026560345,2.392823026560345,0,0,0,0,0,0,0,False,False,True,False,False,False
7.01,7.370701742674494,0.36070174267449406,0,1,0,0,0,0,0,True,False,False,False,False,False
5.65,5.947286614375134,0.2972866143751336,1,0,0,0,1,0,0,False,False,False,True,False,False
6.37,6.286810983181291,0.08318901681870905,0,0,0,0,0,0,1,False,False,False,True,False,False
6.12,6.404816647002429,0.2848166470024287,0,0,0,0,0,0,1,False,False,False,True,False,False
5.67,5.466692148377454,0.2033078516225455,0,0,1,0,0,0,1,False,False,False,False,True,False
4.94,5.675056388177726,0.7350563881777257,0,1,0,0,0,0,0,False,False,False,False,True,False
5.55,5.760754747272664,0.21075474727266386,0,0,0,0,1,0,0,False,False,False,True,False,False
7.56,6.737801845781278,0.8221981542187216,1,1,0,0,1,1,1,False,False,True,False,False,False
6.48,6.448504606368402,0.031495393631598034,1,0,0,0,0,0,0,False,False,False,True,False,False
6.43,6.869606658901778,0.43960665890177797,1,1,0,0,0,0,1,False,False,False,False,False,True
3.84,4.269226809938042,0.42922680993804185,0,0,0,0,0,0,1,False,True,False,False,False,False
6.49,7.031714698315901,0.5417146983159009,1,0,0,0,0,0,0,True,False,False,False,False,False
6.55,6.772087637935848,0.2220876379358483,1,1,1,1,0,0,1,False,False,False,False,False,True
8.75,8.252521305005956,0.49747869499404374,1,1,1,0,0,1,0,True,False,False,False,False,False
5.76,5.654321644759647,0.10567835524035285,0,0,0,0,0,0,1,False,False,False,True,False,False
6.13,5.576922626141438,0.5530773738585619,0,1,0,0,0,0,0,False,False,True,False,False,False
5.14,5.531625813052188,0.3916258130521886,0,0,0,0,0,0,1,False,False,False,True,False,False
6.49,6.49277228995574,0.0027722899557396374,1,0,0,0,1,0,1,False,False,False,False,False,True
5.7,4.59018485078813,1.1098151492118697,0,0,1,0,0,0,0,False,False,False,False,True,False
6.0,5.96527335151726,0.03472664848274043,0,0,0,0,0,0,1,True,False,False,False,False,False
7.48,7.0726291083044135,0.40737089169558693,0,0,1,1,0,0,1,True,False,False,False,False,False
6.87,6.876848613407032,0.0068486134070315785,0,1,1,1,0,0,0,False,False,False,False,False,True
5.86,6.770233673264417,0.9102336732644165,1,0,1,0,0,0,0,False,False,False,False,False,True
6.55,6.733572297964298,0.18357229796429841,1,0,0,0,1,0,0,False,False,False,False,False,True
6.91,6.221052716430758,0.6889472835692425,1,0,0,0,0,0,0,False,False,False,True,False,False
6.03,6.328946175221425,0.29894617522142486,0,0,1,1,0,0,0,False,False,False,False,True,False
6.73,6.241773323062156,0.4882266769378445,1,0,1,0,0,0,0,False,False,False,True,False,False
6.55,6.856181683931563,0.3061816839315634,1,1,0,0,0,0,0,False,False,False,False,False,True
5.7,5.919097156748837,0.21909715674883667,0,1,0,0,0,0,1,False,False,False,True,False,False
6.27,6.2368887727763465,0.03311122722365312,0,0,1,0,0,0,1,False,False,False,False,False,True
7.17,7.197433652569789,0.02743365256978869,1,1,0,0,0,1,0,False,False,False,False,False,True
5.54,6.429289839670653,0.8892898396706528,1,0,0,0,0,0,1,False,False,False,False,False,True
7.38,7.4551928498599915,0.07519284985999164,1,1,1,1,0,1,0,False,False,False,False,False,True
4.6,5.853559793481399,1.2535597934813998,1,0,0,0,0,0,0,True,False,False,False,False,False
5.63,5.611827149947693,0.01817285005230662,1,0,0,0,1,0,1,False,False,False,True,False,False
6.54,6.715452182114178,0.1754521821141779,1,0,1,1,1,0,1,False,False,False,True,False,False
7.21,7.233797588062332,0.02379758806233223,0,0,0,1,1,0,0,False,False,False,True,False,False
6.67,6.730663450636844,0.060663450636844196,1,0,0,0,0,0,1,False,False,False,False,False,True
8.39,8.184412512419867,0.205587487580134,0,0,1,1,0,0,0,False,False,False,False,False,True
7.04,6.927406138191112,0.11259386180888775,1,1,0,1,0,0,0,False,False,False,False,False,True
4.69,5.4040106326170925,0.7140106326170921,1,0,0,0,1,0,1,False,False,False,True,False,False
7.76,7.249709180342192,0.5102908196578078,1,1,1,0,1,0,1,False,False,False,False,False,True
7.04,7.374292072192117,0.33429207219211676,1,1,1,0,0,0,0,False,False,False,False,False,True
6.59,6.084817567093188,0.5051824329068122,0,1,1,0,0,0,0,False,False,False,False,False,True
3.5,4.558800875556192,1.0588008755561917,0,0,0,0,0,1,0,True,False,False,False,False,False
6.42,6.6454983243804016,0.22549832438040163,0,0,1,1,0,0,0,True,False,False,False,False,False
6.06,6.048844427593214,0.011155572406785552,0,1,0,1,0,0,0,True,False,False,False,False,False
7.13,6.4114415404303,0.7185584595697003,0,0,1,0,0,0,0,False,False,False,False,False,True
5.38,5.506665529092505,0.12666552909250495,0,1,1,0,0,0,1,True,False,False,False,False,False
7.62,7.650615659616207,0.030615659616207047,1,0,0,0,0,1,0,True,False,False,False,False,False
7.06,7.083415943570561,0.023415943570561204,0,1,1,0,0,0,0,False,False,False,False,False,True
6.23,6.401092654335923,0.17109265433592213,0,0,0,0,0,0,0,False,False,False,False,False,True
6.38,6.653270320855619,0.27327032085561953,0,0,0,1,1,0,0,False,False,False,False,False,True
7.43,7.184802368772035,0.24519763122796512,0,0,0,0,0,0,0,False,False,False,False,True,False
6.36,7.139308080241078,0.7793080802410781,1,0,0,1,1,0,0,True,False,False,False,False,False
4.74,5.889176610545272,1.1491766105452719,1,0,0,0,0,0,1,True,False,False,False,False,False
7.02,7.0580301196962125,0.03803011969621295,0,0,1,1,0,0,0,False,False,False,False,False,True
6.14,6.051936578107191,0.08806342189280869,0,0,0,0,0,0,1,False,False,False,True,False,False
6.8,6.544945538487437,0.2550544615125627,0,0,1,0,0,0,0,False,False,False,False,False,True
5.07,5.631506837019387,0.5615068370193868,0,1,1,0,0,0,1,False,False,False,True,False,False
5.24,5.400401413747,0.16040141374699957,1,0,1,0,0,0,0,True,False,False,False,False,False
6.49,6.9051417370834205,0.4151417370834203,0,1,1,0,0,0,0,False,False,False,True,False,False
7.59,7.436636227384868,0.15336377261513157,1,1,0,1,0,0,0,False,False,False,False,False,True
7.05,6.653560185579852,0.3964398144201482,0,1,1,0,0,0,1,False,False,False,False,True,False
6.78,6.461022096386274,0.31897790361372635,0,1,1,0,0,0,0,True,False,False,False,False,False
6.65,6.148118196898215,0.5018818031017851,0,0,0,0,0,0,0,True,False,False,False,False,False
6.27,6.84002821408843,0.5700282140884303,1,0,1,0,1,0,0,False,False,False,False,True,False
7.43,7.108470141704564,0.32152985829543557,1,1,1,0,0,0,1,True,False,False,False,False,False
5.86,5.979788809013098,0.11978880901309807,0,0,0,0,0,0,1,False,False,False,True,False,False
8.33,6.812179596448343,1.5178204035516574,0,0,0,1,0,0,1,False,False,False,True,False,False
6.44,6.291872529469971,0.14812747053002973,1,0,0,0,1,0,0,False,False,False,False,True,False
7.0,6.326951403663814,0.6730485963361863,0,0,1,0,0,0,0,False,False,False,False,True,False
7.56,7.00812652491662,0.5518734750833794,0,0,0,1,1,0,0,True,False,False,False,False,False
6.21,6.065594598896408,0.144405401103592,0,1,1,0,0,0,0,False,False,False,True,False,False
7.39,7.75282926179924,0.3628292617992406,1,0,0,0,0,0,0,True,False,False,False,False,False
6.56,5.832559151251822,0.727440848748178,1,0,0,0,1,0,0,False,False,False,True,False,False
6.82,6.946060038248246,0.1260600382482453,0,1,1,1,0,0,0,False,False,False,True,False,False
7.6,7.781210252661777,0.18121025266177693,0,0,0,0,1,1,0,True,False,False,False,False,False
6.88,6.891808609862238,0.011808609862238306,0,0,1,1,0,0,1,False,False,False,False,False,True
6.35,6.217346167124613,0.1326538328753868,0,0,0,1,0,0,0,True,False,False,False,False,False
6.04,6.408334516193085,0.36833451619308466,0,0,1,1,0,0,0,False,False,False,False,True,False
5.61,6.126895580554546,0.5168955805545457,0,0,0,1,0,0,0,False,False,False,True,False,False
8.16,7.518111669113722,0.6418883308862782,1,1,1,0,0,0,0,False,False,False,True,False,False
6.89,7.113640364387016,0.22364036438701618,1,0,1,0,1,0,0,False,False,False,True,False,False
7.41,6.514844094099101,0.8951559059008991,0,0,1,0,0,0,0,False,False,False,False,False,True
6.86,6.716400268935899,0.14359973106410173,0,0,1,1,0,0,0,False,False,False,False,True,False
4.17,5.188952655392577,1.0189526553925772,0,0,1,0,0,0,0,False,False,True,False,False,False
6.67,6.392422484264722,0.27757751573527756,0,0,1,0,0,0,0,False,False,False,True,False,False
6.28,7.311120598619469,1.0311205986194691,1,1,1,0,0,0,0,True,False,False,False,False,False
6.6,6.601174397597511,0.0011743975975111454,1,0,0,0,0,0,0,False,False,False,False,False,True
5.69,6.42947972894874,0.7394797289487398,0,1,1,0,0,0,1,False,False,False,False,False,True
4.92,5.472223079858935,0.5522230798589352,0,0,0,0,0,1,0,True,False,False,False,False,False
6.56,7.027521694424687,0.46752169442468716,1,0,0,0,1,0,0,False,False,False,False,False,True
6.74,6.465552989081,0.27444701091900026,0,0,0,1,0,0,0,True,False,False,False,False,False
7.63,7.097080978688606,0.5329190213113941,0,0,1,0,0,0,0,False,False,False,False,True,False
4.09,4.201330337766183,0.11133033776618273,0,0,0,0,0,0,1,False,True,False,False,False,False
7.52,7.883923111313917,0.36392311131391786,1,1,0,1,0,1,0,False,False,False,False,False,True
7.21,7.544165712256396,0.3341657122563957,1,1,1,0,0,0,1,False,False,False,False,False,True
4.35,5.707831674180402,1.3578316741804022,1,0,0,0,0,0,0,True,False,False,False,False,False
5.49,5.224819650387229,0.2651803496127716,1,0,0,0,0,0,0,True,False,False,False,False,False
5.99,6.3041350605258435,0.3141350605258433,0,0,0,0,0,0,1,False,False,False,True,False,False
3.7,4.89031390483004,1.19031390483004,0,0,0,0,0,0,0,False,True,False,False,False,False
7.4,6.700530493689374,0.699469506310626,1,0,1,0,1,0,0,False,False,False,True,False,False
6.58,7.1070214938015415,0.5270214938015414,1,1,0,0,0,0,0,False,False,False,False,True,False
7.22,7.155616379978433,0.06438362002156683,1,0,1,0,0,0,0,False,False,False,False,False,True
8.15,7.455484549982471,0.694515450017529,1,0,1,0,0,0,0,False,False,False,False,True,False
7.52,7.638348185016326,0.11834818501632682,0,0,1,0,0,0,0,False,False,False,False,False,True
7.16,6.6907778831420535,0.4692221168579467,0,1,0,1,0,0,0,False,False,False,False,False,True
6.47610799251537,6.630884158768183,0.15477616625281243,0,1,1,1,0,0,0,False,False,False,False,False,True
6.3,4.670089297846179,1.629910702153821,0,0,0,0,0,0,1,False,False,False,False,True,False
6.73,6.75546648120566,0.025466481205659974,0,0,1,0,0,0,0,False,False,False,False,True,False
6.78,6.222600634454378,0.5573993655456224,0,0,1,0,0,0,0,False,False,True,False,False,False
6.76,7.216111461367735,0.45611146136773506,0,0,1,0,0,0,0,False,False,True,False,False,False
5.75,5.4260336444602215,0.3239663555397785,0,0,1,0,0,0,0,False,False,False,False,True,False
7.33,7.027095384713886,0.30290461528611434,1,1,1,0,0,0,1,True,False,False,False,False,False
6.12,5.34188464205206,0.7781153579479403,0,0,1,0,0,0,0,False,False,True,False,False,False
7.33,6.883546602150019,0.4464533978499814,0,0,0,0,0,0,0,False,True,False,False,False,False
6.17,6.25282806142811,0.08282806142810983,0,0,0,0,0,0,0,False,True,False,False,False,False
6.93,6.89121160752849,0.03878839247150978,0,0,0,1,0,0,0,False,False,False,False,False,True
6.2,6.657996834912758,0.4579968349127581,0,0,1,1,0,0,1,False,False,False,False,True,False
5.27,5.80488588434746,0.5348858843474602,0,0,0,1,0,0,0,False,False,False,True,False,False
7.52,7.571603344961856,0.05160334496185648,1,1,1,1,0,0,0,False,False,False,False,False,True
6.89,7.032531276443578,0.14253127644357821,0,0,1,0,0,0,0,False,False,False,False,True,False
5.83,4.986265587831404,0.8437344121685957,0,0,0,0,0,0,1,False,True,False,False,False,False
7.68,7.183968360806537,0.49603163919346294,1,1,1,1,0,0,1,False,False,False,True,False,False
6.96,7.122630963562151,0.162630963562151,0,0,1,0,0,0,1,True,False,False,False,False,False
7.29,7.098401673712395,0.19159832628760487,1,0,0,0,0,0,0,False,False,False,True,False,False
6.84,6.909623203877261,0.06962320387726084,1,0,0,0,0,0,0,False,False,False,False,False,True
6.2,6.56598978506822,0.3659897850682201,0,1,1,1,0,0,1,False,False,False,True,False,False
3.59,4.465621696182135,0.8756216961821348,0,0,1,0,0,0,0,False,False,True,False,False,False
6.69,6.467754373046992,0.22224562695300865,1,0,0,0,1,0,0,False,False,False,True,False,False
8.27,8.007444767899699,0.26255523210030063,0,1,0,1,1,1,0,False,False,False,False,False,True
5.79,5.690924636783108,0.09907536321689214,0,0,0,0,0,0,0,False,True,False,False,False,False
5.9,5.7653895249882305,0.13461047501176981,0,0,0,0,0,0,1,False,False,False,True,False,False
8.68,7.86268670107466,0.81731329892534,1,0,1,0,0,0,0,False,False,False,False,False,True
6.75,6.735869898388077,0.014130101611923074,1,0,0,0,1,0,0,False,False,False,False,False,True
6.78,6.726908297480086,0.05309170251991446,0,0,0,0,0,0,0,False,True,False,False,False,False
6.66,6.722325998194245,0.062325998194245,0,0,0,0,0,0,1,False,False,False,True,False,False
8.1,7.70667842669647,0.39332157330352935,1,1,1,1,0,0,0,False,False,False,False,False,True
8.0,7.662611053823278,0.33738894617672166,0,1,1,1,0,0,0,False,False,False,True,False,False
7.42,7.054931626487297,0.3650683735127025,1,1,1,0,0,0,0,False,False,False,False,False,True
7.21,6.900849717706641,0.30915028229335917,0,0,0,0,0,0,1,False,False,False,True,False,False
5.84,5.250961274670422,0.5890387253295781,0,1,1,0,0,0,0,False,False,True,False,False,False
6.36,6.429781706831228,0.06978170683122809,0,0,0,0,0,0,1,False,False,False,True,False,False
5.62,6.496520409019831,0.8765204090198306,0,0,0,1,0,0,1,False,False,False,True,False,False
5.4,5.6285163244609215,0.22851632446092118,1,0,0,0,0,0,0,True,False,False,False,False,False
4.0,6.071777703268853,2.071777703268853,0,0,1,0,0,0,0,False,False,False,False,True,False
6.2,6.76785644462868,0.5678564446286796,0,0,0,1,0,0,1,False,False,False,True,False,False
5.98,6.221332040439953,0.2413320404399526,0,0,0,0,0,0,1,False,False,False,True,False,False
7.23,6.109419545545578,1.120580454454422,1,1,0,0,0,0,0,True,False,False,False,False,False
4.26,4.44214091032228,0.1821409103222802,0,0,0,0,0,0,1,True,False,False,False,False,False
7.12,7.40147972877018,0.28147972877018024,0,0,0,1,1,0,0,False,False,False,True,False,False
6.61,5.981343180233868,0.6286568197661326,0,1,1,0,0,0,1,False,False,False,False,False,True
6.62,6.686299642380096,0.06629964238009567,1,1,0,1,0,0,0,False,False,False,False,True,False
5.62,5.813152843084091,0.19315284308409097,1,1,0,0,0,0,1,False,False,False,True,False,False
6.47610799251537,5.842121831837214,0.6339861606781563,0,1,1,0,0,0,0,False,False,False,False,False,True
6.17,6.0150432000426655,0.15495679995733447,0,0,0,1,0,0,0,False,False,False,True,False,False
6.88,7.028120568351096,0.14812056835109644,0,1,1,0,0,0,1,False,False,False,False,True,False
7.87,7.672517514063849,0.1974824859361508,1,0,0,1,1,0,0,False,False,False,True,False,False
7.57,7.643369991220503,0.07336999122050258,1,0,0,0,1,1,0,True,False,False,False,False,False
6.51,6.537449359716516,0.027449359716515964,0,1,1,0,0,0,1,False,False,False,True,False,False
4.8,6.200397962117134,1.4003979621171343,0,0,0,0,0,0,1,False,False,False,False,False,True
7.19,6.825597011929921,0.3644029880700792,0,1,1,0,0,1,0,False,False,False,False,False,True
7.16,6.506569818541834,0.653430181458166,1,0,0,0,0,0,0,False,False,False,False,False,True
6.61,5.546281180789725,1.0637188192102753,0,0,0,0,0,0,1,False,False,False,True,False,False
8.0,5.654924287142351,2.345075712857649,0,0,1,0,0,0,0,False,False,False,True,False,False
7.03,7.742407289096545,0.7124072890965447,1,0,1,0,0,0,0,False,False,False,False,False,True
6.05,6.335043948767514,0.28504394876751427,0,0,0,0,0,0,1,False,False,False,True,False,False
5.44,5.295335280461153,0.14466471953884774,0,0,1,0,0,0,0,False,False,False,False,False,True
5.53,5.37373935971695,0.1562606402830502,0,0,1,0,0,0,0,True,False,False,False,False,False
6.63,6.551685869642948,0.07831413035705204,0,0,0,0,0,0,0,False,False,False,False,False,True
7.74,7.6228892723327055,0.11711072766729469,1,1,1,1,0,0,0,False,False,False,False,False,True
6.35,6.677702452138022,0.3277024521380225,0,0,0,0,0,0,0,True,False,False,False,False,False
6.73,7.180513107502118,0.45051310750211737,0,0,1,1,0,0,0,False,False,False,False,False,True
7.43,7.807841994301035,0.3778419943010354,0,0,1,0,0,0,0,False,False,False,False,False,True
6.31,6.590526771500921,0.280526771500921,0,1,0,0,0,0,1,False,False,False,True,False,False
6.88,7.22521201582746,0.3452120158274603,0,0,0,1,0,1,0,True,False,False,False,False,False
7.21,7.193313126379026,0.016686873620973763,1,1,0,0,0,0,0,False,False,False,False,False,True
8.41,7.960530923755245,0.4494690762447551,0,0,0,0,0,1,0,False,False,False,False,False,True
5.87,5.753110486628338,0.11688951337166209,1,0,0,0,0,0,0,False,False,False,True,False,False
6.91,6.70735374624104,0.20264625375896017,0,1,1,0,0,0,0,True,False,False,False,False,False
8.16,7.960661796165695,0.199338203834305,1,1,0,0,0,0,0,False,False,False,False,False,True
7.96,7.273186704902117,0.6868132950978829,1,0,0,0,1,0,0,False,False,False,False,False,True
6.91,6.976301573339215,0.06630157333921449,1,0,1,0,0,0,1,False,False,False,False,False,True
6.74,6.861416722040007,0.12141672204000642,0,0,0,0,1,0,0,False,False,False,False,False,True
7.5,6.327755820411572,1.1722441795884277,0,0,1,0,0,0,1,False,False,False,True,False,False
6.95,6.550703322875399,0.3992966771246014,0,0,0,1,0,0,0,True,False,False,False,False,False
4.93,5.762440729416026,0.8324407294160263,1,0,0,0,1,0,0,False,False,False,True,False,False
7.36,6.719548805893647,0.6404511941063538,1,1,1,0,0,0,0,False,False,False,True,False,False
6.52,6.771928981677994,0.2519289816779944,1,0,0,0,1,0,0,False,False,False,False,False,True
4.79,4.743189861982095,0.046810138017905345,0,1,0,0,0,0,0,True,False,False,False,False,False
3.53,5.0311516795338225,1.5011516795338227,0,1,0,0,0,0,0,False,False,False,False,True,False
6.97,7.0683838363414715,0.09838383634147174,0,0,0,1,0,0,0,False,False,False,True,False,False
6.01,6.088719672083153,0.07871967208315311,1,0,0,0,1,0,0,True,False,False,False,False,False
6.37,5.887864528156003,0.4821354718439972,0,0,0,0,0,0,1,False,False,False,False,True,False
6.2,6.430388925264867,0.23038892526486698,0,0,1,0,1,0,0,False,False,False,False,False,True
6.26,6.585045504794938,0.32504550479493854,0,1,1,0,0,0,0,False,False,False,False,False,True
5.5,4.223201706648579,1.2767982933514208,0,0,0,0,0,1,0,True,False,False,False,False,False
6.47610799251537,6.3848644875725356,0.09124350494283462,0,1,0,0,0,0,0,False,False,False,False,False,True
7.43,7.603786994354854,0.17378699435485423,1,1,1,0,0,0,1,False,False,False,False,False,True
6.03,6.138079351965062,0.10807935196506158,0,0,0,0,0,0,1,False,False,False,False,True,False
6.37,6.284871877216384,0.08512812278361626,0,0,0,0,0,0,0,False,False,False,False,True,False
5.61,5.231805014889026,0.3781949851109747,0,0,1,0,0,0,0,False,False,True,False,False,False
6.53,6.233753126909478,0.29624687309052256,0,1,0,0,0,0,1,False,False,False,False,True,False
6.15,6.592361703472058,0.4423617034720575,1,0,1,0,0,1,0,False,False,True,False,False,False
6.86,7.176942395259401,0.3169423952594004,0,1,1,0,0,0,1,True,False,False,False,False,False
4.78,4.796378890910933,0.01637889091093303,1,0,0,1,1,0,0,True,False,False,False,False,False
8.57,7.849687925483398,0.7203120745166025,1,0,0,0,1,1,0,False,False,False,False,False,True
5.38,5.47041979772111,0.0904197977211103,0,0,0,0,0,0,1,False,False,False,True,False,False
6.04,4.601733331501086,1.4382666684989136,0,0,1,0,0,0,0,False,False,False,False,True,False
7.42,7.0831260550325155,0.33687394496748446,1,1,1,0,0,0,1,True,False,False,False,False,False
7.16,6.707439712792186,0.45256028720781405,1,0,0,0,1,0,0,False,False,False,True,False,False
5.93,5.622665923791699,0.307334076208301,0,0,1,0,0,0,0,False,False,False,False,False,True
8.12,7.836522755125787,0.283477244874212,1,0,0,1,1,0,0,False,False,False,False,False,True
6.26,6.152254972505488,0.10774502749451198,1,0,0,0,1,0,0,False,False,False,False,True,False
7.35,7.083944303234882,0.2660556967651173,1,0,0,0,1,0,0,False,False,False,False,False,True
6.54,6.21324355985565,0.3267564401443499,0,0,1,1,0,1,0,False,False,False,True,False,False
4.03,4.500787523924684,0.4707875239246837,0,0,0,0,0,1,0,False,False,False,False,True,False
6.26,6.4239897300497155,0.16398973004971573,0,0,1,0,1,0,0,False,False,False,False,True,False
7.29,7.022064067675539,0.2679359323244608,1,0,1,1,1,0,1,False,False,False,False,False,True
6.92,7.30027559589204,0.38027559589203985,1,0,1,1,1,0,0,False,False,False,False,False,True
5.57,6.320020885176541,0.7500208851765411,0,0,0,1,0,0,0,False,False,False,False,True,False
4.4,4.347665725148584,0.052334274851416396,0,0,0,0,1,0,0,False,True,False,False,False,False
7.74,7.951633202972483,0.21163320297248323,1,1,0,1,0,0,0,False,False,False,False,False,True
7.16,7.247290416684344,0.08729041668434423,0,0,1,1,0,0,0,False,False,False,False,False,True
7.25,6.088766424338846,1.1612335756611536,0,0,1,0,0,0,0,False,False,False,False,True,False
6.65,6.669116193969913,0.019116193969912487,1,0,0,0,1,0,0,False,False,False,False,False,True
5.15,5.263630477013727,0.11363047701372686,0,0,0,0,0,0,1,True,False,False,False,False,False
5.44,5.684532908711765,0.24453290871176492,0,1,1,0,1,0,1,False,False,True,False,False,False
6.15,6.607245773097612,0.45724577309761205,1,1,0,0,0,0,1,False,False,False,False,False,True
6.24,5.7462972151738585,0.4937027848261417,0,0,0,0,0,0,1,False,False,False,True,False,False
5.43,5.674838809753856,0.24483880975385652,1,0,0,0,0,0,0,False,False,False,True,False,False
5.8,6.798035614134388,0.9980356141343885,1,1,0,0,0,0,0,False,False,False,False,False,True
4.72,4.904643520205943,0.18464352020594355,0,0,0,0,0,1,0,True,False,False,False,False,False
7.2,7.045619504969947,0.15438049503005313,1,0,0,0,1,0,0,True,False,False,False,False,False
4.36,5.076371137208234,0.7163711372082338,0,0,0,0,0,0,1,False,True,False,False,False,False
5.13,5.200415712089405,0.07041571208940489,0,0,0,0,0,0,1,False,False,False,True,False,False
6.9,7.0139845165909165,0.11398451659091613,0,0,1,0,0,0,0,False,False,False,False,False,True
5.73,5.4505278964270225,0.2794721035729779,1,0,0,0,1,0,0,True,False,False,False,False,False
6.71,5.509908184232944,1.2000918157670561,1,1,0,0,0,0,1,False,False,False,False,False,True
5.5,6.015656829963524,0.5156568299635236,0,1,0,0,0,0,0,True,False,False,False,False,False
5.09,5.863924904843568,0.7739249048435681,0,1,0,0,0,0,0,False,False,False,False,True,False
6.0,5.773887434906634,0.2261125650933664,1,0,1,0,0,0,0,False,False,False,True,False,False
6.48,6.014600478886449,0.4653995211135511,0,0,0,0,0,0,1,False,False,False,True,False,False
7.42,7.1658538484699585,0.2541461515300414,1,1,1,0,0,0,0,True,False,False,False,False,False
6.03,6.581246381970425,0.551246381970425,1,1,0,0,1,0,1,False,False,False,False,False,True
6.0,5.896377245861546,0.10362275413845357,1,0,1,0,0,0,0,False,False,False,False,True,False
7.15,7.306596187966921,0.15659618796692065,1,0,0,0,0,0,0,False,False,False,False,False,True
5.85,5.943698584287978,0.09369858428797873,0,0,0,0,0,0,0,False,True,False,False,False,False
7.62,7.277194128036835,0.34280587196316503,0,0,0,0,0,0,1,False,False,False,True,False,False
6.24,6.672684697366141,0.4326846973661409,1,1,1,0,1,0,0,False,False,False,True,False,False
6.71,6.581881006407759,0.1281189935922411,1,0,0,0,1,0,0,False,False,False,False,False,True
4.0,4.713751197007636,0.7137511970076362,0,0,1,0,0,0,0,False,False,True,False,False,False
5.17,5.34530865117841,0.1753086511784101,0,0,0,0,0,0,1,False,False,False,True,False,False
7.07,6.345444519187237,0.7245554808127634,1,0,1,1,0,0,0,False,False,False,False,True,False
6.47,6.442170977375398,0.027829022624601407,0,0,0,0,1,0,0,False,False,False,False,False,True
4.83,5.069958528688304,0.23995852868830436,0,0,0,0,1,0,0,False,False,True,False,False,False
7.35,7.8734836835897415,0.5234836835897418,0,0,0,0,1,1,0,False,False,False,False,False,True
7.95,7.619521430444996,0.3304785695550043,0,0,1,0,0,0,0,False,False,False,True,False,False
6.13,5.673663638327934,0.4563363616720659,0,0,1,0,0,0,1,False,False,False,False,False,True
7.3,7.097798776157402,0.20220122384259742,0,0,1,0,0,1,0,False,False,False,False,False,True
6.6,6.6860320469930885,0.08603204699308886,0,0,0,0,0,0,1,False,False,False,True,False,False
6.47610799251537,6.82486829071373,0.34876029819835974,0,0,1,1,0,0,0,False,False,False,False,False,True
6.63,6.487974662852417,0.14202533714758303,1,0,0,0,0,0,0,False,False,False,False,True,False
6.03,6.733724085997569,0.7037240859975684,0,0,0,0,0,0,1,False,False,False,True,False,False
6.83,6.870991902167162,0.04099190216716231,0,0,1,1,1,0,1,False,False,False,False,False,True
7.0,6.983469485184531,0.016530514815468855,0,0,1,1,0,0,0,False,False,False,False,False,True
4.93,5.469867837558803,0.5398678375588029,1,0,0,1,0,0,0,True,False,False,False,False,False
6.4,5.820812663167177,0.5791873368328231,1,0,0,0,0,0,1,False,False,False,False,True,False
4.51,5.199576286260373,0.6895762862603734,1,0,0,0,1,0,0,False,False,True,False,False,False
5.42,5.5957030157595185,0.17570301575951852,0,0,1,0,0,0,0,False,False,False,False,False,True
5.61,6.8965744525498796,1.2865744525498792,1,1,1,0,1,0,0,False,False,False,False,False,True
5.18,5.587557086676877,0.40755708667687696,0,0,0,0,1,0,0,False,False,False,True,False,False
5.67,5.335688774689846,0.3343112253101541,1,1,0,0,1,1,1,False,False,False,False,True,False
6.47610799251537,6.459600507117334,0.01650748539803626,1,1,0,1,1,0,0,False,False,False,False,False,True
6.84,7.702127205301506,0.8621272053015065,0,0,1,0,0,0,0,False,False,False,False,False,True
7.3,7.4015294967542555,0.10152949675425571,1,0,0,0,0,0,0,False,False,False,False,False,True
6.26,6.725730189555424,0.46573018955542445,0,0,1,0,1,0,0,False,False,False,False,True,False
4.98,5.587498075694599,0.6074980756945987,0,0,0,0,0,0,1,False,False,False,True,False,False
6.16,6.105754880938463,0.054245119061537395,0,0,0,0,0,0,1,False,False,False,True,False,False
5.19,5.728203881726009,0.5382038817260089,0,0,1,0,0,0,0,False,False,False,True,False,False
7.41,7.515583274961553,0.10558327496155329,0,0,1,0,1,0,0,False,False,False,False,True,False
6.36,6.330344052370311,0.029655947629689372,0,0,0,0,0,0,1,False,False,False,True,False,False
6.87,7.187757036582065,0.3177570365820648,1,1,0,1,0,0,0,False,False,False,False,False,True
6.52,6.615799157688625,0.09579915768862524,0,1,1,0,0,0,0,False,False,False,False,True,False
5.72,5.902030864255188,0.18203086425518844,0,0,0,0,0,0,0,False,True,False,False,False,False
6.55,6.767085405873593,0.21708540587359337,1,0,0,0,0,0,0,False,False,False,False,False,True
8.0,7.538138660126954,0.461861339873046,0,0,1,1,0,0,0,False,False,False,False,True,False
4.94,5.310813473510138,0.3708134735101378,0,0,0,0,0,0,1,False,False,False,True,False,False
5.92,6.539855986314668,0.6198559863146684,1,1,0,0,0,0,0,False,False,False,False,False,True
6.47610799251537,6.306883695697417,0.16922429681795315,1,1,0,0,0,0,0,True,False,False,False,False,False
6.91,6.337730492574566,0.5722695074254345,0,0,0,0,0,0,0,False,True,False,False,False,False
7.19,7.013127129670663,0.17687287032933696,1,0,1,0,1,0,0,True,False,False,False,False,False
7.27,7.043687501269511,0.22631249873048898,1,1,0,0,0,0,0,True,False,False,False,False,False
5.0,6.108572109300745,1.108572109300745,0,0,0,0,0,0,1,False,False,False,True,False,False
6.9,6.707201413754976,0.19279858624502477,0,1,1,0,0,0,0,False,False,False,False,False,True
5.81,6.833318492425768,1.0233184924257683,1,1,0,0,1,0,0,False,False,False,False,False,True
7.43,7.094574811552821,0.3354251884471786,1,1,0,0,1,0,1,True,False,False,False,False,False
4.22,7.533443234022593,3.3134432340225937,0,0,0,1,0,0,0,True,False,False,False,False,False
4.55,5.224783870181506,0.6747838701815061,0,0,1,0,0,0,0,False,False,True,False,False,False
6.87,6.835315680669129,0.03468431933087146,1,1,0,0,0,0,1,False,False,False,False,True,False
4.94,5.356798325583622,0.4167983255836214,0,0,0,0,0,0,1,False,False,False,True,False,False
6.59,6.882999404826088,0.2929994048260882,0,1,1,0,0,0,0,False,False,False,False,True,False
7.67,7.357292756083785,0.31270724391621485,1,0,0,0,1,0,0,False,False,False,False,False,True
3.54,4.181604356312104,0.6416043563121043,0,0,0,0,0,0,0,False,True,False,False,False,False
6.45,6.487373287798788,0.03737328779878801,1,1,1,0,0,0,1,False,False,False,True,False,False
7.08,7.167096403736042,0.08709640373604177,1,0,1,1,1,0,0,True,False,False,False,False,False
7.46,7.739308420407873,0.2793084204078733,1,0,0,0,0,0,0,False,False,False,False,False,True
4.24,5.5267525626035,1.2867525626034997,1,0,0,0,0,0,0,False,False,False,True,False,False
6.2,6.763427900090246,0.5634279000902458,1,0,1,1,0,0,0,False,False,False,False,False,True
7.25,7.051321712281647,0.19867828771835327,0,0,0,0,0,0,1,False,False,False,True,False,False
5.85,5.916003713542683,0.06600371354268297,1,1,0,0,0,0,0,False,False,False,True,False,False
7.18,7.358485889189234,0.17848588918923447,1,1,1,0,0,0,0,True,False,False,False,False,False
7.14,6.7551928894284,0.38480711057159933,0,1,1,1,0,0,0,False,False,False,False,True,False
5.57,6.044227587040204,0.47422758704020396,0,0,0,0,0,0,0,False,False,False,False,True,False
6.24,6.158605590676043,0.08139440932395736,1,0,1,0,1,0,1,False,False,False,True,False,False
7.05,6.506649200496596,0.5433507995034041,1,1,1,0,0,0,1,False,False,False,False,True,False
4.42,4.386400006653416,0.033599993346584256,0,0,0,0,0,0,1,True,False,False,False,False,False
6.56,6.403274116073045,0.15672588392695452,1,0,1,0,0,0,1,False,False,False,False,False,True
5.08,4.964656024783389,0.11534397521661077,0,0,1,0,0,0,0,False,False,False,True,False,False
5.72,6.313812004529943,0.5938120045299433,1,0,0,0,0,0,0,False,False,False,False,False,True
4.78,6.216878987030464,1.4368789870304637,0,0,1,0,0,0,0,False,False,False,False,False,True
7.02,7.196983209571399,0.17698320957139924,0,1,0,1,1,0,0,False,True,False,False,False,False
6.13,5.84398137730245,0.28601862269754985,0,0,0,1,0,0,0,False,False,False,True,False,False
7.53,7.047568108529097,0.4824318914709034,1,0,0,0,1,0,0,False,False,False,False,False,True
4.7,5.6422473605140615,0.9422473605140613,0,1,0,0,1,0,0,False,False,True,False,False,False
4.71,4.842029991178241,0.132029991178241,0,0,0,0,0,1,0,False,True,False,False,False,False
8.74,8.607665578932636,0.13233442106736426,1,1,0,1,0,0,0,True,False,False,False,False,False
3.25,5.758665280008777,2.5086652800087768,0,0,0,0,1,0,1,False,False,False,True,False,False
8.64,7.597631823823181,1.0423681761768195,0,1,1,1,0,0,0,False,False,False,True,False,False
5.65,5.243901028133807,0.4060989718661929,0,0,0,0,0,0,1,False,False,False,True,False,False
7.33,7.352939316293658,0.022939316293657974,0,1,1,0,0,0,0,False,False,False,False,False,True
3.82,5.03028658958343,1.2102865895834305,1,0,1,0,1,0,0,False,False,True,False,False,False
5.23,5.438158994486996,0.20815899448699593,0,1,1,0,0,0,1,False,True,False,False,False,False
7.01,6.511674228891219,0.49832577110878074,1,0,1,1,1,0,0,False,False,False,False,False,True
7.51,7.892062099248006,0.3820620992480066,0,0,0,1,1,1,0,True,False,False,False,False,False
8.05,7.8796956414679356,0.17030435853206516,1,0,1,0,0,0,1,False,False,False,True,False,False
4.18,4.176481722117609,0.0035182778823905636,0,0,0,0,0,0,1,False,True,False,False,False,False
5.4,5.375672103354792,0.02432789664520829,1,0,0,0,0,0,0,False,False,True,False,False,False
8.5,8.061476785933415,0.4385232140665849,1,1,0,0,0,0,0,False,False,False,False,False,True
6.43,6.060964289427474,0.3690357105725255,0,0,0,0,0,0,0,True,False,False,False,False,False
6.57,6.73699549803548,0.16699549803547953,1,1,1,0,0,0,1,False,False,False,False,True,False
6.8,6.926128708558127,0.1261287085581273,1,1,1,0,1,0,0,False,False,False,False,False,True
7.12,6.759368920438418,0.3606310795615819,0,0,0,0,0,0,1,False,False,False,True,False,False
5.45,4.1610518100914575,1.2889481899085427,0,0,0,0,0,1,0,True,False,False,False,False,False
7.5,6.291447469072244,1.208552530927756,0,0,1,1,0,0,0,True,False,False,False,False,False
6.47610799251537,5.9805112866193895,0.4955967058959807,0,0,1,0,0,0,0,False,False,False,False,False,True
7.34,7.353751036729901,0.013751036729900967,0,1,1,1,0,0,0,False,False,False,False,False,True
6.14,6.013460214056862,0.12653978594313742,1,0,0,0,0,0,1,False,False,False,False,False,True
5.99,6.7772537386949585,0.7872537386949583,1,0,1,0,0,1,0,False,False,False,False,True,False
6.0,6.167870067249432,0.16787006724943243,0,1,1,1,0,0,0,False,False,False,True,False,False
7.41,7.026747299224758,0.383252700775242,0,0,0,1,0,0,0,True,False,False,False,False,False
8.07,7.466374503136116,0.6036254968638843,0,0,1,0,0,0,0,False,False,False,False,False,True
4.52,4.89445782339369,0.3744578233936906,0,0,0,0,0,1,0,True,False,False,False,False,False
7.04,7.124475513882131,0.08447551388213093,0,0,0,1,0,0,0,False,False,False,False,False,True
5.0,5.101649890613845,0.101649890613845,0,0,1,0,0,0,0,False,False,False,False,True,False
6.81,6.860038470798705,0.0500384707987056,0,0,0,1,0,0,0,True,False,False,False,False,False
5.43,6.132409285251215,0.7024092852512149,0,0,0,0,0,0,1,False,False,False,True,False,False
5.0,5.772215152244979,0.7722151522449794,0,0,0,0,0,0,1,False,False,False,True,False,False
7.12,7.052382687031557,0.06761731296844342,1,0,1,0,0,0,0,False,False,False,False,True,False
7.91,7.234826743035851,0.6751732569641495,1,0,1,0,0,1,0,False,False,False,False,False,True
6.23,6.839980280064411,0.609980280064411,1,0,0,0,1,0,0,False,False,False,False,False,True
3.4,5.859675793500104,2.459675793500104,0,0,1,0,0,0,0,False,False,False,False,False,True
7.82,7.340803914993134,0.4791960850068664,0,0,1,0,0,0,0,False,False,False,False,True,False
4.54,6.217852132771643,1.6778521327716431,0,0,1,0,0,0,1,False,False,False,False,False,True
6.14,4.694198342727837,1.4458016572721624,0,0,0,0,0,0,0,False,True,False,False,False,False
7.34,7.430890829092981,0.09089082909298085,1,1,1,0,0,0,0,False,False,False,False,True,False
6.78,6.876516313695697,0.09651631369569635,1,1,0,1,1,0,0,True,False,False,False,False,False
6.63,6.610257512147112,0.01974248785288779,0,0,0,0,0,0,1,False,False,False,True,False,False
6.64,7.177091604236227,0.5370916042362275,1,1,1,0,1,0,0,False,False,False,False,False,True
5.55,5.068338239521381,0.48166176047861864,0,0,1,0,0,0,0,False,False,True,False,False,False
5.27,5.696182659983993,0.4261826599839935,0,0,0,0,0,0,1,False,False,False,True,False,False
6.92,7.197132586345442,0.27713258634544236,1,1,1,1,0,0,1,True,False,False,False,False,False
6.93,7.306933325635923,0.37693332563592286,1,1,0,0,0,0,0,False,False,False,False,False,True
6.25,6.545194591168012,0.29519459116801183,0,0,0,1,0,0,0,True,False,False,False,False,False
8.08,7.675141815672082,0.4048581843279182,0,0,1,1,0,0,0,False,False,False,False,False,True
6.47610799251537,6.938814023976582,0.46270603146121214,0,1,0,0,0,0,0,False,False,False,True,False,False
6.39,6.676191082906744,0.2861910829067442,0,0,0,0,0,0,1,False,False,False,True,False,False
6.03,6.550627214142546,0.5206272141425456,0,1,0,0,0,0,0,False,False,False,False,False,True
6.07,5.390176771497885,0.6798232285021149,0,0,1,0,0,0,1,False,False,False,True,False,False
6.73,6.624674698979259,0.10532530102074134,0,0,1,0,0,0,0,False,False,False,False,True,False
6.25,6.584011605041509,0.33401160504150873,0,0,1,0,0,0,0,False,False,True,False,False,False
5.7,5.608845816000411,0.0911541839995893,0,0,1,0,0,0,0,False,False,False,False,True,False
7.46,7.153746618571165,0.30625338142883507,1,0,1,0,0,1,0,False,False,False,False,False,True
4.67,6.905202052796321,2.2352020527963212,0,1,0,1,0,0,1,False,False,False,True,False,False
5.75,4.875873549703393,0.8741264502966066,0,0,0,0,0,0,0,False,True,False,False,False,False
7.25,6.611507464037236,0.6384925359627642,1,1,0,0,0,0,0,False,False,True,False,False,False
5.91,5.8407042072316235,0.06929579276837661,1,0,0,0,1,0,1,True,False,False,False,False,False
5.25,5.810104047393935,0.5601040473939349,0,0,0,0,0,0,0,False,True,False,False,False,False
7.82,7.525119821739143,0.29488017826085766,0,0,1,1,1,0,1,False,False,False,True,False,False
3.84,5.380271025891193,1.540271025891193,0,0,0,0,0,0,0,False,False,True,False,False,False
5.44,5.850621296778273,0.41062129677827297,0,0,0,0,0,0,1,False,False,False,True,False,False
7.27,7.148305344470987,0.12169465552901215,0,0,1,0,1,0,0,False,False,False,True,False,False
5.9,5.635991776741043,0.26400822325895756,0,0,0,0,0,0,1,False,False,False,True,False,False
6.08,6.479577415880095,0.39957741588009466,1,0,1,0,1,0,1,False,False,False,False,False,True
7.81,8.276818854639677,0.4668188546396772,1,0,1,0,1,0,0,False,False,False,False,False,True
6.22,6.616215068643476,0.39621506864347644,0,0,0,0,0,0,1,False,False,False,True,False,False
7.23,6.536888855089132,0.6931111449108682,1,0,0,0,0,0,1,False,False,False,False,False,True
6.09,6.035265930985659,0.05473406901434075,1,0,0,0,1,0,0,False,False,False,True,False,False
8.59,8.160020791739154,0.42997920826084624,1,0,0,1,1,1,0,False,False,False,False,False,True
8.33,5.5890814788556575,2.7409185211443425,0,1,1,0,0,0,1,False,False,False,True,False,False
6.52,6.795250566107255,0.27525056610725507,1,1,0,0,0,0,1,False,False,False,False,False,True
8.4,5.835893843387324,2.5641061566126764,0,0,1,0,0,0,0,True,False,False,False,False,False
6.78,6.466948929197409,0.3130510708025911,0,0,0,0,0,0,1,False,False,False,False,True,False
6.43,5.963727751319608,0.46627224868039185,0,0,0,0,0,0,1,False,False,False,True,False,False
6.34,6.368472008147207,0.028472008147207184,1,1,1,0,0,0,0,False,False,False,True,False,False
4.4,5.101092813507781,0.7010928135077803,0,1,0,0,0,0,0,True,False,False,False,False,False
7.51,7.576469818822317,0.06646981882231717,1,1,1,0,0,0,0,False,False,False,False,False,True
5.64,6.042057544879807,0.40205754487980716,0,1,0,0,0,0,1,False,False,False,True,False,False
6.36,5.863645729559175,0.4963542704408255,0,0,1,0,0,0,0,False,False,False,True,False,False
8.43,6.752599779227758,1.6774002207722418,1,1,0,0,0,0,0,False,False,False,False,False,True
8.05,7.5961121416448885,0.45388785835511225,0,0,0,1,0,0,0,True,False,False,False,False,False
6.67,6.8535325285955695,0.18353252859556957,1,1,0,0,0,0,0,False,False,False,False,False,True
7.04,5.8929403574942105,1.1470596425057895,0,1,0,0,0,0,1,False,False,False,True,False,False
6.09,6.241249547795198,0.1512495477951985,1,0,0,0,1,0,0,False,False,False,False,False,True
6.56,6.986934971832905,0.42693497183290496,1,0,0,0,1,0,0,False,False,False,False,False,True
7.44,7.7715110381556105,0.3315110381556101,1,1,1,1,0,0,0,False,False,False,False,False,True
5.61,6.495751311300628,0.8857513113006279,0,0,0,0,1,0,0,False,False,False,False,True,False
6.48,6.0328675210319505,0.44713247896805,0,1,0,0,0,0,0,False,False,True,False,False,False
6.0,5.695248853836024,0.3047511461639756,1,0,0,0,1,0,0,False,False,False,True,False,False
5.4,5.46430838656487,0.06430838656486948,0,0,0,0,0,0,1,False,False,False,True,False,False
7.54,7.494210342591339,0.04578965740866092,1,0,0,0,1,0,0,False,False,False,False,False,True
8.11,7.784395091227896,0.32560490877210313,1,1,0,1,0,0,0,False,False,False,False,True,False
5.52,5.943916116543539,0.42391611654353945,0,0,0,0,0,0,1,False,False,False,True,False,False
7.24,6.675780810878208,0.5642191891217925,1,1,0,0,0,0,1,True,False,False,False,False,False
7.02,6.832942060574267,0.187057939425733,0,0,1,0,0,0,0,False,False,False,False,True,False
6.29,7.107166337252276,0.8171663372522762,0,0,0,0,0,0,1,True,False,False,False,False,False
7.33,6.066474245967009,1.2635257540329912,0,0,0,1,0,0,1,False,False,False,True,False,False
6.47,6.476561816768564,0.006561816768564377,0,0,0,0,0,0,1,False,False,False,True,False,False
6.44,5.60008757322337,0.83991242677663,0,0,0,0,0,0,0,False,True,False,False,False,False
6.4,5.774365044818795,0.625634955181205,0,0,0,0,0,0,1,False,False,False,True,False,False
5.86,6.010072848680529,0.15007284868052828,0,0,1,0,1,0,0,False,False,False,False,True,False
6.19,6.548370859779653,0.35837085977965266,0,0,0,0,1,0,1,False,False,False,False,False,True
6.13,5.79520964134677,0.3347903586532297,0,0,1,1,0,0,1,False,False,False,False,True,False
5.59,5.441371063943043,0.14862893605695682,0,0,0,0,0,0,1,False,False,False,True,False,False
7.03,7.138972411567397,0.10897241156739668,0,0,0,1,0,0,0,False,False,False,False,True,False
6.91,6.481264967166735,0.42873503283326553,0,1,0,0,0,0,0,False,False,False,False,False,True
7.32,6.940106147434236,0.3798938525657647,0,0,0,1,0,1,1,False,False,False,True,False,False
7.41,6.825322728628956,0.584677271371044,0,0,0,0,0,0,0,False,False,False,False,False,True
6.47610799251537,7.3151513942383275,0.8390434017229573,0,1,0,0,0,1,0,False,False,False,True,False,False
6.25,6.522700654924142,0.27270065492414197,1,1,0,1,0,0,0,False,False,False,True,False,False
7.27,7.4448498312995515,0.1748498312995519,1,0,0,0,0,0,0,True,False,False,False,False,False
7.95,7.349215487442539,0.6007845125574613,0,0,1,0,0,0,0,False,False,False,True,False,False
6.86,6.857720271370827,0.002279728629173583,0,0,0,0,0,0,1,False,False,False,True,False,False
6.66,7.0084693644641725,0.3484693644641723,0,1,1,0,0,0,0,False,False,False,False,False,True
6.48,6.642023946801079,0.1620239468010789,0,1,0,0,0,0,0,False,False,False,False,False,True
6.67,6.542719984482888,0.12728001551711188,1,0,0,0,0,1,0,False,False,False,True,False,False
6.0,5.750906115232641,0.24909388476735916,0,0,1,0,0,0,0,True,False,False,False,False,False
5.44,5.78093748750498,0.34093748750497976,1,0,1,0,0,0,0,True,False,False,False,False,False
6.75,6.634547878484228,0.115452121515772,1,0,1,0,1,0,0,False,False,False,False,False,True
6.64,6.618036002974017,0.021963997025983062,1,0,0,0,0,0,1,False,False,False,False,False,True
6.91,6.619390889534086,0.29060911046591453,1,0,0,1,1,0,0,False,False,False,False,True,False
7.93,7.3971769739881506,0.5328230260118492,1,1,1,0,0,0,0,False,False,False,False,False,True
6.33,5.931233647368984,0.3987663526310161,0,1,0,0,0,0,0,False,False,False,True,False,False
7.83,8.380325333600709,0.5503253336007088,1,1,0,1,0,0,0,False,False,False,False,False,True
9.37,8.041365388822618,1.3286346111773817,0,1,0,1,0,0,0,True,False,False,False,False,False
6.41,6.734792268614044,0.3247922686140434,0,0,0,0,0,0,1,False,False,False,True,False,False
6.4,6.303001396738724,0.09699860326127663,0,1,1,0,0,0,0,True,False,False,False,False,False
8.33,6.783890251743102,1.5461097482568977,0,0,0,1,0,0,1,False,False,False,True,False,False
5.7,6.51562574899801,0.8156257489980101,0,0,1,0,1,0,0,False,False,False,True,False,False
7.46,7.451605821959023,0.008394178040976641,1,0,0,0,1,0,0,False,False,False,False,True,False
5.1,5.761768537799565,0.6617685377995652,0,0,1,0,0,0,0,False,False,False,True,False,False
4.89,5.2166915857878715,0.32669158578787183,0,0,1,0,0,0,0,False,False,True,False,False,False
5.75,6.650742284691111,0.9007422846911108,0,1,0,1,0,0,1,False,False,False,True,False,False
7.28,7.363602681872294,0.0836026818722937,0,0,1,0,1,0,0,False,False,False,False,False,True
7.19,6.901959903372859,0.2880400966271415,0,1,0,1,0,1,0,False,False,False,False,False,True
7.02,6.6114571531954,0.4085428468045995,1,0,0,1,0,0,0,False,False,False,True,False,False
6.36,6.654860633329266,0.2948606333292654,0,0,0,0,1,0,0,False,False,True,False,False,False
6.47610799251537,6.419275640152194,0.056832352363175964,0,1,0,0,0,0,0,False,False,False,False,False,True
7.44,6.485241404450415,0.9547585955495856,1,0,0,1,0,0,1,False,False,False,True,False,False
6.67,6.1743745179318035,0.49562548206819645,1,0,0,1,1,0,0,False,False,True,False,False,False
6.05,6.373240145571448,0.3232401455714484,0,0,0,0,0,0,1,False,False,False,True,False,False
4.67,5.529204128751306,0.8592041287513057,0,0,1,0,0,0,0,False,False,False,False,True,False
6.97,6.962586580272446,0.007413419727553716,1,0,0,1,0,0,0,False,False,False,False,False,True
6.47610799251537,5.907039593850689,0.5690683986646814,1,1,1,0,0,0,1,False,False,False,False,False,True
8.6,6.556305434929984,2.043694565070016,1,1,1,0,0,0,0,False,False,False,False,True,False
5.93,6.425436291496001,0.4954362914960013,1,1,0,0,0,0,0,False,False,False,True,False,False
5.87,5.663400027446893,0.20659997255310714,1,1,0,0,0,0,1,True,False,False,False,False,False
4.78,4.908166974617519,0.12816697461751847,1,1,0,0,0,0,0,True,False,False,False,False,False
6.95,7.018616504292066,0.06861650429206545,1,0,0,1,1,0,0,False,False,False,False,False,True
5.71,5.975859081528873,0.2658590815288733,1,0,0,0,0,0,0,False,False,False,True,False,False
6.47610799251537,5.910921093300678,0.5651868992146918,0,0,0,0,0,0,1,True,False,False,False,False,False
6.0,6.087308820955081,0.08730882095508097,0,0,0,0,0,0,1,False,False,False,False,False,True
6.96,6.920402203237702,0.03959779676229758,0,1,0,1,0,1,0,False,False,False,True,False,False
7.46,6.953019801048119,0.5069801989518812,1,0,1,1,0,0,0,False,False,False,False,True,False
8.27,8.242558368590831,0.02744163140916811,0,0,1,1,0,0,0,False,False,False,False,False,True
6.9,6.397545989464414,0.5024540105355859,1,0,0,0,1,0,0,False,False,False,False,False,True
4.27,4.573270758407982,0.3032707584079821,1,1,0,0,0,0,0,False,False,False,False,True,False
6.48,6.872313737414216,0.3923137374142156,0,0,1,1,0,0,0,False,False,True,False,False,False
6.68,6.5185169869043,0.16148301309570012,0,0,1,0,0,0,1,False,False,False,False,True,False
6.57,5.905516779546729,0.6644832204532714,0,0,1,0,0,0,0,False,False,False,False,False,True
7.2,6.559538351239192,0.6404616487608079,1,1,0,0,0,0,0,False,False,False,False,False,True
7.72,7.067660317216202,0.652339682783798,0,0,1,0,0,0,0,False,False,False,True,False,False
6.09,6.521943762905769,0.4319437629057692,1,0,0,0,1,0,0,False,False,False,False,False,True
5.7,5.382992273554172,0.3170077264458282,0,0,0,0,0,1,1,False,False,False,True,False,False
5.75,5.433317454681028,0.31668254531897233,0,0,0,0,0,0,1,False,False,False,True,False,False
7.56,7.5054897354237555,0.05451026457624408,0,1,0,1,0,0,0,False,False,False,False,False,True
4.13,4.830538309357659,0.7005383093576594,0,0,0,0,0,0,0,False,True,False,False,False,False
6.47610799251537,6.542944080696665,0.0668360881812946,0,1,1,0,0,0,0,False,False,False,False,False,True
8.06,8.15654439943799,0.09654439943798998,0,0,1,1,0,0,0,False,False,False,False,False,True
5.58,6.120480761051402,0.540480761051402,0,0,1,0,0,0,0,False,False,False,False,False,True
6.59,6.406513474004252,0.18348652599574766,1,0,0,0,1,0,0,False,False,True,False,False,False
5.9,5.915622175902403,0.015622175902402446,0,0,1,0,0,0,0,False,False,False,True,False,False
5.85,5.353783136395105,0.4962168636048947,1,0,0,0,0,0,0,True,False,False,False,False,False
6.44,6.9581925892215475,0.5181925892215471,1,1,0,0,1,1,0,False,False,False,False,False,True
7.45,6.985713819264728,0.4642861807352725,0,0,0,1,1,1,0,False,False,False,False,False,True
3.79,4.775633947877931,0.9856339478779308,0,0,0,0,0,1,0,True,False,False,False,False,False
6.25,6.939098113751637,0.689098113751637,1,0,0,1,0,0,0,False,False,False,False,False,True
6.73,6.581885264112719,0.1481147358872814,1,0,0,0,1,0,0,False,False,False,False,False,True
7.79,7.633865294244839,0.15613470575516075,1,1,1,0,0,0,0,False,False,False,False,True,False
7.21,7.625793914084623,0.41579391408462296,1,0,0,1,1,0,0,True,False,False,False,False,False
7.25,6.992054202863274,0.25794579713672583,0,0,1,0,0,0,0,False,False,False,False,True,False
6.86,6.903868518799513,0.04386851879951248,1,0,0,1,0,0,1,False,False,False,False,False,True
6.67,5.763433752526828,0.9065662474731715,0,0,1,0,0,0,0,False,False,False,False,False,True
6.95,7.177405902337547,0.22740590233754698,1,1,1,0,0,0,0,False,False,False,False,True,False
5.77,6.0354592469169965,0.26545924691699696,0,0,0,0,0,0,1,False,False,False,True,False,False
6.19,6.315021331920411,0.12502133192041054,0,0,0,1,0,0,0,False,False,False,False,True,False
7.61,7.113123025035138,0.49687697496486205,0,0,0,0,0,0,0,False,True,False,False,False,False
7.35,7.1488712909925995,0.2011287090074001,0,1,1,0,0,0,0,False,False,False,False,True,False
6.56,6.706373949634527,0.1463739496345271,0,0,1,0,1,0,0,True,False,False,False,False,False
7.4,7.576454085000531,0.17645408500053072,1,0,0,0,1,0,0,False,False,False,False,False,True
6.44,6.187364382949102,0.2526356170508981,0,1,1,0,0,0,0,False,False,False,False,False,True
6.03,5.982784326077962,0.047215673922038626,0,0,0,0,0,0,1,False,False,False,True,False,False
7.04,6.410176376600038,0.6298236233999619,0,0,1,1,0,0,1,False,False,False,True,False,False
4.62,4.787061580854659,0.16706158085465894,0,0,0,0,0,1,0,True,False,False,False,False,False
6.2,6.729042429318211,0.5290424293182108,1,0,0,0,1,0,1,False,False,False,False,False,True
6.33,6.2452506082555495,0.08474939174445062,0,0,1,0,0,0,1,False,False,False,False,False,True
7.97,7.654537582813873,0.31546241718612666,0,0,1,1,0,0,0,False,False,False,False,False,True
8.71,8.213792593001479,0.49620740699852206,0,0,1,1,0,0,0,False,False,False,False,False,True
6.11,6.715423973275622,0.6054239732756219,0,0,1,1,0,0,0,True,False,False,False,False,False
6.06,6.00534417537899,0.05465582462101004,0,0,1,0,0,0,0,False,False,True,False,False,False
7.87,7.638347668624652,0.23165233137534802,1,0,0,1,1,0,0,False,False,False,False,False,True
5.0,5.825105611751682,0.825105611751682,0,1,1,0,0,0,0,False,False,True,False,False,False
7.3,7.252346855141401,0.047653144858598395,1,0,0,1,0,0,0,False,False,False,False,False,True
7.77,7.833475506847272,0.0634755068472721,1,0,1,1,0,0,0,True,False,False,False,False,False
6.34,6.49141371764365,0.15141371764365008,1,0,0,0,1,0,0,True,False,False,False,False,False
7.72,6.552962223554453,1.1670377764455466,0,0,0,1,1,0,0,False,False,False,True,False,False
6.63,6.291391067846224,0.3386089321537762,0,0,0,0,0,0,1,False,False,False,True,False,False
6.76,6.776588157821951,0.016588157821951555,0,1,0,1,0,0,0,False,False,False,False,False,True
5.73,5.956684708198916,0.22668470819891517,0,0,1,1,0,0,0,False,False,False,True,False,False
6.66,6.543773120759448,0.11622687924055253,0,0,0,0,0,0,1,False,False,False,True,False,False
6.71,6.460799695344148,0.24920030465585175,0,0,0,0,1,0,0,False,False,False,True,False,False
4.27,5.392545407989343,1.1225454079893433,0,0,0,0,1,0,0,False,False,False,False,True,False
6.62,6.429416730730568,0.1905832692694318,0,0,1,1,0,0,0,True,False,False,False,False,False
6.33,6.068446102424477,0.2615538975755234,0,0,0,0,0,0,1,False,False,False,True,False,False
6.02,6.530860554444651,0.5108605544446512,1,0,1,0,1,0,0,False,False,False,False,False,True
7.06,6.602500028881231,0.45749997111876883,1,0,0,0,1,0,0,True,False,False,False,False,False
7.81,7.707966614459018,0.10203338554098185,0,0,1,1,1,0,0,False,False,False,False,False,True
6.84,6.612746193168055,0.22725380683194452,0,1,0,1,0,0,1,True,False,False,False,False,False
5.91,6.75622024791407,0.8462202479140695,1,0,1,0,0,0,1,False,False,False,False,False,True
5.66,6.165358287918443,0.5053582879184431,1,1,0,0,0,0,1,False,False,False,True,False,False
9.33,6.268954004569902,3.0610459954300984,0,0,0,0,0,0,0,True,False,False,False,False,False
5.41,5.687606208789529,0.27760620878952924,1,0,0,0,0,0,1,True,False,False,False,False,False
4.44,5.693289123075365,1.2532891230753647,0,0,0,1,0,1,0,False,True,False,False,False,False
6.92,6.0819142598703095,0.8380857401296904,0,0,0,0,0,0,1,False,False,False,False,False,True
6.1,6.05444520047843,0.04555479952156993,1,1,0,0,0,0,0,False,False,False,False,True,False
6.0,6.078453454048532,0.07845345404853177,0,0,0,0,0,0,1,False,False,False,False,False,True
4.53,5.13592365695629,0.60592365695629,0,1,0,0,0,0,1,False,False,True,False,False,False
7.05,6.945976152542491,0.10402384745750926,0,0,1,0,0,1,0,False,False,False,False,True,False
7.18,7.066960104743982,0.11303989525601743,0,1,1,1,1,0,0,False,False,False,False,False,True
5.88,5.702457222285909,0.17754277771409122,0,0,0,0,0,0,1,False,False,False,True,False,False
7.12,5.911867130961187,1.2081328690388133,0,0,0,1,0,0,0,False,False,False,True,False,False
6.39,6.272815049052787,0.11718495094721249,1,1,1,0,0,0,0,True,False,False,False,False,False
3.49,6.024821408639177,2.5348214086391767,0,0,0,1,0,0,1,False,False,False,True,False,False
5.0,4.872134264690608,0.12786573530939194,0,0,0,0,0,0,1,False,True,False,False,False,False
6.89,6.692044833085838,0.19795516691416193,0,1,0,0,0,0,1,False,False,False,True,False,False
5.86,6.095980726713685,0.23598072671368442,1,0,0,0,1,0,0,False,False,False,True,False,False
5.93,6.5599297560366985,0.6299297560366988,0,0,0,1,1,0,0,True,False,False,False,False,False
7.0,6.32675542493967,0.6732445750603304,0,0,1,0,0,0,1,False,False,False,False,False,True
6.8,7.170303517415371,0.3703035174153708,1,1,0,0,0,0,0,False,False,False,False,True,False
5.39,5.648269681042518,0.2582696810425187,0,0,0,0,0,0,1,False,False,False,True,False,False
7.0,6.553222040481532,0.4467779595184682,0,0,0,0,0,0,1,False,False,False,True,False,False
7.33,7.629602644069724,0.2996026440697239,1,1,1,1,0,0,0,False,False,False,False,False,True
6.2,5.676538037429663,0.5234619625703374,0,1,0,0,0,0,0,False,True,False,False,False,False
7.21,7.075012475464335,0.13498752453566532,1,0,1,0,1,0,0,False,False,False,False,False,True
5.29,5.845067881410122,0.555067881410122,1,0,0,1,0,0,0,False,False,False,True,False,False
7.33,6.988283854634377,0.34171614536562345,0,0,0,0,1,1,0,False,False,False,False,False,True
6.64,5.995596300657947,0.6444036993420523,1,0,1,0,0,0,0,False,False,False,True,False,False
6.17,5.82264189090683,0.3473581090931699,0,0,0,0,0,0,0,False,False,False,False,True,False
6.62,6.3798933157155675,0.2401066842844326,1,0,0,0,0,0,1,True,False,False,False,False,False
6.41,6.784019899476283,0.37401989947628245,0,1,1,0,0,0,0,False,False,False,True,False,False
7.39,7.516959992119554,0.1269599921195539,1,1,0,1,0,0,0,True,False,False,False,False,False
8.34,7.649818276471291,0.6901817235287089,0,0,1,1,0,0,0,False,False,False,False,True,False
6.0,5.999562089987392,0.0004379100126081781,0,1,0,0,0,0,1,False,False,False,True,False,False
8.35,8.254171519755808,0.095828480244192,0,0,1,0,0,0,0,False,False,False,False,False,True
6.87,5.952134398816972,0.9178656011830277,0,0,1,0,0,0,0,True,False,False,False,False,False
6.52,7.250036791278854,0.7300367912788541,1,1,1,1,1,0,0,False,False,False,False,False,True
5.67,6.085421083218083,0.41542108321808335,0,0,1,0,0,0,0,False,False,False,False,False,True
6.89,6.711459642827484,0.17854035717251548,0,0,1,0,1,0,0,False,False,False,False,False,True
7.82,7.674931327946453,0.14506867205354723,1,0,0,0,1,0,0,False,False,True,False,False,False
6.82,6.637989738933237,0.18201026106676288,0,1,1,1,0,0,0,False,False,False,True,False,False
5.52,5.746200334657989,0.22620033465798972,0,1,0,0,0,0,1,False,True,False,False,False,False
6.32,6.7789615720511325,0.4589615720511322,1,1,1,1,0,0,0,True,False,False,False,False,False
8.23,8.090058366624168,0.1399416333758321,1,0,1,0,0,1,0,True,False,False,False,False,False
5.81,4.761746287981323,1.0482537120186768,0,0,1,0,0,0,0,True,False,False,False,False,False
6.53,7.0223053157814554,0.4923053157814552,0,0,1,0,0,0,0,False,False,False,False,False,True
7.93,7.326996579515007,0.6030034204849928,0,0,0,0,0,0,0,False,False,False,True,False,False
6.19,5.8344385630471916,0.35556143695280884,0,0,0,0,0,0,1,False,False,False,True,False,False
5.75,5.6998541636038045,0.05014583639619552,0,0,1,0,0,0,1,True,False,False,False,False,False
7.75,7.574396596759711,0.1756034032402889,1,1,1,1,0,0,0,False,False,False,False,True,False
7.48,7.560134225486895,0.0801342254868942,0,0,1,1,0,0,0,False,False,False,False,False,True
6.44,6.485423136680643,0.04542313668064235,0,0,0,0,0,0,1,False,False,False,True,False,False
7.5,5.6360754319124915,1.8639245680875085,0,0,1,0,0,0,0,False,False,False,False,True,False
7.48,7.9326977291726095,0.4526977291726091,1,0,0,0,1,0,0,False,False,False,False,False,True
7.41,7.8084028316291665,0.39840283162916634,1,0,0,0,0,0,0,False,False,False,False,False,True
6.96,5.954540408079053,1.005459591920947,0,0,1,0,0,0,0,False,False,False,False,True,False
5.55,6.029721092891121,0.4797210928911211,0,0,1,0,0,0,0,True,False,False,False,False,False
7.07,7.606514270092936,0.536514270092936,1,0,1,1,0,0,0,False,False,False,False,False,True
7.25,6.686064407026088,0.5639355929739116,1,1,0,0,0,0,0,False,False,False,False,False,True
5.43,5.784542185677813,0.35454218567781304,0,0,0,0,0,0,1,False,False,False,True,False,False
6.85,6.46980166785235,0.38019833214764986,0,0,1,0,0,0,0,False,False,False,True,False,False
6.52,5.851538307285172,0.6684616927148275,0,1,1,0,0,0,0,False,False,False,False,True,False
6.84,6.804395416705704,0.03560458329429572,0,0,1,1,0,0,1,False,False,False,False,False,True
6.42,6.695963598487725,0.2759635984877251,0,0,1,0,0,0,0,False,False,False,False,False,True
7.37,7.328560924813798,0.04143907518620171,0,1,1,1,0,0,0,False,False,False,False,False,True
7.27,7.015447155465116,0.25455284453488325,1,1,1,1,1,0,0,False,False,False,False,False,True
8.27,6.622462098675282,1.6475379013247178,1,0,0,0,0,0,0,False,False,False,True,False,False
5.53,5.41475724680305,0.11524275319695043,0,0,0,0,0,0,1,True,False,False,False,False,False
5.53,6.1069799123751505,0.5769799123751502,1,1,0,0,1,0,0,False,False,False,True,False,False
7.34,6.727785958317392,0.6122140416826083,0,0,1,0,1,0,0,False,False,False,False,False,True
4.69,4.299579867603421,0.3904201323965797,0,0,0,0,0,1,0,True,False,False,False,False,False
4.41,5.732822134893328,1.322822134893328,0,0,1,0,0,0,0,True,False,False,False,False,False
7.38,6.395803022238901,0.9841969777610986,0,1,0,0,0,0,0,True,False,False,False,False,False
7.5,5.50649468520756,1.99350531479244,0,0,1,0,0,0,0,True,False,False,False,False,False
6.82,6.6079893780207435,0.2120106219792568,0,0,0,0,0,0,1,False,False,False,True,False,False
7.37,7.657516910481856,0.28751691048185624,0,0,1,0,0,0,1,False,False,False,False,False,True
7.09,6.761191575581688,0.3288084244183116,1,0,0,0,1,0,0,False,False,False,True,False,False
4.12,5.025066938895842,0.9050669388958417,0,0,0,0,1,0,0,False,False,True,False,False,False
7.29,6.812839879733719,0.47716012026628096,1,0,0,1,1,0,0,False,True,False,False,False,False
7.4,7.6266582493128965,0.22665824931289613,0,0,0,1,0,0,1,False,False,False,False,False,True
6.64,6.321050410598881,0.31894958940111895,0,0,0,0,0,0,1,False,False,False,True,False,False
6.02,6.212339898364214,0.1923398983642146,0,1,0,0,0,0,1,False,False,False,True,False,False
6.08,5.944480428202096,0.13551957179790364,1,0,0,0,1,0,0,False,False,False,True,False,False
7.67,6.7338162841971405,0.9361837158028594,0,0,0,1,0,0,1,False,False,False,True,False,False
8.05,7.249148046581729,0.8008519534182721,0,0,1,0,0,0,0,False,False,False,True,False,False
6.88,6.498275473436732,0.38172452656326783,1,0,1,0,0,0,1,False,False,False,True,False,False
5.19,5.254503662748967,0.06450366274896702,0,0,1,1,0,0,0,False,False,True,False,False,False
7.93,7.559954319529075,0.3700456804709251,1,1,1,0,0,0,0,False,False,False,False,False,True
6.73,6.59948180746804,0.1305181925319605,0,0,0,1,0,0,0,True,False,False,False,False,False
8.65,8.509066066045325,0.1409339339546758,0,1,0,0,0,1,0,False,False,False,False,False,True
6.86,6.9077571030634255,0.04775710306342518,0,1,1,0,0,0,0,False,False,False,False,True,False
7.16,6.924905001208723,0.23509499879127738,1,1,1,0,0,0,1,False,False,False,False,False,True
5.9,6.522207341826832,0.6222073418268312,0,0,1,0,0,0,0,False,False,False,True,False,False
5.88,5.7346971291180235,0.14530287088197635,0,0,0,0,1,0,0,False,False,False,False,True,False
7.12,6.895994099828612,0.2240059001713881,1,1,0,1,0,0,0,False,False,False,False,True,False
7.73,7.617558210380152,0.11244178961984819,1,1,1,1,0,0,1,False,False,False,False,False,True
6.89,6.618941633227951,0.2710583667720483,0,0,0,0,0,0,0,False,False,False,False,False,True
7.33,7.355570766898409,0.02557076689840887,1,0,1,0,0,0,0,False,False,False,False,True,False
5.77,6.918753695624288,1.148753695624288,1,0,1,1,0,0,0,False,False,False,False,True,False
4.27,4.983863170834094,0.7138631708340943,0,0,0,0,0,0,1,False,True,False,False,False,False
6.91,6.702870808392314,0.20712919160768628,0,0,0,1,0,0,0,False,False,False,True,False,False
6.78,5.842205199476545,0.9377948005234549,0,0,1,0,0,0,0,False,False,False,True,False,False
6.19,6.562230977716256,0.3722309777162556,0,0,0,0,1,0,0,False,False,True,False,False,False
7.85,7.633360387761592,0.21663961223840733,1,0,1,0,0,1,0,False,False,False,False,True,False
6.93,7.026268972898702,0.09626897289870229,1,0,1,0,1,0,0,True,False,False,False,False,False
6.94,7.04206119647155,0.10206119647154921,0,0,0,0,1,1,0,False,False,False,False,False,True
6.49,6.421651985882877,0.06834801411712288,0,0,0,0,0,0,1,False,False,False,True,False,False
6.59,6.834701415266208,0.24470141526620814,0,0,1,0,0,1,0,False,False,False,False,True,False
6.51,6.047221147059665,0.4627788529403345,0,0,1,0,0,0,0,False,False,True,False,False,False
3.82,6.979586369456906,3.1595863694569064,0,1,0,0,0,1,0,False,False,False,False,False,True
7.18,7.91953983563671,0.7395398356367107,1,1,0,0,0,0,0,True,False,False,False,False,False
6.07,6.301056167998985,0.2310561679989851,0,0,1,0,0,0,0,False,False,True,False,False,False
6.66,6.815813634679494,0.15581363467949405,0,0,1,1,0,0,0,False,False,True,False,False,False
5.61,5.5346461740777,0.07535382592230011,0,0,0,0,0,0,1,False,True,False,False,False,False
6.83,6.649817185117733,0.18018281488226684,1,1,0,0,0,0,0,False,False,False,False,False,True
6.53,6.147528077902459,0.3824719220975412,1,0,0,0,0,0,0,True,False,False,False,False,False
7.13,6.436701493518138,0.6932985064818622,0,0,1,0,0,0,0,False,False,False,False,True,False
7.0,6.4366788216029045,0.5633211783970955,0,0,1,0,0,0,0,False,False,False,False,True,False
6.79,5.758637971943936,1.0313620280560638,0,0,1,0,0,0,0,False,False,False,False,False,True
7.28,7.644850338428373,0.364850338428373,1,0,1,0,1,1,0,True,False,False,False,False,False
5.74,5.588746054642659,0.15125394535734138,1,0,1,0,1,0,0,False,False,False,True,False,False
6.84,6.536177185221886,0.3038228147781137,0,0,1,0,0,0,0,False,False,False,False,True,False
7.29,6.342692064379922,0.9473079356200778,0,0,0,0,0,0,0,False,True,False,False,False,False
3.78,5.8151921386135035,2.0351921386135037,0,0,1,0,0,0,1,False,False,False,False,False,True
5.0,5.75545095734107,0.7554509573410702,0,0,1,0,0,0,0,False,False,False,True,False,False
6.59,6.779884937371845,0.1898849373718452,0,0,1,1,0,0,0,False,False,False,False,False,True
4.54,5.348889033229511,0.8088890332295113,0,0,1,0,0,0,1,False,False,False,False,True,False
6.37,5.960790586527704,0.4092094134722961,0,0,0,1,0,0,0,False,False,False,True,False,False
7.16,7.069964153320882,0.09003584667911824,1,1,0,0,0,0,0,False,False,False,False,True,False
7.45,7.260901427620285,0.1890985723797156,0,0,1,1,0,0,0,True,False,False,False,False,False
7.45,7.286527992369614,0.1634720076303866,0,1,1,1,0,0,0,False,False,False,False,False,True
6.98,7.175189661235699,0.19518966123569825,0,1,1,1,0,0,0,True,False,False,False,False,False
7.02,7.092379969997457,0.07237996999745722,0,1,0,1,0,0,0,False,False,False,False,False,True
8.48,7.917529793772285,0.5624702062277152,1,0,0,0,0,0,0,False,False,False,False,False,True
5.83,6.138080041418164,0.30808004141816436,0,0,0,1,0,0,0,False,False,False,False,True,False
6.64,5.9841238855168415,0.6558761144831582,0,1,0,0,0,0,1,False,False,False,True,False,False
6.79,6.878965481343297,0.08896548134329674,0,0,0,1,0,0,0,False,False,False,True,False,False
6.52,6.961826631750642,0.44182663175064274,1,1,0,1,0,0,0,True,False,False,False,False,False
6.38,5.637021669348781,0.7429783306512192,1,0,1,0,0,0,0,False,False,False,False,True,False
6.33,7.080486170335443,0.7504861703354431,1,0,0,1,1,0,0,True,False,False,False,False,False
5.27,5.917614543848029,0.6476145438480296,1,0,0,0,0,0,1,False,False,False,False,True,False
5.27,5.329816430502394,0.05981643050239427,0,0,0,0,0,0,1,False,False,False,True,False,False
7.59,7.190241443943424,0.3997585560565762,0,0,0,0,0,0,0,False,True,False,False,False,False
6.52,6.50247305844554,0.01752694155445944,0,1,0,1,0,0,1,False,False,False,True,False,False
6.59,6.161457294876975,0.42854270512302506,0,1,0,1,0,0,1,False,False,False,True,False,False
6.13,6.53011433377372,0.4001143337737201,0,0,0,0,0,0,1,True,False,False,False,False,False
7.03,6.443736490253044,0.5862635097469564,1,0,1,0,1,0,0,False,False,False,False,False,True
5.28,4.252881673079194,1.0271183269208066,0,0,0,0,0,1,0,True,False,False,False,False,False
8.19,7.901487620186636,0.28851237981336375,0,1,1,1,0,0,0,False,False,False,False,True,False
6.64,6.391598785917594,0.24840121408240545,1,0,0,0,1,0,0,False,False,False,True,False,False
4.93,5.485185434932146,0.5551854349321461,0,0,0,0,1,0,0,True,False,False,False,False,False
5.43,6.017780387763109,0.5877803877631091,0,0,1,0,0,0,0,False,False,False,True,False,False
5.5,5.538005741888834,0.03800574188883399,0,1,1,0,0,0,1,False,False,False,False,True,False
5.81,5.953264102172849,0.14326410217284913,1,1,0,1,1,1,0,False,False,False,True,False,False
5.68,6.117690559431873,0.4376905594318732,0,0,0,1,0,0,0,False,False,False,True,False,False
5.66,6.413851243495386,0.7538512434953857,1,1,0,0,0,0,0,False,False,False,True,False,False
6.0,6.162189821686075,0.16218982168607532,0,1,0,0,0,0,1,False,False,False,False,False,True
6.53,6.663630472831375,0.13363047283137508,0,1,0,0,0,0,0,False,False,False,False,False,True
7.44,7.619263793699348,0.17926379369934775,1,1,1,1,0,0,0,False,False,False,False,False,True
7.65,7.711228833492199,0.06122883349219865,0,0,1,1,0,0,0,False,False,False,False,False,True
7.16,6.938559992906955,0.22144000709304557,0,0,0,0,0,0,1,False,False,False,True,False,False
7.35,7.097004267036935,0.25299573296306477,0,0,0,1,0,0,0,False,False,False,False,True,False
5.88,5.771255523971515,0.1087444760284848,1,1,0,0,0,0,0,True,False,False,False,False,False
6.91,6.7854961147326325,0.12450388526736766,0,0,1,1,0,0,0,False,False,False,False,True,False
3.57,4.74713500502556,1.1771350050255598,0,0,1,0,0,0,0,False,False,True,False,False,False
5.94,6.432269652338621,0.49226965233862074,0,0,0,0,0,0,1,False,False,False,True,False,False
4.21,4.509057278044958,0.2990572780449581,0,1,0,0,0,0,0,False,True,False,False,False,False
7.04,6.7429466827781495,0.2970533172218506,1,1,0,0,0,0,1,False,False,True,False,False,False
5.91,6.596135551373356,0.686135551373356,0,0,1,1,0,0,0,False,False,False,True,False,False
6.51,6.575288172740488,0.06528817274048837,0,0,1,0,0,0,0,False,False,False,False,False,True
5.52,5.455022940091415,0.0649770599085846,0,1,0,0,0,0,0,False,True,False,False,False,False
7.06,6.980343839487702,0.07965616051229762,0,0,1,0,0,0,0,False,False,False,False,False,True
7.9,7.85880882178274,0.04119117821726004,0,0,0,1,0,0,0,False,False,False,False,False,True
7.5,5.90049266723548,1.59950733276452,0,0,1,0,0,0,1,False,False,False,False,False,True
7.2,7.2886801339527425,0.08868013395274232,1,0,0,1,1,0,0,False,False,False,True,False,False
5.55,5.605341513045087,0.05534151304508761,0,0,0,0,0,0,0,False,True,False,False,False,False
6.64,6.631450346999716,0.008549653000283541,0,1,0,0,0,0,0,False,False,False,False,True,False
7.51,7.2174967517627255,0.29250324823727425,0,0,1,0,0,0,0,False,False,False,False,False,True
8.22,7.803292850747274,0.41670714925272634,0,1,0,1,0,1,0,False,False,False,False,False,True
6.93,7.193362707954823,0.2633627079548235,0,1,0,1,1,0,0,True,False,False,False,False,False
6.47610799251537,6.005272424227634,0.4708355682877361,0,0,0,0,0,0,0,False,False,True,False,False,False
7.2,6.744032164521115,0.4559678354788854,1,1,0,0,0,0,1,True,False,False,False,False,False
5.49,6.182850334747279,0.6928503347472788,0,1,0,1,0,0,0,False,False,False,False,True,False
5.89,6.765944377549424,0.8759443775494242,1,1,1,1,1,0,0,False,False,False,False,False,True
6.95,7.453294207799963,0.5032942077999625,1,0,1,0,0,0,0,False,False,False,False,True,False
7.05,5.951620930730572,1.098379069269428,0,0,1,0,0,0,0,False,False,False,False,False,True
7.02,7.5967282658009765,0.5767282658009769,1,1,1,0,0,0,0,False,False,False,False,False,True
7.37,7.737762408158598,0.3677624081585975,1,1,0,1,0,0,0,False,False,False,True,False,False
7.47,7.110186732602106,0.359813267397894,0,0,0,0,0,0,1,False,False,False,True,False,False
8.23,8.012316568428599,0.2176834315714018,0,0,0,0,1,0,0,True,False,False,False,False,False
5.92,6.328637640724841,0.4086376407248409,1,1,1,0,1,0,0,False,False,False,True,False,False
7.5,6.482972933537764,1.0170270664622363,0,1,1,0,0,0,0,False,False,False,False,False,True
7.82,7.529297882533784,0.2907021174662159,0,0,1,0,0,0,0,False,False,False,True,False,False
6.66,6.150328242861257,0.5096717571387428,0,0,0,0,0,0,1,False,False,False,True,False,False
7.37,7.087349378130288,0.28265062186971246,0,0,0,1,1,0,1,False,False,False,True,False,False
6.82,6.624661549261758,0.19533845073824185,1,0,1,0,1,0,1,False,False,False,True,False,False
7.5,5.997393809958188,1.5026061900418117,0,0,0,1,0,0,0,False,False,False,False,True,False
6.47610799251537,6.2570887681279705,0.21901922438739962,0,0,0,0,0,0,0,False,False,False,False,False,True
6.04,5.891980983766582,0.14801901623341784,0,0,1,0,0,0,0,False,False,False,True,False,False
7.86,7.476967773981663,0.3830322260183374,1,1,1,0,0,0,0,False,False,False,False,True,False
5.15,5.55186488510088,0.4018648851008795,0,0,1,0,0,0,0,False,False,True,False,False,False
6.51,5.746497338300105,0.7635026616998948,0,1,0,0,1,0,0,True,False,False,False,False,False
7.07,7.07178056581199,0.0017805658119893764,1,1,0,0,1,0,0,False,False,False,True,False,False
5.57,5.532387530078338,0.03761246992166267,0,0,0,0,0,0,1,False,False,False,True,False,False
7.47,7.50957249484041,0.039572494840410144,1,0,0,0,1,0,0,True,False,False,False,False,False
6.44,6.299637294386535,0.1403627056134651,0,0,1,1,1,0,0,False,False,False,False,True,False
6.94,6.828453966841276,0.11154603315872436,0,0,0,0,0,0,1,False,False,False,True,False,False
5.37,5.134635379354898,0.2353646206451021,0,0,0,0,0,0,1,False,False,True,False,False,False
6.83,6.84906716145487,0.01906716145486964,0,1,1,1,0,0,1,False,False,False,False,False,True
6.47610799251537,6.262262843385541,0.21384514912982944,1,0,0,0,1,0,0,False,False,False,True,False,False
7.4,7.056594991487043,0.3434050085129572,0,1,1,0,0,0,0,False,False,False,False,False,True
6.81,6.858037446735994,0.04803744673599475,1,0,0,0,1,0,0,True,False,False,False,False,False
7.15,7.923567300321375,0.7735673003213748,1,0,0,0,1,0,0,False,False,False,False,False,True
6.86,6.273546641254354,0.5864533587456462,0,0,1,0,1,0,1,False,False,False,False,True,False
4.76,5.181651247589145,0.4216512475891454,1,0,0,0,0,0,0,False,False,False,True,False,False
5.23,6.076884007411094,0.8468840074110933,0,0,0,0,0,0,0,False,False,False,True,False,False
5.88,6.076332537407251,0.1963325374072511,0,0,1,1,0,0,0,False,False,True,False,False,False
7.4,6.9475305659763755,0.45246943402362483,0,0,0,0,0,0,0,False,False,False,False,False,True
7.2,6.964633358749696,0.23536664125030438,1,0,0,1,1,0,1,False,False,False,False,False,True
5.75,5.952663977491245,0.20266397749124465,0,0,0,0,0,0,1,False,False,False,True,False,False
6.19,5.986288869599807,0.20371113040019306,1,1,1,0,0,0,1,False,False,False,True,False,False
7.48,7.661922707931906,0.18192270793190524,0,0,1,0,0,0,0,False,False,False,False,False,True
5.89,5.396954767257547,0.4930452327424524,0,1,1,0,0,0,0,False,False,False,False,True,False
6.47610799251537,6.361278672957416,0.11482931955795461,0,1,0,0,0,0,1,False,False,False,False,False,True
6.4,6.497547338767648,0.09754733876764732,1,1,1,0,0,0,0,False,False,False,False,True,False
6.65,6.858999085546554,0.20899908554655333,1,0,1,0,1,0,0,False,False,False,True,False,False
6.25,5.583226423955975,0.666773576044025,0,0,1,0,0,0,0,False,False,False,True,False,False
5.8,5.557744215001811,0.24225578499818923,1,1,0,0,0,0,1,False,False,False,False,True,False
6.74,6.195037372966623,0.5449626270333772,0,0,1,0,0,0,0,False,False,False,False,False,True
7.15,6.488012000571259,0.6619879994287414,0,1,0,1,0,1,0,True,False,False,False,False,False
5.29,4.4732562314557445,0.8167437685442556,0,0,0,0,0,0,0,True,False,False,False,False,False
6.5,5.7254625989469945,0.7745374010530055,0,0,1,0,0,0,1,False,False,False,False,False,True
7.28,7.574267178117457,0.2942671781174564,0,0,1,1,0,0,1,False,False,False,False,False,True
7.66,7.525731762988071,0.1342682370119288,0,0,0,1,0,1,0,False,False,False,False,False,True
7.09,7.043128275044099,0.04687172495590097,1,0,0,1,1,0,0,False,False,False,False,False,True
6.32,6.923285327149755,0.6032853271497549,0,0,1,1,0,0,0,False,False,False,True,False,False
7.71,7.640147161669875,0.06985283833012534,1,1,1,1,0,0,0,False,False,False,False,False,True
5.8,5.825626828228435,0.025626828228435095,0,0,1,0,0,0,1,False,False,False,True,False,False
7.46,7.923241118183437,0.4632411181834373,0,1,1,1,0,0,0,False,False,False,False,False,True
7.63,6.991558479246157,0.638441520753843,0,0,1,1,0,0,0,False,False,False,False,False,True
5.63,5.817434019546386,0.1874340195463864,1,0,1,0,0,0,0,False,False,False,True,False,False
6.45,6.7351089463582685,0.28510894635826833,1,1,0,0,0,1,0,False,False,False,True,False,False
6.63,6.713454360430652,0.08345436043065213,0,0,1,0,0,0,0,False,False,False,False,True,False
6.37,6.368391925107544,0.0016080748924558463,0,0,0,1,0,0,0,False,False,False,False,True,False
5.77,5.831725648517802,0.061725648517802156,1,0,0,0,1,0,0,True,False,False,False,False,False
7.24,6.25724126995873,0.9827587300412706,1,0,1,0,0,0,1,False,False,False,False,False,True
8.0,6.773067563791875,1.2269324362081253,1,1,0,0,0,0,0,False,False,True,False,False,False
5.75,6.718687153021966,0.9686871530219658,1,0,0,0,0,0,0,False,False,False,False,True,False
7.32,7.184723112975763,0.13527688702423735,0,0,1,0,0,0,1,False,False,False,True,False,False
7.36,7.619137874392647,0.25913787439264624,0,0,1,1,0,0,0,False,False,False,False,False,True
7.1,7.5845820795804,0.48458207958040056,1,1,1,1,0,0,0,False,False,False,False,False,True
4.5,5.820736596205971,1.320736596205971,0,0,1,0,0,0,0,False,False,False,False,False,True
5.93,6.44107795554462,0.5110779555446205,0,1,1,0,0,0,0,False,False,False,False,False,True
7.22,7.157273948210333,0.06272605178966639,0,1,1,1,1,0,0,False,False,False,True,False,False
7.66,7.208978724713047,0.4510212752869531,0,0,1,0,0,0,0,False,False,False,False,True,False
7.46,6.402636957025058,1.0573630429749423,1,1,0,1,0,0,0,False,False,False,True,False,False
4.92,5.971365021723895,1.0513650217238952,0,0,0,1,0,0,0,True,False,False,False,False,False
6.35,6.335846166747908,0.01415383325209163,0,0,0,0,0,0,1,False,False,False,False,False,True
5.09,4.71048783350203,0.37951216649797015,0,0,0,0,0,1,0,True,False,False,False,False,False
6.53,6.684489809587421,0.15448980958742098,1,0,0,0,1,0,0,False,False,False,True,False,False
7.34,7.283866487366895,0.05613351263310484,1,1,1,0,0,0,1,True,False,False,False,False,False
6.64,5.78129719680927,0.85870280319073,1,0,0,0,0,0,0,True,False,False,False,False,False
5.71,6.406129131298747,0.696129131298747,1,0,0,0,1,0,0,False,False,False,True,False,False
8.5,8.220434047918651,0.2795659520813487,0,1,0,1,0,1,0,True,False,False,False,False,False
6.47610799251537,6.60400482728616,0.12789683477079006,0,0,0,1,0,0,1,False,False,False,False,False,True
8.06,8.009950945753054,0.050049054246946056,0,0,1,0,1,1,0,False,False,False,False,False,True
7.49,7.208736958213928,0.2812630417860724,1,1,1,0,0,0,0,False,False,False,False,False,True
7.18,6.841488697629844,0.33851130237015603,1,1,1,0,0,0,0,False,False,False,False,False,True
7.29,7.208894185799259,0.08110581420074148,1,1,0,1,0,0,0,False,False,False,False,False,True
6.15,5.818025891903507,0.3319741080964933,1,0,0,0,1,0,0,False,False,False,True,False,False
6.47,6.261805403742086,0.20819459625791392,0,0,1,0,0,0,1,False,False,False,True,False,False
6.54,6.503175125520702,0.03682487447929805,1,1,0,0,0,0,1,False,False,False,False,False,True
7.32,7.85952518500889,0.5395251850088894,0,0,1,1,0,0,0,False,False,False,False,False,True
6.47610799251537,6.331834279452764,0.1442737130626064,0,0,0,0,0,0,1,False,False,False,False,False,True
7.67,7.704615606928107,0.03461560692810739,1,1,0,1,0,0,0,False,False,False,False,False,True
4.88,5.492984130647088,0.6129841306470878,0,0,0,0,0,0,1,False,False,False,True,False,False
6.88,6.856575376086265,0.023424623913735232,0,1,1,1,0,0,0,False,False,False,False,True,False
5.67,4.722697601886391,0.9473023981136093,0,0,0,0,0,1,0,True,False,False,False,False,False
6.05,6.412507277205817,0.3625072772058173,1,1,1,1,0,0,1,False,False,False,True,False,False
6.74,6.894466613686191,0.15446661368619097,1,0,1,0,1,0,0,False,False,False,False,False,True
6.45,6.413164190526177,0.036835809473823033,1,0,1,1,1,1,0,False,False,False,False,True,False
5.76,5.393029772720298,0.36697022727970197,0,0,0,0,0,0,1,False,False,False,False,True,False
7.93,7.50166354606479,0.42833645393521014,0,0,1,1,0,0,0,False,False,False,False,False,True
5.88,5.645844173175559,0.23415582682444125,0,0,0,0,0,0,1,False,False,False,True,False,False
6.5,6.241031188564677,0.2589688114353228,0,0,0,1,0,0,0,False,False,False,False,True,False
6.08,5.428788153973975,0.6512118460260252,0,0,1,0,0,0,0,True,False,False,False,False,False
6.28,7.05054958428848,0.7705495842884797,1,0,0,0,1,0,0,False,False,False,False,True,False
9.17,7.950357708228145,1.219642291771855,0,0,0,0,1,1,0,False,False,False,False,False,True
6.72,6.685854949064044,0.034145050935955545,0,0,1,0,1,0,0,True,False,False,False,False,False
5.72,6.1972712330971556,0.4772712330971558,1,0,1,0,0,0,1,False,False,False,True,False,False
4.91,4.887797252686953,0.022202747313047055,0,0,0,0,0,1,0,True,False,False,False,False,False
7.07,5.7460785178259,1.3239214821741,1,1,0,0,0,0,0,False,False,True,False,False,False
6.68,6.416168739370157,0.26383126062984275,0,1,0,0,0,0,1,False,False,False,True,False,False
7.1,7.122352150975061,0.02235215097506149,1,0,0,0,1,0,0,False,False,False,False,False,True
6.0,5.807699739937334,0.19230026006266598,0,0,1,0,0,0,1,False,False,False,False,False,True
6.33,5.874655622231541,0.4553443777684594,0,0,1,0,0,0,1,True,False,False,False,False,False
8.22,7.8474024114485275,0.3725975885514732,1,0,0,0,1,1,0,False,False,False,False,True,False
6.59,6.743954751183535,0.15395475118353552,1,0,0,0,0,1,0,False,False,False,False,False,True
8.04,7.827334269141772,0.2126657308582267,1,0,0,0,0,0,0,False,False,False,False,False,True
5.67,5.835348572192344,0.165348572192344,0,0,0,0,0,0,1,False,False,False,True,False,False
5.36,5.902803672410592,0.5428036724105914,1,0,0,0,0,0,0,False,False,False,False,True,False
6.73,6.601581375902107,0.12841862409789329,0,0,1,0,1,0,0,True,False,False,False,False,False
6.19,6.019148041623341,0.17085195837665967,1,0,0,1,1,1,1,False,False,False,True,False,False
7.63,7.592695008793623,0.0373049912063772,0,0,1,0,0,0,0,False,False,False,False,False,True
6.25,6.464381155911926,0.2143811559119264,0,0,1,0,1,0,0,False,False,False,False,False,True
6.62,6.842052412753999,0.22205241275399867,1,1,0,0,1,0,1,False,False,False,False,False,True
6.36,6.546962668353795,0.18696266835379483,1,0,0,1,1,0,0,False,False,False,False,True,False
8.52,8.102485251606437,0.41751474839356284,0,0,1,1,0,0,0,False,False,False,False,False,True
6.22,6.525040900272045,0.30504090027204533,0,0,0,1,0,0,1,False,False,False,True,False,False
6.4,5.919807457635003,0.4801925423649971,1,1,1,0,0,0,1,False,False,False,False,True,False
6.62,6.876357264802851,0.25635726480285115,0,0,0,1,0,0,0,False,False,False,False,True,False
7.48,7.635336396181215,0.1553363961812142,0,0,1,1,0,0,0,False,False,False,False,False,True
6.96,6.790213607137208,0.1697863928627923,1,0,0,0,0,0,1,False,False,False,False,False,True
8.2,6.807726778297212,1.3922732217027871,0,1,1,0,1,0,0,False,False,False,False,True,False
6.47610799251537,5.948894522767414,0.5272134697479558,0,0,0,0,0,0,1,False,False,False,False,False,True
5.06,6.194457110448238,1.1344571104482384,0,0,0,0,0,0,0,False,True,False,False,False,False
6.55,5.993974485503555,0.5560255144964446,0,0,1,0,0,0,0,False,False,False,False,False,True
7.06,6.64919994586999,0.41080005413000986,0,0,0,0,1,0,0,False,False,False,False,False,True
6.47610799251537,6.381646828239354,0.09446116427601581,0,1,0,0,0,0,0,False,False,True,False,False,False
7.42,7.421624771096945,0.0016247710969450324,0,0,1,1,0,0,0,False,False,False,False,True,False
6.23,5.909270883837505,0.32072911616249566,0,1,0,0,0,0,1,False,False,False,True,False,False
6.85,6.254689433367513,0.5953105666324863,1,0,1,0,0,0,0,True,False,False,False,False,False
6.66,6.384390079178777,0.27560992082122304,1,0,0,0,0,0,0,False,False,False,False,False,True
8.06,7.174741704628057,0.8852582953719432,1,1,1,0,0,0,0,False,False,False,True,False,False
5.85,6.544835343492272,0.6948353434922723,0,0,0,0,0,0,1,False,False,False,True,False,False
6.5,6.226805600616872,0.2731943993831276,0,0,0,0,0,0,0,False,False,False,False,False,True
5.54,5.286841138177184,0.2531588618228158,0,0,0,0,0,0,1,False,False,True,False,False,False
7.68,7.381540628654836,0.29845937134516376,0,0,0,0,0,0,1,False,False,False,True,False,False
6.83,6.645670381146657,0.18432961885334276,1,0,1,0,0,0,0,False,False,False,True,False,False
6.76,6.533796512199995,0.22620348780000477,0,0,0,0,0,0,1,False,False,False,True,False,False
7.85,7.566618582397634,0.28338141760236546,1,1,0,0,0,0,0,False,False,False,True,False,False
6.08,6.422774605629512,0.34277460562951223,0,1,1,0,0,0,1,False,False,False,False,False,True
8.07,7.30227486553777,0.7677251344622302,1,1,0,1,0,0,0,False,False,False,True,False,False
5.0,5.75148135065472,0.7514813506547204,1,0,0,0,0,0,0,False,False,False,False,True,False
6.04,6.098011919840642,0.058011919840642356,1,0,0,1,0,0,0,False,False,False,True,False,False
4.31,5.049345946148825,0.7393459461488252,0,0,0,0,0,1,0,True,False,False,False,False,False
7.04,6.379539781908631,0.6604602180913695,0,0,0,0,0,1,0,False,False,False,False,True,False
7.58,7.603120679797296,0.023120679797296262,0,0,1,0,1,0,0,False,False,False,False,False,True
6.45,5.126300752544705,1.3236992474552949,1,0,0,0,0,1,0,True,False,False,False,False,False
6.56,6.340129028393254,0.2198709716067455,0,0,0,1,1,0,0,False,False,False,True,False,False
5.97,5.825997491277309,0.14400250872269105,0,0,0,0,0,0,1,False,False,False,True,False,False
6.83,7.006680896696407,0.17668089669640707,1,1,0,0,0,0,1,False,False,False,False,False,True
7.36,7.040691380135202,0.3193086198647981,0,0,1,1,0,0,1,False,False,False,True,False,False
6.86,6.932950683932017,0.07295068393201642,1,0,0,0,1,0,0,False,False,False,False,False,True
4.31,6.1008545709683695,1.7908545709683699,0,1,0,0,0,0,1,False,False,False,True,False,False
7.06,7.065602292679568,0.005602292679568244,0,0,1,1,0,0,1,False,False,False,False,False,True
5.15,6.1430853796522795,0.9930853796522792,0,1,1,0,0,0,0,False,False,False,False,True,False
5.26,5.27373403600399,0.013734036003990369,0,0,1,0,0,0,0,False,False,True,False,False,False
7.0,6.278130874493406,0.7218691255065943,1,0,0,0,0,0,0,False,False,False,False,False,True
7.63,7.319290898538314,0.3107091014616863,1,0,0,1,0,0,0,True,False,False,False,False,False
7.28,7.4050134789065085,0.12501347890650827,0,1,0,1,0,0,0,True,False,False,False,False,False
3.75,5.679806107682881,1.9298061076828814,0,0,0,0,1,0,0,True,False,False,False,False,False
6.78,6.850784331228798,0.0707843312287979,1,1,1,0,0,0,1,False,False,False,False,True,False
7.37,7.500029102177843,0.13002910217784258,1,0,0,1,1,0,0,False,False,False,False,False,True
5.0,6.144107421495578,1.144107421495578,1,1,1,0,0,0,1,False,False,False,False,False,True
7.15,7.1645738338237335,0.014573833823733118,0,1,1,1,0,0,0,False,False,False,False,False,True
7.52,7.3025336105977114,0.21746638940228813,0,0,1,1,0,0,0,False,False,False,False,False,True
6.81,7.4330293170821,0.6230293170821,1,0,1,0,1,0,0,False,False,False,False,False,True
6.75,6.622344519319292,0.12765548068070842,1,1,0,1,0,0,0,False,False,False,True,False,False
6.76,7.416957262074511,0.6569572620745108,0,1,0,0,0,0,1,False,False,False,False,True,False
7.89,7.806941618806876,0.08305838119312359,1,1,1,1,0,0,0,False,False,False,False,False,True
6.61,6.464152353509791,0.14584764649020965,1,0,0,1,0,0,0,True,False,False,False,False,False
6.92,7.001825078392429,0.08182507839242881,0,0,1,1,0,0,0,False,False,False,False,True,False
6.79,6.676489848065368,0.11351015193463176,1,0,0,0,0,0,0,False,False,False,False,True,False
6.53,6.4233889968064215,0.10661100319357875,0,0,0,0,0,0,1,False,False,False,True,False,False
5.92,5.255086061983709,0.6649139380162907,0,0,0,0,0,0,0,False,True,False,False,False,False
8.41,8.054872419320827,0.3551275806791736,0,1,0,0,0,1,0,False,False,False,False,False,True
6.78,6.7194988912753715,0.06050110872462877,1,1,1,1,0,0,0,False,False,False,False,False,True
7.14,5.762002151046946,1.3779978489530533,1,0,1,0,0,0,0,False,False,False,True,False,False
5.3,6.310773859228793,1.0107738592287934,1,1,1,0,0,0,1,False,False,False,False,False,True
7.29,7.115128942717744,0.17487105728225583,0,0,0,0,0,0,1,False,False,False,True,False,False
7.81,7.804411773206354,0.005588226793645568,1,0,0,1,1,0,0,True,False,False,False,False,False
5.61,5.595660887859309,0.014339112140691057,0,0,0,0,0,0,1,False,False,False,True,False,False
8.17,8.276911093247058,0.10691109324705828,1,1,0,1,0,1,0,False,False,False,False,False,True
7.06,6.853501821007171,0.2064981789928284,0,0,1,0,0,0,0,False,False,False,False,False,True
6.92,7.199693670534528,0.2796936705345283,0,1,1,1,1,0,0,False,False,False,False,False,True
6.85,6.440965880960331,0.4090341190396689,1,1,1,0,0,0,1,False,False,False,False,False,True
8.02,7.456700055095274,0.5632999449047258,1,0,1,0,0,0,0,False,False,False,True,False,False
7.03,6.7269965210123726,0.3030034789876277,1,1,0,0,0,0,0,False,False,False,True,False,False
6.85,6.178138679663402,0.671861320336598,0,0,1,0,0,0,0,True,False,False,False,False,False
5.61,6.413160786696455,0.8031607866964547,0,1,1,0,0,0,0,False,False,False,True,False,False
6.55,6.529679255478483,0.02032074452151722,0,0,0,0,0,0,1,False,False,False,True,False,False
6.08,6.298028717354276,0.21802871735427587,1,0,0,0,1,0,0,False,False,False,False,False,True
7.69,7.848055916399096,0.15805591639909533,1,0,1,0,0,0,1,False,False,False,False,False,True
7.38,7.569294912401675,0.1892949124016754,0,0,1,1,0,0,0,False,False,False,True,False,False
7.28,7.0386782563268095,0.2413217436731907,0,0,0,1,0,0,0,False,False,False,True,False,False
4.56,5.259390377260061,0.6993903772600616,0,0,1,0,0,0,0,False,False,True,False,False,False
5.53,6.296874582320593,0.7668745823205931,1,0,1,0,0,0,1,False,False,False,True,False,False
7.94,7.68095418234035,0.2590458176596506,1,1,0,0,0,0,0,True,False,False,False,False,False
7.55,6.5407655800525495,1.0092344199474503,0,0,1,0,0,0,0,False,False,False,False,True,False
6.26,5.667857353712732,0.5921426462872681,1,0,0,0,1,0,0,True,False,False,False,False,False
6.55,6.706175416883061,0.15617541688306158,1,0,0,0,1,0,0,False,False,False,False,False,True
6.72,6.415846051363275,0.30415394863672507,1,0,1,0,1,0,0,False,False,False,False,True,False
6.23,6.549863525755144,0.3198635257551432,1,1,0,1,0,0,1,True,False,False,False,False,False
6.2,5.7389486145658015,0.46105138543419866,1,1,0,0,0,0,0,False,False,False,False,False,True
6.82,7.439660938689766,0.6196609386897656,1,0,1,0,1,0,0,False,False,False,False,False,True
6.43,6.996447660544646,0.5664476605446467,1,0,1,0,0,0,1,False,False,False,False,False,True
5.96,6.450637585065707,0.4906375850657074,1,0,0,1,0,0,0,False,False,False,False,False,True
8.54,8.111977105231986,0.4280228947680129,1,1,1,0,0,1,0,False,False,False,False,False,True
6.64,6.614550100955442,0.025449899044557966,0,0,1,0,0,0,0,False,False,False,False,True,False
5.84,6.445387274216392,0.6053872742163922,0,0,0,0,0,0,1,False,False,False,True,False,False
7.31,7.093272587793863,0.21672741220613645,0,0,1,0,0,0,0,False,False,False,False,True,False
6.47610799251537,6.577144327380884,0.10103633486551367,0,0,1,1,0,0,0,True,False,False,False,False,False
5.0,4.725711838661559,0.2742881613384407,0,0,1,0,0,0,0,True,False,False,False,False,False
6.75,6.200079057789412,0.549920942210588,1,0,0,0,1,0,0,False,False,False,False,True,False
6.7,6.568238795901339,0.13176120409866154,0,0,1,1,0,0,1,False,False,False,False,False,True
5.3,5.293714474941942,0.006285525058057573,0,0,0,0,0,0,0,False,True,False,False,False,False
4.58,5.567480859141078,0.987480859141078,0,0,1,0,0,0,0,False,False,True,False,False,False
6.07,6.715850816254485,0.6458508162544847,0,0,0,0,0,0,0,False,False,False,False,False,True
8.15,7.462017350002549,0.6879826499974513,1,1,0,0,0,0,0,False,False,False,False,False,True
7.23,7.11113764627478,0.11886235372522069,1,1,0,0,1,0,1,True,False,False,False,False,False
5.5,6.1188913810483,0.6188913810483001,0,0,1,0,0,0,0,False,False,False,False,True,False
7.65,7.2554452188345255,0.3945547811654748,1,1,0,1,0,0,0,False,False,False,False,False,True
8.03,8.275118120366148,0.24511812036614877,0,0,1,1,0,0,0,False,False,False,False,False,True
6.96,6.99663107991889,0.03663107991889003,1,0,0,0,1,0,0,False,False,False,False,False,True
4.22,5.073098171957415,0.8530981719574156,0,0,0,0,0,0,0,False,True,False,False,False,False
6.73,6.819710061805288,0.08971006180528729,1,1,0,0,0,0,1,False,False,False,False,False,True
8.18,7.984067558607152,0.1959324413928476,1,1,1,1,0,0,0,False,False,False,False,False,True
7.57,7.1098127429092255,0.4601872570907748,1,1,0,1,0,0,0,False,False,False,False,False,True
7.62,7.327385688514474,0.29261431148552575,1,1,1,0,0,0,0,False,False,False,True,False,False
6.47,6.2998119354085595,0.1701880645914402,1,0,0,0,1,0,0,False,False,False,True,False,False
6.11,6.610508105436342,0.5005081054363414,0,0,0,0,0,0,0,False,False,False,False,False,True
7.08,6.832645125879566,0.24735487412043433,0,1,1,0,0,0,1,False,False,False,False,True,False
7.04,6.711095210743151,0.32890478925684885,1,0,0,0,0,0,0,False,False,False,False,True,False
6.72,6.5452640868630025,0.1747359131369972,0,0,1,1,0,0,1,False,False,False,False,False,True
7.27,7.260405766430308,0.009594233569691468,0,0,0,1,0,0,0,False,False,False,False,True,False
6.42,6.187533083175707,0.23246691682429255,0,0,0,1,0,0,1,False,False,False,True,False,False
6.67,5.803128504852069,0.8668714951479313,1,0,0,0,0,0,1,False,False,False,False,False,True
5.26,5.652050716622115,0.39205071662211477,0,0,0,0,0,0,0,False,True,False,False,False,False
7.76,7.594275324796009,0.16572467520399048,0,0,1,1,0,0,0,False,False,False,True,False,False
5.25,4.6393026756075795,0.6106973243924205,0,0,1,0,1,0,0,False,False,True,False,False,False
6.83,6.857033465102276,0.02703346510227611,1,1,0,0,0,0,0,False,False,False,True,False,False
6.99,6.585187080776096,0.40481291922390383,1,0,0,0,0,0,1,False,False,False,False,False,True
5.12,5.455476454916124,0.3354764549161242,0,0,0,0,0,0,0,False,True,False,False,False,False
5.14,6.613503601402656,1.4735036014026566,1,0,0,0,0,0,0,False,False,False,True,False,False
6.85,6.515735700904126,0.3342642990958735,0,1,0,0,0,0,0,False,False,False,False,True,False
5.86,6.174857313647227,0.31485731364722636,1,0,0,0,0,0,1,False,False,False,False,False,True
8.0,6.014268484208441,1.9857315157915592,0,0,0,1,0,0,0,True,False,False,False,False,False
7.63,7.314325077000309,0.31567492299969047,0,0,1,0,0,0,0,False,False,True,False,False,False
6.11,6.06997424866522,0.040025751334780146,1,0,0,0,0,0,1,False,False,False,True,False,False
6.13,5.949445129576743,0.1805548704232569,0,0,1,1,0,0,0,False,False,False,True,False,False
4.67,5.602350670200719,0.9323506702007194,0,0,0,0,0,0,1,False,False,False,True,False,False
6.75,6.149845542625525,0.600154457374475,1,0,1,0,0,0,0,False,False,False,False,False,True
6.48,6.724040859756673,0.244040859756673,1,0,0,0,1,0,0,False,False,False,False,False,True
7.43,7.606975578255497,0.17697557825549737,1,0,1,0,0,0,0,False,False,False,False,False,True
6.25,6.014060577436235,0.23593942256376543,0,0,1,0,0,0,0,False,False,False,False,True,False
6.47610799251537,5.818767023673329,0.6573409688420409,1,0,1,0,1,0,0,False,False,False,False,False,True
7.99,7.4265815836307,0.5634184163693003,0,0,0,1,0,0,0,True,False,False,False,False,False
8.19,8.217338017632382,0.02733801763238297,0,0,1,1,0,0,0,False,False,False,False,False,True
6.43,6.097889949919082,0.3321100500809173,1,0,0,0,1,0,0,False,False,False,True,False,False
6.01,5.544620845712134,0.4653791542878656,0,1,1,0,0,0,1,False,False,True,False,False,False
7.2,7.00225801464402,0.19774198535598053,1,1,0,1,0,0,0,False,False,False,False,False,True
7.07,6.742916311180275,0.3270836888197257,0,0,1,0,0,0,1,False,False,False,False,True,False
6.55,6.552103797115842,0.0021037971158417434,1,0,1,1,1,0,0,False,False,False,False,False,True
5.0,5.557991770576477,0.5579917705764768,0,0,1,0,0,0,0,False,False,False,True,False,False
4.4,4.821285519912733,0.42128551991273255,0,0,1,0,0,0,1,False,False,False,False,True,False
7.42,7.495298832259496,0.07529883225949607,1,0,0,0,1,0,0,True,False,False,False,False,False
7.04,6.974515154922716,0.06548484507728425,0,0,1,0,0,0,0,False,False,False,False,False,True
6.25,6.334151914892055,0.08415191489205487,1,0,1,0,0,0,0,False,False,False,False,False,True
6.39,6.990092104708636,0.6000921047086365,1,1,1,0,1,1,0,False,False,False,False,False,True
3.58,4.428233299062848,0.8482332990628478,0,0,0,0,0,1,0,True,False,False,False,False,False
6.6,6.13296455235774,0.46703544764225935,0,1,0,0,0,0,0,False,False,False,True,False,False
5.78,5.078806735305426,0.7011932646945747,0,0,1,0,0,0,0,False,False,True,False,False,False
7.46,7.524327097353763,0.06432709735376285,1,0,0,0,1,0,0,False,False,False,True,False,False
7.38,7.071996802165341,0.3080031978346591,0,1,1,0,0,0,0,False,False,False,False,True,False
4.83,5.824191150097353,0.994191150097353,0,0,1,0,0,0,0,False,False,False,False,False,True
8.18,7.492884038479648,0.6871159615203517,0,0,1,1,0,0,0,False,False,False,True,False,False
6.1,6.376700814993731,0.2767008149937311,0,0,0,1,0,0,1,False,False,False,False,True,False
7.6,7.58284783227554,0.01715216772445949,1,0,1,0,0,0,0,False,False,False,True,False,False
5.95,6.107245928857186,0.15724592885718547,0,0,0,0,1,1,0,False,False,False,True,False,False
6.47610799251537,6.626097782750998,0.14998979023562775,1,1,0,0,0,0,0,True,False,False,False,False,False
7.48,7.039498068017643,0.4405019319823573,0,0,1,0,0,1,0,False,False,False,False,False,True
7.7,6.562238920244515,1.1377610797554851,0,0,0,1,1,0,0,False,False,False,True,False,False
7.25,6.862148099727411,0.3878519002725893,1,1,0,0,0,0,0,False,False,False,False,False,True
7.24,6.767639985801661,0.4723600141983395,1,0,1,0,1,0,0,False,False,False,False,False,True
7.63,6.917078552494055,0.7129214475059449,0,0,1,0,0,0,0,False,False,False,False,False,True
5.88,6.844796113363184,0.9647961133631844,0,0,1,1,1,0,1,False,False,False,True,False,False
4.38,5.44496757859925,1.0649675785992505,0,1,0,0,0,0,1,False,False,True,False,False,False
6.42,6.2439136732737355,0.17608632672626445,1,0,1,0,0,0,0,False,False,False,False,False,True
5.75,5.849584760875647,0.09958476087564705,0,0,0,0,0,0,0,True,False,False,False,False,False
5.35,5.755487196435177,0.4054871964351774,0,0,0,0,0,0,1,False,False,False,False,False,True
6.42,6.452238584777335,0.03223858477733543,0,0,1,0,0,0,0,False,False,False,False,True,False
7.65,7.409313558418088,0.24068644158191255,0,0,1,0,0,0,0,False,False,False,True,False,False
6.12,6.303453872878999,0.1834538728789985,1,1,0,0,0,0,0,False,False,False,False,False,True
6.57,6.270039470110816,0.29996052988918454,0,0,0,0,0,0,1,False,False,False,True,False,False
6.35,5.812527085173732,0.5374729148262674,1,1,0,0,0,0,0,True,False,False,False,False,False
6.74,7.0750434035781025,0.33504340357810225,1,0,0,1,1,0,0,False,False,False,False,False,True
8.0,6.063886161858992,1.936113838141008,0,0,0,1,0,0,0,True,False,False,False,False,False
7.11,6.418123075541935,0.6918769244580654,0,0,1,0,0,0,0,True,False,False,False,False,False
5.89,6.257904000880751,0.3679040008807517,0,1,0,0,0,0,1,False,False,False,True,False,False
6.02,6.495164423022761,0.4751644230227612,0,0,0,0,0,0,1,False,False,False,True,False,False
6.08,5.827445248017239,0.25255475198276134,0,1,0,0,0,0,1,False,False,False,True,False,False
5.92,5.975671822224228,0.05567182222422851,1,0,0,0,0,0,1,False,False,False,False,False,True
7.43,7.600852027384992,0.17085202738499206,1,0,0,1,1,0,0,True,False,False,False,False,False
5.91,5.886450850024642,0.023549149975358397,1,1,0,0,0,0,1,False,False,False,True,False,False
6.67,6.330368285885695,0.33963171411430526,1,0,0,0,0,0,1,False,False,False,True,False,False
6.05,6.558539576985593,0.5085395769855934,1,1,1,0,0,0,0,False,False,False,False,False,True
7.61,7.786934016528255,0.17693401652825447,1,0,0,1,1,1,0,False,False,False,False,False,True
6.37,6.194279257415548,0.1757207425844518,0,0,0,0,0,0,1,False,False,False,True,False,False
7.74,7.291717315856933,0.4482826841430674,0,0,1,0,0,0,0,False,False,False,True,False,False
5.95,5.717686178238372,0.23231382176162807,0,0,0,0,0,0,1,False,False,False,True,False,False
4.33,5.733344352458867,1.4033443524588671,1,0,0,0,1,0,0,True,False,False,False,False,False
7.81,8.18379715429513,0.37379715429513016,1,1,0,1,0,0,0,True,False,False,False,False,False
6.85,6.76661817081521,0.08338182918478942,0,0,1,0,0,0,1,True,False,False,False,False,False
4.66,5.59464592672923,0.93464592672923,0,0,1,0,0,0,1,False,False,False,True,False,False
6.6,7.282418018682784,0.6824180186827844,1,0,0,0,0,0,0,True,False,False,False,False,False
7.48,7.465943821077052,0.014056178922948526,0,0,1,1,0,0,0,False,False,False,False,False,True
6.9,6.471205099177807,0.4287949008221936,1,1,0,0,0,0,1,False,False,False,True,False,False
7.36,7.129591302791304,0.23040869720869672,0,0,0,0,0,0,1,False,False,False,True,False,False
6.83,6.661284772526836,0.16871522747316448,1,0,0,0,0,0,1,False,False,False,True,False,False
6.47610799251537,6.542264272964818,0.06615628044944799,0,1,1,1,0,0,0,False,False,False,False,False,True
7.94,7.248863063078359,0.6911369369216418,0,1,1,1,0,0,0,False,False,False,False,True,False
3.2,4.5605262668238,1.3605262668237996,0,0,1,0,0,0,0,True,False,False,False,False,False
5.64,5.3368431339533835,0.3031568660466162,0,0,0,0,0,0,1,False,False,False,True,False,False
6.36,5.591554129200939,0.7684458707990611,0,1,0,0,0,0,1,False,False,False,False,False,True
6.25,6.316018138490769,0.06601813849076876,1,1,1,1,1,0,0,False,False,False,True,False,False
7.2,5.930135726781323,1.2698642732186771,1,1,0,0,0,0,1,True,False,False,False,False,False
7.69,7.994334800328698,0.3043348003286974,1,1,0,0,1,0,0,False,False,False,False,False,True
6.22,5.448596388199594,0.7714036118004062,0,0,0,0,0,1,0,True,False,False,False,False,False
5.78,5.6267038347373255,0.15329616526267476,0,0,1,0,0,0,0,True,False,False,False,False,False
5.81,6.230859673689022,0.420859673689022,0,0,1,1,0,0,0,False,False,False,True,False,False
6.0,5.831180447447166,0.16881955255283376,0,0,1,0,0,0,0,False,False,False,True,False,False
7.06,6.835778405342344,0.22422159465765557,1,0,1,0,0,0,0,False,False,False,False,False,True
4.53,4.7151657882406965,0.1851657882406963,0,0,0,0,0,1,0,True,False,False,False,False,False
5.68,5.6189376439123055,0.06106235608769417,0,1,0,0,0,0,0,False,False,True,False,False,False
6.58,6.353704344260249,0.22629565573975086,0,0,0,0,0,0,0,False,True,False,False,False,False
7.09,6.964511883511641,0.12548811648835922,1,1,1,0,0,1,0,False,False,False,False,False,True
6.47610799251537,5.992201960859563,0.48390603165580703,0,0,1,0,0,0,1,True,False,False,False,False,False
6.55,5.733756729388652,0.8162432706113476,0,0,1,0,0,0,0,False,False,False,False,False,True
5.53,5.620413035861876,0.09041303586187599,0,1,0,0,0,1,0,True,False,False,False,False,False
5.77,5.697372621081844,0.0726273789181553,0,0,0,0,1,0,0,False,True,False,False,False,False
7.47,6.926597270804267,0.5434027291957326,0,0,0,0,0,0,1,False,False,False,False,True,False
6.22,4.871819889370369,1.348180110629631,0,1,0,1,0,0,0,True,False,False,False,False,False
6.95,7.341866361133108,0.3918663611331077,1,0,1,0,1,0,0,False,False,False,True,False,False
7.54,7.9863963707354575,0.44639637073545746,1,0,1,0,0,1,0,True,False,False,False,False,False
6.63,7.028599968002686,0.39859996800268593,0,0,1,0,0,0,0,False,False,False,False,True,False
5.08,5.70413297327096,0.6241329732709602,1,0,0,0,1,0,0,True,False,False,False,False,False
7.24,6.98269340161006,0.2573065983899401,0,0,0,1,1,0,0,False,False,False,False,False,True
5.2,5.362131832760712,0.16213183276071153,0,0,0,0,1,0,0,True,False,False,False,False,False
5.96,6.03632803558042,0.07632803558041967,0,1,0,0,0,0,1,False,False,False,True,False,False
5.55,5.361144459373604,0.18885554062639542,0,0,1,0,0,0,0,True,False,False,False,False,False
7.14,7.217857679944192,0.07785767994419235,1,1,1,1,0,0,1,True,False,False,False,False,False
5.41,6.371248562507521,0.9612485625075209,0,0,0,0,1,0,0,False,False,False,False,True,False
8.54,8.204892105208442,0.3351078947915571,1,1,1,0,0,1,0,False,False,False,False,True,False
7.19,5.606760077156426,1.5832399228435747,0,1,0,1,1,0,0,False,False,False,True,False,False
6.27,6.110892623967236,0.1591073760327637,0,0,0,0,0,0,0,False,True,False,False,False,False
5.59,4.765307519900043,0.8246924800999569,0,0,0,0,0,1,0,False,False,False,False,True,False
8.15,7.818181951232159,0.3318180487678415,0,0,1,0,0,0,0,False,False,False,True,False,False
7.06,6.8778939627261,0.18210603727389962,0,0,1,0,0,0,0,False,False,False,False,True,False
6.0,5.311769575935953,0.6882304240640469,0,0,1,0,0,0,0,False,False,False,True,False,False
6.18,6.356696975296763,0.1766969752967631,1,1,1,0,0,0,1,False,False,False,False,False,True
5.35,5.73026553869345,0.38026553869345037,0,1,0,0,0,0,0,False,False,False,True,False,False
6.3,6.088051050660009,0.2119489493399911,0,0,1,0,0,0,0,False,False,False,False,False,True
6.9,6.873258392005431,0.026741607994569705,1,1,1,0,0,0,1,False,False,False,False,True,False
6.93,6.384757744771584,0.5452422552284153,0,1,0,0,0,0,0,False,False,False,False,True,False
3.67,4.439290705040408,0.7692907050404081,0,0,0,0,0,0,0,False,True,False,False,False,False
5.92,6.4872548870461,0.5672548870460998,0,0,1,0,0,0,0,False,False,False,False,False,True
6.0,5.42309077154048,0.5769092284595203,0,0,1,0,0,0,0,False,False,True,False,False,False
6.11,6.030156852786798,0.07984314721320196,1,0,0,0,1,0,0,False,False,False,True,False,False
6.34,6.101749467802071,0.23825053219792913,0,0,1,0,0,0,0,True,False,False,False,False,False
7.3,7.232558504189161,0.06744149581083914,1,0,1,1,1,0,0,True,False,False,False,False,False
5.67,4.758534730230369,0.9114652697696313,0,0,0,0,0,1,0,False,True,False,False,False,False
8.01,7.422231580216007,0.587768419783993,0,0,1,1,0,0,0,False,False,False,True,False,False
7.78,7.721961021344751,0.058038978655249096,1,1,0,0,0,1,0,False,False,False,False,False,True
7.45,7.171680461154459,0.2783195388455413,1,1,0,0,1,0,0,False,False,False,False,True,False
5.8,6.255063074073108,0.45506307407310853,0,0,1,0,0,0,0,False,False,False,False,False,True
6.47,6.203045982045092,0.2669540179549079,1,1,1,0,0,0,0,False,False,False,False,True,False
6.33,7.160739091908373,0.8307390919083728,0,0,0,1,0,0,1,False,False,False,True,False,False
7.22,7.309543964324953,0.08954396432495315,0,0,1,0,0,0,0,False,False,False,False,True,False
6.43,6.488231731002582,0.058231731002582166,0,0,0,0,0,0,1,False,False,False,True,False,False
5.1,6.155512677308998,1.0555126773089984,1,0,1,1,1,0,0,False,False,False,True,False,False
6.57,5.55017178091546,1.0198282190845402,0,1,0,0,0,0,0,True,False,False,False,False,False
7.6,7.574686657522643,0.025313342477356393,1,0,1,1,1,0,0,False,False,False,False,False,True
8.76,7.191111651574484,1.5688883484255154,0,1,1,1,0,0,0,False,False,False,False,False,True
6.89,6.453307301393965,0.4366926986060351,1,0,1,0,0,0,1,False,False,False,False,True,False
6.66,6.311235660629322,0.3487643393706783,0,0,0,0,0,0,1,False,False,False,True,False,False
6.18,6.5302095147754455,0.3502095147754458,1,0,0,0,0,0,0,False,False,False,False,True,False
6.47,6.833355809943287,0.363355809943287,1,0,1,0,0,0,0,False,False,False,False,False,True
6.45,5.448748481196331,1.0012515188036692,1,1,1,0,0,0,0,False,False,False,True,False,False
4.59,4.55844941385573,0.0315505861442702,0,0,1,0,0,0,0,False,False,True,False,False,False
5.4,5.4012061318759885,0.00120613187598817,0,0,1,0,0,0,1,False,True,False,False,False,False
4.99,4.707203250917569,0.282796749082431,0,0,0,0,0,0,1,True,False,False,False,False,False
6.9,7.133938440454434,0.23393844045443402,1,1,1,0,0,0,0,False,False,False,False,False,True
7.26,6.99053430646498,0.2694656935350199,1,0,0,0,0,0,0,False,False,False,False,False,True
3.74,5.526395212093923,1.7863952120939226,0,1,1,0,0,1,0,False,False,True,False,False,False
6.67,6.244265909872154,0.4257340901278459,0,0,1,0,0,0,0,True,False,False,False,False,False
5.45,6.151172558818694,0.7011725588186941,0,0,1,0,0,0,0,False,False,False,False,False,True
7.63,7.281215216896947,0.34878478310305283,1,0,0,1,1,0,0,False,False,False,True,False,False
5.35,4.850182096777697,0.49981790322230246,0,0,0,0,0,0,1,False,False,True,False,False,False
6.88,6.834980837226834,0.04501916277316553,1,0,0,0,0,0,0,True,False,False,False,False,False
7.21,6.986112459934441,0.2238875400655589,1,1,1,1,0,0,1,False,False,False,False,False,True
7.16,7.072073143580205,0.08792685641979503,0,0,0,0,1,0,0,False,False,False,False,False,True
8.11,7.782992068571546,0.3270079314284535,0,1,1,1,0,1,0,False,False,False,False,False,True
7.8,6.08649918367627,1.7135008163237302,0,0,0,1,0,0,0,True,False,False,False,False,False
7.09,6.521877513543551,0.5681224864564491,0,0,1,0,0,0,0,False,False,False,False,False,True
6.76,5.8596893987167835,0.9003106012832163,0,0,0,0,0,0,1,True,False,False,False,False,False
5.89,5.530152364109596,0.3598476358904037,0,0,1,0,0,0,0,False,False,False,True,False,False
6.64,6.796565602079666,0.15656560207966663,0,1,1,0,0,0,0,False,False,False,False,True,False
7.46,7.434936040198585,0.025063959801414626,1,0,0,0,0,0,0,False,False,False,True,False,False
6.78,6.853557122269285,0.07355712226928457,0,1,1,1,0,0,1,False,False,False,False,True,False
5.26,5.345516034303414,0.08551603430341448,0,0,1,0,0,0,0,False,False,True,False,False,False
6.94,6.604989414864166,0.3350105851358345,1,1,1,0,0,0,0,False,False,False,False,False,True
7.6,7.860501083560942,0.2605010835609427,0,0,1,0,0,0,0,False,False,False,False,False,True
6.57,6.118937115594047,0.4510628844059532,0,0,1,1,0,0,0,True,False,False,False,False,False
5.57,6.036462065768819,0.46646206576881877,0,1,0,0,0,0,0,False,False,False,False,False,True
7.59,5.952203171332492,1.6377968286675078,0,0,0,0,0,1,0,True,False,False,False,False,False
6.33,6.667183472932613,0.33718347293261264,1,0,0,0,0,0,0,False,False,False,False,False,True
4.92,4.2220429934705646,0.6979570065294354,0,0,1,0,0,0,0,False,False,False,False,True,False
5.96,5.6293116582925755,0.33068834170742445,0,0,0,0,0,0,1,False,False,False,True,False,False
6.55,6.774967739421925,0.22496773942192494,1,1,0,0,0,0,0,False,False,False,False,True,False
5.84,6.300531926770747,0.46053192677074684,0,0,0,1,1,0,0,False,False,False,False,True,False
6.28,5.491380647544914,0.7886193524550862,0,1,0,0,0,0,0,True,False,False,False,False,False
6.66,6.63893342656989,0.02106657343010987,1,0,0,1,1,0,0,False,False,False,False,False,True
3.65,4.661722401517907,1.0117224015179072,0,0,0,0,0,0,0,False,True,False,False,False,False
6.35,6.499861096827493,0.14986109682749316,1,0,1,0,0,0,1,False,False,False,False,False,True
6.96,6.801570966498471,0.1584290335015286,0,1,0,0,0,0,1,False,False,False,True,False,False
7.14,7.520311595655945,0.38031159565594574,1,0,1,0,1,0,0,False,False,False,True,False,False
7.45,7.197638618027597,0.25236138197240354,0,1,1,1,0,0,0,False,False,False,True,False,False
7.04,6.6218836654507305,0.41811633454926955,0,0,1,1,0,0,0,False,False,False,True,False,False
7.05,6.917857602927494,0.13214239707250552,1,0,1,1,0,0,0,False,False,False,False,False,True
8.16,8.255319015426226,0.09531901542622556,1,1,1,0,0,0,0,False,False,False,False,False,True
5.72,6.542595880784299,0.8225958807842995,1,0,1,0,0,0,1,False,False,False,False,False,True
3.43,5.058684929657064,1.6286849296570636,0,0,0,0,0,0,1,False,True,False,False,False,False
6.16,6.424346208639424,0.2643462086394237,0,0,1,0,0,0,1,False,False,False,False,True,False
5.06,4.93497438577352,0.1250256142264794,0,0,0,1,0,0,1,False,False,False,True,False,False
6.81,6.398217072719838,0.41178292728016164,0,0,1,1,0,0,0,True,False,False,False,False,False
4.06,4.907461636928497,0.8474616369284975,0,0,0,0,0,0,1,False,True,False,False,False,False
7.49,7.477342142356829,0.01265785764317151,1,0,0,1,1,0,0,False,False,False,False,False,True
5.79,5.434474268044703,0.35552573195529735,0,0,1,0,0,0,0,True,False,False,False,False,False
3.26,4.183385936681802,0.923385936681802,0,0,0,0,1,0,1,False,False,False,False,True,False
6.3,6.684448936457877,0.38444893645787737,1,0,0,0,1,0,0,False,False,False,False,False,True
7.17,7.144799284077021,0.025200715922978567,1,0,0,0,0,0,0,False,False,False,False,False,True
5.77,5.584254505603859,0.18574549439614074,0,1,0,0,0,0,0,False,False,False,True,False,False
5.94,6.141208615255336,0.20120861525533584,0,0,1,0,0,0,0,False,False,False,False,False,True
4.79,6.075869973749841,1.2858699737498407,0,0,0,1,0,0,1,False,False,False,True,False,False
6.15,6.330910300589157,0.18091030058915702,0,0,1,0,0,0,0,False,False,False,True,False,False
7.65,7.2907250453411345,0.35927495465886583,1,0,1,0,0,1,0,False,False,False,False,True,False
6.0,6.569062080340638,0.5690620803406379,0,0,0,0,0,0,0,False,False,False,True,False,False
6.47610799251537,6.068122322324184,0.40798567019118614,0,0,0,0,0,0,0,False,False,False,True,False,False
5.45,5.619638622533956,0.1696386225339559,0,0,0,0,1,0,1,False,False,False,False,False,True
6.35,5.903227478419381,0.44677252158061886,1,1,0,0,1,0,0,True,False,False,False,False,False
6.53,6.424541912579774,0.10545808742022622,1,0,1,0,0,0,0,False,False,False,False,False,True
8.0,5.533162166372237,2.466837833627763,1,1,1,0,0,0,1,True,False,False,False,False,False
6.09,6.537428477508524,0.44742847750852377,0,1,1,0,0,0,0,False,False,False,False,True,False
6.45,6.817432495639783,0.36743249563978253,1,0,0,0,1,0,0,False,False,False,False,False,True
8.07,8.129051017552154,0.059051017552153695,1,0,0,1,1,0,0,False,False,False,False,False,True
4.0,4.999050029240513,0.9990500292405127,0,0,0,0,0,0,0,False,False,False,False,False,True
5.75,6.343493244965432,0.5934932449654324,0,1,0,0,0,0,1,False,False,False,True,False,False
6.44,6.633790915959154,0.19379091595915376,1,0,0,0,0,0,0,False,False,False,False,False,True
6.33,5.387395390120727,0.9426046098792726,0,0,1,0,0,0,1,False,False,False,False,False,True
5.61,6.028347454404351,0.4183474544043504,0,0,0,0,0,0,1,False,False,False,True,False,False
5.67,6.927574285780275,1.257574285780275,0,0,0,0,0,0,1,True,False,False,False,False,False
7.45,7.250761308021089,0.19923869197891086,1,1,1,0,0,1,0,False,False,False,False,False,True
6.59,5.709294696593412,0.8807053034065877,0,0,1,0,0,0,0,True,False,False,False,False,False
5.56,5.881541932172016,0.32154193217201676,0,0,1,0,1,0,0,False,False,False,False,True,False
5.8,5.749572401784739,0.05042759821526044,1,0,0,0,1,0,0,False,True,False,False,False,False
7.85,7.64035530892834,0.2096446910716594,0,0,1,1,0,0,0,False,False,False,True,False,False
5.62,6.465036077147378,0.8450360771473777,0,0,1,0,0,0,0,False,False,False,False,True,False
7.72,7.5182663504182035,0.2017336495817963,1,1,1,0,1,0,0,False,False,False,False,False,True
6.57,6.082255793256701,0.4877442067432991,1,0,0,0,0,0,0,True,False,False,False,False,False
7.64,7.468156996420969,0.17184300357903037,0,1,1,1,0,0,0,False,False,False,False,True,False
5.47,5.467712419875608,0.002287580124392008,0,0,0,0,0,0,1,False,False,False,True,False,False
6.17,6.143829702328446,0.026170297671553655,0,0,0,0,1,0,0,True,False,False,False,False,False
6.9,7.009052578096134,0.10905257809613378,1,0,0,0,1,0,0,False,False,False,False,False,True
6.84,6.263711015072943,0.5762889849270572,0,0,0,0,0,0,1,False,False,False,True,False,False
6.04,6.057412747717826,0.01741274771782564,0,1,0,0,0,0,1,False,False,False,True,False,False
5.59,5.751109057351393,0.16110905735139358,0,0,0,0,0,0,0,False,True,False,False,False,False
6.72,7.960315966792866,1.240315966792866,1,1,1,0,1,0,0,False,False,False,False,False,True
6.32,6.2219317156773855,0.09806828432261483,0,0,1,0,0,0,0,False,False,True,False,False,False
7.75,7.740066666159835,0.009933333840164593,1,1,0,0,0,0,0,True,False,False,False,False,False
6.99,6.514162043054944,0.47583795694505593,1,0,1,0,0,0,0,False,False,False,False,True,False
6.43,6.435461865724902,0.0054618657249019265,0,0,0,1,0,0,0,False,False,False,True,False,False
6.83,7.0358978496555595,0.20589784965555946,1,0,1,0,0,0,1,False,False,False,False,False,True
6.27,6.075424327370594,0.1945756726294059,1,0,1,0,0,0,0,False,False,False,True,False,False
7.31,7.7151910517368565,0.4051910517368569,1,0,1,1,0,0,0,False,False,False,False,True,False
6.34,6.615101889628582,0.27510188962858173,1,0,0,0,1,0,0,False,False,False,True,False,False
7.16,7.303602593280962,0.1436025932809617,0,1,1,1,0,0,0,False,False,False,False,False,True
4.4,5.52086457093182,1.1208645709318192,1,1,0,0,0,0,0,True,False,False,False,False,False
5.71,6.139297541973926,0.4292975419739262,0,0,0,1,0,0,0,False,False,False,True,False,False
4.33,4.934459065358208,0.604459065358208,0,0,0,0,0,0,1,False,True,False,False,False,False
6.85,6.644194090733384,0.20580590926661557,0,0,1,0,0,0,0,False,False,False,False,False,True
5.82,6.695707584796544,0.8757075847965439,0,1,0,0,0,0,1,True,False,False,False,False,False
4.91,5.576947362985497,0.6669473629854972,0,0,0,0,1,0,0,False,True,False,False,False,False
7.96,7.899811012702403,0.0601889872975967,1,0,0,1,1,0,0,False,False,False,False,False,True
4.83,5.4442787654775096,0.6142787654775095,0,0,1,0,0,0,1,False,False,False,True,False,False
6.48,6.1256950610558265,0.3543049389441739,0,0,0,1,0,0,0,False,False,False,True,False,False
6.46,6.157605781786703,0.3023942182132968,0,0,0,1,0,0,0,False,False,True,False,False,False
5.46,5.741639736308569,0.281639736308569,0,1,0,0,0,0,0,False,False,False,True,False,False
6.67,6.742713074759069,0.07271307475906941,1,1,0,0,0,0,0,False,False,False,False,True,False
6.0,4.948293978831748,1.0517060211682523,0,0,0,0,0,0,1,False,True,False,False,False,False
6.81,6.949914185485461,0.13991418548546175,1,0,0,0,0,0,0,False,False,False,False,False,True
6.09,5.882922298834119,0.20707770116588087,0,0,0,0,0,0,1,False,False,False,True,False,False
6.61,6.600600674002334,0.009399325997666352,0,0,0,1,0,0,0,False,False,False,True,False,False
7.6,7.406518306907698,0.193481693092302,0,1,0,0,0,0,0,True,False,False,False,False,False
6.99,7.220826277743402,0.23082627774340203,0,1,0,1,0,1,0,True,False,False,False,False,False
7.27,6.918952774212788,0.3510472257872115,1,0,0,0,1,0,0,False,False,False,False,False,True
6.47610799251537,6.479591462984043,0.0034834704686730333,1,1,0,0,0,0,0,False,False,False,False,False,True
5.55,5.7399323000087445,0.18993230000874473,0,0,0,0,0,0,0,False,True,False,False,False,False
7.71,7.5584532941920015,0.15154670580799845,1,1,0,0,0,1,0,False,False,False,True,False,False
6.34,6.224728587635955,0.11527141236404503,0,0,0,1,0,0,0,False,False,False,False,True,False
5.93,6.403328864080978,0.47332886408097785,0,1,1,0,0,0,0,False,False,True,False,False,False
7.83,7.347092268287474,0.4829077317125261,0,1,1,0,0,0,1,False,False,False,True,False,False
6.62,6.1730703861006475,0.4469296138993526,0,1,0,0,0,0,1,False,False,False,True,False,False
7.6,7.5109764195806275,0.0890235804193722,1,1,0,0,1,1,0,False,False,False,False,True,False
5.48,6.3141585100028506,0.8341585100028501,0,0,1,1,1,0,0,False,False,False,True,False,False
5.87,5.17074909935306,0.6992509006469403,0,0,0,0,0,0,0,False,True,False,False,False,False
5.35,5.990505190005033,0.6405051900050331,0,1,0,1,0,1,0,False,True,False,False,False,False
5.69,5.494562835851258,0.19543716414874268,0,0,0,0,0,0,1,False,False,False,True,False,False
6.87,6.648199022418202,0.22180097758179773,0,0,0,0,0,0,1,False,False,False,True,False,False
4.75,5.611283075741147,0.8612830757411469,0,0,0,0,0,0,1,False,False,False,False,False,True
6.47610799251537,6.53999337762164,0.06388538510626951,1,1,0,0,0,0,0,False,False,False,False,False,True
6.77,6.686600573957956,0.08339942604204342,0,0,1,0,0,0,0,False,False,False,False,True,False
6.08,6.769498091601371,0.6894980916013713,1,0,1,1,1,0,0,False,False,False,False,False,True
4.6,6.202736783880386,1.6027367838803865,0,0,1,0,0,0,0,False,False,False,False,False,True
6.12,6.4424623004937995,0.3224623004937994,0,0,1,0,1,0,0,False,False,False,False,True,False
6.93,5.889362110871593,1.0406378891284067,0,1,0,0,0,0,1,False,False,False,False,False,True
6.99,6.701775412646749,0.28822458735325096,0,0,0,0,0,1,0,True,False,False,False,False,False
7.95,7.249328794693753,0.7006712053062474,0,0,1,0,0,0,0,False,False,True,False,False,False
7.59,7.459355802582111,0.13064419741788846,1,1,1,0,0,0,0,False,False,False,True,False,False
4.72,5.382312969536405,0.662312969536405,1,0,0,0,0,0,0,False,False,False,True,False,False
6.52,6.520930595027093,0.0009305950270936947,1,1,0,0,0,0,0,False,False,False,False,False,True
8.43,8.229932078346618,0.20006792165338183,1,0,1,1,0,0,0,False,False,False,False,False,True
6.72,6.717261788702644,0.0027382112973555195,0,0,1,0,1,0,0,True,False,False,False,False,False
7.46,7.180129335097222,0.279870664902778,0,0,1,0,1,0,0,False,False,False,True,False,False
6.41,6.376076280859163,0.03392371914083725,0,0,0,1,0,0,0,False,False,False,False,True,False
6.45,6.26463806938958,0.18536193061042017,0,0,1,1,0,0,0,False,False,False,True,False,False
6.5,5.9743755209477705,0.5256244790522295,0,0,0,0,0,0,0,False,False,False,False,False,True
7.33,7.093139479406422,0.2368605205935781,1,0,0,1,1,0,0,False,False,False,False,False,True
7.37,7.402357650775329,0.03235765077532893,0,1,1,1,0,0,1,False,False,False,False,True,False
6.5,6.010318050060563,0.48968194993943737,1,0,0,1,0,1,0,False,False,False,True,False,False
4.86,5.50087008518247,0.6408700851824696,0,0,1,0,0,0,1,False,True,False,False,False,False
7.29,7.511066898451148,0.2210668984511477,0,1,1,0,0,0,0,False,False,False,False,False,True
6.4,5.698552478806091,0.7014475211939093,0,0,1,0,0,0,0,False,False,False,True,False,False
6.66,6.799719725111197,0.13971972511119723,1,1,1,0,0,0,1,False,False,False,False,True,False
7.45,6.878747567244728,0.5712524327552719,0,0,0,0,0,0,0,False,False,False,False,False,True
6.67,7.222454610760503,0.5524546107605035,0,0,1,1,0,0,0,False,False,False,False,False,True
7.31,6.863897985185147,0.44610201481485223,0,0,1,0,0,0,0,False,False,False,False,False,True
4.71,4.575414217507956,0.134585782492044,1,0,0,0,0,0,0,True,False,False,False,False,False
5.85,5.7865354968873115,0.06346450311268814,0,0,0,0,0,0,1,False,False,False,True,False,False
6.34,6.811390874876,0.4713908748760005,0,0,1,1,0,0,1,False,False,False,True,False,False
6.69,6.738152159226772,0.048152159226771296,1,1,0,0,0,0,1,False,False,False,False,False,True
5.25,6.8228153373862925,1.5728153373862925,0,0,0,1,0,0,1,False,False,False,True,False,False
5.77,5.838860182414636,0.0688601824146362,0,0,0,0,0,0,0,False,True,False,False,False,False
7.04,6.226980585818739,0.8130194141812614,0,0,0,0,0,1,0,False,False,False,True,False,False
6.54,6.565954223929916,0.025954223929915976,1,1,0,0,0,0,1,True,False,False,False,False,False
7.44,7.327424991348572,0.11257500865142855,1,0,0,0,0,0,0,False,False,False,False,False,True
6.9,6.835596482536596,0.06440351746340411,0,0,0,0,0,0,1,False,False,False,True,False,False
8.18,8.094004461495409,0.08599553850459074,0,0,1,0,0,0,0,False,False,False,False,False,True
6.68,6.465328663849716,0.21467133615028366,1,1,0,0,1,0,0,False,False,False,False,False,True
7.0,6.180490188911052,0.819509811088948,1,1,0,0,0,0,0,False,False,True,False,False,False
7.13,6.992003015753314,0.13799698424668616,0,0,0,0,0,0,1,False,False,False,True,False,False
5.95,5.535391155225203,0.4146088447747971,1,0,0,0,0,0,0,True,False,False,False,False,False
5.58,6.221097760569934,0.6410977605699335,0,0,0,0,0,0,1,False,False,False,True,False,False
6.4,5.883933275474014,0.5160667245259862,1,0,0,1,0,0,0,False,False,False,True,False,False
8.19,7.681377379627573,0.5086226203724262,1,0,0,0,1,1,0,False,False,False,False,True,False
8.28,7.572684207348028,0.7073157926519711,0,0,1,0,0,0,0,False,False,False,True,False,False
7.27,6.772200980596929,0.4977990194030708,0,0,0,0,0,0,1,False,False,False,True,False,False
6.66,6.168197259887827,0.4918027401121732,1,1,0,0,0,0,0,False,True,False,False,False,False
7.56,7.394461962830259,0.1655380371697408,1,1,0,1,0,0,0,False,False,False,False,False,True
6.9,5.434976572309443,1.4650234276905572,0,0,1,0,0,0,0,False,False,False,False,False,True
6.25,6.784012308122609,0.5340123081226089,0,0,0,1,0,0,1,False,False,False,True,False,False
5.86,5.692468803081234,0.16753119691876606,0,0,0,0,0,0,1,False,False,False,True,False,False
5.7,5.238376543915197,0.46162345608480315,0,0,0,0,0,0,1,False,False,False,True,False,False
6.34,6.894532405275311,0.5545324052753111,0,0,1,0,1,0,0,False,False,False,True,False,False
3.59,4.624609722560664,1.0346097225606643,0,0,1,0,0,0,0,False,False,True,False,False,False
6.01,6.502893760911313,0.4928937609113131,0,1,1,1,0,0,1,False,False,False,True,False,False
6.97,7.04483105313127,0.07483105313127059,0,1,0,1,0,0,0,False,False,False,False,False,True
6.62,5.878042012600213,0.741957987399787,0,0,1,0,0,0,0,False,False,False,False,False,True
4.28,4.190395019511445,0.08960498048855481,0,0,0,0,0,0,0,False,True,False,False,False,False
7.95,8.203988917034287,0.2539889170342873,0,0,1,1,0,0,0,False,False,False,False,False,True
6.36,6.538451060067953,0.1784510600679523,1,0,0,0,0,0,0,False,False,False,False,False,True
4.36,5.440115460299001,1.0801154602990009,0,0,1,0,0,0,0,True,False,False,False,False,False
7.87,7.448315486782859,0.42168451321714073,1,0,1,1,0,0,0,False,False,False,True,False,False
6.64,6.695616811638791,0.0556168116387914,0,0,0,0,0,0,1,False,False,False,True,False,False
6.38,5.773320282259796,0.6066797177402039,0,0,1,0,0,0,0,True,False,False,False,False,False
6.79,6.956482248937389,0.16648224893738917,1,1,1,0,0,0,1,False,False,False,False,True,False
6.03,5.823890322729176,0.20610967727082397,1,0,0,0,0,0,0,False,False,False,False,True,False
7.67,6.322067809786485,1.3479321902135153,0,1,0,0,0,0,1,False,False,False,False,False,True
5.94,5.799239735709595,0.14076026429040578,0,0,1,0,1,0,0,False,False,False,False,True,False
6.34,6.2489310983011945,0.09106890169880533,0,0,0,1,0,0,0,False,False,False,False,True,False
5.43,5.396686827487879,0.03331317251212074,0,0,0,0,0,0,1,False,False,False,False,True,False
6.91,7.227636389938877,0.317636389938877,1,1,1,0,0,0,1,False,False,False,True,False,False
6.96,6.509080751342481,0.4509192486575193,0,0,1,0,0,0,0,False,False,False,False,False,True
6.91,6.629377031610847,0.280622968389153,0,0,1,1,0,0,1,False,False,False,False,False,True
6.05,5.647461606321457,0.40253839367854294,1,1,0,1,0,0,0,False,True,False,False,False,False
7.54,6.448075007217766,1.0919249927822339,0,0,0,0,0,0,1,False,False,False,True,False,False
6.71,6.846885856591982,0.1368858565919817,1,0,0,0,1,0,0,False,False,False,False,False,True
6.72,6.63547815760146,0.08452184239853988,0,0,0,0,0,0,1,False,False,False,True,False,False
5.01,4.94608697456741,0.0639130254325897,0,0,0,0,0,0,0,False,True,False,False,False,False
5.37,4.778239194728953,0.591760805271047,0,0,0,0,0,0,1,False,True,False,False,False,False
6.75,6.7618861442639115,0.011886144263911547,1,0,0,1,1,0,0,True,False,False,False,False,False
5.41,5.558907548780879,0.14890754878087886,0,1,1,0,0,0,1,True,False,False,False,False,False
5.0,6.002285971288813,1.0022859712888126,0,0,1,0,0,0,1,False,False,False,False,False,True
7.5,7.640142685108169,0.1401426851081693,0,0,1,1,0,0,0,False,False,False,False,False,True
4.69,4.400943651671995,0.2890563483280051,0,1,0,0,0,0,1,True,False,False,False,False,False
6.75,6.481814231247417,0.26818576875258326,1,0,0,0,0,0,0,False,False,False,False,True,False
3.27,4.772165207459249,1.502165207459249,0,0,0,0,1,0,0,False,False,True,False,False,False
6.01,5.0977175694790136,0.9122824305209862,1,0,0,0,0,1,1,False,False,False,True,False,False
7.18,7.0128865190533825,0.16711348094661727,0,1,1,0,0,0,1,False,False,False,True,False,False
6.8,6.624463374118613,0.17553662588138685,0,0,0,0,0,0,1,False,False,False,True,False,False
7.17,6.76614076821223,0.40385923178777006,0,0,1,1,0,0,0,False,False,False,False,False,True
6.17,5.676456218645883,0.49354378135411725,0,0,0,0,0,0,0,False,False,False,True,False,False
6.44,6.259401085123676,0.18059891487632473,1,1,0,0,1,0,0,True,False,False,False,False,False
3.54,4.104303912913837,0.5643039129138367,0,0,1,0,0,0,0,False,False,True,False,False,False
6.94,7.455733489892689,0.5157334898926882,1,0,1,0,1,0,0,False,False,False,False,False,True
6.76,6.430236430707955,0.3297635692920444,0,0,1,0,0,0,0,False,False,False,False,False,True
4.56,4.160425681181248,0.3995743188187513,0,0,0,1,0,0,0,False,False,True,False,False,False
6.06,6.821213479808904,0.7612134798089043,0,0,1,0,0,0,0,False,True,False,False,False,False
7.57,7.658146624314995,0.08814662431499443,0,0,1,1,0,0,0,False,False,False,False,False,True
6.07,6.5198607576986385,0.4498607576986382,1,0,0,0,0,0,1,True,False,False,False,False,False
5.95,6.234248285661439,0.2842482856614392,0,0,0,0,0,0,1,False,False,False,True,False,False
7.55,7.256352611728745,0.29364738827125514,0,0,0,1,0,1,0,False,False,False,False,True,False
7.04,6.827045752319789,0.21295424768021132,1,1,1,0,0,0,1,False,False,False,False,False,True
7.04,7.493135270476644,0.45313527047664426,1,0,1,0,1,0,0,False,False,False,False,False,True
6.69,5.923562331319745,0.766437668680255,1,0,0,0,0,0,0,True,False,False,False,False,False
4.35,4.466132681959019,0.11613268195901938,0,0,0,0,0,0,0,False,True,False,False,False,False
5.85,5.47294447239562,0.3770555276043792,0,1,1,0,0,0,0,False,True,False,False,False,False
5.29,6.344244535474153,1.0542445354741528,0,0,1,0,0,0,0,False,False,False,False,False,True
6.5,6.306785760916101,0.19321423908389868,0,0,0,1,0,0,0,True,False,False,False,False,False
6.67,5.966702098921006,0.7032979010789937,1,0,0,0,0,0,0,True,False,False,False,False,False
6.76,6.917783116606865,0.15778311660686484,0,0,0,0,0,0,1,False,False,False,True,False,False
6.31,6.964933382683233,0.6549333826832333,0,0,0,1,0,0,0,False,False,True,False,False,False
4.04,5.4509221604818165,1.4109221604818165,1,1,0,0,0,0,0,False,False,False,True,False,False
6.27,5.32413929910778,0.9458607008922195,0,0,1,0,0,0,1,False,False,False,True,False,False
6.0,6.047659944152189,0.04765994415218877,0,0,1,0,0,0,0,True,False,False,False,False,False
7.16,7.03624131936581,0.12375868063419038,1,1,0,1,1,0,0,False,False,False,True,False,False
6.17,6.3445883234679235,0.17458832346792352,1,0,1,0,0,0,1,False,False,False,False,False,True
7.13,7.28213713351869,0.15213713351869007,1,0,1,0,1,0,0,False,False,False,False,False,True
3.81,4.701148343340128,0.8911483433401277,0,0,1,0,0,0,0,False,False,True,False,False,False
7.22,6.714492442052641,0.5055075579473591,0,0,1,0,0,0,0,False,False,False,False,True,False
3.85,4.261542154444981,0.41154215444498066,0,0,0,0,0,0,0,False,True,False,False,False,False
7.2,7.16354150384082,0.036458496159180065,1,0,0,1,0,0,0,False,False,False,False,False,True
6.13,6.1921732887580205,0.06217328875802064,0,0,0,1,0,0,0,True,False,False,False,False,False
5.88,6.625943137907167,0.745943137907167,1,0,0,1,0,0,0,False,False,False,True,False,False
8.02,8.147907301228695,0.12790730122869576,1,0,0,1,1,0,0,False,False,False,False,False,True
7.11,6.684183846282208,0.42581615371779247,0,0,1,1,0,0,0,False,False,False,False,False,True
5.95,5.617381869548977,0.3326181304510234,0,0,0,0,0,0,1,False,False,False,True,False,False
4.24,6.04770726589705,1.8077072658970499,0,0,0,1,0,0,0,True,False,False,False,False,False
5.22,5.744893757458691,0.5248937574586909,0,0,1,0,0,0,1,False,False,False,False,False,True
6.06,5.918443950757914,0.14155604924208554,0,1,0,0,0,0,1,False,False,False,True,False,False
6.82,6.546216772246914,0.2737832277530865,1,0,0,0,0,0,0,False,False,False,False,True,False
8.48,8.162340793520176,0.31765920647982426,1,1,1,0,0,0,0,True,False,False,False,False,False
5.18,5.98453621213166,0.8045362121316604,0,0,1,0,0,0,0,False,False,False,True,False,False
6.21,5.314127889428349,0.8958721105716512,0,0,0,0,0,0,1,False,False,False,True,False,False
7.93,7.911625550886561,0.01837444911343855,1,1,0,1,1,1,0,False,False,False,False,False,True
6.69,6.796503342261292,0.10650334226129132,0,0,1,0,0,0,0,False,False,False,False,True,False
6.47610799251537,6.24271926586325,0.2333887266521204,1,0,0,0,0,0,0,False,False,False,False,False,True
6.74,6.568735649543574,0.1712643504564264,0,1,1,0,0,0,1,False,False,False,False,False,True
6.79,7.290039579065004,0.5000395790650041,0,1,1,1,0,0,0,False,False,False,False,True,False
5.69,5.678961181726511,0.01103881827348907,0,0,1,0,0,0,0,True,False,False,False,False,False
6.72,6.637828850498214,0.08217114950178583,0,1,0,0,1,0,1,False,False,False,True,False,False
6.4,6.500882304145268,0.10088230414526755,0,0,0,1,0,0,0,False,False,False,False,True,False
6.83,6.796342211548888,0.033657788451112225,0,0,0,0,0,0,1,False,False,False,True,False,False
7.5,7.171277689199862,0.3287223108001376,1,1,1,0,0,0,0,False,False,False,True,False,False
7.79,7.721456276267343,0.06854372373265694,0,0,0,0,0,1,0,False,False,False,True,False,False
5.78,4.970369045645436,0.8096309543545646,0,0,0,0,0,0,1,False,True,False,False,False,False
5.91,6.099377075378927,0.18937707537892656,1,1,0,1,0,0,1,False,False,False,True,False,False
5.74,5.65185680810345,0.08814319189654984,1,0,0,0,0,0,0,True,False,False,False,False,False
6.12,5.902240782302204,0.21775921769779583,0,0,0,0,0,0,0,False,True,False,False,False,False
6.5,6.638949589046426,0.13894958904642607,0,0,1,1,0,0,0,False,False,False,True,False,False
7.06,6.96747376294119,0.09252623705880936,0,0,0,0,0,0,1,False,False,False,True,False,False
6.44,6.3088071013897755,0.13119289861022487,0,0,1,0,0,0,1,True,False,False,False,False,False
6.71,7.546539212596902,0.836539212596902,0,1,1,1,0,0,0,False,False,False,False,False,True
6.59,6.286848117538077,0.3031518824619228,0,0,0,0,0,0,0,False,False,False,False,True,False
6.58,6.785502821333733,0.20550282133373265,1,1,1,0,0,0,1,False,False,False,False,True,False
5.63,5.635325507031488,0.0053255070314879305,0,0,1,0,1,0,0,False,False,True,False,False,False
6.92,6.550684012889189,0.36931598711081115,0,1,0,0,0,0,0,False,False,False,False,False,True
5.67,5.769755053858084,0.09975505385808425,0,0,1,0,0,0,1,False,False,False,False,False,True
6.55,5.7786652771096305,0.7713347228903693,0,0,0,1,0,0,0,False,False,False,False,True,False
6.71,6.829515376563292,0.11951537656329236,1,1,1,0,0,0,0,False,False,False,False,False,True
7.19,7.469576075243,0.2795760752429999,1,0,0,0,1,0,0,True,False,False,False,False,False
6.02,7.0125566276569655,0.992556627656966,0,0,1,0,1,0,0,False,False,False,False,False,True
6.0,5.702369106175172,0.2976308938248282,0,0,0,1,0,0,0,False,False,False,False,True,False
6.32,6.517455499231744,0.19745549923174366,1,0,0,1,0,0,0,False,False,False,True,False,False
6.29,5.965834024069643,0.3241659759303568,0,0,0,0,0,0,1,False,False,False,True,False,False
4.78,5.705597842157195,0.9255978421571944,0,0,1,0,0,0,1,False,False,False,True,False,False
7.01,6.735902597458168,0.2740974025418321,0,1,1,1,0,0,0,False,False,False,False,True,False
7.18,6.455413894512132,0.7245861054878677,0,0,0,0,0,1,0,True,False,False,False,False,False
8.78,8.664590805167776,0.1154091948322229,1,0,1,0,1,0,0,False,False,False,False,False,True
6.9,6.7303890286585055,0.16961097134149483,1,0,1,0,0,0,0,True,False,False,False,False,False
6.2,5.695212266069198,0.5047877339308018,0,0,0,0,0,0,1,False,False,False,True,False,False
6.1,6.34459293212866,0.2445929321286604,0,0,0,1,0,0,0,False,False,False,False,True,False
6.2,6.742141075444319,0.5421410754443192,0,0,0,1,0,0,1,False,False,False,True,False,False
6.19,5.476229281414102,0.7137707185858986,0,1,0,0,0,1,0,False,False,False,True,False,False
8.03,7.280806782045651,0.7491932179543488,1,1,0,1,0,0,0,True,False,False,False,False,False
5.8,6.341968465345929,0.5419684653459296,1,0,0,0,0,0,1,False,False,False,False,False,True
3.41,5.031533624326943,1.6215336243269425,0,0,0,0,0,1,0,True,False,False,False,False,False
7.45,6.911710715959324,0.5382892840406761,0,0,1,0,0,0,0,False,False,False,False,False,True
7.94,7.785497019193685,0.1545029808063152,1,1,1,0,0,0,1,False,False,False,False,True,False
5.73,5.334062428571319,0.39593757142868125,0,0,0,0,0,0,1,False,False,False,True,False,False
6.89,5.968660036745245,0.9213399632547548,1,1,0,0,0,0,0,True,False,False,False,False,False
6.4,6.443802677156012,0.043802677156011605,0,0,1,0,0,0,1,False,False,False,True,False,False
5.52,5.664589173800713,0.14458917380071323,0,0,1,0,0,0,0,False,False,False,False,True,False
7.57,7.604578731910819,0.03457873191081884,0,0,1,1,1,0,1,False,False,False,False,False,True
8.27,7.6879282345667965,0.582071765433203,1,1,1,1,0,0,0,False,False,False,False,True,False
6.47,6.31198477188429,0.15801522811571012,0,0,1,1,0,0,0,False,False,False,False,True,False
7.5,7.235618612648618,0.2643813873513823,0,0,1,0,0,0,0,False,False,False,True,False,False
5.63,6.611311779820006,0.9813117798200057,1,0,0,0,0,0,0,False,False,False,False,False,True
8.16,7.629830005107912,0.5301699948920877,0,1,1,1,0,0,0,False,False,False,False,False,True
8.47,8.27249271238564,0.19750728761436065,1,1,0,0,0,0,0,True,False,False,False,False,False
6.99,6.723999533364729,0.2660004666352709,0,0,0,1,0,0,0,True,False,False,False,False,False
6.07,6.031871374871637,0.03812862512836368,1,1,1,0,0,0,0,False,False,False,True,False,False
5.51,5.833750362473391,0.3237503624733913,1,1,0,0,0,0,0,False,False,False,True,False,False
7.25,7.020773570722978,0.22922642927702164,1,0,1,0,0,0,0,False,False,False,False,True,False
7.41,6.7159347941005,0.6940652058995003,0,0,1,0,0,0,0,False,False,False,False,False,True
6.65,5.8965908495359445,0.7534091504640559,1,1,0,0,0,0,0,False,False,False,True,False,False
7.0,5.427438852615342,1.5725611473846577,0,0,1,0,0,0,0,False,False,False,False,False,True
6.65,6.516294808722989,0.13370519127701108,0,0,1,0,0,0,0,False,False,False,False,False,True
5.58,5.124806030547057,0.4551939694529432,0,0,0,0,0,0,1,False,True,False,False,False,False
5.47,5.775471667116651,0.3054716671166515,0,1,0,0,1,0,0,True,False,False,False,False,False
6.49,6.599474098367411,0.10947409836741073,0,1,1,0,0,0,0,False,False,False,False,False,True
6.0,5.64056411249242,0.3594358875075798,1,0,0,0,1,0,0,False,False,False,True,False,False
7.18,7.461038195062881,0.2810381950628811,1,0,0,0,1,0,0,False,False,False,False,False,True
7.29,7.419871162772393,0.12987116277239252,1,1,1,0,0,0,0,False,False,False,False,False,True
4.5,6.8937814099709405,2.3937814099709405,0,0,0,1,0,0,1,False,False,False,True,False,False
7.64,7.910764082394727,0.27076408239472727,0,0,0,0,1,1,0,True,False,False,False,False,False
4.31,4.661054513787681,0.35105451378768127,0,0,0,0,0,1,0,False,True,False,False,False,False
6.78,6.665302872071207,0.11469712792879339,0,1,1,0,0,0,1,False,False,False,False,False,True
6.85,6.670874449501983,0.17912555049801693,0,0,0,1,0,0,0,False,False,False,False,True,False
7.29,7.270113778255349,0.01988622174465071,0,0,0,1,1,0,0,False,False,False,True,False,False
6.75,6.78950386611224,0.03950386611224044,1,0,1,1,1,0,1,False,False,False,False,False,True
7.3,6.573385535284451,0.7266144647155492,1,0,0,0,1,0,0,False,False,False,False,True,False
7.0,6.639373382677631,0.3606266173223691,0,0,0,0,0,0,1,False,False,False,True,False,False
7.35,6.759759634816787,0.5902403651832122,1,0,1,0,0,0,0,False,False,False,False,False,True
6.18,5.848905254195291,0.3310947458047089,0,1,0,0,0,0,0,True,False,False,False,False,False
5.67,6.536022361268655,0.8660223612686551,0,0,0,0,0,0,1,False,False,False,True,False,False
6.79,6.876834639481634,0.08683463948163439,1,1,1,1,0,0,0,False,False,False,True,False,False
7.12,6.6446054353771205,0.47539456462287966,0,0,0,0,0,0,1,False,False,False,True,False,False
7.2,6.649511824698514,0.5504881753014859,0,0,0,0,0,0,1,False,False,False,True,False,False
4.7,5.3378798998926795,0.6378798998926793,0,0,1,0,0,0,0,False,False,True,False,False,False
4.5,5.862329074334493,1.3623290743344931,0,0,1,0,0,0,0,True,False,False,False,False,False
7.0,6.860548521106099,0.13945147889390075,0,0,1,0,0,0,1,False,False,False,False,False,True
6.55,5.689923940971904,0.8600760590280956,0,0,0,0,0,0,1,False,False,False,False,False,True
6.62,6.467549661920893,0.1524503380791069,1,0,1,0,1,0,0,False,False,False,False,False,True
7.7,7.711259876969775,0.011259876969774929,0,1,1,1,0,0,1,False,False,False,False,False,True
6.38,6.685121698054962,0.30512169805496203,1,0,1,0,1,0,0,False,False,False,False,True,False
6.68,6.372553270095453,0.30744672990454713,1,0,0,0,0,0,0,False,False,False,False,True,False
7.16,7.216977303557421,0.05697730355742081,1,1,0,1,0,0,0,True,False,False,False,False,False
6.86,5.5421608060737775,1.3178391939262228,0,0,1,0,0,0,1,True,False,False,False,False,False
6.0,5.4579149379184,0.5420850620815996,0,1,0,0,1,0,0,False,False,False,True,False,False
7.17,5.77664481883264,1.39335518116736,0,0,1,0,0,0,0,True,False,False,False,False,False
5.11,6.291665697086955,1.181665697086955,1,1,1,0,1,0,1,False,False,False,False,False,True
7.5,7.576212004956859,0.07621200495685887,0,0,1,1,0,0,0,False,False,False,False,False,True
6.85,6.4196580698112715,0.43034193018872813,0,0,1,1,0,0,0,False,False,False,False,False,True
6.69,6.369909961304895,0.32009003869510533,1,1,1,0,0,0,0,False,False,False,True,False,False
5.66,5.33398724747881,0.3260127525211898,0,0,0,0,0,0,1,False,False,False,True,False,False
7.1,6.709462070271496,0.3905379297285032,1,0,1,1,0,0,0,False,False,False,False,False,True
5.04,5.8211266501045005,0.7811266501045004,0,0,0,0,0,1,0,False,True,False,False,False,False
5.98,6.442897539869462,0.4628975398694619,1,0,1,1,1,0,1,False,False,False,False,True,False
7.52,7.6077143090588635,0.0877143090588639,1,1,0,1,0,0,0,True,False,False,False,False,False
6.21,6.223782965887149,0.01378296588714889,0,0,1,1,1,0,1,False,False,False,True,False,False
7.94,7.746905312413596,0.19309468758640413,0,0,1,1,0,0,0,True,False,False,False,False,False
7.27,7.491458875742251,0.22145887574225132,1,0,0,0,1,0,0,False,False,False,True,False,False
7.35,7.018569594258651,0.3314304057413491,0,0,1,1,0,0,1,False,False,False,False,False,True
6.06,6.096320909334257,0.03632090933425758,0,0,0,0,0,0,1,False,False,False,False,False,True
6.33,5.835797832639267,0.49420216736073286,0,0,1,0,0,0,1,False,False,False,False,False,True
6.43,5.891177110489618,0.5388228895103815,0,1,1,0,0,0,1,True,False,False,False,False,False
8.07,7.897477452419569,0.1725225475804315,1,1,0,1,0,1,0,False,False,False,False,False,True
7.55,7.58720049661222,0.037200496612220135,1,0,0,1,1,1,0,False,False,False,False,False,True
7.81,7.48431352488316,0.32568647511683935,0,0,0,0,0,0,0,False,False,False,True,False,False
7.04,7.074514414457145,0.03451441445714476,1,1,1,0,0,0,1,False,False,False,False,True,False
7.13,6.171572078612002,0.9584279213879983,1,0,1,0,0,0,0,False,False,False,False,False,True
6.11,7.2738999673858356,1.1638999673858352,1,1,1,0,0,1,0,False,False,False,False,False,True
9.06,8.663956654437323,0.39604334556267773,0,1,1,1,0,0,0,False,False,False,False,False,True
6.47,6.667034754706906,0.19703475470690623,1,0,0,0,1,0,0,False,False,False,False,False,True
6.47610799251537,6.339241263920398,0.1368667285949723,1,1,0,0,0,0,0,False,False,False,False,False,True
6.68,6.699876507981727,0.01987650798172691,1,0,0,0,0,0,0,False,False,False,False,False,True
6.92,5.935310998568798,0.9846890014312022,0,0,0,1,0,0,0,False,False,True,False,False,False
3.82,5.955214375060767,2.1352143750607673,0,0,0,0,0,0,1,False,False,False,True,False,False
7.59,6.706500079378169,0.8834999206218308,0,0,1,0,0,0,0,False,False,False,False,True,False
6.37,5.813716991330077,0.5562830086699231,0,0,0,0,0,0,0,False,False,False,True,False,False
6.77,6.4039891948397765,0.3660108051602231,1,0,0,1,0,0,0,False,False,False,False,False,True
7.84,7.742370514567746,0.09762948543225392,0,1,0,0,0,1,0,False,False,False,False,True,False
6.47610799251537,6.3903425848802575,0.08576540763511264,1,1,0,0,0,0,1,False,False,False,False,False,True
5.89,6.273068455917258,0.38306845591725835,0,1,0,1,1,0,1,False,False,False,False,False,True
6.93,6.750314736612296,0.17968526338770374,1,0,0,1,0,0,0,False,False,False,False,False,True
5.68,5.909522118262736,0.22952211826273672,1,0,0,1,1,0,0,False,False,False,True,False,False
6.84,6.661288099437945,0.178711900562055,0,0,0,0,0,0,1,False,False,False,True,False,False
7.83,7.767301651919592,0.0626983480804082,1,1,0,0,0,0,0,True,False,False,False,False,False
7.83,7.194166234569452,0.6358337654305481,1,0,0,0,0,0,0,True,False,False,False,False,False
6.68,6.7900478093050936,0.11004780930509384,0,0,0,0,0,0,1,False,False,False,False,True,False
6.65,6.7607877113439265,0.11078771134392618,1,0,0,0,0,0,0,False,False,False,False,False,True
5.64,6.02283285560358,0.3828328556035805,0,0,0,1,0,0,0,False,True,False,False,False,False
5.69,5.482698616254683,0.20730138374531748,0,0,0,0,0,0,1,False,False,False,True,False,False
8.5,8.049470310379332,0.45052968962066764,1,0,0,0,1,1,0,False,False,False,False,False,True
6.83,6.791045934989022,0.03895406501097831,0,1,1,1,0,0,1,False,False,False,True,False,False
6.79,6.708749209192175,0.08125079080782527,0,0,0,0,1,0,0,False,False,False,True,False,False
7.5,6.9388930749355096,0.5611069250644904,0,0,1,0,0,0,0,False,False,False,True,False,False
7.74,7.050500621453745,0.6894993785462553,1,0,0,1,1,0,0,False,False,False,False,False,True
5.93,5.863948352372305,0.06605164762769444,0,0,1,1,0,0,0,False,False,False,False,False,True
7.08,7.002761811559451,0.07723818844054886,1,0,1,1,0,0,1,False,False,False,False,True,False
5.87,5.490252022650086,0.37974797734991395,0,0,0,0,0,0,1,False,False,False,True,False,False
7.53,7.366220097834176,0.1637799021658246,0,0,0,1,0,0,0,False,False,False,False,True,False
7.99,8.076745095746096,0.08674509574609601,1,0,0,1,1,0,0,False,False,False,False,False,True
6.71,5.0784125800965745,1.6315874199034255,0,0,1,0,0,0,0,True,False,False,False,False,False
6.72,6.551431116313468,0.16856888368653156,0,0,0,0,0,0,0,False,False,False,False,False,True
8.57,7.865328687057484,0.7046713129425166,1,0,0,0,0,0,0,False,False,False,False,False,True
6.36,6.290298030538519,0.0697019694614811,0,0,0,0,0,0,1,False,False,False,True,False,False
7.16,7.034583930672678,0.12541606932732208,0,1,1,0,1,0,1,False,False,False,False,False,True
6.0,5.134106878038055,0.8658931219619452,0,0,0,0,1,1,0,False,False,False,True,False,False
4.2,5.765401197139005,1.5654011971390052,1,0,1,0,0,0,1,False,False,False,False,False,True
6.2,6.227988156088474,0.02798815608847338,0,1,0,0,1,0,0,False,False,False,False,True,False
7.59,6.7441270322258635,0.8458729677741363,0,1,1,0,0,0,0,False,False,False,True,False,False
6.63,7.212717178012245,0.5827171780122455,1,0,1,0,0,0,0,False,False,True,False,False,False
7.6,8.071123305650831,0.47112330565083127,1,0,1,0,0,1,0,True,False,False,False,False,False
6.21,6.291141601030516,0.08114160103051571,0,0,0,1,0,0,0,False,False,False,True,False,False
6.64,6.97168904294932,0.33168904294932045,0,0,0,1,0,0,0,False,False,False,True,False,False
6.45,6.2688712116262835,0.1811287883737167,0,0,0,1,0,0,0,False,False,False,True,False,False
7.6,6.579840704479987,1.0201592955200125,0,0,0,1,0,0,0,False,False,False,True,False,False
5.68,6.108061757658371,0.4280617576583712,0,0,1,0,0,0,1,False,False,False,False,False,True
6.1,5.525724623894137,0.574275376105863,0,0,1,0,0,0,1,False,False,False,False,True,False
6.5,6.637048733544045,0.13704873354404512,0,0,0,0,0,0,0,False,False,False,False,False,True
5.77,6.3633191407452685,0.5933191407452689,0,0,0,0,0,0,1,False,False,False,True,False,False
7.53,7.2170803071840215,0.31291969281597876,0,0,0,0,0,0,0,False,False,False,False,False,True
7.18,7.350716869855219,0.1707168698552195,0,1,0,1,0,0,0,False,False,False,False,False,True
7.53,6.943365094205861,0.5866349057941393,1,0,0,1,0,0,0,False,False,False,False,False,True
6.31,5.644822013175485,0.6651779868245145,1,0,0,0,0,0,0,False,False,False,True,False,False
6.59,6.59814272819048,0.008142728190479787,0,0,1,0,1,0,0,False,False,False,False,False,True
6.2,6.570164662193932,0.3701646621939316,0,0,1,0,1,0,0,False,False,False,True,False,False
8.19,6.8280363853869215,1.361963614613078,0,0,1,0,0,0,0,False,False,False,True,False,False
6.56,6.765225148408394,0.20522514840839445,1,1,0,0,0,0,1,False,False,False,True,False,False
4.15,5.510767502053049,1.360767502053049,1,0,0,0,0,0,0,True,False,False,False,False,False
7.2,7.4194465447646,0.21944654476460013,1,0,0,1,1,0,0,False,False,False,True,False,False
4.86,4.7100413030120425,0.14995869698795783,0,0,0,0,0,0,0,False,True,False,False,False,False
7.04,7.003228303091478,0.03677169690852189,0,0,1,1,0,0,1,False,False,False,False,False,True
5.41,6.121410675734605,0.711410675734605,0,0,1,0,1,0,0,False,False,False,True,False,False
5.06,5.153483170780485,0.09348317078048574,0,0,0,0,0,1,0,True,False,False,False,False,False
7.27,6.87377697405179,0.3962230259482098,1,1,0,0,1,0,0,False,False,False,False,False,True
5.62,6.17842011822667,0.5584201182266701,0,0,1,0,0,0,0,False,False,False,False,False,True
8.09,7.392396841963004,0.6976031580369959,0,0,1,1,0,0,0,False,False,False,True,False,False
7.78,7.884702378198943,0.1047023781989429,1,1,0,1,1,0,0,False,False,False,False,False,True
6.22,6.485712939190475,0.26571293919047534,1,1,1,0,1,0,0,True,False,False,False,False,False
8.33,6.903433599900571,1.4265664000994294,0,1,0,1,0,0,1,False,False,False,True,False,False
5.3,4.988044689687623,0.3119553103123769,0,0,0,0,0,1,0,True,False,False,False,False,False
5.67,5.661170194936003,0.00882980506399722,0,0,0,0,0,0,1,False,False,True,False,False,False
6.17,6.413195456065435,0.24319545606543524,0,0,0,0,0,0,0,False,False,False,False,False,True
5.51,6.251642962642436,0.7416429626424366,1,0,0,1,0,0,0,False,False,False,True,False,False
6.78,6.660669238954188,0.11933076104581186,1,0,0,0,0,0,1,False,False,False,False,False,True
5.45,5.599244581903997,0.14924458190399648,1,0,0,0,1,0,0,False,False,False,False,False,True
4.17,5.681627437832357,1.5116274378323569,0,0,1,0,0,0,0,True,False,False,False,False,False
6.4,5.610031985709621,0.7899680142903795,0,0,1,0,0,0,0,False,False,False,False,False,True
7.63,7.317079019086634,0.31292098091336573,0,0,1,1,0,0,1,False,False,False,False,False,True
6.24,5.407499746550158,0.832500253449842,0,0,1,0,0,0,0,False,False,True,False,False,False
6.41,7.047655170110108,0.6376551701101079,0,0,0,1,0,0,1,False,False,False,True,False,False
6.34,6.135670330113412,0.20432966988658752,0,0,1,0,1,0,0,False,False,False,True,False,False
6.51,6.835247512627529,0.32524751262752893,1,0,0,0,1,0,0,False,False,False,False,True,False
4.88,6.7968364643601715,1.9168364643601716,1,1,1,0,1,0,0,True,False,False,False,False,False
4.5,6.086456141505397,1.5864561415053968,0,1,0,0,0,0,1,True,False,False,False,False,False
6.64,6.529763320779347,0.11023667922065261,0,0,1,0,0,0,0,False,False,False,False,True,False
4.5,7.5190550591338905,3.0190550591338905,0,0,0,1,0,0,0,False,False,False,True,False,False
6.47610799251537,6.112606021459339,0.36350197105603144,0,0,0,0,1,0,0,False,False,False,True,False,False
8.21,8.09425891016518,0.11574108983482034,1,0,1,0,0,1,0,True,False,False,False,False,False
6.53,6.5204962522491705,0.009503747750829739,1,0,0,1,1,0,0,True,False,False,False,False,False
7.16,7.360573652295958,0.20057365229595803,1,0,1,0,1,0,0,True,False,False,False,False,False
6.93,6.654045746897537,0.275954253102463,0,0,0,1,1,0,0,False,False,False,True,False,False
7.05,6.987961475709708,0.06203852429029144,1,0,0,0,1,0,0,False,False,False,False,False,True
6.31,6.523451958422909,0.2134519584229091,1,1,0,0,0,0,0,False,False,False,False,False,True
6.71,5.9092029243835515,0.8007970756164484,1,0,0,0,0,0,1,True,False,False,False,False,False
4.8,5.697134642825669,0.8971346428256695,0,0,0,0,1,0,1,False,False,False,False,False,True
7.32,7.199923032133681,0.1200769678663196,0,1,1,0,1,0,0,False,False,False,False,False,True
6.65,6.2341847144086895,0.41581528559131087,1,0,0,0,1,0,0,False,False,False,True,False,False
6.58,6.804270351904311,0.22427035190431077,1,0,0,0,1,0,0,False,False,False,False,False,True
6.63,6.99023543429213,0.3602354342921297,0,0,1,1,0,0,0,False,False,False,False,False,True
6.51,6.58645704122812,0.07645704122812003,1,1,1,0,0,0,1,False,False,False,False,False,True
6.53,5.566599382292959,0.9634006177070411,0,0,1,0,0,0,1,False,False,False,True,False,False
8.14,7.372616228181643,0.7673837718183574,0,0,0,1,0,0,0,True,False,False,False,False,False
5.95,5.9561853179636115,0.006185317963611325,1,0,1,0,1,0,0,False,False,False,True,False,False
7.02,7.389835708013782,0.36983570801378285,1,1,1,1,0,0,0,True,False,False,False,False,False
6.9,5.950542421328261,0.9494575786717396,1,1,0,0,0,0,0,True,False,False,False,False,False
6.0,6.631494606469235,0.6314946064692348,0,0,0,1,0,0,1,False,False,False,True,False,False
7.0,6.3272080856799455,0.6727919143200545,0,0,0,1,0,0,1,False,False,False,True,False,False
5.02,6.076189937979003,1.0561899379790036,0,0,1,0,0,0,0,False,False,False,False,False,True
8.06,7.8308887768083775,0.22911122319162303,1,0,1,0,1,1,0,False,False,False,True,False,False
3.65,5.511403300188555,1.8614033001885555,0,0,0,0,0,0,0,False,False,True,False,False,False
5.28,4.670156517905708,0.6098434820942922,0,0,0,0,0,1,0,False,False,True,False,False,False
7.25,6.559401687572094,0.6905983124279063,1,0,1,0,0,0,0,False,False,False,False,False,True
5.48,5.975585170113786,0.49558517011378544,0,0,0,0,0,0,1,True,False,False,False,False,False
7.9,7.5343104671926895,0.36568953280731087,0,0,0,1,0,0,0,False,False,False,False,False,True
5.4,4.902630969213083,0.49736903078691697,0,0,1,0,0,0,0,False,False,True,False,False,False
7.43,7.711595738096423,0.28159573809642335,1,1,0,1,0,0,0,False,False,False,False,False,True
6.47610799251537,7.3218706496857235,0.8457626571703534,1,1,0,0,0,1,0,True,False,False,False,False,False
7.0,5.9160000349438775,1.0839999650561225,1,1,0,0,0,0,0,False,False,False,False,False,True
5.5,6.232176515628242,0.7321765156282423,0,1,0,0,0,0,1,True,False,False,False,False,False
3.43,5.354939622413129,1.9249396224131288,0,0,1,0,0,0,0,False,False,True,False,False,False
8.0,6.265807951982313,1.734192048017687,1,0,0,0,0,0,0,False,False,False,False,False,True
7.28,7.38964178875857,0.10964178875856945,1,0,0,1,1,0,0,False,False,False,False,False,True
3.85,4.593511137175462,0.7435111371754615,0,0,0,0,0,0,0,False,True,False,False,False,False
6.57,6.426187838931146,0.14381216106885386,0,0,0,0,0,0,1,False,False,False,True,False,False
6.3,6.276931463583587,0.023068536416412933,1,1,0,1,0,0,0,False,False,False,True,False,False
5.06,5.542728580264372,0.4827285802643724,0,1,1,0,0,0,1,False,False,False,False,True,False
6.8,6.417698050890484,0.3823019491095154,0,0,0,0,0,0,1,False,False,False,True,False,False
6.85,6.829371576832151,0.02062842316784863,1,0,0,1,0,0,0,False,False,False,True,False,False
5.53,6.320682228485064,0.7906822284850641,1,0,0,1,1,0,0,True,False,False,False,False,False
8.5,6.944469265151995,1.5555307348480047,0,0,0,1,0,0,1,False,False,False,True,False,False
6.97,6.7124707499011596,0.2575292500988402,1,0,0,1,1,0,0,False,False,False,True,False,False
9.1,8.241159321302389,0.8588406786976108,1,0,1,0,1,0,0,True,False,False,False,False,False
7.01,6.809079650670412,0.20092034932958747,1,0,1,1,1,0,0,False,False,False,False,True,False
8.02,8.187670246150986,0.1676702461509869,0,0,1,0,0,0,0,False,False,False,False,False,True
7.32,6.639232994077005,0.6807670059229949,1,0,0,1,1,0,0,False,False,False,True,False,False
5.96,5.865412420570538,0.09458757942946239,0,0,1,0,0,0,0,True,False,False,False,False,False
6.75,6.453447307139261,0.2965526928607387,0,1,0,0,0,0,1,False,False,False,False,True,False
5.5,6.63900816549816,1.1390081654981596,0,1,1,0,0,0,1,False,False,False,False,True,False
7.73,7.636902849151383,0.09309715084861736,0,1,1,0,0,0,0,False,False,False,False,True,False
7.6,7.854333204280721,0.25433320428072115,1,0,0,0,1,1,0,False,False,False,False,False,True
6.7,5.635974678064533,1.0640253219354676,0,0,1,0,0,0,0,False,False,False,False,True,False
6.5,6.473896038230171,0.026103961769829098,0,0,0,1,0,0,0,False,False,False,True,False,False
6.92,7.130649987232726,0.21064998723272588,1,0,0,1,0,1,0,False,False,False,False,False,True
5.75,6.754404354417844,1.0044043544178436,0,0,0,1,0,0,1,False,False,False,True,False,False
6.51,6.416227469454766,0.09377253054523393,0,0,0,0,1,1,0,False,False,False,True,False,False
5.12,5.161918846678065,0.041918846678065336,0,1,0,0,0,0,0,True,False,False,False,False,False
6.93,6.557384565582664,0.3726154344173356,1,0,0,1,1,0,0,True,False,False,False,False,False
6.95,7.005236942630385,0.055236942630385144,1,1,0,0,1,0,0,False,False,False,True,False,False
6.0,6.639973445411059,0.6399734454110586,0,0,0,1,0,0,0,True,False,False,False,False,False
7.76,7.421451147234299,0.338548852765701,1,1,0,0,0,0,0,True,False,False,False,False,False
6.44,6.287867008080094,0.15213299191990615,0,0,1,0,0,0,1,False,False,False,False,False,True
7.48,7.640954270222325,0.16095427022232478,0,0,0,1,0,0,0,False,False,False,False,False,True
5.5,5.6814316718390385,0.18143167183903852,0,0,0,0,0,0,1,False,False,False,True,False,False
6.18,6.211363775334591,0.031363775334591004,1,0,1,0,1,0,0,False,False,False,False,True,False
6.75,6.120829802526881,0.629170197473119,1,1,0,0,0,0,0,True,False,False,False,False,False
6.17,6.872107324581397,0.7021073245813971,0,1,1,0,0,0,0,False,False,False,False,False,True
5.25,5.750549186822921,0.500549186822921,0,0,0,0,1,0,1,False,False,False,False,False,True
6.16,6.325323157688356,0.1653231576883556,0,0,1,0,0,0,0,False,False,False,False,False,True
5.74,5.758426340515104,0.018426340515103945,0,0,0,0,0,0,0,False,True,False,False,False,False
5.77,5.966032466511553,0.1960324665115536,0,0,0,0,0,0,1,False,False,False,True,False,False
7.7,7.436757660962627,0.26324233903737326,1,1,0,1,1,0,0,True,False,False,False,False,False
7.79,6.922471412548585,0.8675285874514147,0,0,1,1,0,0,0,True,False,False,False,False,False
4.79,5.635427929171611,0.8454279291716107,1,0,1,0,0,0,0,False,False,False,False,True,False
7.83,7.911894366252203,0.08189436625220292,0,0,1,1,0,0,0,False,False,False,False,False,True
5.83,6.128374198718449,0.2983741987184487,1,0,1,0,0,0,0,False,False,False,False,True,False
6.64,6.5627589543699925,0.07724104563000722,1,0,0,0,1,0,0,False,False,False,False,False,True
6.47610799251537,5.908630734586866,0.5674772579285046,0,0,1,0,1,0,1,False,False,False,False,False,True
6.88,6.571660003392303,0.30833999660769695,1,1,0,1,0,0,0,False,False,False,False,True,False
6.73,6.015830209442189,0.7141697905578113,0,0,0,1,0,0,0,False,False,False,False,True,False
6.82,6.791237594907801,0.028762405092199295,1,1,0,0,0,0,0,False,False,False,False,False,True
5.7,5.653889086770974,0.046110913229026274,0,1,0,0,0,0,0,True,False,False,False,False,False
6.19,6.042664648704137,0.1473353512958635,1,1,0,0,1,0,0,False,False,False,True,False,False
6.36,6.50316497782897,0.14316497782896942,1,0,0,1,1,1,0,False,False,False,True,False,False
5.08,5.133762404119526,0.05376240411952615,1,0,0,0,1,0,0,False,False,False,False,True,False
5.2,5.592477757240338,0.3924777572403375,0,0,1,0,0,0,0,False,False,True,False,False,False
7.4,7.059530932168613,0.3404690678313873,1,0,0,0,1,0,0,False,False,False,False,False,True
5.03,6.148314326521193,1.118314326521193,0,0,1,0,0,0,0,True,False,False,False,False,False
5.35,5.0870371078164105,0.26296289218358915,1,0,0,0,0,0,1,False,False,False,False,True,False
5.77,5.766001258975314,0.003998741024685337,0,0,0,0,0,0,1,False,False,False,True,False,False
5.18,5.4151269408310565,0.23512694083105679,0,0,0,1,0,0,0,False,True,False,False,False,False
7.85,7.5758399809753865,0.2741600190246132,0,1,1,1,0,0,0,False,False,False,True,False,False
6.24,6.112345632846003,0.12765436715399758,0,0,1,0,0,0,0,False,False,False,False,True,False
6.01,6.5399961848441235,0.5299961848441237,0,0,1,0,0,0,0,False,False,True,False,False,False
7.22,7.22151244293282,0.0015124429328201572,1,0,0,1,0,0,0,False,False,True,False,False,False
5.99,5.054505543925621,0.9354944560743794,0,0,1,0,0,0,0,False,False,True,False,False,False
7.6,7.5448177242648145,0.05518227573518519,1,0,1,1,0,0,0,False,False,False,False,False,True
8.24,7.982618203403176,0.2573817965968246,1,1,0,0,0,0,0,False,False,False,True,False,False
6.41,6.6153609063747965,0.20536090637479631,1,0,0,1,1,0,0,False,False,False,False,False,True
6.77,6.395614008383402,0.3743859916165979,0,0,1,1,0,0,0,True,False,False,False,False,False
5.95,5.760413248688437,0.18958675131156344,0,1,0,0,0,0,0,False,True,False,False,False,False
4.8,5.580007663694157,0.7800076636941569,1,0,0,0,1,0,0,False,False,False,True,False,False
7.65,7.121383416297673,0.5286165837023278,1,0,0,0,0,0,0,True,False,False,False,False,False
5.86,5.031144061180538,0.8288559388194621,0,0,0,0,0,0,0,True,False,False,False,False,False
8.75,6.082174954823955,2.667825045176045,0,0,1,1,0,0,0,True,False,False,False,False,False
7.11,6.830975582970358,0.27902441702964254,0,0,0,0,0,0,0,False,True,False,False,False,False
7.37,7.210277424381459,0.15972257561854075,1,1,0,0,0,0,0,False,False,False,False,True,False
6.42,6.763273742628812,0.3432737426288117,1,1,1,0,0,0,1,False,False,False,False,False,True
6.54,5.995595488447627,0.544404511552373,1,0,1,0,0,0,1,False,False,False,False,False,True
5.92,5.583487658963531,0.3365123410364692,0,0,1,0,0,0,1,False,False,False,True,False,False
8.75,8.30632635221605,0.4436736477839496,0,0,1,1,0,0,0,False,False,False,False,False,True
5.15,5.515415297351069,0.3654152973510687,1,0,1,0,0,0,1,False,False,True,False,False,False
6.47610799251537,6.555224445525896,0.07911645301052594,0,0,1,0,0,0,0,False,False,False,False,False,True
7.04,6.851797040382635,0.18820295961736466,1,0,0,0,1,0,0,False,False,False,True,False,False
6.43,6.408859826330103,0.021140173669897067,0,0,1,1,0,0,1,False,False,False,True,False,False
6.5,6.350208548467031,0.1497914515329688,0,0,1,1,0,0,0,False,False,False,False,False,True
6.32,6.671123154938532,0.35112315493853163,1,1,0,0,0,0,0,False,False,False,False,False,True
5.57,4.52823264573161,1.0417673542683898,0,0,0,0,1,0,0,False,True,False,False,False,False
5.53,5.745857670102501,0.21585767010250034,0,0,0,0,0,0,0,False,True,False,False,False,False
6.59,6.521767841945975,0.06823215805402505,0,0,0,1,0,0,0,False,False,False,True,False,False
6.95,6.9799163469638765,0.02991634696387635,0,1,1,1,0,0,0,False,False,False,False,False,True
6.5,6.053941003782794,0.44605899621720635,0,1,0,0,0,0,0,True,False,False,False,False,False
6.49,6.943975286916119,0.4539752869161191,0,0,0,0,1,0,0,False,False,False,True,False,False
5.96,6.021445110144866,0.061445110144865644,0,0,0,0,0,0,1,False,False,False,True,False,False
7.49,7.070493964319611,0.41950603568038947,1,0,0,0,0,0,0,True,False,False,False,False,False
7.91,7.786731051962215,0.12326894803778554,1,1,0,0,0,0,0,True,False,False,False,False,False
7.08,7.4313127745509115,0.3513127745509115,1,1,1,0,1,0,0,False,False,False,True,False,False
6.08,6.055178244776187,0.02482175522381347,1,0,0,0,1,0,0,False,False,True,False,False,False
7.47,7.8338939231403,0.3638939231403002,0,0,1,0,0,0,0,True,False,False,False,False,False
6.69,6.580688777943244,0.10931122205675603,1,0,1,0,1,0,0,False,False,False,False,False,True
6.44,6.48186138869363,0.04186138869362921,1,1,0,1,0,0,0,False,False,False,True,False,False
5.1,6.174668597975702,1.0746685979757027,0,0,0,0,0,0,1,True,False,False,False,False,False
5.75,6.243692765069919,0.49369276506991877,1,1,0,0,0,0,0,False,False,False,False,False,True
7.14,7.20217183740941,0.06217183740941046,1,1,1,1,0,0,1,False,False,False,False,True,False
7.54,7.654169212194054,0.11416921219405385,0,0,1,1,1,0,0,False,False,False,False,False,True
5.14,6.10916911510389,0.9691691151038899,1,1,0,0,0,0,1,True,False,False,False,False,False
7.71,7.006755856840448,0.7032441431595515,0,0,1,0,0,0,0,False,False,False,False,False,True
8.0,5.169445601498496,2.830554398501504,0,0,0,0,0,1,1,False,False,False,True,False,False
6.14,5.774625647187889,0.3653743528121103,0,1,0,0,0,1,1,False,False,False,True,False,False
5.6,5.538362448183828,0.06163755181617159,0,0,0,1,0,0,1,False,False,False,True,False,False
7.44,7.2814401733928715,0.15855982660712886,1,1,0,0,0,0,0,False,False,False,False,True,False
7.67,7.881162258373958,0.21116225837395763,0,1,1,1,0,0,0,True,False,False,False,False,False
5.8,5.880541873639141,0.08054187363914078,0,0,0,0,0,0,1,False,False,False,True,False,False
7.57,7.850090293935933,0.2800902939359329,0,0,1,1,0,0,0,True,False,False,False,False,False
7.88,7.615769756132657,0.26423024386734273,0,1,1,0,0,0,0,False,False,False,False,False,True
7.9,7.148609471757917,0.7513905282420836,0,0,1,0,0,0,0,False,False,False,False,True,False
5.62,6.638933646882306,1.0189336468823056,0,0,0,0,1,0,0,False,False,False,False,True,False
7.11,7.216166981903324,0.10616698190332396,1,0,0,0,1,0,0,False,False,True,False,False,False
7.27,6.870848228016909,0.3991517719830906,1,0,1,0,0,0,0,False,False,False,True,False,False
6.8,7.032737092296382,0.2327370922963823,0,1,1,0,0,0,0,False,False,False,False,True,False
6.73,6.362546232941293,0.36745376705870747,0,0,0,0,0,0,1,False,False,False,True,False,False
5.05,6.157167621658791,1.1071676216587916,0,0,1,0,0,0,0,False,False,False,False,False,True
7.25,6.752516951123242,0.49748304887675765,1,1,0,0,0,0,0,False,False,True,False,False,False
6.07,6.090565883358952,0.02056588335895171,0,0,0,1,0,0,1,True,False,False,False,False,False
7.14,6.813218160576606,0.32678183942339345,0,1,1,0,0,0,1,False,False,False,False,False,True
6.12,6.175636428148181,0.055636428148180705,0,0,0,0,0,0,1,False,False,False,True,False,False
7.26,7.3027243222469815,0.04272432224698175,1,1,0,1,0,0,0,False,False,False,False,False,True
7.41,7.25992405888722,0.1500759411127799,1,1,1,0,0,0,1,True,False,False,False,False,False
6.87,7.001808952519211,0.13180895251921054,0,0,1,1,1,0,1,False,False,False,False,False,True
6.54,5.987574826519242,0.5524251734807581,0,0,0,0,0,0,0,True,False,False,False,False,False
6.73,6.913643130113516,0.18364313011351552,0,0,1,0,0,0,0,False,False,False,False,False,True
8.55,7.647329525037275,0.9026704749627257,1,0,0,0,0,0,0,True,False,False,False,False,False
6.69,6.590879307513315,0.09912069248668498,1,0,0,0,1,0,0,False,False,False,False,False,True
5.11,5.316587971488721,0.20658797148872043,0,0,1,0,0,1,0,True,False,False,False,False,False
4.98,5.421614295759465,0.4416142957594644,0,0,1,0,0,0,0,False,False,False,False,False,True
6.61,6.419970973508874,0.19002902649112663,1,1,1,0,0,0,0,False,False,False,False,True,False
7.41,7.028819765864796,0.3811802341352042,0,0,1,1,0,0,0,False,False,False,False,True,False
6.38,6.165901999711855,0.21409800028814452,0,0,0,1,0,0,0,False,False,False,True,False,False
8.5,7.919751439022437,0.5802485609775632,0,0,1,0,0,0,0,False,False,False,False,False,True
7.29,7.0326952757264305,0.25730472427356954,0,1,0,1,0,0,0,False,False,False,True,False,False
4.49,5.801405401498543,1.3114054014985426,0,1,0,0,0,0,0,False,False,True,False,False,False
5.0,5.465172106399612,0.4651721063996117,0,1,1,0,0,0,1,True,False,False,False,False,False
7.85,7.4484881378040715,0.40151186219592816,0,0,1,1,0,0,0,True,False,False,False,False,False
7.66,7.151672732827372,0.5083272671726284,1,1,1,1,0,0,1,False,False,False,True,False,False
5.59,5.598615682397558,0.008615682397557833,0,0,0,0,0,0,1,False,False,False,True,False,False
5.94,6.763625382055418,0.8236253820554174,0,0,1,0,0,0,0,False,False,False,False,True,False
7.33,6.816418794096643,0.5135812059033569,0,1,0,0,0,0,0,True,False,False,False,False,False
7.37,6.757114010785819,0.6128859892141811,0,0,1,0,1,0,0,False,False,False,False,False,True
6.49,6.878775197466487,0.3887751974664866,0,1,0,1,0,0,0,False,False,False,False,False,True
7.02,6.013878642696665,1.0061213573033347,0,0,1,0,0,0,0,True,False,False,False,False,False
6.04,6.132404180190686,0.09240418019068564,1,0,0,0,1,0,1,False,False,False,False,True,False
7.49,7.480593850553505,0.009406149446495427,1,0,0,1,1,0,0,False,False,False,False,False,True
6.44,6.356328712942905,0.08367128705709526,1,0,0,0,1,0,0,False,False,False,True,False,False
5.0,6.342381382803083,1.342381382803083,0,0,0,0,0,0,1,True,False,False,False,False,False
5.87,5.604633051040016,0.2653669489599837,0,0,0,0,0,0,1,False,False,False,True,False,False
6.59,6.544570494979131,0.045429505020869065,1,0,0,0,1,0,0,True,False,False,False,False,False
7.12,7.159709282712752,0.03970928271275209,1,1,0,1,1,0,0,False,False,False,False,False,True
7.28,6.607039428840788,0.6729605711592122,0,0,0,0,0,0,1,False,False,False,True,False,False
6.75,6.426654012063775,0.32334598793622504,0,0,1,1,0,0,0,False,False,False,False,False,True
7.5,6.765289232726974,0.7347107672730262,0,0,1,0,0,0,0,False,False,False,False,False,True
7.58,8.049972709130397,0.46997270913039735,1,1,0,1,0,0,0,False,False,False,False,False,True
8.32,8.44757759506577,0.1275775950657696,0,0,1,1,0,0,0,False,False,False,False,False,True
3.89,5.170294350043733,1.2802943500437327,1,1,0,0,0,0,0,True,False,False,False,False,False
5.08,4.336809507129672,0.7431904928703279,0,0,0,0,1,0,0,True,False,False,False,False,False
7.14,6.823057385462864,0.3169426145371359,1,0,1,0,0,0,1,False,False,False,False,False,True
7.56,7.627203800911088,0.06720380091108868,1,0,0,1,1,0,0,True,False,False,False,False,False
7.24,7.07167426651921,0.16832573348079016,1,1,0,1,0,0,0,False,False,False,False,False,True
6.68,6.942663714146548,0.262663714146548,1,1,0,0,0,1,0,False,False,False,False,True,False
4.52,6.238992956953673,1.7189929569536737,0,0,0,1,0,0,0,False,False,False,False,True,False
6.43,6.071747943012507,0.3582520569874923,1,1,0,0,0,0,0,True,False,False,False,False,False
4.0,4.2040978392472494,0.20409783924724945,1,0,0,0,1,0,0,True,False,False,False,False,False
7.13,6.747090517723161,0.38290948227683863,1,0,0,0,1,0,0,True,False,False,False,False,False
8.09,7.926916552243812,0.163083447756188,1,1,0,1,0,0,0,True,False,False,False,False,False
6.04,6.365274479368507,0.32527447936850695,0,0,0,0,0,0,1,False,False,False,False,False,True
7.61,7.038464873739572,0.5715351262604287,0,1,0,1,0,0,0,False,False,False,False,False,True
6.59,6.417051840007969,0.17294815999203106,1,0,0,0,1,0,0,False,False,False,True,False,False
3.92,3.620691393510669,0.2993086064893311,0,0,1,0,0,0,0,False,False,True,False,False,False
6.75,7.089794495435881,0.33979449543588114,1,0,0,1,0,0,0,True,False,False,False,False,False
7.57,7.2914010747380935,0.27859892526190677,1,1,1,0,0,0,1,False,False,False,True,False,False
6.33,5.970233072587357,0.35976692741264316,1,0,1,0,0,0,1,False,False,False,False,False,True
7.16,7.392385708916843,0.2323857089168433,1,1,1,1,0,0,1,True,False,False,False,False,False
7.13,6.826024352153728,0.30397564784627207,1,1,0,1,0,0,0,False,False,False,True,False,False
5.47,5.5555258834242816,0.0855258834242818,0,0,0,0,0,0,1,False,False,False,True,False,False
7.25,6.952760559435553,0.2972394405644474,0,0,1,1,0,0,1,False,False,False,True,False,False
5.57,5.605625004611846,0.03562500461184559,0,1,0,0,0,0,0,False,True,False,False,False,False
6.65,6.113005631808618,0.5369943681913822,0,0,1,1,0,0,0,True,False,False,False,False,False
7.03,7.095445393098125,0.06544539309812514,0,0,1,0,0,0,0,False,False,True,False,False,False
6.25,6.412615176465554,0.1626151764655539,0,1,0,0,0,0,1,False,False,False,True,False,False
7.05,6.779676658718916,0.2703233412810837,0,0,0,1,0,0,1,False,False,False,False,False,True
6.37,6.280101022790931,0.08989897720906903,1,1,0,1,0,0,0,True,False,False,False,False,False
6.23,6.966947358855987,0.7369473588559865,1,1,0,0,0,0,1,False,False,False,False,True,False
5.27,5.773856959871051,0.5038569598710518,0,1,1,0,0,1,0,False,False,True,False,False,False
7.96,7.732614441876038,0.2273855581239621,1,0,0,0,0,0,0,False,False,False,False,False,True
4.88,5.9272654966896905,1.0472654966896906,0,1,0,0,0,0,0,True,False,False,False,False,False
7.26,7.483364913964256,0.2233649139642564,0,0,1,1,0,0,0,False,False,False,False,False,True
5.71,5.842801398392839,0.13280139839283933,0,0,0,0,0,0,1,False,False,False,True,False,False
6.47610799251537,6.666347649132317,0.19023965661694664,1,1,0,1,0,0,0,False,False,False,False,False,True
6.81,6.776918136798847,0.03308186320115247,0,0,1,0,0,0,0,False,False,True,False,False,False
5.72,5.849335363540825,0.1293353635408252,0,0,1,0,0,0,0,False,False,False,False,True,False
6.36,6.730465404022125,0.37046540402212447,0,1,1,1,0,0,0,False,False,False,False,False,True
6.52,5.88815544055386,0.6318445594461393,0,0,0,0,0,0,0,False,True,False,False,False,False
7.25,6.53607360777476,0.7139263922252397,0,0,0,0,0,0,1,False,False,False,True,False,False
8.4,8.380613364274915,0.01938663572508581,0,0,1,1,0,0,0,False,False,False,False,False,True
7.9,5.9295961057184785,1.9704038942815219,0,1,0,0,0,0,0,True,False,False,False,False,False
6.69,7.110838376382729,0.42083837638272836,0,0,1,0,0,0,1,False,False,False,False,False,True
6.75,5.533725544070586,1.2162744559294136,0,1,1,0,0,0,1,True,False,False,False,False,False
6.44,6.1919994459221375,0.24800055407786292,1,0,0,0,1,0,0,False,False,True,False,False,False
6.58,6.773689289886463,0.19368928988646328,1,1,0,0,1,0,0,False,False,False,False,False,True
5.46,6.232929846443862,0.7729298464438621,0,0,0,0,0,0,1,False,False,False,True,False,False
4.23,5.653055032255044,1.4230550322550437,0,0,1,0,0,0,0,False,False,False,False,True,False
6.55,6.789509255119322,0.23950925511932208,1,0,0,0,1,0,0,False,False,False,False,False,True
5.35,6.236813723649209,0.8868137236492091,0,0,0,0,0,0,1,False,False,False,False,False,True
6.5,6.646218563289504,0.1462185632895041,1,1,0,0,0,0,0,False,False,True,False,False,False
7.8,7.722932722251345,0.07706727774865474,0,0,1,1,0,0,0,False,False,False,False,False,True
7.27,7.224109293642785,0.045890706357214484,1,0,1,1,1,0,0,False,False,False,False,False,True
6.78,6.995937311100338,0.21593731110033776,0,0,0,0,1,1,0,False,False,False,False,False,True
6.79,6.939830420970701,0.14983042097070065,0,1,1,1,0,0,0,False,False,False,False,False,True
6.47,6.632684486687366,0.16268448668736646,0,1,0,0,0,0,1,False,False,False,True,False,False
7.33,7.079766741648285,0.25023325835171484,1,0,0,0,1,0,0,False,False,False,False,True,False
5.12,5.669871013332981,0.5498710133329805,0,0,0,1,0,0,0,False,False,False,True,False,False
5.43,5.948847566522232,0.5188475665222319,0,0,0,0,0,0,1,False,False,False,True,False,False
6.74,6.628913304069123,0.11108669593087761,1,0,0,0,1,0,0,True,False,False,False,False,False
8.05,7.980903903321018,0.06909609667898309,1,1,0,0,0,1,0,True,False,False,False,False,False
5.63,5.480325154007921,0.14967484599207914,0,0,0,0,0,0,0,False,True,False,False,False,False
7.4,6.334491135770092,1.0655088642299084,0,0,1,0,0,0,1,True,False,False,False,False,False
6.4,6.033625688634647,0.3663743113653535,0,0,1,0,0,0,1,False,False,False,False,False,True
6.7,6.751534693067345,0.05153469306734504,0,0,1,1,0,0,0,False,False,False,False,False,True
4.95,5.48496539021952,0.5349653902195195,0,1,0,0,0,0,0,False,False,True,False,False,False
8.13,7.913442448940341,0.21655755105966001,1,0,1,1,0,0,0,False,False,False,False,False,True
6.83,7.010735133306197,0.18073513330619662,0,0,0,0,0,0,1,False,False,False,True,False,False
5.62,6.307029388521116,0.6870293885211156,0,0,1,0,0,0,0,False,False,False,False,False,True
5.8,5.597386792553552,0.20261320744644795,0,0,1,0,0,0,0,False,False,False,False,True,False
6.6,5.862849037662041,0.7371509623379584,1,1,1,0,0,0,1,True,False,False,False,False,False
6.81,6.484354331127124,0.32564566887287594,1,1,0,0,0,0,0,False,False,False,True,False,False
7.05,6.6325710094378225,0.4174289905621773,0,0,1,0,0,0,1,False,False,False,False,False,True
5.8,5.958483072811816,0.1584830728118165,0,0,0,0,0,0,1,False,False,False,True,False,False
6.51,6.068310728969867,0.4416892710301328,0,1,1,0,0,0,0,False,False,True,False,False,False
4.4,3.8026605225815495,0.5973394774184508,0,0,1,0,0,0,0,False,False,True,False,False,False
5.0,5.915973034085366,0.9159730340853658,0,0,0,0,0,0,1,False,False,False,False,False,True
6.23,6.000130516542777,0.22986948345722347,0,0,1,0,0,0,0,True,False,False,False,False,False
6.2,6.253403607156513,0.05340360715651293,1,0,0,1,1,0,0,False,False,False,True,False,False
7.73,6.938786297523187,0.7912137024768136,0,0,1,0,1,0,0,False,False,False,False,False,True
6.2,6.358751770344691,0.1587517703446908,1,0,1,0,1,0,1,False,False,False,True,False,False
5.44,5.5637921347741175,0.1237921347741171,0,1,0,0,0,0,1,False,False,False,True,False,False
7.45,7.359396132322356,0.09060386767764417,0,0,1,1,0,0,1,False,False,False,False,False,True
6.75,6.1788844264424725,0.5711155735575275,0,0,1,0,0,0,0,False,False,True,False,False,False
6.1,6.4348883686591,0.3348883686591,0,0,1,0,0,0,0,False,False,False,False,True,False
6.83,5.018183805995134,1.8118161940048658,0,0,0,0,1,1,0,True,False,False,False,False,False
7.39,7.001476096022638,0.3885239039773616,0,0,1,0,0,0,0,False,False,False,True,False,False
4.31,4.499701593829457,0.18970159382945706,0,0,1,0,1,0,0,False,False,True,False,False,False
3.73,4.588402070657741,0.8584020706577413,1,0,0,0,0,0,0,False,True,False,False,False,False
6.15,6.181869538353575,0.031869538353574534,0,0,1,0,0,0,0,False,False,False,False,False,True
3.33,4.381105702392251,1.0511057023922508,0,0,0,0,0,0,1,False,True,False,False,False,False
7.8,7.253140106307485,0.5468598936925151,0,0,1,0,0,0,0,False,False,False,False,True,False
6.0,5.7402190565993605,0.2597809434006395,0,0,1,0,0,0,0,False,False,False,False,False,True
7.61,7.488996774673707,0.1210032253262936,1,1,0,1,1,0,0,False,False,False,False,False,True
7.47,7.463212649100866,0.006787350899133848,1,1,0,1,0,0,0,False,False,False,True,False,False
6.46,6.535588881230366,0.07558888123036578,0,0,1,0,0,0,0,False,False,False,False,False,True
6.73,6.425768233418525,0.3042317665814753,0,0,0,0,0,0,1,False,False,False,True,False,False
7.17,6.909990919505189,0.260009080494811,1,0,1,0,0,0,0,False,False,False,False,False,True
5.72,5.88514506566379,0.16514506566378984,1,1,0,0,0,0,1,False,False,False,True,False,False
6.6,6.753667182438466,0.15366718243846655,1,1,1,1,0,0,0,False,False,False,False,False,True
6.64,7.016453018421947,0.3764530184219472,0,0,0,0,0,1,0,False,False,False,False,False,True
7.25,7.450075199392903,0.20007519939290308,1,1,1,0,0,0,0,False,False,False,False,True,False
6.66,7.221662224382726,0.5616622243827258,1,1,0,0,0,0,0,False,False,True,False,False,False
7.29,6.5144964611215554,0.7755035388784446,1,0,0,0,0,0,0,False,False,False,False,True,False
7.15,7.635810187329332,0.48581018732933146,1,1,0,0,0,0,0,False,False,False,False,False,True
5.7,5.346263778098913,0.35373622190108733,0,0,0,0,0,0,1,False,False,False,True,False,False
5.82,5.252202471937763,0.5677975280622372,1,0,0,0,0,0,0,True,False,False,False,False,False
6.55,5.764444383792691,0.7855556162073087,1,0,0,0,1,0,0,False,False,False,True,False,False
7.07,6.86766425860694,0.20233574139306043,1,1,0,0,0,0,0,True,False,False,False,False,False
5.9,5.780914649938645,0.11908535006135512,0,0,1,1,0,0,0,False,False,False,True,False,False
5.41,5.845044414630934,0.4350444146309336,0,0,1,0,0,0,0,True,False,False,False,False,False
6.46,6.259845707368848,0.2001542926311517,0,0,1,0,0,0,0,False,False,False,False,False,True
5.83,4.954582632577637,0.8754173674223633,0,0,1,0,0,0,0,False,False,True,False,False,False
5.86,6.212408445950285,0.3524084459502843,0,0,0,1,0,0,0,True,False,False,False,False,False
7.01,6.975339655715593,0.034660344284406897,1,0,0,0,1,0,0,False,False,False,False,True,False
6.24,6.701718781863986,0.4617187818639854,0,0,1,0,0,0,0,False,False,False,False,False,True
5.5,4.80074869441664,0.6992513055833598,0,0,0,0,1,1,0,True,False,False,False,False,False
4.86,6.175940441481035,1.3159404414810343,0,0,1,0,0,0,1,False,False,False,False,False,True
6.38,5.855047591380663,0.5249524086193365,0,1,1,0,0,1,1,False,False,False,True,False,False
6.91,6.95466963626707,0.04466963626706999,1,1,1,0,0,0,0,False,False,False,False,True,False
7.42,7.165050834703246,0.25494916529675393,1,1,1,0,0,0,0,True,False,False,False,False,False
6.82,7.251408903005219,0.4314089030052184,1,0,1,0,0,0,0,True,False,False,False,False,False
6.52,6.58415055796505,0.06415055796505076,0,0,0,0,0,0,1,False,False,False,True,False,False
7.3,4.944593660958349,2.355406339041651,0,1,1,0,0,0,0,True,False,False,False,False,False
4.17,5.276474972167833,1.1064749721678329,0,0,1,0,0,0,0,False,False,False,False,True,False
7.38,7.333355340089563,0.04664465991043709,1,0,0,1,0,0,0,False,False,False,False,False,True
6.64,7.0886743639247705,0.4486743639247708,0,0,1,0,1,0,1,False,False,False,False,True,False
7.28,7.319313599713084,0.03931359971308357,1,1,0,0,0,0,0,False,False,False,False,False,True
5.35,5.565736699364662,0.21573669936466278,0,1,1,0,0,0,1,True,False,False,False,False,False
6.75,7.124138620268548,0.37413862026854794,1,0,0,0,1,0,0,False,False,False,False,False,True
8.67,6.601268731502053,2.068731268497947,0,0,0,1,0,0,1,False,False,False,True,False,False
6.48,6.6391074895963555,0.15910748959635512,0,0,1,1,0,0,0,False,False,False,False,False,True
5.31,6.0359597517416494,0.7259597517416498,0,1,0,0,0,0,1,True,False,False,False,False,False
7.02,7.265704237482588,0.24570423748258818,1,0,0,0,1,0,0,False,False,False,False,False,True
6.79,6.4313951372373435,0.3586048627626566,1,0,1,0,0,0,0,False,False,False,False,True,False
7.31,6.937105385494534,0.3728946145054657,1,1,0,1,0,0,0,False,False,False,False,False,True
6.58,6.537639584725395,0.04236041527460532,0,1,1,1,0,0,0,False,False,False,True,False,False
6.0,5.590869691037157,0.4091303089628431,1,0,0,0,0,0,1,True,False,False,False,False,False
5.81,6.55991794779716,0.7499179477971607,1,0,1,0,1,0,1,False,False,False,True,False,False
6.75,7.374750957983145,0.624750957983145,1,1,1,0,0,0,0,False,False,False,False,True,False
7.94,7.584332784226378,0.3556672157736225,1,0,1,0,0,0,0,False,False,False,False,False,True
6.47610799251537,6.227700240453325,0.2484077520620449,1,0,0,0,1,0,0,False,False,False,False,False,True
5.13,5.9217661732760964,0.7917661732760966,0,0,1,0,0,0,0,False,False,False,False,True,False
5.36,5.589042102117103,0.22904210211710296,0,0,0,0,0,0,1,False,False,True,False,False,False
6.81,6.471426390382062,0.3385736096179377,0,1,0,0,1,0,0,False,False,False,False,False,True
8.04,7.780516609876222,0.2594833901237772,1,1,1,1,0,0,0,True,False,False,False,False,False
7.33,7.2575788067153715,0.0724211932846286,1,1,1,0,1,0,0,True,False,False,False,False,False
6.0,5.539013794659817,0.4609862053401832,0,1,1,0,0,0,1,True,False,False,False,False,False
6.47610799251537,6.178746499250382,0.2973614932649884,0,0,0,0,0,0,1,False,False,False,True,False,False
6.86,6.478663003095454,0.3813369969045466,1,0,0,0,1,0,0,True,False,False,False,False,False
3.0,5.104304603523068,2.104304603523068,0,0,1,0,0,0,0,False,False,False,False,True,False
6.7,6.598213956874138,0.10178604312586259,0,0,1,0,0,0,0,False,False,False,False,True,False
7.59,6.927729036031108,0.6622709639688917,1,0,0,0,1,0,0,False,False,False,False,False,True
6.43,6.865226483337095,0.4352264833370949,0,0,1,0,0,0,0,False,False,False,False,True,False
5.58,5.98125010572206,0.40125010572205966,0,0,1,1,0,0,0,False,False,False,True,False,False
6.79,7.431235167260215,0.6412351672602146,1,1,1,0,0,1,0,False,False,False,False,True,False
