avg_rating_genre,avg_members_by_type,Action/Adventure,Fantasy/Supernatural,Comedy,Drama/Romance,Science Fiction,Psychological/Thriller,Other/Uncategorized,episodes_per_type,type_user_activity_ratio,log_members,log_episodes,log_len_of_title,log_avg_members_genre,log_episode_density,log_anime_count_by_type,log_avg_rating_by_type,log_user_activity,type_Movie,type_Music,type_ONA,type_OVA,type_Special,type_TV
6.662948251583755,41763.20315581854,0,0,0,0,0,0,0,0.0033812341504649195,0.025046178892332738,6.907755278982137,2.5649493574615367,3.044522437723423,10.093243666143405,4.433788569232471,8.174702882469461,2.0644946046636603,4.498574339722272,False,False,False,False,False,True
6.62219037942343,7640.563613231552,0,0,0,0,0,0,0,0.001272264631043257,0.04382244840260107,7.783224016336037,1.0986122886681098,3.258096538021482,9.818952998441794,7.0904934156613075,7.360739903058278,2.0186487050933315,4.246906679364221,False,False,False,False,True,False
6.5004185244497705,7640.563613231552,0,0,0,0,0,0,0,0.001272264631043257,0.0,3.7612001156935624,1.0986122886681098,3.367295829986474,9.91128039696677,3.091042453358316,7.360739903058278,2.0186487050933315,0.0,False,False,False,False,True,False
6.195191110040243,6112.369742419302,0,0,0,0,0,0,0,0.00032605151613955004,0.022015444252157654,8.17131687471973,0.6931471805599453,2.70805020110221,7.8686083776014435,8.17131687471973,8.028781162487148,1.9991152142115904,4.227145631245196,False,False,False,True,False,False
6.195191110040243,6112.369742419302,0,0,0,0,0,0,0,0.0006521030322791001,0.01863151520797429,5.602118820879701,1.0986122886681098,2.1972245773362196,7.8686083776014435,4.912654885736052,8.028781162487148,1.9991152142115904,4.062903036387282,False,False,False,True,False,False
6.963609023355889,7640.563613231552,0,0,0,0,0,0,0,0.0006361323155216285,0.04284829068280399,9.23356849809539,0.6931471805599453,2.70805020110221,10.558031734413087,9.23356849809539,7.360739903058278,2.0186487050933315,4.224751475978891,False,False,False,False,True,False
6.386384783551577,1266.400447427293,0,0,0,0,0,0,0,0.0022371364653243847,0.14541387024608501,6.682108597449809,0.6931471805599453,2.1972245773362196,10.015523824462724,6.682108597449809,6.104793232414985,1.8852953146630171,4.189654742026425,False,True,False,False,False,False
6.7695317900081164,41763.20315581854,0,0,0,0,0,0,0,0.0033812341504649195,0.02289685706094166,10.355709011986066,2.5649493574615367,3.912023005428146,10.486184937074091,7.871152218283564,8.174702882469461,2.0644946046636603,4.4098964593236225,False,False,False,False,False,True
6.889192533503073,41763.20315581854,0,0,0,0,0,0,0,0.013806706114398421,0.02035002035002035,7.787382026484701,3.912023005428146,2.3978952727983707,10.1864664037444,3.9152829920153533,8.174702882469461,2.0644946046636603,4.293498957166288,False,False,False,False,False,True
6.548792989998894,6112.369742419302,0,0,0,0,0,0,0,0.00032605151613955004,0.0,3.871201010907891,0.6931471805599453,2.833213344056216,9.223228522439266,3.871201010907891,8.028781162487148,1.9991152142115904,0.0,False,False,False,True,False,False
6.921781186632704,41763.20315581854,0,0,0,0,0,0,0,0.0033812341504649195,0.022480236596017725,11.574885665093,2.5649493574615367,2.772588722239781,10.672407595740129,9.090082401192918,8.174702882469461,2.0644946046636603,4.391758620890442,False,False,False,False,False,True
6.723628865435316,6112.369742419302,0,0,0,0,0,0,0,0.00032605151613955004,0.01863151520797429,5.4680601411351315,0.6931471805599453,2.5649493574615367,10.470346804375117,5.4680601411351315,8.028781162487148,1.9991152142115904,4.062903036387282,False,False,False,True,False,False
6.905839573017583,6112.369742419302,0,0,0,0,0,0,0,0.00032605151613955004,0.0,4.812184355372417,0.6931471805599453,3.713572066704308,10.090912897555356,4.812184355372417,8.028781162487148,1.9991152142115904,0.0,False,False,False,True,False,False
6.786000370687271,41763.20315581854,0,0,0,0,0,0,0,0.014370245139475908,0.018368518855373776,7.898039690764619,3.9512437185814275,3.1354942159291497,9.939591632397473,3.984617227397934,8.174702882469461,2.0644946046636603,4.192527481721109,False,False,False,False,False,True
6.591993559727069,7640.563613231552,0,0,0,0,0,0,0,0.0006361323155216285,0.05178769491746591,8.163656176168432,0.6931471805599453,2.3978952727983707,9.542985853205229,8.163656176168432,7.360739903058278,2.0186487050933315,4.4117099001678115,False,False,False,False,True,False
6.798250427401964,6112.369742419302,0,0,0,0,0,0,0,0.00097815454841865,0.02316257057724031,9.169101623959586,1.3862943611198906,2.302585092994046,10.426774379452024,8.070697733750082,8.028781162487148,1.9991152142115904,4.277216022796753,False,False,False,True,False,False
6.733959772080677,7640.563613231552,0,0,0,0,0,0,0,0.001272264631043257,0.05036047497879558,8.351846738828245,1.0986122886681098,2.9444389791664403,10.36835227835118,7.658935490792691,7.360739903058278,2.0186487050933315,4.384107800877706,False,False,False,False,True,False
6.8410974438250856,41763.20315581854,0,0,0,0,0,0,0,0.015215553677092139,0.020732204935961042,8.869679374733515,4.007333185232471,3.1780538303479458,10.330282169134293,4.888118851300625,8.174702882469461,2.0644946046636603,4.3118535400027165,False,False,False,False,False,True
6.795950141938851,7640.563613231552,0,0,0,0,0,0,0,0.0006361323155216285,0.04902439963624192,9.785323194185485,0.6931471805599453,4.143134726391533,10.548907043351887,9.785323194185485,7.360739903058278,2.0186487050933315,4.357559185905692,False,False,False,False,True,False
6.87428735470253,41763.20315581854,0,0,0,0,0,0,0,0.01098901098901099,0.0,4.343805421853684,3.6888794541139363,3.1354942159291497,10.502045906032773,1.0813704822336037,8.174702882469461,2.0644946046636603,0.0,False,False,False,False,False,True
6.604401254913436,41763.20315581854,0,0,0,0,0,0,0,0.01098901098901099,0.010566356720202874,5.484796933490655,3.6888794541139363,2.9444389791664403,9.556532375649798,1.9676501356917193,8.174702882469461,2.0644946046636603,3.6506582412937387,False,False,False,False,False,True
6.643096387479723,6112.369742419302,0,0,0,0,0,0,0,0.0013042060645582002,0.019658988473119927,8.187299270155147,1.6094379124341003,3.4657359027997265,10.202260357587093,6.801839053390588,8.028781162487148,1.9991152142115904,4.115683878257096,False,False,False,True,False,False
6.728879252982257,41763.20315581854,0,0,0,0,0,0,0,0.01098901098901099,0.01878463416924955,6.0330862217988015,3.6888794541139363,2.8903717578961645,10.092995148114731,2.456735772821304,8.174702882469461,2.0644946046636603,4.214593690373677,False,False,False,False,False,True
6.200225700698335,7640.563613231552,0,0,0,0,0,0,0,0.0006361323155216285,0.0,4.31748811353631,0.6931471805599453,2.772588722239781,8.919650812943356,4.31748811353631,7.360739903058278,2.0186487050933315,0.0,False,False,False,False,True,False
6.22747829422649,10412.863802559415,0,0,0,0,0,0,0,0.0004570383912248629,0.039266678682699487,7.886081401775745,0.6931471805599453,2.6390573296152584,8.715280860702519,7.886081401775745,7.691200097522863,1.9906184714459416,4.464936301279751,True,False,False,False,False,False
6.738572847556955,41763.20315581854,0,0,0,0,0,0,0,0.003663003663003663,0.022171633424830358,10.648515354973062,2.6390573296152584,2.1972245773362196,10.406176714829902,8.083850789615216,8.174702882469461,2.0644946046636603,4.3781080548677265,False,False,False,False,False,True
5.879225467208256,1266.400447427293,0,0,0,0,0,0,0,0.0044742729306487695,0.14914243102162564,6.61472560020376,1.0986122886681098,2.772588722239781,8.024343613012375,5.922918004572872,6.104793232414985,1.8852953146630171,4.214593690373677,False,True,False,False,False,False
6.5004185244497705,41763.20315581854,0,0,0,0,0,0,0,0.007326007326007326,0.022306753075983843,6.725033642166843,3.295836866004329,2.0794415416798357,9.91128039696677,3.4965075614664802,8.174702882469461,2.0644946046636603,4.384107800877706,False,False,False,False,False,True
6.454329473147065,10412.863802559415,0,0,0,0,0,0,0,0.0004570383912248629,0.018281535648994516,4.955827057601261,0.6931471805599453,3.6888794541139363,9.426971906880059,4.955827057601261,7.691200097522863,1.9906184714459416,3.713572066704308,True,False,False,False,False,False
6.865768885609287,41763.20315581854,0,0,0,0,0,0,0,0.0070442378134685825,0.021438984649686993,8.203851372183879,3.258096538021482,3.1354942159291497,10.178416135678578,4.991520430236574,8.174702882469461,2.0644946046636603,4.344934090145058,False,False,False,False,False,True
6.40169871215857,4092.5737704918033,0,0,0,0,0,0,0,0.001639344262295082,0.08196721311475409,4.110873864173311,0.6931471805599453,2.5649493574615367,9.324495915651033,4.110873864173311,6.415096959171596,1.8969222823803258,3.9318256327243257,False,False,True,False,False,False
5.558589488847307,6112.369742419302,0,0,0,0,0,0,0,0.00032605151613955004,0.021736767742636668,5.062595033026967,0.6931471805599453,1.9459101490553132,5.858417164315927,5.062595033026967,8.028781162487148,1.9991152142115904,4.214593690373677,False,False,False,True,False,False
6.647318226171205,41763.20315581854,0,0,0,0,0,0,0,0.007326007326007326,0.014088475626937165,5.135798437050262,3.295836866004329,2.3978952727983707,9.795894583431247,2.0149030205422647,8.174702882469461,2.0644946046636603,3.9318256327243257,False,False,False,False,False,True
6.964450744659551,41763.20315581854,0,0,0,0,0,0,0,0.0070442378134685825,0.02178660893363912,10.304911171484573,3.258096538021482,3.828641396489095,10.594050412829667,7.086838263925573,8.174702882469461,2.0644946046636603,4.360811618020207,False,False,False,False,False,True
6.7728198451635695,41763.20315581854,0,0,0,0,0,0,0,0.006198929275852353,0.019868363063629334,7.543802867501509,3.1354942159291497,2.833213344056216,9.293585506586053,4.46381606768236,8.174702882469461,2.0644946046636603,4.269876741497843,False,False,False,False,False,True
6.662948251583755,41763.20315581854,0,0,0,0,0,0,0,0.05607213299520992,0.014088475626937165,4.634728988229636,5.298317366548036,2.302585092994046,10.093243666143405,0.41380544002438335,8.174702882469461,2.0644946046636603,3.9318256327243257,False,False,False,False,False,True
6.855696933225053,41763.20315581854,0,0,0,0,0,0,0,0.0033812341504649195,0.021732895137517423,11.127645264021162,2.5649493574615367,2.833213344056216,10.582613114213352,8.642900304038971,8.174702882469461,2.0644946046636603,4.358374679962787,False,False,False,False,False,True
6.788310729601363,6112.369742419302,0,0,0,0,0,0,0,0.00032605151613955004,0.0,4.04305126783455,0.6931471805599453,2.6390573296152584,9.914078482087426,4.04305126783455,8.028781162487148,1.9991152142115904,0.0,False,False,False,True,False,False
5.7918085106382975,41763.20315581854,0,0,0,0,0,0,0,0.0034866727734892224,0.0,8.142645185942795,2.5933276030091386,3.367295829986474,7.751630876729169,5.630334307642476,8.174702882469461,2.0644946046636603,0.0,False,False,False,False,False,True
6.756666247949616,41763.20315581854,0,0,0,0,0,0,0,0.004508312200619893,0.021132713440405747,5.886104031450156,2.833213344056216,3.4657359027997265,10.418346234180893,3.1543373037306295,8.174702882469461,2.0644946046636603,4.330733340286331,False,False,False,False,False,True
5.7918085106382975,41763.20315581854,0,0,0,0,0,0,0,0.006762468300929839,0.0,3.7612001156935624,3.2188758248682006,2.995732273553991,7.751630876729169,1.0116009116784799,8.174702882469461,2.0644946046636603,0.0,False,False,False,False,False,True
6.7386854344927904,6112.369742419302,0,0,0,0,0,0,0,0.00032605151613955004,0.026708475258239738,7.7039102096163115,0.6931471805599453,3.6635616461296463,10.145869480287827,7.7039102096163115,8.028781162487148,1.9991152142115904,4.41781470362865,False,False,False,True,False,False
6.80320410440338,6112.369742419302,0,0,0,0,0,0,0,0.0013042060645582002,0.02632200185805408,10.291738679909605,1.6094379124341003,2.4849066497880004,10.20580055213127,8.90554604991444,8.028781162487148,1.9991152142115904,4.403415988955802,False,False,False,True,False,False
6.5004185244497705,7640.563613231552,0,0,0,0,0,0,0,0.006997455470737914,0.049332710183309966,8.205218426395412,2.4849066497880004,3.5263605246161616,9.91128039696677,5.810051668250245,7.360739903058278,2.0186487050933315,4.3637483551731195,False,False,False,False,True,False
6.853035714105566,7640.563613231552,0,0,0,0,0,0,0,0.0006361323155216285,0.04553179706782388,9.815093401773533,0.6931471805599453,4.330733340286331,10.152887359584396,9.815093401773533,7.360739903058278,2.0186487050933315,4.284634081856061,False,False,False,False,True,False
6.844614966234576,41763.20315581854,0,0,0,0,0,0,0,0.0070442378134685825,0.02350326236965913,12.731735648950442,3.258096538021482,2.833213344056216,10.253585385671725,9.512930761161082,8.174702882469461,2.0644946046636603,4.435722343980663,False,False,False,False,False,True
6.393797237117623,41763.20315581854,0,0,0,0,0,0,0,0.0033812341504649195,0.022295161711457685,10.298228697281317,2.5649493574615367,2.772588722239781,9.585589680262684,7.8136925987768,8.174702882469461,2.0644946046636603,4.383594516329354,False,False,False,False,False,True
5.879225467208256,1266.400447427293,0,0,0,0,0,0,0,0.0022371364653243847,0.22371364653243847,4.330733340286331,0.6931471805599453,3.091042453358316,8.024343613012375,4.330733340286331,6.104793232414985,1.8852953146630171,4.61512051684126,False,True,False,False,False,False
6.823146793508421,7640.563613231552,0,0,0,0,0,0,0,0.0006361323155216285,0.05198500642972448,8.618666160346871,0.6931471805599453,3.9512437185814275,10.27120685262779,8.618666160346871,7.360739903058278,2.0186487050933315,4.415466610305678,False,False,False,False,True,False
6.647216812257822,7640.563613231552,0,0,0,0,0,0,0,0.0006361323155216285,0.06361323155216285,4.634728988229636,0.6931471805599453,3.1354942159291497,9.684024391390732,4.634728988229636,7.360739903058278,2.0186487050933315,4.61512051684126,False,False,False,False,True,False
6.873430068447646,41763.20315581854,0,0,0,0,0,0,0,0.0070442378134685825,0.024548990816302088,13.258447259653774,3.258096538021482,3.5553480614894135,10.365262404613304,10.039613326840229,8.174702882469461,2.0644946046636603,4.478749094094621,False,False,False,False,False,True
6.8596621223012715,6112.369742419302,0,0,0,0,0,0,0,0.008477339419628301,0.028794722208871283,10.697022907127343,3.295836866004329,3.2188758248682006,10.219323750347366,7.439491513289179,8.028781162487148,1.9991152142115904,4.492151678334638,False,False,False,True,False,False
6.377492674597669,6112.369742419302,0,0,0,0,0,0,0,0.0006521030322791001,0.021334235006661918,8.025189321890835,1.0986122886681098,2.772588722239781,9.493887070280486,7.332369205929062,8.028781162487148,1.9991152142115904,4.196180354816981,False,False,False,True,False,False
6.695700172044921,41763.20315581854,0,0,0,0,0,0,0,0.007326007326007326,0.021837137221752605,6.920671504248683,3.295836866004329,2.4849066497880004,9.841116465381857,3.6869545257043517,8.174702882469461,2.0644946046636603,4.363098624788363,False,False,False,False,False,True
6.7728198451635695,41763.20315581854,0,0,0,0,0,0,0,0.007326007326007326,0.0070442378134685825,5.568344503761097,3.295836866004329,2.4849066497880004,9.293585506586053,2.4013856777381393,8.174702882469461,2.0644946046636603,3.258096538021482,False,False,False,False,False,True
6.906889578256357,41763.20315581854,0,0,0,0,0,0,0,0.02056917441532826,0.022994229137329344,11.57939649261367,4.30406509320417,2.6390573296152584,10.539160275809838,7.289610521451167,8.174702882469461,2.0644946046636603,4.414088602453457,False,False,False,False,False,True
6.726881389735055,41763.20315581854,0,0,0,0,0,0,0,0.011552550014088475,0.021693758929974043,7.671826797878781,3.7376696182833684,2.995732273553991,9.920300326844044,3.97671395397246,8.174702882469461,2.0644946046636603,4.35659536438732,False,False,False,False,False,True
6.803204566022874,6112.369742419302,0,0,0,0,0,0,0,0.00032605151613955004,0.020378219758721876,5.877735781779639,0.6931471805599453,3.1780538303479458,10.30614332804386,5.877735781779639,8.028781162487148,1.9991152142115904,4.151039905898646,False,False,False,True,False,False
6.677693639525605,4092.5737704918033,0,0,0,0,0,0,0,0.001639344262295082,0.10491803278688525,6.306275286948016,0.6931471805599453,2.5649493574615367,9.328032216867232,6.306275286948016,6.415096959171596,1.8969222823803258,4.174387269895637,False,False,True,False,False,False
6.798338242803305,41763.20315581854,0,0,0,0,0,0,0,0.0033812341504649195,0.023685878775147745,12.441255433522729,2.5649493574615367,3.1780538303479458,10.441247569371132,9.956392256239365,8.174702882469461,2.0644946046636603,4.443370806646111,False,False,False,False,False,True
6.829036948424544,10412.863802559415,0,0,0,0,0,0,0,0.0004570383912248629,0.0,4.605170185988092,0.6931471805599453,3.2188758248682006,9.778151955140352,4.605170185988092,7.691200097522863,1.9906184714459416,0.0,True,False,False,False,False,False
6.936220339631355,41763.20315581854,0,0,0,0,0,0,0,0.003663003663003663,0.022290401549025934,9.30955202204713,2.6390573296152584,3.6375861597263857,10.531010786928688,6.74568873583001,8.174702882469461,2.0644946046636603,4.383383652227592,False,False,False,False,False,True
6.666474874898554,6112.369742419302,0,0,0,0,0,0,0,0.00032605151613955004,0.02544792321089171,7.046647277848756,0.6931471805599453,2.70805020110221,10.107563439479907,7.046647277848756,8.028781162487148,1.9991152142115904,4.37006513643724,False,False,False,True,False,False
6.93084689142424,10412.863802559415,0,0,0,0,0,0,0,0.0004570383912248629,0.035214433422243535,8.36474106822456,0.6931471805599453,3.713572066704308,10.539906997902007,8.36474106822456,7.691200097522863,1.9906184714459416,4.357339145021207,True,False,False,False,False,False
6.9616947094287625,6112.369742419302,0,0,0,0,0,0,0,0.0006521030322791001,0.021736767742636668,6.507277712385012,1.0986122886681098,3.1780538303479458,10.559967962854484,5.815621956411737,8.028781162487148,1.9991152142115904,4.214593690373677,False,False,False,True,False,False
6.787633171758895,41763.20315581854,0,0,0,0,0,0,0,0.0033812341504649195,0.02012639375276738,7.7501841622578365,2.5649493574615367,3.4657359027997265,10.295629494226338,5.270003622233429,8.174702882469461,2.0644946046636603,4.28260085453587,False,False,False,False,False,True
6.842182809704857,41763.20315581854,0,0,0,0,0,0,0,0.0034866727734892224,0.0,8.07775756373692,2.5933276030091386,2.70805020110221,10.20469909493946,5.565667720325963,8.174702882469461,2.0644946046636603,0.0,False,False,False,False,False,True
6.904400748459212,10412.863802559415,0,0,0,0,0,0,0,0.0004570383912248629,0.027648001444467014,9.264733855806515,0.6931471805599453,3.6109179126442243,10.321174430583802,9.264733855806515,7.691200097522863,1.9906184714459416,4.118936798400845,True,False,False,False,False,False
6.926176566906599,41763.20315581854,0,0,0,0,0,0,0,0.003663003663003663,0.023416433560395505,12.67691342426847,2.6390573296152584,2.5649493574615367,10.540852588344404,10.112001534725033,8.174702882469461,2.0644946046636603,4.4320650992235695,False,False,False,False,False,True
6.195191110040243,6112.369742419302,0,0,0,0,0,0,0,0.0006521030322791001,0.02717095967829584,7.247080584585756,1.0986122886681098,3.1354942159291497,7.8686083776014435,6.5546454012079005,8.028781162487148,1.9991152142115904,4.43477720005941,False,False,False,True,False,False
6.885625457752329,41763.20315581854,0,0,0,0,0,0,0,0.006762468300929839,0.021132713440405747,9.57366316988638,3.2188758248682006,2.772588722239781,10.465425245378393,6.39720739442082,8.174702882469461,2.0644946046636603,4.330733340286331,False,False,False,False,False,True
6.865604076504098,6112.369742419302,0,0,0,0,0,0,0,0.00032605151613955004,0.0,3.8501476017100584,0.6931471805599453,3.1354942159291497,10.33276750489403,3.8501476017100584,8.028781162487148,1.9991152142115904,0.0,False,False,False,True,False,False
6.195191110040243,6112.369742419302,0,0,0,0,0,0,0,0.0006521030322791001,0.016302575806977502,6.411818267709897,1.0986122886681098,3.1354942159291497,7.8686083776014435,5.720311776607412,8.028781162487148,1.9991152142115904,3.9318256327243257,False,False,False,True,False,False
6.786000370687271,10412.863802559415,0,0,0,0,0,0,0,0.0004570383912248629,0.03594185406719795,8.296795865770052,0.6931471805599453,3.4657359027997265,9.939591632397473,8.296795865770052,7.691200097522863,1.9906184714459416,4.377526231773114,True,False,False,False,False,False
6.852992034238305,41763.20315581854,0,0,0,0,0,0,0,0.016624401239785855,0.009392317084624775,5.541263545158426,4.0943445622221,1.791759469228055,10.178050190584333,1.6686657466344337,8.174702882469461,2.0644946046636603,3.536116699561526,False,False,False,False,False,True
6.5264888547538815,10412.863802559415,0,0,0,0,0,0,0,0.0004570383912248629,0.0,4.290459441148391,0.6931471805599453,3.8066624897703196,9.75745455496221,4.290459441148391,7.691200097522863,1.9906184714459416,0.0,True,False,False,False,False,False
6.665826615793201,6112.369742419302,0,0,0,0,0,0,0,0.0019563090968373,0.026084121291164004,5.811140992976701,1.9459101490553132,3.6375861597263857,10.084518665816052,4.034240638152395,8.028781162487148,1.9991152142115904,4.394449154672439,False,False,False,True,False,False
6.779935390862401,41763.20315581854,0,0,0,0,0,0,0,0.009298393913778529,0.023318856210102896,6.828712071641684,3.5263605246161616,3.091042453358316,10.184178129625463,3.366250351584921,8.174702882469461,2.0644946046636603,4.427939099015698,False,False,False,False,False,True
6.153171904926564,6112.369742419302,0,0,0,0,0,0,0,0.0006521030322791001,0.009315757603987144,6.298949246855942,1.0986122886681098,3.1354942159291497,8.19139039754028,5.607638614103299,8.028781162487148,1.9991152142115904,3.386808644210056,False,False,False,True,False,False
6.812480552804555,41763.20315581854,0,0,0,0,0,0,0,0.007326007326007326,0.02012639375276738,5.877735781779639,3.295836866004329,3.1354942159291497,9.747828818365583,2.687324070585093,8.174702882469461,2.0644946046636603,4.28260085453587,False,False,False,False,False,True
6.352351722962997,1266.400447427293,0,0,0,0,0,0,0,0.0022371364653243847,0.16778523489932887,7.485491608030754,0.6931471805599453,3.4657359027997265,9.656823889594369,7.485491608030754,6.104793232414985,1.8852953146630171,4.330733340286331,False,True,False,False,False,False
6.5264888547538815,10412.863802559415,0,0,0,0,0,0,0,0.0004570383912248629,0.0,4.356708826689592,0.6931471805599453,3.7376696182833684,9.75745455496221,4.356708826689592,7.691200097522863,1.9906184714459416,0.0,True,False,False,False,False,False
6.604842707205482,7640.563613231552,0,0,0,0,0,0,0,0.001272264631043257,0.045521395055676164,7.853604813097837,1.0986122886681098,3.1780538303479458,9.94521695986674,7.160845906664299,7.360739903058278,2.0186487050933315,4.284408748290273,False,False,False,False,True,False
6.548792989998894,6112.369742419302,0,0,0,0,0,0,0,0.00032605151613955004,0.0,3.9512437185814275,0.6931471805599453,3.8501476017100584,9.223228522439266,3.9512437185814275,8.028781162487148,1.9991152142115904,0.0,False,False,False,True,False,False
6.393797237117623,10412.863802559415,0,0,0,0,0,0,0,0.0004570383912248629,0.036182205971968306,7.846198815497425,0.6931471805599453,3.5263605246161616,9.585589680262684,7.846198815497425,7.691200097522863,1.9906184714459416,4.384107800877706,True,False,False,False,False,False
6.532415215487542,10412.863802559415,0,0,0,0,0,0,0,0.0004570383912248629,0.034107342628721116,7.749322464660356,0.6931471805599453,4.07753744390572,9.985022743622247,7.749322464660356,7.691200097522863,1.9906184714459416,4.325811586084944,True,False,False,False,False,False
6.432021861785729,7640.563613231552,0,0,0,0,0,0,0,0.0006361323155216285,0.044529262086514,6.594413459749778,0.6931471805599453,4.007333185232471,9.690983240865329,6.594413459749778,7.360739903058278,2.0186487050933315,4.2626798770413155,False,False,False,False,True,False
6.735691132363756,6112.369742419302,0,0,0,0,0,0,0,0.00032605151613955004,0.02490827136372337,10.379597500213624,0.6931471805599453,3.5263605246161616,10.477972889916076,10.379597500213624,8.028781162487148,1.9991152142115904,4.348904971985101,False,False,False,True,False,False
6.841976068486514,6112.369742419302,0,0,0,0,0,0,0,0.00032605151613955004,0.02602054578662426,10.188215265161473,0.6931471805599453,3.9318256327243257,10.596115602856363,10.188215265161473,8.028781162487148,1.9991152142115904,4.392039017160924,False,False,False,True,False,False
6.195191110040243,6112.369742419302,0,0,0,0,0,0,0,0.0019563090968373,0.023707140987725132,10.351692814320451,1.9459101490553132,2.4849066497880004,7.8686083776014435,8.560093025731458,8.028781162487148,1.9991152142115904,4.300135780981763,False,False,False,True,False,False
6.883380512152217,41763.20315581854,0,0,0,0,0,0,0,0.0033812341504649195,0.022186575790452228,8.748939631537715,2.5649493574615367,3.1354942159291497,10.614465174325586,6.265776384996591,8.174702882469461,2.0644946046636603,4.378773316873693,False,False,False,False,False,True
6.662033494910903,6112.369742419302,0,0,0,0,0,0,0,0.00032605151613955004,0.017556620099821927,5.811140992976701,0.6931471805599453,3.1354942159291497,9.974321719999343,5.811140992976701,8.028781162487148,1.9991152142115904,4.00453206295276,False,False,False,True,False,False
6.069017455652553,4092.5737704918033,0,0,0,0,0,0,0,0.001639344262295082,0.1405152224824356,6.021023349349527,0.6931471805599453,2.0794415416798357,9.798178503614945,6.021023349349527,6.415096959171596,1.8969222823803258,4.462618642004185,False,False,True,False,False,False
6.708423845576245,41763.20315581854,0,0,0,0,0,0,0,0.0033812341504649195,0.021390671444842625,9.939964119346145,2.5649493574615367,2.9444389791664403,10.189730213717132,7.4555876283772236,8.174702882469461,2.0644946046636603,4.342707325110839,False,False,False,False,False,True
6.7921340428944,10412.863802559415,0,0,0,0,0,0,0,0.0004570383912248629,0.03632869263582243,7.340835554123275,0.6931471805599453,2.9444389791664403,10.36953170501716,7.340835554123275,7.691200097522863,1.9906184714459416,4.3880979107123075,True,False,False,False,False,False
6.792099562887567,7640.563613231552,0,0,0,0,0,0,0,0.0006361323155216285,0.041348600508905854,7.443078374348516,0.6931471805599453,3.7612001156935624,10.193019733122693,7.443078374348516,7.360739903058278,2.0186487050933315,4.189654742026425,False,False,False,False,True,False
6.76597389490865,41763.20315581854,0,0,0,0,0,0,0,0.007326007326007326,0.02387213925675464,7.5443321080536885,3.295836866004329,3.4657359027997265,10.234351594016104,4.2993763635932645,8.174702882469461,2.0644946046636603,4.451112094466996,False,False,False,False,False,True
6.841976068486514,41763.20315581854,0,0,0,0,0,0,0,0.014652014652014652,0.023017694535366052,11.775951049179145,3.970291913552122,2.8903717578961645,10.596115602856363,7.825099302104103,8.174702882469461,2.0644946046636603,4.415096231735613,False,False,False,False,False,True
6.884026979015585,41763.20315581854,0,0,0,0,0,0,0,0.0033812341504649195,0.0,11.212185170504174,2.5649493574615367,2.995732273553991,10.205359620948837,8.727427104108875,8.174702882469461,2.0644946046636603,0.0,False,False,False,False,False,True
6.792397910320175,6112.369742419302,0,0,0,0,0,0,0,0.0358656667753505,0.028995158384612515,11.298245992068148,4.709530201312334,3.044522437723423,9.94267825774093,6.599115730835207,8.028781162487148,1.9991152142115904,4.499011026672709,False,False,False,True,False,False
6.901267417916423,41763.20315581854,0,0,0,0,0,0,0,0.006480698788391096,0.022165868319714472,8.347353412124338,3.1780538303479458,2.70805020110221,10.28179175137282,5.217060153545441,8.174702882469461,2.0644946046636603,4.377851263263401,False,False,False,False,False,True
6.656496606100611,1266.400447427293,0,0,0,0,0,0,0,0.0022371364653243847,0.16778523489932887,5.568344503761097,0.6931471805599453,2.4849066497880004,10.166701659523795,5.568344503761097,6.104793232414985,1.8852953146630171,4.330733340286331,False,True,False,False,False,False
6.577215966053433,6112.369742419302,0,0,0,0,0,0,0,0.0013042060645582002,0.025859258176585003,6.954638864880987,1.6094379124341003,2.3978952727983707,10.066839280079442,5.571203009757061,8.028781162487148,1.9991152142115904,4.385898439897867,False,False,False,True,False,False
6.796871963337037,41763.20315581854,0,0,0,0,0,0,0,0.006762468300929839,0.022780423698187252,9.795011076200044,3.2188758248682006,2.302585092994046,10.458899626851938,6.618238190584626,8.174702882469461,2.0644946046636603,4.4048604928606805,False,False,False,False,False,True
6.859117449014769,41763.20315581854,0,0,0,0,0,0,0,0.007326007326007326,0.02320406696872031,12.398979644982443,3.295836866004329,2.6390573296152584,10.340055377736412,9.140986171481503,8.174702882469461,2.0644946046636603,4.423063410190908,False,False,False,False,False,True
6.672337225855544,6112.369742419302,0,0,0,0,0,0,0,0.0006521030322791001,0.0,4.143134726391533,1.0986122886681098,3.6375861597263857,9.933160206982933,3.4657359027997265,8.028781162487148,1.9991152142115904,0.0,False,False,False,True,False,False
6.777925656471416,41763.20315581854,0,0,0,0,0,0,0,0.0033812341504649195,0.02217417816952159,10.21368914641778,2.5649493574615367,3.4657359027997265,10.358720806111029,7.729185729832332,8.174702882469461,2.0644946046636603,4.378221382923415,False,False,False,False,False,True
6.6713729887351505,7640.563613231552,0,0,0,0,0,0,0,0.0006361323155216285,0.0449034575662326,7.634820677745543,0.6931471805599453,3.5263605246161616,9.890268636636637,7.634820677745543,7.360739903058278,2.0186487050933315,4.2709307489313115,False,False,False,False,True,False
6.91961721513668,41763.20315581854,0,0,0,0,0,0,0,0.014088475626937165,0.01565386180770796,6.729824070489475,3.9318256327243257,3.1354942159291497,10.41087290367497,2.8746939451769347,8.174702882469461,2.0644946046636603,4.035223439214303,False,False,False,False,False,True
6.677693639525605,41763.20315581854,0,0,0,0,0,0,0,0.0034866727734892224,0.0,3.4965075614664802,2.5933276030091386,2.4849066497880004,9.328032216867232,1.277044462058459,8.174702882469461,2.0644946046636603,0.0,False,False,False,False,False,True
6.728879252982257,41763.20315581854,0,0,0,0,0,0,0,0.007326007326007326,0.021745255858968235,8.654691704601872,3.295836866004329,2.0794415416798357,10.092995148114731,5.400943377622991,8.174702882469461,2.0644946046636603,4.358935999102416,False,False,False,False,False,True
6.352351722962997,1266.400447427293,0,0,0,0,0,0,0,0.0022371364653243847,0.14914243102162564,5.214935757608986,0.6931471805599453,2.6390573296152584,9.656823889594369,5.214935757608986,6.104793232414985,1.8852953146630171,4.214593690373677,False,True,False,False,False,False
6.693995382256044,7640.563613231552,0,0,0,0,0,0,0,0.004452926208651399,0.044944130987941144,8.134467570277563,2.0794415416798357,3.713572066704308,10.119584371094923,6.1903154058531475,7.360739903058278,2.0186487050933315,4.271823494540268,False,False,False,False,True,False
6.195191110040243,7640.563613231552,0,0,0,0,0,0,0,0.0006361323155216285,0.03816793893129771,5.981414211254481,0.6931471805599453,3.7376696182833684,7.8686083776014435,5.981414211254481,7.360739903058278,2.0186487050933315,4.110873864173311,False,False,False,False,True,False
6.164566264410774,6112.369742419302,0,0,0,0,0,0,0,0.0013042060645582002,0.022139300478611425,7.991253929840199,1.6094379124341003,2.8903717578961645,8.390577965008806,6.6059742821508545,8.028781162487148,1.9991152142115904,4.2326740961159945,False,False,False,True,False,False
6.195191110040243,6112.369742419302,0,0,0,0,0,0,0,0.00032605151613955004,0.020184141475305478,6.342121418721152,0.6931471805599453,3.1354942159291497,7.8686083776014435,6.342121418721152,8.028781162487148,1.9991152142115904,4.141621866798903,False,False,False,True,False,False
6.195191110040243,6112.369742419302,0,0,0,0,0,0,0,0.0006521030322791001,0.02428751089610934,7.976938756959434,1.0986122886681098,2.302585092994046,7.8686083776014435,7.284134806195205,8.028781162487148,1.9991152142115904,4.323997493721827,False,False,False,True,False,False
6.731910027339923,10412.863802559415,0,0,0,0,0,0,0,0.0004570383912248629,0.031992687385740404,7.885329239273191,0.6931471805599453,3.295836866004329,10.141351071265067,7.885329239273191,7.691200097522863,1.9906184714459416,4.2626798770413155,True,False,False,False,False,False
6.195191110040243,6112.369742419302,0,0,0,0,0,0,0,0.00097815454841865,0.02294436595056093,9.310728546007452,1.3862943611198906,2.0794415416798357,7.8686083776014435,8.212297138229768,8.028781162487148,1.9991152142115904,4.267882802410037,False,False,False,True,False,False
6.891177866809663,10412.863802559415,0,0,0,0,0,0,0,0.0004570383912248629,0.035501348719463026,11.563466476463946,0.6931471805599453,3.044522437723423,10.561342722751471,11.563466476463946,7.691200097522863,1.9906184714459416,4.36535024084046,True,False,False,False,False,False
6.783358954283456,6112.369742419302,0,0,0,0,0,0,0,0.00032605151613955004,0.0,4.418840607796598,0.6931471805599453,3.2188758248682006,10.191412111278465,4.418840607796598,8.028781162487148,1.9991152142115904,0.0,False,False,False,True,False,False
6.809281649391791,10412.863802559415,0,0,0,0,0,0,0,0.0004570383912248629,0.0,4.356708826689592,0.6931471805599453,3.332204510175204,10.332892429531798,4.356708826689592,7.691200097522863,1.9906184714459416,0.0,True,False,False,False,False,False
6.524603262575565,6112.369742419302,0,0,0,0,0,0,0,0.00032605151613955004,0.032605151613955004,5.099866427824199,0.6931471805599453,3.8918202981106265,9.951397563476025,5.099866427824199,8.028781162487148,1.9991152142115904,4.61512051684126,False,False,False,True,False,False
6.662948251583755,41763.20315581854,0,0,0,0,0,0,0,0.0076077768385460695,0.0,4.290459441148391,3.332204510175204,2.9444389791664403,10.093243666143405,1.2992829841302609,8.174702882469461,2.0644946046636603,0.0,False,False,False,False,False,True
6.895501038389339,41763.20315581854,0,0,0,0,0,0,0,0.0033812341504649195,0.022732550885034036,12.28398231065433,2.5649493574615367,2.6390573296152584,10.562398184907002,9.799126537211386,8.174702882469461,2.0644946046636603,4.402782521823797,False,False,False,False,False,True
6.640698109965129,10412.863802559415,0,0,0,0,0,0,0,0.0004570383912248629,0.0,4.812184355372417,0.6931471805599453,4.30406509320417,10.314177554377048,4.812184355372417,7.691200097522863,1.9906184714459416,0.0,True,False,False,False,False,False
6.818832487090081,7640.563613231552,0,0,0,0,0,0,0,0.0006361323155216285,0.05089058524173028,5.953243334287785,0.6931471805599453,4.110873864173311,10.348153790947142,5.953243334287785,7.360739903058278,2.0186487050933315,4.394449154672439,False,False,False,False,True,False
6.845607708753538,10412.863802559415,0,0,0,0,0,0,0,0.0004570383912248629,0.0,4.672828834461906,0.6931471805599453,2.70805020110221,10.237295762974721,4.672828834461906,7.691200097522863,1.9906184714459416,0.0,True,False,False,False,False,False
6.846076320277441,10412.863802559415,0,0,0,0,0,0,0,0.0004570383912248629,0.025391021734714605,6.07073772800249,0.6931471805599453,3.912023005428146,10.140665472676696,6.07073772800249,7.691200097522863,1.9906184714459416,4.035223439214303,True,False,False,False,False,False
5.558589488847307,10412.863802559415,0,0,0,0,0,0,0,0.0004570383912248629,0.028125439459991564,5.746203190540153,0.6931471805599453,4.060443010546419,5.858417164315927,5.746203190540153,7.691200097522863,1.9906184714459416,4.135781752086274,True,False,False,False,False,False
5.558589488847307,10412.863802559415,0,0,0,0,0,0,0,0.0004570383912248629,0.030469226081657523,5.017279836814924,0.6931471805599453,2.772588722239781,5.858417164315927,5.017279836814924,7.691200097522863,1.9906184714459416,4.214593690373677,True,False,False,False,False,False
5.879225467208256,1266.400447427293,0,0,0,0,0,0,0,0.0022371364653243847,0.22371364653243847,5.225746673713202,0.6931471805599453,1.9459101490553132,8.024343613012375,5.225746673713202,6.104793232414985,1.8852953146630171,4.61512051684126,False,True,False,False,False,False
6.740866461953476,6112.369742419302,0,0,0,0,0,0,0,0.0006521030322791001,0.024453863710466255,8.29254851397576,1.0986122886681098,4.02535169073515,10.291965944804542,7.59965167764043,8.028781162487148,1.9991152142115904,4.330733340286331,False,False,False,True,False,False
6.40169871215857,10412.863802559415,0,0,0,0,0,0,0,0.0004570383912248629,0.015234613040828762,5.627621113690637,0.6931471805599453,3.8918202981106265,9.324495915651033,5.627621113690637,7.691200097522863,1.9906184714459416,3.536116699561526,True,False,False,False,False,False
6.5004185244497705,41763.20315581854,0,0,0,0,0,0,0,0.0084530853761623,0.01878463416924955,6.214608098422191,3.4339872044851463,3.258096538021482,9.91128039696677,2.869791050196144,8.174702882469461,2.0644946046636603,4.214593690373677,False,False,False,False,False,True
5.879225467208256,1266.400447427293,0,0,0,0,0,0,0,0.0022371364653243847,0.1798072299232683,7.44600149832412,0.6931471805599453,2.6390573296152584,8.024343613012375,7.44600149832412,6.104793232414985,1.8852953146630171,4.399053744366709,False,True,False,False,False,False
6.743076983988833,41763.20315581854,0,0,0,0,0,0,0,0.014370245139475908,0.021531443882677553,8.532081803909987,3.9512437185814275,3.295836866004329,10.083961340239952,4.610060171282283,8.174702882469461,2.0644946046636603,4.349181778890064,False,False,False,False,False,True
6.815397182039722,41763.20315581854,0,0,0,0,0,0,0,0.007326007326007326,0.02228316340788104,10.829352306844557,3.295836866004329,2.5649493574615367,10.247504624731125,7.571750882065585,8.174702882469461,2.0644946046636603,4.383062934212107,False,False,False,False,False,True
6.22747829422649,6112.369742419302,0,0,0,0,0,0,0,0.00032605151613955004,0.017556620099821927,6.018593214496234,0.6931471805599453,3.58351893845611,8.715280860702519,6.018593214496234,8.028781162487148,1.9991152142115904,4.00453206295276,False,False,False,True,False,False
6.20715799971213,7640.563613231552,0,0,0,0,0,0,0,0.0006361323155216285,0.04240882103477523,5.872117789475416,0.6931471805599453,1.9459101490553132,9.847465822742766,5.872117789475416,7.360739903058278,2.0186487050933315,4.214593690373677,False,False,False,False,True,False
6.40169871215857,41763.20315581854,0,0,0,0,0,0,0,0.011834319526627219,0.0,4.127134385045092,3.7612001156935624,2.9444389791664403,9.324495915651033,0.8970593699462676,8.174702882469461,2.0644946046636603,0.0,False,False,False,False,False,True
6.782065178415631,6112.369742419302,0,0,0,0,0,0,0,0.00032605151613955004,0.02636161194319766,7.158513997329321,0.6931471805599453,3.295836866004329,10.090929146985108,7.158513997329321,8.028781162487148,1.9991152142115904,4.404901301042236,False,False,False,True,False,False
6.879786245533123,6112.369742419302,0,0,0,0,0,0,0,0.0006521030322791001,0.02514645680030517,9.564442007795789,1.0986122886681098,3.044522437723423,10.337724893174492,8.871365005136852,8.028781162487148,1.9991152142115904,4.358299650485546,False,False,False,True,False,False
6.770580228122137,7640.563613231552,0,0,0,0,0,0,0,0.0006361323155216285,0.04770992366412214,5.655991810819852,0.6931471805599453,3.9512437185814275,9.565902027006107,5.655991810819852,7.360739903058278,2.0186487050933315,4.330733340286331,False,False,False,False,True,False
6.8565901876316175,10412.863802559415,0,0,0,0,0,0,0,0.0004570383912248629,0.030469226081657523,5.8888779583328805,0.6931471805599453,4.276666119016055,9.78682387317848,5.8888779583328805,7.691200097522863,1.9906184714459416,4.214593690373677,True,False,False,False,False,False
6.195191110040243,6112.369742419302,0,0,0,0,0,0,0,0.00097815454841865,0.018406133975619764,7.359467638255621,1.3862943611198906,2.5649493574615367,7.8686083776014435,6.2621276143901685,8.028781162487148,1.9991152142115904,4.050943078804516,False,False,False,True,False,False
6.602205255211668,7640.563613231552,0,0,0,0,0,0,0,0.0006361323155216285,0.044529262086514,7.026426808699636,0.6931471805599453,3.2188758248682006,10.266174232963616,7.026426808699636,7.360739903058278,2.0186487050933315,4.2626798770413155,False,False,False,False,True,False
7.030379445294483,41763.20315581854,0,0,0,0,0,0,0,0.014088475626937165,0.02175062903807843,9.164401140034737,3.9318256327243257,2.4849066497880004,10.668298501854856,5.2574953720277815,8.174702882469461,2.0644946046636603,4.359179905112006,False,False,False,False,False,True
6.662948251583755,41763.20315581854,0,0,0,0,0,0,0,0.006762468300929839,0.014088475626937165,6.593044534142437,3.2188758248682006,3.367295829986474,10.093243666143405,3.446011397451948,8.174702882469461,2.0644946046636603,3.9318256327243257,False,False,False,False,False,True
6.93260139736339,41763.20315581854,0,0,0,0,0,0,0,0.006198929275852353,0.024276962636616228,11.470644072713622,3.1354942159291497,2.3978952727983707,10.63261183146909,8.379820664839412,8.174702882469461,2.0644946046636603,4.4677333530193994,False,False,False,False,False,True
5.558589488847307,7640.563613231552,0,0,0,0,0,0,0,0.0006361323155216285,0.05143197444642953,7.553286605600419,0.6931471805599453,2.5649493574615367,5.858417164315927,7.553286605600419,7.360739903058278,2.0186487050933315,4.404901301042236,False,False,False,False,True,False
6.4291339721213445,10412.863802559415,0,0,0,0,0,0,0,0.0004570383912248629,0.03183862950105787,7.61972421378267,0.6931471805599453,3.295836866004329,9.761555009894499,7.61972421378267,7.691200097522863,1.9906184714459416,4.2579209848113635,True,False,False,False,False,False
6.8536771222611135,10412.863802559415,0,0,0,0,0,0,0,0.0004570383912248629,0.0,7.529406457837013,0.6931471805599453,3.8066624897703196,10.356631814037343,7.529406457837013,7.691200097522863,1.9906184714459416,0.0,True,False,False,False,False,False
6.851621519971829,6112.369742419302,0,0,0,0,0,0,0,0.00032605151613955004,0.023083502265821766,10.718608973370925,0.6931471805599453,4.59511985013459,10.255527465734174,10.718608973370925,8.028781162487148,1.9991152142115904,4.273844105452046,False,False,False,True,False,False
6.836335151609738,41763.20315581854,0,0,0,0,0,0,0,0.0070442378134685825,0.02177309869617562,6.18826412308259,3.258096538021482,3.295836866004329,10.073010932873734,3.017493765335504,8.174702882469461,2.0644946046636603,4.36019923162936,False,False,False,False,False,True
6.195191110040243,6112.369742419302,0,0,0,0,0,0,0,0.00032605151613955004,0.019563090968373,6.558197802812269,0.6931471805599453,2.9444389791664403,7.8686083776014435,6.558197802812269,8.028781162487148,1.9991152142115904,4.110873864173311,False,False,False,True,False,False
6.806462343609414,6112.369742419302,0,0,0,0,0,0,0,0.00097815454841865,0.02328939400996786,7.62657020629066,1.3862943611198906,3.9318256327243257,10.298295776205368,6.528932101820394,8.028781162487148,1.9991152142115904,4.28260085453587,False,False,False,True,False,False
6.270257490704965,41763.20315581854,0,0,0,0,0,0,0,0.005635390250774866,0.01878463416924955,5.700443573390687,3.044522437723423,3.4011973816621555,8.471450016819338,2.766319109226186,8.174702882469461,2.0644946046636603,4.214593690373677,False,False,False,False,False,True
6.139209247294481,1266.400447427293,0,0,0,0,0,0,0,0.0022371364653243847,0.1822851934708758,7.3537223303996315,0.6931471805599453,2.0794415416798357,10.013509523989443,7.3537223303996315,6.104793232414985,1.8852953146630171,4.412573801253038,False,True,False,False,False,False
6.8597275096250865,41763.20315581854,0,0,0,0,0,0,0,0.007326007326007326,0.022393098471794746,11.046977599982323,3.295836866004329,2.6390573296152584,10.338109218973214,7.789279363607906,8.174702882469461,2.0644946046636603,4.387923047568501,False,False,False,False,False,True
6.7720511464995905,10412.863802559415,0,0,0,0,0,0,0,0.0004570383912248629,0.03164111939249051,5.966146739123692,0.6931471805599453,4.189654742026425,10.324648393136634,5.966146739123692,7.691200097522863,1.9906184714459416,4.251786523133432,True,False,False,False,False,False
6.913579950455417,41763.20315581854,0,0,0,0,0,0,0,0.0033812341504649195,0.022206003615137387,11.127615863065628,2.5649493574615367,2.833213344056216,10.548697158417665,8.642870907836958,8.174702882469461,2.0644946046636603,4.379637618622722,False,False,False,False,False,True
6.870414315146954,7640.563613231552,0,0,0,0,0,0,0,0.0006361323155216285,0.04240882103477523,6.313548046277095,0.6931471805599453,3.5553480614894135,10.343188947580822,6.313548046277095,7.360739903058278,2.0186487050933315,4.214593690373677,False,False,False,False,True,False
5.879225467208256,1266.400447427293,0,0,0,0,0,0,0,0.0022371364653243847,0.0,4.836281906951478,0.6931471805599453,2.3978952727983707,8.024343613012375,4.836281906951478,6.104793232414985,1.8852953146630171,0.0,False,True,False,False,False,False
6.694036685098593,10412.863802559415,0,0,0,0,0,0,0,0.0004570383912248629,0.03623180904387362,9.93488931567566,0.6931471805599453,3.6635616461296463,10.121249205782965,9.93488931567566,7.691200097522863,1.9906184714459416,4.3854607088357564,True,False,False,False,False,False
6.635431799966208,6112.369742419302,0,0,0,0,0,0,0,0.00032605151613955004,0.02508088585688847,5.717027701406222,0.6931471805599453,2.4849066497880004,9.854010578723463,5.717027701406222,8.028781162487148,1.9991152142115904,4.355722146787147,False,False,False,True,False,False
6.48976219033308,4092.5737704918033,0,0,0,0,0,0,0,0.009836065573770493,0.12971661430304537,9.532641238823578,1.9459101490553132,1.9459101490553132,9.485106768895054,7.741243944095154,6.415096959171596,1.8969222823803258,4.383614557317852,False,False,True,False,False,False
6.661310512963811,6112.369742419302,0,0,0,0,0,0,0,0.00097815454841865,0.025731131045770763,9.020994200245264,1.3862943611198906,3.970291913552122,9.769621419046755,7.922623574217286,8.028781162487148,1.9991152142115904,4.380993337473394,False,False,False,True,False,False
6.866123752070609,41763.20315581854,0,0,0,0,0,0,0,0.007326007326007326,0.014088475626937165,5.123963979403259,3.295836866004329,2.8903717578961645,10.354639367178407,2.0045936508834035,8.174702882469461,2.0644946046636603,3.9318256327243257,False,False,False,False,False,True
6.889678266422713,41763.20315581854,0,0,0,0,0,0,0,0.014370245139475908,0.0,6.18826412308259,3.9512437185814275,2.833213344056216,10.37484668725167,2.3541724617845388,8.174702882469461,2.0644946046636603,0.0,False,False,False,False,False,True
5.879225467208256,1266.400447427293,0,0,0,0,0,0,0,0.0022371364653243847,0.22371364653243847,4.927253685157205,0.6931471805599453,4.007333185232471,8.024343613012375,4.927253685157205,6.104793232414985,1.8852953146630171,4.61512051684126,False,True,False,False,False,False
6.84073948827224,41763.20315581854,0,0,0,0,0,0,0,0.0033812341504649195,0.022850820224178576,11.507540994693388,2.5649493574615367,3.367295829986474,10.224385977612846,9.02274493267952,8.174702882469461,2.0644946046636603,4.407908308046443,False,False,False,False,False,True
6.810822042773845,41763.20315581854,0,0,0,0,0,0,0,0.01098901098901099,0.020252183713722175,6.6039438246004725,3.6888794541139363,3.091042453358316,10.090738750324451,2.9905908740535723,8.174702882469461,2.0644946046636603,4.288745644670657,False,False,False,False,False,True
5.879225467208256,1266.400447427293,0,0,0,0,0,0,0,0.0022371364653243847,0.22371364653243847,6.150602768446279,0.6931471805599453,2.9444389791664403,8.024343613012375,6.150602768446279,6.104793232414985,1.8852953146630171,4.61512051684126,False,True,False,False,False,False
6.7344596086749675,6112.369742419302,0,0,0,0,0,0,0,0.00032605151613955004,0.024898479414292917,6.933423025730715,0.6931471805599453,2.70805020110221,10.551173941954707,6.933423025730715,8.028781162487148,1.9991152142115904,4.348516855775004,False,False,False,True,False,False
6.662948251583755,41763.20315581854,0,0,0,0,0,0,0,0.007326007326007326,0.0,4.969813299576001,3.295836866004329,2.772588722239781,10.093243666143405,1.8718021769015913,8.174702882469461,2.0644946046636603,0.0,False,False,False,False,False,True
6.636391762058312,6112.369742419302,0,0,0,0,0,0,0,0.0006521030322791001,0.0223405668465988,7.344072850573066,1.0986122886681098,2.1972245773362196,10.021157425057053,6.651571873589727,8.028781162487148,1.9991152142115904,4.241593170582179,False,False,False,True,False,False
6.874652061743017,10412.863802559415,0,0,0,0,0,0,0,0.0004570383912248629,0.0,5.602118820879701,0.6931471805599453,3.4339872044851463,10.459765038723345,5.602118820879701,7.691200097522863,1.9906184714459416,0.0,True,False,False,False,False,False
6.195191110040243,6112.369742419302,0,0,0,0,0,0,0,0.00032605151613955004,0.019795984908472678,7.62657020629066,0.6931471805599453,3.2188758248682006,7.8686083776014435,7.62657020629066,8.028781162487148,1.9991152142115904,4.122515439188797,False,False,False,True,False,False
6.117214889903559,4092.5737704918033,0,0,0,0,0,0,0,0.006557377049180328,0.0,5.472270673671475,1.6094379124341003,3.5263605246161616,9.256677095947603,4.098502572370764,6.415096959171596,1.8969222823803258,0.0,False,False,True,False,False,False
7.0325682587398175,10412.863802559415,0,0,0,0,0,0,0,0.0004570383912248629,0.03784506179018557,11.448962778008331,0.6931471805599453,3.5553480614894135,10.86999423117707,11.448962778008331,7.691200097522863,1.9906184714459416,4.428492614266721,True,False,False,False,False,False
6.884373648927484,41763.20315581854,0,0,0,0,0,0,0,0.0033812341504649195,0.0231691483231705,11.416612782828315,2.5649493574615367,2.70805020110221,10.564228947805752,8.93182724706932,8.174702882469461,2.0644946046636603,4.421575507906226,False,False,False,False,False,True
6.869850796373931,6112.369742419302,0,0,0,0,0,0,0,0.00032605151613955004,0.024486599806464202,9.426982836948033,0.6931471805599453,3.295836866004329,10.605469870450406,9.426982836948033,8.028781162487148,1.9991152142115904,4.332053542204907,False,False,False,True,False,False
6.195191110040243,6112.369742419302,0,0,0,0,0,0,0,0.0006521030322791001,0.02187977279357507,8.535425959677298,1.0986122886681098,4.204692619390966,7.8686083776014435,7.842475146324659,8.028781162487148,1.9991152142115904,4.221054495894405,False,False,False,True,False,False
6.919098187424062,41763.20315581854,0,0,0,0,0,0,0,0.003663003663003663,0.022824073970816414,9.864018808625762,2.6390573296152584,2.1972245773362196,11.001782687887793,7.299693411251024,8.174702882469461,2.0644946046636603,4.406751423849355,False,False,False,False,False,True
6.636869976955481,7640.563613231552,0,0,0,0,0,0,0,0.0006361323155216285,0.06361323155216285,5.8888779583328805,0.6931471805599453,3.332204510175204,10.452131394057496,5.8888779583328805,7.360739903058278,2.0186487050933315,4.61512051684126,False,False,False,False,True,False
6.195191110040243,6112.369742419302,0,0,0,0,0,0,0,0.004034627216535132,0.0,8.165079258805068,2.5933276030091386,2.0794415416798357,7.8686083776014435,5.652695225804525,8.028781162487148,1.9991152142115904,0.0,False,False,False,True,False,False
6.738572847556955,41763.20315581854,0,0,0,0,0,0,0,0.0033812341504649195,0.014088475626937165,7.257002707092073,2.5649493574615367,3.367295829986474,10.406176714829902,4.779823528141867,8.174702882469461,2.0644946046636603,3.9318256327243257,False,False,False,False,False,True
6.195191110040243,6112.369742419302,0,0,0,0,0,0,0,0.00097815454841865,0.02207640473861537,7.905072849498666,1.3862943611198906,2.8903717578961645,7.8686083776014435,6.807198023990822,8.028781162487148,1.9991152142115904,4.229870492211654,False,False,False,True,False,False
6.932702919858476,10412.863802559415,0,0,0,0,0,0,0,0.0004570383912248629,0.03942432128193557,12.153420533631275,0.6931471805599453,2.833213344056216,10.62953376793832,12.153420533631275,7.691200097522863,1.9906184714459416,4.468896923183526,True,False,False,False,False,False
6.950832280842871,41763.20315581854,0,0,0,0,0,0,0,0.005917159763313609,0.022389997940120192,9.266342562091468,3.091042453358316,3.091042453358316,10.44366354313236,6.223709412668537,8.174702882469461,2.0644946046636603,4.387786299531981,False,False,False,False,False,True
6.829024255183886,41763.20315581854,0,0,0,0,0,0,0,0.0070442378134685825,0.021569941994345178,10.152415802824065,3.258096538021482,3.2188758248682006,10.30877902546539,6.934475103681518,8.174702882469461,2.0644946046636603,4.350945121972842,False,False,False,False,False,True
6.662948251583755,4092.5737704918033,0,0,0,0,0,0,0,0.004918032786885246,0.16393442622950818,4.204692619390966,1.3862943611198906,3.4965075614664802,10.093243666143405,3.1354942159291497,6.415096959171596,1.8969222823803258,4.61512051684126,False,False,True,False,False,False
6.740691712132384,6112.369742419302,0,0,0,0,0,0,0,0.00097815454841865,0.02382684156404404,8.286269452783065,1.3862943611198906,2.6390573296152584,10.333684634644541,7.188160942463142,8.028781162487148,1.9991152142115904,4.305104054336589,False,False,False,True,False,False
6.195191110040243,6112.369742419302,0,0,0,0,0,0,0,0.0006521030322791001,0.022553939462284664,8.761550139129644,1.0986122886681098,1.6094379124341003,7.8686083776014435,8.068559587906694,8.028781162487148,1.9991152142115904,4.250962657343993,False,False,False,True,False,False
6.794607080130419,6112.369742419302,0,0,0,0,0,0,0,0.0006521030322791001,0.0,4.8283137373023015,1.0986122886681098,3.2188758248682006,9.797980786126336,4.143134726391533,8.028781162487148,1.9991152142115904,0.0,False,False,False,True,False,False
6.728879252982257,41763.20315581854,0,0,0,0,0,0,0,0.0033812341504649195,0.01878463416924955,6.159095388491933,2.5649493574615367,2.9444389791664403,10.092995148114731,3.6971782569286313,8.174702882469461,2.0644946046636603,4.214593690373677,False,False,False,False,False,True
6.770028197402003,6112.369742419302,0,0,0,0,0,0,0,0.00032605151613955004,0.022823606129768505,8.713253274320705,0.6931471805599453,3.970291913552122,10.024768496667797,8.713253274320705,8.028781162487148,1.9991152142115904,4.2626798770413155,False,False,False,True,False,False
6.795950141938851,6112.369742419302,0,0,0,0,0,0,0,0.0006521030322791001,0.02515254553076529,6.698268054115413,1.0986122886681098,3.295836866004329,10.548907043351887,6.0063531596017325,8.028781162487148,1.9991152142115904,4.358538653366668,False,False,False,True,False,False
6.20715799971213,7640.563613231552,0,0,0,0,0,0,0,0.0006361323155216285,0.053826580544137796,6.063785208687608,0.6931471805599453,3.713572066704308,9.847465822742766,6.063785208687608,7.360739903058278,2.0186487050933315,4.449864993814008,False,False,False,False,True,False
6.834545974034778,4092.5737704918033,0,0,0,0,0,0,0,0.001639344262295082,0.13382402141184344,7.317212408359839,0.6931471805599453,2.5649493574615367,10.106094920304066,7.317212408359839,6.415096959171596,1.8969222823803258,4.4144049179215346,False,False,True,False,False,False
6.638243832197137,10412.863802559415,0,0,0,0,0,0,0,0.0004570383912248629,0.022851919561243144,5.683579767338681,0.6931471805599453,3.871201010907891,10.118310337677755,5.683579767338681,7.691200097522863,1.9906184714459416,3.9318256327243257,True,False,False,False,False,False
6.5004185244497705,41763.20315581854,0,0,0,0,0,0,0,0.003663003663003663,0.022541561003099463,8.540519016719735,2.6390573296152584,2.4849066497880004,9.91128039696677,5.977911580703278,8.174702882469461,2.0644946046636603,4.394449154672439,False,False,False,False,False,True
6.548792989998894,6112.369742419302,0,0,0,0,0,0,0,0.00032605151613955004,0.0,3.8066624897703196,0.6931471805599453,2.70805020110221,9.223228522439266,3.8066624897703196,8.028781162487148,1.9991152142115904,0.0,False,False,False,True,False,False
6.192033733782523,41763.20315581854,0,0,0,0,0,0,0,0.0034866727734892224,0.0,4.02535169073515,2.5933276030091386,2.1972245773362196,9.566331310956217,1.6946483850411285,8.174702882469461,2.0644946046636603,0.0,False,False,False,False,False,True
6.914031883097093,6112.369742419302,0,0,0,0,0,0,0,0.00032605151613955004,0.022739039454112715,8.862908295118627,0.6931471805599453,3.332204510175204,10.478757911813275,8.862908295118627,8.028781162487148,1.9991152142115904,4.2590201462161605,False,False,False,True,False,False
5.558589488847307,6112.369742419302,0,0,0,0,0,0,0,0.00032605151613955004,0.0,4.276666119016055,0.6931471805599453,3.6888794541139363,5.858417164315927,4.276666119016055,8.028781162487148,1.9991152142115904,0.0,False,False,False,True,False,False
6.8031388928480325,6112.369742419302,0,0,0,0,0,0,0,0.00032605151613955004,0.024717423077817078,10.907202909334556,0.6931471805599453,2.1972245773362196,10.5432286757302,10.907202909334556,8.028781162487148,1.9991152142115904,4.3413131834769745,False,False,False,True,False,False
6.800428865297263,6112.369742419302,0,0,0,0,0,0,0,0.00097815454841865,0.021736767742636668,5.517452896464707,1.3862943611198906,3.828641396489095,10.370543935210868,4.426840650463674,8.028781162487148,1.9991152142115904,4.214593690373677,False,False,False,True,False,False
6.851612911057213,41763.20315581854,0,0,0,0,0,0,0,0.014652014652014652,0.021667788669776505,11.126336084130871,3.970291913552122,2.6390573296152584,10.328619917920744,7.175842779415815,8.174702882469461,2.0644946046636603,4.355412884614635,False,False,False,False,False,True
6.853834749479677,6112.369742419302,0,0,0,0,0,0,0,0.0006521030322791001,0.021547752370961567,7.80710329012598,1.0986122886681098,2.772588722239781,10.47764032646799,7.1143628616562475,8.028781162487148,1.9991152142115904,4.205989636434011,False,False,False,True,False,False
6.854225431580791,6112.369742419302,0,0,0,0,0,0,0,0.00097815454841865,0.025183829791375692,9.606697461053619,1.3862943611198906,2.8903717578961645,10.1705639251658,8.508219716617129,8.028781162487148,1.9991152142115904,4.359765764492385,False,False,False,True,False,False
6.961373850129229,7640.563613231552,0,0,0,0,0,0,0,0.0006361323155216285,0.047371555411185096,7.944492163932159,0.6931471805599453,3.5553480614894135,10.49569172511401,7.944492163932159,7.360739903058278,2.0186487050933315,4.323709853063563,False,False,False,False,True,False
6.829036948424544,10412.863802559415,0,0,0,0,0,0,0,0.0004570383912248629,0.0,4.110873864173311,0.6931471805599453,2.3978952727983707,9.778151955140352,4.110873864173311,7.691200097522863,1.9906184714459416,0.0,True,False,False,False,False,False
6.861196730508127,10412.863802559415,0,0,0,0,0,0,0,0.0004570383912248629,0.0,4.919980925828125,0.6931471805599453,3.258096538021482,10.354629030217913,4.919980925828125,7.691200097522863,1.9906184714459416,0.0,True,False,False,False,False,False
6.6853587373333445,41763.20315581854,0,0,0,0,0,0,0,0.003663003663003663,0.0225256418216001,9.064620717626777,2.6390573296152584,2.302585092994046,9.67356660031815,6.501058643624726,8.174702882469461,2.0644946046636603,4.393751415319543,False,False,False,False,False,True
6.58558055977916,10412.863802559415,0,0,0,0,0,0,0,0.0004570383912248629,0.04570383912248629,5.0689042022202315,0.6931471805599453,2.833213344056216,9.56895283095515,5.0689042022202315,7.691200097522863,1.9906184714459416,4.61512051684126,True,False,False,False,False,False
5.879225467208256,10412.863802559415,0,0,0,0,0,0,0,0.0004570383912248629,0.04154894465680572,6.672032945461067,0.6931471805599453,3.6635616461296463,8.024343613012375,6.672032945461067,7.691200097522863,1.9906184714459416,4.520799946222101,True,False,False,False,False,False
6.8594387136428185,4092.5737704918033,0,0,0,0,0,0,0,0.01639344262295082,0.13319672131147542,7.73718007783463,2.3978952727983707,3.9318256327243257,10.476416223871889,5.43851399704132,6.415096959171596,1.8969222823803258,4.409763389645481,False,False,True,False,False,False
6.677693639525605,41763.20315581854,0,0,0,0,0,0,0,0.0016906170752324597,0.0,4.700480365792417,1.9459101490553132,2.6390573296152584,9.328032216867232,2.953172659135195,8.174702882469461,2.0644946046636603,0.0,False,False,False,False,False,True
6.807584713395245,6112.369742419302,0,0,0,0,0,0,0,0.00097815454841865,0.026246470593806102,9.16837188715368,1.3862943611198906,3.828641396489095,10.452826523121393,8.069968149059841,8.028781162487148,1.9991152142115904,4.400577563618546,False,False,False,True,False,False
6.906130742650239,7640.563613231552,0,0,0,0,0,0,0,0.006361323155216285,0.0451899336308243,10.68317933449626,2.3978952727983707,3.1354942159291497,10.537020238371838,8.380800566510683,7.360739903058278,2.0186487050933315,4.277201748702745,False,False,False,False,True,False
6.877954803336691,41763.20315581854,0,0,0,0,0,0,0,0.006762468300929839,0.02315514668125561,11.975230788150334,3.2188758248682006,2.1972245773362196,10.60235768701018,8.797321808213104,8.174702882469461,2.0644946046636603,4.4209782680199785,False,False,False,False,False,True
6.882320058116752,41763.20315581854,0,0,0,0,0,0,0,0.0070442378134685825,0.022766447468505972,10.809909750211677,3.258096538021482,2.3978952727983707,10.273240329334863,7.591518568231741,8.174702882469461,2.0644946046636603,4.40425428571348,False,False,False,False,False,True
6.814996831782619,7640.563613231552,0,0,0,0,0,0,0,0.0006361323155216285,0.04562974415134044,8.700347734514084,0.6931471805599453,3.9318256327243257,10.433110381203546,8.700347734514084,7.360739903058278,2.0186487050933315,4.28675337401926,False,False,False,False,True,False
6.842439933190603,6112.369742419302,0,0,0,0,0,0,0,0.0006521030322791001,0.02473336903395887,9.99952474073307,1.0986122886681098,3.332204510175204,10.24386542738438,9.306422980653227,8.028781162487148,1.9991152142115904,4.341949711830649,False,False,False,True,False,False
6.816742595707507,6112.369742419302,0,0,0,0,0,0,0,0.00097815454841865,0.02267601079324443,8.502891406705377,1.3862943611198906,2.9444389791664403,10.440375624130201,7.404684797556016,8.028781162487148,1.9991152142115904,4.256283762666933,False,False,False,True,False,False
6.875556005698156,41763.20315581854,0,0,0,0,0,0,0,0.013806706114398421,0.021522093420044713,9.094817280720644,3.912023005428146,2.9444389791664403,10.508810026977752,5.208370330364569,8.174702882469461,2.0644946046636603,4.34875302650392,False,False,False,False,False,True
6.5004185244497705,7640.563613231552,0,0,0,0,0,0,0,0.003816793893129771,0.04485172547226229,8.514389264083503,1.9459101490553132,3.1780538303479458,9.91128039696677,6.723632100241554,7.360739903058278,2.0186487050933315,4.269794122543025,False,False,False,False,True,False
6.836436565523119,41763.20315581854,0,0,0,0,0,0,0,0.003663003663003663,0.022383320878304157,10.206218323189427,2.6390573296152584,2.5649493574615367,10.15017835238795,7.64171214629429,8.174702882469461,2.0644946046636603,4.387491746173768,False,False,False,False,False,True
6.5004185244497705,4092.5737704918033,0,0,0,0,0,0,0,0.019672131147540985,0.0,4.060443010546419,2.5649493574615367,4.060443010546419,9.91128039696677,1.749199854809259,6.415096959171596,1.8969222823803258,0.0,False,False,True,False,False,False
6.8442500649497235,41763.20315581854,0,0,0,0,0,0,0,0.029304029304029304,0.02059832298559089,8.209852481301272,4.653960350157523,2.4849066497880004,9.823967833553757,3.5930883894722605,8.174702882469461,2.0644946046636603,4.305462066656037,False,False,False,False,False,True
6.7407259017789665,41763.20315581854,0,0,0,0,0,0,0,0.0033812341504649195,0.021777440291129994,9.95261099449568,2.5649493574615367,2.1972245773362196,10.074209079303039,7.468227842637542,8.174702882469461,2.0644946046636603,4.360396066524886,False,False,False,False,False,True
6.779782172998328,41763.20315581854,0,0,0,0,0,0,0,0.007326007326007326,0.0,4.700480365792417,3.295836866004329,2.772588722239781,10.42324578946821,1.6471782404169475,8.174702882469461,2.0644946046636603,0.0,False,False,False,False,False,True
6.608354723274798,41763.20315581854,0,0,0,0,0,0,0,0.014652014652014652,0.02284402545158738,9.181117513299279,3.970291913552122,1.9459101490553132,9.69242205478945,5.2351112906442445,8.174702882469461,2.0644946046636603,4.407614533299054,False,False,False,False,False,True
6.5004185244497705,7640.563613231552,0,0,0,0,0,0,0,0.002544529262086514,0.04834605597964377,7.114769448366463,1.6094379124341003,3.6109179126442243,9.91128039696677,5.730911142044453,7.360739903058278,2.0186487050933315,4.343805421853684,False,False,False,False,True,False
6.638044198428708,7640.563613231552,0,0,0,0,0,0,0,0.002544529262086514,0.04925693805011832,8.729073550451737,1.6094379124341003,3.258096538021482,10.320472281379946,7.343264508438678,7.360739903058278,2.0186487050933315,4.36223081669304,False,False,False,False,True,False
6.8387887536725165,7640.563613231552,0,0,0,0,0,0,0,0.001272264631043257,0.0,4.418840607796598,1.0986122886681098,3.258096538021482,10.04340202345158,3.7376696182833684,7.360739903058278,2.0186487050933315,0.0,False,False,False,False,True,False
6.20715799971213,10412.863802559415,0,0,0,0,0,0,0,0.0004570383912248629,0.02688461124852135,7.174724309836376,0.6931471805599453,2.1972245773362196,9.847465822742766,7.174724309836376,7.691200097522863,1.9906184714459416,4.091399051992344,True,False,False,False,False,False
6.92972254610211,41763.20315581854,0,0,0,0,0,0,0,0.0070442378134685825,0.02297266253158741,10.662679931125757,3.258096538021482,3.295836866004329,10.610452865647696,7.444365601721855,8.174702882469461,2.0644946046636603,4.413161613084796,False,False,False,False,False,True
6.510263751421897,10412.863802559415,0,0,0,0,0,0,0,0.0004570383912248629,0.032488271183454105,7.318539548567902,0.6931471805599453,2.4849066497880004,9.93043086016947,7.318539548567902,7.691200097522863,1.9906184714459416,4.277836785593434,True,False,False,False,False,False
6.548792989998894,6112.369742419302,0,0,0,0,0,0,0,0.00032605151613955004,0.0,3.8918202981106265,0.6931471805599453,3.6375861597263857,9.223228522439266,3.8918202981106265,8.028781162487148,1.9991152142115904,0.0,False,False,False,True,False,False
6.195191110040243,6112.369742419302,0,0,0,0,0,0,0,0.0006521030322791001,0.01969894576676448,7.0825485693553,1.0986122886681098,3.713572066704308,7.8686083776014435,6.39024066706535,8.028781162487148,1.9991152142115904,4.1176812424013365,False,False,False,True,False,False
6.444222433795675,1266.400447427293,0,0,0,0,0,0,0,0.0022371364653243847,0.22371364653243847,4.430816798843313,0.6931471805599453,2.995732273553991,10.273807403405025,4.430816798843313,6.104793232414985,1.8852953146630171,4.61512051684126,False,True,False,False,False,False
6.786473217057109,6112.369742419302,0,0,0,0,0,0,0,0.00032605151613955004,0.0,4.727387818712341,0.6931471805599453,3.295836866004329,10.39329296357693,4.727387818712341,8.028781162487148,1.9991152142115904,0.0,False,False,False,True,False,False
6.811377380117442,41763.20315581854,0,0,0,0,0,0,0,0.003663003663003663,0.023746496418561195,11.080572085576353,2.6390573296152584,2.772588722239781,10.275873303267593,8.515807616565978,8.174702882469461,2.0644946046636603,4.445896758141385,False,False,False,False,False,True
6.908633423783657,41763.20315581854,0,0,0,0,0,0,0,0.0033812341504649195,0.023535514897966008,11.67070668924528,2.5649493574615367,2.0794415416798357,10.706593249869321,9.185893979071256,8.174702882469461,2.0644946046636603,4.437077426495717,False,False,False,False,False,True
6.907533437153302,41763.20315581854,0,0,0,0,0,0,0,0.014088475626937165,0.023890894830903866,11.768443268899123,3.9318256327243257,3.4657359027997265,10.42737301798751,7.856799703994356,8.174702882469461,2.0644946046636603,4.451888295794044,False,False,False,False,False,True
6.548792989998894,6112.369742419302,0,0,0,0,0,0,0,0.00032605151613955004,0.032605151613955004,3.784189633918261,0.6931471805599453,3.1354942159291497,9.223228522439266,3.784189633918261,8.028781162487148,1.9991152142115904,4.61512051684126,False,False,False,True,False,False
6.811522504055452,6112.369742419302,0,0,0,0,0,0,0,0.00032605151613955004,0.023390652244793808,7.02197642307216,0.6931471805599453,3.8918202981106265,10.178507420484628,7.02197642307216,8.028781162487148,1.9991152142115904,4.286879485057674,False,False,False,True,False,False
6.5004185244497705,41763.20315581854,0,0,0,0,0,0,0,0.02817695125387433,0.0,4.343805421853684,4.61512051684126,3.4339872044851463,9.91128039696677,0.5653138090500605,8.174702882469461,2.0644946046636603,0.0,False,False,False,False,False,True
6.1339281894042506,6112.369742419302,0,0,0,0,0,0,0,0.00032605151613955004,0.0,3.9318256327243257,0.6931471805599453,4.060443010546419,9.301012374962703,3.9318256327243257,8.028781162487148,1.9991152142115904,0.0,False,False,False,True,False,False
6.9103562219117585,41763.20315581854,0,0,0,0,0,0,0,0.003663003663003663,0.023083503811019247,10.55838754591257,2.6390573296152584,3.367295829986474,10.339390189882854,7.993749836291499,8.174702882469461,2.0644946046636603,4.4179167477392545,False,False,False,False,False,True
6.635758036799406,7640.563613231552,0,0,0,0,0,0,0,0.0006361323155216285,0.04587863366489321,9.098067129493398,0.6931471805599453,4.394449154672439,9.887414115563827,9.098067129493398,7.360739903058278,2.0186487050933315,4.292118504158552,False,False,False,False,True,False
5.659166666666667,7640.563613231552,0,0,0,0,0,0,0,0.0006361323155216285,0.031806615776081425,4.6443908991413725,0.6931471805599453,3.6375861597263857,6.188948351641614,4.6443908991413725,7.360739903058278,2.0186487050933315,3.9318256327243257,False,False,False,False,True,False
6.822068674827799,41763.20315581854,0,0,0,0,0,0,0,0.010425471963933503,0.015779092702169626,7.903965634032166,3.6375861597263857,3.2188758248682006,9.906072650848483,4.306254076201552,8.174702882469461,2.0644946046636603,4.04305126783455,False,False,False,False,False,True
6.669845257137642,10412.863802559415,0,0,0,0,0,0,0,0.0004570383912248629,0.0,5.117993812416755,0.6931471805599453,3.4339872044851463,10.105230794896064,5.117993812416755,7.691200097522863,1.9906184714459416,0.0,True,False,False,False,False,False
6.195560357097322,4092.5737704918033,0,0,0,0,0,0,0,0.003278688524590164,0.13500482160077143,8.031710375322042,1.0986122886681098,2.70805020110221,9.590465530701902,7.338888133838879,6.415096959171596,1.8969222823803258,4.4230838956344645,False,False,True,False,False,False
6.5004185244497705,4092.5737704918033,0,0,0,0,0,0,0,0.001639344262295082,0.0,4.007333185232471,0.6931471805599453,1.791759469228055,9.91128039696677,4.007333185232471,6.415096959171596,1.8969222823803258,0.0,False,False,True,False,False,False
6.796305456123642,41763.20315581854,0,0,0,0,0,0,0,0.007326007326007326,0.01710743468985227,6.740519359606223,3.295836866004329,2.772588722239781,10.114095798483907,3.5115454388310208,8.174702882469461,2.0644946046636603,4.122515439188797,False,False,False,False,False,True
6.754818962416433,41763.20315581854,0,0,0,0,0,0,0,0.003663003663003663,0.0,5.572154032177765,2.6390573296152584,3.091042453358316,10.53249559764114,3.0518217402050345,8.174702882469461,2.0644946046636603,0.0,False,False,False,False,False,True
6.5004185244497705,6112.369742419302,0,0,0,0,0,0,0,0.00097815454841865,0.0,5.231108616854587,1.3862943611198906,3.7376696182833684,9.91128039696677,4.143134726391533,8.028781162487148,1.9991152142115904,0.0,False,False,False,True,False,False
6.40169871215857,41763.20315581854,0,0,0,0,0,0,0,0.006198929275852353,0.0,4.574710978503383,3.1354942159291497,3.1780538303479458,9.324495915651033,1.6796421711073488,8.174702882469461,2.0644946046636603,0.0,False,False,False,False,False,True
6.842297549793959,41763.20315581854,0,0,0,0,0,0,0,0.0033812341504649195,0.02224056093035778,10.014984203549803,2.5649493574615367,3.5553480614894135,10.316283777434755,7.530569404696175,8.174702882469461,2.0644946046636603,4.3811731548365564,False,False,False,False,False,True
6.813000194739592,41763.20315581854,0,0,0,0,0,0,0,0.003663003663003663,0.02235661576320917,10.439337441206854,2.6390573296152584,2.772588722239781,10.393239548153163,7.874739125171811,8.174702882469461,2.0644946046636603,4.386312802713242,False,False,False,False,False,True
6.67965887931373,41763.20315581854,0,0,0,0,0,0,0,0.020850943927867006,0.02292114687491332,8.385260520155413,4.31748811353631,2.9444389791664403,9.888877199082298,4.09771724670074,8.174702882469461,2.0644946046636603,4.410943850791934,False,False,False,False,False,True
6.876139273430018,41763.20315581854,0,0,0,0,0,0,0,0.0033812341504649195,0.022677277486316108,11.60862647748041,2.5649493574615367,2.3978952727983707,10.514314514168564,9.123819783621014,8.174702882469461,2.0644946046636603,4.400377937235768,False,False,False,False,False,True
6.4552094280772,6112.369742419302,0,0,0,0,0,0,0,0.0006521030322791001,0.020155911906808547,7.239214973779806,1.0986122886681098,2.6390573296152584,9.987816426365548,6.546785410760524,8.028781162487148,1.9991152142115904,4.1402445509692996,False,False,False,True,False,False
6.726881389735055,41763.20315581854,0,0,0,0,0,0,0,0.01267962806424345,0.0169061707523246,5.236441962829949,3.828641396489095,2.833213344056216,9.920300326844044,1.6400748818959903,8.174702882469461,2.0644946046636603,4.110873864173311,False,False,False,False,False,True
6.5004185244497705,41763.20315581854,0,0,0,0,0,0,0,0.0033812341504649195,0.022773152383268297,8.803123730829212,2.5649493574615367,3.044522437723423,9.91128039696677,6.319868609079685,8.174702882469461,2.0644946046636603,4.404545151583915,False,False,False,False,False,True
6.837827656730994,6112.369742419302,0,0,0,0,0,0,0,0.00097815454841865,0.024237457836922306,8.16735198705607,1.3862943611198906,2.302585092994046,10.229661700973974,7.069307074289706,8.028781162487148,1.9991152142115904,4.321961867171717,False,False,False,True,False,False
6.7531871272138275,41763.20315581854,0,0,0,0,0,0,0,0.0033812341504649195,0.022614642432864554,9.958259788383108,2.5649493574615367,2.6390573296152584,10.3120155564934,7.473873688496837,8.174702882469461,2.0644946046636603,4.397646088341552,False,False,False,False,False,True
6.927484355693852,7640.563613231552,0,0,0,0,0,0,0,0.0006361323155216285,0.04786982895367282,11.201524305897856,0.6931471805599453,3.4657359027997265,10.393303490995205,11.201524305897856,7.360739903058278,2.0186487050933315,4.334035397164193,False,False,False,False,True,False
6.779782172998328,7640.563613231552,0,0,0,0,0,0,0,0.0006361323155216285,0.04770992366412214,4.890349128221754,0.6931471805599453,1.9459101490553132,10.42324578946821,4.890349128221754,7.360739903058278,2.0186487050933315,4.330733340286331,False,False,False,False,True,False
5.8512085383736085,10412.863802559415,0,0,0,0,0,0,0,0.0004570383912248629,0.03705716685606996,6.985641817639208,0.6931471805599453,1.3862943611198906,9.732461047626883,6.985641817639208,7.691200097522863,1.9906184714459416,4.407707552401524,True,False,False,False,False,False
6.662948251583755,41763.20315581854,0,0,0,0,0,0,0,0.21780783319244856,0.01878463416924955,4.709530201312334,6.651571873589727,2.70805020110221,10.093243666143405,0.13304615201653816,8.174702882469461,2.0644946046636603,4.214593690373677,False,False,False,False,False,True
6.597394776544846,6112.369742419302,0,0,0,0,0,0,0,0.0013042060645582002,0.02630642914307733,8.129764445794171,1.6094379124341003,2.833213344056216,10.344248769853905,6.7443536070406935,8.028781162487148,1.9991152142115904,4.402831433425243,False,False,False,True,False,False
6.5004185244497705,10412.863802559415,0,0,0,0,0,0,0,0.0004570383912248629,0.03808653260207191,6.135564891081739,0.6931471805599453,3.1354942159291497,9.91128039696677,6.135564891081739,7.691200097522863,1.9906184714459416,4.43477720005941,True,False,False,False,False,False
6.721264151993432,6112.369742419302,0,0,0,0,0,0,0,0.0019563090968373,0.02568890733220697,7.085901464365611,1.9459101490553132,2.8903717578961645,10.34797141810871,5.298317366548036,8.028781162487148,1.9991152142115904,4.379371598029829,False,False,False,True,False,False
6.743024351257927,10412.863802559415,0,0,0,0,0,0,0,0.0004570383912248629,0.03691463929123893,6.669498089857879,0.6931471805599453,3.912023005428146,9.951538989878745,6.669498089857879,7.691200097522863,1.9906184714459416,4.4039010208804115,True,False,False,False,False,False
6.875648913692117,6112.369742419302,0,0,0,0,0,0,0,0.00097815454841865,0.024696461564736753,9.4588397305527,1.3862943611198906,2.772588722239781,10.344068141944028,8.360383423791006,8.028781162487148,1.9991152142115904,4.340475828007579,False,False,False,True,False,False
6.6819426705842195,7640.563613231552,0,0,0,0,0,0,0,0.0031806615776081423,0.041637751561415685,7.597897950521784,1.791759469228055,4.060443010546419,9.837538159759628,5.990464046774399,7.360739903058278,2.0186487050933315,4.196518186951408,False,False,False,False,True,False
6.58558055977916,6112.369742419302,0,0,0,0,0,0,0,0.00032605151613955004,0.0,4.48863636973214,0.6931471805599453,3.8918202981106265,9.56895283095515,4.48863636973214,8.028781162487148,1.9991152142115904,0.0,False,False,False,True,False,False
6.885145721113196,6112.369742419302,0,0,0,0,0,0,0,0.00032605151613955004,0.029344636452559504,6.795705775173514,0.6931471805599453,2.772588722239781,10.498464106008882,6.795705775173514,8.028781162487148,1.9991152142115904,4.51085950651685,False,False,False,True,False,False
6.761962783054639,41763.20315581854,0,0,0,0,0,0,0,0.014652014652014652,0.0,5.3612921657094255,3.970291913552122,2.302585092994046,9.935856567771333,1.6247053845648887,8.174702882469461,2.0644946046636603,0.0,False,False,False,False,False,True
6.490336269696487,6112.369742419302,0,0,0,0,0,0,0,0.0022823606129768505,0.0,4.110873864173311,2.0794415416798357,3.1780538303479458,8.81811505604364,2.2587824703356527,8.028781162487148,1.9991152142115904,0.0,False,False,False,True,False,False
6.153171904926564,6112.369742419302,0,0,0,0,0,0,0,0.0006521030322791001,0.022266932809530248,7.009408932708637,1.0986122886681098,3.58351893845611,8.19139039754028,6.317164686747284,8.028781162487148,1.9991152142115904,4.23833931514988,False,False,False,True,False,False
5.775788441476067,6112.369742419302,0,0,0,0,0,0,0,0.00032605151613955004,0.0,3.8918202981106265,0.6931471805599453,3.6375861597263857,8.653460843742746,3.8918202981106265,8.028781162487148,1.9991152142115904,0.0,False,False,False,True,False,False
6.510263751421897,41763.20315581854,0,0,0,0,0,0,0,0.13384051845590308,0.02817695125387433,4.990432586778736,6.16541785423142,3.2188758248682006,9.93043086016947,0.26801627789883753,8.174702882469461,2.0644946046636603,4.61512051684126,False,False,False,False,False,True
6.195191110040243,6112.369742419302,0,0,0,0,0,0,0,0.0013042060645582002,0.02384032591127893,9.049114723476961,1.6094379124341003,2.9444389791664403,7.8686083776014435,7.663172785268207,8.028781162487148,1.9991152142115904,4.305662189732396,False,False,False,True,False,False
6.723823326708267,41763.20315581854,0,0,0,0,0,0,0,0.002817695125387433,0.022503739592020438,9.110961927995904,2.3978952727983707,2.5649493574615367,10.08673262684853,6.809370377060736,8.174702882469461,2.0644946046636603,4.392790641977817,False,False,False,False,False,True
6.195191110040243,6112.369742419302,0,0,0,0,0,0,0,0.0006521030322791001,0.02520398222919221,8.650149418664864,1.0986122886681098,3.2188758248682006,7.8686083776014435,7.957177323459475,8.028781162487148,1.9991152142115904,4.360555438175928,False,False,False,True,False,False
6.849069499685569,41763.20315581854,0,0,0,0,0,0,0,0.0034866727734892224,0.0,8.815518423966498,2.5933276030091386,3.5263605246161616,10.242013289800248,6.301591273595178,8.174702882469461,2.0644946046636603,0.0,False,False,False,False,False,True
6.809967236350467,10412.863802559415,0,0,0,0,0,0,0,0.0004570383912248629,0.03656307129798903,4.983606621708336,0.6931471805599453,2.70805020110221,10.248063522373036,4.983606621708336,7.691200097522863,1.9906184714459416,4.394449154672439,True,False,False,False,False,False
6.831725682510775,7640.563613231552,0,0,0,0,0,0,0,0.0006361323155216285,0.04831824691667014,8.802672840312818,0.6931471805599453,2.8903717578961645,10.293546054911756,8.802672840312818,7.360739903058278,2.0186487050933315,4.343237522356629,False,False,False,False,True,False
6.565153699124991,6112.369742419302,0,0,0,0,0,0,0,0.00032605151613955004,0.02382684156404404,7.455876687491824,0.6931471805599453,3.9512437185814275,10.055312702977822,7.455876687491824,8.028781162487148,1.9991152142115904,4.305104054336589,False,False,False,True,False,False
6.842580450072461,41763.20315581854,0,0,0,0,0,0,0,0.003663003663003663,0.023820178959157626,10.034384227337895,2.6390573296152584,3.6888794541139363,10.432436080139226,7.46996111643501,8.174702882469461,2.0644946046636603,4.44895856034081,False,False,False,False,False,True
6.786000370687271,41763.20315581854,0,0,0,0,0,0,0,0.0070442378134685825,0.022155264090747962,8.685077700412423,3.258096538021482,2.3978952727983707,9.939591632397473,5.470251830455505,8.174702882469461,2.0644946046636603,4.377378753213772,False,False,False,False,False,True
6.756666247949616,7640.563613231552,0,0,0,0,0,0,0,0.0006361323155216285,0.038927499905054876,8.191463051326927,0.6931471805599453,4.48863636973214,10.418346234180893,8.191463051326927,7.360739903058278,2.0186487050933315,4.1302590120314875,False,False,False,False,True,False
6.751797143671785,6112.369742419302,0,0,0,0,0,0,0,0.00032605151613955004,0.02639464654463024,6.51025834052315,0.6931471805599453,3.091042453358316,10.176166295747496,6.51025834052315,8.028781162487148,1.9991152142115904,4.406138358488116,False,False,False,True,False,False
6.833165574598927,41763.20315581854,0,0,0,0,0,0,0,0.013524936601859678,0.022541561003099463,6.536691597591305,3.8918202981106265,3.044522437723423,10.444610916722178,2.7313868812814457,8.174702882469461,2.0644946046636603,4.394449154672439,False,False,False,False,False,True
6.918834197697669,7640.563613231552,0,0,0,0,0,0,0,0.0006361323155216285,0.04240882103477523,5.7899601708972535,0.6931471805599453,2.5649493574615367,10.692107044731307,5.7899601708972535,7.360739903058278,2.0186487050933315,4.214593690373677,False,False,False,False,True,False
6.8625170368215365,6112.369742419302,0,0,0,0,0,0,0,0.0006521030322791001,0.02535956236640945,6.975413927455952,1.0986122886681098,2.6390573296152584,10.44410125903874,6.283200889887803,8.028781162487148,1.9991152142115904,4.366630949195908,False,False,False,True,False,False
6.7922664375393,7640.563613231552,0,0,0,0,0,0,0,0.0006361323155216285,0.03809803428124039,8.693831965074693,0.6931471805599453,3.4339872044851463,10.242655485504276,8.693831965074693,7.360739903058278,2.0186487050933315,4.1090707623505,False,False,False,False,True,False
6.538328910164762,6112.369742419302,0,0,0,0,0,0,0,0.00097815454841865,0.022724802640029247,7.25063551189868,1.3862943611198906,3.2188758248682006,10.052646652201052,6.153441663184704,8.028781162487148,1.9991152142115904,4.25840271055495,False,False,False,True,False,False
6.797748455259158,7640.563613231552,0,0,0,0,0,0,0,0.001272264631043257,0.03887475261521063,7.8504931808711405,1.0986122886681098,2.9444389791664403,10.361544568828299,7.157735484249907,7.360739903058278,2.0186487050933315,4.12892489581888,False,False,False,False,True,False
5.558589488847307,41763.20315581854,0,0,0,0,0,0,0,0.022541561003099463,0.0,3.6635616461296463,4.394449154672439,2.772588722239781,5.858417164315927,0.38865798979178323,8.174702882469461,2.0644946046636603,0.0,False,False,False,False,False,True
6.890338018266329,41763.20315581854,0,0,0,0,0,0,0,0.04170188785573401,0.024570329808365234,12.961856539938093,5.003946305945459,3.1354942159291497,10.521209139977445,7.964989393716117,8.174702882469461,2.0644946046636603,4.479608102353232,False,False,False,False,False,True
6.716224756106464,7640.563613231552,0,0,0,0,0,0,0,0.0006361323155216285,0.03583844031107766,7.639161171659173,0.6931471805599453,3.7376696182833684,10.13501157497399,7.639161171659173,7.360739903058278,2.0186487050933315,4.048964071461663,False,False,False,False,True,False
6.40169871215857,41763.20315581854,0,0,0,0,0,0,0,0.014370245139475908,0.0,4.634728988229636,3.9512437185814275,3.258096538021482,9.324495915651033,1.0986122886681098,8.174702882469461,2.0644946046636603,0.0,False,False,False,False,False,True
5.775788441476067,1266.400447427293,0,0,0,0,0,0,0,0.0022371364653243847,0.15979546180888463,5.117993812416755,0.6931471805599453,2.6390573296152584,8.653460843742746,5.117993812416755,6.104793232414985,1.8852953146630171,4.28260085453587,False,True,False,False,False,False
4.9263479368027125,10412.863802559415,0,0,0,0,0,0,0,0.0004570383912248629,0.03515679932498946,7.77779262633883,0.6931471805599453,1.791759469228055,8.362349991150289,7.77779262633883,7.691200097522863,1.9906184714459416,4.355722146787147,True,False,False,False,False,False
6.847811481640239,10412.863802559415,0,0,0,0,0,0,0,0.0004570383912248629,0.0,6.244166900663736,0.6931471805599453,3.295836866004329,10.357446243211141,6.244166900663736,7.691200097522863,1.9906184714459416,0.0,True,False,False,False,False,False
6.40169871215857,10412.863802559415,0,0,0,0,0,0,0,0.0004570383912248629,0.0,4.477336814478207,0.6931471805599453,3.4011973816621555,9.324495915651033,4.477336814478207,7.691200097522863,1.9906184714459416,0.0,True,False,False,False,False,False
6.810042529424079,7640.563613231552,0,0,0,0,0,0,0,0.0006361323155216285,0.0,4.219507705176107,0.6931471805599453,3.6375861597263857,10.047568209938474,4.219507705176107,7.360739903058278,2.0186487050933315,0.0,False,False,False,False,True,False
6.844614966234576,7640.563613231552,0,0,0,0,0,0,0,0.0006361323155216285,0.04284829068280399,8.988695696785708,0.6931471805599453,3.784189633918261,10.253585385671725,8.988695696785708,7.360739903058278,2.0186487050933315,4.224751475978891,False,False,False,False,True,False
6.924404576262872,41763.20315581854,0,0,0,0,0,0,0,0.007326007326007326,0.02150912309456056,8.471777327885755,3.295836866004329,3.4657359027997265,10.25438432087725,5.218899463643342,8.174702882469461,2.0644946046636603,4.348157985852526,False,False,False,False,False,True
5.879225467208256,1266.400447427293,0,0,0,0,0,0,0,0.0022371364653243847,0.18303843807199513,6.068425588244111,0.6931471805599453,2.6390573296152584,8.024343613012375,6.068425588244111,6.104793232414985,1.8852953146630171,4.4166476244615875,False,True,False,False,False,False
5.558589488847307,7640.563613231552,0,0,0,0,0,0,0,0.0006361323155216285,0.0,4.700480365792417,0.6931471805599453,3.4965075614664802,5.858417164315927,4.700480365792417,7.360739903058278,2.0186487050933315,0.0,False,False,False,False,True,False
6.896957847601546,41763.20315581854,0,0,0,0,0,0,0,0.0033812341504649195,0.022762706222683324,11.504227749267033,2.5649493574615367,3.5263605246161616,10.678685911564425,9.019432054244906,8.174702882469461,2.0644946046636603,4.404091949967383,False,False,False,False,False,True
6.241442385702294,6112.369742419302,0,0,0,0,0,0,0,0.0006521030322791001,0.026249910197675638,8.144098463338524,1.0986122886681098,3.2188758248682006,9.194091527769046,7.451241684987676,8.028781162487148,1.9991152142115904,4.400706997371943,False,False,False,True,False,False
6.195191110040243,6112.369742419302,0,0,0,0,0,0,0,0.00032605151613955004,0.02589232628167015,6.966967138613983,0.6931471805599453,3.1354942159291497,7.8686083776014435,6.966967138613983,8.028781162487148,1.9991152142115904,4.387160492667733,False,False,False,True,False,False
6.677693639525605,7640.563613231552,0,0,0,0,0,0,0,0.0006361323155216285,0.01817520901490367,5.5909869805108565,0.6931471805599453,3.2188758248682006,9.328032216867232,5.5909869805108565,7.360739903058278,2.0186487050933315,3.386808644210056,False,False,False,False,True,False
6.5688617939358425,10412.863802559415,0,0,0,0,0,0,0,0.0004570383912248629,0.030469226081657523,5.303304908059076,0.6931471805599453,4.007333185232471,9.70046089726813,5.303304908059076,7.691200097522863,1.9906184714459416,4.214593690373677,True,False,False,False,False,False
6.854737049232033,41763.20315581854,0,0,0,0,0,0,0,0.003663003663003663,0.02311990451520943,12.335705197543707,2.6390573296152584,2.9444389791664403,10.614934524323477,9.770808543781982,8.174702882469461,2.0644946046636603,4.419473433116535,False,False,False,False,False,True
6.828181518013834,41763.20315581854,0,0,0,0,0,0,0,0.0033812341504649195,0.02191291189145924,10.288817978223912,2.5649493574615367,2.8903717578961645,10.583404495975035,7.804285382678137,8.174702882469461,2.0644946046636603,4.366518557443096,False,False,False,False,False,True
6.510263751421897,7640.563613231552,0,0,0,0,0,0,0,0.0006361323155216285,0.0,4.394449154672439,0.6931471805599453,2.1972245773362196,9.93043086016947,4.394449154672439,7.360739903058278,2.0186487050933315,0.0,False,False,False,False,True,False
6.829036948424544,7640.563613231552,0,0,0,0,0,0,0,0.0006361323155216285,0.031806615776081425,4.882801922586371,0.6931471805599453,3.091042453358316,9.778151955140352,4.882801922586371,7.360739903058278,2.0186487050933315,3.9318256327243257,False,False,False,False,True,False
6.767541224610549,41763.20315581854,0,0,0,0,0,0,0,0.003663003663003663,0.022674381648740624,9.821246597152218,2.6390573296152584,2.6390573296152584,10.355922751208103,7.256948458034637,8.174702882469461,2.0644946046636603,4.400251798715393,False,False,False,False,False,True
4.9263479368027125,10412.863802559415,0,0,0,0,0,0,0,0.0004570383912248629,0.04570383912248629,5.123963979403259,0.6931471805599453,3.044522437723423,8.362349991150289,5.123963979403259,7.691200097522863,1.9906184714459416,4.61512051684126,True,False,False,False,False,False
6.539790061165907,1266.400447427293,0,0,0,0,0,0,0,0.0022371364653243847,0.07457121551081282,5.087596335232384,0.6931471805599453,2.8903717578961645,9.60213013857898,5.087596335232384,6.104793232414985,1.8852953146630171,3.536116699561526,False,True,False,False,False,False
6.344574445476438,6112.369742419302,0,0,0,0,0,0,0,0.0013042060645582002,0.022416041734594067,7.236339342754344,1.6094379124341003,2.772588722239781,9.857905976621545,5.8522024797744745,8.028781162487148,1.9991152142115904,4.244917420701475,False,False,False,True,False,False
6.994259435877038,41763.20315581854,0,0,0,0,0,0,0,0.003663003663003663,0.02248052789569035,8.859931469616097,2.6390573296152584,2.8903717578961645,10.46067861644009,6.29668424022509,8.174702882469461,2.0644946046636603,4.391771418435934,False,False,False,False,False,True
6.63330512849358,41763.20315581854,0,0,0,0,0,0,0,0.01098901098901099,0.019076321035231686,9.117786390365575,3.6888794541139363,2.772588722239781,10.160368737033211,5.458384575083941,8.174702882469461,2.0644946046636603,4.229776321917791,False,False,False,False,False,True
6.865701549139159,6112.369742419302,0,0,0,0,0,0,0,0.0013042060645582002,0.016302575806977502,5.53338948872752,1.6094379124341003,2.995732273553991,10.28771863510503,4.1588830833596715,8.028781162487148,1.9991152142115904,3.9318256327243257,False,False,False,True,False,False
6.195191110040243,6112.369742419302,0,0,0,0,0,0,0,0.0006521030322791001,0.022124924309469468,7.580189417944541,1.0986122886681098,2.8903717578961645,7.8686083776014435,6.887552571664617,8.028781162487148,1.9991152142115904,4.232033964995287,False,False,False,True,False,False
5.558589488847307,10412.863802559415,0,0,0,0,0,0,0,0.0004570383912248629,0.04570383912248629,4.110873864173311,0.6931471805599453,2.8903717578961645,5.858417164315927,4.110873864173311,7.691200097522863,1.9906184714459416,4.61512051684126,True,False,False,False,False,False
6.9295622616442225,41763.20315581854,0,0,0,0,0,0,0,0.007326007326007326,0.02155779675673575,9.367771379925012,3.295836866004329,2.9444389791664403,10.347169703524653,6.111808403626039,8.174702882469461,2.0644946046636603,4.3503891648784085,False,False,False,False,False,True
6.635415443929664,41763.20315581854,0,0,0,0,0,0,0,0.003663003663003663,0.022158573316153597,8.914760527397261,2.6390573296152584,3.091042453358316,10.320263636488697,6.351422557420157,8.174702882469461,2.0644946046636603,4.377526231773114,False,False,False,False,False,True
6.753194764148832,7640.563613231552,0,0,0,0,0,0,0,0.0019083969465648854,0.048258313591295954,7.459914766241105,1.3862943611198906,3.2188758248682006,10.250020924035065,6.362453225686173,7.360739903058278,2.0186487050933315,4.342012503399395,False,False,False,False,True,False
6.195191110040243,6112.369742419302,0,0,0,0,0,0,0,0.0006521030322791001,0.023755181890167214,7.5411524551363085,1.0986122886681098,3.4965075614664802,7.8686083776014435,6.848535919322166,8.028781162487148,1.9991152142115904,4.302132725453116,False,False,False,True,False,False
6.22747829422649,10412.863802559415,0,0,0,0,0,0,0,0.0004570383912248629,0.03237355271176112,7.725771441587952,0.6931471805599453,1.9459101490553132,8.715280860702519,7.725771441587952,7.691200097522863,1.9906184714459416,4.274348620875693,True,False,False,False,False,False
6.7386854344927904,10412.863802559415,0,0,0,0,0,0,0,0.0004570383912248629,0.0,4.51085950651685,0.6931471805599453,2.3978952727983707,10.145869480287827,4.51085950651685,7.691200097522863,1.9906184714459416,0.0,True,False,False,False,False,False
6.772409865396259,10412.863802559415,0,0,0,0,0,0,0,0.0004570383912248629,0.03656307129798903,5.293304824724492,0.6931471805599453,3.8066624897703196,9.86904896085482,5.293304824724492,7.691200097522863,1.9906184714459416,4.394449154672439,True,False,False,False,False,False
6.817531173385809,6112.369742419302,0,0,0,0,0,0,0,0.0006521030322791001,0.025271813015660626,9.523105224795426,1.0986122886681098,2.772588722239781,10.447580971721933,8.830031183749137,8.028781162487148,1.9991152142115904,4.363208816411707,False,False,False,True,False,False
6.26522859704693,10412.863802559415,0,0,0,0,0,0,0,0.0004570383912248629,0.01881922787396494,5.8944028342648505,0.6931471805599453,3.258096538021482,8.33775665141873,5.8944028342648505,7.691200097522863,1.9906184714459416,3.741862496543404,True,False,False,False,False,False
6.399873427982331,6112.369742419302,0,0,0,0,0,0,0,0.00489077274209325,0.020378219758721876,7.347299700743164,2.772588722239781,3.5263605246161616,10.267445377321462,4.648229675448539,8.028781162487148,1.9991152142115904,4.151039905898646,False,False,False,True,False,False
6.8569287506609085,41763.20315581854,0,0,0,0,0,0,0,0.0507185122569738,0.02246141698007198,11.216296824393542,5.198497031265826,3.332204510175204,10.407710774519117,6.0257451935848145,8.174702882469461,2.0644946046636603,4.390931479373488,False,False,False,False,False,True
4.9263479368027125,10412.863802559415,0,0,0,0,0,0,0,0.0004570383912248629,0.04570383912248629,5.3981627015177525,0.6931471805599453,2.70805020110221,8.362349991150289,5.3981627015177525,7.691200097522863,1.9906184714459416,4.61512051684126,True,False,False,False,False,False
6.5004185244497705,10412.863802559415,0,0,0,0,0,0,0,0.0004570383912248629,0.0,5.1647859739235145,0.6931471805599453,3.091042453358316,9.91128039696677,5.1647859739235145,7.691200097522863,1.9906184714459416,0.0,True,False,False,False,False,False
6.20715799971213,10412.863802559415,0,0,0,0,0,0,0,0.0004570383912248629,0.03264559937320449,5.62040086571715,0.6931471805599453,2.8903717578961645,9.847465822742766,5.62040086571715,7.691200097522863,1.9906184714459416,4.28260085453587,True,False,False,False,False,False
6.782509721769988,4092.5737704918033,0,0,0,0,0,0,0,0.02028557651330041,0.0,5.726847747587197,2.5933276030091386,2.0794415416798357,10.284034997095885,3.2476136306812955,6.415096959171596,1.8969222823803258,0.0,False,False,True,False,False,False
6.836389593533809,41763.20315581854,0,0,0,0,0,0,0,0.0034866727734892224,0.0,10.038499099192006,2.5933276030091386,3.4339872044851463,10.700608520237367,7.5233820659869695,8.174702882469461,2.0644946046636603,0.0,False,False,False,False,False,True
6.744524531479761,41763.20315581854,0,0,0,0,0,0,0,0.0033812341504649195,0.02221311801302363,9.390576422279116,2.5649493574615367,2.6390573296152584,10.225216783767557,6.90658793123013,8.174702882469461,2.0644946046636603,4.379953935969995,False,False,False,False,False,True
6.726881389735055,41763.20315581854,0,0,0,0,0,0,0,0.01098901098901099,0.02191540653079115,6.837332814685591,3.6888794541139363,2.302585092994046,9.920300326844044,3.213734425367782,8.174702882469461,2.0644946046636603,4.366630949195908,False,False,False,False,False,True
6.795116253480846,41763.20315581854,0,0,0,0,0,0,0,0.0033812341504649195,0.023074038822070316,11.887718284474271,2.5649493574615367,2.6390573296152584,10.205608343832958,9.402887249312926,8.174702882469461,2.0644946046636603,4.417511577792734,False,False,False,False,False,True
6.48976219033308,10412.863802559415,0,0,0,0,0,0,0,0.0004570383912248629,0.030469226081657523,5.713732805509369,0.6931471805599453,4.143134726391533,9.485106768895054,5.713732805509369,7.691200097522863,1.9906184714459416,4.214593690373677,True,False,False,False,False,False
6.439627965757445,7640.563613231552,0,0,0,0,0,0,0,0.007871629563049142,0.0,3.6109179126442243,2.5933276030091386,3.1780538303479458,9.894579744052168,1.3633528532221548,7.360739903058278,2.0186487050933315,0.0,False,False,False,False,True,False
6.48976219033308,10412.863802559415,0,0,0,0,0,0,0,0.0004570383912248629,0.027422303473491772,5.4510384535657,0.6931471805599453,3.9318256327243257,9.485106768895054,5.4510384535657,7.691200097522863,1.9906184714459416,4.110873864173311,True,False,False,False,False,False
6.885145721113196,6112.369742419302,0,0,0,0,0,0,0,0.0006521030322791001,0.0268659795186415,9.286930974137896,1.0986122886681098,2.70805020110221,10.498464106008882,8.593876416187195,8.028781162487148,1.9991152142115904,4.4236238388455575,False,False,False,True,False,False
6.857895302344157,41763.20315581854,0,0,0,0,0,0,0,0.003663003663003663,0.023066672340283416,12.03459013347708,2.6390573296152584,3.258096538021482,10.464894730705597,9.469711997282243,8.174702882469461,2.0644946046636603,4.417196125480859,False,False,False,False,False,True
6.647216812257822,4092.5737704918033,0,0,0,0,0,0,0,0.003278688524590164,0.10928961748633878,5.375278407684165,1.0986122886681098,2.995732273553991,9.684024391390732,4.686750172980514,6.415096959171596,1.8969222823803258,4.214593690373677,False,False,True,False,False,False
6.866956441127071,41763.20315581854,0,0,0,0,0,0,0,0.006762468300929839,0.021582345641265446,9.433963808127244,3.2188758248682006,4.110873864173311,10.358395591857708,6.257747405897607,8.174702882469461,2.0644946046636603,4.351512589098622,False,False,False,False,False,True
6.818832487090081,41763.20315581854,0,0,0,0,0,0,0,0.007326007326007326,0.02069548488646632,9.277905558138606,3.295836866004329,3.258096538021482,10.348153790947142,6.022142961334368,8.174702882469461,2.0644946046636603,4.310104600528334,False,False,False,False,False,True
6.873638248781112,41763.20315581854,0,0,0,0,0,0,0,0.0033812341504649195,0.02299390001988407,9.76445534384057,2.5649493574615367,2.1972245773362196,10.30091191466345,7.280180533012102,8.174702882469461,2.0644946046636603,4.414074462575849,False,False,False,False,False,True
6.771794995579909,7640.563613231552,0,0,0,0,0,0,0,0.003816793893129771,0.048577376821651634,8.21959545417708,1.9459101490553132,3.7612001156935624,10.285048044267723,6.429181699053334,7.360739903058278,2.0186487050933315,4.348516855775004,False,False,False,False,True,False
5.558589488847307,10412.863802559415,0,0,0,0,0,0,0,0.0004570383912248629,0.022851919561243144,4.31748811353631,0.6931471805599453,3.044522437723423,5.858417164315927,4.31748811353631,7.691200097522863,1.9906184714459416,3.9318256327243257,True,False,False,False,False,False
6.62799810652082,10412.863802559415,0,0,0,0,0,0,0,0.0004570383912248629,0.0,4.204692619390966,0.6931471805599453,3.713572066704308,9.876168534673917,4.204692619390966,7.691200097522863,1.9906184714459416,0.0,True,False,False,False,False,False
6.8299950888187055,41763.20315581854,0,0,0,0,0,0,0,0.0033812341504649195,0.023008398065293832,9.413199579987685,2.5649493574615367,3.1354942159291497,10.250881180218158,6.929190559702202,8.174702882469461,2.0644946046636603,4.414697152804478,False,False,False,False,False,True
6.530004759786913,6112.369742419302,0,0,0,0,0,0,0,0.0006521030322791001,0.024479257130726344,9.814984153944724,1.0986122886681098,3.8501476017100584,9.769799840470803,9.12189159879107,8.028781162487148,1.9991152142115904,4.3317575737372,False,False,False,True,False,False
5.775788441476067,41763.20315581854,0,0,0,0,0,0,0,0.00422654268808115,0.0,4.04305126783455,2.772588722239781,2.995732273553991,8.653460843742746,1.5546296759391054,8.174702882469461,2.0644946046636603,0.0,False,False,False,False,False,True
5.879225467208256,1266.400447427293,0,0,0,0,0,0,0,0.0022371364653243847,0.22371364653243847,4.5217885770490405,0.6931471805599453,2.0794415416798357,8.024343613012375,4.5217885770490405,6.104793232414985,1.8852953146630171,4.61512051684126,False,True,False,False,False,False
6.8858591713145785,41763.20315581854,0,0,0,0,0,0,0,0.0070442378134685825,0.021112295359787,9.698859035219632,3.258096538021482,2.772588722239781,10.341296115229174,6.481454610285835,8.174702882469461,2.0644946046636603,4.32977941481096,False,False,False,False,False,True
6.901913240256757,4092.5737704918033,0,0,0,0,0,0,0,0.001639344262295082,0.05464480874316939,4.553876891600541,0.6931471805599453,3.2188758248682006,10.503296957042991,4.553876891600541,6.415096959171596,1.8969222823803258,3.536116699561526,False,False,True,False,False,False
6.737398107708471,10412.863802559415,0,0,0,0,0,0,0,0.0004570383912248629,0.03264559937320449,6.126869184114185,0.6931471805599453,4.04305126783455,9.956004804270933,6.126869184114185,7.691200097522863,1.9906184714459416,4.28260085453587,True,False,False,False,False,False
6.5594204117934085,41763.20315581854,0,0,0,0,0,0,0,0.007326007326007326,0.0,3.2188758248682006,3.295836866004329,3.044522437723423,9.2382748159785,0.653926467406664,8.174702882469461,2.0644946046636603,0.0,False,False,False,False,False,True
6.7386854344927904,7640.563613231552,0,0,0,0,0,0,0,0.0006361323155216285,0.0,5.950642552587727,0.6931471805599453,3.6635616461296463,10.145869480287827,5.950642552587727,7.360739903058278,2.0186487050933315,0.0,False,False,False,False,True,False
6.753521942380167,10412.863802559415,0,0,0,0,0,0,0,0.0004570383912248629,0.037202925045703834,10.107407508882579,0.6931471805599453,2.4849066497880004,10.318107198435218,10.107407508882579,7.691200097522863,1.9906184714459416,4.411585436915426,True,False,False,False,False,False
6.5264888547538815,41763.20315581854,0,0,0,0,0,0,0,0.008171315863623557,0.02817695125387433,5.337538079701318,3.4011973816621555,3.332204510175204,9.75745455496221,2.096535975039136,8.174702882469461,2.0644946046636603,4.61512051684126,False,False,False,False,False,True
6.289007148338809,41763.20315581854,0,0,0,0,0,0,0,0.10284587207664131,0.0,4.276666119016055,5.902633333401366,2.8903717578961645,7.921587131345857,0.1777448897665428,8.174702882469461,2.0644946046636603,0.0,False,False,False,False,False,True
6.741188923304879,7640.563613231552,0,0,0,0,0,0,0,0.0006361323155216285,0.04240882103477523,5.733341276897746,0.6931471805599453,3.713572066704308,10.393430452445582,5.733341276897746,7.360739903058278,2.0186487050933315,4.214593690373677,False,False,False,False,True,False
6.788310729601363,10412.863802559415,0,0,0,0,0,0,0,0.0004570383912248629,0.0,3.9318256327243257,0.6931471805599453,3.5263605246161616,9.914078482087426,3.9318256327243257,7.691200097522863,1.9906184714459416,0.0,True,False,False,False,False,False
6.714008191957947,6112.369742419302,0,0,0,0,0,0,0,0.00032605151613955004,0.0,3.9318256327243257,0.6931471805599453,3.4339872044851463,9.659615147016542,3.9318256327243257,8.028781162487148,1.9991152142115904,0.0,False,False,False,True,False,False
6.8321474822402575,7640.563613231552,0,0,0,0,0,0,0,0.0019083969465648854,0.06361323155216285,5.2832037287379885,1.3862943611198906,3.912023005428146,10.197229998175388,4.194692536056382,7.360739903058278,2.0186487050933315,4.61512051684126,False,False,False,False,True,False
6.7246875,41763.20315581854,0,0,0,0,0,0,0,0.01803324880247957,0.018062148239663033,8.136810863675537,4.174387269895637,3.1354942159291497,9.71054163152955,3.996191804451767,8.174702882469461,2.0644946046636603,4.175963935575032,False,False,False,False,False,True
6.7842301997157435,41763.20315581854,0,0,0,0,0,0,0,0.007326007326007326,0.023891483382562646,8.705662478796427,3.295836866004329,2.3978952727983707,10.055566237327685,5.451698519596267,8.174702882469461,2.0644946046636603,4.451912643316748,False,False,False,False,False,True
6.195191110040243,6112.369742419302,0,0,0,0,0,0,0,0.0006521030322791001,0.020627748980257248,7.591357046698551,1.0986122886681098,3.1354942159291497,7.8686083776014435,6.898714534329988,8.028781162487148,1.9991152142115904,4.163019922990398,False,False,False,True,False,False
6.845532650796314,4092.5737704918033,0,0,0,0,0,0,0,0.02622950819672131,0.11375041820006691,7.609862200913554,2.833213344056216,3.6109179126442243,10.403572955571182,4.844679091388565,6.415096959171596,1.8969222823803258,4.254019314826214,False,False,True,False,False,False
5.558589488847307,7640.563613231552,0,0,0,0,0,0,0,0.0006361323155216285,0.0,4.248495242049359,0.6931471805599453,3.1354942159291497,5.858417164315927,4.248495242049359,7.360739903058278,2.0186487050933315,0.0,False,False,False,False,True,False
6.701702105786107,6112.369742419302,0,0,0,0,0,0,0,0.00097815454841865,0.022171503097489404,6.856461984594587,1.3862943611198906,2.1972245773362196,10.523709448161823,5.759952746123256,8.028781162487148,1.9991152142115904,4.23410650459726,False,False,False,True,False,False
6.192033733782523,10412.863802559415,0,0,0,0,0,0,0,0.0004570383912248629,0.0,3.8501476017100584,0.6931471805599453,2.4849066497880004,9.566331310956217,3.8501476017100584,7.691200097522863,1.9906184714459416,0.0,True,False,False,False,False,False
6.727596654717186,41763.20315581854,0,0,0,0,0,0,0,0.0033812341504649195,0.022762236183332858,10.733566587591218,2.5649493574615367,2.9444389791664403,10.361095253547616,8.248899717207316,8.174702882469461,2.0644946046636603,4.404071552708203,False,False,False,False,False,True
6.301036379522414,6112.369742419302,0,0,0,0,0,0,0,0.0006521030322791001,0.013832488563496063,6.859614903654202,1.0986122886681098,2.9444389791664403,9.344514804630203,6.1675164908883415,8.028781162487148,1.9991152142115904,3.771017866361692,False,False,False,True,False,False
6.794607080130419,10412.863802559415,0,0,0,0,0,0,0,0.0004570383912248629,0.0,4.795790545596741,0.6931471805599453,2.4849066497880004,9.797980786126336,4.795790545596741,7.691200097522863,1.9906184714459416,0.0,True,False,False,False,False,False
6.5440745508401115,41763.20315581854,0,0,0,0,0,0,0,0.0039447731755424065,0.02817695125387433,4.955827057601261,2.70805020110221,2.995732273553991,10.205752527857934,2.404367787303988,8.174702882469461,2.0644946046636603,4.61512051684126,False,False,False,False,False,True
6.069017455652553,41763.20315581854,0,0,0,0,0,0,0,0.01098901098901099,0.025210956385045453,7.356279876550748,3.6888794541139363,2.995732273553991,9.798178503614945,3.7166941422968134,8.174702882469461,2.0644946046636603,4.505059026216409,False,False,False,False,False,True
6.726830671522143,6112.369742419302,0,0,0,0,0,0,0,0.0013042060645582002,0.024151964158485188,7.016609683894219,1.6094379124341003,3.58351893845611,10.440446432636953,5.633002292595154,8.028781162487148,1.9991152142115904,4.318475280447671,False,False,False,True,False,False
6.548792989998894,6112.369742419302,0,0,0,0,0,0,0,0.00032605151613955004,0.0,4.2626798770413155,0.6931471805599453,2.772588722239781,9.223228522439266,4.2626798770413155,8.028781162487148,1.9991152142115904,0.0,False,False,False,True,False,False
6.87689765372928,41763.20315581854,0,0,0,0,0,0,0,0.0033812341504649195,0.0,10.961954700899811,2.5649493574615367,3.295836866004329,10.621760522163289,8.477238875909205,8.174702882469461,2.0644946046636603,0.0,False,False,False,False,False,True
6.818850027557036,10412.863802559415,0,0,0,0,0,0,0,0.0004570383912248629,0.037347540178449615,9.387984339219026,0.6931471805599453,3.6109179126442243,10.401186759828693,9.387984339219026,7.691200097522863,1.9906184714459416,4.415418106031957,True,False,False,False,False,False
6.195191110040243,6112.369742419302,0,0,0,0,0,0,0,0.0006521030322791001,0.02535956236640945,7.318539548567902,1.0986122886681098,1.6094379124341003,7.8686083776014435,6.626055278207904,8.028781162487148,1.9991152142115904,4.366630949195908,False,False,False,True,False,False
6.932573917324494,10412.863802559415,0,0,0,0,0,0,0,0.0004570383912248629,0.038050345872758774,11.212212187308628,0.6931471805599453,2.772588722239781,10.391045234232195,11.212212187308628,7.691200097522863,1.9906184714459416,4.433837906526894,True,False,False,False,False,False
5.879225467208256,1266.400447427293,0,0,0,0,0,0,0,0.0022371364653243847,0.1789709172259508,6.230481447578482,0.6931471805599453,3.044522437723423,8.024343613012375,6.230481447578482,6.104793232414985,1.8852953146630171,4.394449154672439,False,True,False,False,False,False
6.195191110040243,6112.369742419302,0,0,0,0,0,0,0,0.0006521030322791001,0.02328939400996786,6.9782137426306985,1.0986122886681098,3.5263605246161616,7.8686083776014435,6.285998094508865,8.028781162487148,1.9991152142115904,4.28260085453587,False,False,False,True,False,False
6.87869123882592,7640.563613231552,0,0,0,0,0,0,0,0.0006361323155216285,0.045593944531074314,10.770335907596417,0.6931471805599453,3.7376696182833684,10.102764232722187,10.770335907596417,7.360739903058278,2.0186487050933315,4.285979294272606,False,False,False,False,True,False
6.817997843734242,41763.20315581854,0,0,0,0,0,0,0,0.014370245139475908,0.024054032721421672,11.646258087841353,3.9512437185814275,2.1972245773362196,10.157720743143416,7.714869946374179,8.174702882469461,2.0644946046636603,4.45861448266736,False,False,False,False,False,True
6.887649747437717,41763.20315581854,0,0,0,0,0,0,0,0.0034866727734892224,0.0,7.1731917424865985,2.5933276030091386,2.302585092994046,10.624595076613407,4.666262673030941,8.174702882469461,2.0644946046636603,0.0,False,False,False,False,False,True
6.599003610218512,41763.20315581854,0,0,0,0,0,0,0,0.06677937447168217,0.022541561003099463,5.6131281063880705,5.472270673671475,2.6390573296152584,9.838823053944665,0.7663505845832402,8.174702882469461,2.0644946046636603,4.394449154672439,False,False,False,False,False,True
6.335340516815215,41763.20315581854,0,0,0,0,0,0,0,0.006198929275852353,0.020931449502878077,7.7406644019172415,3.1354942159291497,2.4849066497880004,9.321823180451121,4.658710952916121,8.174702882469461,2.0644946046636603,4.321290399486049,False,False,False,False,False,True
6.6658924439485645,10412.863802559415,0,0,0,0,0,0,0,0.0004570383912248629,0.04570383912248629,4.836281906951478,0.6931471805599453,2.1972245773362196,10.349466423357162,4.836281906951478,7.691200097522863,1.9906184714459416,4.61512051684126,True,False,False,False,False,False
6.7296099473643425,6112.369742419302,0,0,0,0,0,0,0,0.0006521030322791001,0.02758897444257731,8.35936910622267,1.0986122886681098,2.833213344056216,10.440245085194006,7.666456090281521,8.028781162487148,1.9991152142115904,4.449864993814008,False,False,False,True,False,False
6.816742595707507,41763.20315581854,0,0,0,0,0,0,0,0.0033812341504649195,0.02318126010869132,12.44722898804502,2.5649493574615367,3.044522437723423,10.440375624130201,9.962365551855955,8.174702882469461,2.0644946046636603,4.422091848416733,False,False,False,False,False,True
6.764465840959698,10412.863802559415,0,0,0,0,0,0,0,0.0004570383912248629,0.03606802004250369,10.335756863396343,0.6931471805599453,3.091042453358316,10.329557543516108,10.335756863396343,7.691200097522863,1.9906184714459416,4.380986442023516,True,False,False,False,False,False
6.5970797128209036,4092.5737704918033,0,0,0,0,0,0,0,0.001639344262295082,0.16393442622950818,5.733341276897746,0.6931471805599453,2.8903717578961645,10.305502616439773,5.733341276897746,6.415096959171596,1.8969222823803258,4.61512051684126,False,False,True,False,False,False
5.879225467208256,1266.400447427293,0,0,0,0,0,0,0,0.0022371364653243847,0.14475588893275432,5.697093486505405,0.6931471805599453,2.833213344056216,8.024343613012375,5.697093486505405,6.104793232414985,1.8852953146630171,4.185188455012985,False,True,False,False,False,False
6.5004185244497705,10412.863802559415,0,0,0,0,0,0,0,0.0004570383912248629,0.030469226081657523,6.100318952020064,0.6931471805599453,3.044522437723423,9.91128039696677,6.100318952020064,7.691200097522863,1.9906184714459416,4.214593690373677,True,False,False,False,False,False
6.195191110040243,6112.369742419302,0,0,0,0,0,0,0,0.00032605151613955004,0.023475709162047602,7.596392304064196,0.6931471805599453,4.382026634673881,7.8686083776014435,7.596392304064196,8.028781162487148,1.9991152142115904,4.290459441148391,False,False,False,True,False,False
6.80976752544984,41763.20315581854,0,0,0,0,0,0,0,0.0030994646379261764,0.023148383899078986,10.675445913520363,2.4849066497880004,2.1972245773362196,10.243310206055328,8.277781667637656,8.174702882469461,2.0644946046636603,4.420689673820235,False,False,False,False,False,True
6.895121903671256,6112.369742419302,0,0,0,0,0,0,0,0.00032605151613955004,0.025422821372600244,11.165295208533015,0.6931471805599453,3.4011973816621555,10.645040371319482,11.165295208533015,8.028781162487148,1.9991152142115904,4.369090739972792,False,False,False,True,False,False
6.5004185244497705,41763.20315581854,0,0,0,0,0,0,0,0.003663003663003663,0.0,5.049856007249537,2.6390573296152584,3.295836866004329,9.91128039696677,2.559014621941722,8.174702882469461,2.0644946046636603,0.0,False,False,False,False,False,True
6.5264888547538815,10412.863802559415,0,0,0,0,0,0,0,0.0004570383912248629,0.0,4.770684624465665,0.6931471805599453,3.295836866004329,9.75745455496221,4.770684624465665,7.691200097522863,1.9906184714459416,0.0,True,False,False,False,False,False
6.872858132626364,41763.20315581854,0,0,0,0,0,0,0,0.003663003663003663,0.020389351661094995,8.556606193773073,2.6390573296152584,4.02535169073515,10.577265580467518,5.993961427306569,8.174702882469461,2.0644946046636603,4.295403487475488,False,False,False,False,False,True
6.8393549963377245,10412.863802559415,0,0,0,0,0,0,0,0.0004570383912248629,0.03518952506904197,9.530683226667511,0.6931471805599453,3.970291913552122,10.354711811512182,9.530683226667511,7.691200097522863,1.9906184714459416,4.35664063014713,True,False,False,False,False,False
6.817531173385809,41763.20315581854,0,0,0,0,0,0,0,0.0033812341504649195,0.0232266476610368,10.924804744277687,2.5649493574615367,2.3978952727983707,10.447580971721933,8.44009614103127,8.174702882469461,2.0644946046636603,4.424024408283149,False,False,False,False,False,True
4.9263479368027125,4092.5737704918033,0,0,0,0,0,0,0,0.001639344262295082,0.13114754098360656,5.181783550292085,0.6931471805599453,3.6109179126442243,8.362349991150289,5.181783550292085,6.415096959171596,1.8969222823803258,4.394449154672439,False,False,True,False,False,False
6.7921340428944,41763.20315581854,0,0,0,0,0,0,0,0.0033812341504649195,0.022672110584198497,11.583626210542947,2.5649493574615367,3.1780538303479458,10.36953170501716,9.098822046977627,8.174702882469461,2.0644946046636603,4.40015286327659,False,False,False,False,False,True
5.879225467208256,1266.400447427293,0,0,0,0,0,0,0,0.0022371364653243847,0.22371364653243847,4.948759890378168,0.6931471805599453,2.995732273553991,8.024343613012375,4.948759890378168,6.104793232414985,1.8852953146630171,4.61512051684126,False,True,False,False,False,False
6.289007148338809,10412.863802559415,0,0,0,0,0,0,0,0.0004570383912248629,0.04570383912248629,4.3694478524670215,0.6931471805599453,3.4339872044851463,7.921587131345857,4.3694478524670215,7.691200097522863,1.9906184714459416,4.61512051684126,True,False,False,False,False,False
6.927507291272787,6112.369742419302,0,0,0,0,0,0,0,0.0013042060645582002,0.026778985178018782,10.5368847286903,1.6094379124341003,3.044522437723423,10.5883564841346,9.150669982235472,8.028781162487148,1.9991152142115904,4.420419451621708,False,False,False,True,False,False
4.9263479368027125,10412.863802559415,0,0,0,0,0,0,0,0.0004570383912248629,0.04570383912248629,4.143134726391533,0.6931471805599453,2.302585092994046,8.362349991150289,4.143134726391533,7.691200097522863,1.9906184714459416,4.61512051684126,True,False,False,False,False,False
6.5004185244497705,7640.563613231552,0,0,0,0,0,0,0,0.002544529262086514,0.04983525052473588,8.473032295630468,1.6094379124341003,3.4339872044851463,9.91128039696677,7.0873648282726185,7.360739903058278,2.0186487050933315,4.373755193236013,False,False,False,False,True,False
6.4461173097348805,6112.369742419302,0,0,0,0,0,0,0,0.00097815454841865,0.019827457062540205,7.895436006942965,1.3862943611198906,2.6390573296152584,9.96307980421076,6.7975683199473815,8.028781162487148,1.9991152142115904,4.124078281378557,False,False,False,True,False,False
6.848669991490887,41763.20315581854,0,0,0,0,0,0,0,0.0033812341504649195,0.02271449309554896,12.057120098636698,2.5649493574615367,3.258096538021482,10.681181715597962,9.572277280796609,8.174702882469461,2.0644946046636603,4.401997581089183,False,False,False,False,False,True
6.393797237117623,10412.863802559415,0,0,0,0,0,0,0,0.0004570383912248629,0.03605924944939469,9.57644075656207,0.6931471805599453,3.5263605246161616,9.585589680262684,9.57644075656207,7.691200097522863,1.9906184714459416,4.380746287820491,True,False,False,False,False,False
6.836718312027337,10412.863802559415,0,0,0,0,0,0,0,0.0004570383912248629,0.03275441803778184,7.629975707027789,0.6931471805599453,4.07753744390572,10.267777652412327,7.629975707027789,7.691200097522863,1.9906184714459416,4.28588277412098,True,False,False,False,False,False
6.662948251583755,41763.20315581854,0,0,0,0,0,0,0,0.012961397576782193,0.009392317084624775,5.056245805348308,3.8501476017100584,3.091042453358316,10.093243666143405,1.4796263009121098,8.174702882469461,2.0644946046636603,3.536116699561526,False,False,False,False,False,True
6.801280536902643,10412.863802559415,0,0,0,0,0,0,0,0.0004570383912248629,0.03305954933643821,8.967886572127473,0.6931471805599453,2.5649493574615367,10.328941871970018,8.967886572127473,7.691200097522863,1.9906184714459416,4.295028356891095,True,False,False,False,False,False
6.665751557835978,7640.563613231552,0,0,0,0,0,0,0,0.001272264631043257,0.04240882103477523,8.855378246041125,1.0986122886681098,3.4011973816621555,10.27576755719141,8.162373667976965,7.360739903058278,2.0186487050933315,4.214593690373677,False,False,False,False,True,False
6.626533453023366,7640.563613231552,0,0,0,0,0,0,0,0.0006361323155216285,0.06361323155216285,5.247024072160486,0.6931471805599453,3.7612001156935624,9.563059716451976,5.247024072160486,7.360739903058278,2.0186487050933315,4.61512051684126,False,False,False,False,True,False
6.912720749983493,6112.369742419302,0,0,0,0,0,0,0,0.0013042060645582002,0.025859258176585003,7.601402334583733,1.6094379124341003,2.6390573296152584,10.369468764676839,6.2166061010848646,8.028781162487148,1.9991152142115904,4.385898439897867,False,False,False,True,False,False
6.912008603842257,41763.20315581854,0,0,0,0,0,0,0,0.0033812341504649195,0.024203278641148462,10.821616593683924,2.5649493574615367,2.1972245773362196,10.337197101855791,8.336929515731727,8.174702882469461,2.0644946046636603,4.464728525477405,False,False,False,False,False,True
6.530234432518193,6112.369742419302,0,0,0,0,0,0,0,0.00032605151613955004,0.013042060645582002,6.037870919922137,0.6931471805599453,2.3978952727983707,9.867788312912435,6.037870919922137,8.028781162487148,1.9991152142115904,3.713572066704308,False,False,False,True,False,False
6.510263751421897,10412.863802559415,0,0,0,0,0,0,0,0.0004570383912248629,0.0,4.532599493153256,0.6931471805599453,3.5553480614894135,9.93043086016947,4.532599493153256,7.691200097522863,1.9906184714459416,0.0,True,False,False,False,False,False
6.856363394035966,6112.369742419302,0,0,0,0,0,0,0,0.00032605151613955004,0.023695151948566348,10.484417429975034,0.6931471805599453,3.4965075614664802,10.48974757305085,10.484417429975034,8.028781162487148,1.9991152142115904,4.299636803139428,False,False,False,True,False,False
6.694036685098593,41763.20315581854,0,0,0,0,0,0,0,0.007326007326007326,0.02290457693949907,10.319199977095842,3.295836866004329,2.302585092994046,10.121249205782965,7.06192793658986,8.174702882469461,2.0644946046636603,4.410229464095328,False,False,False,False,False,True
6.779935390862401,41763.20315581854,0,0,0,0,0,0,0,0.0070442378134685825,0.0169061707523246,6.0112671744041615,3.258096538021482,3.367295829986474,10.184178129625463,2.8495497633759097,8.174702882469461,2.0644946046636603,4.110873864173311,False,False,False,False,False,True
6.5004185244497705,10412.863802559415,0,0,0,0,0,0,0,0.0004570383912248629,0.02437538086532602,6.679599185844383,0.6931471805599453,4.189654742026425,9.91128039696677,6.679599185844383,7.691200097522863,1.9906184714459416,3.9951379121386528,True,False,False,False,False,False
6.837738345581713,41763.20315581854,0,0,0,0,0,0,0,0.0033812341504649195,0.022717929401409855,10.566690856723001,2.5649493574615367,2.772588722239781,10.106203670125442,8.082067525889647,8.174702882469461,2.0644946046636603,4.402146998809938,False,False,False,False,False,True
6.902519202666535,10412.863802559415,0,0,0,0,0,0,0,0.0004570383912248629,0.028945764777574646,7.104144092987527,0.6931471805599453,2.3978952727983707,10.36629496429604,7.104144092987527,7.691200097522863,1.9906184714459416,4.164077900236776,True,False,False,False,False,False
6.865768885609287,10412.863802559415,0,0,0,0,0,0,0,0.0004570383912248629,0.03694088706394423,11.434963923500517,0.6931471805599453,2.833213344056216,10.178416135678578,11.434963923500517,7.691200097522863,1.9906184714459416,4.404603118328627,True,False,False,False,False,False
6.8081246080268905,41763.20315581854,0,0,0,0,0,0,0,0.003663003663003663,0.024194769706217575,12.217259834920737,2.6390573296152584,1.9459101490553132,10.352590103805612,9.652369808208368,8.174702882469461,2.0644946046636603,4.464380949531722,False,False,False,False,False,True
6.666474874898554,41763.20315581854,0,0,0,0,0,0,0,0.013524936601859678,0.013259741766529096,6.898714534329988,3.8918202981106265,3.1354942159291497,10.107563439479907,3.073850052817943,8.174702882469461,2.0644946046636603,3.872425750803787,False,False,False,False,False,True
6.9300812584009295,4092.5737704918033,0,0,0,0,0,0,0,0.019672131147540985,0.11360368133448376,8.255048902752295,2.5649493574615367,3.1780538303479458,10.229000412576184,5.772997543677674,6.415096959171596,1.8969222823803258,4.252746842801595,False,False,True,False,False,False
6.837631098175679,6112.369742419302,0,0,0,0,0,0,0,0.00032605151613955004,0.024268607167205143,8.384347278082808,0.6931471805599453,3.091042453358316,10.479705146648344,8.384347278082808,8.028781162487148,1.9991152142115904,4.323229177801713,False,False,False,True,False,False
6.728879252982257,6112.369742419302,0,0,0,0,0,0,0,0.00032605151613955004,0.024933351234200887,6.504288173536645,0.6931471805599453,3.828641396489095,10.092995148114731,6.504288173536645,8.028781162487148,1.9991152142115904,4.349898357687065,False,False,False,True,False,False
6.2467029592772985,41763.20315581854,0,0,0,0,0,0,0,0.0016906170752324597,0.014088475626937165,4.30406509320417,1.9459101490553132,2.3978952727983707,9.657145167764883,2.5776883832389665,8.174702882469461,2.0644946046636603,3.9318256327243257,False,False,False,False,False,True
6.439627965757445,6112.369742419302,0,0,0,0,0,0,0,0.00032605151613955004,0.02572516549357918,8.019283792916793,0.6931471805599453,3.6375861597263857,9.894579744052168,8.019283792916793,8.028781162487148,1.9991152142115904,4.380764370463596,False,False,False,True,False,False
6.673485764218604,41763.20315581854,0,0,0,0,0,0,0,0.0033812341504649195,0.0,10.430757228718052,2.5649493574615367,3.4011973816621555,10.16344581179752,7.946175144089356,8.174702882469461,2.0644946046636603,0.0,False,False,False,False,False,True
6.7918229108001364,41763.20315581854,0,0,0,0,0,0,0,0.003663003663003663,0.023262116626767245,11.47173882063998,2.6390573296152584,2.6390573296152584,10.341955263911041,8.906914500950432,8.174702882469461,2.0644946046636603,4.425532048502712,False,False,False,False,False,True
6.468372592093842,41763.20315581854,0,0,0,0,0,0,0,0.0034866727734892224,0.0,8.294049640102028,2.5933276030091386,2.833213344056216,9.533994132566862,5.781275360168377,8.174702882469461,2.0644946046636603,0.0,False,False,False,False,False,True
6.733959772080677,6112.369742419302,0,0,0,0,0,0,0,0.00032605151613955004,0.0,3.9512437185814275,0.6931471805599453,3.4339872044851463,10.36835227835118,3.9512437185814275,8.028781162487148,1.9991152142115904,0.0,False,False,False,True,False,False
6.957108251170583,41763.20315581854,0,0,0,0,0,0,0,0.0070442378134685825,0.023443223443223443,11.552876680472457,3.258096538021482,2.8903717578961645,10.626264599655654,8.33423142973486,8.174702882469461,2.0644946046636603,4.4331949212482815,False,False,False,False,False,True
6.721143417730936,6112.369742419302,0,0,0,0,0,0,0,0.0019563090968373,0.026928361824025335,8.714567550836485,1.9459101490553132,3.4339872044851463,10.464268927950933,6.923628628138427,8.028781162487148,1.9991152142115904,4.425915350564921,False,False,False,True,False,False
6.768497706167613,41763.20315581854,0,0,0,0,0,0,0,0.014652014652014652,0.021736505252988772,7.3727463664043285,3.970291913552122,3.1780538303479458,10.248489841612137,3.4530353994558407,8.174702882469461,2.0644946046636603,4.358538653366668,False,False,False,False,False,True
7.010428551569615,41763.20315581854,0,0,0,0,0,0,0,0.006762468300929839,0.023872792589885183,11.78025430857261,3.2188758248682006,3.044522437723423,10.495769883400742,8.602376509635246,8.174702882469461,2.0644946046636603,4.451139142854941,False,False,False,False,False,True
6.195191110040243,6112.369742419302,0,0,0,0,0,0,0,0.004034627216535132,0.0,7.836369760545124,2.5933276030091386,2.9444389791664403,7.8686083776014435,5.3252398533870595,8.028781162487148,1.9991152142115904,0.0,False,False,False,True,False,False
7.016224159229566,41763.20315581854,0,0,0,0,0,0,0,0.0033812341504649195,0.024033040126954962,11.548852297712305,2.5649493574615367,3.1780538303479458,10.670545781114688,9.064051760490544,8.174702882469461,2.0644946046636603,4.457751488556446,False,False,False,False,False,True
6.665070172834252,7640.563613231552,0,0,0,0,0,0,0,0.0006361323155216285,0.06361323155216285,4.770684624465665,0.6931471805599453,3.295836866004329,10.139263399827714,4.770684624465665,7.360739903058278,2.0186487050933315,4.61512051684126,False,False,False,False,True,False
6.7921340428944,6112.369742419302,0,0,0,0,0,0,0,0.00032605151613955004,0.02559908597789856,7.930925372483388,0.6931471805599453,2.302585092994046,10.36953170501716,7.930925372483388,8.028781162487148,1.9991152142115904,4.375912942764524,False,False,False,True,False,False
5.879225467208256,1266.400447427293,0,0,0,0,0,0,0,0.0022371364653243847,0.11185682326621924,4.770684624465665,0.6931471805599453,2.9444389791664403,8.024343613012375,4.770684624465665,6.104793232414985,1.8852953146630171,3.9318256327243257,False,True,False,False,False,False
6.783705216939745,10412.863802559415,0,0,0,0,0,0,0,0.0004570383912248629,0.0349295500517861,9.9297886269555,0.6931471805599453,3.8501476017100584,10.498592719471935,9.9297886269555,7.691200097522863,1.9906184714459416,4.3493207753727505,True,False,False,False,False,False
6.195191110040243,6112.369742419302,0,0,0,0,0,0,0,0.0016302575806977503,0.020820157054694158,8.113426639943654,1.791759469228055,2.995732273553991,7.8686083776014435,6.5051859739859985,8.028781162487148,1.9991152142115904,4.17216051076436,False,False,False,True,False,False
6.195191110040243,6112.369742419302,0,0,0,0,0,0,0,0.0013042060645582002,0.023090029547625724,9.065314599925925,1.6094379124341003,3.367295829986474,7.8686083776014435,7.679366999486848,8.028781162487148,1.9991152142115904,4.274122896412072,False,False,False,True,False,False
6.889678266422713,7640.563613231552,0,0,0,0,0,0,0,0.0006361323155216285,0.043092834277271605,8.008698182988528,0.6931471805599453,3.4657359027997265,10.37484668725167,8.008698182988528,7.360739903058278,2.0186487050933315,4.230359427613471,False,False,False,False,True,False
6.885625457752329,6112.369742419302,0,0,0,0,0,0,0,0.00032605151613955004,0.02526899250081513,7.285506548522785,0.6931471805599453,3.8066624897703196,10.465425245378393,7.285506548522785,8.028781162487148,1.9991152142115904,4.363098624788363,False,False,False,True,False,False
6.164566264410774,6112.369742419302,0,0,0,0,0,0,0,0.0016302575806977503,0.022572797271199617,7.153833801578843,1.791759469228055,2.8903717578961645,8.390577965008806,5.547518452181536,8.028781162487148,1.9991152142115904,4.251786523133432,False,False,False,True,False,False
6.56452256063904,6112.369742419302,0,0,0,0,0,0,0,0.00032605151613955004,0.0,6.361302477572996,0.6931471805599453,3.2188758248682006,10.23053038164071,6.361302477572996,8.028781162487148,1.9991152142115904,0.0,False,False,False,True,False,False
6.58503183131561,1266.400447427293,0,0,0,0,0,0,0,0.0022371364653243847,0.158236481693676,7.6783263565068856,0.6931471805599453,3.6375861597263857,10.094418773917585,7.6783263565068856,6.104793232414985,1.8852953146630171,4.2729328718496875,False,True,False,False,False,False
6.851791759961209,41763.20315581854,0,0,0,0,0,0,0,0.006762468300929839,0.02265041698119764,10.907349504658427,3.2188758248682006,2.8903717578961645,10.15399743108672,7.729717016199014,8.174702882469461,2.0644946046636603,4.399207321144564,False,False,False,False,False,True
6.895006040624961,10412.863802559415,0,0,0,0,0,0,0,0.0004570383912248629,0.022851919561243144,5.631211781821365,0.6931471805599453,3.5553480614894135,10.223933929526916,5.631211781821365,7.691200097522863,1.9906184714459416,3.9318256327243257,True,False,False,False,False,False
6.5264888547538815,41763.20315581854,0,0,0,0,0,0,0,0.007326007326007326,0.0,5.236441962829949,3.295836866004329,3.4657359027997265,9.75745455496221,2.1031956276879433,8.174702882469461,2.0644946046636603,0.0,False,False,False,False,False,True
6.195191110040243,6112.369742419302,0,0,0,0,0,0,0,0.00097815454841865,0.022171503097489404,7.27655640271871,1.3862943611198906,2.3978952727983707,7.8686083776014435,6.179326284277552,8.028781162487148,1.9991152142115904,4.23410650459726,False,False,False,True,False,False
6.613436955486971,10412.863802559415,0,0,0,0,0,0,0,0.0004570383912248629,0.03155741272743101,7.795234929002173,0.6931471805599453,3.1354942159291497,10.21218308628271,7.795234929002173,7.691200097522863,1.9906184714459416,4.2491752828780145,True,False,False,False,False,False
6.195191110040243,6112.369742419302,0,0,0,0,0,0,0,0.0006521030322791001,0.019686129276350193,7.911324018963353,1.0986122886681098,2.8903717578961645,7.8686083776014435,7.218543340148393,8.028781162487148,1.9991152142115904,4.11704101292123,False,False,False,True,False,False
5.879225467208256,1266.400447427293,0,0,0,0,0,0,0,0.0022371364653243847,0.14657100979711488,7.090076835776092,0.6931471805599453,2.772588722239781,8.024343613012375,7.090076835776092,6.104793232414985,1.8852953146630171,4.197461182919255,False,True,False,False,False,False
6.608354723274798,41763.20315581854,0,0,0,0,0,0,0,0.014370245139475908,0.022375814231017848,7.774435510302958,3.9512437185814275,3.6888794541139363,9.69242205478945,3.8634092962778466,8.174702882469461,2.0644946046636603,4.387160492667733,False,False,False,False,False,True
6.6934802647434,7640.563613231552,0,0,0,0,0,0,0,0.006361323155216285,0.04440923712132123,7.564238475170491,2.3978952727983707,3.4965075614664802,9.704945179459122,5.2663105704129505,7.360739903058278,2.0186487050933315,4.260018885582899,False,False,False,False,True,False
5.7918085106382975,7640.563613231552,0,0,0,0,0,0,0,0.0031806615776081423,0.031806615776081425,5.0689042022202315,1.791759469228055,2.0794415416798357,7.751630876729169,3.484312288372662,7.360739903058278,2.0186487050933315,3.9318256327243257,False,False,False,False,True,False
6.5688617939358425,6112.369742419302,0,0,0,0,0,0,0,0.00032605151613955004,0.02717095967829584,6.490723534502507,0.6931471805599453,3.9512437185814275,9.70046089726813,6.490723534502507,8.028781162487148,1.9991152142115904,4.43477720005941,False,False,False,True,False,False
6.832545409076133,7640.563613231552,0,0,0,0,0,0,0,0.0006361323155216285,0.0483189865194088,9.1689974084418,0.6931471805599453,4.007333185232471,10.22943370370723,9.1689974084418,7.360739903058278,2.0186487050933315,4.34325263024204,False,False,False,False,True,False
6.877127954434227,4092.5737704918033,0,0,0,0,0,0,0,0.06721311475409836,0.0,5.147494476813453,3.7376696182833684,3.2188758248682006,10.281467019802902,1.6430142079677046,6.415096959171596,1.8969222823803258,0.0,False,False,True,False,False,False
6.195191110040243,6112.369742419302,0,0,0,0,0,0,0,0.0006521030322791001,0.021736767742636668,7.438971592395862,1.0986122886681098,2.8903717578961645,7.8686083776014435,6.7464121285733745,8.028781162487148,1.9991152142115904,4.214593690373677,False,False,False,True,False,False
6.750666103210071,41763.20315581854,0,0,0,0,0,0,0,0.0033812341504649195,0.0231869949914212,11.915038293796972,2.5649493574615367,3.332204510175204,10.252573680184417,9.430205220881787,8.174702882469461,2.0644946046636603,4.422336240640186,False,False,False,False,False,True
6.7921340428944,7640.563613231552,0,0,0,0,0,0,0,0.0006361323155216285,0.040985706234950556,9.389824573949976,0.6931471805599453,3.044522437723423,10.36953170501716,9.389824573949976,7.360739903058278,2.0186487050933315,4.180973688683812,False,False,False,False,True,False
6.192033733782523,4092.5737704918033,0,0,0,0,0,0,0,0.003278688524590164,0.16393442622950818,4.653960350157523,1.0986122886681098,3.044522437723423,9.566331310956217,3.970291913552122,6.415096959171596,1.8969222823803258,4.61512051684126,False,False,True,False,False,False
6.84893481635392,10412.863802559415,0,0,0,0,0,0,0,0.0004570383912248629,0.034437906789772585,9.473396704601559,0.6931471805599453,2.772588722239781,10.17777720847506,9.473396704601559,7.691200097522863,1.9906184714459416,4.3353298660574895,True,False,False,False,False,False
6.921729320968481,41763.20315581854,0,0,0,0,0,0,0,0.0070442378134685825,0.0169061707523246,5.5053315359323625,3.258096538021482,2.6390573296152584,10.269809928149861,2.379546134130174,8.174702882469461,2.0644946046636603,4.110873864173311,False,False,False,False,False,True
6.195191110040243,6112.369742419302,0,0,0,0,0,0,0,0.0006521030322791001,0.024099459888575436,6.70808408385307,1.0986122886681098,2.5649493574615367,7.8686083776014435,6.016157159698354,8.028781162487148,1.9991152142115904,4.31632802059878,False,False,False,True,False,False
6.8059761534885554,7640.563613231552,0,0,0,0,0,0,0,0.001272264631043257,0.0,4.762173934797756,1.0986122886681098,4.61512051684126,9.914218989491387,4.07753744390572,7.360739903058278,2.0186487050933315,0.0,False,False,False,False,True,False
6.844614966234576,7640.563613231552,0,0,0,0,0,0,0,0.0031806615776081423,0.021204410517387615,7.090076835776092,1.791759469228055,3.044522437723423,10.253585385671725,5.483966713434666,7.360739903058278,2.0186487050933315,3.536116699561526,False,False,False,False,True,False
6.830921446176283,10412.863802559415,0,0,0,0,0,0,0,0.0004570383912248629,0.03797521497024957,9.336444248771908,0.6931471805599453,3.784189633918261,10.193158907472815,9.336444248771908,7.691200097522863,1.9906184714459416,4.4318849228969235,True,False,False,False,False,False
5.558589488847307,7640.563613231552,0,0,0,0,0,0,0,0.0006361323155216285,0.06361323155216285,3.970291913552122,0.6931471805599453,2.772588722239781,5.858417164315927,3.970291913552122,7.360739903058278,2.0186487050933315,4.61512051684126,False,False,False,False,True,False
6.852224646866702,10412.863802559415,0,0,0,0,0,0,0,0.0004570383912248629,0.0,4.700480365792417,0.6931471805599453,3.6375861597263857,10.321730830204263,4.700480365792417,7.691200097522863,1.9906184714459416,0.0,True,False,False,False,False,False
6.861857284977919,6112.369742419302,0,0,0,0,0,0,0,0.0013042060645582002,0.025971203017176283,9.536473630802217,1.6094379124341003,2.70805020110221,10.285024062385926,8.150395758948912,8.028781162487148,1.9991152142115904,4.390164428498561,False,False,False,True,False,False
6.795110088376305,6112.369742419302,0,0,0,0,0,0,0,0.00032605151613955004,0.019563090968373,6.309918278226516,0.6931471805599453,1.9459101490553132,10.16574774307528,6.309918278226516,8.028781162487148,1.9991152142115904,4.110873864173311,False,False,False,True,False,False
6.803204566022874,41763.20315581854,0,0,0,0,0,0,0,0.0070442378134685825,0.023335727678907802,11.822466871774903,3.258096538021482,2.772588722239781,10.30614332804386,8.60376713941442,8.174702882469461,2.0644946046636603,4.428653717407183,False,False,False,False,False,True
6.7246875,41763.20315581854,0,0,0,0,0,0,0,0.007326007326007326,0.017610594533671458,6.008813185442595,3.295836866004329,2.8903717578961645,9.71054163152955,2.810329050222628,8.174702882469461,2.0644946046636603,4.151039905898646,False,False,False,False,False,True
5.879225467208256,41763.20315581854,0,0,0,0,0,0,0,0.002817695125387433,0.0,4.330733340286331,2.3978952727983707,4.060443010546419,8.024343613012375,2.1400661634962708,8.174702882469461,2.0644946046636603,0.0,False,False,False,False,False,True
6.490336269696487,10412.863802559415,0,0,0,0,0,0,0,0.0004570383912248629,0.009140767824497258,5.645446897643238,0.6931471805599453,3.9318256327243257,8.81811505604364,5.645446897643238,7.691200097522863,1.9906184714459416,3.044522437723423,True,False,False,False,False,False
6.854894420090862,4092.5737704918033,0,0,0,0,0,0,0,0.001639344262295082,0.1340539481418588,9.891566781640435,0.6931471805599453,2.5649493574615367,10.344768548790759,9.891566781640435,6.415096959171596,1.8969222823803258,4.4161008142108,False,False,True,False,False,False
6.771417254661099,4092.5737704918033,0,0,0,0,0,0,0,0.02028557651330041,0.0,4.382026634673881,2.5933276030091386,2.4849066497880004,10.285075427319645,1.999349386101985,6.415096959171596,1.8969222823803258,0.0,False,False,True,False,False,False
6.432021861785729,10412.863802559415,0,0,0,0,0,0,0,0.0004570383912248629,0.026460117386702592,6.251903883165888,0.6931471805599453,3.4339872044851463,9.690983240865329,6.251903883165888,7.691200097522863,1.9906184714459416,4.075751729145485,True,False,False,False,False,False
6.548792989998894,6112.369742419302,0,0,0,0,0,0,0,0.00032605151613955004,0.0,3.5553480614894135,0.6931471805599453,3.912023005428146,9.223228522439266,3.5553480614894135,8.028781162487148,1.9991152142115904,0.0,False,False,False,True,False,False
6.73238141423453,7640.563613231552,0,0,0,0,0,0,0,0.0019083969465648854,0.04654626698938745,8.03073492409854,1.3862943611198906,3.4657359027997265,10.4244762266783,6.932773041957425,7.360739903058278,2.0186487050933315,4.306369620973057,False,False,False,False,True,False
6.726830671522143,6112.369742419302,0,0,0,0,0,0,0,0.0006521030322791001,0.017321486794913597,7.242797922793756,1.0986122886681098,3.1354942159291497,10.440446432636953,6.550365794105536,8.028781162487148,1.9991152142115904,3.991296186322654,False,False,False,True,False,False
6.786121396595252,41763.20315581854,0,0,0,0,0,0,0,0.0033812341504649195,0.022445218418241583,12.490469326990425,2.5649493574615367,1.791759469228055,10.212193431883968,10.005604062091303,8.174702882469461,2.0644946046636603,4.390218987604055,False,False,False,False,False,True
4.9263479368027125,10412.863802559415,0,0,0,0,0,0,0,0.0004570383912248629,0.04570383912248629,4.68213122712422,0.6931471805599453,2.1972245773362196,8.362349991150289,4.68213122712422,7.691200097522863,1.9906184714459416,4.61512051684126,True,False,False,False,False,False
6.846207413200157,6112.369742419302,0,0,0,0,0,0,0,0.00032605151613955004,0.02852950766221063,5.855071922202427,0.6931471805599453,3.9512437185814275,10.375907661101918,5.855071922202427,8.028781162487148,1.9991152142115904,4.483002552013883,False,False,False,True,False,False
6.542958467678293,41763.20315581854,0,0,0,0,0,0,0,0.0034866727734892224,0.0,7.0630481633881725,2.5933276030091386,2.1972245773362196,9.733494725610756,4.557125444105608,8.174702882469461,2.0644946046636603,0.0,False,False,False,False,False,True
6.756666247949616,4092.5737704918033,0,0,0,0,0,0,0,0.001639344262295082,0.1376430559851531,9.002947130753205,0.6931471805599453,2.0794415416798357,10.418346234180893,9.002947130753205,6.415096959171596,1.8969222823803258,4.44220720674945,False,False,True,False,False,False
6.195191110040243,6112.369742419302,0,0,0,0,0,0,0,0.00097815454841865,0.019563090968373,7.802209316247118,1.3862943611198906,3.091042453358316,7.8686083776014435,6.704414354964107,8.028781162487148,1.9991152142115904,4.110873864173311,False,False,False,True,False,False
6.585977276849725,41763.20315581854,0,0,0,0,0,0,0,0.003663003663003663,0.0217758179541619,9.667575327569097,2.6390573296152584,3.367295829986474,10.395818801875038,7.103385319634651,8.174702882469461,2.0644946046636603,4.360322519165639,False,False,False,False,False,True
6.817531173385809,6112.369742419302,0,0,0,0,0,0,0,0.00032605151613955004,0.026084121291164004,9.18296917518005,0.6931471805599453,3.258096538021482,10.447580971721933,9.18296917518005,8.028781162487148,1.9991152142115904,4.394449154672439,False,False,False,True,False,False
6.195191110040243,6112.369742419302,0,0,0,0,0,0,0,0.0006521030322791001,0.022762086975779906,7.232733136177615,1.0986122886681098,2.0794415416798357,7.8686083776014435,6.540308238061494,8.028781162487148,1.9991152142115904,4.260018885582899,False,False,False,True,False,False
6.833789305369181,7640.563613231552,0,0,0,0,0,0,0,0.0006361323155216285,0.04864983547783613,9.504203303503045,0.6931471805599453,4.442651256490317,10.444349529707667,9.504203303503045,7.360739903058278,2.0186487050933315,4.349988105603178,False,False,False,False,True,False
6.777925656471416,4092.5737704918033,0,0,0,0,0,0,0,0.019672131147540985,0.0,3.9889840465642745,2.5649493574615367,2.995732273553991,10.358720806111029,1.6894806201076369,6.415096959171596,1.8969222823803258,0.0,False,False,True,False,False,False
6.241442385702294,10412.863802559415,0,0,0,0,0,0,0,0.0004570383912248629,0.015234613040828762,9.155039056191093,0.6931471805599453,3.295836866004329,9.194091527769046,9.155039056191093,7.691200097522863,1.9906184714459416,3.536116699561526,True,False,False,False,False,False
6.8442500649497235,10412.863802559415,0,0,0,0,0,0,0,0.0004570383912248629,0.019587359623922693,5.799092654460526,0.6931471805599453,2.9444389791664403,9.823967833553757,5.799092654460526,7.691200097522863,1.9906184714459416,3.780937598531884,True,False,False,False,False,False
6.604842707205482,4092.5737704918033,0,0,0,0,0,0,0,0.001639344262295082,0.08196721311475409,6.364750756851911,0.6931471805599453,3.828641396489095,9.94521695986674,6.364750756851911,6.415096959171596,1.8969222823803258,3.9318256327243257,False,False,True,False,False,False
6.837159965270956,41763.20315581854,0,0,0,0,0,0,0,0.003663003663003663,0.021868678585096495,9.249561085129464,2.6390573296152584,2.302585092994046,10.724055727552452,6.685764908652919,8.174702882469461,2.0644946046636603,4.364523600092423,False,False,False,False,False,True
5.879225467208256,1266.400447427293,0,0,0,0,0,0,0,0.0022371364653243847,0.17362850178637015,7.413970290190444,0.6931471805599453,2.833213344056216,8.024343613012375,7.413970290190444,6.104793232414985,1.8852953146630171,4.364523600092423,False,True,False,False,False,False
5.7918085106382975,6112.369742419302,0,0,0,0,0,0,0,0.00032605151613955004,0.0,3.970291913552122,0.6931471805599453,4.174387269895637,7.751630876729169,3.970291913552122,8.028781162487148,1.9991152142115904,0.0,False,False,False,True,False,False
6.393797237117623,1266.400447427293,0,0,0,0,0,0,0,0.0022371364653243847,0.0,3.6375861597263857,0.6931471805599453,3.295836866004329,9.585589680262684,3.6375861597263857,6.104793232414985,1.8852953146630171,0.0,False,True,False,False,False,False
6.729872878028202,6112.369742419302,0,0,0,0,0,0,0,0.0013042060645582002,0.025838044675209625,9.266248003914479,1.6094379124341003,2.70805020110221,10.569675569115587,7.8802372905060345,8.028781162487148,1.9991152142115904,4.385087981701512,False,False,False,True,False,False
6.829036948424544,10412.863802559415,0,0,0,0,0,0,0,0.0004570383912248629,0.0,4.61512051684126,0.6931471805599453,2.833213344056216,9.778151955140352,4.61512051684126,7.691200097522863,1.9906184714459416,0.0,True,False,False,False,False,False
6.936845412583394,6112.369742419302,0,0,0,0,0,0,0,0.00032605151613955004,0.02155255784651263,7.417580402414544,0.6931471805599453,4.189654742026425,10.535345046808676,7.417580402414544,8.028781162487148,1.9991152142115904,4.206209303200411,False,False,False,True,False,False
6.944041966627559,6112.369742419302,0,0,0,0,0,0,0,0.00032605151613955004,0.02675294491401436,8.414938957377482,0.6931471805599453,2.995732273553991,10.481420934531918,8.414938957377482,8.028781162487148,1.9991152142115904,4.419458273041683,False,False,False,True,False,False
6.523202951102518,6112.369742419302,0,0,0,0,0,0,0,0.0013042060645582002,0.022124924309469468,6.8658910748834385,1.6094379124341003,2.5649493574615367,9.751415914927488,5.482720089545816,8.028781162487148,1.9991152142115904,4.232033964995287,False,False,False,True,False,False
6.815729909282851,10412.863802559415,0,0,0,0,0,0,0,0.0004570383912248629,0.03179397504172959,7.105786129481271,0.6931471805599453,3.6635616461296463,9.89788181482194,7.105786129481271,7.691200097522863,1.9906184714459416,4.256537351585441,True,False,False,False,False,False
6.5004185244497705,7640.563613231552,0,0,0,0,0,0,0,0.00826972010178117,0.0499818247909851,6.992096427415888,2.6390573296152584,3.7376696182833684,9.91128039696677,4.438116101324925,7.360739903058278,2.0186487050933315,4.376655090871971,False,False,False,False,True,False
6.22747829422649,10412.863802559415,0,0,0,0,0,0,0,0.0004570383912248629,0.03323915572544458,5.973809611869261,0.6931471805599453,3.332204510175204,8.715280860702519,5.973809611869261,7.691200097522863,1.9906184714459416,4.3003727813170425,True,False,False,False,False,False
6.990005739055331,7640.563613231552,0,0,0,0,0,0,0,0.0006361323155216285,0.04240882103477523,4.948759890378168,0.6931471805599453,3.4339872044851463,10.456580763993502,4.948759890378168,7.360739903058278,2.0186487050933315,4.214593690373677,False,False,False,False,True,False
5.879225467208256,1266.400447427293,0,0,0,0,0,0,0,0.0022371364653243847,0.17306150014773544,8.579604451537634,0.6931471805599453,1.6094379124341003,8.024343613012375,8.579604451537634,6.104793232414985,1.8852953146630171,4.361294330078632,False,True,False,False,False,False
6.533773927222078,6112.369742419302,0,0,0,0,0,0,0,0.0006521030322791001,0.020237680312110002,7.035268599281097,1.0986122886681098,2.9444389791664403,10.027775790758668,6.343001313190591,8.028781162487148,1.9991152142115904,4.144228818404391,False,False,False,True,False,False
6.850095302129325,6112.369742419302,0,0,0,0,0,0,0,0.00097815454841865,0.024099459888575436,9.829625703937673,1.3862943611198906,3.332204510175204,10.583215051780966,8.731121075279356,8.028781162487148,1.9991152142115904,4.31632802059878,False,False,False,True,False,False
6.195191110040243,6112.369742419302,0,0,0,0,0,0,0,0.00097815454841865,0.02336702532333442,7.5678626054638825,1.3862943611198906,3.6635616461296463,7.8686083776014435,6.470283374738886,8.028781162487148,1.9991152142115904,4.28588277412098,False,False,False,True,False,False
6.9953238666291515,7640.563613231552,0,0,0,0,0,0,0,0.0006361323155216285,0.050038445379816575,9.37568530456302,0.6931471805599453,2.8903717578961645,10.907975578088932,9.37568530456302,7.360739903058278,2.0186487050933315,4.37777305272058,False,False,False,False,True,False
6.28345555492038,6112.369742419302,0,0,0,0,0,0,0,0.0019563090968373,0.02693469046370196,6.7226297948554485,1.9459101490553132,2.8903717578961645,9.637989701366063,4.936869143856646,8.028781162487148,1.9991152142115904,4.42614752965963,False,False,False,True,False,False
6.784409763922906,6112.369742419302,0,0,0,0,0,0,0,0.00097815454841865,0.025044536746950945,8.987696695703624,1.3862943611198906,2.1972245773362196,10.191325811052462,7.889334250884409,8.028781162487148,1.9991152142115904,4.35429044582531,False,False,False,True,False,False
6.817531173385809,41763.20315581854,0,0,0,0,0,0,0,0.0033812341504649195,0.021668240291722072,9.459229639708807,2.5649493574615367,3.4657359027997265,10.447580971721933,6.975180255296927,8.174702882469461,2.0644946046636603,4.355433459848803,False,False,False,False,False,True
6.73781723959089,41763.20315581854,0,0,0,0,0,0,0,0.0033812341504649195,0.023163723763327003,11.71203858440402,2.5649493574615367,3.332204510175204,10.287365223569747,9.227222070844698,8.174702882469461,2.0644946046636603,4.421344165688811,False,False,False,False,False,True
6.840850632094109,41763.20315581854,0,0,0,0,0,0,0,0.0011270780501549732,0.023396658386532196,12.06257749339089,1.6094379124341003,3.044522437723423,10.611601948919969,10.67630044663933,8.174702882469461,2.0644946046636603,4.431230292078949,False,False,False,False,False,True
6.824281949276691,10412.863802559415,0,0,0,0,0,0,0,0.0004570383912248629,0.03322845642639132,10.965453145756499,0.6931471805599453,3.9512437185814275,10.120278373782119,10.965453145756499,7.691200097522863,1.9906184714459416,4.300055208418161,True,False,False,False,False,False
6.548792989998894,6112.369742419302,0,0,0,0,0,0,0,0.00032605151613955004,0.0,4.04305126783455,0.6931471805599453,2.9444389791664403,9.223228522439266,4.04305126783455,8.028781162487148,1.9991152142115904,0.0,False,False,False,True,False,False
6.728879252982257,10412.863802559415,0,0,0,0,0,0,0,0.0004570383912248629,0.03784663163896153,12.178506157312368,0.6931471805599453,3.58351893845611,10.092995148114731,12.178506157312368,7.691200097522863,1.9906184714459416,4.428533599398046,True,False,False,False,False,False
6.20715799971213,10412.863802559415,0,0,0,0,0,0,0,0.0004570383912248629,0.0,5.236441962829949,0.6931471805599453,1.791759469228055,9.847465822742766,5.236441962829949,7.691200097522863,1.9906184714459416,0.0,True,False,False,False,False,False
6.5004185244497705,4092.5737704918033,0,0,0,0,0,0,0,0.003278688524590164,0.11250401800064287,9.102086786535928,1.0986122886681098,3.6375861597263857,9.91128039696677,8.409051032796535,6.415096959171596,1.8969222823803258,4.243158900218762,False,False,True,False,False,False
6.045175999634896,10412.863802559415,0,0,0,0,0,0,0,0.0004570383912248629,0.0,4.406719247264253,0.6931471805599453,3.1354942159291497,7.952065901555757,4.406719247264253,7.691200097522863,1.9906184714459416,0.0,True,False,False,False,False,False
6.832545409076133,41763.20315581854,0,0,0,0,0,0,0,0.0033812341504649195,0.0,9.29081375612606,2.5649493574615367,3.4657359027997265,10.22943370370723,6.806921539034451,8.174702882469461,2.0644946046636603,0.0,False,False,False,False,False,True
6.786000370687271,41763.20315581854,0,0,0,0,0,0,0,0.007326007326007326,0.021851513217290296,9.025936648977904,3.295836866004329,2.302585092994046,9.939591632397473,5.77084185422013,8.174702882469461,2.0644946046636603,4.3637483551731195,False,False,False,False,False,True
6.642024275692849,10412.863802559415,0,0,0,0,0,0,0,0.0004570383912248629,0.035165547215338495,11.014588202656597,0.6931471805599453,3.1780538303479458,9.98589362026687,11.014588202656597,7.691200097522863,1.9906184714459416,4.355967748404549,True,False,False,False,False,False
6.86966494522709,41763.20315581854,0,0,0,0,0,0,0,0.0033812341504649195,0.022464539724045593,10.405897866700771,2.5649493574615367,2.1972245773362196,10.47404106125401,7.921323950320763,8.174702882469461,2.0644946046636603,4.391068774541458,False,False,False,False,False,True
6.861196730508127,10412.863802559415,0,0,0,0,0,0,0,0.0004570383912248629,0.0345866890656653,7.441906728051625,0.6931471805599453,3.713572066704308,10.354629030217913,7.441906728051625,7.691200097522863,1.9906184714459416,4.3395845221646265,True,False,False,False,False,False
6.834844923142403,41763.20315581854,0,0,0,0,0,0,0,0.014088475626937165,0.021308819385742462,8.854379458771108,3.9318256327243257,2.70805020110221,10.264367214787272,4.949327105367852,8.174702882469461,2.0644946046636603,4.338923394256375,False,False,False,False,False,True
6.7803347627600745,41763.20315581854,0,0,0,0,0,0,0,0.003663003663003663,0.022942242420012356,9.935034668034257,2.6390573296152584,3.332204510175204,10.574339980438252,7.370666508826113,8.174702882469461,2.0644946046636603,4.411852614189136,False,False,False,False,False,True
5.879225467208256,1266.400447427293,0,0,0,0,0,0,0,0.0022371364653243847,0.15791551519936836,6.349138991379798,0.6931471805599453,3.2188758248682006,8.024343613012375,6.349138991379798,6.104793232414985,1.8852953146630171,4.2709307489313115,False,True,False,False,False,False
6.803204566022874,41763.20315581854,0,0,0,0,0,0,0,0.011834319526627219,0.02012639375276738,8.228710798793687,3.7612001156935624,2.70805020110221,10.30614332804386,4.5019238360226,8.174702882469461,2.0644946046636603,4.28260085453587,False,False,False,False,False,True
6.898640416651605,41763.20315581854,0,0,0,0,0,0,0,0.007326007326007326,0.022639284533459723,9.44643963445061,3.295836866004329,2.302585092994046,9.989779034252113,6.1903154058531475,8.174702882469461,2.0644946046636603,4.398721752498789,False,False,False,False,False,True
6.740185895175836,6112.369742419302,0,0,0,0,0,0,0,0.00097815454841865,0.026645070136135273,8.047829357457841,1.3862943611198906,2.8903717578961645,10.273084661797322,6.949856455000773,8.028781162487148,1.9991152142115904,4.415466610305678,False,False,False,True,False,False
6.874819766736616,7640.563613231552,0,0,0,0,0,0,0,0.0006361323155216285,0.044994724756407874,8.0959035329611,0.6931471805599453,3.332204510175204,10.644111804411194,8.0959035329611,7.360739903058278,2.0186487050933315,4.2729328718496875,False,False,False,False,True,False
6.885011365574345,41763.20315581854,0,0,0,0,0,0,0,0.003663003663003663,0.02245251420455449,9.357293784932345,2.6390573296152584,3.4339872044851463,10.305212428997619,6.793379892228096,8.174702882469461,2.0644946046636603,4.3905399547090695,False,False,False,False,False,True
6.5004185244497705,41763.20315581854,0,0,0,0,0,0,0,0.003663003663003663,0.0070442378134685825,5.616771097666572,2.6390573296152584,3.367295829986474,9.91128039696677,3.094532858298084,8.174702882469461,2.0644946046636603,3.258096538021482,False,False,False,False,False,True
6.821981200903762,10412.863802559415,0,0,0,0,0,0,0,0.0004570383912248629,0.03905317187196005,11.401155564127219,0.6931471805599453,2.833213344056216,10.283027299270545,11.401155564127219,7.691200097522863,1.9906184714459416,4.459547010740195,True,False,False,False,False,False
6.195191110040243,6112.369742419302,0,0,0,0,0,0,0,0.0006521030322791001,0.021736767742636668,7.717796211013582,1.0986122886681098,4.189654742026425,7.8686083776014435,7.02509377139937,8.028781162487148,1.9991152142115904,4.214593690373677,False,False,False,True,False,False
6.7982167023360915,6112.369742419302,0,0,0,0,0,0,0,0.00032605151613955004,0.02577884548931683,9.774005094757891,0.6931471805599453,3.5553480614894135,10.724376310339744,9.774005094757891,8.028781162487148,1.9991152142115904,4.382822806591573,False,False,False,True,False,False
6.919955048525953,7640.563613231552,0,0,0,0,0,0,0,0.001272264631043257,0.043690406285826135,8.867286523989415,1.0986122886681098,3.713572066704308,10.619102165127284,8.174280257965037,7.360739903058278,2.0186487050933315,4.2439322571831815,False,False,False,False,True,False
6.81823449633989,10412.863802559415,0,0,0,0,0,0,0,0.0004570383912248629,0.034277879341864714,7.242082359256962,0.6931471805599453,3.1780538303479458,9.698986449188135,7.242082359256962,7.691200097522863,1.9906184714459416,4.330733340286331,True,False,False,False,False,False
6.7601814381694565,7640.563613231552,0,0,0,0,0,0,0,0.0006361323155216285,0.04887520442353894,10.855473559734735,0.6931471805599453,4.0943445622221,10.532059377091882,10.855473559734735,7.360739903058278,2.0186487050933315,4.354550362390957,False,False,False,False,True,False
6.9084008859802815,41763.20315581854,0,0,0,0,0,0,0,0.003663003663003663,0.023789504328885266,12.314904628666225,2.6390573296152584,4.04305126783455,10.540157328238578,9.750009082622588,8.174702882469461,2.0644946046636603,4.4476850464280915,False,False,False,False,False,True
6.999830127256439,10412.863802559415,0,0,0,0,0,0,0,0.0004570383912248629,0.036655233026741986,10.634604664347702,0.6931471805599453,3.6888794541139363,10.771990152842433,10.634604664347702,7.691200097522863,1.9906184714459416,4.39693556546505,True,False,False,False,False,False
6.6153351605205115,7640.563613231552,0,0,0,0,0,0,0,0.002544529262086514,0.047228005243272426,8.289539484624141,1.6094379124341003,3.295836866004329,10.047502831282792,6.903998230104425,7.360739903058278,2.0186487050933315,4.320715224041686,False,False,False,False,True,False
6.195191110040243,6112.369742419302,0,0,0,0,0,0,0,0.00097815454841865,0.016302575806977502,6.113682179832232,1.3862943611198906,2.0794415416798357,7.8686083776014435,5.019484909373238,8.028781162487148,1.9991152142115904,3.9318256327243257,False,False,False,True,False,False
6.733820888692956,10412.863802559415,0,0,0,0,0,0,0,0.0004570383912248629,0.03656307129798903,5.8377304471659395,0.6931471805599453,3.6375861597263857,9.850160700787892,5.8377304471659395,7.691200097522863,1.9906184714459416,4.394449154672439,True,False,False,False,False,False
6.83069533786495,41763.20315581854,0,0,0,0,0,0,0,0.0070442378134685825,0.022375814231017848,7.234177179749849,3.258096538021482,2.995732273553991,10.709919785526996,4.032469158504013,8.174702882469461,2.0644946046636603,4.387160492667733,False,False,False,False,False,True
6.106210567052468,6112.369742419302,0,0,0,0,0,0,0,0.00032605151613955004,0.027358345607111673,7.994294986415977,0.6931471805599453,3.4965075614664802,10.427792075670013,7.994294986415977,8.028781162487148,1.9991152142115904,4.441568858874154,False,False,False,True,False,False
6.454329473147065,7640.563613231552,0,0,0,0,0,0,0,0.003816793893129771,0.0,3.8066624897703196,1.9459101490553132,2.6390573296152584,9.426971906880059,2.120263536200091,7.360739903058278,2.0186487050933315,0.0,False,False,False,False,True,False
7.0565046657833825,6112.369742419302,0,0,0,0,0,0,0,0.00032605151613955004,0.022572797271199617,8.88016824790345,0.6931471805599453,4.477336814478207,10.656814710913281,8.88016824790345,8.028781162487148,1.9991152142115904,4.251786523133432,False,False,False,True,False,False
6.8663297787829185,6112.369742419302,0,0,0,0,0,0,0,0.00032605151613955004,0.02169100612633638,9.284055409798464,0.6931471805599453,2.8903717578961645,10.61124631436928,9.284055409798464,8.028781162487148,1.9991152142115904,4.212517385449196,False,False,False,True,False,False
6.195191110040243,6112.369742419302,0,0,0,0,0,0,0,0.00032605151613955004,0.032605151613955004,5.666426688112432,0.6931471805599453,2.833213344056216,7.8686083776014435,5.666426688112432,8.028781162487148,1.9991152142115904,4.61512051684126,False,False,False,True,False,False
6.6982513535473185,7640.563613231552,0,0,0,0,0,0,0,0.003816793893129771,0.046683903800377576,9.826876450164288,1.9459101490553132,3.4657359027997265,10.418998954717235,8.035386850051351,7.360739903058278,2.0186487050933315,4.309282496343858,False,False,False,False,True,False
6.555621413678604,10412.863802559415,0,0,0,0,0,0,0,0.0004570383912248629,0.0,4.406719247264253,0.6931471805599453,3.6375861597263857,9.490725716753616,4.406719247264253,7.691200097522863,1.9906184714459416,0.0,True,False,False,False,False,False
6.853035714105566,7640.563613231552,0,0,0,0,0,0,0,0.0006361323155216285,0.03933076144354155,8.685246776412487,0.6931471805599453,4.007333185232471,10.152887359584396,8.685246776412487,7.360739903058278,2.0186487050933315,4.140400149401181,False,False,False,False,True,False
6.618936941607759,41763.20315581854,0,0,0,0,0,0,0,0.003663003663003663,0.012523089446166369,6.436150368369428,2.6390573296152584,2.9444389791664403,9.834394489808599,3.890249205878585,8.174702882469461,2.0644946046636603,3.816490578706582,False,False,False,False,False,True
6.774950710924049,7640.563613231552,0,0,0,0,0,0,0,0.0019083969465648854,0.04918475556882311,10.154012780591556,1.3862943611198906,3.2188758248682006,10.357736131560582,9.055478328078378,7.360739903058278,2.0186487050933315,4.36078302552778,False,False,False,False,True,False
6.913943596047988,41763.20315581854,0,0,0,0,0,0,0,0.0033812341504649195,0.022562746680733957,11.432290081699202,2.5649493574615367,3.58351893845611,10.724063322268089,8.947502662117774,8.174702882469461,2.0644946046636603,4.395376970660319,False,False,False,False,False,True
6.573902766984118,41763.20315581854,0,0,0,0,0,0,0,0.003663003663003663,0.02357582617434967,12.863719583395568,2.6390573296152584,1.791759469228055,10.17958284253969,10.298801309587917,8.174702882469461,2.0644946046636603,4.438768517733205,False,False,False,False,False,True
6.702893375095606,10412.863802559415,0,0,0,0,0,0,0,0.0004570383912248629,0.029969730572122155,7.582738488914411,0.6931471805599453,4.04305126783455,9.994300158134505,7.582738488914411,7.691200097522863,1.9906184714459416,4.198310663512986,True,False,False,False,False,False
6.195191110040243,6112.369742419302,0,0,0,0,0,0,0,0.00032605151613955004,0.024453863710466255,7.113956109566034,0.6931471805599453,2.772588722239781,7.8686083776014435,7.113956109566034,8.028781162487148,1.9991152142115904,4.330733340286331,False,False,False,True,False,False
6.837159965270956,41763.20315581854,0,0,0,0,0,0,0,0.003663003663003663,0.02263704237692128,11.232126317417853,2.6390573296152584,2.995732273553991,10.724055727552452,8.667335849845957,8.174702882469461,2.0644946046636603,4.3986239268837055,False,False,False,False,False,True
6.821266601819121,41763.20315581854,0,0,0,0,0,0,0,0.007326007326007326,0.023652185359091592,9.195531256322475,3.295836866004329,2.5649493574615367,10.23377503143426,5.939968803079088,8.174702882469461,2.0644946046636603,4.441964030279952,False,False,False,False,False,True
6.6391476456960525,10412.863802559415,0,0,0,0,0,0,0,0.0004570383912248629,0.007617306520414381,6.436150368369428,0.6931471805599453,4.23410650459726,10.073870479179812,6.436150368369428,7.691200097522863,1.9906184714459416,2.871679624884012,True,False,False,False,False,False
5.879225467208256,1266.400447427293,0,0,0,0,0,0,0,0.0022371364653243847,0.1563955583661424,8.82585367025321,0.6931471805599453,2.70805020110221,8.024343613012375,8.82585367025321,6.104793232414985,1.8852953146630171,4.261394750065267,False,True,False,False,False,False
6.865337978873829,41763.20315581854,0,0,0,0,0,0,0,0.003663003663003663,0.021734482499847788,10.418315157681416,2.6390573296152584,3.713572066704308,10.468421828616771,7.853724298117545,8.174702882469461,2.0644946046636603,4.358446782133324,False,False,False,False,False,True
6.888224510305122,41763.20315581854,0,0,0,0,0,0,0,0.0033812341504649195,0.022032295783152477,11.432474340572602,2.5649493574615367,2.772588722239781,10.545999148544986,8.947686899025284,8.174702882469461,2.0644946046636603,4.371883084051879,False,False,False,False,False,True
6.867802716726857,7640.563613231552,0,0,0,0,0,0,0,0.0006361323155216285,0.04240882103477523,6.159095388491933,0.6931471805599453,3.9318256327243257,10.247413858283657,6.159095388491933,7.360739903058278,2.0186487050933315,4.214593690373677,False,False,False,False,True,False
6.8347089217339345,41763.20315581854,0,0,0,0,0,0,0,0.006480698788391096,0.02261289505690674,11.194797930643736,3.1780538303479458,3.1354942159291497,10.512206357505582,8.059606070342078,8.174702882469461,2.0644946046636603,4.397569768844757,False,False,False,False,False,True
6.90199110111171,6112.369742419302,0,0,0,0,0,0,0,0.00097815454841865,0.025002156618772673,9.055089086704891,1.3862943611198906,3.5263605246161616,10.463292377783771,7.956710361041464,8.028781162487148,1.9991152142115904,4.352618605818822,False,False,False,True,False,False
6.767541224610549,7640.563613231552,0,0,0,0,0,0,0,0.007871629563049142,0.0,8.594339400592892,2.5933276030091386,3.6635616461296463,10.355922751208103,6.080829334745299,7.360739903058278,2.0186487050933315,0.0,False,False,False,False,True,False
6.4522290000007185,6112.369742419302,0,0,0,0,0,0,0,0.00032605151613955004,0.021561471228583148,7.328437352895162,0.6931471805599453,3.044522437723423,9.3993872794146,7.328437352895162,8.028781162487148,1.9991152142115904,4.206616621908488,False,False,False,True,False,False
6.490336269696487,4092.5737704918033,0,0,0,0,0,0,0,0.001639344262295082,0.16393442622950818,4.174387269895637,0.6931471805599453,3.258096538021482,8.81811505604364,4.174387269895637,6.415096959171596,1.8969222823803258,4.61512051684126,False,False,True,False,False,False
6.662948251583755,41763.20315581854,0,0,0,0,0,0,0,0.0034866727734892224,0.0,7.141245122350491,2.5933276030091386,3.258096538021482,10.093243666143405,4.63459671977247,8.174702882469461,2.0644946046636603,0.0,False,False,False,False,False,True
6.656530753364805,6112.369742419302,0,0,0,0,0,0,0,0.00032605151613955004,0.024453863710466255,6.037870919922137,0.6931471805599453,3.58351893845611,10.355861427672199,6.037870919922137,8.028781162487148,1.9991152142115904,4.330733340286331,False,False,False,True,False,False
5.558589488847307,41763.20315581854,0,0,0,0,0,0,0,0.0741053817976895,0.014088475626937165,4.564348191467836,5.575949103146316,2.833213344056216,5.858417164315927,0.30837895422293565,8.174702882469461,2.0644946046636603,3.9318256327243257,False,False,False,False,False,True
6.800577564758055,7640.563613231552,0,0,0,0,0,0,0,0.001272264631043257,0.03816793893129771,6.519147287940395,1.0986122886681098,2.9444389791664403,10.022255881415592,5.827473946998751,7.360739903058278,2.0186487050933315,4.110873864173311,False,False,False,False,True,False
6.665751557835978,41763.20315581854,0,0,0,0,0,0,0,0.003663003663003663,0.02247715654309061,10.922389022893778,2.6390573296152584,3.367295829986474,10.27576755719141,8.357656236748216,8.174702882469461,2.0644946046636603,4.391623296204177,False,False,False,False,False,True
6.638243832197137,41763.20315581854,0,0,0,0,0,0,0,0.021132713440405747,0.011270780501549732,5.5254529391317835,4.330733340286331,2.3978952727983707,10.118310337677755,1.4663370687934272,8.174702882469461,2.0644946046636603,3.713572066704308,False,False,False,False,False,True
6.5004185244497705,41763.20315581854,0,0,0,0,0,0,0,0.0070442378134685825,0.0,3.6888794541139363,3.258096538021482,2.302585092994046,9.91128039696677,0.9400072584914712,8.174702882469461,2.0644946046636603,0.0,False,False,False,False,False,True
5.879225467208256,1266.400447427293,0,0,0,0,0,0,0,0.0022371364653243847,0.22371364653243847,4.653960350157523,0.6931471805599453,2.0794415416798357,8.024343613012375,4.653960350157523,6.104793232414985,1.8852953146630171,4.61512051684126,False,True,False,False,False,False
6.7108808707015255,7640.563613231552,0,0,0,0,0,0,0,0.0006361323155216285,0.031806615776081425,6.602587892189336,0.6931471805599453,4.007333185232471,9.975240141996258,6.602587892189336,7.360739903058278,2.0186487050933315,3.9318256327243257,False,False,False,False,True,False
6.888326281492016,10412.863802559415,0,0,0,0,0,0,0,0.0004570383912248629,0.0,9.920147993429236,0.6931471805599453,3.713572066704308,10.440533303141699,9.920147993429236,7.691200097522863,1.9906184714459416,0.0,True,False,False,False,False,False
6.8462550832714255,6112.369742419302,0,0,0,0,0,0,0,0.0019563090968373,0.025105966742745355,8.08487062913819,1.9459101490553132,3.4965075614664802,10.3254537616196,6.294650806095728,8.028781162487148,1.9991152142115904,4.356708826689592,False,False,False,True,False,False
6.796871963337037,41763.20315581854,0,0,0,0,0,0,0,0.006762468300929839,0.023311651408131198,12.350519249895202,3.2188758248682006,3.1780538303479458,10.458899626851938,9.172564947223606,8.174702882469461,2.0644946046636603,4.427633772283192,False,False,False,False,False,True
6.832193916669392,6112.369742419302,0,0,0,0,0,0,0,0.00097815454841865,0.026084121291164004,8.832149906002899,1.3862943611198906,2.70805020110221,10.466256522810472,7.733829502917714,8.028781162487148,1.9991152142115904,4.394449154672439,False,False,False,True,False,False
6.974919138230562,6112.369742419302,0,0,0,0,0,0,0,0.00032605151613955004,0.021736767742636668,5.3471075307174685,0.6931471805599453,3.332204510175204,10.531674258358509,5.3471075307174685,8.028781162487148,1.9991152142115904,4.214593690373677,False,False,False,True,False,False
6.195191110040243,6112.369742419302,0,0,0,0,0,0,0,0.0006521030322791001,0.024517051988787873,8.217978203150732,1.0986122886681098,2.1972245773362196,7.8686083776014435,7.5251007461258,8.028781162487148,1.9991152142115904,4.333280074204957,False,False,False,True,False,False
6.599003610218512,6112.369742419302,0,0,0,0,0,0,0,0.00032605151613955004,0.0,6.570882962339584,0.6931471805599453,3.091042453358316,9.838823053944665,6.570882962339584,8.028781162487148,1.9991152142115904,0.0,False,False,False,True,False,False
6.779782172998328,10412.863802559415,0,0,0,0,0,0,0,0.0004570383912248629,0.024196150123669213,6.429719478039138,0.6931471805599453,2.70805020110221,10.42324578946821,6.429719478039138,7.691200097522863,1.9906184714459416,3.987894128200249,True,False,False,False,False,False
6.5004185244497705,10412.863802559415,0,0,0,0,0,0,0,0.0004570383912248629,0.020312817387771683,5.886104031450156,0.6931471805599453,2.8903717578961645,9.91128039696677,5.886104031450156,7.691200097522863,1.9906184714459416,3.816490578706582,True,False,False,False,False,False
5.7918085106382975,4092.5737704918033,0,0,0,0,0,0,0,0.001639344262295082,0.0,3.828641396489095,0.6931471805599453,2.0794415416798357,7.751630876729169,3.828641396489095,6.415096959171596,1.8969222823803258,0.0,False,False,True,False,False,False
6.779782172998328,10412.863802559415,0,0,0,0,0,0,0,0.0004570383912248629,0.022851919561243144,6.1070228877422545,0.6931471805599453,3.332204510175204,10.42324578946821,6.1070228877422545,7.691200097522863,1.9906184714459416,3.9318256327243257,True,False,False,False,False,False
6.62799810652082,4092.5737704918033,0,0,0,0,0,0,0,0.08524590163934426,0.13278014513701142,11.88379222697371,3.970291913552122,2.995732273553991,9.876168534673917,7.9329004157683745,6.415096959171596,1.8969222823803258,4.4066691061727825,False,False,True,False,False,False
6.26522859704693,10412.863802559415,0,0,0,0,0,0,0,0.0004570383912248629,0.03395142334813268,6.831953565565855,0.6931471805599453,3.6375861597263857,8.33775665141873,6.831953565565855,7.691200097522863,1.9906184714459416,4.321290399486049,True,False,False,False,False,False
6.0120802929695,6112.369742419302,0,0,0,0,0,0,0,0.00032605151613955004,0.023548165054523056,6.932447891572509,0.6931471805599453,3.4965075614664802,10.553928584884709,6.932447891572509,8.028781162487148,1.9991152142115904,4.293498957166288,False,False,False,True,False,False
6.638243832197137,4092.5737704918033,0,0,0,0,0,0,0,0.019672131147540985,0.0,4.1588830833596715,2.5649493574615367,3.332204510175204,10.118310337677755,1.8325814637483102,6.415096959171596,1.8969222823803258,0.0,False,False,True,False,False,False
7.057160745103791,41763.20315581854,0,0,0,0,0,0,0,0.007326007326007326,0.023392185946612652,11.097970469988296,3.295836866004329,1.6094379124341003,10.633960318450411,7.840252435972119,8.174702882469461,2.0644946046636603,4.431041391769581,False,False,False,False,False,True
6.626533453023366,41763.20315581854,0,0,0,0,0,0,0,0.054945054945054944,0.014088475626937165,4.624972813284271,5.278114659230517,2.833213344056216,9.563059716451976,0.4173598957603135,8.174702882469461,2.0644946046636603,3.9318256327243257,False,False,False,False,False,True
6.195191110040243,6112.369742419302,0,0,0,0,0,0,0,0.0006521030322791001,0.022921332742235404,9.571017297294214,1.0986122886681098,2.995732273553991,7.8686083776014435,8.877939834725023,8.028781162487148,1.9991152142115904,4.266892505820184,False,False,False,True,False,False
6.143175039366146,41763.20315581854,0,0,0,0,0,0,0,0.003663003663003663,0.02305114416407379,10.412591695403778,2.6390573296152584,2.4849066497880004,10.36049018386681,7.84800289320124,8.174702882469461,2.0644946046636603,4.416530841595837,False,False,False,False,False,True
6.767541224610549,7640.563613231552,0,0,0,0,0,0,0,0.0006361323155216285,0.03635041802980734,6.052089168924417,0.6931471805599453,3.332204510175204,10.355922751208103,6.052089168924417,7.360739903058278,2.0186487050933315,4.062903036387282,False,False,False,False,True,False
6.195191110040243,6112.369742419302,0,0,0,0,0,0,0,0.0006521030322791001,0.02142624248917043,6.956545443151569,1.0986122886681098,2.8903717578961645,7.8686083776014435,6.264350190317006,8.028781162487148,1.9991152142115904,4.200419108613584,False,False,False,True,False,False
6.4005139555106965,7640.563613231552,0,0,0,0,0,0,0,0.004452926208651399,0.045710106504548154,9.661670735956298,2.0794415416798357,3.4657359027997265,10.261141994112817,7.716142582194354,7.360739903058278,2.0186487050933315,4.288488835370694,False,False,False,False,True,False
6.7961275127633884,41763.20315581854,0,0,0,0,0,0,0,0.0033812341504649195,0.022543332581298387,11.554000227541948,2.5649493574615367,2.5649493574615367,10.330505671100358,9.069199145492545,8.174702882469461,2.0644946046636603,4.394526773030772,False,False,False,False,False,True
5.879225467208256,7640.563613231552,0,0,0,0,0,0,0,0.0006361323155216285,0.04580152671755725,6.761572768804055,0.6931471805599453,4.248495242049359,8.024343613012375,6.761572768804055,7.360739903058278,2.0186487050933315,4.290459441148391,False,False,False,False,True,False
6.5004185244497705,7640.563613231552,0,0,0,0,0,0,0,0.004452926208651399,0.04409929397030354,9.920246336351083,2.0794415416798357,3.784189633918261,9.91128039696677,7.974631158046642,7.360739903058278,2.0186487050933315,4.2531144160955225,False,False,False,False,True,False
6.914011683887675,41763.20315581854,0,0,0,0,0,0,0,0.007326007326007326,0.02413264454188721,12.155820913791032,3.295836866004329,3.4011973816621555,10.678570474694729,8.897855809102811,8.174702882469461,2.0644946046636603,4.461839571480857,False,False,False,False,False,True
6.797055624323251,10412.863802559415,0,0,0,0,0,0,0,0.0004570383912248629,0.038182954203596145,8.956222016362542,0.6931471805599453,3.1354942159291497,10.082491988944946,8.956222016362542,7.691200097522863,1.9906184714459416,4.4372757022586145,True,False,False,False,False,False
5.558589488847307,41763.20315581854,0,0,0,0,0,0,0,0.003663003663003663,0.0,4.30406509320417,2.6390573296152584,3.784189633918261,5.858417164315927,1.889397938791971,8.174702882469461,2.0644946046636603,0.0,False,False,False,False,False,True
6.26522859704693,41763.20315581854,0,0,0,0,0,0,0,0.007326007326007326,0.02035002035002035,5.69035945432406,3.295836866004329,3.044522437723423,8.33775665141873,2.5133445851085336,8.174702882469461,2.0644946046636603,4.293498957166288,False,False,False,False,False,True
5.879225467208256,1266.400447427293,0,0,0,0,0,0,0,0.0022371364653243847,0.15633001805881244,7.334981878871814,0.6931471805599453,2.6390573296152584,8.024343613012375,7.334981878871814,6.104793232414985,1.8852953146630171,4.260981507067858,False,True,False,False,False,False
6.827850625188941,6112.369742419302,0,0,0,0,0,0,0,0.00032605151613955004,0.0,4.174387269895637,0.6931471805599453,2.995732273553991,9.960021534452826,4.174387269895637,8.028781162487148,1.9991152142115904,0.0,False,False,False,True,False,False
6.045175999634896,6112.369742419302,0,0,0,0,0,0,0,0.00032605151613955004,0.0,4.61512051684126,0.6931471805599453,4.02535169073515,7.952065901555757,4.61512051684126,8.028781162487148,1.9991152142115904,0.0,False,False,False,True,False,False
6.8598337531449705,10412.863802559415,0,0,0,0,0,0,0,0.0004570383912248629,0.03211621127526064,8.561018670956267,0.6931471805599453,3.713572066704308,10.577520253229903,8.561018670956267,7.691200097522863,1.9906184714459416,4.266479273709062,True,False,False,False,False,False
6.593691411029677,6112.369742419302,0,0,0,0,0,0,0,0.00032605151613955004,0.02535956236640945,7.675081857716334,0.6931471805599453,2.5649493574615367,10.089001508117502,7.675081857716334,8.028781162487148,1.9991152142115904,4.366630949195908,False,False,False,True,False,False
6.809967236350467,41763.20315581854,0,0,0,0,0,0,0,0.007326007326007326,0.024390207540390688,11.579546191812124,3.295836866004329,2.9444389791664403,10.248063522373036,8.321683513933987,8.174702882469461,2.0644946046636603,4.472333940959301,False,False,False,False,False,True
6.7386854344927904,7640.563613231552,0,0,0,0,0,0,0,0.0006361323155216285,0.041292799428596934,7.383989457978509,0.6931471805599453,2.3978952727983707,10.145869480287827,7.383989457978509,7.360739903058278,2.0186487050933315,4.188324777739418,False,False,False,False,True,False
6.871307937222645,41763.20315581854,0,0,0,0,0,0,0,0.0033812341504649195,0.022813775951233507,11.316983571081163,2.5649493574615367,2.1972245773362196,10.421852553383838,8.83221072252555,8.174702882469461,2.0644946046636603,4.406305635530513,False,False,False,False,False,True
6.880608609282059,41763.20315581854,0,0,0,0,0,0,0,0.0070442378134685825,0.02275779340969007,11.170266127654456,3.258096538021482,2.4849066497880004,10.37627619549733,7.951728330958487,8.174702882469461,2.0644946046636603,4.403878738922735,False,False,False,False,False,True
5.459667665453769,10412.863802559415,0,0,0,0,0,0,0,0.0004570383912248629,0.027422303473491772,5.7899601708972535,0.6931471805599453,4.356708826689592,8.948486118878149,5.7899601708972535,7.691200097522863,1.9906184714459416,4.110873864173311,True,False,False,False,False,False
6.844614966234576,7640.563613231552,0,0,0,0,0,0,0,0.0006361323155216285,0.04493093153684337,9.923192135810464,0.6931471805599453,3.713572066704308,10.253585385671725,9.923192135810464,7.360739903058278,2.0186487050933315,4.271533865615274,False,False,False,False,True,False
6.744524531479761,41763.20315581854,0,0,0,0,0,0,0,0.0070442378134685825,0.021132713440405747,5.4680601411351315,3.258096538021482,3.367295829986474,10.225216783767557,2.3456445824544927,8.174702882469461,2.0644946046636603,4.330733340286331,False,False,False,False,False,True
6.806802668247975,41763.20315581854,0,0,0,0,0,0,0,0.014652014652014652,0.02295019807018769,9.50822026940441,3.970291913552122,3.295836866004329,10.083392262756888,5.560755592777331,8.174702882469461,2.0644946046636603,4.412195116934147,False,False,False,False,False,True
6.7260204391872715,6112.369742419302,0,0,0,0,0,0,0,0.00097815454841865,0.02794727281196143,7.707062655370473,1.3862943611198906,3.2188758248682006,10.269124640926524,6.60934924316738,8.028781162487148,1.9991152142115904,4.462618642004185,False,False,False,True,False,False
6.728879252982257,6112.369742419302,0,0,0,0,0,0,0,0.00032605151613955004,0.02328939400996786,6.532334292222349,0.6931471805599453,3.044522437723423,10.092995148114731,6.532334292222349,8.028781162487148,1.9991152142115904,4.28260085453587,False,False,False,True,False,False
6.698349863309581,7640.563613231552,0,0,0,0,0,0,0,0.0006361323155216285,0.06361323155216285,6.093569770045136,0.6931471805599453,2.6390573296152584,9.975061436184497,6.093569770045136,7.360739903058278,2.0186487050933315,4.61512051684126,False,False,False,False,True,False
6.662948251583755,41763.20315581854,0,0,0,0,0,0,0,0.003663003663003663,0.02817695125387433,4.454347296253507,2.6390573296152584,3.4657359027997265,10.093243666143405,2.020018121209035,8.174702882469461,2.0644946046636603,4.61512051684126,False,False,False,False,False,True
6.849355532922814,6112.369742419302,0,0,0,0,0,0,0,0.0032605151613955006,0.023992470055551798,7.931644021454311,2.3978952727983707,2.70805020110221,9.931212376483444,5.632286472951131,8.028781162487148,1.9991152142115904,4.311938149744564,False,False,False,True,False,False
6.846428983406856,7640.563613231552,0,0,0,0,0,0,0,0.0006361323155216285,0.034987277353689575,7.067319848653476,0.6931471805599453,4.02535169073515,10.437001171494915,7.067319848653476,7.360739903058278,2.0186487050933315,4.02535169073515,False,False,False,False,True,False
6.545472555472579,10412.863802559415,0,0,0,0,0,0,0,0.0004570383912248629,0.04570383912248629,3.713572066704308,0.6931471805599453,2.3978952727983707,9.366746086695365,3.713572066704308,7.691200097522863,1.9906184714459416,4.61512051684126,True,False,False,False,False,False
6.195191110040243,6112.369742419302,0,0,0,0,0,0,0,0.00032605151613955004,0.024024848557651052,7.984803389734406,0.6931471805599453,4.276666119016055,7.8686083776014435,7.984803389734406,8.028781162487148,1.9991152142115904,4.313268697993602,False,False,False,True,False,False
6.195191110040243,6112.369742419302,0,0,0,0,0,0,0,0.0032605151613955006,0.02260623845234214,8.709795057617749,2.3978952727983707,2.6390573296152584,7.8686083776014435,6.408693522136389,8.028781162487148,1.9991152142115904,4.253245844807957,False,False,False,True,False,False
6.866932081635777,41763.20315581854,0,0,0,0,0,0,0,0.007326007326007326,0.0,5.0238805208462765,3.295836866004329,2.70805020110221,10.416963427307499,1.9180531945523471,8.174702882469461,2.0644946046636603,0.0,False,False,False,False,False,True
6.22747829422649,10412.863802559415,0,0,0,0,0,0,0,0.0004570383912248629,0.030469226081657523,4.919980925828125,0.6931471805599453,2.70805020110221,8.715280860702519,4.919980925828125,7.691200097522863,1.9906184714459416,4.214593690373677,True,False,False,False,False,False
6.889796931472984,41763.20315581854,0,0,0,0,0,0,0,0.0033812341504649195,0.0213109298431433,10.332799387118573,2.5649493574615367,3.7376696182833684,10.303091142112413,7.84825069955311,8.174702882469461,2.0644946046636603,4.339021138429543,False,False,False,False,False,True
6.8387887536725165,41763.20315581854,0,0,0,0,0,0,0,0.012116089039165962,0.01844309536617229,7.31455283232408,3.784189633918261,2.833213344056216,10.04340202345158,3.580931614891159,8.174702882469461,2.0644946046636603,4.196518186951408,False,False,False,False,False,True
6.694849741824683,7640.563613231552,0,0,0,0,0,0,0,0.001272264631043257,0.031806615776081425,4.718498871295094,1.0986122886681098,3.7612001156935624,9.72387854305561,4.034240638152395,7.360739903058278,2.0186487050933315,3.9318256327243257,False,False,False,False,True,False
6.195191110040243,6112.369742419302,0,0,0,0,0,0,0,0.0006521030322791001,0.0,4.204692619390966,1.0986122886681098,3.091042453358316,7.8686083776014435,3.5263605246161616,8.028781162487148,1.9991152142115904,0.0,False,False,False,True,False,False
6.770280710903167,6112.369742419302,0,0,0,0,0,0,0,0.004238669709814151,0.025333499095734825,8.434680769841773,2.6390573296152584,2.833213344056216,10.336250744574528,5.872334450726399,8.028781162487148,1.9991152142115904,4.365615730989099,False,False,False,True,False,False
5.659166666666667,10412.863802559415,0,0,0,0,0,0,0,0.0004570383912248629,0.011425959780621572,5.683579767338681,0.6931471805599453,1.9459101490553132,6.188948351641614,5.683579767338681,7.691200097522863,1.9906184714459416,3.258096538021482,True,False,False,False,False,False
6.5264888547538815,41763.20315581854,0,0,0,0,0,0,0,0.002817695125387433,0.02012639375276738,6.6039438246004725,2.3978952727983707,2.833213344056216,9.75745455496221,4.3134800921387715,8.174702882469461,2.0644946046636603,4.28260085453587,False,False,False,False,False,True
6.490044363072911,7640.563613231552,0,0,0,0,0,0,0,0.004452926208651399,0.044746949951141174,9.40894529884324,2.0794415416798357,3.8066624897703196,10.156010640946134,7.463526953076526,7.360739903058278,2.0186487050933315,4.26748809230961,False,False,False,False,True,False
6.819425859292693,41763.20315581854,0,0,0,0,0,0,0,0.014370245139475908,0.021035685371349706,9.107864580386947,3.9512437185814275,2.8903717578961645,10.297393274916782,5.181563213175407,8.174702882469461,2.0644946046636603,4.3261920889077015,False,False,False,False,False,True
6.5264888547538815,10412.863802559415,0,0,0,0,0,0,0,0.0004570383912248629,0.025391021734714605,5.860786223465865,0.6931471805599453,3.258096538021482,9.75745455496221,5.860786223465865,7.691200097522863,1.9906184714459416,4.035223439214303,True,False,False,False,False,False
6.40169871215857,4092.5737704918033,0,0,0,0,0,0,0,0.021311475409836064,0.13938809502936791,9.143345503151904,2.6390573296152584,3.091042453358316,9.324495915651033,6.579678471149265,6.415096959171596,1.8969222823803258,4.454658154535721,False,False,True,False,False,False
6.78786205079695,7640.563613231552,0,0,0,0,0,0,0,0.001272264631043257,0.03469812630117973,6.306275286948016,1.0986122886681098,3.1780538303479458,10.759904094761518,5.614951260949585,7.360739903058278,2.0186487050933315,4.017201686373225,False,False,False,False,True,False
6.510263751421897,10412.863802559415,0,0,0,0,0,0,0,0.0004570383912248629,0.02801203042991095,9.003439196207838,0.6931471805599453,2.70805020110221,9.93043086016947,9.003439196207838,7.691200097522863,1.9906184714459416,4.131806077943368,True,False,False,False,False,False
5.558589488847307,6112.369742419302,0,0,0,0,0,0,0,0.00032605151613955004,0.0,4.418840607796598,0.6931471805599453,3.4965075614664802,5.858417164315927,4.418840607796598,8.028781162487148,1.9991152142115904,0.0,False,False,False,True,False,False
6.5004185244497705,41763.20315581854,0,0,0,0,0,0,0,0.0033812341504649195,0.012523089446166369,6.269096283706261,2.5649493574615367,3.4339872044851463,9.91128039696677,3.804808921120997,8.174702882469461,2.0644946046636603,3.816490578706582,False,False,False,False,False,True
6.429001687383052,7640.563613231552,0,0,0,0,0,0,0,0.0019083969465648854,0.041696067740073124,7.845807502637805,1.3862943611198906,3.1780538303479458,10.06323526293831,6.747977686623077,7.360739903058278,2.0186487050933315,4.197896721098883,False,False,False,False,True,False
6.895435877445518,7640.563613231552,0,0,0,0,0,0,0,0.0057251908396946565,0.03832122382660413,8.090708716083997,2.302585092994046,3.4657359027997265,10.26484629637084,5.895932120386418,7.360739903058278,2.0186487050933315,4.114816309650305,False,False,False,False,True,False
6.542387509534415,4092.5737704918033,0,0,0,0,0,0,0,0.003278688524590164,0.08196721311475409,4.430816798843313,1.0986122886681098,2.8903717578961645,9.571478350357028,3.7495040759303713,6.415096959171596,1.8969222823803258,3.9318256327243257,False,False,True,False,False,False
6.620949893864058,10412.863802559415,0,0,0,0,0,0,0,0.0004570383912248629,0.03656307129798903,6.171700597410915,0.6931471805599453,4.31748811353631,9.820537328349257,6.171700597410915,7.691200097522863,1.9906184714459416,4.394449154672439,True,False,False,False,False,False
6.862296271048152,41763.20315581854,0,0,0,0,0,0,0,0.013243167089320936,0.021430357291679067,7.858640655620791,3.871201010907891,2.833213344056216,10.201615170907122,4.026111280593168,8.174702882469461,2.0644946046636603,4.344536817022511,False,False,False,False,False,True
5.7918085106382975,6112.369742419302,0,0,0,0,0,0,0,0.00032605151613955004,0.0,4.442651256490317,0.6931471805599453,3.4657359027997265,7.751630876729169,4.442651256490317,8.028781162487148,1.9991152142115904,0.0,False,False,False,True,False,False
5.558589488847307,6112.369742419302,0,0,0,0,0,0,0,0.0006521030322791001,0.0,3.912023005428146,1.0986122886681098,2.833213344056216,5.858417164315927,3.2386784521643803,8.028781162487148,1.9991152142115904,0.0,False,False,False,True,False,False
6.352351722962997,4092.5737704918033,0,0,0,0,0,0,0,0.019672131147540985,0.13871374527112232,6.968850378341948,2.5649493574615367,2.0794415416798357,9.656823889594369,4.4942386252808095,6.415096959171596,1.8969222823803258,4.449864993814008,False,False,True,False,False,False
5.775788441476067,1266.400447427293,0,0,0,0,0,0,0,0.0022371364653243847,0.11185682326621924,4.6443908991413725,0.6931471805599453,2.772588722239781,8.653460843742746,4.6443908991413725,6.104793232414985,1.8852953146630171,3.9318256327243257,False,True,False,False,False,False
6.289007148338809,10412.863802559415,0,0,0,0,0,0,0,0.0004570383912248629,0.03264559937320449,5.030437921392435,0.6931471805599453,2.5649493574615367,7.921587131345857,5.030437921392435,7.691200097522863,1.9906184714459416,4.28260085453587,True,False,False,False,False,False
6.865604076504098,10412.863802559415,0,0,0,0,0,0,0,0.0004570383912248629,0.03917471924784539,7.091742115095153,0.6931471805599453,2.8903717578961645,10.33276750489403,7.091742115095153,7.691200097522863,1.9906184714459416,4.462618642004185,True,False,False,False,False,False
6.5004185244497705,7640.563613231552,0,0,0,0,0,0,0,0.006997455470737914,0.03774385072094996,9.476849879195163,2.4849066497880004,3.367295829986474,9.91128039696677,7.079720361851931,7.360739903058278,2.0186487050933315,4.099884742597716,False,False,False,False,True,False
6.626533453023366,41763.20315581854,0,0,0,0,0,0,0,0.02817695125387433,0.014088475626937165,4.948759890378168,4.61512051684126,3.258096538021482,9.563059716451976,0.8754687373538999,8.174702882469461,2.0644946046636603,3.9318256327243257,False,False,False,False,False,True
6.882238498533699,10412.863802559415,0,0,0,0,0,0,0,0.0004570383912248629,0.03808653260207191,6.152732694704104,0.6931471805599453,2.9444389791664403,10.162753433877903,6.152732694704104,7.691200097522863,1.9906184714459416,4.43477720005941,True,False,False,False,False,False
6.771417254661099,10412.863802559415,0,0,0,0,0,0,0,0.0004570383912248629,0.03457594785788093,9.429475901892854,0.6931471805599453,2.995732273553991,10.285075427319645,9.429475901892854,7.691200097522863,1.9906184714459416,4.33927796646872,True,False,False,False,False,False
6.035384615384615,4092.5737704918033,0,0,0,0,0,0,0,0.001639344262295082,0.13022396675132766,8.80792062205398,0.6931471805599453,3.5553480614894135,8.859680269588564,8.80792062205398,6.415096959171596,1.8969222823803258,4.387469541623548,False,False,True,False,False,False
6.195191110040243,6112.369742419302,0,0,0,0,0,0,0,0.0006521030322791001,0.023332126843013674,8.520985989654934,1.0986122886681098,4.330733340286331,7.8686083776014435,7.828038032125829,8.028781162487148,1.9991152142115904,4.284408748290273,False,False,False,True,False,False
6.771391394655973,6112.369742419302,0,0,0,0,0,0,0,0.0006521030322791001,0.030687201519016473,6.483107351457199,1.0986122886681098,2.5649493574615367,10.143450585900979,5.791488055075306,8.028781162487148,1.9991152142115904,4.5551145155208905,False,False,False,True,False,False
5.558589488847307,10412.863802559415,0,0,0,0,0,0,0,0.0004570383912248629,0.0,5.365976015021851,0.6931471805599453,2.833213344056216,5.858417164315927,5.365976015021851,7.691200097522863,1.9906184714459416,0.0,True,False,False,False,False,False
6.241442385702294,10412.863802559415,0,0,0,0,0,0,0,0.0004570383912248629,0.04570383912248629,5.988961416889864,0.6931471805599453,3.828641396489095,9.194091527769046,5.988961416889864,7.691200097522863,1.9906184714459416,4.61512051684126,True,False,False,False,False,False
6.48976219033308,6112.369742419302,0,0,0,0,0,0,0,0.00032605151613955004,0.028916786046765525,8.946505025998682,0.6931471805599453,3.367295829986474,9.485106768895054,8.946505025998682,8.028781162487148,1.9991152142115904,4.496334559180243,False,False,False,True,False,False
6.195191110040243,6112.369742419302,0,0,0,0,0,0,0,0.0006521030322791001,0.024734942603690004,7.557994958530806,1.0986122886681098,2.8903717578961645,7.8686083776014435,6.865369562485699,8.028781162487148,1.9991152142115904,4.342012503399395,False,False,False,True,False,False
6.600559763836545,41763.20315581854,0,0,0,0,0,0,0,0.005917159763313609,0.0,4.343805421853684,3.091042453358316,3.2188758248682006,9.95336411187495,1.5301885407799598,8.174702882469461,2.0644946046636603,0.0,False,False,False,False,False,True
7.024208966070818,10412.863802559415,0,0,0,0,0,0,0,0.0004570383912248629,0.034919397569304775,10.256360277191787,0.6931471805599453,3.9889840465642745,10.283230100823646,10.256360277191787,7.691200097522863,1.9906184714459416,4.349033832223088,True,False,False,False,False,False
6.289007148338809,41763.20315581854,0,0,0,0,0,0,0,0.08791208791208792,0.01878463416924955,5.049856007249537,5.746203190540153,2.772588722239781,7.921587131345857,0.40332606985941494,8.174702882469461,2.0644946046636603,4.214593690373677,False,False,False,False,False,True
6.726881389735055,4092.5737704918033,0,0,0,0,0,0,0,0.02028557651330041,0.0,4.07753744390572,2.5933276030091386,3.258096538021482,9.920300326844044,1.7382129473863512,6.415096959171596,1.8969222823803258,0.0,False,False,True,False,False,False
6.726881389735055,7640.563613231552,0,0,0,0,0,0,0,0.001272264631043257,0.03635041802980734,4.859812404361672,1.0986122886681098,3.367295829986474,9.920300326844044,4.174387269895637,7.360739903058278,2.0186487050933315,4.062903036387282,False,False,False,False,True,False
5.558589488847307,41763.20315581854,0,0,0,0,0,0,0,0.011834319526627219,0.009392317084624775,4.795790545596741,3.7612001156935624,2.5649493574615367,5.858417164315927,1.349926716949016,8.174702882469461,2.0644946046636603,3.536116699561526,False,False,False,False,False,True
6.548792989998894,6112.369742419302,0,0,0,0,0,0,0,0.00032605151613955004,0.0,3.9889840465642745,0.6931471805599453,3.5553480614894135,9.223228522439266,3.9889840465642745,8.028781162487148,1.9991152142115904,0.0,False,False,False,True,False,False
6.777521135715492,6112.369742419302,0,0,0,0,0,0,0,0.00032605151613955004,0.02192912851912018,7.848933726364071,0.6931471805599453,3.1780538303479458,10.162238743514406,7.848933726364071,8.028781162487148,1.9991152142115904,4.223274677221658,False,False,False,True,False,False
6.5004185244497705,4092.5737704918033,0,0,0,0,0,0,0,0.001639344262295082,0.1446480231436837,6.620073206530356,0.6931471805599453,2.1972245773362196,9.91128039696677,6.620073206530356,6.415096959171596,1.8969222823803258,4.491276635292317,False,False,True,False,False,False
6.811522504055452,6112.369742419302,0,0,0,0,0,0,0,0.00032605151613955004,0.025536901963377347,8.75605259917045,0.6931471805599453,3.6109179126442243,10.178507420484628,8.75605259917045,8.028781162487148,1.9991152142115904,4.373511462299136,False,False,False,True,False,False
6.904400748459212,10412.863802559415,0,0,0,0,0,0,0,0.0004570383912248629,0.030469226081657523,5.030437921392435,0.6931471805599453,2.8903717578961645,10.321174430583802,5.030437921392435,7.691200097522863,1.9906184714459416,4.214593690373677,True,False,False,False,False,False
6.85231279457413,41763.20315581854,0,0,0,0,0,0,0,0.01098901098901099,0.02086028435369702,9.308555419473137,3.6888794541139363,3.6635616461296463,10.501483184811699,5.648432379573036,8.174702882469461,2.0644946046636603,4.317930004838242,False,False,False,False,False,True
6.195191110040243,6112.369742419302,0,0,0,0,0,0,0,0.0006521030322791001,0.01976069794785152,7.762596048540069,1.0986122886681098,2.833213344056216,7.8686083776014435,7.069874128458572,8.028781162487148,1.9991152142115904,4.120760252161866,False,False,False,True,False,False
6.942102538946082,6112.369742419302,0,0,0,0,0,0,0,0.00032605151613955004,0.0,4.762173934797756,0.6931471805599453,3.7612001156935624,10.35391954551001,4.762173934797756,8.028781162487148,1.9991152142115904,0.0,False,False,False,True,False,False
6.837738345581713,41763.20315581854,0,0,0,0,0,0,0,0.014370245139475908,0.022430002587817178,10.771679880919251,3.9512437185814275,1.6094379124341003,10.106203670125442,6.840902971994296,8.174702882469461,2.0644946046636603,4.3895492584572775,False,False,False,False,False,True
6.666712332713818,6112.369742419302,0,0,0,0,0,0,0,0.0006521030322791001,0.027057747346302938,8.937218450855731,1.0986122886681098,3.784189633918261,10.31590160132363,8.244202667707446,8.028781162487148,1.9991152142115904,4.430651441257158,False,False,False,True,False,False
6.873538262683814,41763.20315581854,0,0,0,0,0,0,0,0.0034866727734892224,0.0,9.555701556014641,2.5933276030091386,3.295836866004329,10.738660355155067,7.040892690077775,8.174702882469461,2.0644946046636603,0.0,False,False,False,False,False,True
6.687391891109108,7640.563613231552,0,0,0,0,0,0,0,0.0006361323155216285,0.04902599020444642,10.653605629355699,0.6931471805599453,3.367295829986474,10.299693967429706,10.653605629355699,7.360739903058278,2.0186487050933315,4.357591214212086,False,False,False,False,True,False
6.912721755531819,41763.20315581854,0,0,0,0,0,0,0,0.0033812341504649195,0.02149485501953929,10.585042805560075,2.5649493574615367,2.833213344056216,10.5613524833085,8.100414323407799,8.174702882469461,2.0644946046636603,4.347502998996801,False,False,False,False,False,True
6.517267998752562,41763.20315581854,0,0,0,0,0,0,0,0.0033812341504649195,0.02246789577106319,11.009621482603084,2.5649493574615367,3.4657359027997265,9.330165765044532,8.52489677580127,8.174702882469461,2.0644946046636603,4.391216306144378,False,False,False,False,False,True
6.872591260121551,41763.20315581854,0,0,0,0,0,0,0,0.0033812341504649195,0.022039397515406654,9.200593020521303,2.5649493574615367,3.6109179126442243,10.23428575184946,6.716796528792519,8.174702882469461,2.0644946046636603,4.372201296008864,False,False,False,False,False,True
6.548792989998894,6112.369742419302,0,0,0,0,0,0,0,0.00032605151613955004,0.0,4.2626798770413155,0.6931471805599453,3.8501476017100584,9.223228522439266,4.2626798770413155,8.028781162487148,1.9991152142115904,0.0,False,False,False,True,False,False
6.726881389735055,7640.563613231552,0,0,0,0,0,0,0,0.0006361323155216285,0.04961031894634084,8.950921764797261,0.6931471805599453,2.8903717578961645,9.920300326844044,8.950921764797261,7.360739903058278,2.0186487050933315,4.3692886167978955,False,False,False,False,True,False
6.195191110040243,6112.369742419302,0,0,0,0,0,0,0,0.0006521030322791001,0.022724802640029247,7.655390644826152,1.0986122886681098,2.5649493574615367,7.8686083776014435,6.962716837056111,8.028781162487148,1.9991152142115904,4.25840271055495,False,False,False,True,False,False
6.677693639525605,6112.369742419302,0,0,0,0,0,0,0,0.00032605151613955004,0.021736767742636668,4.700480365792417,0.6931471805599453,3.4965075614664802,9.328032216867232,4.700480365792417,8.028781162487148,1.9991152142115904,4.214593690373677,False,False,False,True,False,False
6.813109560824221,7640.563613231552,0,0,0,0,0,0,0,0.0006361323155216285,0.05089058524173028,6.6039438246004725,0.6931471805599453,2.8903717578961645,10.213539355010798,6.6039438246004725,7.360739903058278,2.0186487050933315,4.394449154672439,False,False,False,False,True,False
6.841586519643498,41763.20315581854,0,0,0,0,0,0,0,0.0033812341504649195,0.02371728990434026,11.875496989854746,2.5649493574615367,3.367295829986474,10.517400271742334,9.390666884436422,8.174702882469461,2.0644946046636603,4.444680512280945,False,False,False,False,False,True
6.195191110040243,6112.369742419302,0,0,0,0,0,0,0,0.004034627216535132,0.0,7.68662133494462,2.5933276030091386,3.912023005428146,7.8686083776014435,5.176213881447864,8.028781162487148,1.9991152142115904,0.0,False,False,False,True,False,False
6.818634614568482,6112.369742419302,0,0,0,0,0,0,0,0.0019563090968373,0.0,9.643485495857657,1.9459101490553132,3.4339872044851463,10.119785427644883,7.852050207265889,8.028781162487148,1.9991152142115904,0.0,False,False,False,True,False,False
6.666474874898554,4092.5737704918033,0,0,0,0,0,0,0,0.001639344262295082,0.10928961748633878,5.14166355650266,0.6931471805599453,2.4849066497880004,10.107563439479907,5.14166355650266,6.415096959171596,1.8969222823803258,4.214593690373677,False,False,True,False,False,False
5.879225467208256,41763.20315581854,0,0,0,0,0,0,0,0.0034866727734892224,0.0,6.771935555839602,2.5933276030091386,2.3978952727983707,8.024343613012375,4.2692664830191775,8.174702882469461,2.0644946046636603,0.0,False,False,False,False,False,True
6.681211307563058,7640.563613231552,0,0,0,0,0,0,0,0.0006361323155216285,0.05831212892281594,6.415096959171596,0.6931471805599453,3.9512437185814275,10.087858342389445,6.415096959171596,7.360739903058278,2.0186487050933315,4.529008825022527,False,False,False,False,True,False
6.823146793508421,10412.863802559415,0,0,0,0,0,0,0,0.0004570383912248629,0.03739405019112515,8.035926369891792,0.6931471805599453,3.8066624897703196,10.27120685262779,8.035926369891792,7.691200097522863,1.9906184714459416,4.4166476244615875,True,False,False,False,False,False
6.836718312027337,41763.20315581854,0,0,0,0,0,0,0,0.013806706114398421,0.02088212790553928,9.779736745099953,3.912023005428146,2.8903717578961645,10.267777652412327,5.8906289260484455,8.174702882469461,2.0644946046636603,4.3189626516938375,False,False,False,False,False,True
6.855023571108642,41763.20315581854,0,0,0,0,0,0,0,0.0033812341504649195,0.021811676121221996,11.039042320125954,2.5649493574615367,3.4011973816621555,10.579277778179469,8.55431233885207,8.174702882469461,2.0644946046636603,4.36194686054233,False,False,False,False,False,True
6.892032450940177,10412.863802559415,0,0,0,0,0,0,0,0.0004570383912248629,0.0,9.894144037532975,0.6931471805599453,4.007333185232471,10.584620732716276,9.894144037532975,7.691200097522863,1.9906184714459416,0.0,True,False,False,False,False,False
6.5004185244497705,41763.20315581854,0,0,0,0,0,0,0,0.0011270780501549732,0.0,5.808142489980444,1.6094379124341003,2.5649493574615367,9.91128039696677,4.430816798843313,8.174702882469461,2.0644946046636603,0.0,False,False,False,False,False,True
6.195191110040243,6112.369742419302,0,0,0,0,0,0,0,0.00032605151613955004,0.021736767742636668,5.846438775057725,0.6931471805599453,3.4011973816621555,7.8686083776014435,5.846438775057725,8.028781162487148,1.9991152142115904,4.214593690373677,False,False,False,True,False,False
6.7599011556096515,6112.369742419302,0,0,0,0,0,0,0,0.00032605151613955004,0.024453863710466255,5.181783550292085,0.6931471805599453,2.833213344056216,10.430227011610212,5.181783550292085,8.028781162487148,1.9991152142115904,4.330733340286331,False,False,False,True,False,False
6.865604076504098,41763.20315581854,0,0,0,0,0,0,0,0.0030994646379261764,0.023916367821877744,10.886071515144115,2.4849066497880004,2.6390573296152584,10.33276750489403,8.488363396111826,8.174702882469461,2.0644946046636603,4.452941534212473,False,False,False,False,False,True
6.759601265276012,7640.563613231552,0,0,0,0,0,0,0,0.0006361323155216285,0.05047851572560291,8.580167990577626,0.6931471805599453,3.258096538021482,10.104743497191839,8.580167990577626,7.360739903058278,2.0186487050933315,4.386419804564281,False,False,False,False,True,False
6.671140218499566,7640.563613231552,0,0,0,0,0,0,0,0.0057251908396946565,0.0449790526126404,9.285355075781629,2.302585092994046,3.58351893845611,9.763111410243045,7.08887240703921,7.360739903058278,2.0186487050933315,4.272589357904796,False,False,False,False,True,False
6.751325022977751,4092.5737704918033,0,0,0,0,0,0,0,0.02028557651330041,0.0,5.459585514144159,2.5933276030091386,3.258096538021482,10.139510857462417,2.9912377300656194,6.415096959171596,1.8969222823803258,0.0,False,False,True,False,False,False
6.856607732998538,7640.563613231552,0,0,0,0,0,0,0,0.0006361323155216285,0.05018761293653428,10.175306975774374,0.6931471805599453,3.5263605246161616,10.516634692996599,10.175306975774374,7.360739903058278,2.0186487050933315,4.380712365603418,False,False,False,False,True,False
6.611008795452359,6112.369742419302,0,0,0,0,0,0,0,0.0026084121291164004,0.017261550854446767,6.810142450115136,2.1972245773362196,3.295836866004329,9.730221035696678,4.738389029774314,8.028781162487148,1.9991152142115904,3.987894128200249,False,False,False,True,False,False
6.5004185244497705,41763.20315581854,0,0,0,0,0,0,0,0.0033812341504649195,0.0,4.48863636973214,2.5649493574615367,2.8903717578961645,9.91128039696677,2.120263536200091,8.174702882469461,2.0644946046636603,0.0,False,False,False,False,False,True
6.662948251583755,6112.369742419302,0,0,0,0,0,0,0,0.0029344636452559502,0.019563090968373,5.1647859739235145,2.302585092994046,2.9444389791664403,10.093243666143405,3.0122615755052013,8.028781162487148,1.9991152142115904,4.110873864173311,False,False,False,True,False,False
6.727021465257666,41763.20315581854,0,0,0,0,0,0,0,0.0039447731755424065,0.020641254988303288,7.814803429489359,2.70805020110221,2.772588722239781,10.178210506550755,5.180980659843494,8.174702882469461,2.0644946046636603,4.307516077021219,False,False,False,False,False,True
6.842263033993731,10412.863802559415,0,0,0,0,0,0,0,0.0004570383912248629,0.0,4.143134726391533,0.6931471805599453,3.091042453358316,10.313481846366074,4.143134726391533,7.691200097522863,1.9906184714459416,0.0,True,False,False,False,False,False
6.164566264410774,6112.369742419302,0,0,0,0,0,0,0,0.00032605151613955004,0.022442506955059942,8.700847193443972,0.6931471805599453,3.091042453358316,8.390577965008806,8.700847193443972,8.028781162487148,1.9991152142115904,4.246080454955995,False,False,False,True,False,False
6.195191110040243,6112.369742419302,0,0,0,0,0,0,0,0.00032605151613955004,0.020960454608971075,7.3098814858247865,0.6931471805599453,1.9459101490553132,7.8686083776014435,7.3098814858247865,8.028781162487148,1.9991152142115904,4.178773241838892,False,False,False,True,False,False
6.779219093314246,6112.369742419302,0,0,0,0,0,0,0,0.0006521030322791001,0.024572272889773178,10.329702551562889,1.0986122886681098,2.302585092994046,10.30603857355347,9.636588019266876,8.028781162487148,1.9991152142115904,4.335500393403273,False,False,False,True,False,False
6.853106711451339,41763.20315581854,0,0,0,0,0,0,0,0.003663003663003663,0.01848165619877779,7.987184748233473,2.6390573296152584,2.6390573296152584,10.398178205841795,5.426304572378662,8.174702882469461,2.0644946046636603,4.198575407784805,False,False,False,False,False,True
6.724256288854555,7640.563613231552,0,0,0,0,0,0,0,0.0006361323155216285,0.02827254735651682,5.2574953720277815,0.6931471805599453,2.8903717578961645,10.091309545296372,5.2574953720277815,7.360739903058278,2.0186487050933315,3.816490578706582,False,False,False,False,True,False
6.195191110040243,6112.369742419302,0,0,0,0,0,0,0,0.0006521030322791001,0.02328939400996786,7.877397186353287,1.0986122886681098,3.4011973816621555,7.8686083776014435,7.1846291527173145,8.028781162487148,1.9991152142115904,4.28260085453587,False,False,False,True,False,False
6.662948251583755,41763.20315581854,0,0,0,0,0,0,0,0.0033812341504649195,0.02250963244643785,10.54307571600151,2.5649493574615367,2.302585092994046,10.093243666143405,8.058459154428732,8.174702882469461,2.0644946046636603,4.393049231439575,False,False,False,False,False,True
6.195191110040243,6112.369742419302,0,0,0,0,0,0,0,0.0006521030322791001,0.021489759018288524,7.457609289715606,1.0986122886681098,3.367295829986474,7.8686083776014435,6.7650389767805414,8.028781162487148,1.9991152142115904,4.203334845930506,False,False,False,True,False,False
6.743024351257927,10412.863802559415,0,0,0,0,0,0,0,0.0004570383912248629,0.029084261259764002,7.202661196523238,0.6931471805599453,3.7612001156935624,9.951538989878745,7.202661196523238,7.691200097522863,1.9906184714459416,4.16877715700487,True,False,False,False,False,False
6.195191110040243,6112.369742419302,0,0,0,0,0,0,0,0.00032605151613955004,0.021906586240626018,8.165363632473982,0.6931471805599453,4.060443010546419,7.8686083776014435,8.165363632473982,8.028781162487148,1.9991152142115904,4.22226126359329,False,False,False,True,False,False
6.7842301997157435,10412.863802559415,0,0,0,0,0,0,0,0.0004570383912248629,0.03717245581962218,7.347299700743164,0.6931471805599453,3.5263605246161616,10.055566237327685,7.347299700743164,7.691200097522863,1.9906184714459416,4.410776047959867,True,False,False,False,False,False
6.22747829422649,7640.563613231552,0,0,0,0,0,0,0,0.0006361323155216285,0.043061264435310234,8.825706773447951,0.6931471805599453,3.332204510175204,8.715280860702519,8.825706773447951,7.360739903058278,2.0186487050933315,4.229637223414962,False,False,False,False,True,False
6.662948251583755,4092.5737704918033,0,0,0,0,0,0,0,0.001639344262295082,0.08196721311475409,5.288267030694535,0.6931471805599453,3.828641396489095,10.093243666143405,5.288267030694535,6.415096959171596,1.8969222823803258,3.9318256327243257,False,False,True,False,False,False
6.4998777863533945,6112.369742419302,0,0,0,0,0,0,0,0.0006521030322791001,0.023095315726551467,7.471363088187097,1.0986122886681098,3.332204510175204,9.664815302031121,6.778784897685177,8.028781162487148,1.9991152142115904,4.274348620875693,False,False,False,True,False,False
6.143175039366146,41763.20315581854,0,0,0,0,0,0,0,0.0034866727734892224,0.0,7.516977224604321,2.5933276030091386,3.1354942159291497,10.36049018386681,5.0075293736827335,8.174702882469461,2.0644946046636603,0.0,False,False,False,False,False,True
5.558589488847307,10412.863802559415,0,0,0,0,0,0,0,0.0004570383912248629,0.0,4.110873864173311,0.6931471805599453,3.6635616461296463,5.858417164315927,4.110873864173311,7.691200097522863,1.9906184714459416,0.0,True,False,False,False,False,False
6.7771287869600085,41763.20315581854,0,0,0,0,0,0,0,0.0008453085376162299,0.024000630148703465,9.506362568702965,1.3862943611198906,2.6390573296152584,10.203130528171146,8.40789902315576,8.174702882469461,2.0644946046636603,4.456417667807361,False,False,False,False,False,True
6.195191110040243,6112.369742419302,0,0,0,0,0,0,0,0.00097815454841865,0.01999372504629316,8.486940148245216,1.3862943611198906,2.995732273553991,7.8686083776014435,7.388740060737106,8.028781162487148,1.9991152142115904,4.132294511838667,False,False,False,True,False,False
6.811522504055452,41763.20315581854,0,0,0,0,0,0,0,0.014652014652014652,0.0,5.087596335232384,3.970291913552122,3.044522437723423,10.178507420484628,1.410048447127998,8.174702882469461,2.0644946046636603,0.0,False,False,False,False,False,True
6.387102719161792,1266.400447427293,0,0,0,0,0,0,0,0.0022371364653243847,0.15979546180888463,5.541263545158426,0.6931471805599453,3.295836866004329,9.553622562064977,5.541263545158426,6.104793232414985,1.8852953146630171,4.28260085453587,False,True,False,False,False,False
6.890338018266329,6112.369742419302,0,0,0,0,0,0,0,0.00032605151613955004,0.023610627030795,9.24725072599628,0.6931471805599453,3.091042453358316,10.521209139977445,9.24725072599628,8.028781162487148,1.9991152142115904,4.2961118349070055,False,False,False,True,False,False
6.578031071739346,6112.369742419302,0,0,0,0,0,0,0,0.0019563090968373,0.021818484914601467,8.602636673233706,1.9459101490553132,2.772588722239781,10.18622834034537,6.811794887836226,8.028781162487148,1.9991152142115904,4.218290688928089,False,False,False,True,False,False
6.794607080130419,10412.863802559415,0,0,0,0,0,0,0,0.0004570383912248629,0.04570383912248629,4.5217885770490405,0.6931471805599453,2.1972245773362196,9.797980786126336,4.5217885770490405,7.691200097522863,1.9906184714459416,4.61512051684126,True,False,False,False,False,False
5.775788441476067,1266.400447427293,0,0,0,0,0,0,0,0.0022371364653243847,0.22371364653243847,4.6443908991413725,0.6931471805599453,2.302585092994046,8.653460843742746,4.6443908991413725,6.104793232414985,1.8852953146630171,4.61512051684126,False,True,False,False,False,False
6.769866626233298,10412.863802559415,0,0,0,0,0,0,0,0.0004570383912248629,0.04021937842778794,6.51471269087253,0.6931471805599453,3.2188758248682006,10.283514579558773,6.51471269087253,7.691200097522863,1.9906184714459416,4.48863636973214,True,False,False,False,False,False
6.5004185244497705,7640.563613231552,0,0,0,0,0,0,0,0.003816793893129771,0.05452562704471101,6.859614903654202,1.9459101490553132,3.4657359027997265,9.91128039696677,5.073088308742806,7.360739903058278,2.0186487050933315,4.462618642004185,False,False,False,False,True,False
6.698349863309581,41763.20315581854,0,0,0,0,0,0,0,0.006198929275852353,0.0,5.5093883366279774,3.1354942159291497,3.5263605246161616,9.975061436184497,2.499944527152541,8.174702882469461,2.0644946046636603,0.0,False,False,False,False,False,True
6.622168674698795,7640.563613231552,0,0,0,0,0,0,0,0.0006361323155216285,0.04444212067342884,8.142645185942795,0.6931471805599453,4.23410650459726,9.89558775645304,8.142645185942795,7.360739903058278,2.0186487050933315,4.260748628855124,False,False,False,False,True,False
6.638243832197137,41763.20315581854,0,0,0,0,0,0,0,0.01098901098901099,0.009392317084624775,5.58724865840025,3.6888794541139363,2.9444389791664403,10.118310337677755,2.056750130477765,8.174702882469461,2.0644946046636603,3.536116699561526,False,False,False,False,False,True
6.882238498533699,10412.863802559415,0,0,0,0,0,0,0,0.0004570383912248629,0.03515679932498946,5.863631175598097,0.6931471805599453,3.367295829986474,10.162753433877903,5.863631175598097,7.691200097522863,1.9906184714459416,4.355722146787147,True,False,False,False,False,False
6.891177866809663,6112.369742419302,0,0,0,0,0,0,0,0.00032605151613955004,0.0,8.855663430700124,0.6931471805599453,2.9444389791664403,10.561342722751471,8.855663430700124,8.028781162487148,1.9991152142115904,0.0,False,False,False,True,False,False
6.874852338171388,41763.20315581854,0,0,0,0,0,0,0,0.0033812341504649195,0.023137281595858632,12.06230042271878,2.5649493574615367,4.007333185232471,10.67928100000335,9.577457275073998,8.174702882469461,2.0644946046636603,4.420215714719245,False,False,False,False,False,True
6.84051898277667,41763.20315581854,0,0,0,0,0,0,0,0.003663003663003663,0.023043724490792273,11.498268575626595,2.6390573296152584,3.044522437723423,10.366698222421915,8.933440982530866,8.174702882469461,2.0644946046636603,4.4162127993087985,False,False,False,False,False,True
6.542958467678293,41763.20315581854,0,0,0,0,0,0,0,0.03663003663003663,0.0,4.820281565605037,4.875197323201151,3.4657359027997265,9.733494725610756,0.6658550382719378,8.174702882469461,2.0644946046636603,0.0,False,False,False,False,False,True
6.8536771222611135,10412.863802559415,0,0,0,0,0,0,0,0.0004570383912248629,0.024609759527492617,6.602587892189336,0.6931471805599453,4.189654742026425,10.356631814037343,6.602587892189336,7.691200097522863,1.9906184714459416,4.00453206295276,True,False,False,False,False,False
6.494012152354782,7640.563613231552,0,0,0,0,0,0,0,0.002544529262086514,0.04240882103477523,7.218176838403408,1.6094379124341003,4.51085950651685,10.003184523854106,5.834079475604059,7.360739903058278,2.0186487050933315,4.214593690373677,False,False,False,False,True,False
5.558589488847307,10412.863802559415,0,0,0,0,0,0,0,0.0004570383912248629,0.04570383912248629,3.9889840465642745,0.6931471805599453,2.833213344056216,5.858417164315927,3.9889840465642745,7.691200097522863,1.9906184714459416,4.61512051684126,True,False,False,False,False,False
6.760088734520906,6112.369742419302,0,0,0,0,0,0,0,0.0013042060645582002,0.016302575806977502,6.716594773520978,1.6094379124341003,3.295836866004329,10.248869656956382,5.333925794015404,8.028781162487148,1.9991152142115904,3.9318256327243257,False,False,False,True,False,False
6.695291796530421,10412.863802559415,0,0,0,0,0,0,0,0.0004570383912248629,0.0,4.356708826689592,0.6931471805599453,3.4657359027997265,10.043977932236961,4.356708826689592,7.691200097522863,1.9906184714459416,0.0,True,False,False,False,False,False
6.817531173385809,41763.20315581854,0,0,0,0,0,0,0,0.003663003663003663,0.022643906342500596,9.757536497051824,2.6390573296152584,3.258096538021482,10.447580971721933,7.1932811824174525,8.174702882469461,2.0644946046636603,4.398923372508177,False,False,False,False,False,True
5.775788441476067,1266.400447427293,0,0,0,0,0,0,0,0.0022371364653243847,0.22371364653243847,4.3694478524670215,0.6931471805599453,3.295836866004329,8.653460843742746,4.3694478524670215,6.104793232414985,1.8852953146630171,4.61512051684126,False,True,False,False,False,False
6.945657977762834,6112.369742419302,0,0,0,0,0,0,0,0.00032605151613955004,0.02794727281196143,6.066108090103747,0.6931471805599453,3.1780538303479458,10.201878162041814,6.066108090103747,8.028781162487148,1.9991152142115904,4.462618642004185,False,False,False,True,False,False
6.848855640902553,41763.20315581854,0,0,0,0,0,0,0,0.003663003663003663,0.02191540653079115,6.683360945766275,2.6390573296152584,3.5553480614894135,10.385849541170595,4.133318696653876,8.174702882469461,2.0644946046636603,4.366630949195908,False,False,False,False,False,True
6.665751557835978,41763.20315581854,0,0,0,0,0,0,0,0.005917159763313609,0.014088475626937165,4.6443908991413725,3.091042453358316,1.9459101490553132,10.27576755719141,1.7757591278816138,8.174702882469461,2.0644946046636603,3.9318256327243257,False,False,False,False,False,True
6.490336269696487,6112.369742419302,0,0,0,0,0,0,0,0.00097815454841865,0.0,4.219507705176107,1.3862943611198906,2.995732273553991,8.81811505604364,3.1498829533812494,8.028781162487148,1.9991152142115904,0.0,False,False,False,True,False,False
6.5004185244497705,6112.369742419302,0,0,0,0,0,0,0,0.00032605151613955004,0.016302575806977502,5.159055299214529,0.6931471805599453,3.044522437723423,9.91128039696677,5.159055299214529,8.028781162487148,1.9991152142115904,3.9318256327243257,False,False,False,True,False,False
6.26522859704693,6112.369742419302,0,0,0,0,0,0,0,0.00032605151613955004,0.010868383871318334,4.736198448394496,0.6931471805599453,3.871201010907891,8.33775665141873,4.736198448394496,8.028781162487148,1.9991152142115904,3.536116699561526,False,False,False,True,False,False
6.8393549963377245,6112.369742419302,0,0,0,0,0,0,0,0.00032605151613955004,0.0,4.290459441148391,0.6931471805599453,4.07753744390572,10.354711811512182,4.290459441148391,8.028781162487148,1.9991152142115904,0.0,False,False,False,True,False,False
6.5264888547538815,10412.863802559415,0,0,0,0,0,0,0,0.0004570383912248629,0.0,4.290459441148391,0.6931471805599453,3.9889840465642745,9.75745455496221,4.290459441148391,7.691200097522863,1.9906184714459416,0.0,True,False,False,False,False,False
6.884083369774151,10412.863802559415,0,0,0,0,0,0,0,0.0004570383912248629,0.03283051265492707,10.424748538023646,0.6931471805599453,3.713572066704308,10.279245745217535,10.424748538023646,7.691200097522863,1.9906184714459416,4.288171369191721,True,False,False,False,False,False
6.677183376003879,6112.369742419302,0,0,0,0,0,0,0,0.0013042060645582002,0.02650549474135403,11.74957736630923,1.6094379124341003,4.174387269895637,10.67369946746153,10.3633066828885,8.028781162487148,1.9991152142115904,4.410278179571086,False,False,False,True,False,False
6.769866626233298,41763.20315581854,0,0,0,0,0,0,0,0.005917159763313609,0.023403806505950264,10.261756225813318,3.091042453358316,3.295836866004329,10.283514579558773,7.217932429261289,8.174702882469461,2.0644946046636603,4.43153212971433,False,False,False,False,False,True
6.862123706161936,6112.369742419302,0,0,0,0,0,0,0,0.0006521030322791001,0.024174648323716918,10.101805482414681,1.0986122886681098,2.6390573296152584,10.696716432350447,9.408699306467762,8.028781162487148,1.9991152142115904,4.319401567166928,False,False,False,True,False,False
6.270257490704965,6112.369742419302,0,0,0,0,0,0,0,0.0006521030322791001,0.032605151613955004,5.652489180268651,1.0986122886681098,3.9318256327243257,8.471450016819338,4.962844630259907,8.028781162487148,1.9991152142115904,4.61512051684126,False,False,False,True,False,False
6.7712642973197825,41763.20315581854,0,0,0,0,0,0,0,0.014652014652014652,0.019889612649793647,7.1308988302963465,3.970291913552122,2.70805020110221,10.216022035079984,3.219644759931078,8.174702882469461,2.0644946046636603,4.2709307489313115,False,False,False,False,False,True
6.662948251583755,10412.863802559415,0,0,0,0,0,0,0,0.005484460694698354,0.0,4.653960350157523,2.5649493574615367,2.833213344056216,10.093243666143405,2.268683541318364,7.691200097522863,1.9906184714459416,0.0,True,False,False,False,False,False
6.045175999634896,41763.20315581854,0,0,0,0,0,0,0,0.014652014652014652,0.022698099621176544,6.920671504248683,3.970291913552122,2.9444389791664403,7.952065901555757,3.0185469513201624,8.174702882469461,2.0644946046636603,4.401284451278296,False,False,False,False,False,True
6.873641596354956,4092.5737704918033,0,0,0,0,0,0,0,0.12786885245901639,0.0,4.919980925828125,4.3694478524670215,2.995732273553991,10.56033257357882,1.0092671883322597,6.415096959171596,1.8969222823803258,0.0,False,False,True,False,False,False
6.912720749983493,7640.563613231552,0,0,0,0,0,0,0,0.0006361323155216285,0.0456614149784453,10.469681655831673,0.6931471805599453,2.9444389791664403,10.369468764676839,10.469681655831673,7.360739903058278,2.0186487050933315,4.287437679483642,False,False,False,False,True,False
6.853035714105566,41763.20315581854,0,0,0,0,0,0,0,0.014652014652014652,0.023006518810084045,11.033033102974123,3.970291913552122,2.302585092994046,10.152887359584396,7.082613154236002,8.174702882469461,2.0644946046636603,4.41461646076888,False,False,False,False,False,True
6.5004185244497705,7640.563613231552,0,0,0,0,0,0,0,0.008905852417302799,0.035413551585740145,8.894670262984233,2.70805020110221,3.5263605246161616,9.91128039696677,6.257393877739969,7.360739903058278,2.0186487050933315,4.037246789357278,False,False,False,False,True,False
6.740866461953476,41763.20315581854,0,0,0,0,0,0,0,0.0033812341504649195,0.021132713440405747,6.580639137284949,2.5649493574615367,2.9444389791664403,10.291965944804542,4.110873864173311,8.174702882469461,2.0644946046636603,4.330733340286331,False,False,False,False,False,True
4.9263479368027125,10412.863802559415,0,0,0,0,0,0,0,0.0004570383912248629,0.04570383912248629,5.220355825078324,0.6931471805599453,1.9459101490553132,8.362349991150289,5.220355825078324,7.691200097522863,1.9906184714459416,4.61512051684126,True,False,False,False,False,False
6.490336269696487,7640.563613231552,0,0,0,0,0,0,0,0.0006361323155216285,0.0,4.48863636973214,0.6931471805599453,2.833213344056216,8.81811505604364,4.48863636973214,7.360739903058278,2.0186487050933315,0.0,False,False,False,False,True,False
6.883142933259378,10412.863802559415,0,0,0,0,0,0,0,0.0004570383912248629,0.03462836890568746,9.899931236333352,0.6931471805599453,3.58351893845611,10.605660287233766,9.899931236333352,7.691200097522863,1.9906184714459416,4.340773182058292,True,False,False,False,False,False
6.48976219033308,10412.863802559415,0,0,0,0,0,0,0,0.0004570383912248629,0.027422303473491772,5.638354669333745,0.6931471805599453,3.5553480614894135,9.485106768895054,5.638354669333745,7.691200097522863,1.9906184714459416,4.110873864173311,True,False,False,False,False,False
6.548792989998894,6112.369742419302,0,0,0,0,0,0,0,0.00032605151613955004,0.0,3.58351893845611,0.6931471805599453,3.4011973816621555,9.223228522439266,3.58351893845611,8.028781162487148,1.9991152142115904,0.0,False,False,False,True,False,False
6.5004185244497705,7640.563613231552,0,0,0,0,0,0,0,0.0019083969465648854,0.0461887376922226,9.831185640780722,1.3862943611198906,3.295836866004329,9.91128039696677,8.732680844319532,7.360739903058278,2.0186487050933315,4.298763166203986,False,False,False,False,True,False
6.20715799971213,7640.563613231552,0,0,0,0,0,0,0,0.0019083969465648854,0.03469812630117973,6.6039438246004725,1.3862943611198906,3.367295829986474,9.847465822742766,5.508037897530106,7.360739903058278,2.0186487050933315,4.017201686373225,False,False,False,False,True,False
6.7531871272138275,7640.563613231552,0,0,0,0,0,0,0,0.0006361323155216285,0.041399087200613915,7.67275789664251,0.6931471805599453,2.995732273553991,10.3120155564934,7.67275789664251,7.360739903058278,2.0186487050933315,4.190856520803442,False,False,False,False,True,False
6.454329473147065,10412.863802559415,0,0,0,0,0,0,0,0.0004570383912248629,0.0,4.174387269895637,0.6931471805599453,3.784189633918261,9.426971906880059,4.174387269895637,7.691200097522863,1.9906184714459416,0.0,True,False,False,False,False,False
6.865069761557741,41763.20315581854,0,0,0,0,0,0,0,0.011270780501549732,0.021856887421229623,7.8547691834991324,3.713572066704308,3.6375861597263857,10.217017593653349,4.18090444841621,8.174702882469461,2.0644946046636603,4.36399113667339,False,False,False,False,False,True
6.832389799031742,10412.863802559415,0,0,0,0,0,0,0,0.0004570383912248629,0.03695930787035139,10.878518779432882,0.6931471805599453,3.8066624897703196,10.27314767334534,10.878518779432882,7.691200097522863,1.9906184714459416,4.405095559312325,True,False,False,False,False,False
6.813328166392435,41763.20315581854,0,0,0,0,0,0,0,0.014652014652014652,0.02194774922047649,9.606966531417143,3.970291913552122,3.4339872044851463,10.224726821152451,5.659147128801421,8.174702882469461,2.0644946046636603,4.368086951969101,False,False,False,False,False,True
6.857250290452853,41763.20315581854,0,0,0,0,0,0,0,0.002817695125387433,0.020663097586174507,7.234898420314831,2.3978952727983707,3.4965075614664802,10.122451067823123,4.938781190328272,8.174702882469461,2.0644946046636603,4.308559482792009,False,False,False,False,False,True
4.9263479368027125,10412.863802559415,0,0,0,0,0,0,0,0.0004570383912248629,0.04570383912248629,4.882801922586371,0.6931471805599453,1.791759469228055,8.362349991150289,4.882801922586371,7.691200097522863,1.9906184714459416,4.61512051684126,True,False,False,False,False,False
6.62219037942343,41763.20315581854,0,0,0,0,0,0,0,0.003663003663003663,0.023777896619340887,11.72423932053086,2.6390573296152584,2.4849066497880004,9.818952998441794,9.159387100745866,8.174702882469461,2.0644946046636603,4.4472027076341325,False,False,False,False,False,True
6.5004185244497705,41763.20315581854,0,0,0,0,0,0,0,0.014652014652014652,0.0,4.07753744390572,3.970291913552122,3.4965075614664802,9.91128039696677,0.7492366472109889,8.174702882469461,2.0644946046636603,0.0,False,False,False,False,False,True
6.510263751421897,41763.20315581854,0,0,0,0,0,0,0,0.0033812341504649195,0.024431913428992296,8.598588829620232,2.5649493574615367,3.6888794541139363,9.93043086016947,6.115708149767309,8.174702882469461,2.0644946046636603,4.47402292916036,False,False,False,False,False,True
6.818259710873318,4092.5737704918033,0,0,0,0,0,0,0,0.02028557651330041,0.0,5.662960480135946,2.5933276030091386,2.4849066497880004,10.33352122529784,3.186080506406254,6.415096959171596,1.8969222823803258,0.0,False,False,True,False,False,False
6.85231279457413,41763.20315581854,0,0,0,0,0,0,0,0.018315018315018316,0.02174284427464318,10.119485635689466,4.189654742026425,3.044522437723423,10.501483184811699,5.947673405439939,8.174702882469461,2.0644946046636603,4.358826510131131,False,False,False,False,False,True
6.855113815645509,41763.20315581854,0,0,0,0,0,0,0,0.013806706114398421,0.02185785556826281,9.459229639708807,3.912023005428146,2.995732273553991,10.346894482722437,5.571144754501934,8.174702882469461,2.0644946046636603,4.364034866781664,False,False,False,False,False,True
6.904255601987694,41763.20315581854,0,0,0,0,0,0,0,0.0033812341504649195,0.02027862898916206,10.593304192999618,2.5649493574615367,2.9444389791664403,10.372982108510897,8.108673422578844,8.174702882469461,2.0644946046636603,4.290032696441932,False,False,False,False,False,True
6.5004185244497705,41763.20315581854,0,0,0,0,0,0,0,0.01098901098901099,0.0,4.820281565605037,3.6888794541139363,3.1780538303479458,9.91128039696677,1.4240346891027376,8.174702882469461,2.0644946046636603,0.0,False,False,False,False,False,True
6.891177866809663,7640.563613231552,0,0,0,0,0,0,0,0.0006361323155216285,0.03962921665983678,9.933871257170567,0.6931471805599453,2.9444389791664403,10.561342722751471,9.933871257170567,7.360739903058278,2.0186487050933315,4.14783996618228,False,False,False,False,True,False
7.049731099438997,10412.863802559415,0,0,0,0,0,0,0,0.0004570383912248629,0.034218057562908584,9.989619376165415,0.6931471805599453,3.7612001156935624,10.458349920856369,9.989619376165415,7.691200097522863,1.9906184714459416,4.3290096179992945,True,False,False,False,False,False
6.846405382266574,10412.863802559415,0,0,0,0,0,0,0,0.0004570383912248629,0.037309256426519416,7.845024417241484,0.6931471805599453,2.772588722239781,10.535385037248421,7.845024417241484,7.691200097522863,1.9906184714459416,4.4144049179215346,True,False,False,False,False,False
6.564817405402646,10412.863802559415,0,0,0,0,0,0,0,0.0004570383912248629,0.029297332770824545,7.195187320178709,0.6931471805599453,4.127134385045092,9.61693863054832,7.195187320178709,7.691200097522863,1.9906184714459416,4.175963935575032,True,False,False,False,False,False
6.978610296211153,6112.369742419302,0,0,0,0,0,0,0,0.00032605151613955004,0.022797097876423825,9.787852208937204,0.6931471805599453,3.58351893845611,10.704709537581452,9.787852208937204,8.028781162487148,1.9991152142115904,4.261534139060801,False,False,False,True,False,False
6.710992965592992,6112.369742419302,0,0,0,0,0,0,0,0.0006521030322791001,0.024453863710466255,5.209486152841421,1.0986122886681098,3.4965075614664802,10.237340591314616,4.5217885770490405,8.028781162487148,1.9991152142115904,4.330733340286331,False,False,False,True,False,False
6.195191110040243,6112.369742419302,0,0,0,0,0,0,0,0.0006521030322791001,0.020545711975916852,7.724004656676065,1.0986122886681098,2.995732273553991,7.8686083776014435,7.031299465073592,8.028781162487148,1.9991152142115904,4.159097101552035,False,False,False,True,False,False
6.801305199251226,7640.563613231552,0,0,0,0,0,0,0,0.0006361323155216285,0.05059900978128996,10.632122526025627,0.6931471805599453,4.07753744390572,10.691628402533764,10.632122526025627,7.360739903058278,2.0186487050933315,4.3887743596873,False,False,False,False,True,False
6.87766634343254,41763.20315581854,0,0,0,0,0,0,0,0.0039447731755424065,0.023828656307288785,11.41177828296527,2.70805020110221,2.995732273553991,10.341513477060927,8.772864780138553,8.174702882469461,2.0644946046636603,4.449310227245546,False,False,False,False,False,True
6.195560357097322,41763.20315581854,0,0,0,0,0,0,0,0.013524936601859678,0.0070442378134685825,6.688354713946762,3.8918202981106265,3.4339872044851463,9.590465530701902,2.874035338576471,8.174702882469461,2.0644946046636603,3.258096538021482,False,False,False,False,False,True
6.393797237117623,4092.5737704918033,0,0,0,0,0,0,0,0.001639344262295082,0.1008827238335435,6.423246963533519,0.6931471805599453,2.70805020110221,9.585589680262684,6.423246963533519,6.415096959171596,1.8969222823803258,4.135781752086274,False,False,True,False,False,False
6.860330960269029,6112.369742419302,0,0,0,0,0,0,0,0.00032605151613955004,0.024851487510636438,10.250723085080114,0.6931471805599453,3.713572066704308,10.330800524775379,10.250723085080114,8.028781162487148,1.9991152142115904,4.34665217373665,False,False,False,True,False,False
6.195191110040243,6112.369742419302,0,0,0,0,0,0,0,0.00097815454841865,0.021736767742636668,7.221835825288449,1.3862943611198906,3.367295829986474,7.8686083776014435,6.124683390894205,8.028781162487148,1.9991152142115904,4.214593690373677,False,False,False,True,False,False
6.192033733782523,41763.20315581854,0,0,0,0,0,0,0,0.002817695125387433,0.0,4.74493212836325,2.3978952727983707,3.4011973816621555,9.566331310956217,2.517696472610991,8.174702882469461,2.0644946046636603,0.0,False,False,False,False,False,True
6.854177517817962,7640.563613231552,0,0,0,0,0,0,0,0.0006361323155216285,0.045160538430161414,9.75074421527093,0.6931471805599453,4.1588830833596715,10.393962300619801,9.75074421527093,7.360739903058278,2.0186487050933315,4.276560091342733,False,False,False,False,True,False
6.638243832197137,10412.863802559415,0,0,0,0,0,0,0,0.0004570383912248629,0.022851919561243144,5.176149732573829,0.6931471805599453,4.110873864173311,10.118310337677755,5.176149732573829,7.691200097522863,1.9906184714459416,3.9318256327243257,True,False,False,False,False,False
6.838031687583859,6112.369742419302,0,0,0,0,0,0,0,0.00032605151613955004,0.025776847611032487,8.089482474360754,0.6931471805599453,3.970291913552122,10.2478545383878,8.089482474360754,8.028781162487148,1.9991152142115904,4.382746270961522,False,False,False,True,False,False
6.195191110040243,6112.369742419302,0,0,0,0,0,0,0,0.00097815454841865,0.020921638952287797,7.881559917056899,1.3862943611198906,2.1972245773362196,7.8686083776014435,6.783702630312158,8.028781162487148,1.9991152142115904,4.17694809075731,False,False,False,True,False,False
6.728879252982257,10412.863802559415,0,0,0,0,0,0,0,0.0004570383912248629,0.030469226081657523,6.668228248417403,0.6931471805599453,4.02535169073515,10.092995148114731,6.668228248417403,7.691200097522863,1.9906184714459416,4.214593690373677,True,False,False,False,False,False
6.815735505792911,41763.20315581854,0,0,0,0,0,0,0,0.0357847280924204,0.02205399202768031,10.66143884396157,4.852030263919617,2.70805020110221,10.073444825078106,5.8201997486883,8.174702882469461,2.0644946046636603,4.372854924158458,False,False,False,False,False,True
6.962509704750916,41763.20315581854,0,0,0,0,0,0,0,0.006762468300929839,0.023862735365650197,11.69599674065473,3.2188758248682006,3.8066624897703196,10.556740460929715,8.51813441499299,8.174702882469461,2.0644946046636603,4.450722686595677,False,False,False,False,False,True
6.858401896991866,41763.20315581854,0,0,0,0,0,0,0,0.014088475626937165,0.023472999551020435,11.095848195933886,3.9318256327243257,3.4657359027997265,10.266437688914678,7.184568498868809,8.174702882469461,2.0644946046636603,4.434449186663027,False,False,False,False,False,True
6.604842707205482,41763.20315581854,0,0,0,0,0,0,0,0.003663003663003663,0.0202296060284226,8.17526610411206,2.6390573296152584,2.8903717578961645,9.94521695986674,5.613689431129163,8.174702882469461,2.0644946046636603,4.287645510343324,False,False,False,False,False,True
6.195191110040243,7640.563613231552,0,0,0,0,0,0,0,0.001272264631043257,0.0,5.541263545158426,1.0986122886681098,3.4965075614664802,7.8686083776014435,4.852030263919617,7.360739903058278,2.0186487050933315,0.0,False,False,False,False,True,False
6.5264888547538815,7640.563613231552,0,0,0,0,0,0,0,0.0006361323155216285,0.04265828468792096,7.948031990637284,0.6931471805599453,3.6888794541139363,9.75745455496221,7.948031990637284,7.360739903058278,2.0186487050933315,4.220372383137461,False,False,False,False,True,False
6.394574507380366,6112.369742419302,0,0,0,0,0,0,0,0.00032605151613955004,0.027714378871861754,7.029972911706386,0.6931471805599453,2.833213344056216,10.525671434460843,7.029972911706386,8.028781162487148,1.9991152142115904,4.454347296253507,False,False,False,True,False,False
6.883142933259378,7640.563613231552,0,0,0,0,0,0,0,0.0006361323155216285,0.04976385641719012,9.455636727931525,0.6931471805599453,3.7376696182833684,10.605660287233766,9.455636727931525,7.360739903058278,2.0186487050933315,4.372339645527006,False,False,False,False,True,False
6.651400643424755,10412.863802559415,0,0,0,0,0,0,0,0.0004570383912248629,0.0,5.0238805208462765,0.6931471805599453,3.8918202981106265,10.091938442844839,5.0238805208462765,7.691200097522863,1.9906184714459416,0.0,True,False,False,False,False,False
6.62799810652082,4092.5737704918033,0,0,0,0,0,0,0,0.02459016393442623,0.124966406879871,9.672374831572242,2.772588722239781,3.295836866004329,9.876168534673917,6.965206242617813,6.415096959171596,1.8969222823803258,4.34678161452673,False,False,True,False,False,False
6.6819426705842195,41763.20315581854,0,0,0,0,0,0,0,0.02479571710340941,0.0,3.6375861597263857,4.48863636973214,3.044522437723423,9.837538159759628,0.35097692282409465,8.174702882469461,2.0644946046636603,0.0,False,False,False,False,False,True
5.879225467208256,1266.400447427293,0,0,0,0,0,0,0,0.0022371364653243847,0.22371364653243847,4.394449154672439,0.6931471805599453,3.258096538021482,8.024343613012375,4.394449154672439,6.104793232414985,1.8852953146630171,4.61512051684126,False,True,False,False,False,False
6.5004185244497705,10412.863802559415,0,0,0,0,0,0,0,0.0004570383912248629,0.022851919561243144,4.68213122712422,0.6931471805599453,3.6375861597263857,9.91128039696677,4.68213122712422,7.691200097522863,1.9906184714459416,3.9318256327243257,True,False,False,False,False,False
6.26522859704693,41763.20315581854,0,0,0,0,0,0,0,0.002817695125387433,0.0,3.7376696182833684,2.3978952727983707,2.772588722239781,8.33775665141873,1.62924053973028,8.174702882469461,2.0644946046636603,0.0,False,False,False,False,False,True
6.5264888547538815,10412.863802559415,0,0,0,0,0,0,0,0.0022851919561243145,0.0,4.634728988229636,1.791759469228055,3.1780538303479458,9.75745455496221,3.0633909220278057,7.691200097522863,1.9906184714459416,0.0,True,False,False,False,False,False
6.635758036799406,7640.563613231552,0,0,0,0,0,0,0,0.0019083969465648854,0.04089422028353326,8.046229101075378,1.3862943611198906,4.442651256490317,9.887414115563827,6.948257222291467,7.360739903058278,2.0186487050933315,4.178773241838892,False,False,False,False,True,False
6.861946953195274,6112.369742419302,0,0,0,0,0,0,0,0.0019563090968373,0.02852950766221063,7.478734825567875,1.9459101490553132,3.1780538303479458,10.366166322818216,5.689796232681461,8.028781162487148,1.9991152142115904,4.483002552013883,False,False,False,True,False,False
6.662948251583755,7640.563613231552,0,0,0,0,0,0,0,0.0006361323155216285,0.048164303889494726,8.277411998949004,0.6931471805599453,3.367295829986474,10.093243666143405,8.277411998949004,7.360739903058278,2.0186487050933315,4.3400879454535515,False,False,False,False,True,False
6.786000370687271,41763.20315581854,0,0,0,0,0,0,0,0.007326007326007326,0.022831408225103905,10.092329472153317,3.295836866004329,2.833213344056216,9.939591632397473,6.83526729571271,8.174702882469461,2.0644946046636603,4.4070687933719155,False,False,False,False,False,True
6.77042944595717,41763.20315581854,0,0,0,0,0,0,0,0.0033812341504649195,0.0221056744643655,10.148236027602723,2.5649493574615367,2.9444389791664403,10.34169611521055,7.6637598809229495,8.174702882469461,2.0644946046636603,4.375166138620554,False,False,False,False,False,True
6.6430291428883415,10412.863802559415,0,0,0,0,0,0,0,0.0004570383912248629,0.0402556993595409,8.650499558724462,0.6931471805599453,3.044522437723423,9.86229888291955,8.650499558724462,7.691200097522863,1.9906184714459416,4.489528894893657,True,False,False,False,False,False
6.926851217059217,7640.563613231552,0,0,0,0,0,0,0,0.0006361323155216285,0.04878022140486257,11.80694491376462,0.6931471805599453,3.4339872044851463,10.586928048147463,11.80694491376462,7.360739903058278,2.0186487050933315,4.352630110388273,False,False,False,False,True,False
6.576598130934997,7640.563613231552,0,0,0,0,0,0,0,0.0019083969465648854,0.031806615776081425,6.440946540632921,1.3862943611198906,3.2188758248682006,9.946553577092503,5.345518968032331,7.360739903058278,2.0186487050933315,3.9318256327243257,False,False,False,False,True,False
6.490336269696487,41763.20315581854,0,0,0,0,0,0,0,0.014652014652014652,0.0,4.189654742026425,3.970291913552122,3.2188758248682006,8.81811505604364,0.8109302162163288,8.174702882469461,2.0644946046636603,0.0,False,False,False,False,False,True
6.738572847556955,7640.563613231552,0,0,0,0,0,0,0,0.0006361323155216285,0.0,4.219507705176107,0.6931471805599453,3.091042453358316,10.406176714829902,4.219507705176107,7.360739903058278,2.0186487050933315,0.0,False,False,False,False,True,False
6.548792989998894,6112.369742419302,0,0,0,0,0,0,0,0.00032605151613955004,0.032605151613955004,3.871201010907891,0.6931471805599453,3.367295829986474,9.223228522439266,3.871201010907891,8.028781162487148,1.9991152142115904,4.61512051684126,False,False,False,True,False,False
6.630218602658826,6112.369742419302,0,0,0,0,0,0,0,0.0013042060645582002,0.024099459888575436,8.547334348328224,1.6094379124341003,3.258096538021482,10.32243135769455,7.161622002939187,8.028781162487148,1.9991152142115904,4.31632802059878,False,False,False,True,False,False
6.923291249533241,41763.20315581854,0,0,0,0,0,0,0,0.003663003663003663,0.023231956430336997,12.549672988161536,2.6390573296152584,3.091042453358316,10.550400635653794,9.984766182533459,8.174702882469461,2.0644946046636603,4.424250206980141,False,False,False,False,False,True
6.846129964693616,10412.863802559415,0,0,0,0,0,0,0,0.0004570383912248629,0.03616127930570344,10.270385067495035,0.6931471805599453,2.9444389791664403,10.281111090781495,10.270385067495035,7.691200097522863,1.9906184714459416,4.38353648328958,True,False,False,False,False,False
6.751797143671785,10412.863802559415,0,0,0,0,0,0,0,0.0004570383912248629,0.03264559937320449,6.003887067106539,0.6931471805599453,3.6375861597263857,10.176166295747496,6.003887067106539,7.691200097522863,1.9906184714459416,4.28260085453587,True,False,False,False,False,False
6.58558055977916,10412.863802559415,0,0,0,0,0,0,0,0.0004570383912248629,0.03808653260207191,5.231108616854587,0.6931471805599453,2.8903717578961645,9.56895283095515,5.231108616854587,7.691200097522863,1.9906184714459416,4.43477720005941,True,False,False,False,False,False
6.5004185244497705,41763.20315581854,0,0,0,0,0,0,0,0.007326007326007326,0.0,4.110873864173311,3.295836866004329,2.833213344056216,9.91128039696677,1.1962507582320256,8.174702882469461,2.0644946046636603,0.0,False,False,False,False,False,True
6.8949014445340095,10412.863802559415,0,0,0,0,0,0,0,0.0004570383912248629,0.011425959780621572,4.718498871295094,0.6931471805599453,3.4011973816621555,10.011559008035396,4.718498871295094,7.691200097522863,1.9906184714459416,3.258096538021482,True,False,False,False,False,False
6.948906203601128,10412.863802559415,0,0,0,0,0,0,0,0.0004570383912248629,0.035383617385150674,7.087573705557973,0.6931471805599453,2.5649493574615367,10.30436963557913,7.087573705557973,7.691200097522863,1.9906184714459416,4.362070769830977,True,False,False,False,False,False
6.889678266422713,41763.20315581854,0,0,0,0,0,0,0,0.014088475626937165,0.016101115002213902,6.825460036255307,3.9318256327243257,3.2188758248682006,10.37484668725167,2.9652730660692823,8.174702882469461,2.0644946046636603,4.062903036387282,False,False,False,False,False,True
6.26522859704693,6112.369742419302,0,0,0,0,0,0,0,0.00032605151613955004,0.016302575806977502,4.709530201312334,0.6931471805599453,3.784189633918261,8.33775665141873,4.709530201312334,8.028781162487148,1.9991152142115904,3.9318256327243257,False,False,False,True,False,False
6.66391737475365,10412.863802559415,0,0,0,0,0,0,0,0.0004570383912248629,0.03264559937320449,9.224637676677007,0.6931471805599453,3.5263605246161616,9.799753131264394,9.224637676677007,7.691200097522863,1.9906184714459416,4.28260085453587,True,False,False,False,False,False
6.5970797128209036,7640.563613231552,0,0,0,0,0,0,0,0.003816793893129771,0.046414866018516215,9.398063978059133,1.9459101490553132,3.6109179126442243,10.305502616439773,7.606718844863522,7.360739903058278,2.0186487050933315,4.30358077839008,False,False,False,False,True,False
6.728879252982257,6112.369742419302,0,0,0,0,0,0,0,0.0013042060645582002,0.0286530120243847,6.980075940561763,1.6094379124341003,2.9444389791664403,10.092995148114731,5.596568390349052,8.028781162487148,1.9991152142115904,4.487273507510971,False,False,False,True,False,False
6.803646710173455,10412.863802559415,0,0,0,0,0,0,0,0.0004570383912248629,0.03948741655984926,9.620461291620542,0.6931471805599453,3.9318256327243257,10.052969239529908,9.620461291620542,7.691200097522863,1.9906184714459416,4.470477747415645,True,False,False,False,False,False
6.195191110040243,6112.369742419302,0,0,0,0,0,0,0,0.00032605151613955004,0.022724802640029247,6.598509028614515,0.6931471805599453,3.8918202981106265,7.8686083776014435,6.598509028614515,8.028781162487148,1.9991152142115904,4.25840271055495,False,False,False,True,False,False
6.770580228122137,6112.369742419302,0,0,0,0,0,0,0,0.00032605151613955004,0.0,4.382026634673881,0.6931471805599453,2.995732273553991,9.565902027006107,4.382026634673881,8.028781162487148,1.9991152142115904,0.0,False,False,False,True,False,False
6.771391394655973,41763.20315581854,0,0,0,0,0,0,0,0.0033812341504649195,0.02255750270112146,9.874470603465635,2.5649493574615367,3.295836866004329,10.143450585900979,7.390129986574113,8.174702882469461,2.0644946046636603,4.395147393393704,False,False,False,False,False,True
6.5004185244497705,41763.20315581854,0,0,0,0,0,0,0,0.003663003663003663,0.021547080370609782,7.487733761436444,2.6390573296152584,2.9444389791664403,9.91128039696677,4.929480857570029,8.174702882469461,2.0644946046636603,4.349898357687065,False,False,False,False,False,True
5.775788441476067,1266.400447427293,0,0,0,0,0,0,0,0.0022371364653243847,0.0,3.713572066704308,0.6931471805599453,2.9444389791664403,8.653460843742746,3.713572066704308,6.104793232414985,1.8852953146630171,0.0,False,True,False,False,False,False
6.958528069447691,41763.20315581854,0,0,0,0,0,0,0,0.0034866727734892224,0.0,10.00487016682473,2.5933276030091386,2.833213344056216,10.693040942115601,7.489770118899424,8.174702882469461,2.0644946046636603,0.0,False,False,False,False,False,True
6.771417254661099,10412.863802559415,0,0,0,0,0,0,0,0.0004570383912248629,0.036081978254594436,6.796823718274855,0.6931471805599453,2.772588722239781,10.285075427319645,6.796823718274855,7.691200097522863,1.9906184714459416,4.381368523429332,True,False,False,False,False,False
6.789913963632036,41763.20315581854,0,0,0,0,0,0,0,0.007326007326007326,0.023579304273268906,12.561359626694058,3.295836866004329,3.332204510175204,10.485758650842103,9.303350706365096,8.174702882469461,2.0644946046636603,4.438914292917795,False,False,False,False,False,True
6.6029994474022455,41763.20315581854,0,0,0,0,0,0,0,0.05635390250774866,0.01878463416924955,5.272999558563747,5.303304908059076,2.9444389791664403,9.912780913172137,0.6780335427498971,8.174702882469461,2.0644946046636603,4.214593690373677,False,False,False,False,False,True
6.794607080130419,10412.863802559415,0,0,0,0,0,0,0,0.0004570383912248629,0.018281535648994516,5.303304908059076,0.6931471805599453,3.1354942159291497,9.797980786126336,5.303304908059076,7.691200097522863,1.9906184714459416,3.713572066704308,True,False,False,False,False,False
5.879225467208256,1266.400447427293,0,0,0,0,0,0,0,0.0022371364653243847,0.11185682326621924,4.418840607796598,0.6931471805599453,2.3978952727983707,8.024343613012375,4.418840607796598,6.104793232414985,1.8852953146630171,3.9318256327243257,False,True,False,False,False,False
6.89685613347767,41763.20315581854,0,0,0,0,0,0,0,0.003663003663003663,0.02252823856751844,11.651860978991007,2.6390573296152584,2.9444389791664403,10.735563021739752,9.087016050174341,8.174702882469461,2.0644946046636603,4.393865264193701,False,False,False,False,False,True
6.743076983988833,6112.369742419302,0,0,0,0,0,0,0,0.00032605151613955004,0.02852950766221063,5.823045895483019,0.6931471805599453,3.6635616461296463,10.083961340239952,5.823045895483019,8.028781162487148,1.9991152142115904,4.483002552013883,False,False,False,True,False,False
6.831547886839016,6112.369742419302,0,0,0,0,0,0,0,0.0006521030322791001,0.02630642914307733,7.60688453121963,1.0986122886681098,2.5649493574615367,10.528082512959173,6.914234245079846,8.028781162487148,1.9991152142115904,4.402831433425243,False,False,False,True,False,False
