len_of_title,avg_rating_genre,user_activity,anime_count_by_type,avg_rating_by_type,Action/Adventure,Fantasy/Supernatural,Comedy,Drama/Romance,Science Fiction,Psychological/Thriller,Other/Uncategorized,normalized_episodes,log_members,log_avg_members_genre,type_Movie,type_Music,type_ONA,type_OVA,type_Special,type_TV
18,6.788310729601363,74.48559670781893,1572,6.528145312958054,0,0,0,0,0,0,0,0.7649875126495325,9.364776725280601,9.914078482087426,False,False,False,False,True,False
14,6.237741819619238,70.58823529411765,3067,6.382521258497842,0,0,0,0,0,0,0,0.7805845659575266,6.947937068614969,9.122506680312782,False,False,False,True,False,False
2,6.744524531479761,84.21052631578947,3067,6.382521258497842,0,0,0,0,0,0,0,0.7805845659575266,8.261009786023827,10.225216783767557,False,False,False,True,False,False
18,6.548792989998894,0.0,3067,6.382521258497842,0,0,0,0,0,0,0,0.3902922829787633,3.6375861597263857,9.223228522439266,False,False,False,True,False,False
19,6.624551706647431,85.71428571428571,2188,6.320059610463039,0,0,0,0,0,0,0,0.8886641126398388,5.8998973535824915,9.714919592288245,True,False,False,False,False,False
21,6.729026514431993,76.17328519855594,3067,6.382521258497842,0,0,0,0,0,0,0,2.3417536978725795,8.814924599721019,10.01305370445239,False,False,False,True,False,False
41,6.58558055977916,50.0,2188,6.320059610463039,0,0,0,0,0,0,0,0.8886641126398388,4.68213122712422,9.56895283095515,True,False,False,False,False,False
27,6.548792989998894,0.0,3067,6.382521258497842,0,0,0,0,0,0,0,0.3902922829787633,3.713572066704308,9.223228522439266,False,False,False,True,False,False
24,6.9160083847587,67.32283464566929,3067,6.382521258497842,0,0,0,0,0,0,0,0.3902922829787633,9.307104040408491,10.258307605633988,False,False,False,True,False,False
49,6.490336269696487,66.66666666666666,3067,6.382521258497842,0,0,0,0,0,0,0,0.7805845659575266,5.730099782973574,8.81811505604364,False,False,False,True,False,False
57,6.6934802647434,85.85858585858585,3549,6.881313711751069,0,0,0,0,0,0,0,0.34871731190584043,9.13227071655426,9.704945179459122,False,False,False,False,False,True
18,6.830019888854456,78.18627450980392,3067,6.382521258497842,0,0,0,0,0,0,0,1.1708768489362897,9.02304647355567,10.535699056276355,False,False,False,True,False,False
20,6.80877291919659,57.14285714285714,2188,6.320059610463039,0,0,0,0,0,0,0,0.8886641126398388,5.968707559985366,10.291715260784832,True,False,False,False,False,False
51,6.87869123882592,72.75242047026279,2188,6.320059610463039,0,0,0,0,0,0,0,0.8886641126398388,9.426982836948033,10.102764232722187,True,False,False,False,False,False
37,6.662948251583755,75.0,1572,6.528145312958054,0,0,0,0,0,0,0,0.7649875126495325,7.986164860332727,10.093243666143405,False,False,False,False,True,False
25,6.195191110040243,0.0,3067,6.382521258497842,0,0,0,0,0,0,0,0.7805845659575266,5.308267697401205,7.8686083776014435,False,False,False,True,False,False
18,6.5004185244497705,57.446808510638306,1572,6.528145312958054,0,0,0,0,0,0,0,9.562343908119155,8.8023721336499,9.91128039696677,False,False,False,False,True,False
46,6.26522859704693,0.0,3549,6.881313711751069,0,0,0,0,0,0,0,0.17435865595292022,4.276666119016055,8.33775665141873,False,False,False,False,False,True
9,6.698349863309581,77.87610619469027,1572,6.528145312958054,0,0,0,0,0,0,0,0.38249375632476623,7.980707820869669,9.975061436184497,False,False,False,False,True,False
43,5.879225467208256,74.46808510638297,447,5.588299776286353,0,0,0,0,0,0,0,0.9078461025802542,8.800113946766308,8.024343613012375,False,True,False,False,False,False
31,6.640698109965129,0.0,3549,6.881313711751069,0,0,0,0,0,0,0,1.104271487701828,5.0238805208462765,10.314177554377048,False,False,False,False,False,True
10,6.195191110040243,37.5,3067,6.382521258497842,0,0,0,0,0,0,0,0.3902922829787633,5.720311776607412,7.8686083776014435,False,False,False,True,False,False
6,6.22747829422649,100.0,610,5.665348780241979,0,0,0,0,0,0,0,0.13788144168663172,5.3706380281276624,8.715280860702519,False,False,True,False,False,False
21,6.809281649391791,50.0,3549,6.881313711751069,0,0,0,0,0,0,0,2.528200511317343,6.052089168924417,10.332892429531798,False,False,False,False,False,True
23,6.7842301997157435,0.0,2188,6.320059610463039,0,0,0,0,0,0,0,0.8886641126398388,3.6375861597263857,10.055566237327685,True,False,False,False,False,False
23,5.60043986026233,100.0,2188,6.320059610463039,0,0,0,0,0,0,0,0.8886641126398388,4.31748811353631,6.344274272082252,True,False,False,False,False,False
87,6.914189728525724,74.73363774733637,1572,6.528145312958054,0,0,0,0,0,0,0,0.38249375632476623,10.684508238346313,10.238096336442686,False,False,False,False,True,False
23,6.817377299046317,77.23214285714286,3549,6.881313711751069,0,0,0,0,0,0,0,0.7555541757959876,9.089640586738398,10.43228327261178,False,False,False,False,False,True
11,6.5004185244497705,0.0,2188,6.320059610463039,0,0,0,0,0,0,0,0.8886641126398388,5.081404364984463,9.91128039696677,True,False,False,False,False,False
44,6.195191110040243,70.0,3067,6.382521258497842,0,0,0,0,0,0,0,0.7805845659575266,7.891330757661889,7.8686083776014435,False,False,False,True,False,False
18,6.5004185244497705,0.0,3549,6.881313711751069,0,0,0,0,0,0,0,0.6393150718273741,5.247024072160486,9.91128039696677,False,False,False,False,False,True
12,6.510263751421897,77.23684210526316,3549,6.881313711751069,0,0,0,0,0,0,0,0.7264943998038342,11.01844879902557,9.93043086016947,False,False,False,False,False,True
33,6.903140376493692,79.89778534923339,2188,6.320059610463039,0,0,0,0,0,0,0,0.8886641126398388,9.601030194502194,9.973846857942952,True,False,False,False,False,False
22,6.6819426705842195,0.0,3549,6.881313711751069,0,0,0,0,0,0,0,2.2376027513958094,5.14166355650266,9.837538159759628,False,False,False,False,False,True
9,6.821981200903762,86.43393725143615,3549,6.881313711751069,0,0,0,0,0,0,0,0.6974346238116809,11.897480132383482,10.283027299270545,False,False,False,False,False,True
21,6.683116002174912,75.0,3549,6.881313711751069,0,0,0,0,0,0,0,0.34871731190584043,8.643120748014027,10.1490267362171,False,False,False,False,False,True
19,6.703006296580537,60.78431372549019,3067,6.382521258497842,0,0,0,0,0,0,0,1.1708768489362897,7.414572881350589,10.172048866669856,False,False,False,True,False,False
16,6.604842707205482,79.71014492753623,1572,6.528145312958054,0,0,0,0,0,0,0,0.38249375632476623,7.272398392570047,9.94521695986674,False,False,False,False,True,False
19,6.555621413678604,0.0,2188,6.320059610463039,0,0,0,0,0,0,0,0.8886641126398388,4.882801922586371,9.490725716753616,True,False,False,False,False,False
22,6.195191110040243,69.38775510204081,3067,6.382521258497842,0,0,0,0,0,0,0,0.7805845659575266,7.134890851565884,7.8686083776014435,False,False,False,True,False,False
46,6.604842707205482,0.0,3549,6.881313711751069,0,0,0,0,0,0,0,0.7555541757959876,4.969813299576001,9.94521695986674,False,False,False,False,False,True
17,6.907144180005776,83.51839000693963,3549,6.881313711751069,0,0,0,0,0,0,0,0.7264943998038342,11.936963686662335,10.331065238200525,False,False,False,False,False,True
23,6.904400748459212,83.21108394458028,3549,6.881313711751069,0,0,0,0,0,0,0,0.7264943998038342,12.097055452368803,10.321174430583802,False,False,False,False,False,True
22,6.5264888547538815,0.0,1572,6.528145312958054,0,0,0,0,0,0,0,1.1474812689742986,4.356708826689592,9.75745455496221,False,False,False,False,True,False
14,6.735691132363756,67.64705882352942,3067,6.382521258497842,0,0,0,0,0,0,0,0.3902922829787633,6.53813982376767,10.477972889916076,False,False,False,True,False,False
30,5.558589488847307,0.0,3067,6.382521258497842,0,0,0,0,0,0,0,0.3902922829787633,4.007333185232471,5.858417164315927,False,False,False,True,False,False
30,6.7108808707015255,77.77777777777779,2188,6.320059610463039,0,0,0,0,0,0,0,0.8886641126398388,5.720311776607412,9.975240141996258,True,False,False,False,False,False
32,6.7922584990548955,80.65268065268066,3067,6.382521258497842,0,0,0,0,0,0,0,0.7805845659575266,9.665547571979161,10.687016079005732,False,False,False,True,False,False
36,6.780364255718127,0.0,3067,6.382521258497842,0,0,0,0,0,0,0,0.7805845659575266,5.365976015021851,10.213935953077263,False,False,False,True,False,False
19,6.548792989998894,0.0,3067,6.382521258497842,0,0,0,0,0,0,0,0.3902922829787633,4.02535169073515,9.223228522439266,False,False,False,True,False,False
28,6.510263751421897,78.76447876447877,1572,6.528145312958054,0,0,0,0,0,0,0,0.38249375632476623,9.866719828343914,9.93043086016947,False,False,False,False,True,False
34,6.464641336937508,0.0,3067,6.382521258497842,0,0,0,0,0,0,0,0.3902922829787633,3.871201010907891,9.053611460451888,False,False,False,True,False,False
12,6.604842707205482,76.68231611893583,3549,6.881313711751069,0,0,0,0,0,0,0,0.6974346238116809,9.775767810933758,9.94521695986674,False,False,False,False,False,True
15,6.829036948424544,84.33734939759037,2188,6.320059610463039,0,0,0,0,0,0,0,0.8886641126398388,9.371268036082466,9.778151955140352,True,False,False,False,False,False
24,6.677693639525605,87.5,3067,6.382521258497842,0,0,0,0,0,0,0,0.3902922829787633,5.66988092298052,9.328032216867232,False,False,False,True,False,False
20,6.8182528559243245,72.8862973760933,3067,6.382521258497842,0,0,0,0,0,0,0,0.3902922829787633,9.64296658814672,10.251555716390616,False,False,False,True,False,False
10,6.93905064652767,77.96610169491525,3067,6.382521258497842,0,0,0,0,0,0,0,0.3902922829787633,9.623442907213558,10.616553325655277,False,False,False,True,False,False
28,6.827850625188941,85.43689320388349,2188,6.320059610463039,0,0,0,0,0,0,0,0.8886641126398388,8.190908881182514,9.960021534452826,True,False,False,False,False,False
42,6.815635129003481,82.90043290043289,3067,6.382521258497842,0,0,0,0,0,0,0,2.3417536978725795,10.026147565272016,9.999524160892188,False,False,False,True,False,False
16,6.195191110040243,25.0,3067,6.382521258497842,0,0,0,0,0,0,0,0.7805845659575266,6.175867270105761,7.8686083776014435,False,False,False,True,False,False
23,6.192033733782523,66.66666666666666,1572,6.528145312958054,0,0,0,0,0,0,0,1.1474812689742986,5.942799375126701,9.566331310956217,False,False,False,False,True,False
24,6.891816304527772,79.34347477982386,3549,6.881313711751069,0,0,0,0,0,0,0,0.3777770878979938,10.128389556865201,10.488023255417007,False,False,False,False,False,True
11,6.728603824708156,71.91358024691358,1572,6.528145312958054,0,0,0,0,0,0,0,1.1474812689742986,9.345570321236286,10.236184560116717,False,False,False,False,True,False
12,6.602205255211668,69.23076923076923,3067,6.382521258497842,0,0,0,0,0,0,0,1.9514614148938163,6.666956792429207,10.266174232963616,False,False,False,True,False,False
9,6.5262666432363226,75.0,3067,6.382521258497842,0,0,0,0,0,0,0,1.5611691319150531,6.54965074223381,10.040954349321755,False,False,False,True,False,False
18,7.025210187186107,75.0,1572,6.528145312958054,0,0,0,0,0,0,0,0.38249375632476623,6.434546518787453,10.958649359769531,False,False,False,False,True,False
20,6.045175999634896,0.0,3549,6.881313711751069,0,0,0,0,0,0,0,1.5111083515919752,5.111987788356544,7.952065901555757,False,False,False,False,False,True
33,6.841160948174395,68.35443037974683,1572,6.528145312958054,0,0,0,0,0,0,0,0.38249375632476623,7.322510433997394,10.017600168889373,False,False,False,False,True,False
25,6.5004185244497705,64.34782608695652,1572,6.528145312958054,0,0,0,0,0,0,0,2.6774562942733633,8.550241045462437,9.91128039696677,False,False,False,False,True,False
20,6.752542161239349,80.46242774566474,3067,6.382521258497842,0,0,0,0,0,0,0,0.7805845659575266,10.372678351524836,10.418120676184797,False,False,False,True,False,False
35,6.589899276583323,73.92265193370166,1572,6.528145312958054,0,0,0,0,0,0,0,0.38249375632476623,9.886849911383104,10.384374562400534,False,False,False,False,True,False
7,7.0051398861146525,83.34862385321101,2188,6.320059610463039,0,0,0,0,0,0,0,0.8886641126398388,11.04236167886593,10.532869131878108,True,False,False,False,False,False
19,6.900464730786089,0.0,1572,6.528145312958054,0,0,0,0,0,0,0,0.38249375632476623,4.248495242049359,10.288253234287566,False,False,False,False,True,False
31,6.548792989998894,0.0,3067,6.382521258497842,0,0,0,0,0,0,0,0.3902922829787633,3.9889840465642745,9.223228522439266,False,False,False,True,False,False
9,6.513833199933685,72.41379310344827,3549,6.881313711751069,0,0,0,0,0,0,0,1.4820485755998218,7.5740450053721995,9.14594022971754,False,False,False,False,False,True
9,5.60043986026233,60.0,2188,6.320059610463039,0,0,0,0,0,0,0,0.8886641126398388,5.66988092298052,6.344274272082252,True,False,False,False,False,False
37,6.604842707205482,80.0,3067,6.382521258497842,0,0,0,0,0,0,0,2.3417536978725795,6.580639137284949,9.94521695986674,False,False,False,True,False,False
47,6.915455099061244,76.31578947368422,2188,6.320059610463039,0,0,0,0,0,0,0,0.8886641126398388,8.197263371414335,10.403532842692423,True,False,False,False,False,False
23,6.971057475358263,64.86486486486487,3549,6.881313711751069,0,0,0,0,0,0,0,0.3777770878979938,7.53955882930103,10.356587115052747,False,False,False,False,False,True
41,6.991318746851372,84.95575221238938,2188,6.320059610463039,0,0,0,0,0,0,0,0.8886641126398388,7.709756864454165,10.841725769230989,True,False,False,False,False,False
52,6.799447922681467,83.33333333333334,2188,6.320059610463039,0,0,0,0,0,0,0,0.8886641126398388,10.46478763553565,10.401419368506971,True,False,False,False,False,False
19,6.600169481894902,75.4054054054054,447,5.588299776286353,0,0,0,0,0,0,0,0.9078461025802542,8.9939241414114,10.138384407426036,False,True,False,False,False,False
11,6.896685115474326,0.0,3549,6.881313711751069,0,0,0,0,0,0,0,0.34871731190584043,10.514013704407736,10.831133076718302,False,False,False,False,False,True
8,6.195191110040243,66.20689655172414,3067,6.382521258497842,0,0,0,0,0,0,0,0.7805845659575266,8.246433786160365,7.8686083776014435,False,False,False,True,False,False
32,6.195191110040243,66.66666666666666,3067,6.382521258497842,0,0,0,0,0,0,0,1.1708768489362897,6.543911845564792,7.8686083776014435,False,False,False,True,False,False
14,5.879225467208256,85.41666666666666,447,5.588299776286353,0,0,0,0,0,0,0,0.9078461025802542,6.655440350367647,8.024343613012375,False,True,False,False,False,False
15,6.195191110040243,68.90243902439023,3067,6.382521258497842,0,0,0,0,0,0,0,0.7805845659575266,8.533656917446903,7.8686083776014435,False,False,False,True,False,False
49,5.879225467208256,100.0,447,5.588299776286353,0,0,0,0,0,0,0,0.9078461025802542,4.07753744390572,8.024343613012375,False,True,False,False,False,False
24,6.490336269696487,50.0,2188,6.320059610463039,0,0,0,0,0,0,0,0.8886641126398388,6.255750041753367,8.81811505604364,True,False,False,False,False,False
41,6.5264781364721145,65.625,3549,6.881313711751069,0,0,0,0,0,0,0,1.2786301436547483,6.380122536899765,9.749668000859836,False,False,False,False,False,True
30,6.56187974819794,77.3851590106007,3549,6.881313711751069,0,0,0,0,0,0,0,0.3777770878979938,9.163353580751846,9.57868430625752,False,False,False,False,False,True
30,6.693995382256044,81.31868131868131,1572,6.528145312958054,0,0,0,0,0,0,0,0.38249375632476623,8.691314551644853,10.119584371094923,False,False,False,False,True,False
26,6.726881389735055,0.0,3067,6.382521258497842,0,0,0,0,0,0,0,0.3902922829787633,4.189654742026425,9.920300326844044,False,False,False,True,False,False
45,6.48976219033308,69.49152542372882,1572,6.528145312958054,0,0,0,0,0,0,0,1.529975025299065,8.03398273468322,9.485106768895054,False,False,False,False,True,False
45,6.952284532351359,64.04494382022472,3067,6.382521258497842,0,0,0,0,0,0,0,0.3902922829787633,8.433159195806228,10.243275224497767,False,False,False,True,False,False
31,6.751585809121671,66.66666666666666,1572,6.528145312958054,0,0,0,0,0,0,0,0.7649875126495325,4.927253685157205,9.88965981250502,False,False,False,False,True,False
34,5.7918085106382975,0.0,2188,6.320059610463039,0,0,0,0,0,0,0,0.8886641126398388,4.2626798770413155,7.751630876729169,True,False,False,False,False,False
24,6.662210655278485,33.33333333333333,2188,6.320059610463039,0,0,0,0,0,0,0,0.8886641126398388,5.648974238161206,10.107421031942684,True,False,False,False,False,False
25,6.713574543648345,0.0,1572,6.528145312958054,0,0,0,0,0,0,0,2.294962537948597,8.226038429485484,10.745438624546255,False,False,False,False,True,False
60,6.22747829422649,87.5,610,5.665348780241979,0,0,0,0,0,0,0,0.13788144168663172,5.902633333401366,8.715280860702519,False,False,True,False,False,False
51,6.756379223895332,70.93023255813954,2188,6.320059610463039,0,0,0,0,0,0,0,0.8886641126398388,7.796057974316123,10.120073395422493,True,False,False,False,False,False
29,6.541468868858304,74.17308563661078,3067,6.382521258497842,0,0,0,0,0,0,0,0.3902922829787633,10.959679347542483,10.593575590573387,False,False,False,True,False,False
26,6.5264888547538815,33.33333333333333,2188,6.320059610463039,0,0,0,0,0,0,0,0.8886641126398388,4.553876891600541,9.75745455496221,True,False,False,False,False,False
22,6.699663961399586,83.23057953144266,3549,6.881313711751069,0,0,0,0,0,0,0,0.3777770878979938,10.122221395361638,10.499972616669565,False,False,False,False,False,True
20,6.838324248387183,84.5626975763962,3549,6.881313711751069,0,0,0,0,0,0,0,0.34871731190584043,12.041899407241397,10.341702695738249,False,False,False,False,False,True
10,5.879225467208256,100.0,447,5.588299776286353,0,0,0,0,0,0,0,0.9078461025802542,4.700480365792417,8.024343613012375,False,True,False,False,False,False
14,6.891177866809663,83.98681207202637,3549,6.881313711751069,0,0,0,0,0,0,0,0.7264943998038342,13.277354846526327,10.561342722751471,False,False,False,False,False,True
3,6.885625457752329,83.82899628252788,3549,6.881313711751069,0,0,0,0,0,0,0,0.2615379839293803,11.141165889327235,10.465425245378393,False,False,False,False,False,True
49,6.651400643424755,0.0,2188,6.320059610463039,0,0,0,0,0,0,0,0.8886641126398388,5.332718793265369,10.091938442844839,True,False,False,False,False,False
42,6.230078157949449,0.0,2188,6.320059610463039,0,0,0,0,0,0,0,0.8886641126398388,4.77912349311153,10.121201552091403,True,False,False,False,False,False
25,6.896685115474326,81.39004149377594,3549,6.881313711751069,0,0,0,0,0,0,0,0.34871731190584043,11.703595410126354,10.831133076718302,False,False,False,False,False,True
17,6.7558403505266265,77.32426303854876,3067,6.382521258497842,0,0,0,0,0,0,0,0.7805845659575266,9.633645398212678,10.180913678684755,False,False,False,True,False,False
20,6.617297955430384,73.74005305039788,1572,6.528145312958054,0,0,0,0,0,0,0,0.38249375632476623,10.89129862581914,10.232990981747701,False,False,False,False,True,False
13,6.700879135513685,79.47214076246334,447,5.588299776286353,0,0,0,0,0,0,0,3.631384410321017,8.802522498284421,10.007500075515823,False,True,False,False,False,False
33,6.817531173385809,79.41176470588235,1572,6.528145312958054,0,0,0,0,0,0,0,0.38249375632476623,7.920446505142607,10.447580971721933,False,False,False,False,True,False
15,6.638243832197137,0.0,3549,6.881313711751069,0,0,0,0,0,0,0,2.0923038714350426,4.709530201312334,10.118310337677755,False,False,False,False,False,True
35,6.195191110040243,73.17073170731707,3067,6.382521258497842,0,0,0,0,0,0,0,1.5611691319150531,8.106816038947052,7.8686083776014435,False,False,False,True,False,False
78,6.821165935114889,69.6078431372549,2188,6.320059610463039,0,0,0,0,0,0,0,0.8886641126398388,7.952615111651,10.264410740747657,True,False,False,False,False,False
25,6.954841079766507,85.51919393787992,3549,6.881313711751069,0,0,0,0,0,0,0,0.7555541757959876,12.792455547840676,11.042270683409228,False,False,False,False,False,True
39,6.721357126733849,82.96703296703298,3067,6.382521258497842,0,0,0,0,0,0,0,0.3902922829787633,8.253748343328501,10.18364621482724,False,False,False,True,False,False
14,6.548792989998894,0.0,3067,6.382521258497842,0,0,0,0,0,0,0,0.3902922829787633,3.828641396489095,9.223228522439266,False,False,False,True,False,False
11,6.836389593533809,82.50203307129304,3549,6.881313711751069,0,0,0,0,0,0,0,0.3777770878979938,12.166395828377276,10.700608520237367,False,False,False,False,False,True
13,6.857628367942673,78.63247863247864,3549,6.881313711751069,0,0,0,0,0,0,0,0.7555541757959876,9.137124309644923,10.10315166167071,False,False,False,False,False,True
11,6.490336269696487,0.0,3067,6.382521258497842,0,0,0,0,0,0,0,0.3902922829787633,4.2626798770413155,8.81811505604364,False,False,False,True,False,False
9,6.755039400968009,76.60550458715596,3549,6.881313711751069,0,0,0,0,0,0,0,0.34871731190584043,9.381600981410713,10.247191551804496,False,False,False,False,False,True
34,6.756227895933027,0.0,3067,6.382521258497842,0,0,0,0,0,0,0,1.1708768489362897,5.54907608489522,10.349408405040002,False,False,False,True,False,False
28,6.604842707205482,66.66666666666666,610,5.665348780241979,0,0,0,0,0,0,0,1.5166958585529489,6.0473721790462776,9.94521695986674,False,False,True,False,False,False
29,6.877545578079942,0.0,1572,6.528145312958054,0,0,0,0,0,0,0,0.7649875126495325,4.897839799950911,10.075857295501327,False,False,False,False,True,False
10,6.694849741824683,80.0,3549,6.881313711751069,0,0,0,0,0,0,0,0.7555541757959876,7.170888478512505,9.72387854305561,False,False,False,False,False,True
44,6.195191110040243,68.75,3067,6.382521258497842,0,0,0,0,0,0,0,1.5611691319150531,8.716371865276615,7.8686083776014435,False,False,False,True,False,False
43,6.72258613857229,71.7948717948718,610,5.665348780241979,0,0,0,0,0,0,0,0.13788144168663172,8.604471199523298,9.951689839019014,False,False,True,False,False,False
33,6.698341270674539,61.53846153846154,2188,6.320059610463039,0,0,0,0,0,0,0,0.8886641126398388,6.208590026096629,9.91018054248344,True,False,False,False,False,False
43,6.819139379998141,79.99504214179474,3067,6.382521258497842,0,0,0,0,0,0,0,0.3902922829787633,11.253014189463805,10.531569242877005,False,False,False,True,False,False
16,6.865487846325214,82.71129472726,3549,6.881313711751069,0,0,0,0,0,0,0,0.3777770878979938,12.756587142076393,10.583928086616385,False,False,False,False,False,True
10,6.911323279215214,75.86206896551724,3067,6.382521258497842,0,0,0,0,0,0,0,0.7805845659575266,7.409741954080923,10.374308589191697,False,False,False,True,False,False
36,6.265461606140655,51.11111111111111,1572,6.528145312958054,0,0,0,0,0,0,0,3.05995005059813,7.266128779556451,9.321531227117486,False,False,False,False,True,False
28,6.677693639525605,57.14285714285714,2188,6.320059610463039,0,0,0,0,0,0,0,0.8886641126398388,6.558197802812269,9.328032216867232,True,False,False,False,False,False
27,6.841823567202082,0.0,1572,6.528145312958054,0,0,0,0,0,0,0,0.38249375632476623,5.214935757608986,10.046351784066408,False,False,False,False,True,False
32,5.7918085106382975,0.0,3549,6.881313711751069,0,0,0,0,0,0,0,0.6974346238116809,4.51085950651685,7.751630876729169,False,False,False,False,False,True
37,6.872724838781157,74.53443048938935,2188,6.320059610463039,0,0,0,0,0,0,0,0.8886641126398388,10.595308854507401,10.448627319059822,True,False,False,False,False,False
35,6.844614966234576,69.91485335856197,1572,6.528145312958054,0,0,0,0,0,0,0,0.38249375632476623,10.083222433433315,10.253585385671725,False,False,False,False,True,False
53,6.892501368430791,73.49554638279383,2188,6.320059610463039,0,0,0,0,0,0,0,0.8886641126398388,11.332793509249266,10.447361224082172,True,False,False,False,False,False
24,6.195191110040243,57.14285714285714,3067,6.382521258497842,0,0,0,0,0,0,0,0.3902922829787633,6.75110146893676,7.8686083776014435,False,False,False,True,False,False
72,6.693326586706275,63.95348837209303,1572,6.528145312958054,0,0,0,0,0,0,0,1.529975025299065,9.34145634983372,10.111824298263715,False,False,False,False,True,False
16,6.799794973458771,78.54166666666667,3549,6.881313711751069,0,0,0,0,0,0,0,0.3777770878979938,11.194000372778516,10.332780099165094,False,False,False,False,False,True
12,6.899387799034847,84.99249624812406,2188,6.320059610463039,0,0,0,0,0,0,0,0.8886641126398388,10.976662367940685,10.40425740176229,True,False,False,False,False,False
99,5.558589488847307,61.53846153846154,3067,6.382521258497842,0,0,0,0,0,0,0,0.3902922829787633,6.620073206530356,5.858417164315927,False,False,False,True,False,False
20,6.106210567052468,86.36363636363636,3067,6.382521258497842,0,0,0,0,0,0,0,0.3902922829787633,7.767263996757308,10.427792075670013,False,False,False,True,False,False
37,6.66391737475365,70.49180327868852,3067,6.382521258497842,0,0,0,0,0,0,0,0.7805845659575266,8.384804003370492,9.799753131264394,False,False,False,True,False,False
26,6.490336269696487,0.0,2188,6.320059610463039,0,0,0,0,0,0,0,0.8886641126398388,3.9889840465642745,8.81811505604364,True,False,False,False,False,False
62,6.83367590781581,72.22222222222221,1572,6.528145312958054,0,0,0,0,0,0,0,0.38249375632476623,7.639642287858013,9.992053608710764,False,False,False,False,True,False
12,5.558589488847307,100.0,2188,6.320059610463039,0,0,0,0,0,0,0,0.8886641126398388,4.74493212836325,5.858417164315927,True,False,False,False,False,False
11,6.815755293870396,73.07692307692307,3549,6.881313711751069,0,0,0,0,0,0,0,0.34871731190584043,9.995838813600315,10.27114132063292,False,False,False,False,False,True
14,6.873241177866149,85.71428571428571,3549,6.881313711751069,0,0,0,0,0,0,0,1.4529887996076685,6.546785410760524,10.285723103275016,False,False,False,False,False,True
30,6.8734559789429275,81.27100519401161,3549,6.881313711751069,0,0,0,0,0,0,0,0.3777770878979938,11.52551587210952,10.6830431964099,False,False,False,False,False,True
6,6.2680555955337915,100.0,447,5.588299776286353,0,0,0,0,0,0,0,0.9078461025802542,4.110873864173311,9.017138872834964,False,True,False,False,False,False
26,6.796919367664303,0.0,1572,6.528145312958054,0,0,0,0,0,0,0,0.38249375632476623,5.501258210544727,10.284288198320679,False,False,False,False,True,False
47,6.5004185244497705,73.15436241610739,610,5.665348780241979,0,0,0,0,0,0,0,1.930340183612844,9.044639916198465,9.91128039696677,False,False,True,False,False,False
35,6.763733621280342,76.47058823529412,3067,6.382521258497842,0,0,0,0,0,0,0,0.3902922829787633,6.4692503167957724,10.243537074503857,False,False,False,True,False,False
53,6.289007148338809,0.0,2188,6.320059610463039,0,0,0,0,0,0,0,0.8886641126398388,4.454347296253507,7.921587131345857,True,False,False,False,False,False
31,6.84562728399871,87.10304349516072,3549,6.881313711751069,0,0,0,0,0,0,0,0.7264943998038342,13.48025038649523,10.404709837285878,False,False,False,False,False,True
24,6.865349700381785,81.25211505922167,3549,6.881313711751069,0,0,0,0,0,0,0,0.7555541757959876,11.287491793331135,10.885824135729202,False,False,False,False,False,True
60,6.830019888854456,81.29139072847681,3067,6.382521258497842,0,0,0,0,0,0,0,0.3902922829787633,10.466554521147781,10.535699056276355,False,False,False,True,False,False
17,6.814882238275165,81.94166999600479,3549,6.881313711751069,0,0,0,0,0,0,0,0.34871731190584043,12.052064455550754,10.506362816413247,False,False,False,False,False,True
5,4.9263479368027125,66.66666666666666,2188,6.320059610463039,0,0,0,0,0,0,0,0.8886641126398388,4.59511985013459,8.362349991150289,True,False,False,False,False,False
55,6.888691304282265,0.0,2188,6.320059610463039,0,0,0,0,0,0,0,0.8886641126398388,4.51085950651685,10.342819497535155,True,False,False,False,False,False
8,6.855149010949878,79.12474849094568,3549,6.881313711751069,0,0,0,0,0,0,0,0.7555541757959876,10.776515814350669,10.567472368976981,False,False,False,False,False,True
31,6.195191110040243,50.0,3067,6.382521258497842,0,0,0,0,0,0,0,0.3902922829787633,5.3230099791384085,7.8686083776014435,False,False,False,True,False,False
21,5.60043986026233,100.0,610,5.665348780241979,0,0,0,0,0,0,0,0.13788144168663172,3.9512437185814275,6.344274272082252,False,False,True,False,False,False
80,6.763243699567829,58.47457627118644,1572,6.528145312958054,0,0,0,0,0,0,0,0.38249375632476623,8.518392471991719,10.406479989168322,False,False,False,False,True,False
15,6.7921340428944,81.86582809224319,3067,6.382521258497842,0,0,0,0,0,0,0,2.3417536978725795,10.580962563701778,10.36953170501716,False,False,False,True,False,False
18,6.404558063366416,0.0,3549,6.881313711751069,0,0,0,0,0,0,0,0.35959152870240046,6.418364935936212,9.379748010333367,False,False,False,False,False,True
14,6.882950006587168,0.0,3549,6.881313711751069,0,0,0,0,0,0,0,0.35959152870240046,6.222576268071369,10.64959869561522,False,False,False,False,False,True
56,6.728879252982257,80.80000000000001,1572,6.528145312958054,0,0,0,0,0,0,0,0.7649875126495325,9.55810574328497,10.092995148114731,False,False,False,False,True,False
36,6.821827589491823,0.0,2188,6.320059610463039,0,0,0,0,0,0,0,0.8886641126398388,8.90571557879409,10.31838916491048,True,False,False,False,False,False
10,6.494012152354782,83.33333333333334,447,5.588299776286353,0,0,0,0,0,0,0,0.9078461025802542,6.964135612418245,10.003184523854106,False,True,False,False,False,False
23,6.77343606745359,81.78010471204189,3549,6.881313711751069,0,0,0,0,0,0,0,1.4529887996076685,10.273670846499652,9.908836359785393,False,False,False,False,False,True
23,6.624551706647431,0.0,3067,6.382521258497842,0,0,0,0,0,0,0,0.3902922829787633,3.6635616461296463,9.714919592288245,False,False,False,True,False,False
41,6.661310512963811,82.93010752688173,610,5.665348780241979,0,0,0,0,0,0,0,0.4136443250598951,9.629313830109139,9.769621419046755,False,False,True,False,False,False
46,6.210994540743939,74.79338842975206,1572,6.528145312958054,0,0,0,0,0,0,0,0.38249375632476623,8.644178203170727,9.75771043532434,False,False,False,False,True,False
34,6.844966920920479,42.857142857142854,2188,6.320059610463039,0,0,0,0,0,0,0,0.8886641126398388,6.003887067106539,10.391377213232943,True,False,False,False,False,False
12,6.921729320968481,77.5,3549,6.881313711751069,0,0,0,0,0,0,0,1.1333312636939814,7.117205503164344,10.269809928149861,False,False,False,False,False,True
12,6.87428735470253,0.0,3549,6.881313711751069,0,0,0,0,0,0,0,1.4529887996076685,4.74493212836325,10.502045906032773,False,False,False,False,False,True
18,6.195191110040243,0.0,3067,6.382521258497842,0,0,0,0,0,0,0,4.829555421039003,7.564238475170491,7.8686083776014435,False,False,False,True,False,False
45,6.7344953614002465,60.0,2188,6.320059610463039,0,0,0,0,0,0,0,1.7773282252796776,6.7580945044277305,10.169792383868204,True,False,False,False,False,False
16,6.677693639525605,50.0,3067,6.382521258497842,0,0,0,0,0,0,0,0.3902922829787633,6.35088571671474,9.328032216867232,False,False,False,True,False,False
14,6.938913483987658,73.0,3067,6.382521258497842,0,0,0,0,0,0,0,0.7805845659575266,7.75190533307861,10.593717784496889,False,False,False,True,False,False
9,6.806214276498884,80.51341890315052,3549,6.881313711751069,0,0,0,0,0,0,0,0.3777770878979938,10.884066774292645,10.5645752952158,False,False,False,False,False,True
11,6.195191110040243,61.19402985074627,3067,6.382521258497842,0,0,0,0,0,0,0,0.7805845659575266,7.802618063442671,7.8686083776014435,False,False,False,True,False,False
13,6.5970797128209036,75.60975609756098,3549,6.881313711751069,0,0,0,0,0,0,0,0.23247820793722695,8.235625719964311,10.305502616439773,False,False,False,False,False,True
11,6.20715799971213,76.47058823529412,610,5.665348780241979,0,0,0,0,0,0,0,0.13788144168663172,7.252053951852814,9.847465822742766,False,False,True,False,False,False
11,6.783619360794246,50.0,3549,6.881313711751069,0,0,0,0,0,0,0,0.6974346238116809,7.323170717943469,10.170421020106753,False,False,False,False,False,True
37,6.788310729601363,66.66666666666666,2188,6.320059610463039,0,0,0,0,0,0,0,0.8886641126398388,7.480992162869525,9.914078482087426,True,False,False,False,False,False
26,6.911084028706297,0.0,3549,6.881313711751069,0,0,0,0,0,0,0,0.9880323837332146,4.59511985013459,10.465199592964037,False,False,False,False,False,True
24,6.815470928920611,74.24242424242425,2188,6.320059610463039,0,0,0,0,0,0,0,0.8886641126398388,9.237760967552175,9.992753584719262,True,False,False,False,False,False
80,6.5004185244497705,0.0,610,5.665348780241979,0,0,0,0,0,0,0,3.447036042165793,3.4657359027997265,9.91128039696677,False,False,True,False,False,False
44,6.823146793508421,85.0,2188,6.320059610463039,0,0,0,0,0,0,0,0.8886641126398388,8.404696160189092,10.27120685262779,True,False,False,False,False,False
39,6.879084084752576,84.38825725436959,3549,6.881313711751069,0,0,0,0,0,0,0,0.7555541757959876,12.178146310089332,10.231171624929045,False,False,False,False,False,True
32,6.542958467678293,50.0,3549,6.881313711751069,0,0,0,0,0,0,0,1.5111083515919752,5.855071922202427,9.733494725610756,False,False,False,False,False,True
17,6.638243832197137,82.75862068965517,3067,6.382521258497842,0,0,0,0,0,0,0,1.1708768489362897,6.852242569051878,10.118310337677755,False,False,False,True,False,False
28,6.5970797128209036,74.95219885277247,1572,6.528145312958054,0,0,0,0,0,0,0,2.294962537948597,9.352620879232953,10.305502616439773,False,False,False,False,True,False
44,7.0048709212950975,78.89125799573561,1572,6.528145312958054,0,0,0,0,0,0,0,0.38249375632476623,9.608579434992608,10.651416659559613,False,False,False,False,True,False
19,6.289007148338809,66.66666666666666,2188,6.320059610463039,0,0,0,0,0,0,0,0.8886641126398388,5.37989735354046,7.921587131345857,True,False,False,False,False,False
44,6.800166494369348,0.0,3067,6.382521258497842,0,0,0,0,0,0,0,0.3902922829787633,4.343805421853684,10.407158941641097,False,False,False,True,False,False
44,6.743076983988833,0.0,3549,6.881313711751069,0,0,0,0,0,0,0,1.5111083515919752,6.210600077024653,10.083961340239952,False,False,False,False,False,True
24,6.195191110040243,62.5,3067,6.382521258497842,0,0,0,0,0,0,0,0.7805845659575266,5.902633333401366,7.8686083776014435,False,False,False,True,False,False
58,6.819139379998141,78.10361681329422,3067,6.382521258497842,0,0,0,0,0,0,0,0.3902922829787633,9.841399360222706,10.531569242877005,False,False,False,True,False,False
14,6.289007148338809,80.85106382978722,2188,6.320059610463039,0,0,0,0,0,0,0,0.8886641126398388,7.289610521451167,7.921587131345857,True,False,False,False,False,False
20,6.769866626233298,0.0,3549,6.881313711751069,0,0,0,0,0,0,0,1.3948692476233617,5.455321115357702,10.283514579558773,False,False,False,False,False,True
36,6.754818962416433,78.54889589905363,1572,6.528145312958054,0,0,0,0,0,0,0,0.38249375632476623,9.60871372627059,10.53249559764114,False,False,False,False,True,False
36,6.195191110040243,0.0,3067,6.382521258497842,0,0,0,0,0,0,0,4.829555421039003,7.129297548929373,7.8686083776014435,False,False,False,True,False,False
19,6.883127654709747,80.7753164556962,3549,6.881313711751069,0,0,0,0,0,0,0,0.34871731190584043,10.303538027942794,10.183411710770256,False,False,False,False,False,True
21,6.90376052578994,74.4186046511628,3067,6.382521258497842,0,0,0,0,0,0,0,0.3902922829787633,7.538494999413465,10.38555842312506,False,False,False,True,False,False
16,6.95777145434074,83.02961275626424,3549,6.881313711751069,0,0,0,0,0,0,0,0.6974346238116809,10.082971754509922,10.399231612434287,False,False,False,False,False,True
12,6.677693639525605,60.0,3549,6.881313711751069,0,0,0,0,0,0,0,1.1333312636939814,5.993961427306569,9.328032216867232,False,False,False,False,False,True
32,6.439627965757445,76.19047619047619,3549,6.881313711751069,0,0,0,0,0,0,0,0.3777770878979938,9.398063978059133,9.894579744052168,False,False,False,False,False,True
6,6.720957829416256,75.0,3067,6.382521258497842,0,0,0,0,0,0,0,0.3902922829787633,5.652489180268651,10.466581729973147,False,False,False,True,False,False
13,6.541380536432849,80.0,2188,6.320059610463039,0,0,0,0,0,0,0,0.8886641126398388,5.8522024797744745,9.795191746103242,True,False,False,False,False,False
39,6.635431799966208,76.26339969372128,3067,6.382521258497842,0,0,0,0,0,0,0,0.3902922829787633,9.39182824802156,9.854010578723463,False,False,False,True,False,False
21,6.7619521463177374,73.33333333333333,3549,6.881313711751069,0,0,0,0,0,0,0,1.4529887996076685,7.325807502595773,10.014021699933847,False,False,False,False,False,True
29,6.726881389735055,0.0,3549,6.881313711751069,0,0,0,0,0,0,0,0.35959152870240046,4.672828834461906,9.920300326844044,False,False,False,False,False,True
30,6.468372592093842,80.0,3067,6.382521258497842,0,0,0,0,0,0,0,0.3902922829787633,5.988961416889864,9.533994132566862,False,False,False,True,False,False
53,6.756379223895332,0.0,1572,6.528145312958054,0,0,0,0,0,0,0,0.38249375632476623,5.030437921392435,10.120073395422493,False,False,False,False,True,False
17,6.775096449530265,0.0,3067,6.382521258497842,0,0,0,0,0,0,0,2.3417536978725795,4.820281565605037,10.412744500808936,False,False,False,True,False,False
22,6.842363769490099,82.29371316306484,3549,6.881313711751069,0,0,0,0,0,0,0,0.3777770878979938,12.765222610701302,10.39769104255604,False,False,False,False,False,True
44,6.9991527367920785,75.79787234042553,2188,6.320059610463039,0,0,0,0,0,0,0,0.8886641126398388,9.750685962278165,10.282811046385305,True,False,False,False,False,False
5,6.802131924594253,77.27272727272727,3067,6.382521258497842,0,0,0,0,0,0,0,0.3902922829787633,7.6638772587034705,10.282919733757934,False,False,False,True,False,False
55,6.72025323131698,77.77777777777779,3067,6.382521258497842,0,0,0,0,0,0,0,1.5611691319150531,7.1204443723924875,9.779006435238738,False,False,False,True,False,False
52,6.818864580922905,69.23076923076923,1572,6.528145312958054,0,0,0,0,0,0,0,0.38249375632476623,6.52795791762255,10.184549850955804,False,False,False,False,True,False
25,6.241442385702294,80.0,3549,6.881313711751069,0,0,0,0,0,0,0,0.34871731190584043,8.13593277200489,9.194091527769046,False,False,False,False,False,True
31,6.26522859704693,50.0,3067,6.382521258497842,0,0,0,0,0,0,0,0.3902922829787633,4.762173934797756,8.33775665141873,False,False,False,True,False,False
27,6.6713729887351505,73.66071428571429,1572,6.528145312958054,0,0,0,0,0,0,0,4.589925075897194,9.305286849285137,9.890268636636637,False,False,False,False,True,False
11,6.970515217845076,84.488107549121,3549,6.881313711751069,0,0,0,0,0,0,0,0.3777770878979938,11.36986308212839,10.731600621056144,False,False,False,False,False,True
37,6.7547019732313895,76.98412698412699,3067,6.382521258497842,0,0,0,0,0,0,0,6.2446765276602125,8.282230063296685,9.894931129828896,False,False,False,True,False,False
26,6.195191110040243,63.63636363636363,3067,6.382521258497842,0,0,0,0,0,0,0,0.7805845659575266,7.4949862339505335,7.8686083776014435,False,False,False,True,False,False
55,6.5264888547538815,0.0,2188,6.320059610463039,0,0,0,0,0,0,0,0.8886641126398388,4.584967478670572,9.75745455496221,True,False,False,False,False,False
37,6.5004185244497705,81.65137614678899,610,5.665348780241979,0,0,0,0,0,0,0,0.965170091806422,8.412721169819527,9.91128039696677,False,False,True,False,False,False
44,6.824008707790104,79.27461139896373,3549,6.881313711751069,0,0,0,0,0,0,0,0.34871731190584043,9.747067633264827,10.52146049629613,False,False,False,False,False,True
13,6.677693639525605,60.0,2188,6.320059610463039,0,0,0,0,0,0,0,0.8886641126398388,6.705639094860003,9.328032216867232,True,False,False,False,False,False
28,6.659338475834066,60.0,2188,6.320059610463039,0,0,0,0,0,0,0,0.8886641126398388,6.26530121273771,9.685050171713797,True,False,False,False,False,False
31,6.962424008119456,75.0,3549,6.881313711751069,0,0,0,0,0,0,0,0.7555541757959876,8.591929537530255,10.27410002589116,False,False,False,False,False,True
26,6.545649931970783,74.92163009404389,3067,6.382521258497842,0,0,0,0,0,0,0,1.1708768489362897,9.199683791787654,10.051536587524138,False,False,False,True,False,False
68,6.856498589080436,60.0,610,5.665348780241979,0,0,0,0,0,0,0,0.4136443250598951,8.691146498539675,10.341821059943488,False,False,True,False,False,False
82,6.439627965757445,74.54545454545455,1572,6.528145312958054,0,0,0,0,0,0,0,2.294962537948597,7.734121303328305,9.894579744052168,False,False,False,False,True,False
26,6.22747829422649,81.08108108108108,1572,6.528145312958054,0,0,0,0,0,0,0,0.38249375632476623,7.738923757439457,8.715280860702519,False,False,False,False,True,False
23,6.8507073353320695,78.57142857142857,610,5.665348780241979,0,0,0,0,0,0,0,0.27576288337326343,6.546785410760524,10.349142489935662,False,False,True,False,False,False
9,6.8949039144001265,74.74747474747475,3549,6.881313711751069,0,0,0,0,0,0,0,0.7555541757959876,8.991935575009146,10.507716568891503,False,False,False,False,False,True
10,6.7626322424374266,77.0,3549,6.881313711751069,0,0,0,0,0,0,0,1.4820485755998218,8.40737832540903,9.87623379517477,False,False,False,False,False,True
16,6.769866626233298,78.39080459770115,3549,6.881313711751069,0,0,0,0,0,0,0,1.1333312636939814,9.16858043772795,10.283514579558773,False,False,False,False,False,True
34,6.882238498533699,50.0,1572,6.528145312958054,0,0,0,0,0,0,0,0.7649875126495325,4.9344739331306915,10.162753433877903,False,False,False,False,True,False
19,6.794834847205189,0.0,3067,6.382521258497842,0,0,0,0,0,0,0,0.3902922829787633,4.532599493153256,10.363411087812501,False,False,False,True,False,False
27,6.715661769645538,75.75351640991292,3549,6.881313711751069,0,0,0,0,0,0,0,5.579476990493447,11.1182073999587,10.142973788660102,False,False,False,False,False,True
42,6.823791663267731,0.0,3067,6.382521258497842,0,0,0,0,0,0,0,0.3902922829787633,5.1298987149230735,10.228716855313321,False,False,False,True,False,False
8,6.83262700342976,0.0,3067,6.382521258497842,0,0,0,0,0,0,0,2.3417536978725795,6.023447592961033,10.256496763473399,False,False,False,True,False,False
51,6.510263751421897,50.0,3067,6.382521258497842,0,0,0,0,0,0,0,3.9029228297876326,4.912654885736052,9.93043086016947,False,False,False,True,False,False
22,6.548792989998894,0.0,3067,6.382521258497842,0,0,0,0,0,0,0,0.3902922829787633,3.784189633918261,9.223228522439266,False,False,False,True,False,False
20,6.745869261287794,53.84615384615385,3549,6.881313711751069,0,0,0,0,0,0,0,0.9008530557567545,5.929589143389895,9.89485951039786,False,False,False,False,False,True
45,6.76858166664705,70.4225352112676,3549,6.881313711751069,0,0,0,0,0,0,0,1.1333312636939814,8.277411998949004,10.22881632093725,False,False,False,False,False,True
29,6.886595082004575,0.0,2188,6.320059610463039,0,0,0,0,0,0,0,0.8886641126398388,4.343805421853684,10.404229587558916,True,False,False,False,False,False
31,6.7332413701454055,86.41114982578398,2188,6.320059610463039,0,0,0,0,0,0,0,2.6659923379195165,9.166283985779263,10.326815225191366,True,False,False,False,False,False
28,6.2467029592772985,0.0,1572,6.528145312958054,0,0,0,0,0,0,0,0.38249375632476623,4.23410650459726,9.657145167764883,False,False,False,False,True,False
42,6.846308519003239,82.98775510204082,3549,6.881313711751069,0,0,0,0,0,0,0,0.34871731190584043,12.406213655279068,10.356478924089185,False,False,False,False,False,True
42,6.696096492373584,65.625,2188,6.320059610463039,0,0,0,0,0,0,0,0.8886641126398388,6.8966943316227125,10.159800798662227,True,False,False,False,False,False
16,6.548792989998894,0.0,3067,6.382521258497842,0,0,0,0,0,0,0,0.3902922829787633,4.2626798770413155,9.223228522439266,False,False,False,True,False,False
21,6.929882793689622,82.21863002626793,3549,6.881313711751069,0,0,0,0,0,0,0,0.3777770878979938,11.982303898822046,10.431790827819041,False,False,False,False,False,True
10,6.22747829422649,63.63636363636363,2188,6.320059610463039,0,0,0,0,0,0,0,0.8886641126398388,7.590852123688581,8.715280860702519,True,False,False,False,False,False
21,6.845532650796314,28.57142857142857,3549,6.881313711751069,0,0,0,0,0,0,0,0.6974346238116809,5.958424693029782,10.403572955571182,False,False,False,False,False,True
16,6.80483062736573,80.23255813953489,3549,6.881313711751069,0,0,0,0,0,0,0,0.34871731190584043,10.841833275191114,10.334859017113411,False,False,False,False,False,True
19,6.22747829422649,0.0,3067,6.382521258497842,0,0,0,0,0,0,0,0.3902922829787633,4.23410650459726,8.715280860702519,False,False,False,True,False,False
28,6.40169871215857,0.0,3067,6.382521258497842,0,0,0,0,0,0,0,0.3902922829787633,4.394449154672439,9.324495915651033,False,False,False,True,False,False
29,6.40169871215857,73.68421052631578,3549,6.881313711751069,0,0,0,0,0,0,0,0.7555541757959876,6.473890696352274,9.324495915651033,False,False,False,False,False,True
59,6.40169871215857,0.0,3067,6.382521258497842,0,0,0,0,0,0,0,0.3902922829787633,4.04305126783455,9.324495915651033,False,False,False,True,False,False
18,6.677693639525605,50.0,3549,6.881313711751069,0,0,0,0,0,0,0,1.1333312636939814,4.948759890378168,9.328032216867232,False,False,False,False,False,True
16,6.946209864633353,0.0,2188,6.320059610463039,0,0,0,0,0,0,0,5.331984675839033,4.812184355372417,10.718521044820479,True,False,False,False,False,False
37,6.770580228122137,50.0,3549,6.881313711751069,0,0,0,0,0,0,0,1.2495703676625949,5.521460917862246,9.565902027006107,False,False,False,False,False,True
7,6.195191110040243,71.42857142857143,3067,6.382521258497842,0,0,0,0,0,0,0,0.7805845659575266,7.954021087278037,7.8686083776014435,False,False,False,True,False,False
24,6.195191110040243,62.5,3067,6.382521258497842,0,0,0,0,0,0,0,0.3902922829787633,6.3818160174060985,7.8686083776014435,False,False,False,True,False,False
21,6.845444141149905,80.05115089514067,3549,6.881313711751069,0,0,0,0,0,0,0,1.4820485755998218,9.74326011321524,9.923505903169401,False,False,False,False,False,True
13,6.796871963337037,80.64516129032258,2188,6.320059610463039,0,0,0,0,0,0,0,0.8886641126398388,7.1316985104669115,10.458899626851938,True,False,False,False,False,False
22,6.754818962416433,84.04907975460122,2188,6.320059610463039,0,0,0,0,0,0,0,0.8886641126398388,8.19229373114764,10.53249559764114,True,False,False,False,False,False
21,6.195191110040243,70.09803921568627,3067,6.382521258497842,0,0,0,0,0,0,0,0.7805845659575266,8.635153989049803,7.8686083776014435,False,False,False,True,False,False
17,6.810042529424079,88.42105263157895,2188,6.320059610463039,0,0,0,0,0,0,0,0.8886641126398388,7.958227192322312,10.047568209938474,True,False,False,False,False,False
16,6.84658521718319,79.35943060498221,3549,6.881313711751069,0,0,0,0,0,0,0,0.34871731190584043,10.525111878184058,10.432036332690954,False,False,False,False,False,True
11,4.9263479368027125,87.5,2188,6.320059610463039,0,0,0,0,0,0,0,0.8886641126398388,6.154858094016418,8.362349991150289,True,False,False,False,False,False
47,6.893698780940906,67.76859504132231,3067,6.382521258497842,0,0,0,0,0,0,0,0.3902922829787633,7.746732907753622,10.204116640108973,False,False,False,True,False,False
23,6.833536141119613,73.41772151898735,1572,6.528145312958054,0,0,0,0,0,0,0,0.38249375632476623,7.7039102096163115,10.2792640907417,False,False,False,False,True,False
8,6.861381761393733,81.35838150289018,3549,6.881313711751069,0,0,0,0,0,0,0,0.34871731190584043,10.399280753468156,10.353270823415645,False,False,False,False,False,True
14,6.794607080130419,0.0,2188,6.320059610463039,0,0,0,0,0,0,0,0.8886641126398388,4.844187086458591,9.797980786126336,True,False,False,False,False,False
6,6.725546669549467,76.15894039735099,3067,6.382521258497842,0,0,0,0,0,0,0,0.3902922829787633,8.12415060330663,10.52438400926217,False,False,False,True,False,False
13,6.788310729601363,62.5,3549,6.881313711751069,0,0,0,0,0,0,0,1.5111083515919752,6.665683717782408,9.914078482087426,False,False,False,False,False,True
33,6.827581385513087,83.94518866959811,3549,6.881313711751069,0,0,0,0,0,0,0,0.40683686389014717,12.402662753982776,10.426587559827558,False,False,False,False,False,True
21,5.775788441476067,100.0,447,5.588299776286353,0,0,0,0,0,0,0,0.9078461025802542,4.343805421853684,8.653460843742746,False,True,False,False,False,False
4,6.247142857142856,78.94736842105263,1572,6.528145312958054,0,0,0,0,0,0,0,0.38249375632476623,7.149131598557407,7.834759840834592,False,False,False,False,True,False
57,6.195191110040243,65.57377049180327,3067,6.382521258497842,0,0,0,0,0,0,0,1.1708768489362897,7.369600720526409,7.8686083776014435,False,False,False,True,False,False
12,5.60043986026233,100.0,2188,6.320059610463039,0,0,0,0,0,0,0,0.8886641126398388,5.583496308781699,6.344274272082252,True,False,False,False,False,False
53,6.035384615384615,63.03142329020333,1572,6.528145312958054,0,0,0,0,0,0,0,0.38249375632476623,9.253591413970497,8.859680269588564,False,False,False,False,True,False
19,6.26522859704693,66.66666666666666,3549,6.881313711751069,0,0,0,0,0,0,0,0.6683748478195275,5.631211781821365,8.33775665141873,False,False,False,False,False,True
34,6.788691683537152,81.94444444444444,3067,6.382521258497842,0,0,0,0,0,0,0,0.3902922829787633,7.321849713788356,10.114887988891986,False,False,False,True,False,False
46,6.705092165314741,53.333333333333336,2188,6.320059610463039,0,0,0,0,0,0,0,0.8886641126398388,6.3835066348840055,9.876050320034798,True,False,False,False,False,False
26,6.60684577219806,71.42857142857143,3067,6.382521258497842,0,0,0,0,0,0,0,1.1708768489362897,7.166265974133638,9.9032277656614,False,False,False,True,False,False
30,6.767541224610549,80.70652173913044,1572,6.528145312958054,0,0,0,0,0,0,0,0.7649875126495325,9.075093222568157,10.355922751208103,False,False,False,False,True,False
35,6.153171904926564,71.42857142857143,3067,6.382521258497842,0,0,0,0,0,0,0,0.3902922829787633,6.784457062637643,8.19139039754028,False,False,False,True,False,False
41,6.90376052578994,58.333333333333336,1572,6.528145312958054,0,0,0,0,0,0,0,4.589925075897194,6.300785794663244,10.38555842312506,False,False,False,False,True,False
23,6.5376908176509945,70.2127659574468,3549,6.881313711751069,0,0,0,0,0,0,0,0.3777770878979938,8.00836557031292,9.857597299179305,False,False,False,False,False,True
14,6.195191110040243,63.63636363636363,3067,6.382521258497842,0,0,0,0,0,0,0,0.3902922829787633,6.6039438246004725,7.8686083776014435,False,False,False,True,False,False
53,6.877545578079942,73.4375,3549,6.881313711751069,0,0,0,0,0,0,0,1.4529887996076685,7.492760300922379,10.075857295501327,False,False,False,False,False,True
32,5.879225467208256,0.0,447,5.588299776286353,0,0,0,0,0,0,0,0.9078461025802542,4.290459441148391,8.024343613012375,False,True,False,False,False,False
17,6.861817802177495,75.0,2188,6.320059610463039,0,0,0,0,0,0,0,0.8886641126398388,6.26530121273771,10.06682583716269,True,False,False,False,False,False
63,6.626533453023366,68.18181818181817,2188,6.320059610463039,0,0,0,0,0,0,0,0.8886641126398388,6.870053411798126,9.563059716451976,True,False,False,False,False,False
15,6.335061635687324,0.0,1572,6.528145312958054,0,0,0,0,0,0,0,0.7649875126495325,3.713572066704308,9.241125252631356,False,False,False,False,True,False
38,6.195191110040243,0.0,3067,6.382521258497842,0,0,0,0,0,0,0,4.829555421039003,6.028278520230698,7.8686083776014435,False,False,False,True,False,False
9,6.828884411320277,85.90725895743833,3549,6.881313711751069,0,0,0,0,0,0,0,0.7264943998038342,13.359517125961904,10.470984869648605,False,False,False,False,False,True
33,6.5004185244497705,80.1762114537445,1572,6.528145312958054,0,0,0,0,0,0,0,1.912468781623831,8.53168763756669,9.91128039696677,False,False,False,False,True,False
79,6.572705399610349,50.0,1572,6.528145312958054,0,0,0,0,0,0,0,0.38249375632476623,5.407171771460119,9.876992861008846,False,False,False,False,True,False
51,6.195191110040243,73.33333333333333,3067,6.382521258497842,0,0,0,0,0,0,0,0.3902922829787633,7.079184394609668,7.8686083776014435,False,False,False,True,False,False
26,6.40169871215857,50.0,3549,6.881313711751069,0,0,0,0,0,0,0,6.974346238116809,4.418840607796598,9.324495915651033,False,False,False,False,False,True
19,6.6819426705842195,0.0,3549,6.881313711751069,0,0,0,0,0,0,0,0.35959152870240046,8.882946799288174,9.837538159759628,False,False,False,False,False,True
12,5.879225467208256,90.0,1572,6.528145312958054,0,0,0,0,0,0,0,0.38249375632476623,6.637258031284457,8.024343613012375,False,False,False,False,True,False
50,7.01238591944557,72.67904509283821,1572,6.528145312958054,0,0,0,0,0,0,0,0.38249375632476623,10.03341872212816,10.758818794495392,False,False,False,False,True,False
22,6.794607080130419,40.0,2188,6.320059610463039,0,0,0,0,0,0,0,0.8886641126398388,6.444131256700441,9.797980786126336,True,False,False,False,False,False
27,6.729787773295392,66.66666666666666,610,5.665348780241979,0,0,0,0,0,0,0,5.515257667465269,5.8916442118257715,9.99346311077853,False,False,True,False,False,False
15,6.836758763437189,74.6938775510204,3067,6.382521258497842,0,0,0,0,0,0,0,0.3902922829787633,9.155356063643422,10.62114172152206,False,False,False,True,False,False
26,6.700655214370671,78.0241935483871,3549,6.881313711751069,0,0,0,0,0,0,0,0.6974346238116809,9.612867836097005,10.163122590791794,False,False,False,False,False,True
27,6.5004185244497705,54.54545454545454,1572,6.528145312958054,0,0,0,0,0,0,0,0.7649875126495325,6.871091294610546,9.91128039696677,False,False,False,False,True,False
28,6.801279969075106,0.0,3549,6.881313711751069,0,0,0,0,0,0,0,0.3777770878979938,4.6443908991413725,10.323930083446934,False,False,False,False,False,True
12,6.8393549963377245,100.0,2188,6.320059610463039,0,0,0,0,0,0,0,0.8886641126398388,4.762173934797756,10.354711811512182,True,False,False,False,False,False
15,6.846428983406856,78.2435129740519,3549,6.881313711751069,0,0,0,0,0,0,0,2.121363647427196,10.02042578700401,10.437001171494915,False,False,False,False,False,True
13,6.22747829422649,76.19047619047619,3067,6.382521258497842,0,0,0,0,0,0,0,0.3902922829787633,6.519147287940395,8.715280860702519,False,False,False,True,False,False
11,5.879225467208256,50.0,447,5.588299776286353,0,0,0,0,0,0,0,0.9078461025802542,5.225746673713202,8.024343613012375,False,True,False,False,False,False
13,6.903751145884469,81.15942028985508,3549,6.881313711751069,0,0,0,0,0,0,0,0.34871731190584043,12.249117767071311,10.622727172310324,False,False,False,False,False,True
48,6.626533453023366,72.09302325581395,2188,6.320059610463039,0,0,0,0,0,0,0,0.8886641126398388,7.29505641646263,9.563059716451976,True,False,False,False,False,False
28,6.790816964622494,88.88888888888889,3067,6.382521258497842,0,0,0,0,0,0,0,0.3902922829787633,6.573680166960646,10.438481002726643,False,False,False,True,False,False
41,6.195191110040243,73.05389221556887,3067,6.382521258497842,0,0,0,0,0,0,0,4.683507395745159,8.950792138768174,7.8686083776014435,False,False,False,True,False,False
16,6.630766456365194,68.42105263157895,3067,6.382521258497842,0,0,0,0,0,0,0,1.5611691319150531,7.274479558773871,10.17281749641962,False,False,False,True,False,False
30,6.26522859704693,0.0,3067,6.382521258497842,0,0,0,0,0,0,0,0.3902922829787633,4.634728988229636,8.33775665141873,False,False,False,True,False,False
8,6.106210567052468,91.66666666666666,610,5.665348780241979,0,0,0,0,0,0,0,0.13788144168663172,6.705639094860003,10.427792075670013,False,False,True,False,False,False
23,6.672161246825706,81.13404755683304,2188,6.320059610463039,0,0,0,0,0,0,0,0.8886641126398388,11.124007691437571,10.832142703008877,True,False,False,False,False,False
11,6.751797143671785,82.35294117647058,3067,6.382521258497842,0,0,0,0,0,0,0,0.7805845659575266,6.826545223556594,10.176166295747496,False,False,False,True,False,False
12,6.195191110040243,72.22222222222221,3067,6.382521258497842,0,0,0,0,0,0,0,0.7805845659575266,7.395721608602045,7.8686083776014435,False,False,False,True,False,False
22,6.195191110040243,59.84251968503938,3067,6.382521258497842,0,0,0,0,0,0,0,0.7805845659575266,7.957527402230773,7.8686083776014435,False,False,False,True,False,False
10,6.40169871215857,50.0,1572,6.528145312958054,0,0,0,0,0,0,0,0.38249375632476623,4.804021044733257,9.324495915651033,False,False,False,False,True,False
64,6.22747829422649,100.0,1572,6.528145312958054,0,0,0,0,0,0,0,0.38249375632476623,4.859812404361672,8.715280860702519,False,False,False,False,True,False
29,6.432021861785729,57.14285714285714,3067,6.382521258497842,0,0,0,0,0,0,0,0.3902922829787633,5.883322388488279,9.690983240865329,False,False,False,True,False,False
24,6.630792347570889,80.92485549132948,610,5.665348780241979,0,0,0,0,0,0,0,4.82585045903211,9.737610048158107,10.256178352463131,False,False,True,False,False,False
23,6.886595082004575,80.29556650246306,3067,6.382521258497842,0,0,0,0,0,0,0,0.3902922829787633,8.411610428841172,10.404229587558916,False,False,False,True,False,False
19,6.58558055977916,65.51724137931035,3549,6.881313711751069,0,0,0,0,0,0,0,0.7555541757959876,6.470799503782602,9.56895283095515,False,False,False,False,False,True
13,5.775788441476067,100.0,447,5.588299776286353,0,0,0,0,0,0,0,0.9078461025802542,4.356708826689592,8.653460843742746,False,True,False,False,False,False
39,6.840251681496053,81.17647058823529,2188,6.320059610463039,0,0,0,0,0,0,0,0.8886641126398388,8.222016437202196,10.159417568499274,True,False,False,False,False,False
19,6.7880059546231815,78.57142857142857,3549,6.881313711751069,0,0,0,0,0,0,0,0.7555541757959876,6.450470422144176,10.137914385399199,False,False,False,False,False,True
35,6.909654882850925,84.49848024316108,2188,6.320059610463039,0,0,0,0,0,0,0,0.8886641126398388,10.38180031512171,10.43067650511707,True,False,False,False,False,False
13,6.153171904926564,68.42105263157895,3067,6.382521258497842,0,0,0,0,0,0,0,1.1708768489362897,6.792344427470809,8.19139039754028,False,False,False,True,False,False
16,6.350998971226217,78.04878048780488,610,5.665348780241979,0,0,0,0,0,0,0,0.13788144168663172,6.946975992135418,9.640048031376105,False,False,True,False,False,False
16,6.195191110040243,60.0,3067,6.382521258497842,0,0,0,0,0,0,0,0.7805845659575266,5.976350909297934,7.8686083776014435,False,False,False,True,False,False
21,6.653144694641815,33.33333333333333,3549,6.881313711751069,0,0,0,0,0,0,0,1.888885439489969,5.365976015021851,10.02128736809093,False,False,False,False,False,True
44,6.662948251583755,100.0,1572,6.528145312958054,0,0,0,0,0,0,0,0.7649875126495325,4.330733340286331,10.093243666143405,False,False,False,False,True,False
24,6.200225700698335,0.0,2188,6.320059610463039,0,0,0,0,0,0,0,0.8886641126398388,4.1588830833596715,8.919650812943356,True,False,False,False,False,False
36,6.641021319571842,80.0,2188,6.320059610463039,0,0,0,0,0,0,0,0.8886641126398388,7.213031659834869,9.689905519345,True,False,False,False,False,False
31,6.878017135367632,79.06403940886699,3549,6.881313711751069,0,0,0,0,0,0,0,0.34871731190584043,9.625953811136162,10.202698798890816,False,False,False,False,False,True
14,6.885145721113196,0.0,3549,6.881313711751069,0,0,0,0,0,0,0,0.34871731190584043,10.063478288845069,10.498464106008882,False,False,False,False,False,True
23,6.78725442597025,60.0,3549,6.881313711751069,0,0,0,0,0,0,0,0.7555541757959876,6.966024187106113,10.135362518902104,False,False,False,False,False,True
35,6.779782172998328,81.81818181818183,3067,6.382521258497842,0,0,0,0,0,0,0,2.3417536978725795,6.53813982376767,10.42324578946821,False,False,False,True,False,False
36,6.823146793508421,80.0,1572,6.528145312958054,0,0,0,0,0,0,0,0.38249375632476623,6.1224928095143865,10.27120685262779,False,False,False,False,True,False
19,6.912720749983493,75.0,3067,6.382521258497842,0,0,0,0,0,0,0,4.683507395745159,6.049733455231958,10.369468764676839,False,False,False,True,False,False
8,6.778581429435354,80.20833333333334,3549,6.881313711751069,0,0,0,0,0,0,0,1.1333312636939814,8.618485442898109,10.636059323854772,False,False,False,False,False,True
33,6.26522859704693,20.0,3067,6.382521258497842,0,0,0,0,0,0,0,0.3902922829787633,4.762173934797756,8.33775665141873,False,False,False,True,False,False
28,6.40169871215857,66.66666666666666,3549,6.881313711751069,0,0,0,0,0,0,0,0.6974346238116809,5.752572638825633,9.324495915651033,False,False,False,False,False,True
27,6.96946932765783,0.0,3549,6.881313711751069,0,0,0,0,0,0,0,0.34871731190584043,10.736940006101278,10.899405114880006,False,False,False,False,False,True
24,6.541380536432849,33.33333333333333,3549,6.881313711751069,0,0,0,0,0,0,0,1.4529887996076685,5.25227342804663,9.795191746103242,False,False,False,False,False,True
15,6.903793792576419,80.51779935275081,3549,6.881313711751069,0,0,0,0,0,0,0,0.6974346238116809,10.554170766276814,10.568668747671985,False,False,False,False,False,True
33,6.677693639525605,50.0,2188,6.320059610463039,0,0,0,0,0,0,0,0.8886641126398388,6.0844994130751715,9.328032216867232,True,False,False,False,False,False
2,6.530234432518193,61.76470588235294,3067,6.382521258497842,0,0,0,0,0,0,0,0.7805845659575266,6.977281341630747,9.867788312912435,False,False,False,True,False,False
30,6.8189263510556275,74.63768115942028,3067,6.382521258497842,0,0,0,0,0,0,0,4.683507395745159,8.153061946801051,10.438657619934231,False,False,False,True,False,False
39,6.838929313847025,78.25396825396825,3067,6.382521258497842,0,0,0,0,0,0,0,0.7805845659575266,9.412464556066316,10.267262337522036,False,False,False,True,False,False
21,6.490336269696487,63.41463414634146,3549,6.881313711751069,0,0,0,0,0,0,0,2.2376027513958094,7.388327859577107,8.81811505604364,False,False,False,False,False,True
22,6.87689765372928,83.99932176567005,3549,6.881313711751069,0,0,0,0,0,0,0,0.7555541757959876,12.953404935148198,10.621760522163289,False,False,False,False,False,True
8,6.864963746442797,79.25211097708083,3549,6.881313711751069,0,0,0,0,0,0,0,0.3777770878979938,10.64354217367223,10.361148041195138,False,False,False,False,False,True
11,6.530234432518193,71.42857142857143,3067,6.382521258497842,0,0,0,0,0,0,0,0.3902922829787633,6.184148890937483,9.867788312912435,False,False,False,True,False,False
15,6.737398107708471,75.22658610271903,3549,6.881313711751069,0,0,0,0,0,0,0,51.92981969797807,9.563388747859216,9.956004804270933,False,False,False,False,False,True
17,6.866956441127071,76.40791476407914,3549,6.881313711751069,0,0,0,0,0,0,0,0.8717932797646011,10.031176913677017,10.358395591857708,False,False,False,False,False,True
17,6.700655214370671,65.21739130434783,3549,6.881313711751069,0,0,0,0,0,0,0,0.17435865595292022,6.680854678790215,10.163122590791794,False,False,False,False,False,True
12,4.9263479368027125,0.0,2188,6.320059610463039,0,0,0,0,0,0,0,0.8886641126398388,4.189654742026425,8.362349991150289,True,False,False,False,False,False
42,6.644427954689881,0.0,2188,6.320059610463039,0,0,0,0,0,0,0,0.8886641126398388,6.192362489474872,10.127006476019027,True,False,False,False,False,False
12,6.811381012264531,50.0,2188,6.320059610463039,0,0,0,0,0,0,0,0.8886641126398388,5.181783550292085,9.979170826601703,True,False,False,False,False,False
19,6.5004185244497705,50.0,3549,6.881313711751069,0,0,0,0,0,0,0,1.2495703676625949,5.247024072160486,9.91128039696677,False,False,False,False,False,True
48,6.5264888547538815,0.0,2188,6.320059610463039,0,0,0,0,0,0,0,0.8886641126398388,4.330733340286331,9.75745455496221,True,False,False,False,False,False
41,6.938714337195415,74.7301411569333,2188,6.320059610463039,0,0,0,0,0,0,0,0.8886641126398388,11.234018115123202,10.546534027410285,True,False,False,False,False,False
26,6.700655214370671,80.98290598290599,3549,6.881313711751069,0,0,0,0,0,0,0,0.3777770878979938,10.148979507514099,10.163122590791794,False,False,False,False,False,True
8,5.879225467208256,0.0,3549,6.881313711751069,0,0,0,0,0,0,0,1.5111083515919752,4.997212273764115,8.024343613012375,False,False,False,False,False,True
12,6.6659439170014165,79.33884297520662,3549,6.881313711751069,0,0,0,0,0,0,0,0.5811955198430674,8.555451903533328,10.128617602714659,False,False,False,False,False,True
34,5.879225467208256,68.56240126382306,1572,6.528145312958054,0,0,0,0,0,0,0,0.38249375632476623,9.52850315168155,8.024343613012375,False,False,False,False,True,False
24,6.8000853157978725,78.57142857142857,2188,6.320059610463039,0,0,0,0,0,0,0,0.8886641126398388,8.881558488638976,10.196526867901827,True,False,False,False,False,False
61,6.490336269696487,0.0,2188,6.320059610463039,0,0,0,0,0,0,0,0.8886641126398388,4.406719247264253,8.81811505604364,True,False,False,False,False,False
19,6.885625457752329,77.43467933491686,3549,6.881313711751069,0,0,0,0,0,0,0,0.3777770878979938,9.976598599353451,10.465425245378393,False,False,False,False,False,True
17,6.585959140352191,62.5,3067,6.382521258497842,0,0,0,0,0,0,0,0.7805845659575266,7.506042178518122,10.097900223963292,False,False,False,True,False,False
24,6.767541224610549,77.99511002444987,3549,6.881313711751069,0,0,0,0,0,0,0,0.3777770878979938,9.081256218564645,10.355922751208103,False,False,False,False,False,True
41,6.5264888547538815,50.0,3067,6.382521258497842,0,0,0,0,0,0,0,0.7805845659575266,4.290459441148391,9.75745455496221,False,False,False,True,False,False
15,6.788310729601363,80.0,2188,6.320059610463039,0,0,0,0,0,0,0,0.8886641126398388,4.919980925828125,9.914078482087426,True,False,False,False,False,False
37,6.533460182210016,73.5576923076923,3067,6.382521258497842,0,0,0,0,0,0,0,0.7805845659575266,8.911799556189527,9.853260725370149,False,False,False,True,False,False
10,6.825447937838175,85.31157270029674,3549,6.881313711751069,0,0,0,0,0,0,0,0.3777770878979938,10.406895734974256,10.660611579549197,False,False,False,False,False,True
40,6.6895706804849455,78.82352941176471,1572,6.528145312958054,0,0,0,0,0,0,0,1.1474812689742986,8.452121194672523,10.450657432904706,False,False,False,False,True,False
32,6.638243832197137,80.0,2188,6.320059610463039,0,0,0,0,0,0,0,0.8886641126398388,7.113956109566034,10.118310337677755,True,False,False,False,False,False
47,6.7728198451635695,33.33333333333333,2188,6.320059610463039,0,0,0,0,0,0,0,0.8886641126398388,5.6131281063880705,9.293585506586053,True,False,False,False,False,False
39,6.724853159353965,73.75,1572,6.528145312958054,0,0,0,0,0,0,0,2.6774562942733633,7.695757990554761,10.218477105581716,False,False,False,False,True,False
50,6.66391737475365,70.0,2188,6.320059610463039,0,0,0,0,0,0,0,0.8886641126398388,6.942156705699469,9.799753131264394,True,False,False,False,False,False
12,6.195191110040243,54.54545454545454,3067,6.382521258497842,0,0,0,0,0,0,0,2.3417536978725795,6.925595197110468,7.8686083776014435,False,False,False,True,False,False
18,6.548792989998894,0.0,3067,6.382521258497842,0,0,0,0,0,0,0,0.3902922829787633,3.8066624897703196,9.223228522439266,False,False,False,True,False,False
14,6.818850027557036,76.10619469026548,1572,6.528145312958054,0,0,0,0,0,0,0,0.38249375632476623,8.002694162283937,10.401186759828693,False,False,False,False,True,False
88,6.8059761534885554,0.0,1572,6.528145312958054,0,0,0,0,0,0,0,0.38249375632476623,4.6913478822291435,9.914218989491387,False,False,False,False,True,False
13,6.87795926287492,50.0,2188,6.320059610463039,0,0,0,0,0,0,0,0.8886641126398388,10.307952160310709,10.342428794119181,True,False,False,False,False,False
17,6.638243832197137,70.37037037037037,3067,6.382521258497842,0,0,0,0,0,0,0,1.1708768489362897,7.107425474110705,10.118310337677755,False,False,False,True,False,False
36,6.890338018266329,81.2394366197183,2188,6.320059610463039,0,0,0,0,0,0,0,0.8886641126398388,10.705264897621522,10.521209139977445,True,False,False,False,False,False
60,6.821390774229094,0.0,3067,6.382521258497842,0,0,0,0,0,0,0,0.3902922829787633,4.997212273764115,10.314250112380222,False,False,False,True,False,False
46,6.724256288854555,68.29268292682927,3067,6.382521258497842,0,0,0,0,0,0,0,0.3902922829787633,8.442038517815478,10.091309545296372,False,False,False,True,False,False
55,6.797217703082447,77.73654916512059,2188,6.320059610463039,0,0,0,0,0,0,0,0.8886641126398388,9.881548645017373,10.300351210911103,True,False,False,False,False,False
51,6.8697529348725315,81.57894736842105,3549,6.881313711751069,0,0,0,0,0,0,0,0.34871731190584043,10.872143004616145,10.665471687833465,False,False,False,False,False,True
14,6.794607080130419,82.35294117647058,2188,6.320059610463039,0,0,0,0,0,0,0,0.8886641126398388,7.415776975415394,9.797980786126336,True,False,False,False,False,False
16,6.7407259017789665,66.66666666666666,1572,6.528145312958054,0,0,0,0,0,0,0,0.38249375632476623,7.119635638017636,10.074209079303039,False,False,False,False,True,False
17,6.759224938434093,0.0,3067,6.382521258497842,0,0,0,0,0,0,0,0.7805845659575266,5.19295685089021,9.967730591475465,False,False,False,True,False,False
38,6.872724838781157,75.58275058275058,3067,6.382521258497842,0,0,0,0,0,0,0,0.3902922829787633,10.4300782518805,10.448627319059822,False,False,False,True,False,False
18,6.836335151609738,76.30979498861048,3067,6.382521258497842,0,0,0,0,0,0,0,0.7805845659575266,8.895355616996392,10.073010932873734,False,False,False,True,False,False
41,6.5004185244497705,84.61538461538461,3549,6.881313711751069,0,0,0,0,0,0,0,0.34871731190584043,7.024649030453636,9.91128039696677,False,False,False,False,False,True
47,6.698349863309581,78.26086956521739,1572,6.528145312958054,0,0,0,0,0,0,0,19.507181572563077,7.107425474110705,9.975061436184497,False,False,False,False,True,False
27,6.5004185244497705,0.0,610,5.665348780241979,0,0,0,0,0,0,0,1.706172766409985,3.9512437185814275,9.91128039696677,False,False,True,False,False,False
26,6.5004185244497705,63.73626373626373,3067,6.382521258497842,0,0,0,0,0,0,0,1.5611691319150531,7.71333788887187,9.91128039696677,False,False,False,True,False,False
64,6.865589542548404,72.96093214530501,2188,6.320059610463039,0,0,0,0,0,0,0,0.8886641126398388,10.8187777840767,10.41825505771094,True,False,False,False,False,False
22,6.810822042773845,0.0,3549,6.881313711751069,0,0,0,0,0,0,0,4.533325054775926,4.465908118654584,10.090738750324451,False,False,False,False,False,True
15,6.656742855195437,77.4798927613941,3549,6.881313711751069,0,0,0,0,0,0,0,0.34871731190584043,9.865110483415124,10.300277092579776,False,False,False,False,False,True
47,4.9263479368027125,100.0,2188,6.320059610463039,0,0,0,0,0,0,0,0.8886641126398388,4.890349128221754,8.362349991150289,True,False,False,False,False,False
9,6.818850027557036,80.24213075060533,3549,6.881313711751069,0,0,0,0,0,0,0,0.3777770878979938,11.242323362496316,10.401186759828693,False,False,False,False,False,True
43,6.794607080130419,75.0,2188,6.320059610463039,0,0,0,0,0,0,0,0.8886641126398388,5.902633333401366,9.797980786126336,True,False,False,False,False,False
43,6.842297549793959,77.29729729729729,1572,6.528145312958054,0,0,0,0,0,0,0,1.529975025299065,9.123038043573386,10.316283777434755,False,False,False,False,True,False
21,5.775788441476067,100.0,447,5.588299776286353,0,0,0,0,0,0,0,0.9078461025802542,4.060443010546419,8.653460843742746,False,True,False,False,False,False
14,6.9628532979221385,82.57153474544779,3549,6.881313711751069,0,0,0,0,0,0,0,0.34871731190584043,12.91989951963162,10.763749346307385,False,False,False,False,False,True
25,6.876922260876517,82.62692128551467,3549,6.881313711751069,0,0,0,0,0,0,0,0.34871731190584043,12.224005879540199,10.561400037668186,False,False,False,False,False,True
25,6.677693639525605,72.72727272727273,2188,6.320059610463039,0,0,0,0,0,0,0,0.8886641126398388,6.150602768446279,9.328032216867232,True,False,False,False,False,False
18,6.779782172998328,69.56521739130434,2188,6.320059610463039,0,0,0,0,0,0,0,0.8886641126398388,6.4967749901858625,10.42324578946821,True,False,False,False,False,False
8,6.195191110040243,70.47619047619048,3067,6.382521258497842,0,0,0,0,0,0,0,0.7805845659575266,7.81923445385907,7.8686083776014435,False,False,False,True,False,False
12,5.879225467208256,0.0,447,5.588299776286353,0,0,0,0,0,0,0,0.9078461025802542,4.532599493153256,8.024343613012375,False,True,False,False,False,False
33,6.795992294212215,83.58778625954199,3067,6.382521258497842,0,0,0,0,0,0,0,0.3902922829787633,9.468464892185638,10.244205077077597,False,False,False,True,False,False
43,6.8536771222611135,73.6024844720497,1572,6.528145312958054,0,0,0,0,0,0,0,0.38249375632476623,9.3729692954244,10.356631814037343,False,False,False,False,True,False
20,6.816209798699278,81.67053364269141,3549,6.881313711751069,0,0,0,0,0,0,0,0.34871731190584043,9.426257878198653,10.266904415077516,False,False,False,False,False,True
32,6.836119669363083,73.93364928909952,1572,6.528145312958054,0,0,0,0,0,0,0,0.38249375632476623,8.977651407818442,10.184762378297059,False,False,False,False,True,False
19,6.748850518355393,82.4643384161338,3549,6.881313711751069,0,0,0,0,0,0,0,0.34871731190584043,11.612508322056724,10.574093118844061,False,False,False,False,False,True
17,6.901913240256757,80.15873015873017,3549,6.881313711751069,0,0,0,0,0,0,0,0.34871731190584043,9.735660441892627,10.503296957042991,False,False,False,False,False,True
32,6.911746264844299,0.0,3549,6.881313711751069,0,0,0,0,0,0,0,0.35959152870240046,8.19671240721307,10.599554633331612,False,False,False,False,False,True
21,5.558589488847307,100.0,1572,6.528145312958054,0,0,0,0,0,0,0,0.38249375632476623,4.499809670330265,5.858417164315927,False,False,False,False,True,False
53,6.635415443929664,64.66666666666666,1572,6.528145312958054,0,0,0,0,0,0,0,1.1474812689742986,8.565983355585669,10.320263636488697,False,False,False,False,True,False
29,5.7918085106382975,75.0,610,5.665348780241979,0,0,0,0,0,0,0,0.13788144168663172,7.959625305098115,7.751630876729169,False,False,True,False,False,False
29,6.733959772080677,79.49790794979079,610,5.665348780241979,0,0,0,0,0,0,0,2.7576288337326345,9.971940278170571,10.36835227835118,False,False,True,False,False,False
62,6.5004185244497705,100.0,1572,6.528145312958054,0,0,0,0,0,0,0,0.38249375632476623,4.820281565605037,9.91128039696677,False,False,False,False,True,False
36,6.66391737475365,64.0,2188,6.320059610463039,0,0,0,0,0,0,0,0.8886641126398388,8.659733878198347,9.799753131264394,True,False,False,False,False,False
22,6.510263751421897,66.66666666666666,610,5.665348780241979,0,0,0,0,0,0,0,0.5515257667465269,5.638354669333745,9.93043086016947,False,False,True,False,False,False
17,5.879225467208256,69.44444444444444,447,5.588299776286353,0,0,0,0,0,0,0,0.9078461025802542,8.653470809708786,8.024343613012375,False,True,False,False,False,False
19,5.879225467208256,74.64788732394366,447,5.588299776286353,0,0,0,0,0,0,0,0.9078461025802542,7.551186867296149,8.024343613012375,False,True,False,False,False,False
6,6.799447922681467,71.42857142857143,3549,6.881313711751069,0,0,0,0,0,0,0,1.0752117117096747,7.261225091971921,10.401419368506971,False,False,False,False,False,True
19,6.801305199251226,78.69565217391305,1572,6.528145312958054,0,0,0,0,0,0,0,1.529975025299065,8.277920258172143,10.691628402533764,False,False,False,False,True,False
10,6.925007357097154,82.6086956521739,3067,6.382521258497842,0,0,0,0,0,0,0,0.3902922829787633,7.180069874302796,10.493978613557319,False,False,False,True,False,False
27,6.911270384486426,81.86738836265224,3549,6.881313711751069,0,0,0,0,0,0,0,0.3777770878979938,11.044248954712396,10.487910845375799,False,False,False,False,False,True
35,6.662948251583755,60.86956521739131,1572,6.528145312958054,0,0,0,0,0,0,0,0.7649875126495325,7.998335395952982,10.093243666143405,False,False,False,False,True,False
10,5.775788441476067,100.0,447,5.588299776286353,0,0,0,0,0,0,0,0.9078461025802542,4.762173934797756,8.653460843742746,False,True,False,False,False,False
45,6.898186709756097,72.64150943396226,3067,6.382521258497842,0,0,0,0,0,0,0,1.1708768489362897,9.656115343487846,10.640116391293107,False,False,False,True,False,False
62,6.726465955361014,64.70588235294117,2188,6.320059610463039,0,0,0,0,0,0,0,0.8886641126398388,7.046647277848756,10.24608621969221,True,False,False,False,False,False
14,6.886595082004575,77.03703703703704,3067,6.382521258497842,0,0,0,0,0,0,0,5.464091961702686,7.9603236291488395,10.404229587558916,False,False,False,True,False,False
10,6.869882264560972,69.44444444444444,3549,6.881313711751069,0,0,0,0,0,0,0,1.4820485755998218,7.2909747781429814,10.481633026049646,False,False,False,False,False,True
19,6.808518958862161,81.71806167400881,3067,6.382521258497842,0,0,0,0,0,0,0,0.7805845659575266,9.012742727629712,10.427076252758635,False,False,False,True,False,False
26,5.7918085106382975,100.0,610,5.665348780241979,0,0,0,0,0,0,0,0.965170091806422,4.477336814478207,7.751630876729169,False,False,True,False,False,False
14,6.824542885368528,80.71065989847716,3067,6.382521258497842,0,0,0,0,0,0,0,1.1708768489362897,8.72534492491121,10.051846796367416,False,False,False,True,False,False
10,7.014811230547079,85.95482546201232,3549,6.881313711751069,0,0,0,0,0,0,0,0.6974346238116809,11.550500594123315,10.802361970062986,False,False,False,False,False,True
8,5.879225467208256,90.0,447,5.588299776286353,0,0,0,0,0,0,0,0.9078461025802542,5.62040086571715,8.024343613012375,False,True,False,False,False,False
24,6.195191110040243,55.172413793103445,3067,6.382521258497842,0,0,0,0,0,0,0,0.7805845659575266,6.9650803456014065,7.8686083776014435,False,False,False,True,False,False
34,6.9287223551536545,81.56445097319134,3549,6.881313711751069,0,0,0,0,0,0,0,0.7264943998038342,12.080940168772623,10.47435829700985,False,False,False,False,False,True
16,6.6934802647434,88.88888888888889,3549,6.881313711751069,0,0,0,0,0,0,0,0.7555541757959876,7.23561914106675,9.704945179459122,False,False,False,False,False,True
7,5.879225467208256,76.42276422764228,447,5.588299776286353,0,0,0,0,0,0,0,0.9078461025802542,7.650168700845001,8.024343613012375,False,True,False,False,False,False
34,6.195191110040243,74.11764705882354,3067,6.382521258497842,0,0,0,0,0,0,0,0.3902922829787633,7.907651594711089,7.8686083776014435,False,False,False,True,False,False
36,6.911270384486426,82.2872340425532,3549,6.881313711751069,0,0,0,0,0,0,0,0.3777770878979938,10.637920620001616,10.487910845375799,False,False,False,False,False,True
26,6.802670926078823,74.83443708609272,3067,6.382521258497842,0,0,0,0,0,0,0,0.7805845659575266,10.563052096078946,10.431729956458748,False,False,False,True,False,False
37,6.84893481635392,67.85714285714286,3549,6.881313711751069,0,0,0,0,0,0,0,1.104271487701828,7.3938782901077555,10.17777720847506,False,False,False,False,False,True
18,6.195191110040243,71.42857142857143,3067,6.382521258497842,0,0,0,0,0,0,0,0.7805845659575266,8.630700432209832,7.8686083776014435,False,False,False,True,False,False
8,6.6658924439485645,100.0,610,5.665348780241979,0,0,0,0,0,0,0,0.4136443250598951,5.0369526024136295,10.349466423357162,False,False,True,False,False,False
11,6.195191110040243,66.15384615384615,3067,6.382521258497842,0,0,0,0,0,0,0,0.3902922829787633,8.087332926473351,7.8686083776014435,False,False,False,True,False,False
45,6.653684265572153,66.66666666666666,3067,6.382521258497842,0,0,0,0,0,0,0,0.3902922829787633,4.290459441148391,9.434818900558579,False,False,False,True,False,False
25,6.894307060164043,68.0,2188,6.320059610463039,0,0,0,0,0,0,0,0.8886641126398388,6.55250788703459,10.371185843449265,True,False,False,False,False,False
89,6.5004185244497705,0.0,1572,6.528145312958054,0,0,0,0,0,0,0,1.529975025299065,3.295836866004329,9.91128039696677,False,False,False,False,True,False
21,6.548792989998894,0.0,3067,6.382521258497842,0,0,0,0,0,0,0,0.3902922829787633,3.828641396489095,9.223228522439266,False,False,False,True,False,False
22,6.195191110040243,66.15384615384615,3067,6.382521258497842,0,0,0,0,0,0,0,0.7805845659575266,7.4133673356952405,7.8686083776014435,False,False,False,True,False,False
24,6.726881389735055,86.66666666666667,2188,6.320059610463039,0,0,0,0,0,0,0,0.8886641126398388,6.0063531596017325,9.920300326844044,True,False,False,False,False,False
30,5.558589488847307,100.0,2188,6.320059610463039,0,0,0,0,0,0,0,0.8886641126398388,4.532599493153256,5.858417164315927,True,False,False,False,False,False
27,6.838929313847025,80.5,3067,6.382521258497842,0,0,0,0,0,0,0,2.3417536978725795,9.812194294089737,10.267262337522036,False,False,False,True,False,False
18,6.5264888547538815,0.0,3549,6.881313711751069,0,0,0,0,0,0,0,0.35959152870240046,6.846943139585379,9.75745455496221,False,False,False,False,False,True
20,6.899798396766862,55.172413793103445,1572,6.528145312958054,0,0,0,0,0,0,0,0.7649875126495325,7.889084407035514,10.427916688803025,False,False,False,False,True,False
14,6.715834560220714,84.84848484848484,3067,6.382521258497842,0,0,0,0,0,0,0,0.7805845659575266,6.859614903654202,10.195100444742415,False,False,False,True,False,False
60,6.754818962416433,0.0,3549,6.881313711751069,0,0,0,0,0,0,0,0.35959152870240046,4.867534450455582,10.53249559764114,False,False,False,False,False,True
15,6.622168674698795,50.0,3067,6.382521258497842,0,0,0,0,0,0,0,0.3902922829787633,5.986452005284438,9.89558775645304,False,False,False,True,False,False
34,6.772442409641736,74.40381558028616,1572,6.528145312958054,0,0,0,0,0,0,0,2.294962537948597,10.166851317336702,10.315113955906533,False,False,False,False,True,False
38,6.832649884582268,77.88184438040345,3067,6.382521258497842,0,0,0,0,0,0,0,1.1708768489362897,10.257168017494532,10.156056370887983,False,False,False,True,False,False
35,6.86228723736527,81.37931034482759,2188,6.320059610463039,0,0,0,0,0,0,0,0.8886641126398388,9.926227039505617,10.657676003296745,True,False,False,False,False,False
44,6.6755635503297155,82.06896551724138,3067,6.382521258497842,0,0,0,0,0,0,0,1.5611691319150531,8.177796683277778,10.294318737965854,False,False,False,True,False,False
13,5.558589488847307,0.0,3549,6.881313711751069,0,0,0,0,0,0,0,0.5811955198430674,3.6888794541139363,5.858417164315927,False,False,False,False,False,True
5,6.962751484464189,79.48717948717949,3549,6.881313711751069,0,0,0,0,0,0,0,0.6974346238116809,9.031572493381526,10.71613586485885,False,False,False,False,False,True
32,6.800166494369348,25.0,3549,6.881313711751069,0,0,0,0,0,0,0,0.7555541757959876,5.3612921657094255,10.407158941641097,False,False,False,False,False,True
39,5.558589488847307,50.0,3067,6.382521258497842,0,0,0,0,0,0,0,0.3902922829787633,4.718498871295094,5.858417164315927,False,False,False,True,False,False
14,5.7918085106382975,0.0,3067,6.382521258497842,0,0,0,0,0,0,0,7.805845659575265,4.465908118654584,7.751630876729169,False,False,False,True,False,False
19,6.614435089331892,84.73205257836199,3549,6.881313711751069,0,0,0,0,0,0,0,0.34871731190584043,10.048712804688908,10.034009404199399,False,False,False,False,False,True
34,6.195191110040243,66.66666666666666,3067,6.382521258497842,0,0,0,0,0,0,0,0.7805845659575266,7.8328075165248645,7.8686083776014435,False,False,False,True,False,False
30,6.5004185244497705,0.0,3549,6.881313711751069,0,0,0,0,0,0,0,0.2905977599215337,4.564348191467836,9.91128039696677,False,False,False,False,False,True
8,6.5004185244497705,60.0,2188,6.320059610463039,0,0,0,0,0,0,0,0.8886641126398388,5.313205979041787,9.91128039696677,True,False,False,False,False,False
43,6.106210567052468,71.42857142857143,3549,6.881313711751069,0,0,0,0,0,0,0,1.017092159725368,6.45833828334479,10.427792075670013,False,False,False,False,False,True
36,6.911270384486426,80.15320334261838,3549,6.881313711751069,0,0,0,0,0,0,0,0.7555541757959876,10.475681051249266,10.487910845375799,False,False,False,False,False,True
10,6.289007148338809,84.05797101449275,2188,6.320059610463039,0,0,0,0,0,0,0,0.8886641126398388,7.7752758464868625,7.921587131345857,True,False,False,False,False,False
35,6.827850625188941,75.43859649122807,3549,6.881313711751069,0,0,0,0,0,0,0,1.3948692476233617,7.447751280047908,9.960021534452826,False,False,False,False,False,True
44,6.764465840959698,82.34385061171925,3549,6.881313711751069,0,0,0,0,0,0,0,0.3777770878979938,12.179687601585462,10.329557543516108,False,False,False,False,False,True
25,6.178204441924253,69.36936936936937,3067,6.382521258497842,0,0,0,0,0,0,0,2.3417536978725795,8.495765244002618,8.556962269919833,False,False,False,True,False,False
10,6.507792820003855,83.61581920903954,2188,6.320059610463039,0,0,0,0,0,0,0,0.8886641126398388,9.213435576883485,10.40618599201978,True,False,False,False,False,False
8,6.802233338507634,80.18501939719486,3549,6.881313711751069,0,0,0,0,0,0,0,0.3777770878979938,11.49078210028454,10.345925855493027,False,False,False,False,False,True
8,6.5792227772955725,86.008719778042,3549,6.881313711751069,0,0,0,0,0,0,0,0.7264943998038342,11.32728239806388,10.089198830976853,False,False,False,False,False,True
17,6.677693639525605,25.0,3067,6.382521258497842,0,0,0,0,0,0,0,0.3902922829787633,5.831882477283517,9.328032216867232,False,False,False,True,False,False
14,6.778371967850202,85.49222797927462,2188,6.320059610463039,0,0,0,0,0,0,0,0.8886641126398388,8.301273485191347,10.44611879933651,True,False,False,False,False,False
12,6.843630550882726,84.14351851851852,3549,6.881313711751069,0,0,0,0,0,0,0,1.3076899196469016,11.107165313341005,10.487898073775016,False,False,False,False,False,True
29,6.859597488328051,81.5028901734104,3549,6.881313711751069,0,0,0,0,0,0,0,0.7555541757959876,8.971194463184467,10.412979349009845,False,False,False,False,False,True
29,6.873717572593431,77.78422273781904,3549,6.881313711751069,0,0,0,0,0,0,0,0.34871731190584043,10.8693871609623,10.608746269449368,False,False,False,False,False,True
39,6.608354723274798,76.81159420289855,3549,6.881313711751069,0,0,0,0,0,0,0,1.4820485755998218,7.360739903058278,9.69242205478945,False,False,False,False,False,True
25,6.542958467678293,74.26900584795322,3067,6.382521258497842,0,0,0,0,0,0,0,0.3902922829787633,8.487352349405215,9.733494725610756,False,False,False,True,False,False
20,6.9044782673925535,89.74358974358975,2188,6.320059610463039,0,0,0,0,0,0,0,0.8886641126398388,7.355641102974253,10.296631558316447,True,False,False,False,False,False
49,6.76597389490865,0.0,3067,6.382521258497842,0,0,0,0,0,0,0,1.1708768489362897,4.736198448394496,10.234351594016104,False,False,False,True,False,False
55,6.936845412583394,76.75675675675676,3067,6.382521258497842,0,0,0,0,0,0,0,0.3902922829787633,8.361240889642351,10.535345046808676,False,False,False,True,False,False
23,6.7108808707015255,54.54545454545454,3549,6.881313711751069,0,0,0,0,0,0,0,1.8598256634978156,6.822197390620491,9.975240141996258,False,False,False,False,False,True
14,6.22747829422649,100.0,2188,6.320059610463039,0,0,0,0,0,0,0,0.8886641126398388,4.6443908991413725,8.715280860702519,True,False,False,False,False,False
24,6.22747829422649,100.0,1572,6.528145312958054,0,0,0,0,0,0,0,4.589925075897194,4.700480365792417,8.715280860702519,False,False,False,False,True,False
50,6.759224938434093,72.62443438914026,3067,6.382521258497842,0,0,0,0,0,0,0,0.3902922829787633,9.448648359810164,9.967730591475465,False,False,False,True,False,False
5,6.6934802647434,83.72093023255815,2188,6.320059610463039,0,0,0,0,0,0,0,2.6659923379195165,7.301822342137932,9.704945179459122,True,False,False,False,False,False
47,6.429001687383052,40.0,1572,6.528145312958054,0,0,0,0,0,0,0,0.38249375632476623,5.921578419643816,10.06323526293831,False,False,False,False,True,False
18,6.77774989605884,82.14285714285714,3549,6.881313711751069,0,0,0,0,0,0,0,0.3777770878979938,7.228388451573604,10.011383729520993,False,False,False,False,False,True
9,6.638243832197137,69.64285714285714,3549,6.881313711751069,0,0,0,0,0,0,0,1.3076899196469016,7.234177179749849,10.118310337677755,False,False,False,False,False,True
13,4.9263479368027125,0.0,2188,6.320059610463039,0,0,0,0,0,0,0,0.8886641126398388,4.499809670330265,8.362349991150289,True,False,False,False,False,False
14,6.764914539452821,0.0,3549,6.881313711751069,0,0,0,0,0,0,0,0.35959152870240046,8.060224240440958,10.70405663687312,False,False,False,False,False,True
7,6.715661769645538,78.41053482730737,3549,6.881313711751069,0,0,0,0,0,0,0,8.02049817383433,12.34216700095781,10.142973788660102,False,False,False,False,False,True
42,6.195191110040243,73.91304347826086,1572,6.528145312958054,0,0,0,0,0,0,0,0.7649875126495325,6.8658910748834385,7.8686083776014435,False,False,False,False,True,False
31,6.679564955650962,76.92307692307693,1572,6.528145312958054,0,0,0,0,0,0,0,0.7649875126495325,6.811244378601294,9.467993016721636,False,False,False,False,True,False
10,6.662948251583755,80.0,610,5.665348780241979,0,0,0,0,0,0,0,0.13788144168663172,6.709304340258298,10.093243666143405,False,False,True,False,False,False
57,6.164566264410774,50.0,1572,6.528145312958054,0,0,0,0,0,0,0,0.38249375632476623,6.030685260261263,8.390577965008806,False,False,False,False,True,False
24,6.9991527367920785,64.8936170212766,610,5.665348780241979,0,0,0,0,0,0,0,0.27576288337326343,7.858640655620791,10.282811046385305,False,False,True,False,False,False
31,6.5264888547538815,71.99055861526357,2188,6.320059610463039,0,0,0,0,0,0,0,0.8886641126398388,9.901535648810883,9.75745455496221,True,False,False,False,False,False
28,6.923011299398077,0.0,2188,6.320059610463039,0,0,0,0,0,0,0,0.8886641126398388,4.276666119016055,10.36007137615299,True,False,False,False,False,False
47,6.931808670495821,84.05723045477772,3549,6.881313711751069,0,0,0,0,0,0,0,0.7555541757959876,11.643901094412595,10.351616819456357,False,False,False,False,False,True
6,6.195191110040243,54.54545454545454,3067,6.382521258497842,0,0,0,0,0,0,0,0.3902922829787633,6.732210706467206,7.8686083776014435,False,False,False,True,False,False
9,6.5004185244497705,100.0,1572,6.528145312958054,0,0,0,0,0,0,0,2.294962537948597,4.867534450455582,9.91128039696677,False,False,False,False,True,False
72,6.66391737475365,84.61538461538461,2188,6.320059610463039,0,0,0,0,0,0,0,0.8886641126398388,6.626717749249025,9.799753131264394,True,False,False,False,False,False
45,6.811522504055452,70.58823529411765,3067,6.382521258497842,0,0,0,0,0,0,0,0.3902922829787633,7.796880342783522,10.178507420484628,False,False,False,True,False,False
25,6.491652989018659,100.0,3549,6.881313711751069,0,0,0,0,0,0,0,0.34871731190584043,6.436150368369428,9.757023413148131,False,False,False,False,False,True
27,6.823242496414123,87.17948717948718,3549,6.881313711751069,0,0,0,0,0,0,0,1.5111083515919752,8.57715877258367,10.133120443588199,False,False,False,False,False,True
36,6.815470928920611,90.0,1572,6.528145312958054,0,0,0,0,0,0,0,0.38249375632476623,6.280395838960195,9.992753584719262,False,False,False,False,True,False
19,6.773466911535102,72.72727272727273,3549,6.881313711751069,0,0,0,0,0,0,0,1.104271487701828,7.3453648404168685,10.218785578603578,False,False,False,False,False,True
11,6.905395770559648,42.857142857142854,3067,6.382521258497842,0,0,0,0,0,0,0,0.7805845659575266,5.662960480135946,10.474192763210338,False,False,False,True,False,False
18,4.9263479368027125,0.0,1572,6.528145312958054,0,0,0,0,0,0,0,0.38249375632476623,4.700480365792417,8.362349991150289,False,False,False,False,True,False
26,6.604842707205482,69.68503937007874,1572,6.528145312958054,0,0,0,0,0,0,0,2.294962537948597,8.608860379942062,9.94521695986674,False,False,False,False,True,False
29,6.785034446876445,80.56755089450957,3549,6.881313711751069,0,0,0,0,0,0,0,0.34871731190584043,10.509359684984632,10.363069581712965,False,False,False,False,False,True
22,6.920302378165081,76.94566813509545,3549,6.881313711751069,0,0,0,0,0,0,0,0.6974346238116809,9.658481754364784,10.236240720792987,False,False,False,False,False,True
38,6.829036948424544,0.0,1572,6.528145312958054,0,0,0,0,0,0,0,0.7649875126495325,4.110873864173311,9.778151955140352,False,False,False,False,True,False
28,6.2680555955337915,100.0,447,5.588299776286353,0,0,0,0,0,0,0,0.9078461025802542,4.31748811353631,9.017138872834964,False,True,False,False,False,False
17,6.949709288799546,83.28103989242493,3549,6.881313711751069,0,0,0,0,0,0,0,0.6974346238116809,12.601686051254555,10.633419491113735,False,False,False,False,False,True
17,6.791142299094434,78.6472889882616,3549,6.881313711751069,0,0,0,0,0,0,0,0.34871731190584043,10.565634141976286,10.297081042629015,False,False,False,False,False,True
48,6.5004185244497705,50.0,1572,6.528145312958054,0,0,0,0,0,0,0,0.7649875126495325,6.8501261661455,9.91128039696677,False,False,False,False,True,False
16,6.801701699806683,61.53846153846154,3549,6.881313711751069,0,0,0,0,0,0,0,0.6974346238116809,7.9017475185201445,10.199791871945884,False,False,False,False,False,True
15,5.558589488847307,100.0,2188,6.320059610463039,0,0,0,0,0,0,0,0.8886641126398388,5.267858159063328,5.858417164315927,True,False,False,False,False,False
14,6.648877665074084,77.77777777777779,610,5.665348780241979,0,0,0,0,0,0,0,0.4136443250598951,7.074963197966044,10.142246656037226,False,False,True,False,False,False
23,6.58558055977916,54.54545454545454,3549,6.881313711751069,0,0,0,0,0,0,0,1.5111083515919752,6.230481447578482,9.56895283095515,False,False,False,False,False,True
23,6.195191110040243,50.0,3067,6.382521258497842,0,0,0,0,0,0,0,0.7805845659575266,6.975413927455952,7.8686083776014435,False,False,False,True,False,False
17,6.779782172998328,0.0,3067,6.382521258497842,0,0,0,0,0,0,0,2.3417536978725795,4.330733340286331,10.42324578946821,False,False,False,True,False,False
38,6.726881389735055,74.69879518072288,3549,6.881313711751069,0,0,0,0,0,0,0,0.3777770878979938,10.807604483478574,9.920300326844044,False,False,False,False,False,True
15,5.459667665453769,50.0,2188,6.320059610463039,0,0,0,0,0,0,0,0.8886641126398388,5.241747015059643,8.948486118878149,True,False,False,False,False,False
21,6.741621400639805,80.46875,2188,6.320059610463039,0,0,0,0,0,0,0,0.8886641126398388,8.185071477532283,10.138276512874846,True,False,False,False,False,False
12,5.775788441476067,0.0,447,5.588299776286353,0,0,0,0,0,0,0,0.9078461025802542,3.2188758248682006,8.653460843742746,False,True,False,False,False,False
12,6.195191110040243,36.36363636363637,3067,6.382521258497842,0,0,0,0,0,0,0,0.3902922829787633,6.0867747269123065,7.8686083776014435,False,False,False,True,False,False
11,6.662948251583755,82.12180746561886,3549,6.881313711751069,0,0,0,0,0,0,0,0.34871731190584043,9.92842403782616,10.093243666143405,False,False,False,False,False,True
7,6.741621400639805,0.0,2188,6.320059610463039,0,0,0,0,0,0,0,0.8886641126398388,5.220355825078324,10.138276512874846,True,False,False,False,False,False
26,6.7436598536310965,100.0,3549,6.881313711751069,0,0,0,0,0,0,0,0.11623910396861348,4.6443908991413725,10.08583411358424,False,False,False,False,False,True
29,6.22747829422649,0.0,2188,6.320059610463039,0,0,0,0,0,0,0,0.8886641126398388,4.04305126783455,8.715280860702519,True,False,False,False,False,False
28,6.241442385702294,0.0,1572,6.528145312958054,0,0,0,0,0,0,0,0.38249375632476623,5.0238805208462765,9.194091527769046,False,False,False,False,True,False
32,6.8393549963377245,0.0,3067,6.382521258497842,0,0,0,0,0,0,0,0.3902922829787633,4.110873864173311,10.354711811512182,False,False,False,True,False,False
34,6.195191110040243,60.97560975609756,3067,6.382521258497842,0,0,0,0,0,0,0,1.1708768489362897,7.603897968521881,7.8686083776014435,False,False,False,True,False,False
14,6.84893481635392,74.86033519553072,2188,6.320059610463039,0,0,0,0,0,0,0,0.8886641126398388,9.465757483840688,10.17777720847506,True,False,False,False,False,False
19,6.665895077203468,61.76470588235294,3549,6.881313711751069,0,0,0,0,0,0,0,0.7555541757959876,6.980075940561763,9.702337248378054,False,False,False,False,False,True
45,6.8275881883992025,0.0,1572,6.528145312958054,0,0,0,0,0,0,0,0.38249375632476623,4.844187086458591,10.166047520825343,False,False,False,False,True,False
5,6.868572948400319,86.53846153846155,3549,6.881313711751069,0,0,0,0,0,0,0,1.5982876795684353,7.793586803371584,10.00003020977695,False,False,False,False,False,True
32,5.879225467208256,76.92307692307693,447,5.588299776286353,0,0,0,0,0,0,0,0.9078461025802542,6.582025138892826,8.024343613012375,False,True,False,False,False,False
22,6.821727038440741,0.0,3067,6.382521258497842,0,0,0,0,0,0,0,1.1708768489362897,10.10467175249591,10.436461638918756,False,False,False,True,False,False
48,6.7897746032852675,78.33333333333333,3067,6.382521258497842,0,0,0,0,0,0,0,0.7805845659575266,7.466799475018602,10.210692521461953,False,False,False,True,False,False
23,6.769866626233298,57.14285714285714,3549,6.881313711751069,0,0,0,0,0,0,0,0.7264943998038342,6.1903154058531475,10.283514579558773,False,False,False,False,False,True
19,6.2467029592772985,0.0,610,5.665348780241979,0,0,0,0,0,0,0,0.13788144168663172,4.430816798843313,9.657145167764883,False,False,True,False,False,False
16,6.195191110040243,50.0,3067,6.382521258497842,0,0,0,0,0,0,0,0.3902922829787633,6.206575926724928,7.8686083776014435,False,False,False,True,False,False
31,6.882238498533699,75.0,1572,6.528145312958054,0,0,0,0,0,0,0,0.7649875126495325,5.749392985908253,10.162753433877903,False,False,False,False,True,False
25,6.67965887931373,50.0,3549,6.881313711751069,0,0,0,0,0,0,0,0.6974346238116809,5.765191102784844,9.888877199082298,False,False,False,False,False,True
8,4.83,0.0,610,5.665348780241979,0,0,0,0,0,0,0,0.5515257667465269,4.189654742026425,4.189654742026425,False,False,True,False,False,False
40,6.953545537796405,83.43057176196032,3549,6.881313711751069,0,0,0,0,0,0,0,0.31965753591368706,11.305052226691863,10.793281239017002,False,False,False,False,False,True
38,6.662948251583755,83.1140350877193,3067,6.382521258497842,0,0,0,0,0,0,0,2.3417536978725795,9.087946723762116,10.093243666143405,False,False,False,True,False,False
18,6.192033733782523,0.0,3549,6.881313711751069,0,0,0,0,0,0,0,0.7555541757959876,4.90527477843843,9.566331310956217,False,False,False,False,False,True
36,6.883380512152217,79.01234567901234,3549,6.881313711751069,0,0,0,0,0,0,0,0.34871731190584043,9.387816877106937,10.614465174325586,False,False,False,False,False,True
31,6.195191110040243,75.55555555555556,3067,6.382521258497842,0,0,0,0,0,0,0,0.7805845659575266,8.150179269682326,7.8686083776014435,False,False,False,True,False,False
23,6.9095318647504085,0.0,3549,6.881313711751069,0,0,0,0,0,0,0,0.35959152870240046,9.941601884644786,10.669339850621183,False,False,False,False,False,True
49,6.818032823249103,71.42857142857143,1572,6.528145312958054,0,0,0,0,0,0,0,1.529975025299065,7.739359202689098,10.342475232675952,False,False,False,False,True,False
17,6.195191110040243,71.875,3067,6.382521258497842,0,0,0,0,0,0,0,1.1708768489362897,8.28374674710613,7.8686083776014435,False,False,False,True,False,False
25,6.722785796607942,80.98591549295774,3549,6.881313711751069,0,0,0,0,0,0,0,0.3777770878979938,9.069813136839207,10.278217165539722,False,False,False,False,False,True
22,6.903578112062995,74.45008460236888,3549,6.881313711751069,0,0,0,0,0,0,0,0.40683686389014717,9.802174390835638,10.283782289811343,False,False,False,False,False,True
36,6.845303805487532,75.0,2188,6.320059610463039,0,0,0,0,0,0,0,0.8886641126398388,4.6913478822291435,10.275543892771708,True,False,False,False,False,False
60,6.490336269696487,0.0,1572,6.528145312958054,0,0,0,0,0,0,0,0.38249375632476623,4.343805421853684,8.81811505604364,False,False,False,False,True,False
7,6.7386854344927904,0.0,610,5.665348780241979,0,0,0,0,0,0,0,0.13788144168663172,4.634728988229636,10.145869480287827,False,False,True,False,False,False
15,6.5004185244497705,0.0,3549,6.881313711751069,0,0,0,0,0,0,0,0.35959152870240046,4.836281906951478,9.91128039696677,False,False,False,False,False,True
15,6.762569823783621,75.28089887640449,3549,6.881313711751069,0,0,0,0,0,0,0,1.5111083515919752,8.481773246184977,9.989595531829869,False,False,False,False,False,True
11,6.490787726957663,72.72727272727273,3067,6.382521258497842,0,0,0,0,0,0,0,0.3902922829787633,6.4457198193855785,10.039846610064723,False,False,False,True,False,False
59,6.742832950850793,0.0,1572,6.528145312958054,0,0,0,0,0,0,0,0.38249375632476623,4.143134726391533,10.061444475712602,False,False,False,False,True,False
33,6.852165520065444,0.0,3549,6.881313711751069,0,0,0,0,0,0,0,0.35959152870240046,6.0330862217988015,10.332975724480017,False,False,False,False,False,True
16,6.764465840959698,84.77272727272728,3549,6.881313711751069,0,0,0,0,0,0,0,0.34871731190584043,10.738438068670435,10.329557543516108,False,False,False,False,False,True
17,6.921780430330742,83.9171974522293,3549,6.881313711751069,0,0,0,0,0,0,0,0.34871731190584043,10.562224431339358,10.508009319631055,False,False,False,False,False,True
57,6.604842707205482,70.28571428571428,1572,6.528145312958054,0,0,0,0,0,0,0,0.38249375632476623,9.040144994980068,9.94521695986674,False,False,False,False,True,False
50,6.195191110040243,33.33333333333333,3067,6.382521258497842,0,0,0,0,0,0,0,0.3902922829787633,5.170483995038151,7.8686083776014435,False,False,False,True,False,False
16,6.195191110040243,72.6027397260274,3067,6.382521258497842,0,0,0,0,0,0,0,0.7805845659575266,7.351799869057777,7.8686083776014435,False,False,False,True,False,False
35,6.662948251583755,50.0,3067,6.382521258497842,0,0,0,0,0,0,0,3.9029228297876326,5.356586274672012,10.093243666143405,False,False,False,True,False,False
35,6.725728811374182,76.11336032388664,1572,6.528145312958054,0,0,0,0,0,0,0,0.38249375632476623,10.455186369511699,10.254378912392909,False,False,False,False,True,False
42,6.195191110040243,61.44578313253012,3067,6.382521258497842,0,0,0,0,0,0,0,0.3902922829787633,7.687997166393016,7.8686083776014435,False,False,False,True,False,False
26,6.884066576025969,80.97229482488238,3549,6.881313711751069,0,0,0,0,0,0,0,0.3777770878979938,11.00983650257596,10.554227794157232,False,False,False,False,False,True
31,6.638243832197137,66.99029126213593,1572,6.528145312958054,0,0,0,0,0,0,0,1.1474812689742986,8.11969625295725,10.118310337677755,False,False,False,False,True,False
11,5.879225467208256,85.71428571428571,447,5.588299776286353,0,0,0,0,0,0,0,0.9078461025802542,5.713732805509369,8.024343613012375,False,True,False,False,False,False
21,6.800166494369348,68.0,3549,6.881313711751069,0,0,0,0,0,0,0,1.5111083515919752,7.718240951959316,10.407158941641097,False,False,False,False,False,True
33,6.830019888854456,74.39024390243902,1572,6.528145312958054,0,0,0,0,0,0,0,2.294962537948597,10.87185826927572,10.535699056276355,False,False,False,False,True,False
9,6.195191110040243,0.0,3067,6.382521258497842,0,0,0,0,0,0,0,0.3902922829787633,5.153291594497779,7.8686083776014435,False,False,False,True,False,False
23,6.772409865396259,0.0,3549,6.881313711751069,0,0,0,0,0,0,0,0.7555541757959876,5.4638318050256105,9.86904896085482,False,False,False,False,False,True
28,6.802233338507634,0.0,2188,6.320059610463039,0,0,0,0,0,0,0,0.8886641126398388,7.2909747781429814,10.345925855493027,True,False,False,False,False,False
11,5.879225467208256,66.15384615384615,447,5.588299776286353,0,0,0,0,0,0,0,0.9078461025802542,7.4067107301776405,8.024343613012375,False,True,False,False,False,False
21,6.849355532922814,80.35714285714286,2188,6.320059610463039,0,0,0,0,0,0,0,0.8886641126398388,8.07961802938984,9.931212376483444,True,False,False,False,False,False
41,6.8589635964895574,75.96153846153845,2188,6.320059610463039,0,0,0,0,0,0,0,0.8886641126398388,8.032035314398824,10.37681323611707,True,False,False,False,False,False
35,5.775788441476067,0.0,3067,6.382521258497842,0,0,0,0,0,0,0,0.3902922829787633,3.8066624897703196,8.653460843742746,False,False,False,True,False,False
7,6.827960768553686,80.88578088578089,3549,6.881313711751069,0,0,0,0,0,0,0,0.43589663988230054,9.455793210210228,10.526759688868506,False,False,False,False,False,True
15,6.826392539291025,83.64779874213836,3549,6.881313711751069,0,0,0,0,0,0,0,0.3777770878979938,8.297792626380861,10.359502264011116,False,False,False,False,False,True
46,6.705092165314741,69.04761904761905,2188,6.320059610463039,0,0,0,0,0,0,0,0.8886641126398388,7.081708586105575,9.876050320034798,True,False,False,False,False,False
40,6.794607080130419,0.0,2188,6.320059610463039,0,0,0,0,0,0,0,0.8886641126398388,3.4011973816621555,9.797980786126336,True,False,False,False,False,False
20,6.5004185244497705,71.42857142857143,610,5.665348780241979,0,0,0,0,0,0,0,0.13788144168663172,5.356586274672012,9.91128039696677,False,False,True,False,False,False
39,6.58558055977916,74.0506329113924,1572,6.528145312958054,0,0,0,0,0,0,0,0.38249375632476623,8.330140460246382,9.56895283095515,False,False,False,False,True,False
5,6.195191110040243,75.0,3067,6.382521258497842,0,0,0,0,0,0,0,0.3902922829787633,5.831882477283517,7.8686083776014435,False,False,False,True,False,False
41,6.617686242730376,75.49019607843137,1572,6.528145312958054,0,0,0,0,0,0,0,0.38249375632476623,8.130942302231878,10.057517730059283,False,False,False,False,True,False
42,6.786000370687271,75.44378698224851,3549,6.881313711751069,0,0,0,0,0,0,0,2.84785804723103,8.63994165667529,9.939591632397473,False,False,False,False,False,True
18,5.879225467208256,100.0,447,5.588299776286353,0,0,0,0,0,0,0,0.9078461025802542,4.02535169073515,8.024343613012375,False,True,False,False,False,False
29,6.807743957566365,81.0126582278481,3067,6.382521258497842,0,0,0,0,0,0,0,0.7805845659575266,7.840312983320164,10.319489561715828,False,False,False,True,False,False
44,6.894164257864038,71.42857142857143,2188,6.320059610463039,0,0,0,0,0,0,0,0.8886641126398388,7.845416036592485,10.424283202600682,True,False,False,False,False,False
36,6.875968526993651,83.1306990881459,3549,6.881313711751069,0,0,0,0,0,0,0,0.6974346238116809,9.516721521860449,10.206509026585813,False,False,False,False,False,True
11,6.918705046679889,78.94736842105263,3067,6.382521258497842,0,0,0,0,0,0,0,0.3902922829787633,6.71901315438526,10.485406259884702,False,False,False,True,False,False
14,6.686289081133667,74.8051948051948,3549,6.881313711751069,0,0,0,0,0,0,0,0.34871731190584043,9.835262243540562,10.034701326295298,False,False,False,False,False,True
20,6.195191110040243,0.0,3067,6.382521258497842,0,0,0,0,0,0,0,4.829555421039003,8.397057390176256,7.8686083776014435,False,False,False,True,False,False
59,6.871767856739287,50.0,3067,6.382521258497842,0,0,0,0,0,0,0,0.3902922829787633,5.713732805509369,10.372104087377068,False,False,False,True,False,False
49,6.872724838781157,74.35325602140945,2188,6.320059610463039,0,0,0,0,0,0,0,0.8886641126398388,10.506682672896412,10.448627319059822,True,False,False,False,False,False
18,6.813140691774841,75.32467532467533,1572,6.528145312958054,0,0,0,0,0,0,0,3.442443806922896,8.435983135990694,10.281862975042925,False,False,False,False,True,False
16,6.617079692115778,66.66666666666666,1572,6.528145312958054,0,0,0,0,0,0,0,0.7649875126495325,7.589841512182657,9.959492167102487,False,False,False,False,True,False
8,6.838650313271204,73.40425531914893,3067,6.382521258497842,0,0,0,0,0,0,0,0.3902922829787633,8.339261982923576,10.26999943091111,False,False,False,True,False,False
25,6.715661769645538,75.0,1572,6.528145312958054,0,0,0,0,0,0,0,0.7649875126495325,7.282761179605593,10.142973788660102,False,False,False,False,True,False
23,5.558589488847307,100.0,2188,6.320059610463039,0,0,0,0,0,0,0,0.8886641126398388,4.3694478524670215,5.858417164315927,True,False,False,False,False,False
25,6.626533453023366,40.0,3549,6.881313711751069,0,0,0,0,0,0,0,0.7555541757959876,5.3230099791384085,9.563059716451976,False,False,False,False,False,True
38,6.662948251583755,100.0,3067,6.382521258497842,0,0,0,0,0,0,0,2.3417536978725795,4.543294782270004,10.093243666143405,False,False,False,True,False,False
28,6.942829757135268,25.0,3549,6.881313711751069,0,0,0,0,0,0,0,0.3777770878979938,5.8289456176102075,10.302865934717351,False,False,False,False,False,True
26,6.5004185244497705,0.0,3549,6.881313711751069,0,0,0,0,0,0,0,1.9179452154821224,4.990432586778736,9.91128039696677,False,False,False,False,False,True
6,6.633842341262067,78.50678733031674,447,5.588299776286353,0,0,0,0,0,0,0,0.9078461025802542,9.050758302151717,9.93203387903092,False,True,False,False,False,False
11,6.90376052578994,86.95652173913044,3067,6.382521258497842,0,0,0,0,0,0,0,0.3902922829787633,7.246368080102461,10.38555842312506,False,False,False,True,False,False
25,6.728879252982257,81.11753371868978,3549,6.881313711751069,0,0,0,0,0,0,0,0.7264943998038342,9.795178249029277,10.092995148114731,False,False,False,False,False,True
20,6.462533495106872,50.0,610,5.665348780241979,0,0,0,0,0,0,0,0.13788144168663172,6.517671272912275,9.368802744935918,False,False,True,False,False,False
14,5.459667665453769,100.0,447,5.588299776286353,0,0,0,0,0,0,0,0.9078461025802542,5.111987788356544,8.948486118878149,False,True,False,False,False,False
19,6.90255515706933,84.2279365871926,2188,6.320059610463039,0,0,0,0,0,0,0,0.8886641126398388,12.716459172907454,10.355882473987586,True,False,False,False,False,False
51,6.4522290000007185,33.33333333333333,3067,6.382521258497842,0,0,0,0,0,0,0,0.3902922829787633,5.3706380281276624,9.3993872794146,False,False,False,True,False,False
32,6.802670926078823,75.96439169139467,3067,6.382521258497842,0,0,0,0,0,0,0,1.5611691319150531,10.416999564727426,10.431729956458748,False,False,False,True,False,False
12,6.195191110040243,40.0,3067,6.382521258497842,0,0,0,0,0,0,0,0.3902922829787633,5.537334267018537,7.8686083776014435,False,False,False,True,False,False
34,6.754818962416433,82.01767753733617,3549,6.881313711751069,0,0,0,0,0,0,0,0.31965753591368706,11.526108189767042,10.53249559764114,False,False,False,False,False,True
29,6.7445023943540185,0.0,610,5.665348780241979,0,0,0,0,0,0,0,0.5515257667465269,4.2626798770413155,9.795490042452142,False,False,True,False,False,False
20,6.3931134895916175,66.66666666666666,447,5.588299776286353,0,0,0,0,0,0,0,0.9078461025802542,5.0106352940962555,9.66392029973617,False,True,False,False,False,False
25,6.82178103165986,42.857142857142854,3549,6.881313711751069,0,0,0,0,0,0,0,0.6102552958352208,5.948034989180646,10.171071949349887,False,False,False,False,False,True
44,6.824818828803789,78.0824581874757,2188,6.320059610463039,0,0,0,0,0,0,0,0.8886641126398388,11.533649236510204,10.383262744120527,True,False,False,False,False,False
10,6.756787453464921,85.37680593518157,3067,6.382521258497842,0,0,0,0,0,0,0,2.3417536978725795,11.635505863745324,10.191954026598742,False,False,False,True,False,False
22,5.775788441476067,100.0,447,5.588299776286353,0,0,0,0,0,0,0,0.9078461025802542,4.189654742026425,8.653460843742746,False,True,False,False,False,False
12,6.779782172998328,60.0,610,5.665348780241979,0,0,0,0,0,0,0,0.13788144168663172,6.706862336602747,10.42324578946821,False,False,True,False,False,False
26,6.8536771222611135,82.00472394449365,3549,6.881313711751069,0,0,0,0,0,0,0,0.7264943998038342,12.409123687536473,10.356631814037343,False,False,False,False,False,True
45,6.289007148338809,0.0,2188,6.320059610463039,0,0,0,0,0,0,0,0.8886641126398388,6.230481447578482,7.921587131345857,True,False,False,False,False,False
28,6.66391737475365,66.42857142857143,1572,6.528145312958054,0,0,0,0,0,0,0,0.38249375632476623,8.18088094199639,9.799753131264394,False,False,False,False,True,False
25,6.821946310481903,79.16666666666666,3549,6.881313711751069,0,0,0,0,0,0,0,0.7264943998038342,8.213652703029998,10.085802519161646,False,False,False,False,False,True
14,6.195191110040243,69.40298507462687,3067,6.382521258497842,0,0,0,0,0,0,0,1.5611691319150531,8.459564078579602,7.8686083776014435,False,False,False,True,False,False
8,4.9263479368027125,0.0,2188,6.320059610463039,0,0,0,0,0,0,0,0.8886641126398388,4.836281906951478,8.362349991150289,True,False,False,False,False,False
20,6.810042529424079,0.0,2188,6.320059610463039,0,0,0,0,0,0,0,0.8886641126398388,6.018593214496234,10.047568209938474,True,False,False,False,False,False
22,6.807779199481157,0.0,3549,6.881313711751069,0,0,0,0,0,0,0,0.35959152870240046,5.7745515455444085,10.061237716544246,False,False,False,False,False,True
17,6.876420153967979,86.66666666666667,3549,6.881313711751069,0,0,0,0,0,0,0,0.3777770878979938,9.073145132798338,10.471478329736586,False,False,False,False,False,True
15,6.324553311165933,0.0,3549,6.881313711751069,0,0,0,0,0,0,0,1.4529887996076685,4.007333185232471,9.012732737340823,False,False,False,False,False,True
15,6.312502512749229,66.25,1572,6.528145312958054,0,0,0,0,0,0,0,4.972418832221961,7.682021510826875,10.063531187562024,False,False,False,False,True,False
42,6.743076983988833,50.0,3067,6.382521258497842,0,0,0,0,0,0,0,0.3902922829787633,4.68213122712422,10.083961340239952,False,False,False,True,False,False
42,6.829036948424544,64.51612903225806,2188,6.320059610463039,0,0,0,0,0,0,0,0.8886641126398388,7.172424577124845,9.778151955140352,True,False,False,False,False,False
31,6.722398837401743,87.02290076335878,3549,6.881313711751069,0,0,0,0,0,0,0,0.7555541757959876,8.430545384690566,10.419203392959814,False,False,False,False,False,True
21,4.9263479368027125,100.0,2188,6.320059610463039,0,0,0,0,0,0,0,0.8886641126398388,4.9344739331306915,8.362349991150289,True,False,False,False,False,False
25,6.868906944743126,81.88585607940446,3549,6.881313711751069,0,0,0,0,0,0,0,0.34871731190584043,10.755239763272712,10.544478228920784,False,False,False,False,False,True
22,5.7918085106382975,0.0,1572,6.528145312958054,0,0,0,0,0,0,0,0.38249375632476623,3.828641396489095,7.751630876729169,False,False,False,False,True,False
28,6.600169481894902,76.66666666666667,2188,6.320059610463039,0,0,0,0,0,0,0,0.8886641126398388,7.45298232946546,10.138384407426036,True,False,False,False,False,False
23,6.295993024103089,0.0,3067,6.382521258497842,0,0,0,0,0,0,0,2.3417536978725795,4.290459441148391,7.827680491919387,False,False,False,True,False,False
28,5.558589488847307,0.0,3067,6.382521258497842,0,0,0,0,0,0,0,0.3902922829787633,4.127134385045092,5.858417164315927,False,False,False,True,False,False
31,6.908285555266453,61.06194690265486,1572,6.528145312958054,0,0,0,0,0,0,0,0.38249375632476623,8.10892415597534,10.31519594090607,False,False,False,False,True,False
20,6.996579608726442,75.9825327510917,3549,6.881313711751069,0,0,0,0,0,0,0,0.3777770878979938,8.754318540250866,10.520279410882022,False,False,False,False,False,True
33,6.744524531479761,79.72350230414746,3549,6.881313711751069,0,0,0,0,0,0,0,0.34871731190584043,10.770335907596417,10.225216783767557,False,False,False,False,False,True
17,6.5004185244497705,0.0,3549,6.881313711751069,0,0,0,0,0,0,0,0.6974346238116809,4.330733340286331,9.91128039696677,False,False,False,False,False,True
30,6.767541224610549,78.44827586206897,1572,6.528145312958054,0,0,0,0,0,0,0,1.1474812689742986,9.27995971385624,10.355922751208103,False,False,False,False,True,False
18,6.575058393343825,0.0,3549,6.881313711751069,0,0,0,0,0,0,0,1.1333312636939814,4.7535901911063645,10.01373579348497,False,False,False,False,False,True
13,5.879225467208256,100.0,447,5.588299776286353,0,0,0,0,0,0,0,0.9078461025802542,4.418840607796598,8.024343613012375,False,True,False,False,False,False
39,6.925912530740846,77.44140625,1572,6.528145312958054,0,0,0,0,0,0,0,0.38249375632476623,9.96236948027235,10.591548324815232,False,False,False,False,True,False
17,6.821250155249807,79.11392405063292,2188,6.320059610463039,0,0,0,0,0,0,0,0.8886641126398388,8.583729715216482,10.241790137738425,True,False,False,False,False,False
21,6.195191110040243,67.53246753246754,3067,6.382521258497842,0,0,0,0,0,0,0,1.1708768489362897,8.008698182988528,7.8686083776014435,False,False,False,True,False,False
9,6.893035894557727,79.94526974198592,3549,6.881313711751069,0,0,0,0,0,0,0,0.34871731190584043,11.463409537498313,10.516035632002781,False,False,False,False,False,True
5,6.671140218499566,88.0,610,5.665348780241979,0,0,0,0,0,0,0,0.13788144168663172,6.659293919683638,9.763111410243045,False,False,True,False,False,False
21,6.195191110040243,42.857142857142854,3067,6.382521258497842,0,0,0,0,0,0,0,0.7805845659575266,5.780743515792329,7.8686083776014435,False,False,False,True,False,False
55,6.75984267527447,71.95121951219512,2188,6.320059610463039,0,0,0,0,0,0,0,0.8886641126398388,9.640693195592126,10.002655528791855,True,False,False,False,False,False
21,6.873599835391157,82.1319018404908,3549,6.881313711751069,0,0,0,0,0,0,0,0.3777770878979938,10.492911764814268,10.395084431794904,False,False,False,False,False,True
24,6.794607080130419,78.46153846153847,2188,6.320059610463039,0,0,0,0,0,0,0,0.8886641126398388,7.273786317844895,9.797980786126336,True,False,False,False,False,False
16,6.904255601987694,79.4350485786254,3549,6.881313711751069,0,0,0,0,0,0,0,0.34871731190584043,11.67768538157962,10.372982108510897,False,False,False,False,False,True
14,6.22747829422649,0.0,3067,6.382521258497842,0,0,0,0,0,0,0,4.829555421039003,8.407824654360873,8.715280860702519,False,False,False,True,False,False
15,6.195191110040243,67.20430107526882,3067,6.382521258497842,0,0,0,0,0,0,0,2.732045980851343,8.727940222393896,7.8686083776014435,False,False,False,True,False,False
55,6.241442385702294,77.67857142857143,3549,6.881313711751069,0,0,0,0,0,0,0,0.34871731190584043,8.448914350662942,9.194091527769046,False,False,False,False,False,True
15,6.192033733782523,66.66666666666666,3067,6.382521258497842,0,0,0,0,0,0,0,0.3902922829787633,5.645446897643238,9.566331310956217,False,False,False,True,False,False
30,6.510263751421897,57.14285714285714,1572,6.528145312958054,0,0,0,0,0,0,0,3.05995005059813,8.023552392404348,9.93043086016947,False,False,False,False,True,False
11,6.662948251583755,80.76923076923077,610,5.665348780241979,0,0,0,0,0,0,0,3.447036042165793,8.165363632473982,10.093243666143405,False,False,True,False,False,False
16,6.5004185244497705,0.0,1572,6.528145312958054,0,0,0,0,0,0,0,0.7649875126495325,4.477336814478207,9.91128039696677,False,False,False,False,True,False
16,6.941592548052673,82.14285714285714,3549,6.881313711751069,0,0,0,0,0,0,0,0.7555541757959876,8.29054350077274,10.34227112216827,False,False,False,False,False,True
63,6.624551706647431,0.0,3067,6.382521258497842,0,0,0,0,0,0,0,0.3902922829787633,3.58351893845611,9.714919592288245,False,False,False,True,False,False
15,5.879225467208256,100.0,447,5.588299776286353,0,0,0,0,0,0,0,0.9078461025802542,4.532599493153256,8.024343613012375,False,True,False,False,False,False
18,6.777925656471416,0.0,610,5.665348780241979,0,0,0,0,0,0,0,1.7924587419262124,4.127134385045092,10.358720806111029,False,False,True,False,False,False
19,6.65022514614833,66.66666666666666,2188,6.320059610463039,0,0,0,0,0,0,0,0.8886641126398388,5.814130531825066,9.973390102763855,True,False,False,False,False,False
21,5.879225467208256,71.42857142857143,447,5.588299776286353,0,0,0,0,0,0,0,0.9078461025802542,6.137727054086234,8.024343613012375,False,True,False,False,False,False
23,6.850095302129325,79.98460354118552,3067,6.382521258497842,0,0,0,0,0,0,0,2.3417536978725795,10.953732087806813,10.583215051780966,False,False,False,True,False,False
8,6.106210567052468,75.0,610,5.665348780241979,0,0,0,0,0,0,0,0.13788144168663172,7.007600613951853,10.427792075670013,False,False,True,False,False,False
3,6.195191110040243,57.49999999999999,3067,6.382521258497842,0,0,0,0,0,0,0,0.7805845659575266,7.21890970761906,7.8686083776014435,False,False,False,True,False,False
51,6.576598130934997,72.83737024221453,3067,6.382521258497842,0,0,0,0,0,0,0,0.3902922829787633,9.590350910611878,9.946553577092503,False,False,False,True,False,False
11,6.195191110040243,71.42857142857143,3067,6.382521258497842,0,0,0,0,0,0,0,0.7805845659575266,6.716594773520978,7.8686083776014435,False,False,False,True,False,False
22,6.77042944595717,79.73568281938326,3549,6.881313711751069,0,0,0,0,0,0,0,0.34871731190584043,9.17014318222477,10.34169611521055,False,False,False,False,False,True
17,6.818879505190731,83.89117427075541,3549,6.881313711751069,0,0,0,0,0,0,0,0.6974346238116809,12.454205350827863,10.180485603094775,False,False,False,False,False,True
38,6.195191110040243,60.56338028169014,3067,6.382521258497842,0,0,0,0,0,0,0,0.7805845659575266,8.27715777243181,7.8686083776014435,False,False,False,True,False,False
22,6.707475151734849,0.0,3549,6.881313711751069,0,0,0,0,0,0,0,0.35959152870240046,9.308464769969381,10.328677677337987,False,False,False,False,False,True
47,6.7108808707015255,63.63636363636363,3067,6.382521258497842,0,0,0,0,0,0,0,0.3902922829787633,6.013715156042802,9.975240141996258,False,False,False,True,False,False
26,6.865310731679631,85.8642147301941,3549,6.881313711751069,0,0,0,0,0,0,0,0.6974346238116809,12.960921514720614,10.617173877613528,False,False,False,False,False,True
12,6.6042056082334115,0.0,3067,6.382521258497842,0,0,0,0,0,0,0,0.3902922829787633,3.7612001156935624,10.156733750959264,False,False,False,True,False,False
24,6.58558055977916,67.10526315789474,3549,6.881313711751069,0,0,0,0,0,0,0,1.5111083515919752,7.374629015218945,9.56895283095515,False,False,False,False,False,True
25,6.5004185244497705,0.0,2188,6.320059610463039,0,0,0,0,0,0,0,0.8886641126398388,4.204692619390966,9.91128039696677,True,False,False,False,False,False
34,6.195191110040243,73.95833333333334,1572,6.528145312958054,0,0,0,0,0,0,0,0.7649875126495325,7.7057128238944275,7.8686083776014435,False,False,False,False,True,False
15,5.558589488847307,0.0,3067,6.382521258497842,0,0,0,0,0,0,0,1.5611691319150531,4.07753744390572,5.858417164315927,False,False,False,True,False,False
51,6.796305456123642,55.55555555555556,3067,6.382521258497842,0,0,0,0,0,0,0,1.5611691319150531,6.142037405587356,10.114095798483907,False,False,False,True,False,False
15,6.22747829422649,100.0,2188,6.320059610463039,0,0,0,0,0,0,0,0.8886641126398388,4.9344739331306915,8.715280860702519,True,False,False,False,False,False
12,6.916696326823704,81.51774785801713,3549,6.881313711751069,0,0,0,0,0,0,0,0.7555541757959876,11.557975309523938,10.53603205918505,False,False,False,False,False,True
13,6.4461173097348805,59.210526315789465,3067,6.382521258497842,0,0,0,0,0,0,0,0.3902922829787633,7.697575346802343,9.96307980421076,False,False,False,True,False,False
42,5.7918085106382975,50.0,3067,6.382521258497842,0,0,0,0,0,0,0,0.3902922829787633,5.3471075307174685,7.751630876729169,False,False,False,True,False,False
37,6.810523973703345,50.0,3549,6.881313711751069,0,0,0,0,0,0,0,1.0752117117096747,5.6131281063880705,10.200116618626788,False,False,False,False,False,True
23,6.829036948424544,86.23188405797102,2188,6.320059610463039,0,0,0,0,0,0,0,0.8886641126398388,9.04852707581358,9.778151955140352,True,False,False,False,False,False
28,6.89685613347767,77.45535714285714,3549,6.881313711751069,0,0,0,0,0,0,0,0.34871731190584043,10.50078440743924,10.735563021739752,False,False,False,False,False,True
18,6.195560357097322,48.0,3067,6.382521258497842,0,0,0,0,0,0,0,1.1708768489362897,6.684611727667927,9.590465530701902,False,False,False,True,False,False
21,6.744524531479761,71.1864406779661,3549,6.881313711751069,0,0,0,0,0,0,0,0.34871731190584043,8.23880116587155,10.225216783767557,False,False,False,False,False,True
42,6.780279228568084,71.42857142857143,3549,6.881313711751069,0,0,0,0,0,0,0,1.4820485755998218,7.77863014732581,10.03249469767455,False,False,False,False,False,True
15,6.849950437165936,81.53013910355486,3549,6.881313711751069,0,0,0,0,0,0,0,0.7555541757959876,11.053964638919313,10.388549096553398,False,False,False,False,False,True
14,6.48976219033308,79.18781725888326,1572,6.528145312958054,0,0,0,0,0,0,0,0.38249375632476623,8.31581113188354,9.485106768895054,False,False,False,False,True,False
13,6.22747829422649,77.94117647058823,610,5.665348780241979,0,0,0,0,0,0,0,0.13788144168663172,7.957177323459475,8.715280860702519,False,False,True,False,False,False
4,6.811522504055452,100.0,3067,6.382521258497842,0,0,0,0,0,0,0,0.7805845659575266,5.214935757608986,10.178507420484628,False,False,False,True,False,False
34,6.195191110040243,60.0,3067,6.382521258497842,0,0,0,0,0,0,0,0.3902922829787633,5.5909869805108565,7.8686083776014435,False,False,False,True,False,False
15,6.859124511608936,82.42811501597444,3549,6.881313711751069,0,0,0,0,0,0,0,0.7555541757959876,9.216223035134337,10.168582708665518,False,False,False,False,False,True
41,6.916353681129999,76.53992395437263,1572,6.528145312958054,0,0,0,0,0,0,0,1.529975025299065,11.126718718425458,10.257138048573674,False,False,False,False,True,False
7,6.195191110040243,63.63636363636363,3067,6.382521258497842,0,0,0,0,0,0,0,0.7805845659575266,7.258412150595307,7.8686083776014435,False,False,False,True,False,False
23,6.58558055977916,64.81481481481481,2188,6.320059610463039,0,0,0,0,0,0,0,0.8886641126398388,7.0909098220799835,9.56895283095515,True,False,False,False,False,False
27,6.5004185244497705,65.89595375722543,1572,6.528145312958054,0,0,0,0,0,0,0,0.38249375632476623,8.826587830773668,9.91128039696677,False,False,False,False,True,False
17,5.60043986026233,0.0,2188,6.320059610463039,0,0,0,0,0,0,0,0.8886641126398388,3.4965075614664802,6.344274272082252,True,False,False,False,False,False
16,6.548792989998894,0.0,3067,6.382521258497842,0,0,0,0,0,0,0,0.3902922829787633,4.634728988229636,9.223228522439266,False,False,False,True,False,False
8,6.195191110040243,62.35294117647059,3067,6.382521258497842,0,0,0,0,0,0,0,0.7805845659575266,7.978996370854115,7.8686083776014435,False,False,False,True,False,False
12,5.879225467208256,60.0,447,5.588299776286353,0,0,0,0,0,0,0,0.9078461025802542,5.298317366548036,8.024343613012375,False,True,False,False,False,False
38,5.558589488847307,0.0,3067,6.382521258497842,0,0,0,0,0,0,0,0.3902922829787633,3.912023005428146,5.858417164315927,False,False,False,True,False,False
33,6.62219037942343,50.0,1572,6.528145312958054,0,0,0,0,0,0,0,0.38249375632476623,5.739792912179234,9.818952998441794,False,False,False,False,True,False
7,6.556985758710217,75.0,3549,6.881313711751069,0,0,0,0,0,0,0,1.5111083515919752,6.466144724237619,9.461522763307553,False,False,False,False,False,True
11,6.566559542162177,0.0,1572,6.528145312958054,0,0,0,0,0,0,0,0.38249375632476623,4.31748811353631,9.620902779409052,False,False,False,False,True,False
30,6.195191110040243,75.0,3067,6.382521258497842,0,0,0,0,0,0,0,0.3902922829787633,6.582025138892826,7.8686083776014435,False,False,False,True,False,False
34,6.928082740748006,79.00874635568513,1572,6.528145312958054,0,0,0,0,0,0,0,0.38249375632476623,9.644133752071205,10.516390885915971,False,False,False,False,True,False
41,6.22747829422649,50.0,3549,6.881313711751069,0,0,0,0,0,0,0,0.7555541757959876,5.429345628954441,8.715280860702519,False,False,False,False,False,True
39,6.9143932158748465,78.94156560088203,3067,6.382521258497842,0,0,0,0,0,0,0,0.3902922829787633,9.796347676978224,10.635751397530338,False,False,False,True,False,False
17,6.7728198451635695,81.31147540983606,3549,6.881313711751069,0,0,0,0,0,0,0,1.1333312636939814,9.384965722135666,9.293585506586053,False,False,False,False,False,True
21,7.010092498128803,0.0,3067,6.382521258497842,0,0,0,0,0,0,0,0.3902922829787633,9.03013657115323,10.823411061717849,False,False,False,True,False,False
12,6.788123767941879,84.81012658227847,3067,6.382521258497842,0,0,0,0,0,0,0,0.7805845659575266,7.794823152179389,10.252934592808874,False,False,False,True,False,False
56,6.876825967643439,69.92777413000657,2188,6.320059610463039,0,0,0,0,0,0,0,0.8886641126398388,10.321506859215644,10.46680382527731,True,False,False,False,False,False
23,6.769184142033499,81.04575163398692,3067,6.382521258497842,0,0,0,0,0,0,0,0.3902922829787633,10.252029513244672,10.247026975001653,False,False,False,True,False,False
16,6.195191110040243,71.6931216931217,3067,6.382521258497842,0,0,0,0,0,0,0,1.9514614148938163,8.867286523989415,7.8686083776014435,False,False,False,True,False,False
28,6.886454338193009,82.80254777070064,3549,6.881313711751069,0,0,0,0,0,0,0,0.6393150718273741,8.533656917446903,10.55714790872707,False,False,False,False,False,True
34,6.545472555472579,71.42857142857143,3549,6.881313711751069,0,0,0,0,0,0,0,42.74693048445761,6.008813185442595,9.366746086695365,False,False,False,False,False,True
9,6.8066025351311765,79.62382445141067,3067,6.382521258497842,0,0,0,0,0,0,0,1.1708768489362897,8.93247660846174,10.409059428951814,False,False,False,True,False,False
50,6.5004185244497705,0.0,2188,6.320059610463039,0,0,0,0,0,0,0,0.8886641126398388,4.290459441148391,9.91128039696677,True,False,False,False,False,False
22,6.7909057628327325,60.0,2188,6.320059610463039,0,0,0,0,0,0,0,0.8886641126398388,5.214935757608986,10.023746586570448,True,False,False,False,False,False
24,6.808585860485242,75.84745762711864,3549,6.881313711751069,0,0,0,0,0,0,0,0.34871731190584043,8.667163717992533,10.01786938038073,False,False,False,False,False,True
26,6.634437296202022,73.68421052631578,3549,6.881313711751069,0,0,0,0,0,0,0,1.4820485755998218,6.025865973825314,10.035297428465553,False,False,False,False,False,True
24,6.843501468948183,75.38461538461539,1572,6.528145312958054,0,0,0,0,0,0,0,1.1474812689742986,7.596392304064196,10.073300708025029,False,False,False,False,True,False
8,6.857325393700843,0.0,3549,6.881313711751069,0,0,0,0,0,0,0,0.34871731190584043,11.541104675235536,10.312473226016106,False,False,False,False,False,True
28,6.22747829422649,0.0,3067,6.382521258497842,0,0,0,0,0,0,0,4.683507395745159,4.343805421853684,8.715280860702519,False,False,False,True,False,False
16,6.831945692708443,86.00352112676056,3549,6.881313711751069,0,0,0,0,0,0,0,0.7264943998038342,13.702454955366793,10.507400714581248,False,False,False,False,False,True
14,6.948366905656778,89.62450592885376,2188,6.320059610463039,0,0,0,0,0,0,0,0.8886641126398388,12.209222678961282,10.631159624996315,True,False,False,False,False,False
21,6.195191110040243,66.0,3067,6.382521258497842,0,0,0,0,0,0,0,0.7805845659575266,7.961370201719511,7.8686083776014435,False,False,False,True,False,False
71,6.5264781364721145,66.66666666666666,2188,6.320059610463039,0,0,0,0,0,0,0,0.8886641126398388,5.225746673713202,9.749668000859836,True,False,False,False,False,False
15,6.548792989998894,0.0,3067,6.382521258497842,0,0,0,0,0,0,0,0.3902922829787633,3.871201010907891,9.223228522439266,False,False,False,True,False,False
23,6.604842707205482,77.29468599033817,3067,6.382521258497842,0,0,0,0,0,0,0,0.3902922829787633,8.507950610049305,9.94521695986674,False,False,False,True,False,False
39,6.770471086027172,71.98581560283688,1572,6.528145312958054,0,0,0,0,0,0,0,1.1474812689742986,8.870522545103873,10.0533837694186,False,False,False,False,True,False
35,6.662948251583755,50.0,3067,6.382521258497842,0,0,0,0,0,0,0,0.3902922829787633,4.852030263919617,10.093243666143405,False,False,False,True,False,False
15,6.5004185244497705,60.0,610,5.665348780241979,0,0,0,0,0,0,0,0.13788144168663172,5.529429087511423,9.91128039696677,False,False,True,False,False,False
19,6.567092475492856,0.0,3067,6.382521258497842,0,0,0,0,0,0,0,0.3902922829787633,3.8918202981106265,9.685754160232085,False,False,False,True,False,False
21,6.773653912600934,77.27272727272727,3549,6.881313711751069,0,0,0,0,0,0,0,7.061525566093269,8.581294116822761,10.15338504207544,False,False,False,False,False,True
16,6.932395497086653,79.59183673469387,3549,6.881313711751069,0,0,0,0,0,0,0,0.34871731190584043,10.790349473719472,10.61938355619807,False,False,False,False,False,True
14,6.961663025178041,78.13953488372093,3067,6.382521258497842,0,0,0,0,0,0,0,0.7805845659575266,8.365672383774996,10.490446431885436,False,False,False,True,False,False
18,6.48976219033308,78.02197802197803,610,5.665348780241979,0,0,0,0,0,0,0,1.7924587419262124,8.877800393882575,9.485106768895054,False,False,True,False,False,False
30,6.22747829422649,0.0,3549,6.881313711751069,0,0,0,0,0,0,0,0.35959152870240046,9.197052477649247,8.715280860702519,False,False,False,False,False,True
34,6.8584341309199734,60.0,3067,6.382521258497842,0,0,0,0,0,0,0,0.3902922829787633,7.750614732770409,10.184868214484148,False,False,False,True,False,False
49,6.843501468948183,50.0,610,5.665348780241979,0,0,0,0,0,0,0,0.6894072084331586,5.937536205082426,10.073300708025029,False,False,True,False,False,False
24,6.195191110040243,71.7948717948718,3067,6.382521258497842,0,0,0,0,0,0,0,0.7805845659575266,7.587817219993427,7.8686083776014435,False,False,False,True,False,False
37,5.7918085106382975,50.0,1572,6.528145312958054,0,0,0,0,0,0,0,1.1474812689742986,5.117993812416755,7.751630876729169,False,False,False,False,True,False
19,6.90183592070378,65.21739130434783,3549,6.881313711751069,0,0,0,0,0,0,0,1.1333312636939814,7.107425474110705,10.323759880366056,False,False,False,False,False,True
20,6.66391737475365,0.0,3549,6.881313711751069,0,0,0,0,0,0,0,0.35959152870240046,4.68213122712422,9.799753131264394,False,False,False,False,False,True
12,6.869352523048465,0.0,1572,6.528145312958054,0,0,0,0,0,0,0,0.38249375632476623,7.717796211013582,10.334899955727437,False,False,False,False,True,False
11,6.8536771222611135,75.25773195876289,3067,6.382521258497842,0,0,0,0,0,0,0,0.7805845659575266,8.589141690728821,10.356631814037343,False,False,False,True,False,False
22,6.58558055977916,0.0,2188,6.320059610463039,0,0,0,0,0,0,0,0.8886641126398388,4.406719247264253,9.56895283095515,True,False,False,False,False,False
13,6.7921340428944,100.0,2188,6.320059610463039,0,0,0,0,0,0,0,0.8886641126398388,3.828641396489095,10.36953170501716,True,False,False,False,False,False
14,6.847385010032312,80.0557880055788,3549,6.881313711751069,0,0,0,0,0,0,0,0.34871731190584043,9.888830663192495,10.074613521940718,False,False,False,False,False,True
17,6.779782172998328,33.33333333333333,3067,6.382521258497842,0,0,0,0,0,0,0,0.7805845659575266,5.056245805348308,10.42324578946821,False,False,False,True,False,False
15,5.558589488847307,0.0,2188,6.320059610463039,0,0,0,0,0,0,0,0.8886641126398388,5.659482215759621,5.858417164315927,True,False,False,False,False,False
9,5.558589488847307,0.0,3549,6.881313711751069,0,0,0,0,0,0,0,0.5811955198430674,4.30406509320417,5.858417164315927,False,False,False,False,False,True
5,6.968193155372553,72.04968944099379,3067,6.382521258497842,0,0,0,0,0,0,0,0.3902922829787633,9.036701015565063,10.60511361621307,False,False,False,True,False,False
43,6.885395254408697,85.71428571428571,1572,6.528145312958054,0,0,0,0,0,0,0,0.38249375632476623,6.752270376141742,10.25880978684457,False,False,False,False,True,False
27,6.743327140348654,85.10258697591436,3549,6.881313711751069,0,0,0,0,0,0,0,0.31965753591368706,11.167939085683692,10.279539430081238,False,False,False,False,False,True
28,6.7386854344927904,91.66666666666666,3549,6.881313711751069,0,0,0,0,0,0,0,1.1333312636939814,6.021023349349527,10.145869480287827,False,False,False,False,False,True
26,6.726881389735055,100.0,1572,6.528145312958054,0,0,0,0,0,0,0,0.38249375632476623,3.7612001156935624,9.920300326844044,False,False,False,False,True,False
24,6.9084008859802815,79.06976744186046,610,5.665348780241979,0,0,0,0,0,0,0,0.5515257667465269,9.116359308505288,10.540157328238578,False,False,True,False,False,False
38,6.5970797128209036,66.82027649769586,1572,6.528145312958054,0,0,0,0,0,0,0,2.294962537948597,8.754318540250866,10.305502616439773,False,False,False,False,True,False
5,6.5004185244497705,0.0,3549,6.881313711751069,0,0,0,0,0,0,0,0.7555541757959876,4.941642422609304,9.91128039696677,False,False,False,False,False,True
11,6.726881389735055,66.66666666666666,3549,6.881313711751069,0,0,0,0,0,0,0,0.7555541757959876,6.97166860472579,9.920300326844044,False,False,False,False,False,True
18,6.844614966234576,73.64341085271317,3067,6.382521258497842,0,0,0,0,0,0,0,1.1708768489362897,8.906122330884303,10.253585385671725,False,False,False,True,False,False
32,6.744524531479761,50.0,3549,6.881313711751069,0,0,0,0,0,0,0,0.7555541757959876,6.508769136971682,10.225216783767557,False,False,False,False,False,True
27,6.7216736474977665,57.14285714285714,3067,6.382521258497842,0,0,0,0,0,0,0,0.7805845659575266,6.095824562432225,10.226244979935121,False,False,False,True,False,False
24,6.195191110040243,80.0,3067,6.382521258497842,0,0,0,0,0,0,0,0.3902922829787633,5.648974238161206,7.8686083776014435,False,False,False,True,False,False
16,6.6520969072477385,78.67494824016563,3549,6.881313711751069,0,0,0,0,0,0,0,1.4820485755998218,9.710206155505832,9.866234944575568,False,False,False,False,False,True
13,5.879225467208256,0.0,447,5.588299776286353,0,0,0,0,0,0,0,0.9078461025802542,4.060443010546419,8.024343613012375,False,True,False,False,False,False
15,6.886454338193009,0.0,3549,6.881313711751069,0,0,0,0,0,0,0,0.35959152870240046,8.32845106681936,10.55714790872707,False,False,False,False,False,True
13,6.8873779809596005,83.64704110826683,3549,6.881313711751069,0,0,0,0,0,0,0,0.7555541757959876,12.09264635545998,10.503088454418865,False,False,False,False,False,True
37,5.7918085106382975,66.66666666666666,3549,6.881313711751069,0,0,0,0,0,0,0,0.6393150718273741,5.683579767338681,7.751630876729169,False,False,False,False,False,True
58,6.728879252982257,71.60493827160494,610,5.665348780241979,0,0,0,0,0,0,0,0.13788144168663172,7.631916513071252,10.092995148114731,False,False,True,False,False,False
14,6.510263751421897,66.66666666666666,3067,6.382521258497842,0,0,0,0,0,0,0,3.9029228297876326,6.368187186350492,9.93043086016947,False,False,False,True,False,False
26,6.779782172998328,0.0,2188,6.320059610463039,0,0,0,0,0,0,0,0.8886641126398388,4.852030263919617,10.42324578946821,True,False,False,False,False,False
20,6.797549575220548,78.90995260663507,3549,6.881313711751069,0,0,0,0,0,0,0,0.6974346238116809,9.406729185981574,10.375753011143713,False,False,False,False,False,True
39,6.917343385015634,71.875,3549,6.881313711751069,0,0,0,0,0,0,0,1.2205105916704415,7.498869733976931,10.332763394372934,False,False,False,False,False,True
11,4.9263479368027125,100.0,2188,6.320059610463039,0,0,0,0,0,0,0,0.8886641126398388,4.875197323201151,8.362349991150289,True,False,False,False,False,False
21,6.8949014445340095,78.57142857142857,3549,6.881313711751069,0,0,0,0,0,0,0,0.7555541757959876,6.618738983517219,10.011559008035396,False,False,False,False,False,True
14,6.728879252982257,50.0,3549,6.881313711751069,0,0,0,0,0,0,0,2.121363647427196,5.739792912179234,10.092995148114731,False,False,False,False,False,True
21,6.916164140930671,79.27590511860176,1572,6.528145312958054,0,0,0,0,0,0,0,0.7649875126495325,11.842329926465428,10.619208030339765,False,False,False,False,True,False
17,6.929999946205236,80.82901554404145,2188,6.320059610463039,0,0,0,0,0,0,0,0.8886641126398388,10.810818263038772,10.230362145757894,True,False,False,False,False,False
62,6.5004185244497705,67.0391061452514,1572,6.528145312958054,0,0,0,0,0,0,0,1.529975025299065,8.53070154144103,9.91128039696677,False,False,False,False,True,False
30,6.714263331890276,71.03448275862068,3549,6.881313711751069,0,0,0,0,0,0,0,0.7555541757959876,7.7226775164680035,9.872787541615118,False,False,False,False,False,True
11,6.662948251583755,0.0,3549,6.881313711751069,0,0,0,0,0,0,0,0.3777770878979938,4.897839799950911,10.093243666143405,False,False,False,False,False,True
38,6.7842301997157435,78.39506172839506,1572,6.528145312958054,0,0,0,0,0,0,0,5.354912588546727,9.568783751310876,10.055566237327685,False,False,False,False,True,False
29,6.195191110040243,52.0,3067,6.382521258497842,0,0,0,0,0,0,0,1.1708768489362897,7.107425474110705,7.8686083776014435,False,False,False,True,False,False
39,6.794607080130419,71.23287671232876,1572,6.528145312958054,0,0,0,0,0,0,0,0.38249375632476623,7.553286605600419,9.797980786126336,False,False,False,False,True,False
13,5.879225467208256,71.49758454106279,447,5.588299776286353,0,0,0,0,0,0,0,0.9078461025802542,9.074749717669835,8.024343613012375,False,True,False,False,False,False
32,6.9163355475353585,71.76470588235294,1572,6.528145312958054,0,0,0,0,0,0,0,3.442443806922896,10.035567892893337,10.552250995629967,False,False,False,False,True,False
68,6.756379223895332,83.33333333333334,2188,6.320059610463039,0,0,0,0,0,0,0,0.8886641126398388,6.3561076606958915,10.120073395422493,True,False,False,False,False,False
10,6.796871963337037,82.59574468085107,3549,6.881313711751069,0,0,0,0,0,0,0,0.6974346238116809,11.077485568110127,10.458899626851938,False,False,False,False,False,True
27,6.726162369696763,74.19354838709677,3549,6.881313711751069,0,0,0,0,0,0,0,0.23247820793722695,6.840546529288687,10.679600344309243,False,False,False,False,False,True
12,6.195191110040243,56.09756097560976,3067,6.382521258497842,0,0,0,0,0,0,0,1.1708768489362897,7.180069874302796,7.8686083776014435,False,False,False,True,False,False
13,6.735691132363756,75.72254335260115,3067,6.382521258497842,0,0,0,0,0,0,0,0.7805845659575266,8.392310009269547,10.477972889916076,False,False,False,True,False,False
10,4.9263479368027125,100.0,2188,6.320059610463039,0,0,0,0,0,0,0,0.8886641126398388,4.867534450455582,8.362349991150289,True,False,False,False,False,False
11,6.609341826856482,73.33333333333333,3549,6.881313711751069,0,0,0,0,0,0,0,3.777770878979938,6.519147287940395,9.068882161802035,False,False,False,False,False,True
15,6.542958467678293,0.0,3549,6.881313711751069,0,0,0,0,0,0,0,2.6153798392938032,4.394449154672439,9.733494725610756,False,False,False,False,False,True
24,6.80517077564317,82.59803921568627,3549,6.881313711751069,0,0,0,0,0,0,0,0.3777770878979938,9.374158457205578,10.111758201379091,False,False,False,False,False,True
19,6.929082157633005,85.11278195488721,3549,6.881313711751069,0,0,0,0,0,0,0,0.7264943998038342,11.802762713361059,10.449072303985556,False,False,False,False,False,True
48,6.756666247949616,67.67676767676768,2188,6.320059610463039,0,0,0,0,0,0,0,0.8886641126398388,7.498315870766981,10.418346234180893,True,False,False,False,False,False
13,6.662948251583755,79.23076923076923,610,5.665348780241979,0,0,0,0,0,0,0,0.965170091806422,8.431417414394833,10.093243666143405,False,False,True,False,False,False
29,6.8462550832714255,79.6934865900383,3549,6.881313711751069,0,0,0,0,0,0,0,1.2205105916704415,9.6071010394542,10.3254537616196,False,False,False,False,False,True
7,6.754818962416433,0.0,610,5.665348780241979,0,0,0,0,0,0,0,1.706172766409985,3.9889840465642745,10.53249559764114,False,False,True,False,False,False
15,6.924404576262872,72.6027397260274,3549,6.881313711751069,0,0,0,0,0,0,0,1.5111083515919752,7.6511201757027,10.25438432087725,False,False,False,False,False,True
32,6.910701171443393,80.43478260869566,2188,6.320059610463039,0,0,0,0,0,0,0,0.8886641126398388,10.331529214823197,10.41688240220924,True,False,False,False,False,False
20,6.741621400639805,79.54545454545455,2188,6.320059610463039,0,0,0,0,0,0,0,0.8886641126398388,7.2485040723706105,10.138276512874846,True,False,False,False,False,False
28,6.851297034979002,37.5,3067,6.382521258497842,0,0,0,0,0,0,0,1.9514614148938163,6.976348070447749,9.986857054132571,False,False,False,True,False,False
30,6.359366963355418,72.5,3067,6.382521258497842,0,0,0,0,0,0,0,0.7805845659575266,7.465082736399547,9.387122915483614,False,False,False,True,False,False
8,6.6520969072477385,68.08510638297872,3549,6.881313711751069,0,0,0,0,0,0,0,1.5111083515919752,8.342363500380579,9.866234944575568,False,False,False,False,False,True
34,6.810042529424079,75.0,3067,6.382521258497842,0,0,0,0,0,0,0,0.3902922829787633,5.093750200806762,10.047568209938474,False,False,False,True,False,False
17,6.195191110040243,67.6056338028169,3067,6.382521258497842,0,0,0,0,0,0,0,0.7805845659575266,8.08271113423758,7.8686083776014435,False,False,False,True,False,False
7,6.597401542559267,80.57692307692308,3067,6.382521258497842,0,0,0,0,0,0,0,1.5611691319150531,9.643809676493944,10.427265624906049,False,False,False,True,False,False
7,6.20715799971213,0.0,1572,6.528145312958054,0,0,0,0,0,0,0,0.38249375632476623,4.6913478822291435,9.847465822742766,False,False,False,False,True,False
21,6.885625457752329,70.0,2188,6.320059610463039,0,0,0,0,0,0,0,0.8886641126398388,6.807934943699926,10.465425245378393,True,False,False,False,False,False
13,6.195191110040243,61.53846153846154,3067,6.382521258497842,0,0,0,0,0,0,0,1.1708768489362897,7.242082359256962,7.8686083776014435,False,False,False,True,False,False
11,6.841176013325196,74.72527472527473,3549,6.881313711751069,0,0,0,0,0,0,0,0.3777770878979938,7.865955413933502,10.391510150603619,False,False,False,False,False,True
26,6.854123792605303,76.47058823529412,2188,6.320059610463039,0,0,0,0,0,0,0,0.8886641126398388,7.79934339821592,10.433667606671134,True,False,False,False,False,False
14,6.701988872193451,78.0952380952381,3549,6.881313711751069,0,0,0,0,0,0,0,2.266662527387963,9.447307929883463,9.976055121239256,False,False,False,False,False,True
15,6.514457055181107,50.0,2188,6.320059610463039,0,0,0,0,0,0,0,0.8886641126398388,7.1372784372603855,9.818964426502069,True,False,False,False,False,False
9,6.7991940742801775,81.59126365054603,3549,6.881313711751069,0,0,0,0,0,0,0,0.34871731190584043,9.891516180754907,10.38425041947118,False,False,False,False,False,True
25,6.58558055977916,0.0,3067,6.382521258497842,0,0,0,0,0,0,0,3.9029228297876326,5.087596335232384,9.56895283095515,False,False,False,True,False,False
12,6.289007148338809,0.0,2188,6.320059610463039,0,0,0,0,0,0,0,0.8886641126398388,3.8066624897703196,7.921587131345857,True,False,False,False,False,False
16,6.738764959228531,75.0,2188,6.320059610463039,0,0,0,0,0,0,0,0.8886641126398388,5.187385805840755,9.945173441974129,True,False,False,False,False,False
8,5.977416434118999,100.0,447,5.588299776286353,0,0,0,0,0,0,0,0.9078461025802542,5.823045895483019,9.939048983609874,False,True,False,False,False,False
24,5.558589488847307,0.0,3549,6.881313711751069,0,0,0,0,0,0,0,2.905977599215337,4.59511985013459,5.858417164315927,False,False,False,False,False,True
28,6.845793660424124,77.77777777777779,1572,6.528145312958054,0,0,0,0,0,0,0,0.38249375632476623,6.836259277277067,10.540903144926743,False,False,False,False,True,False
26,5.775788441476067,0.0,3549,6.881313711751069,0,0,0,0,0,0,0,0.2905977599215337,3.9889840465642745,8.653460843742746,False,False,False,False,False,True
25,6.464641336937508,0.0,610,5.665348780241979,0,0,0,0,0,0,0,0.4136443250598951,4.653960350157523,9.053611460451888,False,False,True,False,False,False
41,6.883380512152217,74.75247524752476,1572,6.528145312958054,0,0,0,0,0,0,0,0.38249375632476623,8.527341522468053,10.614465174325586,False,False,False,False,True,False
27,6.814886874855113,71.08433734939759,3549,6.881313711751069,0,0,0,0,0,0,0,1.5111083515919752,8.53954159508,10.335241757482251,False,False,False,False,False,True
8,6.195191110040243,62.5,3067,6.382521258497842,0,0,0,0,0,0,0,1.1708768489362897,6.834108738813838,7.8686083776014435,False,False,False,True,False,False
7,6.890329289432849,73.17073170731707,3067,6.382521258497842,0,0,0,0,0,0,0,0.3902922829787633,7.02197642307216,10.216686847467455,False,False,False,True,False,False
53,6.771173556088591,0.0,2188,6.320059610463039,0,0,0,0,0,0,0,0.8886641126398388,5.488937726156687,10.375566187065845,True,False,False,False,False,False
65,6.604052540744851,33.33333333333333,3067,6.382521258497842,0,0,0,0,0,0,0,0.3902922829787633,5.365976015021851,10.114427741028656,False,False,False,True,False,False
13,5.775788441476067,0.0,447,5.588299776286353,0,0,0,0,0,0,0,0.9078461025802542,3.713572066704308,8.653460843742746,False,True,False,False,False,False
8,6.602205255211668,72.72727272727273,3067,6.382521258497842,0,0,0,0,0,0,0,0.7805845659575266,8.816260208734581,10.266174232963616,False,False,False,True,False,False
24,6.694849741824683,68.42105263157895,3067,6.382521258497842,0,0,0,0,0,0,0,1.1708768489362897,6.880384082186005,9.72387854305561,False,False,False,True,False,False
25,6.664146117371874,50.0,2188,6.320059610463039,0,0,0,0,0,0,0,0.8886641126398388,7.7437032581737535,10.101027137410094,True,False,False,False,False,False
22,6.192033733782523,0.0,3549,6.881313711751069,0,0,0,0,0,0,0,0.3777770878979938,3.4965075614664802,9.566331310956217,False,False,False,False,False,True
49,6.9045239284490165,68.68884540117418,1572,6.528145312958054,0,0,0,0,0,0,0,0.38249375632476623,9.61146273065021,10.689390609309195,False,False,False,False,True,False
32,6.195191110040243,63.63636363636363,3067,6.382521258497842,0,0,0,0,0,0,0,0.7805845659575266,6.406879986069314,7.8686083776014435,False,False,False,True,False,False
14,6.359366963355418,69.35483870967742,3067,6.382521258497842,0,0,0,0,0,0,0,0.7805845659575266,8.263074835802596,9.387122915483614,False,False,False,True,False,False
34,6.891282696180802,80.98568098568099,3549,6.881313711751069,0,0,0,0,0,0,0,0.2905977599215337,11.419164085155755,10.435988846034078,False,False,False,False,False,True
19,6.110232844165658,50.0,447,5.588299776286353,0,0,0,0,0,0,0,0.9078461025802542,5.932245187448011,9.059811780007355,False,True,False,False,False,False
30,6.798461798496186,81.16883116883116,3549,6.881313711751069,0,0,0,0,0,0,0,0.7555541757959876,8.48446336679332,9.994542630009551,False,False,False,False,False,True
11,6.8329470467732,33.33333333333333,3067,6.382521258497842,0,0,0,0,0,0,0,0.3902922829787633,5.6937321388027,10.236583184966491,False,False,False,True,False,False
52,6.797217703082447,75.77464788732394,3549,6.881313711751069,0,0,0,0,0,0,0,0.2905977599215337,9.989940440266327,10.300351210911103,False,False,False,False,False,True
33,6.649945575696176,72.22222222222221,3067,6.382521258497842,0,0,0,0,0,0,0,0.3902922829787633,6.3561076606958915,10.214061915538965,False,False,False,True,False,False
7,6.289007148338809,60.0,1572,6.528145312958054,0,0,0,0,0,0,0,0.38249375632476623,5.762051382780177,7.921587131345857,False,False,False,False,True,False
45,6.490336269696487,75.0,2188,6.320059610463039,0,0,0,0,0,0,0,0.8886641126398388,6.182084906716632,8.81811505604364,True,False,False,False,False,False
19,6.722439214207467,77.64227642276423,3067,6.382521258497842,0,0,0,0,0,0,0,2.3417536978725795,8.761863373274727,10.427991829921707,False,False,False,True,False,False
48,6.915879652663198,78.85558583106267,2188,6.320059610463039,0,0,0,0,0,0,0,0.8886641126398388,10.423292739082695,10.41471669415263,True,False,False,False,False,False
33,6.77960349153899,82.36472945891784,1572,6.528145312958054,0,0,0,0,0,0,0,0.38249375632476623,10.369012417071955,10.364469387895442,False,False,False,False,True,False
46,6.26522859704693,0.0,3067,6.382521258497842,0,0,0,0,0,0,0,0.3902922829787633,4.6443908991413725,8.33775665141873,False,False,False,True,False,False
28,6.84051898277667,84.18977526613222,3549,6.881313711751069,0,0,0,0,0,0,0,0.34871731190584043,12.464255101488899,10.366698222421915,False,False,False,False,False,True
19,6.557242563528273,50.0,2188,6.320059610463039,0,0,0,0,0,0,0,0.8886641126398388,6.180016653652572,9.647235176608925,True,False,False,False,False,False
28,6.852570160823355,75.64935064935064,3549,6.881313711751069,0,0,0,0,0,0,0,1.5111083515919752,9.519661619531444,10.38752799327483,False,False,False,False,False,True
26,6.5004185244497705,0.0,3549,6.881313711751069,0,0,0,0,0,0,0,0.7264943998038342,3.7612001156935624,9.91128039696677,False,False,False,False,False,True
17,6.792676124684396,66.66666666666666,3549,6.881313711751069,0,0,0,0,0,0,0,1.4529887996076685,6.0867747269123065,10.340845868868293,False,False,False,False,False,True
16,6.83262700342976,84.31232091690545,610,5.665348780241979,0,0,0,0,0,0,0,3.5849174838524247,11.27754484521026,10.256496763473399,False,False,True,False,False,False
16,6.830647722977677,79.59183673469387,3067,6.382521258497842,0,0,0,0,0,0,0,0.3902922829787633,8.289037098278483,10.47591544201715,False,False,False,True,False,False
11,6.174481529399562,91.66666666666666,447,5.588299776286353,0,0,0,0,0,0,0,0.9078461025802542,6.19644412779452,8.77787019736625,False,True,False,False,False,False
28,6.8555166639998815,63.1578947368421,2188,6.320059610463039,0,0,0,0,0,0,0,0.8886641126398388,7.363913501405819,10.275953165430591,True,False,False,False,False,False
52,6.9991527367920785,74.86865148861646,2188,6.320059610463039,0,0,0,0,0,0,0,0.8886641126398388,10.0489289881863,10.282811046385305,True,False,False,False,False,False
8,6.5004185244497705,100.0,2188,6.320059610463039,0,0,0,0,0,0,0,0.8886641126398388,5.337538079701318,9.91128039696677,True,False,False,False,False,False
30,6.439627965757445,77.54491017964071,3549,6.881313711751069,0,0,0,0,0,0,0,0.3777770878979938,10.322329457685932,9.894579744052168,False,False,False,False,False,True
13,6.7728198451635695,73.07692307692307,3067,6.382521258497842,0,0,0,0,0,0,0,0.7805845659575266,10.311083721653247,9.293585506586053,False,False,False,True,False,False
24,6.195191110040243,60.0,3067,6.382521258497842,0,0,0,0,0,0,0,0.3902922829787633,7.329093736246592,7.8686083776014435,False,False,False,True,False,False
21,6.40169871215857,0.0,2188,6.320059610463039,0,0,0,0,0,0,0,0.8886641126398388,4.31748811353631,9.324495915651033,True,False,False,False,False,False
24,6.913054347165519,78.38541666666666,1572,6.528145312958054,0,0,0,0,0,0,0,0.38249375632476623,9.766751028962657,10.393655506016797,False,False,False,False,True,False
19,7.004459215829773,83.49328214971209,3549,6.881313711751069,0,0,0,0,0,0,0,0.31965753591368706,10.009198006958242,10.4071635901326,False,False,False,False,False,True
30,6.195191110040243,77.55102040816327,3067,6.382521258497842,0,0,0,0,0,0,0,0.3902922829787633,7.687080155783135,7.8686083776014435,False,False,False,True,False,False
49,6.662948251583755,0.0,1572,6.528145312958054,0,0,0,0,0,0,0,0.38249375632476623,4.143134726391533,10.093243666143405,False,False,False,False,True,False
18,6.661002281290718,83.37888514587173,3549,6.881313711751069,0,0,0,0,0,0,0,0.34871731190584043,13.024651315388965,10.31762812804148,False,False,False,False,False,True
12,6.831770986618008,84.30583501006036,3549,6.881313711751069,0,0,0,0,0,0,0,0.14529887996076685,11.818268166394521,10.323604062733633,False,False,False,False,False,True
72,6.8059761534885554,0.0,1572,6.528145312958054,0,0,0,0,0,0,0,0.38249375632476623,4.770684624465665,9.914218989491387,False,False,False,False,True,False
3,5.7918085106382975,68.51851851851852,2188,6.320059610463039,0,0,0,0,0,0,0,0.8886641126398388,7.611842399580417,7.751630876729169,True,False,False,False,False,False
23,6.93138279993449,81.01589103291714,3549,6.881313711751069,0,0,0,0,0,0,0,0.23247820793722695,12.201019901893522,10.505835175144629,False,False,False,False,False,True
20,6.869850796373931,75.0,3549,6.881313711751069,0,0,0,0,0,0,0,0.7555541757959876,7.122059881629142,10.605469870450406,False,False,False,False,False,True
35,6.195191110040243,56.41025641025641,3067,6.382521258497842,0,0,0,0,0,0,0,0.7805845659575266,7.055312843339752,7.8686083776014435,False,False,False,True,False,False
54,6.439627965757445,69.56521739130434,3067,6.382521258497842,0,0,0,0,0,0,0,0.3902922829787633,7.1284959456800365,9.894579744052168,False,False,False,True,False,False
38,6.803734917294818,50.0,1572,6.528145312958054,0,0,0,0,0,0,0,0.38249375632476623,5.003946305945459,10.6327179054734,False,False,False,False,True,False
11,6.852934610855987,80.56388722255548,3549,6.881313711751069,0,0,0,0,0,0,0,0.34871731190584043,11.117078949527887,10.639452772330097,False,False,False,False,False,True
11,6.2467029592772985,81.2133072407045,3549,6.881313711751069,0,0,0,0,0,0,0,0.34871731190584043,10.250758416399567,9.657145167764883,False,False,False,False,False,True
4,6.9105546076701785,81.89860496767608,3549,6.881313711751069,0,0,0,0,0,0,0,0.3777770878979938,11.172868811997306,10.517674037217661,False,False,False,False,False,True
27,6.852392690373802,76.78571428571429,3549,6.881313711751069,0,0,0,0,0,0,0,1.2495703676625949,7.475339236566737,10.159532674078116,False,False,False,False,False,True
4,6.88733739847508,0.0,3067,6.382521258497842,0,0,0,0,0,0,0,4.829555421039003,7.278628942320682,10.349355336076178,False,False,False,True,False,False
8,5.60043986026233,75.0,2188,6.320059610463039,0,0,0,0,0,0,0,0.8886641126398388,5.10594547390058,6.344274272082252,True,False,False,False,False,False
29,6.730576075545395,76.47058823529412,3067,6.382521258497842,0,0,0,0,0,0,0,1.1708768489362897,6.794586580876499,10.16425006871806,False,False,False,True,False,False
31,6.516317989214934,75.75757575757575,3549,6.881313711751069,0,0,0,0,0,0,0,0.3777770878979938,8.833608482690892,10.067137852155211,False,False,False,False,False,True
9,4.9263479368027125,0.0,2188,6.320059610463039,0,0,0,0,0,0,0,0.8886641126398388,4.787491742782046,8.362349991150289,True,False,False,False,False,False
30,6.5004185244497705,66.66666666666666,2188,6.320059610463039,0,0,0,0,0,0,0,0.8886641126398388,4.859812404361672,9.91128039696677,True,False,False,False,False,False
50,6.22747829422649,62.857142857142854,2188,6.320059610463039,0,0,0,0,0,0,0,0.8886641126398388,6.891625897052253,8.715280860702519,True,False,False,False,False,False
11,6.5004185244497705,71.42857142857143,2188,6.320059610463039,0,0,0,0,0,0,0,0.8886641126398388,6.302618975744905,9.91128039696677,True,False,False,False,False,False
21,6.195191110040243,69.6078431372549,3067,6.382521258497842,0,0,0,0,0,0,0,0.7805845659575266,8.272570608424903,7.8686083776014435,False,False,False,True,False,False
45,6.7970571647969535,83.30967925063865,3549,6.881313711751069,0,0,0,0,0,0,0,0.34871731190584043,11.595822556549699,10.601034537222677,False,False,False,False,False,True
35,6.732814859709293,79.82456140350878,3067,6.382521258497842,0,0,0,0,0,0,0,1.5611691319150531,7.952966790923131,10.073316048918048,False,False,False,True,False,False
5,6.270257490704965,50.0,610,5.665348780241979,0,0,0,0,0,0,0,0.13788144168663172,4.890349128221754,8.471450016819338,False,False,True,False,False,False
14,6.664633806081871,70.11494252873564,447,5.588299776286353,0,0,0,0,0,0,0,0.9078461025802542,7.988203597022576,10.101821702212225,False,True,False,False,False,False
16,6.846535962302059,83.6734693877551,3549,6.881313711751069,0,0,0,0,0,0,0,0.3777770878979938,11.510813235783955,10.594941864660107,False,False,False,False,False,True
25,6.195191110040243,65.11627906976744,3067,6.382521258497842,0,0,0,0,0,0,0,0.3902922829787633,7.744136627627991,7.8686083776014435,False,False,False,True,False,False
13,6.552230578439165,71.7948717948718,3067,6.382521258497842,0,0,0,0,0,0,0,1.5611691319150531,7.45298232946546,10.310697991541323,False,False,False,True,False,False
47,6.744524531479761,0.0,3067,6.382521258497842,0,0,0,0,0,0,0,2.3417536978725795,4.762173934797756,10.225216783767557,False,False,False,True,False,False
11,6.548792989998894,0.0,3067,6.382521258497842,0,0,0,0,0,0,0,0.3902922829787633,3.8918202981106265,9.223228522439266,False,False,False,True,False,False
24,6.84051898277667,100.0,3067,6.382521258497842,0,0,0,0,0,0,0,2.3417536978725795,10.17967885827241,10.366698222421915,False,False,False,True,False,False
33,6.740761307066956,60.0,3067,6.382521258497842,0,0,0,0,0,0,0,4.683507395745159,6.159095388491933,10.288814483408974,False,False,False,True,False,False
15,6.810042529424079,0.0,610,5.665348780241979,0,0,0,0,0,0,0,0.4136443250598951,3.6635616461296463,10.047568209938474,False,False,True,False,False,False
11,6.846006740869494,78.83295194508008,3549,6.881313711751069,0,0,0,0,0,0,0,0.7555541757959876,10.396444477759635,10.274383382910356,False,False,False,False,False,True
34,6.794607080130419,80.0,2188,6.320059610463039,0,0,0,0,0,0,0,0.8886641126398388,5.817111159963204,9.797980786126336,True,False,False,False,False,False
23,7.0320225358806745,87.09866416686197,3549,6.881313711751069,0,0,0,0,0,0,0,0.34871731190584043,12.90515716515684,10.928267570836029,False,False,False,False,False,True
40,6.700655214370671,69.74789915966386,1572,6.528145312958054,0,0,0,0,0,0,0,0.38249375632476623,8.346642090221199,10.163122590791794,False,False,False,False,True,False
22,6.82306916382694,79.78056426332289,3549,6.881313711751069,0,0,0,0,0,0,0,0.34871731190584043,9.516500665673737,10.258807654018822,False,False,False,False,False,True
37,6.5004185244497705,79.0,3067,6.382521258497842,0,0,0,0,0,0,0,0.3902922829787633,7.671360923190644,9.91128039696677,False,False,False,True,False,False
15,6.48976219033308,0.0,1572,6.528145312958054,0,0,0,0,0,0,0,0.38249375632476623,4.976733742420574,9.485106768895054,False,False,False,False,True,False
28,6.849410809478435,74.42396313364056,1572,6.528145312958054,0,0,0,0,0,0,0,0.38249375632476623,9.165238398063762,10.571197215020307,False,False,False,False,True,False
36,6.865487846325214,82.10450966356478,3549,6.881313711751069,0,0,0,0,0,0,0,0.34871731190584043,12.370251446678479,10.583928086616385,False,False,False,False,False,True
28,6.045175999634896,0.0,3549,6.881313711751069,0,0,0,0,0,0,0,0.34871731190584043,9.579556347409227,7.952065901555757,False,False,False,False,False,True
48,6.912720749983493,73.75690607734806,1572,6.528145312958054,0,0,0,0,0,0,0,0.38249375632476623,9.546383945305841,10.369468764676839,False,False,False,False,True,False
36,6.987153097408068,71.5,1572,6.528145312958054,0,0,0,0,0,0,0,2.294962537948597,8.718663567048953,10.18905036191773,False,False,False,False,True,False
4,5.775788441476067,0.0,447,5.588299776286353,0,0,0,0,0,0,0,0.9078461025802542,3.7612001156935624,8.653460843742746,False,True,False,False,False,False
18,6.622168674698795,77.24137931034483,3067,6.382521258497842,0,0,0,0,0,0,0,0.7805845659575266,8.235625719964311,9.89558775645304,False,False,False,True,False,False
16,6.5004185244497705,0.0,3067,6.382521258497842,0,0,0,0,0,0,0,0.3902922829787633,4.844187086458591,9.91128039696677,False,False,False,True,False,False
24,6.20715799971213,76.14678899082568,610,5.665348780241979,0,0,0,0,0,0,0,0.4136443250598951,8.791941988456118,9.847465822742766,False,False,True,False,False,False
39,6.9991527367920785,65.18518518518519,1572,6.528145312958054,0,0,0,0,0,0,0,0.38249375632476623,8.311398278436641,10.282811046385305,False,False,False,False,True,False
46,6.745869261287794,63.1578947368421,2188,6.320059610463039,0,0,0,0,0,0,0,0.8886641126398388,7.242082359256962,9.89485951039786,True,False,False,False,False,False
23,6.881411982126464,74.13793103448276,3549,6.881313711751069,0,0,0,0,0,0,0,0.7264943998038342,8.766082459148864,10.5146780909202,False,False,False,False,False,True
28,6.195191110040243,66.16541353383458,3067,6.382521258497842,0,0,0,0,0,0,0,0.3902922829787633,8.531490496117062,7.8686083776014435,False,False,False,True,False,False
38,6.883380512152217,73.50427350427351,1572,6.528145312958054,0,0,0,0,0,0,0,0.7649875126495325,8.231109840328154,10.614465174325586,False,False,False,False,True,False
20,6.510263751421897,75.0,610,5.665348780241979,0,0,0,0,0,0,0,0.8272886501197902,7.751045117971802,9.93043086016947,False,False,True,False,False,False
4,6.606416241425137,79.68561064087062,3549,6.881313711751069,0,0,0,0,0,0,0,0.34871731190584043,11.334432569489755,10.54597082884777,False,False,False,False,False,True
10,6.762098001605815,82.78278278278279,2188,6.320059610463039,0,0,0,0,0,0,0,0.8886641126398388,10.989419788046863,10.051582491944181,True,False,False,False,False,False
18,6.5004185244497705,74.0,610,5.665348780241979,0,0,0,0,0,0,0,1.3788144168663172,8.104401307921613,9.91128039696677,False,False,True,False,False,False
48,6.867928897374089,76.19047619047619,610,5.665348780241979,0,0,0,0,0,0,0,1.3788144168663172,8.542080906924017,10.526370576467615,False,False,True,False,False,False
21,5.775788441476067,25.0,447,5.588299776286353,0,0,0,0,0,0,0,0.9078461025802542,5.087596335232384,8.653460843742746,False,True,False,False,False,False
9,6.8945007866907115,80.21978021978022,3549,6.881313711751069,0,0,0,0,0,0,0,0.3777770878979938,10.681710905451192,10.69767748536516,False,False,False,False,False,True
44,6.677693639525605,33.33333333333333,2188,6.320059610463039,0,0,0,0,0,0,0,0.8886641126398388,5.003946305945459,9.328032216867232,True,False,False,False,False,False
17,6.5004185244497705,57.14285714285714,1572,6.528145312958054,0,0,0,0,0,0,0,4.207431319572429,8.392989587956931,9.91128039696677,False,False,False,False,True,False
100,6.8059761534885554,0.0,1572,6.528145312958054,0,0,0,0,0,0,0,0.7649875126495325,4.912654885736052,9.914218989491387,False,False,False,False,True,False
32,6.510263751421897,0.0,3549,6.881313711751069,0,0,0,0,0,0,0,0.35959152870240046,5.627621113690637,9.93043086016947,False,False,False,False,False,True
11,6.8459252495750516,83.49570200573065,2188,6.320059610463039,0,0,0,0,0,0,0,0.8886641126398388,10.614425534104623,10.421883955112964,True,False,False,False,False,False
6,6.774246980085466,89.47368421052632,3067,6.382521258497842,0,0,0,0,0,0,0,0.3902922829787633,6.371611847231857,9.964555449296922,False,False,False,True,False,False
53,6.842297549793959,45.45454545454545,1572,6.528145312958054,0,0,0,0,0,0,0,0.38249375632476623,6.948897222313312,10.316283777434755,False,False,False,False,True,False
7,5.879225467208256,67.85714285714286,447,5.588299776286353,0,0,0,0,0,0,0,0.9078461025802542,7.294377299288821,8.024343613012375,False,True,False,False,False,False
27,6.542958467678293,0.0,3549,6.881313711751069,0,0,0,0,0,0,0,0.35959152870240046,4.795790545596741,9.733494725610756,False,False,False,False,False,True
18,5.7918085106382975,0.0,3067,6.382521258497842,0,0,0,0,0,0,0,0.3902922829787633,4.23410650459726,7.751630876729169,False,False,False,True,False,False
10,6.849565682973,78.1305114638448,3549,6.881313711751069,0,0,0,0,0,0,0,0.3777770878979938,9.617603862025726,10.37304648296034,False,False,False,False,False,True
6,6.542958467678293,0.0,1572,6.528145312958054,0,0,0,0,0,0,0,0.7649875126495325,4.290459441148391,9.733494725610756,False,False,False,False,True,False
4,6.615682243836758,80.95238095238095,3067,6.382521258497842,0,0,0,0,0,0,0,0.3902922829787633,7.151485463904735,9.934863025854376,False,False,False,True,False,False
27,6.91438909153364,69.9579831932773,1572,6.528145312958054,0,0,0,0,0,0,0,0.38249375632476623,9.62231756369957,10.795631141934663,False,False,False,False,True,False
27,6.886319142907979,61.111111111111114,2188,6.320059610463039,0,0,0,0,0,0,0,0.8886641126398388,8.296546520300614,10.183715756641568,True,False,False,False,False,False
27,6.840850632094109,83.33333333333334,3549,6.881313711751069,0,0,0,0,0,0,0,0.3777770878979938,9.400051227201992,10.611601948919969,False,False,False,False,False,True
36,6.751325022977751,70.64220183486239,2188,6.320059610463039,0,0,0,0,0,0,0,0.8886641126398388,8.037543185118697,10.139510857462417,True,False,False,False,False,False
17,6.841139835882383,65.67164179104478,3549,6.881313711751069,0,0,0,0,0,0,0,1.4529887996076685,7.640603826393634,10.053457869500832,False,False,False,False,False,True
15,6.890338018266329,82.31928285332825,3549,6.881313711751069,0,0,0,0,0,0,0,1.801706111513509,12.021284048092427,10.521209139977445,False,False,False,False,False,True
13,6.829036948424544,80.0,1572,6.528145312958054,0,0,0,0,0,0,0,0.38249375632476623,5.82600010738045,9.778151955140352,False,False,False,False,True,False
36,6.26522859704693,50.0,3067,6.382521258497842,0,0,0,0,0,0,0,0.3902922829787633,5.075173815233827,8.33775665141873,False,False,False,True,False,False
16,6.759224938434093,80.23850085178876,3067,6.382521258497842,0,0,0,0,0,0,0,0.3902922829787633,9.428511581663834,9.967730591475465,False,False,False,True,False,False
12,6.828461306251338,83.63970588235294,2188,6.320059610463039,0,0,0,0,0,0,0,0.8886641126398388,9.509036565691064,10.561898890124676,True,False,False,False,False,False
22,6.751585809121671,0.0,1572,6.528145312958054,0,0,0,0,0,0,0,0.7649875126495325,4.248495242049359,9.88965981250502,False,False,False,False,True,False
32,6.638507824900212,67.3469387755102,2188,6.320059610463039,0,0,0,0,0,0,0,0.8886641126398388,7.782807262839695,10.168989880148086,True,False,False,False,False,False
19,6.490336269696487,60.0,1572,6.528145312958054,0,0,0,0,0,0,0,0.38249375632476623,5.365976015021851,8.81811505604364,False,False,False,False,True,False
20,6.195191110040243,50.0,3067,6.382521258497842,0,0,0,0,0,0,0,0.3902922829787633,6.018593214496234,7.8686083776014435,False,False,False,True,False,False
11,5.879225467208256,74.30167597765363,447,5.588299776286353,0,0,0,0,0,0,0,0.9078461025802542,8.954673628956414,8.024343613012375,False,True,False,False,False,False
56,6.855095698526012,75.0,3067,6.382521258497842,0,0,0,0,0,0,0,0.3902922829787633,9.013960457931187,10.612579078461035,False,False,False,True,False,False
13,6.635160238369523,67.85714285714286,3067,6.382521258497842,0,0,0,0,0,0,0,0.7805845659575266,7.738923757439457,10.134417269138533,False,False,False,True,False,False
16,5.558589488847307,0.0,2188,6.320059610463039,0,0,0,0,0,0,0,0.8886641126398388,4.23410650459726,5.858417164315927,True,False,False,False,False,False
8,6.802131924594253,72.0,3549,6.881313711751069,0,0,0,0,0,0,0,0.7555541757959876,6.812345094177479,10.282919733757934,False,False,False,False,False,True
5,4.9263479368027125,0.0,2188,6.320059610463039,0,0,0,0,0,0,0,0.8886641126398388,4.919980925828125,8.362349991150289,True,False,False,False,False,False
28,6.911383487170326,84.52904929577466,1572,6.528145312958054,0,0,0,0,0,0,0,1.529975025299065,11.580490651132653,10.572552363136483,False,False,False,False,True,False
37,6.7788006680453305,80.0,3067,6.382521258497842,0,0,0,0,0,0,0,0.3902922829787633,7.739794458408701,10.024408677838311,False,False,False,True,False,False
35,6.270257490704965,0.0,2188,6.320059610463039,0,0,0,0,0,0,0,0.8886641126398388,4.5217885770490405,8.471450016819338,True,False,False,False,False,False
20,6.510263751421897,0.0,3067,6.382521258497842,0,0,0,0,0,0,0,0.3902922829787633,4.110873864173311,9.93043086016947,False,False,False,True,False,False
43,6.5264888547538815,0.0,1572,6.528145312958054,0,0,0,0,0,0,0,0.38249375632476623,4.48863636973214,9.75745455496221,False,False,False,False,True,False
16,6.96333557503649,81.05263157894737,3067,6.382521258497842,0,0,0,0,0,0,0,0.3902922829787633,7.732807530422021,10.664792259070344,False,False,False,True,False,False
34,6.885667125397279,73.84615384615385,3067,6.382521258497842,0,0,0,0,0,0,0,0.7805845659575266,7.1459844677143876,10.372980716955137,False,False,False,True,False,False
48,6.7921340428944,77.02702702702703,3067,6.382521258497842,0,0,0,0,0,0,0,0.3902922829787633,8.122074375362217,10.36953170501716,False,False,False,True,False,False
9,6.26522859704693,0.0,3549,6.881313711751069,0,0,0,0,0,0,0,1.5111083515919752,3.6109179126442243,8.33775665141873,False,False,False,False,False,True
22,6.241442385702294,80.06833712984054,3549,6.881313711751069,0,0,0,0,0,0,0,0.3777770878979938,10.420166014977355,9.194091527769046,False,False,False,False,False,True
12,6.944499111272639,80.78628436299142,3549,6.881313711751069,0,0,0,0,0,0,0,0.7555541757959876,11.584175786498395,10.50152402168326,False,False,False,False,False,True
17,6.856607732998538,82.55933952528379,3549,6.881313711751069,0,0,0,0,0,0,0,0.34871731190584043,11.759582397269078,10.516634692996599,False,False,False,False,False,True
44,6.195191110040243,69.0909090909091,3067,6.382521258497842,0,0,0,0,0,0,0,0.3902922829787633,8.345455428161928,7.8686083776014435,False,False,False,True,False,False
26,6.81823449633989,78.64693446088795,1572,6.528145312958054,0,0,0,0,0,0,0,0.38249375632476623,9.045347797304004,9.698986449188135,False,False,False,False,True,False
16,6.7921340428944,77.77777777777779,2188,6.320059610463039,0,0,0,0,0,0,0,0.8886641126398388,5.8522024797744745,10.36953170501716,True,False,False,False,False,False
25,6.752542161239349,65.45454545454545,1572,6.528145312958054,0,0,0,0,0,0,0,0.38249375632476623,8.448914350662942,10.418120676184797,False,False,False,False,True,False
17,6.662948251583755,0.0,610,5.665348780241979,0,0,0,0,0,0,0,0.6894072084331586,4.1588830833596715,10.093243666143405,False,False,True,False,False,False
16,6.195191110040243,77.27272727272727,3067,6.382521258497842,0,0,0,0,0,0,0,0.7805845659575266,7.700747794511798,7.8686083776014435,False,False,False,True,False,False
27,6.110232844165658,100.0,447,5.588299776286353,0,0,0,0,0,0,0,0.9078461025802542,4.189654742026425,9.059811780007355,False,True,False,False,False,False
63,6.669845257137642,74.21875,610,5.665348780241979,0,0,0,0,0,0,0,0.13788144168663172,8.31115254800169,10.105230794896064,False,False,True,False,False,False
15,6.856607732998538,78.94736842105263,3067,6.382521258497842,0,0,0,0,0,0,0,0.7805845659575266,7.8709295967551425,10.516634692996599,False,False,False,True,False,False
20,6.738572847556955,44.44444444444444,3549,6.881313711751069,0,0,0,0,0,0,0,0.7264943998038342,7.071573364211532,10.406176714829902,False,False,False,False,False,True
9,6.110232844165658,100.0,447,5.588299776286353,0,0,0,0,0,0,0,0.9078461025802542,5.187385805840755,9.059811780007355,False,True,False,False,False,False
17,6.74472764911023,78.70239774330042,3549,6.881313711751069,0,0,0,0,0,0,0,0.34871731190584043,10.609131324425356,10.336080606389867,False,False,False,False,False,True
21,6.901267417916423,81.66160081053698,3549,6.881313711751069,0,0,0,0,0,0,0,1.1333312636939814,10.520077610373917,10.28179175137282,False,False,False,False,False,True
20,6.192033733782523,0.0,3549,6.881313711751069,0,0,0,0,0,0,0,0.7555541757959876,3.713572066704308,9.566331310956217,False,False,False,False,False,True
26,6.789420307394056,82.5531914893617,3067,6.382521258497842,0,0,0,0,0,0,0,2.3417536978725795,8.492285555710053,10.383758236691929,False,False,False,True,False,False
16,5.879225467208256,71.42857142857143,447,5.588299776286353,0,0,0,0,0,0,0,0.9078461025802542,6.144185634125646,8.024343613012375,False,True,False,False,False,False
16,6.241442385702294,68.59903381642512,1572,6.528145312958054,0,0,0,0,0,0,0,1.1474812689742986,8.731497794063243,9.194091527769046,False,False,False,False,True,False
32,6.671140218499566,83.01886792452831,3549,6.881313711751069,0,0,0,0,0,0,0,1.3658094716312084,7.703007682479236,9.763111410243045,False,False,False,False,False,True
20,6.89119251784515,83.33333333333334,3549,6.881313711751069,0,0,0,0,0,0,0,1.1333312636939814,11.257581500430392,10.481579530675262,False,False,False,False,False,True
36,6.756088305354059,76.33587786259542,2188,6.320059610463039,0,0,0,0,0,0,0,0.8886641126398388,8.379768515504566,9.979914501911413,True,False,False,False,False,False
14,6.806194056192318,0.0,610,5.665348780241979,0,0,0,0,0,0,0,1.706172766409985,5.945420608606575,9.881294333397236,False,False,True,False,False,False
51,6.7040484841531285,70.37037037037037,2188,6.320059610463039,0,0,0,0,0,0,0,0.8886641126398388,6.799055862058796,9.848840588225862,True,False,False,False,False,False
23,6.670570389868318,80.0,1572,6.528145312958054,0,0,0,0,0,0,0,0.7649875126495325,6.739336627357174,10.522903874514393,False,False,False,False,True,False
14,6.8597275096250865,65.8119658119658,3549,6.881313711751069,0,0,0,0,0,0,0,0.7555541757959876,9.372204086867741,10.338109218973214,False,False,False,False,False,True
23,6.889678266422713,69.51219512195121,1572,6.528145312958054,0,0,0,0,0,0,0,0.38249375632476623,10.004779804018,10.37484668725167,False,False,False,False,True,False
16,6.5004185244497705,0.0,3549,6.881313711751069,0,0,0,0,0,0,0,0.9880323837332146,4.532599493153256,9.91128039696677,False,False,False,False,False,True
19,6.901751986715905,81.13207547169812,3549,6.881313711751069,0,0,0,0,0,0,0,0.7555541757959876,10.560515206289688,10.277773845765244,False,False,False,False,False,True
19,6.884678058902466,77.47875354107649,3067,6.382521258497842,0,0,0,0,0,0,0,2.3417536978725795,9.51111140896968,10.225265105323505,False,False,False,True,False,False
45,6.195191110040243,65.625,3067,6.382521258497842,0,0,0,0,0,0,0,0.3902922829787633,8.945462952177666,7.8686083776014435,False,False,False,True,False,False
18,6.587329509711857,86.32645111024543,2188,6.320059610463039,0,0,0,0,0,0,0,0.8886641126398388,11.404783306350526,10.348587708504871,True,False,False,False,False,False
48,6.7481234172756,57.14285714285714,3067,6.382521258497842,0,0,0,0,0,0,0,0.3902922829787633,6.091309882077698,10.19759241808323,False,False,False,True,False,False
10,6.778371967850202,0.0,3549,6.881313711751069,0,0,0,0,0,0,0,3.3418742390976375,4.653960350157523,10.44611879933651,False,False,False,False,False,True
63,6.844614966234576,67.34177215189874,3067,6.382521258497842,0,0,0,0,0,0,0,1.5611691319150531,9.157783121237507,10.253585385671725,False,False,False,True,False,False
6,6.195191110040243,62.06896551724138,3067,6.382521258497842,0,0,0,0,0,0,0,2.3417536978725795,7.355001921105257,7.8686083776014435,False,False,False,True,False,False
12,6.744196985385269,77.088948787062,3067,6.382521258497842,0,0,0,0,0,0,0,0.7805845659575266,9.950609659604863,10.133921903918713,False,False,False,True,False,False
16,6.8356337303493975,75.67567567567568,3067,6.382521258497842,0,0,0,0,0,0,0,2.3417536978725795,8.41316512099219,10.291175312072053,False,False,False,True,False,False
18,6.829036948424544,0.0,1572,6.528145312958054,0,0,0,0,0,0,0,0.38249375632476623,4.127134385045092,9.778151955140352,False,False,False,False,True,False
6,6.628254084025196,0.0,3549,6.881313711751069,0,0,0,0,0,0,0,0.3777770878979938,7.448333860897476,10.049137128369047,False,False,False,False,False,True
18,6.5004185244497705,50.0,3067,6.382521258497842,0,0,0,0,0,0,0,0.3902922829787633,4.795790545596741,9.91128039696677,False,False,False,True,False,False
51,6.872724838781157,74.01656314699792,1572,6.528145312958054,0,0,0,0,0,0,0,0.38249375632476623,9.975342989636555,10.448627319059822,False,False,False,False,True,False
18,6.510263751421897,66.66666666666666,610,5.665348780241979,0,0,0,0,0,0,0,1.1030515334930537,5.564520407322694,9.93043086016947,False,False,True,False,False,False
11,6.468372592093842,0.0,2188,6.320059610463039,0,0,0,0,0,0,0,0.8886641126398388,6.403574197934815,9.533994132566862,True,False,False,False,False,False
47,6.8244710864849685,70.87378640776699,3067,6.382521258497842,0,0,0,0,0,0,0,0.3902922829787633,9.634365505605258,10.261648987154905,False,False,False,True,False,False
7,6.195191110040243,20.0,3067,6.382521258497842,0,0,0,0,0,0,0,1.1708768489362897,5.521460917862246,7.8686083776014435,False,False,False,True,False,False
25,6.798867426569133,80.56580565805658,2188,6.320059610463039,0,0,0,0,0,0,0,0.8886641126398388,10.252946523854552,10.153657241525975,True,False,False,False,False,False
28,6.740866461953476,68.96551724137932,1572,6.528145312958054,0,0,0,0,0,0,0,0.38249375632476623,6.606650186198215,10.291965944804542,False,False,False,False,True,False
38,6.359366963355418,66.3157894736842,3067,6.382521258497842,0,0,0,0,0,0,0,0.7805845659575266,8.16223106548118,9.387122915483614,False,False,False,True,False,False
22,5.558589488847307,100.0,610,5.665348780241979,0,0,0,0,0,0,0,0.13788144168663172,4.969813299576001,5.858417164315927,False,False,True,False,False,False
26,6.862799804631824,78.89871382636656,3549,6.881313711751069,0,0,0,0,0,0,0,0.34871731190584043,11.205802299860744,10.666855366071617,False,False,False,False,False,True
25,6.728879252982257,0.0,3067,6.382521258497842,0,0,0,0,0,0,0,0.3902922829787633,7.223295679562314,10.092995148114731,False,False,False,True,False,False
36,6.703006296580537,66.66666666666666,3549,6.881313711751069,0,0,0,0,0,0,0,1.5111083515919752,7.5822291942764615,10.172048866669856,False,False,False,False,False,True
8,6.863811183522898,81.08504398826979,2188,6.320059610463039,0,0,0,0,0,0,0,0.8886641126398388,9.49228099379885,10.083958405413677,True,False,False,False,False,False
23,6.7108808707015255,83.97720075997466,3549,6.881313711751069,0,0,0,0,0,0,0,0.34871731190584043,11.91414825382026,9.975240141996258,False,False,False,False,False,True
28,6.6430291428883415,50.0,1572,6.528145312958054,0,0,0,0,0,0,0,0.38249375632476623,6.309918278226516,9.86229888291955,False,False,False,False,True,False
14,6.801279969075106,100.0,3067,6.382521258497842,0,0,0,0,0,0,0,0.3902922829787633,4.7535901911063645,10.323930083446934,False,False,False,True,False,False
20,6.7728198451635695,0.0,3067,6.382521258497842,0,0,0,0,0,0,0,0.3902922829787633,4.394449154672439,9.293585506586053,False,False,False,True,False,False
19,6.756666247949616,0.0,610,5.665348780241979,0,0,0,0,0,0,0,1.6545773002395805,4.955827057601261,10.418346234180893,False,False,True,False,False,False
14,6.7728198451635695,68.18181818181817,3549,6.881313711751069,0,0,0,0,0,0,0,2.0923038714350426,6.879355804460439,9.293585506586053,False,False,False,False,False,True
8,6.890959249716985,81.64220035489595,3549,6.881313711751069,0,0,0,0,0,0,0,0.34871731190584043,11.978381268515756,10.596837100681503,False,False,False,False,False,True
4,6.195191110040243,68.29268292682927,3067,6.382521258497842,0,0,0,0,0,0,0,0.7805845659575266,7.1785454837637,7.8686083776014435,False,False,False,True,False,False
8,6.6135862084355725,59.375,3067,6.382521258497842,0,0,0,0,0,0,0,1.5611691319150531,7.009408932708637,9.806019288643075,False,False,False,True,False,False
28,6.662948251583755,84.83563096500531,3549,6.881313711751069,0,0,0,0,0,0,0,0.34871731190584043,10.370580700437113,10.093243666143405,False,False,False,False,False,True
34,6.638243832197137,0.0,1572,6.528145312958054,0,0,0,0,0,0,0,1.1474812689742986,4.875197323201151,10.118310337677755,False,False,False,False,True,False
22,6.602535413663778,0.0,3549,6.881313711751069,0,0,0,0,0,0,0,0.35959152870240046,8.411165786770708,10.182888913729943,False,False,False,False,False,True
34,6.778805303766696,78.94736842105263,1572,6.528145312958054,0,0,0,0,0,0,0,2.6774562942733633,6.683360945766275,10.211007166783636,False,False,False,False,True,False
40,6.86401229618087,69.62025316455697,3067,6.382521258497842,0,0,0,0,0,0,0,0.3902922829787633,7.6236419465115715,10.219694866047371,False,False,False,True,False,False
14,6.5004185244497705,87.5,3067,6.382521258497842,0,0,0,0,0,0,0,0.3902922829787633,7.069874128458572,9.91128039696677,False,False,False,True,False,False
36,6.58558055977916,0.0,1572,6.528145312958054,0,0,0,0,0,0,0,0.38249375632476623,4.248495242049359,9.56895283095515,False,False,False,False,True,False
19,6.5004185244497705,82.85714285714286,3549,6.881313711751069,0,0,0,0,0,0,0,0.34871731190584043,7.725771441587952,9.91128039696677,False,False,False,False,False,True
18,6.915536808566012,86.66666666666667,2188,6.320059610463039,0,0,0,0,0,0,0,0.8886641126398388,7.515344571180436,10.542127462070514,True,False,False,False,False,False
20,6.289007148338809,100.0,2188,6.320059610463039,0,0,0,0,0,0,0,0.8886641126398388,4.454347296253507,7.921587131345857,True,False,False,False,False,False
9,6.651400643424755,0.0,3549,6.881313711751069,0,0,0,0,0,0,0,0.3777770878979938,3.9889840465642745,10.091938442844839,False,False,False,False,False,True
9,6.848358505499612,82.21684153887544,3549,6.881313711751069,0,0,0,0,0,0,0,0.6974346238116809,11.96162884604526,10.583850504001472,False,False,False,False,False,True
11,7.0314955564501656,82.52252252252252,3549,6.881313711751069,0,0,0,0,0,0,0,0.6393150718273741,9.930810848185018,10.867559094637576,False,False,False,False,False,True
45,6.822005895983393,79.06976744186046,3549,6.881313711751069,0,0,0,0,0,0,0,0.6974346238116809,7.636752112435779,10.236233937114172,False,False,False,False,False,True
18,6.810042529424079,71.42857142857143,3067,6.382521258497842,0,0,0,0,0,0,0,0.3902922829787633,9.001222992395064,10.047568209938474,False,False,False,True,False,False
20,6.957767398843721,78.87323943661971,3549,6.881313711751069,0,0,0,0,0,0,0,1.4529887996076685,10.347532142611767,10.41278805844042,False,False,False,False,False,True
19,6.192033733782523,0.0,3067,6.382521258497842,0,0,0,0,0,0,0,0.3902922829787633,4.060443010546419,9.566331310956217,False,False,False,True,False,False
30,6.910821247761948,83.02599099753158,3549,6.881313711751069,0,0,0,0,0,0,0,0.34871731190584043,12.214715190911516,10.753162470603892,False,False,False,False,False,True
18,6.844958269434055,72.72727272727273,3549,6.881313711751069,0,0,0,0,0,0,0,1.5401681275841286,7.4645098346365275,9.979304294970351,False,False,False,False,False,True
14,6.788310729601363,0.0,3067,6.382521258497842,0,0,0,0,0,0,0,0.3902922829787633,5.552959584921617,9.914078482087426,False,False,False,True,False,False
21,6.974456778732399,70.67669172932331,3067,6.382521258497842,0,0,0,0,0,0,0,0.3902922829787633,8.190077049719049,10.736923625679788,False,False,False,True,False,False
38,6.662948251583755,74.78260869565217,1572,6.528145312958054,0,0,0,0,0,0,0,1.1474812689742986,7.979681302387741,10.093243666143405,False,False,False,False,True,False
6,6.393797237117623,37.5,1572,6.528145312958054,0,0,0,0,0,0,0,0.38249375632476623,7.2991214627108,9.585589680262684,False,False,False,False,True,False
30,6.728879252982257,66.66666666666666,2188,6.320059610463039,0,0,0,0,0,0,0,0.8886641126398388,5.476463551931511,10.092995148114731,True,False,False,False,False,False
39,6.780101951285577,88.23529411764706,3549,6.881313711751069,0,0,0,0,0,0,0,0.34871731190584043,6.616065185132817,10.41159261413117,False,False,False,False,False,True
20,6.726881389735055,0.0,610,5.665348780241979,0,0,0,0,0,0,0,3.5849174838524247,4.3694478524670215,9.920300326844044,False,False,True,False,False,False
21,6.775780679245273,77.45098039215686,1572,6.528145312958054,0,0,0,0,0,0,0,0.38249375632476623,7.793174347189205,10.404379257576117,False,False,False,False,True,False
25,6.723628865435316,77.8836987607245,3067,6.382521258497842,0,0,0,0,0,0,0,1.1708768489362897,9.916255691813806,10.470346804375117,False,False,False,True,False,False
11,6.9084008859802815,82.87521284359036,3549,6.881313711751069,0,0,0,0,0,0,0,0.34871731190584043,11.72554988369423,10.540157328238578,False,False,False,False,False,True
14,6.911137346756003,76.95573074590662,3549,6.881313711751069,0,0,0,0,0,0,0,1.3948692476233617,10.62186378714185,10.246853132242512,False,False,False,False,False,True
15,6.5004185244497705,0.0,3549,6.881313711751069,0,0,0,0,0,0,0,0.7555541757959876,4.543294782270004,9.91128039696677,False,False,False,False,False,True
9,6.380775682048159,50.0,3549,6.881313711751069,0,0,0,0,0,0,0,1.1623910396861348,6.35088571671474,9.641302361946234,False,False,False,False,False,True
14,6.79113600497033,80.23032629558541,3067,6.382521258497842,0,0,0,0,0,0,0,0.7805845659575266,9.538636417313219,10.082617584627217,False,False,False,True,False,False
59,6.510263751421897,74.12280701754386,1572,6.528145312958054,0,0,0,0,0,0,0,1.529975025299065,8.614138397472717,9.93043086016947,False,False,False,False,True,False
32,7.057946468800966,75.67567567567568,3067,6.382521258497842,0,0,0,0,0,0,0,0.7805845659575266,7.68662133494462,10.66047508157477,False,False,False,True,False,False
14,6.794607080130419,70.0,2188,6.320059610463039,0,0,0,0,0,0,0,0.8886641126398388,5.811140992976701,9.797980786126336,True,False,False,False,False,False
31,5.558589488847307,66.66666666666666,3549,6.881313711751069,0,0,0,0,0,0,0,0.7264943998038342,5.91350300563827,5.858417164315927,False,False,False,False,False,True
6,5.710152858857673,66.66666666666666,2188,6.320059610463039,0,0,0,0,0,0,0,0.8886641126398388,5.802118375377063,9.900645724473474,True,False,False,False,False,False
22,6.694849741824683,82.38993710691824,3067,6.382521258497842,0,0,0,0,0,0,0,1.5611691319150531,8.411388132519262,9.72387854305561,False,False,False,True,False,False
45,6.743024351257927,68.08510638297872,2188,6.320059610463039,0,0,0,0,0,0,0,0.8886641126398388,7.083387847625295,9.951538989878745,True,False,False,False,False,False
19,6.868572948400319,25.0,2188,6.320059610463039,0,0,0,0,0,0,0,0.8886641126398388,5.605802066295998,10.00003020977695,True,False,False,False,False,False
37,6.661002281290718,84.21052631578947,3067,6.382521258497842,0,0,0,0,0,0,0,0.7805845659575266,7.962763930168115,10.31762812804148,False,False,False,True,False,False
58,7.00943938797986,83.35343787696019,2188,6.320059610463039,0,0,0,0,0,0,0,0.8886641126398388,11.818467101722776,10.905546162871463,True,False,False,False,False,False
6,6.723850230514225,0.0,3549,6.881313711751069,0,0,0,0,0,0,0,0.35959152870240046,7.807916628926408,10.269453600914668,False,False,False,False,False,True
26,6.796692621190359,84.99656672007325,3549,6.881313711751069,0,0,0,0,0,0,0,0.40683686389014717,12.96820936423818,10.360043831534716,False,False,False,False,False,True
7,6.806868073657801,80.32432432432432,3549,6.881313711751069,0,0,0,0,0,0,0,0.3777770878979938,10.947573255182869,10.281785363871197,False,False,False,False,False,True
13,6.850800953794325,72.22222222222221,3549,6.881313711751069,0,0,0,0,0,0,0,1.1333312636939814,6.326149473155099,10.062755273540018,False,False,False,False,False,True
20,6.852278182224739,62.68656716417911,3549,6.881313711751069,0,0,0,0,0,0,0,1.3948692476233617,8.194229304819817,10.378119402390256,False,False,False,False,False,True
10,6.6934802647434,85.71428571428571,3067,6.382521258497842,0,0,0,0,0,0,0,1.1708768489362897,6.393590753950631,9.704945179459122,False,False,False,True,False,False
19,6.301036379522414,71.05263157894737,3067,6.382521258497842,0,0,0,0,0,0,0,1.1708768489362897,7.5310163320779155,9.344514804630203,False,False,False,True,False,False
18,6.58558055977916,42.857142857142854,3549,6.881313711751069,0,0,0,0,0,0,0,0.7555541757959876,5.932245187448011,9.56895283095515,False,False,False,False,False,True
18,6.823146793508421,84.26763110307414,3549,6.881313711751069,0,0,0,0,0,0,0,0.34871731190584043,10.156616999340594,10.27120685262779,False,False,False,False,False,True
15,5.60043986026233,0.0,3549,6.881313711751069,0,0,0,0,0,0,0,0.35959152870240046,7.494430215031565,6.344274272082252,False,False,False,False,False,True
17,6.898645569019732,81.03921568627452,3549,6.881313711751069,0,0,0,0,0,0,0,0.7555541757959876,11.810849904836271,10.518589101140517,False,False,False,False,False,True
42,6.195191110040243,66.66666666666666,3067,6.382521258497842,0,0,0,0,0,0,0,0.3902922829787633,6.0867747269123065,7.8686083776014435,False,False,False,True,False,False
28,6.80667718058401,76.75675675675676,1572,6.528145312958054,0,0,0,0,0,0,0,3.05995005059813,8.699848026000312,10.285271017084886,False,False,False,False,True,False
34,4.9263479368027125,0.0,2188,6.320059610463039,0,0,0,0,0,0,0,0.8886641126398388,4.3694478524670215,8.362349991150289,True,False,False,False,False,False
25,6.856016090074632,78.0701754385965,3067,6.382521258497842,0,0,0,0,0,0,0,1.5611691319150531,7.784473235736469,10.585593926553782,False,False,False,True,False,False
19,6.827594775273217,80.35019455252919,3549,6.881313711751069,0,0,0,0,0,0,0,0.34871731190584043,9.47554674766278,10.234351590639392,False,False,False,False,False,True
18,6.935517682295393,53.84615384615385,1572,6.528145312958054,0,0,0,0,0,0,0,0.7649875126495325,7.202661196523238,10.328135530596398,False,False,False,False,True,False
27,5.558589488847307,66.66666666666666,1572,6.528145312958054,0,0,0,0,0,0,0,2.6774562942733633,4.836281906951478,5.858417164315927,False,False,False,False,True,False
13,6.97343843699924,81.44843872999212,3549,6.881313711751069,0,0,0,0,0,0,0,0.34871731190584043,11.36652302320156,10.45074475006427,False,False,False,False,False,True
16,6.195191110040243,69.6969696969697,3067,6.382521258497842,0,0,0,0,0,0,0,0.3902922829787633,6.942156705699469,7.8686083776014435,False,False,False,True,False,False
20,6.81823449633989,72.22222222222221,1572,6.528145312958054,0,0,0,0,0,0,0,0.7649875126495325,6.860663671448287,9.698986449188135,False,False,False,False,True,False
18,6.5004185244497705,87.5,2188,6.320059610463039,0,0,0,0,0,0,0,0.8886641126398388,6.306275286948016,9.91128039696677,True,False,False,False,False,False
66,6.798867426569133,70.54263565891473,1572,6.528145312958054,0,0,0,0,0,0,0,0.38249375632476623,8.608495349823023,10.153657241525975,False,False,False,False,True,False
11,6.759982298508762,88.84857956131049,3549,6.881313711751069,0,0,0,0,0,0,0,0.6974346238116809,13.420351657971512,10.98148729951909,False,False,False,False,False,True
60,6.756379223895332,62.5,2188,6.320059610463039,0,0,0,0,0,0,0,0.8886641126398388,6.532334292222349,10.120073395422493,True,False,False,False,False,False
20,6.670482763580525,67.3469387755102,3067,6.382521258497842,0,0,0,0,0,0,0,0.3902922829787633,7.149916836132109,10.265556207358582,False,False,False,True,False,False
28,4.9263479368027125,100.0,2188,6.320059610463039,0,0,0,0,0,0,0,0.8886641126398388,4.897839799950911,8.362349991150289,True,False,False,False,False,False
37,6.810523973703345,0.0,610,5.665348780241979,0,0,0,0,0,0,0,0.4136443250598951,5.272999558563747,10.200116618626788,False,False,True,False,False,False
22,6.535424356044026,69.01408450704226,3067,6.382521258497842,0,0,0,0,0,0,0,1.1708768489362897,7.917900586327916,10.072263834319271,False,False,False,True,False,False
26,6.842263033993731,74.28571428571429,3549,6.881313711751069,0,0,0,0,0,0,0,3.051276479176104,8.476996001664824,10.313481846366074,False,False,False,False,False,True
15,6.40169871215857,0.0,3549,6.881313711751069,0,0,0,0,0,0,0,0.9008530557567545,3.9512437185814275,9.324495915651033,False,False,False,False,False,True
31,6.40169871215857,0.0,2188,6.320059610463039,0,0,0,0,0,0,0,0.8886641126398388,5.0689042022202315,9.324495915651033,True,False,False,False,False,False
61,6.885924552531688,82.06521739130434,1572,6.528145312958054,0,0,0,0,0,0,0,0.38249375632476623,10.919587419629774,10.26904777946777,False,False,False,False,True,False
22,6.990005739055331,85.8974358974359,3549,6.881313711751069,0,0,0,0,0,0,0,0.34871731190584043,7.77863014732581,10.456580763993502,False,False,False,False,False,True
25,6.855944669483427,84.04220243982856,3549,6.881313711751069,0,0,0,0,0,0,0,0.34871731190584043,11.313888988999253,10.506955325331703,False,False,False,False,False,True
28,6.267658329755723,0.0,3067,6.382521258497842,0,0,0,0,0,0,0,0.3902922829787633,4.02535169073515,10.0501849617673,False,False,False,True,False,False
21,6.677693639525605,33.33333333333333,1572,6.528145312958054,0,0,0,0,0,0,0,0.38249375632476623,4.941642422609304,9.328032216867232,False,False,False,False,True,False
55,6.756379223895332,81.81818181818183,2188,6.320059610463039,0,0,0,0,0,0,0,0.8886641126398388,6.391917113392602,10.120073395422493,True,False,False,False,False,False
8,6.825101111844631,61.111111111111114,3067,6.382521258497842,0,0,0,0,0,0,0,1.1708768489362897,7.138073034044347,10.3556993786267,False,False,False,True,False,False
17,6.764465840959698,81.8782098312546,3549,6.881313711751069,0,0,0,0,0,0,0,0.34871731190584043,11.465204728758817,10.329557543516108,False,False,False,False,False,True
22,6.572705399610349,80.20833333333334,3549,6.881313711751069,0,0,0,0,0,0,0,0.3777770878979938,8.188411308079031,9.876992861008846,False,False,False,False,False,True
51,6.759130807899901,33.33333333333333,3549,6.881313711751069,0,0,0,0,0,0,0,1.5111083515919752,6.68586094706836,10.366710353190577,False,False,False,False,False,True
37,6.82110543242383,66.66666666666666,1572,6.528145312958054,0,0,0,0,0,0,0,0.38249375632476623,6.532334292222349,10.008910081676413,False,False,False,False,True,False
13,6.92343943356571,85.38812785388129,3549,6.881313711751069,0,0,0,0,0,0,0,0.7264943998038342,11.362974288206724,10.245193725116032,False,False,False,False,False,True
12,6.548792989998894,0.0,3067,6.382521258497842,0,0,0,0,0,0,0,0.3902922829787633,3.970291913552122,9.223228522439266,False,False,False,True,False,False
20,6.720685666396093,75.0,1572,6.528145312958054,0,0,0,0,0,0,0,0.38249375632476623,6.077642243349034,10.375663890867532,False,False,False,False,True,False
38,6.831725682510775,66.6015625,1572,6.528145312958054,0,0,0,0,0,0,0,3.824937563247662,9.780472101639582,10.293546054911756,False,False,False,False,True,False
20,6.902187231079999,81.75257731958763,3549,6.881313711751069,0,0,0,0,0,0,0,0.3777770878979938,10.433821642690162,10.32238008998903,False,False,False,False,False,True
27,6.834918967411594,77.07437000614628,3549,6.881313711751069,0,0,0,0,0,0,0,0.34871731190584043,10.530414799175965,10.575877569042746,False,False,False,False,False,True
17,6.705418855045114,73.45132743362832,1572,6.528145312958054,0,0,0,0,0,0,0,1.1474812689742986,9.15915233520675,10.006161286060424,False,False,False,False,True,False
26,5.60043986026233,0.0,3549,6.881313711751069,0,0,0,0,0,0,0,0.35959152870240046,5.393627546352362,6.344274272082252,False,False,False,False,False,True
13,5.879225467208256,62.5,447,5.588299776286353,0,0,0,0,0,0,0,0.9078461025802542,7.065613363597717,8.024343613012375,False,True,False,False,False,False
19,6.5004185244497705,81.81818181818183,3549,6.881313711751069,0,0,0,0,0,0,0,0.34871731190584043,7.02108396428914,9.91128039696677,False,False,False,False,False,True
26,6.664854873989999,71.42857142857143,3549,6.881313711751069,0,0,0,0,0,0,0,1.3658094716312084,5.908082938168931,9.84112598416779,False,False,False,False,False,True
24,6.4989453288180234,0.0,610,5.665348780241979,0,0,0,0,0,0,0,1.6545773002395805,7.7437032581737535,10.056667585185474,False,False,True,False,False,False
34,6.803204566022874,67.54890678941312,1572,6.528145312958054,0,0,0,0,0,0,0,1.1474812689742986,10.064713146035349,10.30614332804386,False,False,False,False,True,False
36,6.26522859704693,33.33333333333333,3067,6.382521258497842,0,0,0,0,0,0,0,0.3902922829787633,4.700480365792417,8.33775665141873,False,False,False,True,False,False
26,6.907533437153302,85.71428571428571,2188,6.320059610463039,0,0,0,0,0,0,0,0.8886641126398388,6.966967138613983,10.42737301798751,True,False,False,False,False,False
9,6.779782172998328,80.46511627906978,3549,6.881313711751069,0,0,0,0,0,0,0,0.08717932797646011,9.93066488054092,10.42324578946821,False,False,False,False,False,True
25,6.857325393700843,78.41409691629956,3067,6.382521258497842,0,0,0,0,0,0,0,0.3902922829787633,9.190953658175992,10.312473226016106,False,False,False,True,False,False
22,6.585959140352191,66.90647482014388,3067,6.382521258497842,0,0,0,0,0,0,0,0.7805845659575266,8.382518288089635,10.097900223963292,False,False,False,True,False,False
13,6.045175999634896,0.0,3549,6.881313711751069,0,0,0,0,0,0,0,0.7555541757959876,4.912654885736052,7.952065901555757,False,False,False,False,False,True
25,5.558589488847307,100.0,610,5.665348780241979,0,0,0,0,0,0,0,0.13788144168663172,5.25227342804663,5.858417164315927,False,False,True,False,False,False
35,6.195191110040243,80.89887640449437,3067,6.382521258497842,0,0,0,0,0,0,0,2.3417536978725795,9.919213252997611,7.8686083776014435,False,False,False,True,False,False
28,6.716224756106464,64.15094339622641,3067,6.382521258497842,0,0,0,0,0,0,0,0.3902922829787633,7.456454555176209,10.13501157497399,False,False,False,True,False,False
34,6.195191110040243,67.17557251908397,3067,6.382521258497842,0,0,0,0,0,0,0,0.7805845659575266,8.098034756176071,7.8686083776014435,False,False,False,True,False,False
21,6.889014757268265,75.05353319057816,3067,6.382521258497842,0,0,0,0,0,0,0,0.7805845659575266,10.533188948038239,10.50943838008882,False,False,False,True,False,False
15,6.653163955082155,60.0,3549,6.881313711751069,0,0,0,0,0,0,0,0.7555541757959876,5.8805329864007,10.099133312431498,False,False,False,False,False,True
23,6.883245441642069,75.0,3067,6.382521258497842,0,0,0,0,0,0,0,1.1708768489362897,8.7879833961978,10.352906256701308,False,False,False,True,False,False
9,6.779782172998328,0.0,1572,6.528145312958054,0,0,0,0,0,0,0,0.38249375632476623,4.248495242049359,10.42324578946821,False,False,False,False,True,False
17,6.977385999228614,60.0,3067,6.382521258497842,0,0,0,0,0,0,0,0.7805845659575266,5.393627546352362,10.43568938301681,False,False,False,True,False,False
14,5.710152858857673,88.88888888888889,2188,6.320059610463039,0,0,0,0,0,0,0,0.8886641126398388,6.126869184114185,9.900645724473474,True,False,False,False,False,False
72,7.0565046657833825,58.333333333333336,1572,6.528145312958054,0,0,0,0,0,0,0,0.38249375632476623,6.439350371100098,10.656814710913281,False,False,False,False,True,False
7,6.756379223895332,83.6890243902439,3549,6.881313711751069,0,0,0,0,0,0,0,0.3777770878979938,10.919677916548416,10.120073395422493,False,False,False,False,False,True
29,6.639612406195241,0.0,2188,6.320059610463039,0,0,0,0,0,0,0,0.8886641126398388,4.820281565605037,10.126390787170681,True,False,False,False,False,False
13,6.72025323131698,81.15942028985508,3067,6.382521258497842,0,0,0,0,0,0,0,0.7805845659575266,7.5883236773352225,9.779006435238738,False,False,False,True,False,False
13,6.195191110040243,64.86486486486487,3067,6.382521258497842,0,0,0,0,0,0,0,0.7805845659575266,7.028201432058005,7.8686083776014435,False,False,False,True,False,False
24,6.58558055977916,84.61538461538461,3549,6.881313711751069,0,0,0,0,0,0,0,1.5111083515919752,6.946975992135418,9.56895283095515,False,False,False,False,False,True
24,6.818720708784225,73.79310344827587,3067,6.382521258497842,0,0,0,0,0,0,0,0.7805845659575266,10.074537489292018,10.408018140944815,False,False,False,True,False,False
20,6.760177441321682,74.07407407407408,3549,6.881313711751069,0,0,0,0,0,0,0,1.3948692476233617,7.581719640125308,9.866543458155952,False,False,False,False,False,True
30,6.26522859704693,0.0,3067,6.382521258497842,0,0,0,0,0,0,0,0.3902922829787633,4.3694478524670215,8.33775665141873,False,False,False,True,False,False
75,6.836389593533809,81.74019607843137,3549,6.881313711751069,0,0,0,0,0,0,0,0.34871731190584043,11.261575321765838,10.700608520237367,False,False,False,False,False,True
30,6.719475909504948,50.0,1572,6.528145312958054,0,0,0,0,0,0,0,0.38249375632476623,6.09807428216624,10.156285325366484,False,False,False,False,True,False
14,6.5004185244497705,50.0,610,5.665348780241979,0,0,0,0,0,0,0,0.27576288337326343,5.220355825078324,9.91128039696677,False,False,True,False,False,False
12,6.868572948400319,0.0,3549,6.881313711751069,0,0,0,0,0,0,0,0.9008530557567545,4.59511985013459,10.00003020977695,False,False,False,False,False,True
38,6.85900618133501,79.7752808988764,2188,6.320059610463039,0,0,0,0,0,0,0,0.8886641126398388,8.437067146936952,10.464844837028117,True,False,False,False,False,False
24,6.889097765744061,89.31297709923665,2188,6.320059610463039,0,0,0,0,0,0,0,0.8886641126398388,8.858652969548489,10.31074578203701,True,False,False,False,False,False
14,6.270257490704965,0.0,2188,6.320059610463039,0,0,0,0,0,0,0,0.8886641126398388,3.8066624897703196,8.471450016819338,True,False,False,False,False,False
62,6.66391737475365,67.2566371681416,1572,6.528145312958054,0,0,0,0,0,0,0,0.38249375632476623,8.84043543926657,9.799753131264394,False,False,False,False,True,False
31,6.887434274427518,80.60635226179018,3549,6.881313711751069,0,0,0,0,0,0,0,0.7264943998038342,11.098697071191907,10.393264197464271,False,False,False,False,False,True
32,6.66391737475365,0.0,3549,6.881313711751069,0,0,0,0,0,0,0,2.905977599215337,3.9889840465642745,9.799753131264394,False,False,False,False,False,True
21,6.724256288854555,73.92183288409704,3549,6.881313711751069,0,0,0,0,0,0,0,0.3777770878979938,10.761258944930994,10.091309545296372,False,False,False,False,False,True
15,6.827850625188941,71.42857142857143,3549,6.881313711751069,0,0,0,0,0,0,0,1.5111083515919752,7.788211557847076,9.960021534452826,False,False,False,False,False,True
22,6.851640311366901,77.74829416224412,3549,6.881313711751069,0,0,0,0,0,0,0,1.4820485755998218,10.809081274861947,10.217850718461207,False,False,False,False,False,True
19,6.914189728525724,75.5813953488372,3067,6.382521258497842,0,0,0,0,0,0,0,1.1708768489362897,8.074337694089515,10.238096336442686,False,False,False,True,False,False
24,6.6584943969123715,73.67436057392389,1572,6.528145312958054,0,0,0,0,0,0,0,2.294962537948597,10.985258824008211,10.346243782087225,False,False,False,False,True,False
8,6.891201462918067,81.67184086466598,3549,6.881313711751069,0,0,0,0,0,0,0,4.852982590689613,12.548360083900105,10.511075055018024,False,False,False,False,False,True
30,6.888968614726282,0.0,2188,6.320059610463039,0,0,0,0,0,0,0,0.8886641126398388,5.849324779946859,9.991318909679917,True,False,False,False,False,False
25,6.834239468632652,67.37160120845923,1572,6.528145312958054,0,0,0,0,0,0,0,0.38249375632476623,8.851663425366777,10.624427033835108,False,False,False,False,True,False
18,6.866260232244281,69.51219512195121,1572,6.528145312958054,0,0,0,0,0,0,0,0.38249375632476623,7.980707820869669,10.385588112554064,False,False,False,False,True,False
24,6.195191110040243,60.78431372549019,3067,6.382521258497842,0,0,0,0,0,0,0,0.3902922829787633,7.65728279297819,7.8686083776014435,False,False,False,True,False,False
10,5.879225467208256,50.0,447,5.588299776286353,0,0,0,0,0,0,0,0.9078461025802542,4.6443908991413725,8.024343613012375,False,True,False,False,False,False
29,7.118348930279128,84.52604411074613,3549,6.881313711751069,0,0,0,0,0,0,0,0.6974346238116809,12.292718122253131,11.149242259545206,False,False,False,False,False,True
41,6.880390107072792,75.75757575757575,3549,6.881313711751069,0,0,0,0,0,0,0,0.3777770878979938,8.631592731724734,10.311151481008455,False,False,False,False,False,True
54,6.8393549963377245,0.0,3067,6.382521258497842,0,0,0,0,0,0,0,0.3902922829787633,4.110873864173311,10.354711811512182,False,False,False,True,False,False
11,6.66391737475365,75.0,3549,6.881313711751069,0,0,0,0,0,0,0,0.9589726077410612,4.948759890378168,9.799753131264394,False,False,False,False,False,True
64,6.195191110040243,75.4863813229572,3067,6.382521258497842,0,0,0,0,0,0,0,0.7805845659575266,8.88447171813916,7.8686083776014435,False,False,False,True,False,False
45,6.77343606745359,82.40963855421687,2188,6.320059610463039,0,0,0,0,0,0,0,0.8886641126398388,9.865733762924211,9.908836359785393,True,False,False,False,False,False
36,6.585959140352191,50.0,3067,6.382521258497842,0,0,0,0,0,0,0,0.3902922829787633,6.297109319933935,10.097900223963292,False,False,False,True,False,False
18,6.99104964385922,84.61538461538461,3549,6.881313711751069,0,0,0,0,0,0,0,0.6974346238116809,12.468056068255885,10.62504895241191,False,False,False,False,False,True
16,6.767541224610549,75.0,3549,6.881313711751069,0,0,0,0,0,0,0,0.7555541757959876,9.412055975876772,10.355922751208103,False,False,False,False,False,True
33,6.839734897713103,80.86824835941444,3549,6.881313711751069,0,0,0,0,0,0,0,0.34871731190584043,10.63962238089551,10.346192523086538,False,False,False,False,False,True
33,6.697640144872388,50.0,3549,6.881313711751069,0,0,0,0,0,0,0,2.9350373752074903,4.795790545596741,9.913599820423633,False,False,False,False,False,True
35,6.907533437153302,79.37806873977087,3067,6.382521258497842,0,0,0,0,0,0,0,4.293215112766396,10.092784723066508,10.42737301798751,False,False,False,True,False,False
8,6.7921340428944,74.63617463617463,3067,6.382521258497842,0,0,0,0,0,0,0,1.1708768489362897,9.173468897200278,10.36953170501716,False,False,False,True,False,False
63,6.779935390862401,50.0,2188,6.320059610463039,0,0,0,0,0,0,0,0.8886641126398388,5.697093486505405,10.184178129625463,True,False,False,False,False,False
40,6.638243832197137,74.60317460317461,3067,6.382521258497842,0,0,0,0,0,0,0,0.3902922829787633,7.620705086838262,10.118310337677755,False,False,False,True,False,False
21,6.195191110040243,66.21621621621621,3067,6.382521258497842,0,0,0,0,0,0,0,0.7805845659575266,7.9211727215870145,7.8686083776014435,False,False,False,True,False,False
23,6.728879252982257,50.0,3549,6.881313711751069,0,0,0,0,0,0,0,0.6102552958352208,4.976733742420574,10.092995148114731,False,False,False,False,False,True
8,6.854753012738375,82.68962897302772,3549,6.881313711751069,0,0,0,0,0,0,0,0.7264943998038342,12.178763111786587,10.30799418708388,False,False,False,False,False,True
23,6.8873779809596005,80.12132524498367,3067,6.382521258497842,0,0,0,0,0,0,0,0.7805845659575266,10.643017239276974,10.503088454418865,False,False,False,True,False,False
10,6.791157354696293,71.37404580152672,3067,6.382521258497842,0,0,0,0,0,0,0,0.7805845659575266,9.845169643211612,9.964897711287001,False,False,False,True,False,False
14,6.5004185244497705,0.0,610,5.665348780241979,0,0,0,0,0,0,0,2.0682216252994756,3.6375861597263857,9.91128039696677,False,False,True,False,False,False
66,6.723139968065377,79.24528301886792,3067,6.382521258497842,0,0,0,0,0,0,0,0.3902922829787633,7.138073034044347,10.336747287874191,False,False,False,True,False,False
16,6.89685613347767,78.24504650222403,2188,6.320059610463039,0,0,0,0,0,0,0,0.8886641126398388,11.498319312580866,10.735563021739752,True,False,False,False,False,False
31,6.510263751421897,70.27027027027027,1572,6.528145312958054,0,0,0,0,0,0,0,0.38249375632476623,7.8343923029104365,9.93043086016947,False,False,False,False,True,False
25,6.769866626233298,45.45454545454545,2188,6.320059610463039,0,0,0,0,0,0,0,0.8886641126398388,6.693323668269949,10.283514579558773,True,False,False,False,False,False
23,6.728879252982257,40.0,3549,6.881313711751069,0,0,0,0,0,0,0,1.5401681275841286,6.251903883165888,10.092995148114731,False,False,False,False,False,True
33,6.812269569012642,78.37837837837837,1572,6.528145312958054,0,0,0,0,0,0,0,0.7649875126495325,6.85751406254539,10.29649009916797,False,False,False,False,True,False
73,6.758537183302698,50.0,2188,6.320059610463039,0,0,0,0,0,0,0,0.8886641126398388,5.69035945432406,10.255011310043548,True,False,False,False,False,False
30,6.772409865396259,0.0,3549,6.881313711751069,0,0,0,0,0,0,0,0.2905977599215337,3.9318256327243257,9.86904896085482,False,False,False,False,False,True
22,6.816742595707507,80.62109296229079,3549,6.881313711751069,0,0,0,0,0,0,0,0.34871731190584043,11.898051802082863,10.440375624130201,False,False,False,False,False,True
25,6.626533453023366,72.20216606498195,3549,6.881313711751069,0,0,0,0,0,0,0,1.5111083515919752,8.395477432732141,9.563059716451976,False,False,False,False,False,True
15,6.6694229319267135,50.0,3549,6.881313711751069,0,0,0,0,0,0,0,0.3777770878979938,5.25227342804663,9.877622896727862,False,False,False,False,False,True
8,6.9611755690740145,87.80724764402993,3549,6.881313711751069,0,0,0,0,0,0,0,0.3777770878979938,12.802752977602413,10.558899416269464,False,False,False,False,False,True
100,6.8059761534885554,0.0,1572,6.528145312958054,0,0,0,0,0,0,0,0.7649875126495325,4.663439094112067,9.914218989491387,False,False,False,False,True,False
12,6.195191110040243,62.18487394957983,3067,6.382521258497842,0,0,0,0,0,0,0,0.7805845659575266,8.022240916806537,7.8686083776014435,False,False,False,True,False,False
73,6.671140218499566,61.95652173913043,1572,6.528145312958054,0,0,0,0,0,0,0,0.7649875126495325,8.410943391573527,9.763111410243045,False,False,False,False,True,False
26,6.818270128696822,0.0,2188,6.320059610463039,0,0,0,0,0,0,0,0.8886641126398388,6.792344427470809,10.194646499475702,True,False,False,False,False,False
4,6.5004185244497705,100.0,2188,6.320059610463039,0,0,0,0,0,0,0,0.8886641126398388,5.337538079701318,9.91128039696677,True,False,False,False,False,False
17,6.741621400639805,72.72727272727273,1572,6.528145312958054,0,0,0,0,0,0,0,0.38249375632476623,6.773080375655535,10.138276512874846,False,False,False,False,True,False
4,6.836389593533809,78.96090534979425,3549,6.881313711751069,0,0,0,0,0,0,0,0.34871731190584043,10.8896401115792,10.700608520237367,False,False,False,False,False,True
18,5.879225467208256,50.0,447,5.588299776286353,0,0,0,0,0,0,0,0.9078461025802542,4.68213122712422,8.024343613012375,False,True,False,False,False,False
8,6.767541224610549,33.33333333333333,610,5.665348780241979,0,0,0,0,0,0,0,1.1030515334930537,5.921578419643816,10.355922751208103,False,False,True,False,False,False
12,6.7246875,77.77777777777779,3549,6.881313711751069,0,0,0,0,0,0,0,1.4820485755998218,7.398174092970465,9.71054163152955,False,False,False,False,False,True
33,6.919955048525953,80.60504201680672,3549,6.881313711751069,0,0,0,0,0,0,0,0.6974346238116809,11.233383505056556,10.619102165127284,False,False,False,False,False,True
27,6.616502142324668,72.72089761570828,2188,6.320059610463039,0,0,0,0,0,0,0,1.7773282252796776,10.186559012430227,9.687944522842663,True,False,False,False,False,False
20,6.510263751421897,0.0,1572,6.528145312958054,0,0,0,0,0,0,0,0.38249375632476623,5.147494476813453,9.93043086016947,False,False,False,False,True,False
15,6.978610296211153,80.76104310803619,3549,6.881313711751069,0,0,0,0,0,0,0,0.34871731190584043,12.662329088732065,10.704709537581452,False,False,False,False,False,True
14,6.859235350059212,85.02484031227822,3549,6.881313711751069,0,0,0,0,0,0,0,0.7555541757959876,11.921013796085084,10.390391929437808,False,False,False,False,False,True
34,6.728879252982257,74.84662576687117,3549,6.881313711751069,0,0,0,0,0,0,0,0.7264943998038342,8.562740006372207,10.092995148114731,False,False,False,False,False,True
21,5.879225467208256,0.0,447,5.588299776286353,0,0,0,0,0,0,0,0.9078461025802542,4.430816798843313,8.024343613012375,False,True,False,False,False,False
41,6.767535757468809,77.82571182053495,3549,6.881313711751069,0,0,0,0,0,0,0,0.34871731190584043,10.349998630080293,10.428641508896238,False,False,False,False,False,True
17,6.9018360057669135,80.7209805335256,3549,6.881313711751069,0,0,0,0,0,0,0,2.034184319450736,12.107632572716922,10.36021324954712,False,False,False,False,False,True
29,6.865337978873829,79.22307239552678,3549,6.881313711751069,0,0,0,0,0,0,0,0.3777770878979938,11.01892418159454,10.468421828616771,False,False,False,False,False,True
31,6.913579950455417,74.01812688821752,3067,6.382521258497842,0,0,0,0,0,0,0,1.1708768489362897,9.531771484474337,10.548697158417665,False,False,False,True,False,False
40,6.769866626233298,72.22222222222221,3067,6.382521258497842,0,0,0,0,0,0,0,1.1708768489362897,7.003065458786462,10.283514579558773,False,False,False,True,False,False
20,6.289007148338809,0.0,3549,6.881313711751069,0,0,0,0,0,0,0,9.066650109551851,4.990432586778736,7.921587131345857,False,False,False,False,False,True
50,6.6755635503297155,69.79166666666666,1572,6.528145312958054,0,0,0,0,0,0,0,1.912468781623831,9.205327830152639,10.294318737965854,False,False,False,False,True,False
57,6.818032823249103,69.23076923076923,1572,6.528145312958054,0,0,0,0,0,0,0,2.294962537948597,8.677269139262872,10.342475232675952,False,False,False,False,True,False
18,6.801305199251226,76.31284916201118,3549,6.881313711751069,0,0,0,0,0,0,0,0.34871731190584043,9.855032332266724,10.691628402533764,False,False,False,False,False,True
35,6.759224938434093,73.16804407713498,1572,6.528145312958054,0,0,0,0,0,0,0,0.38249375632476623,10.470050580986621,9.967730591475465,False,False,False,False,True,False
16,6.548792989998894,50.0,3067,6.382521258497842,0,0,0,0,0,0,0,0.3902922829787633,4.624972813284271,9.223228522439266,False,False,False,True,False,False
46,6.490336269696487,0.0,3549,6.881313711751069,0,0,0,0,0,0,0,0.35959152870240046,4.30406509320417,8.81811505604364,False,False,False,False,False,True
24,5.879225467208256,66.66666666666666,447,5.588299776286353,0,0,0,0,0,0,0,0.9078461025802542,5.10594547390058,8.024343613012375,False,True,False,False,False,False
16,6.8301637565625155,74.0320427236315,3067,6.382521258497842,0,0,0,0,0,0,0,0.7805845659575266,10.755026407180587,10.282144469155165,False,False,False,True,False,False
17,6.604842707205482,0.0,610,5.665348780241979,0,0,0,0,0,0,0,0.13788144168663172,4.02535169073515,9.94521695986674,False,False,True,False,False,False
44,6.7921340428944,82.08955223880598,3067,6.382521258497842,0,0,0,0,0,0,0,0.7805845659575266,9.18307194482199,10.36953170501716,False,False,False,True,False,False
34,6.490336269696487,71.42857142857143,3549,6.881313711751069,0,0,0,0,0,0,0,2.818798271238877,5.968707559985366,8.81811505604364,False,False,False,False,False,True
13,5.879225467208256,66.66666666666666,447,5.588299776286353,0,0,0,0,0,0,0,0.9078461025802542,4.919980925828125,8.024343613012375,False,True,False,False,False,False
18,6.648919547834284,0.0,3067,6.382521258497842,0,0,0,0,0,0,0,0.3902922829787633,3.6375861597263857,9.710398714598298,False,False,False,True,False,False
20,6.643465275750761,67.94871794871796,1572,6.528145312958054,0,0,0,0,0,0,0,1.1474812689742986,8.136810863675537,9.875618662760171,False,False,False,False,True,False
10,6.635179612672527,0.0,3549,6.881313711751069,0,0,0,0,0,0,0,0.40683686389014717,3.828641396489095,9.954932480517035,False,False,False,False,False,True
5,6.794607080130419,50.0,2188,6.320059610463039,0,0,0,0,0,0,0,3.554656450559355,5.236441962829949,9.797980786126336,True,False,False,False,False,False
31,6.510263751421897,78.7398921832884,610,5.665348780241979,0,0,0,0,0,0,0,3.447036042165793,11.162189990267917,9.93043086016947,False,False,True,False,False,False
32,6.490336269696487,0.0,3067,6.382521258497842,0,0,0,0,0,0,0,1.5611691319150531,3.8918202981106265,8.81811505604364,False,False,False,True,False,False
16,6.828608104785629,81.25,3067,6.382521258497842,0,0,0,0,0,0,0,0.3902922829787633,6.692083742506628,10.100550679644261,False,False,False,True,False,False
19,6.195191110040243,66.66666666666666,3067,6.382521258497842,0,0,0,0,0,0,0,0.7805845659575266,5.003946305945459,7.8686083776014435,False,False,False,True,False,False
16,6.788310729601363,0.0,3549,6.881313711751069,0,0,0,0,0,0,0,0.7555541757959876,4.394449154672439,9.914078482087426,False,False,False,False,False,True
32,6.728879252982257,66.66666666666666,3549,6.881313711751069,0,0,0,0,0,0,0,1.3658094716312084,6.450470422144176,10.092995148114731,False,False,False,False,False,True
20,6.8993218075568965,80.8011049723757,3549,6.881313711751069,0,0,0,0,0,0,0,0.6974346238116809,10.466639936479886,10.225876809916953,False,False,False,False,False,True
40,5.7918085106382975,72.22222222222221,1572,6.528145312958054,0,0,0,0,0,0,0,0.38249375632476623,6.590301048196686,7.751630876729169,False,False,False,False,True,False
15,6.795992294212215,0.0,3549,6.881313711751069,0,0,0,0,0,0,0,0.2905977599215337,3.4965075614664802,10.244205077077597,False,False,False,False,False,True
23,6.829036948424544,84.93150684931507,2188,6.320059610463039,0,0,0,0,0,0,0,0.8886641126398388,8.245909264774093,9.778151955140352,True,False,False,False,False,False
14,6.8301637565625155,82.63617772820227,3549,6.881313711751069,0,0,0,0,0,0,0,0.7264943998038342,12.64219627459213,10.282144469155165,False,False,False,False,False,True
13,6.744524531479761,50.0,3067,6.382521258497842,0,0,0,0,0,0,0,4.683507395745159,6.173786103901937,10.225216783767557,False,False,False,True,False,False
14,6.6979479475372585,66.66666666666666,610,5.665348780241979,0,0,0,0,0,0,0,0.27576288337326343,5.765191102784844,10.433693689681208,False,False,True,False,False,False
31,6.837047845388285,74.55197132616487,3549,6.881313711751069,0,0,0,0,0,0,0,0.3777770878979938,9.470856776355195,10.410764127682228,False,False,False,False,False,True
37,6.784596904004383,75.74468085106383,1572,6.528145312958054,0,0,0,0,0,0,0,0.38249375632476623,8.439015410352214,10.527276703284976,False,False,False,False,True,False
13,6.807857833297545,72.92418772563177,3549,6.881313711751069,0,0,0,0,0,0,0,0.3777770878979938,8.776475789346321,10.29809656587271,False,False,False,False,False,True
20,6.5004185244497705,0.0,3067,6.382521258497842,0,0,0,0,0,0,0,0.3902922829787633,3.9318256327243257,9.91128039696677,False,False,False,True,False,False
28,6.542958467678293,100.0,1572,6.528145312958054,0,0,0,0,0,0,0,0.38249375632476623,3.970291913552122,9.733494725610756,False,False,False,False,True,False
40,6.815470928920611,78.87323943661971,2188,6.320059610463039,0,0,0,0,0,0,0,0.8886641126398388,9.367856809851165,9.992753584719262,True,False,False,False,False,False
7,6.5004185244497705,85.07462686567165,3549,6.881313711751069,0,0,0,0,0,0,0,0.2905977599215337,8.39773375137891,9.91128039696677,False,False,False,False,False,True
17,6.797223933790411,62.06896551724138,3549,6.881313711751069,0,0,0,0,0,0,0,0.34871731190584043,7.1049654482698426,10.081180915320214,False,False,False,False,False,True
23,6.894927655223125,76.76767676767676,3549,6.881313711751069,0,0,0,0,0,0,0,1.1333312636939814,8.620110725422924,10.291194319721113,False,False,False,False,False,True
8,4.9263479368027125,70.0,2188,6.320059610463039,0,0,0,0,0,0,0,0.8886641126398388,6.309918278226516,8.362349991150289,True,False,False,False,False,False
38,6.110232844165658,0.0,3067,6.382521258497842,0,0,0,0,0,0,0,0.3902922829787633,4.060443010546419,9.059811780007355,False,False,False,True,False,False
18,6.8059761534885554,50.0,610,5.665348780241979,0,0,0,0,0,0,0,0.8272886501197902,4.997212273764115,9.914218989491387,False,False,True,False,False,False
41,6.751797143671785,78.16091954022988,3067,6.382521258497842,0,0,0,0,0,0,0,0.7805845659575266,9.911058818032446,10.176166295747496,False,False,False,True,False,False
57,6.666474874898554,65.0,1572,6.528145312958054,0,0,0,0,0,0,0,0.38249375632476623,9.150484204822817,10.107563439479907,False,False,False,False,True,False
11,6.5004185244497705,0.0,3549,6.881313711751069,0,0,0,0,0,0,0,0.6974346238116809,4.543294782270004,9.91128039696677,False,False,False,False,False,True
22,6.904255601987694,71.12366603892028,3067,6.382521258497842,0,0,0,0,0,0,0,0.7805845659575266,10.469539725292242,10.372982108510897,False,False,False,True,False,False
27,6.744173990661228,72.0,1572,6.528145312958054,0,0,0,0,0,0,0,0.7649875126495325,7.739359202689098,10.26872521065149,False,False,False,False,True,False
18,6.885145721113196,81.66449934980494,3067,6.382521258497842,0,0,0,0,0,0,0,1.9514614148938163,9.916502489613622,10.498464106008882,False,False,False,True,False,False
28,6.637763368716651,81.35593220338984,3067,6.382521258497842,0,0,0,0,0,0,0,0.3902922829787633,7.6676260915849905,10.658876747759166,False,False,False,True,False,False
43,6.849400484668315,0.0,2188,6.320059610463039,0,0,0,0,0,0,0,0.8886641126398388,9.217117356255207,10.510765794468096,True,False,False,False,False,False
12,6.883380512152217,78.34645669291339,3549,6.881313711751069,0,0,0,0,0,0,0,0.34871731190584043,11.210522232670387,10.614465174325586,False,False,False,False,False,True
29,6.851297034979002,53.84615384615385,3067,6.382521258497842,0,0,0,0,0,0,0,3.1223382638301063,7.01571242048723,9.986857054132571,False,False,False,True,False,False
29,6.851384615162088,78.87323943661971,3549,6.881313711751069,0,0,0,0,0,0,0,0.7555541757959876,8.122371243406553,10.522362003151665,False,False,False,False,False,True
24,6.836335151609738,69.04761904761905,3549,6.881313711751069,0,0,0,0,0,0,0,1.4529887996076685,6.78897174299217,10.073010932873734,False,False,False,False,False,True
8,6.662948251583755,80.0,3549,6.881313711751069,0,0,0,0,0,0,0,1.4529887996076685,7.834788107388194,10.093243666143405,False,False,False,False,False,True
17,6.81009474623803,76.5281173594132,3067,6.382521258497842,0,0,0,0,0,0,0,0.3902922829787633,9.288504392945537,10.49868398546992,False,False,False,True,False,False
27,6.26522859704693,0.0,610,5.665348780241979,0,0,0,0,0,0,0,0.965170091806422,4.290459441148391,8.33775665141873,False,False,True,False,False,False
52,6.8393549963377245,83.33333333333334,3549,6.881313711751069,0,0,0,0,0,0,0,0.2905977599215337,6.669498089857879,10.354711811512182,False,False,False,False,False,True
37,6.679564955650962,0.0,2188,6.320059610463039,0,0,0,0,0,0,0,0.8886641126398388,4.343805421853684,9.467993016721636,True,False,False,False,False,False
26,5.558589488847307,0.0,3549,6.881313711751069,0,0,0,0,0,0,0,0.20341843194507359,4.941642422609304,5.858417164315927,False,False,False,False,False,True
46,6.5004185244497705,62.96296296296296,1572,6.528145312958054,0,0,0,0,0,0,0,1.912468781623831,7.69484807238461,9.91128039696677,False,False,False,False,True,False
42,6.817531173385809,78.71536523929471,3067,6.382521258497842,0,0,0,0,0,0,0,0.3902922829787633,10.133408088129361,10.447580971721933,False,False,False,True,False,False
27,6.837738345581713,0.0,3549,6.881313711751069,0,0,0,0,0,0,0,0.6974346238116809,4.74493212836325,10.106203670125442,False,False,False,False,False,True
20,6.585959140352191,68.18181818181817,3067,6.382521258497842,0,0,0,0,0,0,0,0.7805845659575266,7.691656822810547,10.097900223963292,False,False,False,True,False,False
10,6.761709714305822,66.66666666666666,2188,6.320059610463039,0,0,0,0,0,0,0,0.8886641126398388,5.700443573390687,10.228013343497748,True,False,False,False,False,False
17,6.880588822412662,78.93258426966293,3549,6.881313711751069,0,0,0,0,0,0,0,0.7555541757959876,9.793728488543389,10.494525583182014,False,False,False,False,False,True
15,6.829036948424544,0.0,2188,6.320059610463039,0,0,0,0,0,0,0,0.8886641126398388,4.836281906951478,9.778151955140352,True,False,False,False,False,False
41,6.662948251583755,75.0,2188,6.320059610463039,0,0,0,0,0,0,0,0.8886641126398388,5.996452088619021,10.093243666143405,True,False,False,False,False,False
33,6.164566264410774,73.68421052631578,3067,6.382521258497842,0,0,0,0,0,0,0,0.7805845659575266,7.215975002651466,8.390577965008806,False,False,False,True,False,False
32,6.195191110040243,66.66666666666666,3067,6.382521258497842,0,0,0,0,0,0,0,0.7805845659575266,7.99699040583765,7.8686083776014435,False,False,False,True,False,False
26,6.26522859704693,0.0,3067,6.382521258497842,0,0,0,0,0,0,0,0.3902922829787633,5.176149732573829,8.33775665141873,False,False,False,True,False,False
18,6.490336269696487,0.0,3549,6.881313711751069,0,0,0,0,0,0,0,0.7555541757959876,4.406719247264253,8.81811505604364,False,False,False,False,False,True
20,6.830921446176283,82.06521739130434,2188,6.320059610463039,0,0,0,0,0,0,0,0.8886641126398388,9.463275708098129,10.193158907472815,True,False,False,False,False,False
22,6.58558055977916,0.0,3067,6.382521258497842,0,0,0,0,0,0,0,0.3902922829787633,4.442651256490317,9.56895283095515,False,False,False,True,False,False
15,6.490336269696487,0.0,3067,6.382521258497842,0,0,0,0,0,0,0,0.3902922829787633,3.828641396489095,8.81811505604364,False,False,False,True,False,False
34,6.853035714105566,72.82229965156795,3549,6.881313711751069,0,0,0,0,0,0,0,0.3777770878979938,8.808369153122275,10.152887359584396,False,False,False,False,False,True
13,6.910191281038786,83.92603129445236,3549,6.881313711751069,0,0,0,0,0,0,0,0.6974346238116809,11.293624521373468,10.588704046681432,False,False,False,False,False,True
13,6.195191110040243,71.42857142857143,3067,6.382521258497842,0,0,0,0,0,0,0,0.3902922829787633,7.282073658093465,7.8686083776014435,False,False,False,True,False,False
13,6.6153351605205115,82.36130867709815,3067,6.382521258497842,0,0,0,0,0,0,0,1.1708768489362897,10.47711894709451,10.047502831282792,False,False,False,True,False,False
13,6.195191110040243,80.0,3067,6.382521258497842,0,0,0,0,0,0,0,0.7805845659575266,6.075346031088684,7.8686083776014435,False,False,False,True,False,False
29,6.813328166392435,0.0,2188,6.320059610463039,0,0,0,0,0,0,0,0.8886641126398388,5.934894195619588,10.224726821152451,True,False,False,False,False,False
18,6.822225583639856,84.44180522565321,2188,6.320059610463039,0,0,0,0,0,0,0,0.8886641126398388,11.242257822677576,10.280299502025807,True,False,False,False,False,False
71,6.726465955361014,50.0,2188,6.320059610463039,0,0,0,0,0,0,0,0.8886641126398388,6.90975328164481,10.24608621969221,True,False,False,False,False,False
32,6.301036379522414,33.33333333333333,3067,6.382521258497842,0,0,0,0,0,0,0,0.7805845659575266,5.176149732573829,9.344514804630203,False,False,False,True,False,False
33,6.868572948400319,78.62318840579711,2188,6.320059610463039,0,0,0,0,0,0,0,0.8886641126398388,9.09459276343187,10.00003020977695,True,False,False,False,False,False
25,6.827850625188941,72.8,3549,6.881313711751069,0,0,0,0,0,0,0,1.3948692476233617,8.112227958349724,9.960021534452826,False,False,False,False,False,True
11,6.643862920571972,72.24669603524228,3067,6.382521258497842,0,0,0,0,0,0,0,1.9514614148938163,8.533263371593732,10.039913778624975,False,False,False,True,False,False
37,6.195191110040243,73.44827586206897,3067,6.382521258497842,0,0,0,0,0,0,0,1.1708768489362897,8.940498217652733,7.8686083776014435,False,False,False,True,False,False
38,6.834918967411594,73.92638036809815,3067,6.382521258497842,0,0,0,0,0,0,0,0.3902922829787633,9.104312967330653,10.575877569042746,False,False,False,True,False,False
49,6.807171356035,0.0,3549,6.881313711751069,0,0,0,0,0,0,0,0.17435865595292022,7.860956364876389,10.170911068937047,False,False,False,False,False,True
19,6.911383487170326,82.67477203647417,1572,6.528145312958054,0,0,0,0,0,0,0,3.05995005059813,10.192793306104006,10.572552363136483,False,False,False,False,True,False
17,6.5004185244497705,100.0,2188,6.320059610463039,0,0,0,0,0,0,0,0.8886641126398388,4.653960350157523,9.91128039696677,True,False,False,False,False,False
23,6.195191110040243,60.0,3067,6.382521258497842,0,0,0,0,0,0,0,0.3902922829787633,5.846438775057725,7.8686083776014435,False,False,False,True,False,False
18,6.26522859704693,100.0,3549,6.881313711751069,0,0,0,0,0,0,0,0.7555541757959876,4.653960350157523,8.33775665141873,False,False,False,False,False,True
8,6.821835129236781,72.72727272727273,3067,6.382521258497842,0,0,0,0,0,0,0,2.3417536978725795,7.368339686311381,10.294261775374144,False,False,False,True,False,False
43,6.58558055977916,0.0,2188,6.320059610463039,0,0,0,0,0,0,0,0.8886641126398388,3.8066624897703196,9.56895283095515,True,False,False,False,False,False
22,6.805786778839613,83.14969604863222,3549,6.881313711751069,0,0,0,0,0,0,0,0.6974346238116809,12.654325814183553,10.415253130181402,False,False,False,False,False,True
70,4.9263479368027125,60.0,2188,6.320059610463039,0,0,0,0,0,0,0,7.9979770137585495,5.5909869805108565,8.362349991150289,True,False,False,False,False,False
7,6.6819426705842195,50.0,2188,6.320059610463039,0,0,0,0,0,0,0,0.8886641126398388,5.198497031265826,9.837538159759628,True,False,False,False,False,False
20,6.756666247949616,74.24242424242425,3067,6.382521258497842,0,0,0,0,0,0,0,1.1708768489362897,7.528331766707247,10.418346234180893,False,False,False,True,False,False
16,5.7918085106382975,0.0,3067,6.382521258497842,0,0,0,0,0,0,0,0.3902922829787633,4.04305126783455,7.751630876729169,False,False,False,True,False,False
39,6.895006040624961,69.23076923076923,3549,6.881313711751069,0,0,0,0,0,0,0,1.336749695639055,6.517671272912275,10.223933929526916,False,False,False,False,False,True
32,4.9263479368027125,100.0,2188,6.320059610463039,0,0,0,0,0,0,0,0.8886641126398388,4.31748811353631,8.362349991150289,True,False,False,False,False,False
28,6.22747829422649,65.21739130434783,610,5.665348780241979,0,0,0,0,0,0,0,0.13788144168663172,6.638567789166521,8.715280860702519,False,False,True,False,False,False
14,5.879225467208256,80.55555555555556,447,5.588299776286353,0,0,0,0,0,0,0,0.9078461025802542,7.069023426578259,8.024343613012375,False,True,False,False,False,False
32,6.864375546316985,80.28846153846155,3549,6.881313711751069,0,0,0,0,0,0,0,0.34871731190584043,9.318656515459642,10.665429998761658,False,False,False,False,False,True
62,6.620949893864058,0.0,2188,6.320059610463039,0,0,0,0,0,0,0,0.8886641126398388,5.0238805208462765,9.820537328349257,True,False,False,False,False,False
23,6.5004185244497705,50.0,3549,6.881313711751069,0,0,0,0,0,0,0,0.3777770878979938,4.574710978503383,9.91128039696677,False,False,False,False,False,True
4,6.6626454716813885,83.33333333333334,2188,6.320059610463039,0,0,0,0,0,0,0,0.8886641126398388,6.326149473155099,10.577299406946517,True,False,False,False,False,False
4,6.2680555955337915,100.0,447,5.588299776286353,0,0,0,0,0,0,0,0.9078461025802542,5.926926025970411,9.017138872834964,False,True,False,False,False,False
26,6.429001687383052,71.14427860696517,1572,6.528145312958054,0,0,0,0,0,0,0,0.38249375632476623,9.720105433544852,10.06323526293831,False,False,False,False,True,False
4,6.688211333662519,100.0,2188,6.320059610463039,0,0,0,0,0,0,0,0.8886641126398388,4.804021044733257,10.22834896004197,True,False,False,False,False,False
57,6.7812232788728535,75.53956834532374,3067,6.382521258497842,0,0,0,0,0,0,0,0.3902922829787633,9.753245889205585,10.198059619772755,False,False,False,True,False,False
40,6.957108251170583,76.03305785123968,2188,6.320059610463039,0,0,0,0,0,0,0,0.8886641126398388,9.526391218478407,10.626264599655654,True,False,False,False,False,False
35,6.819600539348966,72.22222222222221,1572,6.528145312958054,0,0,0,0,0,0,0,0.38249375632476623,8.862625169408922,10.437678023458783,False,False,False,False,True,False
12,6.6934802647434,60.0,2188,6.320059610463039,0,0,0,0,0,0,0,0.8886641126398388,5.720311776607412,9.704945179459122,True,False,False,False,False,False
32,6.820555367180653,75.57077625570776,3549,6.881313711751069,0,0,0,0,0,0,0,0.3777770878979938,9.340227632810604,9.945533878754409,False,False,False,False,False,True
20,6.432021861785729,0.0,2188,6.320059610463039,0,0,0,0,0,0,0,0.8886641126398388,4.2626798770413155,9.690983240865329,True,False,False,False,False,False
30,6.26522859704693,0.0,3067,6.382521258497842,0,0,0,0,0,0,0,0.3902922829787633,4.543294782270004,8.33775665141873,False,False,False,True,False,False
17,6.5004185244497705,85.71428571428571,2188,6.320059610463039,0,0,0,0,0,0,0,0.8886641126398388,5.823045895483019,9.91128039696677,True,False,False,False,False,False
55,6.786975454264241,72.72108843537414,2188,6.320059610463039,0,0,0,0,0,0,0,0.8886641126398388,10.297858008638679,10.224166822188002,True,False,False,False,False,False
14,6.54547003484183,69.86301369863014,1572,6.528145312958054,0,0,0,0,0,0,0,0.38249375632476623,7.788211557847076,9.49191293713116,False,False,False,False,True,False
34,6.909654882850925,83.85933273219116,1572,6.528145312958054,0,0,0,0,0,0,0,0.38249375632476623,10.434468682505683,10.43067650511707,False,False,False,False,True,False
21,6.759981036678705,89.47368421052632,3067,6.382521258497842,0,0,0,0,0,0,0,0.3902922829787633,7.055312843339752,10.04288155251178,False,False,False,True,False,False
48,5.879225467208256,77.41935483870968,447,5.588299776286353,0,0,0,0,0,0,0,0.9078461025802542,6.678342114654332,8.024343613012375,False,True,False,False,False,False
15,4.9263479368027125,60.0,1572,6.528145312958054,0,0,0,0,0,0,0,0.38249375632476623,4.927253685157205,8.362349991150289,False,False,False,False,True,False
48,6.844614966234576,76.65024630541872,3067,6.382521258497842,0,0,0,0,0,0,0,2.732045980851343,9.953277217038643,10.253585385671725,False,False,False,True,False,False
17,6.5004185244497705,75.1578947368421,1572,6.528145312958054,0,0,0,0,0,0,0,10.327331420768688,9.128153700988236,9.91128039696677,False,False,False,False,True,False
14,6.5004185244497705,0.0,3067,6.382521258497842,0,0,0,0,0,0,0,2.3417536978725795,3.970291913552122,9.91128039696677,False,False,False,True,False,False
12,6.697640144872388,0.0,3549,6.881313711751069,0,0,0,0,0,0,0,1.5111083515919752,4.634728988229636,9.913599820423633,False,False,False,False,False,True
17,6.22747829422649,80.0,3067,6.382521258497842,0,0,0,0,0,0,0,0.3902922829787633,6.075346031088684,8.715280860702519,False,False,False,True,False,False
14,5.7918085106382975,0.0,3549,6.881313711751069,0,0,0,0,0,0,0,1.4529887996076685,4.6443908991413725,7.751630876729169,False,False,False,False,False,True
10,6.871679492982944,75.82417582417582,1572,6.528145312958054,0,0,0,0,0,0,0,0.38249375632476623,9.823848929875911,10.612949365748726,False,False,False,False,True,False
22,6.241442385702294,65.45454545454545,1572,6.528145312958054,0,0,0,0,0,0,0,0.38249375632476623,7.829232537543592,9.194091527769046,False,False,False,False,True,False
19,5.879225467208256,100.0,447,5.588299776286353,0,0,0,0,0,0,0,0.9078461025802542,4.31748811353631,8.024343613012375,False,True,False,False,False,False
21,6.5004185244497705,66.66666666666666,3549,6.881313711751069,0,0,0,0,0,0,0,29.234134648106288,5.0369526024136295,9.91128039696677,False,False,False,False,False,True
20,6.662948251583755,0.0,610,5.665348780241979,0,0,0,0,0,0,0,1.706172766409985,3.912023005428146,10.093243666143405,False,False,True,False,False,False
6,6.728879252982257,90.0,3067,6.382521258497842,0,0,0,0,0,0,0,1.5611691319150531,7.83241092718792,10.092995148114731,False,False,False,True,False,False
56,6.764465840959698,50.0,2188,6.320059610463039,0,0,0,0,0,0,0,0.8886641126398388,5.170483995038151,10.329557543516108,True,False,False,False,False,False
32,6.894164257864038,74.0,2188,6.320059610463039,0,0,0,0,0,0,0,0.8886641126398388,8.247743887225516,10.424283202600682,True,False,False,False,False,False
8,5.928305399625769,0.0,447,5.588299776286353,0,0,0,0,0,0,0,0.9078461025802542,3.295836866004329,9.555644917242555,False,True,False,False,False,False
23,6.723823326708267,80.13468013468014,3067,6.382521258497842,0,0,0,0,0,0,0,0.3902922829787633,10.787936678554125,10.08673262684853,False,False,False,True,False,False
12,7.000843749434601,85.3071948261924,3549,6.881313711751069,0,0,0,0,0,0,0,0.34871731190584043,11.885199114054824,10.987520938924284,False,False,False,False,False,True
23,6.805620481676584,73.96449704142012,1572,6.528145312958054,0,0,0,0,0,0,0,0.38249375632476623,8.302017809751204,10.075669453457795,False,False,False,False,True,False
12,6.662948251583755,0.0,3549,6.881313711751069,0,0,0,0,0,0,0,1.2495703676625949,4.727387818712341,10.093243666143405,False,False,False,False,False,True
23,6.7842301997157435,56.666666666666664,1572,6.528145312958054,0,0,0,0,0,0,0,0.38249375632476623,6.900730664045173,10.055566237327685,False,False,False,False,True,False
17,6.548792989998894,0.0,3067,6.382521258497842,0,0,0,0,0,0,0,0.3902922829787633,3.6109179126442243,9.223228522439266,False,False,False,True,False,False
26,6.510263751421897,77.48387096774194,1572,6.528145312958054,0,0,0,0,0,0,0,1.529975025299065,10.213249070130788,9.93043086016947,False,False,False,False,True,False
12,6.195191110040243,57.534246575342465,3067,6.382521258497842,0,0,0,0,0,0,0,1.1708768489362897,7.904334842085095,7.8686083776014435,False,False,False,True,False,False
51,6.84582189119633,0.0,3067,6.382521258497842,0,0,0,0,0,0,0,0.3902922829787633,5.056245805348308,10.239989615561218,False,False,False,True,False,False
5,6.22747829422649,77.77777777777779,2188,6.320059610463039,0,0,0,0,0,0,0,0.8886641126398388,5.247024072160486,8.715280860702519,True,False,False,False,False,False
21,6.815973161881278,80.12618296529969,3549,6.881313711751069,0,0,0,0,0,0,0,0.7555541757959876,10.239138023028598,10.215329984805344,False,False,False,False,False,True
21,6.860330960269029,0.0,3549,6.881313711751069,0,0,0,0,0,0,0,0.3777770878979938,10.567875111424648,10.330800524775379,False,False,False,False,False,True
33,6.790816964622494,73.63636363636363,1572,6.528145312958054,0,0,0,0,0,0,0,0.7649875126495325,7.690743163541872,10.438481002726643,False,False,False,False,True,False
18,6.195191110040243,65.78947368421053,3067,6.382521258497842,0,0,0,0,0,0,0,0.3902922829787633,7.603897968521881,7.8686083776014435,False,False,False,True,False,False
31,6.801279969075106,74.60317460317461,1572,6.528145312958054,0,0,0,0,0,0,0,0.38249375632476623,7.553286605600419,10.323930083446934,False,False,False,False,True,False
30,6.788310729601363,68.75,3549,6.881313711751069,0,0,0,0,0,0,0,1.5111083515919752,7.160069207596127,9.914078482087426,False,False,False,False,False,True
14,6.895976464352848,80.0,3067,6.382521258497842,0,0,0,0,0,0,0,0.3902922829787633,6.111467339502679,10.577136109628901,False,False,False,True,False,False
13,6.5004185244497705,100.0,610,5.665348780241979,0,0,0,0,0,0,0,0.6894072084331586,4.442651256490317,9.91128039696677,False,False,True,False,False,False
16,6.265461606140655,80.0,447,5.588299776286353,0,0,0,0,0,0,0,0.9078461025802542,5.087596335232384,9.321531227117486,False,True,False,False,False,False
14,5.558589488847307,100.0,2188,6.320059610463039,0,0,0,0,0,0,0,0.8886641126398388,4.762173934797756,5.858417164315927,True,False,False,False,False,False
19,6.82373534428293,80.3486529318542,3549,6.881313711751069,0,0,0,0,0,0,0,0.34871731190584043,10.313840694717069,10.394897993142768,False,False,False,False,False,True
30,6.677693639525605,77.5,3549,6.881313711751069,0,0,0,0,0,0,0,0.7555541757959876,6.687108607866515,9.328032216867232,False,False,False,False,False,True
17,6.737086385783746,68.42105263157895,610,5.665348780241979,0,0,0,0,0,0,0,0.13788144168663172,6.814542897259958,10.860135486237004,False,False,True,False,False,False
8,6.5004185244497705,0.0,2188,6.320059610463039,0,0,0,0,0,0,0,0.8886641126398388,3.58351893845611,9.91128039696677,True,False,False,False,False,False
9,6.671140218499566,0.0,3549,6.881313711751069,0,0,0,0,0,0,0,1.4820485755998218,4.663439094112067,9.763111410243045,False,False,False,False,False,True
22,6.9160083847587,72.16642754662841,3067,6.382521258497842,0,0,0,0,0,0,0,0.3902922829787633,9.52032195192273,10.258307605633988,False,False,False,True,False,False
26,6.513833199933685,0.0,610,5.665348780241979,0,0,0,0,0,0,0,0.13788144168663172,4.0943445622221,9.14594022971754,False,False,True,False,False,False
39,6.893698780940906,71.66666666666667,2188,6.320059610463039,0,0,0,0,0,0,0,0.8886641126398388,7.764296006450518,10.204116640108973,True,False,False,False,False,False
8,6.87510785201077,77.77777777777779,3549,6.881313711751069,0,0,0,0,0,0,0,0.7555541757959876,10.692172159805137,10.583734086810797,False,False,False,False,False,True
16,6.613267444356878,81.11011638316921,3549,6.881313711751069,0,0,0,0,0,0,0,0.3777770878979938,10.932714035385844,9.70567747365114,False,False,False,False,False,True
8,6.999830127256439,82.07934336525308,3549,6.881313711751069,0,0,0,0,0,0,0,0.6974346238116809,11.924193702305343,10.771990152842433,False,False,False,False,False,True
17,6.829036948424544,0.0,2188,6.320059610463039,0,0,0,0,0,0,0,0.8886641126398388,4.867534450455582,9.778151955140352,True,False,False,False,False,False
21,5.7918085106382975,33.33333333333333,3549,6.881313711751069,0,0,0,0,0,0,0,1.5111083515919752,5.37989735354046,7.751630876729169,False,False,False,False,False,True
13,5.558589488847307,60.0,2188,6.320059610463039,0,0,0,0,0,0,0,0.8886641126398388,5.545177444479562,5.858417164315927,True,False,False,False,False,False
20,6.5004185244497705,0.0,3067,6.382521258497842,0,0,0,0,0,0,0,0.7805845659575266,4.653960350157523,9.91128039696677,False,False,False,True,False,False
57,6.666474874898554,52.83018867924528,1572,6.528145312958054,0,0,0,0,0,0,0,0.38249375632476623,8.043020885298283,10.107563439479907,False,False,False,False,True,False
27,6.873641596354956,81.81818181818183,3067,6.382521258497842,0,0,0,0,0,0,0,1.5611691319150531,10.71056591543671,10.56033257357882,False,False,False,True,False,False
42,6.804073199368591,75.45787545787546,1572,6.528145312958054,0,0,0,0,0,0,0,0.38249375632476623,9.156412029950626,10.6056345042043,False,False,False,False,True,False
16,6.6713729887351505,57.14285714285714,610,5.665348780241979,0,0,0,0,0,0,0,0.13788144168663172,5.407171771460119,9.890268636636637,False,False,True,False,False,False
29,6.8569287506609085,66.66666666666666,3549,6.881313711751069,0,0,0,0,0,0,0,1.5111083515919752,5.241747015059643,10.407710774519117,False,False,False,False,False,True
21,6.795116253480846,83.22316650928549,3549,6.881313711751069,0,0,0,0,0,0,0,0.34871731190584043,11.464186799474717,10.205608343832958,False,False,False,False,False,True
20,6.77960349153899,0.0,2188,6.320059610463039,0,0,0,0,0,0,0,0.8886641126398388,4.584967478670572,10.364469387895442,True,False,False,False,False,False
10,6.22747829422649,40.0,3549,6.881313711751069,0,0,0,0,0,0,0,0.3777770878979938,5.53338948872752,8.715280860702519,False,False,False,False,False,True
12,4.9263479368027125,54.385964912280706,2188,6.320059610463039,0,0,0,0,0,0,0,0.8886641126398388,8.141481041457421,8.362349991150289,True,False,False,False,False,False
9,6.789630233288598,72.72727272727273,3549,6.881313711751069,0,0,0,0,0,0,0,1.4820485755998218,5.545177444479562,10.319365966602142,False,False,False,False,False,True
24,6.671140218499566,100.0,1572,6.528145312958054,0,0,0,0,0,0,0,1.1474812689742986,3.7376696182833684,9.763111410243045,False,False,False,False,True,False
25,6.195191110040243,72.22222222222221,3067,6.382521258497842,0,0,0,0,0,0,0,0.7805845659575266,6.790097235513905,7.8686083776014435,False,False,False,True,False,False
30,6.726881389735055,82.77027027027027,1572,6.528145312958054,0,0,0,0,0,0,0,1.1474812689742986,8.607764889600624,9.920300326844044,False,False,False,False,True,False
23,6.6657177823299945,46.666666666666664,1572,6.528145312958054,0,0,0,0,0,0,0,1.1474812689742986,6.403574197934815,9.937663191583683,False,False,False,False,True,False
12,5.659166666666667,100.0,2188,6.320059610463039,0,0,0,0,0,0,0,0.8886641126398388,6.752270376141742,6.188948351641614,True,False,False,False,False,False
15,6.792397910320175,75.0,3549,6.881313711751069,0,0,0,0,0,0,0,0.7555541757959876,5.75890177387728,9.94267825774093,False,False,False,False,False,True
17,5.879225467208256,100.0,447,5.588299776286353,0,0,0,0,0,0,0,0.9078461025802542,4.442651256490317,8.024343613012375,False,True,False,False,False,False
25,6.685766793947192,80.0,3549,6.881313711751069,0,0,0,0,0,0,0,0.7555541757959876,5.438079308923196,9.615449014518639,False,False,False,False,False,True
51,6.535424356044026,72.3404255319149,3067,6.382521258497842,0,0,0,0,0,0,0,0.7805845659575266,7.969011781106478,10.072263834319271,False,False,False,True,False,False
40,6.816742595707507,76.51775486827033,3067,6.382521258497842,0,0,0,0,0,0,0,0.3902922829787633,10.26210560741145,10.440375624130201,False,False,False,True,False,False
23,6.864516828268249,75.14450867052022,3067,6.382521258497842,0,0,0,0,0,0,0,1.1708768489362897,9.462887373659635,10.567330761350604,False,False,False,True,False,False
37,6.721357126733849,82.64150943396227,3067,6.382521258497842,0,0,0,0,0,0,0,0.3902922829787633,8.664750755773852,10.18364621482724,False,False,False,True,False,False
22,6.882238498533699,63.1578947368421,3549,6.881313711751069,0,0,0,0,0,0,0,1.4529887996076685,6.610696044717759,10.162753433877903,False,False,False,False,False,True
11,6.856081241437622,82.9418472063854,3549,6.881313711751069,0,0,0,0,0,0,0,4.4461457267994655,12.663823388826183,10.305125765654724,False,False,False,False,False,True
57,6.688025313988094,0.0,3549,6.881313711751069,0,0,0,0,0,0,0,0.9299128317489078,5.093750200806762,10.181095086660706,False,False,False,False,False,True
13,5.775788441476067,66.66666666666666,447,5.588299776286353,0,0,0,0,0,0,0,0.9078461025802542,4.634728988229636,8.653460843742746,False,True,False,False,False,False
17,6.7531871272138275,76.06837606837607,1572,6.528145312958054,0,0,0,0,0,0,0,2.294962537948597,7.97349996402463,10.3120155564934,False,False,False,False,True,False
17,6.548792989998894,100.0,3067,6.382521258497842,0,0,0,0,0,0,0,0.3902922829787633,4.007333185232471,9.223228522439266,False,False,False,True,False,False
19,6.827850625188941,62.5,2188,6.320059610463039,0,0,0,0,0,0,0,0.8886641126398388,6.16541785423142,9.960021534452826,True,False,False,False,False,False
18,5.775788441476067,0.0,447,5.588299776286353,0,0,0,0,0,0,0,0.9078461025802542,4.23410650459726,8.653460843742746,False,True,False,False,False,False
10,6.877926778715913,75.6578947368421,3549,6.881313711751069,0,0,0,0,0,0,0,2.67349939127811,8.656433258507741,10.265575666830216,False,False,False,False,False,True
6,5.7918085106382975,66.66666666666666,2188,6.320059610463039,0,0,0,0,0,0,0,0.8886641126398388,6.150602768446279,7.751630876729169,True,False,False,False,False,False
11,6.12808909241728,100.0,1572,6.528145312958054,0,0,0,0,0,0,0,0.38249375632476623,4.219507705176107,9.087549935855485,False,False,False,False,True,False
21,6.786000370687271,73.91304347826086,3549,6.881313711751069,0,0,0,0,0,0,0,0.7555541757959876,7.202661196523238,9.939591632397473,False,False,False,False,False,True
17,6.759777776037483,78.37837837837837,3549,6.881313711751069,0,0,0,0,0,0,0,3.1675155831447173,7.409136443920128,9.467064150185598,False,False,False,False,False,True
23,6.631987024818271,66.66666666666666,3067,6.382521258497842,0,0,0,0,0,0,0,0.3902922829787633,6.505784060128229,10.350795235482899,False,False,False,True,False,False
46,6.5004185244497705,62.5,3549,6.881313711751069,0,0,0,0,0,0,0,0.3777770878979938,7.080026499922591,9.91128039696677,False,False,False,False,False,True
49,6.744173990661228,0.0,3067,6.382521258497842,0,0,0,0,0,0,0,1.5611691319150531,5.170483995038151,10.26872521065149,False,False,False,True,False,False
9,5.7918085106382975,82.92682926829268,3067,6.382521258497842,0,0,0,0,0,0,0,0.3902922829787633,7.9355873855892,7.751630876729169,False,False,False,True,False,False
32,6.9991527367920785,53.2258064516129,1572,6.528145312958054,0,0,0,0,0,0,0,0.38249375632476623,7.908019444632471,10.282811046385305,False,False,False,False,True,False
36,6.289007148338809,0.0,3067,6.382521258497842,0,0,0,0,0,0,0,0.3902922829787633,3.044522437723423,7.921587131345857,False,False,False,True,False,False
10,5.879225467208256,0.0,3067,6.382521258497842,0,0,0,0,0,0,0,1.9514614148938163,6.966967138613983,8.024343613012375,False,False,False,True,False,False
14,6.446087560798237,0.0,3549,6.881313711751069,0,0,0,0,0,0,0,0.7555541757959876,3.828641396489095,8.975054833104538,False,False,False,False,False,True
20,6.755039400968009,85.29411764705883,2188,6.320059610463039,0,0,0,0,0,0,0,0.8886641126398388,6.959398512133975,10.247191551804496,True,False,False,False,False,False
14,6.751585809121671,44.44444444444444,3549,6.881313711751069,0,0,0,0,0,0,0,1.1333312636939814,5.652489180268651,9.88965981250502,False,False,False,False,False,True
26,6.689439508121831,0.0,2188,6.320059610463039,0,0,0,0,0,0,0,0.8886641126398388,4.07753744390572,10.070067321875522,True,False,False,False,False,False
43,6.703006296580537,84.0,1572,6.528145312958054,0,0,0,0,0,0,0,4.972418832221961,7.093404625868766,10.172048866669856,False,False,False,False,True,False
14,6.786000370687271,75.0,3549,6.881313711751069,0,0,0,0,0,0,0,1.104271487701828,7.045776576879511,9.939591632397473,False,False,False,False,False,True
15,6.8596621223012715,85.71428571428571,3549,6.881313711751069,0,0,0,0,0,0,0,0.6974346238116809,10.517104394139265,10.219323750347366,False,False,False,False,False,True
15,6.045175999634896,100.0,3549,6.881313711751069,0,0,0,0,0,0,0,0.08717932797646011,5.0106352940962555,7.952065901555757,False,False,False,False,False,True
23,6.26522859704693,0.0,3067,6.382521258497842,0,0,0,0,0,0,0,0.3902922829787633,3.7612001156935624,8.33775665141873,False,False,False,True,False,False
19,6.775097268203942,0.0,3549,6.881313711751069,0,0,0,0,0,0,0,0.6683748478195275,5.4116460518550396,10.52081233969628,False,False,False,False,False,True
20,6.40169871215857,0.0,3549,6.881313711751069,0,0,0,0,0,0,0,0.34871731190584043,3.8501476017100584,9.324495915651033,False,False,False,False,False,True
28,6.195191110040243,54.761904761904766,3067,6.382521258497842,0,0,0,0,0,0,0,0.7805845659575266,7.1770187659099,7.8686083776014435,False,False,False,True,False,False
15,5.558589488847307,0.0,2188,6.320059610463039,0,0,0,0,0,0,0,0.8886641126398388,3.6375861597263857,5.858417164315927,True,False,False,False,False,False
20,6.999107567057773,79.49070887818307,3549,6.881313711751069,0,0,0,0,0,0,0,0.34871731190584043,10.82017820443161,10.612071991227866,False,False,False,False,False,True
22,6.5004185244497705,66.66666666666666,2188,6.320059610463039,0,0,0,0,0,0,0,0.8886641126398388,5.564520407322694,9.91128039696677,True,False,False,False,False,False
17,6.224347117248813,76.92307692307693,1572,6.528145312958054,0,0,0,0,0,0,0,0.38249375632476623,6.401917196727186,8.971909507274898,False,False,False,False,True,False
16,6.494012152354782,77.77777777777779,447,5.588299776286353,0,0,0,0,0,0,0,0.9078461025802542,6.342121418721152,10.003184523854106,False,True,False,False,False,False
31,6.8873779809596005,80.41280539174389,3067,6.382521258497842,0,0,0,0,0,0,0,0.7805845659575266,10.618127108434171,10.503088454418865,False,False,False,True,False,False
74,6.662948251583755,69.04761904761905,1572,6.528145312958054,0,0,0,0,0,0,0,0.38249375632476623,7.418180822726788,10.093243666143405,False,False,False,False,True,False
21,6.782229399472426,81.17647058823529,3549,6.881313711751069,0,0,0,0,0,0,0,1.5111083515919752,9.366061246972958,10.277602276154056,False,False,False,False,False,True
30,6.677693639525605,60.0,2188,6.320059610463039,0,0,0,0,0,0,0,0.8886641126398388,6.354370040797351,9.328032216867232,True,False,False,False,False,False
46,6.864516828268249,75.65502183406113,1572,6.528145312958054,0,0,0,0,0,0,0,0.7649875126495325,9.74020362461931,10.567330761350604,False,False,False,False,True,False
25,6.195191110040243,75.0,3067,6.382521258497842,0,0,0,0,0,0,0,0.3902922829787633,5.703782474656201,7.8686083776014435,False,False,False,True,False,False
42,6.48976219033308,80.0,2188,6.320059610463039,0,0,0,0,0,0,0,0.8886641126398388,5.3981627015177525,9.485106768895054,True,False,False,False,False,False
19,6.875576816660936,81.48148148148148,3549,6.881313711751069,0,0,0,0,0,0,0,0.9008530557567545,7.510430556378006,10.314039317026975,False,False,False,False,False,True
18,6.195191110040243,54.54545454545454,3067,6.382521258497842,0,0,0,0,0,0,0,0.3902922829787633,7.500529485395295,7.8686083776014435,False,False,False,True,False,False
38,6.26522859704693,0.0,3067,6.382521258497842,0,0,0,0,0,0,0,0.3902922829787633,4.634728988229636,8.33775665141873,False,False,False,True,False,False
48,6.427976318936198,66.66666666666666,447,5.588299776286353,0,0,0,0,0,0,0,0.9078461025802542,5.955837369464831,10.106925959869699,False,True,False,False,False,False
14,6.8472683934994345,82.35637779941577,3549,6.881313711751069,0,0,0,0,0,0,0,1.8598256634978156,12.331056360623258,10.37905824623929,False,False,False,False,False,True
25,6.2467029592772985,0.0,610,5.665348780241979,0,0,0,0,0,0,0,1.706172766409985,6.558197802812269,9.657145167764883,False,False,True,False,False,False
53,6.855023571108642,77.66159695817491,2188,6.320059610463039,0,0,0,0,0,0,0,0.8886641126398388,10.652660561358601,10.579277778179469,True,False,False,False,False,False
30,6.87869123882592,71.875,1572,6.528145312958054,0,0,0,0,0,0,0,0.38249375632476623,7.288244401020124,10.102764232722187,False,False,False,False,True,False
18,6.831725682510775,50.0,3067,6.382521258497842,0,0,0,0,0,0,0,1.5611691319150531,7.232733136177615,10.293546054911756,False,False,False,True,False,False
28,6.8504907933765775,81.55002891844997,3549,6.881313711751069,0,0,0,0,0,0,0,0.34871731190584043,10.543233956368958,10.421152796371134,False,False,False,False,False,True
17,6.749295062077874,53.333333333333336,3067,6.382521258497842,0,0,0,0,0,0,0,0.3902922829787633,6.137727054086234,10.142783532190418,False,False,False,True,False,False
50,6.8631784768840625,77.94221282593375,1572,6.528145312958054,0,0,0,0,0,0,0,0.38249375632476623,10.617882394259105,10.277410425108217,False,False,False,False,True,False
15,6.740938861826055,87.36842105263159,3067,6.382521258497842,0,0,0,0,0,0,0,2.3417536978725795,7.862112211662748,9.930926248251016,False,False,False,True,False,False
21,6.831591285719375,78.94736842105263,3549,6.881313711751069,0,0,0,0,0,0,0,0.7264943998038342,10.71163612579058,10.611955766810059,False,False,False,False,False,True
6,6.806439376553833,0.0,2188,6.320059610463039,0,0,0,0,0,0,0,0.8886641126398388,4.663439094112067,10.195563791795378,True,False,False,False,False,False
18,6.799447922681467,0.0,3067,6.382521258497842,0,0,0,0,0,0,0,0.7805845659575266,5.384495062789089,10.401419368506971,False,False,False,True,False,False
14,5.775788441476067,50.0,447,5.588299776286353,0,0,0,0,0,0,0,0.9078461025802542,4.5217885770490405,8.653460843742746,False,True,False,False,False,False
25,6.5004185244497705,16.666666666666664,3549,6.881313711751069,0,0,0,0,0,0,0,1.4820485755998218,7.037905963447182,9.91128039696677,False,False,False,False,False,True
9,6.26522859704693,81.69014084507043,2188,6.320059610463039,0,0,0,0,0,0,0,0.8886641126398388,7.70210434005105,8.33775665141873,True,False,False,False,False,False
4,6.294246178584725,75.0,447,5.588299776286353,0,0,0,0,0,0,0,0.9078461025802542,5.262690188904886,9.41745383320021,False,True,False,False,False,False
40,6.797413472032771,83.15602836879432,3549,6.881313711751069,0,0,0,0,0,0,0,0.7264943998038342,11.010828303768077,10.120686773991647,False,False,False,False,False,True
36,6.5970797128209036,50.0,3067,6.382521258497842,0,0,0,0,0,0,0,0.7805845659575266,4.418840607796598,10.305502616439773,False,False,False,True,False,False
14,6.7320152936240785,77.77777777777779,3067,6.382521258497842,0,0,0,0,0,0,0,1.1708768489362897,6.322565239927284,9.75404198514312,False,False,False,True,False,False
45,6.706774600460976,50.0,610,5.665348780241979,0,0,0,0,0,0,0,0.5515257667465269,6.304448802421981,9.743448920514988,False,False,True,False,False,False
22,6.694310329049049,81.35593220338984,3067,6.382521258497842,0,0,0,0,0,0,0,0.3902922829787633,7.305860032684009,10.693267173515931,False,False,False,True,False,False
49,6.904336421330635,66.20689655172414,1572,6.528145312958054,0,0,0,0,0,0,0,0.38249375632476623,8.313116702819253,10.481449793947066,False,False,False,False,True,False
16,5.775788441476067,0.0,447,5.588299776286353,0,0,0,0,0,0,0,0.9078461025802542,3.713572066704308,8.653460843742746,False,True,False,False,False,False
19,6.677693639525605,70.96774193548387,3549,6.881313711751069,0,0,0,0,0,0,0,1.5111083515919752,7.561121589530238,9.328032216867232,False,False,False,False,False,True
11,6.195191110040243,68.88888888888889,3067,6.382521258497842,0,0,0,0,0,0,0,0.7805845659575266,7.091742115095153,7.8686083776014435,False,False,False,True,False,False
16,6.759224938434093,80.0,3067,6.382521258497842,0,0,0,0,0,0,0,5.464091961702686,7.52131798019924,9.967730591475465,False,False,False,True,False,False
45,6.22747829422649,86.14718614718615,2188,6.320059610463039,0,0,0,0,0,0,0,0.8886641126398388,8.782322859397507,8.715280860702519,True,False,False,False,False,False
41,7.00943938797986,60.24096385542169,2188,6.320059610463039,0,0,0,0,0,0,0,0.8886641126398388,8.60392119492606,10.905546162871463,True,False,False,False,False,False
30,6.728879252982257,69.44444444444444,3549,6.881313711751069,0,0,0,0,0,0,0,1.1333312636939814,7.878912912297133,10.092995148114731,False,False,False,False,False,True
30,6.7921340428944,0.0,3549,6.881313711751069,0,0,0,0,0,0,0,0.34871731190584043,9.29182818882245,10.36953170501716,False,False,False,False,False,True
7,5.879225467208256,66.66666666666666,447,5.588299776286353,0,0,0,0,0,0,0,0.9078461025802542,6.154858094016418,8.024343613012375,False,True,False,False,False,False
18,6.986566619948185,79.47912818618397,3067,6.382521258497842,0,0,0,0,0,0,0,0.3902922829787633,11.817501526964977,10.787688311047619,False,False,False,True,False,False
45,6.898640416651605,0.0,1572,6.528145312958054,0,0,0,0,0,0,0,0.38249375632476623,4.983606621708336,9.989779034252113,False,False,False,False,True,False
18,6.778371967850202,70.88607594936708,610,5.665348780241979,0,0,0,0,0,0,0,1.2409329751796854,8.820256365906321,10.44611879933651,False,False,True,False,False,False
14,6.772442409641736,77.0879294043492,3067,6.382521258497842,0,0,0,0,0,0,0,1.9514614148938163,11.331667342529471,10.315113955906533,False,False,False,True,False,False
43,6.26522859704693,0.0,3067,6.382521258497842,0,0,0,0,0,0,0,0.3902922829787633,4.219507705176107,8.33775665141873,False,False,False,True,False,False
40,6.920438352090152,77.7190332326284,1572,6.528145312958054,0,0,0,0,0,0,0,0.38249375632476623,10.184975480824582,10.57831309011288,False,False,False,False,True,False
15,6.679139291693264,74.19354838709677,3067,6.382521258497842,0,0,0,0,0,0,0,0.3902922829787633,8.236950048061455,10.342450683620672,False,False,False,True,False,False
30,5.879225467208256,100.0,447,5.588299776286353,0,0,0,0,0,0,0,0.9078461025802542,4.6913478822291435,8.024343613012375,False,True,False,False,False,False
18,6.725111232966893,75.0,447,5.588299776286353,0,0,0,0,0,0,0,0.9078461025802542,6.2166061010848646,10.62771458954711,False,True,False,False,False,False
38,5.558589488847307,0.0,3067,6.382521258497842,0,0,0,0,0,0,0,0.3902922829787633,4.927253685157205,5.858417164315927,False,False,False,True,False,False
38,6.195191110040243,69.23076923076923,3067,6.382521258497842,0,0,0,0,0,0,0,0.7805845659575266,8.46779284112111,7.8686083776014435,False,False,False,True,False,False
19,5.558589488847307,0.0,3549,6.881313711751069,0,0,0,0,0,0,0,0.7555541757959876,3.4339872044851463,5.858417164315927,False,False,False,False,False,True
45,6.841277427238577,0.0,3549,6.881313711751069,0,0,0,0,0,0,0,0.35959152870240046,8.336869637284956,10.448213004744183,False,False,False,False,False,True
45,6.510263751421897,60.86956521739131,1572,6.528145312958054,0,0,0,0,0,0,0,4.972418832221961,7.97728198675515,9.93043086016947,False,False,False,False,True,False
14,6.827534084814002,74.04580152671755,3549,6.881313711751069,0,0,0,0,0,0,0,0.3777770878979938,8.966228514225776,10.044942704927879,False,False,False,False,False,True
31,6.5004185244497705,0.0,3549,6.881313711751069,0,0,0,0,0,0,0,3.632471999019171,4.51085950651685,9.91128039696677,False,False,False,False,False,True
26,6.635758036799406,81.48148148148148,1572,6.528145312958054,0,0,0,0,0,0,0,0.38249375632476623,7.488293515159428,9.887414115563827,False,False,False,False,True,False
11,6.26522859704693,0.0,3549,6.881313711751069,0,0,0,0,0,0,0,0.7555541757959876,4.605170185988092,8.33775665141873,False,False,False,False,False,True
23,5.928305399625769,84.56375838926175,2188,6.320059610463039,0,0,0,0,0,0,0,0.8886641126398388,9.414994033976548,9.555644917242555,True,False,False,False,False,False
20,6.62799810652082,77.62896825396825,610,5.665348780241979,0,0,0,0,0,0,0,6.618309200958322,11.073132852412414,9.876168534673917,False,False,True,False,False,False
17,6.7842301997157435,74.40758293838863,3067,6.382521258497842,0,0,0,0,0,0,0,1.9514614148938163,9.605485747677493,10.055566237327685,False,False,False,True,False,False
6,6.779782172998328,100.0,3067,6.382521258497842,0,0,0,0,0,0,0,0.3902922829787633,6.202535517187923,10.42324578946821,False,False,False,True,False,False
14,6.726881389735055,56.00000000000001,3549,6.881313711751069,0,0,0,0,0,0,0,1.0752117117096747,8.308691916838898,9.920300326844044,False,False,False,False,False,True
39,6.8784369279498785,83.08152987613992,3549,6.881313711751069,0,0,0,0,0,0,0,2.7316189432624167,12.296502755320919,10.334054544193862,False,False,False,False,False,True
51,6.756379223895332,85.71428571428571,2188,6.320059610463039,0,0,0,0,0,0,0,0.8886641126398388,6.821107472256465,10.120073395422493,True,False,False,False,False,False
22,6.7547019732313895,80.55555555555556,3067,6.382521258497842,0,0,0,0,0,0,0,2.732045980851343,9.04981944514108,9.894931129828896,False,False,False,True,False,False
25,6.829036948424544,20.0,1572,6.528145312958054,0,0,0,0,0,0,0,0.38249375632476623,5.8522024797744745,9.778151955140352,False,False,False,False,True,False
9,6.756666247949616,73.71794871794873,3067,6.382521258497842,0,0,0,0,0,0,0,0.3902922829787633,8.21851757748959,10.418346234180893,False,False,False,True,False,False
34,6.045175999634896,0.0,3549,6.881313711751069,0,0,0,0,0,0,0,0.4649564158744539,4.430816798843313,7.952065901555757,False,False,False,False,False,True
23,6.853143571207788,74.6268656716418,3549,6.881313711751069,0,0,0,0,0,0,0,0.7264943998038342,7.851271997109883,10.25002538090338,False,False,False,False,False,True
24,6.8355523885194005,75.88761963569003,1572,6.528145312958054,0,0,0,0,0,0,0,2.294962537948597,11.23109291730734,10.692848090619558,False,False,False,False,True,False
9,7.06303348998008,86.66666666666667,3067,6.382521258497842,0,0,0,0,0,0,0,0.3902922829787633,7.323170717943469,10.755228912947196,False,False,False,True,False,False
30,6.125684953889958,42.857142857142854,447,5.588299776286353,0,0,0,0,0,0,0,0.9078461025802542,5.805134968916488,9.489526672366129,False,True,False,False,False,False
17,6.787997345234373,81.29198966408269,3549,6.881313711751069,0,0,0,0,0,0,0,0.34871731190584043,11.231371245484562,10.234882798878875,False,False,False,False,False,True
10,6.814882238275165,0.0,3067,6.382521258497842,0,0,0,0,0,0,0,0.7805845659575266,4.48863636973214,10.506362816413247,False,False,False,True,False,False
35,6.66391737475365,68.14814814814815,1572,6.528145312958054,0,0,0,0,0,0,0,0.38249375632476623,8.145549631783584,9.799753131264394,False,False,False,False,True,False
31,6.815735505792911,76.14035087719299,3549,6.881313711751069,0,0,0,0,0,0,0,1.4820485755998218,9.387649386946594,10.073444825078106,False,False,False,False,False,True
12,6.677813824764418,77.27272727272727,3549,6.881313711751069,0,0,0,0,0,0,0,0.7555541757959876,8.395251520610994,10.285024163740255,False,False,False,False,False,True
13,6.779935390862401,66.66666666666666,3549,6.881313711751069,0,0,0,0,0,0,0,2.8769178232231836,7.511524648390866,10.184178129625463,False,False,False,False,False,True
17,6.821624494858498,100.0,2188,6.320059610463039,0,0,0,0,0,0,0,0.8886641126398388,4.30406509320417,10.144924451566315,True,False,False,False,False,False
12,6.195191110040243,63.26530612244898,3067,6.382521258497842,0,0,0,0,0,0,0,0.7805845659575266,6.956545443151569,7.8686083776014435,False,False,False,True,False,False
67,6.818400726616806,62.22222222222222,3067,6.382521258497842,0,0,0,0,0,0,0,2.3417536978725795,7.96102146588337,10.419778093245858,False,False,False,True,False,False
19,6.8703620642673275,76.58491439148543,3549,6.881313711751069,0,0,0,0,0,0,0,0.34871731190584043,11.069275507017089,10.696649194221154,False,False,False,False,False,True
22,6.548792989998894,0.0,3067,6.382521258497842,0,0,0,0,0,0,0,0.3902922829787633,3.9318256327243257,9.223228522439266,False,False,False,True,False,False
15,5.879225467208256,74.35897435897436,447,5.588299776286353,0,0,0,0,0,0,0,0.9078461025802542,6.815639990074331,8.024343613012375,False,True,False,False,False,False
60,7.0565046657833825,77.77777777777779,3067,6.382521258497842,0,0,0,0,0,0,0,0.7805845659575266,6.663132695990803,10.656814710913281,False,False,False,True,False,False
39,6.58558055977916,77.5,2188,6.320059610463039,0,0,0,0,0,0,0,0.8886641126398388,6.551080335043404,9.56895283095515,True,False,False,False,False,False
14,6.876825967643439,79.15774446823698,3549,6.881313711751069,0,0,0,0,0,0,0,1.2205105916704415,10.470476094800963,10.46680382527731,False,False,False,False,False,True
25,6.195191110040243,73.77049180327869,3067,6.382521258497842,0,0,0,0,0,0,0,0.7805845659575266,8.266421472984554,7.8686083776014435,False,False,False,True,False,False
11,6.84051898277667,84.88636363636364,3549,6.881313711751069,0,0,0,0,0,0,0,0.31965753591368706,11.663601543928637,10.366698222421915,False,False,False,False,False,True
13,6.733360508210215,77.51633986928105,3549,6.881313711751069,0,0,0,0,0,0,0,0.34871731190584043,10.118155285369294,10.153781849542582,False,False,False,False,False,True
31,6.726881389735055,0.0,610,5.665348780241979,0,0,0,0,0,0,0,3.5849174838524247,3.871201010907891,9.920300326844044,False,False,True,False,False,False
30,6.195191110040243,69.375,3067,6.382521258497842,0,0,0,0,0,0,0,0.7805845659575266,8.591372589590488,7.8686083776014435,False,False,False,True,False,False
26,6.870640752791402,50.0,2188,6.320059610463039,0,0,0,0,0,0,0,0.8886641126398388,5.1298987149230735,10.359880980764,True,False,False,False,False,False
12,6.195191110040243,71.42857142857143,3067,6.382521258497842,0,0,0,0,0,0,0,0.7805845659575266,7.75190533307861,7.8686083776014435,False,False,False,True,False,False
15,6.910618758441679,0.0,3067,6.382521258497842,0,0,0,0,0,0,0,0.3902922829787633,5.225746673713202,10.117731162979387,False,False,False,True,False,False
58,6.944520199325325,76.08695652173914,1572,6.528145312958054,0,0,0,0,0,0,0,0.38249375632476623,9.972827030614742,10.527536588287306,False,False,False,False,True,False
34,6.800577564758055,82.18643240605174,3067,6.382521258497842,0,0,0,0,0,0,0,0.3902922829787633,10.612114303944459,10.022255881415592,False,False,False,True,False,False
29,6.195191110040243,65.21739130434783,3067,6.382521258497842,0,0,0,0,0,0,0,0.7805845659575266,8.116417072794205,7.8686083776014435,False,False,False,True,False,False
13,6.687372496799458,78.57142857142857,447,5.588299776286353,0,0,0,0,0,0,0,0.9078461025802542,7.23561914106675,10.485222047468794,False,True,False,False,False,False
6,6.926108029437993,81.76691729323309,3549,6.881313711751069,0,0,0,0,0,0,0,0.7555541757959876,10.113140513667839,10.374327894143486,False,False,False,False,False,True
23,6.510263751421897,0.0,3549,6.881313711751069,0,0,0,0,0,0,0,0.34871731190584043,4.356708826689592,9.93043086016947,False,False,False,False,False,True
48,6.548792989998894,0.0,3067,6.382521258497842,0,0,0,0,0,0,0,0.3902922829787633,4.02535169073515,9.223228522439266,False,False,False,True,False,False
27,6.195191110040243,61.111111111111114,3067,6.382521258497842,0,0,0,0,0,0,0,1.5611691319150531,6.606650186198215,7.8686083776014435,False,False,False,True,False,False
11,6.195191110040243,33.33333333333333,3067,6.382521258497842,0,0,0,0,0,0,0,0.3902922829787633,5.476463551931511,7.8686083776014435,False,False,False,True,False,False
17,6.576598130934997,76.02836879432624,3067,6.382521258497842,0,0,0,0,0,0,0,3.5126305468088694,9.819399172153842,9.946553577092503,False,False,False,True,False,False
43,6.662948251583755,100.0,610,5.665348780241979,0,0,0,0,0,0,0,0.27576288337326343,4.820281565605037,10.093243666143405,False,False,True,False,False,False
15,6.803266358620549,76.33928571428571,3067,6.382521258497842,0,0,0,0,0,0,0,2.3417536978725795,8.596004371840527,10.499254083507191,False,False,False,True,False,False
28,6.71066095125867,77.47093023255815,3549,6.881313711751069,0,0,0,0,0,0,0,0.34871731190584043,10.011579334886969,10.31748873324831,False,False,False,False,False,True
9,6.5004185244497705,79.48717948717949,3549,6.881313711751069,0,0,0,0,0,0,0,0.3777770878979938,6.893656354602635,9.91128039696677,False,False,False,False,False,True
24,5.879225467208256,100.0,447,5.588299776286353,0,0,0,0,0,0,0,0.9078461025802542,4.204692619390966,8.024343613012375,False,True,False,False,False,False
16,6.752542161239349,83.16903979554581,3549,6.881313711751069,0,0,0,0,0,0,0,0.7555541757959876,12.013755296849714,10.418120676184797,False,False,False,False,False,True
20,6.885647175379283,100.0,3549,6.881313711751069,0,0,0,0,0,0,0,0.7555541757959876,5.424950017481403,10.419530611456398,False,False,False,False,False,True
16,5.7918085106382975,75.0,2188,6.320059610463039,0,0,0,0,0,0,0,0.8886641126398388,4.718498871295094,7.751630876729169,True,False,False,False,False,False
11,6.848890629581536,71.5311004784689,3067,6.382521258497842,0,0,0,0,0,0,0,2.3417536978725795,9.729431740159207,10.365761039265031,False,False,False,True,False,False
11,6.195191110040243,71.55172413793103,3067,6.382521258497842,0,0,0,0,0,0,0,0.7805845659575266,8.69165057315339,7.8686083776014435,False,False,False,True,False,False
46,6.5004185244497705,0.0,2188,6.320059610463039,0,0,0,0,0,0,0,0.8886641126398388,4.3694478524670215,9.91128039696677,True,False,False,False,False,False
94,6.715661769645538,72.28915662650603,1572,6.528145312958054,0,0,0,0,0,0,0,0.38249375632476623,7.984803389734406,10.142973788660102,False,False,False,False,True,False
36,6.800166494369348,50.0,1572,6.528145312958054,0,0,0,0,0,0,0,0.38249375632476623,4.955827057601261,10.407158941641097,False,False,False,False,True,False
11,6.26522859704693,0.0,3549,6.881313711751069,0,0,0,0,0,0,0,0.7555541757959876,3.6635616461296463,8.33775665141873,False,False,False,False,False,True
38,6.756379223895332,0.0,1572,6.528145312958054,0,0,0,0,0,0,0,0.38249375632476623,5.075173815233827,10.120073395422493,False,False,False,False,True,False
11,6.393797237117623,66.66666666666666,1572,6.528145312958054,0,0,0,0,0,0,0,0.38249375632476623,7.051855622955894,9.585589680262684,False,False,False,False,True,False
17,6.204594733459919,0.0,1572,6.528145312958054,0,0,0,0,0,0,0,0.38249375632476623,3.912023005428146,9.799452135638647,False,False,False,False,True,False
16,6.9027737927487625,70.9090909090909,3067,6.382521258497842,0,0,0,0,0,0,0,1.1708768489362897,9.787796078039936,10.615996316083153,False,False,False,True,False,False
9,6.844614966234576,79.27107061503416,3549,6.881313711751069,0,0,0,0,0,0,0,0.34871731190584043,9.490091074101683,10.253585385671725,False,False,False,False,False,True
29,6.801305199251226,79.03930131004367,3549,6.881313711751069,0,0,0,0,0,0,0,0.34871731190584043,9.551800150108434,10.691628402533764,False,False,False,False,False,True
4,6.614916036256099,100.0,447,5.588299776286353,0,0,0,0,0,0,0,0.9078461025802542,4.90527477843843,10.112202783197885,False,True,False,False,False,False
13,6.195191110040243,0.0,3067,6.382521258497842,0,0,0,0,0,0,0,0.7805845659575266,7.941651252930556,7.8686083776014435,False,False,False,True,False,False
15,6.811522504055452,88.88888888888889,3549,6.881313711751069,0,0,0,0,0,0,0,1.3948692476233617,6.47543271670409,10.178507420484628,False,False,False,False,False,True
27,6.427690326839088,77.19298245614034,3067,6.382521258497842,0,0,0,0,0,0,0,0.3902922829787633,8.10892415597534,9.783002990437407,False,False,False,True,False,False
9,5.879225467208256,100.0,447,5.588299776286353,0,0,0,0,0,0,0,0.9078461025802542,4.532599493153256,8.024343613012375,False,True,False,False,False,False
14,5.775788441476067,100.0,447,5.588299776286353,0,0,0,0,0,0,0,0.9078461025802542,4.624972813284271,8.653460843742746,False,True,False,False,False,False
44,6.843501468948183,50.0,2188,6.320059610463039,0,0,0,0,0,0,0,0.8886641126398388,6.61472560020376,10.073300708025029,True,False,False,False,False,False
39,6.5264888547538815,0.0,2188,6.320059610463039,0,0,0,0,0,0,0,0.8886641126398388,4.30406509320417,9.75745455496221,True,False,False,False,False,False
9,6.615339912235646,0.0,3549,6.881313711751069,0,0,0,0,0,0,0,0.6393150718273741,4.290459441148391,10.050152764681643,False,False,False,False,False,True
9,6.862528692853247,83.75378405650858,3549,6.881313711751069,0,0,0,0,0,0,0,0.31965753591368706,10.700882129466427,10.305776271670846,False,False,False,False,False,True
17,6.26522859704693,100.0,2188,6.320059610463039,0,0,0,0,0,0,0,0.8886641126398388,3.871201010907891,8.33775665141873,True,False,False,False,False,False
76,6.818032823249103,78.26086956521739,1572,6.528145312958054,0,0,0,0,0,0,0,0.7649875126495325,7.284820912568604,10.342475232675952,False,False,False,False,True,False
10,6.20715799971213,0.0,610,5.665348780241979,0,0,0,0,0,0,0,0.13788144168663172,4.0943445622221,9.847465822742766,False,False,True,False,False,False
25,6.206096308749436,85.0,3067,6.382521258497842,0,0,0,0,0,0,0,0.3902922829787633,6.447305862541213,9.188654414879425,False,False,False,True,False,False
40,6.700689947733412,74.25149700598801,3067,6.382521258497842,0,0,0,0,0,0,0,0.3902922829787633,9.571644584298577,10.293176866045338,False,False,False,True,False,False
12,6.195191110040243,67.79661016949152,3067,6.382521258497842,0,0,0,0,0,0,0,0.7805845659575266,8.410053315858335,7.8686083776014435,False,False,False,True,False,False
7,6.644427954689881,0.0,3549,6.881313711751069,0,0,0,0,0,0,0,0.35959152870240046,8.946505025998682,10.127006476019027,False,False,False,False,False,True
37,6.106210567052468,0.0,3067,6.382521258497842,0,0,0,0,0,0,0,0.3902922829787633,5.365976015021851,10.427792075670013,False,False,False,True,False,False
15,6.792379410518049,67.24137931034483,2188,6.320059610463039,0,0,0,0,0,0,0,0.8886641126398388,7.393263094763838,10.295975378059795,True,False,False,False,False,False
11,6.5004185244497705,100.0,610,5.665348780241979,0,0,0,0,0,0,0,0.13788144168663172,4.465908118654584,9.91128039696677,False,False,True,False,False,False
16,6.745869261287794,80.79877112135176,3549,6.881313711751069,0,0,0,0,0,0,0,0.6974346238116809,10.790390667515691,9.89485951039786,False,False,False,False,False,True
9,6.800577564758055,0.0,3549,6.881313711751069,0,0,0,0,0,0,0,0.34871731190584043,8.284504227258497,10.022255881415592,False,False,False,False,False,True
12,6.794607080130419,100.0,610,5.665348780241979,0,0,0,0,0,0,0,0.13788144168663172,3.7376696182833684,9.797980786126336,False,False,True,False,False,False
38,6.2467029592772985,67.27272727272727,447,5.588299776286353,0,0,0,0,0,0,0,0.9078461025802542,7.929846429742503,9.657145167764883,False,True,False,False,False,False
24,6.7407259017789665,75.49857549857549,3549,6.881313711751069,0,0,0,0,0,0,0,1.5111083515919752,9.246672301223573,10.074209079303039,False,False,False,False,False,True
47,6.490336269696487,70.0,2188,6.320059610463039,0,0,0,0,0,0,0,0.8886641126398388,6.618738983517219,8.81811505604364,True,False,False,False,False,False
10,6.195191110040243,66.12903225806451,3067,6.382521258497842,0,0,0,0,0,0,0,0.7805845659575266,7.748460023899697,7.8686083776014435,False,False,False,True,False,False
39,7.018559078845056,64.28571428571429,1572,6.528145312958054,0,0,0,0,0,0,0,0.38249375632476623,9.118882761487347,10.574732197109203,False,False,False,False,True,False
40,6.715661769645538,72.84768211920529,3549,6.881313711751069,0,0,0,0,0,0,0,0.40683686389014717,9.52134826973146,10.142973788660102,False,False,False,False,False,True
27,6.860017231934231,80.48780487804879,3549,6.881313711751069,0,0,0,0,0,0,0,0.34871731190584043,11.522875795823397,10.370814784310465,False,False,False,False,False,True
19,6.677693639525605,83.33333333333334,2188,6.320059610463039,0,0,0,0,0,0,0,0.8886641126398388,5.356586274672012,9.328032216867232,True,False,False,False,False,False
17,5.879225467208256,100.0,447,5.588299776286353,0,0,0,0,0,0,0,0.9078461025802542,4.30406509320417,8.024343613012375,False,True,False,False,False,False
11,6.423158352833034,50.0,447,5.588299776286353,0,0,0,0,0,0,0,0.9078461025802542,5.117993812416755,9.91501097094118,False,True,False,False,False,False
22,6.5004185244497705,0.0,3549,6.881313711751069,0,0,0,0,0,0,0,1.104271487701828,6.519147287940395,9.91128039696677,False,False,False,False,False,True
11,6.794607080130419,0.0,2188,6.320059610463039,0,0,0,0,0,0,0,0.8886641126398388,4.143134726391533,9.797980786126336,True,False,False,False,False,False
34,6.677693639525605,33.33333333333333,2188,6.320059610463039,0,0,0,0,0,0,0,0.8886641126398388,4.812184355372417,9.328032216867232,True,False,False,False,False,False
14,6.195191110040243,74.48979591836735,3067,6.382521258497842,0,0,0,0,0,0,0,0.7805845659575266,8.726318950962243,7.8686083776014435,False,False,False,True,False,False
10,6.830029354983103,75.87131367292224,610,5.665348780241979,0,0,0,0,0,0,0,3.5849174838524247,10.522880544507412,10.308213020219416,False,False,True,False,False,False
8,6.8031785089586005,81.81818181818183,3067,6.382521258497842,0,0,0,0,0,0,0,0.3902922829787633,7.30854279753919,10.672729738815272,False,False,False,True,False,False
19,6.40169871215857,0.0,3067,6.382521258497842,0,0,0,0,0,0,0,0.7805845659575266,4.844187086458591,9.324495915651033,False,False,False,True,False,False
14,6.662948251583755,0.0,2188,6.320059610463039,0,0,0,0,0,0,0,12.441297576957743,4.927253685157205,10.093243666143405,True,False,False,False,False,False
22,6.85172299297182,79.70149253731343,3067,6.382521258497842,0,0,0,0,0,0,0,0.7805845659575266,8.94793610670867,10.525637422848265,False,False,False,True,False,False
5,6.886010110211231,79.88826815642457,3549,6.881313711751069,0,0,0,0,0,0,0,0.34871731190584043,9.30383071506352,10.619485877729373,False,False,False,False,False,True
7,6.836335151609738,79.78036175710595,3549,6.881313711751069,0,0,0,0,0,0,0,1.5111083515919752,10.313907034109423,10.073010932873734,False,False,False,False,False,True
10,5.7918085106382975,66.66666666666666,610,5.665348780241979,0,0,0,0,0,0,0,0.27576288337326343,4.5217885770490405,7.751630876729169,False,False,True,False,False,False
28,6.5004185244497705,63.57142857142857,1572,6.528145312958054,0,0,0,0,0,0,0,0.7649875126495325,8.819665349340653,9.91128039696677,False,False,False,False,True,False
23,5.879225467208256,100.0,447,5.588299776286353,0,0,0,0,0,0,0,0.9078461025802542,4.248495242049359,8.024343613012375,False,True,False,False,False,False
38,6.915367938502655,86.08247422680412,3549,6.881313711751069,0,0,0,0,0,0,0,0.3777770878979938,8.803874763534434,10.406416196634192,False,False,False,False,False,True
23,6.81823449633989,0.0,2188,6.320059610463039,0,0,0,0,0,0,0,0.8886641126398388,4.700480365792417,9.698986449188135,True,False,False,False,False,False
17,6.960229924719464,0.0,3067,6.382521258497842,0,0,0,0,0,0,0,2.3417536978725795,4.709530201312334,10.220270380677725,False,False,False,True,False,False
9,6.694036685098593,84.35867672663959,3549,6.881313711751069,0,0,0,0,0,0,0,0.7264943998038342,11.467425880898862,10.121249205782965,False,False,False,False,False,True
17,6.823146793508421,75.0,3549,6.881313711751069,0,0,0,0,0,0,0,1.8598256634978156,5.780743515792329,10.27120685262779,False,False,False,False,False,True
7,6.195191110040243,50.0,3067,6.382521258497842,0,0,0,0,0,0,0,0.7805845659575266,6.542471960506805,7.8686083776014435,False,False,False,True,False,False
21,6.829036948424544,75.0,2188,6.320059610463039,0,0,0,0,0,0,0,0.8886641126398388,5.056245805348308,9.778151955140352,True,False,False,False,False,False
7,6.40169871215857,0.0,3549,6.881313711751069,0,0,0,0,0,0,0,0.9299128317489078,4.634728988229636,9.324495915651033,False,False,False,False,False,True
34,6.26522859704693,50.0,3067,6.382521258497842,0,0,0,0,0,0,0,0.3902922829787633,4.844187086458591,8.33775665141873,False,False,False,True,False,False
93,6.818032823249103,58.333333333333336,1572,6.528145312958054,0,0,0,0,0,0,0,0.38249375632476623,7.016609683894219,10.342475232675952,False,False,False,False,True,False
16,6.861946953195274,82.75920440118495,2188,6.320059610463039,0,0,0,0,0,0,0,0.8886641126398388,12.511662168211082,10.366166322818216,True,False,False,False,False,False
16,6.5004185244497705,85.22727272727273,3067,6.382521258497842,0,0,0,0,0,0,0,0.3902922829787633,7.589335823170617,9.91128039696677,False,False,False,True,False,False
11,6.195191110040243,63.63636363636363,3067,6.382521258497842,0,0,0,0,0,0,0,0.3902922829787633,6.244166900663736,7.8686083776014435,False,False,False,True,False,False
16,6.91289484682624,83.24786324786325,3549,6.881313711751069,0,0,0,0,0,0,0,0.7555541757959876,12.054458745354886,10.454014349888732,False,False,False,False,False,True
18,6.844614966234576,77.94117647058823,1572,6.528145312958054,0,0,0,0,0,0,0,0.7649875126495325,8.503702601233739,10.253585385671725,False,False,False,False,True,False
23,6.821624494858498,0.0,3549,6.881313711751069,0,0,0,0,0,0,0,0.35959152870240046,6.9440872082295275,10.144924451566315,False,False,False,False,False,True
9,6.6029994474022455,69.23076923076923,3549,6.881313711751069,0,0,0,0,0,0,0,4.940161918666073,5.752572638825633,9.912780913172137,False,False,False,False,False,True
17,6.851753414184124,71.42857142857143,1572,6.528145312958054,0,0,0,0,0,0,0,2.294962537948597,9.37982994995476,10.456967803458426,False,False,False,False,True,False
17,5.7918085106382975,80.0,2188,6.320059610463039,0,0,0,0,0,0,0,0.8886641126398388,5.389071729816501,7.751630876729169,True,False,False,False,False,False
24,6.4918106502153226,71.83544303797468,3067,6.382521258497842,0,0,0,0,0,0,0,1.1708768489362897,8.791029857045965,9.920010544708559,False,False,False,True,False,False
24,6.831725682510775,58.333333333333336,1572,6.528145312958054,0,0,0,0,0,0,0,1.1474812689742986,7.252762418053187,10.293546054911756,False,False,False,False,True,False
23,6.195191110040243,72.97297297297297,3067,6.382521258497842,0,0,0,0,0,0,0,0.7805845659575266,8.128880142125638,7.8686083776014435,False,False,False,True,False,False
33,6.9135864932147895,67.07818930041152,3067,6.382521258497842,0,0,0,0,0,0,0,1.5611691319150531,8.726967774991493,10.508060953473002,False,False,False,True,False,False
20,7.11436361408709,84.8652384243262,3067,6.382521258497842,0,0,0,0,0,0,0,0.7805845659575266,11.355218468940192,11.091170077032846,False,False,False,True,False,False
18,5.775788441476067,0.0,447,5.588299776286353,0,0,0,0,0,0,0,0.9078461025802542,3.713572066704308,8.653460843742746,False,True,False,False,False,False
16,6.642082746378657,56.25,3067,6.382521258497842,0,0,0,0,0,0,0,1.1708768489362897,6.371611847231857,10.023193077005615,False,False,False,True,False,False
11,6.684783413525796,80.64516129032258,2188,6.320059610463039,0,0,0,0,0,0,0,0.8886641126398388,6.368187186350492,10.139272634656646,True,False,False,False,False,False
9,5.879225467208256,72.22222222222221,447,5.588299776286353,0,0,0,0,0,0,0,0.9078461025802542,6.78105762593618,8.024343613012375,False,True,False,False,False,False
18,6.904255601987694,76.04562737642586,3067,6.382521258497842,0,0,0,0,0,0,0,0.3902922829787633,8.479906606630221,10.372982108510897,False,False,False,True,False,False
38,6.195191110040243,73.94366197183099,3067,6.382521258497842,0,0,0,0,0,0,0,0.7805845659575266,8.538758969330798,7.8686083776014435,False,False,False,True,False,False
86,6.40169871215857,50.0,2188,6.320059610463039,0,0,0,0,0,0,0,0.8886641126398388,6.1070228877422545,9.324495915651033,True,False,False,False,False,False
19,6.801489530657659,73.88157894736842,3549,6.881313711751069,0,0,0,0,0,0,0,0.7264943998038342,10.632725553240427,10.290763692860624,False,False,False,False,False,True
32,5.879225467208256,69.23076923076923,1572,6.528145312958054,0,0,0,0,0,0,0,0.38249375632476623,7.163946684342547,8.024343613012375,False,False,False,False,True,False
40,6.66391737475365,61.78343949044586,1572,6.528145312958054,0,0,0,0,0,0,0,0.38249375632476623,8.239329427901795,9.799753131264394,False,False,False,False,True,False
18,6.799697159680153,0.0,610,5.665348780241979,0,0,0,0,0,0,0,0.8272886501197902,6.025865973825314,9.935594233165896,False,False,True,False,False,False
27,6.678912230079322,75.67567567567568,3549,6.881313711751069,0,0,0,0,0,0,0,0.3777770878979938,7.731053144007127,10.20315377924252,False,False,False,False,False,True
34,6.40169871215857,0.0,3549,6.881313711751069,0,0,0,0,0,0,0,1.5111083515919752,3.58351893845611,9.324495915651033,False,False,False,False,False,True
18,6.829036948424544,50.0,1572,6.528145312958054,0,0,0,0,0,0,0,0.38249375632476623,4.51085950651685,9.778151955140352,False,False,False,False,True,False
19,6.881906796368094,65.21739130434783,3549,6.881313711751069,0,0,0,0,0,0,0,0.7555541757959876,7.749753406274437,10.661714538288223,False,False,False,False,False,True
23,6.661002281290718,83.345507669832,2188,6.320059610463039,0,0,0,0,0,0,0,0.8886641126398388,9.912100355634351,10.31762812804148,True,False,False,False,False,False
50,6.7547019732313895,74.89795918367346,3549,6.881313711751069,0,0,0,0,0,0,0,0.34871731190584043,10.545183531504994,9.894931129828896,False,False,False,False,False,True
12,6.794607080130419,0.0,1572,6.528145312958054,0,0,0,0,0,0,0,0.38249375632476623,3.828641396489095,9.797980786126336,False,False,False,False,True,False
35,6.845303805487532,82.63157894736842,3067,6.382521258497842,0,0,0,0,0,0,0,1.5611691319150531,8.421562960400987,10.275543892771708,False,False,False,True,False,False
13,6.195191110040243,72.72727272727273,3067,6.382521258497842,0,0,0,0,0,0,0,0.3902922829787633,7.238496840894365,7.8686083776014435,False,False,False,True,False,False
15,6.615339912235646,0.0,3067,6.382521258497842,0,0,0,0,0,0,0,1.1708768489362897,4.143134726391533,10.050152764681643,False,False,False,True,False,False
54,6.724256288854555,70.0,1572,6.528145312958054,0,0,0,0,0,0,0,0.38249375632476623,6.918695219020472,10.091309545296372,False,False,False,False,True,False
28,7.029912167410302,78.94736842105263,2188,6.320059610463039,0,0,0,0,0,0,0,0.8886641126398388,7.403670290012373,10.683822504440949,True,False,False,False,False,False
26,6.7812232788728535,87.67016291006472,3549,6.881313711751069,0,0,0,0,0,0,0,0.784613951788141,13.240969185601648,10.198059619772755,False,False,False,False,False,True
15,6.8393549963377245,80.18018018018019,2188,6.320059610463039,0,0,0,0,0,0,0,0.8886641126398388,8.624611588183507,10.354711811512182,True,False,False,False,False,False
8,6.195191110040243,52.38095238095239,3067,6.382521258497842,0,0,0,0,0,0,0,1.1708768489362897,6.466144724237619,7.8686083776014435,False,False,False,True,False,False
46,6.794607080130419,60.0,1572,6.528145312958054,0,0,0,0,0,0,0,0.38249375632476623,6.284134161070802,9.797980786126336,False,False,False,False,True,False
20,6.548792989998894,0.0,3067,6.382521258497842,0,0,0,0,0,0,0,0.3902922829787633,3.784189633918261,9.223228522439266,False,False,False,True,False,False
22,5.8512085383736085,80.58252427184466,3067,6.382521258497842,0,0,0,0,0,0,0,0.3902922829787633,7.763021309018518,9.732461047626883,False,False,False,True,False,False
32,7.012638345265775,76.81159420289855,2188,6.320059610463039,0,0,0,0,0,0,0,0.8886641126398388,9.158309963881798,10.45663602377762,True,False,False,False,False,False
11,6.490336269696487,0.0,3549,6.881313711751069,0,0,0,0,0,0,0,0.14529887996076685,3.7612001156935624,8.81811505604364,False,False,False,False,False,True
21,5.459667665453769,100.0,2188,6.320059610463039,0,0,0,0,0,0,0,0.8886641126398388,5.908082938168931,8.948486118878149,True,False,False,False,False,False
8,6.84051898277667,80.5439330543933,3549,6.881313711751069,0,0,0,0,0,0,0,0.34871731190584043,10.60861270985548,10.366698222421915,False,False,False,False,False,True
19,6.715661769645538,83.17781924820048,1572,6.528145312958054,0,0,0,0,0,0,0,1.529975025299065,11.361497741197619,10.142973788660102,False,False,False,False,True,False
24,6.195191110040243,37.5,3067,6.382521258497842,0,0,0,0,0,0,0,0.3902922829787633,5.942799375126701,7.8686083776014435,False,False,False,True,False,False
15,6.4822500578583115,60.86956521739131,2188,6.320059610463039,0,0,0,0,0,0,0,0.8886641126398388,6.79346613258001,9.756299763367336,True,False,False,False,False,False
26,6.237741819619238,74.54545454545455,3067,6.382521258497842,0,0,0,0,0,0,0,1.1708768489362897,7.861341795599989,9.122506680312782,False,False,False,True,False,False
13,5.7918085106382975,66.66666666666666,1572,6.528145312958054,0,0,0,0,0,0,0,0.38249375632476623,5.5134287461649825,7.751630876729169,False,False,False,False,True,False
7,6.837897530686966,82.6926406926407,3549,6.881313711751069,0,0,0,0,0,0,0,0.7555541757959876,12.494430739427957,10.462838955669044,False,False,False,False,False,True
68,6.911413272863529,77.58302583025831,1572,6.528145312958054,0,0,0,0,0,0,0,0.38249375632476623,10.114882356815789,10.464286053756691,False,False,False,False,True,False
34,6.827850625188941,40.0,1572,6.528145312958054,0,0,0,0,0,0,0,0.7649875126495325,5.583496308781699,9.960021534452826,False,False,False,False,True,False
73,6.5004185244497705,75.86206896551724,3067,6.382521258497842,0,0,0,0,0,0,0,0.3902922829787633,9.863706682524283,9.91128039696677,False,False,False,True,False,False
17,6.770580228122137,33.33333333333333,3549,6.881313711751069,0,0,0,0,0,0,0,1.5111083515919752,5.3981627015177525,9.565902027006107,False,False,False,False,False,True
18,6.86966494522709,89.70588235294117,3549,6.881313711751069,0,0,0,0,0,0,0,0.7264943998038342,8.751790892775563,10.47404106125401,False,False,False,False,False,True
24,6.726881389735055,83.65983295368261,2188,6.320059610463039,0,0,0,0,0,0,0,0.8886641126398388,11.872514159810866,9.920300326844044,True,False,False,False,False,False
30,6.883127654709747,66.66666666666666,2188,6.320059610463039,0,0,0,0,0,0,0,0.8886641126398388,6.981934677156389,10.183411710770256,True,False,False,False,False,False
52,6.7842301997157435,50.0,3067,6.382521258497842,0,0,0,0,0,0,0,0.3902922829787633,5.855071922202427,10.055566237327685,False,False,False,True,False,False
5,6.726881389735055,25.0,3067,6.382521258497842,0,0,0,0,0,0,0,0.3902922829787633,5.214935757608986,9.920300326844044,False,False,False,True,False,False
29,6.889678266422713,73.02631578947368,1572,6.528145312958054,0,0,0,0,0,0,0,0.38249375632476623,8.148156439921625,10.37484668725167,False,False,False,False,True,False
8,6.814882238275165,80.1452784503632,3549,6.881313711751069,0,0,0,0,0,0,0,0.34871731190584043,9.342420712333391,10.506362816413247,False,False,False,False,False,True
37,6.8945007866907115,70.37037037037037,3067,6.382521258497842,0,0,0,0,0,0,0,0.3902922829787633,6.794586580876499,10.69767748536516,False,False,False,True,False,False
9,6.5004185244497705,0.0,3549,6.881313711751069,0,0,0,0,0,0,0,0.35959152870240046,4.406719247264253,9.91128039696677,False,False,False,False,False,True
9,6.662948251583755,50.0,3549,6.881313711751069,0,0,0,0,0,0,0,1.7726463355213555,5.908082938168931,10.093243666143405,False,False,False,False,False,True
12,5.775788441476067,50.0,447,5.588299776286353,0,0,0,0,0,0,0,0.9078461025802542,4.672828834461906,8.653460843742746,False,True,False,False,False,False
11,6.468372592093842,80.0,2188,6.320059610463039,0,0,0,0,0,0,0,0.8886641126398388,6.366470447731438,9.533994132566862,True,False,False,False,False,False
20,6.638243832197137,0.0,3549,6.881313711751069,0,0,0,0,0,0,0,0.8717932797646011,8.041412909393047,10.118310337677755,False,False,False,False,False,True
43,6.751797143671785,0.0,3067,6.382521258497842,0,0,0,0,0,0,0,0.3902922829787633,4.820281565605037,10.176166295747496,False,False,False,True,False,False
21,6.760177441321682,86.79245283018868,3549,6.881313711751069,0,0,0,0,0,0,0,1.2495703676625949,7.571473648851271,9.866543458155952,False,False,False,False,False,True
9,6.8569287506609085,77.05314009661835,3549,6.881313711751069,0,0,0,0,0,0,0,0.784613951788141,11.399129470491301,10.407710774519117,False,False,False,False,False,True
13,6.548792989998894,0.0,3067,6.382521258497842,0,0,0,0,0,0,0,0.3902922829787633,3.6635616461296463,9.223228522439266,False,False,False,True,False,False
47,6.797217703082447,80.76208178438662,2188,6.320059610463039,0,0,0,0,0,0,0,0.8886641126398388,10.365585010210767,10.300351210911103,True,False,False,False,False,False
15,5.459667665453769,0.0,447,5.588299776286353,0,0,0,0,0,0,0,0.9078461025802542,3.970291913552122,8.948486118878149,False,True,False,False,False,False
10,6.819034008181329,85.71428571428571,3549,6.881313711751069,0,0,0,0,0,0,0,3.458113343066251,6.418364935936212,10.592104029311555,False,False,False,False,False,True
26,6.928082740748006,66.66666666666666,1572,6.528145312958054,0,0,0,0,0,0,0,0.7649875126495325,8.32579052588609,10.516390885915971,False,False,False,False,True,False
26,6.800051724087001,83.40807174887892,3067,6.382521258497842,0,0,0,0,0,0,0,2.3417536978725795,8.889446165318288,9.94201618974122,False,False,False,True,False,False
14,6.875830169031045,80.70500927643785,3549,6.881313711751069,0,0,0,0,0,0,0,0.34871731190584043,10.20329580478575,10.481500915598474,False,False,False,False,False,True
17,6.823744471442896,76.38888888888889,1572,6.528145312958054,0,0,0,0,0,0,0,0.38249375632476623,7.424165281042028,10.129453998296022,False,False,False,False,True,False
36,6.195191110040243,80.0,3067,6.382521258497842,0,0,0,0,0,0,0,0.7805845659575266,7.86403565907245,7.8686083776014435,False,False,False,True,False,False
23,6.732939657023157,66.66666666666666,3549,6.881313711751069,0,0,0,0,0,0,0,1.4529887996076685,6.687108607866515,10.236922466018864,False,False,False,False,False,True
24,6.576885158507406,75.0,2188,6.320059610463039,0,0,0,0,0,0,0,0.8886641126398388,5.926926025970411,10.379437854301274,True,False,False,False,False,False
37,6.295993024103089,0.0,3067,6.382521258497842,0,0,0,0,0,0,0,0.3902922829787633,3.58351893845611,7.827680491919387,False,False,False,True,False,False
35,6.863669571633784,70.2127659574468,3067,6.382521258497842,0,0,0,0,0,0,0,1.5611691319150531,8.119993827725105,10.232187668186958,False,False,False,True,False,False
11,6.359366963355418,74.03846153846155,3067,6.382521258497842,0,0,0,0,0,0,0,0.3902922829787633,8.363342466597977,9.387122915483614,False,False,False,True,False,False
7,6.427690326839088,74.40476190476191,3067,6.382521258497842,0,0,0,0,0,0,0,0.7805845659575266,8.886685639065584,9.783002990437407,False,False,False,True,False,False
19,6.5004185244497705,75.0,610,5.665348780241979,0,0,0,0,0,0,0,0.13788144168663172,5.8664680569332965,9.91128039696677,False,False,True,False,False,False
42,6.671140218499566,0.0,2188,6.320059610463039,0,0,0,0,0,0,0,0.8886641126398388,4.07753744390572,9.763111410243045,True,False,False,False,False,False
22,6.40169871215857,83.33333333333334,3549,6.881313711751069,0,0,0,0,0,0,0,1.7145267835370488,5.777652323222656,9.324495915651033,False,False,False,False,False,True
16,5.558589488847307,0.0,3549,6.881313711751069,0,0,0,0,0,0,0,0.3777770878979938,4.564348191467836,5.858417164315927,False,False,False,False,False,True
20,6.7812232788728535,0.0,3549,6.881313711751069,0,0,0,0,0,0,0,0.7264943998038342,5.1298987149230735,10.198059619772755,False,False,False,False,False,True
15,6.8355523885194005,83.54149730249057,3549,6.881313711751069,0,0,0,0,0,0,0,0.34871731190584043,12.895866710676762,10.692848090619558,False,False,False,False,False,True
35,6.735693518255812,72.36842105263158,1572,6.528145312958054,0,0,0,0,0,0,0,3.442443806922896,7.448333860897476,9.844345336143084,False,False,False,False,True,False
39,6.779782172998328,63.63636363636363,1572,6.528145312958054,0,0,0,0,0,0,0,0.38249375632476623,7.700747794511798,10.42324578946821,False,False,False,False,True,False
30,6.954266818523805,75.0,2188,6.320059610463039,0,0,0,0,0,0,0,0.8886641126398388,9.662625450728237,10.469219654627187,True,False,False,False,False,False
32,6.555621413678604,0.0,2188,6.320059610463039,0,0,0,0,0,0,0,0.8886641126398388,4.30406509320417,9.490725716753616,True,False,False,False,False,False
6,6.468372592093842,75.0,3067,6.382521258497842,0,0,0,0,0,0,0,0.3902922829787633,6.013715156042802,9.533994132566862,False,False,False,True,False,False
49,6.640698109965129,0.0,2188,6.320059610463039,0,0,0,0,0,0,0,0.8886641126398388,4.709530201312334,10.314177554377048,True,False,False,False,False,False
23,6.80155447398906,74.25742574257426,3549,6.881313711751069,0,0,0,0,0,0,0,0.23247820793722695,8.622633703874234,10.405250015361391,False,False,False,False,False,True
8,6.9095318647504085,82.33900495369373,3549,6.881313711751069,0,0,0,0,0,0,0,0.34871731190584043,12.104521531546295,10.669339850621183,False,False,False,False,False,True
27,6.930912076909611,80.0,3549,6.881313711751069,0,0,0,0,0,0,0,0.14529887996076685,6.807934943699926,10.42334144543303,False,False,False,False,False,True
16,6.844292569352955,81.44329896907216,3067,6.382521258497842,0,0,0,0,0,0,0,0.3902922829787633,7.9672801789422,10.3637972849069,False,False,False,True,False,False
5,6.195191110040243,66.66666666666666,3067,6.382521258497842,0,0,0,0,0,0,0,0.3902922829787633,5.66988092298052,7.8686083776014435,False,False,False,True,False,False
27,6.924618381955827,50.0,3549,6.881313711751069,0,0,0,0,0,0,0,1.5111083515919752,6.20455776256869,10.253683060486582,False,False,False,False,False,True
11,5.459667665453769,77.47252747252747,447,5.588299776286353,0,0,0,0,0,0,0,0.9078461025802542,8.09559870137819,8.948486118878149,False,True,False,False,False,False
21,6.850577283767982,67.14285714285714,1572,6.528145312958054,0,0,0,0,0,0,0,0.38249375632476623,7.133295954896068,10.419271225695969,False,False,False,False,True,False
35,6.949003066864462,83.94736842105263,2188,6.320059610463039,0,0,0,0,0,0,0,0.8886641126398388,9.50397966490209,10.492000218574065,True,False,False,False,False,False
13,6.729085071763116,69.23076923076923,3067,6.382521258497842,0,0,0,0,0,0,0,0.3902922829787633,7.871692664323645,10.374436011184866,False,False,False,True,False,False
36,6.904400748459212,66.66666666666666,2188,6.320059610463039,0,0,0,0,0,0,0,0.8886641126398388,9.479985756941812,10.321174430583802,True,False,False,False,False,False
25,6.659973141932871,78.59778597785979,3067,6.382521258497842,0,0,0,0,0,0,0,0.7805845659575266,9.981235321158053,10.167927451361852,False,False,False,True,False,False
35,6.745065955079785,80.43548911277219,3549,6.881313711751069,0,0,0,0,0,0,0,0.3777770878979938,11.100994498178453,10.580912888319693,False,False,False,False,False,True
20,5.558589488847307,63.1578947368421,3549,6.881313711751069,0,0,0,0,0,0,0,0.34871731190584043,6.1903154058531475,5.858417164315927,False,False,False,False,False,True
35,6.40169871215857,0.0,3549,6.881313711751069,0,0,0,0,0,0,0,3.0222167031839504,3.6109179126442243,9.324495915651033,False,False,False,False,False,True
46,6.5264888547538815,50.0,2188,6.320059610463039,0,0,0,0,0,0,0,0.8886641126398388,4.770684624465665,9.75745455496221,True,False,False,False,False,False
11,6.9628532979221385,83.04453249748654,3549,6.881313711751069,0,0,0,0,0,0,0,0.34871731190584043,13.334335965196335,10.763749346307385,False,False,False,False,False,True
9,6.835256479493799,81.85465893892109,3549,6.881313711751069,0,0,0,0,0,0,0,0.7555541757959876,11.108739538360444,10.510915359446848,False,False,False,False,False,True
32,6.469338862241644,78.89530090684254,3067,6.382521258497842,0,0,0,0,0,0,0,0.3902922829787633,10.630287087057917,9.794222313613584,False,False,False,True,False,False
44,6.715661769645538,72.91666666666666,1572,6.528145312958054,0,0,0,0,0,0,0,0.38249375632476623,9.54180006677385,10.142973788660102,False,False,False,False,True,False
14,6.661598144800827,0.0,3549,6.881313711751069,0,0,0,0,0,0,0,0.7555541757959876,4.553876891600541,10.073851518272223,False,False,False,False,False,True
12,6.943405028369551,79.4338051623647,3549,6.881313711751069,0,0,0,0,0,0,0,0.34871731190584043,11.507520886511369,10.625214876288098,False,False,False,False,False,True
20,6.883657514125043,86.86140161077053,3549,6.881313711751069,0,0,0,0,0,0,0,0.6974346238116809,13.031891474240252,10.476055785777293,False,False,False,False,False,True
22,6.780595148016227,77.51371115173674,3549,6.881313711751069,0,0,0,0,0,0,0,0.34871731190584043,9.534450801041515,10.075392106597004,False,False,False,False,False,True
12,6.777925656471416,0.0,3549,6.881313711751069,0,0,0,0,0,0,0,0.35959152870240046,9.393744675721376,10.358720806111029,False,False,False,False,False,True
17,6.814807283566524,68.75,3549,6.881313711751069,0,0,0,0,0,0,0,0.7555541757959876,6.403574197934815,10.13341066810467,False,False,False,False,False,True
17,6.393797237117623,72.72727272727273,610,5.665348780241979,0,0,0,0,0,0,0,0.13788144168663172,6.07993319509559,9.585589680262684,False,False,True,False,False,False
39,6.200225700698335,0.0,3067,6.382521258497842,0,0,0,0,0,0,0,0.3902922829787633,4.290459441148391,8.919650812943356,False,False,False,True,False,False
20,6.510263751421897,65.83333333333333,1572,6.528145312958054,0,0,0,0,0,0,0,0.38249375632476623,8.518392471991719,9.93043086016947,False,False,False,False,True,False
13,6.7728198451635695,87.5,3067,6.382521258497842,0,0,0,0,0,0,0,2.3417536978725795,6.135564891081739,9.293585506586053,False,False,False,True,False,False
14,6.962432214140248,70.83333333333334,3549,6.881313711751069,0,0,0,0,0,0,0,0.34871731190584043,8.449128460502108,10.419449474125306,False,False,False,False,False,True
18,7.1169859007287695,77.09881640517479,1572,6.528145312958054,0,0,0,0,0,0,0,0.7649875126495325,11.393015168297671,10.996482929890005,False,False,False,False,True,False
31,6.825823322578457,0.0,3549,6.881313711751069,0,0,0,0,0,0,0,0.35959152870240046,8.681011276645632,10.60101140494032,False,False,False,False,False,True
20,6.842795049054185,70.83333333333334,3549,6.881313711751069,0,0,0,0,0,0,0,0.3777770878979938,7.605890001053122,10.493625889776915,False,False,False,False,False,True
39,6.910618758441679,76.19047619047619,3549,6.881313711751069,0,0,0,0,0,0,0,0.7555541757959876,7.37650812632622,10.117731162979387,False,False,False,False,False,True
20,6.833987678136327,80.0,3067,6.382521258497842,0,0,0,0,0,0,0,0.3902922829787633,6.280395838960195,10.4337241801268,False,False,False,True,False,False
17,6.195191110040243,64.02439024390245,3067,6.382521258497842,0,0,0,0,0,0,0,1.1708768489362897,8.557951183888406,7.8686083776014435,False,False,False,True,False,False
38,6.883142933259378,81.13207547169812,2188,6.320059610463039,0,0,0,0,0,0,0,0.8886641126398388,10.726982939755574,10.605660287233766,True,False,False,False,False,False
29,6.779782172998328,84.12698412698413,2188,6.320059610463039,0,0,0,0,0,0,0,0.8886641126398388,9.649175779559453,10.42324578946821,True,False,False,False,False,False
43,6.429001687383052,69.02654867256636,1572,6.528145312958054,0,0,0,0,0,0,0,0.7649875126495325,9.260462981379394,10.06323526293831,False,False,False,False,True,False
21,6.585825710219119,0.0,3549,6.881313711751069,0,0,0,0,0,0,0,4.533325054775926,5.220355825078324,10.061617056901932,False,False,False,False,False,True
35,6.446069719328857,50.0,447,5.588299776286353,0,0,0,0,0,0,0,0.9078461025802542,5.236441962829949,10.123306184711458,False,True,False,False,False,False
18,6.195191110040243,77.77777777777779,3067,6.382521258497842,0,0,0,0,0,0,0,0.3902922829787633,6.361302477572996,7.8686083776014435,False,False,False,True,False,False
11,6.924598873655787,85.58378751823138,3549,6.881313711751069,0,0,0,0,0,0,0,0.6393150718273741,13.1404193822039,10.517511956830722,False,False,False,False,False,True
23,6.797001653365785,75.74349442379183,3067,6.382521258497842,0,0,0,0,0,0,0,0.3902922829787633,9.943909467035043,10.517961006442542,False,False,False,True,False,False
35,6.67396559045013,75.67567567567568,3067,6.382521258497842,0,0,0,0,0,0,0,1.1708768489362897,7.8838232148921525,9.805897504556699,False,False,False,True,False,False
47,6.560476872196712,60.0,3067,6.382521258497842,0,0,0,0,0,0,0,0.3902922829787633,8.075271546297458,10.155880595870181,False,False,False,True,False,False
53,6.867802716726857,79.05405405405406,3549,6.881313711751069,0,0,0,0,0,0,0,0.3777770878979938,8.822911626354117,10.247413858283657,False,False,False,False,False,True
7,6.77960349153899,100.0,3549,6.881313711751069,0,0,0,0,0,0,0,0.3777770878979938,5.176149732573829,10.364469387895442,False,False,False,False,False,True
48,6.757462790560788,76.97516930022573,1572,6.528145312958054,0,0,0,0,0,0,0,0.7649875126495325,8.865452825753623,10.418150476159273,False,False,False,False,True,False
11,6.195191110040243,44.44444444444444,3067,6.382521258497842,0,0,0,0,0,0,0,0.7805845659575266,5.955837369464831,7.8686083776014435,False,False,False,True,False,False
7,6.831725682510775,75.33840947546531,1572,6.528145312958054,0,0,0,0,0,0,0,0.38249375632476623,10.841011260818293,10.293546054911756,False,False,False,False,True,False
13,6.902964592548838,83.26474622770918,3549,6.881313711751069,0,0,0,0,0,0,0,3.1675155831447173,10.603411717375097,10.332452543899176,False,False,False,False,False,True
23,6.7771287869600085,100.0,2188,6.320059610463039,0,0,0,0,0,0,0,0.8886641126398388,4.189654742026425,10.203130528171146,True,False,False,False,False,False
60,6.289007148338809,60.0,3549,6.881313711751069,0,0,0,0,0,0,0,0.7555541757959876,6.09807428216624,7.921587131345857,False,False,False,False,False,True
18,6.904895489189585,84.00954653937947,3549,6.881313711751069,0,0,0,0,0,0,0,1.1333312636939814,10.349294539927671,10.347041164149122,False,False,False,False,False,True
9,6.195191110040243,65.38461538461539,3067,6.382521258497842,0,0,0,0,0,0,0,0.7805845659575266,7.5745584842024805,7.8686083776014435,False,False,False,True,False,False
10,6.7628425086075366,81.14630467571644,3549,6.881313711751069,0,0,0,0,0,0,0,0.34871731190584043,11.440365524765756,10.521878663487389,False,False,False,False,False,True
19,6.318786144793481,72.22222222222221,3067,6.382521258497842,0,0,0,0,0,0,0,0.3902922829787633,6.4692503167957724,9.788980527569898,False,False,False,True,False,False
23,6.676269584446959,0.0,3549,6.881313711751069,0,0,0,0,0,0,0,0.3777770878979938,4.02535169073515,9.782585710646908,False,False,False,False,False,True
37,6.664379343008459,80.0,1572,6.528145312958054,0,0,0,0,0,0,0,0.7649875126495325,6.349138991379798,10.16199010137861,False,False,False,False,True,False
20,6.834875636379364,74.07407407407408,3067,6.382521258497842,0,0,0,0,0,0,0,0.3902922829787633,8.355614995760183,10.521111390123515,False,False,False,True,False,False
8,6.913760739929198,80.5949966193374,610,5.665348780241979,0,0,0,0,0,0,0,1.3788144168663172,10.686475437095863,10.438115373018269,False,False,True,False,False,False
55,6.9991527367920785,75.32327586206897,2188,6.320059610463039,0,0,0,0,0,0,0,0.8886641126398388,9.844162086451313,10.282811046385305,True,False,False,False,False,False
17,6.035384615384615,50.0,3067,6.382521258497842,0,0,0,0,0,0,0,3.5126305468088694,6.335054251498059,8.859680269588564,False,False,False,True,False,False
41,7.014303909956854,76.78571428571429,3067,6.382521258497842,0,0,0,0,0,0,0,0.7805845659575266,9.024733424190698,10.122526445179886,False,False,False,True,False,False
45,6.9455989055394145,70.0,3067,6.382521258497842,0,0,0,0,0,0,0,1.5611691319150531,7.52294091807237,10.715074706014951,False,False,False,True,False,False
49,7.089722456575947,80.0,3067,6.382521258497842,0,0,0,0,0,0,0,0.7805845659575266,8.073714641109857,10.26468929442882,False,False,False,True,False,False
10,6.40169871215857,0.0,3549,6.881313711751069,0,0,0,0,0,0,0,1.888885439489969,5.484796933490655,9.324495915651033,False,False,False,False,False,True
20,6.40169871215857,100.0,1572,6.528145312958054,0,0,0,0,0,0,0,0.38249375632476623,5.365976015021851,9.324495915651033,False,False,False,False,True,False
21,6.045175999634896,60.0,3549,6.881313711751069,0,0,0,0,0,0,0,1.3658094716312084,5.697093486505405,7.952065901555757,False,False,False,False,False,True
24,6.195191110040243,61.36363636363637,3067,6.382521258497842,0,0,0,0,0,0,0,0.7805845659575266,7.509883061154913,7.8686083776014435,False,False,False,True,False,False
8,6.806194056192318,79.47019867549669,3549,6.881313711751069,0,0,0,0,0,0,0,1.1333312636939814,8.99230873254815,9.881294333397236,False,False,False,False,False,True
41,6.772053738969407,79.51219512195122,3549,6.881313711751069,0,0,0,0,0,0,0,0.7555541757959876,9.585414998760278,10.197364909715349,False,False,False,False,False,True
28,6.923646682390587,80.74866310160428,3549,6.881313711751069,0,0,0,0,0,0,0,0.34871731190584043,8.835210463664092,10.328025861579933,False,False,False,False,False,True
33,6.779782172998328,66.66666666666666,3067,6.382521258497842,0,0,0,0,0,0,0,0.3902922829787633,6.452048954437226,10.42324578946821,False,False,False,True,False,False
24,6.604842707205482,78.51662404092072,3549,6.881313711751069,0,0,0,0,0,0,0,0.3777770878979938,9.878323578872578,9.94521695986674,False,False,False,False,False,True
29,6.678387797709568,78.68217054263566,3067,6.382521258497842,0,0,0,0,0,0,0,0.3902922829787633,8.595079730073309,10.056297555535906,False,False,False,True,False,False
39,6.767541224610549,81.5028901734104,3067,6.382521258497842,0,0,0,0,0,0,0,0.7805845659575266,8.692825760059396,10.355922751208103,False,False,False,True,False,False
34,6.8703620642673275,73.31136738056013,3067,6.382521258497842,0,0,0,0,0,0,0,0.3902922829787633,9.589187682180055,10.696649194221154,False,False,False,True,False,False
36,6.779782172998328,53.84615384615385,2188,6.320059610463039,0,0,0,0,0,0,0,0.8886641126398388,6.163314804034641,10.42324578946821,True,False,False,False,False,False
12,6.855272721443989,82.27848101265823,3067,6.382521258497842,0,0,0,0,0,0,0,1.5611691319150531,9.611194867526663,10.264263096441724,False,False,False,True,False,False
6,5.879225467208256,100.0,447,5.588299776286353,0,0,0,0,0,0,0,0.9078461025802542,4.382026634673881,8.024343613012375,False,True,False,False,False,False
24,6.836389593533809,81.09613130128956,3549,6.881313711751069,0,0,0,0,0,0,0,0.34871731190584043,11.352510203563257,10.700608520237367,False,False,False,False,False,True
34,6.635758036799406,64.86486486486487,3067,6.382521258497842,0,0,0,0,0,0,0,1.1708768489362897,6.784457062637643,9.887414115563827,False,False,False,True,False,False
19,5.710152858857673,75.86206896551724,2188,6.320059610463039,0,0,0,0,0,0,0,0.8886641126398388,6.953684210870537,9.900645724473474,True,False,False,False,False,False
13,6.815491275933833,61.53846153846154,3549,6.881313711751069,0,0,0,0,0,0,0,1.336749695639055,6.9975959829819265,10.293153977947183,False,False,False,False,False,True
29,6.5004185244497705,0.0,3549,6.881313711751069,0,0,0,0,0,0,0,1.3658094716312084,4.48863636973214,9.91128039696677,False,False,False,False,False,True
20,6.904255601987694,69.31407942238266,3067,6.382521258497842,0,0,0,0,0,0,0,0.7805845659575266,10.051605787988585,10.372982108510897,False,False,False,True,False,False
13,6.852165520065444,83.1686541737649,3549,6.881313711751069,0,0,0,0,0,0,0,0.7555541757959876,11.418999326938065,10.332975724480017,False,False,False,False,False,True
43,6.821946310481903,66.66666666666666,2188,6.320059610463039,0,0,0,0,0,0,0,0.8886641126398388,5.945420608606575,10.085802519161646,True,False,False,False,False,False
42,6.624551706647431,0.0,3067,6.382521258497842,0,0,0,0,0,0,0,0.3902922829787633,3.6109179126442243,9.714919592288245,False,False,False,True,False,False
14,5.710152858857673,40.0,2188,6.320059610463039,0,0,0,0,0,0,0,0.8886641126398388,5.680172609017068,9.900645724473474,True,False,False,False,False,False
14,6.195191110040243,71.42857142857143,610,5.665348780241979,0,0,0,0,0,0,0,0.13788144168663172,6.669498089857879,7.8686083776014435,False,False,True,False,False,False
17,6.289007148338809,0.0,3549,6.881313711751069,0,0,0,0,0,0,0,1.336749695639055,4.812184355372417,7.921587131345857,False,False,False,False,False,True
29,6.94163095913589,50.0,3067,6.382521258497842,0,0,0,0,0,0,0,0.7805845659575266,5.7430031878094825,10.60757065678936,False,False,False,True,False,False
20,6.765433613114083,69.6969696969697,3549,6.881313711751069,0,0,0,0,0,0,0,0.7264943998038342,8.108623268354595,10.41972149550408,False,False,False,False,False,True
24,6.751797143671785,33.33333333333333,3549,6.881313711751069,0,0,0,0,0,0,0,0.3777770878979938,4.543294782270004,10.176166295747496,False,False,False,False,False,True
43,6.620796471797719,0.0,2188,6.320059610463039,0,0,0,0,0,0,0,0.8886641126398388,4.110873864173311,9.829072300161407,True,False,False,False,False,False
12,6.5004185244497705,83.33333333333334,3549,6.881313711751069,0,0,0,0,0,0,0,0.3777770878979938,6.429719478039138,9.91128039696677,False,False,False,False,False,True
36,6.696632693858549,83.33333333333334,3549,6.881313711751069,0,0,0,0,0,0,0,1.1333312636939814,7.909856667269403,9.70734823703079,False,False,False,False,False,True
16,6.662948251583755,70.37037037037037,610,5.665348780241979,0,0,0,0,0,0,0,0.13788144168663172,6.993932975223189,10.093243666143405,False,False,True,False,False,False
22,6.630142344589245,77.35745614035088,3067,6.382521258497842,0,0,0,0,0,0,0,0.7805845659575266,10.532629403120161,10.295233559965444,False,False,False,True,False,False
25,6.719256326419516,87.20930232558139,3067,6.382521258497842,0,0,0,0,0,0,0,0.3902922829787633,7.587817219993427,9.95834263936812,False,False,False,True,False,False
34,6.753153808789693,60.74074074074074,1572,6.528145312958054,0,0,0,0,0,0,0,0.38249375632476623,8.406261630708956,10.37042913733779,False,False,False,False,True,False
58,6.779604893627814,81.25,2188,6.320059610463039,0,0,0,0,0,0,0,0.8886641126398388,7.409136443920128,10.030924927445438,True,False,False,False,False,False
7,6.26522859704693,0.0,2188,6.320059610463039,0,0,0,0,0,0,0,0.8886641126398388,4.3694478524670215,8.33775665141873,True,False,False,False,False,False
25,6.767541224610549,78.50877192982456,1572,6.528145312958054,0,0,0,0,0,0,0,1.1474812689742986,8.399535147948004,10.355922751208103,False,False,False,False,True,False
22,6.829036948424544,0.0,3067,6.382521258497842,0,0,0,0,0,0,0,0.3902922829787633,3.258096538021482,9.778151955140352,False,False,False,True,False,False
4,6.270257490704965,0.0,3067,6.382521258497842,0,0,0,0,0,0,0,4.829555421039003,5.680172609017068,8.471450016819338,False,False,False,True,False,False
51,6.9991527367920785,74.51171875,2188,6.320059610463039,0,0,0,0,0,0,0,0.8886641126398388,9.989206427938665,10.282811046385305,True,False,False,False,False,False
23,6.877926778715913,66.66666666666666,2188,6.320059610463039,0,0,0,0,0,0,0,0.8886641126398388,6.447305862541213,10.265575666830216,True,False,False,False,False,False
38,6.836335151609738,74.96617050067658,2188,6.320059610463039,0,0,0,0,0,0,0,0.8886641126398388,9.549523217290366,10.073010932873734,True,False,False,False,False,False
37,6.782065178415631,87.03703703703704,3067,6.382521258497842,0,0,0,0,0,0,0,0.7805845659575266,7.3864708488298945,10.090929146985108,False,False,False,True,False,False
17,6.8261731898645,81.93548387096774,3549,6.881313711751069,0,0,0,0,0,0,0,0.2905977599215337,8.101980731853192,10.38594281999784,False,False,False,False,False,True
10,6.83475559500329,78.33333333333333,3549,6.881313711751069,0,0,0,0,0,0,0,0.3777770878979938,8.270781013162674,10.592823564713086,False,False,False,False,False,True
41,6.490336269696487,0.0,2188,6.320059610463039,0,0,0,0,0,0,0,0.8886641126398388,4.127134385045092,8.81811505604364,True,False,False,False,False,False
15,6.113364449933685,0.0,3549,6.881313711751069,0,0,0,0,0,0,0,1.8598256634978156,4.219507705176107,7.448698102505513,False,False,False,False,False,True
16,6.661918184785155,68.88888888888889,3549,6.881313711751069,0,0,0,0,0,0,0,3.0222167031839504,8.23827262463303,10.073704402059544,False,False,False,False,False,True
25,6.788691683537152,79.54545454545455,3067,6.382521258497842,0,0,0,0,0,0,0,0.3902922829787633,7.224753405767971,10.114887988891986,False,False,False,True,False,False
29,6.842263033993731,83.33333333333334,3549,6.881313711751069,0,0,0,0,0,0,0,1.5111083515919752,6.806829360392176,10.313481846366074,False,False,False,False,False,True
24,6.79972621900026,75.764192139738,3549,6.881313711751069,0,0,0,0,0,0,0,0.34871731190584043,10.179640924163953,10.284827254761002,False,False,False,False,False,True
23,6.66391737475365,62.5,3549,6.881313711751069,0,0,0,0,0,0,0,0.7555541757959876,6.175867270105761,9.799753131264394,False,False,False,False,False,True
34,6.720553481784464,80.0,3067,6.382521258497842,0,0,0,0,0,0,0,0.7805845659575266,4.867534450455582,10.44686595880156,False,False,False,True,False,False
25,6.829036948424544,100.0,2188,6.320059610463039,0,0,0,0,0,0,0,0.8886641126398388,8.990815266184685,9.778151955140352,True,False,False,False,False,False
4,6.761962783054639,72.09302325581395,3067,6.382521258497842,0,0,0,0,0,0,0,1.5611691319150531,6.915723448631314,9.935856567771333,False,False,False,True,False,False
37,6.911137346756003,73.00613496932516,2188,6.320059610463039,0,0,0,0,0,0,0,0.8886641126398388,9.390492911485298,10.246853132242512,True,False,False,False,False,False
21,6.761709714305822,62.5,2188,6.320059610463039,0,0,0,0,0,0,0,0.8886641126398388,5.605802066295998,10.228013343497748,True,False,False,False,False,False
24,6.548792989998894,0.0,3067,6.382521258497842,0,0,0,0,0,0,0,0.3902922829787633,4.110873864173311,9.223228522439266,False,False,False,True,False,False
14,6.548792989998894,50.0,3067,6.382521258497842,0,0,0,0,0,0,0,0.3902922829787633,4.189654742026425,9.223228522439266,False,False,False,True,False,False
8,6.5004185244497705,100.0,3549,6.881313711751069,0,0,0,0,0,0,0,0.7555541757959876,7.661527081358517,9.91128039696677,False,False,False,False,False,True
4,6.540548490645542,84.53877551020408,3067,6.382521258497842,0,0,0,0,0,0,0,2.3417536978725795,12.628611169827627,10.0467034965562,False,False,False,True,False,False
23,6.106210567052468,85.71428571428571,610,5.665348780241979,0,0,0,0,0,0,0,0.27576288337326343,7.003065458786462,10.427792075670013,False,False,True,False,False,False
22,4.9263479368027125,100.0,610,5.665348780241979,0,0,0,0,0,0,0,0.13788144168663172,5.493061443340548,8.362349991150289,False,False,True,False,False,False
21,6.813362758640466,0.0,3549,6.881313711751069,0,0,0,0,0,0,0,1.3948692476233617,4.919980925828125,9.864686991738038,False,False,False,False,False,True
27,5.558589488847307,33.33333333333333,2188,6.320059610463039,0,0,0,0,0,0,0,0.8886641126398388,5.049856007249537,5.858417164315927,True,False,False,False,False,False
15,6.920132356103352,77.46319365798414,3549,6.881313711751069,0,0,0,0,0,0,0,1.4820485755998218,10.252100082384816,10.41599966131625,False,False,False,False,False,True
85,6.662948251583755,0.0,610,5.665348780241979,0,0,0,0,0,0,0,0.13788144168663172,3.8918202981106265,10.093243666143405,False,False,True,False,False,False
37,6.890746778738209,80.36253776435045,3549,6.881313711751069,0,0,0,0,0,0,0,0.6974346238116809,10.915833641046829,10.122529954075597,False,False,False,False,False,True
32,6.984552882844566,0.0,2188,6.320059610463039,0,0,0,0,0,0,0,0.8886641126398388,10.222123085309558,10.841227659562367,True,False,False,False,False,False
34,6.772409865396259,0.0,3549,6.881313711751069,0,0,0,0,0,0,0,0.7555541757959876,4.060443010546419,9.86904896085482,False,False,False,False,False,True
34,6.26522859704693,0.0,2188,6.320059610463039,0,0,0,0,0,0,0,0.8886641126398388,3.9889840465642745,8.33775665141873,True,False,False,False,False,False
18,6.5004185244497705,0.0,610,5.665348780241979,0,0,0,0,0,0,0,1.930340183612844,4.007333185232471,9.91128039696677,False,False,True,False,False,False
12,6.800166494369348,0.0,3549,6.881313711751069,0,0,0,0,0,0,0,0.7555541757959876,3.9889840465642745,10.407158941641097,False,False,False,False,False,True
13,6.868364118219989,68.08510638297872,3549,6.881313711751069,0,0,0,0,0,0,0,5.6085367664856,8.581669210600602,10.287567556815313,False,False,False,False,False,True
6,5.879225467208256,100.0,447,5.588299776286353,0,0,0,0,0,0,0,0.9078461025802542,4.248495242049359,8.024343613012375,False,True,False,False,False,False
10,6.195191110040243,68.24324324324324,3067,6.382521258497842,0,0,0,0,0,0,0,0.3902922829787633,8.235095497258357,7.8686083776014435,False,False,False,True,False,False
43,6.920979158570614,72.72727272727273,3067,6.382521258497842,0,0,0,0,0,0,0,0.3902922829787633,7.465655310134056,10.48600801455271,False,False,False,True,False,False
59,6.620258347828308,50.0,1572,6.528145312958054,0,0,0,0,0,0,0,0.38249375632476623,4.406719247264253,10.138824856441241,False,False,False,False,True,False
35,6.195191110040243,78.04878048780488,3067,6.382521258497842,0,0,0,0,0,0,0,1.1708768489362897,7.670428522190693,7.8686083776014435,False,False,False,True,False,False
17,6.948906203601128,40.0,3067,6.382521258497842,0,0,0,0,0,0,0,12.489353055320425,6.71901315438526,10.30436963557913,False,False,False,True,False,False
34,6.826041080247562,100.0,2188,6.320059610463039,0,0,0,0,0,0,0,0.8886641126398388,6.2324480165505225,9.952101172979999,True,False,False,False,False,False
47,6.548792989998894,0.0,3067,6.382521258497842,0,0,0,0,0,0,0,0.3902922829787633,3.828641396489095,9.223228522439266,False,False,False,True,False,False
31,6.867802716726857,80.0,3067,6.382521258497842,0,0,0,0,0,0,0,2.3417536978725795,7.282761179605593,10.247413858283657,False,False,False,True,False,False
51,6.817997843734242,85.18675721561969,2188,6.320059610463039,0,0,0,0,0,0,0,0.8886641126398388,11.191824482973002,10.157720743143416,True,False,False,False,False,False
34,6.894164257864038,66.10169491525424,1572,6.528145312958054,0,0,0,0,0,0,0,0.7649875126495325,7.504391559161238,10.424283202600682,False,False,False,False,True,False
27,6.845532650796314,85.28341133645347,3549,6.881313711751069,0,0,0,0,0,0,0,0.7555541757959876,11.116246644142683,10.403572955571182,False,False,False,False,False,True
42,6.867802716726857,76.0,3067,6.382521258497842,0,0,0,0,0,0,0,0.3902922829787633,7.547501682814967,10.247413858283657,False,False,False,True,False,False
35,6.662948251583755,0.0,2188,6.320059610463039,0,0,0,0,0,0,0,0.8886641126398388,4.709530201312334,10.093243666143405,True,False,False,False,False,False
49,6.679200684224964,55.55555555555556,1572,6.528145312958054,0,0,0,0,0,0,0,0.38249375632476623,7.368970402194793,10.21333101023266,False,False,False,False,True,False
23,6.520298048758645,77.95275590551181,1572,6.528145312958054,0,0,0,0,0,0,0,0.38249375632476623,8.554874258383926,10.041195584595279,False,False,False,False,True,False
24,6.7730536600892846,73.080204778157,1572,6.528145312958054,0,0,0,0,0,0,0,2.294962537948597,11.016988453697989,10.362179867450322,False,False,False,False,True,False
13,6.924598873655787,83.11923583662714,3549,6.881313711751069,0,0,0,0,0,0,0,0.31965753591368706,12.339011362557207,10.517511956830722,False,False,False,False,False,True
35,6.662948251583755,66.66666666666666,1572,6.528145312958054,0,0,0,0,0,0,0,1.529975025299065,5.214935757608986,10.093243666143405,False,False,False,False,True,False
28,6.4196857509510235,70.2127659574468,3067,6.382521258497842,0,0,0,0,0,0,0,0.3902922829787633,7.982757702011113,9.462855822268324,False,False,False,True,False,False
13,6.878774120101251,80.0,3549,6.881313711751069,0,0,0,0,0,0,0,0.7555541757959876,9.067162602299854,10.713955722255525,False,False,False,False,False,True
34,6.666384269016459,0.0,3067,6.382521258497842,0,0,0,0,0,0,0,0.3902922829787633,3.8501476017100584,10.052460850663467,False,False,False,True,False,False
22,6.759206837830128,80.42553191489363,3067,6.382521258497842,0,0,0,0,0,0,0,0.3902922829787633,8.63994165667529,10.264647598275795,False,False,False,True,False,False
10,6.22747829422649,100.0,2188,6.320059610463039,0,0,0,0,0,0,0,0.8886641126398388,5.159055299214529,8.715280860702519,True,False,False,False,False,False
64,6.843501468948183,58.333333333333336,2188,6.320059610463039,0,0,0,0,0,0,0,0.8886641126398388,6.625392368007956,10.073300708025029,True,False,False,False,False,False
13,6.755039400968009,80.23255813953489,3067,6.382521258497842,0,0,0,0,0,0,0,1.1708768489362897,9.850930301797453,10.247191551804496,False,False,False,True,False,False
30,6.794607080130419,0.0,2188,6.320059610463039,0,0,0,0,0,0,0,0.8886641126398388,4.927253685157205,9.797980786126336,True,False,False,False,False,False
33,6.89685613347767,80.90010976948409,2188,6.320059610463039,0,0,0,0,0,0,0,0.8886641126398388,9.82800941136017,10.735563021739752,True,False,False,False,False,False
36,6.56832141712291,85.71428571428571,3549,6.881313711751069,0,0,0,0,0,0,0,0.7555541757959876,5.429345628954441,10.082994289262082,False,False,False,False,False,True
19,6.928082740748006,82.47595148473442,3549,6.881313711751069,0,0,0,0,0,0,0,0.6974346238116809,10.971846798033217,10.516390885915971,False,False,False,False,False,True
22,6.195191110040243,50.0,3067,6.382521258497842,0,0,0,0,0,0,0,1.5611691319150531,6.214608098422191,7.8686083776014435,False,False,False,True,False,False
39,6.754497497170826,75.0,1572,6.528145312958054,0,0,0,0,0,0,0,0.38249375632476623,5.480638923341991,10.18807018815285,False,False,False,False,True,False
45,6.775421225450796,0.0,2188,6.320059610463039,0,0,0,0,0,0,0,0.8886641126398388,6.88653164253051,10.449561475376813,True,False,False,False,False,False
36,6.754818962416433,57.692307692307686,3549,6.881313711751069,0,0,0,0,0,0,0,1.4529887996076685,7.112327444710911,10.53249559764114,False,False,False,False,False,True
22,6.113364449933685,0.0,3549,6.881313711751069,0,0,0,0,0,0,0,0.7555541757959876,4.189654742026425,7.448698102505513,False,False,False,False,False,True
7,6.5004185244497705,0.0,3549,6.881313711751069,0,0,0,0,0,0,0,0.7555541757959876,7.967973179662935,9.91128039696677,False,False,False,False,False,True
16,5.879225467208256,71.42857142857143,447,5.588299776286353,0,0,0,0,0,0,0,0.9078461025802542,6.025865973825314,8.024343613012375,False,True,False,False,False,False
19,6.195191110040243,65.85365853658537,3067,6.382521258497842,0,0,0,0,0,0,0,0.3902922829787633,7.56164174558878,7.8686083776014435,False,False,False,True,False,False
65,6.852165520065444,64.16382252559727,2188,6.320059610463039,0,0,0,0,0,0,0,0.8886641126398388,8.77940359789435,10.332975724480017,True,False,False,False,False,False
14,6.644427954689881,76.19047619047619,2188,6.320059610463039,0,0,0,0,0,0,0,0.8886641126398388,7.942362237674335,10.127006476019027,True,False,False,False,False,False
12,6.788310729601363,0.0,1572,6.528145312958054,0,0,0,0,0,0,0,0.38249375632476623,4.574710978503383,9.914078482087426,False,False,False,False,True,False
26,6.847906623403739,83.43085106382979,3549,6.881313711751069,0,0,0,0,0,0,0,0.3777770878979938,12.615805301356009,10.61081582720618,False,False,False,False,False,True
10,6.87869123882592,76.47058823529412,1572,6.528145312958054,0,0,0,0,0,0,0,0.38249375632476623,7.062191632286556,10.102764232722187,False,False,False,False,True,False
20,6.845607708753538,50.0,3549,6.881313711751069,0,0,0,0,0,0,0,1.4529887996076685,5.393627546352362,10.237295762974721,False,False,False,False,False,True
18,6.504221438092777,0.0,3549,6.881313711751069,0,0,0,0,0,0,0,0.35959152870240046,2.995732273553991,9.592572249461268,False,False,False,False,False,True
45,6.8807167204273005,72.3404255319149,1572,6.528145312958054,0,0,0,0,0,0,0,0.38249375632476623,7.471363088187097,10.402450445109578,False,False,False,False,True,False
30,6.665993815600843,50.0,1572,6.528145312958054,0,0,0,0,0,0,0,0.7649875126495325,4.890349128221754,10.055965715672183,False,False,False,False,True,False
32,6.880608609282059,74.36974789915966,3549,6.881313711751069,0,0,0,0,0,0,0,0.7264943998038342,8.556221578383715,10.37627619549733,False,False,False,False,False,True
9,5.659166666666667,85.71428571428571,2188,6.320059610463039,0,0,0,0,0,0,0,0.8886641126398388,6.413458957167357,6.188948351641614,True,False,False,False,False,False
21,6.740676724722819,50.0,3067,6.382521258497842,0,0,0,0,0,0,0,1.1708768489362897,5.796057750765372,10.145928508336231,False,False,False,True,False,False
22,6.885598857088164,85.22727272727273,3067,6.382521258497842,0,0,0,0,0,0,0,1.5611691319150531,7.826044013518965,10.50889553109574,False,False,False,True,False,False
27,6.786000370687271,50.0,1572,6.528145312958054,0,0,0,0,0,0,0,0.38249375632476623,4.51085950651685,9.939591632397473,False,False,False,False,True,False
33,6.662948251583755,0.0,610,5.665348780241979,0,0,0,0,0,0,0,1.706172766409985,4.624972813284271,10.093243666143405,False,False,True,False,False,False
31,6.819275224602869,78.4708249496982,3549,6.881313711751069,0,0,0,0,0,0,0,0.6974346238116809,9.56836440548421,10.398602416477328,False,False,False,False,False,True
38,6.671140218499566,50.0,2188,6.320059610463039,0,0,0,0,0,0,0,0.8886641126398388,5.236441962829949,9.763111410243045,True,False,False,False,False,False
17,6.541380536432849,50.0,1572,6.528145312958054,0,0,0,0,0,0,0,0.38249375632476623,4.143134726391533,9.795191746103242,False,False,False,False,True,False
27,6.195191110040243,66.66666666666666,3067,6.382521258497842,0,0,0,0,0,0,0,1.1708768489362897,5.225746673713202,7.8686083776014435,False,False,False,True,False,False
10,6.446069719328857,100.0,447,5.588299776286353,0,0,0,0,0,0,0,0.9078461025802542,4.653960350157523,10.123306184711458,False,True,False,False,False,False
35,6.916030310694199,80.27681660899654,3067,6.382521258497842,0,0,0,0,0,0,0,0.7805845659575266,11.136397606756661,10.709901796707909,False,False,False,True,False,False
34,6.7771287869600085,66.66666666666666,1572,6.528145312958054,0,0,0,0,0,0,0,0.38249375632476623,6.104793232414985,10.203130528171146,False,False,False,False,True,False
27,6.738572847556955,73.23943661971832,610,5.665348780241979,0,0,0,0,0,0,0,0.8272886501197902,9.173883834965567,10.406176714829902,False,False,True,False,False,False
34,6.92044320954752,82.82122905027933,610,5.665348780241979,0,0,0,0,0,0,0,3.5849174838524247,10.243453678411596,10.260882251706049,False,False,True,False,False,False
15,5.7918085106382975,0.0,610,5.665348780241979,0,0,0,0,0,0,0,0.13788144168663172,5.187385805840755,7.751630876729169,False,False,True,False,False,False
15,6.925113977863667,83.03425774877651,3549,6.881313711751069,0,0,0,0,0,0,0,0.34871731190584043,10.568312416091485,10.46173924597502,False,False,False,False,False,True
43,6.898891539766716,82.28291316526611,3067,6.382521258497842,0,0,0,0,0,0,0,5.073799678723923,10.60549536152827,10.556343321161869,False,False,False,True,False,False
13,6.86967255126828,63.63636363636363,3549,6.881313711751069,0,0,0,0,0,0,0,1.3076899196469016,5.993961427306569,10.518200330762806,False,False,False,False,False,True
42,6.828884411320277,0.0,2188,6.320059610463039,0,0,0,0,0,0,0,0.8886641126398388,5.303304908059076,10.470984869648605,True,False,False,False,False,False
11,6.110232844165658,82.35294117647058,447,5.588299776286353,0,0,0,0,0,0,0,0.9078461025802542,6.156978985585555,9.059811780007355,False,True,False,False,False,False
21,6.839343485500246,0.0,3067,6.382521258497842,0,0,0,0,0,0,0,0.3902922829787633,4.1588830833596715,10.27793933409923,False,False,False,True,False,False
27,6.868572948400319,83.46456692913385,2188,6.320059610463039,0,0,0,0,0,0,0,0.8886641126398388,8.847072312567807,10.00003020977695,True,False,False,False,False,False
18,6.289007148338809,100.0,2188,6.320059610463039,0,0,0,0,0,0,0,0.8886641126398388,5.003946305945459,7.921587131345857,True,False,False,False,False,False
14,6.827850625188941,0.0,2188,6.320059610463039,0,0,0,0,0,0,0,0.8886641126398388,4.204692619390966,9.960021534452826,True,False,False,False,False,False
18,5.879225467208256,70.05988023952095,447,5.588299776286353,0,0,0,0,0,0,0,0.9078461025802542,8.297792626380861,8.024343613012375,False,True,False,False,False,False
18,6.830302829409439,76.32183908045977,1572,6.528145312958054,0,0,0,0,0,0,0,1.1474812689742986,10.61026639832702,10.740008208297569,False,False,False,False,True,False
20,6.731627925235588,80.0,3549,6.881313711751069,0,0,0,0,0,0,0,0.7555541757959876,5.908082938168931,10.129263938904367,False,False,False,False,False,True
8,6.66056296418094,60.0,3549,6.881313711751069,0,0,0,0,0,0,0,0.3777770878979938,6.173786103901937,9.984628100365027,False,False,False,False,False,True
13,6.374060579146284,65.0,3067,6.382521258497842,0,0,0,0,0,0,0,1.1708768489362897,6.535241271013659,9.58895401364657,False,False,False,True,False,False
30,6.886319142907979,84.65157306674507,3549,6.881313711751069,0,0,0,0,0,0,0,0.7555541757959876,11.39634670388405,10.183715756641568,False,False,False,False,False,True
14,6.620900898420092,50.0,610,5.665348780241979,0,0,0,0,0,0,0,0.13788144168663172,5.4116460518550396,10.194773500063912,False,False,True,False,False,False
15,6.764465840959698,0.0,3549,6.881313711751069,0,0,0,0,0,0,0,0.35959152870240046,8.367764677924308,10.329557543516108,False,False,False,False,False,True
18,6.84281977134661,75.66539923954373,3067,6.382521258497842,0,0,0,0,0,0,0,1.1708768489362897,8.768263145371286,10.268640293324752,False,False,False,True,False,False
13,6.657777498633077,73.01038062283737,3067,6.382521258497842,0,0,0,0,0,0,0,0.3902922829787633,8.837971491357209,10.207815502941266,False,False,False,True,False,False
14,6.823146793508421,0.0,3549,6.881313711751069,0,0,0,0,0,0,0,0.7555541757959876,4.3694478524670215,10.27120685262779,False,False,False,False,False,True
33,6.726881389735055,66.66666666666666,3549,6.881313711751069,0,0,0,0,0,0,0,1.4820485755998218,6.523562306149512,9.920300326844044,False,False,False,False,False,True
22,6.2680555955337915,100.0,447,5.588299776286353,0,0,0,0,0,0,0,0.9078461025802542,4.543294782270004,9.017138872834964,False,True,False,False,False,False
12,5.879225467208256,80.0,447,5.588299776286353,0,0,0,0,0,0,0,0.9078461025802542,5.337538079701318,8.024343613012375,False,True,False,False,False,False
7,6.831725682510775,77.77777777777779,3067,6.382521258497842,0,0,0,0,0,0,0,3.1223382638301063,8.734238184268579,10.293546054911756,False,False,False,True,False,False
21,6.832490205670767,67.56756756756756,3549,6.881313711751069,0,0,0,0,0,0,0,1.4820485755998218,7.552237287560802,10.384090491107616,False,False,False,False,False,True
22,6.22747829422649,0.0,2188,6.320059610463039,0,0,0,0,0,0,0,0.8886641126398388,3.828641396489095,8.715280860702519,True,False,False,False,False,False
45,6.20715799971213,77.00729927007299,3067,6.382521258497842,0,0,0,0,0,0,0,0.3902922829787633,9.52134826973146,9.847465822742766,False,False,False,True,False,False
31,6.195191110040243,87.5,3067,6.382521258497842,0,0,0,0,0,0,0,0.7805845659575266,7.0431599159883405,7.8686083776014435,False,False,False,True,False,False
20,6.677693639525605,82.02247191011236,2188,6.320059610463039,0,0,0,0,0,0,0,0.8886641126398388,7.881559917056899,9.328032216867232,True,False,False,False,False,False
43,6.884760122793571,83.7917485265226,2188,6.320059610463039,0,0,0,0,0,0,0,0.8886641126398388,11.252910438880114,10.547422369946675,True,False,False,False,False,False
43,6.824281949276691,68.89460154241645,3067,6.382521258497842,0,0,0,0,0,0,0,0.7805845659575266,9.954370762850697,10.120278373782119,False,False,False,True,False,False
55,6.744524531479761,72.0,610,5.665348780241979,0,0,0,0,0,0,0,0.13788144168663172,7.207118856207756,10.225216783767557,False,False,True,False,False,False
42,6.62799810652082,79.2749658002736,2188,6.320059610463039,0,0,0,0,0,0,0,0.8886641126398388,10.518321778536663,9.876168534673917,True,False,False,False,False,False
31,6.812269569012642,78.87323943661971,3549,6.881313711751069,0,0,0,0,0,0,0,0.34871731190584043,8.303752415563412,10.29649009916797,False,False,False,False,False,True
45,6.901319301374479,72.0,3067,6.382521258497842,0,0,0,0,0,0,0,0.7805845659575266,7.720461694599722,10.400717469208844,False,False,False,True,False,False
4,5.775788441476067,0.0,2188,6.320059610463039,0,0,0,0,0,0,0,0.8886641126398388,3.784189633918261,8.653460843742746,True,False,False,False,False,False
23,6.772409865396259,0.0,3549,6.881313711751069,0,0,0,0,0,0,0,0.7555541757959876,4.51085950651685,9.86904896085482,False,False,False,False,False,True
36,6.786975454264241,72.75064267352185,1572,6.528145312958054,0,0,0,0,0,0,0,0.38249375632476623,10.562017408074379,10.224166822188002,False,False,False,False,True,False
11,6.815843775404242,82.2977481234362,3549,6.881313711751069,0,0,0,0,0,0,0,0.34871731190584043,12.616057524070001,10.514901325635828,False,False,False,False,False,True
27,6.58558055977916,0.0,2188,6.320059610463039,0,0,0,0,0,0,0,0.8886641126398388,3.7376696182833684,9.56895283095515,True,False,False,False,False,False
15,6.662948251583755,72.72727272727273,3549,6.881313711751069,0,0,0,0,0,0,0,4.1264881908857785,7.443078374348516,10.093243666143405,False,False,False,False,False,True
32,6.613380744387155,0.0,3067,6.382521258497842,0,0,0,0,0,0,0,0.3902922829787633,3.7376696182833684,9.863385669970391,False,False,False,True,False,False
27,6.698173061212458,50.0,3067,6.382521258497842,0,0,0,0,0,0,0,0.3902922829787633,4.418840607796598,10.55722399766148,False,False,False,True,False,False
14,6.604052540744851,73.33333333333333,3067,6.382521258497842,0,0,0,0,0,0,0,0.3902922829787633,6.100318952020064,10.114427741028656,False,False,False,True,False,False
41,6.777925656471416,76.54921020656136,1572,6.528145312958054,0,0,0,0,0,0,0,0.38249375632476623,10.190469379873516,10.358720806111029,False,False,False,False,True,False
37,6.928564588860844,85.54572271386431,2188,6.320059610463039,0,0,0,0,0,0,0,0.8886641126398388,10.025705185260378,10.626618436990437,True,False,False,False,False,False
9,6.195191110040243,71.875,3067,6.382521258497842,0,0,0,0,0,0,0,0.7805845659575266,7.049254841255837,7.8686083776014435,False,False,False,True,False,False
19,6.810042529424079,82.95566502463055,2188,6.320059610463039,0,0,0,0,0,0,0,0.8886641126398388,10.24491179343424,10.047568209938474,True,False,False,False,False,False
17,6.687391891109108,81.83748311136846,3549,6.881313711751069,0,0,0,0,0,0,0,0.34871731190584043,12.791111093095617,10.299693967429706,False,False,False,False,False,True
20,6.767541224610549,78.28947368421053,1572,6.528145312958054,0,0,0,0,0,0,0,0.7649875126495325,8.987196820661973,10.355922751208103,False,False,False,False,True,False
27,6.270257490704965,77.5,1572,6.528145312958054,0,0,0,0,0,0,0,0.38249375632476623,8.444407421690585,8.471450016819338,False,False,False,False,True,False
33,6.6934802647434,72.86689419795222,610,5.665348780241979,0,0,0,0,0,0,0,0.13788144168663172,9.601503695373488,9.704945179459122,False,False,True,False,False,False
13,6.939436198728593,79.66616084977238,3067,6.382521258497842,0,0,0,0,0,0,0,1.1708768489362897,9.627536402960045,10.362492847558967,False,False,False,True,False,False
47,6.76190235492579,74.43181818181817,1572,6.528145312958054,0,0,0,0,0,0,0,0.38249375632476623,8.866158492284917,10.457939381915788,False,False,False,False,True,False
35,6.195191110040243,66.66666666666666,3067,6.382521258497842,0,0,0,0,0,0,0,0.7805845659575266,7.8582541821860294,7.8686083776014435,False,False,False,True,False,False
27,6.5004185244497705,0.0,3549,6.881313711751069,0,0,0,0,0,0,0,2.208542975403656,4.653960350157523,9.91128039696677,False,False,False,False,False,True
19,6.855023571108642,77.10437710437711,610,5.665348780241979,0,0,0,0,0,0,0,0.6894072084331586,9.774801544908083,10.579277778179469,False,False,True,False,False,False
23,6.833753984257306,37.5,2188,6.320059610463039,0,0,0,0,0,0,0,0.8886641126398388,5.998936561946683,10.457505514221607,True,False,False,False,False,False
17,6.647495153665344,69.56521739130434,3549,6.881313711751069,0,0,0,0,0,0,0,2.266662527387963,6.159095388491933,9.989194101566861,False,False,False,False,False,True
14,6.195191110040243,74.4186046511628,3067,6.382521258497842,0,0,0,0,0,0,0,0.7805845659575266,7.153833801578843,7.8686083776014435,False,False,False,True,False,False
38,6.824801994066727,78.51239669421489,3549,6.881313711751069,0,0,0,0,0,0,0,1.5111083515919752,7.875499292445208,10.278123912866667,False,False,False,False,False,True
48,6.66391737475365,77.63157894736842,2188,6.320059610463039,0,0,0,0,0,0,0,0.8886641126398388,7.587817219993427,9.799753131264394,True,False,False,False,False,False
16,6.78289753739322,81.32240745973439,3549,6.881313711751069,0,0,0,0,0,0,0,0.34871731190584043,11.461695326483039,10.584017114337277,False,False,False,False,False,True
30,6.7728198451635695,50.0,2188,6.320059610463039,0,0,0,0,0,0,0,0.8886641126398388,5.537334267018537,9.293585506586053,True,False,False,False,False,False
12,6.662948251583755,71.42857142857143,3549,6.881313711751069,0,0,0,0,0,0,0,1.8307658875056623,6.889591308354466,10.093243666143405,False,False,False,False,False,True
25,6.818032823249103,86.9281045751634,2188,6.320059610463039,0,0,0,0,0,0,0,0.8886641126398388,10.151986911112646,10.342475232675952,True,False,False,False,False,False
20,6.7720511464995905,66.66666666666666,3549,6.881313711751069,0,0,0,0,0,0,0,0.7555541757959876,5.8664680569332965,10.324648393136634,False,False,False,False,False,True
10,6.672477753139572,76.47058823529412,2188,6.320059610463039,0,0,0,0,0,0,0,0.8886641126398388,6.175867270105761,10.530756841205854,True,False,False,False,False,False
25,6.5004185244497705,0.0,3549,6.881313711751069,0,0,0,0,0,0,0,0.34871731190584043,5.017279836814924,9.91128039696677,False,False,False,False,False,True
42,6.7842301997157435,65.21739130434783,1572,6.528145312958054,0,0,0,0,0,0,0,0.38249375632476623,6.943122422819428,10.055566237327685,False,False,False,False,True,False
67,6.545649931970783,75.47169811320755,1572,6.528145312958054,0,0,0,0,0,0,0,0.38249375632476623,7.864419904994565,10.051536587524138,False,False,False,False,True,False
20,6.794834847205189,0.0,3067,6.382521258497842,0,0,0,0,0,0,0,0.3902922829787633,4.382026634673881,10.363411087812501,False,False,False,True,False,False
9,6.662948251583755,85.41062801932368,3549,6.881313711751069,0,0,0,0,0,0,0,0.34871731190584043,12.32797164342494,10.093243666143405,False,False,False,False,False,True
18,6.909549919210213,77.22222222222223,3067,6.382521258497842,0,0,0,0,0,0,0,0.7805845659575266,9.34862295977619,10.615502484650241,False,False,False,True,False,False
8,6.360718037569562,75.0,610,5.665348780241979,0,0,0,0,0,0,0,0.13788144168663172,7.622663951323595,9.945087337209394,False,False,True,False,False,False
59,6.5264888547538815,0.0,2188,6.320059610463039,0,0,0,0,0,0,0,0.8886641126398388,4.30406509320417,9.75745455496221,True,False,False,False,False,False
43,6.823146793508421,77.55102040816327,2188,6.320059610463039,0,0,0,0,0,0,0,0.8886641126398388,8.103191752285786,10.27120685262779,True,False,False,False,False,False
44,6.884515114191727,79.27461139896373,3067,6.382521258497842,0,0,0,0,0,0,0,0.3902922829787633,10.021181695352771,10.688339121578005,False,False,False,True,False,False
43,5.558589488847307,50.0,3067,6.382521258497842,0,0,0,0,0,0,0,0.3902922829787633,4.709530201312334,5.858417164315927,False,False,False,True,False,False
54,6.5004185244497705,80.43478260869566,1572,6.528145312958054,0,0,0,0,0,0,0,1.1474812689742986,8.613593685702552,9.91128039696677,False,False,False,False,True,False
44,6.22747829422649,68.75,2188,6.320059610463039,0,0,0,0,0,0,0,0.8886641126398388,7.063903961472068,8.715280860702519,True,False,False,False,False,False
14,6.604842707205482,77.5,3549,6.881313711751069,0,0,0,0,0,0,0,0.3777770878979938,8.526549286340263,9.94521695986674,False,False,False,False,False,True
20,6.704816919511941,60.97560975609756,3549,6.881313711751069,0,0,0,0,0,0,0,2.7316189432624167,6.990256500493881,10.173772038987034,False,False,False,False,False,True
14,6.5004185244497705,50.0,2188,6.320059610463039,0,0,0,0,0,0,0,0.8886641126398388,4.919980925828125,9.91128039696677,True,False,False,False,False,False
30,6.68939607652329,80.0,1572,6.528145312958054,0,0,0,0,0,0,0,0.38249375632476623,6.037870919922137,9.743355927648611,False,False,False,False,True,False
17,6.789712189567077,80.85867620751341,3549,6.881313711751069,0,0,0,0,0,0,0,0.7555541757959876,9.646787217693076,10.269795630301212,False,False,False,False,False,True
28,6.7386854344927904,81.37931034482759,3067,6.382521258497842,0,0,0,0,0,0,0,0.3902922829787633,8.204398418149381,10.145869480287827,False,False,False,True,False,False
26,6.295993024103089,0.0,2188,6.320059610463039,0,0,0,0,0,0,0,0.8886641126398388,3.970291913552122,7.827680491919387,True,False,False,False,False,False
6,6.195191110040243,66.66666666666666,3067,6.382521258497842,0,0,0,0,0,0,0,0.7805845659575266,6.573680166960646,7.8686083776014435,False,False,False,True,False,False
46,6.818850027557036,75.51020408163265,2188,6.320059610463039,0,0,0,0,0,0,0,0.8886641126398388,7.463363045520021,10.401186759828693,True,False,False,False,False,False
9,6.873205160812818,76.08200455580865,3549,6.881313711751069,0,0,0,0,0,0,0,0.9299128317489078,9.07371849443322,10.191215983206497,False,False,False,False,False,True
8,6.427690326839088,70.45454545454545,3067,6.382521258497842,0,0,0,0,0,0,0,0.7805845659575266,8.400209835930418,9.783002990437407,False,False,False,True,False,False
11,6.90836132184995,78.0952380952381,3549,6.881313711751069,0,0,0,0,0,0,0,0.34871731190584043,8.648747631156539,10.411816628758986,False,False,False,False,False,True
15,6.5004185244497705,79.59183673469387,3549,6.881313711751069,0,0,0,0,0,0,0,0.7555541757959876,7.242797922793756,9.91128039696677,False,False,False,False,False,True
15,6.882103182024544,84.78354978354979,3549,6.881313711751069,0,0,0,0,0,0,0,0.6974346238116809,12.834363921258339,10.564183513980916,False,False,False,False,False,True
11,6.92343943356571,85.64558788170234,3549,6.881313711751069,0,0,0,0,0,0,0,0.7264943998038342,11.97390096300596,10.245193725116032,False,False,False,False,False,True
25,6.949484610218818,0.0,2188,6.320059610463039,0,0,0,0,0,0,0,0.8886641126398388,4.189654742026425,10.607502162899086,True,False,False,False,False,False
14,6.20715799971213,100.0,2188,6.320059610463039,0,0,0,0,0,0,0,0.8886641126398388,4.290459441148391,9.847465822742766,True,False,False,False,False,False
17,6.818504430229769,79.87616099071208,3549,6.881313711751069,0,0,0,0,0,0,0,0.34871731190584043,10.231423458135055,10.5441915157358,False,False,False,False,False,True
15,6.822369666044151,84.09542743538768,2188,6.320059610463039,0,0,0,0,0,0,0,0.8886641126398388,10.145845322774143,10.19354510551492,True,False,False,False,False,False
23,6.829940793551526,79.21440261865794,3549,6.881313711751069,0,0,0,0,0,0,0,0.7555541757959876,9.978177498167572,10.6599636855664,False,False,False,False,False,True
29,6.891417907797165,42.857142857142854,1572,6.528145312958054,0,0,0,0,0,0,0,1.1474812689742986,8.272059622210412,10.475275318192313,False,False,False,False,True,False
52,6.794607080130419,0.0,1572,6.528145312958054,0,0,0,0,0,0,0,0.38249375632476623,4.174387269895637,9.797980786126336,False,False,False,False,True,False
28,6.823696150302719,83.33333333333334,2188,6.320059610463039,0,0,0,0,0,0,0,0.8886641126398388,5.723585101952381,10.525912686799506,True,False,False,False,False,False
18,6.780595148016227,0.0,2188,6.320059610463039,0,0,0,0,0,0,0,0.8886641126398388,4.74493212836325,10.075392106597004,True,False,False,False,False,False
24,6.854123792605303,71.73913043478261,2188,6.320059610463039,0,0,0,0,0,0,0,0.8886641126398388,8.042056410058754,10.433667606671134,True,False,False,False,False,False
46,6.8700913908694865,82.61367978601452,2188,6.320059610463039,0,0,0,0,0,0,0,0.8886641126398388,11.108290012602541,10.540845522878904,True,False,False,False,False,False
20,6.295993024103089,60.0,3549,6.881313711751069,0,0,0,0,0,0,0,5.2307596785876065,4.976733742420574,7.827680491919387,False,False,False,False,False,True
13,6.742301173298169,80.76923076923077,3549,6.881313711751069,0,0,0,0,0,0,0,1.5111083515919752,8.034631032923107,10.171466586021008,False,False,False,False,False,True
31,6.786000370687271,70.9090909090909,3067,6.382521258497842,0,0,0,0,0,0,0,1.1708768489362897,7.3833681469923835,9.939591632397473,False,False,False,True,False,False
19,6.5004185244497705,100.0,610,5.665348780241979,0,0,0,0,0,0,0,0.13788144168663172,3.6635616461296463,9.91128039696677,False,False,True,False,False,False
30,6.93983680999547,79.75308641975309,2188,6.320059610463039,0,0,0,0,0,0,0,0.8886641126398388,8.868131713503033,10.469545939405089,True,False,False,False,False,False
27,6.868724819918593,76.56916514320537,3067,6.382521258497842,0,0,0,0,0,0,0,0.7805845659575266,11.20947979733897,10.659571328191142,False,False,False,True,False,False
36,6.626533453023366,0.0,3549,6.881313711751069,0,0,0,0,0,0,0,1.5111083515919752,3.58351893845611,9.563059716451976,False,False,False,False,False,True
34,6.786975454264241,74.90644948272067,2188,6.320059610463039,0,0,0,0,0,0,0,0.8886641126398388,11.20168813289691,10.224166822188002,True,False,False,False,False,False
18,6.829940793551526,76.6109785202864,3067,6.382521258497842,0,0,0,0,0,0,0,1.5611691319150531,9.307467082706905,10.6599636855664,False,False,False,True,False,False
37,6.195191110040243,75.0,3067,6.382521258497842,0,0,0,0,0,0,0,0.3902922829787633,5.552959584921617,7.8686083776014435,False,False,False,True,False,False
21,6.657777498633077,74.962852897474,3067,6.382521258497842,0,0,0,0,0,0,0,0.7805845659575266,10.095099156237175,10.207815502941266,False,False,False,True,False,False
25,6.110232844165658,50.0,447,5.588299776286353,0,0,0,0,0,0,0,1.8156922051605084,5.493061443340548,9.059811780007355,False,True,False,False,False,False
21,6.885625457752329,0.0,2188,6.320059610463039,0,0,0,0,0,0,0,0.8886641126398388,4.955827057601261,10.465425245378393,True,False,False,False,False,False
94,6.510263751421897,71.55756207674943,610,5.665348780241979,0,0,0,0,0,0,0,0.13788144168663172,9.848767340335895,9.93043086016947,False,False,True,False,False,False
52,6.164566264410774,56.81818181818182,3067,6.382521258497842,0,0,0,0,0,0,0,1.1708768489362897,7.756195343948118,8.390577965008806,False,False,False,True,False,False
18,6.869497280859013,78.69767441860465,3549,6.881313711751069,0,0,0,0,0,0,0,0.3777770878979938,10.135630487647138,10.534651884839528,False,False,False,False,False,True
5,6.886663041849979,81.25,2188,6.320059610463039,0,0,0,0,0,0,0,0.8886641126398388,7.789868559054706,10.445537173369958,True,False,False,False,False,False
60,6.74986407137829,71.35416666666666,1572,6.528145312958054,0,0,0,0,0,0,0,0.38249375632476623,9.080345575359996,10.440940805566955,False,False,False,False,True,False
13,6.829100575762723,82.41758241758241,610,5.665348780241979,0,0,0,0,0,0,0,0.13788144168663172,7.772331575169614,10.865110774579836,False,False,True,False,False,False
10,6.855944669483427,83.91472868217055,3549,6.881313711751069,0,0,0,0,0,0,0,0.34871731190584043,11.832186143146664,10.506955325331703,False,False,False,False,False,True
31,6.22747829422649,50.0,2188,6.320059610463039,0,0,0,0,0,0,0,0.8886641126398388,4.875197323201151,8.715280860702519,True,False,False,False,False,False
11,6.6725494253734485,79.36078006500541,3549,6.881313711751069,0,0,0,0,0,0,0,0.3777770878979938,11.126041650398415,10.114947136693601,False,False,False,False,False,True
10,6.195191110040243,48.93617021276596,3067,6.382521258497842,0,0,0,0,0,0,0,1.1708768489362897,7.061334366910438,7.8686083776014435,False,False,False,True,False,False
32,6.84073948827224,0.0,3549,6.881313711751069,0,0,0,0,0,0,0,0.35959152870240046,8.29853954537488,10.224385977612846,False,False,False,False,False,True
18,6.5004185244497705,79.14831130690162,610,5.665348780241979,0,0,0,0,0,0,0,0.13788144168663172,9.534595424658804,9.91128039696677,False,False,True,False,False,False
16,5.7918085106382975,50.0,1572,6.528145312958054,0,0,0,0,0,0,0,0.38249375632476623,5.5909869805108565,7.751630876729169,False,False,False,False,True,False
15,6.840850632094109,75.90361445783132,3549,6.881313711751069,0,0,0,0,0,0,0,0.6974346238116809,8.955706153570603,10.611601948919969,False,False,False,False,False,True
13,5.879225467208256,68.0,447,5.588299776286353,0,0,0,0,0,0,0,0.9078461025802542,6.579251212010101,8.024343613012375,False,True,False,False,False,False
30,6.195191110040243,63.26530612244898,3067,6.382521258497842,0,0,0,0,0,0,0,0.3902922829787633,7.805474625270857,7.8686083776014435,False,False,False,True,False,False
26,6.891816304527772,85.48181818181818,3549,6.881313711751069,0,0,0,0,0,0,0,0.6974346238116809,12.848915516180371,10.488023255417007,False,False,False,False,False,True
17,6.22747829422649,0.0,2188,6.320059610463039,0,0,0,0,0,0,0,0.8886641126398388,5.713732805509369,8.715280860702519,True,False,False,False,False,False
31,6.673212468119849,80.67700987306064,3549,6.881313711751069,0,0,0,0,0,0,0,0.34871731190584043,10.962093486181855,10.286423858136063,False,False,False,False,False,True
41,6.5264888547538815,0.0,2188,6.320059610463039,0,0,0,0,0,0,0,0.8886641126398388,4.454347296253507,9.75745455496221,True,False,False,False,False,False
31,6.715311595606283,69.56521739130434,610,5.665348780241979,0,0,0,0,0,0,0,0.13788144168663172,7.542213463193403,10.037615527530173,False,False,True,False,False,False
18,6.863908046786232,66.66666666666666,3549,6.881313711751069,0,0,0,0,0,0,0,1.1333312636939814,6.486160788944089,10.312909684071684,False,False,False,False,False,True
36,6.153171904926564,61.29032258064516,3067,6.382521258497842,0,0,0,0,0,0,0,0.7805845659575266,7.444833273892193,8.19139039754028,False,False,False,True,False,False
36,6.640698109965129,50.0,1572,6.528145312958054,0,0,0,0,0,0,0,0.38249375632476623,4.700480365792417,10.314177554377048,False,False,False,False,True,False
18,6.786000370687271,56.25,3549,6.881313711751069,0,0,0,0,0,0,0,1.4820485755998218,6.967909201801884,9.939591632397473,False,False,False,False,False,True
6,5.558589488847307,0.0,3549,6.881313711751069,0,0,0,0,0,0,0,0.7555541757959876,4.997212273764115,5.858417164315927,False,False,False,False,False,True
15,6.775421225450796,0.0,610,5.665348780241979,0,0,0,0,0,0,0,3.447036042165793,3.5553480614894135,10.449561475376813,False,False,True,False,False,False
14,6.844958269434055,80.33898305084746,3549,6.881313711751069,0,0,0,0,0,0,0,1.336749695639055,8.924789360533357,9.979304294970351,False,False,False,False,False,True
35,6.866382174457917,80.21052631578948,3549,6.881313711751069,0,0,0,0,0,0,0,0.7555541757959876,9.492959650085501,10.204215420543385,False,False,False,False,False,True
13,6.881411982126464,0.0,3549,6.881313711751069,0,0,0,0,0,0,0,0.34871731190584043,11.320953492344099,10.5146780909202,False,False,False,False,False,True
20,6.836277023693221,71.17647058823529,3549,6.881313711751069,0,0,0,0,0,0,0,0.6393150718273741,8.516392871245468,10.361353905563771,False,False,False,False,False,True
17,6.4552094280772,62.5,3067,6.382521258497842,0,0,0,0,0,0,0,1.1708768489362897,8.0959035329611,9.987816426365548,False,False,False,True,False,False
44,6.728879252982257,68.27586206896552,1572,6.528145312958054,0,0,0,0,0,0,0,0.38249375632476623,8.45126704130007,10.092995148114731,False,False,False,False,True,False
9,6.925007357097154,77.77777777777779,3067,6.382521258497842,0,0,0,0,0,0,0,0.3902922829787633,6.728628613084702,10.493978613557319,False,False,False,True,False,False
43,6.195191110040243,51.42857142857142,3067,6.382521258497842,0,0,0,0,0,0,0,0.3902922829787633,7.189922170745808,7.8686083776014435,False,False,False,True,False,False
36,6.861400697760774,44.44444444444444,2188,6.320059610463039,0,0,0,0,0,0,0,0.8886641126398388,7.8156105320351905,10.110620161027823,True,False,False,False,False,False
31,7.087491088910527,82.96432964329642,2188,6.320059610463039,0,0,0,0,0,0,0,0.8886641126398388,11.548302261270587,11.001143736636351,True,False,False,False,False,False
20,5.879225467208256,66.66666666666666,447,5.588299776286353,0,0,0,0,0,0,0,0.9078461025802542,4.844187086458591,8.024343613012375,False,True,False,False,False,False
62,6.620949893864058,42.857142857142854,2188,6.320059610463039,0,0,0,0,0,0,0,0.8886641126398388,6.558197802812269,9.820537328349257,True,False,False,False,False,False
11,6.40169871215857,80.0,3549,6.881313711751069,0,0,0,0,0,0,0,0.34871731190584043,6.720220155135295,9.324495915651033,False,False,False,False,False,True
8,6.921574720175078,80.03300330033002,3549,6.881313711751069,0,0,0,0,0,0,0,0.3777770878979938,9.726631035173233,10.637392775333703,False,False,False,False,False,True
72,6.530004759786913,50.0,610,5.665348780241979,0,0,0,0,0,0,0,0.13788144168663172,5.1298987149230735,9.769799840470803,False,False,True,False,False,False
14,6.912246921981804,85.24590163934425,3549,6.881313711751069,0,0,0,0,0,0,0,0.6974346238116809,8.529911963824013,10.309042582602713,False,False,False,False,False,True
16,6.195191110040243,71.50537634408603,3067,6.382521258497842,0,0,0,0,0,0,0,0.7805845659575266,8.950792138768174,7.8686083776014435,False,False,False,True,False,False
11,6.671140218499566,76.33587786259542,3549,6.881313711751069,0,0,0,0,0,0,0,0.34871731190584043,9.616205400105674,9.763111410243045,False,False,False,False,False,True
22,6.5004185244497705,0.0,1572,6.528145312958054,0,0,0,0,0,0,0,3.442443806922896,4.795790545596741,9.91128039696677,False,False,False,False,True,False
52,6.809281649391791,0.0,2188,6.320059610463039,0,0,0,0,0,0,0,0.8886641126398388,4.5217885770490405,10.332892429531798,True,False,False,False,False,False
38,6.8619586988913,79.3103448275862,3067,6.382521258497842,0,0,0,0,0,0,0,2.3417536978725795,6.821107472256465,10.347901815893529,False,False,False,True,False,False
10,6.555621413678604,70.0,3549,6.881313711751069,0,0,0,0,0,0,0,8.601693693677397,6.580639137284949,9.490725716753616,False,False,False,False,False,True
18,6.195191110040243,60.526315789473685,3067,6.382521258497842,0,0,0,0,0,0,0,0.7805845659575266,7.076653815443951,7.8686083776014435,False,False,False,True,False,False
33,6.751071611686139,59.523809523809526,610,5.665348780241979,0,0,0,0,0,0,0,0.5515257667465269,7.584773077612199,10.368851881522286,False,False,True,False,False,False
17,6.5004185244497705,100.0,610,5.665348780241979,0,0,0,0,0,0,0,0.13788144168663172,4.174387269895637,9.91128039696677,False,False,True,False,False,False
13,5.558589488847307,0.0,3549,6.881313711751069,0,0,0,0,0,0,0,1.5111083515919752,4.2626798770413155,5.858417164315927,False,False,False,False,False,True
30,6.764465840959698,50.0,2188,6.320059610463039,0,0,0,0,0,0,0,0.8886641126398388,5.298317366548036,10.329557543516108,True,False,False,False,False,False
40,6.861580289532,76.92307692307693,3067,6.382521258497842,0,0,0,0,0,0,0,0.3902922829787633,5.998936561946683,10.265143799776233,False,False,False,True,False,False
13,6.604842707205482,0.0,3549,6.881313711751069,0,0,0,0,0,0,0,0.3777770878979938,10.620009404412524,9.94521695986674,False,False,False,False,False,True
10,6.807816301526198,77.5,3067,6.382521258497842,0,0,0,0,0,0,0,0.3902922829787633,7.884576510596324,10.199257519424267,False,False,False,True,False,False
11,6.51386116769379,75.0,3067,6.382521258497842,0,0,0,0,0,0,0,0.3902922829787633,6.740519359606223,9.665011696915512,False,False,False,True,False,False
14,6.882013906344811,82.78145695364239,3549,6.881313711751069,0,0,0,0,0,0,0,0.3777770878979938,11.384398671280563,10.47833677644045,False,False,False,False,False,True
36,6.845532650796314,54.166666666666664,610,5.665348780241979,0,0,0,0,0,0,0,0.4136443250598951,7.298445101508147,10.403572955571182,False,False,True,False,False,False
48,6.5004185244497705,68.88888888888889,1572,6.528145312958054,0,0,0,0,0,0,0,1.1474812689742986,7.144407180321139,9.91128039696677,False,False,False,False,True,False
12,5.817807413381953,0.0,2188,6.320059610463039,0,0,0,0,0,0,0,0.8886641126398388,3.970291913552122,9.466174682164501,True,False,False,False,False,False
26,6.2467029592772985,61.64383561643836,3067,6.382521258497842,0,0,0,0,0,0,0,0.7805845659575266,8.209852481301272,9.657145167764883,False,False,False,True,False,False
69,6.411338909838561,100.0,610,5.665348780241979,0,0,0,0,0,0,0,0.27576288337326343,4.330733340286331,9.627407971042903,False,False,True,False,False,False
29,6.335340516815215,100.0,447,5.588299776286353,0,0,0,0,0,0,0,0.9078461025802542,4.0943445622221,9.321823180451121,False,True,False,False,False,False
7,6.5004185244497705,0.0,3549,6.881313711751069,0,0,0,0,0,0,0,1.6273474555605887,5.407171771460119,9.91128039696677,False,False,False,False,False,True
9,5.775788441476067,100.0,447,5.588299776286353,0,0,0,0,0,0,0,0.9078461025802542,4.394449154672439,8.653460843742746,False,True,False,False,False,False
25,6.671140218499566,68.07727690892365,1572,6.528145312958054,0,0,0,0,0,0,0,2.6774562942733633,10.490079059076491,9.763111410243045,False,False,False,False,True,False
11,6.662948251583755,0.0,3549,6.881313711751069,0,0,0,0,0,0,0,0.3777770878979938,4.060443010546419,10.093243666143405,False,False,False,False,False,True
24,6.862374535968757,78.33675564681725,3549,6.881313711751069,0,0,0,0,0,0,0,0.8427335037724477,9.863186255762603,10.233896761384662,False,False,False,False,False,True
24,6.865855695491454,78.95500725689405,3067,6.382521258497842,0,0,0,0,0,0,0,2.3417536978725795,10.107407508882579,10.543368565200243,False,False,False,True,False,False
16,6.5004185244497705,75.0,3549,6.881313711751069,0,0,0,0,0,0,0,0.7555541757959876,7.098375638590786,9.91128039696677,False,False,False,False,False,True
35,6.210994540743939,70.94594594594594,3067,6.382521258497842,0,0,0,0,0,0,0,0.3902922829787633,8.181720455128108,9.75771043532434,False,False,False,True,False,False
24,6.962424008119456,71.81818181818181,3549,6.881313711751069,0,0,0,0,0,0,0,0.5811955198430674,7.957527402230773,10.27410002589116,False,False,False,False,False,True
13,6.6222179777463115,69.6969696969697,3067,6.382521258497842,0,0,0,0,0,0,0,0.3902922829787633,7.340186835320115,10.204529627404957,False,False,False,True,False,False
9,6.886170847065008,77.8688524590164,3549,6.881313711751069,0,0,0,0,0,0,0,0.34871731190584043,9.71697723512072,10.370021064020882,False,False,False,False,False,True
59,7.053557074291733,0.0,3549,6.881313711751069,0,0,0,0,0,0,0,0.6974346238116809,10.864005673985291,10.862012248795937,False,False,False,False,False,True
31,6.718199894385314,74.61089494163424,1572,6.528145312958054,0,0,0,0,0,0,0,0.38249375632476623,9.877605482822025,10.03002137888564,False,False,False,False,True,False
14,6.775421225450796,61.53846153846154,610,5.665348780241979,0,0,0,0,0,0,0,7.031953526018217,8.866440619526173,10.449561475376813,False,False,True,False,False,False
34,6.677693639525605,62.0,1572,6.528145312958054,0,0,0,0,0,0,0,0.7649875126495325,7.443078374348516,9.328032216867232,False,False,False,False,True,False
13,6.795739225463397,83.21062319221667,3549,6.881313711751069,0,0,0,0,0,0,0,0.34871731190584043,12.022143797735803,10.466771990233553,False,False,False,False,False,True
19,6.195191110040243,50.0,3067,6.382521258497842,0,0,0,0,0,0,0,0.3902922829787633,6.410174881966167,7.8686083776014435,False,False,False,True,False,False
13,6.779782172998328,72.72727272727273,2188,6.320059610463039,0,0,0,0,0,0,0,0.8886641126398388,6.618738983517219,10.42324578946821,True,False,False,False,False,False
33,6.7769703251696285,0.0,3067,6.382521258497842,0,0,0,0,0,0,0,0.3902922829787633,5.4116460518550396,10.054565428986306,False,False,False,True,False,False
17,6.787148989909033,83.13253012048193,2188,6.320059610463039,0,0,0,0,0,0,0,0.8886641126398388,7.523481312573497,10.129558143580851,True,False,False,False,False,False
4,6.7813092851953085,50.0,3067,6.382521258497842,0,0,0,0,0,0,0,0.3902922829787633,5.147494476813453,10.069789591777988,False,False,False,True,False,False
16,6.662948251583755,0.0,2188,6.320059610463039,0,0,0,0,0,0,0,10.663969351678066,4.61512051684126,10.093243666143405,True,False,False,False,False,False
17,6.6819426705842195,50.0,3549,6.881313711751069,0,0,0,0,0,0,0,1.1333312636939814,4.867534450455582,9.837538159759628,False,False,False,False,False,True
26,6.5004185244497705,75.0,610,5.665348780241979,0,0,0,0,0,0,0,0.13788144168663172,4.787491742782046,9.91128039696677,False,False,True,False,False,False
32,6.81823449633989,0.0,2188,6.320059610463039,0,0,0,0,0,0,0,0.8886641126398388,4.624972813284271,9.698986449188135,True,False,False,False,False,False
27,6.728879252982257,72.65625,1572,6.528145312958054,0,0,0,0,0,0,0,0.38249375632476623,8.83869681234353,10.092995148114731,False,False,False,False,True,False
8,6.764465840959698,0.0,3549,6.881313711751069,0,0,0,0,0,0,0,3.9521295349328582,6.315358001522335,10.329557543516108,False,False,False,False,False,True
17,5.817807413381953,0.0,2188,6.320059610463039,0,0,0,0,0,0,0,0.8886641126398388,4.007333185232471,9.466174682164501,True,False,False,False,False,False
20,6.40169871215857,0.0,3549,6.881313711751069,0,0,0,0,0,0,0,3.777770878979938,4.454347296253507,9.324495915651033,False,False,False,False,False,True
18,6.7148620860958035,52.0,3067,6.382521258497842,0,0,0,0,0,0,0,1.5611691319150531,7.109062135687172,10.391826953398729,False,False,False,True,False,False
43,6.82373534428293,70.39473684210526,1572,6.528145312958054,0,0,0,0,0,0,0,0.38249375632476623,8.13622555490846,10.394897993142768,False,False,False,False,True,False
16,6.838888244975533,74.24242424242425,2188,6.320059610463039,0,0,0,0,0,0,0,0.8886641126398388,9.453757028129948,10.332850079665725,True,False,False,False,False,False
36,6.889678266422713,74.48275862068967,2188,6.320059610463039,0,0,0,0,0,0,0,0.8886641126398388,8.087025470667701,10.37484668725167,True,False,False,False,False,False
42,6.195191110040243,67.53246753246754,3067,6.382521258497842,0,0,0,0,0,0,0,0.7805845659575266,8.491875383431948,7.8686083776014435,False,False,False,True,False,False
13,6.638243832197137,100.0,2188,6.320059610463039,0,0,0,0,0,0,0,0.8886641126398388,4.90527477843843,10.118310337677755,True,False,False,False,False,False
56,6.5004185244497705,0.0,1572,6.528145312958054,0,0,0,0,0,0,0,0.38249375632476623,3.9889840465642745,9.91128039696677,False,False,False,False,True,False
10,6.956160055045119,77.45664739884393,3549,6.881313711751069,0,0,0,0,0,0,0,3.051276479176104,8.302017809751204,10.303525446726534,False,False,False,False,False,True
29,6.773814947045645,76.59574468085107,1572,6.528145312958054,0,0,0,0,0,0,0,0.38249375632476623,9.940735166562794,10.567351141646377,False,False,False,False,True,False
22,6.869738746532374,80.36072144288578,3549,6.881313711751069,0,0,0,0,0,0,0,0.7555541757959876,9.254357257392957,10.278188855871878,False,False,False,False,False,True
50,6.5264888547538815,0.0,2188,6.320059610463039,0,0,0,0,0,0,0,0.8886641126398388,4.48863636973214,9.75745455496221,True,False,False,False,False,False
11,6.8565901876316175,78.16901408450704,3549,6.881313711751069,0,0,0,0,0,0,0,1.5111083515919752,8.740976538017787,9.78682387317848,False,False,False,False,False,True
15,6.548792989998894,0.0,3067,6.382521258497842,0,0,0,0,0,0,0,0.3902922829787633,3.9889840465642745,9.223228522439266,False,False,False,True,False,False
19,6.810042529424079,42.857142857142854,3549,6.881313711751069,0,0,0,0,0,0,0,3.0222167031839504,5.521460917862246,10.047568209938474,False,False,False,False,False,True
33,6.26522859704693,0.0,2188,6.320059610463039,0,0,0,0,0,0,0,0.8886641126398388,4.787491742782046,8.33775665141873,True,False,False,False,False,False
76,6.494012152354782,80.32786885245902,3549,6.881313711751069,0,0,0,0,0,0,0,0.3777770878979938,10.770356921076566,10.003184523854106,False,False,False,False,False,True
30,6.889678266422713,50.0,1572,6.528145312958054,0,0,0,0,0,0,0,0.38249375632476623,6.901737206656574,10.37484668725167,False,False,False,False,True,False
26,6.865193368386633,55.55555555555556,3549,6.881313711751069,0,0,0,0,0,0,0,3.690591551003478,6.3835066348840055,10.088688950375406,False,False,False,False,False,True
37,6.780483215297768,80.59701492537313,3067,6.382521258497842,0,0,0,0,0,0,0,0.7805845659575266,7.147559271189454,10.351888300317848,False,False,False,True,False,False
23,6.490336269696487,0.0,2188,6.320059610463039,0,0,0,0,0,0,0,0.8886641126398388,4.465908118654584,8.81811505604364,True,False,False,False,False,False
31,6.722350611700423,60.3448275862069,3067,6.382521258497842,0,0,0,0,0,0,0,2.3417536978725795,7.231287004327616,10.001683832365845,False,False,False,True,False,False
59,6.865589542548404,74.53482190324296,1572,6.528145312958054,0,0,0,0,0,0,0,0.38249375632476623,10.399828782101146,10.41825505771094,False,False,False,False,True,False
18,6.892501368430791,0.0,3549,6.881313711751069,0,0,0,0,0,0,0,0.35959152870240046,13.18736241748677,10.447361224082172,False,False,False,False,False,True
19,6.788534694664589,0.0,3549,6.881313711751069,0,0,0,0,0,0,0,0.35959152870240046,6.837332814685591,10.275350601278461,False,False,False,False,False,True
16,6.738572847556955,0.0,1572,6.528145312958054,0,0,0,0,0,0,0,4.733054879469294,4.990432586778736,10.406176714829902,False,False,False,False,True,False
13,5.558589488847307,0.0,610,5.665348780241979,0,0,0,0,0,0,0,1.7924587419262124,4.290459441148391,5.858417164315927,False,False,True,False,False,False
24,6.449164054780811,76.96476964769647,3549,6.881313711751069,0,0,0,0,0,0,0,0.34871731190584043,9.9066326016802,9.361804272922905,False,False,False,False,False,True
42,6.911270384486426,82.6946847960445,2188,6.320059610463039,0,0,0,0,0,0,0,0.8886641126398388,9.924955459151368,10.487910845375799,True,False,False,False,False,False
39,6.8493737032354485,69.70728386657589,2188,6.320059610463039,0,0,0,0,0,0,0,0.8886641126398388,10.169882145844653,10.393512447414535,True,False,False,False,False,False
64,6.5264888547538815,0.0,2188,6.320059610463039,0,0,0,0,0,0,0,0.8886641126398388,4.543294782270004,9.75745455496221,True,False,False,False,False,False
18,6.195191110040243,0.0,3067,6.382521258497842,0,0,0,0,0,0,0,4.829555421039003,4.23410650459726,7.8686083776014435,False,False,False,True,False,False
44,6.661310512963811,59.09090909090909,2188,6.320059610463039,0,0,0,0,0,0,0,0.8886641126398388,6.82001636467413,9.769621419046755,True,False,False,False,False,False
16,6.5004185244497705,0.0,1572,6.528145312958054,0,0,0,0,0,0,0,2.6774562942733633,4.060443010546419,9.91128039696677,False,False,False,False,True,False
32,6.5004185244497705,64.93506493506493,1572,6.528145312958054,0,0,0,0,0,0,0,1.529975025299065,7.430114138561801,9.91128039696677,False,False,False,False,True,False
22,6.786000370687271,77.77777777777779,3549,6.881313711751069,0,0,0,0,0,0,0,0.7555541757959876,7.510430556378006,9.939591632397473,False,False,False,False,False,True
36,6.693995382256044,71.05263157894737,1572,6.528145312958054,0,0,0,0,0,0,0,2.294962537948597,7.869783902530146,10.119584371094923,False,False,False,False,True,False
16,6.723823326708267,80.0,3067,6.382521258497842,0,0,0,0,0,0,0,0.7805845659575266,6.508769136971682,10.08673262684853,False,False,False,True,False,False
33,7.058022440247221,72.19430485762143,1572,6.528145312958054,0,0,0,0,0,0,0,3.824937563247662,10.391024078324165,10.886436520876883,False,False,False,False,True,False
